id,name,price,original_price,discount,rating,review_count,seller_id,inventory_status,url,product_type
276182413,"Giày thể thao nam, giày chạy bộ đế êm nhẹ, thoáng khí đế cao su đúc, chống trơn trượt hạn chế mòn – BEE GEE – GNA1022",480000.0,960000.0,480000.0,5.0,2,975,,https://tiki.vngiay-the-thao-nam-giay-chay-bo-de-em-nhe-thoang-khi-de-cao-su-duc-chong-tron-truot-han-che-mon-bee-gee-gna1022a-p276182413.html?spid=276182425,giày thể thao nam giày
274999556,"Giày thể thao nam - nữ cổ cao đế êm nhẹ, thoáng khí đế cao su đúc, chống trơn trượt hạn chế mòn – BEE GEE - G1012",550000.0,1100000.0,550000.0,4.0,1,975,,https://tiki.vngiay-the-thao-nam-nu-de-em-nhe-thoang-khi-de-cao-su-duc-chong-tron-truot-han-che-mon-bee-gee-g1012-p274999556.html?spid=274999572,giày thể thao nam nữ cổ
207277686,Giày thể thao nam phong cách mới – GNA1004C,570000.0,1140000.0,570000.0,4.6,7,975,,https://tiki.vngiay-the-thao-nam-phong-cach-moi-gna1004-p207277686.html?spid=207277706,giày thể thao nam phong cách
273440178,"Giày thể thao nam chất liệu vải mềm mại, phong cách cá tính năng dộng – GNA2017",300000.0,600000.0,300000.0,4.0,6,975,,https://tiki.vngiay-the-thao-nam-chat-lieu-vai-mem-mai-phong-cach-ca-tinh-nang-dong-gna2017-p273440178.html?spid=273440186,giày thể thao nam chất liệu
272435490,"Giày lười nam da bò Trường Hải 2 màu đen,nâu thời trang nam cao cấp GT336Đ",699000.0,699000.0,0.0,5.0,1,11395,,https://tiki.vngiay-luoi-nam-da-bo-truong-hai-2-mau-den-nau-thoi-trang-nam-cao-cap-gt336d-p272435490.html?spid=272435508,giày lười nam da
214504425,Chai Xịt Tạo Bọt Vệ Sinh Giày XIMO Cao Cấp 300ml XVSG02,72000.0,72000.0,0.0,4.7,27,1028,,https://tiki.vnchai-xit-tao-bot-ve-sinh-giay-ximo-cao-cap-300ml-xvsg02-p214504425.html?spid=252869350,chai xịt tạo bọt
163806087,Keo Dán Giày Nhiệt XIMO Trong Suốt Siêu Dính Dùng Không Tổn Thương Da,35000.0,35000.0,0.0,4.7,40,112968,,https://tiki.vnkeo-dan-giay-nhiet-ximo-trong-suot-sieu-dinh-dung-khong-ton-thuong-da-p163806087.html?spid=253662099,keo dán giày nhiệt ximo
274795145,"Dép tổ ong [Size 39-43] KÈM STICKER NGẪU NHIÊN vật liệu EVA cao cấp siêu bền, siêu nhẹ, chống trơn trượt",68000.0,100000.0,32000.0,0.0,0,265402,,https://tiki.vndep-to-ong-size-39-43-kem-sticker-ngau-nhien-vat-lieu-eva-cao-cap-sieu-ben-sieu-nhe-chong-tron-truot-p274795145.html?spid=274803744,dép tổ ong kèm
170728589,Chai Xịt Tạo Bọt Vệ Sinh Giày XIMO Cao Cấp 300ml tiêu diệt mọi vết bẩn,71000.0,71000.0,0.0,5.0,1,1028,,https://tiki.vnchai-xit-tao-bot-ve-sinh-giay-ximo-cao-cap-300ml-tieu-diet-moi-vet-ban-p170728589.html?spid=252868905,chai xịt tạo bọt
125876512,Xi Đánh Giày Sáp Shoe Polish XIMO Chính Hãng XI08,35000.0,35000.0,0.0,5.0,43,1028,,https://tiki.vnxi-danh-giay-sap-shoe-polish-ximo-den-khong-mau-nau-du-mau-chinh-hang-xi08-p125876512.html?spid=252869515,xi đánh giày sáp
274946486,"Giày thể thao nam đế êm nhẹ, thoáng khí đế cao su đúc, chống trơn trượt hạn chế mòn – BEE GEE - GNA2021",500000.0,1000000.0,500000.0,4.0,1,975,,https://tiki.vngiay-the-thao-nam-de-em-nhe-thoang-khi-de-cao-su-duc-chong-tron-truot-han-che-mon-bee-gee-gna2021-p274946486.html?spid=274946492,giày thể thao nam đế êm nhẹ
276473001,"Giày thể thao nam đế êm nhẹ, thoáng khí đế cao su đúc, chống trơn trượt hạn chế mòn – BEE GEE - GNA2019A",370000.0,740000.0,370000.0,4.0,1,975,,https://tiki.vngiay-the-thao-nam-de-em-nhe-thoang-khi-de-cao-su-duc-chong-tron-truot-han-che-mon-bee-gee-gna2019a-p276473001.html?spid=276473009,giày thể thao nam đế êm nhẹ
276472930,"Giày thể thao nam đế êm nhẹ, thoáng khí đế cao su đúc, chống trơn trượt hạn chế mòn  – BEE GEE - GNA1011A",350000.0,700000.0,350000.0,5.0,3,975,,https://tiki.vngiay-the-thao-nam-de-em-nhe-thoang-khi-de-cao-su-duc-chong-tron-truot-han-che-mon-bee-gee-gna1011a-p276472930.html?spid=276472932,giày thể thao nam đế êm nhẹ
276187640,"Giày thể thao nam đế êm nhẹ, thoáng khí đế cao su đúc, chống trơn trượt hạn chế mòn  – BEE GEE - GNA2020X",550000.0,1100000.0,550000.0,5.0,2,975,,https://tiki.vngiay-the-thao-nam-de-em-nhe-thoang-khi-de-cao-su-duc-chong-tron-truot-han-che-mon-bee-gee-gna2030-p276187640.html?spid=276187835,giày thể thao nam đế êm nhẹ
75990362,Dép quai ngang nam da bò chính hãng Trường Hải đế cao 3.5cm màu nâu may viền chắc chắn DN152,359000.0,359000.0,0.0,5.0,20,11395,,https://tiki.vndep-quai-ngang-nam-da-bo-chinh-hang-truong-hai-de-cao-3-5cm-mau-nau-may-vien-chac-chan-dn152-p75990362.html?spid=75990366,dép quai ngang nam
277388360,Xịt vệ sinh giày bọt tuyết - Bọt giặt khô giày 330ml,65000.0,65000.0,0.0,0.0,0,49140,,https://tiki.vnxit-ve-sinh-giay-bot-tuyet-bot-giat-kho-giay-330ml-p277388360.html?spid=277388361,xịt vệ sinh giày bọt tuyết
275276374,"Dép tổ ong XANH RÊU nhựa EVA siêu bền, siêu nhẹ, chống trơn trượt, đế dày (FORM LỚN ĐẶT LÙI 1-2 SIZE) Dép Nam Nữ Nhiều Màu Sắc",63000.0,85000.0,22000.0,4.8,5,265402,,https://tiki.vndep-to-ong-xanh-reu-vat-lieu-eva-sieu-ben-sieu-nhe-chong-tron-truot-form-size-lon-chau-au-p275276374.html?spid=275276382,dép tổ ong xanh
275276309,"Dép tổ ong ĐEN nhựa EVA siêu bền, siêu nhẹ, chống trơn trượt, đế dày (FORM LỚN ĐẶT LÙI 1-2 SIZE) Dép Nam Nữ Nhiều Màu Sắc",63000.0,85000.0,22000.0,0.0,0,265402,,https://tiki.vndep-to-ong-den-vat-lieu-eva-sieu-ben-sieu-nhe-chong-tron-truot-form-size-lon-chau-au-p275276309.html?spid=275276319,dép tổ ong đen
275252528,"Dép tổ ong VAC nhựa EVA siêu bền, siêu nhẹ, chống trơn trượt, đế dày (FORM LỚN ĐẶT LÙI 1-2 SIZE) Dép Nam Nữ Nhiều Màu Sắc",63000.0,85000.0,22000.0,5.0,3,265402,,https://tiki.vndep-to-ong-size-35-43-vat-lieu-eva-cao-cap-sieu-ben-sieu-nhe-chong-tron-truot-form-lon-nen-lui-1-2-size-p275252528.html?spid=275252759,dép tổ ong vac
72570436,"Dép Nam Quai Ngang Đúc Liền, Dép Nam DP16",79000.0,79000.0,0.0,4.6,1022,144221,,https://tiki.vnde-p-nam-quai-ngang-ke-superstar-dp65-p72570436.html?spid=278249586,de p nam quai ngang
279078759,"Giày thể thao nam đế êm nhẹ, thoáng khí đế cao su đúc, chống trơn trượt hạn chế mòn – BEE GEE - GNA2045",650000.0,1300000.0,650000.0,0.0,0,975,,https://tiki.vngiay-the-thao-nam-de-em-nhe-thoang-khi-de-cao-su-duc-chong-tron-truot-han-che-mon-bee-gee-gna2045-p279078759.html?spid=279078763,giày thể thao nam đế êm nhẹ
278620184,"Giày Nam Da Bò Cao Cấp Trường Hải Đế Cao Su GN303 hai màu đen, nâu",799000.0,799000.0,0.0,0.0,0,11395,,https://tiki.vngiay-nam-da-bo-cao-cap-truong-hai-de-cao-su-gn303-hai-mau-den-nau-p278620184.html?spid=278620198,giày nam da bò cao cấp
278861750,"Giày Lười Da Nam Trường Hải GL330 Đế Âm da bò nguyên tấm 2 màu đen, vàng thời trang nam cao cấp",799000.0,799000.0,0.0,0.0,0,11395,,https://tiki.vngiay-luoi-da-nam-truong-hai-gl330-de-am-da-bo-nguyen-tam-2-mau-den-vang-thoi-trang-nam-cao-cap-p278861750.html?spid=278861756,giày lười da nam trường
277718250,Giày Sandal nam cao cấp kiểu dáng mới – GSDNA10,1144000.0,1144000.0,0.0,0.0,0,975,,https://tiki.vngiay-sandal-nam-cao-cap-kieu-dang-moi-gsdna10-p277718250.html?spid=277718272,giày sandal nam cao cấp
277719639,Giày Sandal nam cao cấp kiểu dáng mới – GSDNA12,1056000.0,1056000.0,0.0,0.0,0,975,,https://tiki.vngiay-sandal-nam-cao-cap-kieu-dang-moi-gsdna12-p277719639.html?spid=277719669,giày sandal nam cao cấp
216098291,"Keo Dán Giày Chuyên Dụng, Mau Khô, Chống Nước, Đàn Hồi, Keo Đa Năng Siêu Dính",20000.0,20000.0,0.0,4.5,204,17480,,https://tiki.vnkeo-dan-giay-chuyen-dung-mau-kho-chong-nuoc-dan-hoi-keo-da-nang-sieu-dinh-p216098291.html?spid=216098292,keo dán giày chuyên dụng
107802069,Keo Dán Giày Nhiệt XIMO Trong Suốt Siêu Dính Dùng Không Tổn Thương Da XKDG06,32000.0,32000.0,0.0,4.5,66,1028,,https://tiki.vnkeo-dan-giay-nhiet-ximo-trong-suot-sieu-dinh-dung-khong-ton-thuong-da-xkdg06-p107802069.html?spid=252869410,keo dán giày nhiệt ximo
75330767,Giày Sneaker nam phong cách hàn quốc Hamishu-HMS223,189000.0,189000.0,0.0,4.3,3,12985,,https://tiki.vngiay-sneaker-nam-phong-cach-han-quoc-hamishu-hms220-p75330767.html?spid=75330773,giày sneaker nam phong cách
55715962,Lót giày lưới 2 lớp Hương Quế CI-06 làm từ vải lưới 2 lớp - vải cotton - bột quế giúp êm chân - ấm chân - phòng cảm cúm,40000.0,40000.0,0.0,4.3,3,61212,,https://tiki.vnlot-giay-luoi-2-lop-huong-que-ci-06-lam-tu-vai-luoi-2-lop-vai-cotton-bot-que-giup-em-chan-am-chan-phong-cam-cum-p55715962.html?spid=55715980,lót giày lưới lớp
275276395,"Dép tổ ong TRẮNG nhựa EVA siêu bền, siêu nhẹ, chống trơn trượt, đế dày (FORM LỚN ĐẶT LÙI 1-2 SIZE) Dép Nam Nữ Nhiều Màu Sắc",63000.0,85000.0,22000.0,5.0,3,265402,,https://tiki.vndep-to-ong-trangvat-lieu-eva-sieu-ben-sieu-nhe-chong-tron-truot-form-size-lon-chau-au-p275276395.html?spid=275276405,dép tổ ong trắng
275905469,Giày Sneaker Vải Canvas Nam Nữ E12 Dark Navy Dincox,470000.0,470000.0,0.0,4.5,2,150940,,https://tiki.vngiay-sneaker-vai-canvas-nam-nu-e12-dark-navy-dincox-p275905469.html?spid=275905477,giày sneaker vải canvas
272302803,"Keo dán giày thể thao, keo dán đa năng, keo dán giày dép siêu chắc trong suốt 45ml - Hàng Chính Hãng",15000.0,15000.0,0.0,5.0,7,106295,,https://tiki.vnkeo-dan-sua-giay-dep-tertell-sieu-dinh-sieu-ben-chong-nuoc-tot-an-toan-khong-doc-hai-tuyp-45ml-hang-chinh-hang-p272302803.html?spid=272302804,keo dán giày thể thao
276258213,Giày Sneaker Nam Nữ Vải Canvas DINCOX E12 Black/Beige Đơn Giản Thanh Lịch,470000.0,470000.0,0.0,5.0,3,150940,,https://tiki.vngiay-sneaker-nam-nu-vai-canvas-dincox-e12-black-beige-don-gian-thanh-lich-p276258213.html?spid=276258221,giày sneaker nam nữ vải
115852451,"Chai vệ sinh giày đồ da, túi ví, áo, ghế da giúp làm sạch, dưỡng ẩm chống mốc XIMO XI03",75000.0,75000.0,0.0,4.7,6,1028,,https://tiki.vnchai-ve-sinh-giay-do-da-tui-vi-ao-ghe-da-giup-lam-sach-duong-am-chong-moc-ximo-xi03-p115852451.html?spid=262784198,chai vệ sinh giày đồ da túi
179567891, DÉP QUAI NGANG DA NAM 2022 MAY FULL QUAI VÀ ĐẾ RẤT CHẮC CHẮN DONAVYOG,70000.0,70000.0,0.0,0.0,0,154317,,https://tiki.vndep-quai-ngang-da-nam-2022-may-full-quai-va-de-rat-chac-chan-donavyog-p179567891.html?spid=179567895,dép quai ngang da nam
7412195,Cục Tẩy Vết Bẩn Crep Protect Eraser (110g),190000.0,190000.0,0.0,4.7,32,9652,,https://tiki.vncuc-tay-vet-ban-crep-protect-eraser-110g-p7412195.html?spid=27733657,tẩy vết bẩn crep
276814141,New Arrivals | Giày Da Sneaker Nam Nữ DC39 COCO MILK DINCOX Shoes Đế Bằng - Microfiber Leather,550000.0,550000.0,0.0,0.0,0,150940,,https://tiki.vnnew-arrivals-giay-da-sneaker-nam-nu-dc39-coco-milk-dincox-shoes-de-bang-microfiber-leather-p276814141.html?spid=276814171,new arrivals giày da
137440679,"Cặp Lót Giày Da Hàng Việt Nam Chất Lượng, Lót Mềm, Có Lỗ Thoáng, Màu Đen ( Trái + Phải), Mã L01",35000.0,35000.0,0.0,4.5,6,20142,,https://tiki.vncap-lot-giay-da-hang-viet-nam-chat-luong-lot-mem-co-lo-thoang-mau-den-trai-phai-ma-l01-p137440679.html?spid=137440685,lót giày da hàng
126258408,Đón gót giày cho mọi tư thế gỗ tự nhiên nguyên khối (Đủ độ dài) Cho giày Nam & Nữ,50000.0,50000.0,0.0,5.0,5,253372,,https://tiki.vndon-got-giay-cho-moi-tu-the-go-tu-nhien-nguyen-khoi-du-do-dai-cho-giay-nam-nu-p126258408.html?spid=162574311,đón gót giày
274781566,"Dép Nam Quai Ngang, Dép Đúc Liền Nguyên Khối Mã DP105",109000.0,109000.0,0.0,4.5,12,144221,,https://tiki.vndep-nam-quai-ngang-dep-duc-lien-nguyen-khoi-ma-dp105-p274781566.html?spid=274781582,dép nam quai ngang dép đúc
271307623,"Dép tổ ong asia cao cấp mới, siêu nhẹ, cực bền, chống trơn và rất thời trang (38-44)",80000.0,80000.0,0.0,5.0,20,42362,,https://tiki.vndep-to-ong-asia-cao-cap-moi-sieu-nhe-cuc-ben-chong-tron-va-rat-thoi-trang-38-44-p271307623.html?spid=271307747,dép tổ ong asia
134777245,Giày lười da tăng chiều cao nam Bụi Leather G111 - Da bò Nappa cao cấp - Bảo hành 12 tháng,585000.0,585000.0,0.0,4.7,58,181498,,https://tiki.vngiay-luoi-da-tang-chieu-cao-nam-bui-leather-g111-da-bo-nappa-cao-cap-bao-hanh-12-thang-p134777245.html?spid=134777249,giày lười da tăng
153570444,Giày Sục Đạp Gót Mules Vải Sneaker Unisex Tăng Chiều Cao 4cm DINCOX E10 Off/white,520000.0,520000.0,0.0,4.8,6,150940,,https://tiki.vngiay-suc-dap-got-mules-vai-sneaker-unisex-tang-chieu-cao-4cm-dincox-e10-off-white-p153570444.html?spid=153570454,giày sục đạp gót mules
134775147,Giày lười da nam công sở Bụi Leather G109 - Da bò Nappa cao cấp - Bảo hành 12 tháng,810000.0,810000.0,0.0,4.8,40,181498,,https://tiki.vngiay-luoi-da-nam-cong-so-bui-leather-g109-da-bo-nappa-cao-cap-bao-hanh-12-thang-p134775147.html?spid=134775179,giày lười da nam
278865389,Viên Treo Bồn Cầu Evershine 54GR - Hàng chính hãng,32000.0,32000.0,0.0,5.0,2,9652,,https://tiki.vnvien-treo-bon-cau-evershine-54gr-huong-chanh-p278865389.html?spid=75638426,treo bồn cầu evershine
275933792,Giày Sneaker Vải Canvas Nam Nữ E18 Black Dincox,490000.0,490000.0,0.0,0.0,0,150940,,https://tiki.vngiay-sneaker-vai-canvas-nam-nu-e18-black-dincox-p275933792.html?spid=275933802,giày sneaker vải canvas
199597031,"Xi Đánh Giày Sáp Shoe Polish XIMO Đen, Không Màu, Nâu Đủ Màu XI08",30000.0,30000.0,0.0,5.0,1,132266,,https://tiki.vnxi-danh-giay-sap-shoe-polish-ximo-den-khong-mau-nau-du-mau-chinh-hang-xi08-p199597031.html?spid=199597033,xi đánh giày sáp
278307077,Giày da Biti's nam (38-43),887000.0,887000.0,0.0,0.0,0,174218,,https://tiki.vngiay-da-biti-s-nam-38-43-p278307077.html?spid=278307095,giày da biti s
275907778,"Chai xịt khử mùi giày dép NaNo Bạc khử vi khuẩn 99% loại bỏ mùi hôi giày dép Mũ Bảo Hiểm mùi hôi chân nhanh chóng, tiện lợi",100000.0,100000.0,0.0,4.8,5,353491,,https://tiki.vnchai-xit-khu-mui-giay-dep-nano-bac-xit-khu-mui-hoi-chan-xit-giay-khu-mui-khu-vi-khuan-99-loai-bo-mui-hoi-giay-dep-chiet-xuat-tu-thuc-vat-tu-nhien-de-dang-diet-vi-khuan-bao-ve-giay-p275907778.html?spid=275907779,chai xịt khử mùi
277383135,"1 chai xi đánh giày Gloking, dạng lỏng dễ dàng ngấm sâu làm mềm và làm bóng da",70000.0,70000.0,0.0,5.0,1,42362,,https://tiki.vn1-chai-xi-danh-giay-gloking-dang-long-de-dang-ngam-sau-lam-mem-va-lam-bong-da-p277383135.html?spid=277383139,chai xi đánh giày
85386059,GIày Sandal Nam Da Bò BIGGBEN Cao Cấp SD112,379000.0,450000.0,71000.0,5.0,6,9460,,https://tiki.vngiay-sandal-nam-da-bo-biggben-cao-cap-sd112-p85386059.html?spid=85386072,giày sandal nam da bò
55032368,Dép sandal nam Trường Hải da bò cao cấp mềm mại không bong tróc màu đen đế PU siêu nhẹ cao 5cm SDN001,319000.0,319000.0,0.0,4.8,8,11395,,https://tiki.vndep-sandal-nam-truong-hai-da-bo-cao-cap-mem-mai-khong-bong-troc-mau-den-de-pu-sieu-nhe-cao-5cm-sdn001-p55032368.html?spid=55032378,dép sandal nam trường
278870360,"Dép quai hậu nam, sandal nam, sandal bigsize hàng VN chính hãng Vinasan. Mã VN2224 size 35-45",235000.0,235000.0,0.0,0.0,0,363958,,https://tiki.vndep-quai-hau-nam-sandal-nam-sandal-bigsize-hang-vn-chinh-hang-vinasan-ma-vn2224-size-35-45-p278870360.html?spid=278870480,dép quai hậu nam sandal
275905493,Giày Sneaker Vải Canvas Nam Nữ E12 Kakao Dincox,470000.0,470000.0,0.0,0.0,0,150940,,https://tiki.vngiay-sneaker-vai-canvas-nam-nu-e12-kakao-dincox-p275905493.html?spid=275905497,giày sneaker vải canvas
275276585,"Dép tổ ong KEM nhựa EVA siêu bền, siêu nhẹ, chống trơn trượt, đế dày (FORM LỚN ĐẶT LÙI 1-2 SIZE) Dép Nam Nữ Nhiều Màu Sắc",63000.0,85000.0,22000.0,4.2,5,265402,,https://tiki.vndep-to-ong-kem-vat-lieu-eva-sieu-ben-sieu-nhe-chong-tron-truot-form-size-lon-chau-au-p275276585.html?spid=275276589,dép tổ ong kem
217139643,Dép quai ngang nam nữ siêu nhẹ DUWA - Hàng chính hãng - TK9048,159000.0,159000.0,0.0,5.0,4,162605,,https://tiki.vndep-quai-ngang-nam-nu-sieu-nhe-duwa-hang-chinh-hang-tk9048-p217139643.html?spid=217139673,dép quai ngang nam nữ
137442284,Cặp Lót Giày Mềm ( Chân Phải + Chân Trái) Mã L03,60000.0,60000.0,0.0,4.7,3,20142,,https://tiki.vncap-lot-giay-mem-chan-phai-chan-trai-ma-l03-p137442284.html?spid=137442288,lót giày mềm mã
55745928,Giày tây nam công sở Trường Hải mũi tròn màu đen da bò thật mềm mại không bong tróc đế cao su chống mòn không trơn GT0231,485000.0,485000.0,0.0,4.8,40,11395,,https://tiki.vngiay-tay-nam-cong-so-truong-hai-mui-tron-mau-den-da-bo-that-mem-mai-khong-bong-troc-de-cao-su-chong-mon-khong-tron-gt0231-p55745928.html?spid=55745932,giày tây nam công sở trường
26318457,LÓT GIÀY VẢI COTTON VIỀN ĐEN CI-13,25000.0,25000.0,0.0,0.0,0,61212,,https://tiki.vnlot-giay-vai-cotton-vien-den-ci-13-p26318457.html?spid=33020166,lót giày vải cotton
175886036,Dép Quai Ngang Nam Mẫu Mới KEEDO-KD2809 - Đen,290000.0,290000.0,0.0,0.0,0,183745,,https://tiki.vndep-quai-ngang-nam-mau-moi-keedo-kd2809-p175886036.html?spid=175886042,dép quai ngang nam mẫu
278869784,"Giày sandal nam, dép quai hậu, sandal học sinh hàng VN chính hãng Vinasan. Mã VN0123 size 35-45",235000.0,235000.0,0.0,0.0,0,363958,,https://tiki.vngiay-sandal-nam-dep-quai-hau-sandal-hoc-sinh-hang-vn-chinh-hang-vinasan-ma-vn0123-size-35-45-p278869784.html?spid=278869860,giày sandal nam dép quai hậu
275905537,New Arrivals | Giày Sneaker Da - GAT Shoes Nam Nữ DC36 White Purple Dincox Shoes,580000.0,580000.0,0.0,0.0,0,150940,,https://tiki.vnnew-arrivals-giay-sneaker-da-gat-shoes-nam-nu-dc36-white-purple-dincox-shoes-p275905537.html?spid=275905547,new arrivals giày sneaker
274780205,"Dép Da Nam Quai Ngang, Dép Nam Quai Khâu Chỉ Dù Mã DP112",99000.0,99000.0,0.0,5.0,3,144221,,https://tiki.vndep-da-nam-quai-ngang-dep-nam-quai-khau-chi-du-ma-dp112-p274780205.html?spid=274780211,dép da nam quai ngang
277613365,Giày Sandal nam cao cấp kiểu dáng mới – GSDNA08,550000.0,1100000.0,550000.0,0.0,0,975,,https://tiki.vngiay-sandal-nam-cao-cap-kieu-dang-moi-gsdna08-p277613365.html?spid=277613409,giày sandal nam cao cấp
191684851,"Giày nam công sở da bò nappa cao cấp, giày lười G114- Bụi leather- hộp sang trọng",559000.0,559000.0,0.0,4.6,21,181498,,https://tiki.vngiay-nam-cong-so-da-bo-nappa-cao-cap-giay-luoi-g114-bui-leather-hop-sang-trong-bao-hanh-12-thang-p191684851.html?spid=191684860,giày nam công sở da bò
276668868,Sandal Biti's nam (36-43),305000.0,305000.0,0.0,0.0,0,174218,,https://tiki.vnsandal-biti-s-nam-36-43-p276668868.html?spid=276668878,sandal biti s nam
278777508,"Dép đi ngoài trời mùa hè cho nam, dép tông, giày đi biển đế dày, dép thể thao cho nam",149000.0,149000.0,0.0,5.0,1,97441,,https://tiki.vndep-di-ngoai-troi-mua-he-cho-nam-dep-tong-giay-di-bien-de-day-dep-the-thao-cho-nam-p278777508.html?spid=278777510,dép đi ngoài trời mùa
275505270,Dép nam siêu nhẹ Trường Hải 2 dây da  bò mềm siêu nhẹ DN159,349000.0,349000.0,0.0,5.0,1,11395,,https://tiki.vndep-nam-sieu-nhe-truong-hai-2-day-da-bo-mem-sieu-nhe-dn159-p275505270.html?spid=275505280,dép nam siêu nhẹ trường
132230478,"Giày Lười Nam Da Bò SUNPOLO CS5054 Trẻ trung, thanh lịch (Đen, Nâu)",990000.0,990000.0,0.0,4.6,10,1827,,https://tiki.vngiay-luoi-nam-da-bo-sunpolo-cs5054-tre-trung-thanh-lich-den-nau-p132230478.html?spid=132230496,giày lười nam da bò
134739207,"Giày da nam, giày oxford công sở G103 - Da bò Nappa cao cấp",812000.0,812000.0,0.0,4.7,171,181498,,https://tiki.vngiay-da-nam-giay-oxford-cong-so-bui-leather-g103-da-bo-nappa-cao-cap-bao-hanh-12-thang-p134739207.html?spid=134739239,giày da nam giày
188665546,Lót Giày Nam Chất Liệu Cao Su Non Mềm Êm LGN2022,22000.0,22000.0,0.0,0.0,0,93132,,https://tiki.vnlot-giay-nam-chat-lieu-cao-su-non-mem-em-lgn2022-p188665546.html?spid=188665570,lót giày nam chất liệu
275276220,"Dép tổ ong CAM nhựa EVA siêu bền, siêu nhẹ, chống trơn trượt, đế dày (FORM LỚN ĐẶT LÙI 1-2 SIZE) Dép Nam Nữ Nhiều Màu Sắc",63000.0,85000.0,22000.0,4.5,2,265402,,https://tiki.vndep-to-ong-cam-vat-lieu-eva-sieu-ben-sieu-nhe-chong-tron-truot-form-size-lon-chau-au-p275276220.html?spid=275276222,dép tổ ong cam
253169454,"Dép Sandal Nam, Nữ Dép Quai Hâu Quai Tròn Mảnh Mã DP35",109000.0,109000.0,0.0,5.0,3,144221,,https://tiki.vndep-sandal-nam-nu-dep-quai-hau-quai-tron-manh-mau-2023-dp35-p253169454.html?spid=253169498,dép sandal nam nữ dép quai
278398901,COMBO 2 Bộ Phụ Kiện Khóa Dây Giày Không Cần Buộc Thắt Giày Thể Thao Bata Ngoài Trời MÀU ĐEN,90000.0,90000.0,0.0,0.0,0,353491,,https://tiki.vnphu-kien-khoa-day-giay-khong-can-buoc-that-giay-the-thao-bata-ngoai-troi-mau-den-p278398901.html?spid=278398902,combo
276479041,New Arrivals | Giày Sục Đạp Gót Mules Sneaker Unisex DINCOX DC37 Lazy Mule Off/White Chất Liệu Da,550000.0,550000.0,0.0,0.0,0,150940,,https://tiki.vnnew-arrivals-giay-suc-dap-got-mules-sneaker-unisex-dincox-dc37-lazy-mule-off-white-chat-lieu-da-p276479041.html?spid=276479045,new arrivals giày sục đạp
55081450,Giày sandal nam Trường Hải da bò thật mềm mại cao 5cm  màu đen đế PU siêu nhẹ không trơn trượt  chắc chắn  HÌNH ẢNH THẬT SD791,319000.0,319000.0,0.0,4.5,13,11395,,https://tiki.vngiay-sandal-nam-truong-hai-da-bo-that-mem-mai-cao-5cm-mau-den-de-pu-sieu-nhe-khong-tron-truot-chac-chan-hinh-anh-that-sd791-p55081450.html?spid=55081454,giày sandal nam trường
76274731,"Giày da nam, loại buộc dây mã BH-004",590000.0,590000.0,0.0,4.7,3,20142,,https://tiki.vngiay-da-nam-loai-buoc-day-ma-bh-004-p76274731.html?spid=76274739,giày da nam loại
277589714,"Dép nam xỏ ngón da trơn BHD55216 Dép quai hậu, thoải mái, êm chân, dễ chịu",350000.0,350000.0,0.0,0.0,0,8035,,https://tiki.vndep-nam-xo-ngon-da-tron-bhd55216-dep-quai-hau-thoai-mai-em-chan-de-chiu-p277589714.html?spid=277589726,dép nam xỏ ngón
276677665,Giày Tây Nam Viền Hai Bên PABNO PN21034,790000.0,790000.0,0.0,5.0,1,49994,,https://tiki.vngiay-tay-nam-vien-2-ben-pabno-pn21034-p276677665.html?spid=276677675,giày tây nam viền bên
275276334,"Dép tổ ong XÁM nhựa EVA siêu bền, siêu nhẹ, chống trơn trượt, đế dày (FORM LỚN ĐẶT LÙI 1-2 SIZE) Dép Nam Nữ Nhiều Màu Sắc",63000.0,85000.0,22000.0,4.8,4,265402,,https://tiki.vndep-to-ong-xam-vat-lieu-eva-sieu-ben-sieu-nhe-chong-tron-truot-form-size-lon-chau-au-p275276334.html?spid=275276352,dép tổ ong xám
275905374,Giày Sneaker Nam Vải Canvas DINCOX E12 Black Đơn Giản Thanh Lịch,470000.0,470000.0,0.0,5.0,2,150940,,https://tiki.vngiay-sneaker-nam-vai-canvas-dincox-e12-black-don-gian-thanh-lich-p275905374.html?spid=275905378,giày sneaker nam vải
31649352,2 cặp miếng lót mũi giày nam cao su non đệm êm ngón chân - buybox - BBPK50,34000.0,34000.0,0.0,4.5,8,56711,,https://tiki.vn2-cap-mieng-lot-mui-giay-nam-cao-su-non-dem-em-ngon-chan-buybox-bbpk50-p31649352.html?spid=85084352,
275276422,"Dép tổ ong XANH NGỌC nhựa EVA siêu bền, siêu nhẹ, chống trơn trượt, đế dày (FORM LỚN ĐẶT LÙI 1-2 SIZE) Dép Nam Nữ Nhiều Màu Sắc",63000.0,85000.0,22000.0,5.0,3,265402,,https://tiki.vndep-to-ong-xanh-ngoc-vat-lieu-eva-sieu-ben-sieu-nhe-chong-tron-truot-form-size-lon-chau-au-p275276422.html?spid=275276440,dép tổ ong xanh
183895879,"Bình xịt lưu hương chống thối chân, khử mùi giày XIMO, kháng khuẩn, công nghệ Bạc ion (VSG08-1)",71000.0,71000.0,0.0,5.0,14,1028,,https://tiki.vnbinh-xit-luu-huong-chong-thoi-chan-khu-mui-giay-ximo-khang-khuan-cong-nghe-bac-ion-vsg08-p183895879.html?spid=252869682,bình xịt lưu hương chống
278820713,Dép nhựa Biti's nam (39-44),165000.0,165000.0,0.0,0.0,0,174218,,https://tiki.vndep-nhua-biti-s-nam-39-44-p278820713.html?spid=278820715,dép nhựa biti s
276899017,"Giày nam giá rẻ, giày bảo vệ lao động A014",140000.0,230000.0,90000.0,5.0,1,41078,,https://tiki.vngiay-nam-gia-re-giay-bao-ve-lao-dong-a014-p276899017.html?spid=276899025,giày nam giá rẻ
278118538,"Keo Dán Giày Nhiệt Trong Suốt Siêu Dính Dùng Không Tổn Thương Da - Giày Da , Giày Thể Thao",100000.0,100000.0,0.0,4.8,4,353491,,https://tiki.vnkeo-dan-giay-nhiet-trong-suot-sieu-dinh-dung-khong-ton-thuong-da-p278118538.html?spid=275889746,keo dán giày nhiệt
277042336,New Arrivals | Giày Da Sneaker Nam DC39 BLACK COFFEE DINCOX Shoes Đế Bằng - Microfiber Leather,555000.0,555000.0,0.0,0.0,0,150940,,https://tiki.vnnew-arrivals-giay-da-sneaker-nam-dc39-black-coffee-dincox-shoes-de-bang-microfiber-leather-p277042336.html?spid=277042338,new arrivals giày da
55085257,Giày sandal nam Trường Hải da bò thật mềm mại màu nâu đế PU nhẹ nhàng không trơn hình ảnh thật SD0474,319000.0,319000.0,0.0,4.7,15,11395,,https://tiki.vngiay-sandal-nam-truong-hai-da-bo-that-mem-mai-mau-nau-de-pu-nhe-nhang-khong-tron-hinh-anh-that-sd0474-p55085257.html?spid=55085261,giày sandal nam trường
10063653,Dép Nam Bít Mũi BIGGBEN Da Bò ThậtDN145,399000.0,500000.0,101000.0,5.0,28,9460,,https://tiki.vndep-nam-bit-mui-biggben-da-bo-that-cao-cap-dn145-p10063653.html?spid=10063663,dép nam bít mũi
180364283,"Dép tông lào, Dép kẹp nam Thái Lan siêu nhẹ Mixstar - MW2 Specail",86000.0,86000.0,0.0,4.0,2,192753,,https://tiki.vndep-tong-lao-dep-kep-nam-thai-lan-sieu-nhe-mixstar-mw2-specail-p180364283.html?spid=180364379,dép tông lào dép kẹp
274804274,"Dép tổ ong [Size 31-34] KÈM STICKER NGẪU NHIÊN vật liệu EVA cao cấp siêu bền, siêu nhẹ, chống trơn trượt",60000.0,100000.0,40000.0,0.0,0,265402,,https://tiki.vndep-to-ong-size-31-34-kem-sticker-ngau-nhien-vat-lieu-eva-cao-cap-sieu-ben-sieu-nhe-chong-tron-truot-p274804274.html?spid=274804518,dép tổ ong kèm
273697317,"Bình Xịt Khử Mùi Giày Dép, Mũ Bảo Hiểm Tủ Quần Áo, Chai Xịt Khử Mùi Nano Bạc Ngăn Ngừa Hôi Chân Hiệu Quả Tức Thì Dung Tích 260ML",13000.0,13000.0,0.0,4.5,12,131238,,https://tiki.vnbinh-xit-khu-mui-giay-dep-mu-bao-hiem-tu-quan-ao-chai-xit-khu-mui-nano-bac-ngan-ngua-hoi-chan-hieu-qua-tuc-thi-dung-tich-260ml-p273697317.html?spid=273697321,bình xịt khử mùi
212960795,"Dép Sandal Nam,Giày Quai Hậu Học Sinh 2 Quai Mã DP22",119000.0,119000.0,0.0,4.6,11,144221,,https://tiki.vndep-sandal-nam-dep-quai-hau-hoc-sinh-2-quai-ma-dp22-p212960795.html?spid=212960797,dép sandal nam giày quai hậu
276168064,"Xi Đánh Giày Sáp Shoe Polish XIMO 50ml XI08 giúp giày túi xách, ví, thắt lưng, đồ giả da sáng bóng tự nhiên, bảo dưỡng bền đẹp lâu hơn, tăng khả năng chống thấm nước hiệu quả",120000.0,120000.0,0.0,5.0,1,353491,,https://tiki.vnxi-danh-giay-sap-shoe-polish-ximo-50ml-xi08-giup-giay-tui-xach-vi-that-lung-do-gia-da-sang-bong-tu-nhien-bao-duong-ben-dep-lau-hon-tang-kha-nang-chong-tham-nuoc-hieu-qua-p276168064.html?spid=276168066,xi đánh giày sáp
68095592,Bộ dụng cụ đánh giày 7 món kèm xi tiện lợi,92000.0,92000.0,0.0,0.0,0,177515,,https://tiki.vnbo-dung-cu-danh-giay-7-mon-kem-xi-tien-loi-p68095592.html?spid=278678123,dụng cụ đánh giày món
125732767,"Xi đánh giày dạng sáp Star Wax Shoe, làm mềm, làm bóng, bảo vệ và gìn giữ da (48ml)-Nhập khẩu chính hãng Yuppies",40000.0,40000.0,0.0,5.0,11,42362,,https://tiki.vnxi-danh-giay-dang-sap-star-wax-shoe-lam-mem-lam-bong-bao-ve-va-gin-giu-da-48ml-nhap-khau-chinh-hang-yuppies-p125732767.html?spid=125732769,xi đánh giày dạng
277498153,"Keo Dán Giày Dép Chuyên Dụng 60ml – Keo Dán Giày Siêu Dính, Dính Chắc, Kèm Phụ Kiện - HÀNG CHÍNH HÃNG MINIIN",29000.0,29000.0,0.0,5.0,1,134678,,https://tiki.vnkeo-dan-giay-dep-chuyen-dung-60ml-keo-dan-giay-sieu-dinh-dinh-chac-kem-phu-kien-hang-chinh-hang-miniin-p277498153.html?spid=277498154,keo dán giày dép chuyên dụng
273172388,Giấy Vàng lau giầy thần thánh Sneaker - Hàng Nhập Khẩu,35000.0,35000.0,0.0,5.0,3,106295,,https://tiki.vngiay-vang-lau-giay-than-thanh-sneaker-hang-nhap-khau-p273172388.html?spid=273172389,giấy vàng lau giầy
274838759,"Giày Thể Thao Nam Laceva, Giày Sneaker Nam Mã G13",199000.0,199000.0,0.0,4.3,9,144221,,https://tiki.vngiay-the-thao-nam-laceva-giay-sneaker-nam-ma-g13-p274838759.html?spid=274838765,giày thể thao nam laceva
134744983,"Giày da nam, giày oxford công sở Bụi Leather G104 - Da bò Nappa cao cấp - Bảo hành 12 tháng",536000.0,536000.0,0.0,4.8,58,181498,,https://tiki.vngiay-da-nam-giay-oxford-cong-so-bui-leather-g104-da-bo-nappa-cao-cap-bao-hanh-12-thang-p134744983.html?spid=134744993,giày da nam giày
275934368,Giày Sneaker Vải Canvas Nam Nữ E18 Chocolate Dincox,490000.0,490000.0,0.0,4.7,3,150940,,https://tiki.vngiay-sneaker-vai-canvas-nam-nu-e18-chocolate-dincox-p275934368.html?spid=275934404,giày sneaker vải canvas
25407704,Giày da nam- Mọi nam - Mã SL1,590000.0,590000.0,0.0,4.3,3,20142,,https://tiki.vngiay-da-nam-moi-nam-ma-sl1-p25407704.html?spid=25407728,giày da nam nam mã
277294436,"Giày thể thao nam đế êm nhẹ, thoáng khí đế cao su đúc, chống trơn trượt hạn chế mòn – BEE GEE - GNA2035",420000.0,840000.0,420000.0,0.0,0,975,,https://tiki.vngiay-the-thao-nam-de-em-nhe-thoang-khi-de-cao-su-duc-chong-tron-truot-han-che-mon-bee-gee-gna2035-p277294436.html?spid=277294460,giày thể thao nam đế êm nhẹ
40365309,"Lót giày quế vải cotton CI-04 hút ẩm, khử mùi hôi chân, cải thiện sức khỏe",25000.0,25000.0,0.0,4.1,10,61212,,https://tiki.vnlot-giay-que-vai-cotton-ci-04-hut-am-khu-mui-hoi-chan-cai-thien-suc-khoe-p40365309.html?spid=40365321,lót giày quế vải
277735465,"Dép Sandal Nam, Dép Quai Hậu 2 Quai Dán Mã DP36",199000.0,199000.0,0.0,4.2,5,144221,,https://tiki.vndep-sandal-nam-dep-quai-hau-2-quai-dan-ma-dp36-p277735465.html?spid=253169436,dép sandal nam dép quai hậu
276021262,Giày Sneaker Vải Canvas Nam DC35 Beige Dincox Shoes,580000.0,580000.0,0.0,0.0,0,150940,,https://tiki.vngiay-sneaker-vai-canvas-nam-dc35-beige-dincox-shoes-p276021262.html?spid=276021268,giày sneaker vải canvas
261817503,Chai Xịt Hôi Chân Nhật Bình Sịt Hôi Chân Khử Mùi Giày Công Nghệ Nano Bạc Mùi Dịu Nhẹ 260ml Đánh Bay Mùi Hôi Giày Dép,20000.0,20000.0,0.0,0.0,0,238102,,https://tiki.vnchai-xit-hoi-chan-nhat-binh-sit-hoi-chan-khu-mui-giay-cong-nghe-nano-bac-mui-diu-nhe-260ml-danh-bay-mui-hoi-giay-dep-p261817503.html?spid=276458597,chai xịt hôi chân nhật
278529292,Dép quai ngang Bitis xốp nam,111000.0,111000.0,0.0,4.6,84,174218,,https://tiki.vndep-quai-ngang-bitis-xop-nam-p278529292.html?spid=278529318,dép quai ngang bitis
252920270,"Keo Dán Giày Nhiệt Super Glue XIMO Siêu Dính Cao Cấp, Chống Nước Tốt",32000.0,32000.0,0.0,3.0,2,1028,,https://tiki.vnkeo-dan-giay-nhiet-super-glue-ximo-sieu-dinh-cao-cap-chong-nuoc-tot-p252920270.html?spid=252920272,keo dán giày nhiệt super
7995643,Giày Converse Chuck Taylor All Star Classic Low Top - 121178,1450000.0,1450000.0,0.0,4.5,26,32929,,https://tiki.vngiay-converse-chuck-taylor-all-star-classic-low-top-121178-p7995643.html?spid=20289803,giày converse chuck taylor
278785895,"dép sục có quai hậu siêu êm, mềm mại, không gây đau chân",149000.0,149000.0,0.0,0.0,0,97441,,https://tiki.vndep-suc-co-quai-hau-sieu-em-mem-mai-khong-gay-dau-chan-p278785895.html?spid=278785888,dép sục có quai hậu
277735426,"Dép Sandal Nam, Dép Quai Hậu, Giày Quai Hậu Nam Mã DP30",159000.0,159000.0,0.0,0.0,0,144221,,https://tiki.vndep-sandal-nam-dep-quai-hau-giay-quai-hau-nam-ma-dp30-p277735426.html?spid=277735436,dép sandal nam dép quai hậu
141232483,Giày mọi rọ nam da bò thật BIGGBEN cao cấp GM263,699000.0,760000.0,61000.0,4.5,7,9460,,https://tiki.vngiay-moi-ro-nam-da-bo-that-biggben-cao-cap-gm263-p141232483.html?spid=141232501,giày rọ nam da bò
278873856,"Giày sandal, dép sandal, dép quai hậu nam Vinasan. VN0299 size 35-45. Hàng VN chất lượng xuất khẩu",235000.0,235000.0,0.0,0.0,0,363958,,https://tiki.vngiay-sandal-dep-sandal-dep-quai-hau-nam-vinasan-vn0299-size-35-45-hang-vn-chat-luong-xuat-khau-p278873856.html?spid=278873858,giày sandal dép sandal dép
72214355,Giày Tây Nam Da Bò BIGGBEN Cao Cấp GT203,729000.0,800000.0,71000.0,0.0,0,9460,,https://tiki.vngiay-tay-nam-da-bo-biggben-cao-cap-gt203-p72214355.html?spid=72214359,giày tây nam da bò biggben
127380104,Giày Sneaker Da Unisex DINCOX D20 Black Năng Động Cá Tính,550000.0,550000.0,0.0,5.0,8,150940,,https://tiki.vngiay-sneaker-da-unisex-dincox-d20-nang-dong-ca-tinh-black-p127380104.html?spid=127380144,giày sneaker da unisex
63513484, Giày Da Nam Mã V01,650000.0,650000.0,0.0,5.0,2,20142,,https://tiki.vngiay-da-nam-ma-v01-p63513484.html?spid=63513490,giày da nam mã
47141251,"Bộ Vệ Sinh Giày Dép Crep Protect Cure Kit (gồm bàn chải, khăn lau, chai dung dịch vệ sinh 100ml và sách hướng dẫn) ",500000.0,500000.0,0.0,4.8,111,9652,,https://tiki.vnbo-ve-sinh-giay-dep-crep-protect-cure-kit-100ml-p47141251.html?spid=47141252,bộ vệ sinh giày dép crep
186677573,Dép Quai Ngang Nam Đúc Liền Quick Cao Cấp DP15,119000.0,119000.0,0.0,4.5,110,144221,,https://tiki.vnde-p-quai-ngang-nam-du-c-lie-n-quick-cao-ca-p-dp15-p186677573.html?spid=186677595,de p quai ngang
188661329,Lót Giày Thể Thao Chất Liệu Cao Su Non Mềm Êm LGN2024,28000.0,28000.0,0.0,4.0,1,93132,,https://tiki.vnlot-giay-the-thao-chat-lieu-cao-su-non-mem-em-lgn2024-p188661329.html?spid=188661355,lót giày thể thao chất liệu
276357015,Sandals Thể Thao Nam Biti’s Hunter X Dune – Festive Edition 2K24​ HEM001300TRG (Trắng),549000.0,549000.0,0.0,4.7,3,178519,,https://tiki.vnsandals-the-thao-nam-biti-s-hunter-x-dune-festive-edition-2k24-hem001300trg-trang-p276357015.html?spid=276357021,sandals thể thao nam biti
130398871,Giày Boots Nam Cổ Cao Da Bò SUNPOLO BOOT01 (Đen),980000.0,980000.0,0.0,5.0,2,1827,,https://tiki.vngiay-boots-nam-co-cao-da-bo-sunpolo-boot01-den-p130398871.html?spid=130398883,giày boots nam cổ
275263286,"Bộ dụng cụ đánh giày, bộ xi đánh giày 7 món tiện lợi",125000.0,125000.0,0.0,4.6,8,100773,,https://tiki.vnbo-dung-cu-danh-giay-bo-xi-danh-giay-7-mon-tien-loi-p275263286.html?spid=275263287,dụng cụ đánh giày bộ
191363362,"Giày da nam, giày đốc nam trẻ trung nam Bụi Leather G122 - Da bò thật Nappa cao cấp - Bảo hành 12 tháng",969000.0,969000.0,0.0,4.8,38,181498,,https://tiki.vngiay-da-nam-giay-doc-nam-tre-trung-nam-bui-leather-g122-da-bo-that-nappa-cao-cap-bao-hanh-12-thang-p191363362.html?spid=191363370,giày da nam giày đốc
277388268,Chai xịt tạo bọt vệ sinh giày White Shoes Cleaner 330ml,65000.0,65000.0,0.0,4.0,1,37079,,https://tiki.vnchai-xit-tao-bot-ve-sinh-giay-white-shoes-cleaner-330ml-p277388268.html?spid=277388269,chai xịt tạo bọt
124275924,Chai Tẩy Trắng Giày Dép Túi Xách Plac Có Đầu Chùi Cao Cấp,45000.0,45000.0,0.0,0.0,0,10889,,https://tiki.vnchai-tay-trang-giay-dep-tui-xach-plac-co-dau-chui-cao-cap-p124275924.html?spid=124275926,chai tẩy trắng giày dép
36493130,"Combo 3 đôi lót giày Hương Quế (CI-01, CI-03, CI-04) giúp khử hôi chân - phòng cảm cúm tốt cho sức khỏe",75000.0,75000.0,0.0,4.6,25,61212,,https://tiki.vncombo-3-doi-lot-giay-huong-que-ci-01-ci-03-ci-04-giup-khu-hoi-chan-phong-cam-cum-tot-cho-suc-khoe-p36493130.html?spid=36546876,combo
278861859,"Dép da nam Quai ngang trung niên Trường Hải  DN1442 đế cao 2.5cm da bò 2 màu nâu, đen",299000.0,299000.0,0.0,0.0,0,11395,,https://tiki.vndep-da-nam-quai-ngang-trung-nien-truong-hai-dn1442-de-cao-2-5cm-da-bo-2-mau-nau-den-p278861859.html?spid=278861865,dép da nam quai ngang
101869498,"Dép da nam quai ngang, may quai full chắc chắn",100000.0,100000.0,0.0,4.5,2,154317,,https://tiki.vndep-da-nam-quai-ngang-may-quai-full-chac-chan-p101869498.html?spid=101869502,dép da nam quai ngang
263276745,Lót giày Converse OrthoLite® Siêu Nhẹ | Converse Sockliner,99000.0,99000.0,0.0,5.0,3,77420,,https://tiki.vnlot-giay-converse-converse-sockliner-p263276745.html?spid=263276813,lót giày converse ortholite
275431672,Dép quai kẹp Bitis nam (38-43),60000.0,60000.0,0.0,5.0,5,174218,,https://tiki.vndep-quai-kep-bitis-nam-38-43-p275431672.html?spid=275431717,dép quai kẹp bitis nam
35304312,"Lót giày thể thao phòng tránh chấn thương Spenco Gel Comfort, đệm gel silicon cho bóng đá, chạy bộ, cầu lông, tennis, bóng bàn",495000.0,495000.0,0.0,4.5,4,302,,https://tiki.vnlot-giay-the-thao-nam-phong-tranh-chan-thuong-spenco-gel-comfort-p35304312.html?spid=35304325,lót giày thể thao phòng tránh
277271440,"Xi Đánh Bóng Giày Da Làm Bóng Nhanh Đồ Da, Xi Kem Dưỡng Da Có Đầu Mút Hỗ Trợ MÀU ĐEN 1 HỘP",120000.0,120000.0,0.0,0.0,0,353491,,https://tiki.vncap-cay-giu-form-giay-cgfg01-shoe-tree-tuy-chinh-size-nam-39-45-p277271440.html?spid=277271441,xi đánh bóng giày
162349305,"Túi đựng giày đá banh cao cấp chống nước tốt TN Bags TN.B 9002 Túi đựng giày 2 ngăn, túi thể thao",229000.0,268000.0,39000.0,5.0,2,264362,,https://tiki.vntui-dung-giay-da-banh-deo-cheo-chong-nuoc-tot-tn-bags-tn-b-9002-tui-dung-giay-2-ngan-p162349305.html?spid=162349308,túi đựng giày đá
273951112,"Dép chiếu đi trong nhà Hương Quế DKS-15 thích hợp mang trong nhà, trong văn phòng (SP cung cấp cho khách sạn)",67000.0,67000.0,0.0,0.0,0,61212,,https://tiki.vndep-chieu-di-trong-nha-huong-que-dks-15-thich-hop-mang-trong-nha-trong-van-phong-sp-cung-cap-cho-khach-san-p273951112.html?spid=273951122,dép chiếu đi nhà
276677614,Giày Tây Nam Cột Dây PABNO PN21035,790000.0,790000.0,0.0,5.0,2,49994,,https://tiki.vngiay-tay-nam-cot-day-pabno-pn21035-p276677614.html?spid=276677620,giày tây nam cột dây
125769108,"Giày Lười Nam Da Bò SUNPOLO MU2516 Trẻ trung, Thanh lịch (Đen, Nâu)",1020000.0,1020000.0,0.0,5.0,3,1827,,https://tiki.vngiay-luoi-nam-da-bo-sunpolo-mu2516-tre-trung-thanh-lich-den-nau-p125769108.html?spid=125769124,giày lười nam da bò
126124364,Dụng cụ Đón gót giày bằng sừng nguyên chiếc (Đủ kích cỡ) DGH901 - Đón gót giày mọi tư thế cho cả nam và nữ,79000.0,79000.0,0.0,4.7,3,253372,,https://tiki.vndung-cu-don-got-giay-bang-sung-nguyen-chiec-du-kich-co-dgh901-don-got-giay-moi-tu-the-cho-ca-nam-va-nu-p126124364.html?spid=162532236,dụng cụ đón gót giày
60823720,Xi mút đánh giày da nhanh HANDO cao cấp,46000.0,46000.0,0.0,5.0,1,9463,,https://tiki.vnxi-mut-danh-giay-da-nhanh-hando-cao-cap-p60823720.html?spid=87585182,xi mút đánh giày
275276468,"Dép tổ ong XANH NAVY nhựa EVA siêu bền, siêu nhẹ, chống trơn trượt, đế dày (FORM LỚN ĐẶT LÙI 1-2 SIZE) Dép Nam Nữ Nhiều Màu Sắc",63000.0,85000.0,22000.0,5.0,1,265402,,https://tiki.vndep-to-ong-xanh-navy-vat-lieu-eva-sieu-ben-sieu-nhe-chong-tron-truot-form-size-lon-chau-au-p275276468.html?spid=275276482,dép tổ ong xanh
125803775,Dép Quai Ngang Nam Da Bò SUNPOLO AQN006 Cao cấp (Đen),730000.0,730000.0,0.0,4.0,2,1827,,https://tiki.vndep-quai-ngang-nam-da-bo-sunpolo-aqn006-cao-cap-den-p125803775.html?spid=125803783,dép quai ngang nam
15263996,Giày Tây Nam BiGGBEN Da Bò Thật GT117,700000.0,700000.0,0.0,0.0,0,9460,,https://tiki.vngiay-tay-nam-biggben-da-bo-that-gt117-p15263996.html?spid=15264008,giày tây nam biggben da bò
217760292,Giày Sandal Nam Da Bò Thật TiTi ĐÔ Cao Cấp DNA2166d,396000.0,396000.0,0.0,5.0,1,323804,,https://tiki.vngiay-sandal-nam-da-bo-that-ha-nam-cao-cap-dna2166d-p217760292.html?spid=217760329,giày sandal nam da bò
176692133,Dép Nam Chữ H Cao Cấp Mẫu Hot KEEDO KD822,290000.0,290000.0,0.0,4.5,10,183745,,https://tiki.vndep-nam-chu-h-cao-cap-mau-hot-keedo-kd822-p176692133.html?spid=176692145,dép nam chữ h
191657189,Giày nam Derby công sở da bò nappa cao cấp G113- Bụi leather- hộp sang trọng - Bảo hành 12 tháng,579000.0,579000.0,0.0,4.5,6,181498,,https://tiki.vngiay-nam-derby-cong-so-da-bo-nappa-cao-cap-g113-bui-leather-hop-sang-trong-bao-hanh-12-thang-p191657189.html?spid=191657235,giày nam derby công sở
153522071,Dép chiếu văn phòng Hương Quế DCQ-55 bền và hợp thời trang,68000.0,68000.0,0.0,4.5,2,61212,,https://tiki.vndep-chieu-van-phong-huong-que-dcq-55-ben-va-hop-thoi-trang-p153522071.html?spid=153522081,dép chiếu văn phòng hương
2618687,Dép Rọ Nam Da Bò Cao Cấp SUNPOLO SUA20D,580000.0,580000.0,0.0,5.0,4,1827,,https://tiki.vndep-ro-nam-da-bo-cao-cap-sunpolo-sua20-p2618687.html?spid=2665809,dép rọ nam da bò
276317721,"Khăn Giấy Ướt Lau Giày Sneaker Wipes Clean Thần Thánh (Gói 30 Miếng) Lau Giầy Siêu Sạch, Siêu Nhanh",28500.0,28500.0,0.0,0.0,0,291512,,https://tiki.vnkhan-giay-uot-lau-giay-sneaker-wipes-clean-than-thanh-goi-30-mieng-lau-giay-sieu-sach-sieu-nhanh-p276317721.html?spid=276317722,khăn giấy ướt lau
138747323,Khăn Giấy Ướt Lau Giày Sneaker Wipes Clean thần thánh(gói 30 miếng),29000.0,29000.0,0.0,0.0,0,238102,,https://tiki.vnkhan-giay-uot-lau-giay-sneaker-wipes-clean-than-thanh-goi-30-mieng-p138747323.html?spid=164075466,khăn giấy ướt lau
47908667,Dây Giày Dẹt Đầu Bọc Nhựa,38000.0,38000.0,0.0,4.5,36,108287,,https://tiki.vnday-giay-det-dau-boc-nhua-p47908667.html?spid=72970819,dây giày dẹt đầu
120168705,Dụng cụ Đón gót giày bằng sừng nguyên chiếc (Dài 45 - 50cm) DGH901-45 - Đón gót giày mọi tư thế cho cả nam và nữ,259000.0,259000.0,0.0,0.0,0,253372,,https://tiki.vnvong-tay-sung-duoi-luc-hat-phong-thuy-du-size-mau-tai-loc-binh-an-bh610-hahanco-p120168705.html?spid=163304842,dụng cụ đón gót giày
273611089,"Xi Đánh Bóng Giày Da Làm Bóng Nhanh Đồ Da, Xi Kem Dưỡng Da Có Đầu Mút Hỗ Trợ - HÀNG CHÍNH HÃNG MINIIN",35000.0,35000.0,0.0,4.0,5,134678,,https://tiki.vnxi-danh-bong-giay-da-lam-bong-nhanh-do-da-xi-kem-duong-da-co-da-u-mu-t-ho-tro-hang-chinh-hang-miniin-p273611089.html?spid=273611093,xi đánh bóng giày
7997300,Giày Converse Chuck Taylor All Star 1970s Hi Top - 162050V,2000000.0,2000000.0,0.0,4.7,46,32929,,https://tiki.vngiay-converse-chuck-taylor-all-star-1970s-hi-top-162050v-p7997300.html?spid=20300291,giày converse chuck taylor
277779470,Dép quai kẹp Biti's nam (39-43),298000.0,298000.0,0.0,4.0,1,174218,,https://tiki.vndep-quai-kep-biti-s-nam-39-43-p277779470.html?spid=277779486,dép quai kẹp biti s
277608170,"Combo 3 Chai Xịt Tạo Bọt Vệ Sinh Giày, Dép và Túi Xách, Bình Xịt Làm Sạch Trắng Giày",29000.0,29000.0,0.0,0.0,0,134678,,https://tiki.vncombo-3-chai-xit-tao-bot-ve-sinh-giay-dep-va-tui-xach-binh-xit-lam-sach-trang-giay-p277608170.html?spid=277608174,combo chai xịt tạo
217275661,Dây Giày Loại Tròn Phủ Lớp Sáp Chống Nước Cao Cấp DGD2025,30000.0,30000.0,0.0,1.0,1,323804,,https://tiki.vnday-giay-loai-tron-phu-lop-sap-chong-nuoc-cao-cap-dgd2025-p217275661.html?spid=217275669,dây giày loại tròn phủ
132814650,Dép nam quai ngang da bò cao cấp đế cao su SUNPOLO DQN025,650000.0,650000.0,0.0,5.0,3,1827,,https://tiki.vndep-nam-quai-ngang-da-bo-sunpolo-sqnd25-den-nau-p132814650.html?spid=132814664,dép nam quai ngang da bò
126144478,Đón gót giày bằng sừng bóng đẹp (DGH903) Đón gót giày mọi tư thế Cho giày Nam & Nữ - Tiện lợi,59000.0,59000.0,0.0,5.0,6,253372,,https://tiki.vndon-got-giay-bang-sung-bong-dep-dgh903-don-got-giay-moi-tu-the-cho-giay-nam-nu-p126144478.html?spid=163423850,đón gót giày sừng bóng
279149590,Keo Dán Sửa Chữa Giày Siêu Chắc Shoe Glue Plr80 60Ml Đa Năng,45000.0,75000.0,30000.0,0.0,0,10889,,https://tiki.vnkeo-dan-sua-chua-giay-sieu-chac-shoe-glue-plr80-60ml-da-nang-p279149590.html?spid=279149591,keo dán sửa chữa giày
55747001,Giày tây nam Trường Hải da bò thật mềm mại không bong tróc không dây mũi tròn màu nâu đế cao su không trơn GT0423,485000.0,485000.0,0.0,4.8,16,11395,,https://tiki.vngiay-tay-nam-truong-hai-da-bo-that-mem-mai-khong-bong-troc-khong-day-mui-tron-mau-nau-de-cao-su-khong-tron-gt0423-p55747001.html?spid=55747005,giày tây nam trường hải da
274734937,"Giày Tây Nam Oxfords Buộc Dây Thanh Lịch, Màu Đen Mã CS56",450000.0,450000.0,0.0,0.0,0,20142,,https://tiki.vngiay-tay-nam-oxfords-buoc-day-thanh-lich-mau-den-ma-cs56-p274734937.html?spid=274734939,giày tây nam oxfords buộc
174258713,Bộ da Xi và Bàn chải cho đồ Da,55000.0,55000.0,0.0,0.0,0,95748,,https://tiki.vnbo-da-xi-va-ban-chai-cho-do-da-p174258713.html?spid=277389178,da xi bàn chải đồ da
274175788,"Combo 2 Chai Lau Giày PLAC, Nước Tẩy Trắng Giày Đa Năng Cao Cấp",32000.0,32000.0,0.0,0.0,0,115414,,https://tiki.vncombo-2-chai-lau-giay-plac-nuoc-tay-trang-giay-da-nang-cao-cap-p274175788.html?spid=274175789,combo chai lau giày
275276525,"Dép tổ ong XANH CHUỐI nhựa EVA siêu bền, siêu nhẹ, chống trơn trượt, đế dày (FORM LỚN ĐẶT LÙI 1-2 SIZE) Dép Nam Nữ Nhiều Màu Sắc",63000.0,85000.0,22000.0,5.0,2,265402,,https://tiki.vndep-to-ong-xanh-chuoi-vat-lieu-eva-sieu-ben-sieu-nhe-chong-tron-truot-form-size-lon-chau-au-p275276525.html?spid=275276535,dép tổ ong xanh
252917371,"Bình xịt khử mùi hôi của giày, lưu hương thơm công nghệ Bạc ion, kháng khuẩn XIMO 300ml",79000.0,79000.0,0.0,4.0,1,112968,,https://tiki.vnbinh-xit-khu-mui-hoi-cua-giay-luu-huong-thom-cong-nghe-bac-ion-khang-khuan-ximo-300ml-p252917371.html?spid=253662321,bình xịt khử mùi
2023593,Giày Nam Cột Dây Đen Huy Hoàng HT7751 - Trắng,909000.0,909000.0,0.0,5.0,1,1867,,https://tiki.vngiay-nam-cot-day-den-huy-hoang-ht7751-trang-p2023593.html?spid=2024979,giày nam cột dây
27769078,Dép Nam BIGGBEN Da Bò Thật Cao Cấp DN210,319000.0,400000.0,81000.0,4.7,18,9460,,https://tiki.vndep-nam-biggben-da-bo-that-cao-cap-dn210-p27769078.html?spid=27769084,dép nam biggben da bò
205952914,Dép da cá sấu quai ngang nam xịn full box KEEDO KDCS2,850000.0,850000.0,0.0,0.0,0,183745,,https://tiki.vndep-da-ca-sau-quai-ngang-nam-xin-full-box-keedo-kdcs2-p205952914.html?spid=205952932,dép da cá sấu quai
157046419,"Dép khách sạn cao cấp Hương Quế có lớp chiếu mềm, tự nhiên tiếp xúc trực tiếp với da bàn chân",70000.0,70000.0,0.0,4.0,1,61212,,https://tiki.vndep-khach-san-cao-cap-huong-que-co-lop-chieu-mem-tu-nhien-tiep-xuc-truc-tiep-voi-da-ban-chan-p157046419.html?spid=157046429,dép khách sạn cao cấp hương
55749162,Lót giày thun cotton Hương quế CI-10 làm từ vải cotton - bột quế giúp hút ẩm - khử mùi - phòng cảm cúm và cải thiện sức khoẻ,40000.0,40000.0,0.0,0.0,0,61212,,https://tiki.vnlot-giay-thun-cotton-huong-que-ci-10-lam-tu-vai-cotton-bot-que-giup-hut-am-khu-mui-phong-cam-cum-va-cai-thien-suc-khoe-p55749162.html?spid=55749166,lót giày thun cotton
275276260,"Dép tổ ong ĐỎ nhựa EVA siêu bền, siêu nhẹ, chống trơn trượt, đế dày (FORM LỚN ĐẶT LÙI 1-2 SIZE) Dép Nam Nữ Nhiều Màu Sắc",63000.0,85000.0,22000.0,5.0,2,265402,,https://tiki.vndep-to-ong-do-vat-lieu-eva-sieu-ben-sieu-nhe-chong-tron-truot-form-size-lon-chau-au-p275276260.html?spid=275276268,dép tổ ong đỏ
278940208,Dép quai ngang Biti's nam (39-44),469000.0,469000.0,0.0,0.0,0,174218,,https://tiki.vndep-quai-ngang-biti-s-nam-39-44-p278940208.html?spid=278940236,dép quai ngang biti
163827033,"Xăng Đan Quai Ngang, Giày Sandal Nam Da Bò SUNPOLO SDA006 (Đen)",715000.0,715000.0,0.0,5.0,1,1827,,https://tiki.vnxang-dan-quai-ngang-giay-sandal-nam-da-bo-sunpolo-sda006-den-p163827033.html?spid=163827035,xăng đan quai ngang giày
271223651,Dép nam hai quai da bò xịn thương hiệu KEEDO KD2171,540000.0,540000.0,0.0,0.0,0,183745,,https://tiki.vndep-nam-hai-quai-da-bo-xin-thuong-hieu-keedo-kd2171-p271223651.html?spid=271223661,dép nam quai da bò
276253999,Dép Eva Phun Nam Biti's BEM002300TRG (Trắng),120000.0,120000.0,0.0,4.0,1,178519,,https://tiki.vndep-eva-phun-nam-biti-s-bem002300trg-trang-p276253999.html?spid=276254007,dép eva phun nam
276357293,Giày Thể Thao Nam Biti’s Hunter X LiteDash - Original Edition 2K24 HSM007504TRG (Trắng),1050000.0,1050000.0,0.0,5.0,2,178519,,https://tiki.vngiay-the-thao-nam-biti-s-hunter-x-litedash-original-edition-2k24-hsm007504trg-trang-p276357293.html?spid=276357307,giày thể thao nam biti
217564040,"Giày thể thao nam Asia, đế kếp, bền, rẻ, dùng cho lao động và thể thao size 36-44",186000.0,200000.0,14000.0,5.0,41,42362,,https://tiki.vngiay-the-thao-nam-asia-de-kep-ben-re-dung-cho-lao-dong-va-the-thao-size-36-44-p217564040.html?spid=276652510,giày thể thao nam asia đế
276814071,New Arrivals | Giày Da Sneaker Nam Nữ DC39 LATTE LOVE DINCOX Shoes Đế Bằng - Microfiber Leather,550000.0,550000.0,0.0,0.0,0,150940,,https://tiki.vnnew-arrivals-giay-da-sneaker-nam-nu-dc39-latte-love-dincox-shoes-de-bang-microfiber-leather-p276814071.html?spid=276814124,new arrivals giày da
134773001,Giày lười da nam công sở Bụi Leather G107 - Da bò Nappa cao cấp,559000.0,559000.0,0.0,4.8,93,181498,,https://tiki.vngiay-luoi-da-nam-cong-so-bui-leather-g107-da-bo-nappa-cao-cap-bao-hanh-12-thang-p134773001.html?spid=134773007,giày lười da nam
100771285,"Giày Lười Nam Da Thật Có Video Đế Khâu, Thẻ Bảo Hành 12 Tháng Mã D08",590000.0,590000.0,0.0,5.0,5,20142,,https://tiki.vngiay-luoi-nam-da-that-co-video-de-khau-ma-sl01-p100771285.html?spid=100771301,giày lười nam da
276814023,New Arrivals | Giày Da Sneaker Nam Nữ DC36 MILK TEA DINCOX Shoes Đế Bằng,580000.0,580000.0,0.0,4.0,1,150940,,https://tiki.vnnew-arrivals-giay-da-sneaker-nam-nu-dc36-milk-tea-dincox-shoes-de-bang-p276814023.html?spid=276814114,new arrivals giày da
89591885,"Dép Sandal Nam 3 Quai, Dép Xăng Đan Học Sinh Quai Dù Chắc Chắn DP23",145000.0,145000.0,0.0,4.5,82,144221,,https://tiki.vndep-sandan-nam-quai-du-dep-xang-dan-hoc-sinh-quai-du-chac-chan-dp23-p89591885.html?spid=89591887,dép sandal nam quai dép
113215403,"Lót giày vải lưới Hương Quế, quế thật, quế thơm, tốt cho sức khỏe",38000.0,38000.0,0.0,5.0,17,42362,,https://tiki.vnlot-giay-vai-luoi-huong-que-que-that-que-thom-tot-cho-suc-khoe-p113215403.html?spid=113215415,lót giày vải lưới
179555124, GIÀY THỂ THAO NAM DA BÒ THẬT 100% DONAVY THỜI TRANG ĐẾ CAO 3CM HỖ TRỢ TĂNG CHIỀU CAO DGTT,719000.0,1200000.0,481000.0,0.0,0,154317,,https://tiki.vngiay-the-thao-nam-da-bo-that-100-donavy-thoi-trang-de-cao-3cm-ho-tro-tang-chieu-cao-dgtt-p179555124.html?spid=179555146,giày thể thao nam da bò
178475948,"Giày sabo nam Huy Hoàng màu đen, nâu HT7125-7127-7796-7797",314500.0,629000.0,314500.0,5.0,1,1867,,https://tiki.vnht7125-7127-7796-7797-giay-sabo-nam-huy-hoang-mau-den-nau-p178475948.html?spid=178475984,giày sabo nam huy hoàng
76393390,"DÉP SA-BO NAM DA BÒ 100%, DONAVYSUM",319000.0,500000.0,181000.0,4.8,10,154317,,https://tiki.vndep-sa-bo-nam-da-bo-100-donavysum-p76393390.html?spid=76393396,dép sa bo nam da bò
41684771,Đón gót giầy bằng gỗ muồng,158000.0,158000.0,0.0,4.3,12,86216,,https://tiki.vndon-got-giay-bang-go-muong-p41684771.html?spid=42107076,đón gót giầy gỗ
55954576,Giày tây nam Trường Hải da bò cao cấp GTN0123,479000.0,479000.0,0.0,5.0,3,11395,,https://tiki.vngiay-tay-nam-truong-hai-duoc-lam-tu-da-bo-cao-cap-de-giay-duoc-lam-bang-cao-su-gtn0123-p55954576.html?spid=55954580,giày tây nam trường hải da
278398884,Sandal Biti's nam dáng thể thao (39-44),365000.0,365000.0,0.0,0.0,0,174218,,https://tiki.vnsandal-biti-s-nam-dang-the-thao-39-44-p278398884.html?spid=278398886,sandal biti s nam dáng
278091584,Giày MICHILUX Da Bò Thật Chính Hãng Penny Moccasin CIEMS Màu Xanh Navy,770000.0,770000.0,0.0,0.0,0,362302,,https://tiki.vngiay-michilux-da-bo-that-chinh-hang-penny-moccasin-ciems-mau-xanh-navy-p278091584.html?spid=278091586,giày michilux da bò
274838698,"Giày Thể Thao Nam Laceva, Giày Sneaker Mã G04",199000.0,199000.0,0.0,4.5,10,144221,,https://tiki.vngiay-the-thao-nam-laceva-giay-sneaker-ma-g04-p274838698.html?spid=274838700,giày thể thao nam laceva
275836243,Giày thể thao Bitis nam (39-44),435000.0,435000.0,0.0,5.0,1,174218,,https://tiki.vngiay-the-thao-bitis-nam-39-44-p275836243.html?spid=275836259,giày thể thao bitis nam
276357225,Giày Thể Thao Nam Biti’s Hunter X LiteDash - Original Edition 2K24 ​ HSM007501KEM (Kem),1050000.0,1050000.0,0.0,5.0,2,178519,,https://tiki.vngiay-the-thao-nam-biti-s-hunter-x-litedash-original-edition-2k24-hsm007501kem-kem-p276357225.html?spid=276357237,giày thể thao nam biti
278091365,Giày MICHILUX Da Bò Thật Chính Hãng Penny Moccasin CIEMS Màu Đen,770000.0,770000.0,0.0,0.0,0,362302,,https://tiki.vngiay-michilux-da-bo-that-chinh-hang-penny-moccasin-ciems-mau-den-p278091365.html?spid=278091531,giày michilux da bò
276561881,Giày thể thao Bitis hunter nam (40-45),869000.0,869000.0,0.0,5.0,2,174218,,https://tiki.vngiay-the-thao-bitis-hunter-nam-40-45-p276561881.html?spid=276561893,giày thể thao bitis hunter
253149207,"Giày thể thao nam chất liệu da mềm mại, phong cách cá tính năng dộng – GNA1029",418000.0,836000.0,418000.0,0.0,0,975,,https://tiki.vngiay-the-thao-nam-chat-lieu-da-mem-mai-phong-cach-ca-tinh-nang-dong-gna1029-p253149207.html?spid=253149211,giày thể thao nam chất liệu
277387765,"Giày thể thao nam đế êm nhẹ, thoáng khí đế cao su đúc, chống trơn trượt hạn chế mòn – BEE GEE - GNA2016A",520000.0,1040000.0,520000.0,0.0,0,975,,https://tiki.vngiay-the-thao-nam-de-em-nhe-thoang-khi-de-cao-su-duc-chong-tron-truot-han-che-mon-bee-gee-gna2016-p277387765.html?spid=277387783,giày thể thao nam đế êm nhẹ
134652690,"Giày da nam, giày oxford công sở Bụi Leather G101 - Da bò Nappa cao cấp - Bảo hành 12 tháng",812000.0,812000.0,0.0,4.7,49,181498,,https://tiki.vngiay-da-nam-giay-oxford-cong-so-bui-leather-g101-da-bo-nappa-cao-cap-bao-hanh-12-thang-p134652690.html?spid=134652722,giày da nam giày
276357367,Giày Thể Thao Nam Biti’s Hunter X LiteDash - Festive Edition 2K24: Lush Beige ​HSM007506KEL (Kem lợt),1069000.0,1069000.0,0.0,0.0,0,178519,,https://tiki.vngiay-the-thao-nam-biti-s-hunter-x-litedash-festive-edition-2k24-lush-beige-hsm007506kel-kem-lot-p276357367.html?spid=276357379,giày thể thao nam biti
50351462,Giày sục nam da bò mũi nhọn Trường Hải đế cao 3.5cm phong cách lịch sự BM0455,379000.0,379000.0,0.0,5.0,17,11395,,https://tiki.vndep-nam-bit-mui-dep-sapo-nam-mui-nhon-truong-hai-da-bo-that-mem-mai-khong-bong-troc-de-tpr-khong-tron-cao-3-5cm-phong-cach-lich-su-bm0455-p50351462.html?spid=50351468,giày sục nam da bò mũi nhọn
134777591,Giày lười da tăng chiều cao nam Bụi Leather G112 - Da bò Nappa cao cấp - Bảo hành 12 tháng,812000.0,812000.0,0.0,4.7,23,181498,,https://tiki.vngiay-luoi-da-tang-chieu-cao-nam-bui-leather-g112-da-bo-nappa-cao-cap-bao-hanh-12-thang-p134777591.html?spid=134777603,giày lười da tăng
275579517,"Giày thể thao nam Asia, đế kếp, bền, rẻ, dùng cho lao động và thể thao (màu trắng)",185000.0,185000.0,0.0,4.6,125,42362,,https://tiki.vngiay-the-thao-nam-asia-de-kep-ben-re-dung-cho-lao-dong-va-the-thao-mau-trang-p275579517.html?spid=114964891,giày thể thao nam asia đế
46634436,Giày mọi nam|giày lười nam|giày da nam Trường Hải da bò cao cấp đế cao su cao 2.5cm màu vàng GM0146,449000.0,449000.0,0.0,4.8,4,11395,,https://tiki.vngiay-moi-nam-giay-luoi-nam-giay-da-nam-truong-hai-da-bo-cao-cap-mau-vang-gm0146-p46634436.html?spid=46634440,giày nam giày lười
141217638,Giày mọi rọ nam da bò thật BIGGBEN cao cấp GM262,699000.0,760000.0,61000.0,5.0,1,9460,,https://tiki.vngiay-moi-ro-nam-da-bo-that-biggben-cao-cap-gm262-p141217638.html?spid=141217658,giày rọ nam da bò
100770993,"Giày Lười Da Nam Đen_ Nâu , Đế NK Full Đen Nhập Khẩu Mã GL05",650000.0,650000.0,0.0,4.7,3,20142,,https://tiki.vngiay-luoi-da-nam-den_-nau-ma-gl05-p100770993.html?spid=100771005,giày lười da nam
1999777,Giày Tây Nam Huy Hoàng HT7135 - Trắng (Size,454500.0,909000.0,454500.0,5.0,1,1867,,https://tiki.vngiay-tay-nam-huy-hoang-ht7135-trang-p1999777.html?spid=2007585,giày tây nam huy hoàng ht7135
79730992,"DÉP NAM DA BÒ THẬT 100%, HÀNG CÔNG TY XUẤT KHẨU",319000.0,500000.0,181000.0,4.7,49,154317,,https://tiki.vndep-nam-da-bo-that-100-hang-cong-ty-xuat-khau-p79730992.html?spid=79730994,dép nam da bò
44932670,Giày tây tăng chiều cao Trường Hải da bò cao cấp cao 6.5 cm GT0591,659000.0,659000.0,0.0,5.0,1,11395,,https://tiki.vngiay-tay-tang-chieu-cao-truong-hai-da-bo-cao-cap-cao-6-5-cm-gt0591-p44932670.html?spid=44932674,giày tây tăng chiều cao
103754523,"Dép nam 2 quai da bò 100%, hàng cao cấp, may handmade full quai và đế chắc chắn, đi rất êm chân",379000.0,500000.0,121000.0,5.0,23,154317,,https://tiki.vndep-nam-2-quai-da-bo-100-hang-cao-cap-may-handmade-full-quai-va-de-chac-chan-di-rat-em-chan-p103754523.html?spid=103754551,dép nam quai da bò
176037199,Dép Quai Ngang Nam Cao Cấp KEEDO-KD0604,290000.0,290000.0,0.0,4.5,30,183745,,https://tiki.vndep-quai-ngang-nam-cao-cap-keedo-kd0604-p176037199.html?spid=176037223,dép quai ngang nam
207170727,Giày Thể Thao Bitis Nam Hunter X DSMH10600,1050000.0,1050000.0,0.0,1.0,1,174218,,https://tiki.vngiay-the-thao-bitis-nam-hunter-x-dsmh10600-p207170727.html?spid=207170729,giày thể thao bitis nam
134757898,"Giày da nam oxford công sở G106, giày nam da bò nappa cao cấp màu nâu có dây buộc, mặt trơn có viền, Bụi leather hộp sang trọng BH 12 tháng",559000.0,559000.0,0.0,4.8,31,181498,,https://tiki.vngiay-da-nam-giay-oxford-cong-so-bui-leather-g106-da-bo-nappa-cao-cap-bao-hanh-12-thang-p134757898.html?spid=186711340,giày da nam oxford
177546548,Giày Lười Moca Nam Da Bò Khâu Đế Chắc Chắn GL-66,650000.0,650000.0,0.0,4.0,1,20142,,https://tiki.vngiay-luoi-moca-nam-da-bo-khau-de-chac-chan-gl-66-p177546548.html?spid=177546552,giày lười moca nam
191717216,"Giày nàm đế cao cao cấp G124 - Da bò Nappa cao cấp - Phong cách trẻ trung năng động, chính hãng",910000.0,910000.0,0.0,4.6,17,181498,,https://tiki.vngiay-nam-de-cao-cao-cap-bui-leather-g124-da-bo-nappa-cao-cap-phong-cach-tre-trung-nang-dong-bao-hanh-12-thang-p191717216.html?spid=191717228,giày nàm đế cao cao cấp
55079843,Giày Mọi Nam Da Bò BIGGBEN Cao Cấp GM231,750000.0,750000.0,0.0,0.0,0,9460,,https://tiki.vngiay-moi-nam-da-bo-biggben-cao-cap-gm231-p55079843.html?spid=55079851,giày nam da bò biggben
191690638,Giày lười da nam công sở Bụi Leather G120 - Da bò Nappa cao cấp - Bảo hành 12 tháng,840000.0,840000.0,0.0,4.6,15,181498,,https://tiki.vngiay-luoi-da-nam-cong-so-bui-leather-g120-da-bo-nappa-cao-cap-bao-hanh-12-thang-p191690638.html?spid=191690672,giày lười da nam
210961594,Giày thể thao Biti's Sports nam,869000.0,869000.0,0.0,5.0,1,174218,,https://tiki.vngiay-the-thao-biti-s-sports-nam-p210961594.html?spid=210961612,giày thể thao biti s
278111236,Túi chống sốc LAPTOP LOẠI DÀY 16 inch,49000.0,49000.0,0.0,0.0,0,346902,,https://tiki.vntui-chong-soc-laptop-loai-day-16-inch-p278111236.html?spid=278111237,túi chống sốc laptop
204650059,GIÀY LƯỜI DA BÒ NAM CAO CẤP VATIS VA2036,349000.0,499000.0,150000.0,5.0,1,274160,,https://tiki.vngiay-luoi-da-bo-nam-cao-cap-vatis-va2036-p204650059.html?spid=204650073,giày lười da bò nam
275499211,"Giày sục nam da bò Trường Hải 3 Màu nâu, đen , vàng S125",349000.0,349000.0,0.0,0.0,0,11395,,https://tiki.vngiay-suc-nam-da-bo-truong-hai-3-mau-nau-den-vang-s125-p275499211.html?spid=275499241,giày sục nam da bò
7995403,Giày Converse Chuck Taylor All Star Classic Hi Top - 121184,1550000.0,1550000.0,0.0,5.0,4,32929,,https://tiki.vngiay-converse-chuck-taylor-all-star-classic-hi-top-121184-p7995403.html?spid=20342952,giày converse chuck taylor
93127044,Giày Sneaker Vải Canvas Unisex C40 Off/white Dincox Đơn Giản Tinh Tế,520000.0,520000.0,0.0,5.0,3,150940,,https://tiki.vngiay-dincox-sneaker-c40-white-p93127044.html?spid=196361078,giày sneaker vải canvas
278850934,Giày da Biti's nam (39-44),885000.0,885000.0,0.0,0.0,0,174218,,https://tiki.vngiay-da-biti-s-nam-39-44-p278850934.html?spid=278850958,giày da biti s
276357328,Giày Thể Thao Nam Biti’s Hunter X LiteDash - Festive Edition 2K24: Forward Red​ HSM007506DOO (Đỏ),1050000.0,1050000.0,0.0,0.0,0,178519,,https://tiki.vngiay-the-thao-nam-biti-s-hunter-x-litedash-festive-edition-2k24-forward-red-hsm007506doo-do-p276357328.html?spid=276357330,giày thể thao nam biti
162841600,"Dép Nam, Dép Bít Mũi Nam Da Bò SUNPOLO SUA011 (Đen, Nâu)",760000.0,760000.0,0.0,4.3,3,1827,,https://tiki.vndep-bit-mui-nam-da-bo-sunpolo-sua011-den-nau-p162841600.html?spid=162841616,dép nam dép bít
96301892,Sục Nam Bảo Hân Da Bò Mặt Nhung Mã GS-01,650000.0,650000.0,0.0,4.5,2,20142,,https://tiki.vnsuc-nam-bao-han-da-bo-mat-nhung-ma-gs-01-p96301892.html?spid=96301896,sục nam bảo hân
7997276,Giày Sneaker Unisex Converse Chuck Taylor All Star 1970s All Hi 2018 - White (Size,2000000.0,2000000.0,0.0,5.0,9,32929,,https://tiki.vngiay-sneaker-unisex-converse-chuck-taylor-all-star-1970s-all-white-hi-2018-p7997276.html?spid=26499478,giày sneaker unisex converse
277510335,"Com bo dụng cụ làm sạch giày - Miếng xi mút + sáp lau đánh bóng giày, dép, đa năng và tiện lợi",84550.0,89000.0,4450.0,2.5,2,270031,,https://tiki.vncom-bo-dung-cu-lam-sach-giay-mieng-xi-mut-sap-lau-danh-bong-giay-dep-tui-xach-cap-bang-da-da-nang-va-tien-loi-p277510335.html?spid=277510336,com bo dụng cụ làm sạch
2710151,"Lót giày Spenco Total Support Thin 46-696 cho giày thể thao, công sở hỗ trợ giảm đau mỏi chân khi đi nhiều, đứng lâu",895000.0,895000.0,0.0,5.0,3,302,,https://tiki.vnlot-giay-cong-so-giam-dau-moi-chan-spenco-total-suport-thin-46-696-p2710151.html?spid=2710163,lót giày spenco total
276558531,Giày thể thao Bitis Hunter (39-45) 969k,969000.0,969000.0,0.0,0.0,0,174218,,https://tiki.vngiay-the-thao-bitis-hunter-39-45-969k-p276558531.html?spid=276558545,giày thể thao bitis hunter
276559470,Giày da cao cấp Bitis nam (38-43) 825k,825000.0,825000.0,0.0,0.0,0,174218,,https://tiki.vngiay-da-cao-cap-bitis-nam-38-43-825k-p276559470.html?spid=276559472,giày da cao cấp bitis
278253057,"Xịt Khử Mùi Giày Công Sở Thể Thao Nano Bạc Hoàng Gia 100ml - Khử Khuẩn Giày, Chống Hôi Chân Hiệu Quả",57000.0,59000.0,2000.0,0.0,0,226765,,https://tiki.vnxit-khu-mui-giay-cong-so-nam-nano-bac-hoang-gia-100ml-khu-khuan-giay-chong-hoi-chan-hieu-qua-p278253057.html?spid=278253058,xịt khử mùi giày
202329434, Giày nam da bò nhiều loại nhiều màu HT7107-08-09-19-21-63-98,454500.0,909000.0,454500.0,5.0,1,1867,,https://tiki.vngiay-nam-da-bo-nhieu-loai-nhieu-mau-ht7107-08-09-19-21-63-98-p202329434.html?spid=202329502,giày nam da bò nhiều
7995370,Giày Converse Chuck Taylor All Star Classic Hi Top - 121186,1550000.0,1550000.0,0.0,4.7,22,32929,,https://tiki.vngiay-converse-chuck-taylor-all-star-classic-hi-top-121186-p7995370.html?spid=20315033,giày converse chuck taylor
277879758,Dép Nam Quai Ngang Da Bò 2 Quai Khóa Đồng Sang Trọng Phong Cách Trẻ Trung Tiện Lợi Êm Chân (có bán sỉ),290000.0,290000.0,0.0,0.0,0,2676,,https://tiki.vndep-nam-quai-ngang-da-bo-2-quai-khoa-dong-sang-trong-phong-cach-tre-trung-tien-loi-em-chan-co-ban-si-p277879758.html?spid=277879780,dép nam quai ngang da bò
253306740,Đón gót giầy gỗ cao cấp,148000.0,148000.0,0.0,0.0,0,86216,,https://tiki.vndon-got-giay-go-cao-cap-p253306740.html?spid=253306742,đón gót giầy gỗ
160707580,Giày Sục Sapo Bít Mũi Nam Da Bò Cao Cấp SUNPOLO SPO008 (Đen),820000.0,820000.0,0.0,0.0,0,1827,,https://tiki.vngiay-suc-sapo-bit-mui-nam-da-bo-cao-cap-sunpolo-spo008-den-p160707580.html?spid=160707582,giày sục sapo bít mũi
204057084,XỊT KHỬ MÙI HÔI GIÀY ORHE,35000.0,35000.0,0.0,0.0,0,114305,,https://tiki.vnxit-khu-mui-hoi-giay-orhe-p204057084.html?spid=204057088,xịt khử mùi hôi
8051749,Giày Tây Nam BIGGBEN Da Bò Thật Cao Cấp GT82,700000.0,700000.0,0.0,0.0,0,9460,,https://tiki.vngiay-tay-nam-biggben-da-bo-that-cao-cap-gt82-p8051749.html?spid=8051759,giày tây nam biggben da bò
188722410,"Giày nam Da bò Buộc dây SUNPOLO SPH424 (Xanh navy, Nâu)",920000.0,920000.0,0.0,5.0,3,1827,,https://tiki.vngiay-nam-da-bo-buoc-day-sunpolo-sph424-xanh-navy-nau-p188722410.html?spid=188722441,giày nam da bò buộc
254074585,Dép nam quai ngang cao cấp KEEDO KDX11,290000.0,290000.0,0.0,0.0,0,183745,,https://tiki.vndep-nam-quai-ngang-cao-cap-keedo-kdx11-p254074585.html?spid=254074593,dép nam quai ngang cao cấp
276296182,Bộ dụng cụ đánh giày 7 món Linh Chi Bedding kèm 2 hộp xi đánh giày tiện lợi,80085.0,80085.0,0.0,4.0,1,291512,,https://tiki.vnbo-dung-cu-danh-giay-7-mon-linh-chi-bedding-kem-2-hop-xi-danh-giay-tien-loi-p276296182.html?spid=276296183,dụng cụ đánh giày món
26338845,Lót giày vải cotton CI01,25000.0,25000.0,0.0,5.0,1,61212,,https://tiki.vnlot-giay-vai-cotton-ci01-p26338845.html?spid=26338849,lót giày vải cotton
179541839, GIÀY LƯỜI NAM DA BÒ THẬT 100% DONAVY CAO CẤP SAPO LỖ BẮT MẮT THỜI TRANG DOGSA,439000.0,700000.0,261000.0,0.0,0,154317,,https://tiki.vngiay-luoi-nam-da-bo-that-100-donavy-cao-cap-sapo-lo-bat-mat-thoi-trang-dogsa-p179541839.html?spid=179541851,giày lười nam da bò
57282775,"Dép chiếu xỏ ngón Hương Quế DCQ-48 nguyên liệu tự nhiên (sợi chiếu, bột quế, sợi đay) ngăn ngừa mồ hôi chân - giữ ẩm và mát chân",68000.0,68000.0,0.0,4.7,11,61212,,https://tiki.vndep-chieu-xo-ngon-huong-que-dcq-48-nguyen-lieu-tu-nhien-soi-chieu-bot-que-soi-day-ngan-ngua-mo-hoi-chan-giu-am-va-mat-chan-p57282775.html?spid=57283947,dép chiếu xỏ ngón
194131743,"Dép đúc quai ngang nam, nữ siêu nhẹ DUWA - Hàng chính hãng - TK193",179000.0,179000.0,0.0,4.8,30,162605,,https://tiki.vndep-duc-quai-ngang-nam-nu-sieu-nhe-duwa-hang-chinh-hang-tk193-p194131743.html?spid=194131771,dép đúc quai ngang nam nữ
205044757,Giày Sandal VENTO Nam Quai Chéo Xuất Khẩu NV65,260000.0,260000.0,0.0,5.0,1,51843,,https://tiki.vngiay-sandal-vento-nam-quai-cheo-xuat-khau-nv65-p205044757.html?spid=205044920,giày sandal vento nam quai chéo
207042508,Giày Thể Thao Bitis Nam Hunter Core DSMH09900,771000.0,771000.0,0.0,0.0,0,174218,,https://tiki.vngiay-the-thao-bitis-nam-hunter-core-dsmh09900-p207042508.html?spid=207042520,giày thể thao bitis nam
275921751,Giày thể thao Bitis Hunter nam HSM006400(39-45),1209000.0,1209000.0,0.0,0.0,0,174218,,https://tiki.vngiay-the-thao-bitis-hunter-nam-hsm006400-39-45-p275921751.html?spid=275921765,giày thể thao bitis hunter
9810961,Giày Slip On Unisex Vans - VN000EYEBWW,1450000.0,1450000.0,0.0,5.0,8,32929,,https://tiki.vngiay-slip-on-unisex-vans-vn000eyebww-p9810961.html?spid=23839232,giày slip on unisex
191653859,"Dép nam quai ngang da bò Nappa cao cấp Bụi Leather E103, đế đúc nguyên khối khâu viền thủ công đi êm chân, Bảo hành 12 Tháng",450000.0,450000.0,0.0,4.8,21,181498,,https://tiki.vndep-nam-quai-ngang-da-bo-nappa-cao-cap-bui-leather-e103-de-duc-nguyen-khoi-khau-vien-thu-cong-di-em-chan-bao-hanh-12-thang-p191653859.html?spid=191653881,dép nam quai ngang da bò
275499180,"Giày tây nam không dây da bò Trường Hải đế cao su GT300 2 màu đen, nâu",650000.0,650000.0,0.0,0.0,0,11395,,https://tiki.vngiay-tay-nam-khong-day-da-bo-truong-hai-de-cao-su-gt300-2-mau-den-nau-p275499180.html?spid=275499204,giày tây nam dây da
58451856,Xịt bọt làm sạch giày Sneaker,64000.0,64000.0,0.0,4.5,2,9463,,https://tiki.vnxit-bot-lam-sach-giay-sneaker-p58451856.html?spid=87585204,xịt bọt làm sạch
276181232,"Giày thể thao nam đế êm nhẹ, thoáng khí đế cao su đúc, chống trơn trượt hạn chế mòn – BEE GEE - GNA2028",380000.0,760000.0,380000.0,0.0,0,975,,https://tiki.vngiay-the-thao-nam-de-em-nhe-thoang-khi-de-cao-su-duc-chong-tron-truot-han-che-mon-bee-gee-gna2028-p276181232.html?spid=276181238,giày thể thao nam đế êm nhẹ
190511573,Dép nam đế may sẵn da bò quai ngang cao cấp KEEDO TN-NB701,460000.0,460000.0,0.0,3.8,5,183745,,https://tiki.vndep-nam-de-may-san-da-bo-quai-ngang-cao-cap-keedo-tn-nb701-p190511573.html?spid=190511581,dép nam đế may sẵn
72611610,Giày Lười Da Nam Đế Khâu Mã SEN05,590000.0,590000.0,0.0,4.2,6,20142,,https://tiki.vngiay-luoi-da-nam-de-khau-ma-sen05-p72611610.html?spid=72611618,giày lười da nam đế
262983824,Dép nam đế may sẵn quai ngang cao cấp KEEDO KD0605,480000.0,480000.0,0.0,0.0,0,183745,,https://tiki.vndep-nam-de-may-san-quai-ngang-cao-cap-keedo-kd0605-p262983824.html?spid=262983826,dép nam đế may sẵn quai
134776866,Giày lười da nam công sở Bụi Leather G110 - Da bò Nappa cao cấp - Bảo hành 12 tháng,810000.0,810000.0,0.0,5.0,31,181498,,https://tiki.vngiay-luoi-da-nam-cong-so-bui-leather-g110-da-bo-nappa-cao-cap-bao-hanh-12-thang-p134776866.html?spid=134776878,giày lười da nam
58940083,Lót giày hỗ trợ bàn chân bẹt Spenco Total Support Max 46-695,995000.0,995000.0,0.0,4.8,5,302,,https://tiki.vnlot-giay-ho-tro-ban-chan-bet-spenco-total-support-max-46-695-p58940083.html?spid=58940089,lót giày hỗ trợ bàn chân
178010970,GIÀY LƯỜI DA BÒ NAM CAO CẤP VATIS VA2032,349000.0,499000.0,150000.0,5.0,3,274160,,https://tiki.vngiay-luoi-da-bo-nam-cao-cap-vatis-va2032-p178010970.html?spid=204658845,giày lười da bò nam
277540306,Sandal Biti's Hunter nam (39-45),549000.0,549000.0,0.0,0.0,0,174218,,https://tiki.vnsandal-biti-s-hunter-nam-39-45-p277540306.html?spid=277540326,sandal biti s hunter
206621667,Giày Da Nam Buộc Dây Da Bò Đế Khâu Mã GD01,590000.0,590000.0,0.0,0.0,0,20142,,https://tiki.vngiay-da-nam-buoc-day-da-bo-de-khau-ma-gd01-p206621667.html?spid=206621671,giày da nam buộc
278867766,"Dép Vento, sandal Vento hàng VN chất lượng chính hãng thương hiệu Vento. Mã VT4910 size 38-44",255000.0,255000.0,0.0,0.0,0,363958,,https://tiki.vndep-vento-sandal-vento-hang-vn-chat-luong-chinh-hang-thuong-hieu-vento-ma-vt4910-size-38-44-p278867766.html?spid=278881379,dép vento sandal vento
129568923,Giày lười nam da bò đế cao su mũi tròn SUNPOLO MOI015 có big size lớn 45 46,1300000.0,1300000.0,0.0,4.7,3,1827,,https://tiki.vngiay-moi-nam-da-bo-cao-cap-sunpolo-lsu015-lich-lam-den-nau-p129568923.html?spid=129568955,giày lười nam da
134754200,"Giày da nam, giày oxford công sở Bụi Leather G105 - Da bò Nappa cao cấp",569000.0,569000.0,0.0,4.6,31,181498,,https://tiki.vngiay-da-nam-giay-oxford-cong-so-bui-leather-g105-da-bo-nappa-cao-cap-bao-hanh-12-thang-p134754200.html?spid=134754209,giày da nam giày
275905598,New Arrivals | Giày Sneaker Da - GAT Shoes Nam Nữ DC36 White Gum Dincox Shoes,580000.0,580000.0,0.0,0.0,0,150940,,https://tiki.vnnew-arrivals-giay-sneaker-da-gat-shoes-nam-nu-dc36-white-gum-dincox-shoes-p275905598.html?spid=275905602,new arrivals giày sneaker
7995659,Giày Converse Chuck Taylor All Star Classic Low Top - 121176,1450000.0,1450000.0,0.0,4.8,11,32929,,https://tiki.vngiay-converse-chuck-taylor-all-star-classic-low-top-121176-p7995659.html?spid=20340962,giày converse chuck taylor
275970747,"Bộ Vệ Sinh Giày Dép Làm Sạch Chuyên Sâu Giặt Giày gồm 1 bình xịt tạo bọt dung tích 150ml, 1 khăn mềm, 1 bàn chải mềm",220000.0,220000.0,0.0,5.0,2,353491,,https://tiki.vnbo-ve-sinh-giay-dep-lam-sach-chuyen-sau-giat-giay-gom-1-binh-xit-tao-bot-dung-tich-150ml-1-khan-mem-1-ban-chai-mem-1-tui-khan-lau-sneaker-12-to-p275970747.html?spid=275970748,bộ vệ sinh giày dép làm
273466355,"Dép xỏ ngón nam, nữ đúc liền khối siêu nhẹ DUWA - Hàng chính hãng - TK288",129000.0,129000.0,0.0,4.6,9,162605,,https://tiki.vndep-xo-ngon-nam-nu-duc-lien-khoi-sieu-nhe-duwa-hang-chinh-hang-tk288-p273466355.html?spid=273466377,dép xỏ ngón nam nữ
278876481,"Dép quai hậu, giày sandal nam, sandal bigsize VINASAN VN2224 size 35-45. Hàng Việt Nam xuất khẩu",235000.0,235000.0,0.0,0.0,0,363958,,https://tiki.vndep-quai-hau-giay-sandal-nam-sandal-bigsize-vinasan-vn2224-size-35-45-hang-viet-nam-xuat-khau-p278876481.html?spid=278876541,dép quai hậu giày sandal
106375523,Dép Nam Quai Ngang HA NAM Da Bò Thật Cao Cấp DN2077,398000.0,398000.0,0.0,5.0,2,93132,,https://tiki.vndep-nam-quai-ngang-da-bo-that-de-cao-su-dn2077-p106375523.html?spid=277459038,dép nam quai ngang ha
272422969,Giày sục nam da bò mũi tròn màu đen Trường Hải S200 CÓ SIZE LÓN,450000.0,450000.0,0.0,0.0,0,11395,,https://tiki.vngiay-suc-nam-da-bo-mui-tron-mau-den-truong-hai-s200-co-size-lon-p272422969.html?spid=272422980,giày sục nam da bò mũi
93075199,Giày da nam da bò thật 100% Cao Cấp,379000.0,590000.0,211000.0,5.0,4,154317,,https://tiki.vngiay-da-nam-da-bo-that-100-cao-cap-p93075199.html?spid=93075221,giày da nam da bò
270505687,Run Star Hike Black High Top | Giày Converse Thể Thao Đế Cao 166800C,2500000.0,2500000.0,0.0,0.0,0,77420,,https://tiki.vnrun-star-hike-black-high-top-giay-converse-the-thao-de-cao-166800c-p270505687.html?spid=270505691,run star hike black
248091690,Giày lười nam da bò Trường Hải đề cao 3cm màu vàng cao cấp GM445V,749000.0,749000.0,0.0,5.0,1,11395,,https://tiki.vngiay-luoi-nam-da-bo-truong-hai-de-cao-3cm-mau-vang-cao-cap-gm445v-p248091690.html?spid=248091698,giày lười nam da
134708659,"Giày da nam, giày oxford công sở Bụi Leather G102 - Da bò Nappa cao cấp - Bảo hành 12 tháng",650000.0,650000.0,0.0,5.0,36,181498,,https://tiki.vngiay-da-nam-giay-oxford-cong-so-bui-leather-g102-da-bo-nappa-cao-cap-bao-hanh-12-thang-p134708659.html?spid=134708671,giày da nam giày
71693900,Giày Tây Nam Cao Cấp Mã  BH73,850000.0,850000.0,0.0,4.6,5,20142,,https://tiki.vngiay-tay-nam-cao-cap-ma-bh73-p71693900.html?spid=71693912,giày tây nam cao cấp mã
277462576,Sandal Biti's nam (39-44),360000.0,360000.0,0.0,0.0,0,174218,,https://tiki.vnsandal-biti-s-nam-39-44-p277462576.html?spid=277462584,sandal biti s nam
278801657,Sandal Biti's nam (size 39-44),380000.0,380000.0,0.0,0.0,0,174218,,https://tiki.vnsandal-biti-s-nam-size-39-44-p278801657.html?spid=278801659,sandal biti s nam
279067205,"Giày thể thao nam đế êm nhẹ, thoáng khí đế cao su đúc, chống trơn trượt hạn chế mòn – BEE GEE - GNA2046",700000.0,1400000.0,700000.0,0.0,0,975,,https://tiki.vngiay-the-thao-nam-de-em-nhe-thoang-khi-de-cao-su-duc-chong-tron-truot-han-che-mon-bee-gee-gna2046-p279067205.html?spid=279067207,giày thể thao nam đế êm nhẹ
278873747,"Sandal Vento, sandal nam, dép quai hậu nam NV5616 size 38-43. Hàng VN chất lượng xuất khẩu",280000.0,280000.0,0.0,0.0,0,363958,,https://tiki.vnsandal-vento-sandal-nam-dep-quai-hau-nam-nv5616-size-38-43-hang-vn-chat-luong-xuat-khau-p278873747.html?spid=278873769,sandal vento sandal nam dép
278864835,"Giày sandal nam, sandal bigsize, sandal học sinh. Hàng VN được sx theo công nghệ của Nhật VN2224 size 35-45",235000.0,235000.0,0.0,0.0,0,363958,,https://tiki.vngiay-sandal-nam-sandal-bigsize-sandal-hoc-sinh-hang-vn-duoc-sx-theo-cong-nghe-cua-nhat-vn2224-size-35-45-p278864835.html?spid=278868518,giày sandal nam sandal
277416432,"Giày sục nam da bò Trường Hải may full đế 2 màu nâu, đen S220",450000.0,450000.0,0.0,0.0,0,11395,,https://tiki.vngiay-suc-nam-da-bo-truong-hai-may-full-de-2-mau-nau-den-s220-p277416432.html?spid=277416454,giày sục nam da bò trường
161551919,"Giày Mọi Da Nam, Giày Lười Da Bò Nam SUNPOLO LS2098 (Đen, Nâu)",860000.0,860000.0,0.0,0.0,0,1827,,https://tiki.vngiay-moi-da-nam-giay-luoi-da-bo-nam-sunpolo-ls2098-den-nau-p161551919.html?spid=161551921,giày da nam giày
192290689,Giày Vans Authentic SF Abalone VN0A5HYPAXQ,1550000.0,1550000.0,0.0,0.0,0,32929,,https://tiki.vngiay-vans-authentic-sf-abalone-vn0a5hypaxq-p192290689.html?spid=192290697,giày vans authentic sf
273253309,Giày Sandal VENTO CHÍNH HÃNG CALDILAC MÀU NÂU BE/ĐEN NB10608,395000.0,395000.0,0.0,0.0,0,51843,,https://tiki.vngiay-sandal-vento-chinh-hang-caldilac-mau-nau-be-den-nb10608-p273253309.html?spid=273253311,giày sandal vento hãng
278807054,Sandal Biti's nam Hello Helio( 38-43),415000.0,415000.0,0.0,0.0,0,174218,,https://tiki.vnsandal-biti-s-nam-hello-helio-38-43-p278807054.html?spid=278807064,sandal biti s nam
278303733,Sandal Biti's nam(39-44),394000.0,394000.0,0.0,0.0,0,174218,,https://tiki.vnsandal-biti-s-nam-39-44-p278303733.html?spid=278303772,sandal biti s nam
275262532,"Giày Sandal Nam Chất Liệu Nhựa EVA Mềm, Nhẹ, Êm Chân, Thoải Mái, Chống Trơn Trượt (FORM LỚN ĐẶT LÙI 1 SIZE) Giày đi học - Giày đi làm - Giày đi chơi",150000.0,165000.0,15000.0,0.0,0,265402,,https://tiki.vngiay-sandal-nam-chat-lieu-nhua-eva-mem-nhe-em-chan-thoai-mai-chong-tron-truot-p275262532.html?spid=275262559,giày sandal nam chất liệu
160749779,"Giày Da Nam, Giày Lười Da Nam SUNPOLO SU2589 (Đen, Nâu)",1020000.0,1020000.0,0.0,0.0,0,1827,,https://tiki.vngiay-da-nam-giay-luoi-da-nam-sunpolo-su2589-den-nau-p160749779.html?spid=160749797,giày da nam giày
48328634,GIày Sandal Nam Da Bò BIGGBEN Cao Cấp SD99,249000.0,450000.0,201000.0,4.8,4,9460,,https://tiki.vngiay-sandal-nam-da-bo-biggben-cao-cap-sd99-p48328634.html?spid=48328640,giày sandal nam da bò
55457002,Giày tây nam Trường Hải không dây da bò  thật màu đen mềm mại đế cao su không trơn may chắc chắn GT810,515000.0,515000.0,0.0,4.0,1,11395,,https://tiki.vngiay-tay-nam-truong-hai-khong-day-da-bo-that-mau-den-mem-mai-de-cao-su-khong-tron-may-chac-chan-gt810-p55457002.html?spid=55457010,giày tây nam trường hải dây
55075800,Giày Mọi Nam Da Bò BIGGBEN Cao Cấp GM226,750000.0,750000.0,0.0,0.0,0,9460,,https://tiki.vngiay-moi-nam-da-bo-biggben-cao-cap-gm226-p55075800.html?spid=55075806,giày nam da bò biggben
274992671,"Giày thể thao nam, giày chạy bộ đế êm nhẹ, thoáng khí đế cao su đúc, chống trơn trượt hạn chế mòn – BEE GEE – GNA2023",520000.0,1040000.0,520000.0,0.0,0,975,,https://tiki.vngiay-the-thao-nam-giay-chay-bo-de-em-nhe-thoang-khi-de-cao-su-duc-chong-tron-truot-han-che-mon-bee-gee-gna2023-p274992671.html?spid=274992675,giày thể thao nam giày
276357244,Giày Thể Thao Nam Biti’s Hunter X LiteDash - Original Edition 2K24 HSM007501NAU (Nâu),1050000.0,1050000.0,0.0,0.0,0,178519,,https://tiki.vngiay-the-thao-nam-biti-s-hunter-x-litedash-original-edition-2k24-hsm007501nau-nau-p276357244.html?spid=276357258,giày thể thao nam biti
127379868,Giày Sneaker Vải Unisex DINCOX D21 Black Cách Ấn Tượng,470000.0,470000.0,0.0,5.0,9,150940,,https://tiki.vngiay-sneaker-vai-unisex-dincox-d21-phong-cach-an-tuong-black-p127379868.html?spid=127379916,giày sneaker vải unisex
9810794,Giày Slip On Unisex Vans - VN000EYEBLK,1450000.0,1450000.0,0.0,5.0,2,32929,,https://tiki.vngiay-slip-on-unisex-vans-vn000eyeblk-p9810794.html?spid=20459573,giày slip on unisex
171177150,GIÀY LƯỜI DA BÒ CAO CẤP VA2001,349000.0,499000.0,150000.0,5.0,4,274160,,https://tiki.vngiay-luoi-da-bo-cao-cap-va2001-p171177150.html?spid=172926252,giày lười da bò cao cấp
101869577,"GIÀY THỂ THAO NAM DA BÒ 100%, MAY FULL QUAI XUỐNG ĐẾ CHẮC CHẮN, ĐẾ CAO SU CAO CẤP ĐI CỰC ÊM CHÂN",719000.0,1100000.0,381000.0,0.0,0,154317,,https://tiki.vngiay-the-thao-nam-da-bo-100-may-full-quai-xuong-de-chac-chan-de-cao-su-cao-cap-di-cuc-em-chan-p101869577.html?spid=101869593,giày thể thao nam da bò
98254555,Giày Da Nam Bảo Hân Đế Khâu- Da Bò Mã D65,650000.0,650000.0,0.0,5.0,2,20142,,https://tiki.vngiay-da-nam-bao-han-de-khau-da-bo-ma-d65-p98254555.html?spid=98254557,giày da nam bảo
275820994,Sandal Bitis nam (38-44),375000.0,375000.0,0.0,5.0,1,174218,,https://tiki.vnsandal-bitis-nam-38-44-p275820994.html?spid=275821004,sandal bitis nam
278861822,"Giày sục da nam Trường Hải  GS333 Đế âm da bò nguyên tấm 3 màu đen, nâu, vàng thời trang nam cao cấp",650000.0,650000.0,0.0,0.0,0,11395,,https://tiki.vngiay-suc-da-nam-truong-hai-gs333-de-am-da-bo-nguyen-tam-3-mau-den-nau-vang-thoi-trang-nam-cao-cap-p278861822.html?spid=278861824,giày sục da nam trường
20837731,Dép giải phóng quân,295000.0,295000.0,0.0,4.6,65,53773,,https://tiki.vndep-giai-phong-quan-p20837731.html?spid=20837743,dép giải phóng quân
107233238,Dép nhựa quai ngang siêu nhẹ Bitis nam,106000.0,106000.0,0.0,4.8,69,174218,,https://tiki.vndep-nhua-quai-ngang-sieu-nhe-bitis-nam-p107233238.html?spid=107233240,dép nhựa quai ngang nhẹ
125342199,"Dép Sục, Dép Sapo Nam Da Bò SUNPOLO SPO293 Bền đẹp (Đen, Nâu)",730000.0,730000.0,0.0,5.0,6,1827,,https://tiki.vndep-suc-dep-sapo-nam-da-bo-sunpolo-spo293-ben-dep-den-nau-p125342199.html?spid=125342221,dép sục dép sapo nam
275933718,Giày Sneaker Vải Canvas Nam Nữ E18 White Dincox Shoes Sang Trọng,490000.0,490000.0,0.0,1.0,1,150940,,https://tiki.vngiay-sneaker-vai-canvas-nam-nu-e18-white-dincox-shoes-sang-trong-p275933718.html?spid=275933726,giày sneaker vải canvas
183081577,Dép xỏ ngón nam da bò thật KEEDO KD2202,145000.0,145000.0,0.0,4.5,8,183745,,https://tiki.vndep-xo-ngon-nam-da-bo-that-keedo-kd2022-p183081577.html?spid=183081579,dép xỏ ngón nam
277582398,"Dép quai ngang Dép quai hậu nam BHD903 Trẻ trung, phong cách, dễ phối đồ. Giày sandals",400000.0,400000.0,0.0,0.0,0,8035,,https://tiki.vndep-quai-ngang-dep-quai-hau-nam-bhd903-tre-trung-phong-cach-de-phoi-do-giay-sandals-p277582398.html?spid=277582404,dép quai ngang dép quai
147206921,Giày Sandal Nam The Bily Quai Chéo Đôi - Xám Thổ Cẩm BL02XTC,329000.0,329000.0,0.0,5.0,13,196712,,https://tiki.vngiay-sandal-nam-the-bily-quai-cheo-doi-xam-tho-cam-bl02xtc-p147206921.html?spid=147206931,giày sandal nam the
57935703,Dép nam xỏ ngón - Dép kẹp nam da bò cao cấp mềm mại trường hải XN01235,239000.0,239000.0,0.0,0.0,0,11395,,https://tiki.vndep-nam-xo-ngon-dep-kep-nam-da-bo-cao-cap-mem-mai-truong-hai-xn01235-p57935703.html?spid=57935715,dép nam xỏ ngón
39851792,giày tây nam da bò dập vân cá sấu cao cấp Trường  Hải GT210,550000.0,550000.0,0.0,5.0,1,11395,,https://tiki.vngiay-tay-nam-truong-hai-da-bo-dap-van-ca-sau-mau-nau-cao-cap-de-cao-4cm-gt210-p39851792.html?spid=39851794,giày tây nam da bò dập vân
252948162,"Giày Tây Nam Không Dây Mã CS055, Màu Nâu- Đen",650000.0,650000.0,0.0,0.0,0,20142,,https://tiki.vngiay-tay-nam-khong-day-ma-cs055-mau-nau-den-p252948162.html?spid=252948172,giày tây nam dây mã cs055
277387822,Giày tây nam đẹp da mềm mịn- Da bò- Đế diễu- Dây buộc- Mã CS03,590000.0,590000.0,0.0,0.0,0,20142,,https://tiki.vngiay-tay-nam-dep-da-mem-min-da-bo-de-dieu-day-buoc-ma-cs03-p277387822.html?spid=277387824,giày tây nam đẹp da
2546571,Giày Tây Nam Da Bò SUNPOLO KT0540,980000.0,980000.0,0.0,5.0,1,1827,,https://tiki.vngiay-tay-nam-da-bo-sunpolo-sukt0540-p2546571.html?spid=2614551,giày tây nam da bò sunpolo
278874061,"Dép nam quai ngang, sandal nam, dép quai hậu nam VN2520 size 39-44. Hàng VN xuất khẩu",205000.0,205000.0,0.0,0.0,0,363958,,https://tiki.vndep-nam-sandal-nam-dep-quai-ngang-nam-vn2520-size-39-44-hang-vn-xuat-khau-p278874061.html?spid=278874073,dép nam quai ngang sandal
248859126,Giày Sandal nam quai chéo PABNO PN745,395000.0,395000.0,0.0,0.0,0,49994,,https://tiki.vngiay-sandal-nam-quai-cheo-pabno-pn745-p248859126.html?spid=248859216,giày sandal nam quai chéo
278127224,Sandal Biti's Helio Teen Nam (size 38-44),499000.0,499000.0,0.0,0.0,0,174218,,https://tiki.vnsandal-biti-s-helio-teen-nam-size-38-44-p278127224.html?spid=278127226,sandal biti s helio
278303685,Giày da Biti's nam (39-43),888000.0,888000.0,0.0,0.0,0,174218,,https://tiki.vngiay-da-biti-s-nam-39-43-p278303685.html?spid=278303695,giày da biti s
6398989,Giày Tây Nam BIGGBEN Da Bò Thật Cao Cấp GT26,469000.0,469000.0,0.0,0.0,0,9460,,https://tiki.vngiay-tay-nam-biggben-da-bo-that-cao-cap-gt26-p6398989.html?spid=6399005,giày tây nam biggben da bò
12599448,Giày Tây Nam BIGGBEN Da Bò Thật GT100,699000.0,800000.0,101000.0,5.0,1,9460,,https://tiki.vngiay-tay-nam-biggben-da-bo-that-gt100-p12599448.html?spid=12599454,giày tây nam biggben da bò
6132855,Dép Nam BIGGBEN Da Bò Thật DN35,400000.0,400000.0,0.0,4.8,28,9460,,https://tiki.vndep-nam-biggben-da-bo-that-dn35-p6132855.html?spid=6132879,dép nam biggben da bò
277410058,Dép Nam Quai Chéo Da Bò Sang Trọng Phong Cách Trẻ Trung Tiện Lợi,310000.0,310000.0,0.0,0.0,0,2676,,https://tiki.vndep-nam-quai-cheo-da-bo-sang-trong-phong-cach-tre-trung-tien-loi-p277410058.html?spid=277410066,dép nam quai chéo da bò
215224087,Dép nam quai ngang siêu bền KD1604 Full hộp,480000.0,480000.0,0.0,0.0,0,183745,,https://tiki.vndep-nam-quai-ngang-sieu-ben-kd1604-full-hop-p215224087.html?spid=215224093,dép nam quai ngang siêu bền
173635485,Giày Lười Nam Tăng Chiều Cao Da Bò Thật BIGGBEN Cao Cấp GM270,999000.0,1700000.0,701000.0,5.0,3,9460,,https://tiki.vngiay-luoi-nam-tang-chieu-cao-da-bo-that-biggben-cao-cap-gm269-p173635485.html?spid=278818070,giày lười nam tăng
183554496,Dép đế may sẵn quai ngang cao cấp KEEDO KD2906 Full hộp,460000.0,460000.0,0.0,5.0,1,183745,,https://tiki.vndep-de-may-san-quai-ngang-cao-cap-keedo-kd2906-p183554496.html?spid=183554506,dép đế may sẵn quai
277013893,Dép nam quai bảng PABNO PN21045,275000.0,275000.0,0.0,0.0,0,49994,,https://tiki.vndep-nam-quai-bang-pabno-pn21045-p277013893.html?spid=277013899,dép nam quai bảng pabno
162873975,"GIÀY NAM DA BÒ,QUAI CÓ LỖ THOÁNG KHÍ VÀ ĐƯỜNG VIỀN ĐẸP MẮT",129000.0,129000.0,0.0,3.5,11,154317,,https://tiki.vngiay-nam-da-bo-quai-co-lo-thoang-khi-va-duong-vien-dep-mat-p162873975.html?spid=162873996,giày nam da bò quai
103753899,"GIÀY LƯỜI NAM DA BÒ 100%, ĐÍNH KHUY R CAO CẤP, DA BÒ NAPPA MỀM MẠI, ĐÉ CAO SU CAO 3CM HỖ TRỢ TĂNG CHIỀU CAO",499000.0,600000.0,101000.0,5.0,1,154317,,https://tiki.vngiay-luoi-nam-da-bo-100-dinh-khuy-r-cao-cap-da-bo-nappa-mem-mai-de-cao-su-cao-3cm-ho-tro-tang-chieu-cao-p103753899.html?spid=103753915,giày lười nam da bò
179563238, GIÀY TÂY NAM DA BÒ THẬT 100%  DONAVY MŨI VUÔNG ĐÍNH KHUY R CÁCH ĐIỆU THỜI TRANG DOGR,499000.0,850000.0,351000.0,0.0,0,154317,,https://tiki.vngiay-tay-nam-da-bo-that-100-donavy-mui-vuong-dinh-khuy-r-cach-dieu-thoi-trang-dogr-p179563238.html?spid=179563250,giày tây nam da bò
274664676,Giày Mọi Nam Da Bò Thật BIGGBEN Cao Cấp GM302,749000.0,900000.0,151000.0,0.0,0,9460,,https://tiki.vngiay-moi-nam-da-bo-that-biggben-cao-cap-gm302-p274664676.html?spid=274664680,giày nam da bò biggben
120035812,"Xi nước đánh bóng Huy Hoàng màu đen, nâu, vàng bò, trắng, không màu HT9129-30-31-32-33",99000.0,99000.0,0.0,4.5,10,1867,,https://tiki.vnhp9129-30-31-32-33-xi-nuoc-danh-bong-huy-hoang-mau-den-nau-vang-bo-trang-khong-mau-p120035812.html?spid=120035828,xi nước đánh bóng
278091845,Giày MICHILUX Da Bò Thật Chính Hãng Classic Moccasin CSMS0 Màu Nâu Sẫm,750000.0,750000.0,0.0,0.0,0,362302,,https://tiki.vngiay-michilux-da-bo-that-chinh-hang-classic-moccasin-csms0-mau-nau-sam-p278091845.html?spid=278091861,giày michilux da bò
276177764,GIÀY CHẠY BỘ VÀ LEO NÚI ĐIA HÌNH  HIỆU ALTRA running -  Olympus6 W BLACK-BLACK   - AL0A85NK001,4390000.0,4390000.0,0.0,0.0,0,4343,,https://tiki.vngiay-chay-va-di-bo-dia-hinh-nam-altra-olympus-6-m-black-black-al0a85nj001-p276177764.html?spid=276412833,giày chạy bộ leo
275499038,"Giày lười nam da bò Trường Hải đế cao su 2 màu nâu,Đen GM330",650000.0,650000.0,0.0,0.0,0,11395,,https://tiki.vngiay-luoi-nam-da-bo-truong-hai-de-cao-su-2-mau-nau-den-gm330-p275499038.html?spid=275499048,giày lười nam da
272939069,"Giày sục nam da bò dập vân cá sấu Trường Hải 2 vàng, đen SN160 CÓ SIZE LỚN",450000.0,450000.0,0.0,5.0,2,11395,,https://tiki.vngiay-suc-nam-da-bo-dap-van-ca-sau-truong-hai-2-vang-den-sn160-co-size-lon-p272939069.html?spid=272939079,giày sục nam da bò dập vân
90726651,Giày tây nam tăng chiều cao da bò thật GC02,850000.0,850000.0,0.0,4.8,10,20142,,https://tiki.vngiay-tay-nam-tang-chieu-cao-da-bo-that-gc02-p90726651.html?spid=90726655,giày tây nam tăng chiều
164321515,Dép nam hai quai ngang cao cấp KEEDO BH00404 da bò thật,750000.0,750000.0,0.0,5.0,1,183745,,https://tiki.vndep-nam-hai-quai-ngang-cao-cap-keedo-bh00404-da-bo-that-p164321515.html?spid=164321539,dép nam quai ngang
278957623,Dép quai kẹp Biti's nam (size 38-43),232000.0,232000.0,0.0,0.0,0,174218,,https://tiki.vndep-quai-kep-biti-s-nam-size-38-43-p278957623.html?spid=278957629,dép quai kẹp biti s
829630,"Lót Giày Silicon Total Support Gel Spenco 46-300 - Đế lót gel hỗ trợ giảm đau gót chân, gai gót",695000.0,695000.0,0.0,4.0,4,302,,https://tiki.vnlot-giay-silicon-total-support-gel-spenco-46-300-xanh-p829630.html?spid=834506,lót giày silicon total
202332011, Giày  nam Huy Hoàng màu trắng HT7117-7120-7135-7751,454500.0,909000.0,454500.0,0.0,0,1867,,https://tiki.vngiay-nam-huy-hoang-mau-trang-ht7117-7120-7135-7751-p202332011.html?spid=202332019,giày nam huy hoàng màu
120049585,"Giày tây nam Huy Hoàng da bò màu đen, trắng HP7103-7135-7164-7706",454500.0,909000.0,454500.0,5.0,1,1867,,https://tiki.vnhp7103-7135-7164-7706-giay-tay-nam-huy-hoang-mau-den-trang-p120049585.html?spid=120050238,giày tây nam huy hoàng da bò
129875232,"HJ7505-06-08-11 - Giày tây nam Huy Hoàng cột dây màu xanh đậm, trắng, nâu đất",699500.0,1399000.0,699500.0,0.0,0,223818,,https://tiki.vnhj7505-06-08-11-giay-tay-nam-huy-hoang-cot-day-mau-xanh-dam-trang-nau-dat-p129875232.html?spid=129875282,hj7505 06 08 giày
278095673,GIÀY MỌI NAM DA BÒ CAO CẤP PABNO PN21056,795000.0,795000.0,0.0,0.0,0,49994,,https://tiki.vngiay-moi-nam-da-bo-cao-cap-pabno-pn21056-p278095673.html?spid=278095691,giày nam da bò cao cấp
263276857,Chuck Taylor Converse Classic White | Giày Converse Trắng Viền Đỏ M7652C,1600000.0,1600000.0,0.0,0.0,0,77420,,https://tiki.vnchuck-taylor-converse-classic-white-giay-converse-trang-vien-do-p263276857.html?spid=263276890,chuck taylor converse classic
263276192,Chuck 70 Parchment Low | Giày Converse 1970s Kem Cổ Thấp Egret 162062C,2100000.0,2100000.0,0.0,5.0,1,77420,,https://tiki.vnchuck-70-parchment-low-giay-converse-1970s-kem-co-thap-egret-p263276192.html?spid=263276196,chuck parchment low giày
173635886,Giày Lười Nam Da Bò Thật BIGGBEN Cao Cấp GM271,749000.0,800000.0,51000.0,0.0,0,9460,,https://tiki.vngiay-luoi-nam-da-bo-that-biggben-cao-cap-gm271-p173635886.html?spid=173635890,giày lười nam da bò
278091788,Giày MICHILUX Da Bò Thật Chính Hãng Horse Bit Moccasin CSHM0 Màu Xanh Navy,790000.0,790000.0,0.0,0.0,0,362302,,https://tiki.vngiay-michilux-da-bo-that-chinh-hang-horse-bit-moccasin-cshm0-mau-xanh-navy-p278091788.html?spid=278091796,giày michilux da bò
125285193,"Giày Tây Nam Da Bò Pull-up Cao Cấp SUNPOLO MU8003 (Đen, Nâu, Đỏ)",1620000.0,1620000.0,0.0,3.0,2,1827,,https://tiki.vngiay-tay-nam-da-bo-pull-up-cao-cap-sunpolo-su8003-den-nau-do-p125285193.html?spid=125285207,giày tây nam da bò pull
248093411,"Giày nam da bò mũi nhọn công sở dập vân Trường Hải đế cao su thời trang cao cấp hai màu đen, nâu GT449N",650000.0,650000.0,0.0,0.0,0,11395,,https://tiki.vngiay-nam-da-bo-mui-nhon-cong-so-dap-van-truong-hai-de-cao-su-thoi-trang-cao-cap-hai-mau-den-nau-gt449n-p248093411.html?spid=248093419,giày nam da bò mũi nhọn
55953905,Giày tây tăng chiều cao Trường Hải da bò cao cấp cao 6.5 cm trường Hải GTN0125,645000.0,645000.0,0.0,5.0,3,11395,,https://tiki.vngiay-tay-nam-tang-chieu-cao-truong-hai-da-bo-cao-cap-cao-6-5-cm-de-cao-su-giay-duoc-gia-cong-tai-xuong-truong-hai-gtn0125-p55953905.html?spid=55953915,giày tây tăng chiều cao
262983971,Dép nam đế may sẵn quai ngang cao cấp thương hiệu KEEDO KD0609,480000.0,480000.0,0.0,0.0,0,183745,,https://tiki.vndep-nam-de-may-san-quai-ngang-cao-cap-thuong-hieu-keedo-kd0609-p262983971.html?spid=262983979,dép nam đế may sẵn quai
252065858,"Giày lười nam da bò mềm đế khâu chắc chắn mã GL66C, mũi vuông chân đế phẳng",650000.0,650000.0,0.0,0.0,0,20142,,https://tiki.vngiay-luoi-nam-da-bo-mem-de-khau-chac-chan-ma-gl66c-mui-vuong-chan-de-phang-p252065858.html?spid=252065868,giày lười nam da bò
262984097,Dép nam đế may sẵn quai ngang cao cấp KEEDO KD0607,360000.0,360000.0,0.0,0.0,0,183745,,https://tiki.vndep-nam-de-may-san-quai-ngang-cao-cap-keedo-kd0607-p262984097.html?spid=262984119,dép nam đế may sẵn quai
1999495,Giày Mọi Nam Huy Hoàng HT7115 - Nâu Đỏ (Size,909000.0,909000.0,0.0,5.0,2,1867,,https://tiki.vngiay-moi-nam-huy-hoang-ht7115-nau-do-p1999495.html?spid=2007375,giày nam huy hoàng ht7115
214770959,Dép Nam Quai Ngang HÀ NAM Da Bò Thật Cao Cấp DNA2199,480000.0,480000.0,0.0,0.0,0,93132,,https://tiki.vndep-nam-quai-ngang-da-bo-that-giay-ha-nam-cao-cap-dna2199-p214770959.html?spid=214771021,dép nam quai ngang hà nam
53380039,Dép Xỏ Ngón Nam BIGGBEN Da Bò Thật DK63,299000.0,400000.0,101000.0,4.6,30,9460,,https://tiki.vndep-xo-ngon-nam-biggben-da-bo-that-dk63-p53380039.html?spid=53380051,dép xỏ ngón nam
250057508,Dép Nam Bảng Ngang BIGGBEN Da Bò Thật Cao Cấp DN333,389000.0,450000.0,61000.0,0.0,0,9460,,https://tiki.vndep-nam-bang-ngang-biggben-da-bo-that-cao-cap-dn333-p250057508.html?spid=250057526,dép nam bảng ngang
250335247,Giày Mọi Nam Da Bò Thật BIGGBEN Cao Cấp GM288,700000.0,700000.0,0.0,0.0,0,9460,,https://tiki.vngiay-moi-nam-da-bo-that-biggben-cao-cap-gm288-p250335247.html?spid=250335261,giày nam da bò biggben
274665248,Giày Mọi Nam Da Bò Thật BIGGBEN Cao Cấp GM306,729000.0,900000.0,171000.0,0.0,0,9460,,https://tiki.vngiay-moi-nam-da-bo-that-biggben-cao-cap-gm306-p274665248.html?spid=274665252,giày nam da bò biggben
59206687,GIày Sandal Nam Da Bò BIGGBEN Cao Cấp SD105,379000.0,450000.0,71000.0,4.8,13,9460,,https://tiki.vngiay-sandal-nam-da-bo-biggben-cao-cap-sd105-p59206687.html?spid=59206697,giày sandal nam da bò
186639109,Dép Nam Da Bò Thật May Đế BIGGBEN Cao Cấp DN312,380000.0,380000.0,0.0,0.0,0,9460,,https://tiki.vndep-nam-da-bo-that-may-de-biggben-cao-cap-dn312-p186639109.html?spid=186639117,dép nam da bò may đế
250053083,Dép Nam BIGGBEN Da Bò Thật Cao Cấp DN328,399000.0,450000.0,51000.0,0.0,0,9460,,https://tiki.vndep-nam-biggben-da-bo-that-cao-cap-dn328-p250053083.html?spid=250053103,dép nam biggben da bò
273277305,Sandal Thể Thao Eva Phun Nam Biti's Hunter HEM000700,469000.0,469000.0,0.0,5.0,2,174218,,https://tiki.vnsandal-the-thao-eva-phun-nam-biti-s-hunter-hem000700-p273277305.html?spid=273277311,sandal thể thao eva phun
276649768,Dép Xỏ Ngón Nam Da Bò Thật BIGGBEN Cao Cấp DK99,309000.0,400000.0,91000.0,0.0,0,9460,,https://tiki.vndep-xo-ngon-nam-da-bo-that-biggben-cao-cap-dk99-p276649768.html?spid=276649776,dép xỏ ngón nam
5469269,Sandal Nam BIGGBEN Da Bò Thật SD13,379000.0,500000.0,121000.0,4.0,9,9460,,https://tiki.vnsandal-nam-biggben-da-bo-that-sd13-p5469269.html?spid=5469277,sandal nam biggben da bò
278861779,"Giày sục da nam TRường Hải GS331 khóa ngang Đế âm da bò nguyên tấm 3 màu đen, nâu, vàng",650000.0,650000.0,0.0,0.0,0,11395,,https://tiki.vngiay-suc-da-nam-truong-hai-gs331-khoa-ngang-de-am-da-bo-nguyen-tam-3-mau-den-nau-vang-p278861779.html?spid=278861785,giày sục da nam trường
272424849,"Giày Sục nam da bò Trường Hải 3 màu nâu, đen, vàng thời trang nam cao cấp S135",349000.0,349000.0,0.0,0.0,0,11395,,https://tiki.vngiay-suc-nam-da-bo-truong-hai-3-mau-nau-den-vang-thoi-trang-nam-cao-cap-s135-p272424849.html?spid=272424861,giày sục nam da bò
274494294,Giày sục nam da bò màu Nâu Trường Hải Đế Kếp không trơn May đế chắc chắn DN130,349000.0,349000.0,0.0,0.0,0,11395,,https://tiki.vngiay-suc-nam-da-bo-mau-nau-truong-hai-de-kep-khong-tron-may-de-chac-chan-dn130-p274494294.html?spid=274494318,giày sục nam da bò màu
273836854,Giày Sandal Nam Nữ Unisex The BiLy Quai Ngang Dây Dù Đế IP Siêu Êm Nhẹ Màu Đen-BL05,349000.0,349000.0,0.0,0.0,0,196712,,https://tiki.vngiay-sandal-nam-nu-unisex-the-bily-quai-ngang-day-du-de-ip-sieu-em-nhe-mau-den-bl05-p273836854.html?spid=273836862,giày sandal nam nữ unisex
278592833,Giày Tây Nam BIGGBEN Da Bò Thật Cao Cấp GT270,749000.0,1000000.0,251000.0,0.0,0,9460,,https://tiki.vngiay-tay-nam-biggben-da-bo-that-cao-cap-gt270-p278592833.html?spid=278592847,giày tây nam biggben da bò
97546164,Giày Tây Nam Buộc Dây Bảo Hân Mã CS89,450000.0,450000.0,0.0,4.8,5,20142,,https://tiki.vngiay-tay-nam-buoc-day-bao-han-ma-cs89-p97546164.html?spid=97546174,giày tây nam buộc dây
215260573,"Dép nam hai quai cao cấp KD1703 siêu bền full hộp, đế cao su chống trơn trượt",290000.0,290000.0,0.0,5.0,1,183745,,https://tiki.vndep-nam-hai-quai-cao-cap-kd1703-sieu-ben-full-hop-de-cao-su-chong-tron-truot-p215260573.html?spid=215260579,dép nam quai cao cấp
40363202,Lót giày vải cotton Hương quế CI-02 làm từ vải cotton - bột quế giúp hút ẩm - khử mùi - phòng cảm cúm và cải thiện sức khoẻ,25000.0,25000.0,0.0,5.0,1,61212,,https://tiki.vnlot-giay-vai-cotton-huong-que-ci-02-lam-tu-vai-cotton-bot-que-giup-hut-am-khu-mui-phong-cam-cum-va-cai-thien-suc-khoe-p40363202.html?spid=40363214,lót giày vải cotton
276651804,DÉP NAM QUAI NGANG DA BÒ CAO CẤP VATIS,149000.0,289000.0,140000.0,0.0,0,274160,,https://tiki.vndep-nam-quai-ngang-da-bo-cao-cap-vatis-p276651804.html?spid=276651810,dép nam quai ngang da bò
162867753,"DÉP NAM BA QUAI DA BÒ,QUAI CÓ GẮN KHUY ĐẸP MẮT",329000.0,329000.0,0.0,0.0,0,154317,,https://tiki.vndep-nam-ba-quai-da-bo-quai-co-gan-khuy-dep-mat-p162867753.html?spid=162867757,dép nam quai da bò quai
55144821,Giày Tây Nam Da Bò BIGGBEN Cao Cấp GT184,700000.0,700000.0,0.0,0.0,0,9460,,https://tiki.vngiay-tay-nam-da-bo-biggben-cao-cap-gt184-p55144821.html?spid=55144825,giày tây nam da bò biggben
275837214,Giày Sandal Nam BIGGBEN Da Bò Thật Cao Cấp SD140,369000.0,500000.0,131000.0,0.0,0,9460,,https://tiki.vngiay-sandal-nam-biggben-da-bo-that-cao-cap-sd140-p275837214.html?spid=275837220,giày sandal nam biggben
6397663,Giày Tây Nam BIGGBEN Da Bò Thật Cao Cấp GT19,600000.0,600000.0,0.0,0.0,0,9460,,https://tiki.vngiay-tay-nam-biggben-da-bo-that-cao-cap-gt19-p6397663.html?spid=6397671,giày tây nam biggben da bò
192139409,Giày sandal nam da bò thật BIGGBEN cao cấp SD128,349000.0,450000.0,101000.0,0.0,0,9460,,https://tiki.vngiay-sandal-nam-da-bo-that-biggben-cao-cap-sd128-p192139409.html?spid=192139425,giày sandal nam da bò
278590931,Dép Nam Quai Ngang  Da Bò BIGGBEN DN363,289000.0,400000.0,111000.0,0.0,0,9460,,https://tiki.vndep-nam-quai-ngang-da-bo-biggben-dn363-p278590931.html?spid=278590939,dép nam quai ngang da
150759459,Giày Sandal Nam The Bily Quai Ngang - Màu Đen BL03D,339000.0,339000.0,0.0,4.6,20,196712,,https://tiki.vngiay-sandal-nam-the-bily-quai-ngang-mau-den-bl03d-p150759459.html?spid=150759463,giày sandal nam the
53245551,Giày mọi nam Trường Hải màu nâu da bò thật cao cấp không bong tróc đế cao su chống mòn không trơn GMTH092,499000.0,499000.0,0.0,0.0,0,11395,,https://tiki.vngiay-moi-nam-truong-hai-mau-nau-da-bo-that-cao-cap-khong-bong-troc-de-cao-su-chong-mon-khong-tron-gmth092-p53245551.html?spid=53245555,giày nam trường hải màu
54051384,Dép nam quai ngang Trường Hải một bản da bò thật đế kếp mềm dẻo không trơn QN0421,196000.0,196000.0,0.0,5.0,2,11395,,https://tiki.vndep-nam-quai-ngang-truong-hai-mot-ban-da-bo-that-de-kep-mem-deo-khong-tron-qn0421-p54051384.html?spid=54051386,dép nam quai ngang trường
174628667,Mule- Sục Nam Bảo Hân Da Bò Mã GS-02,650000.0,650000.0,0.0,4.7,3,20142,,https://tiki.vnmule-suc-nam-bao-han-da-bo-ma-gs-02-p174628667.html?spid=174628679,mule sục nam bảo hân
278091925,Giày MICHILUX Da Bò Thật Chính Hãng Horse Bit Loafer CIEHL Màu Đen,850000.0,850000.0,0.0,0.0,0,362302,,https://tiki.vngiay-michilux-da-bo-that-chinh-hang-horse-bit-loafer-ciehl-mau-den-p278091925.html?spid=278091939,giày michilux da bò
26338670,Lót giày vải lưới 1 lớp CI05,40000.0,40000.0,0.0,5.0,1,61212,,https://tiki.vnlot-giay-vai-luoi-1-lop-ci05-p26338670.html?spid=26338680,lót giày vải lưới
202330200,Giày nam da bò nhiều loại nhiều màu HT7111-13-14-15-18-22-23-24,454500.0,909000.0,454500.0,5.0,1,1867,,https://tiki.vngiay-nam-da-bo-nhieu-loai-nhieu-mau-ht7111-13-14-15-18-22-23-24-p202330200.html?spid=202330238,giày nam da bò nhiều
119443235,Giày tây nam Huy Hoàng cột dây màu đen HT7501,699500.0,1399000.0,699500.0,5.0,1,1867,,https://tiki.vnht7501-giay-tay-nam-huy-hoang-cot-day-mau-den-p119443235.html?spid=119443243,giày tây nam huy hoàng cột
173124834,"DÉP XỎ NGÓN NAM DA BÒ, QUAI DẬP VÂN NỔI THỊNH HÀNH - ĐẾ CÓ CHIẾC LÁ NỔI BẬT",379000.0,500000.0,121000.0,0.0,0,154317,,https://tiki.vndep-xo-ngon-nam-da-bo-quai-dap-van-noi-thinh-hanh-de-co-chiec-la-noi-bat-p173124834.html?spid=173124862,dép xỏ ngón nam
207563525,Dép Nam BIGGBEN Da Bò Thật Cao Cấp DN325,399000.0,450000.0,51000.0,0.0,0,9460,,https://tiki.vndep-nam-biggben-da-bo-that-cao-cap-dn325-p207563525.html?spid=207563539,dép nam biggben da bò
2793429,Giày Mọi Nam Da Bò SUNPOLO SU3028D,699000.0,699000.0,0.0,4.3,17,1827,,https://tiki.vngiay-moi-nam-da-bo-sunpolo-su3028d-den-p2793429.html?spid=2804393,giày nam da bò sunpolo
152246210,Giày mọi nam da bò thật BIGGBEN cao cấp GM266,599000.0,800000.0,201000.0,0.0,0,9460,,https://tiki.vngiay-moi-nam-da-bo-that-biggben-cao-cap-gm266-p152246210.html?spid=152246228,giày nam da bò biggben
8000281,Giày Tây Nam BIGGBEN Da Bò Thật Cao Cấp GT78,550000.0,550000.0,0.0,0.0,0,9460,,https://tiki.vngiay-tay-nam-biggben-da-bo-that-cao-cap-gt78-p8000281.html?spid=8000291,giày tây nam biggben da bò
275358153,Dép Nam Quai Ngang BIGGBEN Da Bò Thật Cao Cấp DN351,329000.0,400000.0,71000.0,0.0,0,9460,,https://tiki.vndep-nam-quai-ngang-biggben-da-bo-that-cao-cap-dn351-p275358153.html?spid=275358181,dép nam quai ngang biggben
124328848,Giày nam thời trang huy hoàng màu đen HJ7160,909000.0,909000.0,0.0,0.0,0,223818,,https://tiki.vngiay-nam-thoi-trang-huy-hoang-mau-den-hp7160-p124328848.html?spid=124328890,giày nam thời trang huy hoàng
21977897,Giày tây nam Huy Hoàng da bò vân da trăn cột dây màu đen HT7798,636300.0,909000.0,272700.0,5.0,1,1867,,https://tiki.vngiay-tay-nam-huy-hoang-da-bo-van-da-tran-cot-day-mau-den-ht7798-p21977897.html?spid=21977907,giày tây nam huy hoàng da
276008302,Tất cổ cao nam/nữ mẫu chữ đơn giản cotton dày dặn - combo 5 tất tặng kèm hộp,35000.0,35000.0,0.0,0.0,0,6615,,https://tiki.vntat-co-cao-nam-nu-mau-chu-don-gian-cotton-day-dan-combo-5-tat-tang-kem-hop-p276008302.html?spid=276008308,tất cổ cao nam nữ mẫu
95289298,Dép Nam Quai Ngang  Da Bò Chính Hãng Trường Hải Màu Đen DN166  Thời Trang Cao Cấp Trẻ Trung,349000.0,349000.0,0.0,0.0,0,11395,,https://tiki.vndep-nam-quai-ngang-da-bo-chinh-hang-truong-hai-mau-den-dn166-thoi-trang-cao-cap-tre-trung-p95289298.html?spid=95289302,dép nam quai ngang da bò
272435364,Giày da nam công sở không dây mũi nhọn Trường Hải da bò màu đen GT335Đ,699000.0,699000.0,0.0,0.0,0,11395,,https://tiki.vngiay-da-nam-cong-so-khong-day-mui-nhon-truong-hai-da-bo-mau-den-truong-hai-gt335d-p272435364.html?spid=272435376,giày da nam công sở
109223286,Dép xốp 3 quai đế cao,300000.0,300000.0,0.0,5.0,4,53773,,https://tiki.vndep-xop-3-quai-de-cao-p109223286.html?spid=109223304,dép xốp quai đế cao
39997426,Dép bít mũi nam da bò cao cấp Trường Hải BM213,399000.0,399000.0,0.0,4.6,8,11395,,https://tiki.vndep-nam-bit-mui-truong-hai-mau-den-da-bo-that-cao-cap-mem-mai-m213-p39997426.html?spid=39997431,dép bít mũi nam
215224455,"Dép nam hai quai chính hãng cao cấp KD912 đế cao su, chống trơn trượt",290000.0,290000.0,0.0,5.0,2,183745,,https://tiki.vndep-nam-hai-quai-chinh-hang-cao-cap-kd912-de-cao-su-chong-tron-truot-p215224455.html?spid=215224477,dép nam quai chính hãng
141689116,"Dép Sapo Dép Bít Mũi Nam Da Bò SUNPOLO SPO275 (Đen, Nâu)",770000.0,770000.0,0.0,5.0,1,1827,,https://tiki.vndep-sapo-dep-bit-mui-nam-da-bo-sunpolo-spo275-den-nau-p141689116.html?spid=141689138,dép sapo dép bít
72213831,Giày Tây Nam Da Bò BIGGBEN Cao Cấp GT201,780000.0,780000.0,0.0,0.0,0,9460,,https://tiki.vngiay-tay-nam-da-bo-biggben-cao-cap-gt201-p72213831.html?spid=72213839,giày tây nam da bò biggben
278956883,Dép quai kẹp Biti's nam (38-43),189000.0,189000.0,0.0,0.0,0,174218,,https://tiki.vndep-quai-kep-biti-s-nam-38-43-p278956883.html?spid=278956889,dép quai kẹp biti s
58585607,Giày Tây Nam Công Sở  Da Bò Thật HÀ NAM Cao Cấp GT2021,576300.0,576300.0,0.0,0.0,0,93132,,https://tiki.vngiay-tay-nam-cong-so-da-bo-that-cao-cap-gt2021-p58585607.html?spid=58585615,giày tây nam công sở da bò
67269455,Giày boots nam cao cổ HÀ NAM da bò thật đế đốc tờ cao cấp DT2022,776000.0,776000.0,0.0,4.2,10,93132,,https://tiki.vngiay-boots-nam-co-cao-da-bo-that-de-doc-to-cao-cap-dt2022-p67269455.html?spid=67269457,giày boots nam cao
278091650,Giày MICHILUX Da Bò Thật Chính Hãng Horse Bit Moccasin CIEHM Màu Nâu Sẫm,790000.0,790000.0,0.0,0.0,0,362302,,https://tiki.vngiay-michilux-da-bo-that-chinh-hang-horse-bit-moccasin-ciehm-mau-nau-sam-p278091650.html?spid=278091652,giày michilux da bò
26338782,Lót giày vải cotton CI02,25000.0,25000.0,0.0,0.0,0,61212,,https://tiki.vnlot-giay-vai-cotton-ci02-p26338782.html?spid=26338790,lót giày vải cotton
202292314,Giày nam da bò nhiều loại nhiều màu HT7101-02-03-04-05-06,454500.0,909000.0,454500.0,0.0,0,1867,,https://tiki.vngiay-nam-da-bo-nhieu-loai-nhieu-mau-ht7101-02-03-04-05-06-p202292314.html?spid=202292354,giày nam da bò nhiều
202334235," Giày nam da trăn Huy Hoàng màu da nguyên thủy, đen HT7303-07-09-10",699500.0,1399000.0,699500.0,0.0,0,1867,,https://tiki.vngiay-nam-da-tran-huy-hoang-mau-da-nguyen-thuy-den-ht7303-07-09-10-p202334235.html?spid=202334283,giày nam da trăn huy hoàng
2022663,Giày Nam Tăng Chiều Cao Huy Hoàng HT7717 - Nâu,699500.0,1399000.0,699500.0,0.0,0,1867,,https://tiki.vngiay-nam-tang-chieu-cao-huy-hoang-ht7717-nau-p2022663.html?spid=2025725,giày nam tăng chiều
278848178,GIÀY TÂY NAM DẬP VÂN PABNO PN18018,790000.0,790000.0,0.0,0.0,0,49994,,https://tiki.vngiay-tay-nam-dap-van-pabno-pn18018-p278848178.html?spid=278848180,giày tây nam dập vân
179549062,"Dép quai ngang nam da bò cao cấp DONAVY, thiết kế kiểu khuy đồng thời trang D3KD",570000.0,1000000.0,430000.0,0.0,0,154317,,https://tiki.vndep-quai-ngang-nam-da-bo-cao-cap-donavy-thiet-ke-kieu-khuy-dong-thoi-trang-d3kd-p179549062.html?spid=179549078,dép quai ngang nam
85315634,"Dép Nam Quai Ngang, Dép Nam Kẻ Sọc Laceva DP66",99000.0,99000.0,0.0,4.7,168,144221,,https://tiki.vndep-nam-quai-ngang-dep-nam-dong-oekrb-laceva-dp66-p85315634.html?spid=85315644,dép nam quai ngang dép nam
276183351,"Giày thể thao nam đế êm nhẹ, thoáng khí đế cao su đúc, chống trơn trượt hạn chế mòn  – BEE GEE - GNA2027",620000.0,1240000.0,620000.0,0.0,0,975,,https://tiki.vngiay-the-thao-nam-de-em-nhe-thoang-khi-de-cao-su-duc-chong-tron-truot-han-che-mon-bee-gee-gna2027-p276183351.html?spid=276183355,giày thể thao nam đế êm nhẹ
159010173,"Giày Nam, Giày Lười da Bò SUNPOLO SPH423 (Xanh navy, Nâu)",920000.0,920000.0,0.0,0.0,0,1827,,https://tiki.vngiay-nam-giay-luoi-da-bo-sunpolo-sph423-xanh-navy-nau-p159010173.html?spid=159010175,giày nam giày lười
133234738,Dép nhựa đúc nam quai ngang Thái Lan Adda 5TD12,205000.0,205000.0,0.0,4.8,59,192753,,https://tiki.vndep-nhua-duc-nam-quai-ngang-thai-lan-adda-5td12-p133234738.html?spid=133234801,dép nhựa đúc nam quai
79730828,"GIÀY LƯỜI NAM DA BÒ 100%, HÀNG CAO CẤP, ĐI RẤT ÊM CHÂN, KHÔNG HÔI",499000.0,600000.0,101000.0,4.6,14,154317,,https://tiki.vngiay-luoi-nam-da-bo-100-hang-cao-cap-di-rat-em-chan-khong-hoi-p79730828.html?spid=79730851,giày lười nam da bò
276620902,Giày sneaker Thể Thao Nam Biti's Hunter Street HSM008600NAD (Nâu đậm),687000.0,687000.0,0.0,0.0,0,178519,,https://tiki.vngiay-sneaker-the-thao-nam-biti-s-hunter-street-hsm008600nad-nau-dam-p276620902.html?spid=276620913,giày sneaker thể thao nam
130398472,"Giày Lười Nam Da Bò SUNPOLO SU4010 (Đen, Nâu)",870000.0,870000.0,0.0,4.8,5,1827,,https://tiki.vngiay-luoi-nam-da-bo-sunpolo-su4010-den-nau-p130398472.html?spid=130398490,giày lười nam da bò
145650235,Bình Xịt Nano Khử Mùi Hôi Giày Dép Hiệu Quả - Có Thể Sử Dụng Nhiều Lần.,15000.0,15000.0,0.0,0.0,0,238102,,https://tiki.vnbinh-xit-nano-khu-mui-hoi-giay-dep-hieu-qua-co-the-su-dung-nhieu-lan-p145650235.html?spid=276458595,bình xịt nano khử
126257712,Đón gót giày cho mọi tư thế gỗ tự nhiên nguyên khối - Dài 55cm (DGH907) Cho giày Nam & Nữ,70000.0,70000.0,0.0,4.5,16,253372,,https://tiki.vndon-got-giay-cho-moi-tu-the-go-tu-nhien-nguyen-khoi-dai-55cm-dgh907-cho-giay-nam-nu-p126257712.html?spid=163870742,đón gót giày
276020295,Giày Sneaker Da Nam Nữ E13 Off/White Dincox Shoes,490000.0,490000.0,0.0,0.0,0,150940,,https://tiki.vngiay-sneaker-da-nam-nu-e13-off-white-dincox-shoes-p276020295.html?spid=276020297,giày sneaker da nam nữ
22929950,Dép Nam BIGGBEN Da Bò Thật Cao Cấp DN176,339000.0,450000.0,111000.0,4.6,65,9460,,https://tiki.vndep-nam-biggben-da-bo-that-cao-cap-dn176-p22929950.html?spid=22929962,dép nam biggben da bò
270791815,"Dép đúc siêu nhẹ nam, nữ DUWA - Hàng chính hãng - TK2272",159000.0,159000.0,0.0,5.0,2,162605,,https://tiki.vndep-duc-sieu-nhe-nam-nu-duwa-hang-chinh-hang-tk2272-p270791815.html?spid=270791819,dép đúc siêu nhẹ nam nữ
272374647,"Dép da nam hai quai Trường Hải da bò thật 3 màu nâu,đen, vàng DN125MĐ",299000.0,299000.0,0.0,5.0,1,11395,,https://tiki.vndep-da-nam-hai-quai-truong-hai-da-bo-that-3-mau-nau-den-vang-dn125md-p272374647.html?spid=272374673,dép da nam quai trường
254074756,Dép nam quai ngang cao cấp KEEDO KDX12,480000.0,480000.0,0.0,0.0,0,183745,,https://tiki.vndep-nam-quai-ngang-cao-cap-keedo-kdx12-p254074756.html?spid=254074764,dép nam quai ngang cao cấp
27769036,Dép Nam BIGGBEN Da Bò Thật Cao Cấp DN209,339000.0,350000.0,11000.0,4.6,121,9460,,https://tiki.vndep-nam-biggben-da-bo-that-cao-cap-dn209-p27769036.html?spid=27769048,dép nam biggben da bò
277771106,Sandal Nam Biti's BYM000400 Siêu Bền Chống Trượt sandal,492000.0,492000.0,0.0,0.0,0,112034,,https://tiki.vnsandal-nam-biti-s-bym000400-sieu-ben-chong-truot-sandal-p277771106.html?spid=277771116,sandal nam biti s
90576424,Giày Lười Nam Xuất Dư Da Bò Mã GL-66,650000.0,650000.0,0.0,5.0,3,20142,,https://tiki.vngiay-luoi-nam-xuat-du-da-bo-ma-gl-66-p90576424.html?spid=90576428,giày lười nam xuất dư
150788748,Giày Sandal Nam The Bily Quai Chéo - Màu Đen BL01D,319000.0,319000.0,0.0,5.0,27,196712,,https://tiki.vngiay-sandal-nam-the-bily-quai-cheo-mau-den-bl01d-p150788748.html?spid=189086595,giày sandal nam the
66421034,Dép nam bít mũi da bò Trường Hải màu đen đế cao 3.5cm HÌNH ẢNH THẬT,349000.0,349000.0,0.0,4.3,4,11395,,https://tiki.vndep-nam-bit-mui-da-bo-truong-hai-mau-den-de-cao-3-5cm-hinh-anh-that-p66421034.html?spid=66421036,dép nam bít mũi
263276725,Chuck Taylor Classic Black Canvas Low | Giày Thể Thao Đen Cổ Thấp M9166C,1600000.0,1600000.0,0.0,5.0,1,77420,,https://tiki.vnchuck-taylor-classic-black-giay-the-thao-den-co-thap-p263276725.html?spid=263276736,chuck taylor classic black
127379613,Giày Sneaker Da Unisex DINCOX D20 White Năng Động Cá Tính,550000.0,550000.0,0.0,4.6,5,150940,,https://tiki.vngiay-sneaker-da-unisex-dincox-d20-nang-dong-ca-tinh-white-p127379613.html?spid=127379686,giày sneaker da unisex
174437687,Dép nhựa Bitis nam,89000.0,89000.0,0.0,5.0,21,174218,,https://tiki.vndep-nhua-bitis-nam-p174437687.html?spid=174437689,dép nhựa bitis nam
141242523,"Giày Lười Nam Da Bò SUNPOLO SUS511 (Đen, Nâu)",820000.0,820000.0,0.0,4.0,1,1827,,https://tiki.vngiay-luoi-nam-da-bo-sunpolo-sus511-den-nau-p141242523.html?spid=141242543,giày lười nam da bò
55136918,Giày Tây Nam Da Bò BIGGBEN Cao Cấp GT174,700000.0,700000.0,0.0,5.0,2,9460,,https://tiki.vngiay-tay-nam-da-bo-biggben-cao-cap-gt174-p55136918.html?spid=55136938,giày tây nam da bò biggben
276024613,Dép Đế Trấu Nam 2 Khóa Charcoal DC01 Dincox,250000.0,250000.0,0.0,5.0,1,150940,,https://tiki.vndep-de-trau-nam-2-khoa-charcoal-dc01-dincox-p276024613.html?spid=276024619,dép đế trấu nam
277587809,Dép bịt mũi nam da bò thật BHD6732 Giày sandal nam quai ngang,479000.0,479000.0,0.0,0.0,0,8035,,https://tiki.vndep-bit-mui-nam-da-bo-that-bhd6732-giay-sandal-nam-quai-ngang-p277587809.html?spid=277587821,dép bịt mũi nam
48316320,Giày Mọi Nam BIGGBEN Da Bò Thật GM223,650000.0,650000.0,0.0,5.0,1,9460,,https://tiki.vngiay-moi-nam-biggben-da-bo-that-gm223-p48316320.html?spid=48316330,giày nam biggben da bò
183725406,"Lót giày thể thao, giày tây giày lười cao su non cao 1.5cm TH152",99000.0,99000.0,0.0,4.5,2,11395,,https://tiki.vnlot-giay-the-thao-giay-tay-giay-luoi-cao-su-non-cao-1-5cm-th152-p183725406.html?spid=183725414,lót giày thể thao giày tây
278115080,Dép Eva Biti's Hunter Nam HEM001200 (size 40-44),309000.0,309000.0,0.0,0.0,0,174218,,https://tiki.vndep-eva-biti-s-hunter-nam-hem001200-size-40-44-p278115080.html?spid=278115102,dép eva biti s
277778398,Giày Thể Thao Biti's Hunter Core Nam HSM009000,869000.0,869000.0,0.0,0.0,0,174218,,https://tiki.vngiay-the-thao-biti-s-hunter-core-nam-hsm009000-p277778398.html?spid=277778408,giày thể thao biti s
44939991,Giày da nam màu trắng da bò thật  Trường Hải đế cao su GTN0597,475000.0,475000.0,0.0,5.0,4,11395,,https://tiki.vngiay-tay-nam-trang-truong-hai-da-bo-cao-cap-gtn0597-p44939991.html?spid=44940001,giày da nam màu
134447624,"Giày Lười Nam Da Bò SUNPOLO SU4016 (Đen, Nâu)",860000.0,860000.0,0.0,5.0,4,1827,,https://tiki.vngiay-luoi-nam-da-bo-sunpolo-su4016-den-nau-p134447624.html?spid=134447642,giày lười nam da bò
276669530,Giày tây Biti's nam (39-43),800000.0,800000.0,0.0,0.0,0,174218,,https://tiki.vngiay-tay-biti-s-nam-39-43-p276669530.html?spid=276669540,giày tây biti s
68564272, [Sạch giày nhanh] Chai xịt bọt làm sạch giày dép SNEAKER 300ml siêu sạch,49000.0,49000.0,0.0,4.5,60,4534,,https://tiki.vnsach-giay-nhanh-chai-xit-bot-lam-sach-giay-dep-sneaker-300ml-sieu-sach-p68564272.html?spid=68564273,chai xịt bọt làm sạch
114427752,Giày Rọ Nam Bảo Hân - Lỗ Thoáng ( Rọ Nam Da Bò Đế Khâu Mềm Mã SD01),450000.0,450000.0,0.0,4.6,5,20142,,https://tiki.vngiay-ro-nam-bao-han-lo-thoang-ro-nam-da-bo-de-khau-mem-ma-sd01-p114427752.html?spid=114427760,giày rọ nam bảo
154852782,"Giày Lười, Giày Mọi Nam Da Bò SUNPOLO CS5052 (Đen, Nâu)",990000.0,990000.0,0.0,4.0,1,1827,,https://tiki.vngiay-luoi-nam-da-bo-sunpolo-su5052-den-nau-p154852782.html?spid=154852794,giày lười giày nam
192642401,Giày Thể Thao Nam Biti's Hunter X LITEPLEX DSMH09800,1010000.0,1010000.0,0.0,4.0,1,174218,,https://tiki.vngiay-the-thao-nam-biti-s-hunter-x-liteplex-dsmh09800-p192642401.html?spid=192642413,giày thể thao nam biti
272103560,Viên Hút Ẩm Khử Mùi Giày Dép Crep Protect Pill tách set - Hàng Chính Hãng,270000.0,270000.0,0.0,0.0,0,9652,,https://tiki.vnvien-hut-am-khu-mui-giay-dep-crep-protect-pill-tach-set-hang-chinh-hang-p272103560.html?spid=272103561,hút ẩm khử mùi giày dép
278190992,Giày Sục Nam HA NAM Da Bò Thật Cao Cấp GSB20175,460000.0,460000.0,0.0,0.0,0,93132,,https://tiki.vngiay-suc-nam-ha-nam-da-bo-that-cao-cap-gsb20175-p278190992.html?spid=278191008,giày sục nam ha
7997237,Giày Converse Chuck Taylor All Star 1970s Low Top - 162058V,1900000.0,1900000.0,0.0,5.0,73,32929,,https://tiki.vngiay-converse-chuck-taylor-all-star-1970s-low-top-162058v-p7997237.html?spid=20296398,giày converse chuck taylor
172457050,Giày Sandal Nam The Bily 3 Quai Ngang - Màu Đen BL04,349000.0,349000.0,0.0,5.0,15,196712,,https://tiki.vngiay-sandal-nam-the-bily-04-quai-ngang-mau-den-bl04d-p172457050.html?spid=188928115,giày sandal nam the
191693335,Giày lười da nam công sợ Bụi Leather G121 - Da bò Nappa cao cấp,840000.0,840000.0,0.0,4.8,38,181498,,https://tiki.vngiay-luoi-da-nam-cong-so-bui-leather-g121-da-bo-nappa-cao-cap-bao-hanh-12-thang-p191693335.html?spid=191693357,giày lười da nam
179546441," GIÀY TÂY NAM DA BÒ THẬT 100%, DONAVY GTN, HÀNG CÔNG TY CAO CẤP DOGTN",499000.0,850000.0,351000.0,4.0,1,154317,,https://tiki.vngiay-tay-nam-da-bo-that-100-donavy-gtn-hang-cong-ty-cao-cap-dogtn-p179546441.html?spid=179546459,giày tây nam da bò
208746104,Giày Thể Thao Biti's Nam Hunter X DSMH10500,1050000.0,1050000.0,0.0,4.0,1,174218,,https://tiki.vngiay-the-thao-biti-s-nam-hunter-x-dsmh10500-p208746104.html?spid=208746130,giày thể thao biti s
277744310,"Dép Sandal Nam, Quai Hậu Có Thể Tháo Rời, Dép Quai Hậu Mã DP24",139000.0,139000.0,0.0,3.0,2,144221,,https://tiki.vnde-p-sandal-nam-quai-hau-co-the-thao-roi-de-p-quai-ha-u-ma-dp24-p277744310.html?spid=277744390,de p sandal nam
276021413,Giày Sục Đạp Gót Mules Vải Sneaker Nam DINCOX DC37 Lazy Mule Black,550000.0,550000.0,0.0,0.0,0,150940,,https://tiki.vngiay-suc-dap-got-mules-vai-sneaker-nam-dincox-dc37-lazy-mule-black-p276021413.html?spid=276021421,giày sục đạp gót mules
174865728,Giày Đạp Gót- Mules Nam GS02,650000.0,650000.0,0.0,0.0,0,20142,,https://tiki.vngiay-dap-got-mules-nam-gs02-p174865728.html?spid=174865734,giày đạp gót mules
191694860,Giày da nam công sở đế cao Bụi Leather G123 - Da bò Nappa cao cấp - Phong cách trẻ trung năng động - Bảo hành 12 tháng,925000.0,925000.0,0.0,5.0,7,181498,,https://tiki.vngiay-da-nam-cong-so-de-cao-bui-leather-g123-da-bo-nappa-cao-cap-phong-cach-tre-trung-nang-dong-bao-hanh-12-thang-p191694860.html?spid=191694874,giày da nam công sở
150736103,"Dép chiếu Hương Quế DCQ-39 giúp đôi chân thơm, mát và khô thoáng. Không lo hôi chân- không lo trầy xướt lúc mang dép",68000.0,68000.0,0.0,5.0,4,61212,,https://tiki.vndep-chieu-huong-que-dcq-39-giup-doi-chan-thom-mat-va-kho-thoang-khong-lo-hoi-chan-khong-lo-tray-xuot-luc-mang-dep-p150736103.html?spid=150736123,dép chiếu hương quế dcq
40364987,"Lót giày quế vải cotton CI-03 hút ẩm, khử mùi hôi chân, cải thiện sức khỏe",25000.0,25000.0,0.0,4.8,4,61212,,https://tiki.vnlot-giay-que-vai-cotton-ci-03-hut-am-khu-mui-hoi-chan-cai-thien-suc-khoe-p40364987.html?spid=40365007,lót giày quế vải
278398968,"Giày thể thao nam đế êm nhẹ, thoáng khí đế cao su đúc, chống trơn trượt hạn chế mòn  – BEE GEE - G1017",365000.0,730000.0,365000.0,0.0,0,975,,https://tiki.vngiay-the-thao-nam-de-em-nhe-thoang-khi-de-cao-su-duc-chong-tron-truot-han-che-mon-bee-gee-g1017-p278398968.html?spid=278398978,giày thể thao nam đế êm nhẹ
7977159,Giày Tây Nam Da Bò SUNPOLO TAY234,960000.0,960000.0,0.0,4.8,4,1827,,https://tiki.vngiay-tay-nam-da-bo-sunpolo-sumu234-p7977159.html?spid=7986030,giày tây nam da bò sunpolo
194075303,Giày Thể Thao Nam Hunter Core DSMH09400XNH,794000.0,794000.0,0.0,5.0,1,174218,,https://tiki.vngiay-the-thao-nam-hunter-core-dsmh09400xnh-p194075303.html?spid=195662390,giày thể thao nam hunter
263276562,Giày Converse Chuck Taylor 1970s Plus Đen Cao Cổ A00916C,2500000.0,2500000.0,0.0,0.0,0,77420,,https://tiki.vngiay-converse-1970s-plus-den-cao-co-a00916c-p263276562.html?spid=272184242,giày converse chuck taylor
275406416,Giày Tây Nam BIGGBEN Da Bò Thật Cao Cấp GT263,729000.0,800000.0,71000.0,0.0,0,9460,,https://tiki.vngiay-tay-nam-biggben-da-bo-that-cao-cap-gt263-p275406416.html?spid=275406428,giày tây nam biggben da bò
277876970,Chai Xịt Khử Mùi Cho Giày Bioion Shoe Spray 200ML,160000.0,160000.0,0.0,0.0,0,361659,,https://tiki.vnchai-xit-khu-mui-cho-giay-bioion-shoe-spray-200ml-p277876970.html?spid=277876971,chai xịt khử mùi
276135636,Dép xỏ ngón sức khỏe nam Aetrex Maui Army - dép kẹp nâng vòm và giảm đau chân,1795000.0,1795000.0,0.0,0.0,0,302,,https://tiki.vndep-xo-ngon-suc-khoe-nam-aetrex-maui-army-dep-kep-nang-vom-chan-p276135636.html?spid=276135642,dép xỏ ngón sức
7990656,Dép Nam BIGGBEN May Đế Da Bò Thật DN118,399000.0,450000.0,51000.0,0.0,0,9460,,https://tiki.vndep-nam-biggben-may-de-da-bo-that-dn118-p7990656.html?spid=7990660,dép nam biggben may đế
276833632,Giày Sục Nam HA NAN Da Bò Thật Cao Cấp GSB2045,460000.0,460000.0,0.0,0.0,0,323804,,https://tiki.vndep-bit-mui-nam-titi-do-da-bo-that-cao-cap-gsb2045-p276833632.html?spid=276834031,giày sục
183068284,Dép kẹp nam quai dù siêu bền KEEDO KD1396,140000.0,140000.0,0.0,5.0,5,183745,,https://tiki.vndep-kep-nam-quai-du-sieu-ben-keedo-kd1396-p183068284.html?spid=183068288,dép kẹp nam quai siêu bền
227986241,Giày Sandal Nam Da Bò Thật TiTi ĐÔ Cao Cấp DNA2136,279000.0,279000.0,0.0,3.0,1,323804,,https://tiki.vngiay-sandal-nam-da-bo-that-ha-nam-cao-cap-dna2136d-p227986241.html?spid=227986285,giày sandal nam da bò
100770794,Giày Sneaker Nam Buộc Dây Cao Cấp Da Thật Xuất Khẩu VN Da Bò Đế Mềm,590000.0,590000.0,0.0,0.0,0,20142,,https://tiki.vngiay-sneaker-nam-buoc-day-cao-cap-da-that-xuat-khau-vn-da-bo-de-mem-p100770794.html?spid=100770796,giày sneaker nam buộc
276357073,Sandals Thể Thao Nữ Biti’s Hunter X Dune – Festive Edition 2K24​ HEW001300XDL (Xanh dương lợt),540000.0,540000.0,0.0,0.0,0,178519,,https://tiki.vnsandals-the-thao-nam-biti-s-hunter-x-dune-festive-edition-2k24-hew001300xdl-xanh-duong-lot-p276357073.html?spid=276357075,sandals thể thao nữ biti
278091881,Giày MICHILUX Da Bò Thật Chính Hãng Classic Moccasin CSMS0 Màu Xanh Navy,750000.0,750000.0,0.0,0.0,0,362302,,https://tiki.vngiay-michilux-da-bo-that-chinh-hang-classic-moccasin-csms0-mau-xanh-navy-p278091881.html?spid=278091883,giày michilux da bò
275042862,GIÀY CHẠY BỘ VÀ ĐI BỘ ĐỊA HÌNH SLM X-ADVENTURE OLIVE NIGHT - L47386000,3800000.0,3800000.0,0.0,0.0,0,4343,,https://tiki.vngiay-chay-bo-va-di-bo-dia-hinh-slm-x-adventure-olive-night-l47386000-p275042862.html?spid=275042882,giày chạy bộ đi
277387891,Giày Tây Nam Dây Buộc- Đế Khâu Da Mềm ( Xả Kho ) Mã CS88,450000.0,450000.0,0.0,0.0,0,20142,,https://tiki.vngiay-tay-nam-day-buoc-de-khau-da-mem-xa-kho-ma-cs88-p277387891.html?spid=277387901,giày tây nam dây buộc
143497031,"HJ7401-02-03-04 - Giày nam da đà điểu Huy Hoàng màu đen, nâu đỏ, vàng bò, nâu đất",2799500.0,5599000.0,2799500.0,0.0,0,223818,,https://tiki.vnhj7401-02-03-04-giay-nam-da-da-dieu-huy-hoang-mau-den-nau-do-vang-bo-nau-dat-p143497031.html?spid=143497065,hj7401 02 03 04
96313719,Giày Domba Germany Trainer Trắng-Xám nhạt (White - Light Grey) GT-8123,1290000.0,1290000.0,0.0,5.0,18,21110,,https://tiki.vngiay-domba-germany-trainer-trang-xam-nhat-white-light-grey-gt-8123-p96313719.html?spid=96313729,giày domba germany trainer
276094747,Dép Nam Bít Đầu BIGGBEN Da Bò Thật DN357,359000.0,500000.0,141000.0,4.0,1,9460,,https://tiki.vndep-nam-bit-dau-biggben-da-bo-that-dn357-p276094747.html?spid=276094781,dép nam bít đầu
44573353,Giày sabo nam Huy Hoàng màu nâu HT7797,440300.0,629000.0,188700.0,0.0,0,1867,,https://tiki.vngiay-sabo-nam-huy-hoang-mau-nau-ht7797-p44573353.html?spid=44573357,giày sabo nam huy hoàng
76005615,Dép nam quai ngang đế cao 3.5cm da bò thật chính hãng Trường Hải thời trang cao cấp DN0156,359000.0,359000.0,0.0,4.8,10,11395,,https://tiki.vndep-nam-quai-ngang-de-cao-3-5cm-da-bo-that-chinh-hang-truong-hai-thoi-trang-cao-cap-dn0156-p76005615.html?spid=76005617,dép nam quai ngang đế
277585815,"Dép nam quai ngang da bò cao cấp BHD2108 Đế cao su. Bền đẹp, êm chân, thoải mái",450000.0,450000.0,0.0,0.0,0,8035,,https://tiki.vndep-nam-quai-ngang-da-bo-cao-cap-bhd2108-ben-dep-em-chan-thoai-mai-p277585815.html?spid=277585964,dép nam quai ngang da bò
273129214,Đón gót giầy bằng gỗ muồng đen nguyên khối khảm trai DAICAT KT 70 cm Hàng chính hãng,165000.0,165000.0,0.0,5.0,2,319448,,https://tiki.vndon-got-giay-bang-go-muong-den-nguyen-khoi-kham-trai-daicat-kt-70-cm-hang-chinh-hang-p273129214.html?spid=273096675,đón gót giầy gỗ
156686836,"Dép quai ngang chính hãng Hương Quế DQN-01 làm bằng vải caro, mềm mại và êm chân khi sử dụng, chất lượng rất tốt, bền đẹp",68000.0,68000.0,0.0,0.0,0,61212,,https://tiki.vndep-quai-ngang-chinh-hang-huong-que-dqn-01-lam-bang-vai-caro-mem-mai-va-em-chan-khi-su-dung-chat-luong-rat-tot-ben-dep-p156686836.html?spid=156686838,dép quai ngang hãng
178111120,DÉP QUAI NGANG NAM DA BÒ TỰ NHIÊN ĐẾ CAO SU CAO CẤP BAO ĐI NƯỚC,439000.0,700000.0,261000.0,0.0,0,154317,,https://tiki.vndep-quai-ngang-nam-da-bo-tu-nhien-de-cao-su-cao-cap-bao-di-nuoc-p178111120.html?spid=178111130,dép quai ngang nam
251403493,Giày Thể Thao Biti's Hunter X - 2K22 - Midnight III (Size 35-45),919000.0,919000.0,0.0,0.0,0,174218,,https://tiki.vngiay-the-thao-biti-s-hunter-x-2k22-midnight-iii-size-35-45-p251403493.html?spid=251403495,giày thể thao biti s
217275677,Dép Nam Quai Ngang Da Bò Thật TiTi ĐÔ Cao Cấp DNA2180d,380000.0,380000.0,0.0,0.0,0,323804,,https://tiki.vndep-nam-quai-ngang-da-bo-that-ha-nam-cao-cap-dna2180d-p217275677.html?spid=217275702,dép nam quai ngang da bò
76368202,Dép nam da bò BIGGBEN cao cấp DN272,389000.0,450000.0,61000.0,4.6,18,9460,,https://tiki.vndep-nam-da-bo-biggben-cao-cap-dn272-p76368202.html?spid=76368212,dép nam da bò biggben
8000761,Giày Doctor Cột Dây  BIGGBEN Da Bò Thật Cao Cấp GT81,599000.0,900000.0,301000.0,0.0,0,9460,,https://tiki.vngiay-doctor-cot-day-biggben-da-bo-that-gt81-p8000761.html?spid=8000767,giày doctor cột dây
174423635,Sandal Biti's nam,335000.0,335000.0,0.0,4.0,4,174218,,https://tiki.vnsandal-biti-s-nam-p174423635.html?spid=174423669,sandal biti s nam
183029254,Giày Sandals Vento Nam Bít Mũi Dã Ngoại Trekking SD7606,345000.0,345000.0,0.0,5.0,8,171497,,https://tiki.vngiay-sandal-vento-nam-bit-mui-da-ngoai-sd7606-p183029254.html?spid=183029274,giày sandals vento nam
277413859,Dép Nam Quai Ngang Da Bò 3 Quai Khóa Đồng Màu Nâu Sang Trọng Phong Cách Trẻ Trung Tiện Lợi (có bán sỉ)),320000.0,320000.0,0.0,0.0,0,2676,,https://tiki.vndep-nam-quai-ngang-da-bo-3-quai-khoa-dong-mau-nau-sang-trong-phong-cach-tre-trung-tien-loi-co-ban-si-p277413859.html?spid=277413861,dép nam quai ngang da bò
2597609,Giày Sandal Nam Da Bò Cao Cấp SUNPOLO SUSDA11N,610000.0,610000.0,0.0,5.0,9,1827,,https://tiki.vngiay-sandal-nam-da-bo-cao-cap-sunpolo-susda11-p2597609.html?spid=2665595,giày sandal nam da bò
2597655,Giày Sandal Nam Da Bò Cao Cấp SUNPOLO SUSDA20N - Nâu (Size,610000.0,610000.0,0.0,5.0,5,1827,,https://tiki.vngiay-sandal-nam-da-bo-cao-cap-sunpolo-susda20n-nau-p2597655.html?spid=2665629,giày sandal nam da bò
278851165,Dép quai ngang Biti's nam (38-43),210000.0,210000.0,0.0,0.0,0,174218,,https://tiki.vndep-quai-ngang-biti-s-nam-38-43-p278851165.html?spid=278851185,dép quai ngang biti
6412249,Combo 3 Chai xịt Khử Mùi Hôi Giầy Dép Mũ Bảo Hiểm Hando 120ml,75000.0,75000.0,0.0,0.0,0,84175,,https://tiki.vncombo-3-chai-xit-khu-mui-hoi-giay-dep-mu-bao-hiem-hando-120ml-p6412249.html?spid=36336142,combo chai xịt khử
272224450,"Dép quai ngang nam, nữ siêu nhẹ DUWA - Hàng chính hãng - TK9056",159000.0,159000.0,0.0,4.5,2,162605,,https://tiki.vndep-quai-ngang-nam-nu-sieu-nhe-duwa-hang-chinh-hang-tk9056-p272224450.html?spid=272224478,dép quai ngang nam nữ
34497771,Giày mọi buộc dây Trường Hải nâu da bò thật đế cao su GM0111,399000.0,399000.0,0.0,0.0,0,11395,,https://tiki.vngiay-moi-buoc-day-truong-hai-nau-da-bo-that-de-cao-su-gm0111-p34497771.html?spid=34497781,giày buộc dây trường
56379615,Giày sục nam da bò  Trường Hải màu xanh rêu đế cao su không trơn hàng may chắc chắn thời trang cao cấp BMN0200,379000.0,379000.0,0.0,4.0,1,11395,,https://tiki.vndep-nam-bit-mui-truong-hai-da-bo-that-mau-xanh-reu-de-cao-su-khong-tron-hang-may-chac-chan-thoi-trang-cao-cap-bmn0200-p56379615.html?spid=56379627,giày sục nam da bò
75971195,"Giày Tây Nam Tăng Chiều Cao Da Bò Mã GC02 , Tăng Cao 6.5 Cm",850000.0,850000.0,0.0,5.0,1,20142,,https://tiki.vngiay-tay-nam-tang-chieu-cao-da-bo-ma-gc02-tang-cao-6-5-cm-p75971195.html?spid=75971203,giày tây nam tăng chiều
273307531,Dép da nam 2 quai da bò thật KEEDO TN-2363-9,580000.0,580000.0,0.0,0.0,0,183745,,https://tiki.vndep-da-nam-2-quai-da-bo-that-keedo-tn-2363-9-p273307531.html?spid=273307580,dép da nam quai
10039568,Giày Mọi Nam BIGGBEN Da Bò Thật Cao Cấp GM143,800000.0,800000.0,0.0,0.0,0,9460,,https://tiki.vngiay-moi-nam-biggben-da-bo-that-gm143-p10039568.html?spid=10039580,giày nam biggben da bò
6394813,Giày Tây Nam BIGGBEN Da Bò Thật GT17,720000.0,720000.0,0.0,4.7,3,9460,,https://tiki.vngiay-tay-nam-biggben-da-bo-that-gt17-p6394813.html?spid=6394825,giày tây nam biggben da bò
278836294,Chai Xịt Tạo Bọt Vệ Sinh Giày Cao Cấp 200ml tiêu diệt mọi vết bẩn,130000.0,130000.0,0.0,0.0,0,353491,,https://tiki.vnchai-xit-tao-bot-tuyet-ve-sinh-giay-cao-cap-chai-tay-rua-giay-khong-dung-nuoc-1-chai-200ml-p278836294.html?spid=278836295,chai xịt tạo bọt
277041115,"Giày thể thao sức khỏe nam Aetrex Dash White - sneaker dạng xỏ, đế nâng vòm cân chỉnh chân",4475000.0,4475000.0,0.0,0.0,0,302,,https://tiki.vngiay-the-thao-suc-khoe-nam-aetrex-dash-white-sneaker-dang-xo-de-nang-vom-can-chinh-chan-p277041115.html?spid=277041121,giày thể thao sức khỏe
71989629,"GIÀY TÂY NAM DA BÒ THẬT 100%, DA NAPPA SIÊU MỀM MẠI, MÁY QUAI CHẮC CHẮN",499000.0,600000.0,101000.0,0.0,0,154317,,https://tiki.vngiay-tay-nam-da-bo-that-100-da-nappa-sieu-mem-mai-may-quai-chac-chan-p71989629.html?spid=71989637,giày tây nam da bò
274586203,Giày tây nam Loafer Valentino Creations - VAB-437-VBS-9706-Y191-BLK,5990000.0,5990000.0,0.0,0.0,0,46749,,https://tiki.vngiay-tay-nam-loafer-valentino-creations-vab-437-vbs-9706-y191-blk-p274586203.html?spid=274586205,giày tây nam loafer valentino
200116020,Sục nam  bigsize đế cao 3cm da bò Trường Hải màu đen S180,499000.0,499000.0,0.0,5.0,1,11395,,https://tiki.vnsuc-nam-bigsize-de-cao-3cm-da-bo-truong-hai-mau-den-s180-p200116020.html?spid=200116052,sục nam bigsize đế cao
191738481,Giày Sandal Nam The Bily Quai Chéo - Đế Trắng Lót Đen Màu Đen BLDTMD01,319000.0,319000.0,0.0,5.0,1,196712,,https://tiki.vngiay-sandal-nam-the-bily-quai-cheo-de-trang-lot-den-mau-den-bldtmd01-p191738481.html?spid=191738487,giày sandal nam the
150368917,Dép nam quai chéo cao cấp KEEDO BH00202 hàng chuẩn màu đen,342000.0,342000.0,0.0,4.5,2,183745,,https://tiki.vndep-nam-quai-cheo-cao-cap-keedo-bh00202-hang-chuan-mau-den-p150368917.html?spid=150368921,dép nam quai chéo cao cấp keedo
72508033,Dép nam sandal da bò đế cao su cao cấp Trường Hải SDN01275,329000.0,329000.0,0.0,4.5,2,11395,,https://tiki.vndep-nam-sandal-da-bo-de-cao-su-cao-cap-truong-hai-sdn01275-p72508033.html?spid=72508039,dép nam sandal da
162058079,Dép quai ngang nam KEEDO-A7621 mẫu mới cao cấp,290000.0,290000.0,0.0,5.0,1,183745,,https://tiki.vndep-quai-ngang-nam-keedo-a7621-mau-moi-hang-xin-p162058079.html?spid=162058087,dép quai ngang nam
163894759,"Dép Da Nam, Dép Nam Quai Ngang Da Bò SUNPOLO SQND36 (Nâu)",650000.0,650000.0,0.0,4.5,2,1827,,https://tiki.vndep-da-nam-dep-nam-quai-ngang-da-bo-sunpolo-sqnd36-nau-p163894759.html?spid=163894769,dép da nam dép
49103644,Giày da-Valentino Creations-VAB-310-VRB-89571019V-DBN,6990000.0,6990000.0,0.0,5.0,2,46749,,https://tiki.vngiay-da-valentino-creations-vab-310-cof-p49103644.html?spid=49103648,giày da valentino creations
278294740,Giày tây Biti's nam (38-43),887000.0,887000.0,0.0,0.0,0,174218,,https://tiki.vngiay-tay-biti-s-nam-38-43-p278294740.html?spid=278294800,giày tây biti s
2020949,Giày Nam Huy Hoàng HT7193 - Nâu,559500.0,1119000.0,559500.0,5.0,1,1867,,https://tiki.vngiay-nam-huy-hoang-ht7193-nau-p2020949.html?spid=2021481,giày nam huy hoàng ht7193
277473446,GIÀY SANDAL NAM PABNO 2 QUAI CHẤT LIỆU DA SIÊU BỀN PN21036,365000.0,365000.0,0.0,0.0,0,49994,,https://tiki.vngiay-sandal-nam-pabno-2-quai-chat-lieu-da-sieu-ben-pn21036-p277473446.html?spid=277473450,giày sandal nam pabno
93068708,"GIÀY LƯỜI NAM DA BÒ 100%, KIỂU SA-BO CAO CẤP, MAY QUAI CHẮC CHẮN, VYFASHION01, THIẾT KẾ THOÁNG KHÍ, ĐI RẤT ÊM CHÂN",379000.0,450000.0,71000.0,5.0,1,154317,,https://tiki.vngiay-luoi-nam-da-bo-100-kieu-sa-bo-cao-cap-may-quai-chac-chan-vyfashion01-thiet-ke-thoang-khi-di-rat-em-chan-p93068708.html?spid=93068730,giày lười nam da bò
275382170,Giày Mọi Nam Da Bò Thật BIGGBEN Cao Cấp GM311,699000.0,800000.0,101000.0,0.0,0,9460,,https://tiki.vngiay-moi-nam-da-bo-that-biggben-cao-cap-gm311-p275382170.html?spid=275382178,giày nam da bò biggben
277837437,"Cặp lót đế giày tăng chiều cao nam nữ bằng xốp chuyên dụng giá rẻ (tăng 2-3cm) êm chân, thoải mái, dễ dàng sử dụng vô cùng tiện lợi",7900.0,7900.0,0.0,0.0,0,56711,,https://tiki.vncap-lot-de-giay-tang-chieu-cao-nam-nu-bang-xop-chuyen-dung-gia-re-tang-2-3cm-em-chan-thoai-mai-de-dang-su-dung-vo-cung-tien-loi-p277837437.html?spid=277837439,lót đế giày tăng chiều
278584323,Dép Nam Quai Ngang  Da Bò BIGGBEN DN360,299000.0,500000.0,201000.0,0.0,0,9460,,https://tiki.vndep-nam-quai-ngang-da-bo-biggben-dn360-p278584323.html?spid=278584337,dép nam quai ngang da
278874193,"Giày sandal, dép quai hậu nam, VN2521 size 39-44. Hàng VN xuất khẩu",210000.0,210000.0,0.0,0.0,0,363958,,https://tiki.vngiay-sandal-dep-quai-hau-nam-vn2521-size-39-44-hang-vn-xuat-khau-p278874193.html?spid=278874195,giày sandal dép quai hậu nam
278116168,Giày BOOTS NAM CỔ NGẮN  thời trang PABNO PN180,950000.0,950000.0,0.0,0.0,0,49994,,https://tiki.vngiay-boots-nam-co-ngan-thoi-trang-pabno-pn180-p278116168.html?spid=278116180,giày boots nam cổ ngắn
179375697," Dép Da Bò Nam Da Bò Thật 100% DONAVY, Thiết Kế 3 Quai Thời Trang, Đế Cao Su Cao Cấp D3QL",339000.0,550000.0,211000.0,0.0,0,154317,,https://tiki.vndep-da-bo-nam-da-bo-that-100-donavy-thiet-ke-3-quai-thoi-trang-de-cao-su-cao-cap-d3ql-p179375697.html?spid=179375707,dép da bò nam
278091684,Giày MICHILUX Da Bò Thật Chính Hãng Horse Bit Moccasin CIEHM Màu Xanh Navy,790000.0,790000.0,0.0,0.0,0,362302,,https://tiki.vngiay-michilux-da-bo-that-chinh-hang-horse-bit-moccasin-ciehm-mau-xanh-navy-p278091684.html?spid=278091696,giày michilux da bò
175885349,GIÀY TÂY DA BÒ CAO CẤP VATIS VA2029,349000.0,499000.0,150000.0,4.5,2,274160,,https://tiki.vngiay-tay-da-bo-cao-cap-vatis-va2029-p175885349.html?spid=175885361,giày tây da bò cao cấp
126051686,Giày Mọi Nam Da Bò SUNPOLO SU5055 Đế may khâu bền bỉ (Đen),990000.0,990000.0,0.0,5.0,10,1827,,https://tiki.vngiay-moi-nam-da-bo-sunpolo-su5055-de-may-khau-ben-bi-den-p126051686.html?spid=126051688,giày nam da bò sunpolo
125876751,"Chai Vệ Sinh Giày Da Lộn, Túi Ví, Áo, Ghế Da Lộn Giúp Làm Sạch, Chăm Sóc, Chống Mốc Suede Clean XIMO XI06",73000.0,73000.0,0.0,5.0,3,1028,,https://tiki.vnchai-ve-sinh-giay-da-lon-tui-vi-ao-ghe-da-lon-giup-lam-sach-cham-soc-chong-moc-suede-clean-ximo-xi06-p125876751.html?spid=262784048,chai vệ sinh giày da lộn
197829904,Giày Thể Thao Nam Biti's Hunter X DSMH09700,1239000.0,1239000.0,0.0,4.0,1,174218,,https://tiki.vngiay-the-thao-nam-biti-s-hunter-x-dsmh09700-p197829904.html?spid=197829906,giày thể thao nam biti
276357382,Giày Thể Thao Nam Biti's Hunter Core LiteFoam 3.0​ - Original Edition 2K24​ HSM007801TRG (Trắng),869000.0,869000.0,0.0,5.0,1,178519,,https://tiki.vngiay-the-thao-nam-biti-s-hunter-core-litefoam-3-0-original-edition-2k24-hsm007801trg-trang-p276357382.html?spid=276357396,giày thể thao nam biti
215257762,Dép nam quai ngang KEEDO KD2636 cao cấp đế cao su chống trơn trượt,480000.0,480000.0,0.0,0.0,0,183745,,https://tiki.vndep-nam-quai-ngang-keedo-kd2636-cao-cap-de-cao-su-chong-tron-truot-p215257762.html?spid=215257774,dép nam quai ngang keedo
273370247,Dép da nam chữ H cao cấp KEEDO PK018,520000.0,520000.0,0.0,0.0,0,183745,,https://tiki.vndep-da-nam-chu-h-cao-cap-keedo-pk018-p273370247.html?spid=273370251,dép da nam chữ
251396215,Giày Thể Thao Nam Biti's Hunter Core,785000.0,785000.0,0.0,5.0,1,174218,,https://tiki.vngiay-the-thao-nam-biti-s-hunter-core-p251396215.html?spid=251396227,giày thể thao nam biti
253110472,Bộ Dây Giày Co Giãn Kèm Phụ Kiện Khóa Dây Giày Không Cần Buộc Thắt Giày Thể Thao Bata Ngoài Trời Legaxi,10500.0,10500.0,0.0,4.7,10,3196,,https://tiki.vnbo-day-giay-co-gian-kem-phu-kien-khoa-day-giay-khong-can-buoc-that-giay-the-thao-bata-ngoai-troi-legaxi-p253110472.html?spid=277522312,bộ dây giày co giãn
278706109,Dép quai kẹp Biti's nam (39-44),189000.0,189000.0,0.0,0.0,0,174218,,https://tiki.vndep-quai-kep-biti-s-nam-39-44-p278706109.html?spid=278706111,dép quai kẹp biti s
279155209,Giày thể thao sức khoẻ nam Revitalign Gaia Navy - giày đi bộ chống đau chân,3495000.0,3495000.0,0.0,0.0,0,302,,https://tiki.vngiay-the-thao-suc-khoe-nam-revitalign-gaia-navy-giay-di-bo-chong-dau-chan-p279155209.html?spid=279155213,giày thể thao sức khỏe
274778810,"Giày sức khỏe nam Revitalign Brewster Black - Giày lười nam hỗ trợ đi nhiều, đứng lâu",3195000.0,3195000.0,0.0,0.0,0,302,,https://tiki.vngiay-suc-khoe-nam-revitalign-brewster-black-giay-luoi-nam-ho-tro-di-nhieu-dung-lau-p274778810.html?spid=274778814,giày sức khỏe nam
115264010,Dép Nam Quai Ngang Thái Lan size 36 đến 44 Gambol 43106,253000.0,253000.0,0.0,4.5,19,192753,,https://tiki.vndep-nam-quai-ngang-thai-lan-o43106-p115264010.html?spid=115264207,dép nam quai ngang thái lan
271223690,Dép nam quai ngang cao cấp KEEDO KDX15,480000.0,480000.0,0.0,5.0,2,183745,,https://tiki.vndep-nam-quai-ngang-cao-cap-keedo-kdx15-p271223690.html?spid=271223694,dép nam quai ngang cao cấp
202048399,"Dép quai ngang nam, nữ siêu nhẹ DUWA - Hàng chính hãng - TK9045",159000.0,159000.0,0.0,5.0,1,162605,,https://tiki.vndep-quai-ngang-nam-nu-sieu-nhe-duwa-hang-chinh-hang-tk9045-p202048399.html?spid=202048481,dép quai ngang nam nữ
2142549,Giày Sneaker Nam Zapas Classcial GZ018 - Trắng (Size,219000.0,219000.0,0.0,0.0,0,657,,https://tiki.vngiay-sneaker-nam-zapas-classcial-gz018-trang-p2142549.html?spid=2147981,giày sneaker nam zapas
2556839,Dép nam quai ngang da bò cao cấp đế cao su SUNPOLO DQN018,690000.0,690000.0,0.0,5.0,2,1827,,https://tiki.vndep-nam-quai-ngang-da-bo-sunpolo-sud18-p2556839.html?spid=2614781,dép nam quai ngang da bò
274784702,"Giày sức khỏe nam Revitalign Brewster Peacoat - Giày lười cho người đi nhiều, đứng lâu giảm đau chân",3195000.0,3195000.0,0.0,0.0,0,302,,https://tiki.vngiay-suc-khoe-nam-revitalign-brewster-peacoat-giay-luoi-cho-nguoi-di-nhieu-dung-lau-giam-dau-chan-p274784702.html?spid=274784706,giày sức khỏe nam
277509313,"Com bo dụng cụ làm sạch giày - Miếng xi mút + sáp lau đánh bóng giày, dép ,  túi xách ,cặp ,bằng da , đa năng và tiện lợi",81000.0,89000.0,8000.0,0.0,0,274962,,https://tiki.vncom-bo-dung-cu-lam-sach-giay-mieng-xi-mut-sap-lau-danh-bong-giay-dep-tui-xach-cap-bang-da-da-nang-va-tien-loi-p277509313.html?spid=277509314,com bo dụng cụ làm sạch
276842152,Dép Nam Da Bò HA NAM Đế Siêu Nhẹ Khâu Chỉ Toàn Bộ DNA2209,360000.0,360000.0,0.0,0.0,0,93132,,https://tiki.vndep-nam-da-bo-ha-nam-de-sieu-nhe-khau-chi-toan-bo-dna2209-p276842152.html?spid=276842447,dép nam da
106363355,Dép Nam Quai Ngang HÀ NAM Da Bò Thật Cao Cấp DN2075,300000.0,300000.0,0.0,3.0,2,93132,,https://tiki.vndep-nam-quai-ngang-da-bo-that-de-cao-su-dn2075-p106363355.html?spid=106363367,dép nam quai ngang hà nam
216935007,Giày Sandal Nam Bít Mũi Da Bò Thật BIGGBEN SD132,389000.0,450000.0,61000.0,5.0,1,9460,,https://tiki.vngiay-sandal-nam-bit-mui-da-bo-that-biggben-sd132-p216935007.html?spid=216935015,giày sandal nam bít
164947692,GIÀY LƯỜI DA LỘN PUBLIC GARDEN MŨI VUÔNG THỜI TRANG NAM HÀN QUỐC (2 MÀU) - ĐEN,1300000.0,1300000.0,0.0,0.0,0,148483,,https://tiki.vngiay-luoi-da-lon-public-garden-mui-vuong-thoi-trang-nam-han-quoc-2-mau-den-p164947692.html?spid=164947728,giày lười da lộn public
250101564,Dép Nam Quai Ngang BIGGBEN Da Bò Thật Cao Cấp DN335,400000.0,400000.0,0.0,0.0,0,9460,,https://tiki.vndep-nam-quai-ngang-biggben-da-bo-that-cao-cap-dn335-p250101564.html?spid=250101590,dép nam quai ngang biggben
191739529,Giày Sandal Nam The Bily Quai Chéo Đôi -  Đế Trắng Lót Đen Màu Đen BLDTMD02,329000.0,329000.0,0.0,4.0,1,196712,,https://tiki.vngiay-sandal-nam-the-bily-quai-cheo-doi-de-trang-lot-den-mau-den-bldtmd03-p191739529.html?spid=191739533,giày sandal nam the
252066090,"Giày da buộc dây nam, da bò mịn, đế cao su êm chân mã BH004",590000.0,590000.0,0.0,0.0,0,20142,,https://tiki.vngiay-da-buoc-day-nam-da-bo-min-de-cao-su-em-chan-ma-bh004-p252066090.html?spid=252066098,giày da buộc dây
98165193,Giày Lười Nam Da Bò Mã GL35,900000.0,900000.0,0.0,5.0,1,20142,,https://tiki.vngiay-luoi-nam-da-bo-ma-gl35-p98165193.html?spid=98165201,giày lười nam da
140961698,"Giày Lười Nam Da Bò SUNPOLO SUS510 (Đen, Nâu)",850000.0,850000.0,0.0,5.0,3,1827,,https://tiki.vngiay-luoi-nam-da-bo-sunpolo-sus510-den-nau-p140961698.html?spid=140961704,giày lười nam da bò
278843068,Sandal Biti's Hunter Nam HEM001700 (39-45),595000.0,595000.0,0.0,0.0,0,174218,,https://tiki.vnsandal-biti-s-hunter-nam-hem001700-39-45-p278843068.html?spid=278843080,sandal biti s hunter
132098603,"Giày Rọ Nam Da Bò SUNPOLO STA681 (Đen, Nâu)",820000.0,820000.0,0.0,5.0,1,1827,,https://tiki.vngiay-ro-nam-da-bo-sunpolo-sta681-den-nau-p132098603.html?spid=132098609,giày rọ nam da bò
59056036,Dép xỏ ngón nam nữ DUWA T405KG - Hàng chính hãng,129000.0,129000.0,0.0,4.7,185,162605,,https://tiki.vndep-xo-ngon-nam-nu-thoi-trang-duwa-t405kg-p59056036.html?spid=75477754,dép xỏ ngón nam nữ
64373752,Combo 5 đế lót giày mùi quế,75000.0,75000.0,0.0,4.5,44,43213,,https://tiki.vncombo-5-de-lot-giay-mui-que-p64373752.html?spid=64375284,combo đế lót giày mùi
164947660,GIÀY SNEAKERS DA PHA DA LỘN THỜI TRANG HÀN QUỐC,1200000.0,1200000.0,0.0,0.0,0,148483,,https://tiki.vngiay-sneakers-da-pha-da-lon-thoi-trang-han-quoc-p164947660.html?spid=164947671,giày sneakers da pha da lộn
276559319,Đón Gót Giày Bằng Sừng Liền Khối Cứng Chắc Bền Bóng Đẹp Cho Giày Nam & Nữ - DGH914,52000.0,52000.0,0.0,5.0,1,253372,,https://tiki.vndon-got-giay-bang-sung-lien-khoi-cung-chac-ben-bong-dep-cho-giay-nam-nu-dgh914-p276559319.html?spid=276559320,đón gót giày sừng
179547004,"Giày Nam Cổ Lửng Đen Da Bò, Kiểu Chukka Mã CK02",850000.0,850000.0,0.0,5.0,3,20142,,https://tiki.vngiay-nam-co-lung-den-da-bo-kieu-chukka-ma-ck02-p179547004.html?spid=179547010,giày nam cổ lửng đen
183070424,Dép xỏ ngón nam hàng hiệu KEEDO TN6121,290000.0,290000.0,0.0,5.0,2,183745,,https://tiki.vndep-xo-ngon-nam-hang-hieu-keedo-tn6121-p183070424.html?spid=183070428,dép xỏ ngón nam
183076321,Dép kẹp nam quai dù cao cấp KEEDO KD00103 Full Box,290000.0,290000.0,0.0,4.3,4,183745,,https://tiki.vndep-kep-nam-quai-du-cao-cap-keedo-kd00103-full-box-p183076321.html?spid=183076341,dép kẹp nam quai cao cấp
273376731,Dép da cá sấu nam xịn KEEDO KDCS4,850000.0,850000.0,0.0,0.0,0,183745,,https://tiki.vndep-da-ca-sau-nam-xin-keedo-kdcs4-p273376731.html?spid=273376737,dép da cá sấu nam
271165780,Dép da nam quai ngang cao cấp đế massage KEEDO KD0611,360000.0,360000.0,0.0,0.0,0,183745,,https://tiki.vndep-da-nam-quai-ngang-cao-cap-de-massage-keedo-kd0611-p271165780.html?spid=271165784,dép da nam quai ngang
271223577,Dép rọ nam cao cấp da bò thật thương hiệu KEEDO KD2175,580000.0,580000.0,0.0,0.0,0,183745,,https://tiki.vndep-ro-nam-cao-cap-da-bo-that-thuong-hieu-keedo-kd2175-p271223577.html?spid=271223585,dép rọ nam cao cấp
44969160,01 cặp lót giày thể thao 4D có gờ chống sốc giảm mỏi gang bàn chân - buybox - BBPK36,39000.0,39000.0,0.0,0.0,0,56711,,https://tiki.vn01-cap-lot-giay-the-thao-4d-co-go-chong-soc-giam-moi-gang-ban-chan-buybox-bbpk36-p44969160.html?spid=90220716,01 cặp lót giày
55144154,Giày Tây Nam Da Bò BIGGBEN Cao Cấp GT182,700000.0,700000.0,0.0,0.0,0,9460,,https://tiki.vngiay-tay-nam-da-bo-biggben-cao-cap-gt182-p55144154.html?spid=55144160,giày tây nam da bò biggben
161465023,"Giày Nam, Giày Tây Nam Da Bò SUNPOLO SPH428 (Đen, Nâu)",990000.0,990000.0,0.0,5.0,1,1827,,https://tiki.vngiay-nam-giay-tay-nam-da-bo-sunpolo-sph428-den-nau-p161465023.html?spid=161465041,giày nam giày tây nam
1591803,Giày Mọi Nam Da Bò SUNPOLO SUMU01 - Nâu,930000.0,930000.0,0.0,5.0,1,1827,,https://tiki.vngiay-moi-nam-da-bo-sunpolo-sukt01n-nau-p1591803.html?spid=1592567,giày nam da bò sunpolo
279016805,Sandal Biti's Hunter nam (size 39-45),565000.0,565000.0,0.0,0.0,0,174218,,https://tiki.vnsandal-biti-s-hunter-nam-size-39-45-p279016805.html?spid=279016811,sandal biti s hunter
48628767,Giày Sneaker Converse Chuck Taylor All Star 1970s Low Top 162062C,1900000.0,1900000.0,0.0,5.0,1,32929,,https://tiki.vngiay-sneaker-converse-chuck-taylor-all-star-1970s-low-top-162062c-p48628767.html?spid=48757927,giày sneaker converse chuck
263276884,Dây giày Converse 1970s | Chuck 70 Shoelaces,100000.0,100000.0,0.0,0.0,0,77420,,https://tiki.vnday-giay-1970s-chuck-70-shoelaces-p263276884.html?spid=270801046,dây giày converse 1970
7975986,Giày Mọi Nam Da Bò Sunpolo SUMU05DN,1150000.0,1150000.0,0.0,4.8,4,1827,,https://tiki.vngiay-moi-nam-da-bo-sunpolo-sumu05dn-p7975986.html?spid=7977959,giày nam da bò sunpolo
248092649,"Giày nam công sở da bò mũi nhọn Trường Hải đế cao su có hai màu đen , nâu GT445Đ",550000.0,550000.0,0.0,5.0,2,11395,,https://tiki.vngiay-nam-cong-so-da-bo-mui-nhon-truong-hai-de-cao-su-co-hai-mau-den-nau-gt445d-p248092649.html?spid=248092663,giày nam công sở da bò
278064221,Dép Nam Sampo huyền thoại quai da bò đế cao su chống trơn trượt (có bán sỉ),310000.0,310000.0,0.0,0.0,0,2676,,https://tiki.vndep-nam-sampo-huyen-thoai-quai-da-bo-de-cao-su-chong-tron-truot-co-ban-si-p278064221.html?spid=278064231,dép nam sampo huyền thoại quai da
40978506,Giày mọi nam da bò cao cấp Trường Hải GM236,539000.0,539000.0,0.0,5.0,4,11395,,https://tiki.vngiay-moi-nam-da-bo-cao-cap-truong-hai-gm236-p40978506.html?spid=40978516,giày nam da bò cao cấp
183376055,Dép Quai Ngang Nam Mẫu Mới KEEDO-KD0404,290000.0,290000.0,0.0,5.0,3,183745,,https://tiki.vndep-quai-ngang-nam-mau-moi-keedo-kd0404-p183376055.html?spid=183376067,dép quai ngang nam mẫu
276353664,GIÀY LƯỜI DA BÒ NAM CAO CẤP VATIS VA2037,349000.0,499000.0,150000.0,5.0,1,274160,,https://tiki.vngiay-luoi-da-bo-nam-cao-cap-vatis-va2037-p276353664.html?spid=276353668,giày lười da bò nam
107491717,Dép Nam Quai Ngang Da Bò BIGGBEN Cao Cấp DN282,319000.0,400000.0,81000.0,0.0,0,9460,,https://tiki.vndep-nam-quai-ngang-da-bo-biggben-cao-cap-dn282-p107491717.html?spid=107491729,dép nam quai ngang da bò
195444025,Giày Mọi Nam Da Bò Thật BIGGBEN Cao Cấp GM284,699000.0,800000.0,101000.0,0.0,0,9460,,https://tiki.vngiay-moi-nam-da-bo-that-biggben-cao-cap-gm284-p195444025.html?spid=195444031,giày nam da bò biggben
253306906,Đón gót giầy gỗ,159000.0,159000.0,0.0,0.0,0,86216,,https://tiki.vndon-got-giay-p253306906.html?spid=253306910,đón gót giầy gỗ
275687914,"Chai Cọ Tẩy Trắng Giày Dép Túi Xách Plac 100ml Đầu Chổi, Nước Tẩy Vết Bẩn Ố Vàng, Dung Dịch Tẩy Rửa Vệ Sinh Giày Dép Chuyên Dụng Cho Gia Đình",10000.0,10000.0,0.0,5.0,1,31740,,https://tiki.vnchai-co-tay-trang-giay-dep-tui-xach-plac-100ml-dau-choi-nuoc-tay-vet-ban-o-vang-dung-dich-tay-rua-ve-sinh-giay-dep-chuyen-dung-cho-gia-dinh-p275687914.html?spid=275687915,chai cọ tẩy trắng giày dép
179547506,"GIÀY LƯỜI NAM DA BÒ THẬT TỰ NHIÊN 100% DONAVY, ĐẾ CAO SU CAO CẤP THIẾT KẾ KHÂU VIỀN THỜI TRANG DGLK",499000.0,850000.0,351000.0,5.0,1,154317,,https://tiki.vngiay-luoi-nam-da-bo-that-tu-nhien-100-donavy-de-cao-su-cao-cap-thiet-ke-khau-vien-thoi-trang-dglk-p179547506.html?spid=179547510,giày lười nam da bò
79729562,"GIÀY TÂY NAM DA BÒ 100%, DONAVY GTP, MAY QUAI CHẮC CHẮN, ĐẲNG CẤP",499000.0,500000.0,1000.0,0.0,0,154317,,https://tiki.vngiay-tay-nam-da-bo-100-donavy-gtp-may-quai-chac-chan-dang-cap-p79729562.html?spid=79729578,giày tây nam da bò donavy
214770925,Dép Nam Quai Ngang HÀ NAM Da Bò Thật Cao Cấp DNA2201,480000.0,480000.0,0.0,0.0,0,93132,,https://tiki.vndep-nam-quai-ngang-da-bo-that-giay-ha-nam-cao-cap-dna2201-p214770925.html?spid=214770937,dép nam quai ngang hà nam
217759995,Dép Nam Quai Ngang HA NAM Da Bò Thật Cao Cấp DN2074,380000.0,380000.0,0.0,5.0,2,323804,,https://tiki.vndep-nam-quai-ngang-da-bo-that-ha-nam-cao-cap-dn2074d-p217759995.html?spid=217760023,dép nam quai ngang ha
71366826,Giày Mọi Nam Da Bò Thật HÀ NAM Cao Cấp GM2038,600000.0,600000.0,0.0,0.0,0,93132,,https://tiki.vngiay-moi-nam-da-bo-that-de-cao-su-cao-cap-gm2038-p71366826.html?spid=71366832,giày nam da bò hà nam
6277221,Dép Nam Bít Mũi BIGGBEN Da Bò Thật DN51,399000.0,550000.0,151000.0,3.5,2,9460,,https://tiki.vndep-nam-bit-mui-biggben-da-bo-that-dn51-p6277221.html?spid=6277241,dép nam bít mũi
177748957,Giày Lười Nam Cao Da Bò Thật BIGGBEN Tăng Chiều Chiều Cao Thêm 6cm GM272,949000.0,1200000.0,251000.0,0.0,0,9460,,https://tiki.vngiay-luoi-nam-cao-da-bo-that-biggben-tang-chieu-chieu-cao-them-6cm-gm272-p177748957.html?spid=177748969,giày lười nam cao
27801891,Giày Tây Nam BiGGBEN Da Bò Thật  Cao Cấp GT145,700000.0,700000.0,0.0,0.0,0,9460,,https://tiki.vngiay-tay-nam-biggben-da-bo-that-cao-cap-gt145-p27801891.html?spid=27801893,giày tây nam biggben da bò
8050960,Giày Mọi Đế Âm Nam BIGGBEN Da Bò Thật Cao Cấp GM117,760000.0,760000.0,0.0,5.0,1,9460,,https://tiki.vngiay-moi-de-am-nam-biggben-da-bo-that-cao-cap-gm117-p8050960.html?spid=8050966,giày đế âm nam biggben
276967947,Giày Tây Nam BIGGBEN Da Bò Thật Cao Cấp GT268,699000.0,900000.0,201000.0,0.0,0,9460,,https://tiki.vngiay-tay-nam-biggben-da-bo-that-cao-cap-gt268-p276967947.html?spid=276967951,giày tây nam biggben da bò
273244557,Giày Sandal VENTO LOUIS Big size Nam Quai Ngang dạo phố đi chơi đi học du lịch SD7938,345000.0,345000.0,0.0,5.0,1,51843,,https://tiki.vngiay-sandal-vento-louis-big-size-nam-quai-ngang-dao-pho-di-choi-di-hoc-du-lich-sd7938-p273244557.html?spid=273244565,giày sandal vento louis
275830171,Dép Nam Quai Ngang BIGGBEN Da Bò Thật DN353,329000.0,500000.0,171000.0,0.0,0,9460,,https://tiki.vndep-nam-quai-ngang-biggben-da-bo-that-dn353-p275830171.html?spid=275830207,dép nam quai ngang biggben
273196844,Giày Sandal Vento Nam Quai Chéo dạo phố đi chơi đi học NV4905,260000.0,260000.0,0.0,0.0,0,51843,,https://tiki.vngiay-sandal-vento-nam-quai-cheo-xuat-khau-nv25-p273196844.html?spid=273196846,giày sandal vento nam quai
278091807,Giày MICHILUX Da Bò Thật Chính Hãng Horse Bit Moccasin CSHM0 Màu Xám,790000.0,790000.0,0.0,0.0,0,362302,,https://tiki.vngiay-michilux-da-bo-that-chinh-hang-horse-bit-moccasin-cshm0-mau-xam-p278091807.html?spid=278091809,giày michilux da bò
38295818,Sandal Nam BIGGBEN Da Bò Thật SD93,400000.0,400000.0,0.0,4.5,2,9460,,https://tiki.vnsandal-nam-biggben-da-bo-that-sd93-p38295818.html?spid=38295828,sandal nam biggben da bò
248087842,"Dép xỏ ngón nam da bò  Trường Hải có 2 màu đen,vàng  thời trang trẻ trung XN125Đ",299000.0,299000.0,0.0,5.0,2,11395,,https://tiki.vndep-xo-ngon-nam-da-bo-truong-hai-co-2-mau-den-vang-thoi-trang-tre-trung-xn125d-p248087842.html?spid=248087844,dép xỏ ngón nam
275891722,Giày lười nam da bò màu nâu Trường Hải đê cao su mềm GM330,699000.0,699000.0,0.0,0.0,0,11395,,https://tiki.vngiay-luoi-nam-da-bo-mau-nau-truong-hai-de-cao-su-mem-gm330-p275891722.html?spid=275891740,giày lười nam da bò
278620227,"Giày Tây Nam Da Bò Không Dây Trường Hải 2 Màu Nâu, Đen GT304",799000.0,799000.0,0.0,0.0,0,11395,,https://tiki.vngiay-tay-nam-da-bo-khong-day-truong-hai-2-mau-nau-den-gt304-p278620227.html?spid=278620247,giày tây nam da bò dây
95249645,Giày Tây  Nam Không Dây Da Bò Thật Màu Đen Chính Hãng Trường Hải GT270,539000.0,539000.0,0.0,0.0,0,11395,,https://tiki.vngiay-tay-nam-khong-day-da-bo-that-mau-den-chinh-hang-truong-hai-gt270-p95249645.html?spid=95249651,giày tây nam dây da bò
274473985,Giày sục nam Trường Hải da bò màu vàng trơn đế kếp may chắc chắn  SP039,349000.0,349000.0,0.0,0.0,0,11395,,https://tiki.vngiay-suc-nam-truong-hai-da-bo-mau-vang-tron-de-kep-may-chac-chan-sp039-p274473985.html?spid=274473989,giày sục nam trường
248092080,Giày lười nam da bò buộc dây Trường Hải màu nâu đề cao 3cm GM446N,749000.0,749000.0,0.0,5.0,1,11395,,https://tiki.vngiay-luoi-nam-da-bo-buoc-day-truong-hai-mau-nau-de-cao-3cm-gm446n-p248092080.html?spid=248092086,giày lười nam da bò
51234531,Dép cao su 4 quai chéo đế dày,800000.0,800000.0,0.0,5.0,1,53773,,https://tiki.vndep-cao-su-4-quai-cheo-de-day-p51234531.html?spid=51234543,dép cao su quai chéo đế
162058151,Dép Nam Quai Ngang Cao Cấp KEEDO BH00606 da bò thật,380000.0,380000.0,0.0,0.0,0,183745,,https://tiki.vndep-nam-quai-ngang-cao-cap-keedo-bh00606-da-bo-that-p162058151.html?spid=162058157,dép nam quai ngang cao cấp
197162412,Dép nam đế may sẵn quai ngang cao cấp KEEDO N305,199000.0,199000.0,0.0,0.0,0,183745,,https://tiki.vndep-nam-de-may-san-quai-ngang-cao-cap-keedo-n305-p197162412.html?spid=197162430,dép nam đế may sẵn quai
191650844,"Dép nam quai ngang da bò Nappa cao cấp Bụi Leather E102, đế đúc nguyên khối khâu viền thủ công đi êm chân",289000.0,289000.0,0.0,4.7,37,181498,,https://tiki.vndep-nam-quai-ngang-da-bo-nappa-cao-cap-bui-leather-e102-de-duc-nguyen-khoi-khau-vien-thu-cong-di-em-chan-bao-hanh-12-thang-p191650844.html?spid=191650848,dép nam quai ngang da bò
38494172,Lót giày vải cotton Hương quế CI-01 làm từ vải cotton - bột quế giúp hút ẩm - khử mùi - phòng cảm cúm và cải thiện sức khoẻ,25000.0,25000.0,0.0,5.0,4,61212,,https://tiki.vnlot-giay-vai-cotton-huong-que-ci-01-lam-tu-vai-cotton-bot-que-giup-hut-am-khu-mui-phong-cam-cum-va-cai-thien-suc-khoe-p38494172.html?spid=38494560,lót giày vải cotton
276102388,DÉP QUAI NGANG CHẤT LIỆU DA BÒ VATIS VA2054 | KHÂU ĐẾ CHẮC CHẮN,199000.0,329000.0,130000.0,0.0,0,274160,,https://tiki.vndep-quai-ngang-chat-lieu-da-bo-vatis-va2054-khau-de-chac-chan-p276102388.html?spid=276102390,dép quai ngang chất liệu
278117525," DÉP SAPO NAM DA BÒ CAO CẤP PABNO PN21007 – TINH TẾ, LỊCH LÃM, DỄ DI CHUYỂN",650000.0,650000.0,0.0,0.0,0,49994,,https://tiki.vndep-sapo-nam-da-bo-cao-cap-pabno-pn21007-tinh-te-lich-lam-de-di-chuyen-p278117525.html?spid=278117537,dép sapo nam da bò
277473425,GIÀY SANDAL NAM PABNO 2 QUAI CHẤT LIỆU DA SIÊU BỀN PN21013,365000.0,365000.0,0.0,4.0,1,49994,,https://tiki.vngiay-sandal-nam-pabno-2-quai-chat-lieu-da-sieu-ben-pn21013-p277473425.html?spid=277473429,giày sandal nam pabno
135286470,"Dép Quai Ngang Nam Da Bò Khâu Viền, Đế Siêu Nhẹ, Có Răng Cưa Chống Trơn Trượt VNXK",379000.0,600000.0,221000.0,0.0,0,154317,,https://tiki.vndep-quai-ngang-nam-da-bo-khau-vien-de-sieu-nhe-co-rang-cua-chong-tron-truot-vnxk-p135286470.html?spid=135286492,dép quai ngang nam
194186911,"giày cao gót lông vũ kết hợp da rắn ( có bảo hành , ping)",460000.0,460000.0,0.0,0.0,0,300310,,https://tiki.vngiay-cao-got-long-vu-ket-hop-da-ran-co-bao-hanh-freeshipping-p194186911.html?spid=194186946,giày cao gót lông vũ kết hợp da
263276302,Chuck Taylor Classic Black High | Giày Con Vải Màu Đen Cổ Cao M9160C,1650000.0,1650000.0,0.0,0.0,0,77420,,https://tiki.vnchuck-taylor-classic-black-high-giay-con-vai-mau-den-co-cao-p263276302.html?spid=263276319,chuck taylor classic black
161671784,"Xăng Đan Bít Mũi, Giày Sandal Nam Quai Ngang Da Bò Cao Cấp SUNPOLO SDA020 (Đen)",830000.0,830000.0,0.0,4.7,3,1827,,https://tiki.vnxang-dan-bit-mui-giay-sandal-nam-quai-ngang-da-bo-cao-cap-sunpolo-sda020-den-p161671784.html?spid=161672048,xăng đan bít mũi
137822576,Dép Nam Quai Ngang HÀ NAM Da Bò Thật Cao Cấp DNA2146,360000.0,360000.0,0.0,4.5,2,93132,,https://tiki.vndep-nam-quai-ngang-da-bo-that-de-cao-su-ha-nam-cao-cap-dna2146-p137822576.html?spid=137822578,dép nam quai ngang hà nam
222155311,Xịt khử mùi giày dép Emi Balance 60ml,89000.0,89000.0,0.0,0.0,0,237123,,https://tiki.vnxit-khu-mui-giay-dep-emi-balance-60ml-p222155311.html?spid=222155312,xịt khử mùi giày dép
8001058,Giày Mọi Nam BIGGBEN Da Bò Thật Cao Cấp GM111,770000.0,770000.0,0.0,0.0,0,9460,,https://tiki.vngiay-moi-nam-biggben-da-bo-that-cao-cap-gm111-p8001058.html?spid=8001070,giày nam biggben da bò
275958007,"Giầy nam da bò,giày da nam phong cách lịch lãm 20941",1040200.0,1040200.0,0.0,0.0,0,9711,,https://tiki.vngiay-nam-da-bo-giay-da-nam-phong-cach-lich-lam-20941-p275958007.html?spid=275958051,giầy nam da bò giày
273253934,Giày Sandals Vento Nam Nữ Quai Ngang dạo phố đi chơi đi học NV4575,320000.0,320000.0,0.0,0.0,0,51843,,https://tiki.vngiay-sandals-vento-nam-nu-quai-ngang-dao-pho-di-choi-di-hoc-nv4575-p273253934.html?spid=273253936,giày sandals vento nam nữ
272469565,Giày Sandal Vento Nam Quai Ngang Dạo phố đi chơi đi học big size SD7939,345000.0,345000.0,0.0,3.5,2,171497,,https://tiki.vngiay-sandal-vento-nam-quai-ngang-dao-pho-di-choi-di-hoc-big-size-sd7939-p272469565.html?spid=272469582,giày sandal vento nam quai
160705114,Giày Sục Sapo Nam Da Bò Cao Cấp SUNPOLO SPO006 (Nâu),820000.0,820000.0,0.0,0.0,0,1827,,https://tiki.vngiay-suc-sapo-nam-da-bo-cao-cap-sunpolo-spo006-nau-p160705114.html?spid=160705124,giày sục sapo nam
278091701,Giày MICHILUX Da Bò Thật Chính Hãng Horse Bit Moccasin CIEHM Màu Trắng,790000.0,790000.0,0.0,0.0,0,362302,,https://tiki.vngiay-michilux-da-bo-that-chinh-hang-horse-bit-moccasin-ciehm-mau-trang-p278091701.html?spid=278091709,giày michilux da bò
27691824,Dép quai ngang nam da bò cao cấp TH_QN044,279000.0,279000.0,0.0,5.0,14,11395,,https://tiki.vndep-quai-ngang-nam-nau-da-bo-cao-cap-th_qn044-p27691824.html?spid=27691834,dép quai ngang nam
171193582,DÉP NAM QUAI NGANG DA BÒ CAO CẤP VA2004,150000.0,299000.0,149000.0,4.5,14,274160,,https://tiki.vndep-nam-quai-ngang-da-bo-cao-cap-va2004-p171193582.html?spid=171193586,dép nam quai ngang da bò
278091824,Giày MICHILUX Da Bò Thật Chính Hãng Classic Moccasin CSMS0 Màu Đen,750000.0,750000.0,0.0,0.0,0,362302,,https://tiki.vngiay-michilux-da-bo-that-chinh-hang-classic-moccasin-csms0-mau-den-p278091824.html?spid=278091840,giày michilux da bò
278591237,Dép Nam Quai Ngang  Da Bò BIGGBEN DN364,319000.0,450000.0,131000.0,0.0,0,9460,,https://tiki.vndep-nam-quai-ngang-da-bo-biggben-dn364-p278591237.html?spid=278591243,dép nam quai ngang da
278591277,Giày Mọi Nam Da Bò Thật BIGGBEN Cao Cấp GM322,699000.0,1000000.0,301000.0,0.0,0,9460,,https://tiki.vngiay-moi-nam-da-bo-that-biggben-cao-cap-gm322-p278591277.html?spid=278591287,giày nam da bò biggben
71957827,Giày mọi nam Trường Hải màu xanh lam bò da bò thật cao cấp không bong tróc đế cao su chống mòn không trơn GMTH097,639000.0,639000.0,0.0,5.0,1,11395,,https://tiki.vngiay-moi-nam-truong-hai-mau-xanh-lam-bo-da-bo-that-cao-cap-khong-bong-troc-de-cao-su-chong-mon-khong-tron-gmth097-p71957827.html?spid=71957837,giày nam trường hải màu
70845165,Dép nam quai ngang BIGSIZE Trường Hải da bò thật mềm mại may thủ công chắc chắn tỉ mỉ đế kếp không trơn QNN0118,429000.0,429000.0,0.0,0.0,0,11395,,https://tiki.vndep-nam-quai-ngang-bigsize-truong-hai-da-bo-that-mem-mai-may-thu-cong-chac-chan-ti-mi-de-kep-khong-tron-qnn0118-p70845165.html?spid=70845167,dép nam quai ngang bigsize
72508500,Giày mọi nam cột dây Trường Hải màu đen bò da bò thật cao cấp không bong tróc đế cao su chống mòn không trơn GMTH01276,659000.0,659000.0,0.0,0.0,0,11395,,https://tiki.vngiay-moi-nam-cot-day-truong-hai-mau-den-bo-da-bo-that-cao-cap-khong-bong-troc-de-cao-su-chong-mon-khong-tron-gmth01276-p72508500.html?spid=72508504,giày nam cột dây
183069382,Dép xỏ ngón nam quai dù cao cấp KEEDO KD1808,390000.0,390000.0,0.0,0.0,0,183745,,https://tiki.vndep-xo-ngon-nam-quai-du-cao-cap-keedo-kd1808-p183069382.html?spid=183069386,dép xỏ ngón nam quai
273370173,Dép da nam quai chéo cao cấp siêu bền KEEDO PK015,520000.0,520000.0,0.0,0.0,0,183745,,https://tiki.vndep-da-nam-quai-cheo-cao-cap-sieu-ben-keedo-pk015-p273370173.html?spid=273370185,dép da nam quai chéo cao cấp
191636295,"Dép nam quai ngang da bò Nappa cao cấp Bụi Leather E110, phù hợp cho người cao tuổi, đế cao su non đi êm chân",480000.0,480000.0,0.0,4.6,8,181498,,https://tiki.vndep-nam-quai-ngang-da-bo-nappa-cao-cap-bui-leather-e110-phu-hop-cho-nguoi-cao-tuoi-de-cao-su-non-di-em-chan-bao-hanh-12-thang-p191636295.html?spid=191636297,dép nam quai ngang da bò
276545659,Giầy da Biti's cao cấp  (39-43),815000.0,815000.0,0.0,0.0,0,174218,,https://tiki.vngiay-da-biti-s-cao-cap-39-43-p276545659.html?spid=276545669,giầy da biti s cao cấp
273299723,Dép quai kẹp nam Bitis xốp siêu nhẹ,55000.0,55000.0,0.0,4.8,5,174218,,https://tiki.vndep-quai-kep-nam-bitis-xop-sieu-nhe-p273299723.html?spid=273299725,dép quai kẹp nam bitis
41657082,Cây xở giầy gỗ,158000.0,158000.0,0.0,4.8,5,86216,,https://tiki.vncay-xo-giay-go-p41657082.html?spid=41657083,xở giầy gỗ
275604884,Dép quai ngang Bitis nam (38-43),440000.0,440000.0,0.0,0.0,0,174218,,https://tiki.vndep-quai-ngang-bitis-nam-38-43-p275604884.html?spid=275604900,dép quai ngang bitis
277773194,Sandal Biti's Hunter Nam  HEM000901,469000.0,469000.0,0.0,0.0,0,174218,,https://tiki.vnsandal-biti-s-hunter-nam-hem000901-p277773194.html?spid=277773198,sandal biti s hunter
278928992,Dép Nam Quai Ngang HA NAM Da Bò Thật Cao Cấp DNA2124,390000.0,390000.0,0.0,0.0,0,93132,,https://tiki.vndep-nam-quai-ngang-ha-nam-da-bo-that-cao-cap-dna2124-p278928992.html?spid=278928996,dép nam quai ngang ha
279077562,Dép quai hậu nam VN2519 size 39-45 VINASAN. Hàng Việt Nam xuất khẩu được sx theo công nghệ tiêu chuẩn cao Nhật Bản,254000.0,254000.0,0.0,0.0,0,363958,,https://tiki.vndep-quai-hau-nam-vn2519-size-39-45-vinasan-hang-viet-nam-xuat-khau-duoc-sx-theo-cong-nghe-tieu-chuan-cao-nhat-ban-p279077562.html?spid=279077578,dép quai hậu nam vn2519
7995150,Giày Converse Chuck Taylor All Star 1970s Low Top - 162065V,1900000.0,1900000.0,0.0,4.7,19,32929,,https://tiki.vngiay-converse-chuck-taylor-all-star-1970s-low-top-162065v-p7995150.html?spid=20350174,giày converse chuck taylor
262795983,"Chai Vệ Sinh Giày Đồ Da Lộn Túi, Ví, Áo, Ghế Giúp Làm Sạch, Chăm Sóc, Chống Mốc XIMO",73000.0,73000.0,0.0,0.0,0,1028,,https://tiki.vnchai-ve-sinh-giay-do-da-lon-tui-vi-ao-ghe-giup-lam-sach-cham-soc-chong-moc-ximo-p262795983.html?spid=262795984,chai vệ sinh giày đồ da lộn
279078887,"Giày thể thao nam đế êm nhẹ, thoáng khí đế cao su đúc, chống trơn trượt hạn chế mòn – BEE GEE - GNA2047",750000.0,1500000.0,750000.0,0.0,0,975,,https://tiki.vngiay-the-thao-nam-de-em-nhe-thoang-khi-de-cao-su-duc-chong-tron-truot-han-che-mon-bee-gee-gna2047-p279078887.html?spid=279078899,giày thể thao nam đế êm nhẹ
248638295,Dép nam xỏ ngón Gambol 41129 Thái Lan,352000.0,352000.0,0.0,4.0,2,192753,,https://tiki.vndep-nam-xo-ngon-gambol-41129-thai-lan-p248638295.html?spid=248638321,dép nam xỏ ngón
125244664,"Giày Nam, Giày Lười Da Bò Cao Cấp SUNPOLO SUMU05 (Đen, Nâu)",1150000.0,1150000.0,0.0,5.0,4,1827,,https://tiki.vngiay-nam-giay-luoi-da-bo-cao-cap-sunpolo-sumu05-den-nau-p125244664.html?spid=125244686,giày nam giày lười
1589843,Giày Tây Nam Da Bò SUNPOLO SU5572D - Đen,850000.0,850000.0,0.0,4.5,4,1827,,https://tiki.vngiay-tay-nam-da-bo-sunpolo-su5572d-den-p1589843.html?spid=1593041,giày tây nam da bò sunpolo
2023495,Giày Nam Thể Thao Cột Dây Huy Hoàng HT7744  - Đen,769000.0,769000.0,0.0,5.0,1,1867,,https://tiki.vngiay-nam-the-thao-cot-day-huy-hoang-ht7744-den-p2023495.html?spid=2025081,giày nam thể thao cột
204660041,GIÀY LƯỜI DA BÒ NAM CAO CẤP VATIS VA2038,349000.0,399000.0,50000.0,0.0,0,274160,,https://tiki.vngiay-luoi-da-bo-nam-cao-cap-vatis-va2038-p204660041.html?spid=204660053,giày lười da bò nam
150762040,Giày Sandal Nam The Bily Quai Chéo Đôi - Màu Xám BL02X,329000.0,329000.0,0.0,4.0,4,196712,,https://tiki.vngiay-sandal-nam-the-bily-quai-cheo-doi-mau-xam-bl02x-p150762040.html?spid=150762048,giày sandal nam the
150780873,Giày Sandal Nam The Bily Quai Chéo - Màu Trắng BL01T,319000.0,319000.0,0.0,5.0,7,196712,,https://tiki.vngiay-sandal-nam-the-bily-quai-cheo-mau-trang-bl01t-p150780873.html?spid=189099794,giày sandal nam the
56881812,Giày tây nam tăng chiều cao Trường Hải cao 6.5cm da bò thật không bong tróc đế cao su không trơn GTN077,649000.0,649000.0,0.0,0.0,0,11395,,https://tiki.vngiay-tay-nam-tang-chieu-cao-truong-hai-cao-6-5cm-da-bo-that-khong-bong-troc-de-cao-su-khong-tron-gtn077-p56881812.html?spid=56881824,giày tây nam tăng chiều
56686449,"Giày mọi nam mùa hè Trường Hải  da bò thật cao cấp màu đen đế không trơn, may chắc chắn GR07",349000.0,349000.0,0.0,0.0,0,11395,,https://tiki.vngiay-moi-nam-mua-he-truong-hai-da-bo-that-cao-cap-mau-den-de-khong-tron-may-chac-chan-gr07-p56686449.html?spid=56686457,giày nam mùa hè
270067675,"Dép nam quai ngang da bò Nappa cao cấp Bụi Leather E105, đế đúc nguyên khối đi êm chân, chính hãng",413000.0,413000.0,0.0,5.0,1,181498,,https://tiki.vndep-nam-quai-ngang-da-bo-nappa-cao-cap-bui-leather-e105-de-duc-nguyen-khoi-di-em-chan-chinh-hang-p270067675.html?spid=270067677,dép nam quai ngang da bò
277587602,Dép nam xỏ ngón da thật BHD3008 Dép quai hậu nam,310000.0,310000.0,0.0,0.0,0,8035,,https://tiki.vndep-nam-xo-ngon-da-that-bhd3008-dep-quai-hau-nam-p277587602.html?spid=277587610,dép nam xỏ ngón
2597577,Giày Sandal Nam Da Bò Cao Cấp SUNPOLO SUSDA1,580000.0,580000.0,0.0,4.7,7,1827,,https://tiki.vngiay-sandal-nam-da-bo-cao-cap-sunpolo-susda1-p2597577.html?spid=2665563,giày sandal nam da bò
125715457,"Giày Nam, Giày Mọi Da Bò Cao Cấp SUNPOLO MOI027 (Đen, Nâu)",1300000.0,1300000.0,0.0,3.5,2,1827,,https://tiki.vngiay-nam-giay-moi-da-bo-cao-cap-sunpolo-lsu027-den-nau-p125715457.html?spid=125715490,giày nam giày da bò
141822956,"Dép Sục Bít Mũi Nam Da Bò SUNPOLO SPO194 (Đen, Nâu)",700000.0,700000.0,0.0,4.3,3,1827,,https://tiki.vndep-suc-bit-mui-nam-da-bo-sunpolo-spo194-den-nau-p141822956.html?spid=141822975,dép sục bít mũi nam
276368038,Giày Sandal Nam Bít Đầu BIGGBEN Da Bò Thật Cao Cấp SD141,369000.0,500000.0,131000.0,0.0,0,9460,,https://tiki.vngiay-sandal-nam-bit-dau-biggben-da-bo-that-cao-cap-sd141-p276368038.html?spid=276368052,giày sandal nam bít
15186659,Lót cho giày công sở phòng tránh đau chân Spenco Arch Cushion Full M045,695000.0,695000.0,0.0,5.0,1,302,,https://tiki.vnlot-cho-giay-cong-so-tranh-dau-chan-spenco-arch-cushion-full-m045-p15186659.html?spid=15186667,lót giày công sở phòng tránh
55141466,"Combo 3 đôi lót giày Hương Quế (CI-03, CI-13, CI-14) giúp khử mùi hôi chân - phòng cảm cúm - hút ẩm êm chân - tốt cho sức khỏe",75000.0,75000.0,0.0,4.8,13,61212,,https://tiki.vncombo-3-doi-lot-giay-huong-que-ci-03-ci-13-ci-14-giup-khu-mui-hoi-chan-phong-cam-cum-hut-am-em-chan-tot-cho-suc-khoe-p55141466.html?spid=55141480,combo
277744886,Giày Da Nam Italy - 1720BIA,4000000.0,4000000.0,0.0,0.0,0,20163,,https://tiki.vngiay-da-nam-italy-1720bia-p277744886.html?spid=277744888,giày da nam italy
277473943,Giày Mọi Nam Da Thật Cao Cấp PABNO PN21030 - Đen/Nâu,795000.0,795000.0,0.0,0.0,0,49994,,https://tiki.vngiay-moi-da-nam-pabno-pn21030-p277473943.html?spid=277473949,giày nam da cao cấp
278095604,GIÀY TÂY NAM CỘT DÂY CAO CẤP PABNO PN21055 – NÂNG CHIỀU CAO,820000.0,820000.0,0.0,0.0,0,49994,,https://tiki.vngiay-tay-nam-cot-day-cao-cap-pabno-pn21055-nang-chieu-cao-p278095604.html?spid=278095616,giày tây nam cột dây
179562068,  GIÀY DA LƯỜI NAM DONAVY THỜI TRANG MAY QUAI RẤT CHẮC CHẮN DGKM,219000.0,280000.0,61000.0,0.0,0,154317,,https://tiki.vngiay-da-luoi-nam-donavy-thoi-trang-may-quai-rat-chac-chan-dgkm-p179562068.html?spid=179562084,giày da lười nam
179515782,"DÉP QUAI NGANG NAM DA BÒ TỰ NHIÊN DONAVY CAO CẤP 3 Ô VUÔNG CÓ KHUY CHỐNG RỈ SÉT, ĐẾ SIÊU NHẸ DONAVY3V",439000.0,700000.0,261000.0,0.0,0,154317,,https://tiki.vndep-quai-ngang-nam-da-bo-tu-nhien-donavy-cao-cap-3-o-vuong-co-khuy-chong-ri-set-de-sieu-nhe-donavy3v-p179515782.html?spid=179515807,dép quai ngang nam
179562656,Thanh lý giày lười nam DONAVY cao cấp đế cao 3cm hỗ trợ tăng chiều cao DGKC,219000.0,280000.0,61000.0,5.0,1,154317,,https://tiki.vnthanh-ly-giay-luoi-nam-donavy-cao-cap-de-cao-3cm-ho-tro-tang-chieu-cao-dgkc-p179562656.html?spid=179562668,thanh lý giày lười nam
277509347,"Set dụng cụ làm sạch giày - Xi mút  + sáp đánh bóng giày , dép , túi xách ,cặp ,bằng da  , thiết kế nhỏ gọn vô  cùng tiện lợi",81000.0,89000.0,8000.0,0.0,0,274962,,https://tiki.vnset-dung-cu-lam-sach-giay-xi-mut-sap-danh-bong-giay-dep-tui-xach-cap-bang-da-thiet-ke-nho-gon-vo-cung-tien-loi-p277509347.html?spid=277509348,set dụng cụ làm sạch
7977133,Giày tây nam da bò đế cao su mũi nhọn SUNPOLO TAY-07,880000.0,880000.0,0.0,4.5,4,1827,,https://tiki.vngiay-tay-nam-da-bo-sunpolo-sumu07-p7977133.html?spid=7986416,giày tây nam da bò đế
20007807,Giày Sneaker Unisex Converse Chuck Taylor All Star 1970s Sunflower Low Top 162063C,1900000.0,1900000.0,0.0,5.0,6,32929,,https://tiki.vngiay-sneaker-unisex-converse-chuck-taylor-all-star-1970s-sunflower-low-top-162063c-p20007807.html?spid=41577118,giày sneaker unisex converse
107801403,Khăn lau giày tiện lợi chuyên dụng XIMO siêu mềm mại (XKDGG01),10000.0,10000.0,0.0,0.0,0,112968,,https://tiki.vnkhan-lau-giay-tien-loi-chuyen-dung-ximo-sieu-mem-mai-xkdgg01-p107801403.html?spid=270850260,khăn lau giày tiện lợi
263630582,Dây giày thời trang co giãn không cần buộc kèm khóa phụ kiện tiện dụng giày thể thao sneaker cho người lớn và trẻ em,5000.0,5000.0,0.0,4.7,7,3196,,https://tiki.vnday-giay-thoi-trang-co-gian-khong-can-buoc-kem-khoa-phu-kien-tien-dung-giay-the-thao-sneaker-cho-nguoi-lon-va-tre-em-p263630582.html?spid=277522297,dây giày thời trang co giãn
263276582,Chuck 70 Black Low | Giày Converse Đen 1970s Cổ Thấp 162058C,2100000.0,2100000.0,0.0,0.0,0,77420,,https://tiki.vnchuck-70-black-giay-converse-den-1970s-co-cao-thap-hang-cong-ty-p263276582.html?spid=263276593,chuck black low giày
149552726,"Giày Sandal Bít Mũi Nam Da Bò SUNPOLO SDA007 (Đen, Nâu)",830000.0,830000.0,0.0,0.0,0,1827,,https://tiki.vngiay-sandal-bit-mui-nam-da-bo-sunpolo-sda007-den-nau-p149552726.html?spid=149552738,giày sandal bít mũi
140865878,Giày Lười Nam Da Bò SUNPOLO CS5028 (Nâu bò),990000.0,990000.0,0.0,0.0,0,1827,,https://tiki.vngiay-luoi-nam-da-bo-sunpolo-cs5028-nau-bo-p140865878.html?spid=140865880,giày lười nam da bò
276886436,Bộ 4 miếng lót độn đế tăng 2cm chiều cao Màu Xám Lót giày tăng chiều cao nửa bàn,80000.0,80000.0,0.0,0.0,0,353491,,https://tiki.vnbo-4-mieng-lot-don-de-tang-2cm-chieu-cao-mau-xam-lot-giay-tang-chieu-cao-nua-ban-p276886436.html?spid=276886437,bộ
66123731,Dép nam quai ngang da bò thật HÀ NAM cao cấp DN275,368000.0,368000.0,0.0,5.0,1,93132,,https://tiki.vndep-nam-quai-ngang-da-bo-that-dn275-p66123731.html?spid=66123735,dép nam quai ngang da bò
1999805,Dép Nam Quai Ngang Huy Hoàng HT7137 - Nâu (Size,489000.0,489000.0,0.0,5.0,2,1867,,https://tiki.vndep-nam-quai-ngang-huy-hoang-ht7137-nau-p1999805.html?spid=2008165,dép nam quai ngang huy hoàng
130439692,"Giày Nam Da Bò SUNPOLO CS4060 Trẻ trung, thanh lịch (Nâu đỏ)",1040000.0,1040000.0,0.0,3.0,1,1827,,https://tiki.vngiay-nam-da-bo-sunpolo-cs4060-tre-trung-thanh-lich-nau-do-p130439692.html?spid=130439694,giày nam da bò sunpolo
163660042,"Dép Quai Ngang, Dép Nam Da Bò SUNPOLO SUA022 (Đen, Nâu)",730000.0,730000.0,0.0,4.7,3,1827,,https://tiki.vndep-quai-ngang-dep-nam-da-bo-sunpolo-sua022-den-nau-p163660042.html?spid=163660048,dép quai ngang dép
2001727,Giày Tăng Chiều Cao Nam Huy Hoàng HT7186 - Đen (Size,1539000.0,1539000.0,0.0,5.0,2,1867,,https://tiki.vngiay-tang-chieu-cao-nam-huy-hoang-ht7186-den-p2001727.html?spid=2007023,giày tăng chiều cao
158999825,"Giày Nam, Giày Tây Nam Buộc Dây Da Bò SUNPOLO SPH427 (Đen, Nâu)",990000.0,990000.0,0.0,0.0,0,1827,,https://tiki.vngiay-nam-giay-tay-nam-buoc-day-da-bo-sunpolo-sph427-den-nau-p158999825.html?spid=158999847,giày nam giày tây nam
8051307,Giày Mọi Nam BIGGBEN Da Bò Thật GM119,700000.0,700000.0,0.0,0.0,0,9460,,https://tiki.vngiay-moi-nam-biggben-da-bo-that-gm119-p8051307.html?spid=8051317,giày nam biggben da bò
14003456,Giày Tây Nam BIGGBEN Da Bò Thật GT106,700000.0,700000.0,0.0,0.0,0,9460,,https://tiki.vngiay-tay-nam-biggben-da-bo-that-gt106-p14003456.html?spid=14003464,giày tây nam biggben da bò
165590239,Giày Lười Nam Da Bò Thật BIGGBEN Cao Cấp GM267,699000.0,800000.0,101000.0,0.0,0,9460,,https://tiki.vngiay-luoi-nam-da-bo-that-biggben-cao-cap-gm267-p165590239.html?spid=165590247,giày lười nam da bò
6396849,Sandal Nam Bít Mũi BIGGBEN Da Bò Thật SD45,449000.0,500000.0,51000.0,4.2,6,9460,,https://tiki.vnsandal-nam-bit-mui-biggben-da-bo-that-sd45-p6396849.html?spid=6396857,sandal nam bít mũi
186741467,Giày Mọi Nam Da Bò Thật BIGGBEN Cao Cấp GM274,729000.0,800000.0,71000.0,5.0,2,9460,,https://tiki.vngiay-moi-nam-da-bo-that-biggben-cao-cap-gm274-p186741467.html?spid=186741487,giày nam da bò biggben
7400509,Dép Sục Nam BIGGBEN Da Bò Thật Vân Cá Sấu SB45,500000.0,500000.0,0.0,5.0,2,9460,,https://tiki.vndep-sabo-nam-biggben-da-bo-that-van-ca-sau-sb45-p7400509.html?spid=7400529,dép sục nam biggben
275356019,Dép Nam Quai Ngang Đế Doctor BIGGBEN Da Bò Thật DN338,339000.0,500000.0,161000.0,5.0,1,9460,,https://tiki.vndep-nam-quai-ngang-de-doctor-biggben-da-bo-that-dn338-p275356019.html?spid=275356032,dép nam quai ngang đế
275837110,Giày Sandal Nam BIGGBEN Da Bò Thật Cao Cấp SD139,359000.0,500000.0,141000.0,0.0,0,9460,,https://tiki.vngiay-sandal-nam-biggben-da-bo-that-cao-cap-sd138-p275837110.html?spid=275837172,giày sandal nam biggben
21980770,Giày rọ nam Huy Hoàng da bò màu nâu HT7785,909000.0,909000.0,0.0,5.0,1,1867,,https://tiki.vngiay-ro-nam-huy-hoang-da-bo-mau-nau-ht7785-p21980770.html?spid=21980780,giày rọ nam huy hoàng
277420732,"Dép nam da bò quai ngang đế cao 2,5cm Trường Hải hai màu nâu, đen DN135",329000.0,329000.0,0.0,0.0,0,11395,,https://tiki.vndep-nam-da-bo-quai-ngang-de-cao-2-5cm-truong-hai-hai-mau-nau-den-dn135-p277420732.html?spid=277420734,dép nam da bò quai
275503011,Dép nam siêu nhẹ bản ngang chữ H da bò mềm mại Trường Hải DN158,349000.0,349000.0,0.0,0.0,0,11395,,https://tiki.vndep-nam-sieu-nhe-ban-ngang-chu-h-da-bo-mem-mai-truong-hai-dn158-p275503011.html?spid=275503021,dép nam siêu nhẹ bản
248089546,"Dép nam quai ngang đế doctor cao 2.5cm may viền da bò Trường Hải hai màu đen, nâu DN01-126",319000.0,319000.0,0.0,0.0,0,11395,,https://tiki.vndep-nam-quai-ngang-de-doctor-cao-2-5cm-may-vien-da-bo-truong-hai-hai-mau-den-nau-dn01-126-p248089546.html?spid=248089570,dép nam quai ngang đế
180587378,Dép nam da bò thật quai ngang hai dây Trường Hải màu đen mặt đúc chịu nước QN152,339000.0,339000.0,0.0,0.0,0,11395,,https://tiki.vndep-nam-da-bo-that-quai-ngang-hai-day-truong-hai-mau-den-mat-duc-chiu-nuoc-qn152-p180587378.html?spid=180587384,dép nam da bò quai
197551659,Giày Sandal Nam The Bily Quai Chéo - Đế Trắng Lót Đen Màu Xám Thổ Cẩm BLDTMD01,319000.0,319000.0,0.0,0.0,0,196712,,https://tiki.vngiay-sandal-nam-the-bily-quai-cheo-de-trang-lot-den-mau-xam-tho-cam-bldtmd01-p197551659.html?spid=197551667,giày sandal nam the
146955421,Giày Sandal Nam The Bily  Quai Chéo - Xám Thổ Cẩm BL01XTC,319000.0,319000.0,0.0,5.0,4,196712,,https://tiki.vngiay-sandal-nam-the-bily-quai-cheo-xam-tho-cam-bl01xtc-p146955421.html?spid=146955423,giày sandal nam the
175967798,Dép Quai Ngang Nam Mẫu Đẹp KEEDO-KD1603 Full hộp - Đen,520000.0,520000.0,0.0,5.0,3,183745,,https://tiki.vndep-quai-ngang-nam-mau-dep-keedo-kd1603-p175967798.html?spid=175967802,dép quai ngang nam
277382577,"Giày Lười Nam Da Bò, Đế Cao Su 3cm, Mã Shoes-GL93",650000.0,650000.0,0.0,0.0,0,20142,,https://tiki.vngiay-luoi-nam-da-bo-de-cao-su-3cm-ma-shoes-gl93-p277382577.html?spid=277382587,giày lười nam da
49233166,Giày lười nam Trường Hải  da bò đen đế cao su chống mòn cao 2.5cm  GMN014,420000.0,420000.0,0.0,0.0,0,11395,,https://tiki.vngiay-da-nam-giay-nam-giay-moi-nam-giay-luoi-nam-truong-hai-da-bo-den-de-cao-su-chong-mon-cao-2-5cm-gmn014-p49233166.html?spid=49233170,giày lười nam trường
57890643,Giày mọi nam Trường Hải màu đen bò da bò thật cao cấp không bong tróc đế cao su chống mòn không trơn GMTH096,599000.0,599000.0,0.0,0.0,0,11395,,https://tiki.vngiay-moi-nam-truong-hai-mau-den-bo-da-bo-that-cao-cap-khong-bong-troc-de-cao-su-chong-mon-khong-tron-gmth096-p57890643.html?spid=57890649,giày nam trường hải màu
33275633,Dép nam_Dép nam bít mũi da bò  cao cấp Trường Hải BM351,369000.0,369000.0,0.0,0.0,0,11395,,https://tiki.vndep-nam_dep-nam-bit-mui-da-bo-cao-cap-truong-hai-bm351-p33275633.html?spid=33275639,dép nam_dép nam bít
183348431,Dép Nam Hai Quai Ngang Cao Cấp KEEDO KD7725,290000.0,290000.0,0.0,0.0,0,183745,,https://tiki.vndep-nam-hai-quai-ngang-cao-cap-keedo-kd7725-p183348431.html?spid=215624441,dép nam quai ngang
277587777,Dép nam quai ngang da thật BHD6652 Dép quai hậu,350000.0,350000.0,0.0,0.0,0,8035,,https://tiki.vndep-nam-quai-ngang-da-that-bhd6652-dep-quai-hau-p277587777.html?spid=277587787,dép nam quai ngang da
141740940,"Dép Sục Sapo Nam Da Bò SUNPOLO SUT322 (Đen, Nâu)",730000.0,730000.0,0.0,5.0,1,1827,,https://tiki.vndep-suc-sapo-nam-da-bo-sunpolo-sut322-den-nau-p141740940.html?spid=141740967,dép sục sapo nam
143331226,HD7172-73-74 - Dép nam quai hậu nhiều màu,279500.0,559000.0,279500.0,0.0,0,223818,,https://tiki.vnhd7172-73-74-dep-nam-quai-hau-nhieu-mau-p143331226.html?spid=143331347,hd7172 73 74 dép
198916611," Giày nam da trăn Huy Hoàng màu da nguyên thủy, đen HJ7303-07-09-10",2449300.0,3499000.0,1049700.0,0.0,0,223818,,https://tiki.vngiay-nam-da-tran-huy-hoang-mau-da-nguyen-thuy-den-hj7303-07-09-10-p198916611.html?spid=198916633,giày nam da trăn huy hoàng
277013914,Dép Kẹp Nam da PABNO PN21043,275000.0,275000.0,0.0,5.0,1,49994,,https://tiki.vndep-kep-nam-da-pabno-pn21043-p277013914.html?spid=277013932,dép kẹp nam da
132144621,"Giày Rọ Nam Da Bò SUNPOLO STA680 (Đen, Nâu)",820000.0,820000.0,0.0,5.0,1,1827,,https://tiki.vngiay-ro-nam-da-bo-sunpolo-sta680-den-nau-p132144621.html?spid=132144635,giày rọ nam da bò
179438864,Dép nam quai ngang da bò DONAVY cao cấp thiết kế 2 chữ L bắt mắt may full quai và đế bao đi mưa DQN2L,299000.0,490000.0,191000.0,0.0,0,154317,,https://tiki.vndep-nam-quai-ngang-da-bo-donavy-cao-cap-thiet-ke-2-chu-l-bat-mat-may-full-quai-va-de-bao-di-mua-dqn2l-p179438864.html?spid=179438866,dép nam quai ngang da bò
179371290, DÉP QUAI NGANG NAM DA BÒ 100% DONAVY KIỂU SA-BO CHẤT LƯỢNG CAO DS8,439000.0,700000.0,261000.0,0.0,0,154317,,https://tiki.vndep-quai-ngang-nam-da-bo-100-donavy-kieu-sa-bo-chat-luong-cao-ds8-p179371290.html?spid=179371308,dép quai ngang nam
179531088,Dép nam da bò thật 100%DONAVY đế cao 5cm kiểu TOMY cao cấp đi rất nhẹ DTOMY,379000.0,600000.0,221000.0,0.0,0,154317,,https://tiki.vndep-nam-da-bo-that-100-donavy-de-cao-5cm-kieu-tomy-cao-cap-di-rat-nhe-dtomy-p179531088.html?spid=179531102,dép nam da bò
276181491,"Giày thể thao nam đế êm nhẹ, thoáng khí đế cao su đúc, chống trơn trượt hạn chế mòn – BEE GEE - GNA2026",420000.0,840000.0,420000.0,0.0,0,975,,https://tiki.vngiay-the-thao-nam-de-em-nhe-thoang-khi-de-cao-su-duc-chong-tron-truot-han-che-mon-bee-gee-gna2026-p276181491.html?spid=276181513,giày thể thao nam đế êm nhẹ
58614561,Giày Converse Chuck Taylor All Star 1970S Signature Low Top 167698C,1900000.0,1900000.0,0.0,5.0,3,32929,,https://tiki.vngiay-converse-chuck-taylor-all-star-1970s-signature-low-top-167698c-p58614561.html?spid=58935727,giày converse chuck taylor
207034236,Giày Thể Thao Bitis Nam Hunter Street DSMH10400,781000.0,781000.0,0.0,0.0,0,174218,,https://tiki.vngiay-the-thao-bitis-nam-hunter-street-dsmh10400-p207034236.html?spid=207034250,giày thể thao bitis nam
7977235,Giày Mọi Nam Da Bò Sunpolo SUS505N,850000.0,850000.0,0.0,5.0,2,1827,,https://tiki.vngiay-moi-nam-da-bo-sunpolo-sus505-p7977235.html?spid=7986000,giày nam da bò sunpolo
277464440,Dép Nam Quai Ngang HA NAM Da Bò Thật Cao Cấp DNA2230,380000.0,380000.0,0.0,0.0,0,323804,,https://tiki.vndep-nam-quai-ngang-ha-nam-da-bo-that-cao-cap-dna2230-p277464440.html?spid=277464460,dép nam quai ngang ha
126028887,"Dép Da Nam, Dép Quai Ngang Da Bò SUNPOLO AQN027 (Đen)",730000.0,730000.0,0.0,4.8,15,1827,,https://tiki.vndep-da-nam-dep-quai-ngang-da-bo-sunpolo-aqn027-den-p126028887.html?spid=126028889,dép da nam dép quai
2021313,Dép Nam Da Cá Sấu Huy Hoàng HT7220 - Nâu Đất,1099000.0,1099000.0,0.0,0.0,0,1867,,https://tiki.vndep-nam-da-ca-sau-huy-hoang-ht7220-nau-dat-p2021313.html?spid=2021851,dép nam da cá sấu
275910150,COMBO 2 Muỗng Xỏ Giày 001 Đón Gót Giày Cho Mọi Tư Thế Cho Giày Nam & Nữ Dụng Cụ Mang Giày/ Móc Chìa Khoá Tăng Tuổi Thọ Của Giày - Giao Màu Ngẫu Nhiên,100000.0,100000.0,0.0,5.0,1,353491,,https://tiki.vnmuong-xo-giay-001-don-got-giay-cho-moi-tu-the-cho-giay-nam-nu-dung-cu-mang-giay-moc-chia-khoa-p275910150.html?spid=275910151,combo muỗng xỏ giày
6715285,Giày Mọi Nam BIGGBEN Da Bò Thật GM54,550000.0,550000.0,0.0,0.0,0,9460,,https://tiki.vngiay-moi-nam-biggben-da-bo-that-gm54-p6715285.html?spid=6715293,giày nam biggben da bò
15267929,Giày Tây Nam Cột Dây  BiGGBEN Da Bò Thật GT120,499000.0,499000.0,0.0,4.0,1,9460,,https://tiki.vngiay-tay-nam-cot-day-biggben-da-bo-that-gt120-p15267929.html?spid=15267939,giày tây nam cột dây
2546441,Giày Lười Nam Da Bò SUNPOLO SUKT2582N,790000.0,790000.0,0.0,0.0,0,1827,,https://tiki.vngiay-luoi-nam-da-bo-sunpolo-sukt2582-p2546441.html?spid=2614483,giày lười nam da bò
271536812,Giày Sandal VENTO SHADOW,235000.0,235000.0,0.0,0.0,0,290820,,https://tiki.vngiay-sandal-vento-shadow-p271536812.html?spid=271536814,giày sandal vento
205043493,Dép Xỏ Ngón Nam Vento dạo phố đi chơi VT091,220000.0,220000.0,0.0,0.0,0,51843,,https://tiki.vndep-xo-ngon-nam-vento-dao-pho-di-choi-vt091-p205043493.html?spid=205043545,dép xỏ ngón nam
16873042,Giày Mọi Nam BiGGBEN Da Bò Thật Cao Cấp GM165,699000.0,800000.0,101000.0,4.0,1,9460,,https://tiki.vngiay-moi-nam-biggben-da-bo-that-cao-cap-gm165-p16873042.html?spid=16873050,giày nam biggben da bò
275402934,Giày Mọi Nam Da Bò Thật BIGGBEN Cao Cấp GM314,729000.0,800000.0,71000.0,0.0,0,9460,,https://tiki.vngiay-moi-nam-da-bo-that-biggben-cao-cap-gm314-p275402934.html?spid=275402946,giày nam da bò biggben
273291033,Dép quai ngang Bitis nam (38-44),340000.0,340000.0,0.0,5.0,2,174218,,https://tiki.vndep-quai-ngang-bitis-nam-38-44-p273291033.html?spid=273291059,dép quai ngang bitis
275020182,Giày Tây Nam BIGGBEN Da Bò Thật Cao Cấp GT259,599000.0,800000.0,201000.0,0.0,0,9460,,https://tiki.vngiay-tay-nam-biggben-da-bo-that-cao-cap-gt259-p275020182.html?spid=275020190,giày tây nam biggben da bò
10791948,Giày Tây Tăng Chiều Cao Da Bò Thật Cao Cấp GT058,699000.0,1000000.0,301000.0,0.0,0,9460,,https://tiki.vngiay-tay-tang-chieu-cao-da-bo-that-cao-cap-gt058-p10791948.html?spid=10791954,giày tây tăng chiều cao
15279498,Giày Tây Nam BiGGBEN Da Bò Thật GT123,700000.0,700000.0,0.0,0.0,0,9460,,https://tiki.vngiay-tay-nam-biggben-da-bo-that-gt123-p15279498.html?spid=15279502,giày tây nam biggben da bò
120049327,Dép rọ nam cao cấp Huy Hoàng nhiều màu HP7728-29-30,391300.0,559000.0,167700.0,0.0,0,1867,,https://tiki.vndep-ro-nam-cao-cap-huy-hoang-nhieu-mau-hp7728-29-30-p120049327.html?spid=120049508,dép rọ nam cao cấp
120049430,"Dép nam Huy Hoàng quai hậu cao cấp màu da, đen, nâu HT7731-32-33",391300.0,559000.0,167700.0,0.0,0,1867,,https://tiki.vnhp7731-32-33-dep-nam-huy-hoang-quai-hau-cao-cap-mau-da-den-nau-p120049430.html?spid=120049848,dép nam huy hoàng quai hậu
278091726,Giày MICHILUX Da Bò Thật Chính Hãng Horse Bit Moccasin CSHM0 Màu Đen,790000.0,790000.0,0.0,0.0,0,362302,,https://tiki.vngiay-michilux-da-bo-that-chinh-hang-horse-bit-moccasin-cshm0-mau-den-p278091726.html?spid=278091740,giày michilux da bò
147216411,Giày Sandal Nam The Bily Quai Ngang - Xám Thổ Cẩm BL03XTC,339000.0,339000.0,0.0,5.0,2,196712,,https://tiki.vngiay-sandal-nam-the-bily-quai-ngang-xam-tho-cam-bl03xtc-p147216411.html?spid=147216419,giày sandal nam the
248093046,"Giày nam buộc dây công sở da bò mũi nhọn màu đen Trường Hải đế cao su hai màu đen, nâu GT448Đ",550000.0,550000.0,0.0,0.0,0,11395,,https://tiki.vngiay-nam-buoc-day-cong-so-da-bo-mui-nhon-mau-den-truong-hai-de-cao-su-hai-mau-den-nau-gt448d-p248093046.html?spid=248093054,giày nam buộc dây
275502529,"Dép nam Trường Hải da mềm siêu nhẹ 2 màu đen, vàng DN150",339000.0,339000.0,0.0,0.0,0,11395,,https://tiki.vndep-nam-truong-hai-da-mem-sieu-nhe-2-mau-den-vang-dn150-p275502529.html?spid=275502539,dép nam trường hải da
278380277,Dép nam da bò quai ngang Trường Hải 2 màu nâu đen DN115,299000.0,299000.0,0.0,0.0,0,11395,,https://tiki.vndep-nam-da-bo-quai-ngang-truong-hai-2-mau-nau-den-dn115-p278380277.html?spid=278380291,dép nam da bò quai
248088608,Dép nam quai ngang da bò đế doctor cao 2.5cm màu đen Trường Hải DN01-125,319000.0,319000.0,0.0,5.0,1,11395,,https://tiki.vndep-nam-quai-ngang-da-bo-de-doctor-cao-2-5cm-mau-den-truong-hai-dn01-125-p248088608.html?spid=248088614,dép nam quai ngang da
200260537,Dép da nam quai ngang may viền Trường Hải da bò thật màu đen QN135,399000.0,399000.0,0.0,0.0,0,11395,,https://tiki.vndep-da-nam-quai-ngang-may-vien-truong-hai-da-bo-that-mau-den-qn135-p200260537.html?spid=200260562,dép da nam quai ngang
75990118,Dép nam đế cao 3.5cm da bò thật may viền thủ công chắc chắn thời trang cao cấp chính hãng Trường Hải DC150,359000.0,359000.0,0.0,4.3,17,11395,,https://tiki.vndep-nam-de-cao-3-5cm-da-bo-that-may-vien-thu-cong-chac-chan-thoi-trang-cao-cap-chinh-hang-truong-hai-dc150-p75990118.html?spid=75990130,dép nam đế cao
126507339,Giày Boot Nam Da Bò SUNPOLO BOOT03 (Đen),970000.0,970000.0,0.0,0.0,0,1827,,https://tiki.vngiay-boot-nam-da-bo-sunpolo-boot03-den-p126507339.html?spid=126507349,giày boot nam da bò
31208163,Dép nam quai ngang da bò cao cấp TH_QN052,319000.0,319000.0,0.0,5.0,1,11395,,https://tiki.vndep-nam-quai-ngang-da-bo-cao-cap-th_qn052-p31208163.html?spid=31208171,dép nam quai ngang da bò
44309094,Dép bít mũi nam BIGSIZE da bò cao cấp Trường Hải BM1056022,449000.0,449000.0,0.0,4.6,7,11395,,https://tiki.vndep-bit-mui-nam-bigsize-da-bo-cao-cap-truong-hai-bm056-p44309094.html?spid=44309102,dép bít mũi nam bigsize
273304248,Dép da nam quai ngang da bò thật KD5518,460000.0,460000.0,0.0,0.0,0,183745,,https://tiki.vndep-da-nam-quai-ngang-da-bo-that-kd5518-p273304248.html?spid=273304260,dép da nam quai ngang
176037613,Dép Nam Cao Cấp Hai Quai Thời Trang KEEDO KD0505,290000.0,290000.0,0.0,4.8,12,183745,,https://tiki.vndep-nam-cao-cap-hai-quai-thoi-trang-keedo-kd0505-p176037613.html?spid=176037619,dép nam cao cấp quai
183345949,Dép Nam Quai Ngang Cao Cấp KEEDO KD7728,290000.0,290000.0,0.0,0.0,0,183745,,https://tiki.vndep-nam-quai-ngang-cao-cap-keedo-kd7725-p183345949.html?spid=183345959,dép nam quai ngang cao cấp
277589534,"Dép quai nam xỏ ngón da thật BHD9126 Dép quai hậu, thoải mái, êm chân, dễ chịu",350000.0,350000.0,0.0,0.0,0,8035,,https://tiki.vndep-quai-nam-xo-ngon-da-that-bhd9126-dep-quai-hau-thoai-mai-em-chan-de-chiu-p277589534.html?spid=277589548,dép quai nam xỏ ngón
277589645,Dép nam quai hậu da bò thật BHD9808 Dép sandals nam quai ngang,400000.0,400000.0,0.0,0.0,0,8035,,https://tiki.vndep-nam-quai-hau-da-bo-that-bhd9808-dep-sandals-nam-quai-ngang-p277589645.html?spid=277589647,dép nam quai hậu da bò
191649163,"Dép nam quai ngang da bò Nappa cao cấp Bụi Leather E101 - Đế cao su đúc nguyên khối, chống trơn trượt",450000.0,450000.0,0.0,4.8,19,181498,,https://tiki.vndep-nam-quai-ngang-da-bo-nappa-cao-cap-bui-leather-e101-de-cao-su-duc-nguyen-khoi-chong-tron-truot-bao-hanh-12-thang-p191649163.html?spid=191649173,dép nam quai ngang da bò
277745477,Giày Da Nam Chính Hãng Italy - Màu Xanh Sang Trọng - 9643BLU,4200000.0,4200000.0,0.0,0.0,0,20163,,https://tiki.vngiay-da-nam-chinh-hang-italy-mau-xanh-sang-trong-9643blu-p277745477.html?spid=277745481,giày da nam hãng
66507793,Dép Nam Da Bò BIGGBEN Cao Cấp DN260,369000.0,400000.0,31000.0,4.6,14,9460,,https://tiki.vndep-nam-da-bo-biggben-cao-cap-dn260-p66507793.html?spid=66507813,dép nam da bò biggben
274585651,Giày tây nam Lace-up Valentino Creations - VAB-432-VBS-5701-Y30-COF,5990000.0,5990000.0,0.0,0.0,0,46749,,https://tiki.vngiay-tay-nam-lace-up-valentino-creations-vab-432-vbs-5701-y30-cof-p274585651.html?spid=274585655,giày tây nam lace up
278591714,[Hương Quế] Chai xịt khử mùi hôi chân hôi giày Hando 120ml,29000.0,29000.0,0.0,0.0,0,34534,,https://tiki.vnhuong-que-chai-xit-khu-mui-hoi-chan-hoi-giay-hando-120ml-p278591714.html?spid=278591716,chai xịt khử mùi
58213639,Giày Mọi Nam Cao Cấp Da Bò Thật GM2025,530000.0,530000.0,0.0,0.0,0,93132,,https://tiki.vngiay-moi-nam-cao-cap-da-bo-that-gm2025-p58213639.html?spid=58213647,giày nam cao cấp da bò
278666902,Giày Sục Nam HA NAM Da Bò Thật Cao Cấp GSB2080,460000.0,460000.0,0.0,0.0,0,93132,,https://tiki.vngiay-suc-nam-ha-nam-da-bo-that-cao-cap-gsb2080-p278666902.html?spid=278666963,giày sục nam ha
275687172,DÉP QUAI NGANG CHẤT LIỆU DA BÒ VATIS 2302253,149000.0,289000.0,140000.0,0.0,0,274160,,https://tiki.vndep-quai-ngang-chat-lieu-da-bo-vatis-p275687172.html?spid=275687174,dép quai ngang chất liệu
55750878,Lót giày lưới 1 lớp Hương Quế CI-05 làm từ vải lưới 1 lớp - vải cotton - bột quế giúp êm chân - ấm chân - phòng cảm cúm và cải thiên sức khỏe,40000.0,40000.0,0.0,4.2,9,61212,,https://tiki.vnlot-giay-luoi-1-lop-huong-que-ci-05-lam-tu-vai-luoi-1-lop-vai-cotton-bot-que-giup-em-chan-am-chan-phong-cam-cum-va-cai-thien-suc-khoe-p55750878.html?spid=55750886,lót giày lưới lớp
198935199, Giày tăng chiều cao Huy Hoàng nhiều màu HJ7162-77-78-79-80-81-89,499500.0,999000.0,499500.0,0.0,0,223818,,https://tiki.vngiay-tang-chieu-cao-huy-hoang-nhieu-mau-hj7162-77-78-79-80-81-89-p198935199.html?spid=198935214,giày tăng chiều cao
202338061," Giày tây nam Huy Hoàng cột dây màu đen, nâu đất, vàng bò, nâu đỏ HT7501-02-03-04",699500.0,1399000.0,699500.0,0.0,0,1867,,https://tiki.vngiay-tay-nam-huy-hoang-cot-day-mau-den-nau-dat-vang-bo-nau-do-ht7501-02-03-04-p202338061.html?spid=202338107,giày tây nam huy hoàng cột
248857583,Giày Sandal nam 2 quai PABNO PN744,395000.0,395000.0,0.0,0.0,0,49994,,https://tiki.vngiay-sandal-nam-2-quai-pabno-pn744-p248857583.html?spid=248857650,giày sandal nam quai pabno
278743453,GIÀY TÂY NAM PABNO PN18020,790000.0,790000.0,0.0,0.0,0,49994,,https://tiki.vngiay-tay-nam-pabno-pn18020-p278743453.html?spid=278743471,giày tây nam pabno
162904323,"GIÀY NAM DA BÒ,QUAI CÓ GẮN KHUY CHỮ R ĐẸP MẮT",390000.0,390000.0,0.0,4.8,5,154317,,https://tiki.vngiay-nam-da-bo-quai-co-gan-khuy-chu-r-dep-mat-p162904323.html?spid=162905178,giày nam da bò quai
71208009,"DÉP QUAI NGANG NAM DA BÒ 100%, DA BÒ TỰ NHIÊN, CHẤT LƯỢNG CAO",319000.0,500000.0,181000.0,4.8,4,154317,,https://tiki.vndep-quai-ngang-nam-da-bo-100-da-bo-tu-nhien-chat-luong-cao-p71208009.html?spid=71208013,dép quai ngang nam
125536821,Dép Nam Quai Chéo Da Bò Cao Cấp SUNPOLO AQC026 (Đen),730000.0,730000.0,0.0,5.0,11,1827,,https://tiki.vndep-nam-quai-cheo-da-bo-cao-cap-sunpolo-aqc026-den-p125536821.html?spid=125536825,dép nam quai chéo da bò
7995270,Giày Converse Chuck Taylor All Star Classic Hi Top - M3310V,1550000.0,1550000.0,0.0,4.8,4,32929,,https://tiki.vngiay-converse-chuck-taylor-all-star-classic-hi-top-m3310v-p7995270.html?spid=26165762,giày converse chuck taylor
210401568,Giày Thể Thao Nam Hunter Core DSMH10900,843000.0,843000.0,0.0,5.0,1,174218,,https://tiki.vngiay-the-thao-nam-hunter-core-dsmh10900-p210401568.html?spid=210401582,giày thể thao nam hunter
274855816,"Giày Sandal nam kiểu dáng mới chống trơn, trượt – GSDNA01",520000.0,1040000.0,520000.0,0.0,0,975,,https://tiki.vngiay-sandal-nam-kieu-dang-moi-chong-tron-truot-gsdn02-p274855816.html?spid=274855828,giày sandal nam kiểu dáng
177980156,Giày Tây Nam Công Sở HÀ NAM Da Bò Thật Cao Cấp GT2039,650000.0,650000.0,0.0,0.0,0,93132,,https://tiki.vngiay-tay-nam-da-bo-giay-ha-nam-cao-cap-gt2039-p177980156.html?spid=177980176,giày tây nam công sở hà nam
129436520,"Giày Nam Da Thật Công Sở SUNPOLO SPH296 (Đen, Nâu bò)",1040000.0,1040000.0,0.0,0.0,0,1827,,https://tiki.vngiay-nam-da-that-cong-so-sunpolo-sph296-den-nau-bo-p129436520.html?spid=129436538,giày nam da công sở
90135210,Dép nam quai ngang HÀ NAM da bò thật cao cấp DNA2071,378000.0,378000.0,0.0,0.0,0,93132,,https://tiki.vndep-nam-quai-ngang-da-bo-that-de-cao-su-dna2071-p90135210.html?spid=90135212,dép nam quai ngang hà nam
8051463,Giày Mọi Đế Âm Nam BIGGBEN Da Bò Thật Cao Cấp GM121,700000.0,700000.0,0.0,0.0,0,9460,,https://tiki.vngiay-moi-de-am-nam-biggben-da-bo-that-cao-cap-gm121-p8051463.html?spid=8051469,giày đế âm nam biggben
274662648,Giày Mọi Nam Da Bò Thật BIGGBEN Cao Cấp GM298,769000.0,900000.0,131000.0,0.0,0,9460,,https://tiki.vngiay-moi-nam-da-bo-that-biggben-cao-cap-gm298-p274662648.html?spid=274662660,giày nam da bò biggben
72127527,Giày Mọi Nam Da Bò BIGGBEN Cao Cấp GM248,700000.0,700000.0,0.0,0.0,0,9460,,https://tiki.vngiay-moi-nam-da-bo-biggben-cao-cap-gm248-p72127527.html?spid=72127539,giày nam da bò biggben
207782258,Giày Sandal Nam BIGGBEN Da Bò Thật Cao Cấp SD125,339000.0,420000.0,81000.0,0.0,0,9460,,https://tiki.vngiay-sandal-nam-biggben-da-bo-that-cao-cap-sd125-p207782258.html?spid=207782270,giày sandal nam biggben
276660766,Giày Tây Nam BIGGBEN Da Bò Thật Cao Cấp GT265,699000.0,900000.0,201000.0,0.0,0,9460,,https://tiki.vngiay-tay-nam-biggben-da-bo-that-cao-cap-gt265-p276660766.html?spid=276660790,giày tây nam biggben da bò
68593067,Giày Tây Nam Da Bò BIGGBEN Cao Cấp GT199,700000.0,700000.0,0.0,0.0,0,9460,,https://tiki.vngiay-tay-nam-da-bo-biggben-cao-cap-gt199-p68593067.html?spid=68593091,giày tây nam da bò biggben
2597807,Dép Nam Quai Ngang Da Bò Cao Cấp SUNPOLO SUA15D - Đen (Size,550000.0,550000.0,0.0,4.8,4,1827,,https://tiki.vndep-nam-quai-ngang-da-bo-cao-cap-sunpolo-sua15d-den-p2597807.html?spid=2665709,dép nam quai ngang da bò
107627458,Dép Nam Quai Ngang Da Bò BIGGBEN Cao Cấp DN284,339000.0,400000.0,61000.0,5.0,2,9460,,https://tiki.vndep-nam-quai-ngang-da-bo-biggben-cao-cap-dn284-p107627458.html?spid=107627480,dép nam quai ngang da bò
190794049,Giày sandal nam da bò thật BIGGBEN cao cấp SD127,400000.0,400000.0,0.0,5.0,1,9460,,https://tiki.vngiay-sandal-nam-da-bo-that-biggben-cao-cap-sd127-p190794049.html?spid=195522611,giày sandal nam da bò
252406431,Dép quai kẹp Biti's nam,210000.0,210000.0,0.0,5.0,2,174218,,https://tiki.vndep-quai-kep-biti-s-nam-p252406431.html?spid=252406449,dép quai kẹp biti s
2022851,Dép Nam Quai Hậu Huy Hoàng HT7732 - Đen,559000.0,559000.0,0.0,5.0,1,1867,,https://tiki.vndep-nam-quai-hau-huy-hoang-ht7732-den-p2022851.html?spid=2025241,dép nam quai hậu huy hoàng
108937792,Dép Bít Mũi Nam Da Bò Thật Trường Hải Màu Đen Dép nam Thời Trang Cao cấp DN130,279000.0,279000.0,0.0,5.0,2,11395,,https://tiki.vndep-bit-mui-nam-da-bo-that-truong-hai-mau-den-dep-nam-thoi-trang-cao-cap-dn130-p108937792.html?spid=108937818,dép bít mũi nam
278091667,Giày MICHILUX Da Bò Thật Chính Hãng Horse Bit Moccasin CIEHM Màu Nâu Bò,790000.0,790000.0,0.0,0.0,0,362302,,https://tiki.vngiay-michilux-da-bo-that-chinh-hang-horse-bit-moccasin-ciehm-mau-nau-bo-p278091667.html?spid=278091675,giày michilux da bò
278091747,Giày MICHILUX Da Bò Thật Chính Hãng Horse Bit Moccasin CSHM0 Màu Nâu Sẫm,790000.0,790000.0,0.0,0.0,0,362302,,https://tiki.vngiay-michilux-da-bo-that-chinh-hang-horse-bit-moccasin-cshm0-mau-nau-sam-p278091747.html?spid=278091751,giày michilux da bò
273872671,Giày Sandal Nam Nữ Unisex The BiLy Quai Ngang Dây Dù Đế IP Siêu Êm Nhẹ Đế Xám Màu Xám Cam-BLDX08,349000.0,349000.0,0.0,0.0,0,196712,,https://tiki.vngiay-sandal-nam-nu-unisex-the-bily-quai-ngang-day-du-de-ip-sieu-em-nhe-de-xam-mau-xam-cam-bldx08-p273872671.html?spid=273872681,giày sandal nam nữ unisex
40246743,Dép bít mũi nam da bò cao cấp Trường Hải BM215,459000.0,459000.0,0.0,4.5,4,11395,,https://tiki.vndep-bit-mui-nam-truong-hai-da-bo-cao-cap-de-cao-su-mau-vang-bo-bm215-p40246743.html?spid=40246745,dép bít mũi nam
200949752,Dép nam quai ngang đế cao 3cm da cá sấu Trường hải DCS265,750000.0,750000.0,0.0,0.0,0,11395,,https://tiki.vndep-nam-quai-ngang-de-cao-3cm-da-ca-sau-truong-hai-dcs265-p200949752.html?spid=200949768,dép nam quai ngang đế
277414528,"Dép nam quai ngang đế cao 2.5cm Trường Hải da bò full màu nâu, đen DN146",329000.0,329000.0,0.0,0.0,0,11395,,https://tiki.vndep-nam-quai-ngang-de-cao-2-5cm-truong-hai-da-bo-full-mau-nau-den-dn146-p277414528.html?spid=277414550,dép nam quai ngang đế cao
278119455,DÉP KẸP CHẤT LIỆU DA BÒ VATIS V17061,129000.0,250000.0,121000.0,0.0,0,274160,,https://tiki.vndep-kep-chat-lieu-da-bo-vatis-v17061-p278119455.html?spid=278119457,dép kẹp chất liệu da bò
276551924,Sandal Bitis Hunter nam (39-44),549000.0,549000.0,0.0,0.0,0,174218,,https://tiki.vnsandal-bitis-hunter-nam-39-44-p276551924.html?spid=276551930,sandal bitis hunter nam
67400635,Dép bít mũi nam Trường Hải da bò cao cấp đế cao su màu nâu bò BM217,329000.0,329000.0,0.0,4.7,7,11395,,https://tiki.vndep-bit-mui-nam-truong-hai-da-bo-cao-cap-de-cao-su-mau-nau-bo-bm217-p67400635.html?spid=67400645,dép bít mũi nam
215121629,Dép nam chữ H cao cấp da bò thật KEEDO TL-710,485000.0,485000.0,0.0,5.0,2,183745,,https://tiki.vndep-nam-chu-h-cao-cap-da-bo-that-keedo-tl-710-p215121629.html?spid=215121645,dép nam chữ h
253782331,Dép nam đế may sẵn da thật quai ngang cao cấp KEEDO CU-082,480000.0,480000.0,0.0,0.0,0,183745,,https://tiki.vndep-nam-de-may-san-da-that-quai-ngang-cao-cap-keedo-cu-082-p253782331.html?spid=253782353,dép nam đế may sẵn
254079996,Dép nam quai chéo da thật quai ngang cao cấp KEEDO TN-8626-20,460000.0,460000.0,0.0,0.0,0,183745,,https://tiki.vndep-nam-quai-cheo-da-that-quai-ngang-cao-cap-keedo-tn-8626-20-p254079996.html?spid=254080020,dép nam quai chéo da
244332456,"Giày Sục Nam Bảo Hân Da Bò Mặt Chữ H, Mã GS03",650000.0,650000.0,0.0,5.0,1,20142,,https://tiki.vngiay-suc-nam-bao-han-da-bo-mat-chu-h-ma-gs03-p244332456.html?spid=244332460,giày sục nam bảo hân
247719300,Giày Tây Nam Không Dây Da Mềm ( Xả Kho ) - Đế Cao Su Mềm Mã CS05-PVC,450000.0,450000.0,0.0,0.0,0,20142,,https://tiki.vngiay-tay-nam-khong-day-da-mem-xa-kho-de-cao-su-mem-ma-cs05-pvc-p247719300.html?spid=247719302,giày tây nam dây da
7977025,Giày mọi nam da bò đế cao su mũi tròn SUNPOLO MOI015 có big size 45 46,1300000.0,1300000.0,0.0,4.7,6,1827,,https://tiki.vngiay-moi-nam-da-bo-sunpolo-su015-p7977025.html?spid=7986487,giày nam da bò đế
125740274,"Giày Tây Nam Da Bò SUNPOLO MU6673 (Đen, Nâu)",1350000.0,1350000.0,0.0,0.0,0,1827,,https://tiki.vngiay-tay-nam-da-bo-sunpolo-mu6673-den-nau-p125740274.html?spid=125740292,giày tây nam da bò sunpolo
274585711,Giày tây nam Lace-up Valentino Creations - VAB-433-VBS-9706-Y190-BLK,5990000.0,5990000.0,0.0,0.0,0,46749,,https://tiki.vngiay-tay-nam-lace-up-valentino-creations-vab-433-vbs-9706-y190-blk-p274585711.html?spid=274585721,giày tây nam lace up
276094684,Dép Nam Quai Ngang BIGGBEN Da Bò Thật DN356,319000.0,500000.0,181000.0,0.0,0,9460,,https://tiki.vndep-nam-quai-ngang-biggben-da-bo-that-dn356-p276094684.html?spid=276094690,dép nam quai ngang biggben
7999866,Giày Tây Nam Cột Dây BIGGBEN Da Bò Thật Vân Cá Sấu GT75,500000.0,500000.0,0.0,0.0,0,9460,,https://tiki.vngiay-tay-nam-cot-day-biggben-da-bo-that-van-ca-sau-gt75-p7999866.html?spid=7999868,giày tây nam cột dây
274814485,Sandal Cao Su Nam BRM001200 Chống Trơn Trượt,399000.0,399000.0,0.0,5.0,2,112034,,https://tiki.vnsandal-cao-su-nam-brm001200-chong-tron-truot-p274814485.html?spid=274814497,sandal cao su nam brm001200
275504578,Giày tây cột dây Bitis nam (38-43),800000.0,800000.0,0.0,0.0,0,174218,,https://tiki.vngiay-tay-cot-day-bitis-nam-38-43-p275504578.html?spid=275504582,giày tây cột dây
55085107,Giày Mọi Nam Da Bò BIGGBEN Cao Cấp GM234,700000.0,700000.0,0.0,0.0,0,9460,,https://tiki.vngiay-moi-nam-da-bo-biggben-cao-cap-gm234-p55085107.html?spid=55085113,giày nam da bò biggben
10063550,Giày Sandal Bít Mũi  Nam BIGGBEN Da Bò Thật SD78,379000.0,500000.0,121000.0,4.5,16,9460,,https://tiki.vngiay-sandal-bit-mui-nam-biggben-da-bo-that-sd78-p10063550.html?spid=198773852,giày sandal bít mũi
6605805,Dép SaBo Nam BIGGBEN Da Bò Thật Cao Cấp SB26,379000.0,450000.0,71000.0,4.6,34,9460,,https://tiki.vndep-sabo-nam-biggben-da-bo-that-cao-cap-sb26-p6605805.html?spid=6605821,dép sabo nam biggben
191422715,Sandal Si Nam Biti's,365000.0,365000.0,0.0,0.0,0,174218,,https://tiki.vnsandal-si-nam-biti-s-p191422715.html?spid=191422717,sandal si nam biti
165989862,Giày sandal nam da bò thật BIGGBEN cao cấp SD122,500000.0,500000.0,0.0,0.0,0,9460,,https://tiki.vngiay-sandal-nam-da-bo-that-biggben-cao-cap-sd122-p165989862.html?spid=165989870,giày sandal nam da bò
275415030,Giày Sandal Nam Đế Doctor BIGGBEN Da Bò Thật Cao Cấp SD138,379000.0,500000.0,121000.0,0.0,0,9460,,https://tiki.vngiay-sandal-nam-de-doctor-biggben-da-bo-that-cao-cap-sd138-p275415030.html?spid=275415038,giày sandal nam đế doctor
276565757,Sandal Bitis nam (38-45),360000.0,360000.0,0.0,0.0,0,174218,,https://tiki.vnsandal-bitis-nam-38-45-p276565757.html?spid=276565763,sandal bitis nam
278874315,"Dép nam Vento, kẹp nam Vento. CL21 size 39-43. Hàng VN chất lượng xuất khẩu",240000.0,240000.0,0.0,0.0,0,363958,,https://tiki.vndep-nam-vento-kep-nam-vento-cl21-size-39-43-hang-vn-chat-luong-xuat-khau-p278874315.html?spid=278874341,dép nam vento kẹp
277813207,Sandal Biti's thời trang siêu nhẹ nam (39-44),300000.0,300000.0,0.0,0.0,0,174218,,https://tiki.vnsandal-biti-s-thoi-trang-sieu-nhe-nam-39-44-p277813207.html?spid=277813215,sandal biti s thời trang
26338691,Lót giày lưới 2 lớp CI06,40000.0,40000.0,0.0,0.0,0,61212,,https://tiki.vnlot-giay-luoi-2-lop-ci06-p26338691.html?spid=26338728,lót giày lưới lớp
26338733,Lót giày Thun cotton cao cấp CI10,40000.0,40000.0,0.0,0.0,0,61212,,https://tiki.vnlot-giay-thun-cotton-cao-cap-ci10-p26338733.html?spid=26338739,lót giày thun cotton cao cấp
275670649,DÉP QUAI NGANG CHỮ H CHẤT LIỆU DA BÒ VATIS 230226,129000.0,200000.0,71000.0,0.0,0,274160,,https://tiki.vndep-quai-ngang-chu-h-chat-lieu-da-bo-vatis-p275670649.html?spid=275670657,dép quai ngang chữ
202450538,"Dép nam Huy Hoàng da cá sấu quai ngang gai màu đen, nâu đất, vàng bò, nâu đỏ HT7264-65-66-67",629500.0,1259000.0,629500.0,0.0,0,1867,,https://tiki.vndep-nam-huy-hoang-da-ca-sau-quai-ngang-gai-mau-den-nau-dat-vang-bo-nau-do-ht7264-65-66-67-p202450538.html?spid=202450556,dép nam huy hoàng da
202333642, Giày nam nhiều loại nhiều màu HT7125-7515-7516-7517-7518,314500.0,629000.0,314500.0,5.0,2,1867,,https://tiki.vngiay-nam-nhieu-loai-nhieu-mau-ht7125-7515-7516-7517-7518-p202333642.html?spid=202333703,giày nam nhiều loại
275239285,DÉP KẸP nam viền chỉ PABNO PN21015,315000.0,315000.0,0.0,0.0,0,49994,,https://tiki.vndep-kep-nam-vien-chi-pabno-pn21015-p275239285.html?spid=275239293,dép kẹp nam viền
125514739,"Giày Mọi Nam Da Bò Cao Cấp SUNPOLO LSU007 Có size lớn 45,46 (Đen, Nâu)",1300000.0,1300000.0,0.0,0.0,0,1827,,https://tiki.vngiay-moi-nam-da-bo-cao-cap-sunpolo-lsu007-co-size-45-46-den-nau-p125514739.html?spid=125514749,giày nam da bò cao cấp
93011756,DÉP QUAI NGANG NAM DA BÒ THẬT 100,319000.0,500000.0,181000.0,5.0,2,154317,,https://tiki.vndep-quai-ngang-nam-da-bo-that-100-p93011756.html?spid=93011768,dép quai ngang nam
173111415," Dép nam quai rọ da bò 100% cao cấp nhập khẩu, hàng rất chất lượng, da bò êm, đẹp, đính khuy cách điệu, chi tiết sắc sảo",379000.0,500000.0,121000.0,0.0,0,154317,,https://tiki.vndep-nam-quai-ro-da-bo-100-cao-cap-nhap-khau-hang-rat-chat-luong-da-bo-em-dep-dinh-khuy-cach-dieu-chi-tiet-sac-sao-p173111415.html?spid=173111431,dép nam quai rọ da bò
179553396,"Dép quai ngang nam da bò thật 100% DONAVY,đính khuy thời trang may quai và đế rất chắc chắn DO3KD",570000.0,1000000.0,430000.0,0.0,0,154317,,https://tiki.vndep-quai-ngang-nam-da-bo-that-100-donavy-dinh-khuy-thoi-trang-may-quai-va-de-rat-chac-chan-do3kd-p179553396.html?spid=179553430,dép quai ngang nam
136187278,"Dép Sục, Dép Sapo Nam Da Bò SUNPOLO SUT327 (Đen, Nâu)",730000.0,730000.0,0.0,5.0,1,1827,,https://tiki.vndep-suc-dep-sapo-nam-da-bo-sunpolo-sut327-den-nau-p136187278.html?spid=136187284,dép sục dép sapo nam
252324982,Giày Thể Thao Nam Biti's Hunter X Wavy Collection,1050000.0,1050000.0,0.0,0.0,0,174218,,https://tiki.vngiay-the-thao-nam-biti-s-hunter-x-wavy-collection-p252324982.html?spid=252325022,giày thể thao nam biti
58614590,Giày Converse Chuck Taylor All Star 1970S Signature Hi Top 167696C,2000000.0,2000000.0,0.0,5.0,5,32929,,https://tiki.vngiay-converse-chuck-taylor-all-star-1970s-signature-hi-top-167696c-p58614590.html?spid=62757883,giày converse chuck taylor
6412163,Combo 2 Chai xịt Khử Mùi Hôi Giầy Dép Mũ Bảo Hiểm Hando 120ml,62000.0,62000.0,0.0,4.0,1,9463,,https://tiki.vncombo-2-chai-xit-khu-mui-hoi-giay-dep-mu-bao-hiem-hando-120ml-p6412163.html?spid=6570793,combo chai xịt khử
175966113,Dép nam cao cấp mẫu đẹp KEEDO KD2802 siêu bền full hộp - Đen,290000.0,290000.0,0.0,5.0,1,183745,,https://tiki.vndep-nam-cao-cap-mau-dep-keedo-kd2803-p175966113.html?spid=175966115,dép nam cao cấp mẫu
126091279,"Giày Mọi, Giày Lười Nam Da Bò SUNPOLO SU5059 Hiện đại (Đen)",950000.0,950000.0,0.0,5.0,3,1827,,https://tiki.vngiay-moi-giay-luoi-nam-da-bo-sunpolo-su5059-hien-dai-den-p126091279.html?spid=126091283,giày giày lười nam
132286309,Bộ Dụng Cụ Đánh Giày 7 Món Có Kèm Sẵn 2 Hộp Xi Tiện Dụng- Đánh Bóng Mới - Hàng Loại 1- Chính Hãng MINIIN,99000.0,99000.0,0.0,4.5,10,134678,,https://tiki.vnbo-dung-cu-danh-giay-7-mon-co-kem-san-2-hop-xi-tien-dung-danh-bong-moi-hang-loai-1-chinh-hang-miniin-p132286309.html?spid=132286315,dụng cụ đánh giày món
76124790,"Giày Lười, Mọi Da Nam, Da Bò Mã GL-005",650000.0,650000.0,0.0,3.0,2,20142,,https://tiki.vngiay-luoi-moi-da-nam-da-bo-ma-gl-005-p76124790.html?spid=76124800,giày lười da nam da
274895413,DÉP QUAI NGANG CHẤT LIỆU DA BÒ VATIS VA2051 | KHÂU ĐẾ CHẮC CHẮN,119000.0,200000.0,81000.0,0.0,0,274160,,https://tiki.vndep-quai-ngang-chat-lieu-da-bo-vatis-va2051-khau-de-chac-chan-p274895413.html?spid=274895420,dép quai ngang chất liệu
274869777,DÉP QUAI NGANG CHẤT LIỆU DA BÒ VATIS VA2045 | KHÂU ĐẾ CHẮC CHẮN,199000.0,299000.0,100000.0,0.0,0,274160,,https://tiki.vndep-quai-ngang-chat-lieu-da-bo-vatis-va2045-khau-de-chac-chan-p274869777.html?spid=274869781,dép quai ngang chất liệu
20297082,dép cao su nam nữ 2 quai ngang,295000.0,295000.0,0.0,4.1,33,53773,,https://tiki.vndep-cao-su-nam-nu-2-quai-ngang-p20297082.html?spid=20297100,dép cao su nam nữ quai
271200065,Dép da nam quai ngang cao cấp đế massage KEEDO KD0612,360000.0,360000.0,0.0,5.0,1,183745,,https://tiki.vndep-da-nam-quai-ngang-cao-cap-de-massage-keedo-kd0612-p271200065.html?spid=271200075,dép da nam quai ngang
277780388,Giày Tây Nam Loafer Valentino Creations,5990000.0,5990000.0,0.0,0.0,0,46749,,https://tiki.vngiay-tay-nam-loafer-valentino-creations-p277780388.html?spid=277780392,giày tây nam loafer valentino
7995447,Giày Converse Chuck Taylor All Star Classic Low Top - M5039V,1450000.0,1450000.0,0.0,5.0,7,32929,,https://tiki.vngiay-converse-chuck-taylor-all-star-classic-low-top-m5039v-p7995447.html?spid=20345926,giày converse chuck taylor
55086724,Giày Tây Nam Da Bò BIGGBEN Cao Cấp GT165 - 39,700000.0,700000.0,0.0,0.0,0,9460,,https://tiki.vngiay-tay-nam-da-bo-biggben-cao-cap-gt165-p55086724.html?spid=55086728,giày tây nam da bò biggben
276177668,GIÀY CHẠY VÀ ĐI BỘ ĐỊA HÌNH Nam  ALTRA olympus6 M BLACK|BLACK - AL0A85NJ001,4390000.0,4390000.0,0.0,0.0,0,4343,,https://tiki.vngiay-chay-va-di-bo-dia-hinh-nam-altra-olympus-6-m-black-black-al0a85nj001-p276177668.html?spid=276259276,giày chạy đi bộ
263276814,Converse Run Star Motion Black High | Giày Thể Thao Đế Cao 171545C,2600000.0,2600000.0,0.0,0.0,0,77420,,https://tiki.vnconverse-run-star-motion-black-hi-giay-the-thao-de-cao-hang-store-chinh-hang-p263276814.html?spid=263276828,converse run star motion
90047509,"Giày Tây Nam Da Bò SUNPOLO SPH286 - Nâu Cafe, Nâu Bò",1040000.0,1040000.0,0.0,5.0,2,1827,,https://tiki.vngiay-tay-nam-da-bo-sunpolo-sph286-nau-cafe-nau-bo-p90047509.html?spid=90047825,giày tây nam da bò sunpolo
272040857,Dép nam xỏ ngón nhựa đúc  liền khối ADDA Thái Lan 58801 - Đen,172000.0,172000.0,0.0,5.0,3,192753,,https://tiki.vndep-nam-xo-ngon-nhua-duc-lien-khoi-adda-thai-lan-58801-p272040857.html?spid=272040861,dép nam xỏ ngón
56219347,"Túi đựng giày thể thao, túi đựng giày đá bóng TN Bags cho nam thiết kế 2 ngăn chống thấm nước tốt TN.B 9002",268000.0,268000.0,0.0,5.0,9,95684,,https://tiki.vntui-dung-giay-the-thao-tui-dung-giay-da-bong-tn-bags-cho-nam-thiet-ke-2-ngan-chong-tham-nuoc-tot-tn-b-10002-p56219347.html?spid=56219348,túi đựng giày thể thao
217506888,Giày Mọi Nam Da Bò Thật TiTi ĐÔ Cao Cấp GM2066d,748000.0,748000.0,0.0,0.0,0,323804,,https://tiki.vngiay-moi-nam-da-bo-that-ha-nam-cao-cap-gm2066d-p217506888.html?spid=217506892,giày nam da bò titi đô
225315962,Sandal Bitis Nam DEM013000DEN (Đen),395000.0,395000.0,0.0,5.0,1,174218,,https://tiki.vnsandal-bitis-nam-dem013000den-den-p225315962.html?spid=225315975,sandal bitis nam
38161191,Giày Boot Nam BIGGBEN Da Bò Thật Cao Cấp BT3,899000.0,1200000.0,301000.0,3.0,2,9460,,https://tiki.vngiay-boot-nam-biggben-da-bo-that-cao-cap-bt3-p38161191.html?spid=38161209,giày boot nam biggben
112642365,Dép Nam Quai Ngang HÀ NAM Da Bò Thật Cao Cấp DNA2080,360000.0,360000.0,0.0,4.0,1,93132,,https://tiki.vndep-nam-quai-ngang-da-bo-cao-cap-dna2080-p112642365.html?spid=112642374,dép nam quai ngang hà nam
208120218,Giày Tây Nam Công Sở HÀ NAM Da Bò Thật Cao Cấp GT2141,750000.0,750000.0,0.0,0.0,0,93132,,https://tiki.vngiay-tay-nam-cong-so-da-bo-ha-nam-cao-cap-gt2141-p208120218.html?spid=208120226,giày tây nam công sở hà nam
217610976,Giày Mọi Nam Đế Âm Da Bò Thật TiTi ĐÔ Cao Cấp GDA2070d,808000.0,808000.0,0.0,0.0,0,323804,,https://tiki.vngiay-moi-nam-da-bo-that-de-am-ha-nam-cao-cap-gda2070d-p217610976.html?spid=217611031,giày nam đế âm da bò
271309403,Dép Nam Quai Ngang HA NAM Da Bò Thật Cao Cấp DNA2220,420000.0,420000.0,0.0,0.0,0,323804,,https://tiki.vndep-nam-quai-ngang-da-bo-that-titi-do-cao-cap-dna2220-p271309403.html?spid=276859662,dép nam quai ngang ha
55106151,Giày Tây Nam Da Bò BIGGBEN Cao Cấp GT171,700000.0,700000.0,0.0,3.0,1,9460,,https://tiki.vngiay-tay-nam-da-bo-biggben-cao-cap-gt171-p55106151.html?spid=55106163,giày tây nam da bò biggben
243031589,GIÀY SANDAL VENTO CHÍNH HÃNG MẪU MỚI 2024 CAPELLA NV1001 [SANDAL NAM NỮ,325000.0,325000.0,0.0,0.0,0,171497,,https://tiki.vngiay-sandal-vento-chinh-hang-mau-moi-2023-capella-mau-nau-be-sandal-nam-nu-p243031589.html?spid=243031609,giày sandal vento hãng
22917827,Dép Nam BIGGBEN Da Bò Thật Cao Cấp DN175,339000.0,400000.0,61000.0,4.3,6,9460,,https://tiki.vndep-nam-biggben-da-bo-that-cao-cap-dn175-p22917827.html?spid=22917829,dép nam biggben da bò
174426170,Dép quai kẹp Bitis nam,195000.0,195000.0,0.0,5.0,2,174218,,https://tiki.vndep-quai-kep-bitis-nam-p174426170.html?spid=174426196,dép quai kẹp bitis nam
274585790,Giày tây nam Lace-up Valentino Creations - VAB-436-VBS-168A-R13-BLK,5990000.0,5990000.0,0.0,0.0,0,46749,,https://tiki.vngiay-tay-nam-lace-up-valentino-creations-vab-436-vbs-168a-r13-blk-p274585790.html?spid=274585796,giày tây nam lace up
274529479,Lót giày thể thao Phiten insole cup type giảm sốc TI464003/TI464004/TI464005,1031800.0,1031800.0,0.0,0.0,0,333312,,https://tiki.vnlot-giay-the-thao-phiten-insole-cup-type-giam-soc-ti464003-ti464004-ti464005-p274529479.html?spid=274529485,lót giày thể thao phiten
143494758,"HJ7252-53-54-55 - Giày nam Huy Hoàng da cá sấu da bụng cột dây màu đen, nâu đỏ, vàng, nâu đất",4899300.0,6999000.0,2099700.0,0.0,0,223818,,https://tiki.vnhj7252-53-54-55-giay-nam-huy-hoang-da-ca-sau-da-bung-cot-day-mau-den-nau-do-vang-nau-dat-p143494758.html?spid=143494772,hj7252 54 55 giày
276559264,Đón Gót Giày Thẳng Nguyên Khối Bằng Sừng Tự Nhiên HAHANCO Dành Cho Nam Và Nữ - DGH913,45000.0,45000.0,0.0,0.0,0,253372,,https://tiki.vndon-got-giay-thang-nguyen-khoi-bang-sung-tu-nhien-hahanco-danh-cho-nam-va-nu-dgh913-p276559264.html?spid=276559265,đón gót giày thẳng
276024647,Dép Đế Trấu Nam Quai Chéo 1 Khóa Charcoal DC05 Dincox,250000.0,250000.0,0.0,0.0,0,150940,,https://tiki.vndep-de-trau-nam-quai-cheo-1-khoa-charcoal-dc05-dincox-p276024647.html?spid=276024653,dép đế trấu nam
273872746,Giày Sandal Nam Nữ Unisex The BiLy Quai Ngang Dây Dù Đế IP Siêu Êm Nhẹ Đế Xám Màu Xanh Kem-BLDX08,349000.0,349000.0,0.0,5.0,1,196712,,https://tiki.vngiay-sandal-nam-nu-unisex-the-bily-quai-ngang-day-du-de-ip-sieu-em-nhe-de-xam-mau-xanh-kem-bldx08-p273872746.html?spid=273872762,giày sandal nam nữ unisex
278863171,Muỗng Cà Phê Gia Vị Bằng Xà Cừ Tiêu Chuẩn Xuất Khẩu - HAHANCO - CTH567,60000.0,60000.0,0.0,0.0,0,253372,,https://tiki.vnmuong-ca-phe-gia-vi-bang-xa-cu-tieu-chuan-xuat-khau-hahanco-cth567-p278863171.html?spid=278863173,muỗng cà phê gia vị xà cừ
50359567,Giày Tây Nam Cao Cấp Mã BH044,590000.0,590000.0,0.0,0.0,0,20142,,https://tiki.vngiay-tay-nam-cao-cap-ma-bh044-p50359567.html?spid=50359573,giày tây nam cao cấp mã
277588172,Dép nam quai ngang da bò thật cao cấp BHD8688 Dép quai hậu nam,419000.0,419000.0,0.0,0.0,0,8035,,https://tiki.vndep-nam-quai-ngang-da-bo-that-cao-cap-bhd8688-dep-quai-hau-nam-p277588172.html?spid=277588180,dép nam quai ngang da bò
132982941,"Giày Sandal Nam Da Bò SUNPOLO SDA023 (Đen, Nâu)",800000.0,800000.0,0.0,4.8,8,1827,,https://tiki.vngiay-sandal-nam-da-bo-sunpolo-sda023-den-nau-p132982941.html?spid=132982970,giày sandal nam da bò
175877407,GIÀY LƯỜI DA BÒ NAM CAO CẤP VATIS VA2027,349000.0,499000.0,150000.0,5.0,8,274160,,https://tiki.vngiay-luoi-da-bo-nam-cao-cap-vatis-va2027-p175877407.html?spid=176522066,giày lười da bò nam
6394535,Dép Nam BIGGBEN Da Bò Thật DN54,399000.0,500000.0,101000.0,5.0,4,9460,,https://tiki.vndep-nam-biggben-da-bo-that-dn54-p6394535.html?spid=6394551,dép nam biggben da bò
150762145,Giày Sandal Nam The Bily Quai Chéo Đôi - Màu Đen BL02D,329000.0,329000.0,0.0,4.8,49,196712,,https://tiki.vngiay-sandal-nam-the-bily-quai-cheo-doi-mau-den-bl02d-p150762145.html?spid=150762149,giày sandal nam the
274498945,"Lót giày hỗ trợ vòm chân Phiten metatarsal support giảm đau, mỏi, êm chân TI148003/TI148004",1280000.0,1280000.0,0.0,0.0,0,333312,,https://tiki.vnlot-giay-ho-tro-vom-chan-phiten-metatarsal-support-giam-dau-moi-em-chan-ti148003-ti148004-p274498945.html?spid=274498948,lót giày hỗ trợ vòm
278525088,Dép quai ngang Biti's nam (39-43),368000.0,368000.0,0.0,0.0,0,174218,,https://tiki.vndep-quai-ngang-biti-s-nam-39-43-p278525088.html?spid=278525108,dép quai ngang biti
21976515,Dép da cá sấu Huy Hoàng kiểu kẹp màu nâu đỏ HP7236,699500.0,1399000.0,699500.0,0.0,0,1867,,https://tiki.vndep-da-ca-sau-huy-hoang-kieu-kep-mau-nau-do-ht7236-p21976515.html?spid=21976527,dép da cá sấu huy hoàng
276679098,Giày Mọi Nam Dập Vân Da Bò Thật PABNO PN21028 – Đen/Nâu,795000.0,795000.0,0.0,0.0,0,49994,,https://tiki.vngiay-moi-nam-dap-van-pabno-pn21028-p276679098.html?spid=276679108,giày nam dập vân da bò
179372356,Dép xỏ ngón nam da bò thật 100% DONAVY cao cấp kiểu đính khuy cách điệu may full quai và đế rất chắc chắn bao đi nước DOKL,279000.0,400000.0,121000.0,5.0,1,154317,,https://tiki.vndep-xo-ngon-nam-da-bo-that-100-donavy-cao-cap-kieu-dinh-khuy-cach-dieu-may-full-quai-va-de-rat-chac-chan-bao-di-nuoc-dokl-p179372356.html?spid=179372360,dép xỏ ngón nam
277620044,Giày Sandal nam cao cấp kiểu dáng mới – GSDNA09,638000.0,1276000.0,638000.0,0.0,0,975,,https://tiki.vngiay-sandal-nam-cao-cap-kieu-dang-moi-gsdna09-p277620044.html?spid=277620058,giày sandal nam cao cấp
278022470,Bột Khử Mùi Hôi Chân Hôi Nách Ngăn Tiết Mồ Hôi Hôi Khử Mùi Giày An Toàn Từ Thiên Nhiên 30g,80000.0,80000.0,0.0,0.0,0,353491,,https://tiki.vnbot-khu-mui-hoi-chan-hoi-nach-ngan-tiet-mo-hoi-hoi-khu-mui-giay-an-toan-tu-thien-nhien-30g-p278022470.html?spid=278022471,bột khử mùi hôi chân
277745328,Giày Moka Ý Gianni Conti 1720ROS,4000000.0,4000000.0,0.0,0.0,0,20163,,https://tiki.vngiay-moka-y-gianni-conti-1720ros-p277745328.html?spid=277745336,giày moka ý gianni conti
207537074,Dép Nam BIGGBEN May Viền Da Bò Thật Cao Cấp DN322,379000.0,450000.0,71000.0,5.0,6,9460,,https://tiki.vndep-nam-biggben-may-vien-da-bo-that-cao-cap-dn322-p207537074.html?spid=207537090,dép nam biggben may
177638102,Dép Nam Bít Mũi Da Bò Thật BIGGBEN Cao Cấp DN304,359000.0,390000.0,31000.0,5.0,5,9460,,https://tiki.vndep-nam-bit-mui-da-bo-that-biggben-cao-cap-dn304-p177638102.html?spid=177638108,dép nam bít mũi
48720142,Giày da-Valentino Creations-VAB-289-BN,5590000.0,5590000.0,0.0,0.0,0,46749,,https://tiki.vngiay-da-valentino-creations-vab-289-bn-p48720142.html?spid=48720146,giày da valentino creations
275304139,Dép Xỏ Ngón Nam Da Bò Thật BIGGBEN Cao Cấp DK97,399000.0,500000.0,101000.0,0.0,0,9460,,https://tiki.vndep-xo-ngon-nam-da-bo-that-biggben-cao-cap-dk97-p275304139.html?spid=275304157,dép xỏ ngón nam
276471998,Combo Hai đón gót giầy muồng đen Không Gỉ Duy Trì Hình Dáng Tăng Tuổi Thọ Của Giày Nam Nữ Móc Chìa Khóa MUỖNG XỎ GIÀY,100000.0,100000.0,0.0,0.0,0,353491,,https://tiki.vncombo-hai-don-got-giay-muong-den-khong-gi-duy-tri-hinh-dang-tang-tuoi-tho-cua-giay-nam-nu-moc-chia-khoa-p276471998.html?spid=276471999,combo đón gót giầy
180391044,Dép nam xỏ ngón Trường Hải da bò thật màu nâu mặt đúc chịu nước XN151,339000.0,339000.0,0.0,4.0,1,11395,,https://tiki.vndep-nam-xo-ngon-truong-hai-da-bo-that-mau-nau-mat-duc-chiu-nuoc-xn151-p180391044.html?spid=180391048,dép nam xỏ ngón
43160085,Giày tây nam buộc dây Trường Hải màu nâu đế cao su  cao 3.5cm da bò thật GT0121,519000.0,519000.0,0.0,4.0,1,11395,,https://tiki.vngiay-tay-nam-buoc-day-truong-hai-mau-nau-de-cao-su-cao-3-5cm-da-bo-that-gt0121-p43160085.html?spid=43160089,giày tây nam buộc dây
70846844,Dép nam quai ngang BIGSIZE Trường Hải da bò thật mềm mại may thủ công chắc chắn tỉ mỉ đế kếp không trơn QNN0119,429000.0,429000.0,0.0,0.0,0,11395,,https://tiki.vndep-nam-quai-ngang-bigsize-truong-hai-da-bo-that-mem-mai-may-thu-cong-chac-chan-ti-mi-de-kep-khong-tron-qnn0119-p70846844.html?spid=70846850,dép nam quai ngang bigsize
271200225,Dép da nam quai ngang da bò cao cấp KEEDO TN-S3-34,380000.0,380000.0,0.0,0.0,0,183745,,https://tiki.vndep-da-nam-quai-ngang-da-bo-cao-cap-keedo-tn-s3-34-p271200225.html?spid=271200227,dép da nam quai ngang
215214310,Dép nam quai ngang cao cấp siêu bền may quai sẵn KD2808 Full hộp,290000.0,290000.0,0.0,5.0,1,183745,,https://tiki.vndep-nam-quai-ngang-cao-cap-sieu-ben-may-quai-san-kd2808-full-hop-p215214310.html?spid=215214318,dép nam quai ngang cao cấp
273373283,Dép quai ngang nam thời trang cao cấp KEEDO PK017,480000.0,480000.0,0.0,0.0,0,183745,,https://tiki.vndep-quai-ngang-nam-thoi-trang-cao-cap-keedo-pk017-p273373283.html?spid=273373289,dép quai ngang nam
217274814,Dây Giày Loại Tròn TiTi ĐÔ Cao Cấp DGD2024,22000.0,22000.0,0.0,0.0,0,323804,,https://tiki.vnday-giay-loai-tron-ha-nam-cao-cap-dgd2024-p217274814.html?spid=217274830,dây giày loại tròn
71962033,Giày mọi nam đế âm HÀ NAM da bò thật cao cấp GDA2021,692000.0,692000.0,0.0,5.0,1,93132,,https://tiki.vngiay-moi-nam-de-am-da-bo-that-de-cao-su-cao-cap-gda-2021-p71962033.html?spid=71962045,giày nam đế âm hà nam
278873234,"Sandal Vento, rọ nam Vento SD7606 size 39-44. Hàng VN chất lượng xuất khẩu",285000.0,285000.0,0.0,0.0,0,363958,,https://tiki.vnsandal-vento-ro-nam-vento-sd7606-size-39-44-hang-vn-chat-luong-xuat-khau-p278873234.html?spid=278873260,sandal vento rọ nam
2023481,Giày Nam Thể Thao Cột Dây Huy Hoàng HT7743  - Da Bò,384500.0,769000.0,384500.0,0.0,0,1867,,https://tiki.vngiay-nam-the-thao-cot-day-huy-hoang-ht7743-da-bo-p2023481.html?spid=2025095,giày nam thể thao cột
120049622,"Giày nam vân cá sấu Huy Hoàng màu đen, nâu Ht7128-29-59-95",559300.0,979000.0,419700.0,0.0,0,1867,,https://tiki.vnhp7128-29-59-95-giay-nam-van-ca-sau-huy-hoang-mau-den-nau-p120049622.html?spid=120050082,giày nam vân cá sấu huy hoàng
277473918,Giày Mọi Nam Dập Vân Da Thật PABNO PN21029 - Đen/Nâu,795000.0,795000.0,0.0,0.0,0,49994,,https://tiki.vngiay-moi-nam-chiec-la-pabno-pn21029-p277473918.html?spid=277473938,giày nam dập vân da
130457612,"Giày Tây Nam Da Bò SUNPOLO MU0112 Lịch lãm (Đen, Nâu)",830000.0,830000.0,0.0,5.0,2,1827,,https://tiki.vngiay-tay-nam-da-bo-sunpolo-mu0112-lich-lam-den-nau-p130457612.html?spid=130457626,giày tây nam da bò sunpolo
127199525,Dép Kẹp Xỏ Ngón Nam Da Bò SUNPOLO KEP201 Bền đẹp (Đen),500000.0,500000.0,0.0,4.8,6,1827,,https://tiki.vndep-kep-xo-ngon-nam-da-bo-sunpolo-kep201-ben-dep-den-p127199525.html?spid=127199529,dép kẹp xỏ ngón
271802152,"Giày sneaker sức khỏe nam Aetrex Chase White - Giày thể thao nam hỗ trợ nâng vòm chân, nhẹ êm",4675000.0,4675000.0,0.0,0.0,0,302,,https://tiki.vngiay-suc-khoe-nam-aetrex-chase-white-giay-the-thao-nam-ho-tro-nang-vom-chan-nhe-em-p271802152.html?spid=271802154,giày sneaker sức khỏe
55137698,Giày Tây Nam Da Bò BIGGBEN Cao Cấp GT176,650000.0,650000.0,0.0,0.0,0,9460,,https://tiki.vngiay-tay-nam-da-bo-biggben-cao-cap-gt176-p55137698.html?spid=55137718,giày tây nam da bò biggben
191740447,Giày Sandal Nam The Bily Quai Chéo Đôi -  Đế Trắng Lót Đen Màu Xám BLDTMD02,329000.0,329000.0,0.0,0.0,0,196712,,https://tiki.vngiay-sandal-nam-the-bily-quai-cheo-doi-de-trang-lot-den-mau-xam-bldtmd02-p191740447.html?spid=191740455,giày sandal nam the
276685507,Túi Đựng Giày Dép Du Lịch Có Dây Rút Để Giày Đá Bóng Thể Thao Thoáng Khí Chống Bụi Bẩn,9900.0,15000.0,5100.0,0.0,0,167037,,https://tiki.vntui-dung-giay-dep-du-lich-co-day-rut-de-giay-da-bong-the-thao-thoang-khi-chong-bui-ban-p276685507.html?spid=276685517,túi đựng giày dép du lịch
278091864,Giày MICHILUX Da Bò Thật Chính Hãng Classic Moccasin CSMS0 Màu Nâu Bò,750000.0,750000.0,0.0,0.0,0,362302,,https://tiki.vngiay-michilux-da-bo-that-chinh-hang-classic-moccasin-csms0-mau-nau-bo-p278091864.html?spid=278091872,giày michilux da bò
44928495,Giày nam da bò đế doctor Trường hải da bò cao cấp mêm mại GN045,600000.0,600000.0,0.0,5.0,4,11395,,https://tiki.vngiay-doctor-nam-truong-hai-da-bo-cao-cap-gn0590-p44928495.html?spid=44928499,giày nam da bò đế
90576694,Giày nam da bò không dây mã GL66 mềm mịn,650000.0,650000.0,0.0,0.0,0,20142,,https://tiki.vngiay-nam-da-bo-khong-day-ma-gl66-mem-min-p90576694.html?spid=90576704,giày nam da bò dây mã
275959604,Dép nam quai ngang cao cấp màu đen kem xám êm bền thương hiệu KEEDO KDX17,290000.0,290000.0,0.0,5.0,2,183745,,https://tiki.vndep-nam-quai-ngang-cao-cap-mau-den-kem-xam-em-ben-thuong-hieu-keedo-kdx17-p275959604.html?spid=275959618,dép nam quai ngang cao cấp
133039068,"Dép nam bít mũi chất liệu da bò cao cấp SUNPOLO ABI019 (Đen, Nâu)",760000.0,760000.0,0.0,5.0,6,1827,,https://tiki.vndep-nam-bit-mui-da-bo-sunpolo-abi019-den-nau-p133039068.html?spid=133039094,dép nam bít mũi chất liệu
140768561,"Dép Sapo Bít Mũi Nam Da Bò SUNPOLO SPO218 (Nâu bò, Xanh rêu)",730000.0,730000.0,0.0,5.0,1,1827,,https://tiki.vndep-sapo-bit-mui-nam-da-bo-sunpolo-spo218-nau-bo-xanh-reu-p140768561.html?spid=140768569,dép sapo bít mũi
1589661,Giày tây nam có dây da bò đế cao su SUNPOLO SKT111 phiên bản nâu,860000.0,860000.0,0.0,0.0,0,1827,,https://tiki.vngiay-tay-nam-da-bo-sunpolo-su111n-nau-p1589661.html?spid=1592659,giày tây nam có dây
48226182,GIày Sandal Nam Da Bò BIGGBEN Cao Cấp SD96,379000.0,500000.0,121000.0,4.7,7,9460,,https://tiki.vngiay-sandal-nam-da-bo-biggben-cao-cap-sd96-p48226182.html?spid=48226190,giày sandal nam da bò
170580327,Dép Nam Bít Đầu Da Bò Thật BIGGBEN Cao Cấp DN304,389000.0,450000.0,61000.0,5.0,2,9460,,https://tiki.vndep-nam-bit-dau-da-bo-that-biggben-cao-cap-dn304-p170580327.html?spid=170580333,dép nam bít đầu
7378429,Giày Tây Nam BIGGBEN Da Bò Thật Cao Cấp GT55,800000.0,800000.0,0.0,4.0,1,9460,,https://tiki.vngiay-tay-nam-biggben-da-bo-that-cao-cap-gt55-p7378429.html?spid=7378449,giày tây nam biggben da bò
6137325,Dép Da Nam BIGBEN May Đế Da Bò Thật DN38,500000.0,500000.0,0.0,4.6,48,9460,,https://tiki.vndep-da-nam-bigben-may-de-da-bo-that-dn38-p6137325.html?spid=6137345,dép da nam bigben may đế
276559457,Giày da cao cấp Bitis nam (38-43),825000.0,825000.0,0.0,0.0,0,174218,,https://tiki.vngiay-da-cao-cap-bitis-nam-38-43-p276559457.html?spid=276559461,giày da cao cấp bitis
55457530,Lót giày vải cotton Hương quế CI-03 làm từ vải cotton - bột quế giúp hút ẩm - khử mùi - phòng cảm cúm và cải thiện sức khoẻ,25000.0,25000.0,0.0,4.7,3,61212,,https://tiki.vnlot-giay-vai-cotton-huong-que-ci-03-lam-tu-vai-cotton-bot-que-giup-hut-am-khu-mui-phong-cam-cum-va-cai-thien-suc-khoe-p55457530.html?spid=55457540,lót giày vải cotton
274784753,"Giày sức khỏe nam Revitalign Siesta Grey - Giày xỏ nhẹ chân, thoáng khí, nâng vòm cho cả bàn chân vòm thấp. vòm bẹt",2695000.0,2695000.0,0.0,0.0,0,302,,https://tiki.vngiay-suc-khoe-nam-revitalign-siesta-grey-giay-xo-nhe-chan-thoang-khi-p274784753.html?spid=274784765,giày sức khỏe nam
69833938,"Dép sức khỏe nam Spenco Leather Brown - dép kẹp nâng vòm, giảm đau chân , đau gối",2295000.0,2295000.0,0.0,0.0,0,302,,https://tiki.vndep-suc-khoe-nam-spenco-leather-brown-482-p69833938.html?spid=69833940,dép sức khỏe nam
248841560,Dép nam quai chép PABNO PN741,395000.0,395000.0,0.0,0.0,0,49994,,https://tiki.vndep-nam-quai-chep-pabno-pn741-p248841560.html?spid=248841595,dép nam quai chép pabno
276021358,Giày Sục Đạp Gót Mules Vải Sneaker Unisex Nam Nữ DINCOX DC37 Lazy Mule Beige,550000.0,550000.0,0.0,0.0,0,150940,,https://tiki.vngiay-suc-dap-got-mules-vai-sneaker-unisex-nam-nu-dincox-dc37-lazy-mule-beige-p276021358.html?spid=276021360,giày sục đạp gót mules
270447521,Dép Nam Quai Ngang HÀ NAM Da Bò Thật Cao Cấp DNA199,380000.0,380000.0,0.0,0.0,0,93132,,https://tiki.vndep-nam-quai-ngang-da-bo-that-ha-nam-cao-cap-dna199-p270447521.html?spid=270447525,dép nam quai ngang hà nam
74750714,Dép Nam Quai Ngang Da Bò Thật HÀ NAM Đế Cao Dành Cho Người Thấpp DN2052,379000.0,379000.0,0.0,0.0,0,93132,,https://tiki.vndep-nam-quai-ngang-da-bo-that-cao-cap-de-cao-su-dn2052-p74750714.html?spid=74750720,dép nam quai ngang da bò
114918253,Dép Nam Quai Ngang HÀ NAM Da Bò Thật Cao Cấp DNA2118,394000.0,394000.0,0.0,0.0,0,93132,,https://tiki.vndep-nam-quai-ngang-da-bo-cao-cap-dna2118-p114918253.html?spid=114918255,dép nam quai ngang hà nam
2001473,Giày Mọi Nam Huy Hoàng HT7168 - Trắng Phối Xanh (Size,909000.0,909000.0,0.0,0.0,0,1867,,https://tiki.vngiay-moi-nam-huy-hoang-ht7168-trang-phoi-xanh-p2001473.html?spid=2006883,giày nam huy hoàng ht7168
271289541,Dép Nam Quai Ngang HÀ NAM Da Bò Thật Cao Cấp DNA2217,420000.0,420000.0,0.0,5.0,1,93132,,https://tiki.vndep-nam-quai-ngang-da-bo-that-ha-nam-cao-cap-dna2217-p271289541.html?spid=271289547,dép nam quai ngang hà nam
137822563,Dép Nam Quai Ngang HÀ NAM Da Bò Thật Cao Cấp DNA2145,360000.0,360000.0,0.0,5.0,1,93132,,https://tiki.vndep-nam-quai-ngang-da-bo-that-de-cao-su-ha-nam-cao-cap-dna2145-p137822563.html?spid=137822567,dép nam quai ngang hà nam
248716020,Dép Nam Quai Ngang Da Bò Thật TiTi ĐÔ Cao Cấp DNA2175d,420000.0,420000.0,0.0,5.0,1,323804,,https://tiki.vndep-nam-quai-ngang-titi-do-da-bo-that-cao-cap-dna2175d-p248716020.html?spid=248716027,dép nam quai ngang da bò
217611010,Dép Bít Mũi Nam Da Bò Thật TiTi ĐÔ Cao CấpGSB2085d,480000.0,480000.0,0.0,0.0,0,323804,,https://tiki.vndep-bit-mui-nam-da-bo-that-ha-nam-cao-cap-gsb2085d-p217611010.html?spid=217611052,dép bít mũi nam
7975818,Dép Nam Quai Ngang Da Bò Sunpolo SUD3DN,650000.0,650000.0,0.0,5.0,2,1827,,https://tiki.vndep-nam-quai-ngang-da-bo-sunpolo-sud3dn-p7975818.html?spid=7977901,dép nam quai ngang da
217610790,Giày Tây Nam Công Sở Da Bò Thật TiTi ĐÔ Cao Cấp GT2020d,680000.0,680000.0,0.0,0.0,0,323804,,https://tiki.vngiay-tay-nam-cong-so-da-bo-that-ha-nam-cao-cap-gt2020d-p217610790.html?spid=217610813,giày tây nam công sở da bò
217611195,Dép Nam Quai Ngang Da Bò Thật TiTi ĐÔ Đế Cao Dành Cho Người Thấp DNA2134,414000.0,414000.0,0.0,0.0,0,323804,,https://tiki.vndep-nam-quai-ngang-da-bo-that-ha-nam-cao-cap-dna2133d-p217611195.html?spid=217611207,dép nam quai ngang da bò
7388201,Giày Tây Tăng Chiều Cao Nam BIGGBEN Da Bò Thật Cao Cấp GT66,799000.0,1100000.0,301000.0,4.5,2,9460,,https://tiki.vngiay-tay-tang-chieu-cao-nam-biggben-da-bo-that-cao-cap-gt66-p7388201.html?spid=7388479,giày tây tăng chiều cao
48300694,Giày Mọi Nam  Da Bò BIGGBEN GM214,700000.0,700000.0,0.0,3.0,1,9460,,https://tiki.vngiay-moi-nam-da-bo-biggben-gm214-p48300694.html?spid=48300700,giày nam da bò biggben
49103625,Giày da-Valentino Creations-VAB-304-VRB-89571018-DBN,6990000.0,6990000.0,0.0,0.0,0,46749,,https://tiki.vngiay-da-valentino-creations-vab-304-cof-p49103625.html?spid=49103627,giày da valentino creations
196344517,Đón gót giày dài 35cm gỗ Muồng nguyên khối sơn mài VIP - DGH909 - tiện dụng cho gia đình bạn,79000.0,79000.0,0.0,0.0,0,253372,,https://tiki.vndai-35cm-go-muong-nguyen-khoi-son-mai-vip-dgh909-tien-dung-cho-gia-dinh-ban-p196344517.html?spid=196580152,đón gót giày dài
8059177,Dép Nam BIGGBEN Da Bò Thật Cao Cấp DN132,360000.0,360000.0,0.0,5.0,1,9460,,https://tiki.vndep-nam-biggben-da-bo-that-cao-cap-dn132-p8059177.html?spid=8059185,dép nam biggben da bò
55150033,Giày Tây Nam Da Bò BIGGBEN Cao Cấp GT187,649000.0,750000.0,101000.0,0.0,0,9460,,https://tiki.vngiay-tay-nam-da-bo-biggben-cao-cap-gt187-p55150033.html?spid=55150045,giày tây nam da bò biggben
274664127,Giày Mọi Nam Da Bò Thật BIGGBEN Cao Cấp GM299,749000.0,900000.0,151000.0,0.0,0,9460,,https://tiki.vngiay-moi-nam-da-bo-that-biggben-cao-cap-gm299-p274664127.html?spid=274664141,giày nam da bò biggben
217760147,Dép Nam Quai Ngang Da Bò Thật TiTi ĐÔ Cao Cấp DNA2075d,440000.0,440000.0,0.0,0.0,0,323804,,https://tiki.vndep-nam-quai-ngang-da-bo-that-ha-nam-cao-cap-dna2075d-p217760147.html?spid=217760156,dép nam quai ngang da bò
129643728,"Giày Mọi Nam Da Bò Cao Cấp SUNPOLO CS5026 Mũi bo tròn thanh lịch (Đen, Nâu)",990000.0,990000.0,0.0,5.0,1,1827,,https://tiki.vngiay-moi-nam-da-bo-cao-cap-sunpolo-cs5026-mui-bo-tron-thanh-lich-den-nau-p129643728.html?spid=129643730,giày nam da bò cao cấp
22473943,Dép Nam BIGGBEN Da Bò Thật Cao Cấp DN171,450000.0,450000.0,0.0,4.3,59,9460,,https://tiki.vndep-nam-biggben-da-bo-that-cao-cap-dn171-p22473943.html?spid=22473947,dép nam biggben da bò
274664594,Giày Mọi Nam Da Bò Thật BIGGBEN Cao Cấp GM301,749000.0,900000.0,151000.0,0.0,0,9460,,https://tiki.vngiay-moi-nam-da-bo-that-biggben-cao-cap-gm301-p274664594.html?spid=274664608,giày nam da bò biggben
16862053,Giày Boot Nam BIGGBEN Da Bò Thật Cao Cấp BT1,1299000.0,2200000.0,901000.0,4.2,5,9460,,https://tiki.vngiay-boot-nam-biggben-da-bo-that-cao-cap-bt1-p16862053.html?spid=16862061,giày boot nam biggben
13989212,Giày Tây Nam BIGGBEN Da Bò Thật GT105,549000.0,549000.0,0.0,5.0,2,9460,,https://tiki.vngiay-tay-nam-biggben-da-bo-that-gt105-p13989212.html?spid=13989214,giày tây nam biggben da bò
27806049,Giày Tây Nam BiGGBEN Da Bò Thật  Cao Cấp GT147,700000.0,700000.0,0.0,0.0,0,9460,,https://tiki.vngiay-tay-nam-biggben-da-bo-that-cao-cap-gt147-p27806049.html?spid=27806059,giày tây nam biggben da bò
7991971,Dép Nam BIGGBEN May Đế Da Bò Thật DN119,399000.0,450000.0,51000.0,0.0,0,9460,,https://tiki.vndep-nam-biggben-may-de-da-bo-that-dn119-p7991971.html?spid=7991979,dép nam biggben may đế
210393714,Dép quai ngang Biti's nam,360000.0,360000.0,0.0,0.0,0,174218,,https://tiki.vndep-quai-ngang-biti-s-nam-p210393714.html?spid=210393762,dép quai ngang biti
7383561,Giày Tây Nam BIGGBEN Da Bò Thật Cao Cấp GT62,690000.0,690000.0,0.0,1.0,1,9460,,https://tiki.vngiay-tay-nam-biggben-da-bo-that-cao-cap-gt62-p7383561.html?spid=7383565,giày tây nam biggben da bò
15262198,Giày Tây Nam BiGGBEN Da Bò Thật GT114,700000.0,700000.0,0.0,0.0,0,9460,,https://tiki.vngiay-tay-nam-biggben-da-bo-that-gt114-p15262198.html?spid=15262209,giày tây nam biggben da bò
49103529,Giày Derby-Valentino Creations-VAB-303-VRB-89570803-BLK,6990000.0,6990000.0,0.0,0.0,0,46749,,https://tiki.vngiay-da-valentino-creations-vab-303-bk-p49103529.html?spid=49103535,giày derby valentino creations
49005304,Giày da-Valentino Creations-VAB-292-WIS,5390000.0,5390000.0,0.0,0.0,0,46749,,https://tiki.vngiay-da-valentino-creations-vab-292-wis-p49005304.html?spid=49005312,giày da valentino creations
250353064,Giày Tây Nam BIGGBEN Da Bò Thật Cao Cấp GT240,700000.0,700000.0,0.0,0.0,0,9460,,https://tiki.vngiay-tay-nam-biggben-da-bo-that-cao-cap-gt240-p250353064.html?spid=250353070,giày tây nam biggben da bò
48277730,Giày Tây Nam Tăng Chiều Cao BIGGBEN Da Bò Thật  GT163,945000.0,1000000.0,55000.0,0.0,0,9460,,https://tiki.vngiay-tay-nam-tang-chieu-cao-biggben-da-bo-that-gt163-p48277730.html?spid=48277736,giày tây nam tăng chiều
275324233,Dép quai ngang nam da bò MLS05 | Anh Tho Leather,460000.0,460000.0,0.0,0.0,0,942,,https://tiki.vndep-quai-ngang-nam-da-bo-mls05-anh-tho-leather-p275324233.html?spid=275325351,dép quai ngang nam
276368075,Giày Sandal Nam Bít Đầu BIGGBEN Da Bò Thật Cao Cấp SD142,389900.0,500000.0,110100.0,0.0,0,9460,,https://tiki.vngiay-sandal-nam-bit-dau-biggben-da-bo-that-cao-cap-sd142-p276368075.html?spid=276368085,giày sandal nam bít
204425445,Giày tây da Biti's nam cột dây,820000.0,820000.0,0.0,0.0,0,174218,,https://tiki.vngiay-tay-da-biti-s-nam-cot-day-p204425445.html?spid=204425459,giày tây da biti
195445351,Giày Tây Nam Tăng Chiều Cao BIGGBEN Da Bò Thật GT228,749000.0,1200000.0,451000.0,0.0,0,9460,,https://tiki.vngiay-tay-nam-tang-chieu-cao-biggben-da-bo-that-gt228-p195445351.html?spid=195445353,giày tây nam tăng chiều
165595275,Giày Tây Nam Da Bò Thật BIGGBEN Cao Cấp GT217,800000.0,800000.0,0.0,5.0,1,9460,,https://tiki.vngiay-tay-nam-da-bo-that-biggben-cao-cap-gt217-p165595275.html?spid=165595295,giày tây nam da bò biggben
13984858,Giày Tây Nam Da Bò Thật GT101,600000.0,600000.0,0.0,0.0,0,9460,,https://tiki.vngiay-tay-nam-da-bo-that-gt101-p13984858.html?spid=13984860,giày tây nam da bò
141242688,Dép bít mũi nam da bò thật BIGGBEN cao cấp SB107,449000.0,550000.0,101000.0,0.0,0,9460,,https://tiki.vndep-bit-mui-nam-da-bo-that-biggben-cao-cap-sb107-p141242688.html?spid=141242694,dép bít mũi nam
55195703,Giày Tây Nam Da Bò BIGGBEN Cao Cấp GT188,700000.0,700000.0,0.0,5.0,1,9460,,https://tiki.vngiay-tay-nam-da-bo-biggben-cao-cap-gt188-p55195703.html?spid=55195709,giày tây nam da bò biggben
250550764,Dép quai kẹp xốp Biti's nam,265000.0,265000.0,0.0,5.0,1,174218,,https://tiki.vndep-quai-kep-xop-biti-s-nam-p250550764.html?spid=250550790,dép quai kẹp xốp biti
278950412,Dép Xỏ Ngón Nam Da Bò Thật BIGGBEN Cao Cấp DK101,329000.0,450000.0,121000.0,0.0,0,9460,,https://tiki.vndep-xo-ngon-nam-da-bo-that-biggben-cao-cap-dk101-p278950412.html?spid=278950420,dép xỏ ngón nam
278893789,Giày Da Nam Kiểu Dáng Derby Đế Khâu Da Bò Mã 3073 - Bảo Hân Since 2016,850000.0,850000.0,0.0,0.0,0,20142,,https://tiki.vngiay-da-nam-kieu-dang-derby-de-khau-da-bo-ma-3073-bao-han-since-2016-p278893789.html?spid=278893795,giày da nam kiểu dáng derby đế
278697028,"COMBO 25 Khăn Ướt vệ sinh giày đồ da, túi ví, áo, ghế da giúp làm sạch, dưỡng ẩm chống mốc, Lau Đồ Da Leather, Khử Mùi, Dưỡng Bóng Đồ Da Nhanh Chóng",100000.0,100000.0,0.0,0.0,0,353491,,https://tiki.vncombo-25-khan-uot-ve-sinh-giay-do-da-tui-vi-ao-ghe-da-giup-lam-sach-duong-am-chong-moc-lau-do-da-leather-khu-mui-duong-bong-do-da-nhanh-chong-p278697028.html?spid=278697029,combo khăn ướt vệ sinh
278600626,Dép Bít Đầu Nam BIGGBEN Da Bò Thật Cao Cấp SB137,359000.0,500000.0,141000.0,0.0,0,9460,,https://tiki.vndep-bit-dau-nam-biggben-da-bo-that-cao-cap-sb137-p278600626.html?spid=278600628,dép bít đầu nam
278584942,Dép Nam Quai Ngang  Da Bò BIGGBEN DN362,289000.0,450000.0,161000.0,0.0,0,9460,,https://tiki.vndep-nam-quai-ngang-da-bo-biggben-dn362-p278584942.html?spid=278584954,dép nam quai ngang da
278090087,Giày MICHILUX Da Bò Thật Chính Hãng Penny Loafer CIEPL Màu Nâu Sẫm,800000.0,800000.0,0.0,0.0,0,362302,,https://tiki.vngiay-michilux-da-bo-that-chinh-hang-penny-loafer-ciepl-mau-den-p278090087.html?spid=278091102,giày michilux da bò
277420607,Giày tây nam công sở da bò màu đen Trường Hải đế cao su GT2280,695000.0,695000.0,0.0,0.0,0,11395,,https://tiki.vngiay-tay-nam-cong-so-da-bo-mau-den-truong-hai-de-cao-su-gt2280-p277420607.html?spid=277420613,giày tây nam công sở da bò
277404244,Dép Nam Quai Ngang Da Bò 3 Quai Khóa Đồng Sang Trọng Phong Cách Trẻ Trung Tiện Lợi Êm Chân,320000.0,320000.0,0.0,0.0,0,2676,,https://tiki.vndep-quai-ngang-da-bo-3-quai-khoa-dong-sang-trong-phong-cach-tre-trung-tien-loi-em-chan-p277404244.html?spid=277404256,dép nam quai ngang da bò
277382833,Giày Tây Nam Không Dây Đai Ngang ( Xả Kho ) - Da Mềm Đế Cao Su Mềm Mã D07-PVC,450000.0,450000.0,0.0,0.0,0,20142,,https://tiki.vngiay-tay-nam-khong-day-dai-ngang-xa-kho-da-mem-de-cao-su-mem-ma-d07-pvc-p277382833.html?spid=277382841,giày tây nam dây đai
276859829,"Chai Xịt Nano ion Ag+ Đa Năng Chống Nước Bụi Bẩn BLD Cho Giày Dép , Vải - Hàng chính hãng",59590.0,118000.0,58410.0,3.7,3,137411,,https://tiki.vnchai-xit-nano-ion-ag-da-nang-chong-nuoc-bui-ban-bld-cho-giay-dep-vai-hang-chinh-hang-p276859829.html?spid=275826577,chai xịt nano ion
276102295,DÉP QUAI NGANG CHẤT LIỆU DA BÒ VATIS 20240907,139000.0,269000.0,130000.0,0.0,0,274160,,https://tiki.vndep-quai-ngang-chat-lieu-da-bo-vatis-20240907-p276102295.html?spid=276102305,dép quai ngang chất liệu
273872370,Giày Sandal Nam Nữ Unisex The BiLy Quai Ngang Dây Dù Đế IP Siêu Êm Nhẹ Màu Đen-BL08,349000.0,349000.0,0.0,5.0,2,196712,,https://tiki.vngiay-sandal-nam-nu-unisex-the-bily-quai-ngang-day-du-de-ip-sieu-em-nhe-mau-den-bl08-p273872370.html?spid=273872384,giày sandal nam nữ unisex
273837581,Giày Sandal Nam Nữ Unisex The BiLy Quai Ngang Dây Dù Đế IP Siêu Êm Nhẹ Màu Xám Cam-BL05,349000.0,349000.0,0.0,0.0,0,196712,,https://tiki.vngiay-sandal-nam-nu-unisex-the-bily-quai-ngang-day-du-de-ip-sieu-em-nhe-mau-xam-cam-bl05-p273837581.html?spid=273837597,giày sandal nam nữ unisex
254113960,Dép nam quai ngang cao cấp KEEDO Y-814,480000.0,480000.0,0.0,0.0,0,183745,,https://tiki.vndep-nam-quai-ngang-cao-cap-keedo-y-814-p254113960.html?spid=254113962,dép nam quai ngang cao cấp
254093049,Dép nam hai quai ngang cao cấp da thật KEEDO TL01,540000.0,540000.0,0.0,0.0,0,183745,,https://tiki.vndep-nam-hai-quai-ngang-cao-cap-da-that-keedo-tl01-p254093049.html?spid=254093059,dép nam quai ngang
248087955,"Dép xỏ ngón nam da bò Trường Hải đế doctor cao 3cm may viền chắc chắn có 2 màu đen, nâu  DXN126",319000.0,319000.0,0.0,5.0,1,11395,,https://tiki.vndep-xo-ngon-nam-da-bo-truong-hai-de-doctor-cao-3cm-may-vien-chac-chan-co-2-mau-den-nau-dxn126-p248087955.html?spid=248087965,dép xỏ ngón nam
247719257,Giày Tây Nam Không Dây Đai Ngang ( Xả Kho ) - Da Mềm Đế Cao Su Mềm Mã D05-PVC,450000.0,450000.0,0.0,0.0,0,20142,,https://tiki.vngiay-tay-nam-khong-day-dai-ngang-xa-kho-da-mem-de-cao-su-mem-ma-d05-pvc-p247719257.html?spid=247719267,giày tây nam dây đai
201670687,Giày Da Nam Buộc Dây Phong Cách Derby Trẻ Trung,850000.0,850000.0,0.0,0.0,0,20142,,https://tiki.vngiay-da-nam-buoc-day-phong-cach-derby-tre-trung-p201670687.html?spid=201670699,giày da nam buộc
198929869, Giày tây nam da bò nhiều loại nhiều màu HJ7501-02-03-04-05-08,699300.0,999000.0,299700.0,0.0,0,223818,,https://tiki.vngiay-tay-nam-da-bo-nhieu-loai-nhieu-mau-hj7501-02-03-04-05-08-p198929869.html?spid=198929919,giày tây nam da bò nhiều
189326595,Dép Đế Trấu Quai Ngang Nam 2 Khóa The BiLy Da PU Đen - BL01T,249000.0,249000.0,0.0,4.0,3,196712,,https://tiki.vndep-de-trau-quai-ngang-nam-2-khoa-the-bily-da-pu-den-bl01t-p189326595.html?spid=189326601,dép đế trấu quai ngang
187336557,Giày Sandal Nam Bít Mũi Da Bò Thật BIGGBEN SD124,369000.0,500000.0,131000.0,5.0,1,9460,,https://tiki.vngiay-sandal-nam-bit-mui-da-bo-that-biggben-sd124-p187336557.html?spid=187336565,giày sandal nam bít
186232739,Dép xỏ ngón nam da cá sấu màu đen chính hãng Trường Hải may viền chắc chắn DCS255,699000.0,699000.0,0.0,0.0,0,11395,,https://tiki.vndep-xo-ngon-nam-da-ca-sau-mau-den-chinh-hang-truong-hai-may-vien-chac-chan-dcs255-p186232739.html?spid=186232745,dép xỏ ngón nam
181500386,Dép nam quai ngang da bò màu nâu đế cao 3.5cm chính hãng Trường Hải may chắc chắn QN179,379000.0,379000.0,0.0,0.0,0,11395,,https://tiki.vndep-nam-quai-ngang-da-bo-mau-nau-de-cao-3-5cm-chinh-hang-truong-hai-may-chac-chan-qn179-p181500386.html?spid=181500388,dép nam quai ngang da bò
177662569,Dép Nam Quai Ngang Da Bò Thật BIGGBEN Cao Cấp DN306,299000.0,350000.0,51000.0,3.0,2,9460,,https://tiki.vndep-nam-quai-ngang-da-bo-that-biggben-cao-cap-dn306-p177662569.html?spid=177662593,dép nam quai ngang da bò
176112860,Giày Vans Classic Slip-On Eco Theory - VN000XG8AS1,1650000.0,1650000.0,0.0,0.0,0,32929,,https://tiki.vngiay-vans-classic-slip-on-eco-theory-vn000xg8as1-p176112860.html?spid=183540824,giày vans classic slip
175901710,Dép nam đẹp hai quai cao cấp KEEDO KD2803 Full Box - Đen,290000.0,290000.0,0.0,5.0,3,183745,,https://tiki.vndep-nam-hai-quai-cao-cap-keedo-kd2802-full-box-p175901710.html?spid=175901718,dép nam đẹp quai
162036384,Dép quai ngang hàng hiệu KEEDO KD5512 da bò thật siêu bền,550000.0,550000.0,0.0,0.0,0,183745,,https://tiki.vndep-quai-ngang-hang-hieu-keedo-kd5512-da-bo-that-sieu-ben-p162036384.html?spid=162036390,dép quai ngang hàng
150760547,Giày Sandal Nam The Bily Quai Ngang - Màu Xám BL03X,339000.0,339000.0,0.0,5.0,11,196712,,https://tiki.vngiay-sandal-nam-the-bily-quai-ngang-mau-xam-bl03x-p150760547.html?spid=150760551,giày sandal nam the
103467604,Giày Tây Nam Không Dây Da Bò Thật Màu Vàng Chính Hãng Trường Hải GT280  Đế Cao Su Không Trơn,549000.0,549000.0,0.0,0.0,0,11395,,https://tiki.vngiay-tay-nam-khong-day-da-bo-that-mau-vang-chinh-hang-truong-hai-gt280-de-cao-su-khong-tron-p103467604.html?spid=103467616,giày tây nam dây da bò
72215181,Giày Tây Nam Tăng Chiều Cao Da Bò BIGGBEN Cao Cấp GT204,999000.0,1100000.0,101000.0,5.0,1,9460,,https://tiki.vngiay-tay-nam-tang-chieu-cao-da-bo-biggben-cao-cap-gt204-p72215181.html?spid=72215187,giày tây nam tăng chiều
57811840,Giày tây nam Trường Hải da bò thật không bong tróc đế cao su không trơn màu,529000.0,529000.0,0.0,5.0,1,11395,,https://tiki.vngiay-tay-nam-truong-hai-mau-den-da-bo-cao-cap-gtn05981-p57811840.html?spid=57811852,giày tây nam trường hải da
53989935,Dép nam Trường Hải quai ngang một bản màu nâu da bò thật mềm mại đê cao su chống mòn QN543,269000.0,269000.0,0.0,0.0,0,11395,,https://tiki.vndep-nam-truong-hai-quai-ngang-mot-ban-mau-nau-da-bo-that-mem-mai-de-cao-su-chong-mon-qn543-p53989935.html?spid=53989947,dép nam trường hải quai
53244720,Dép bít mũi nam Trường Hải màu vàng da bò thật cao cấp không bong tróc đế cao su không trơn BMTH0712,355000.0,355000.0,0.0,0.0,0,11395,,https://tiki.vndep-bit-mui-nam-truong-hai-mau-vang-da-bo-that-cao-cap-khong-bong-troc-de-cao-su-khong-tron-bmth0712-p53244720.html?spid=53244722,dép bít mũi nam trường
48316474,Giày Mọi Nam Da Bò BIGGBEN GM224,500000.0,500000.0,0.0,0.0,0,9460,,https://tiki.vngiay-moi-nam-da-bo-biggben-gm224-p48316474.html?spid=48316484,giày nam da bò biggben
44969075,Giày tây nam Trường Hải da bò cao cấp GTN0599,509000.0,509000.0,0.0,0.0,0,11395,,https://tiki.vngiay-tay-nam-truong-hai-da-bo-cao-cap-gtn0600-p44969075.html?spid=44969081,giày tây nam trường hải da
40073181,Dép bít mũi nam da bò cao cấp Trường Hải BM214,399000.0,399000.0,0.0,4.5,2,11395,,https://tiki.vndep-nam-truong-hai-bit-mui-da-bo-cao-cap-mau-nau-bm214-p40073181.html?spid=40073193,dép bít mũi nam
36768926,Giày lười Dolo Men VTL05,2300000.0,2300000.0,0.0,0.0,0,17989,,https://tiki.vngiay-luoi-dolo-men-vtl05-p36768926.html?spid=36768929,giày lười dolo men
21979444,Giày nam Huy Hoàng da bò màu nâu đỏ-HP7112,636300.0,909000.0,272700.0,4.5,2,1867,,https://tiki.vngiay-da-nam-huy-hoang-da-bo-mau-nau-do-ht7112-p21979444.html?spid=21979446,giày nam huy hoàng da bò
15262908,Giày Tây Nam BiGGBEN Da Bò Thật GT115,499000.0,499000.0,0.0,0.0,0,9460,,https://tiki.vngiay-tay-nam-biggben-da-bo-that-gt115-p15262908.html?spid=15262918,giày tây nam biggben da bò
2021243,Dép Nam Da Cá Sấu Móng Tay Huy Hoàng HT7215 - Vàng,1199000.0,1199000.0,0.0,0.0,0,1867,,https://tiki.vndep-nam-da-ca-sau-mong-tay-huy-hoang-ht7215-vang-p2021243.html?spid=2021785,dép nam da cá sấu
278480955,Giày Tây Nam HA NAM Da bò Thật Cao Cấp GDT2025,680000.0,680000.0,0.0,0.0,0,93132,,https://tiki.vngiay-tay-nam-ha-nam-da-bo-that-cao-cap-gdt2025-p278480955.html?spid=278480973,giày
278247848,"Xịt Khử Mùi Giày Công Sở Thể Thao Nano Bạc Hoàng Gia 100ml - Khử khuẩn giày nam nữ, khử mùi hiệu quả",57000.0,59000.0,2000.0,4.0,1,226765,,https://tiki.vnxit-khu-mui-giay-the-thao-nano-bac-hoang-gia-100ml-khu-khuan-giay-nam-nu-khu-mui-hieu-qua-p278247848.html?spid=278247849,xịt khử mùi giày
278116143,GiàY BOOTS NAM CỔ NGẮN thời trang PABNO PN181,950000.0,950000.0,0.0,0.0,0,49994,,https://tiki.vngiay-boots-nam-co-ngan-thoi-trang-pabno-pn181-p278116143.html?spid=278116157,giày boots nam cổ ngắn
278112561,DÉP KẸP NAM DA – PABNO PN21046,285000.0,285000.0,0.0,0.0,0,49994,,https://tiki.vndep-kep-nam-da-pabno-pn21046-p278112561.html?spid=278112573,dép kẹp nam da
277588047,Dép nam quai ngang da bò thật cao cấp BHD8083 Dép quai hậu,450000.0,450000.0,0.0,5.0,1,8035,,https://tiki.vndep-nam-quai-ngang-da-bo-that-cao-cap-bhd8083-dep-quai-hau-p277588047.html?spid=277588049,dép nam quai ngang da bò
277585738,"Dép quai hậu nam trung niên đơn giản, mềm nhẹ, thoải mái BHD1915 Giày sandal nam quai ngang",330000.0,330000.0,0.0,0.0,0,8035,,https://tiki.vndep-quai-hau-nam-trung-nien-don-gian-mem-nhe-thoai-mai-bhd1915-p277585738.html?spid=277585794,dép quai hậu nam trung niên
277387865,Giày Tây Nam Da Mềm ( Xả Kho ) - Đế Cao Su Mềm Mã CS06-2PVC,450000.0,450000.0,0.0,0.0,0,20142,,https://tiki.vngiay-tay-nam-da-mem-xa-kho-de-cao-su-mem-ma-cs06-2pvc-p277387865.html?spid=277387869,giày tây nam da mềm đế
276843728,Dép Nam Da Bò HA NAM Đế Siêu Nhẹ Khâu Chỉ Toàn Bộ DNA22034,360000.0,360000.0,0.0,0.0,0,93132,,https://tiki.vndep-nam-da-bo-ha-nam-de-sieu-nhe-khau-chi-toan-bo-dna22034-p276843728.html?spid=276843960,dép nam da
276677778,Giày Tây Nam Da Bò Thật Nơ Chuông PABNO PN21032 – Đen/Nâu,790000.0,790000.0,0.0,0.0,0,49994,,https://tiki.vngiay-tay-nam-no-chuong-pabno-pn21032-p276677778.html?spid=276677798,giày tây nam da bò nơ
273703890,Máy vệ sinh giầy cầm tay Philips Sneaker Cleaner GCA1000/60 - Hàng chính hãng,1180000.0,1180000.0,0.0,0.0,0,20256,,https://tiki.vnmay-ve-sinh-giay-cam-tay-philips-sneaker-cleaner-gca1000-60-hang-chinh-hang-p273703890.html?spid=275842432,máy vệ sinh giầy cầm
253662808,Bộ Xi Đánh Giày Cao Cấp Kèm Phụ Kiện Tiện Dụng,111000.0,111000.0,0.0,0.0,0,177515,,https://tiki.vnbo-xi-danh-giay-cao-cap-kem-phu-kien-tien-dung-p253662808.html?spid=278678133,xi đánh giày cao cấp
217759546,Dép Nam Quai Ngang Da Bò Thật TiTi ĐÔ Cao Cấp DN249d,268000.0,268000.0,0.0,0.0,0,323804,,https://tiki.vndep-nam-quai-ngang-da-bo-that-ha-nam-cao-cap-dn249d-p217759546.html?spid=217759573,dép nam quai ngang da bò
194187382,giày sandal da răn cao cấp 7cm mang được 2 kiểu ( free shipping - bảo hành 1 năm),300000.0,300000.0,0.0,0.0,0,300310,,https://tiki.vngiay-sandal-da-ran-cao-cap-7cm-mang-duoc-2-kieu-free-shipping-bao-hanh-1-nam-p194187382.html?spid=194187420,giày sandal da răn cao cấp
192880343,Máy sấy và khử trùng giày Sothing LOOP có thể kéo dài dùng cho cả nam và nữ,289000.0,289000.0,0.0,0.0,0,81570,,https://tiki.vnmay-say-va-khu-trung-giay-sothing-loop-co-the-keo-dai-dung-cho-ca-nam-va-nu-p192880343.html?spid=192880347,máy sấy khử trùng giày
179545543,Giày lười nam da bò thật 100% DONAVY thiết kế 02 tam giác bắt mắt thời trang DOGLTG,439000.0,700000.0,261000.0,0.0,0,154317,,https://tiki.vngiay-luoi-nam-da-bo-that-100-donavy-thiet-ke-02-tam-giac-bat-mat-thoi-trang-dogltg-p179545543.html?spid=179545545,giày lười nam da bò
179533003,DÉP QUAI NGANG NAM DA BÒ DONAVY CAO CẤP MAY FULL QUAI VÀ ĐẾ RẤT CHẮC CHẮN BAO ĐI MƯA DTOMY,379000.0,600000.0,221000.0,0.0,0,154317,,https://tiki.vndep-quai-ngang-nam-da-bo-donavy-cao-cap-may-full-quai-va-de-rat-chac-chan-bao-di-mua-dtomy-p179533003.html?spid=179533017,dép quai ngang nam
165789197,"Túi đựng giày đá banh, túi thể thao chống nước cực chất TN BAGS TN.B 9002",229000.0,268000.0,39000.0,0.0,0,265325,,https://tiki.vntui-dung-giay-da-banh-chong-nuoc-tn-bags-tn-b-9002-tui-the-thao-2-ngan-p165789197.html?spid=165789198,túi đựng giày đá
153520013,"Dép chiếu đi trong nhà Hương Quế DCQ-53 thích hợp mang trong nhà, trong văn phòng",68000.0,68000.0,0.0,0.0,0,61212,,https://tiki.vndep-chieu-di-trong-nha-huong-que-dcq-53-thich-hop-mang-trong-nha-trong-van-phong-p153520013.html?spid=153520021,dép chiếu đi nhà
146396717,Giày Sapo Bít Mũi Nam Da Bò Cao Cấp SUNPOLO SPO001 (Đen),820000.0,820000.0,0.0,5.0,3,1827,,https://tiki.vngiay-sapo-bit-mui-nam-da-bo-cao-cap-sunpolo-spo001-den-p146396717.html?spid=146396723,giày sapo bít mũi
141466112,BigSale/ Bộ dụng cụ đánh giày 7 món kèm si /LH online,92000.0,92000.0,0.0,0.0,0,177515,,https://tiki.vnbigsale-bo-dung-cu-danh-giay-7-mon-kem-si-lh-online-p141466112.html?spid=278678132,bigsale dụng cụ đánh giày
135228357,"Dép nam da bò thiết kế Ô VUÔNG tạo điểm nhấn đẹp mắt cho người mang, đế siêu nhẹ đặc biệt được may full đế bao chắc chắn",379000.0,600000.0,221000.0,0.0,0,154317,,https://tiki.vndep-nam-da-bo-thiet-ke-o-vuong-tao-diem-nhan-dep-mat-cho-nguoi-mang-de-sieu-nhe-dac-biet-duoc-may-full-de-bao-chac-chan-p135228357.html?spid=135228375,dép nam da bò thiết kế
127282363,Dép Quai Ngang Nam Da Bò SUNPOLO AQN012 (Đen),730000.0,730000.0,0.0,0.0,0,1827,,https://tiki.vndep-quai-ngang-nam-da-bo-sunpolo-aqn012-den-p127282363.html?spid=127282373,dép quai ngang nam
126303957,Đón gót giày gỗ muồng VIP - hàng xuất khẩu - được sơn mài cầm chắc tay - Đón giày mọi tư thế cho Nam & Nữ,89000.0,89000.0,0.0,4.8,6,253372,,https://tiki.vndon-got-giay-go-muong-vip-hang-xuat-khau-duoc-son-mai-cam-chac-tay-don-giay-moi-tu-the-cho-nam-nu-p126303957.html?spid=162815878,đón gót giày gỗ
120048699,Giày tây nam Huy Hoàng cột dây màu xanh đậm HT7505,699500.0,1399000.0,699500.0,0.0,0,1867,,https://tiki.vnhp7505-giay-tay-nam-huy-hoang-cot-day-mau-xanh-dam-p120048699.html?spid=120048730,giày tây nam huy hoàng cột
120048636,Giày tây nam Huy Hoàng cột dây  màu vàng bò HT7503,699500.0,1399000.0,699500.0,0.0,0,1867,,https://tiki.vnhp7503-giay-tay-nam-huy-hoang-cot-day-mau-vang-bo-p120048636.html?spid=120048653,giày tây nam huy hoàng cột
108808609,Xi đánh và làm bóng giày màu nâu NHẬT BẢN,47300.0,47300.0,0.0,1.0,1,55404,,https://tiki.vnxi-danh-va-lam-bong-giay-mau-nau-nhat-ban-p108808609.html?spid=109034230,xi đánh làm bóng
107157675,Dép Nam Sức Khoẻ Spenco Yumi Leather Dark - Dép kẹp nam giảm đau chân,2295000.0,2295000.0,0.0,0.0,0,302,,https://tiki.vndep-nam-suc-khoe-spenco-yumi-leather-dark-dep-kep-nam-giam-dau-chan-p107157675.html?spid=107157688,dép nam sức khỏe
88917307,Giày Converse Chuck Taylor 1970s ​Archive Paint Splatter 170804C,1900000.0,1900000.0,0.0,4.7,3,32929,,https://tiki.vngiay-converse-chuck-taylor-1970s-archive-paint-splatter-170804c-p88917307.html?spid=88917311,giày converse chuck taylor
75430096,"DÉP QUAI NGANG NAM DA BÒ 100%, QUAI DA BÒ NAPPA CAO CÁP, ĐẾ CAO SU VÀNG ĐI MASSAGE CHÂN CỰC KỲ ÊM",279000.0,370000.0,91000.0,0.0,0,154317,,https://tiki.vndep-quai-ngang-nam-da-bo-100-quai-da-bo-nappa-cao-cap-de-cao-su-vang-di-massage-chan-cuc-ky-em-p75430096.html?spid=75430120,dép quai ngang nam
68564181,Xịt bóng bảo dưỡng giày dép túi ví da đa năng Hando 300ml cao cấp,69000.0,69000.0,0.0,4.8,4,4534,,https://tiki.vnxit-bong-bao-duong-giay-dep-tui-vi-da-da-nang-hando-300ml-cao-cap-p68564181.html?spid=68564182,xịt bóng bảo dưỡng giày dép
58878773,Giày Converse Run Star Hike Twisted Classic Foundational 166800C,2500000.0,2500000.0,0.0,0.0,0,32929,,https://tiki.vngiay-converse-run-star-hike-twisted-classic-foundational-166800v-p58878773.html?spid=262793361,giày converse run star
41077713,Lót giày vải cotton viền đen Hương Quế CI-13 làm từ vải cotton - bột quế giúp hút ẩm - khử mùi - phòng cảm cúm và cải thiện sức khoẻ,25000.0,25000.0,0.0,4.8,36,61212,,https://tiki.vnlot-giay-vai-cotton-vien-den-huong-que-ci-13-lam-tu-vai-cotton-bot-que-giup-hut-am-khu-mui-phong-cam-cum-va-cai-thien-suc-khoe-p41077713.html?spid=41077723,lót giày vải cotton
7976051,Giày Mọi Nam Da Bò Sunpolo SUMU1732DN,1150000.0,1150000.0,0.0,4.6,15,1827,,https://tiki.vngiay-moi-nam-da-bo-sunpolo-sumu1732dn-p7976051.html?spid=7977979,giày nam da bò sunpolo
2022619,Giày Nam Tăng Chiều Cao Huy Hoàng HT7714 - Đen,699500.0,1399000.0,699500.0,0.0,0,1867,,https://tiki.vngiay-nam-tang-chieu-cao-huy-hoang-ht7714-den-p2022619.html?spid=2025769,giày nam tăng chiều
277745390,Giày Lười Moka Da Thật Made in Italy - Phong Cách Ý Thanh Lịch - Màu đỏ - 1723ROS - Hàng chính hãng,4200000.0,4200000.0,0.0,0.0,0,20163,,https://tiki.vngiay-luoi-moka-da-that-made-in-italy-phong-cach-y-thanh-lich-mau-do-1723ros-hang-chinh-hang-p277745390.html?spid=277745392,giày lười moka da
276844228,Dép Nam Da Bò HA NAM Đế Siêu Nhẹ Khâu Chỉ Toàn Bộ DNA22039 - Màu Nâu,360000.0,360000.0,0.0,0.0,0,323804,,https://tiki.vndep-nam-da-bo-ha-nam-de-sieu-nhe-khau-chi-toan-bo-dna22039-p276844228.html?spid=276844238,dép nam da
276751230,DÉP QUAI NHỊ NAM DA BÒ CAO CẤP VATIS,149000.0,269000.0,120000.0,0.0,0,274160,,https://tiki.vndep-quai-nhi-nam-da-bo-cao-cap-vatis-p276751230.html?spid=276751232,dép quai nhị nam da bò
275958344,Giầy nam da bò cao cấp sang trọng hàng xuất khẩu 20943,1040200.0,1040200.0,0.0,0.0,0,9711,,https://tiki.vngiay-nam-da-bo-cao-cap-sang-trong-hang-xuat-khau-20943-p275958344.html?spid=275958380,giầy nam da bò cao cấp
275836390,Giày Tây Nam BIGGBEN Da Bò Thật Cao Cấp GT264,759000.0,800000.0,41000.0,0.0,0,9460,,https://tiki.vngiay-tay-nam-biggben-da-bo-that-cao-cap-gt264-p275836390.html?spid=275836404,giày tây nam biggben da bò
275461909,"Chai Xịt Tạo Bọt Tuyết Làm Sạch Giày Dép SNOKER 300ml Giặt Giày Khô, Làm Sạch",59000.0,59000.0,0.0,0.0,0,235631,,https://tiki.vnchai-xit-tao-bot-tuyet-lam-sach-giay-dep-snoker-300ml-giat-giay-kho-lam-sach-p275461909.html?spid=275461910,chai xịt tạo bọt tuyết
273550361,"Lót giày cho chân vòm cao Spenco Ground Control High Arch ôm sát vòm chân, hỗ trợ giảm đau cân gan chân, gân achilles",895000.0,895000.0,0.0,0.0,0,302,,https://tiki.vnlot-giay-y-khoa-spenco-ground-control-high-arch-p273550361.html?spid=273550369,lót giày chân vòm
262796074,"Chai vệ sinh đồ da làm sạch, dưỡng ẩm chống mốc, kháng khuẩn giày, túi ví, áo, ghế da 150ml",75000.0,75000.0,0.0,0.0,0,1028,,https://tiki.vnchai-ve-sinh-do-da-lam-sach-duong-am-chong-moc-khang-khuan-giay-tui-vi-ao-ghe-da-150ml-p262796074.html?spid=262796075,chai vệ sinh đồ da
251903002,"Dép bít mũi nam,Sabo nam HÀ NAM da bò thật cao cấp GSB20156",560000.0,560000.0,0.0,0.0,0,93132,,https://tiki.vndep-bit-mui-nam-sabo-nam-ha-nam-da-bo-that-cao-cap-gsb20156-p251903002.html?spid=251903029,dép bít mũi nam
228132240,Dép Nam Quai Ngang HÀ NAM Da Bò Thật Cao Cấp DNA2211,450000.0,450000.0,0.0,0.0,0,93132,,https://tiki.vndep-nam-quai-ngang-da-bo-that-ha-nam-cao-cap-dna2211-p228132240.html?spid=228132343,dép nam quai ngang hà nam
217275323,Dép Nam Quai Ngang TiTi ĐÔ Da Bò Thật Cao Cấp DNA2184,450000.0,450000.0,0.0,0.0,0,323804,,https://tiki.vndep-nam-quai-ngang-da-bo-that-ha-nam-cao-cap-dna2184d-p217275323.html?spid=217275409,dép nam quai ngang titi đô
216935262,Giày Sandal Nam Bít Mũi Da Bò Thật BIGGBEN SD133,369000.0,450000.0,81000.0,0.0,0,9460,,https://tiki.vngiay-sandal-nam-bit-mui-da-bo-that-biggben-sd133-p216935262.html?spid=216935274,giày sandal nam bít
197637329,Giày Tây Nam BIGGBEN Da Bò Thật Cao Cấp GT231,800000.0,800000.0,0.0,0.0,0,9460,,https://tiki.vngiay-tay-nam-biggben-da-bo-that-cao-cap-gt231-p197637329.html?spid=197637341,giày tây nam biggben da bò
195443975,Giày Mọi Nam Da Bò Thật BIGGBEN Cao Cấp GM283,729000.0,800000.0,71000.0,0.0,0,9460,,https://tiki.vngiay-moi-nam-da-bo-that-biggben-cao-cap-gm283-p195443975.html?spid=195443979,giày nam da bò biggben
195443762,Giày Mọi Nam Da Bò Thật BIGGBEN Cao Cấp GM281,699000.0,800000.0,101000.0,0.0,0,9460,,https://tiki.vngiay-moi-nam-da-bo-that-biggben-cao-cap-gm281-p195443762.html?spid=195443768,giày nam da bò biggben
195238787,Dép Domba Oliver Màu Đen (OLIVER (BLACK) F-7015 Phong Cách Trẻ Trung Nam Nữ,1220000.0,1220000.0,0.0,0.0,0,21110,,https://tiki.vndep-domba-oliver-mau-den-oliver-black-f-7015-phong-cach-tre-trung-nam-nu-p195238787.html?spid=274284916,dép domba oliver màu
189643119,Giày mọi nam da bò SUNPOLO CS5074 Có 2 phiên bản màu,920000.0,920000.0,0.0,0.0,0,1827,,https://tiki.vngiay-moi-nam-da-bo-sunpolo-cs5074-co-2-phien-ban-mau-p189643119.html?spid=189643129,giày nam da bò sunpolo
113205208,Dép Nam Xỏ Ngón HÀ NAM Da Bò Thật Cao Cấp DNA2092,384200.0,384200.0,0.0,0.0,0,93132,,https://tiki.vndep-xo-ngon-nam-dep-kep-nam-da-bo-that-dna2092-p113205208.html?spid=113205214,dép nam xỏ ngón
108245011,Dép Bít Mũi Nam Da Bò BIGGBEN Cao Cấp SB105,370000.0,370000.0,0.0,0.0,0,9460,,https://tiki.vndep-bit-mui-nam-da-bo-biggben-cao-cap-sb105-p108245011.html?spid=108245023,dép bít mũi nam
100202270,Giày Lười Nam Da Bò Cao Cấp Trường Hải GM290 Đục Lỗ Thoáng Khí Màu Vàng  Đế Cao Su Êm Ái May Viền Chắc Chắn Tỉ Mỉ,449000.0,449000.0,0.0,0.0,0,11395,,https://tiki.vngiay-luoi-nam-da-bo-cao-cap-truong-hai-gm290-duc-lo-thoang-khi-mau-vang-de-cao-su-em-ai-may-vien-chac-chan-ti-mi-p100202270.html?spid=100202273,giày lười nam da bò
92502269,Giày Mọi Nam Da Bò Thật HÀ NAM Cao Cấp GM222,650000.0,650000.0,0.0,0.0,0,93132,,https://tiki.vngiay-moi-nam-da-bo-that-cao-cap-de-cao-su-gma2222-p92502269.html?spid=92502279,giày nam da bò hà nam
89146290,Giày sang đan nam HÀ NAM da bò thật cao cấp DAN2067,398000.0,398000.0,0.0,5.0,1,93132,,https://tiki.vngiay-sang-dan-nam-da-bo-that-de-cao-su-dan2067-p89146290.html?spid=89146292,giày sang đan nam
71361637,Giày mọi nam da bò thật HÀ NAM cao cấp GM2037,590000.0,590000.0,0.0,0.0,0,93132,,https://tiki.vngiay-moi-nam-da-bo-that-de-cao-su-cao-cap-gm2037-p71361637.html?spid=71361639,giày nam da bò hà nam
66547436,Giày Doctor Nam Da Bò Thật BIGGBEN Cao Cấp GM241,650000.0,650000.0,0.0,0.0,0,9460,,https://tiki.vngiay-doctor-nam-da-bo-that-biggben-cao-cap-gm241-p66547436.html?spid=66547450,giày doctor nam da bò
64347397,Dép Nam Quai Ngang Da Bò Thật HÀ NAM Cao Cấp DN271,356700.0,356700.0,0.0,0.0,0,93132,,https://tiki.vndep-nam-quai-ngang-da-bo-that-cao-cap-dn271-p64347397.html?spid=64347404,dép nam quai ngang da bò
59201621,Giày Tây Nam Da Bò BIGGBEN Cao Cấp GT193,749000.0,800000.0,51000.0,0.0,0,9460,,https://tiki.vngiay-tay-nam-da-bo-biggben-cao-cap-gt193-p59201621.html?spid=59201629,giày tây nam da bò biggben
55107216,Giày Tây Nam Da Bò BIGGBEN Cao Cấp GT172,730000.0,730000.0,0.0,4.3,4,9460,,https://tiki.vngiay-tay-nam-da-bo-biggben-cao-cap-gt172-p55107216.html?spid=55107218,giày tây nam da bò biggben
55090038,Giày Tây Nam Da Bò BIGGBEN Cao Cấp GT168,549000.0,549000.0,0.0,0.0,0,9460,,https://tiki.vngiay-tay-nam-da-bo-biggben-cao-cap-gt168-p55090038.html?spid=55090054,giày tây nam da bò biggben
55089567,Giày Tây Nam Da Bò BIGGBEN Cao Cấp GT167,700000.0,700000.0,0.0,5.0,1,9460,,https://tiki.vngiay-tay-nam-da-bo-biggben-cao-cap-gt167-p55089567.html?spid=55089573,giày tây nam da bò biggben
48294299,Giày Mọi Nam Da Bò BIGGBEN GM213,700000.0,700000.0,0.0,5.0,1,9460,,https://tiki.vngiay-moi-nam-da-bo-biggben-gm213-p48294299.html?spid=48294320,giày nam da bò biggben
48290882,Giày Tây Nam Da Bò BIGGBEN Cao Cấp GT164,600000.0,600000.0,0.0,0.0,0,9460,,https://tiki.vngiay-tay-nam-da-bo-biggben-cao-cap-gt164-p48290882.html?spid=48290888,giày tây nam da bò biggben
36769009,GIÀY DOLO MEN XGD02,1790000.0,1790000.0,0.0,0.0,0,17989,,https://tiki.vngiay-dolo-men-xgd02-p36769009.html?spid=36769023,giày dolo men
23232022,Giày Tây Nam Tăng Chiều Cao BiGGBEN Da Bò Thật GT136,690000.0,690000.0,0.0,0.0,0,9460,,https://tiki.vngiay-tay-nam-tang-chieu-cao-biggben-da-bo-that-gt136-p23232022.html?spid=23232030,giày tây nam tăng chiều
10039949,Giày Tây Nam BIGGBEN Da Bò Thật GT91,600000.0,600000.0,0.0,0.0,0,9460,,https://tiki.vngiay-tay-nam-biggben-da-bo-that-gt91-p10039949.html?spid=10039961,giày tây nam biggben da bò
7992105,Dép Nam BIGGBEN May Đế Da Bò Thật DN120,450000.0,450000.0,0.0,0.0,0,9460,,https://tiki.vndep-nam-biggben-may-de-da-bo-that-dn120-p7992105.html?spid=7992111,dép nam biggben may đế
7976103,Giày Mọi Nam Da Bò Sunpolo SU007DN,1300000.0,1300000.0,0.0,4.7,15,1827,,https://tiki.vngiay-moi-nam-da-bo-sunpolo-su007dn-p7976103.html?spid=7978000,giày nam da bò sunpolo
2597551,Dép Nam Quai Ngang Da Bò SUNPOLO SUD28,520000.0,520000.0,0.0,0.0,0,1827,,https://tiki.vndep-nam-quai-ngang-da-bo-sunpolo-sud28-p2597551.html?spid=2665541,dép nam quai ngang da
2597495,Dép Nam Quai Ngang Da Bò SUNPOLO SUD19N - Nâu (Size,480000.0,480000.0,0.0,0.0,0,1827,,https://tiki.vndep-nam-quai-ngang-da-bo-sunpolo-sud19n-nau-p2597495.html?spid=2665497,dép nam quai ngang da
2556959,Dép Sabo Nam Da Bò SUNPOLO SUSB004N - Nâu (Size,590000.0,590000.0,0.0,5.0,7,1827,,https://tiki.vndep-sabo-nam-da-bo-sunpolo-susb004n-nau-p2556959.html?spid=2614829,dép sabo nam da bò
2023523,Giày Nam Thể Thao Cột Dây Huy Hoàng HT7746 - Xanh Dương,769000.0,769000.0,0.0,0.0,0,1867,,https://tiki.vngiay-nam-the-thao-cot-day-huy-hoang-ht7746-xanh-duong-p2023523.html?spid=2025051,giày nam thể thao cột
278600368,Giày Tây Nam BIGGBEN Da Bò Thật Cao Cấp GT271,699000.0,1000000.0,301000.0,0.0,0,9460,,https://tiki.vngiay-tay-nam-biggben-da-bo-that-cao-cap-gt271-p278600368.html?spid=278600372,giày tây nam biggben da bò
278579323,Dép Nam Quai Ngang  Da Bò BIGGBEN DN359,319000.0,450000.0,131000.0,0.0,0,9460,,https://tiki.vndep-nam-quai-ngang-da-bo-biggben-dn358-p278579323.html?spid=278579396,dép nam quai ngang da
278398608,COMBO 2 Túi Đựng Giày Dép Dây Rút Tiện Dụng Bỏ Vali Du Lịch,60000.0,60000.0,0.0,0.0,0,353491,,https://tiki.vncombo-2-tui-dung-giay-dep-day-rut-tien-dung-bo-vali-du-lich-p278398608.html?spid=278398609,combo túi đựng giày dép
278380633,DÉP SANDAL NAM BITI'S  (size 38-43),495000.0,495000.0,0.0,4.0,1,174218,,https://tiki.vndep-sandal-nam-biti-s-size-38-43-p278380633.html?spid=278380651,dép sandal nam biti
277582471,Dép nam xỏ ngón BHD1191 Thoải mái và êm chân,300000.0,300000.0,0.0,0.0,0,8035,,https://tiki.vndep-nam-xo-ngon-bhd1191-p277582471.html?spid=277582483,dép nam xỏ ngón
277386740,Máy Sấy Giày TS8830- Hàng chính hãng,1899000.0,1899000.0,0.0,0.0,0,99996,,https://tiki.vnmay-say-giay-ts8830-hang-chinh-hang-p277386740.html?spid=277386741,máy sấy giày ts8830
277383149,"Xi tạo bóng Instant Shine, chuyên để tạo bóng cho đồ da thật, giả da, gỗ, nhựa và các bề mặt khác",70000.0,70000.0,0.0,0.0,0,42362,,https://tiki.vnxi-tao-bong-instant-shine-chuyen-de-tao-bong-cho-do-da-that-gia-da-go-nhua-va-cac-be-mat-khac-p277383149.html?spid=277383153,xi tạo bóng instant
277382680,Giày Tây Nam Không Dây Thanh Lịch ( Xả Kho ) - Da Mềm Đế Cao Su Mã D08-PVC Shoes,450000.0,450000.0,0.0,0.0,0,20142,,https://tiki.vngiay-tay-nam-khong-day-thanh-lich-xa-kho-da-mem-de-cao-su-ma-d08-pvc-shoes-p277382680.html?spid=277382686,giày tây nam dây thanh lịch
273872796,Giày Sandal Nam Nữ Unisex The BiLy Quai Ngang Dây Dù Đế IP Siêu Êm Nhẹ Đế Trắng Màu Xám-BLDT09,349000.0,349000.0,0.0,0.0,0,196712,,https://tiki.vngiay-sandal-nam-nu-unisex-the-bily-quai-ngang-day-du-de-ip-sieu-em-nhe-de-trang-mau-xam-bldt09-p273872796.html?spid=273872808,giày sandal nam nữ unisex
273666902,Giày Tây Nam BIGGBEN Da Bò Thật Cao Cấp GT257,749000.0,800000.0,51000.0,0.0,0,9460,,https://tiki.vngiay-tay-nam-biggben-da-bo-that-cao-cap-gt257-p273666902.html?spid=273666936,giày tây nam biggben da bò
273638576,Dép Biti's  quai ngang có quai Sandal tiện dụng,360000.0,360000.0,0.0,4.0,1,174218,,https://tiki.vndep-biti-s-quai-ngang-co-quai-sandal-tien-dung-p273638576.html?spid=273638578,dép biti s quai ngang
272443553,"Giày nam công sở không dây Trường Hài mũi nhọn 2 màu đen,nâu GT338Đ",679000.0,679000.0,0.0,0.0,0,11395,,https://tiki.vngiay-nam-cong-so-khong-day-truong-hai-mui-nhon-2-mau-den-nau-gt338d-p272443553.html?spid=272443569,giày nam công sở dây trường
272103944,Cục Tẩy Vết Bẩn Crep Protect - Hàng Chính Hãng,190000.0,190000.0,0.0,0.0,0,9652,,https://tiki.vncuc-tay-vet-ban-crep-protect-eraser-tach-set-hang-chinh-hang-p272103944.html?spid=272103945,tẩy vết bẩn crep
271200498,Dép nam da cá sấu nam xịn KEEDO KD1908,850000.0,850000.0,0.0,0.0,0,183745,,https://tiki.vndep-nam-da-ca-sau-nam-xin-keedo-kd1908-p271200498.html?spid=271200520,dép nam da cá sấu
270215338,Giày Mọi Nam Da Bò Thật BIGGBEN Cao Cấp GM292,749000.0,850000.0,101000.0,0.0,0,9460,,https://tiki.vngiay-moi-nam-da-bo-that-biggben-cao-cap-gm292-p270215338.html?spid=270215365,giày nam da bò biggben
254091984,Dép da nam chữ H cao cấp quai ngang da thật KEEDO HM07,460000.0,460000.0,0.0,0.0,0,183745,,https://tiki.vndep-da-nam-chu-h-cao-cap-quai-ngang-da-that-keedo-hm07-p254091984.html?spid=254091988,dép da nam chữ
248091253,Dép nam quai ngang đế cao 2.5cm da bò Trường Hải phối màu bản chũ H DN135N,349000.0,349000.0,0.0,0.0,0,11395,,https://tiki.vndep-nam-quai-ngang-de-cao-2-5cm-da-bo-truong-hai-phoi-mau-ban-chu-h-dn135n-p248091253.html?spid=248091261,dép nam quai ngang đế cao
244332566,Giày Sục Nam Bảo Hân Da Bò Mã GS-04,810000.0,810000.0,0.0,0.0,0,20142,,https://tiki.vngiay-suc-nam-bao-han-da-bo-ma-gs-04-p244332566.html?spid=244332570,giày sục nam bảo hân
216935728,Giày Mọi Nam Da Bò Đế âm Thật BIGGBEN Cao Cấp GM286,679000.0,800000.0,121000.0,5.0,1,9460,,https://tiki.vngiay-moi-nam-da-bo-de-am-that-biggben-cao-cap-gm286-p216935728.html?spid=216935732,giày nam da bò đế âm
205257892,Giày mọi da Biti's nam,800000.0,800000.0,0.0,0.0,0,174218,,https://tiki.vngiay-moi-da-biti-s-nam-p205257892.html?spid=205257908,giày da biti s
202875362, Thương hiệu: THE BILY Giày Sandal Nam The Bily Quai Chéo - Đế Trắng Lót Trắng Màu Vàng BLDTMT01,339000.0,339000.0,0.0,0.0,0,196712,,https://tiki.vnthuong-hieu-the-bily-giay-sandal-nam-the-bily-quai-cheo-de-trang-lot-trang-mau-vang-bldtmt01-p202875362.html?spid=202875372,thương hiệu the bily giày
197169914,Giày Sandal Nam The Bily Quai Chéo Đôi - Đế Trắng Lót Đen Màu Xám Thổ Cẩm BLDTMD02,329000.0,329000.0,0.0,0.0,0,196712,,https://tiki.vngiay-sandal-nam-the-bily-quai-cheo-doi-de-trang-lot-den-mau-xam-tho-cam-bldtmd02-p197169914.html?spid=197169922,giày sandal nam the
194067155,Sandal xốp Bitis nam mẫu 2022,295000.0,295000.0,0.0,5.0,1,174218,,https://tiki.vnsandal-xop-bitis-nam-mau-2022-p194067155.html?spid=194067161,sandal xốp bitis nam
186434946,Túi than hoạt tính khử mùi giày - 100% từ gáo dừa Bến Tre (Hộp 2 túi) - Hapaku,119000.0,119000.0,0.0,4.8,15,31159,,https://tiki.vntui-than-hoat-tinh-khu-mui-giay-100-tu-gao-dua-ben-tre-hop-2-tui-hapaku-p186434946.html?spid=29882855,túi than hoạt tính khử
180381394,Giày Lười Moca Nam Đen Da Bò Bảo Hành 1 Năm Mã GL-005,650000.0,650000.0,0.0,0.0,0,20142,,https://tiki.vngiay-luoi-moca-nam-den-da-bo-bao-hanh-1-nam-ma-gl-005-p180381394.html?spid=180381396,giày lười moca nam
176008376,Dép Nam Hai Quai Cao Cấp KEEDO KD7726 Full Box,290000.0,290000.0,0.0,4.3,3,183745,,https://tiki.vndep-nam-hai-quai-cao-cap-keedo-kd7726-full-box-p176008376.html?spid=176008380,dép nam quai cao cấp
175885112,GIÀY LƯỜI DA BÒ NAM CAO CẤP VATIS VA2028,329000.0,329000.0,0.0,4.0,1,299613,,https://tiki.vngiay-luoi-da-bo-nam-cao-cap-vatis-va2028-p175885112.html?spid=198540295,giày lười da bò nam
163028276,"Giày Da Nam, Giày Tây Công Sở Nam Da Bò SUNPOLO SPH310 (Đen, Nâu)",840000.0,840000.0,0.0,0.0,0,1827,,https://tiki.vngiay-da-nam-giay-tay-cong-so-nam-da-bo-sunpolo-sph310-den-nau-p163028276.html?spid=163028292,giày da nam giày tây
162053191,Dép nam hai quai ngang KEEDO-KD7722 mẫu mới cao cấp full hộp,290000.0,290000.0,0.0,4.0,1,183745,,https://tiki.vndep-nam-hai-quai-ngang-keedo-kd7722-mau-moi-p162053191.html?spid=162053193,dép nam quai ngang
127283531,"Dép Nam, Dép Quai Ngang Da Bò SUNPOLO AQN013 Mềm mại (Nâu)",730000.0,730000.0,0.0,3.0,1,1827,,https://tiki.vndep-nam-dep-quai-ngang-da-bo-sunpolo-aqn013-mem-mai-nau-p127283531.html?spid=127283541,dép nam dép quai ngang
111092835,"Bàn chải đánh giày Yuppies nhập khẩu Malaysia; thân gỗ nhẹ, lông mềm; không mọt gỗ, không rụng lông",39700.0,39700.0,0.0,5.0,4,42362,,https://tiki.vnban-chai-danh-giay-yuppies-nhap-khau-malaysia-than-go-nhe-long-mem-khong-mot-go-khong-rung-long-p111092835.html?spid=111092841,bàn chải đánh giày yuppies
63158135,Dép Nam Da Bò May Đế BIGGBEN Cao Cấp DN257,450000.0,450000.0,0.0,5.0,1,9460,,https://tiki.vndep-nam-da-bo-may-de-biggben-cao-cap-dn257-p63158135.html?spid=63158137,dép nam da bò may đế
48319162,Dép Nam Da Bò BIGGBEN Cao Cấp DN224,349000.0,400000.0,51000.0,4.8,14,9460,,https://tiki.vndep-nam-da-bo-biggben-cao-cap-dn224-p48319162.html?spid=48319164,dép nam da bò biggben
35792499,Giày tây nam Trường Hải da bò cao cấp nâu cao 4cm đế cao su GT0201,525000.0,525000.0,0.0,5.0,1,11395,,https://tiki.vngiay-tay-nam-truong-hai-da-bo-cao-cap-nau-cao-4cm-de-cao-su-gt447-p35792499.html?spid=35792509,giày tây nam trường hải da
13987917,Giày Tây Nam Da Bò Thật GT104,600000.0,600000.0,0.0,0.0,0,9460,,https://tiki.vngiay-tay-nam-da-bo-that-gt104-p13987917.html?spid=13987929,giày tây nam da bò
7412129,Viên Hút Ẩm Khử Mùi Giày Dép Crep Protect Pill (170g),320000.0,320000.0,0.0,4.5,26,9652,,https://tiki.vnvien-hut-am-khu-mui-giay-dep-crep-protect-pill-170g-p7412129.html?spid=27887826,hút ẩm khử mùi giày dép
6278021,Dép Sục Nam BIGGBEN Da Bò Thật Cao Cấp SB18,479000.0,500000.0,21000.0,4.5,4,9460,,https://tiki.vndep-sabo-nam-biggben-da-bo-that-cao-cap-sb18-p6278021.html?spid=6278045,dép sục nam biggben
6277121,Dép Nam Bít Mũi  BIGGBEN Da Bò Thật DN49,389000.0,450000.0,61000.0,5.0,1,9460,,https://tiki.vndep-nam-bit-mui-biggben-da-bo-that-dn49-p6277121.html?spid=6277141,dép nam bít mũi
2023929,Giày Mọi Nam Cột Dây Huy Hoàng HT7775 - Xanh Đen,909000.0,909000.0,0.0,0.0,0,1867,,https://tiki.vngiay-moi-nam-cot-day-huy-hoang-ht7775-xanh-den-p2023929.html?spid=2025621,giày nam cột dây
278844257,GIÀY TÂY NAM CỘT DÂY CAO CẤP PABNO PN18017,790000.0,790000.0,0.0,0.0,0,49994,,https://tiki.vngiay-tay-nam-cot-day-cao-cap-pabno-pn18017-p278844257.html?spid=278844267,giày tây nam cột dây
278521482,Dép Nam Quai Chéo HA NAM Da Bò Thật Cao Cấp DNA22042,350000.0,350000.0,0.0,0.0,0,323804,,https://tiki.vndep-nam-quai-cheo-ha-nam-da-bo-that-cao-cap-dna22042-p278521482.html?spid=278522361,dép nam quai
278124584,Giày Sục Nam HA NAM Da Bò Thật Cao Cấp GSB20171,460000.0,460000.0,0.0,0.0,0,93132,,https://tiki.vngiay-suc-nam-ha-nam-da-bo-that-cao-cap-gsb20171-p278124584.html?spid=278124602,giày sục nam ha
277473964,Giày Mọi Nam Da Thật Cao Cấp PABNO PN21031 - Đen/Nâu,795000.0,795000.0,0.0,0.0,0,49994,,https://tiki.vngiay-moi-nam-pabno-pn21031-p277473964.html?spid=277473980,giày nam da cao cấp
277356549,DÉP NAM  DA BÒ CAO CẤP VATIS V1,119000.0,219000.0,100000.0,0.0,0,274160,,https://tiki.vndep-nam-da-bo-cao-cap-vatis-v1-p277356549.html?spid=277356555,dép nam da bò cao cấp
276834465,Giày Sục Nam HA NAM Da Bò Thật Cao Cấp GSB2045,460000.0,460000.0,0.0,0.0,0,93132,,https://tiki.vndep-bit-mui-nam-titi-do-da-bo-that-cao-cap-gsb2045-p276834465.html?spid=276835042,giày sục nam ha
274664297,DÉP QUAI NGANG CHẤT LIỆU DA BÒ VATIS VA2036 | KHÂU ĐẾ | HÀNG CHÍNH HÃNG VATIS,199000.0,299000.0,100000.0,0.0,0,274160,,https://tiki.vndep-quai-ngang-chat-lieu-da-bo-vatis-va2036-khau-de-hang-chinh-hang-vatis-p274664297.html?spid=274664330,dép quai ngang chất liệu
252912786,Gói Khăn Lau Vệ Sinh Giày Nhanh Quick Wipe Sneak3r,25000.0,25000.0,0.0,5.0,1,1028,,https://tiki.vngoi-khan-lau-ve-sinh-giay-nhanh-quick-wipe-sneak3r-p252912786.html?spid=252912788,gói khăn lau vệ sinh
217506687,Dép Nam Quai Ngang Da Bò Thật TiTi ĐÔ Cao Cấp DNA2146,315000.0,315000.0,0.0,0.0,0,323804,,https://tiki.vndep-nam-quai-ngang-da-bo-that-ha-nam-cao-cap-dna2146-p217506687.html?spid=217506732,dép nam quai ngang da bò
217426576,Giày Tây Nam Công Sở Da Bò Thật TiTi ĐÔ Cao Cấp GT2029d,756000.0,756000.0,0.0,0.0,0,323804,,https://tiki.vngiay-tay-nam-cong-so-da-bo-that-ha-nam-cao-cap-gt2029d-p217426576.html?spid=217426584,giày tây nam công sở da bò
217274230,Dép Xỏ Ngón Nam Da Bò Thật TiTi ĐÔ Cao Cấp DNA2160d,420000.0,420000.0,0.0,0.0,0,323804,,https://tiki.vndep-xo-ngon-nam-da-bo-that-ha-nam-cao-cap-dna2160d-p217274230.html?spid=217274237,dép xỏ ngón nam
173124963," DÉP KẸP NAM DA BÒ, QUAI IN NỔI HỘT NHÌN BẮT MẮT - ĐẾ KÉP MANG SIÊU BỀN",319000.0,500000.0,181000.0,0.0,0,154317,,https://tiki.vndep-kep-nam-da-bo-quai-in-noi-hot-nhin-bat-mat-de-kep-mang-sieu-ben-p173124963.html?spid=173124999,dép kẹp nam da
163927668,Dép Nam Quai Ngang Da Bò Cao Cấp SUNPOLO SUA1N - Nâu,730000.0,730000.0,0.0,0.0,0,1827,,https://tiki.vndep-nam-quai-ngang-da-bo-cao-cap-sunpolo-sua1n-nau-p163927668.html?spid=163927676,dép nam quai ngang da bò
154152614,Dép Bít Mũi Nam HÀ NAM Da Bò Thật Cao Cấp GSB20109,512000.0,512000.0,0.0,0.0,0,93132,,https://tiki.vndep-bit-mui-nam-da-bo-that-ha-nam-cao-cap-gsb20109-p154152614.html?spid=154152625,dép bít mũi nam
150722927,"Dép chiếu Hương Quế DCQ-07 thích hợp mang trong nhà, trong văn phòng và bạn đồng hành của du khách khi đến thăm Việt Nam",68000.0,68000.0,0.0,5.0,2,61212,,https://tiki.vndep-chieu-huong-que-dcq-07-thich-hop-mang-trong-nha-trong-van-phong-va-ban-dong-hanh-cua-du-khach-khi-den-tham-viet-nam-p150722927.html?spid=150722929,dép chiếu hương quế dcq
143511463,"HJ7421-22-23-24 - Giày mọi nam da đà điểu Huy Hoàng màu đen, nâu đỏ, vàng, nâu đất",2799500.0,5599000.0,2799500.0,0.0,0,223818,,https://tiki.vnhj7421-22-23-24-giay-moi-nam-da-da-dieu-huy-hoang-mau-den-nau-do-vang-nau-dat-p143511463.html?spid=143511465,hj7421 23 giày nam
140836685,Giày Lười Nam Da Bò SUNPOLO MU2588 (Xanh Navy),990000.0,990000.0,0.0,0.0,0,1827,,https://tiki.vngiay-luoi-nam-da-bo-sunpolo-mu2588-xanh-navy-p140836685.html?spid=140836689,giày lười nam da bò
136872326,/Xi Đánh giầy/BỘ XI ĐÁNH GIÀY 7 MÓN TIỆN LỢI,101000.0,101000.0,0.0,0.0,0,177515,,https://tiki.vnxi-da-nh-gia-y-bo-xi-danh-giay-7-mon-tien-loi-p136872326.html?spid=278678124,xi đa nh giâ y bộ
130784814,Giày Mọi Nam Đế Âm HÀ NAM Da Bò Thật Cao Cấp GM2070,692000.0,692000.0,0.0,5.0,1,93132,,https://tiki.vngiay-moi-nam-de-am-da-bo-that-cao-cap-gm2070-p130784814.html?spid=130784816,giày nam đế âm hà nam
130782131,Giày Mọi Nam Đế Âm HÀ NAM Da Bò Thật Cao Cấp GM2069,692000.0,692000.0,0.0,5.0,1,93132,,https://tiki.vngiay-moi-nam-de-am-da-bo-that-cao-cap-gm2069-p130782131.html?spid=130782141,giày nam đế âm hà nam
127722268,"Dép Quai Ngang Nam Da Bò SUNPOLO AQN009 Quai bản rộng (Đen, Nâu)",730000.0,730000.0,0.0,5.0,1,1827,,https://tiki.vndep-quai-ngang-nam-da-bo-sunpolo-aqn009-quai-ban-rong-den-nau-p127722268.html?spid=127722284,dép quai ngang nam
120048926,"Giày tăng chiều cao Huy Hoàng màu đen, nâu đất, vàng bò, nâu đỏ HT7551-52-53-54",699500.0,1399000.0,699500.0,0.0,0,1867,,https://tiki.vnhp7551-52-53-54-giay-tang-chieu-cao-huy-hoang-mau-den-nau-dat-vang-bo-nau-do-p120048926.html?spid=120048942,giày tăng chiều cao
120036536,Xi nước đánh bóng Huy Hoàng màu đen HT9129,49500.0,99000.0,49500.0,5.0,2,1867,,https://tiki.vnhh9129-xi-nuoc-danh-bong-huy-hoang-mau-den-p120036536.html?spid=120036537,xi nước đánh bóng
114902435,Dép Nam Quai Ngang HÀ NAM Da Bò Thật Cao Cấp DNA2114,394000.0,394000.0,0.0,0.0,0,93132,,https://tiki.vndep-nam-quai-ngang-da-bo-cao-cap-dna2114-p114902435.html?spid=114902439,dép nam quai ngang hà nam
89154276,Dép nam xỏ ngón HÀ NAM da dò thật cao cấp DXNA2063,350000.0,350000.0,0.0,5.0,2,93132,,https://tiki.vndep-nam-xo-ngon-da-do-that-de-cao-su-dxna2063-p89154276.html?spid=89154286,dép nam xỏ ngón
87452189,Giày Converse Chuck Taylor 1970s ​Archive Paint Splatter 170801C,2000000.0,2000000.0,0.0,0.0,0,32929,,https://tiki.vngiay-converse-chuck-taylor-1970s-archive-paint-splatter-170801c-p87452189.html?spid=87452199,giày converse chuck taylor
57743141,Giày Đốc Tờ Nam Cổ Ngắn Da Bò Thật DT2021  Cao Cấp,586900.0,586900.0,0.0,0.0,0,93132,,https://tiki.vngiay-doc-to-nam-co-ngan-da-bo-that-dt2021-cao-cap-p57743141.html?spid=57743147,giày đốc nam cổ ngắn da bò
55138123,Giày Tây Nam Da Bò BIGGBEN Cao Cấp GT177,700000.0,700000.0,0.0,0.0,0,9460,,https://tiki.vngiay-tay-nam-da-bo-biggben-cao-cap-gt177-p55138123.html?spid=55138125,giày tây nam da bò biggben
19414099,Dép Nam BIGGBEN Da Bò Thật Cao Cấp DN164,329000.0,400000.0,71000.0,4.0,3,9460,,https://tiki.vndep-nam-biggben-da-bo-that-cao-cap-dn164-p19414099.html?spid=19414112,dép nam biggben da bò
15296244,Giày Tây Nam BiGGBEN Da Bò Thật GT129,700000.0,700000.0,0.0,5.0,1,9460,,https://tiki.vngiay-tay-nam-biggben-da-bo-that-gt129-p15296244.html?spid=15296250,giày tây nam biggben da bò
13986117,Giày Tây Nam BIGGBEN Da Bò Thật GT103,700000.0,700000.0,0.0,0.0,0,9460,,https://tiki.vngiay-tay-nam-biggben-da-bo-that-gt103-p13986117.html?spid=13986121,giày tây nam biggben da bò
8001408,Giày Mọi Nam BIGGBEN Da Bò Thật Cao Cấp GM114,700000.0,700000.0,0.0,5.0,1,9460,,https://tiki.vngiay-moi-nam-biggben-da-bo-that-cao-cap-gm114-p8001408.html?spid=8001416,giày nam biggben da bò
2556879,Dép nam quai ngang da bò đế cao su DQN020 phiên bản đen,650000.0,650000.0,0.0,5.0,1,1827,,https://tiki.vndep-nam-quai-ngang-da-bo-sunpolo-sud20d-den-p2556879.html?spid=2614751,dép nam quai ngang da
2142561,Giày Sneaker Nam Zapas Classcial GZ018 - Đen (Size,219000.0,219000.0,0.0,0.0,0,657,,https://tiki.vngiay-sneaker-nam-zapas-classcial-gz018-den-p2142561.html?spid=2147943,giày sneaker nam zapas
2022691,Giày Nam Tăng Chiều Cao Cột Dây Huy Hoàng HT7719 - Nâu,699500.0,1399000.0,699500.0,0.0,0,1867,,https://tiki.vngiay-nam-tang-chieu-cao-cot-day-huy-hoang-ht7719-nau-p2022691.html?spid=2025615,giày nam tăng chiều
2001389,Giày Tăng Chiều Cao Huy Hoàng HT7162 - Đen (Size,699500.0,1399000.0,699500.0,0.0,0,1867,,https://tiki.vngiay-tang-chieu-cao-huy-hoang-ht7162-den-p2001389.html?spid=2007629,giày tăng chiều cao
1589703,Giày tây nam da bò đế cao su SUNPOLO SKT116 phiên bản đen,860000.0,860000.0,0.0,4.5,5,1827,,https://tiki.vngiay-tay-nam-da-bo-sunpolo-su116d-den-p1589703.html?spid=1592713,giày tây nam da bò đế
278845852,Tất cổ ngắn dành cho nam Short Socks 25-27cm - Hàng nhập khẩu Nhật Bản,41000.0,41000.0,0.0,0.0,0,19944,,https://tiki.vntat-co-ngan-danh-cho-nam-short-socks-25-27cm-hang-nhap-khau-nhat-ban-p278845852.html?spid=278845853,tất cổ ngắn dành
278133742,Sandal Biti's Hunter (35-39),492000.0,492000.0,0.0,0.0,0,174218,,https://tiki.vnsandal-biti-s-hunter-35-39-p278133742.html?spid=278133746,sandal biti s
278091908,Giày MICHILUX Da Bò Thật Chính Hãng Classic Moccasin CSMS0 Màu Xám,750000.0,750000.0,0.0,0.0,0,362302,,https://tiki.vngiay-michilux-da-bo-that-chinh-hang-classic-moccasin-csms0-mau-xam-p278091908.html?spid=278091918,giày michilux da bò
276590892,"COMBO 2 CUỘN Băng vải quấn bảo vệ ngón chân giảm ma sát, chống chai sần khi mang giày - Giao Màu Ngẫu Nhiên",70000.0,70000.0,0.0,5.0,1,353491,,https://tiki.vncombo-2-cuon-bang-vai-quan-bao-ve-ngon-chan-giam-ma-sat-chong-chai-san-khi-mang-giay-p276590892.html?spid=276590893,combo
276102523,DÉP QUAI NGANG CHẤT LIỆU DA BÒ VATIS VA2044 | KHÂU ĐẾ CHẮC CHẮN,199000.0,329000.0,130000.0,0.0,0,274160,,https://tiki.vndep-quai-ngang-chat-lieu-da-bo-vatis-va2044-khau-de-chac-chan-p276102523.html?spid=276102527,dép quai ngang chất liệu
275958563,Giầy nam da bò cao cấp sang trọng hàng xuất khẩu 20939,1040200.0,1040200.0,0.0,0.0,0,9711,,https://tiki.vngiay-nam-da-bo-cao-cap-sang-trong-hang-xuat-khau-20939-p275958563.html?spid=275958571,giầy nam da bò cao cấp
275361706,Dép Nam Bít Đầu BIGGBEN Da Bò Thật Cao Cấp DN352,349000.0,450000.0,101000.0,0.0,0,9460,,https://tiki.vndep-nam-bit-dau-biggben-da-bo-that-cao-cap-dn352-p275361706.html?spid=275361728,dép nam bít đầu
274523966,Xăng đan nam da bò Trường Hải cao 3.5cm đế pu nhẹ màu nâu XD160N,349000.0,349000.0,0.0,0.0,0,11395,,https://tiki.vnxang-dan-nam-da-bo-truong-hai-cao-3-5cm-de-pu-nhe-mau-nau-xd160n-p274523966.html?spid=274523986,xăng đan nam da
273839418,Giày Sandal Nam Nữ Unisex The BiLy Quai Ngang Dây Dù Đế IP Siêu Êm Nhẹ Màu Xanh Trắng-BL05,349000.0,349000.0,0.0,0.0,0,196712,,https://tiki.vngiay-sandal-nam-nu-unisex-the-bily-quai-ngang-day-du-de-ip-sieu-em-nhe-mau-xanh-trang-bl05-p273839418.html?spid=273839422,giày sandal nam nữ unisex
272435304,Giày tây nam công sở không dây da bò mũi nhọn màu đen trơn Trường Hải đế cao su GT330N,699000.0,699000.0,0.0,0.0,0,11395,,https://tiki.vngiay-tay-nam-cong-so-khong-day-da-bo-mui-nhon-mau-den-tron-truong-hai-de-cao-su-gt330n-p272435304.html?spid=272435308,giày tây nam công sở dây
207563249,Dép Nam BIGGBEN Da Bò Thật Cao Cấp DN324,399000.0,450000.0,51000.0,0.0,0,9460,,https://tiki.vndep-nam-biggben-da-bo-that-cao-cap-dn324-p207563249.html?spid=207563269,dép nam biggben da bò
207563131,Dép Nam BIGGBEN May Viền Da Bò Thật Cao Cấp DN323,389000.0,400000.0,11000.0,0.0,0,9460,,https://tiki.vndep-nam-biggben-may-vien-da-bo-that-cao-cap-dn323-p207563131.html?spid=207563139,dép nam biggben may
198932821, Giày tăng chiều cao da bò nhiều loại nhiều màu HJ7714-15-16-17-19-22-23,699300.0,999000.0,299700.0,0.0,0,223818,,https://tiki.vngiay-tang-chieu-cao-da-bo-nhieu-loai-nhieu-mau-hj7714-15-16-17-19-22-23-p198932821.html?spid=198932839,giày tăng chiều cao
198910613," Dép nam Huy Hoàng da cá sấu quai ngang gai màu đen, nâu đất, vàng bò, nâu đỏ HJ7264-65-66-67",629300.0,899000.0,269700.0,0.0,0,223818,,https://tiki.vndep-nam-huy-hoang-da-ca-sau-quai-ngang-gai-mau-den-nau-dat-vang-bo-nau-do-hj7264-65-66-67-p198910613.html?spid=198910652,dép nam huy hoàng da
174427738,Dép quai ngang Bitis nam,330000.0,330000.0,0.0,5.0,2,174218,,https://tiki.vndep-quai-ngang-bitis-nam-p174427738.html?spid=174427740,dép quai ngang bitis
173636591,Giày Tây Nam Da Bò Thật BIGGBEN Cao Cấp GT222,749000.0,800000.0,51000.0,0.0,0,9460,,https://tiki.vngiay-tay-nam-da-bo-that-biggben-cao-cap-gt222-p173636591.html?spid=173636595,giày tây nam da bò biggben
141245183,Dép bít mũi nam da bò thật BIGGBEN cao cấp SB108,449000.0,600000.0,151000.0,4.8,6,9460,,https://tiki.vndep-bit-mui-nam-da-bo-that-biggben-cao-cap-sb108-p141245183.html?spid=141245213,dép bít mũi nam
75934790,Giày lười nam đẹp  da bò thật  chính hãng Trường Hải GN23 _Giày mọi đẹp da bò thời trang cao cấp,515000.0,515000.0,0.0,0.0,0,11395,,https://tiki.vngiay-luoi-nam-dep-da-bo-that-chinh-hang-truong-hai-gn23-_giay-moi-dep-da-bo-thoi-trang-cao-cap-p75934790.html?spid=75934794,giày lười nam đẹp
72560381,Giày Mọi Nam Da Bò BIGGBEN Cao Cấp GM247,700000.0,700000.0,0.0,0.0,0,9460,,https://tiki.vngiay-moi-nam-da-bo-biggben-cao-cap-gm247-p72560381.html?spid=72560393,giày nam da bò biggben
55063108,Giày Sandal Nam Da Bò BIGGBEN Cao Cấp SD102,339000.0,450000.0,111000.0,4.5,8,9460,,https://tiki.vngiay-sandal-nam-da-bo-biggben-cao-cap-sd102-p55063108.html?spid=55063120,giày sandal nam da bò
48720255,Giày da-Valentino Creations-VAB-289-BK,5590000.0,5590000.0,0.0,0.0,0,46749,,https://tiki.vngiay-da-valentino-creations-vab-289-bk-p48720255.html?spid=48720263,giày da valentino creations
48319992,Dép Nam Da Bò BIGGBEN Cao Cấp DN226,400000.0,400000.0,0.0,4.6,8,9460,,https://tiki.vndep-nam-da-bo-biggben-cao-cap-dn226-p48319992.html?spid=48319996,dép nam da bò biggben
48305785,Giày Mọi Nam Da Bò Thật BIGGBEN GM217,700000.0,700000.0,0.0,5.0,1,9460,,https://tiki.vngiay-moi-nam-da-bo-that-biggben-gm217-p48305785.html?spid=48305793,giày nam da bò biggben
48274928,Giày Tây Nam BIGGBEN Da Bò Thật  GT155,649000.0,700000.0,51000.0,0.0,0,9460,,https://tiki.vngiay-tay-nam-biggben-da-bo-that-gt155-p48274928.html?spid=48274930,giày tây nam biggben da bò
38160273,Giày Boot Nam BIGGBEN Da Bò Thật Cao Cấp BT2,1299000.0,2000000.0,701000.0,4.0,3,9460,,https://tiki.vngiay-boot-nam-biggben-da-bo-that-cao-cap-bt2-p38160273.html?spid=38160281,giày boot nam biggben
37833006,Dép cao su Nam  Nữ 3 quai có hậu bhh,300000.0,300000.0,0.0,4.0,5,53773,,https://tiki.vndep-cao-su-nam-nu-3-quai-co-hau-bhh-p37833006.html?spid=37833020,dép cao su nam nữ quai
37660745,Dép cao su Nam Nữ 4 quai dẹt,300000.0,300000.0,0.0,2.0,1,53773,,https://tiki.vndep-cao-su-nam-nu-4-quai-det-p37660745.html?spid=37660759,dép cao su nam nữ quai
36768955,Giày DOLO MEN XGD01,1790000.0,1790000.0,0.0,0.0,0,17989,,https://tiki.vngiay-dolo-men-xgd01-p36768955.html?spid=36768961,giày dolo men
13979855,Giày Mọi Nam BIGGBEN Da Bò Thật Cao Cấp GM156,699000.0,800000.0,101000.0,4.0,1,9460,,https://tiki.vngiay-moi-nam-biggben-da-bo-that-cao-cap-gm156-p13979855.html?spid=13979863,giày nam biggben da bò
10039714,Giày Mọi Nam BIGGBEN Da Bò Thật Cao Cấp GM145,770000.0,770000.0,0.0,5.0,1,9460,,https://tiki.vngiay-moi-nam-biggben-da-bo-that-gm145-p10039714.html?spid=10039718,giày nam biggben da bò
7349821,Dép Nam Doctor BIGGBEN Da Bò Thật Cao Cấp DN95,389000.0,450000.0,61000.0,4.3,57,9460,,https://tiki.vndep-nam-doctor-biggben-da-bo-that-cao-cap-dn95-p7349821.html?spid=7349841,dép nam doctor biggben
5517433,Sandal Bít Mũi BIGGBEN Da Bò Thật Cao Cấp SD24,500000.0,500000.0,0.0,4.7,3,9460,,https://tiki.vnsandal-bit-mui-biggben-da-bo-that-cao-cap-sd24-p5517433.html?spid=5517449,sandal bít mũi biggben
2021285,Dép Nam Da Cá Sấu Móng Tay Huy Hoàng HT7218 - Xám,1199000.0,1199000.0,0.0,0.0,0,1867,,https://tiki.vndep-nam-da-ca-sau-mong-tay-huy-hoang-ht7218-xam-p2021285.html?spid=2021819,dép nam da cá sấu
1999833,Dép Quai Hậu Nam Huy Hoàng HT7139 - Nude (Size,559000.0,559000.0,0.0,0.0,0,1867,,https://tiki.vndep-quai-hau-nam-huy-hoang-ht7139-nude-p1999833.html?spid=2008027,dép quai hậu nam huy hoàng
1999453,Giày Da Nam Huy Hoàng HT7111 - Nâu (Size,909000.0,909000.0,0.0,0.0,0,1867,,https://tiki.vngiay-da-nam-huy-hoang-ht7111-nau-p1999453.html?spid=2007279,giày da nam huy hoàng ht7111
1999311,Giày Tây Nam Huy Hoàng HT7101 - Đen (Size,909000.0,909000.0,0.0,0.0,0,1867,,https://tiki.vngiay-tay-nam-huy-hoang-ht7101-den-p1999311.html?spid=2007177,giày tây nam huy hoàng ht7101
278843701,"Dép nam quai ngang da cá sấu đế cao 3cm 2 loại móng, trơn 2 màu nâu đen DCS200",850000.0,850000.0,0.0,0.0,0,11395,,https://tiki.vndep-nam-quai-ngang-da-ca-sau-de-cao-3cm-2-loai-mong-tron-2-mau-nau-den-dcs200-p278843701.html?spid=278843715,dép nam quai ngang da
278112049,Túi đựng đồ đa năng Miley Lingerie ,50000.0,50000.0,0.0,0.0,0,8827,,https://tiki.vntui-dung-do-da-nang-miley-lingerie-p278112049.html?spid=278112050,túi đựng đồ đa năng
277587935,Dép nam quai ngang da dập nổi BHD7100 Dép quai hậu nam,350000.0,350000.0,0.0,0.0,0,8035,,https://tiki.vndep-nam-quai-ngang-da-dap-noi-bhd7100-dep-quai-hau-nam-p277587935.html?spid=277587943,dép nam quai ngang da dập
277587721,Dép nam quai ngang đơn giản BHD6651 Dép quai hậu da,350000.0,350000.0,0.0,0.0,0,8035,,https://tiki.vndep-nam-quai-ngang-don-gian-bhd6651-dep-quai-hau-da-p277587721.html?spid=277587735,dép nam quai ngang đơn giản
276838333,"Giày Sandal nam kiểu dáng mới chống trơn, trượt – GSDNA07",440000.0,880000.0,440000.0,0.0,0,975,,https://tiki.vngiay-sandal-nam-kieu-dang-moi-chong-tron-truot-gsdna07-p276838333.html?spid=276838341,giày sandal nam kiểu dáng
276317759,"Bình Xịt Khử Mùi Giày Dép, Mũ Bảo Hiểm Tủ Quần Áo, Chai Xịt Khử Mùi Nano",48600.0,48600.0,0.0,0.0,0,291512,,https://tiki.vnbinh-xit-khu-mui-giay-dep-mu-bao-hiem-tu-quan-ao-chai-xit-khu-mui-nano-p276317759.html?spid=276317760,bình xịt khử mùi
275984515,Dép nam quai chéo mẫu mới thương hiệu KEEDO KD0615 may khâu sẵn hàng chính hãng,290000.0,290000.0,0.0,0.0,0,183745,,https://tiki.vndep-nam-quai-cheo-mau-moi-thuong-hieu-keedo-kd0615-may-khau-san-hang-chinh-hang-p275984515.html?spid=275984519,dép nam quai chéo mẫu thương hiệu
275597698,Sandal Nam Biti's Hunter HEM000900,469000.0,469000.0,0.0,0.0,0,174218,,https://tiki.vnsandal-nam-biti-s-hunter-hem000900-p275597698.html?spid=275597708,sandal nam biti s
273373988,Dép da nam quai ngang cao cấp KEEDO BH01013,380000.0,380000.0,0.0,0.0,0,183745,,https://tiki.vndep-da-nam-quai-ngang-cao-cap-keedo-bh01013-p273373988.html?spid=273373994,dép da nam quai ngang
273307739,Dép da nam quai ngang cao cấp đế massage KEEDO KD0613,360000.0,360000.0,0.0,0.0,0,183745,,https://tiki.vndep-da-nam-quai-ngang-cao-cap-de-massage-keedo-kd0613-p273307739.html?spid=273307749,dép da nam quai ngang
272059975,Khăn lau giày vải Crep Protect - Hàng Chính Hãng ,50000.0,50000.0,0.0,0.0,0,9652,,https://tiki.vnkhan-lau-giay-vai-crep-protect-hang-chinh-hang-p272059975.html?spid=272059976,khăn lau giày vải
271424620,Giày Sandal Nam BIGGBEN Da Bò Thật Cao Cấp SD134,450000.0,450000.0,0.0,5.0,1,9460,,https://tiki.vngiay-sandal-nam-biggben-da-bo-that-cao-cap-sd134-p271424620.html?spid=271424642,giày sandal nam biggben
262983906,Dép nam đế may sẵn quai ngang cao cấp KEEDO KD0606,480000.0,480000.0,0.0,5.0,1,183745,,https://tiki.vndep-nam-de-may-san-quai-ngang-cao-cap-keedo-kd0606-p262983906.html?spid=262983922,dép nam đế may sẵn quai
249026557,Combo 2 Cây xỏ giầy gỗ muồng đen KT 70 CM,279000.0,279000.0,0.0,5.0,4,319448,,https://tiki.vncombo-2-cay-xo-giay-go-muong-den-kt-70-cm-p249026557.html?spid=249026561,combo
200952219,Dép da nam quai ngang may viền đế cao 2cm Trường Hải da bò thật màu nâu DN155,339000.0,339000.0,0.0,0.0,0,11395,,https://tiki.vndep-da-nam-quai-ngang-may-vien-de-cao-2cm-truong-hai-da-bo-that-mau-nau-dn155-p200952219.html?spid=200952229,dép da nam quai ngang
183553849,Dép quai ngang hàng hiệu da bò thật KEEDO KD365,460000.0,460000.0,0.0,0.0,0,183745,,https://tiki.vndep-quai-ngang-hang-hieu-da-bo-that-keedo-kd365-p183553849.html?spid=183553861,dép quai ngang hàng hiệu
179567936,Thanh lý dép quai ngang nam DONAVY  thời trang DOQNOG,119000.0,120000.0,1000.0,0.0,0,154317,,https://tiki.vnthanh-ly-dep-quai-ngang-nam-donavy-thoi-trang-doqnog-p179567936.html?spid=179567960,thanh lý dép quai ngang nam
179497658,"Dép quai ngang nam thời trang,may full quai chắc chắn DONAVYPUMA",219000.0,300000.0,81000.0,4.6,22,154317,,https://tiki.vndep-quai-ngang-nam-puma-thoi-trang-donavypuma-p179497658.html?spid=179497665,dép quai ngang nam
179442080,DÉP QUAI NGANG NAM DA BÒ DONAVY CAO CẤP KIỂU 2 CHỮ L THỜI TRANG DQN2L,299000.0,490000.0,191000.0,0.0,0,154317,,https://tiki.vndep-quai-ngang-nam-da-bo-donavy-cao-cap-kieu-2-chu-l-thoi-trang-dqn2l-p179442080.html?spid=179442084,dép quai ngang nam
179131146,DÉP NAM DA BÒ THẬT 100% DONAVYQNC,199000.0,250000.0,51000.0,4.3,3,154317,,https://tiki.vndep-nam-da-bo-that-100-donavyqnc-p179131146.html?spid=179131172,dép nam da bò
171692785,DÉP QUAI NGANG NAM DA BÒ - QUAI MAY DẤU X ĐƯỜNG THẲNG NỔI BẬT - ĐẾ KÉP CHẮC CHẮN BAO ĐI MƯA,199000.0,250000.0,51000.0,5.0,1,154317,,https://tiki.vndep-quai-ngang-nam-da-bo-quai-may-dau-x-duong-thang-noi-bat-de-kep-chac-chan-bao-di-mua-p171692785.html?spid=171692791,dép quai ngang nam
162372773,BỘ XI ĐÁNH GIÀY 7 MÓN TIỆN LỢI,111000.0,111000.0,0.0,0.0,0,177515,,https://tiki.vnbo-xi-danh-giay-7-mon-tien-loi-p162372773.html?spid=278678125,xi đánh giày món
126155424,Đón gót giày bằng sừng liền khối (DGH904) Cứng chắc/ bền/ bóng đẹp /màu sắc tự nhiên - Cho giày Nam & Nữ ,69000.0,69000.0,0.0,4.8,5,253372,,https://tiki.vndon-got-giay-bang-sung-lien-khoi-dgh904-cung-chac-ben-bong-dep-mau-sac-tu-nhien-cho-giay-nam-nu-p126155424.html?spid=163429395,đón gót giày sừng
120048644,Giày tăng chiều cao Huy Hoàng da bò màu nâu đất Ht7552,699500.0,1399000.0,699500.0,0.0,0,1867,,https://tiki.vnhp7552-giay-tang-chieu-cao-huy-hoang-mau-nau-dat-p120048644.html?spid=120048664,giày tăng chiều cao
80372214,"Giày tây nam, giày tây không buộc dây da thật 100% thời trang PABNO PN18007",820000.0,820000.0,0.0,0.0,0,49994,,https://tiki.vngiay-tay-nam-giay-tay-khong-buoc-day-da-that-100-thoi-trang-pabno-pn18007-p80372214.html?spid=80372228,giày tây nam giày tây buộc
76176096,"Dép quai ngang nam da bò 100%, quai da bò cao cấp 02 lớp da dày, mềm mại, đế cao su đi rất êm chân",319000.0,500000.0,181000.0,4.8,8,154317,,https://tiki.vndep-quai-ngang-nam-da-bo-100-quai-da-bo-cao-cap-02-lop-da-day-mem-mai-de-cao-su-di-rat-em-chan-p76176096.html?spid=76176120,dép quai ngang nam
72006736,Giày mọi nam Trường Hải màu xanh lam bò da bò thật cao cấp không bong tróc đế cao su chống mòn không trơn GMTH098,639000.0,639000.0,0.0,0.0,0,11395,,https://tiki.vngiay-moi-nam-truong-hai-mau-xanh-lam-bo-da-bo-that-cao-cap-khong-bong-troc-de-cao-su-chong-mon-khong-tron-gmth098-p72006736.html?spid=72006746,giày nam trường hải màu
58028021,Giày mọi nam Trường Hải màu vàng bò da bò thật cao cấp không bong tróc đế cao su chống mòn không trơn GMTH095,599000.0,599000.0,0.0,5.0,1,11395,,https://tiki.vngiay-moi-nam-truong-hai-mau-vang-bo-da-bo-that-cao-cap-khong-bong-troc-de-cao-su-chong-mon-khong-tron-gmth095-p58028021.html?spid=58028023,giày nam trường hải màu
55457290,Dép nam bít mũi Trường Hải màu VÀNG da bò thật đế cao su may chắc chắn thời trang cao cấp êm ái BM077,419000.0,419000.0,0.0,0.0,0,11395,,https://tiki.vndep-nam-bit-mui-truong-hai-mau-vang-da-bo-that-de-cao-su-may-chac-chan-thoi-trang-cao-cap-em-ai-bm077-p55457290.html?spid=55457296,dép nam bít mũi
53034145,Dép nam quai ngang TRƯỜNG HẢI  đế âm dép hai quai da bò thật cao cấp mặt đê cao su chống mòn không trơn THQN611,369000.0,369000.0,0.0,5.0,1,11395,,https://tiki.vndep-nam-quai-ngang-truong-hai-de-am-dep-hai-quai-da-bo-that-cao-cap-mat-de-cao-su-chong-mon-khong-tron-thqn611-p53034145.html?spid=53034163,dép nam quai ngang trường
47585533,Dây Giày Dẹt Đầu Bọc Nhựa Màu Xanh và Màu Đen,65000.0,65000.0,0.0,0.0,0,108287,,https://tiki.vnday-giay-det-dau-boc-nhua-mau-xanh-va-mau-den-p47585533.html?spid=72976046,dây giày dẹt đầu
47177099,Combo Hai đón gót giầy gỗ Dài 70cm -Bằng gỗ muồng đen,308000.0,308000.0,0.0,4.3,3,86216,,https://tiki.vncombo-hai-don-got-giay-go-dai-70cm-bang-go-muong-den-p47177099.html?spid=47177100,combo đón gót giầy
44924563,Giày da nam đế doctor  Trường Hải da bò cao cấp GN0589,600000.0,600000.0,0.0,5.0,2,11395,,https://tiki.vngiay-doctor-nam-truong-hai-da-bo-cao-cap-gn0589-p44924563.html?spid=44924569,giày da nam đế doctor
26338803,Lót giày vải cotton CI04,25000.0,25000.0,0.0,0.0,0,61212,,https://tiki.vnlot-giay-vai-cotton-ci04-p26338803.html?spid=26338807,lót giày vải cotton
21758841,Bàn Chải Đánh Bóng Giày Da,65000.0,65000.0,0.0,4.0,6,108287,,https://tiki.vnban-chai-danh-bong-giay-da-p21758841.html?spid=74449114,bàn chải đánh bóng giày
20817728,Dép cao su 3 quai chéo,295000.0,295000.0,0.0,4.5,11,53773,,https://tiki.vndep-cao-su-3-quai-cheo-p20817728.html?spid=20817738,dép cao su
2022161,Giày Tây Nam Viền Chỉ Huy Hoàng HT7705 - Nâu,454500.0,909000.0,454500.0,5.0,1,1867,,https://tiki.vngiay-tay-nam-vien-chi-huy-hoang-ht7705-nau-p2022161.html?spid=2025887,giày tây nam viền chỉ huy
1589759,Giày Tây Nam Da Bò SUNPOLO SU3020D - Đen,890000.0,890000.0,0.0,5.0,2,1827,,https://tiki.vngiay-tay-nam-da-bo-sunpolo-su3020d-den-p1589759.html?spid=1592703,giày tây nam da bò sunpolo
278521797,Dép Nam Quai Ngang HA NAM Da Bò Thật Cao Cấp DNA22044,350000.0,350000.0,0.0,0.0,0,93132,,https://tiki.vndep-nam-quai-ngang-ha-nam-da-bo-that-cao-cap-dna22044-p278521797.html?spid=278521809,dép nam quai ngang ha
276843874,Dép Nam Da Bò HA NAM Đế Siêu Nhẹ Khâu Chỉ Toàn Bộ DNA22041 - Màu Đen,360000.0,360000.0,0.0,0.0,0,93132,,https://tiki.vndep-nam-da-bo-ha-nam-de-sieu-nhe-khau-chi-toan-bo-dna22041-p276843874.html?spid=276843878,dép nam da
276842096,Dép Nam Da Bò HA NAM Đế Siêu Nhẹ Khâu Chỉ Toàn Bộ DNA22030,360000.0,360000.0,0.0,0.0,0,93132,,https://tiki.vndep-nam-da-bo-ha-nam-de-sieu-nhe-khau-chi-toan-bo-dna22030-p276842096.html?spid=276843404,dép nam da
272411592,Máy Sấy Giày Xiaomi Deerma HX10 - Khử Khuẩn Và Mùi Hôi Thông Minh Với Nhiều Chế Độ Sấy - Hàng Nhập Khẩu,1799000.0,1799000.0,0.0,5.0,1,193366,,https://tiki.vnmay-say-khu-mui-quan-ao-giay-xiaomi-five-diet-khuan-ket-noi-app-hang-chinh-hang-p272411592.html?spid=184793150,máy sấy giày xiaomi
270847313,Dép Xỏ Ngón Nam HÀ NAM Da Bò Thật Cao Cấp DNA2213,380000.0,380000.0,0.0,0.0,0,93132,,https://tiki.vndep-xo-ngon-nam-titi-do-da-bo-that-cao-cap-dna2213-p270847313.html?spid=270847319,dép xỏ ngón nam
270258648,Dép Bít Mũi Nam Da Bò Thật TiTi ĐÔ Cao Cấp GSB2047,480000.0,480000.0,0.0,0.0,0,323804,,https://tiki.vndep-bit-mui-nam-titi-do-da-bo-that-cao-cap-gsb2047-p270258648.html?spid=270258660,dép bít mũi nam
262821205,Dép Nam Quai Ngang Da Bò Thật TiTi ĐÔ Cao Cấp DN245,420000.0,420000.0,0.0,0.0,0,323804,,https://tiki.vndep-nam-quai-ngang-titi-do-da-bo-that-cao-cap-dn245-p262821205.html?spid=262821213,dép nam quai ngang da bò
227985881,Dép Nam Quai Ngang Da Bò Thật TiTi ĐÔ Cao Cấp DN244d,360000.0,360000.0,0.0,0.0,0,323804,,https://tiki.vndep-nam-quai-ngang-da-bo-that-ha-nam-cao-cap-dn244d-p227985881.html?spid=227985896,dép nam quai ngang da bò
222685311,Dép Xỏ Ngón Nam Da Bò Thật TiTi ĐÔ Cao Cấp DNA2163d,420000.0,420000.0,0.0,0.0,0,323804,,https://tiki.vndep-xo-ngon-nam-da-bo-that-titi-do-cao-cap-dna2163d-p222685311.html?spid=222685323,dép xỏ ngón nam
217760793,Dép Nam Quai Ngang Da Bò Thật TITI ĐÔ Cao Cấp DNA2156d,360000.0,360000.0,0.0,0.0,0,323804,,https://tiki.vndep-nam-quai-ngang-da-bo-that-ha-nam-cao-cap-dna2156d-p217760793.html?spid=217760795,dép nam quai ngang da bò
217759600,Dép Nam Quai Ngang Da Bò Thật TiTi ĐÔ Cao Cấp DN267d,396000.0,396000.0,0.0,0.0,0,323804,,https://tiki.vndep-nam-quai-ngang-da-bo-that-ha-nam-cao-cap-dn267d-p217759600.html?spid=217759629,dép nam quai ngang da bò
217611801,Giày Tây Nam Công Sở Da Bò Thật TiTi ĐÔ Cao Cấp GT2031d,634000.0,634000.0,0.0,0.0,0,323804,,https://tiki.vngiay-tay-nam-cong-so-da-bo-that-ha-nam-cao-cap-gt2031d-p217611801.html?spid=217611813,giày tây nam công sở da bò
217611681,Dép Bít Mũi Nam Da Bò Thật TiTi ĐÔ Cao Cấp GSB20120d,520000.0,520000.0,0.0,0.0,0,323804,,https://tiki.vndep-bit-mui-nam-da-bo-that-ha-nam-cao-cap-gsb20120d-p217611681.html?spid=217611704,dép bít mũi nam
217611540,Dép Nam Quai Ngang Da Bò Thật TiTi ĐÔ Cao Cấp DA2075d,430000.0,430000.0,0.0,0.0,0,323804,,https://tiki.vndep-nam-quai-ngang-da-bo-that-ha-nam-cao-cap-da2075d-p217611540.html?spid=217611557,dép nam quai ngang da bò
217611162,Giày Tây Nam Công Sở Da Bò Thật TiTi ĐÔ Cao Cấp GT2038d,680000.0,680000.0,0.0,0.0,0,323804,,https://tiki.vngiay-tay-nam-cong-so-da-bo-that-ha-nam-cao-cap-gt2038d-p217611162.html?spid=217611173,giày tây nam công sở da bò
217506479,Dép Xỏ Ngón Nam Da Bò Thật TiTi ĐÔ Cao Cấp DNA2064d,480000.0,480000.0,0.0,0.0,0,323804,,https://tiki.vndep-xo-ngon-nam-da-bo-that-ha-nam-cao-cap-dna2064d-p217506479.html?spid=217506530,dép xỏ ngón nam
217506183,Dép Xỏ Ngón Nam Da Bò Thật TiTi ĐÔ Cao Cấp DXN2035d,455000.0,455000.0,0.0,0.0,0,323804,,https://tiki.vndep-nam-xo-ngon-da-bo-that-ha-nam-cao-cap-dxn2035d-p217506183.html?spid=217506232,dép xỏ ngón nam
217505898,Dép Xỏ Ngón Nam Da Bò Thật TiTi ĐÔ Cao Cấp DXN204d,420000.0,420000.0,0.0,0.0,0,323804,,https://tiki.vndep-xo-ngon-nam-da-bo-that-ha-nam-cao-cap-dxn204d-p217505898.html?spid=217505905,dép xỏ ngón nam
217505885,Dép Xỏ Ngón Nam Da Bò Thật TiTi ĐÔ Cao CấpDNA2094d,420000.0,420000.0,0.0,0.0,0,323804,,https://tiki.vndep-xo-ngon-nam-da-bo-that-ha-nam-cao-cap-dna2094d-p217505885.html?spid=217505891,dép xỏ ngón nam
217426433,Giày Boots Nam Cổ Lửng Da Bò Thật TiTi ĐÔ Đế Đốc Tờ Cao Cấp DT2020,780000.0,780000.0,0.0,0.0,0,323804,,https://tiki.vngiay-boots-nam-da-bo-that-co-lung-ha-nam-de-doc-to-cao-cap-dt2020-p217426433.html?spid=217426443,giày boots nam cổ lửng
217426284,Dép Bít Mũi Nam Da Bò Thật TiTi ĐÔ Cao Cấp GSB2102d,520000.0,520000.0,0.0,0.0,0,323804,,https://tiki.vndep-bit-mui-nam-da-bo-that-ha-nam-cao-cap-gsb2102d-p217426284.html?spid=217426288,dép bít mũi nam
217274620,Dép Nữ Quai Ngang Đế Xuồng Da Bò Thật TiTi ĐÔ Cao Cấp DNU2095d,380000.0,380000.0,0.0,0.0,0,323804,,https://tiki.vndep-quai-ngang-nu-da-bo-that-ha-nam-cao-cap-4cm-dnu2095d-p217274620.html?spid=217274655,dép nữ quai ngang đế
198915609,"Giày rọ sabo nam Huy Hoàng màu đen, nâu HJ7515-16-17-18",440300.0,629000.0,188700.0,0.0,0,223818,,https://tiki.vngiay-ro-sabo-nam-huy-hoang-mau-den-nau-hj7515-16-17-18-p198915609.html?spid=198915613,giày rọ sabo nam
177783081,Dép Nam Quai Ngang HÀ NAM Da Bò Thật Cao Cấp DNA2180,420000.0,420000.0,0.0,0.0,0,93132,,https://tiki.vndep-nam-quai-ngang-da-bo-giay-ha-nam-cao-cap-dna2180-p177783081.html?spid=177783093,dép nam quai ngang hà nam
147253542,Dép Nam Quai Ngang HÀ NAM Da Bò Thật Cao Cấp DNA2157,372000.0,372000.0,0.0,0.0,0,93132,,https://tiki.vndep-nam-quai-ngang-da-bo-ha-nam-cao-cap-dna2157-p147253542.html?spid=147253552,dép nam quai ngang hà nam
145825208,Dép Bít Mũi Nam HÀ NAM Da Bò Thật Cao Cấp GSB20103,415000.0,415000.0,0.0,0.0,0,93132,,https://tiki.vndep-bit-mui-nam-sabo-nam-da-bo-ha-nam-cao-cap-gsb20103-p145825208.html?spid=145825232,dép bít mũi nam
130084215,"HJ7705-06 - Giày tây nam Huy Hoàng viền chỉ màu nâu, đen",909000.0,909000.0,0.0,0.0,0,223818,,https://tiki.vnhj7705-06-giay-tay-nam-huy-hoang-vien-chi-mau-nau-den-p130084215.html?spid=130084235,hj7705 06 giày tây nam
129812768,"HJ7130-59 - Giày nam vân cá sấu Huy Hoàng màu vàng, đen",685300.0,979000.0,293700.0,0.0,0,223818,,https://tiki.vnhj7130-59-giay-nam-van-ca-sau-huy-hoang-mau-vang-den-p129812768.html?spid=129812774,hj7130 59 giày nam vân
126700134,Giày Mọi Nam HÀ NAM Da Bò Thật Cao Cấp GM2066,688000.0,688000.0,0.0,0.0,0,93132,,https://tiki.vngiay-moi-nam-da-bo-that-cao-cap-gm2066-p126700134.html?spid=126700140,giày nam hà nam da bò
126689903,Giày Mọi Nam HÀ NAM Da Bò Thật Cao Cấp GM2068,654900.0,654900.0,0.0,0.0,0,93132,,https://tiki.vngiay-moi-nam-da-bo-that-cao-cap-gm2068-p126689903.html?spid=126689915,giày nam hà nam da bò
125168544,"Giày Tây Nam Da Bò SUNPOLO SPH297 Thanh Lịch (Đen, Nâu)",1040000.0,1040000.0,0.0,3.5,2,1827,,https://tiki.vngiay-tay-nam-da-bo-sunpolo-sph297-thanh-lich-den-nau-p125168544.html?spid=125168554,giày tây nam da bò sunpolo
96301779,Dép Bít Mũi Nam HÀ NAM Da Bò Thật Cao Cấp GSB2068,468000.0,468000.0,0.0,4.7,6,93132,,https://tiki.vndep-bit-mui-nam-sabo-nam-da-bo-that-de-cao-su-gsb2068-p96301779.html?spid=96301789,dép bít mũi nam
70896360,Giày tây nam công sở da bò thật HÀ NAM cao cấp GT2024,590000.0,590000.0,0.0,0.0,0,93132,,https://tiki.vngiay-tay-nam-cong-so-da-bo-that-de-cao-su-cao-cap-gt2024-p70896360.html?spid=70896366,giày tây nam công sở da bò
67245741,Dép bít mũi nam da bò thật HÀ NAM cao cấp GSB2044,480000.0,480000.0,0.0,0.0,0,93132,,https://tiki.vndep-bit-mui-nam-da-bo-that-de-cao-su-cao-cap-gsb2044-p67245741.html?spid=67245749,dép bít mũi nam
59270178,Dép Sabo Nam Dép Bít Đầu Nam Da Bò Thật HÀ NAM Cao Cấp GSB2039,397500.0,397500.0,0.0,4.7,6,93132,,https://tiki.vngiay-dep-nam-sabo-bit-dau-da-bo-that-cao-cap-mau-den-gsb2039-p59270178.html?spid=59270190,dép sabo nam dép
51523515,Dép nam quai ngang HÀ NAM da bò thật cao cấp DN245,326000.0,326000.0,0.0,1.0,1,93132,,https://tiki.vndep-nam-da-bo-that-quai-ngang-mau-den-dn245-cao-cap-p51523515.html?spid=51523521,dép nam quai ngang hà nam
2001777,Giày Tăng Chiều Cao Nam Huy Hoàng HT7188 - Đen (Size,1539000.0,1539000.0,0.0,0.0,0,1867,,https://tiki.vngiay-tang-chieu-cao-nam-huy-hoang-ht7188-den-p2001777.html?spid=2007047,giày tăng chiều cao
2001669,Giày Tăng Chiều Cao Nam Huy Hoàng HT7182 - Da Bò (Size,1539000.0,1539000.0,0.0,0.0,0,1867,,https://tiki.vngiay-tang-chieu-cao-nam-huy-hoang-ht7182-da-bo-p2001669.html?spid=2006979,giày tăng chiều cao
1999819,Dép Quai Hậu Nam Huy Hoàng HT7138 - Nâu (Size,559000.0,559000.0,0.0,0.0,0,1867,,https://tiki.vndep-quai-hau-nam-huy-hoang-ht7138-nau-p1999819.html?spid=2008015,dép quai hậu nam huy hoàng
1999369,Giày Tây Nam Huy Hoàng HT7105 - Đen (Size,909000.0,909000.0,0.0,0.0,0,1867,,https://tiki.vngiay-tay-nam-huy-hoang-ht7105-den-p1999369.html?spid=2007223,giày tây nam huy hoàng ht7105
278735389,Máy đánh giày Philips GCA1000/60 - Hàng chính hãng,700000.0,700000.0,0.0,0.0,0,255891,,https://tiki.vnmay-danh-giay-philips-gca1000-60-hang-chinh-hang-p278735389.html?spid=278735390,máy đánh giày philips
274147821,Vớ đi giày bảo hộ LS2,228000.0,228000.0,0.0,0.0,0,333299,,https://tiki.vnvo-di-giay-bao-ho-ls2-p274147821.html?spid=274147822,vớ đi giày bảo hộ
271290128,Dép Nam Quai Ngang Da Bò Thật TiTi ĐÔ Cao Cấp DNA2218,420000.0,420000.0,0.0,0.0,0,323804,,https://tiki.vndep-nam-quai-ngang-da-bo-that-titi-do-cao-cap-dna2218-p271290128.html?spid=271290138,dép nam quai ngang da bò
269845951,Dép Bít Mũi Nam HÀ NAM Da Bò Thật Cao Cấp GGSB20162,450000.0,450000.0,0.0,0.0,0,93132,,https://tiki.vndep-bit-mui-nam-da-bo-that-ha-nam-cao-cap-gsb20162-p269845951.html?spid=269845955,dép bít mũi nam
222590149,Dép Xỏ Ngón Nam Da Bò Thật TiTi ĐÔ Cao Cấp DNA2161d,420000.0,420000.0,0.0,0.0,0,323804,,https://tiki.vndep-xo-ngon-nam-da-bo-that-titi-do-cao-cap-dna2161d-p222590149.html?spid=222590159,dép xỏ ngón nam
217760628,Dép Nam Quai Ngang Da Bò Thật TiTi ĐÔ Cao Cấp DN222d,396000.0,396000.0,0.0,0.0,0,323804,,https://tiki.vndep-nam-quai-ngang-da-bo-that-ha-nam-cao-cap-dn222d-p217760628.html?spid=217760662,dép nam quai ngang da bò
217760056,Giày Tây Nam Công Sở TiTi ĐÔ Da Bò Thật Cao Cấp GT254d,742000.0,742000.0,0.0,0.0,0,323804,,https://tiki.vngiay-tay-nam-cong-so-da-bo-that-ha-nam-cao-cap-gt254d-p217760056.html?spid=217760105,giày tây nam công sở titi đô
217759890,Dép Bít Mũi Nam Da Bò Thật TiTi ĐÔ Cao Cấp GSB2041d,480000.0,480000.0,0.0,0.0,0,323804,,https://tiki.vndep-bit-mui-nam-da-bo-that-ha-nam-cao-cap-gsb2041d-p217759890.html?spid=217759909,dép bít mũi nam
217759698,Dép Xỏ Ngón Nam Da Bò Thật TiTi ĐÔ Cao Cấp DXN2038d,412000.0,412000.0,0.0,0.0,0,323804,,https://tiki.vndep-xo-ngon-nam-da-bo-that-ha-nam-cao-cap-dxn2038d-p217759698.html?spid=217759750,dép xỏ ngón nam
217611417,Giày Mọi Nam Đế Âm Da Bò Thật TiTi ĐÔ Cao Cấp GDA254d,812000.0,812000.0,0.0,0.0,0,323804,,https://tiki.vngiay-moi-nam-da-bo-that-de-am-ha-nam-cao-cap-gda254d-p217611417.html?spid=217611429,giày nam đế âm da bò
217610977,Dép Bít Mũi Nam Da Bò Thật TiTi ĐÔ Cao Cấp GSB20112d,520000.0,520000.0,0.0,0.0,0,323804,,https://tiki.vndep-bit-mui-nam-da-bo-that-ha-nam-cao-cap-gsb20112d-p217610977.html?spid=217610988,dép bít mũi nam
217610803,Dép Nam Quai Ngang Da Bò Thật TiTi ĐÔ Cao Cấp DNA2082d,440000.0,440000.0,0.0,0.0,0,323804,,https://tiki.vndep-nam-quai-ngang-da-bo-that-ha-nam-cao-cap-dna2082d-p217610803.html?spid=217610834,dép nam quai ngang da bò
217506304,Giày Mọi Nam Da Bò Thật TiTi ĐÔ Cao Cấp GM2038,755000.0,755000.0,0.0,0.0,0,323804,,https://tiki.vngiay-moi-nam-da-bo-that-ha-nam-cao-cap-gm2038d-p217506304.html?spid=217506321,giày nam da bò titi đô
217505976,Dép Xỏ Ngón Nam Da Bò Thật TiTi ĐÔ Cao Cấp DXNA2065d,358000.0,358000.0,0.0,0.0,0,323804,,https://tiki.vndep-nam-xo-ngon-da-do-that-ha-nam-cao-cap-dxna2065d-p217505976.html?spid=217506010,dép xỏ ngón nam
217426366,Dép Bít Mũi Nam Da Bò Thật TiTi ĐÔ Cao Cấp GSB2036d,540000.0,540000.0,0.0,0.0,0,323804,,https://tiki.vndep-bit-mui-nam-da-bo-that-ha-nam-cao-cap-gsb2036d-p217426366.html?spid=217426376,dép bít mũi nam
217275588,Dép Nam Quai Ngang Da Bò Thật TiTi ĐÔ Cao Cấp DNA2179d,420000.0,420000.0,0.0,0.0,0,323804,,https://tiki.vndep-nam-quai-ngang-da-bo-that-ha-nam-cao-cap-dna2179d-p217275588.html?spid=217275613,dép nam quai ngang da bò
217275452,Dép Bít Mũi Nam Da Bò Thật TiTi ĐÔ Cao Cấp GSB20142,540000.0,540000.0,0.0,0.0,0,323804,,https://tiki.vndep-bit-mui-nam-da-bo-that-ha-nam-giay-cao-cap-gsb20142-p217275452.html?spid=217275603,dép bít mũi nam
217275213,Dây Giày Loại Tròn Tết Soắn Thừng Phủ Lớp Sáp Chống Nước Cao Cấp DGD2022,28000.0,28000.0,0.0,0.0,0,323804,,https://tiki.vnday-giay-loai-tron-tet-soan-thung-phu-lop-sap-chong-nuoc-cao-cap-dgd2022-p217275213.html?spid=217275282,dây giày loại tròn
215136860,Dép Bít Mũi Nam Da Bò Thật TiTi ĐÔ Cao Cấp GSB20136,520000.0,520000.0,0.0,0.0,0,323804,,https://tiki.vndep-bit-mui-nam-da-bo-that-ha-nam-cao-cap-gsb20136-p215136860.html?spid=215136874,dép bít mũi nam
188695001,Dép quai ngang nam da bò cao cấp SUNPOLO SUA09B,730000.0,730000.0,0.0,0.0,0,1827,,https://tiki.vndep-quai-ngang-nam-da-bo-cao-cap-sunpolo-sua09b-p188695001.html?spid=188695013,dép quai ngang nam
181091488,Dép Bít Mũi Nam HÀ NAM Da Bò Thật Cao Cấp GSB20132,470000.0,470000.0,0.0,0.0,0,93132,,https://tiki.vndep-bit-mui-nam-sabo-nam-da-bo-that-giay-ha-nam-cao-cap-gsb20132-p181091488.html?spid=181091492,dép bít mũi nam
178589093,Dép Bít mũi Da bò cao cấp SUNPOLO ABI020,760000.0,760000.0,0.0,0.0,0,1827,,https://tiki.vndep-bit-mui-da-bo-cao-cap-sunpolo-abi020-p178589093.html?spid=178589109,dép bít mũi da bò
177980144,Dép Bít Mũi Nam HÀ NAM Da Bò Thật Cao Cấp GSB20130,490000.0,490000.0,0.0,0.0,0,93132,,https://tiki.vndep-bit-mui-nam-da-bo-giay-ha-nam-cao-cap-gsb20130-p177980144.html?spid=177980154,dép bít mũi nam
171187034,Dép Nam Quai Ngang HÀ NAM Da Bò Thật Cao Cấp DNA2172,389000.0,389000.0,0.0,0.0,0,93132,,https://tiki.vndep-nam-quai-ngang-da-bo-giay-ha-nam-cao-cap-dna2172-p171187034.html?spid=171187040,dép nam quai ngang hà nam
149909842,Dép Xỏ Ngón Nam HÀ NAM Da Bò Thật Cao Cấp DNA2164,420000.0,420000.0,0.0,0.0,0,93132,,https://tiki.vndep-xo-ngon-nam-da-bo-that-ha-nam-cao-cap-dna2164-p149909842.html?spid=149909855,dép xỏ ngón nam
149909804,Dép Xỏ Ngón Nam HÀ NAM Da Bò Thật Cao Cấp DNA2163,414000.0,414000.0,0.0,0.0,0,93132,,https://tiki.vndep-xo-ngon-nam-da-bo-that-ha-nam-cao-cap-dna2163-p149909804.html?spid=149909812,dép xỏ ngón nam
140643435,"Dép Quai Ngang Da Bò SUNPOLO SQND31 (Đen, Nâu)",650000.0,650000.0,0.0,0.0,0,1827,,https://tiki.vndep-quai-ngang-da-bo-sunpolo-sqnd31-den-nau-p140643435.html?spid=140643443,dép quai ngang da
132340155,Dép Kẹp Xỏ Ngón Nam Da Bò SUNPOLO KEP026 Đế cao su bền bỉ,500000.0,500000.0,0.0,5.0,2,1827,,https://tiki.vndep-kep-xo-ngon-nam-da-bo-sunpolo-kep026-de-cao-su-ben-bi-p132340155.html?spid=132340159,dép kẹp xỏ ngón
130312994,"HJ7725-26-27 - Dép xỏ ngón đan viền nam Huy Hoàng màu da, đen, nâu",363300.0,519000.0,155700.0,0.0,0,223818,,https://tiki.vnhj7725-26-27-dep-xo-ngon-dan-vien-nam-huy-hoang-mau-da-den-nau-p130312994.html?spid=130312998,hj7725 27 dép xỏ ngón
127878365,"Giày Sandal Nam Da Bò Bít Mũi Cao Cấp SUNPOLO SDA011 (Nâu, Đen)",830000.0,830000.0,0.0,0.0,0,1827,,https://tiki.vngiay-sandal-nam-da-bo-bit-mui-cao-cap-sunpolo-sda011-nau-den-p127878365.html?spid=127878369,giày sandal nam da bò
120048795,"Dép nam da đà điểu Huy Hoàng da hột đan màu đen, nâu đất, vàng bò, nâu đất HT7417-18-19-20",664300.0,949000.0,284700.0,0.0,0,1867,,https://tiki.vnhp7417-18-19-20-dep-nam-da-da-dieu-huy-hoang-da-hot-dan-mau-den-nau-dat-vang-bo-nau-dat-p120048795.html?spid=120048841,dép nam da đà điểu
114147359,Dép Bít Mũi Nam HÀ NAM Da Bò Thật Cao Cấp GSB2093,435000.0,435000.0,0.0,0.0,0,93132,,https://tiki.vndep-bit-mui-nam-sabo-nam-da-bo-that-gsb2093-p114147359.html?spid=114147361,dép bít mũi nam
113305882,Dép Xỏ Ngón Nam HÀ NAM Da Bò Thật Cao Cấp DNA2096,368000.0,368000.0,0.0,0.0,0,93132,,https://tiki.vndep-xo-ngon-nam-dep-kep-nam-da-bo-that-dna2096-p113305882.html?spid=113305886,dép xỏ ngón nam
89153004,Giày sang đan nam HÀ NAM da bò thật cao cấp DNA2068,398000.0,398000.0,0.0,1.0,1,93132,,https://tiki.vngiay-sang-dan-nam-da-bo-that-de-cao-su-dna2068-p89153004.html?spid=89153014,giày sang đan nam
72310102,Dép bít mũi nam da bò thật HÀ NAM cao cấp GSB2058,386000.0,386000.0,0.0,0.0,0,93132,,https://tiki.vndep-bit-mui-nam-da-bo-that-de-cao-su-cao-cap-gsb2058-p72310102.html?spid=72310110,dép bít mũi nam
68368093,Dép bít mũi nam da bò thật HÀ NAM cao cấp GSB2043,420000.0,420000.0,0.0,4.5,14,93132,,https://tiki.vndep-bit-mui-nam-da-bo-that-de-cao-su-cao-cap-gsb2043-p68368093.html?spid=68368105,dép bít mũi nam
2022793,Dép Xỏ Ngón Đan Viền Nam Huy Hoàng HT7726 - Đen,519000.0,519000.0,0.0,5.0,1,1867,,https://tiki.vndep-xo-ngon-dan-vien-nam-huy-hoang-ht7726-den-p2022793.html?spid=2025073,dép xỏ ngón đan
2021327,Dép Nam Da Cá Sấu Huy Hoàng HT7222 - Nâu Đỏ,1099000.0,1099000.0,0.0,0.0,0,1867,,https://tiki.vndep-nam-da-ca-sau-huy-hoang-ht7222-nau-do-p2021327.html?spid=2021861,dép nam da cá sấu
1999467,Giày Mọi Nam Huy Hoàng HT7113 - Nâu Đất (Size,909000.0,909000.0,0.0,4.5,2,1867,,https://tiki.vngiay-moi-nam-huy-hoang-ht7113-nau-dat-p1999467.html?spid=2007411,giày nam huy hoàng ht7113
1999439,Giày Da Nam Huy Hoàng HT7110 - Đen (Size,909000.0,909000.0,0.0,5.0,1,1867,,https://tiki.vngiay-da-nam-huy-hoang-ht7110-den-p1999439.html?spid=2007289,giày da nam huy hoàng ht7110
278990841,Giày Tây Nam BIGGBEN Da Bò Thật GT274,1000000.0,1000000.0,0.0,0.0,0,9460,,https://tiki.vngiay-tay-nam-biggben-da-bo-that-gt274-p278990841.html?spid=278990849,giày tây nam biggben da bò
278149572,Giày Sục Nam HA NAM Da Bò Thật Cao Cấp GSB20172,460000.0,460000.0,0.0,0.0,0,323804,,https://tiki.vngiay-suc-nam-ha-nam-da-bo-that-cao-cap-gsb20172-p278149572.html?spid=278149751,giày sục nam ha
278119609,DÉP KẸP CHẤT LIỆU DA BÒ VATIS V17064,149000.0,289000.0,140000.0,0.0,0,274160,,https://tiki.vndep-kep-chat-lieu-da-bo-vatis-v17064-p278119609.html?spid=278119611,dép kẹp chất liệu da bò
278119588,DÉP KẸP CHẤT LIỆU DA BÒ VATIS V17063,149000.0,289000.0,140000.0,0.0,0,274160,,https://tiki.vndep-kep-chat-lieu-da-bo-vatis-v17063-p278119588.html?spid=278119590,dép kẹp chất liệu da bò
276672228,COMBO 2 Đón gót giày nhựa ABS bóng treo chìa khóa Văn Phòng,100000.0,100000.0,0.0,0.0,0,353491,,https://tiki.vncombo-2-don-got-giay-nhua-abs-bong-treo-chia-khoa-van-phong-p276672228.html?spid=276672229,combo đón gót giày
271798555,"Lót giày nam Aetrex Compete L420 - Lót giày cho chân vòm thấp, vòm bẹt đạt tiêu chuẩn y khoa",1695000.0,1695000.0,0.0,0.0,0,302,,https://tiki.vnlot-giay-nam-aetrex-compete-l420-lot-giay-cho-chan-vom-thap-vom-bet-dat-tieu-chuan-y-khoa-p271798555.html?spid=271798561,lót giày nam aetrex
271310297,Dép Nam Quai Ngang Da Bò Thật TiTi ĐÔ Cao Cấp DNA2220,420000.0,420000.0,0.0,0.0,0,323804,,https://tiki.vndep-nam-quai-ngang-da-bo-that-titi-do-cao-cap-dna2220-p271310297.html?spid=271310309,dép nam quai ngang da bò
262908022,Dép Nam Quai Ngang Da Bò Thật TiTi ĐÔ Cao Cấp DN246,420000.0,420000.0,0.0,0.0,0,323804,,https://tiki.vndep-nam-quai-ngang-titi-do-da-bo-that-cao-cap-dn246-p262908022.html?spid=262908028,dép nam quai ngang da bò
251938210,Dép Bít Mũi Nam Da Bò Thật TiTi ĐÔ Cao Cấp GSB20146b,520000.0,520000.0,0.0,0.0,0,323804,,https://tiki.vndep-bit-mui-nam-sabo-nam-titi-do-da-bo-that-cao-cap-gsb20146a-p251938210.html?spid=251938291,dép bít mũi nam
250358413,Giày Tây Nam Tăng Chiều Cao BIGGBEN Da Bò Thật Tăng 6cm GT242,899000.0,1100000.0,201000.0,0.0,0,9460,,https://tiki.vngiay-tay-nam-tang-chieu-cao-biggben-da-bo-that-tang-6cm-gt242-p250358413.html?spid=250358419,giày tây nam tăng chiều
217760727,Dép Nam Quai Ngang Da Bò Thật TiTi ĐÔ Cao Cấp DNA2157d,360000.0,360000.0,0.0,0.0,0,323804,,https://tiki.vndep-nam-quai-ngang-da-bo-that-ha-nam-cao-cap-dna2157d-p217760727.html?spid=217760740,dép nam quai ngang da bò
217426628,Dép Bít Mũi Nam Da Bò Thật TiTi ĐÔ Cao Cấp GSB2071d,535000.0,535000.0,0.0,0.0,0,323804,,https://tiki.vndep-bit-mui-nam-da-bo-that-ha-nam-cao-cap-gsb2071d-p217426628.html?spid=217426650,dép bít mũi nam
217426502,Dép Bít Mũi Nam Da Bò Thật TiTi ĐÔ Cao Cấp GSB2046d,520000.0,520000.0,0.0,0.0,0,323804,,https://tiki.vndep-bit-mui-nam-da-bo-that-ha-nam-cao-cap-gsb2046d-p217426502.html?spid=217426553,dép bít mũi nam
217426301,Giày Tây Nam Công Sở Da Bò Thật TiTi ĐÔ Cao Cấp GT2026d,680000.0,680000.0,0.0,0.0,0,323804,,https://tiki.vngiay-tay-nam-cong-so-da-bo-that-ha-nam-cao-cap-gt2026d-p217426301.html?spid=217426321,giày tây nam công sở da bò
217275724,Dép Nam Quai Ngang Da Bò Thật TiTi ĐÔ Cao Cấp DNA2141,398000.0,398000.0,0.0,0.0,0,323804,,https://tiki.vndep-nam-quai-ngang-da-bo-that-ha-nam-cao-cap-dna2141-p217275724.html?spid=217275767,dép nam quai ngang da bò
215136885,Dép Bít Mũi Nam Da Bò Thật TiTi ĐÔ Cao Cấp GSB20138,520000.0,520000.0,0.0,0.0,0,323804,,https://tiki.vndep-bit-mui-nam-da-bo-that-ha-nam-cao-cap-gsb20138-p215136885.html?spid=215136895,dép bít mũi nam
202761046,Dép Xỏ Ngón Nam HÀ NAM Da Bò Thật Cao Cấp DNA2196,380000.0,380000.0,0.0,0.0,0,93132,,https://tiki.vndep-xo-ngon-nam-da-bo-that-ha-nam-cao-cap-dna2195-p202761046.html?spid=202761127,dép xỏ ngón nam
198925763,Giày nam da đà điểu Huy Hoàng da hột màu đen HJ7405-25,2799300.0,3999000.0,1199700.0,0.0,0,223818,,https://tiki.vngiay-nam-da-da-dieu-huy-hoang-da-hot-mau-den-hj7405-25-p198925763.html?spid=198925773,giày nam da đà điểu
158584070,Dép Bít Mũi Nam HÀ NAM Da Bò Thật Cao Cấp GSB20124,478000.0,478000.0,0.0,5.0,1,93132,,https://tiki.vndep-bit-mui-nam-da-bo-that-giay-ha-nam-cao-cap-gsb20124-p158584070.html?spid=158584076,dép bít mũi nam
149910586,Dép Xỏ Ngón Nam HÀ NAM Da Bò Thật Cao Cấp DNA2162,485000.0,485000.0,0.0,0.0,0,93132,,https://tiki.vndep-xo-ngon-nam-da-bo-that-ha-nam-cao-cap-dna2162-p149910586.html?spid=149910598,dép xỏ ngón nam
145399495,Giày sandal nam da bò thật BIGGBEN cao cấp SD121,339000.0,400000.0,61000.0,4.8,13,9460,,https://tiki.vngiay-sandal-nam-da-bo-that-biggben-cao-cap-sd121-p145399495.html?spid=145399501,giày sandal nam da bò
115528125,Dép Nam Quai Ngang Da Bò Thật HÀ NAM Đế Cao Dành Cho Người Thấp DNA2126,420000.0,420000.0,0.0,5.0,1,93132,,https://tiki.vndep-nam-quai-ngang-da-bo-cao-cap-dna2126-p115528125.html?spid=115528131,dép nam quai ngang da bò
115222313,Dép Nam Quai Ngang HÀ NAM Da Bò Thật Cao Cấp DNA2123,394000.0,394000.0,0.0,0.0,0,93132,,https://tiki.vndep-nam-quai-ngang-da-bo-cao-cap-dna2123-p115222313.html?spid=115222323,dép nam quai ngang hà nam
115150595,Dép Nam Quai Ngang HÀ NAM Da Bò Thật Cao Cấp DNA2120,350000.0,350000.0,0.0,3.7,3,93132,,https://tiki.vndep-nam-quai-ngang-da-bo-cao-cap-dna2120-p115150595.html?spid=115150597,dép nam quai ngang hà nam
102697700,Giày Mọi Nam Đế Âm HÀ NAM Da Bò Thật Cao Cấp GDA2030,669000.0,669000.0,0.0,5.0,1,93132,,https://tiki.vngiay-moi-nam-de-am-da-bo-that-cao-cap-de-cao-su-gda2030-p102697700.html?spid=102697716,giày nam đế âm hà nam
74361944,Giày tây nam kiểu quân đội da bò cao cấp BIGGBEN Cao Cấp GT205,700000.0,700000.0,0.0,5.0,2,9460,,https://tiki.vngiay-tay-nam-kieu-quan-doi-da-bo-cao-cap-biggben-cao-cap-gt205-p74361944.html?spid=74361946,giày tây nam kiểu quân đội
66547536,Giày Mọi Nam Da Bò BIGGBEN Cao Cấp GM242,700000.0,700000.0,0.0,0.0,0,9460,,https://tiki.vngiay-moi-nam-da-bo-biggben-cao-cap-gm242-p66547536.html?spid=66547538,giày nam da bò biggben
36769109,GIÀY DOLO MEN XGL08,1480000.0,1480000.0,0.0,0.0,0,17989,,https://tiki.vngiay-dolo-men-xgl08-p36769109.html?spid=36769111,giày dolo men
27586408,Giày Mọi Nam BiGGBEN Da Bò Thật Cao Cấp GM192,700000.0,700000.0,0.0,0.0,0,9460,,https://tiki.vngiay-moi-nam-biggben-da-bo-that-cao-cap-gm192-p27586408.html?spid=27586420,giày nam biggben da bò
10054396,Giày Sandal Bít Mũi Nam BIGGBEN Da Bò Thật SD77,379000.0,500000.0,121000.0,4.5,20,9460,,https://tiki.vngiay-sandal-bit-mui-nam-biggben-da-bo-that-sd77-p10054396.html?spid=10054398,giày sandal bít mũi
10054091,Giày Tây Nam BIGGBEN Da Bò Thật Cao Cấp GT98,650000.0,650000.0,0.0,0.0,0,9460,,https://tiki.vngiay-tay-nam-biggben-da-bo-that-gt98-p10054091.html?spid=10054099,giày tây nam biggben da bò
8049533,Giày Mọi Nam BIGGBEN Da Bò Thật Cao Cấp GM115,690000.0,690000.0,0.0,0.0,0,9460,,https://tiki.vngiay-moi-de-am-nam-biggben-da-bo-that-cao-cap-gm115-p8049533.html?spid=8049537,giày nam biggben da bò
8001348,Giày Mọi Nam BIGGBEN Da Bò Thật Cao Cấp GM113,700000.0,700000.0,0.0,0.0,0,9460,,https://tiki.vngiay-moi-nam-biggben-da-bo-that-cao-cap-gm113-p8001348.html?spid=8001350,giày nam biggben da bò
6580481,Giày Mọi Nam BIGGBEN Da Bò Thật Cao Cấp GM21,690000.0,690000.0,0.0,0.0,0,9460,,https://tiki.vngiay-moi-nam-biggben-da-bo-that-cao-cap-gm21-p6580481.html?spid=6580501,giày nam biggben da bò
6398941,Giày Tây Nam BIGGBEN Da Bò Thật Cao Cấp GT25,550000.0,550000.0,0.0,0.0,0,9460,,https://tiki.vngiay-tay-nam-biggben-da-bo-that-cao-cap-gt25-p6398941.html?spid=6398949,giày tây nam biggben da bò
5739881,Giày Tây Nam BIGGBEN Da Bò Thật GT10,700000.0,700000.0,0.0,0.0,0,9460,,https://tiki.vngiay-tay-nam-biggben-da-bo-that-gt10-p5739881.html?spid=5739897,giày tây nam biggben da bò
2001805,Giày Mọi Nam Huy Hoàng Chữ X HT7190 - Nâu (Size,636300.0,909000.0,272700.0,5.0,1,1867,,https://tiki.vngiay-moi-nam-huy-hoang-chu-x-ht7190-nau-p2001805.html?spid=2007107,giày nam huy hoàng chữ
1999579,Giày Nam Thời Trang Cột Dây Huy Hoàng HT7121 - Nâu (Size,636300.0,909000.0,272700.0,5.0,1,1867,,https://tiki.vngiay-nam-thoi-trang-cot-day-huy-hoang-ht7121-nau-p1999579.html?spid=2007429,giày nam thời trang cột
1999565,Giày Nam Thời Trang Cột Dây Huy Hoàng HT7120 - Trắng (Size,909000.0,909000.0,0.0,3.0,2,1867,,https://tiki.vngiay-nam-thoi-trang-cot-day-huy-hoang-ht7120-trang-p1999565.html?spid=2007465,giày nam thời trang cột
277745372,Giày Lười Moka Da Thật Made in Italy - Phong Cách Ý Thanh Lịch - Màu trắng - 1723BIA - Hàng chính hãng,4200000.0,4200000.0,0.0,0.0,0,20163,,https://tiki.vngiay-luoi-moka-da-that-made-in-italy-phong-cach-y-thanh-lich-mau-trang-1723bia-hang-chinh-hang-p277745372.html?spid=277745380,giày lười moka da
275406628,Giày Sandal Nam BIGGBEN Da Bò Thật Cao Cấp SD137,399000.0,500000.0,101000.0,0.0,0,9460,,https://tiki.vngiay-sandal-nam-biggben-da-bo-that-cao-cap-sd137-p275406628.html?spid=275406660,giày sandal nam biggben
275403256,Giày Tây Nam BIGGBEN Da Bò Thật Cao Cấp GT261,729000.0,800000.0,71000.0,0.0,0,9460,,https://tiki.vngiay-tay-nam-biggben-da-bo-that-cao-cap-gt261-p275403256.html?spid=275403270,giày tây nam biggben da bò
275402780,Giày Mọi Nam Da Bò Thật BIGGBEN Cao Cấp GM313,749000.0,800000.0,51000.0,0.0,0,9460,,https://tiki.vngiay-moi-nam-da-bo-that-biggben-cao-cap-gm313-p275402780.html?spid=275402788,giày nam da bò biggben
274664697,Giày Mọi Nam Da Bò Thật BIGGBEN Cao Cấp GM303,749000.0,900000.0,151000.0,0.0,0,9460,,https://tiki.vngiay-moi-nam-da-bo-that-biggben-cao-cap-gm303-p274664697.html?spid=274664707,giày nam da bò biggben
274664173,Giày Mọi Nam Da Bò Thật BIGGBEN Cao Cấp GM300,749000.0,900000.0,151000.0,0.0,0,9460,,https://tiki.vngiay-moi-nam-da-bo-that-biggben-cao-cap-gm300-p274664173.html?spid=274664185,giày nam da bò biggben
273270046,Gói 30 tờ giấy ướt lau giày vàng chuyên dụng - Hàng Nhập Khẩu,35000.0,35000.0,0.0,3.0,2,106295,,https://tiki.vngoi-30-to-giay-uot-lau-giay-chuyen-dung-sneaker-hang-nhap-khau-p273270046.html?spid=273270047,gói
270266698,Dép Bít Đầu Nam BIGGBEN Da Bò Thật Cao Cấp SB128,359000.0,450000.0,91000.0,0.0,0,9460,,https://tiki.vndep-bit-dau-nam-biggben-da-bo-that-cao-cap-sb128-p270266698.html?spid=270266710,dép bít đầu nam
270246737,Giày Tây Nam BIGGBEN Da Bò Thật Cao Cấp GT246,749000.0,850000.0,101000.0,0.0,0,9460,,https://tiki.vngiay-tay-nam-biggben-da-bo-that-cao-cap-gt246-p270246737.html?spid=270246747,giày tây nam biggben da bò
250336350,Giày Mọi Nam Da Bò Thật BIGGBEN Cao Cấp GM289,700000.0,700000.0,0.0,0.0,0,9460,,https://tiki.vngiay-moi-nam-da-bo-that-biggben-cao-cap-gm289-p250336350.html?spid=250336362,giày nam da bò biggben
216936758,Dép Bít Đầu Nam Đế âm BIGGBEN Da Bò Thật Cao Cấp SB120,449000.0,550000.0,101000.0,0.0,0,9460,,https://tiki.vndep-bit-dau-nam-de-am-biggben-da-bo-that-cao-cap-sb120-p216936758.html?spid=216936768,dép bít đầu nam đế
207522774,Dép Nam Da Bò Thật BIGGBEN Cao Cấp DN320,389000.0,450000.0,61000.0,5.0,2,9460,,https://tiki.vndep-nam-da-bo-that-biggben-cao-cap-dn320-p207522774.html?spid=207522782,dép nam da bò biggben
190791008,Dép Bít Mũi Nam Da Bò Thật BIGGBEN Cao Cấp SB116,469000.0,500000.0,31000.0,0.0,0,9460,,https://tiki.vndep-bit-mui-nam-da-bo-that-biggben-cao-cap-sb116-p190791008.html?spid=190791014,dép bít mũi nam
187180200,Giày Tây Nam Da Bò Thật BIGGBEN Cao Cấp GT225,749000.0,850000.0,101000.0,0.0,0,9460,,https://tiki.vngiay-tay-nam-da-bo-that-biggben-cao-cap-gt225-p187180200.html?spid=187180212,giày tây nam da bò biggben
186741938,Giày Mọi Nam Da Bò Thật BIGGBEN Cao Cấp GM275,749000.0,850000.0,101000.0,0.0,0,9460,,https://tiki.vngiay-moi-nam-da-bo-that-biggben-cao-cap-gm275-p186741938.html?spid=186741948,giày nam da bò biggben
184592803,GIÀY TÂY DA BÒ CAO CẤP VATIS VA2002,349000.0,499000.0,150000.0,0.0,0,274160,,https://tiki.vngiay-tay-da-bo-cao-cap-vatis-va2002-p184592803.html?spid=184592837,giày tây da bò cao cấp
164947743,GIÀY LƯỜI KONEMA DÂY XÍCH THỜI TRANG NAM HÀN QUỐC,1300000.0,1300000.0,0.0,0.0,0,148483,,https://tiki.vngiay-luoi-konema-day-xich-thoi-trang-nam-han-quoc-p164947743.html?spid=164947750,giày lười konema dây xích
86966889,GIày Sandal Nam Da Bò BIGGBEN Cao Cấp SD113,369000.0,400000.0,31000.0,4.0,4,9460,,https://tiki.vngiay-sandal-nam-da-bo-biggben-cao-cap-sd113-p86966889.html?spid=86966895,giày sandal nam da bò
72213990,Giày Tây Nam Da Bò BIGGBEN Cao Cấp GT202,700000.0,700000.0,0.0,0.0,0,9460,,https://tiki.vngiay-tay-nam-da-bo-biggben-cao-cap-gt202-p72213990.html?spid=72214000,giày tây nam da bò biggben
72131532,Giày Mọi Nam Da Bò BIGGBEN Cao Cấp GM255,700000.0,700000.0,0.0,0.0,0,9460,,https://tiki.vngiay-moi-nam-da-bo-biggben-cao-cap-gm255-p72131532.html?spid=72131542,giày nam da bò biggben
55146439,Giày Tây Nam Da Bò BIGGBEN Cao Cấp GT185,760000.0,760000.0,0.0,0.0,0,9460,,https://tiki.vngiay-tay-nam-da-bo-biggben-cao-cap-gt185-p55146439.html?spid=55146451,giày tây nam da bò biggben
49103569,Giày da-Valentino Creations-VAB-302-COF,6190000.0,6190000.0,0.0,0.0,0,46749,,https://tiki.vngiay-da-valentino-creations-vab-302-cof-p49103569.html?spid=49103576,giày da valentino creations
38210767,Giày Mọi Nam BiGGBEN Da Bò Thật Cao Cấp GM207,700000.0,700000.0,0.0,0.0,0,9460,,https://tiki.vngiay-moi-nam-biggben-da-bo-that-cao-cap-gm207-p38210767.html?spid=38210781,giày nam biggben da bò
38191307,Giày Tây Nam BIGGBEN Da Bò Thật  GT151,700000.0,700000.0,0.0,0.0,0,9460,,https://tiki.vngiay-tay-nam-biggben-da-bo-that-gt151-p38191307.html?spid=38191313,giày tây nam biggben da bò
36768976,GIÀY DOLO MEN XGL07,1480000.0,1480000.0,0.0,0.0,0,17989,,https://tiki.vngiay-dolo-men-xgl07-p36768976.html?spid=36768982,giày dolo men
36768916,Giày tây Dolo Men XGD04,1790000.0,1790000.0,0.0,0.0,0,17989,,https://tiki.vngiay-tay-dolo-men-xgd04-p36768916.html?spid=36768918,giày tây dolo men
36768872,Giày DOLO MEN VTD01,1790000.0,1790000.0,0.0,0.0,0,17989,,https://tiki.vngiay-dolo-men-vtd01-p36768872.html?spid=36768880,giày dolo men
32511731,Giày Derby VAB-262-VRB-7570811V-DBN,5990000.0,5990000.0,0.0,0.0,0,46749,,https://tiki.vngiay-derby-vab-262-vrb-7570811v-cof-p32511731.html?spid=32511738,giày derby vab 262
27820250,Giày Mọi Nam BiGGBEN Da Bò Thật Cao Cấp GM199,650000.0,650000.0,0.0,0.0,0,9460,,https://tiki.vngiay-moi-nam-biggben-da-bo-that-cao-cap-gm199-p27820250.html?spid=27820260,giày nam biggben da bò
26666303,Dép Nam BIGGBEN Da Bò Thật Cao Cấp DN195,339000.0,370000.0,31000.0,4.5,19,9460,,https://tiki.vndep-nam-biggben-da-bo-that-cao-cap-dn195-p26666303.html?spid=26666313,dép nam biggben da bò
16743135,Dép Nam BIGGBEN Da Bò Thật DN158,400000.0,400000.0,0.0,0.0,0,9460,,https://tiki.vndep-nam-biggben-da-bo-that-dn158-p16743135.html?spid=16743140,dép nam biggben da bò
15298672,Giày Tây Nam BiGGBEN Da Bò Thật GT130,700000.0,700000.0,0.0,0.0,0,9460,,https://tiki.vngiay-tay-nam-biggben-da-bo-that-gt130-p15298672.html?spid=15298682,giày tây nam biggben da bò
15267793,Giày Tây Nam Cột Dây  BiGGBEN Da Bò Thật GT119,700000.0,700000.0,0.0,0.0,0,9460,,https://tiki.vngiay-tay-nam-cot-day-biggben-da-bo-that-gt119-p15267793.html?spid=15267799,giày tây nam cột dây
6588211,Giày Tây Nam BIGGBEN Da Bò Thật Cao Cấp GT33,660000.0,660000.0,0.0,0.0,0,9460,,https://tiki.vngiay-tay-nam-biggben-da-bo-that-cao-cap-gt33-p6588211.html?spid=6588221,giày tây nam biggben da bò
6394745,Giày Tây Nam BIGGBEN Da Bò Thật GT16,630000.0,630000.0,0.0,5.0,2,9460,,https://tiki.vngiay-tay-nam-biggben-da-bo-that-gt16-p6394745.html?spid=6394757,giày tây nam biggben da bò
6277935,Dép Bít Mũi Nam BIGGBEN Da Bò Thật Cao Cấp SB17,449000.0,550000.0,101000.0,4.5,8,9460,,https://tiki.vndep-sabo-nam-biggben-da-bo-that-cao-cap-sb17-p6277935.html?spid=6277939,dép bít mũi nam biggben
6039867,Dép SaBo Nam BIGGBEN Da Bò Thật Cao Cấp SB10,369900.0,400000.0,30100.0,4.3,7,9460,,https://tiki.vndep-sabo-nam-biggben-da-bo-that-cao-cap-sb10-p6039867.html?spid=6039871,dép sabo nam biggben
2597759,Dép Nam Quai Ngang Da Bò Cao Cấp SUNPOLO SUA5D - Đen (Size,550000.0,550000.0,0.0,5.0,4,1827,,https://tiki.vndep-nam-quai-ngang-da-bo-cao-cap-sunpolo-sua5d-den-p2597759.html?spid=2665661,dép nam quai ngang da bò
278990427,Giày Mọi Nam Da Bò Thật BIGGBEN Cao Cấp GM325,749000.0,1000000.0,251000.0,0.0,0,9460,,https://tiki.vngiay-moi-nam-da-bo-that-biggben-cao-cap-gm325-p278990427.html?spid=278990435,giày nam da bò biggben
276651819,Giày Mọi Nam Da Bò Thật BIGGBEN Cao Cấp GM316,749000.0,950000.0,201000.0,0.0,0,9460,,https://tiki.vngiay-moi-nam-da-bo-that-biggben-cao-cap-gm316-p276651819.html?spid=276651821,giày nam da bò biggben
275403165,Giày Tây Nam BIGGBEN Da Bò Thật Cao Cấp GT260,729000.0,800000.0,71000.0,0.0,0,9460,,https://tiki.vngiay-tay-nam-biggben-da-bo-that-cao-cap-gt260-p275403165.html?spid=275403171,giày tây nam biggben da bò
275382320,Giày Mọi Nam Da Bò Thật BIGGBEN Cao Cấp GM312,749000.0,800000.0,51000.0,0.0,0,9460,,https://tiki.vngiay-moi-nam-da-bo-that-biggben-cao-cap-gm312-p275382320.html?spid=275382328,giày nam da bò biggben
275352012,Dép Nam Quai Ngang Đế Doctor BIGGBEN Da Bò Thật DN337,389000.0,500000.0,111000.0,0.0,0,9460,,https://tiki.vndep-nam-quai-ngang-de-doctor-biggben-da-bo-that-dn337-p275352012.html?spid=275352046,dép nam quai ngang đế
275351428,Dép Nam Quai Ngang Đế Doctor BIGGBEN Da Bò Thật DN336,389000.0,500000.0,111000.0,0.0,0,9460,,https://tiki.vndep-nam-quai-ngang-de-doctor-biggben-da-bo-that-dn336-p275351428.html?spid=275351440,dép nam quai ngang đế
274665462,Giày Mọi Nam Da Bò Thật BIGGBEN Cao Cấp GM307,649000.0,800000.0,151000.0,0.0,0,9460,,https://tiki.vngiay-moi-nam-da-bo-that-biggben-cao-cap-gm307-p274665462.html?spid=274665472,giày nam da bò biggben
273311671,Giày Tây Nam BIGGBEN Da Bò Thật Cao Cấp GT255,749000.0,800000.0,51000.0,0.0,0,9460,,https://tiki.vngiay-tay-nam-biggben-da-bo-that-cao-cap-gt255-p273311671.html?spid=273311683,giày tây nam biggben da bò
271392620,Giày Boot Da Bò Thật Nam BIGGBEN Cao Cấp BT7,999000.0,1500000.0,501000.0,0.0,0,9460,,https://tiki.vngiay-boot-da-bo-that-nam-biggben-cao-cap-bt7-p271392620.html?spid=271392630,giày boot da bò nam biggben
270265334,Dép Bít Đầu Nam BIGGBEN Da Bò Thật Cao Cấp SB125,379000.0,450000.0,71000.0,0.0,0,9460,,https://tiki.vndep-bit-dau-nam-biggben-da-bo-that-cao-cap-sb125-p270265334.html?spid=270265344,dép bít đầu nam
270249724,Giày Tây Nam BIGGBEN Da Bò Thật Cao Cấp GT254,699000.0,800000.0,101000.0,0.0,0,9460,,https://tiki.vngiay-tay-nam-biggben-da-bo-that-cao-cap-gt254-p270249724.html?spid=270249728,giày tây nam biggben da bò
270249539,Giày Tây Nam Tăng Chiều Cao BIGGBEN Da Bò Thật Cao Cấp GT252,799000.0,1200000.0,401000.0,0.0,0,9460,,https://tiki.vngiay-tay-nam-tang-chieu-cao-biggben-da-bo-that-cao-cap-gt252-p270249539.html?spid=270249553,giày tây nam tăng chiều
270247288,Giày Tây Nam Cột Dây BIGGBEN Da Bò Thật Cao Cấp GT247,749000.0,850000.0,101000.0,5.0,1,9460,,https://tiki.vngiay-tay-nam-cot-day-biggben-da-bo-that-cao-cap-gt247-p270247288.html?spid=270247294,giày tây nam cột dây
270228902,Giày Mọi Nam Da Bò Thật BIGGBEN Cao Cấp GM295,749000.0,800000.0,51000.0,5.0,1,9460,,https://tiki.vngiay-moi-nam-da-bo-that-biggben-cao-cap-gm295-p270228902.html?spid=270228908,giày nam da bò biggben
270215110,Giày Mọi Nam Da Bò Thật BIGGBEN Cao Cấp GM291,749000.0,850000.0,101000.0,0.0,0,9460,,https://tiki.vngiay-moi-nam-da-bo-that-biggben-cao-cap-gm291-p270215110.html?spid=270215134,giày nam da bò biggben
204644956,DÉP DA BÒ CAO CẤP VATIS VA2035,199000.0,299000.0,100000.0,5.0,1,274160,,https://tiki.vndep-da-bo-cao-cap-vatis-va2035-p204644956.html?spid=204644970,dép da bò cao cấp vatis
203387386,Giày Tây Nam Tăng Chiều Cao BIGGBEN Da Bò Thật Tăng 6cm GT232,849000.0,1200000.0,351000.0,5.0,2,9460,,https://tiki.vngiay-tay-nam-tang-chieu-cao-biggben-da-bo-that-tang-6cm-gt232-p203387386.html?spid=203387390,giày tây nam tăng chiều
186710231,Dép Nam Da Bò Thật May Đế BIGGBEN Cao Cấp DN314,370000.0,370000.0,0.0,0.0,0,9460,,https://tiki.vndep-nam-da-bo-that-may-de-biggben-cao-cap-dn314-p186710231.html?spid=186710237,dép nam da bò may đế
177635194,Dép Nam Bít Mũi Da Bò Thật BIGGBEN Cao Cấp DN303,390000.0,390000.0,0.0,4.7,3,9460,,https://tiki.vndep-nam-bit-mui-da-bo-that-biggben-cao-cap-dn303-p177635194.html?spid=177635202,dép nam bít mũi
145964008,Dép VENTO Nam Nữ Quai Ngang Xuất Khẩu AD32,215000.0,215000.0,0.0,0.0,0,51843,,https://tiki.vndep-vento-nam-nu-quai-ngang-xuat-khau-ad32-p145964008.html?spid=145964026,dép vento nam nữ quai ngang
145700362,Giày Wika QH19 NEO xanh lam,429000.0,429000.0,0.0,0.0,0,247698,,https://tiki.vngiay-wika-qh19-neo-xanh-lam-p145700362.html?spid=145700370,giày wika qh19 neo
72130596,Giày Mọi Nam Da Bò BIGGBEN Cao Cấp GM253,700000.0,700000.0,0.0,0.0,0,9460,,https://tiki.vngiay-moi-nam-da-bo-biggben-cao-cap-gm253-p72130596.html?spid=72130608,giày nam da bò biggben
48316896,Giày Mọi Nam BIGGBEN Da Bò Thật GM225,700000.0,700000.0,0.0,4.0,1,9460,,https://tiki.vngiay-moi-nam-biggben-da-bo-that-gm225-p48316896.html?spid=48316908,giày nam biggben da bò
36768986,GIÀY LƯỜI DOLO MEN VTL07,1450000.0,1450000.0,0.0,0.0,0,17989,,https://tiki.vngiay-luoi-dolo-men-vtl07-p36768986.html?spid=36769006,giày lười dolo men
36762405,Giày Dolo Men XGL10,1650000.0,1650000.0,0.0,0.0,0,17989,,https://tiki.vngiay-dolo-men-xgl10-p36762405.html?spid=36762413,giày dolo men
27769016,Dép Nam BIGGBEN Da Bò Thật Cao Cấp DN208,319000.0,400000.0,81000.0,4.3,33,9460,,https://tiki.vndep-nam-biggben-da-bo-that-cao-cap-dn208-p27769016.html?spid=27769026,dép nam biggben da bò
27606654,Giày Mọi Nam BiGGBEN Da Bò Thật Cao Cấp GM197,650000.0,650000.0,0.0,0.0,0,9460,,https://tiki.vngiay-moi-nam-biggben-da-bo-that-cao-cap-gm197-p27606654.html?spid=27606656,giày nam biggben da bò
27578556,Giày Tây Nam BiGGBEN Da Bò Thật  Cao Cấp GT141,650000.0,650000.0,0.0,0.0,0,9460,,https://tiki.vngiay-tay-nam-biggben-da-bo-that-cao-cap-gt141-p27578556.html?spid=27578564,giày tây nam biggben da bò
27178716,Giày Tây Nam BiGGBEN Da Bò Thật  Cao Cấp GT139,650000.0,650000.0,0.0,0.0,0,9460,,https://tiki.vngiay-tay-nam-biggben-da-bo-that-cao-cap-gt139-p27178716.html?spid=27178728,giày tây nam biggben da bò
23029296,Giày Mọi Nam BiGGBEN Da Bò Thật Cao Cấp GM177,700000.0,700000.0,0.0,0.0,0,9460,,https://tiki.vngiay-moi-nam-biggben-da-bo-that-cao-cap-gm177-p23029296.html?spid=23029300,giày nam biggben da bò
16875034,Giày Mọi Nam BiGGBEN Da Bò Thật Cao Cấp GM167,750000.0,750000.0,0.0,0.0,0,9460,,https://tiki.vngiay-moi-nam-biggben-da-bo-that-cao-cap-gm167-p16875034.html?spid=16875040,giày nam biggben da bò
16734581,Dép Nam May Đế BIGGBEN Da Bò Thật Cao Cấp DN154,399000.0,450000.0,51000.0,0.0,0,9460,,https://tiki.vndep-nam-may-de-biggben-da-bo-that-cao-cap-dn154-p16734581.html?spid=16734591,dép nam may đế biggben
15263378,Giày Tây Nam BiGGBEN Da Bò Thật GT116,700000.0,700000.0,0.0,0.0,0,9460,,https://tiki.vngiay-tay-nam-biggben-da-bo-that-gt116-p15263378.html?spid=15263386,giày tây nam biggben da bò
15258297,Giày Tây Nam BiGGBEN Da Bò Thật GT111,700000.0,700000.0,0.0,0.0,0,9460,,https://tiki.vngiay-tay-nam-biggben-da-bo-that-gt111-p15258297.html?spid=15258309,giày tây nam biggben da bò
14004841,Giày Tây Cột Dây Nam Da Bò Thật GT107,650000.0,650000.0,0.0,5.0,1,9460,,https://tiki.vngiay-tay-cot-day-nam-da-bo-that-gt107-p14004841.html?spid=14004843,giày tây cột dây
8407712,Giày Sandal Nam BIGGBEN Da Bò Thật SD68,369000.0,400000.0,31000.0,4.5,23,9460,,https://tiki.vngiay-sandal-nam-biggben-da-bo-that-sd68-p8407712.html?spid=8407714,giày sandal nam biggben
8051241,Giày Mọi Đế Âm Nam BIGGBEN Da Bò Thật GM118,700000.0,700000.0,0.0,0.0,0,9460,,https://tiki.vngiay-moi-de-am-nam-biggben-da-bo-that-gm118-p8051241.html?spid=8051249,giày đế âm nam biggben
6039837,Dép SaBo Nam BIGGBEN Da Bò Thật Cao Cấp SB08,369900.0,400000.0,30100.0,0.0,0,9460,,https://tiki.vndep-sabo-nam-biggben-da-bo-that-cao-cap-sb08-p6039837.html?spid=6039861,dép sabo nam biggben
2597639,Giày Sandal Nam Da Bò Cao Cấp SUNPOLO SUSDA19D - Đen (Size,610000.0,610000.0,0.0,4.0,1,1827,,https://tiki.vngiay-sandal-nam-da-bo-cao-cap-sunpolo-susda19d-den-p2597639.html?spid=2665651,giày sandal nam da bò
2597523,Dép Nam Quai Ngang Da Bò SUNPOLO SUD24N - Nâu (Size,480000.0,480000.0,0.0,4.5,4,1827,,https://tiki.vndep-nam-quai-ngang-da-bo-sunpolo-sud24n-nau-p2597523.html?spid=2665509,dép nam quai ngang da
278091766,Giày MICHILUX Da Bò Thật Chính Hãng Horse Bit Moccasin CSHM0 Màu Nâu Bò,790000.0,790000.0,0.0,0.0,0,362302,,https://tiki.vngiay-michilux-da-bo-that-chinh-hang-horse-bit-moccasin-cshm0-mau-nau-bo-p278091766.html?spid=278091774,giày michilux da bò
278091229,Giày MICHILUX Da Bò Thật Chính Hãng Penny Loafer CIEPL Màu Đen,800000.0,800000.0,0.0,0.0,0,362302,,https://tiki.vngiay-michilux-da-bo-that-chinh-hang-penny-loafer-ciepl-mau-den-p278091229.html?spid=278091245,giày michilux da bò
277566393,Giày Mọi Nam Da Bò Thật BIGGBEN Cao Cấp GM319,749000.0,1000000.0,251000.0,0.0,0,9460,,https://tiki.vngiay-moi-nam-da-bo-that-biggben-cao-cap-gm319-p277566393.html?spid=277566407,giày nam da bò biggben
277566199,Giày Mọi Nam Da Bò Thật BIGGBEN Cao Cấp GM318,749000.0,1000000.0,251000.0,0.0,0,9460,,https://tiki.vngiay-moi-nam-da-bo-that-biggben-cao-cap-gm318-p277566199.html?spid=277566201,giày nam da bò biggben
275835289,Dép Nam Quai Ngang BIGGBEN Da Bò Thật DN355,329000.0,500000.0,171000.0,0.0,0,9460,,https://tiki.vndep-nam-quai-ngang-biggben-da-bo-that-dn355-p275835289.html?spid=275835309,dép nam quai ngang biggben
275406232,Giày Tây Nam BIGGBEN Da Bò Thật Cao Cấp GT262,729000.0,800000.0,71000.0,0.0,0,9460,,https://tiki.vngiay-tay-nam-biggben-da-bo-that-cao-cap-gt262-p275406232.html?spid=275406242,giày tây nam biggben da bò
270260613,Dép Bít Đầu Nam BIGGBEN Da Bò Thật Cao Cấp SB124,449000.0,500000.0,51000.0,0.0,0,9460,,https://tiki.vndep-bit-dau-nam-biggben-da-bo-that-cao-cap-sb124-p270260613.html?spid=270260617,dép bít đầu nam
262687122,Dép xỏ ngón Domba Moss+ Đen (Beige) MO-3209,499000.0,499000.0,0.0,0.0,0,21110,,https://tiki.vndep-xo-ngon-domba-moss-den-beige-mo-3209-p262687122.html?spid=262687125,dép xỏ ngón domba
250102315,Dép Nam Quai Ngang BIGGBEN Da Bò Thật Cao Cấp DN336,400000.0,400000.0,0.0,0.0,0,9460,,https://tiki.vndep-nam-quai-ngang-biggben-da-bo-that-cao-cap-dn336-p250102315.html?spid=250102341,dép nam quai ngang biggben
206242529,Sandal Nam Hunter Neon Collection DEMH01300,495000.0,495000.0,0.0,0.0,0,174218,,https://tiki.vnsandal-nam-hunter-neon-collection-demh01300-p206242529.html?spid=206242551,sandal nam hunter neon
193629653,Giày dép Sandals Vento ALPHA I Teen/Trẻ em màu Đen đi học/đi dã ngoại/đi chơi SD08001,365000.0,365000.0,0.0,0.0,0,171497,,https://tiki.vngiay-dep-sandals-vento-alpha-i-teen-tre-em-mau-den-di-hoc-di-da-ngoai-di-choi-p193629653.html?spid=193629706,giày dép sandals vento alpha
190541766,Dép quai kẹp đế cao su Bitis nam,280000.0,280000.0,0.0,0.0,0,174218,,https://tiki.vndep-quai-kep-de-cao-su-bitis-nam-p190541766.html?spid=190541772,dép quai kẹp đế cao su bitis
186743859,Giày Tây Nam Da Bò Thật BIGGBEN Cao Cấp GT224,699000.0,800000.0,101000.0,0.0,0,9460,,https://tiki.vngiay-tay-nam-da-bo-that-biggben-cao-cap-gt224-p186743859.html?spid=186743871,giày tây nam da bò biggben
173609087,DÉP DA BÒ CAO CẤP VATIS VA2011,150000.0,299000.0,149000.0,3.5,2,274160,,https://tiki.vndep-da-bo-cao-cap-vatis-va2011-p173609087.html?spid=173609091,dép da bò cao cấp vatis
144354367,Dép nam quai ngang Trường Hải da bò thật màu Nâu Đế cao  su không trơn cao 2.5cm may đế chắc chắn  DN135,295000.0,295000.0,0.0,0.0,0,11395,,https://tiki.vndep-nam-quai-ngang-truong-hai-da-bo-that-mau-nau-de-cao-su-khong-tron-cao-2-5cm-may-de-chac-chan-dn135-p144354367.html?spid=144354379,dép nam quai ngang trường
144353469,Giày tây nam BIGSIZE Trường Hải mũi nhọn da bò thật Màu đen đế cao su không trơn may chắc chắn GT146,550000.0,550000.0,0.0,0.0,0,11395,,https://tiki.vngiay-tay-nam-bigsize-truong-hai-mui-nhon-da-bo-that-mau-den-de-cao-su-khong-tron-may-chac-chan-gt146-p144353469.html?spid=144353473,giày tây nam bigsize trường
141237403,Giày tây nam công sở da bò thật BIGGBEN GT215,600000.0,600000.0,0.0,0.0,0,9460,,https://tiki.vngiay-tay-nam-cong-so-da-bo-that-biggben-gt215-p141237403.html?spid=141237407,giày tây nam công sở da bò
107907456,Giày tây nam công sở da bò BIGGBEN cao cấp GT208,699000.0,800000.0,101000.0,0.0,0,9460,,https://tiki.vngiay-tay-nam-cong-so-da-bo-biggben-cao-cap-gt208-p107907456.html?spid=107907464,giày tây nam công sở da bò
91210262,Giày tây nam công sở da bò BIGGBEN cao cấp GT207,699000.0,800000.0,101000.0,4.7,3,9460,,https://tiki.vngiay-tay-nam-cong-so-da-bo-biggben-cao-cap-gt207-p91210262.html?spid=91210268,giày tây nam công sở da bò
91205854,Giày tây nam công sở da bò BIGGBEN cao cấp GT206,770000.0,770000.0,0.0,0.0,0,9460,,https://tiki.vngiay-tay-nam-cong-so-da-bo-biggben-cao-cap-gt206-p91205854.html?spid=91205860,giày tây nam công sở da bò
59177312,Giày Tây Nam Tăng Chiều Cao Da Bò BIGGBEN Cao Cấp GT191,945000.0,1000000.0,55000.0,0.0,0,9460,,https://tiki.vngiay-tay-nam-tang-chieu-cao-da-bo-biggben-cao-cap-gt191-p59177312.html?spid=59177318,giày tây nam tăng chiều
55143832,Giày Tây Nam Da Bò BIGGBEN Cao Cấp GT181,740000.0,740000.0,0.0,0.0,0,9460,,https://tiki.vngiay-tay-nam-da-bo-biggben-cao-cap-gt181-p55143832.html?spid=55143836,giày tây nam da bò biggben
52104902,Dép Nam BIGGBEN Da Bò Thật Cao Cấp DN228,360000.0,360000.0,0.0,0.0,0,9460,,https://tiki.vndep-nam-biggben-da-bo-that-cao-cap-dn228-p52104902.html?spid=52104910,dép nam biggben da bò
48319377,Dép Nam Da Bò BIGGBEN Cao Cấp DN225,319000.0,400000.0,81000.0,4.6,11,9460,,https://tiki.vndep-nam-da-bo-biggben-cao-cap-dn225-p48319377.html?spid=48319379,dép nam da bò biggben
36768905,GIÀY DOLO MEN XGL06,1480000.0,1480000.0,0.0,0.0,0,17989,,https://tiki.vngiay-dolo-men-xgl06-p36768905.html?spid=36768907,giày dolo men
21981576,Dép nam da đà điểu Huy Hoàng màu nâu đỏ HT7416,629300.0,899000.0,269700.0,0.0,0,1867,,https://tiki.vndep-nam-da-da-dieu-huy-hoang-mau-nau-do-hp7416-p21981576.html?spid=21981586,dép nam da đà điểu
21981220,Dép nam Huy Hoàng da đà điểu màu đen HT7413,629300.0,899000.0,269700.0,0.0,0,1867,,https://tiki.vndep-nam-huy-hoang-da-da-dieu-mau-den-ht7413-p21981220.html?spid=21981228,dép nam huy hoàng da
19412338,Dép Nam BIGGBEN Da Bò Thật Cao Cấp DN162,329000.0,400000.0,71000.0,0.0,0,9460,,https://tiki.vndep-nam-biggben-da-bo-that-cao-cap-dn162-p19412338.html?spid=19412350,dép nam biggben da bò
7387093,Giày Tây Nam BIGGBEN Da Bò Thật Cao Cấp GT65,799000.0,1000000.0,201000.0,0.0,0,9460,,https://tiki.vngiay-tay-tang-chieu-cao-biggben-da-bo-that-cao-cap-gt65-p7387093.html?spid=7387117,giày tây nam biggben da bò
7385635,Giày Tây Tăng Chiều Cao Nam BIGGBEN Da Bò Thật GT69,799000.0,1100000.0,301000.0,0.0,0,9460,,https://tiki.vngiay-tay-tang-chieu-cao-nam-biggben-da-bo-that-gt69-p7385635.html?spid=7385651,giày tây tăng chiều cao
7303617,Dép Nam BIGGBEN Da Bò Thật Cao Cấp DN80,399000.0,450000.0,51000.0,4.2,13,9460,,https://tiki.vndep-nam-biggben-da-bo-that-cao-cap-dn80-p7303617.html?spid=7303625,dép nam biggben da bò
5737749,Giày Tây Nam BIGGBEN Da Bò Thật GT06,700000.0,700000.0,0.0,0.0,0,9460,,https://tiki.vngiay-tay-nam-biggben-da-bo-that-gt06-p5737749.html?spid=5737773,giày tây nam biggben da bò
2680737,Dép Nam Da Bò Quai Hậu Huy Hoàng HT7731 - Da Bò,559000.0,559000.0,0.0,5.0,1,1867,,https://tiki.vndep-nam-da-bo-quai-hau-huy-hoang-ht7731-da-bo-p2680737.html?spid=2680753,dép nam da bò quai hậu
2556813,Dép Nam Quai Ngang Da Bò SUNPOLO SUD12D,520000.0,520000.0,0.0,5.0,1,1827,,https://tiki.vndep-nam-quai-ngang-da-bo-sunpolo-sud12-p2556813.html?spid=2614807,dép nam quai ngang da
1999635,Giày Sabo Nam Huy Hoàng HT7125 - Đen (Size,629000.0,629000.0,0.0,0.0,0,1867,,https://tiki.vngiay-sabo-nam-huy-hoang-ht7125-den-p1999635.html?spid=2007487,giày sabo nam huy hoàng
1999523,Giày Mọi Nam Huy Hoàng HT7117 - Trắng (Size,909000.0,909000.0,0.0,0.0,0,1867,,https://tiki.vngiay-moi-nam-huy-hoang-ht7117-trang-p1999523.html?spid=2007345,giày nam huy hoàng ht7117
1999481,Giày Mọi Nam Huy Hoàng HT7114 - Nâu Đen (Size,909000.0,909000.0,0.0,5.0,1,1867,,https://tiki.vngiay-moi-nam-huy-hoang-ht7114-nau-den-p1999481.html?spid=2007377,giày nam huy hoàng ht7114
1999411,Giày Tây Nam Huy Hoàng HT7108 - Nâu (Size,909000.0,909000.0,0.0,0.0,0,1867,,https://tiki.vngiay-tay-nam-huy-hoang-ht7108-nau-p1999411.html?spid=2007311,giày tây nam huy hoàng ht7108
1999383,Giày Tây Nam Huy Hoàng HT7106 - Đen (Size,909000.0,909000.0,0.0,0.0,0,1867,,https://tiki.vngiay-tay-nam-huy-hoang-ht7106-den-p1999383.html?spid=2007213,giày tây nam huy hoàng ht7106
1589773,Giày Tây Nam Da Bò SUNPOLO SU3020N - Nâu,890000.0,890000.0,0.0,5.0,1,1827,,https://tiki.vngiay-tay-nam-da-bo-sunpolo-su3020n-nau-p1589773.html?spid=1592747,giày tây nam da bò sunpolo
278619915,Dép xỏ ngón nam da bò 2 màu nâu đen XN115 đế nhẹ thoáng khí,299000.0,299000.0,0.0,0.0,0,11395,,https://tiki.vndep-xo-ngon-nam-da-bo-2-mau-nau-den-xn115-de-nhe-thoang-khi-p278619915.html?spid=278619933,dép xỏ ngón nam
278566701,"Dép nam quai ngang đế kếp 2cm may viền Trường Hải 2 màu nâu, đen DC140",299000.0,299000.0,0.0,0.0,0,11395,,https://tiki.vndep-nam-quai-ngang-de-kep-2cm-may-vien-truong-hai-2-mau-nau-den-dc140-p278566701.html?spid=278566717,dép nam quai ngang đế
275477415,Dép nam đế cao 3cm da bò thật may viền Trường Hải màu đen DN145,379000.0,379000.0,0.0,0.0,0,11395,,https://tiki.vndep-nam-de-cao-3cm-da-bo-that-may-vien-truong-hai-mau-den-dn145-p275477415.html?spid=275477434,dép nam đế cao
272420562,Dép nam bít mũi xỏ ngón da bò Trường Hải đế cao 3cm màu đen DBM175,399000.0,399000.0,0.0,0.0,0,11395,,https://tiki.vndep-nam-bit-mui-xo-ngon-da-bo-truong-hai-de-cao-3cm-mau-den-dbm175-p272420562.html?spid=272420574,dép nam bít mũi
248088090,Dép nam quai ngang da bò đế cao 2.5cm màu đen Trường Hải DN110,239000.0,239000.0,0.0,0.0,0,11395,,https://tiki.vndep-nam-quai-ngang-da-bo-de-cao-2-5cm-mau-den-truong-hai-dn110-p248088090.html?spid=248088100,dép nam quai ngang da
248087888,"Dép xỏ ngón nam da bò Trường Hải đế doctor cao 3cm có 2 màu đen , nâu DXN125",299000.0,299000.0,0.0,0.0,0,11395,,https://tiki.vndep-xo-ngon-nam-da-bo-truong-hai-de-doctor-cao-3cm-co-2-mau-den-nau-dxn125-p248087888.html?spid=248087896,dép xỏ ngón nam
197258994,Giày Sandal Nam The Bily 3 Quai Ngang - Đế Trắng Lót Đen Màu Xám BLDTMD04,349000.0,349000.0,0.0,5.0,2,196712,,https://tiki.vngiay-sandal-nam-the-bily-3-quai-ngang-de-trang-lot-den-mau-xam-bldtmd04-p197258994.html?spid=197259002,giày sandal nam the
197170243,Giày Sandal Nam The Bily Quai Ngang - Đế Trắng Lót Đen Màu Xám BLDTMD03,339000.0,339000.0,0.0,0.0,0,196712,,https://tiki.vngiay-sandal-nam-the-bily-quai-ngang-de-trang-lot-den-mau-xam-bldtmd03-p197170243.html?spid=197170249,giày sandal nam the
197169829,Giày Sandal Nam The Bily Quai Chéo - Đế Trắng Lót Đen Màu Xám BLDTMD01,319000.0,319000.0,0.0,0.0,0,196712,,https://tiki.vngiay-sandal-nam-the-bily-quai-cheo-de-trang-lot-den-mau-xam-bldtmd01-p197169829.html?spid=197169835,giày sandal nam the
194959989,Dép  xỏ ngón nam da bò Trường Hải màu đen mặt đúc đế cao 2.5cm thời trang nam K146,379000.0,379000.0,0.0,0.0,0,11395,,https://tiki.vndep-xo-ngon-nam-da-bo-truong-hai-mau-den-mat-duc-de-cao-2-5cm-thoi-trang-nam-k146-p194959989.html?spid=194959999,dép xỏ ngón nam
182147926,Dép da nam quai ngang thời trang da bò thật màu nâu chính hãng Trường Hải QN157,349000.0,349000.0,0.0,5.0,1,11395,,https://tiki.vndep-da-nam-quai-ngang-thoi-trang-da-bo-that-mau-nau-chinh-hang-truong-hai-qn157-p182147926.html?spid=182147928,dép da nam quai ngang
182144498,Dép nam quai ngang một bản Trường Hải màu đen da bò thật QN145,349000.0,349000.0,0.0,0.0,0,11395,,https://tiki.vndep-nam-quai-ngang-mot-ban-truong-hai-mau-den-da-bo-that-qn145-p182144498.html?spid=182144506,dép nam quai ngang
182144405,Dép nam xỏ ngón da bò màu đen may viền chính hãng Trường Hải XN159,379000.0,379000.0,0.0,5.0,2,11395,,https://tiki.vndep-nam-xo-ngon-da-bo-mau-den-may-vien-chinh-hang-truong-hai-xn159-p182144405.html?spid=182144407,dép nam xỏ ngón
180394125,Dép nam quai ngang  1 bản da bò thật màu đen Trường Hải mặt đúc chịu nước QN150,339000.0,339000.0,0.0,0.0,0,11395,,https://tiki.vndep-nam-quai-ngang-1-ban-da-bo-that-mau-den-truong-hai-mat-duc-chiu-nuoc-qn150-p180394125.html?spid=180394131,dép nam quai ngang
172474462,Giày Sandal Nam The Bily 3 Quai Ngang - Màu Trắng BL04,349000.0,349000.0,0.0,5.0,2,196712,,https://tiki.vngiay-sandal-nam-the-bily-04-quai-ngang-mau-trang-bl04t-p172474462.html?spid=172474464,giày sandal nam the
172472682,Giày Sandal Nam The Bily 3 Quai Ngang - Màu Xám Thổ Cẩm BL04,349000.0,349000.0,0.0,5.0,2,196712,,https://tiki.vngiay-sandal-nam-the-bily-04-quai-ngang-mau-xam-tho-cam-bl04xtc-p172472682.html?spid=172472692,giày sandal nam the
143786897,Dép nam xỏ ngón màu nâu Trường Hải quai dép da bò thật đế cao 2.5cm  thời trang nam cao cấp D135N,259000.0,259000.0,0.0,5.0,2,11395,,https://tiki.vndep-nam-xo-ngon-mau-nau-truong-hai-quai-dep-da-bo-that-de-cao-2-5cm-thoi-trang-nam-cao-cap-d135n-p143786897.html?spid=143786909,dép nam xỏ ngón
143494259,"HJ7248-49-50-51 - Giày nam Huy Hoàng da cá sấu da bụng màu đen, nâu đỏ, vàng, nâu đất",4899300.0,6999000.0,2099700.0,0.0,0,223818,,https://tiki.vnhj7248-49-50-51-giay-nam-huy-hoang-da-ca-sau-da-bung-mau-den-nau-do-vang-nau-dat-p143494259.html?spid=143494283,hj7248 49 51 giày
143325262,HJD7169-70-71 - Dép nam xỏ ngón nhiều màu,342300.0,489000.0,146700.0,0.0,0,223818,,https://tiki.vnhjd7169-70-71-dep-nam-xo-ngon-nhieu-mau-p143325262.html?spid=143325284,hjd7169 71 dép nam
124328856,Dép nam Huy Hoàng da bò có quai hậu màu da HP7731,391300.0,559000.0,167700.0,0.0,0,223818,,https://tiki.vndep-nam-huy-hoang-da-bo-co-quai-hau-mau-da-hp7731-p124328856.html?spid=124328887,dép nam huy hoàng da bò
120049739,"Giày nam vân cá sấu Huy Hoàng màu vàng bò, đen HT7130-59",685300.0,979000.0,293700.0,0.0,0,1867,,https://tiki.vnhp7130-59-giay-nam-van-ca-sau-huy-hoang-mau-vang-den-p120049739.html?spid=120049884,giày nam vân cá sấu huy hoàng
120048833,"Dép nam da đà điểu Huy Hoàng da hột màu đen, nâu đất, vàng bò, nâu đỏ HT7413-14-15-16",629300.0,899000.0,269700.0,0.0,0,1867,,https://tiki.vnhp7413-14-15-16-dep-nam-da-da-dieu-huy-hoang-da-hot-mau-den-nau-dat-vang-bo-nau-do-p120048833.html?spid=120049029,dép nam da đà điểu
120048670,"Giày tây nam Huy Hoàng viền chỉ màu nâu, đen HT7705-06",909000.0,909000.0,0.0,0.0,0,1867,,https://tiki.vnhp7705-06-giay-tay-nam-huy-hoang-vien-chi-mau-nau-den-p120048670.html?spid=120048696,giày tây nam huy hoàng viền
49204444,Giày Tây Nam Da Bò Sunpolo SUMU8003,1620000.0,1620000.0,0.0,5.0,2,1827,,https://tiki.vngiay-tay-nam-da-bo-sunpolo-sumu8003-p49204444.html?spid=49204524,giày tây nam da bò sunpolo
44573596,Dép nam Huy Hoàng da trăn màu đan nguyên thủy HT7306,594300.0,849000.0,254700.0,4.0,1,1867,,https://tiki.vndep-nam-huy-hoang-da-tran-mau-dan-nguyen-thuy-ht7306-p44573596.html?spid=44573608,dép nam huy hoàng da trăn
44573538,Giày nam Huy Hoàng da bò vân đà điểu màu đen HT7795,909000.0,909000.0,0.0,0.0,0,1867,,https://tiki.vngiay-sabo-nam-huy-hoang-mau-den-ht7795-p44573538.html?spid=44573540,giày nam huy hoàng da bò
21981561,Dép nam da đà điểu Huy Hoàng màu vàng bò HT7415,899000.0,899000.0,0.0,0.0,0,1867,,https://tiki.vndep-nam-da-da-dieu-huy-hoang-mau-vang-bo-ht7415-p21981561.html?spid=21981571,dép nam da đà điểu
2681509,Giày Mọi Nam Da Bò Huy Hoàng HT7781 - Đen,636300.0,909000.0,272700.0,0.0,0,1867,,https://tiki.vngiay-moi-nam-da-bo-huy-hoang-ht7781-den-p2681509.html?spid=2681521,giày nam da bò huy hoàng
2680033,Dép Nam Da Cá Sấu Huy Hoàng HT7221 - Nâu Đỏ,1099000.0,1099000.0,0.0,0.0,0,1867,,https://tiki.vndep-nam-da-ca-sau-huy-hoang-ht7221-nau-do-p2680033.html?spid=2680037,dép nam da cá sấu
2023915,Giày Mọi Nam Đế Âm Huy Hoàng HT7774 - Nâu Đỏ,1119000.0,1119000.0,0.0,0.0,0,1867,,https://tiki.vngiay-moi-nam-de-am-huy-hoang-ht7774-nau-do-p2023915.html?spid=2025637,giày nam đế âm huy hoàng ht7774
2022905,Giày Nam Đan 3 Dây Huy Hoàng HT7736 - Đen,979000.0,979000.0,0.0,0.0,0,1867,,https://tiki.vngiay-nam-dan-3-day-huy-hoang-ht7736-den-p2022905.html?spid=2025181,giày nam đan dây
2022807,Dép Xỏ Ngón Đan Viền Nam Huy Hoàng HT7727 - Nâu,519000.0,519000.0,0.0,5.0,1,1867,,https://tiki.vndep-xo-ngon-dan-vien-nam-huy-hoang-ht7727-nau-p2022807.html?spid=2024977,dép xỏ ngón đan
2021257,Dép Nam Da Cá Sấu Móng Tay Huy Hoàng HT7216 - Nâu Đất,1679000.0,1679000.0,0.0,0.0,0,1867,,https://tiki.vndep-nam-da-ca-sau-mong-tay-huy-hoang-ht7216-nau-dat-p2021257.html?spid=2021789,dép nam da cá sấu
2021229,Dép Nam Da Cá Sấu Móng Tay Huy Hoàng HT7214 - Nâu Đỏ,1199000.0,1199000.0,0.0,0.0,0,1867,,https://tiki.vndep-nam-da-ca-sau-mong-tay-huy-hoang-ht7214-nau-do-p2021229.html?spid=2021763,dép nam da cá sấu
2020977,Giày Nam Vân Da Trăn Huy Hoàng HT7195 - Đen,1119000.0,1119000.0,0.0,5.0,1,1867,,https://tiki.vngiay-nam-van-da-tran-huy-hoang-ht7195-den-p2020977.html?spid=2021509,giày nam vân da trăn huy hoàng
2020963,Giày Nam Thắt Nơ Huy Hoàng HT7194 - Đen,1119000.0,1119000.0,0.0,5.0,1,1867,,https://tiki.vngiay-nam-that-no-huy-hoang-ht7194-den-p2020963.html?spid=2021499,giày nam thắt nơ huy hoàng
2001403,Giày Tây Nam Huy Hoàng HT7163 - Đen (Size,636300.0,909000.0,272700.0,0.0,0,1867,,https://tiki.vngiay-tay-nam-huy-hoang-ht7163-den-p2001403.html?spid=2007633,giày tây nam huy hoàng ht7163
2001361,Giày Nam Thời Trang Huy Hoàng HT7160 - Đen (Size,636300.0,909000.0,272700.0,5.0,2,1867,,https://tiki.vngiay-nam-thoi-trang-huy-hoang-ht7160-den-p2001361.html?spid=2007599,giày nam thời trang huy hoàng
1999791,Dép Nam Quai Ngang Huy Hoàng HT7136 - Nâu (Size,489000.0,489000.0,0.0,4.0,1,1867,,https://tiki.vndep-nam-quai-ngang-huy-hoang-ht7136-nau-p1999791.html?spid=2008361,dép nam quai ngang huy hoàng
1999397,Giày Tây Nam Huy Hoàng HT7107 - Đen (Size,636300.0,909000.0,272700.0,5.0,2,1867,,https://tiki.vngiay-tay-nam-huy-hoang-ht7107-den-p1999397.html?spid=2007323,giày tây nam huy hoàng ht7107
278570812,Dép Xỏ Ngón Nam Da Bò Thật BIGGBEN Cao Cấp DK100,289000.0,400000.0,111000.0,0.0,0,9460,,https://tiki.vndep-xo-ngon-nam-da-bo-that-biggben-cao-cap-dk100-p278570812.html?spid=278570824,dép xỏ ngón nam
278462269,Giày Tây Nam Không Dây Đai Ngang ( Xả Kho ) - Da Mềm Đế Cao Su Mềm Mã D02-PVC,600000.0,600000.0,0.0,0.0,0,20142,,https://tiki.vngiay-tay-nam-khong-day-dai-ngang-xa-kho-da-mem-de-cao-su-mem-ma-d02-pvc-p278462269.html?spid=278462279,giày tây nam dây đai
277586271,Dép nam quai ngang khóa cài BHD2308,350000.0,350000.0,0.0,0.0,0,8035,,https://tiki.vndep-nam-quai-ngang-khoa-cai-bhd2308-p277586271.html?spid=277586277,dép nam quai ngang khóa
277439673,Dép Nam Quai Kẹp Da Bò Sang Trọng Phong Cách Trẻ Trung Tiện Lợi Êm Chân (có bán sỉ),280000.0,280000.0,0.0,0.0,0,2676,,https://tiki.vndep-nam-quai-kep-da-bo-sang-trong-phong-cach-tre-trung-tien-loi-em-chan-co-ban-si-p277439673.html?spid=277439685,dép nam quai kẹp da bò
276671495,Dép quai ngang Biti's nam (38-44),335000.0,335000.0,0.0,0.0,0,174218,,https://tiki.vndep-quai-ngang-biti-s-nam-38-44-p276671495.html?spid=276671497,dép quai ngang biti
276008160,Tất nam/nữ cotton dày dặn co dãn tốt đơn giản hằng ngày - combo 5 đôi tặng kèm hộp,22500.0,22500.0,0.0,0.0,0,6615,,https://tiki.vntat-nam-nu-cotton-day-dan-co-dan-tot-don-gian-hang-ngay-combo-5-doi-tang-kem-hop-p276008160.html?spid=276008164,tất nam nữ cotton dày dặn
276007841,Tất cổ cao nam nữ cotton dày dặn mẫu chữ đơn giản - combo 3 đôi tặng kèm túi zip,27500.0,27500.0,0.0,0.0,0,6615,,https://tiki.vntat-co-cao-nam-nu-cotton-day-dan-mau-chu-don-gian-combo-3-doi-tang-kem-tui-zip-p276007841.html?spid=276007843,tất cổ cao nam nữ cotton
275287571,Bịch 80 Khăn Lau Giày Sneaker Trắng Sạch Spunlace RO Vệ Sinh Giày Dép Đa Năng Tiện Lợi,45000.0,75000.0,30000.0,0.0,0,167037,,https://tiki.vnbich-80-khan-lau-giay-sneaker-trang-sach-spunlace-ro-ve-sinh-giay-dep-da-nang-tien-loi-p275287571.html?spid=275287573,bịch khăn lau giày
274849968,"Dép Nam Quai Ngang Bảo Hân, Kiểu Dáng Thanh Lịch, 2 Màu Đen,Nâu, Slipper Đế Bằng Khâu Đế Mã DE09",580000.0,580000.0,0.0,0.0,0,20142,,https://tiki.vndep-nam-quai-ngang-bao-han-kieu-dang-thanh-lich-2-mau-den-nau-slipper-de-bang-khau-de-ma-de09-p274849968.html?spid=274850865,dép nam quai ngang bảo hân
273872769,Giày Sandal Nam Nữ Unisex The BiLy Quai Ngang Dây Dù Đế IP Siêu Êm Nhẹ Đế Trắng Màu Đen-BLDT09,349000.0,349000.0,0.0,0.0,0,196712,,https://tiki.vngiay-sandal-nam-nu-unisex-the-bily-quai-ngang-day-du-de-ip-sieu-em-nhe-de-trang-mau-den-bldt09-p273872769.html?spid=273872781,giày sandal nam nữ unisex
273839714,Giày Sandal Nam Nữ Unisex The BiLy Quai Ngang Dây Dù Đế IP Siêu Êm Nhẹ Đế Xám Màu Xám- BLDX07,349000.0,349000.0,0.0,0.0,0,196712,,https://tiki.vngiay-sandal-nam-nu-unisex-the-bily-quai-ngang-day-du-de-ip-sieu-em-nhe-de-xam-mau-xam-bldx07-p273839714.html?spid=273839730,giày sandal nam nữ unisex
273839585,Giày Sandal Nam Nữ Unisex The BiLy Quai Ngang Dây Dù Đế IP Siêu Êm Nhẹ Màu Đen- BL07 Đen,349000.0,349000.0,0.0,0.0,0,196712,,https://tiki.vngiay-sandal-nam-nu-unisex-the-bily-quai-ngang-day-du-de-ip-sieu-em-nhe-mau-den-bl07-den-p273839585.html?spid=273839587,giày sandal nam nữ unisex
270813922,Sandal  Bitis Hunter nam (39-44),499000.0,499000.0,0.0,0.0,0,174218,,https://tiki.vnsandal-bitis-hunter-nam-39-44-p270813922.html?spid=270813934,sandal bitis hunter nam
254114290,Dép nam quai ngang cao cấp KEEDO KDX13,290000.0,290000.0,0.0,0.0,0,183745,,https://tiki.vndep-nam-quai-ngang-cao-cap-keedo-kdx13-p254114290.html?spid=254114292,dép nam quai ngang cao cấp
197552499,Giày Sandal Nam The Bily 3 Quai Ngang - Đế Trắng Lót Đen Màu Đen BLDTMD04,349000.0,349000.0,0.0,5.0,2,196712,,https://tiki.vngiay-sandal-nam-the-bily-3-quai-ngang-de-trang-lot-den-mau-den-bldtmd04-p197552499.html?spid=197552505,giày sandal nam the
197170190,Giày Sandal Nam The Bily Quai Ngang - Đế Trắng Lót Đen Màu Trắng BLDTMD03,339000.0,339000.0,0.0,3.0,1,196712,,https://tiki.vngiay-sandal-nam-the-bily-quai-ngang-de-trang-lot-den-mau-trang-bldtmd03-p197170190.html?spid=197170192,giày sandal nam the
197170118,Giày Sandal Nam The Bily Quai Ngang - Đế Trắng Lót Đen Màu Đen BLDTMD03,339000.0,339000.0,0.0,1.0,1,196712,,https://tiki.vngiay-sandal-nam-the-bily-quai-ngang-de-trang-lot-den-mau-den-bldtmd03-p197170118.html?spid=197170122,giày sandal nam the
196349891,Dép  nam đế may sẵn da bò quai ngang cao cấp KEEDO NB202,485000.0,485000.0,0.0,0.0,0,183745,,https://tiki.vndep-nam-de-may-san-da-bo-quai-ngang-cao-cap-keedo-nb202-p196349891.html?spid=196349895,dép nam đế may sẵn
196272031,Dép nam quai ngang da cá sấu nam xịn KEEDO KDCS3,850000.0,850000.0,0.0,0.0,0,183745,,https://tiki.vndep-nam-quai-ngang-da-ca-sau-nam-xin-keedo-kdcs3-p196272031.html?spid=196272041,dép nam quai ngang da
191740391,Giày Sandal Nam The Bily Quai Chéo Đôi -  Đế Trắng Lót Đen Màu Trắng BLDTMD02,329000.0,329000.0,0.0,0.0,0,196712,,https://tiki.vngiay-sandal-nam-the-bily-quai-cheo-doi-de-trang-lot-den-mau-trang-bldtmd02-p191740391.html?spid=191740401,giày sandal nam the
190509261,Dép quai ngang hàng hiệu da bò thật KEEDO TN-9021 Full hộp,460000.0,460000.0,0.0,5.0,1,183745,,https://tiki.vndep-quai-ngang-hang-hieu-da-bo-that-keedo-tn-9021-p190509261.html?spid=190509271,dép quai ngang hàng hiệu
177319011,Túi thể thao đựng giày TN Bags TN.B 9002 túi đựng giày đá bóng tiện ích,229000.0,268000.0,39000.0,0.0,0,282558,,https://tiki.vntui-dung-giay-bong-da-2-ngan-tn-bags-tn-b-9002-tui-dung-giay-tien-loi-p177319011.html?spid=177319015,túi thể thao đựng giày
172472575,Giày Sandal Nam The Bily 3 Quai Ngang - Màu Xám BL04,349000.0,349000.0,0.0,4.6,5,196712,,https://tiki.vngiay-sandal-nam-the-bily-04-quai-ngang-mau-xam-bl04x-p172472575.html?spid=172472583,giày sandal nam the
166405891,Tất hài nam cao cấp LUPERI SP38 chất cotton co giãn thấm hút mồ hôi kháng khuẩn an toàn cho da,36000.0,36000.0,0.0,0.0,0,120615,,https://tiki.vntat-hai-nam-cao-cap-luperi-sp38-chat-cotton-co-gian-tham-hut-mo-hoi-khang-khuan-an-toan-cho-da-p166405891.html?spid=166405892,tất hài nam cao cấp luperi
155008229,Dép 2 Quai Ngang cao cấp KEEDO BH00505 da bò thật siêu bền,380000.0,380000.0,0.0,5.0,1,183745,,https://tiki.vndep-2-quai-ngang-cao-cap-keedo-bh00505-da-bo-that-sieu-ben-p155008229.html?spid=155008231,dép quai ngang cao cấp
120168794,Đón giày bằng sừng tay cầm đốt trúc VIP (Dài 20cm) DGH912 - Chuyên dụng cho giày cao cấp - Cho giày Nam & Nữ - Product of HAHANCO,129000.0,129000.0,0.0,4.0,1,253372,,https://tiki.vnvong-tay-nam-20ly-go-huyet-long-thau-quang-ruc-ro-truoc-dam-dong-hahanco-p120168794.html?spid=163870766,đón giày sừng tay cầm
55921394,Giày tây nam Trường Hải màu nâu da bò thật mềm mại không bong tróc đế cao su không trơn  GT541,515000.0,515000.0,0.0,5.0,1,11395,,https://tiki.vngiay-tay-nam-truong-hai-mau-nau-da-bo-that-mem-mai-khong-bong-troc-de-cao-su-khong-tron-gt541-p55921394.html?spid=55921404,giày tây nam trường hải màu
55749227,Giày mọi nam Trường Hải không dây màu nâu da bò thật cao cấp mềm mại đế cao su không trơn GM0498,525000.0,525000.0,0.0,5.0,2,11395,,https://tiki.vngiay-moi-nam-truong-hai-khong-day-mau-nau-da-bo-that-cao-cap-mem-mai-de-cao-su-khong-tron-gm0498-p55749227.html?spid=55749237,giày nam trường hải dây
55457169,Giày tây Nam Trường Hải không dây màu nâu da bò thật đế cao su không trơn may chắc chắn GT040,515000.0,515000.0,0.0,0.0,0,11395,,https://tiki.vngiay-tay-nam-truong-hai-khong-day-mau-nau-da-bo-that-de-cao-su-khong-tron-may-chac-chan-gt040-p55457169.html?spid=55457175,giày tây nam trường hải dây
55188819,Giày tây nam Trường Hải không dây da bò thật màu đen đế kếp mềm không trơn hàng may chắc chắn GT079,515000.0,515000.0,0.0,0.0,0,11395,,https://tiki.vngiay-tay-nam-truong-hai-khong-day-da-bo-that-mau-den-de-kep-mem-khong-tron-hang-may-chac-chan-gt079-p55188819.html?spid=55188831,giày tây nam trường hải dây
44935336,Giày tây nam Trường Hải da bò cao cấp GTN0596,539000.0,539000.0,0.0,4.0,1,11395,,https://tiki.vngiay-tay-nam-truong-hai-da-bo-cao-cap-gtn0596-p44935336.html?spid=44935348,giày tây nam trường hải da
40983850,Dép bít mũi nam da bò cao cấp Trường Hải BM237,329000.0,329000.0,0.0,0.0,0,11395,,https://tiki.vndep-bit-mui-nam-da-bo-cao-cap-truong-hai-bm237-p40983850.html?spid=40983860,dép bít mũi nam
40204053,Miếng lót giày thể thao thoáng khí V.3 - Size nam (41-45),123000.0,123000.0,0.0,4.0,2,95748,,https://tiki.vnmieng-lot-giay-the-thao-thoang-khi-v-3-size-nam-41-45-p40204053.html?spid=43859044,lót giày thể thao thoáng
39852642,Giày tây nam da bò cao cấp Trường Hải GT212,550000.0,550000.0,0.0,0.0,0,11395,,https://tiki.vngiay-tay-nam-da-bo-cao-cap-truong-hai-gt212-p39852642.html?spid=39852650,giày tây nam da bò cao cấp
38190761,Giày Tây Nam BIGGBEN Da Bò Thật  Vân Cá Sấu GT150,800000.0,800000.0,0.0,0.0,0,9460,,https://tiki.vngiay-tay-nam-biggben-da-bo-that-van-ca-sau-gt150-p38190761.html?spid=38190763,giày tây nam biggben da bò
31208505,Dép nam bít mũi da bò cao cấp TH_QN053,339000.0,339000.0,0.0,4.8,5,11395,,https://tiki.vndep-nam-bit-mui-da-bo-cao-cap-th_qn053-p31208505.html?spid=31208515,dép nam bít mũi
27948413,Bộ Vệ Sinh Crep Protect Ultimate Sneaker Care Kit,950000.0,950000.0,0.0,4.3,11,9652,,https://tiki.vnbo-ve-sinh-crep-protect-ultimate-sneaker-care-kit-p27948413.html?spid=27948414,bộ vệ sinh crep protect
21979944,Giày tây nam da bò cao cấp Huy Hoàng màu đen HT7780,909000.0,909000.0,0.0,1.0,1,1867,,https://tiki.vngiay-tay-nam-da-bo-cao-cap-huy-hoang-mau-den-hp7780-p21979944.html?spid=21979948,giày tây nam da bò cao cấp
2023845,Giày Mọi Nam Đế Âm Huy Hoàng HT7769 - Đen,1119000.0,1119000.0,0.0,1.0,1,1867,,https://tiki.vngiay-moi-nam-de-am-huy-hoang-ht7769-den-p2023845.html?spid=2025707,giày nam đế âm huy hoàng ht7769
1591789,Giày Mọi Nam Da Bò SUNPOLO SUMU01 - Đen,930000.0,930000.0,0.0,4.6,5,1827,,https://tiki.vngiay-moi-nam-da-bo-sunpolo-sukt01d-den-p1591789.html?spid=1592463,giày nam da bò sunpolo
278827281,Sandal Biti's Helio nam  (size 38-43),415000.0,415000.0,0.0,0.0,0,174218,,https://tiki.vnsandal-biti-s-helio-nam-size-38-43-p278827281.html?spid=278827285,sandal biti s helio
278596618,Chất Tẩy Rửa Giày WLWE 200ml – 1TK109020 Trợ Thủ Đắc Lực Cho Giày Của Bạn,65000.0,65000.0,0.0,0.0,0,361232,,https://tiki.vnchay-tay-rua-giay-wlwe-200ml-1tk109020-tro-thu-dac-luc-cho-giay-cua-ban-p278596618.html?spid=278596619,chất tẩy rửa giày wlwe
278591721,Combo 3 Chai xịt khử mùi hôi chân hôi giày Hando 120ml (Hương Quế),79000.0,79000.0,0.0,0.0,0,34534,,https://tiki.vncombo-3-chai-xit-khu-mui-hoi-chan-hoi-giay-hando-120ml-huong-que-p278591721.html?spid=278591722,combo chai xịt khử
278429047,Dép quai kẹp Biti's nam (39-45),468000.0,468000.0,0.0,0.0,0,174218,,https://tiki.vndep-quai-kep-biti-s-nam-39-45-p278429047.html?spid=278429061,dép quai kẹp biti s
278091545,Giày MICHILUX Da Bò Thật Chính Hãng Penny Moccasin CIEMS Màu Nâu Sẫm,770000.0,770000.0,0.0,0.0,0,362302,,https://tiki.vngiay-michilux-da-bo-that-chinh-hang-penny-moccasin-ciems-mau-nau-sam-p278091545.html?spid=278091553,giày michilux da bò
277808500,Sandal Biti's bé trai (36-40),295000.0,295000.0,0.0,0.0,0,174218,,https://tiki.vnsandal-biti-s-be-trai-36-40-p277808500.html?spid=277808522,sandal biti s bé
277357188,DÉP NAM CHỮ H DA BÒ CAO CẤP VATIS V3,119000.0,219000.0,100000.0,0.0,0,274160,,https://tiki.vndep-nam-chu-h-da-bo-cao-cap-vatis-v3-p277357188.html?spid=277357190,dép nam chữ h
276751074,DÉP NAM QUAI NGANG DA BÒ CAO CẤP VATIS V2302252,129000.0,250000.0,121000.0,0.0,0,274160,,https://tiki.vndep-nam-quai-ngang-da-bo-cao-cap-vatis-p276751074.html?spid=279184824,dép nam quai ngang da bò
276195566,DÉP NAM TRUNG NIÊN DA BÒ VATIS2109,150000.0,299000.0,149000.0,0.0,0,274160,,https://tiki.vndep-nam-trung-nien-da-bo-vatis2109-p276195566.html?spid=276195568,dép nam trung niên da bò
276195329,DÉP QUAI NGANG CHẤT LIỆU DA BÒ VATIS V1919,150000.0,299000.0,149000.0,0.0,0,274160,,https://tiki.vndep-quai-ngang-chat-lieu-da-bo-vatis-v1919-p276195329.html?spid=276195341,dép quai ngang chất liệu
274992433,"Dép da nam quai ngang Trường Hải da bò 2 màu nâu,đen DN115",279000.0,279000.0,0.0,0.0,0,11395,,https://tiki.vndep-da-nam-quai-ngang-truong-hai-da-bo-2-mau-nau-den-dn115-p274992433.html?spid=274992435,dép da nam quai ngang
274716576,Dép Sambo Bitis nam (38-43),680000.0,680000.0,0.0,0.0,0,174218,,https://tiki.vndep-sambo-bitis-nam-38-43-p274716576.html?spid=274716590,dép sambo bitis nam
274710743,DÉP QUAI NGANG CHỮ H CHẤT LIỆU DA BÒ VATIS VA2041 | KHÂU ĐẾ CHẮC CHẮN,139000.0,259000.0,120000.0,0.0,0,274160,,https://tiki.vndep-quai-ngang-chu-h-chat-lieu-da-bo-vatis-va2041-khau-de-chac-chan-p274710743.html?spid=274710753,dép quai ngang chữ
249005594,"Túi Đựng Giày Dép Du Lịch 3 Ngăn dododios, Chất Liệu Chống Thấm Nước",96000.0,96000.0,0.0,4.7,3,248883,,https://tiki.vntui-dung-giay-dep-du-lich-3-ngan-dododios-chat-lieu-chong-tham-nuoc-p249005594.html?spid=249005612,túi đựng giày dép du lịch
195544401,Túi đựng giày bóng đá 2 ngăn túi thể thao cực chất TN Bags TN.B 9002,229000.0,268000.0,39000.0,0.0,0,298994,,https://tiki.vntui-dung-giay-bong-da-2-ngan-tui-the-thao-cuc-chat-tn-bags-tn-b-9002-p195544401.html?spid=195544402,túi đựng giày bóng đá
170927039,Dép Bít Mũi Nam HÀ NAM Da Bò Thật Cao Cấp GSB20129,480000.0,480000.0,0.0,0.0,0,93132,,https://tiki.vndep-bit-mui-nam-sabo-nam-da-bo-ha-nam-cao-cap-gsb20129-p170927039.html?spid=170927049,dép bít mũi nam
145682081,Dép Kẹp Nam Da Bò SUNPOLO KEP029 May đế chắc chắn (Đen),500000.0,500000.0,0.0,0.0,0,1827,,https://tiki.vndep-kep-nam-da-bo-sunpolo-kep029-may-de-chac-chan-den-p145682081.html?spid=145682089,dép kẹp nam da bò
145666688,"Dép Kẹp Xỏ Ngón Nam Da Bò SUNPOLO KEP205 Đế cao su (Đen, Nâu)",500000.0,500000.0,0.0,5.0,3,1827,,https://tiki.vndep-kep-xo-ngon-nam-da-bo-sunpolo-kep205-de-cao-su-den-nau-p145666688.html?spid=145666706,dép kẹp xỏ ngón
129859546,"HJ7189-7716 - Giày nam tăng chiều cao Huy Hoàng cột dây màu đen, nâu",699500.0,1399000.0,699500.0,0.0,0,223818,,https://tiki.vnhj7189-7716-giay-nam-tang-chieu-cao-huy-hoang-cot-day-mau-den-nau-p129859546.html?spid=129859550,hj7189 7716 giày nam
126257693,Đón gót giày gỗ tự nhiên nguyên khối - Dài 22cm (DGH906) Cho giày Nam & Nữ,50000.0,50000.0,0.0,4.7,3,253372,,https://tiki.vndon-got-giay-go-tu-nhien-nguyen-khoi-dai-22cm-dgh906-cho-giay-nam-nu-p126257693.html?spid=163870736,đón gót giày gỗ
125363072,"Dép Nam, Dép Quai Ngang Nam Da Bò SUNPOLO SNA101 Trẻ trung (Đen, Nâu bò)",530000.0,530000.0,0.0,4.5,4,1827,,https://tiki.vndep-nam-dep-quai-ngang-nam-da-bo-sunpolo-sna101-tre-trung-den-nau-bo-p125363072.html?spid=125363088,dép nam dép quai ngang
120049147,Giày tăng chiều cao Huy Hoàng da bò màu vàng bò HT7553,699500.0,1399000.0,699500.0,0.0,0,1867,,https://tiki.vnhp7553-giay-tang-chieu-cao-huy-hoang-mau-vang-bo-p120049147.html?spid=120049279,giày tăng chiều cao
120048686,Giày tăng chiều cao Huy Hoàng da bò màu đen HT7551,699500.0,1399000.0,699500.0,0.0,0,1867,,https://tiki.vnhp7551-giay-tang-chieu-cao-huy-hoang-mau-den-p120048686.html?spid=120048728,giày tăng chiều cao
72047658,Giấy lau giày sneaker,44000.0,44000.0,0.0,5.0,16,106295,,https://tiki.vngiay-lau-giay-sneaker-p72047658.html?spid=76160119,giấy lau giày
55414748,Dép Nam Quai Ngang Da Bò Thật HÀ NAM Cao Cấp DN267,350000.0,350000.0,0.0,0.0,0,93132,,https://tiki.vndep-nam-quai-ngang-da-that-bo-cao-cap-dn267-p55414748.html?spid=55414754,dép nam quai ngang da bò
44573310,Dép nam da đà điểu Huy Hoàng da hột đan màu đen HT7417,664500.0,1329000.0,664500.0,0.0,0,1867,,https://tiki.vndep-nam-da-da-dieu-huy-hoang-da-hot-dan-mau-den-ht7417-p44573310.html?spid=44573320,dép nam da đà điểu
44573252,Dép nam Huy Hoàng da trăn màu nguyên thủy HT7305,349500.0,699000.0,349500.0,0.0,0,1867,,https://tiki.vndep-nam-huy-hoang-da-tran-mau-nguyen-thuy-ht7305-p44573252.html?spid=44573254,dép nam huy hoàng da
21980688,Dép nam xỏ ngón Huy Hoàng màu da bò HT7169,342300.0,489000.0,146700.0,0.0,0,1867,,https://tiki.vndep-nam-xo-ngon-huy-hoang-nhieu-mau-ht7169-70-71-p21980688.html?spid=21980690,dép nam xỏ ngón huy hoàng
21978388,Dép da cá sấu Huy Hoàng kiểu kẹp màu đen HT7233,699500.0,1399000.0,699500.0,0.0,0,1867,,https://tiki.vndep-da-ca-sau-huy-hoang-kieu-kep-mau-den-ht7233-p21978388.html?spid=21978390,dép da cá sấu huy hoàng
10124624,Combo 2 bộ miếng lau giày siêu sạch SHOE SHINE (Màu Đen),40000.0,40000.0,0.0,4.3,3,31740,,https://tiki.vncombo-2-bo-mieng-lau-giay-sieu-sach-shoe-shine-mau-den-p10124624.html?spid=38112993,combo
2001819,Giày Boot Nam Huy Hoàng HT7191 - Nâu (Size,699500.0,1399000.0,699500.0,0.0,0,1867,,https://tiki.vngiay-boot-nam-huy-hoang-ht7191-nau-p2001819.html?spid=2007069,giày boot nam huy hoàng
2001791,Giày Tăng Chiều Cao Nam Huy Hoàng HT7189 - Đen (Size,699500.0,1399000.0,699500.0,5.0,1,1867,,https://tiki.vngiay-tang-chieu-cao-nam-huy-hoang-ht7189-den-p2001791.html?spid=2007059,giày tăng chiều cao
2001655,Giày Tăng Chiều Cao Nam Huy Hoàng HT7181 - Nâu Đất (Size,769500.0,1539000.0,769500.0,0.0,0,1867,,https://tiki.vngiay-tang-chieu-cao-nam-huy-hoang-ht7181-nau-dat-p2001655.html?spid=2006967,giày tăng chiều cao
2001599,Giày Tăng Chiều Cao Nam Huy Hoàng HT7177 - Nâu (Size,699500.0,1399000.0,699500.0,0.0,0,1867,,https://tiki.vngiay-tang-chieu-cao-nam-huy-hoang-ht7177-nau-p2001599.html?spid=2006919,giày tăng chiều cao
278974386,Dép Nam Quai Ngang  Da Bò BIGGBEN DN367,299000.0,500000.0,201000.0,0.0,0,9460,,https://tiki.vndep-nam-quai-ngang-da-bo-biggben-dn367-p278974386.html?spid=278974400,dép nam quai ngang da
278592609,"Dép quai ngang sức khoẻ nam Revitalign Strive Black - đế đúc nguyên khối, không thấm nước, chuyên dùng giảm đau viêm cân gan chân",1595000.0,1595000.0,0.0,0.0,0,302,,https://tiki.vndep-quai-ngang-suc-khoe-nam-revitalign-strive-black-p278592609.html?spid=278592619,dép quai ngang sức
278112216,DÉP NAM QUAI BẢNG DẬP VÂN PABNO PN21041,295000.0,295000.0,0.0,0.0,0,49994,,https://tiki.vndep-nam-quai-bang-dap-van-pabno-pn21041-p278112216.html?spid=278112232,dép nam quai bảng dập
275925761,"Combo 5 Móc Inox Treo Phơi Giày Dép, Quần Áo - Giá Treo Giày Inox 304 Không Gỉ Dày",79000.0,79000.0,0.0,0.0,0,236714,,https://tiki.vncombo-5-moc-inox-treo-phoi-giay-dep-quan-ao-gia-treo-giay-inox-304-khong-gi-day-p275925761.html?spid=275925771,combo móc inox treo
262852168,Dép Xỏ Ngón Nam Da Bò Thật TiTi ĐÔ Cao Cấp DXN2037,420000.0,420000.0,0.0,0.0,0,323804,,https://tiki.vndep-nam-xo-ngon-ha-nam-da-bo-that-cao-cap-dxn2037-p262852168.html?spid=262852174,dép xỏ ngón nam
227985841,Giày Mọi Nam Đế Âm Da Bò Thật TiTi ĐÔ Cao Cấp GDA2030d,820000.0,820000.0,0.0,0.0,0,323804,,https://tiki.vngiay-moi-nam-da-bo-that-de-am-ha-nam-cao-cap-gda2030d-p227985841.html?spid=227985854,giày nam đế âm da bò
217760372,Dép Bít Mũi Nam Da Bò Thật TiTi ĐÔ Cao Cấp GSB20118d,478000.0,478000.0,0.0,0.0,0,323804,,https://tiki.vndep-bit-mui-nam-da-bo-that-ha-nam-cao-cap-gsb20118d-p217760372.html?spid=217760387,dép bít mũi nam
217611623,Dép Bít Mũi Nam Da Bò Thật TiTi ĐÔ Cao Cấp GSB20117d,520000.0,520000.0,0.0,0.0,0,323804,,https://tiki.vndep-bit-mui-nam-da-bo-that-ha-nam-cao-cap-gsb20117d-p217611623.html?spid=217611636,dép bít mũi nam
217611537,Dép Nam Quai Ngang Da Bò Thật TiTi ĐÔ Cao Cấp DNA2114d,396000.0,396000.0,0.0,0.0,0,323804,,https://tiki.vndep-nam-quai-ngang-da-bo-that-ha-nam-cao-cap-dna2114d-p217611537.html?spid=217611568,dép nam quai ngang da bò
217610975,Dép Bít Mũi Nam Da Bò Thật TiTi ĐÔ Cao Cấp GSB2011d,520000.0,520000.0,0.0,0.0,0,323804,,https://tiki.vndep-bit-mui-nam-da-bo-that-ha-nam-cao-cap-gsb2011d-p217610975.html?spid=217610995,dép bít mũi nam
217506501,Dép Bít Mũi Nam Da Bò Thật TiTi ĐÔ Cao Cấp GSB2044,520000.0,520000.0,0.0,0.0,0,323804,,https://tiki.vndep-bit-mui-nam-da-bo-that-ha-nam-cao-cap-gsb2044-p217506501.html?spid=217506571,dép bít mũi nam
215136940,Dép Bít Mũi Nam Da Bò Thật TiTi ĐÔ Cao Cấp GGSB20139,520000.0,520000.0,0.0,0.0,0,323804,,https://tiki.vndep-bit-mui-nam-da-bo-that-ha-nam-cao-cap-ggsb20139-p215136940.html?spid=215136994,dép bít mũi nam
214072293,Dép Bít Mũi Nam HÀ NAM Da Bò Thật Cao Cấp GSB20136,490000.0,490000.0,0.0,0.0,0,93132,,https://tiki.vndep-bit-mui-nam-da-bo-that-ha-nam-cao-cap-gsb20136-p214072293.html?spid=214072305,dép bít mũi nam
202284319," Giày tây nam Huy Hoàng cột dây màu đen, nâu HT7103-08",454500.0,909000.0,454500.0,0.0,0,1867,,https://tiki.vngiay-tay-nam-huy-hoang-cot-day-mau-den-nau-ht7103-08-p202284319.html?spid=202284327,giày tây nam huy hoàng cột
179570647," DÉP KẸP NAM DA BÒ THẬT 100% DONAVY CAO CẤP ,IN VÂN CÁ SẤU NỔI BẬT DOKB",339000.0,550000.0,211000.0,4.5,2,154317,,https://tiki.vndep-kep-nam-da-bo-that-100-donavy-cao-cap-in-van-ca-sau-noi-bat-dokb-p179570647.html?spid=179570649,dép kẹp nam da bò
179555780, GIÀY DA LƯỜI NAM ĐẾ  CAO 3CM DONAVY CAO CẤP MAY FULL QUAI VÀ ĐẾ RẤT CHẮC CHẮN DGKM,219000.0,280000.0,61000.0,0.0,0,154317,,https://tiki.vngiay-da-luoi-nam-de-cao-3cm-donavy-cao-cap-may-full-quai-va-de-rat-chac-chan-dgkm-p179555780.html?spid=179555784,giày da lười nam đế
179540798,"Dép Da Bò Nam Kiểu Đan Dây Thời Trang DONAVY, Dễ Phối Trang Phục, Phù Hợp Với Mọi Lứa Tuổi DOSD",439000.0,700000.0,261000.0,0.0,0,154317,,https://tiki.vndep-da-bo-nam-kieu-dan-day-thoi-trang-donavy-de-phoi-trang-phuc-phu-hop-voi-moi-lua-tuoi-dosd-p179540798.html?spid=179540818,dép da bò nam kiểu
179524637,Dép quai ngang nam da bò tự nhiên DONAVY cao cấp kiểu dấu X may chắc chắn DQN4X,349000.0,580000.0,231000.0,0.0,0,154317,,https://tiki.vndep-quai-ngang-nam-da-bo-tu-nhien-donavy-cao-cap-kieu-dau-x-may-chac-chan-dqn4x-p179524637.html?spid=179524657,dép quai ngang nam
179442917,"DÉP NAM QUAI NGANG DA BÒ 100%DONAVY, KIỂU 02 QUAI KÉP ĐẲNG CẤP, MAY HANDMADE 02 LẦN QUAI VÀ ĐẾ CHẮC CHẮN",379000.0,650000.0,271000.0,0.0,0,154317,,https://tiki.vndep-nam-quai-ngang-da-bo-100-donavy-kieu-02-quai-kep-dang-cap-may-handmade-02-lan-quai-va-de-chac-chan-p179442917.html?spid=179442929,dép nam quai ngang da bò
179398425,Dép quai ngang nam da bò thật 100% DONAVY thiết kế quai lưng cá sấu nổi bật bắt mắt đế cao su cao cấp DBH,279000.0,450000.0,171000.0,0.0,0,154317,,https://tiki.vndep-quai-ngang-nam-da-bo-that-100-donavy-thiet-ke-quai-lung-ca-sau-noi-bat-bat-mat-de-cao-su-cao-cap-dbh-p179398425.html?spid=179398451,dép quai ngang nam
173122662,"DÉP NAM QUAI RỌ DA BÒ 100%, DONAVY QRD, SẮC XẢO TỪNG CHI TIẾT, HÀNG CÔNG TY CAO CẤP",379000.0,500000.0,121000.0,0.0,0,154317,,https://tiki.vndep-nam-quai-ro-da-bo-100-donavy-qrd-sac-xao-tung-chi-tiet-hang-cong-ty-cao-cap-p173122662.html?spid=173122672,dép nam quai rọ da bò
169331001,Túi Đựng Bảo Vệ Chống Bụi Giày Dép Du Lịch Có Dây Rút Loại To KhôngThấm Nước - Hàng Loại 1 - Chính Hãng MIINIIN,12000.0,12000.0,0.0,5.0,6,134678,,https://tiki.vntui-dung-bao-ve-chong-bui-giay-dep-du-lich-co-day-rut-loai-to-khongtham-nuoc-hang-loai-1-chinh-hang-miiniin-p169331001.html?spid=169331005,túi đựng bảo vệ chống
158583919,Dép Bít Mũi Nam HÀ NAM Da Bò Thật Cao Cấp GSB20123,478000.0,478000.0,0.0,0.0,0,93132,,https://tiki.vndep-bit-mui-nam-da-bo-that-giay-ha-nam-cao-cap-gsb20123-p158583919.html?spid=158583938,dép bít mũi nam
150819294,Dép Xỏ Ngón Nam HÀ NAM Da Bò Thật Cao Cấp DNA2167,370000.0,370000.0,0.0,0.0,0,93132,,https://tiki.vndep-xo-ngon-nam-da-bo-that-ha-nam-cao-cap-dna2167-p150819294.html?spid=150819300,dép xỏ ngón nam
144614748,Giày Tây Nam Công Sở HÀ NAM Da Bò Thât Cao Cấp GT2032,676000.0,676000.0,0.0,5.0,1,93132,,https://tiki.vngiay-tay-nam-da-bo-ha-nam-cao-cap-gt2032-p144614748.html?spid=144614772,giày tây nam công sở hà nam
144543469,Giày Tây Nam Công Sở HÀ NAM Da Bò Thât Cao Cấp GT2036,676000.0,676000.0,0.0,0.0,0,93132,,https://tiki.vngiay-tay-nam-da-bo-ha-nam-cao-cap-gt2036-p144543469.html?spid=144543474,giày tây nam công sở hà nam
141388938,Giày Rọ Nam Da Bò SUNPOLO STA682 (Nâu),820000.0,820000.0,0.0,0.0,0,1827,,https://tiki.vngiay-ro-nam-da-bo-sunpolo-sta682-nau-p141388938.html?spid=141388948,giày rọ nam da bò
138393674,Dép Bít Mũi Nam HÀ NAM Da Bò Thật Cao Cấp GSB2106,440000.0,440000.0,0.0,0.0,0,93132,,https://tiki.vndep-bit-mui-nam-sabo-nam-da-bo-that-de-cao-su-cao-cap-gsb2106-p138393674.html?spid=138393678,dép bít mũi nam
124328939,"HJ7551-52-53-54 - Giày tăng chiều cao Huy Hoàng màu đen, nâu đất, vàng bò, nâu đỏ",1371300.0,1959000.0,587700.0,0.0,0,223818,,https://tiki.vnhp7551-52-53-54-giay-tang-chieu-cao-huy-hoang-mau-den-nau-dat-vang-bo-nau-do-p124328939.html?spid=124328985,hj7551 52 54 giày
115960104,Dép Nam Quai Ngang Da Bò Thật HÀ NAM Đế Cao Dành Cho Người Thấp DNA2134,430000.0,430000.0,0.0,0.0,0,93132,,https://tiki.vndep-nam-quai-ngang-da-bo-cao-cap-dna2134-p115960104.html?spid=115960110,dép nam quai ngang da bò
113779677,Dép Bít Mũi Nam HÀ NAM Da Bò Thật Cao Cấp GSB2089,460000.0,460000.0,0.0,0.0,0,93132,,https://tiki.vndep-bit-mui-nam-sabo-nam-da-bo-that-gsb2089-p113779677.html?spid=113779685,dép bít mũi nam
112657861,Dép Nam Quai Ngang HÀ NAM Da Bò Thật Cao Cấp DNA2082,360000.0,360000.0,0.0,0.0,0,93132,,https://tiki.vndep-nam-quai-ngang-da-bo-cao-cap-dna2082-p112657861.html?spid=112657869,dép nam quai ngang hà nam
104860948,Dép Bít Mũi Nam HÀ NAM Da Bò Thật Cao Cấp GSB2070,440000.0,440000.0,0.0,5.0,3,93132,,https://tiki.vndep-bit-mui-nam-sabo-nam-ha-nam-da-bo-that-de-cao-su-gsb2070-p104860948.html?spid=104860960,dép bít mũi nam
101869422,"DÉP QUAI NGANG NAM DA CAO CẤP, MAY QUAI CHẮC CHẮN BAO ĐI MỌI ĐỊA HÌNH",70000.0,70000.0,0.0,4.2,35,154317,,https://tiki.vndep-quai-ngang-nam-da-cao-cap-may-quai-chac-chan-bao-di-moi-dia-hinh-p101869422.html?spid=101869428,dép quai ngang nam
92492761,"Dép Da Bò Nam Kiểu Đan Dây Thời Trang, Dễ Phối Trang Phục, Phù Hợp Với Mọi Lứa Tuổi",319000.0,500000.0,181000.0,0.0,0,154317,,https://tiki.vndep-da-bo-nam-kieu-dan-day-thoi-trang-de-phoi-trang-phuc-phu-hop-voi-moi-lua-tuoi-p92492761.html?spid=92492775,dép da bò nam kiểu
71520440,"DÉP QUAI NGANG NAM DA BÒ 100%, QUAI CÁ SẤU SẮC NÉT",279000.0,390000.0,111000.0,4.6,48,154317,,https://tiki.vndep-quai-ngang-nam-da-bo-100-quai-ca-sau-sac-net-p71520440.html?spid=71520454,dép quai ngang nam
21976978,Dép nam da đà điểu Huy Hoàng màu nâu đất HT7414,881300.0,1259000.0,377700.0,0.0,0,1867,,https://tiki.vndep-nam-da-da-dieu-huy-hoang-mau-nau-dat-ht7414-p21976978.html?spid=21976990,dép nam da đà điểu
1589731,Giày tây nam da bò đế cao su mũi nhọn SUNPOLO SKT119 phiên bản đen,860000.0,860000.0,0.0,5.0,2,1827,,https://tiki.vngiay-tay-nam-da-bo-sunpolo-su119d-den-p1589731.html?spid=1592669,giày tây nam da bò đế
277508934,Giày Sục Nam HA NAM Da Bò Thật Cao Cấp GSB20166,520000.0,520000.0,0.0,0.0,0,93132,,https://tiki.vngiay-suc-nam-ha-nam-da-bo-that-cao-cap-gsb20166-p277508934.html?spid=277587974,giày sục nam ha
271327082,Dép Nam Quai Ngang HÀ NAM Da Bò Thật Cao Cấp DNA2226,420000.0,420000.0,0.0,0.0,0,93132,,https://tiki.vndep-nam-quai-ngang-da-bo-that-ha-nam-cao-cap-dna2226-p271327082.html?spid=271327090,dép nam quai ngang hà nam
262850972,Dép Xỏ Ngón Nam Da Bò Thật TiTi ĐÔ Cao Cấp DXN2042,420000.0,420000.0,0.0,0.0,0,323804,,https://tiki.vndep-nam-xo-ngon-titi-do-da-do-that-cao-cap-dxn2042-p262850972.html?spid=262850978,dép xỏ ngón nam
217760832,Dép Nam Quai Ngang Da Bò Thật TITI ĐÔ Cao Cấp DNA2153d,360000.0,360000.0,0.0,0.0,0,323804,,https://tiki.vndep-nam-quai-ngang-da-bo-that-ha-nam-cao-cap-dna2153d-p217760832.html?spid=217760840,dép nam quai ngang da bò
217760464,Dép Nam Quai Ngang Da Bò Thật TiTi ĐÔ Cao Cấp DNA2118d,396000.0,396000.0,0.0,0.0,0,323804,,https://tiki.vndep-nam-quai-ngang-da-bo-that-ha-nam-cao-cap-dna2118d-p217760464.html?spid=217760477,dép nam quai ngang da bò
217759884,Dép Nam Quai Ngang Da Bò Thật TiTi ĐÔ Cao Cấp DNA2145d,315000.0,315000.0,0.0,0.0,0,323804,,https://tiki.vndep-nam-quai-ngang-da-bo-that-ha-nam-cao-cap-dna2145d-p217759884.html?spid=217759891,dép nam quai ngang da bò
217611779,Dép Bít Mũi Nam Da Bò Thật TiTi ĐÔ Cao Cấp GSB20119d,478000.0,478000.0,0.0,0.0,0,323804,,https://tiki.vndep-bit-mui-nam-da-bo-that-ha-nam-cao-cap-gsb20119d-p217611779.html?spid=217611787,dép bít mũi nam
217611357,Giày Mọi Nam Da Đế Âm Bò Thật TiTi ĐÔ Cao Cấp GDA2026d,807000.0,807000.0,0.0,0.0,0,323804,,https://tiki.vngiay-moi-nam-da-bo-that-de-am-ha-nam-cao-cap-gda2026d-p217611357.html?spid=217611393,giày nam da đế âm bò
217611228,Giày Mọi Nam Đế Âm Da Bò Thật TiTi ĐÔ Cao Cấp GDA2020d,812000.0,812000.0,0.0,0.0,0,323804,,https://tiki.vngiay-moi-nam-da-bo-that-de-am-ha-nam-cao-cap-gda2020d-p217611228.html?spid=217611250,giày nam đế âm da bò
217611107,Giày Tây Nam Công Sở Da Bò Thật TiTi ĐÔ Cao Cấp GT2034d,640000.0,640000.0,0.0,0.0,0,323804,,https://tiki.vngiay-tay-nam-cong-so-da-bo-that-ha-nam-cao-cap-gt2034d-p217611107.html?spid=217611140,giày tây nam công sở da bò
217610920,Dép Bít Mũi Nam Da Bò Thật TiTi ĐÔ Cao Cấp GSB20121d,480000.0,480000.0,0.0,0.0,0,323804,,https://tiki.vndep-bit-mui-nam-da-bo-that-ha-nam-cao-cap-gsb20121d-p217610920.html?spid=217610922,dép bít mũi nam
217506864,Dép Xỏ Ngón Nam Da Bò Thật TiTi ĐÔ Cao Cấp DNA2090d,468000.0,468000.0,0.0,0.0,0,323804,,https://tiki.vndep-xo-ngon-nam-da-bo-that-ha-nam-cao-cap-dna2090d-p217506864.html?spid=217506870,dép xỏ ngón nam
217427263,Dép Bít Mũi Nam Da Bò Thật TiTi ĐÔ Cao Cấp GSB2090d,480000.0,480000.0,0.0,0.0,0,323804,,https://tiki.vndep-bit-mui-nam-da-bo-that-ha-nam-cao-cap-gsb2090d-p217427263.html?spid=217427276,dép bít mũi nam
217427096,Dép Nam Quai Ngang HÀ NAM Da Bò Thật Cao Cấp DNA2186,430000.0,430000.0,0.0,0.0,0,323804,,https://tiki.vndep-nam-quai-ngang-da-bo-that-ha-nam-cao-cap-dna2186d-p217427096.html?spid=217427191,dép nam quai ngang hà nam
217426356,Dép Bít Mũi Nam Da Bò Thật TiTi ĐÔ Cao Cấp GSB2062d,520000.0,520000.0,0.0,0.0,0,323804,,https://tiki.vndep-bit-mui-nam-da-bo-that-ha-nam-cao-cap-gsb2062d-p217426356.html?spid=217426399,dép bít mũi nam
217274709,Dép Nam Quai Ngang Da Bò Thật TiTi ĐÔ Cao Cấp DNA2190d,390000.0,390000.0,0.0,0.0,0,323804,,https://tiki.vndep-nam-quai-ngang-da-bo-that-ha-nam-cao-cap-dna2190d-p217274709.html?spid=217274721,dép nam quai ngang da bò
217274527,Dép Xỏ Ngón Nam Da Bò Thật TiTi ĐÔ Cao Cấp DNA2191d,360000.0,360000.0,0.0,0.0,0,323804,,https://tiki.vndep-xo-ngon-nam-da-bo-that-ha-nam-cao-cap-dna2191d-p217274527.html?spid=217274567,dép xỏ ngón nam
214150578,Dép Bít Mũi Nam HÀ NAM Da Bò Thật Cao Cấp GSB20138,520000.0,520000.0,0.0,0.0,0,93132,,https://tiki.vndep-bit-mui-nam-da-bo-that-ha-nam-cao-cap-gsb20138-p214150578.html?spid=214150584,dép bít mũi nam
183927346,Dép Bít Mũi Nam HÀ NAM Da Bò Thật Cao Cấp GSB2077,488000.0,488000.0,0.0,0.0,0,93132,,https://tiki.vndep-bit-mui-nam-sabo-nam-ha-nam-da-bo-that-de-cao-su-gsb2077-p183927346.html?spid=183927348,dép bít mũi nam
178786388,Thắt Lưng Nam Da Bò Thật HÀ NAM Mặt Khóa Tự Động Cao Cấp TLNA2060,370000.0,370000.0,0.0,0.0,0,93132,,https://tiki.vnthat-lung-nam-da-bo-that-day-ni-t-nam-da-bo-that-mat-khoa-tu-dong-giay-ha-nam-cao-cap-tlna2060-p178786388.html?spid=178786389,thắt lưng nam da bò hà nam
154104321,Dép Bít Mũi Nam HÀ NAM Da Bò Thật Cao Cấp GSB20108,512000.0,512000.0,0.0,0.0,0,93132,,https://tiki.vndep-bit-mui-nam-da-bo-that-ha-nam-cao-cap-gsb20110-p154104321.html?spid=154104329,dép bít mũi nam
154104291,Dép Bít Mũi Nam HÀ NAM Da Bò Thật Cao Cấp GSB20112,512000.0,512000.0,0.0,0.0,0,93132,,https://tiki.vndep-bit-mui-nam-da-bo-that-ha-nam-cao-cap-gsb20112-p154104291.html?spid=154104293,dép bít mũi nam
129792229,"HJ7125-7127-7796-7797 - Giày sabo nam Huy Hoàng màu đen, nâu",440300.0,629000.0,188700.0,0.0,0,223818,,https://tiki.vnhj7125-7127-7796-7797-giay-sabo-nam-huy-hoang-mau-den-nau-p129792229.html?spid=129792259,hj7125 7127 7796 7797
120575708,"HC7130-59 - Giày nam vân cá sấu Huy Hoàng màu vàng, đen",979000.0,979000.0,0.0,0.0,0,96748,,https://tiki.vnhp7130-59-giay-nam-van-ca-sau-huy-hoang-mau-vang-den-p120575708.html?spid=120575736,hc7130 59 giày nam vân
113637518,Dép Bít Mũi Nam HÀ NAM Da Bò Thật Cao Cấp GSB2084,375000.0,375000.0,0.0,0.0,0,93132,,https://tiki.vndep-bit-mui-nam-sabo-nam-da-bo-that-gsb2084-p113637518.html?spid=113637522,dép bít mũi nam
90134819,Dép nam quai ngang HÀ NAM da bò thật cao cấp DNA2070,350000.0,350000.0,0.0,0.0,0,93132,,https://tiki.vndep-nam-quai-ngang-da-bo-that-de-cao-su-giay-ha-nam-dna2070-p90134819.html?spid=90134827,dép nam quai ngang hà nam
70666896,Giày bít mũi nam da bò thật HÀ NAM cao cấp GSB2054,410000.0,410000.0,0.0,0.0,0,93132,,https://tiki.vngiay-bit-mui-nam-da-bo-that-de-cao-su-cao-cap-gsb2054-p70666896.html?spid=70666906,giày bít mũi nam
68734760,Dép bít mũi nam da bò thật HÀ NAM cao cấp GSB2048,450000.0,450000.0,0.0,0.0,0,93132,,https://tiki.vndep-bit-mui-nam-da-bo-that-de-cao-su-cao-cap-gsb2048-p68734760.html?spid=68734764,dép bít mũi nam
66606850,Dép bít mũi nam da bò thật HÀ NAM cao cấp GSB2042g,420000.0,420000.0,0.0,4.6,5,93132,,https://tiki.vndep-bit-mui-nam-da-bo-that-cao-cap-gsb2042-p66606850.html?spid=66606854,dép bít mũi nam
21981092,Dép nam Huy Hoàng đầu cá sấu màu nâu đỏ HT7239,1259000.0,1259000.0,0.0,0.0,0,1867,,https://tiki.vndep-nam-huy-hoang-dau-ca-sau-mau-nau-do-ht7239-p21981092.html?spid=21981104,dép nam huy hoàng đầu
21977013,Dép da cá sấu Huy Hoàng kiểu đan màu vàng bò HT7231,769300.0,1099000.0,329700.0,0.0,0,1867,,https://tiki.vndep-da-ca-sau-huy-hoang-kieu-dan-mau-vang-bo-ht7231-p21977013.html?spid=21977021,dép da cá sấu huy hoàng
21976555,Dép nam da đà điểu Huy Hoàng màu vàng bò HT7419,949000.0,949000.0,0.0,0.0,0,1867,,https://tiki.vndep-nam-da-da-dieu-huy-hoang-mau-vang-bo-hp7419-p21976555.html?spid=21976559,dép nam da đà điểu
7975961,Dép nam quai ngang da bò SUNPOLO AQN005 phiên bản nâu,730000.0,730000.0,0.0,0.0,0,1827,,https://tiki.vndep-nam-quai-ngang-da-bo-sunpolo-sua5n-nau-p7975961.html?spid=7977948,dép nam quai ngang da
2023873,Giày Mọi Nam Đế Âm Đính G Huy Hoàng HT7771 - Nâu Đất,1119000.0,1119000.0,0.0,0.0,0,1867,,https://tiki.vngiay-moi-nam-de-am-dinh-g-huy-hoang-ht7771-nau-dat-p2023873.html?spid=2025673,giày nam đế âm đính
2022777,Dép Xỏ Ngón Đan Viền Nam Huy Hoàng HT7725 - Da Bò,519000.0,519000.0,0.0,4.0,4,1867,,https://tiki.vndep-xo-ngon-dan-vien-nam-huy-hoang-ht7725-da-bo-p2022777.html?spid=2025157,dép xỏ ngón đan
2022677,Giày Nam Tăng Chiều Cao Cột Dây Huy Hoàng HT7718 - Đen,999000.0,999000.0,0.0,0.0,0,1867,,https://tiki.vngiay-nam-tang-chieu-cao-cot-day-huy-hoang-ht7718-den-p2022677.html?spid=2025721,giày nam tăng chiều
2022605,Giày Nam Thời Trang Huy Hoàng HT7713 - Đen,909000.0,909000.0,0.0,0.0,0,1867,,https://tiki.vngiay-nam-thoi-trang-huy-hoang-ht7713-den-p2022605.html?spid=2025779,giày nam thời trang huy hoàng
2021909,Dép Nam Da Cá Sấu Gù Đầu Huy Hoàng HT7226 - Nâu Đỏ,2099000.0,2099000.0,0.0,0.0,0,1867,,https://tiki.vndep-nam-da-ca-sau-gu-dau-huy-hoang-ht7226-nau-do-p2021909.html?spid=2024473,dép nam da cá sấu
2001375,Giày Nam Thời Trang Huy Hoàng HT7161 - Nâu (Size,909000.0,909000.0,0.0,0.0,0,1867,,https://tiki.vngiay-nam-thoi-trang-huy-hoang-ht7161-nau-p2001375.html?spid=2007685,giày nam thời trang huy hoàng
1999425,Giày Tây Nam Huy Hoàng Màu Nâu HT7110 (Size,909000.0,909000.0,0.0,0.0,0,1867,,https://tiki.vngiay-tay-nam-huy-hoang-mau-nau-ht7109-p1999425.html?spid=2007297,giày tây nam huy hoàng màu
278973478,Dép Nam Quai Ngang  Da Bò BIGGBEN DN365,299000.0,500000.0,201000.0,0.0,0,9460,,https://tiki.vndep-nam-quai-ngang-da-bo-biggben-dn365-p278973478.html?spid=278973484,dép nam quai ngang da
278674486,Giày Sĩ Quan Thời Trang HA NAM Da Bò Thật Bảo Hành 2 Năm Freeship GT2039,760000.0,760000.0,0.0,0.0,0,93132,,https://tiki.vngiay-si-quan-thoi-trang-ha-nam-da-bo-that-bao-hanh-2-nam-freeship-gt2039-p278674486.html?spid=278674496,giày sĩ quan thời trang ha
278600451,Dép Bít Đầu Nam BIGGBEN Da Bò Thật Cao Cấp SB135,399000.0,500000.0,101000.0,0.0,0,9460,,https://tiki.vndep-bit-dau-nam-biggben-da-bo-that-cao-cap-sb135-p278600451.html?spid=278600479,dép bít đầu nam
271289431,Dép Nam Quai Ngang HÀ NAM Da Bò Thật Cao Cấp DNA2219,420000.0,420000.0,0.0,0.0,0,93132,,https://tiki.vndep-nam-quai-ngang-da-bo-that-ha-nam-cao-cap-dna2219-p271289431.html?spid=271289437,dép nam quai ngang hà nam
270447572,Dép Nam Quai Ngang Da Bò Thật TiTi ĐÔ Cao Cấp DNA198,380000.0,380000.0,0.0,0.0,0,323804,,https://tiki.vndep-nam-quai-ngang-titi-do-da-bo-that-cao-cap-dna198-p270447572.html?spid=270447576,dép nam quai ngang da bò
251951203,Dép Bít Mũi Nam Da Bò Thật TiTi ĐÔ Cao Cấp GSB20156,560000.0,560000.0,0.0,0.0,0,323804,,https://tiki.vndep-bit-mui-nam-sabo-nam-titi-do-da-bo-that-cao-cap-gsb20155-p251951203.html?spid=251951219,dép bít mũi nam
227986055,Dép Xỏ Ngón Nam Da Bò Thật TiTi ĐÔ Cao Cấp DNA22208d,450000.0,450000.0,0.0,0.0,0,323804,,https://tiki.vndep-xo-ngon-nam-da-bo-that-ha-nam-cao-cap-dna22208d-p227986055.html?spid=227986191,dép xỏ ngón nam
217760845,Giày Tây Nam Công Sở Da Bò Thật TiTi ĐÔ Cao Cấp GT2033d,634000.0,634000.0,0.0,0.0,0,323804,,https://tiki.vngiay-tay-nam-cong-so-da-bo-that-ha-nam-cao-cap-gt2033d-p217760845.html?spid=217760851,giày tây nam công sở da bò
217611740,Dép Bít Mũi Nam Da Bò Thật TiTi ĐÔ Cao Cấp GSB2078d,520000.0,520000.0,0.0,0.0,0,323804,,https://tiki.vndep-bit-mui-nam-da-bo-that-ha-nam-cao-cap-gsb2078d-p217611740.html?spid=217611748,dép bít mũi nam
217611257,Dép Bít Mũi Nam Da Bò Thật TiTi ĐÔ Cao Cấp GSB20104d,520000.0,520000.0,0.0,0.0,0,323804,,https://tiki.vndep-bit-mui-nam-da-bo-that-ha-nam-cao-cap-gsb20104d-p217611257.html?spid=217611291,dép bít mũi nam
217610859,Giày Mọi Nam Đế Âm Da Bò Thật TiTi ĐÔ Cao Cấp GDA224d,840000.0,840000.0,0.0,0.0,0,323804,,https://tiki.vngiay-moi-nam-da-bo-that-de-am-ha-nam-cao-cap-gda224d-p217610859.html?spid=217610878,giày nam đế âm da bò
217427284,Dép Bít Mũi Nam Da Bò Thật TiTi ĐÔ Cao Cấp GSB2069d,560000.0,560000.0,0.0,0.0,0,323804,,https://tiki.vndep-bit-mui-nam-da-bo-that-ha-nam-cao-cap-gsb2069d-p217427284.html?spid=217427302,dép bít mũi nam
217426607,Dép Bít Mũi Nam Da Bò Thật TiTi ĐÔ Cao Cấp GSB2101d,540000.0,540000.0,0.0,0.0,0,323804,,https://tiki.vndep-bit-mui-nam-da-bo-that-ha-nam-cao-cap-gsb2101d-p217426607.html?spid=217426623,dép bít mũi nam
217426593,Dép Bít Mũi Nam Da Bò Thật TiTi ĐÔ Cao Cấp GSB2074d,545000.0,545000.0,0.0,0.0,0,323804,,https://tiki.vndep-bit-mui-nam-da-bo-that-ha-nam-cao-cap-gsb2074d-p217426593.html?spid=217426612,dép bít mũi nam
217426447,Giày Tây Nam Công Sở Da bò Thât TiTi ĐÔ Cao Cấp GT2022d,780000.0,780000.0,0.0,0.0,0,323804,,https://tiki.vngiay-tay-nam-cong-so-da-bo-that-ha-nam-cao-cap-gt2022d-p217426447.html?spid=217426474,giày tây nam công sở da bò
217426434,Dép Bít Mũi Nam Da Bò Thật TiTi ĐÔ Cao Cấp GSB2080d,526000.0,526000.0,0.0,0.0,0,323804,,https://tiki.vndep-bit-mui-nam-da-bo-that-ha-nam-cao-cap-gsb2080d-p217426434.html?spid=217426454,dép bít mũi nam
217275730,Dép Xỏ Ngón Nam Da Bò Thật TiTi ĐÔ Cao Cấp DNA2197d,380000.0,380000.0,0.0,0.0,0,323804,,https://tiki.vndep-xo-ngon-nam-da-bo-that-ha-nam-cao-cap-dna2197d-p217275730.html?spid=217275811,dép xỏ ngón nam
160756050,"Giày Mọi Nam, Giày Nam Da Bò SUNPOLO SU2511 (Đen)",1020000.0,1020000.0,0.0,0.0,0,1827,,https://tiki.vngiay-moi-nam-giay-nam-da-bo-sunpolo-su2511-den-p160756050.html?spid=160756054,giày nam giày nam
154104278,Dép Bít Mũi Nam HÀ NAM Da Bò Thật Cao Cấp GSB20116,512000.0,512000.0,0.0,0.0,0,93132,,https://tiki.vndep-bit-mui-nam-da-bo-that-ha-nam-cao-cap-gsb20116-p154104278.html?spid=154104280,dép bít mũi nam
150819307,Dép Xỏ Ngón Nam HÀ NAM Da Bò Thật Cao Cấp DNA2165,370000.0,370000.0,0.0,0.0,0,93132,,https://tiki.vndep-xo-ngon-nam-da-bo-that-ha-nam-cao-cap-dna2165-p150819307.html?spid=150819311,dép xỏ ngón nam
149909830,Dép Xỏ Ngón Nam HÀ NAM Da Bò Thật Cao Cấp DNA2159,485000.0,485000.0,0.0,0.0,0,93132,,https://tiki.vndep-xo-ngon-nam-da-bo-that-ha-nam-cao-cap-dna2159-p149909830.html?spid=149909834,dép xỏ ngón nam
145825235,Dép Bít Mũi Nam Da Bò Thật HÀ NAM Cao Cấp GSB20105,475000.0,475000.0,0.0,0.0,0,93132,,https://tiki.vndep-bit-mui-nam-da-bo-ha-nam-cao-cap-gsb20105-p145825235.html?spid=145825243,dép bít mũi nam
126700472,Giày Mọi Nam HÀ NAM Da Bò Thật Cao Cấp GM2065,672000.0,672000.0,0.0,4.0,1,93132,,https://tiki.vngiay-moi-nam-da-bo-that-cao-cap-gm2065-p126700472.html?spid=126700480,giày nam hà nam da bò
120049120,"Dép nam Huy Hoàng đầu cá sấu màu đen, vàng bò, nâu đỏ, nâu đất HT7237-38-39-46",1049300.0,1499000.0,449700.0,0.0,0,1867,,https://tiki.vnhp7237-38-39-46-dep-nam-huy-hoang-dau-ca-sau-mau-den-vang-bo-nau-do-nau-dat-p120049120.html?spid=120049542,dép nam huy hoàng đầu
114901131,Dép Nam Quai Ngang HÀ NAM Da Bò Thật Cao Cấp DNA2113,394000.0,394000.0,0.0,0.0,0,93132,,https://tiki.vndep-nam-quai-ngang-da-bo-cao-cap-dna2113-p114901131.html?spid=114901139,dép nam quai ngang hà nam
112188628,Dép Nam Quai Ngang HÀ NAM Da Bò Thật Cao Cấp DNA2075,350000.0,350000.0,0.0,5.0,2,93132,,https://tiki.vndep-nam-quai-ngang-da-bo-cao-cap-dna2075-p112188628.html?spid=112188636,dép nam quai ngang hà nam
85382365,Giày Mọi Nam Da Bò BIGGBEN Cao Cấp GM249,700000.0,700000.0,0.0,0.0,0,9460,,https://tiki.vngiay-moi-nam-da-bo-biggben-cao-cap-gm249-p85382365.html?spid=85382373,giày nam da bò biggben
58178407,Giày Mọi Nam Đế Âm Da Bò Thật HÀ NAM Cao Cấp GDA265,692000.0,692000.0,0.0,0.0,0,93132,,https://tiki.vngiay-moi-nam-de-am-da-bo-that-cao-cap-gda265-p58178407.html?spid=58178417,giày nam đế âm da bò
26668251,Dép Nam BIGGBEN Da Bò Thật Cao Cấp DN198,339000.0,370000.0,31000.0,4.5,21,9460,,https://tiki.vndep-nam-biggben-da-bo-that-cao-cap-dn198-p26668251.html?spid=26668257,dép nam biggben da bò
15302444,Giày Tây Nam BiGGBEN Da Bò Thật GT131,700000.0,700000.0,0.0,0.0,0,9460,,https://tiki.vngiay-tay-nam-biggben-da-bo-that-gt131-p15302444.html?spid=15302448,giày tây nam biggben da bò
10054066,Giày Tây Nam BIGGBEN Da Bò ThậtGT97,680000.0,680000.0,0.0,0.0,0,9460,,https://tiki.vngiay-tay-nam-biggben-da-bo-that-cao-cap-gt97-p10054066.html?spid=10054068,giày tây nam biggben da
8442400,Giày Mọi Nam BIGGBEN Da Bò Thật Cao Cấp GM138,690000.0,690000.0,0.0,0.0,0,9460,,https://tiki.vngiay-moi-nam-biggben-da-bo-that-cao-cap-gm138-p8442400.html?spid=8442402,giày nam biggben da bò
7977268,Giày Mọi Nam Da Bò Sunpolo SUS506N,850000.0,850000.0,0.0,4.5,2,1827,,https://tiki.vngiay-moi-nam-da-bo-sunpolo-sus506-p7977268.html?spid=7985977,giày nam da bò sunpolo
2023537,Giày Nam Thể Thao Đế Xu Cột Dây Huy Hoàng HT7747 - Da Bò,839000.0,839000.0,0.0,0.0,0,1867,,https://tiki.vngiay-nam-the-thao-de-xu-cot-day-huy-hoang-ht7747-da-bo-p2023537.html?spid=2025037,giày nam thể thao đế xu
2022217,Giày Tây Nam Huy Hoàng HT7709 - Đen,979000.0,979000.0,0.0,5.0,2,1867,,https://tiki.vngiay-tay-nam-huy-hoang-ht7709-den-p2022217.html?spid=2025823,giày tây nam huy hoàng ht7709
2021019,Giày Mọi Da Lộn Có Khóa Huy Hoàng HT7198 - Nâu,769000.0,769000.0,0.0,0.0,0,1867,,https://tiki.vngiay-moi-da-lon-co-khoa-huy-hoang-ht7198-nau-p2021019.html?spid=2021553,giày da lộn có khóa
1999621,Giày Nam Huy Hoàng HT7124 - Nâu (Size,909000.0,909000.0,0.0,0.0,0,1867,,https://tiki.vngiay-nam-huy-hoang-ht7124-nau-p1999621.html?spid=2007675,giày nam huy hoàng ht7124
278838128,DÉP DA BÒ QUAI NHỊ CAO CẤP VATIS 0311,119000.0,220000.0,101000.0,0.0,0,274160,,https://tiki.vndep-da-bo-quai-nhi-cao-cap-vatis-0311-p278838128.html?spid=278838134,dép da bò quai nhị cao cấp
271289996,Dép Nam Quai Ngang Da Bò Thật TiTi ĐÔ Cao Cấp DNA2217,420000.0,420000.0,0.0,0.0,0,323804,,https://tiki.vndep-nam-quai-ngang-da-bo-that-titi-do-cao-cap-dna2217-p271289996.html?spid=271289998,dép nam quai ngang da bò
269851137,Dép Bít Mũi Nam Da Bò Thật TiTi ĐÔ Cao Cấp GSB20161,450000.0,450000.0,0.0,0.0,0,323804,,https://tiki.vndep-bit-mui-nam-titi-do-da-bo-that-cao-cap-gsb20161-p269851137.html?spid=269851143,dép bít mũi nam
217759803,Dép Nam Quai Ngang Da Bò Thật TiTi ĐÔ Cao Cấp DN2073d,435000.0,435000.0,0.0,0.0,0,323804,,https://tiki.vndep-nam-quai-ngang-da-bo-that-ha-nam-cao-cap-dn2073d-p217759803.html?spid=217759856,dép nam quai ngang da bò
217611791,Dép Bít Mũi Nam Da Bò Thật TiTi ĐÔ Cao Cấp GSB2087d,458000.0,458000.0,0.0,0.0,0,323804,,https://tiki.vndep-bit-mui-nam-da-bo-that-ha-nam-cao-cap-gsb2087d-p217611791.html?spid=217611816,dép bít mũi nam
217610923,Dép Bít Mũi Nam Da Bò Thật TiTi ĐÔ Cao Cấp GSB20124d,530000.0,530000.0,0.0,0.0,0,323804,,https://tiki.vndep-bit-mui-nam-da-bo-that-ha-nam-cao-cap-gsb20124d-p217610923.html?spid=217610967,dép bít mũi nam
217506471,Dép Xỏ Ngón Nam Da Bò Thật TiTi ĐÔ Cao Cấp DNA2020d,420000.0,420000.0,0.0,0.0,0,323804,,https://tiki.vndep-xo-ngon-nam-da-bo-that-ha-nam-cao-cap-dna2020d-p217506471.html?spid=217506529,dép xỏ ngón nam
217506122,Giày Mọi Nam Da Bò Thật TiTi ĐÔ Cao Cấp GM2036d,743000.0,743000.0,0.0,0.0,0,323804,,https://tiki.vngiay-moi-nam-da-bo-that-ha-nam-cao-cap-gm2036d-p217506122.html?spid=217506143,giày nam da bò titi đô
217275087,Dép Bít Mũi Nam Da Bò Thật TiTi ĐÔ Cao Cấp GSB20140,540000.0,540000.0,0.0,0.0,0,323804,,https://tiki.vndep-bit-mui-nam-da-bo-that-ha-nam-giay-cao-cap-gsb20140-p217275087.html?spid=217275119,dép bít mũi nam
200687920,Dép Nam Quai Ngang HÀ NAM Da Bò Thật Cao Cấp DNA2189,390000.0,390000.0,0.0,0.0,0,93132,,https://tiki.vndep-nam-quai-ngang-da-bo-that-ha-nam-cao-cap-dna2189-p200687920.html?spid=200687954,dép nam quai ngang hà nam
177782895,Dép Nam Quai Ngang HÀ NAM Da Bò Thật Cao Cấp DNA2181,420000.0,420000.0,0.0,0.0,0,93132,,https://tiki.vndep-nam-quai-ngang-da-bo-giay-ha-nam-cao-cap-dna2181-p177782895.html?spid=177782897,dép nam quai ngang hà nam
173727722,DÉP NAM QUAI NGANG DA BÒ CAO CẤP VATIS VA2018,150000.0,299000.0,149000.0,3.0,2,274160,,https://tiki.vndep-nam-quai-ngang-da-bo-cao-cap-vatis-va2018-p173727722.html?spid=173727732,dép nam quai ngang da bò
147248514,Dép Nam Quai Ngang HÀ NAM Da Bò Thật Cao Cấp DNA2156,368000.0,368000.0,0.0,0.0,0,93132,,https://tiki.vndep-nam-quai-ngang-da-bo-ha-nam-cao-cap-dna2156-p147248514.html?spid=147248523,dép nam quai ngang hà nam
144614774,Giày Tây Nam Công Sở HA  NAM Da Bò Thât Cao Cấp GT2033,676000.0,676000.0,0.0,0.0,0,93132,,https://tiki.vngiay-tay-nam-da-bo-ha-nam-cao-cap-gt2033-p144614774.html?spid=144614784,giày tây nam
141771194,"Dép Sapo Nam Da Bò SUNPOLO SPO197 (Đen, Nâu)",700000.0,700000.0,0.0,0.0,0,1827,,https://tiki.vndep-sapo-nam-da-bo-sunpolo-spo197-den-nau-p141771194.html?spid=141771196,dép sapo nam da bò
133234993,"Dép nam quai ngang, Sandal học sinh ADDA Thái Lan 2N36",381000.0,381000.0,0.0,0.0,0,192753,,https://tiki.vndep-nam-quai-ngang-sandal-hoc-sinh-adda-thai-lan-2n36-p133234993.html?spid=133235084,dép nam quai ngang sandal
126796807,"Dép Sapo Nam Da Bò SUNPOLO SPO196 (Đen, Nâu)",700000.0,700000.0,0.0,5.0,1,1827,,https://tiki.vndep-sapo-nam-da-bo-sunpolo-spo196-den-nau-p126796807.html?spid=126796813,dép sapo nam da bò
111755500,Dép Bít Mũi Nam HÀ NAM Da Bò Thật Cao Cấp GSB2083,478000.0,478000.0,0.0,0.0,0,93132,,https://tiki.vndep-bit-mui-nam-sabo-nam-da-bo-that-gsb2083-p111755500.html?spid=111755514,dép bít mũi nam
108432652,GIày Sandal Nam Da Bò BIGGBEN Cao Cấp SD115,369000.0,450000.0,81000.0,5.0,3,9460,,https://tiki.vngiay-sandal-nam-da-bo-biggben-cao-cap-sd115-p108432652.html?spid=108432670,giày sandal nam da bò
105708376,Dép Bít Mũi Nam HÀ NAM Da Bò Thật Cao Cấp GSB2076,480000.0,480000.0,0.0,0.0,0,93132,,https://tiki.vndep-bit-mui-nam-sabo-nam-da-bo-that-de-cao-su-gsb2076-p105708376.html?spid=105708382,dép bít mũi nam
104869184,Dép Bít Mũi Nam HÀ NAM Da Bò Thật Cao Cấp GSB2071,440000.0,440000.0,0.0,0.0,0,93132,,https://tiki.vndep-bit-mui-nam-sabo-nam-da-bo-that-de-cao-su-gsb2071-p104869184.html?spid=104869196,dép bít mũi nam
104859478,Dép Bít Mũi Nam HÀ NAM Da Bò Thật Cao Cấp GSB2072,440000.0,440000.0,0.0,5.0,1,93132,,https://tiki.vndep-bit-mui-nam-sabo-nam-da-bo-that-de-cao-su-gsb2072-p104859478.html?spid=104859485,dép bít mũi nam
72136586,Giày Tây Nam Da Bò BIGGBEN Cao Cấp GT200,649000.0,750000.0,101000.0,0.0,0,9460,,https://tiki.vngiay-tay-nam-da-bo-biggben-cao-cap-gt200-p72136586.html?spid=72136600,giày tây nam da bò biggben
55093319,Giày Tây Nam Da Bò BIGGBEN Cao Cấp GT169,620000.0,620000.0,0.0,0.0,0,9460,,https://tiki.vngiay-tay-nam-da-bo-biggben-cao-cap-gt169-p55093319.html?spid=55093325,giày tây nam da bò biggben
55077916,Giày Mọi Nam Da Bò BIGGBEN Cao Cấp GM229,700000.0,700000.0,0.0,0.0,0,9460,,https://tiki.vngiay-moi-nam-da-bo-biggben-cao-cap-gm229-p55077916.html?spid=55077918,giày nam da bò biggben
48274097,Giày SaBo Nam Da Bò BIGGBEN SB80,500000.0,500000.0,0.0,4.5,4,9460,,https://tiki.vngiay-sabo-nam-da-bo-biggben-sb80-p48274097.html?spid=48274105,giày sabo nam da bò
36768938,Giày lười DOLO MEN XGL09,1650000.0,1650000.0,0.0,0.0,0,17989,,https://tiki.vngiay-luoi-dolo-men-xgl09-p36768938.html?spid=36768949,giày lười dolo men
15294125,Giày Tây Nam Tăng Chiều Cao BiGGBEN Da Bò Thật GT126,939000.0,1000000.0,61000.0,0.0,0,9460,,https://tiki.vngiay-tay-nam-tang-chieu-cao-biggben-da-bo-that-gt126-p15294125.html?spid=15294131,giày tây nam tăng chiều
8426995,Giày Mọi Nam BIGGBEN Da Bò Thật GM134,700000.0,700000.0,0.0,0.0,0,9460,,https://tiki.vngiay-moi-nam-biggben-da-bo-that-gm134-p8426995.html?spid=8427003,giày nam biggben da bò
8052171,Giày Tây Nam BIGGBEN Da Bò Thật Cao Cấp GT83,549000.0,549000.0,0.0,0.0,0,9460,,https://tiki.vngiay-tay-nam-biggben-da-bo-that-cao-cap-gt83-p8052171.html?spid=8052177,giày tây nam biggben da bò
8003458,Dép Nam BIGGBEN Da Bò Thật Cao Cấp DN125,339000.0,450000.0,111000.0,4.5,25,9460,,https://tiki.vndep-nam-biggben-da-bo-that-cao-cap-dn125-p8003458.html?spid=8003460,dép nam biggben da bò
7987726,Dép Nam BIGGBEN Da Bò Thật Cao Cấp DN111,440000.0,440000.0,0.0,0.0,0,9460,,https://tiki.vndep-nam-biggben-da-bo-that-cao-cap-dn111-p7987726.html?spid=7987736,dép nam biggben da bò
6587647,Giày Tây Nam BIGGBEN Da Bò Thật Cao Cấp GT32,700000.0,700000.0,0.0,0.0,0,9460,,https://tiki.vngiay-tay-nam-biggben-da-bo-that-cao-cap-gt32-p6587647.html?spid=6587651,giày tây nam biggben da bò
6398613,Giày Tây Nam BIGGBEN Da Bò Thật Cao Cấp GT23,600000.0,600000.0,0.0,5.0,1,9460,,https://tiki.vngiay-tay-nam-biggben-da-bo-that-cao-cap-gt23-p6398613.html?spid=6398629,giày tây nam biggben da bò
6396781,Sandal Nam Bít Mũi BIGGBEN Da Bò Thật SD44,470000.0,470000.0,0.0,4.3,3,9460,,https://tiki.vnsandal-nam-bit-mui-biggben-da-bo-that-sd44-p6396781.html?spid=6396793,sandal nam bít mũi
5741619,Giày Tây Nam BIGGBEN Da Bò Thật GT13,700000.0,700000.0,0.0,0.0,0,9460,,https://tiki.vngiay-tay-nam-biggben-da-bo-that-gt13-p5741619.html?spid=5741623,giày tây nam biggben da bò
5469215,Sandal Nam BIGGBEN Da Bò Thật SD12,369900.0,400000.0,30100.0,4.6,21,9460,,https://tiki.vnsandal-nam-biggben-da-bo-that-sd12-p5469215.html?spid=5469219,sandal nam biggben da bò
2680423,Dép Rọ Nam Huy Hoàng HT7728 - Da,391300.0,559000.0,167700.0,5.0,1,1867,,https://tiki.vndep-ro-nam-huy-hoang-ht7728-da-p2680423.html?spid=2680427,dép rọ nam huy hoàng
2022259,Giày Nam Thời Trang Cột Dây Huy Hoàng HT7712 - Nâu,909000.0,909000.0,0.0,5.0,1,1867,,https://tiki.vngiay-nam-thoi-trang-cot-day-huy-hoang-ht7712-nau-p2022259.html?spid=2025791,giày nam thời trang cột
277567404,Giày Tây Nam BIGGBEN Da Bò Thật Cao Cấp GT269,749000.0,1000000.0,251000.0,0.0,0,9460,,https://tiki.vngiay-tay-nam-biggben-da-bo-that-cao-cap-gt269-p277567404.html?spid=277567408,giày tây nam biggben da bò
276663178,Dép Bít Đầu Nam BIGGBEN Da Bò Thật Cao Cấp SB133,349000.0,500000.0,151000.0,0.0,0,9460,,https://tiki.vndep-bit-dau-nam-biggben-da-bo-that-cao-cap-sb133-p276663178.html?spid=276663180,dép bít đầu nam
274710386,DÉP QUAI NGANG CHẤT LIỆU DA BÒ VATIS VA2040 | KHÂU ĐẾ CHẮC CHẮN,149000.0,289000.0,140000.0,0.0,0,274160,,https://tiki.vndep-quai-ngang-chat-lieu-da-bo-vatis-va2040-khau-de-chac-chan-p274710386.html?spid=274710396,dép quai ngang chất liệu
274685477,DÉP QUAI NGANG CHẤT LIỆU DA BÒ VATIS VA2039 | KHÂU ĐẾ,149000.0,289000.0,140000.0,0.0,0,274160,,https://tiki.vndep-quai-ngang-chat-lieu-da-bo-vatis-va2039-khau-de-p274685477.html?spid=274685487,dép quai ngang chất liệu
273320508,Dép Bít Đầu Nam BIGGBEN Da Bò Thật Cao Cấp SB130,500000.0,500000.0,0.0,0.0,0,9460,,https://tiki.vndep-bit-dau-nam-biggben-da-bo-that-cao-cap-sb130-p273320508.html?spid=273320528,dép bít đầu nam
250335110,Giày Mọi Nam BiGGBEN Da Bò Thật Cao Cấp GM206,720000.0,720000.0,0.0,4.7,6,9460,,https://tiki.vngiay-moi-nam-biggben-da-bo-that-cao-cap-gm206-p250335110.html?spid=38207727,giày nam biggben da bò
250054767,Dép Nam BIGGBEN Da Bò Thật Cao Cấp DN330,399000.0,450000.0,51000.0,0.0,0,9460,,https://tiki.vndep-nam-biggben-da-bo-that-cao-cap-dn330-p250054767.html?spid=250054775,dép nam biggben da bò
216936835,Dép Bít Đầu Nam Đế âm BIGGBEN Da Bò Thật Cao Cấp SB121,449000.0,550000.0,101000.0,0.0,0,9460,,https://tiki.vndep-bit-dau-nam-de-am-biggben-da-bo-that-cao-cap-sb121-p216936835.html?spid=216936849,dép bít đầu nam đế
203477504,Giày Sandal Nam BIGGBEN Da Bò Thật SD130,369000.0,450000.0,81000.0,0.0,0,9460,,https://tiki.vngiay-sandal-nam-biggben-da-bo-that-sd130-p203477504.html?spid=203477510,giày sandal nam biggben
177674636,Dép Nam Quai Ngang Da Bò Thật BIGGBEN Cao Cấp DN310,380000.0,380000.0,0.0,0.0,0,9460,,https://tiki.vndep-nam-quai-ngang-da-bo-that-biggben-cao-cap-dn310-p177674636.html?spid=177674644,dép nam quai ngang da bò
173609788,DÉP KẸP DA BÒ CAO CẤP VATIS VA2013,150000.0,299000.0,149000.0,0.0,0,274160,,https://tiki.vndep-kep-da-bo-cao-cap-vatis-va2013-p173609788.html?spid=173609792,dép kẹp da bò cao cấp
165597649,Giày Tây Nam Da Bò Thật BIGGBEN Cao Cấp GT219,690000.0,690000.0,0.0,0.0,0,9460,,https://tiki.vngiay-tay-nam-da-bo-that-biggben-cao-cap-gt219-p165597649.html?spid=165597653,giày tây nam da bò biggben
165587664,Dép Nam Da Bò Thật BIGGBEN Cao Cấp DN301,369000.0,400000.0,31000.0,0.0,0,9460,,https://tiki.vndep-nam-da-bo-that-biggben-cao-cap-dn301-p165587664.html?spid=165587666,dép nam da bò biggben
164947697,GIÀY LƯỜI DA LỘN PUBLIC GARDEN MŨI VUÔNG THỜI TRANG NAM HÀN QUỐC (2 MÀU) - NÂU,1300000.0,1300000.0,0.0,0.0,0,148483,,https://tiki.vngiay-luoi-da-lon-public-garden-mui-vuong-thoi-trang-nam-han-quoc-2-mau-nau-p164947697.html?spid=164947739,giày lười da lộn public
108215895,Dép Bít Mũi Nam Da Bò BIGGBEN Cao Cấp SB103,350000.0,350000.0,0.0,0.0,0,9460,,https://tiki.vndep-bit-mui-nam-da-bo-biggben-cao-cap-sb103-p108215895.html?spid=108215901,dép bít mũi nam
108212421,Dép Bít Mũi Nam Da Bò BIGGBEN Cao Cấp SB102,350000.0,350000.0,0.0,0.0,0,9460,,https://tiki.vndep-bit-mui-nam-da-bo-biggben-cao-cap-sb102-p108212421.html?spid=108212433,dép bít mũi nam
108009904,Dép Bít Mũi Nam Da Bò BIGGBEN Cao Cấp SB98,500000.0,500000.0,0.0,5.0,1,9460,,https://tiki.vndep-bit-mui-nam-da-bo-biggben-cao-cap-sb98-p108009904.html?spid=108009920,dép bít mũi nam
107640376,Dép Nam Quai Ngang Da Bò BIGGBEN Cao Cấp DN285,319000.0,450000.0,131000.0,0.0,0,9460,,https://tiki.vndep-nam-quai-ngang-da-bo-biggben-cao-cap-dn285-p107640376.html?spid=107640382,dép nam quai ngang da bò
75937986,Dép nam xỏ ngón đẹp da bò thật  màu đen chính hàng Trường Hải XN12_Dép kẹp nam da bò,289000.0,289000.0,0.0,2.0,1,11395,,https://tiki.vndep-nam-xo-ngon-dep-da-bo-that-mau-den-chinh-hang-truong-hai-xn12_dep-kep-nam-da-bo-p75937986.html?spid=75937996,dép nam xỏ ngón đẹp
66510946,Dép Nam Da Bò BIGGBEN Cao Cấp DN262,400000.0,400000.0,0.0,5.0,1,9460,,https://tiki.vndep-nam-da-bo-biggben-cao-cap-dn262-p66510946.html?spid=66510948,dép nam da bò biggben
63174143,Dép Nam Da Bò BIGGBEN Cao Cấp DN258,389000.0,500000.0,111000.0,4.7,3,9460,,https://tiki.vndep-nam-da-bo-biggben-cao-cap-dn258-p63174143.html?spid=63174153,dép nam da bò biggben
59173640,Giày Mọi Nam Da Bò BIGGBEN Cao Cấp GM236,760000.0,760000.0,0.0,0.0,0,9460,,https://tiki.vngiay-moi-nam-da-bo-biggben-cao-cap-gm236-p59173640.html?spid=59173644,giày nam da bò biggben
48290730,Giày Tây Nam  Da Bò BIGGBEN Cao Cấp GT162,650000.0,650000.0,0.0,0.0,0,9460,,https://tiki.vngiay-tay-nam-da-bo-biggben-cao-cap-gt162-p48290730.html?spid=48290738,giày tây nam da bò biggben
48277699,Giày Tây Nam BIGGBEN Da Bò Thật  GT161,700000.0,700000.0,0.0,4.0,1,9460,,https://tiki.vngiay-tay-nam-biggben-da-bo-that-gt161-p48277699.html?spid=48277709,giày tây nam biggben da bò
48274337,Giày SaBo Nam BIGGBEN Da Bò Thật SB81,500000.0,500000.0,0.0,0.0,0,9460,,https://tiki.vngiay-sabo-nam-biggben-da-bo-that-sb81-p48274337.html?spid=48274347,giày sabo nam biggben
48273994,Giày SaBo Nam Da Bò BIGGBEN Cao Cấp SB79,500000.0,500000.0,0.0,4.8,5,9460,,https://tiki.vngiay-sabo-nam-da-bo-biggben-cao-cap-sb79-p48273994.html?spid=48274006,giày sabo nam da bò
27768948,Dép Nam BIGGBEN Da Bò Thật Cao Cấp DN205,319000.0,400000.0,81000.0,4.0,4,9460,,https://tiki.vndep-nam-biggben-da-bo-that-cao-cap-dn205-p27768948.html?spid=27768960,dép nam biggben da bò
27578902,Giày Tây Nam BiGGBEN Da Bò Thật  Cao Cấp GT142,650000.0,650000.0,0.0,0.0,0,9460,,https://tiki.vngiay-tay-nam-biggben-da-bo-that-cao-cap-gt142-p27578902.html?spid=27578908,giày tây nam biggben da bò
26691723,Dép Nam BIGGBEN Da Bò Thật Cao Cấp DN201,380000.0,380000.0,0.0,4.5,8,9460,,https://tiki.vndep-nam-biggben-da-bo-that-cao-cap-dn201-p26691723.html?spid=26691731,dép nam biggben da bò
16879320,Dép SaBo Nam BIGGBEN Da Bò Thật SB66,379000.0,550000.0,171000.0,5.0,1,9460,,https://tiki.vndep-sabo-nam-biggben-da-bo-that-sb66-p16879320.html?spid=16879326,dép sabo nam biggben
13983244,Giày Mọi Nam Da Bò Thật Cao Cấp GM160,720000.0,720000.0,0.0,0.0,0,9460,,https://tiki.vngiay-moi-nam-da-bo-that-cao-cap-gm160-p13983244.html?spid=13983250,giày nam da bò cao cấp
12506345,Dép Sabo Nữ BIGGBEN Da Bò Thật SBN11,380000.0,380000.0,0.0,0.0,0,9460,,https://tiki.vndep-sabo-nu-biggben-da-bo-that-sbn11-p12506345.html?spid=12506349,dép sabo nữ biggben
10050415,Giày Tây Nam BIGGBEN Da Bò Thật Cao Cấp GT96,500000.0,500000.0,0.0,0.0,0,9460,,https://tiki.vngiay-tay-nam-biggben-da-bo-that-gt96-p10050415.html?spid=10050417,giày tây nam biggben da bò
8417168,Giày Mọi Nam BIGGBEN Da Bò Thật GM131,680000.0,680000.0,0.0,0.0,0,9460,,https://tiki.vngiay-moi-nam-biggben-da-bo-that-gm131-p8417168.html?spid=8417180,giày nam biggben da bò
8059116,Dép Nam BIGGBEN Da Bò Thật Cao Cấp DN131,360000.0,360000.0,0.0,4.5,2,9460,,https://tiki.vndep-nam-biggben-da-bo-that-cao-cap-dn131-p8059116.html?spid=8059128,dép nam biggben da bò
6607727,Dép SaBo Nam BIGGBEN Da Bò Thật Cao Cấp SB29,370000.0,370000.0,0.0,0.0,0,9460,,https://tiki.vndep-sabo-nam-biggben-da-bo-that-cao-cap-sb29-p6607727.html?spid=6607747,dép sabo nam biggben
6398393,Giày Tây Nam BIGGBEN Da Bò Thật Cao Cấp GT21,560000.0,560000.0,0.0,0.0,0,9460,,https://tiki.vngiay-tay-nam-biggben-da-bo-that-cao-cap-gt21-p6398393.html?spid=6398397,giày tây nam biggben da bò
4924423,Dép Da Nam BIGBEN May Viền Da Bò Thật Cao Cấp DN14,399000.0,399000.0,0.0,3.0,1,9460,,https://tiki.vndep-da-nam-biggben-may-vien-da-bo-that-cao-cap-dn14-p4924423.html?spid=4924447,dép da nam bigben may
2556865,Dép Nam Quai Ngang Da Bò SUNPOLO SUD19D - Đen (Size,480000.0,480000.0,0.0,0.0,0,1827,,https://tiki.vndep-nam-quai-ngang-da-bo-sunpolo-sud19d-den-p2556865.html?spid=2614771,dép nam quai ngang da
278990515,Giày Mọi Nam Da Bò Thật BIGGBEN Cao Cấp GM326,749000.0,1000000.0,251000.0,0.0,0,9460,,https://tiki.vngiay-moi-nam-da-bo-that-biggben-cao-cap-gm326-p278990515.html?spid=278990527,giày nam da bò biggben
277566438,Giày Mọi Nam Da Bò Thật BIGGBEN Cao Cấp GM320,749000.0,1000000.0,251000.0,0.0,0,9460,,https://tiki.vngiay-moi-nam-da-bo-that-biggben-cao-cap-gm320-p277566438.html?spid=277566440,giày nam da bò biggben
276661855,Giày Tây Nam BIGGBEN Da Bò Thật Cao Cấp GT267,729000.0,900000.0,171000.0,0.0,0,9460,,https://tiki.vngiay-tay-nam-biggben-da-bo-that-cao-cap-gt267-p276661855.html?spid=276661863,giày tây nam biggben da bò
275958178,Giầy nam da bò cao cấp sang trọng hàng xuất khẩu 20940,1040200.0,1040200.0,0.0,0.0,0,9711,,https://tiki.vngiay-nam-da-bo-cao-cap-sang-trong-hang-xuat-khau-20940-p275958178.html?spid=275958194,giầy nam da bò cao cấp
275698523,DÉP NAM CHẤT LIỆU DA BÒ VATIS,119000.0,200000.0,81000.0,0.0,0,274160,,https://tiki.vndep-nam-chat-lieu-da-bo-vatis-p275698523.html?spid=275698531,dép nam chất liệu da bò
275304538,Dép Xỏ Ngón Nam Da Bò Thật BIGGBEN Cao Cấp DK98,399000.0,500000.0,101000.0,0.0,0,9460,,https://tiki.vndep-xo-ngon-nam-da-bo-that-biggben-cao-cap-dk98-p275304538.html?spid=275304566,dép xỏ ngón nam
271416814,Dép Nam Quai Ngang BIGGBEN Da Bò Thật Cao 4 Phân DN341,400000.0,400000.0,0.0,0.0,0,9460,,https://tiki.vndep-nam-quai-ngang-biggben-da-bo-that-cao-4-phan-dn341-p271416814.html?spid=271416818,dép nam quai ngang biggben
270073729,Sandal Eva Nam Biti's (30-40,345000.0,345000.0,0.0,0.0,0,174218,,https://tiki.vnsandal-eva-nam-biti-s-30-40-p270073729.html?spid=270073751,sandal eva nam biti
250514772,Giày Tây Nam BIGGBEN Da Bò Thật Cao Cấp GT243,750000.0,750000.0,0.0,0.0,0,9460,,https://tiki.vngiay-tay-nam-biggben-da-bo-that-cao-cap-gt243-p250514772.html?spid=250514790,giày tây nam biggben da bò
216936889,Dép Bít Đầu Nam Đế âm BIGGBEN Da Bò Thật Cao Cấp SB122,449000.0,550000.0,101000.0,0.0,0,9460,,https://tiki.vndep-bit-dau-nam-de-am-biggben-da-bo-that-cao-cap-sb122-p216936889.html?spid=216936901,dép bít đầu nam đế
216936031,Dép Bít Đầu Nam Đế âm BIGGBEN Da Bò Thật Cao Cấp SB119,550000.0,550000.0,0.0,0.0,0,9460,,https://tiki.vndep-bit-dau-nam-de-am-biggben-da-bo-that-cao-cap-sb119-p216936031.html?spid=216936039,dép bít đầu nam đế
216935870,Giày Mọi Nam Da Bò Đế âm Thật BIGGBEN Cao Cấp GM287,749000.0,800000.0,51000.0,0.0,0,9460,,https://tiki.vngiay-moi-nam-da-bo-de-am-that-biggben-cao-cap-gm287-p216935870.html?spid=216935876,giày nam da bò đế âm
203469026,Giày Tây Nam BIGGBEN Da Bò Thật Cao Cấp GT236,749000.0,800000.0,51000.0,0.0,0,9460,,https://tiki.vngiay-tay-nam-biggben-da-bo-that-cao-cap-gt236-p203469026.html?spid=203469038,giày tây nam biggben da bò
195443856,Giày Mọi Nam Da Bò Thật BIGGBEN Cao Cấp GM282,749000.0,800000.0,51000.0,0.0,0,9460,,https://tiki.vngiay-moi-nam-da-bo-that-biggben-cao-cap-gm282-p195443856.html?spid=195443858,giày nam da bò biggben
190792898,Giày sandal nam da bò thật BIGGBEN cao cấp SD123,319000.0,400000.0,81000.0,4.6,5,9460,,https://tiki.vngiay-sandal-nam-da-bo-that-biggben-cao-cap-sd123-p190792898.html?spid=190792920,giày sandal nam da bò
186743410,Giày Mọi Nam Da Bò Thật BIGGBEN Cao Cấp GM277,749000.0,800000.0,51000.0,0.0,0,9460,,https://tiki.vngiay-moi-nam-da-bo-that-biggben-cao-cap-gm277-p186743410.html?spid=186743420,giày nam da bò biggben
186740927,Giày Mọi Nam Da Bò Thật BIGGBEN Cao Cấp GM273,749000.0,800000.0,51000.0,0.0,0,9460,,https://tiki.vngiay-moi-nam-da-bo-that-biggben-cao-cap-gm273-p186740927.html?spid=186740937,giày nam da bò biggben
165597785,Giày Tây Nam Da Bò Thật BIGGBEN Cao Cấp GT220,749000.0,800000.0,51000.0,0.0,0,9460,,https://tiki.vngiay-tay-nam-da-bo-that-biggben-cao-cap-gt220-p165597785.html?spid=165597795,giày tây nam da bò biggben
151780062,Dép bít mũi nam da bò thật BIGGBEN cao cấp SB110,369000.0,500000.0,131000.0,0.0,0,9460,,https://tiki.vndep-bit-mui-nam-da-bo-that-biggben-cao-cap-sb110-p151780062.html?spid=151780066,dép bít mũi nam
141170749,Dép nam bít đầu da bò thật BIGGBEN cao cấp DN297,389000.0,550000.0,161000.0,0.0,0,9460,,https://tiki.vndep-nam-bit-dau-da-bo-that-biggben-cao-cap-dn297-p141170749.html?spid=141171174,dép nam bít đầu
91210503,Dép Bít Mũi Nam Da Bò BIGGBEN Cao Cấp SB92,349000.0,400000.0,51000.0,5.0,1,9460,,https://tiki.vndep-bit-mui-nam-da-bo-biggben-cao-cap-sb92-p91210503.html?spid=91210513,dép bít mũi nam
72128836,Giày Mọi Nam Da Bò BIGGBEN Cao Cấp GM250,700000.0,700000.0,0.0,0.0,0,9460,,https://tiki.vngiay-moi-nam-da-bo-biggben-cao-cap-gm250-p72128836.html?spid=72128848,giày nam da bò biggben
55106110,Giày Tây Nam Da Bò BIGGBEN Cao Cấp GT170,670000.0,670000.0,0.0,5.0,1,9460,,https://tiki.vngiay-tay-nam-da-bo-biggben-cao-cap-gt170-p55106110.html?spid=55106118,giày tây nam da bò biggben
55089050,Giày Tây Nam Da Bò BIGGBEN Cao Cấp GT166,650000.0,650000.0,0.0,0.0,0,9460,,https://tiki.vngiay-tay-nam-da-bo-biggben-cao-cap-gt166-p55089050.html?spid=55089056,giày tây nam da bò biggben
48310107,Giày Mọi Nam Da Bò BIGGBEN GM219,699000.0,800000.0,101000.0,0.0,0,9460,,https://tiki.vngiay-moi-nam-da-bo-biggben-gm219-p48310107.html?spid=48310119,giày nam da bò biggben
27579290,Giày Mọi Nam BiGGBEN Da Bò Thật Cao Cấp GM189,650000.0,650000.0,0.0,0.0,0,9460,,https://tiki.vngiay-moi-nam-biggben-da-bo-that-cao-cap-gm189-p27579290.html?spid=27579300,giày nam biggben da bò
15267619,Giày Tây Nam Cột Dây  BiGGBEN Da Bò Thật GT118,550000.0,550000.0,0.0,0.0,0,9460,,https://tiki.vngiay-tay-nam-cot-day-biggben-da-bo-that-gt118-p15267619.html?spid=15267623,giày tây nam cột dây
15259840,Giày Tây Nam BiGGBEN Da Bò Thật GT112,699000.0,800000.0,101000.0,5.0,1,9460,,https://tiki.vngiay-tay-nam-biggben-da-bo-that-gt112-p15259840.html?spid=15259848,giày tây nam biggben da bò
8425854,Giày Mọi Nam BIGGBEN Da Bò Thật GM132,780000.0,780000.0,0.0,0.0,0,9460,,https://tiki.vngiay-moi-nam-biggben-da-bo-that-gm132-p8425854.html?spid=8425860,giày nam biggben da bò
8416841,Giày Mọi Nam BIGGBEN Da Bò Thật GM130,700000.0,700000.0,0.0,0.0,0,9460,,https://tiki.vngiay-moi-nam-biggben-da-bo-that-gm130-p8416841.html?spid=8416853,giày nam biggben da bò
8052233,Giày Tây Nam BIGGBEN Da Bò Thật Cao Cấp GT84,549000.0,549000.0,0.0,0.0,0,9460,,https://tiki.vngiay-tay-nam-biggben-da-bo-that-cao-cap-gt84-p8052233.html?spid=8052239,giày tây nam biggben da bò
8001240,Giày Mọi Nam BIGGBEN Da Bò Thật Cao Cấp GM112,700000.0,700000.0,0.0,0.0,0,9460,,https://tiki.vngiay-moi-nam-biggben-da-bo-that-cao-cap-gm112-p8001240.html?spid=8001250,giày nam biggben da bò
7382421,Giày Tây Nam BIGGBEN Da Bò Thật Cao Cấp GT60,680000.0,680000.0,0.0,0.0,0,9460,,https://tiki.vngiay-tay-nam-biggben-da-bo-that-cao-cap-gt60-p7382421.html?spid=7382441,giày tây nam biggben da bò
7376805,Giày Mọi Nam BIGGBEN Da Bò Thật Cao Cấp GM108,780000.0,780000.0,0.0,0.0,0,9460,,https://tiki.vngiay-moi-nam-biggben-da-bo-that-cao-cap-gm108-p7376805.html?spid=7376813,giày nam biggben da bò
6587029,Giày Tây Nam BIGGBEN Da Bò Thật Cao Cấp GT31,500000.0,500000.0,0.0,0.0,0,9460,,https://tiki.vngiay-tay-nam-biggben-da-bo-that-cao-cap-gt31-p6587029.html?spid=6587053,giày tây nam biggben da bò
6580669,Giày Mọi Nam BIGGBEN Da Bò Thật Cao Cấp GM22,499000.0,499000.0,0.0,0.0,0,9460,,https://tiki.vngiay-moi-nam-biggben-da-bo-that-cao-cap-gm22-p6580669.html?spid=6580681,giày nam biggben da bò
6397497,Giày Tây Nam BIGGBEN Da Bò Thật Cao Cấp GT18,580000.0,580000.0,0.0,0.0,0,9460,,https://tiki.vngiay-tay-nam-biggben-da-bo-that-cao-cap-gt18-p6397497.html?spid=6397517,giày tây nam biggben da bò
6278637,Giày Mọi Nam BIGGBEN Da Bò Thật Cao Cấp GM13,500000.0,500000.0,0.0,0.0,0,9460,,https://tiki.vngiay-moi-nam-biggben-da-bo-that-cao-cap-gm13-p6278637.html?spid=6278653,giày nam biggben da bò
6020887,Dép SaBo Nam BIGGBEN Da Bò Thật SB02,350000.0,350000.0,0.0,5.0,1,9460,,https://tiki.vndep-sabo-nam-biggben-da-bo-that-sb02-p6020887.html?spid=6020903,dép sabo nam biggben
2546403,Giày Lười Nam Da Bò SUNPOLO SUKT2581N,790000.0,790000.0,0.0,3.0,1,1827,,https://tiki.vngiay-moi-nam-da-bo-sunpolo-sukt2581-p2546403.html?spid=2614495,giày lười nam da bò
276661439,Giày Tây Nam BIGGBEN Da Bò Thật Cao Cấp GT266,729000.0,900000.0,171000.0,0.0,0,9460,,https://tiki.vngiay-tay-nam-biggben-da-bo-that-cao-cap-gt266-p276661439.html?spid=276661471,giày tây nam biggben da bò
275240810,Combo 5 Túi Đựng Giày Loại Lớn Có Dây Rút,59000.0,59000.0,0.0,0.0,0,115414,,https://tiki.vncombo-5-tui-dung-giay-loai-lon-co-day-rut-p275240810.html?spid=275240811,combo túi đựng giày
270249681,Giày Tây Nam BIGGBEN Da Bò Thật Cao Cấp GT253,699000.0,800000.0,101000.0,0.0,0,9460,,https://tiki.vngiay-tay-nam-biggben-da-bo-that-cao-cap-gt253-p270249681.html?spid=270249691,giày tây nam biggben da bò
262504762,Giày Tây Nam Cột Dây BIGGBEN Da Bò Thật Cao Cấp GT244,749000.0,800000.0,51000.0,0.0,0,9460,,https://tiki.vngiay-tay-nam-cot-day-biggben-da-bo-that-cao-cap-gt244-p262504762.html?spid=262504772,giày tây nam cột dây
250056510,Dép Nam Quai Ngang BIGGBEN Da Bò Thật Cao Cấp DN332,369000.0,450000.0,81000.0,0.0,0,9460,,https://tiki.vndep-nam-quai-ngang-biggben-da-bo-that-cao-cap-dn332-p250056510.html?spid=250056524,dép nam quai ngang biggben
203469139,Giày Tây Nam BIGGBEN Da Bò Thật Cao Cấp GT237,749000.0,800000.0,51000.0,0.0,0,9460,,https://tiki.vngiay-tay-nam-biggben-da-bo-that-cao-cap-gt237-p203469139.html?spid=203469147,giày tây nam biggben da bò
197636315,Giày Tây Nam BIGGBEN Da Bò Thật Cao Cấp GT230,700000.0,700000.0,0.0,0.0,0,9460,,https://tiki.vngiay-tay-nam-biggben-da-bo-that-cao-cap-gt230-p197636315.html?spid=197636319,giày tây nam biggben da bò
177666546,Dép Nam Quai Ngang Da Bò Thật BIGGBEN Cao Cấp DN308,289000.0,380000.0,91000.0,0.0,0,9460,,https://tiki.vndep-nam-quai-ngang-da-bo-that-biggben-cao-cap-dn308-p177666546.html?spid=177666570,dép nam quai ngang da bò
165596291,Giày Tây Nam Da Bò Thật BIGGBEN Cao Cấp GT218,750000.0,750000.0,0.0,0.0,0,9460,,https://tiki.vngiay-tay-nam-da-bo-that-biggben-cao-cap-gt218-p165596291.html?spid=165596299,giày tây nam da bò biggben
143362698,"HJ7229-30-31-32 - Dép nam da cá sấu kiểu đan đen, nâu đất, vàng bò, nâu đỏ",1077300.0,1539000.0,461700.0,0.0,0,223818,,https://tiki.vnhj7229-30-31-32-dep-nam-da-ca-sau-kieu-dan-den-nau-dat-vang-bo-nau-do-p143362698.html?spid=143362708,hj7229 31 dép nam
124413865,Giày tây nam tăng chiều cao da bò BIGGBEN GT212,999000.0,1500000.0,501000.0,0.0,0,9460,,https://tiki.vngiay-tay-nam-tang-chieu-cao-da-bo-biggben-gt212-p124413865.html?spid=124413881,giày tây nam tăng chiều
124392195,Giày Mọi Nam Da Bò BIGGBEN Cao Cấp GM260,650000.0,650000.0,0.0,0.0,0,9460,,https://tiki.vngiay-moi-nam-da-bo-biggben-cao-cap-gm260-p124392195.html?spid=124392211,giày nam da bò biggben
120049804,"Dép nam Huy Hoàng da cá sấu kiểu đan màu đen, nâu đất, vàng bò, nâu đỏ HT7229-30-31-32",769300.0,1099000.0,329700.0,0.0,0,1867,,https://tiki.vnhp7229-30-31-32-dep-nam-huy-hoang-da-ca-sau-kieu-dan-mau-den-nau-dat-vang-bo-nau-do-p120049804.html?spid=120050359,dép nam huy hoàng da
120049052,"Dép nam Huy Hoàng da cá sấu kiểu kẹp màu đen, nâu đất, vàng bò, nâu đỏ HT7233-34-35-36",699300.0,999000.0,299700.0,0.0,0,1867,,https://tiki.vnhp7233-34-35-36-dep-nam-huy-hoang-da-ca-sau-kieu-kep-mau-den-nau-dat-vang-bo-nau-do-p120049052.html?spid=120049126,dép nam huy hoàng da
108435828,GIày Sandal Nam Da Bò BIGGBEN Cao Cấp SD116,339000.0,450000.0,111000.0,5.0,4,9460,,https://tiki.vngiay-sandal-nam-da-bo-biggben-cao-cap-sd116-p108435828.html?spid=108435838,giày sandal nam da bò
74363872,Giày tây nam công sở da bò cao cấp BIGGBEN Cao Cấp GT205,700000.0,700000.0,0.0,0.0,0,9460,,https://tiki.vngiay-tay-nam-cong-so-da-bo-cao-cap-biggben-cao-cap-gt205-p74363872.html?spid=74363890,giày tây nam công sở da bò
72131883,Giày Mọi Nam Da Bò BIGGBEN Cao Cấp GM256,700000.0,700000.0,0.0,0.0,0,9460,,https://tiki.vngiay-moi-nam-da-bo-biggben-cao-cap-gm256-p72131883.html?spid=72131893,giày nam da bò biggben
68590901,Giày Mọi Nam Da Bò BIGGBEN Cao Cấp GM245,600000.0,600000.0,0.0,0.0,0,9460,,https://tiki.vngiay-moi-nam-da-bo-biggben-cao-cap-gm245-p68590901.html?spid=68590907,giày nam da bò biggben
59201412,Giày Tây Nam Tăng Chiều Cao Da Bò BIGGBEN GT192,899000.0,1500000.0,601000.0,5.0,2,9460,,https://tiki.vngiay-tay-nam-tang-chieu-cao-da-bo-biggben-gt192-p59201412.html?spid=59201418,giày tây nam tăng chiều
55140002,Giày Tây Nam Da Bò BIGGBEN Cao Cấp GT180,749000.0,800000.0,51000.0,0.0,0,9460,,https://tiki.vngiay-tay-nam-da-bo-biggben-cao-cap-gt180-p55140002.html?spid=55140006,giày tây nam da bò biggben
48344475,Dép Nam Da Bò BIGGBEN Cao Cấp DN227,329000.0,400000.0,71000.0,3.0,1,9460,,https://tiki.vndep-nam-da-bo-biggben-cao-cap-dn227-p48344475.html?spid=48344479,dép nam da bò biggben
48316232,Giày Mọi Nam BIGGBEN Da Bò Thật GM222,700000.0,700000.0,0.0,5.0,1,9460,,https://tiki.vngiay-moi-nam-biggben-da-bo-that-gm222-p48316232.html?spid=48316242,giày nam biggben da bò
48276751,Giày Tây Nam BIGGBEN Da Bò Thật  GT157,700000.0,700000.0,0.0,0.0,0,9460,,https://tiki.vngiay-tay-nam-biggben-da-bo-that-gt157-p48276751.html?spid=48276757,giày tây nam biggben da bò
38147993,Dép Nam BIGGBEN Da Bò Thật Cao Cấp DN220,400000.0,400000.0,0.0,4.7,6,9460,,https://tiki.vndep-nam-biggben-da-bo-that-cao-cap-dn220-p38147993.html?spid=38148009,dép nam biggben da bò
36769053,GIÀY DOLO MEN VTL01,1480000.0,1480000.0,0.0,0.0,0,17989,,https://tiki.vngiay-dolo-men-vtl01-p36769053.html?spid=36769057,giày dolo men
36768883,Giày Tây DOLO MEN XGD06,1950000.0,1950000.0,0.0,0.0,0,17989,,https://tiki.vngiay-tay-dolo-men-xgd06-p36768883.html?spid=36768892,giày tây dolo men
27804076,Giày Tây Nam BiGGBEN Da Bò Thật  Cao Cấp GT146,700000.0,700000.0,0.0,0.0,0,9460,,https://tiki.vngiay-tay-nam-biggben-da-bo-that-cao-cap-gt146-p27804076.html?spid=27804088,giày tây nam biggben da bò
27769106,Dép Nam BIGGBEN Da Bò Thật Cao Cấp DN211,319000.0,400000.0,81000.0,4.5,8,9460,,https://tiki.vndep-nam-biggben-da-bo-that-cao-cap-dn211-p27769106.html?spid=27769114,dép nam biggben da bò
27768984,Dép Nam BIGGBEN Da Bò Thật Cao Cấp DN207,400000.0,400000.0,0.0,4.8,20,9460,,https://tiki.vndep-nam-biggben-da-bo-that-cao-cap-dn207-p27768984.html?spid=27768990,dép nam biggben da bò
27587554,Giày Mọi Nam BiGGBEN Da Bò Thật Cao Cấp GM193,700000.0,700000.0,0.0,5.0,1,9460,,https://tiki.vngiay-moi-nam-biggben-da-bo-that-cao-cap-gm193-p27587554.html?spid=27587561,giày nam biggben da bò
27582501,Giày Mọi Nam BiGGBEN Da Bò Thật Cao Cấp GM191,599000.0,599000.0,0.0,0.0,0,9460,,https://tiki.vngiay-moi-nam-biggben-da-bo-that-cao-cap-gm191-p27582501.html?spid=27582505,giày nam biggben da bò
16861373,Giày Tây Nam BiGGBEN Da Bò Thật GT133,650000.0,650000.0,0.0,0.0,0,9460,,https://tiki.vngiay-tay-nam-biggben-da-bo-that-gt133-p16861373.html?spid=16861381,giày tây nam biggben da bò
8407912,Sandal Doctor Nam BIGGBEN Da Bò Thật SD70,399000.0,500000.0,101000.0,4.8,46,9460,,https://tiki.vnsandal-doctor-nam-biggben-da-bo-that-sd70-p8407912.html?spid=8407922,sandal doctor nam biggben
8052622,Giày Tây Nam Cột Dấy BIGGBEN Da Bò Thật Cao Cấp GT86,549000.0,549000.0,0.0,0.0,0,9460,,https://tiki.vngiay-tay-nam-cot-day-biggben-da-bo-that-cao-cap-gt86-p8052622.html?spid=8052628,giày tây nam cột dấy
7999776,Giày Tây Nam BIGGBEN Da Bò Thật Cao Cấp GT74,700000.0,700000.0,0.0,0.0,0,9460,,https://tiki.vngiay-tay-nam-biggben-da-bo-that-cao-cap-gt74-p7999776.html?spid=7999780,giày tây nam biggben da bò
6625645,Giày Mọi Nam BIGGBEN Da Bò Thật GM43,500000.0,500000.0,0.0,0.0,0,9460,,https://tiki.vngiay-moi-nam-biggben-da-bo-that-gm43-p6625645.html?spid=6625661,giày nam biggben da bò
6580885,Giày Mọi Nam BIGGBEN Da Bò Thật Cao Cấp GM23,700000.0,700000.0,0.0,0.0,0,9460,,https://tiki.vngiay-moi-nam-biggben-da-bo-that-cao-cap-gm23-p6580885.html?spid=6580897,giày nam biggben da bò
2022891,Giày Nam Thắt Nơ Huy Hoàng HT7735 - Đen,979000.0,979000.0,0.0,0.0,0,1867,,https://tiki.vngiay-nam-that-no-huy-hoang-ht7735-den-p2022891.html?spid=2025195,giày nam thắt nơ huy hoàng
278839495,Giày Mọi Nam Da Bò Thật BIGGBEN Cao Cấp GM315,749000.0,1000000.0,251000.0,0.0,0,9460,,https://tiki.vngiay-moi-nam-da-bo-that-biggben-cao-cap-gm315-p278839495.html?spid=276098294,giày nam da bò biggben
278600502,Dép Bít Đầu Nam BIGGBEN Da Bò Thật Cao Cấp SB136,359000.0,500000.0,141000.0,0.0,0,9460,,https://tiki.vndep-bit-dau-nam-biggben-da-bo-that-cao-cap-sb136-p278600502.html?spid=278600508,dép bít đầu nam
278091633,Giày MICHILUX Da Bò Thật Chính Hãng Horse Bit Moccasin CIEHM Màu Đen,790000.0,790000.0,0.0,0.0,0,362302,,https://tiki.vngiay-michilux-da-bo-that-chinh-hang-horse-bit-moccasin-ciehm-mau-den-p278091633.html?spid=278091641,giày michilux da bò
278091309,Giày MICHILUX Da Bò Thật Chính Hãng Penny Loafer CIEPL Màu Xanh Navy,800000.0,800000.0,0.0,0.0,0,362302,,https://tiki.vngiay-michilux-da-bo-that-chinh-hang-penny-loafer-ciepl-mau-xanh-navy-p278091309.html?spid=278091311,giày michilux da bò
278091290,Giày MICHILUX Da Bò Thật Chính Hãng Penny Loafer CIEPL Màu Nâu Bò,800000.0,800000.0,0.0,0.0,0,362302,,https://tiki.vngiay-michilux-da-bo-that-chinh-hang-penny-loafer-ciepl-mau-nau-bo-p278091290.html?spid=278091300,giày michilux da bò
277822758,Dép quai kẹp Biti's nữ (35-39),170000.0,170000.0,0.0,0.0,0,174218,,https://tiki.vndep-quai-kep-biti-s-nu-35-39-p277822758.html?spid=277822766,dép quai kẹp biti s
276168110,60 Tờ Giấy Lau Giày,100000.0,100000.0,0.0,4.0,1,353491,,https://tiki.vnkeo-dan-giay-chuyen-dung-mau-kho-chong-nuoc-dan-hoi-keo-da-nang-sieu-dinh-p276168110.html?spid=276168111,
274320071,"[HÀNG TẶNG KÈM] Cọ chà giày, dép tiện lợi, đa năng",500000.0,500000.0,0.0,0.0,0,2883,,https://tiki.vnhang-tang-kem-co-cha-giay-dep-tien-loi-da-nang-p274320071.html?spid=274320072,cọ chà giày dép tiện lợi
273872713,Giày Sandal Nam Nữ Unisex The BiLy Quai Ngang Dây Dù Đế IP Siêu Êm Nhẹ Đế Xám Màu Xám Kem-BLDX08,349000.0,349000.0,0.0,0.0,0,196712,,https://tiki.vngiay-sandal-nam-nu-unisex-the-bily-quai-ngang-day-du-de-ip-sieu-em-nhe-de-xam-mau-xam-kem-bldx08-p273872713.html?spid=273872719,giày sandal nam nữ unisex
252563034,Dép kẹp nam da bò phối vải dù Trường Hải có 2 màu  thời trang KN120X,249000.0,249000.0,0.0,0.0,0,11395,,https://tiki.vndep-kep-nam-da-bo-phoi-vai-du-truong-hai-co-2-mau-thoi-trang-kn120x-p252563034.html?spid=252563048,dép kẹp nam da
205042205,Dép Xỏ Ngón Vento Nam dạo phố/đi chơi/du lịch CL01,235000.0,235000.0,0.0,3.0,1,51843,,https://tiki.vndep-xo-ngon-vento-nam-dao-pho-di-choi-du-lich-cl01-p205042205.html?spid=205042331,dép xỏ ngón vento
197779067,Giày Sandal Nam The Bily Quai Ngang - Đế Trắng Lót Đen Màu Xám Thổ Cẩm BLDTMD03,339000.0,339000.0,0.0,0.0,0,196712,,https://tiki.vngiay-sandal-nam-the-bily-quai-ngang-de-trang-lot-den-mau-xam-tho-cam-bldtmd03-p197779067.html?spid=197779069,giày sandal nam the
197264096,Giày Sandal Nam The Bily 3 Quai Ngang - Đế Trắng Lót Đen Màu Xám Thổ Cẩm BLDTMD04,349000.0,349000.0,0.0,0.0,0,196712,,https://tiki.vngiay-sandal-nam-the-bily-3-quai-ngang-de-trang-lot-den-mau-xam-tho-cam-bldtmd04-p197264096.html?spid=197264106,giày sandal nam the
144347672,Giày nam mũi tròn bigsize da bò cao cấp Trường Hải đế cao su may chắc chắn không trơn,550000.0,550000.0,0.0,4.0,1,11395,,https://tiki.vngiay-nam-mui-tron-bigsize-da-bo-cao-cap-truong-hai-de-cao-su-may-chac-chan-khong-tron-p144347672.html?spid=144347680,giày nam mũi tròn
51475026,Dép quai ngang nam Trường Hải da bò cao cấp mềm mại không bong tróc màu đen đế PU siêu nhẹ cao 5cm QN0744,245000.0,245000.0,0.0,5.0,11,11395,,https://tiki.vndep-quai-ngang-nam-truong-hai-da-bo-cao-cap-mem-mai-khong-bong-troc-mau-den-de-pu-sieu-nhe-cao-5cm-qn0744-p51475026.html?spid=51475030,dép quai ngang nam
21981433,Dép nam Huy Hoàng đầu cá sấu màu đen HT7237,2099000.0,2099000.0,0.0,0.0,0,1867,,https://tiki.vndep-nam-huy-hoang-dau-ca-sau-mau-den-ht7237-p21981433.html?spid=21981441,dép nam huy hoàng đầu
21981293,Giày rọ nam Huy Hoàng da bò màu nâu HT7787,636300.0,909000.0,272700.0,5.0,3,1867,,https://tiki.vngiay-ro-nam-huy-hoang-da-bo-mau-nau-ht7787-p21981293.html?spid=21981295,giày rọ nam huy hoàng
21979695,Giày rọ nam Huy Hoàng da bò màu đen size,636300.0,909000.0,272700.0,5.0,2,1867,,https://tiki.vngiay-ro-nam-huy-hoang-da-bo-mau-den-ht7786-p21979695.html?spid=21979707,giày rọ nam huy hoàng
2023245,Dép Nam Quai Hậu Huy Hoàng HT7733 - Nâu,559000.0,559000.0,0.0,5.0,2,1867,,https://tiki.vndep-nam-quai-hau-huy-hoang-ht7733-nau-p2023245.html?spid=2025229,dép nam quai hậu huy hoàng
2022993,Giày Mọi Thể Thao Cột Dây Huy Hoàng HT7742 - Xanh Đen,629000.0,629000.0,0.0,0.0,0,1867,,https://tiki.vngiay-moi-the-thao-cot-day-huy-hoang-ht7742-xanh-den-p2022993.html?spid=2025105,giày thể thao cột dây
2022919,Giày Nam Đan 1 Dây Huy Hoàng HT7737 - Đen,979000.0,979000.0,0.0,0.0,0,1867,,https://tiki.vngiay-nam-dan-1-day-huy-hoang-ht7737-den-p2022919.html?spid=2025175,giày nam đan dây
2022203,Giày Tây Nam Đan Viền Huy Hoàng HT7708 - Đen,979000.0,979000.0,0.0,5.0,1,1867,,https://tiki.vngiay-tay-nam-dan-vien-huy-hoang-ht7708-den-p2022203.html?spid=2025835,giày tây nam đan viền huy hoàng
2022189,Giày Mọi Nam Huy Hoàng HT7707 - Nâu Đỏ,909000.0,909000.0,0.0,0.0,0,1867,,https://tiki.vngiay-moi-nam-huy-hoang-ht7707-nau-do-p2022189.html?spid=2025861,giày nam huy hoàng ht7707
2022175,Giày Tây Nam Huy Hoàng HT7706 - Đen,909000.0,909000.0,0.0,0.0,0,1867,,https://tiki.vngiay-tay-nam-huy-hoang-ht7706-den-p2022175.html?spid=2025879,giày tây nam huy hoàng ht7706
2021881,Dép Nam Da Cá Sấu Huy Hoàng HT7223 - Rêu,1099000.0,1099000.0,0.0,0.0,0,1867,,https://tiki.vndep-nam-da-ca-sau-huy-hoang-ht7223-reu-p2021881.html?spid=2024503,dép nam da cá sấu
2021215,Dép Nam Da Cá Sấu Móng Tay Huy Hoàng HT7213 - Đen,1199000.0,1199000.0,0.0,0.0,0,1867,,https://tiki.vndep-nam-da-ca-sau-mong-tay-huy-hoang-ht7213-den-p2021215.html?spid=2021751,dép nam da cá sấu
2001833,Giày Boot Da Lộn Nam Huy Hoàng HT7192 - Xanh Đậm (Size,799000.0,799000.0,0.0,1.0,1,1867,,https://tiki.vngiay-boot-da-lon-nam-huy-hoang-ht7192-xanh-dam-p2001833.html?spid=2007079,giày boot da lộn nam
2001641,Giày Tăng Chiều Cao Nam Huy Hoàng HT7180 - Đen (Size,1539000.0,1539000.0,0.0,0.0,0,1867,,https://tiki.vngiay-tang-chieu-cao-nam-huy-hoang-ht7180-den-p2001641.html?spid=2006959,giày tăng chiều cao
2001487,Dép Xỏ Ngón Nam Huy Hoàng HT7169 - Da (Size,489000.0,489000.0,0.0,5.0,2,1867,,https://tiki.vndep-xo-ngon-nam-huy-hoang-ht7169-da-p2001487.html?spid=2007939,dép xỏ ngón nam
2001445,Giày Mọi Nam Huy Hoàng HT7166 - Trắng Phối Đen (Size,909000.0,909000.0,0.0,0.0,0,1867,,https://tiki.vngiay-moi-nam-huy-hoang-ht7166-trang-phoi-den-p2001445.html?spid=2007719,giày nam huy hoàng ht7166
2001417,Giày Tây Nam Vân Đà Điểu Cột Dây Huy Hoàng HT7164 - Đen (Size,909000.0,909000.0,0.0,4.7,3,1867,,https://tiki.vngiay-tay-nam-van-da-dieu-cot-day-huy-hoang-ht7164-den-p2001417.html?spid=2007653,giày tây nam vân đà điểu
2001347,Giày Lười Nam Vân Cá Sấu Huy Hoàng HT7159 - Đen (Size,979000.0,979000.0,0.0,5.0,3,1867,,https://tiki.vngiay-luoi-nam-van-ca-sau-huy-hoang-ht7159-den-p2001347.html?spid=2007609,giày lười nam vân cá sấu
1999933,Dép Quai Hậu Huy Hoàng HT7146 - Đen (Size,559000.0,559000.0,0.0,2.0,1,1867,,https://tiki.vndep-quai-hau-huy-hoang-ht7146-den-p1999933.html?spid=2008059,dép quai hậu huy hoàng ht7146
1999721,Dép Nam Quai Ngang Huy Hoàng HT7131 - Nude (Size,489000.0,489000.0,0.0,0.0,0,1867,,https://tiki.vndep-nam-quai-ngang-huy-hoang-ht7131-nude-p1999721.html?spid=2008417,dép nam quai ngang huy hoàng
1999707,Giày Tây Nam Vân Cá Sấu Huy Hoàng HT7130 - Vàng (Size,909000.0,909000.0,0.0,0.0,0,1867,,https://tiki.vngiay-tay-nam-van-ca-sau-huy-hoang-ht7130-vang-p1999707.html?spid=2007557,giày tây nam vân cá sấu
1999679,Giày Tây Nam Vân Cá Sấu Huy Hoàng HT7128 - Đen (Size,979000.0,979000.0,0.0,5.0,2,1867,,https://tiki.vngiay-tay-nam-van-ca-sau-huy-hoang-ht7128-den-p1999679.html?spid=2007531,giày tây nam vân cá sấu
1999665,Giày Sabo Nam Huy Hoàng HT7127 - Nâu (Size,629000.0,629000.0,0.0,5.0,2,1867,,https://tiki.vngiay-sabo-nam-huy-hoang-ht7127-nau-p1999665.html?spid=2007521,giày sabo nam huy hoàng
1999607,Giày Nam Có Lỗ Huy Hoàng HT7123 - Đen (Size,909000.0,909000.0,0.0,0.0,0,1867,,https://tiki.vngiay-nam-co-lo-huy-hoang-ht7123-den-p1999607.html?spid=2007663,giày nam có lỗ
278843782,Dép xỏ ngón nam da cá sấu đế cao 3cm may viền có móng sang trọng DCS201,850000.0,850000.0,0.0,0.0,0,11395,,https://tiki.vndep-xo-ngon-nam-da-ca-sau-de-cao-3cm-may-vien-co-mong-sang-trong-dcs201-p278843782.html?spid=278843806,dép xỏ ngón nam
278620266,Giày Nam Da Bò Mũi Tròn Trường Hải Màu Đen GT305,799000.0,799000.0,0.0,0.0,0,11395,,https://tiki.vngiay-nam-da-bo-mui-tron-truong-hai-mau-den-gt305-p278620266.html?spid=278620270,giày nam da bò mũi
278160990,Dép Nam Da Bò Quai Ngang QN002 Phong Cách Đơn Giản Trẻ Trung Chống Trơn Trượt,259000.0,259000.0,0.0,0.0,0,2676,,https://tiki.vndep-nam-da-bo-quai-ngang-qn002-phong-cach-don-gian-tre-trung-chong-tron-truot-p278160990.html?spid=278161002,dép nam da bò quai
277416578,"Dép nam xỏ ngón Trường Hải đế doctor cao 2.5cm da bò 2 màu đen, vàng XN135",315000.0,315000.0,0.0,0.0,0,11395,,https://tiki.vndep-nam-xo-ngon-truong-hai-de-doctor-cao-2-5cm-da-bo-2-mau-den-vang-xn135-p277416578.html?spid=277416586,dép nam xỏ ngón
276138980,Giày da nam Trường Hải màu đen da bò may full đế GD3301,699000.0,699000.0,0.0,0.0,0,11395,,https://tiki.vngiay-da-nam-truong-hai-mau-den-da-bo-may-full-de-gd3301-p276138980.html?spid=276138988,giày da nam trường hải màu
275502320,Dép nam da bò đế cao 3cm bản ngang đế doctor Trường Hải DN150,359000.0,359000.0,0.0,0.0,0,11395,,https://tiki.vndep-nam-da-bo-de-cao-3cm-ban-ngang-de-doctor-truong-hai-dn150-p275502320.html?spid=275502338,dép nam da bò đế
275477541,Dép nam đế cao 3cm bản ngang chữ H da bò trường Hải màu đen D146,379000.0,379000.0,0.0,0.0,0,11395,,https://tiki.vndep-nam-de-cao-3cm-ban-ngang-chu-h-da-bo-truong-hai-mau-den-d146-p275477541.html?spid=275477547,dép nam đế cao
274973006,"Dép da nam Trường Hải đế cao 2.5cm da bò thật may viền chắc chắn 2 màu nâu ,đen DN140",319000.0,319000.0,0.0,0.0,0,11395,,https://tiki.vndep-da-nam-truong-hai-de-cao-2-5cm-da-bo-that-may-vien-chac-chan-2-mau-nau-den-dn140-p274973006.html?spid=274973030,dép da nam trường hải đế
274578338,Dép da nam màu đen đế cao 3cm da bò Trường Hải DN141,299000.0,299000.0,0.0,0.0,0,11395,,https://tiki.vndep-da-nam-mau-den-de-cao-3cm-da-bo-truong-hai-dn141-p274578338.html?spid=274578350,dép da nam màu
273748309,Giày lười da nam da bò Trường Hải màu đen thời trang cao cấp GN337Đ,750000.0,750000.0,0.0,0.0,0,11395,,https://tiki.vngiay-luoi-da-nam-da-bo-truong-hai-mau-den-thoi-trang-cao-cap-gn337d-p273748309.html?spid=273748317,giày lười da nam
273748222,"Giày lười nam da bò cao cấp Trường Hải 3 màu đen, nâu, vàng đế cao 3cm GL169N",750000.0,750000.0,0.0,0.0,0,11395,,https://tiki.vngiay-luoi-nam-da-bo-cao-cap-truong-hai-3-mau-den-nau-vang-de-cao-3cm-gl169n-p273748222.html?spid=273748248,giày lười nam da bò
272089994,Sét 6 Khăn Vệ Sinh Giày Khẩn Cấp Crep Protect Wipes - Hàng Chính Hãng,150000.0,150000.0,0.0,0.0,0,9652,,https://tiki.vnset-6-khan-ve-sinh-giay-khan-cap-crep-protect-wipes-hang-chinh-hang-p272089994.html?spid=272089995,sét khăn vệ sinh giày
250053602,Dép Nam BIGGBEN Da Bò Thật Cao Cấp DN329,399000.0,450000.0,51000.0,0.0,0,9460,,https://tiki.vndep-nam-biggben-da-bo-that-cao-cap-dn329-p250053602.html?spid=250053614,dép nam biggben da bò
215201148,Dép hai quai ngang nam KEEDO KD0505 Full hộp,290000.0,290000.0,0.0,0.0,0,183745,,https://tiki.vndep-hai-quai-ngang-nam-keedo-kd0505-full-hop-p215201148.html?spid=215201172,dép quai ngang nam
205962047,Dép da bò nam vân cá sấu full box KEEDO KD0903,560000.0,560000.0,0.0,0.0,0,183745,,https://tiki.vndep-da-bo-nam-van-ca-sau-full-box-keedo-kd0903-p205962047.html?spid=205962057,dép da bò nam vân cá sấu
192880321,Máy sấy và khử trùng giày Sothing Zero sấy nóng và khử mùi hôi,400000.0,400000.0,0.0,0.0,0,81570,,https://tiki.vnmay-say-va-khu-trung-giay-sothing-zero-say-nong-va-khu-mui-hoi-p192880321.html?spid=192880325,máy sấy khử trùng giày
192139214,Giày Sục Nam Da Bò Thật BIGGBEN Cao Cấp SB116,550000.0,550000.0,0.0,5.0,1,9460,,https://tiki.vngiay-suc-nam-da-bo-that-biggben-cao-cap-sb116-p192139214.html?spid=192139224,giày sục nam da bò biggben
190754904,Dép Nam Da Bò Thật May Đế BIGGBEN Cao Cấp DN315,399000.0,450000.0,51000.0,5.0,1,9460,,https://tiki.vndep-nam-da-bo-that-may-de-biggben-cao-cap-dn315-p190754904.html?spid=190754912,dép nam da bò may đế
186149136,Dép da cá sấu nam màu đen chính hãng Trường Hải may viền chắc chắn DN255,699000.0,699000.0,0.0,0.0,0,11395,,https://tiki.vndep-da-ca-sau-nam-mau-den-chinh-hang-truong-hai-may-vien-chac-chan-dn255-p186149136.html?spid=186149150,dép da cá sấu nam
182297347,Dép  nam da quai ngang màu đen chính hãng Trường Hải da bò thật QN146,359000.0,359000.0,0.0,0.0,0,11395,,https://tiki.vndep-nam-da-quai-ngang-mau-den-chinh-hang-truong-hai-da-bo-that-qn146-p182297347.html?spid=182297357,dép nam da quai ngang
181997214,Dép nam xỏ ngón da bò thật màu nâu may viền thủ công chính hãng trường Hải XN157,379000.0,379000.0,0.0,0.0,0,11395,,https://tiki.vndep-nam-xo-ngon-da-bo-that-mau-nau-may-vien-thu-cong-chinh-hang-truong-hai-xn157-p181997214.html?spid=181997218,dép nam xỏ ngón
180395742,Dép nam quai ngang 1 bản Trường Hải da bò thật màu nâu mặt đúc chịu nước QN151,339000.0,339000.0,0.0,0.0,0,11395,,https://tiki.vndep-nam-quai-ngang-1-ban-truong-hai-da-bo-that-mau-nau-mat-duc-chiu-nuoc-qn151-p180395742.html?spid=180395744,dép nam quai ngang
176897221,Túi đựng giày bóng đá 2 ngăn TN Bags TN.B 9002 túi đựng giày tiện lợi,229000.0,268000.0,39000.0,5.0,1,282569,,https://tiki.vntui-dung-giay-bong-da-2-ngan-tn-bags-tn-b-9002-tui-dung-giay-tien-loi-p176897221.html?spid=176897222,túi đựng giày bóng đá
176044408,Dép Nam Chữ H Cao Cấp Da Bò Thật KD5513 Full hộp,345000.0,345000.0,0.0,4.0,4,183745,,https://tiki.vndep-nam-chu-h-cao-cap-da-bo-that-kd5513-p176044408.html?spid=176044416,dép nam chữ h
163875026,"Đón giày Gỗ Hương/Gõ đỏ vân gỗ đẹp, có thể bỏ túi tiện dụng (DGH905) hàng xuất khẩu, kiểu dáng nhỏ gọn - HAHANCO",50000.0,50000.0,0.0,5.0,2,253372,,https://tiki.vndon-giay-go-huong-go-do-van-go-dep-co-the-bo-tui-tien-dung-dgh905-hang-xuat-khau-kieu-dang-nho-gon-hahanco-p163875026.html?spid=164053344,đón giày gỗ hương
162058112,Dép quai ngang nam KEEDO KD8912 mẫu mới da bò thật full box,480000.0,480000.0,0.0,0.0,0,183745,,https://tiki.vndep-quai-ngang-nam-keedo-kd8912-mau-moi-da-bo-that-full-box-p162058112.html?spid=162058124,dép quai ngang nam
144354567,Dép nam da bò quai ngang Trường Hải Màu nâu cao 2.5cm đế cao su không trơn may chắc chắn  DN144 FORM LỚN HƠN 1 SIZE,295000.0,295000.0,0.0,0.0,0,11395,,https://tiki.vndep-nam-da-bo-quai-ngang-truong-hai-mau-nau-cao-2-5cm-de-cao-su-khong-tron-may-chac-chan-dn144-form-lon-hon-1-size-p144354567.html?spid=144354577,dép nam da bò quai
127973131,Giày Tây Nam Da Bò Cao Cấp SUNPOLO MU3103 (Đen),1110000.0,1110000.0,0.0,4.7,3,1827,,https://tiki.vngiay-tay-nam-da-bo-cao-cap-sunpolo-mu3103-den-p127973131.html?spid=127973141,giày tây nam da bò cao cấp
85376396,Dép nam xó ngón nâu da bò may viền chính hãng Trường Hải XN1004,249000.0,249000.0,0.0,5.0,1,11395,,https://tiki.vndep-nam-xo-ngon-nau-da-bo-may-vien-chinh-hang-truong-hai-xn1004-p85376396.html?spid=85376404,dép nam xó ngón nâu
85368003,Dép nam xỏ ngón đen may viền  chính hãng Trường Hải da bò đen  XN1003,249000.0,249000.0,0.0,4.7,3,11395,,https://tiki.vndep-nam-xo-ngon-den-may-vien-chinh-hang-truong-hai-da-bo-den-xn1003-p85368003.html?spid=85368009,dép nam xỏ ngón đen
85265372,Dép nam quai ngang một bản nâu  da bò thật chính hãng Trường hải may viền,249000.0,249000.0,0.0,5.0,3,11395,,https://tiki.vndep-nam-quai-ngang-mot-ban-nau-da-bo-that-chinh-hang-truong-hai-may-vien-p85265372.html?spid=85265384,dép nam quai ngang bản
73815916,Giày mọi nam cột dây Trường Hải màu đen bò da bò thật cao cấp không bong tróc đế cao su chống mòn không trơn GMTH01278,659000.0,659000.0,0.0,5.0,2,11395,,https://tiki.vngiay-moi-nam-cot-day-truong-hai-mau-den-bo-da-bo-that-cao-cap-khong-bong-troc-de-cao-su-chong-mon-khong-tron-gmth01278-p73815916.html?spid=73815922,giày nam cột dây
73722210,Dép quai ngang nam Trường Hải da bò cao cấp mềm mại không bong tróc màu nâu đế PU siêu nhẹ cao 3.5cm QN0227,289000.0,289000.0,0.0,3.8,4,11395,,https://tiki.vndep-quai-ngang-nam-truong-hai-da-bo-cao-cap-mem-mai-khong-bong-troc-mau-nau-de-pu-sieu-nhe-cao-3-5cm-qn0227-p73722210.html?spid=73722220,dép quai ngang nam
53313944,Dép nam xỏ ngón Trường Hải da bò thật cao cấp mềm mại đế âm mặt đế cao su không trơn  THXN074,369000.0,369000.0,0.0,4.7,3,11395,,https://tiki.vndep-nam-xo-ngon-truong-hai-da-bo-that-cao-cap-mem-mai-de-am-mat-de-cao-su-khong-tron-thxn074-p53313944.html?spid=53313950,dép nam xỏ ngón
50885073,[DA CÁ SẤU ]Dép nam da cá sấu thật  quai ngang xỏ ngón vàng TRƯỜNG HẢI  phong cách thời trang may viền chắc chắn đế kếp mềm không trơnDN0780,679000.0,679000.0,0.0,0.0,0,11395,,https://tiki.vndep-nam-xo-ngon-da-ca-sau-that-quai-ngang-xo-ngon-vang-truong-hai-phong-cach-thoi-trang-may-vien-chac-chan-de-kep-mem-khong-trondn0780-p50885073.html?spid=50885077,dép nam da cá sấu
50359678,Dép nam quai chéo Trường Hải màu nâu  da cá sấu thật sang trọng sắc sảo  may viền chắc chắn đế kếp mềm dẻo  không trơn  DN0811,679000.0,679000.0,0.0,4.5,2,11395,,https://tiki.vndep-nam-quai-cheo-truong-hai-mau-nau-da-ca-sau-that-sang-trong-sac-sao-may-vien-chac-chan-de-kep-mem-deo-khong-tron-dn0811-p50359678.html?spid=50359684,dép nam quai chéo trường
50355618,"Dép da cá sấu Trường Hải quai ngang xỏ ngón màu đen sang trọng da cá sấu thật sắc sảo  may viền chắc chăn, đế kếp mềm dẻo không trơn DN0789",679000.0,679000.0,0.0,3.5,2,11395,,https://tiki.vndep-da-ca-sau-truong-hai-quai-ngang-xo-ngon-mau-den-sang-trong-da-ca-sau-that-sac-sao-may-vien-chac-chan-de-kep-mem-deo-khong-tron-dn0789-p50355618.html?spid=50355628,dép da cá sấu trường
44934625,Giày tây nam Trường Hải da bò cao cấp GTN0594,569000.0,569000.0,0.0,0.0,0,11395,,https://tiki.vngiay-tay-nam-truong-hai-da-bo-cao-cap-gtn0594-p44934625.html?spid=44934631,giày tây nam trường hải da
35717980,Giày tây nam Trường Hải đen da bò đen đế cao 2.5cm GT112,499000.0,499000.0,0.0,0.0,0,11395,,https://tiki.vngiay-tay-nam-truong-hai-den-da-bo-den-de-cao-2-5cm-gt112-p35717980.html?spid=35717986,giày tây nam trường hải đen
7975901,Dép Nam Quai Ngang Da Bò Sunpolo SUD24D - Đen (Size,650000.0,650000.0,0.0,4.3,13,1827,,https://tiki.vndep-nam-quai-ngang-da-bo-sunpolo-sud24d-den-p7975901.html?spid=7977926,dép nam quai ngang da
