product_id,name,price,original_price,discount,rating,review_count, ,url,product_type
261968820,Dưỡng chất ngăn lão hóa sớm Intense Enriching Serum 45ml,867000.0,960000.0,93000.0,5.0,3,,https://tiki.vnduong-chat-ngan-lao-hoa-som-intense-enriching-serum-45ml-p261968820.html?spid=272282440,dưỡng chất ngăn lão hóa
55705551,Sữa rửa mặt NIVEA Pearl White Đất Sét giúp trắng da ngọc trai (100g) - 81273,74000.0,79000.0,5000.0,4.8,6,,https://tiki.vnsua-rua-mat-nivea-pearl-white-dat-set-giup-trang-da-ngoc-trai-100g-81273-p55705551.html?spid=273568557,sữa rửa mặt nivea
55615086,Kem Dưỡng Trắng Da Tế Bào Gốc Hàn Quốc Cấp Ẩm Xóa Nhăn Phục Hồi Trẻ Hoá Da Và Chống Lão Hoá Cellkey-Scien White Cream (30g),833000.0,980000.0,147000.0,4.8,68,,https://tiki.vnkem-duong-am-trang-da-ban-dem-te-bao-goc-phuc-hoi-tre-hoa-da-va-chong-lao-hoa-cellkey-scien-white-cream-30g-p55615086.html?spid=55615087,kem dưỡng trắng da tế bào
54417619,Nước Tẩy Trang NIVEA Pearl Radiant Sáng Da | Sạch Sâu (200 ml) - 84911,98000.0,119000.0,21000.0,4.7,7,,https://tiki.vnnuoc-tay-trang-nivea-pearl-radiant-sang-da-sach-sau-200-ml-84911-p54417619.html?spid=273568719,nước tẩy trang nivea pearl
24862534,Tinh Chất Tế Bào Gốc Tái Tạo Phục Hồi Trẻ Hoá Da Cấp Ẩm Dưỡng Trắng Chống Lão Hoá Cellkey-Scien White Serum 30ml,790500.0,930000.0,139500.0,4.7,45,,https://tiki.vntinh-chat-duong-trang-da-te-bao-goc-cap-am-se-khit-lo-chan-long-va-chong-lao-hoa-cellkey-scien-white-serum-30ml-p24862534.html?spid=24862539,tinh chất tế bào gốc tái tạo
278737951,"Nước Tẩy Trang Sen Hậu Giang Sạch Bụi Siêu Mịn PM1.0, Có Prebiotics Dịu Êm Cho Da Rất Nhạy Cảm Cocoon 140ml",135000.0,152000.0,17000.0,5.0,2,,https://tiki.vnnuoc-tay-trang-sen-hau-giang-sach-bui-sieu-min-pm1-0-co-prebiotics-diu-em-cho-da-rat-nhay-cam-cocoon-140ml-p278737951.html?spid=278737952,nước tẩy trang sen hậu giang
278525140,Mặt nạ sinh học Emmié By Happyskin Microfiber Mask (1 miếng) - Hàng chính hãng,35000.0,45000.0,10000.0,0.0,0,,https://tiki.vnmat-na-sinh-hoc-emmie-by-happyskin-microfiber-mask-1-mieng-hang-chinh-hang-p278525140.html?spid=278525150,mặt nạ sinh học emmié by
276396782,Sữa rửa mặt X-Men 100g Detox/Sáng da/Ngừa mụn/Kiểm soát nhờn/Mát lạnh,62000.0,82000.0,20000.0,5.0,3,,https://tiki.vnsua-rua-mat-x-men-100g-detox-sang-da-ngua-mun-kiem-soat-nhon-mat-lanh-p276396782.html?spid=276396790,sữa rửa mặt x
276281961,"Xịt khoáng dưỡng ẩm, làm dịu và bảo vệ da Evoluderm Atomiseur Eau Pure",105000.0,195000.0,90000.0,5.0,16,,https://tiki.vnxit-khoang-duong-am-lam-diu-va-bao-ve-da-evoluderm-atomiseur-eau-pure-p276281961.html?spid=276284109,xịt khoáng dưỡng ẩm làm
276130279,Dầu tẩy trang hoa hồng Cocoon 140ml,180000.0,180000.0,0.0,5.0,3,,https://tiki.vndau-tay-trang-hoa-hong-cocoon-140ml-p276130279.html?spid=276130280,dầu tẩy trang hoa hồng
2397037,Sữa Rửa Mặt Tạo Bọt Chiết Xuất Đất Sét Trắng Senka Perfect White Clay New 14840 (120g),96000.0,129000.0,33000.0,4.6,105,,https://tiki.vnsua-rua-mat-tao-bot-chiet-xuat-dat-set-trang-senka-perfect-white-clay-new-14840-120g-p2397037.html?spid=2397039,sữa rửa mặt tạo
865648,"Kem Chống Nắng Dạng Sữa Senka Perfect UV Milk SPF 50+, PA++++ 41095 (40ml)",175000.0,229000.0,54000.0,4.3,67,,https://tiki.vnkem-chong-nang-dang-sua-senka-perfect-uv-milk-spf-50-pa-41095-40ml-p865648.html?spid=865964,kem chống nắng dạng
2123245,Sữa Rửa Mặt Mịn Và Săn Chắc Da Senka Perfect Whip Collagen In 120G - [4901872462087],100000.0,129000.0,29000.0,4.6,57,,https://tiki.vnsua-rua-mat-min-va-san-chac-da-senka-perfect-whip-collagen-in-120g-4901872462087-p2123245.html?spid=2123247,sữa rửa mặt mịn
14114437,Kem chống nắng dạng tinh chất Senka Perfect UV Essence 50g,161000.0,209000.0,48000.0,4.5,150,,https://tiki.vnkem-chong-nang-dang-tinh-chat-senka-perfect-uv-essence-50g-p14114437.html?spid=44894555,kem chống nắng dạng
258496393,Nước tẩy trang ngừa mụn Senka 230ml,139000.0,139000.0,0.0,5.0,2,,https://tiki.vnnuoc-tay-trang-ngua-mun-senka-230ml-p258496393.html?spid=272310545,nước tẩy trang ngừa mụn
276003962,Nước tẩy trang bí đao Cocoon 500ml,294000.0,295000.0,1000.0,5.0,27,,https://tiki.vnnuoc-tay-trang-bi-dao-500ml-p276003962.html?spid=276003963,nước tẩy trang bí đao
276003895,Tẩy Da Chết Mặt Cà Phê Đắk Lắk Cocoon 150ml,164000.0,235000.0,71000.0,4.8,38,,https://tiki.vnca-phe-dak-lak-lam-sach-da-chet-mat-cocoon-150ml-p276003895.html?spid=276003896,tẩy da chết mặt
275798194,Sữa rửa mặt tẩy trang sáng da Hatomugi 130g/tuýp,36900.0,90000.0,53100.0,5.0,5,,https://tiki.vnsua-rua-mat-tay-trang-hatomugi-130g-tuyp-p275798194.html?spid=275798199,sữa rửa mặt tẩy trang
275085347,Sữa rửa mặt dưỡng trắng Hada Labo Perfect White Tranexamic Acid Cleanser 15g,15000.0,20000.0,5000.0,0.0,0,,https://tiki.vnsua-rua-mat-duong-trang-hada-labo-perfect-white-tranexamic-acid-cleanser-15g-p275085347.html?spid=275085348,sữa rửa mặt dưỡng trắng
274866536,Tẩy da chết mặt dạng kì Compliment No Problem Peeling Roll sạch sâu ngừa mụn 80ml,95000.0,95000.0,0.0,0.0,0,,https://tiki.vntay-da-chet-mat-dang-ki-compliment-no-problem-peeling-roll-sach-sau-ngua-mun-80ml-p274866536.html?spid=274866537,tẩy da chết mặt dạng kì
55615437,Tẩy Da Chết Mặt Tế Bào Gốc Thực Vật Lành Tính Làm Sạch Sâu Dịu Nhẹ Dưỡng Ẩm Sáng Da Cho Da Dầu Mụn Nhạy Cảm Cellkey-Scien White Peeling Gel (80ml),297500.0,350000.0,52500.0,4.7,409,,https://tiki.vntay-da-chet-te-bao-goc-thuc-vat-cellkey-scien-white-peeling-gel-50ml-p55615437.html?spid=55615438,tẩy da chết mặt
90508754,"Hydration moisturizer cream, kem cấp ẩm kiềm dầu, chống mụn, dưỡng trắng da Wonmom 50g",232500.0,310000.0,77500.0,4.5,7,,https://tiki.vnhydration-moisturizer-cream-kem-cap-am-kiem-dau-chong-mun-duong-trang-da-wonmom-50g-p90508754.html?spid=90508755,hydration moisturizer cream kem
277778079,Nước Hoa Hồng Tái Sinh Da Whoo Cheongidan Rejuvenating Pro Radiance Balancing Toner 150ml,2096000.0,2660000.0,564000.0,5.0,1,,https://tiki.vnnuoc-hoa-hong-tai-sinh-da-whoo-cheongidan-rejuvenating-pro-radiance-balancing-toner-150ml-p277778079.html?spid=277778080,nước hoa hồng tái sinh da
274856462,Nước Hoa Hồng Cấp Ẩm Kiềm Dầu Dưỡng Trắng Xóa Nhăn Cellkey-Scien Moist Daily Toner (150ml),578550.0,665000.0,86450.0,5.0,9,,https://tiki.vnnuoc-hoa-hong-cap-am-kiem-dau-duong-trang-xoa-nhan-cellkey-scien-moist-daily-toner-150ml-p274856462.html?spid=274856463,nước hoa hồng cấp ẩm kiềm
273872221,Cao Nám Whoo Làm Trắng Làm Mờ Vết Thâm Nám combo 10 vỉ,190000.0,190000.0,0.0,5.0,2,,https://tiki.vncao-nam-whoo-lam-trang-lam-mo-vet-tham-nam-combo-30-vi-p273872221.html?spid=273872222,cao nám whoo làm
274077506,Kem Dưỡng Olay Luminous Sáng Da Mờ Thâm Nám Ban Đêm 50g,195000.0,269000.0,74000.0,4.3,7,,https://tiki.vnkem-duong-olay-luminous-sang-da-mo-tham-nam-ban-dem-50g-p274077506.html?spid=37951710,kem dưỡng olay luminous
260844985,"Kem Làm Mờ Sẹo Thâm, Sẹo Rỗ, Sẹo Lõm Scar Esthetique của Rejuvaskin - thương hiệu hỗ trợ trị sẹo Hoa Kỳ ",318000.0,420000.0,102000.0,4.6,1581,,https://tiki.vnkem-lam-mo-seo-tham-seo-ro-seo-lom-scar-esthetique-cua-rejuvaskin-thuong-hieu-ho-tro-tri-seo-hoa-ky-p260844985.html?spid=38705976,kem làm mờ sẹo
252170062,Sữa Rửa Mặt Tạo Bọt Dịu Lành Cho Da Nhạy Cảm Cetaphil Hydrating Foaming Cream Cleanser 473ml,450000.0,450000.0,0.0,4.0,1,,https://tiki.vnsua-rua-mat-tao-bot-diu-lanh-cho-da-nhay-cam-cetaphil-hydrating-foaming-cream-cleanser-473ml-p252170062.html?spid=252170064,sữa rửa mặt tạo
247287157,Kem dưỡng trắng dạng gel Hada Labo Perfect White Tranexamic Acid Cream 50g,209000.0,270000.0,61000.0,4.5,27,,https://tiki.vnkem-duong-trang-dang-gel-hada-labo-perfect-white-tranexamic-acid-cream-50g-p247287157.html?spid=247287158,kem dưỡng trắng dạng
200731939,Combo 5 Bông Tẩy Trang Jomi (80 Miếng/Túi),115000.0,150000.0,35000.0,5.0,5,,https://tiki.vncombo-5-bong-tay-trang-jomi-80-mieng-tui-p200731939.html?spid=200731940,combo tẩy trang
198341163,Gel Rửa Mặt Oxy Acne Prevent 100g,68000.0,86000.0,18000.0,5.0,15,,https://tiki.vngel-rua-mat-oxy-acne-prevent-100g-p198341163.html?spid=198341165,gel rửa mặt acne
179717789,Miếng dán mụn giúp giảm mụn sưng viêm Acnes Clear Patch (48 Miếng),82000.0,105000.0,23000.0,4.8,34,,https://tiki.vnmieng-dan-mun-giup-giam-mun-sung-viem-acnes-clear-patch-48-mieng-p179717789.html?spid=179717790,miếng dán mụn giúp
176672113,Kem chấm mụn chuyên sâu Acnes Blemish Clear Cream 10g,51000.0,65000.0,14000.0,4.8,87,,https://tiki.vnkem-cham-mun-chuyen-sau-acnes-blemish-clear-cream-10g-p176672113.html?spid=176672114,kem chấm mụn chuyên sâu
117147635,Sữa Rửa Mặt Simple lành tính và hiệu quả cho mọi loại da 150ml,135000.0,140500.0,5500.0,4.8,591,,https://tiki.vnsua-rua-mat-simple-lanh-tinh-va-hieu-qua-cho-moi-loai-da-150ml-p117147635.html?spid=117147636,sữa rửa mặt simple
71084627,KEM OSACHI TÍM 9 IN 1 - O'SACHI WHITENIG SKIN CARE CREAM 20G - MỜ THÂM NÁM - CHỐNG LÃO HOÁ DA,792000.0,792000.0,0.0,4.5,13,,https://tiki.vnkem-osachi-tim-9-in-1-o-sachi-whitenig-skin-care-cream-20g-mo-tham-nam-chong-lao-hoa-da-p71084627.html?spid=71084628,kem osachi tím in
54058503,Sữa rửa mặt dưỡng trắng Hada Labo Perfect White Tranexamic Acid Cleanser 80g,76000.0,97000.0,21000.0,4.7,655,,https://tiki.vnsua-rua-mat-duong-trang-hada-labo-perfect-white-tranexamic-acid-cleanser-80g-p54058503.html?spid=54058504,sữa rửa mặt dưỡng trắng
54058501,Kem dưỡng trắng Hada Labo Perfect White Tranexamic Acid Cream 50g,196000.0,250000.0,54000.0,4.7,882,,https://tiki.vnkem-duong-trang-hada-labo-perfect-white-tranexamic-acid-cream-50g-p54058501.html?spid=54058502,kem dưỡng trắng hada
25108217,Sữa rửa mặt ngăn ngừa mụn Acnes Creamy Wash 100g,59000.0,75000.0,16000.0,5.0,243,,https://tiki.vnsua-rua-mat-ngan-ngua-mun-acnes-creamy-wash-100g-p25108217.html?spid=25108218,sữa rửa mặt ngăn ngừa
25108019,Gel chấm mụn đầu trắng và đầu đen Acnes Sealing Jell 18g,57000.0,72000.0,15000.0,4.7,335,,https://tiki.vngel-cham-mun-dau-trang-va-dau-den-acnes-sealing-jell-18g-p25108019.html?spid=25108020,gel chấm mụn đầu
22052325,Sữa rửa mặt cho nam Oxy sạch sâu mát lạnh dạng kem Oxy Perfect Wash 100g,64000.0,82000.0,18000.0,4.8,103,,https://tiki.vnsua-rua-mat-cho-nam-oxy-sach-sau-mat-lanh-dang-kem-oxy-perfect-wash-100g-p22052325.html?spid=22052326,sữa rửa mặt nam
22052322,Sữa rửa mặt cho nam Oxy sạch sâu giảm nhờn dạng kem có hạt massage Oxy Deep Wash 100g,68000.0,86000.0,18000.0,4.8,252,,https://tiki.vnsua-rua-mat-cho-nam-oxy-sach-sau-giam-nhon-dang-kem-co-hat-massage-oxy-deep-wash-100g-p22052322.html?spid=22052324,sữa rửa mặt nam
22052317,Kem Rửa Mặt Tút Sáng Từ Đất Sét Trắng Oxy White Complete (100g),64000.0,82000.0,18000.0,4.7,170,,https://tiki.vnkem-rua-mat-tut-sang-tu-dat-set-trang-oxy-white-complete-100g-p22052317.html?spid=22052318,kem rửa mặt tút sáng
10640154,Sữa rửa mặt kiểm soát nhờn ngăn ngừa mụn dạng gel Acnes Oil Control Cleanser 100g,59000.0,75000.0,16000.0,4.7,317,,https://tiki.vnsua-rua-mat-kiem-soat-nhon-ngan-ngua-mun-dang-gel-acnes-oil-control-cleanser-100g-p10640154.html?spid=10862885,sữa rửa mặt kiểm soát
6874429,Miếng dán mụn giúp giảm mụn sưng viêm Acnes Clear Patch (24 Miếng),50500.0,64000.0,13500.0,4.7,324,,https://tiki.vnmieng-dan-mun-giup-giam-mun-sung-viem-acnes-clear-patch-24-mieng-p6874429.html?spid=10863062,miếng dán mụn giúp
2406967,Bọt rửa mặt dưỡng ẩm Hada Labo Gokujyun Moisturizing Foaming Wash 160ml,159000.0,204000.0,45000.0,4.7,292,,https://tiki.vnbot-rua-mat-duong-am-hada-labo-gokujyun-moisturizing-foaming-wash-160ml-p2406967.html?spid=10862157,bọt rửa mặt dưỡng ẩm hada
1634983,Phim Thấm Dầu Acnes Oil Remover Film 50 Tờ,55000.0,69000.0,14000.0,5.0,115,,https://tiki.vnphim-tham-dau-acnes-oil-remover-film-50-to-p1634983.html?spid=10862503,phim thấm dầu acnes
1634981,"Giấy thấm dầu kiểm soát nhờn, ngừa mụn Acnes Oil Remover Paper 100 tờ",26500.0,33000.0,6500.0,4.7,268,,https://tiki.vngiay-tham-dau-kiem-soat-nhon-ngua-mun-acnes-oil-remover-paper-100-to-p1634981.html?spid=10862722,giấy thấm dầu kiểm soát
1313897,Lotion dưỡng ẩm cao cấp - Siêu cấp ẩm cho da căng mượt Hada Labo Gokujyun Premium Hydrating Lotion (170ml),249000.0,320000.0,71000.0,4.7,385,,https://tiki.vnlotion-duong-am-cao-cap-sieu-cap-am-cho-da-cang-muot-hada-labo-gokujyun-premium-hydrating-lotion-170ml-p1313897.html?spid=10862732,lotion dưỡng ẩm cao cấp cấp
1313871,"Kem chống nắng Sunplay cực mạnh dạng sữa Sunplay Super Block SPF 81, PA++++ 30g",85000.0,108000.0,23000.0,5.0,285,,https://tiki.vnkem-chong-nang-sunplay-cuc-manh-dang-sua-sunplay-super-block-spf-81-pa-30g-p1313871.html?spid=10862283,kem chống nắng sunplay cực
631959,Kem mờ sẹo và thâm dạng gel Acnes Scar Care 12g,64000.0,82000.0,18000.0,4.7,391,,https://tiki.vnkem-mo-seo-va-tham-dang-gel-acnes-scar-care-12g-p631959.html?spid=10862535,kem mờ sẹo thâm dạng gel
631525,Sữa rửa mặt cải thiện dấu hiệu lão hóa dạng kem Hada Labo Pro-Aging Retinol B3 Cleanser 80g,76000.0,97000.0,21000.0,4.7,477,,https://tiki.vnsua-rua-mat-cai-thien-dau-hieu-lao-hoa-dang-kem-hada-labo-pro-aging-retinol-b3-cleanser-80g-p631525.html?spid=10862507,sữa rửa mặt cải thiện
631498,Kem dưỡng cải thiện lão hóa Hada Labo Pro-Aging Retinol B3 Cream 50g,229000.0,295000.0,66000.0,4.7,628,,https://tiki.vnkem-duong-cai-thien-lao-hoa-hada-labo-pro-aging-retinol-b3-cream-50g-p631498.html?spid=10862543,kem dưỡng cải thiện lão
631034,Sữa rửa mặt dưỡng ẩm tối ưu Hada Labo Advanced Nourish Cleanser 80g,73000.0,87000.0,14000.0,4.7,1251,,https://tiki.vnsua-rua-mat-duong-am-toi-uu-hada-labo-advanced-nourish-cleanser-80g-p631034.html?spid=10862753,sữa rửa mặt dưỡng ẩm
631026,Dung dịch dưỡng ẩm tối ưu Hada Labo Advanced Nourish Lotion dùng cho da thường và da khô 170ml,164000.0,208000.0,44000.0,4.7,326,,https://tiki.vndung-dich-duong-am-toi-uu-hada-labo-advanced-nourish-lotion-dung-cho-da-thuong-va-da-kho-170ml-p631026.html?spid=11336651,dung dịch dưỡng ẩm tối ưu hada labo
630777,"Kem chống nắng Sunplay cực mạnh dạng sữa Sunplay Super Block SPF 81, PA++++ 70g",149000.0,192000.0,43000.0,4.8,419,,https://tiki.vnkem-chong-nang-sunplay-cuc-manh-dang-sua-sunplay-super-block-spf-81-pa-70g-p630777.html?spid=10861844,kem chống nắng sunplay cực
176284237,Sữa Rửa Mặt Nivea Men Hạt Mát Xa Sạch Nhờn Mát Lạnh (100G) - 88880,74000.0,82000.0,8000.0,4.5,6,,https://tiki.vnsua-rua-mat-nivea-men-hat-mat-xa-sach-nhon-mat-lanh-100g-88880-p176284237.html?spid=273568533,sữa rửa mặt nivea men
278998871,Sữa rửa mặt sen Hậu Giang Cocoon 310ml,339000.0,339000.0,0.0,0.0,0,,https://tiki.vnsua-rua-mat-sen-hau-giang-cocoon-310ml-p278998871.html?spid=278998872,sữa rửa mặt sen hậu giang
278733434,"Nước Tẩy Trang Sen Hậu Giang Sạch Bụi Siêu Mịn PM1.0, Có Prebiotics Dịu Êm Cho Da Rất Nhạy Cảm Cocoon 500ml",275000.0,309000.0,34000.0,0.0,0,,https://tiki.vnnuoc-tay-trang-sen-hau-giang-sach-bui-sieu-min-pm1-0-co-prebiotics-diu-em-cho-da-rat-nhay-cam-cocoon-500ml-p278733434.html?spid=278733435,nước tẩy trang sen hậu giang
276342461,B Kem Dưỡng Ẩm Da NIVEA Crème (30 ml) - 80101,51000.0,51000.0,0.0,5.0,3,,https://tiki.vnb2b-kem-duong-am-da-nivea-creme-30-ml-80101-p276342461.html?spid=276342462,b kem dưỡng ẩm da
276130343,Cà Phê Đăk Lăk Làm Sạch Da Chết Môi Cocoon 5g,63750.0,170000.0,106250.0,5.0,4,,https://tiki.vnca-phe-dak-lak-lam-sach-da-chet-moi-cocoon-5g-p276130343.html?spid=276130344,cà phê đăk lăk làm sạch
275969483,Nước sen Hậu Giang (toner) giúp phục hồi cho da rất nhạy cảm Cocoon 310ml,294000.0,295000.0,1000.0,4.5,16,,https://tiki.vnnuoc-sen-hau-giang-310ml-p275969483.html?spid=275969484,nước sen hậu giang giúp
5522507,Nước tẩy trang sạch thoáng Senka A.L.L.Clear Water Fresh 230ml,96000.0,150000.0,54000.0,4.8,182,,https://tiki.vnnuoc-tay-trang-sach-thoang-senka-a-l-l-clear-water-fresh-230ml-p5522507.html?spid=44894556,nước tẩy trang sạch thoáng
275967914,Sữa rửa mặt dạng Gel bí đao rửa mặt Cocoon 310ml,294000.0,295000.0,1000.0,4.5,14,,https://tiki.vngel-bi-dao-rua-mat-310ml-p275967914.html?spid=275967915,sữa rửa mặt dạng
275967828,Sữa rửa mặt nghệ Hưng Yên Cocoon 310ml,250750.0,295000.0,44250.0,5.0,6,,https://tiki.vnsua-rua-mat-nghe-hung-yen-310ml-p275967828.html?spid=275967829,sữa rửa mặt nghệ hưng yên
275798162,Sữa rửa mặt làm sáng da Hatomugi 170g/tuýp,59000.0,59000.0,0.0,5.0,1,,https://tiki.vnsua-rua-mat-lam-sang-da-hatomugi-tuyp-lon-170g-tuyp-p275798162.html?spid=275798164,sữa rửa mặt làm
275660095,Nước xịt khoáng cấp ẩm và làm dịu da AVÈNE THERMAL SPRING WATER,381600.0,424000.0,42400.0,4.7,3,,https://tiki.vnnuoc-xit-khoang-cap-am-va-lam-diu-da-avene-thermal-spring-water-p275660095.html?spid=275664680,nước xịt khoáng cấp ẩm
197902381,Nước tẩy trang sạch sâu dưỡng trắng Hada Labo Micellar Water Whitening 240ml,109000.0,140000.0,31000.0,4.6,30,,https://tiki.vnnuoc-tay-trang-sach-sau-duong-trang-hada-labo-micellar-water-whitening-240ml-p197902381.html?spid=197902382,nước tẩy trang sạch sâu dưỡng
197902379,Nước tẩy trang sạch sâu dưỡng ẩm Hada Labo Micellar Water Hydrating 240ml,106000.0,135000.0,29000.0,4.8,49,,https://tiki.vnnuoc-tay-trang-sach-sau-duong-am-hada-labo-micellar-water-hydrating-240ml-p197902379.html?spid=197902380,nước tẩy trang sạch sâu dưỡng
185591382,Hộp mặt nạ dưỡng trắng chuyên sâu Hada Labo Premium Whitening Serum Mask 115g (hộp 5 miếng x 23g/ miếng),173000.0,220000.0,47000.0,5.0,20,,https://tiki.vnhop-mat-na-duong-trang-chuyen-sau-hada-labo-premium-whitening-serum-mask-115g-hop-5-mieng-x-23g-mieng-p185591382.html?spid=185591383,hộp mặt nạ dưỡng trắng chuyên sâu
116557922,Bộ đôi Kem chống nắng dạng sữa dưỡng da kiềm dầu bảo vệ hoàn hảo + Kem chống nắng dạng gel dưỡng ẩm bảo vệ hoàn hảo (Anessa Gold Milk 60ml + Gold Gel 90g),999000.0,1200000.0,201000.0,5.0,6,,https://tiki.vnbo-doi-kem-chong-nang-dang-sua-duong-da-kiem-dau-bao-ve-hoan-hao-kem-chong-nang-dang-gel-duong-am-bao-ve-hoan-hao-anessa-gold-milk-60ml-gold-gel-90g-p116557922.html?spid=272278923,bộ kem chống nắng
114028279,Serum dưỡng ẩm và chống lão hóa Senka Deep Moist 3X HA 30ml,339000.0,459000.0,120000.0,5.0,1,,https://tiki.vnserum-duong-am-va-chong-lao-hoa-senka-deep-moist-3x-ha-30ml-p114028279.html?spid=272310535,serum dưỡng ẩm chống lão
97556502,"Combo 10 Mặt Nạ Chống Lão Hóa, Giảm Nếp Nhăn BNBG Vita Cocktail AGE Foil Mask 30mlx10",270000.0,437000.0,167000.0,5.0,6,,https://tiki.vncombo-10-mat-na-chong-lao-hoa-giam-nep-nhan-bnbg-vita-cocktail-age-foil-mask-30mlx10-p97556502.html?spid=276163865,combo mặt nạ chống lão
85657642,Combo 10 Mặt Nạ BNBG Phục Hồi Thư Giãn Da Vita Genic Relaxing Jelly Mask 30ml x10,136700.0,291000.0,154300.0,5.0,2,,https://tiki.vncombo-10-mat-na-bnbg-phuc-hoi-thu-gian-da-vita-genic-relaxing-jelly-mask-30ml-x10-p85657642.html?spid=276163569,combo mặt nạ bnbg phục hồi
85306901,Combo 10 Mặt Nạ BNBG Hydrating Vita Genic Jelly Mask Dưỡng Ẩm Da Đa Tầng 30mlx10,179000.0,291000.0,112000.0,5.0,6,,https://tiki.vncombo-10-mat-na-bnbg-hydrating-vita-genic-jelly-mask-duong-am-da-da-tang-30mlx10-p85306901.html?spid=276163562,combo mặt nạ bnbg hydrating
72711795,Kem dưỡng trắng dạng gel Hada Labo Koi-Gokujyun Whitening Perfect Gel 100g,319000.0,405000.0,86000.0,4.5,122,,https://tiki.vnkem-duong-trang-dang-gel-hada-labo-koi-gokujyun-whitening-perfect-gel-100g-p72711795.html?spid=72711796,kem dưỡng trắng dạng
72711789,Kem dưỡng ẩm dạng gel Hada Labo Koi-Gokujyun Perfect Gel 100g,285000.0,405000.0,120000.0,4.7,69,,https://tiki.vnkem-duong-am-dang-gel-hada-labo-koi-gokujyun-perfect-gel-100g-p72711789.html?spid=72711790,kem dưỡng ẩm dạng gel
55777239,Kem Dưỡng Làm Dịu Kích Ứng Và Phục Hồi Da La Roche-Posay Cicaplast Baume B5 (40ml) Tặng Nước Tẩy Trang La Roche 50ml,399000.0,399000.0,0.0,4.8,12,,https://tiki.vnkem-duong-lam-diu-kich-ung-va-phuc-hoi-da-la-roche-posay-cicaplast-baume-b5-40ml-tang-nuoc-tay-trang-la-roche-50ml-p55777239.html?spid=67442952,kem dưỡng làm dịu kích ứng
54414224,Sữa Rửa Mặt NIVEA MEN Detox Mud Bùn Khoáng Giúp Giảm Mụn & Hư Tổn Da (100G) - 83940,79000.0,82000.0,3000.0,5.0,4,,https://tiki.vnsua-rua-mat-nivea-men-detox-mud-bun-khoang-giup-giam-mun-hu-ton-da-100g-83940-p54414224.html?spid=273568714,sữa rửa mặt nivea
51542411,Kem chống nắng dạng gel dưỡng ẩm bảo vệ hoàn hảo Anessa Perfect UV Sunscreen Skincare Gel SPF50+ PA++++ 90g,430000.0,575000.0,145000.0,4.7,30,,https://tiki.vnkem-chong-nang-dang-gel-duong-am-bao-ve-hoan-hao-anessa-perfect-uv-sunscreen-skincare-gel-spf50-pa-90g-p51542411.html?spid=59495559,kem chống nắng dạng
25107897,Sữa rửa mặt tạo bọt ngăn ngừa mụn Acnes Foaming Wash 150ml,66000.0,84000.0,18000.0,4.8,189,,https://tiki.vnsua-rua-mat-tao-bot-ngan-ngua-mun-acnes-foaming-wash-150ml-p25107897.html?spid=25107898,sữa rửa mặt tạo
13325863,Sữa chống nắng nâng tông Skin Aqua Tone up Lavender cho da tối màu & da vàng Sunplay Skin Aqua Tone Up UV Milk Lavender SPF 50+ PA++++ 50g,156000.0,199000.0,43000.0,4.7,790,,https://tiki.vnsua-chong-nang-nang-tong-skin-aqua-tone-up-lavender-cho-da-toi-mau-da-vang-sunplay-skin-aqua-tone-up-uv-milk-lavender-spf-50-pa-50g-p13325863.html?spid=13325864,sữa chống nắng nâng
10863620,Sữa Rửa Mặt Lô Hội Naive (130g),87900.0,87900.0,0.0,4.5,8,,https://tiki.vnsua-rua-mat-lo-hoi-naive-130g-p10863620.html?spid=63466488,sữa rửa mặt lô
9856643,Combo 3 Bông Tẩy Trang Jomi (120 Miếng/Túi),99000.0,124000.0,25000.0,5.0,40,,https://tiki.vncombo-3-bong-tay-trang-jomi-120-mieng-tui-p9856643.html?spid=198894074,combo tẩy trang
5902771,Kem dưỡng vitamin làm sáng da mờ sẹo thâm Acnes Vitamin Cream 50g,79000.0,99000.0,20000.0,4.6,147,,https://tiki.vnkem-duong-vitamin-lam-sang-da-mo-seo-tham-acnes-vitamin-cream-50g-p5902771.html?spid=10862974,kem dưỡng vitamin làm sáng
5902347,Kem dưỡng trắng da Acnes Whitening+ Cream 50g,79000.0,99000.0,20000.0,4.5,143,,https://tiki.vnkem-duong-trang-da-acnes-whitening-cream-50g-p5902347.html?spid=10862998,kem dưỡng trắng da
2738497,Bộ 3 Hộp Silcot Bông Trang Điểm (bông tẩy trang) Nhật Bản Cao Cấp (66 Miếng/Hộp),110000.0,147000.0,37000.0,4.7,492,,https://tiki.vnbo-3-hop-silcot-bong-trang-diem-bong-tay-trang-nhat-ban-cao-cap-66-mieng-hop-p2738497.html?spid=13670130,hộp silcot bông trang điểm
2738475,Bộ 3 Hộp Silcot Bông Trang Điểm (bông tẩy trang) Nhật Bản (82 Miếng/Hộp),100000.0,132000.0,32000.0,4.8,1657,,https://tiki.vnbo-3-hop-silcot-bong-trang-diem-bong-tay-trang-nhat-ban-82-mieng-hop-p2738475.html?spid=13670127,hộp silcot bông trang điểm
1313889,"Kem chống nắng Skin Aqua cho da mụn, dạng sữa dùng hàng ngày Sunplay Skin Aqua Acne Clear Eco Việt Nam SPF 50, PA++++ 25g",105000.0,134000.0,29000.0,4.8,428,,https://tiki.vnkem-chong-nang-skin-aqua-cho-da-mun-dang-sua-dung-hang-ngay-sunplay-skin-aqua-acne-clear-eco-viet-nam-spf-50-pa-25g-p1313889.html?spid=10862051,kem chống nắng skin
1313885,"Kem chống nắng Skin Aqua dưỡng trắng, kiểm dầu, dùng hàng ngày dạng sữa Sunplay Skin Aqua Clear White Eco Việt Nam SPF50, PA++++ 25g",102000.0,130000.0,28000.0,4.8,498,,https://tiki.vnkem-chong-nang-skin-aqua-duong-trang-kiem-dau-dung-hang-ngay-dang-sua-sunplay-skin-aqua-clear-white-eco-viet-nam-spf50-pa-25g-p1313885.html?spid=10861852,kem chống nắng skin
1081764,Dầu tẩy trang dưỡng ẩm Hada Labo Advanced Nourish Hyaluron Cleasing Oil 200ml,209000.0,266000.0,57000.0,4.7,289,,https://tiki.vndau-tay-trang-duong-am-hada-labo-advanced-nourish-hyaluron-cleasing-oil-200ml-p1081764.html?spid=10862635,dầu tẩy trang dưỡng ẩm hada
631519,Serum chấm mụn chuyên biệt cho da mụn ở tuổi trưởng thành Acnes 25+ Facial Serum 20ml,89000.0,115000.0,26000.0,4.6,258,,https://tiki.vnserum-cham-mun-chuyen-biet-cho-da-mun-o-tuoi-truong-thanh-acnes-25-facial-serum-20ml-p631519.html?spid=13338673,serum chấm mụn chuyên biệt
631496,Kem dưỡng ẩm Hada Labo Advanced Nourish Cream 50g,173000.0,220000.0,47000.0,4.7,748,,https://tiki.vnkem-duong-am-hada-labo-advanced-nourish-cream-50g-p631496.html?spid=10862626,kem dưỡng ẩm hada labo
278965268,Sữa rửa mặt dành cho người da mụn - Mistine Acne Clear Avoccado Facial Foam 100g,62400.0,109000.0,46600.0,0.0,0,,https://tiki.vnsua-rua-mat-danh-cho-nguoi-da-mun-p278965268.html?spid=278965287,sữa rửa mặt dành
278641264,[Gift] Cài tóc Hada Labo xinh xắn (màu ngẫu nhiên),15000.0,15000.0,0.0,0.0,0,,https://tiki.vngift-cai-toc-hada-labo-xinh-xan-mau-ngau-nhien-p278641264.html?spid=278641265,gift cài tóc hada
278595997,Mặt Nạ Sủi Bọt Thải Độc Sum37 Micro Active Pink Vitamin Bubbetox Mask Pack 100ml,739000.0,950000.0,211000.0,5.0,1,,https://tiki.vnmat-na-sui-bot-thai-doc-sum37-micro-active-pink-vitamin-bubbetox-mask-pack-100ml-p278595997.html?spid=278595998,mặt nạ sủi bọt thải
278466262,Kem dưỡng da chống lão hóa Shiseido Benefiance Wrinkle Smoothing Cream 50ml,1723500.0,1915000.0,191500.0,0.0,0,,https://tiki.vnkem-duong-da-chong-lao-hoa-shiseido-benefiance-wrinkle-smoothing-cream-50ml-p278466262.html?spid=278466263,kem dưỡng da chống
278217943,Bộ dưỡng tự sinh chống lão hóa Whoo Bichup 3pcs ,385000.0,680000.0,295000.0,5.0,1,,https://tiki.vnbo-duong-tu-sinh-chong-lao-hoa-whoo-bichup-3pcs-p278217943.html?spid=278217944,bộ dưỡng tự sinh chống lão
277526707,[Qùa tặng] Sữa rửa mặt kiểm soát nhờn ngăn ngừa mụn dạng gel Acnes Oil Control Cleanser 50g,40000.0,41000.0,1000.0,0.0,0,,https://tiki.vnsua-rua-mat-kiem-soat-nhon-ngan-ngua-mun-dang-gel-acnes-oil-control-cleanser-25g-p277526707.html?spid=277526708,quà tặng sữa rửa
276285063,Kem dưỡng ẩm làm mềm bảo vệ da tay Evoluderm 150ml,109000.0,175000.0,66000.0,5.0,2,,https://tiki.vnkem-duong-am-lam-mem-bao-ve-da-tay-evoluderm-150ml-p276285063.html?spid=276285113,kem dưỡng ẩm làm mềm
276284393,Kem dưỡng ẩm phục hồi và nuôi dưỡng làn da Evoluderm 50ml,172000.0,345000.0,173000.0,5.0,3,,https://tiki.vnkem-duong-am-phuc-hoi-va-nuoi-duong-lan-da-evoluderm-50ml-p276284393.html?spid=276285036,kem dưỡng ẩm phục hồi nuôi dưỡng
276284392,Gel rửa mặt kiêm tẩy tế bào chết tinh chất bưởi hồng danh cho da dầu mụn 150ml,112000.0,225000.0,113000.0,5.0,4,,https://tiki.vngel-rua-mat-kiem-tay-te-bao-chet-tinh-chat-buoi-hong-danh-cho-da-dau-mun-150ml-p276284392.html?spid=276284396,gel rửa mặt kiêm
276243363,Siêu Tinh Chất Giảm Thâm Nám Chuyên Biệt Angel's Liquid Tranexamic Mela Zero Ampoule 30ml,570000.0,1159000.0,589000.0,5.0,5,,https://tiki.vnsieu-tinh-chat-giam-tham-nam-chuyen-biet-angel-s-liquid-tranexamic-mela-zero-ampoule-30ml-p276243363.html?spid=276243364,tinh chất giảm thâm nám chuyên biệt
276032347,"Serum dưỡng ẩm chuyên sâu, làm dịu da Acnes Lab B5 Recovery Serum 25ml",342000.0,435000.0,93000.0,4.8,6,,https://tiki.vnserum-duong-am-chuyen-sau-lam-diu-da-acnes-lab-b5-recovery-serum-25ml-p276032347.html?spid=276032350,serum dưỡng ẩm chuyên sâu làm
275969708,"Tinh chất bí đao 7% Niacinamide giúp giảm mụn, mờ vết thâm Cocoon 70ml",250750.0,295000.0,44250.0,5.0,2,,https://tiki.vntinh-chat-bi-dao-70ml-p275969708.html?spid=275969709,tinh chất bí đao niacinamide giúp
275969428,Nước sen Hậu Giang Cocoon 140ml,165750.0,195000.0,29250.0,0.0,0,,https://tiki.vnnuoc-sen-hau-giang-140ml-p275969428.html?spid=275969430,nước sen hậu giang
275875976,Sữa Rửa Mặt CERAVE Hydrating Cleanser 236ml,330000.0,330000.0,0.0,0.0,0,,https://tiki.vnsua-rua-mat-cerave-hydrating-cleanser-236ml-p275875976.html?spid=275875977,sữa rửa mặt cerave
275798223,Combo 2 Sữa rửa mặt hạt chứa than hoạt tính dành cho nam s select 130g/tuýp,81700.0,120000.0,38300.0,3.7,3,,https://tiki.vnsua-rua-mat-hat-chua-than-hoat-tinh-danh-cho-nam-s-select-130g-tuyp-p275798223.html?spid=275798227,combo sữa rửa mặt
275707072,"Tinh chất làm mờ đốm nâu, thâm nám Emmié Duo C + Arbutin 25.5% Serum (30ml) - Hàng chính hãng",549000.0,799000.0,250000.0,5.0,1,,https://tiki.vntinh-chat-lam-mo-dom-nau-tham-nam-emmie-duo-c-arbutin-25-5-serum-30ml-hang-chinh-hang-p275707072.html?spid=276161027,tinh chất làm mờ đốm
274672689,Sữa rửa mặt và tẩy trang dưỡng ẩm lô hội Naris Alodew Nhật Bản 100ml,365000.0,365000.0,0.0,0.0,0,,https://tiki.vnsua-rua-mat-va-tay-trang-duong-am-lo-hoi-naris-alodew-nhat-ban-100ml-p274672689.html?spid=274672690,sữa rửa mặt tẩy
274048515,"Dung dịch dưỡng trắng cao cấp, cải thiện thâm nám, tàn nhang Hada Labo Shirojyun Premium Whitening Lotion 170ml",230000.0,330000.0,100000.0,5.0,3,,https://tiki.vndung-dich-duong-trang-cao-cap-cai-thien-tham-nam-tan-nhang-hada-labo-shirojyun-premium-whitening-lotion-170ml-p274048515.html?spid=274048516,dung dịch dưỡng trắng cao cấp cải thiện
273976368,Kem dưỡng trắng da Hoa Thiên - giải pháp từ thiên nhiên cho làn da trắng sáng mịn màng và rạng rỡ 30g,199000.0,398000.0,199000.0,5.0,3,,https://tiki.vnkem-duong-trang-da-hoa-thien-giai-phap-tu-thien-nhien-cho-lan-da-trang-sang-min-mang-va-rang-ro-30g-p273976368.html?spid=273976369,kem dưỡng trắng da
273711622,Sữa Rửa Mặt Tạo Bọt Chiết Xuất Tơ Tằm Trắng Senka Perfect Whip 120g - 14839,86000.0,119000.0,33000.0,5.0,8,,https://tiki.vnb2b-sua-rua-mat-tao-bot-chiet-xuat-to-tam-trang-senka-perfect-whip-120g-14839-p273711622.html?spid=273711623,sữa rửa mặt tạo
273550498,Kem Dưỡng Ẩm Da Khô CeraVe Moisturising Cream 50ml,245000.0,245000.0,0.0,5.0,1,,https://tiki.vnkem-duong-am-da-kho-cerave-moisturising-cream-50ml-p273550498.html?spid=273550501,kem dưỡng ẩm da khô
272128994,Túi refill lotion dưỡng ẩm tối ưu Hada Labo Advanced Nourish Lotion dùng cho da dầu 170ml,125000.0,125000.0,0.0,0.0,0,,https://tiki.vntui-refill-lotion-duong-am-toi-uu-hada-labo-advanced-nourish-lotion-dung-cho-da-dau-170ml-p272128994.html?spid=272128995,túi refill lotion dưỡng ẩm
263108754,Dưỡng Chất L'oreal Revitalift Hyaluronic Acid Serum Căng Mịn và Sáng Da 30ml,425000.0,425000.0,0.0,5.0,1,,https://tiki.vnduong-chat-l-oreal-revitalift-hyaluronic-acid-serum-cang-min-va-sang-da-30ml-p263108754.html?spid=271120464,dưỡng chất l oreal
217516707,Combo 30 gói Kem chống nắng nâng tông da Whoo Seol Radiant Tone Up Sunscreen 1ml,220000.0,360000.0,140000.0,4.8,4,,https://tiki.vncombo-30-goi-kem-chong-nang-nang-tong-da-whoo-seol-radiant-tone-up-sunscreen-1ml-p217516707.html?spid=217516708,combo gói kem chống
214199420,Nước dưỡng sáng & cấp ẩm cho da Eucerin Boosting Essence 100ml,674100.0,749000.0,74900.0,0.0,0,,https://tiki.vnnuoc-duong-sang-cap-am-cho-da-eucerin-boosting-essence-100ml-p214199420.html?spid=275190361,nước dưỡng sáng cấp
205069705,Sữa Rửa Mặt Sạch Sâu Chiết Xuất Than Hoạt Tính Clarista Tokyo Charcoal Facial Foam (130 G),178000.0,178000.0,0.0,5.0,1,,https://tiki.vnsua-rua-mat-than-clarista-130g-p205069705.html?spid=205069708,sữa rửa mặt sạch
177751024,Combo 30 gói tẩy tế bào chết dạng kỳ Whoo Gong Jinhyang Seol Brightening Peeling Gel 1ml,165000.0,260000.0,95000.0,5.0,7,,https://tiki.vncombo-30-goi-tay-te-bao-chet-dang-ky-whoo-gong-jinhyang-seol-brightening-peeling-gel-1ml-p177751024.html?spid=177751025,combo gói tẩy tế bào
169548794,Tinh Chất Vichy Làm Mờ Vết Thâm Và Nếp Nhăn 30ml LiftActiv B3 Serum Dark Spots & Wrinkles,785000.0,785000.0,0.0,0.0,0,,https://tiki.vntinh-chat-vichy-lam-mo-vet-tham-va-nep-nhan-30ml-liftactiv-b3-serum-dark-spots-wrinkles-p169548794.html?spid=272426313,tinh chất vichy làm mờ
135545810,Kem Dưỡng Da Ban Ngày OLAY Luminous Trắng Da Mờ Thâm Nám SPF15+ 50g,205000.0,270000.0,65000.0,4.5,7,,https://tiki.vnkem-duong-trang-da-ban-ngay-olay-luminous-light-perfecting-day-cream-spf-pa-50g-p135545810.html?spid=271477423,kem dưỡng da ban ngày
117147637,"Sữa rửa mặt Simple giúp cấp ẩm, da trông khỏe và mịn màng - cho da khô nhạy cảm 150ml [CHÍNH HÃNG ĐỘC QUYỀN] [MỚI]",135000.0,140500.0,5500.0,4.7,228,,https://tiki.vnsua-rua-mat-simple-giup-cap-am-cho-da-kho-nhay-cam-khong-chua-xa-phong-150ml-chinh-hang-doc-quyen-p117147637.html?spid=117147638,sữa rửa mặt simple
87120006,Kem chống nắng nâng tone da Whoo Seol Radiant Tone Up Sunscreen 50ml,905000.0,1250000.0,345000.0,5.0,1,,https://tiki.vnkem-chong-nang-nang-tone-da-whoo-seol-radiant-tone-up-sunscreen-50ml-p87120006.html?spid=110474777,kem chống nắng nâng
55924468,Sữa chống nắng dưỡng da Shiseido GSC Perfect Sun Protector Lotion SPF50+ 50ml,1193400.0,1326000.0,132600.0,0.0,0,,https://tiki.vnsua-chong-nang-shiseido-gsc-perfect-uv-protector-h-p55924468.html?spid=55924469,sữa chống nắng dưỡng da
54440898,Mặt Nạ Ngủ Cấp Ẩm Chuyên Sâu Dạng Gel Senka Deep Moist Gel Cream 50g,179000.0,229000.0,50000.0,4.7,76,,https://tiki.vnkem-duong-cap-am-chuyen-sau-dang-gel-senka-deep-moist-gel-cream-50g-p54440898.html?spid=58532703,mặt nạ ngủ cấp ẩm
41589611,Miếng dán Silicone ngăn ngừa và hỗ trợ điều trị sẹo lồi - Advasil Conform,850000.0,850000.0,0.0,4.8,31,,https://tiki.vnmieng-dan-silicone-ngan-ngua-va-dieu-tri-seo-loi-advasil-conform-p41589611.html?spid=41589613,miếng dán silicone ngăn ngừa
2616909,Nước Tẩy Trang Làm Sạch Sâu & Kiểm Soát Bã Nhờn Cho Da Dầu Nhạy Cảm La Roche-Posay Micellar Water Ultra Oily Skin 400ml,372000.0,372000.0,0.0,2.0,1,,https://tiki.vnnuoc-tay-trang-lam-sach-sau-kiem-soat-ba-nhon-cho-da-dau-nhay-cam-la-roche-posay-micellar-water-ultra-oily-skin-400ml-p2616909.html?spid=31493527,nước tẩy trang làm sạch
2393157,Nước Tẩy Trang Simple Micellar (200ml) - 8712561669825,151100.0,151100.0,0.0,4.5,56,,https://tiki.vnnuoc-tay-trang-simple-micellar-200ml-8712561669825-p2393157.html?spid=2401449,nước tẩy trang simple
1313903,Dung dịch dưỡng trắng da chống thâm nám Melano CC Whitening Lotion 170ml,236000.0,300000.0,64000.0,4.5,163,,https://tiki.vndung-dich-duong-trang-da-chong-tham-nam-melano-cc-whitening-lotion-170ml-p1313903.html?spid=10862537,dung dịch dưỡng trắng da
1313875,"Kem chống nắng Sunplay dưỡng trắng da, dạng sữa Sunplay Whitening UV SPF 50, PA++++ 30g",79000.0,102000.0,23000.0,4.8,205,,https://tiki.vnkem-chong-nang-sunplay-duong-trang-da-dang-sua-sunplay-whitening-uv-spf-50-pa-30g-p1313875.html?spid=10862065,kem chống nắng sunplay dưỡng
631952,Seum VItamin C 10% dưỡng trắng mờ thâm sạm Acnes Lab C10 serum 15ml,287000.0,365000.0,78000.0,4.8,137,,https://tiki.vnseum-vitamin-c-10-duong-trang-mo-tham-sam-acnes-lab-c10-serum-15ml-p631952.html?spid=10862528,seum vitamin c dưỡng trắng
483186,Silcot Bông Đắp Dưỡng Miếng Đôi (40 miếng/hộp),48000.0,48000.0,0.0,4.8,160,,https://tiki.vnsilcot-bong-dap-duong-mieng-doi-40-mieng-hop-p483186.html?spid=196187,silcot đắp dưỡng miếng
278641502,Nước cân bằng cho da mụn Meishoku Bigansui Lotion (90ml) - Hàng chính hãng,199000.0,299000.0,100000.0,0.0,0,,https://tiki.vnnuoc-can-bang-cho-da-mun-meishoku-bigansui-lotion-90ml-hang-chinh-hang-p278641502.html?spid=278641504,nước cân bằng da mụn
278198909,Kem Dưỡng Ban Ngày Olay Regenerist 50G,499000.0,499000.0,0.0,0.0,0,,https://tiki.vnkem-vi-duong-ban-ngay-olay-regenerist-50g-p278198909.html?spid=278198918,kem dưỡng ban ngày olay
277875709,Tẩy tế bào chết dành cho da mặt Dermarium Tricky Duet 2% Salicylic Acid (55ml/150ml) - Hàng chính hãng,135000.0,180000.0,45000.0,0.0,0,,https://tiki.vntay-te-bao-chet-danh-cho-da-mat-dermarium-tricky-duet-2-salicylic-acid-55ml-150ml-hang-chinh-hang-p277875709.html?spid=277875714,tẩy tế bào chết dành
277739915,Tinh chất dưỡng trắng Olay Luminous Super Serum Niacinamide + AHA (30ml) - Hàng chính hãng,419000.0,549000.0,130000.0,5.0,1,,https://tiki.vntinh-chat-duong-trang-olay-luminous-super-serum-niacinamide-aha-30ml-hang-chinh-hang-p277739915.html?spid=277739917,tinh chất dưỡng trắng olay
277738712,Kem dưỡng ban ngày Olay Regenerist Micro Sculpting Cream (50g) - Hàng chính hãng,389000.0,469000.0,80000.0,0.0,0,,https://tiki.vnkem-duong-ban-ngay-olay-regenerist-micro-sculpting-cream-50g-hang-chinh-hang-p277738712.html?spid=277738714,kem dưỡng ban ngày olay
277445079,Tinh chất làm sáng mờ thâm Emmié By Happyskin 20% Niacinabright Clear Skin Serum (30ml) - Hàng chính hãng,389000.0,460000.0,71000.0,4.0,1,,https://tiki.vntinh-chat-lam-sang-mo-tham-emmie-by-happyskin-20-niacinabright-clear-skin-serum-30ml-hang-chinh-hang-p277445079.html?spid=277445080,tinh chất làm sáng mờ
277375309,Sữa rửa mặt Hada Labo chống lão hóa Premium Cleanser Aging Care 100g,106000.0,135000.0,29000.0,4.5,2,,https://tiki.vnsua-rua-mat-hada-labo-chong-lao-hoa-premium-cleanser-aging-care-100g-p277375309.html?spid=277375310,sữa rửa mặt hada labo
276526569,Dầu tẩy trang hoa hồng Cocoon 310ml tẩy sạch lớp makeup & dưỡng ẩm thuần chay,327750.0,345000.0,17250.0,0.0,0,,https://tiki.vndau-tay-trang-hoa-hong-cocoon-310ml-tay-sach-lop-makeup-duong-am-thuan-chay-p276526569.html?spid=276526570,dầu tẩy trang hoa hồng cocoon tẩy
276284395,Nước tẩy trang Evoluderm Eau Micellaire 500ml,149000.0,325000.0,176000.0,5.0,1,,https://tiki.vnnuoc-tay-trang-evoluderm-eau-micellaire-500ml-p276284395.html?spid=276284622,nước tẩy trang evoluderm eau
275588921,Mặt nạ làm trắng HISTO LIGHTENING CREAM MASK - chính hãng Hàn Quốc 250g,595000.0,595000.0,0.0,0.0,0,,https://tiki.vnmat-na-lam-trang-histo-lightening-cream-mask-chinh-hang-han-quoc-250g-p275588921.html?spid=275588922,mặt nạ làm trắng histo
275510413,Nước Hoa Hồng Lancome Tonique Confort Toner 125ml,350000.0,350000.0,0.0,0.0,0,,https://tiki.vnnuoc-hoa-hong-lancome-tonique-confort-toner-125ml-p275510413.html?spid=275510414,nước hoa hồng lancome tonique
273815165,Kem Chống Nắng L’Oreal Mịn Nhẹ Nâng Tông Giảm Thâm Nám 15ml,298000.0,298000.0,0.0,0.0,0,,https://tiki.vnkem-chong-nang-l-oreal-min-nhe-nang-tong-giam-tham-nam-15ml-p273815165.html?spid=273815169,kem chống nắng l
273083133,"Kem dưỡng căng bóng, trẻ hóa làn da Pretty Skin Retinal Bakuchiol A-Mazing Night Cream 50gr",499000.0,499000.0,0.0,5.0,1,,https://tiki.vnkem-duong-cang-bong-tre-hoa-lan-da-pretty-skin-retinal-bakuchiol-a-mazing-night-cream-50gr-p273083133.html?spid=273083135,kem dưỡng căng bóng
272564933,Serum Dưỡng Mắt La Roche-Posay Hyalu B5 Yeux Anti-Rides 15ml,650000.0,650000.0,0.0,0.0,0,,https://tiki.vnserum-duong-mat-la-roche-posay-hyalu-b5-yeux-anti-rides-15ml-p272564933.html?spid=272564934,serum dưỡng mắt la roche posay
272389754,[Nội Địa Nhật Bản] Sữa rửa mặt nam tạo bọt Sạch nhờn cho da dầu UNO Whip Wash Nhật Bản 130g,135000.0,135000.0,0.0,5.0,3,,https://tiki.vnnoi-dia-nhat-ban-sua-rua-mat-nam-tao-bot-sach-nhon-cho-da-dau-uno-whip-wash-nhat-ban-130g-p272389754.html?spid=272389756,nội địa nhật bản sữa rửa mặt
263809360,Bông dưỡng da toner sáng da căn bóng chứa AHA/PHA giúp da săn chắc rạng rỡ Ohui Miracle Toning Glow Water Pad - 70 miếng,554000.0,750000.0,196000.0,0.0,0,,https://tiki.vnbong-duong-da-toner-sang-da-can-bong-chua-aha-pha-giup-da-san-chac-rang-ro-ohui-miracle-toning-glow-water-pad-70-mieng-p263809360.html?spid=263809361,bông dưỡng da toner
263058159," Tế Bào Gốc Phục Hồi, Chống Lão Hóa Dr Pluscell 6GF Exosome Ampoule",450000.0,450000.0,0.0,0.0,0,,https://tiki.vnte-bao-goc-phuc-hoi-chong-lao-hoa-dr-pluscell-6gf-exosome-ampoule-p263058159.html?spid=263058160,tế bào gốc phục hồi chống
248684066,Kem chống nắng cho da dầu mụn Acnes Blemish Control Sunscreen 50g,122000.0,155000.0,33000.0,4.5,8,,https://tiki.vnkem-chong-nang-cho-da-dau-mun-acnes-blemish-control-sunscreen-50ml-p248684066.html?spid=248684067,kem chống nắng da
198593187,Bộ sản phẩm giảm mụn sau 12H & phục hồi da sau mụn La Roche-Posay,195000.0,195000.0,0.0,0.0,0,,https://tiki.vnbo-san-pham-giam-mun-sau-12h-phuc-hoi-da-sau-mun-la-roche-posay-p198593187.html?spid=271336589,sản phẩm giảm mụn sau
193290029,Kem Mụn - Trắng Da & Mờ Vết Thâm OLY HT Chính Hãng 25g LPK,149000.0,149000.0,0.0,0.0,0,,https://tiki.vnkem-trang-da-ngua-mun-ngua-vet-tham-oly-ht-25g-oly-002-p193290029.html?spid=218729913,kem mụn trắng da mờ
190753121,IC+++ Stemcell - Tinh chất tế bào gốc Dahana trẻ hóa làn da,265000.0,265000.0,0.0,0.0,0,,https://tiki.vnic-stemcell-tinh-chat-te-bao-goc-dahana-tre-hoa-lan-da-p190753121.html?spid=190753122,ic stemcell tinh chất tế bào
190630654,Sữa Rửa Mặt Dịu Nhẹ Cho Da Khô CeraVe SA Smoothing Cleanser 236ml,525000.0,525000.0,0.0,0.0,0,,https://tiki.vnsua-rua-mat-diu-nhe-cho-da-cerave-sa-smoothing-cleanser-236ml-p190630654.html?spid=271589052,sữa rửa mặt dịu
179520688,"[Bản mới] Kem dưỡng da mắt Pime Eye Cream hỗ trợ giảm thâm, bọng, mờ nếp nhăn, sụp mí, ngừa lão hóa 20ml",874200.0,940000.0,65800.0,4.0,1,,https://tiki.vnkem-duong-da-mat-pime-giam-quang-tham-bong-mat-mo-nep-nhan-giam-sup-mi-ngua-lao-hoa-vung-mat-pime-eye-cream-20ml-p179520688.html?spid=179520689,bản kem dưỡng da mắt
172949607,Xịt Cấp Ẩm Mịn Da Reihaku Hatomugi High Moisturizing Lotion (250 mL),234000.0,234000.0,0.0,0.0,0,,https://tiki.vnnuoc-hoa-hong-reihaku-hatomugi-high-moisturizing-lotion-duong-am-sau-dang-xit-250ml-p172949607.html?spid=172949608,xịt cấp ẩm mịn da
169128477,Dầu Tẩy Trang Chiết Xuất Dầu Olive & Argan Deve Clean sing Oil 500ml & 200ml,179000.0,179000.0,0.0,4.7,3,,https://tiki.vndau-tay-trang-chiet-xuat-dau-olive-argan-deve-clean-sing-oil-500ml-200ml-p169128477.html?spid=169128481,dầu tẩy trang chiết xuất
155608692,Mặt Nạ Mắt Giảm Thâm Giảm Nếp Nhăn JM Solution Honey Luminous Royal Propolis Eye Patch Black 60 miếng - JESS SHOP COSMETICS,163000.0,163000.0,0.0,4.5,7,,https://tiki.vnmat-na-mat-giam-tham-giam-nep-nhan-jm-solution-honey-luminous-royal-propolis-eye-patch-black-60-mieng-jess-shop-cosmetics-p155608692.html?spid=155608693,mặt nạ mắt giảm thâm giảm
150269406,Bộ Dưỡng Trắng Da Tế Bào Gốc Hàn Quốc Cấp Ẩm Xóa Nhăn Phục Hồi Trẻ Hoá Da Và Chống Lão Hoá Cellkey-Scien Repair System White Set (60ml),1581000.0,1860000.0,279000.0,4.8,19,,https://tiki.vnbo-duong-trang-da-te-bao-goc-phuc-hoi-tre-hoa-da-va-chong-lao-hoa-cellkey-scien-white-serum-cream-30ml-p150269406.html?spid=150269407,dưỡng trắng da tế bào gốc
131396444,"Serum Men Stay Simplicity cho da mụn giúp làm dịu, khô cồi cho nam Calm Skin Relief Facial Serum 30ml",239000.0,239000.0,0.0,4.5,2,,https://tiki.vntinh-chat-lam-diu-da-cho-nam-men-stay-simplicity-calm-skin-relief-facial-serum-p131396444.html?spid=131396445,serum men stay simplicity
123582725,Serum Dưỡng Ẩm Phục Hồi Da GoodnDoc Hydra B5 - Serum B5 GoodnDoc 30ml,540000.0,540000.0,0.0,5.0,20,,https://tiki.vnserum-duong-am-phuc-hoi-da-goodndoc-hydra-b5-serum-b5-goodndoc-30ml-p123582725.html?spid=130781221,serum dưỡng ẩm phục hồi da goodndoc
119252665,Kem dưỡng ẩm Cetaphil Moisturizing Cream 50g,256000.0,256000.0,0.0,5.0,34,,https://tiki.vnkem-duong-am-cetaphil-moisturizing-cream-50g-p119252665.html?spid=119252666,kem dưỡng ẩm cetaphil moisturizing
99072001," Kem chuyên dưỡng trắng da mặt , giữ ẩm da , se khít lỗ chân lông có chống nắng MYLOVE  - Hàng Chính Hãng",99000.0,99000.0,0.0,4.0,1,,https://tiki.vnkem-chuyen-duong-trang-da-mat-giu-am-da-se-khit-lo-chan-long-co-chong-nang-mylove-hang-chinh-hang-p99072001.html?spid=218735534,kem chuyên dưỡng trắng da
91767643,[Quà tặng] Sữa rửa mặt diệt khuẩn cho da nhờn mụn Floslek Anti Acne Bacterial Face Cleansing Gel 200ml + Tặng bọt biển,380000.0,380000.0,0.0,0.0,0,,https://tiki.vnqua-tang-sua-rua-mat-diet-khuan-cho-da-nhon-mun-floslek-anti-acne-bacterial-face-cleansing-gel-200ml-tang-bot-bien-p91767643.html?spid=139769241,quà tặng sữa rửa
86589249,"Tinh chất giúp tái tạo da, giảm thâm nám và nếp nhăn trên da, làm đều màu da La Roche Posay Retinol B3 Serum",980000.0,980000.0,0.0,5.0,1,,https://tiki.vntinh-chat-giup-tai-tao-da-giam-tham-nam-va-nep-nhan-tren-da-lam-deu-mau-da-la-roche-posay-retinol-b3-serum-p86589249.html?spid=272401990,tinh chất giúp tái tạo da
84376854,Combo 5 Bông tẩy trang Jomi 120 miếng/gói,138000.0,207000.0,69000.0,5.0,21,,https://tiki.vncombo-5-bong-tay-trang-jomi-120-mieng-goi-p84376854.html?spid=198894117,combo bông trang jomi
77305646,Kem chống nắng dạng sữa dịu nhẹ cho da nhạy cảm và trẻ em Anessa Perfect UV Sunscreen Mild Milk For Sensitive Skin SPF 50+ PA++++ 60ml,535000.0,715000.0,180000.0,5.0,46,,https://tiki.vnkem-chong-nang-dang-sua-diu-nhe-cho-da-nhay-cam-va-tre-em-anessa-perfect-uv-sunscreen-mild-milk-for-sensitive-skin-spf-50-pa-60ml-p77305646.html?spid=272278931,kem chống nắng dạng
76419863,Nước dưỡng Tảo Biển làm mềm mịn & sáng da Zakka Naturals Sea Kelp Daily Essence 150ml,243000.0,270000.0,27000.0,5.0,10,,https://tiki.vntinh-chat-duong-am-can-bang-phuc-hoi-da-chiet-xuat-tao-bien-len-men-fermented-sea-kelp-moisturizing-essence-300ml-p76419863.html?spid=76419865,nước dưỡng tảo biển làm
73517801,Kem Dưỡng Trắng Da Ban Ngày Oribe Giúp Dưỡng Ẩm Chống Nắng Cho Da 30g,240000.0,320000.0,80000.0,4.8,171,,https://tiki.vnkem-duong-trang-da-chong-nang-ban-ngay-oribe-chong-lao-hoa-mo-tham-nam-duong-am-30g-p73517801.html?spid=73517802,kem dưỡng trắng da
51034208,Combo 2 hộp bông tẩy trang Miniso 1000 miếng 100% Cotton Nhật,59000.0,59000.0,0.0,4.5,33,,https://tiki.vncombo-2-hop-bong-tay-trang-miniso-1000-mieng-100-cotton-nhat-p51034208.html?spid=63047824,combo hộp bông trang
411736,Kem Chống Nắng Không Gây Nhờn Rít Không Màu SPF50  Vichy Capital Soleil SPF50 Face Dry Touch (50ml) -100516689,590000.0,590000.0,0.0,4.5,17,,https://tiki.vnkem-chong-nang-khong-gay-nhon-rit-khong-mau-spf50-vichy-capital-soleil-spf50-face-dry-touch-50ml-100516689-p411736.html?spid=6279715,kem chống nắng gây
277739937,Kem dưỡng da ban ngày Olay Total Effects 7 in One Day Cream SPF 15 (50g) - Hàng chính hãng,289000.0,369000.0,80000.0,0.0,0,,https://tiki.vnkem-duong-da-ban-ngay-olay-total-effects-7-in-one-day-cream-spf-15-50g-hang-chinh-hang-p277739937.html?spid=277739939,kem dưỡng da ban ngày
277738721,Kem dưỡng trẻ hóa da ban đêm Olay Regenerist Retinol 24 Night Moisturiser (50g) - Hàng chính hãng,429000.0,549000.0,120000.0,4.0,1,,https://tiki.vnkem-duong-tre-hoa-da-ban-dem-olay-regenerist-retinol-24-night-moisturiser-50g-hang-chinh-hang-p277738721.html?spid=277738723,kem dưỡng trẻ hóa
277561408,"Kem chống nắng nâng tông Skin Aqua Tone up Blue cho da vàng có khuyết điểm đỏ, dạng sữa Sunplay Skin Aqua Tone Up UV Milk Blue SPF 50+ PA++++ 50g",156000.0,199000.0,43000.0,5.0,1,,https://tiki.vnkem-chong-nang-nang-tong-skin-aqua-tone-up-blue-cho-da-vang-co-khuyet-diem-do-dang-sua-sunplay-skin-aqua-tone-up-uv-milk-blue-spf-50-pa-50g-p277561408.html?spid=277561409,kem chống nắng nâng
277375294,Sữa rửa mặt dưỡng trắng cao cấp Hada Labo Premium Cleanser Radiance 100g,106000.0,135000.0,29000.0,5.0,2,,https://tiki.vnsua-rua-mat-duong-trang-cao-cap-hada-labo-premium-cleanser-radiance-100g-p277375294.html?spid=277375295,sữa rửa mặt dưỡng trắng
276545421,Nước Tẩy Trang Bioderma Sensibio 500ml,535000.0,535000.0,0.0,5.0,1,,https://tiki.vnnuoc-tay-trang-bioderma-sensibio-500ml-p276545421.html?spid=276550694,nước tẩy trang bioderma
276181171,COMBO 10 MẶT NẠ DƯỠNG TRẮNG BNBG GLUTATHIONE BRIGHTENING SKINBOOSTER MASK 30MLX10,230000.0,419000.0,189000.0,0.0,0,,https://tiki.vncombo-10-mat-na-duong-trang-bnbg-glutathione-brightening-skinbooster-mask-30mlx10-p276181171.html?spid=276181172,combo mặt nạ dưỡng trắng bnbg
276177602,[Tặng giấy thấm dầu] Kem Chống Nắng Dưỡng Trắng Nâng Tone Da Cell Fusion C Brightening Tone Up Sunscreen 100 SPF50+/ PA ++++ (50ml),459000.0,520000.0,61000.0,4.8,4,,https://tiki.vnkem-chong-nang-duong-trang-nang-tone-da-cell-fusion-c-brightening-tone-up-sunscreen-100-spf50-pa-50ml-p276177602.html?spid=276177603,tặng giấy thấm dầu
276164032,"Combo 10 Mặt Nạ BNBG Tràm Trà Thải Độc Da, Giảm Mụn Vita Tea Tree Healing Face Mask Pack 30ml x10",215000.0,437000.0,222000.0,5.0,1,,https://tiki.vncombo-10-mat-na-bnbg-tram-tra-thai-doc-da-giam-mun-vita-tea-tree-healing-face-mask-pack-30ml-x10-p276164032.html?spid=276164033,combo mặt nạ bnbg tràm
276032346,Kem dưỡng da giảm mụn chuyên sâu Acnes Lab Acne Repair Cream 20g,146000.0,185000.0,39000.0,5.0,1,,https://tiki.vnkem-duong-da-giam-mun-chuyen-sau-acnes-lab-acne-repair-cream-20g-p276032346.html?spid=276032349,kem dưỡng da giảm
276022717,"Sữa rửa mặt cho nam Oxy sạch dịu nhẹ, kiềm dầu dạng kem Oxy Oil Acne Wash 100g",75000.0,95000.0,20000.0,5.0,7,,https://tiki.vnsua-rua-mat-cho-nam-oxy-sach-diu-nhe-kiem-dau-dang-kem-oxy-oil-acne-wash-100g-p276022717.html?spid=276022720,sữa rửa mặt nam
275969670,Mặt nạ nghệ Hưng Yên Cocoon 30ml,144000.0,150000.0,6000.0,5.0,6,,https://tiki.vnmat-na-nghe-hung-yen-30ml-p275969670.html?spid=275969671,mặt nạ nghệ hưng yên
275627181,Gel rửa mặt cho da dầu nhạy cảm La Roche-Posay Effaclar Foaming Gel 400ml (Túi refill),470000.0,555000.0,85000.0,5.0,2,,https://tiki.vngel-rua-mat-cho-da-dau-nhay-cam-la-roche-posay-effaclar-foaming-gel-400ml-tui-refill-p275627181.html?spid=275627187,gel rửa mặt da
275408919,Xịt chống nắng bảo vệ đa chiều Skin Aqua Ultra Protection Mist 60ml,169000.0,219000.0,50000.0,5.0,3,,https://tiki.vnxit-chong-nang-bao-ve-da-chieu-skin-aqua-ultra-protection-mist-60ml-p275408919.html?spid=275408922,xịt chống nắng bảo vệ
274029933,"Lotion Dưỡng Trắng Cao Cấp - Cải Thiện Thâm Nám, Tàn Nhang Hada Labo Shirojyun Premium Whitening Lotion (170ml)",278000.0,330000.0,52000.0,0.0,0,,https://tiki.vnlotion-duong-trang-cao-cap-cai-thien-tham-nam-tan-nhang-hada-labo-shirojyun-premium-whitening-lotion-170ml-p274029933.html?spid=274029934,lotion dưỡng trắng cao cấp cải thiện
248684056,Giấy thấm dầu trà xanh Acnes Oil Remover Paper Green Tea 100 tờ,32000.0,40000.0,8000.0,4.7,10,,https://tiki.vngiay-tham-dau-tra-xanh-acnes-oil-remover-paper-green-tea-100-to-p248684056.html?spid=248684058,giấy thấm dầu trà
191752367,[HOT DEAL] Kem Dưỡng Da Trắng Hồng ban đêm Giảm Thâm Sạm Không Cồn dạng gel SENKA AQUA BRIGHT GLOW GEL CREAM 50g - 15538,235000.0,360000.0,125000.0,4.8,4,,https://tiki.vnkem-duong-trang-ban-dem-senka-aqua-bright-glow-gel-cream-50g-p191752367.html?spid=272310534,hot deal kem dưỡng da
159828826,"Mặt Nạ Dưỡng Da Banobagi Vita Genic Jelly Mask Cung Cấp Collagen, Vitamin Và Dưỡng Chất Chăm Sóc Da Săn Chắc Mịn Màng",21500.0,21500.0,0.0,3.0,2,,https://tiki.vnmat-na-duong-da-banobagi-vita-genic-jelly-mask-cung-cap-collagen-va-duong-chat-cham-soc-da-san-chac-min-mang-p159828826.html?spid=159828828,mặt nạ dưỡng da banobagi
159814287,Mặt Nạ JM solution Mask 30ml Cấp Ẩm Dưỡng Trắng Phục Hồi Da Chăm Sóc Da Toàn Diện Căng Bóng Từ Hàn Quốc,16800.0,16800.0,0.0,0.0,0,,https://tiki.vnmat-na-jm-solution-mask-30ml-cap-am-duong-trang-phuc-hoi-da-cham-soc-da-toan-dien-cang-bong-tu-han-quoc-p159814287.html?spid=159814305,mặt nạ jm solution mask
102562675,Combo Kem Dưỡng Ẩm Cấp Nước Neutrogena Hydro Boost 50g tặng kèm băng đô mèo xinh xắn màu sắc ngẫu nhiên,299999.0,425000.0,125001.0,4.8,17,,https://tiki.vncombo-kem-duong-am-cap-nuoc-neutrogena-hydro-boost-50g-tang-kem-bang-do-meo-xinh-xan-mau-sac-ngau-nhien-p102562675.html?spid=102562679,combo kem dưỡng ẩm
101753336,Tinh Chất Truyền Trắng Angel's Liquid Glutathione + Niacinamide 700 V-Ampoule 30ml,439000.0,615000.0,176000.0,4.7,3,,https://tiki.vntinh-chat-truyen-trang-angel-s-liquid-glutathione-niacinamide-700-v-ampoule-30ml-p101753336.html?spid=276242581,tinh chất truyền trắng angel
101008271,Mặt Nạ Ngọc Trai Dưỡng Trắng Da Cấp Ẩm Và Chống Lão Hóa Dewytree Skin Derma Brightening Mask 23g (1 Miếng),36000.0,40000.0,4000.0,5.0,25,,https://tiki.vnmat-na-ngoc-trai-duong-trang-da-cap-am-va-chong-lao-hoa-dewytree-skin-derma-brightening-mask-23g-1-mieng-p101008271.html?spid=101008272,mặt nạ ngọc trai dưỡng trắng
89893246,Kem dưỡng giảm viêm da cơ địa Eucerin Ato Control Acute Care Cream 40ml,460000.0,482000.0,22000.0,3.5,2,,https://tiki.vnkem-duong-giam-viem-da-co-dia-eucerin-ato-control-acute-care-cream-40ml-p89893246.html?spid=275190371,kem dưỡng giảm viêm
77986600,Kem dưỡng trắng dạng gel giúp cải thiện thâm sạm Melano CC Whitening Gel 100g,275000.0,350000.0,75000.0,4.5,100,,https://tiki.vnkem-duong-trang-dang-gel-giup-cai-thien-tham-sam-melano-cc-whitening-gel-100g-p77986600.html?spid=77986601,kem dưỡng trắng dạng
73429271,Kem chống lão hóa Vichy Liftactiv Collagen Specialist 15ml,145000.0,145000.0,0.0,4.5,18,,https://tiki.vnkem-chong-lao-hoa-vichy-liftactiv-collagen-specialist-15ml-p73429271.html?spid=73839097,kem chống lão hóa
71672934," Kem Dưỡng Phục Hồi, Làm Dịu Da La Roche Posay Cicaplast Baume B5 (100ml)",600000.0,600000.0,0.0,4.5,5,,https://tiki.vnkem-duong-phuc-hoi-lam-diu-da-la-roche-posay-cicaplast-baume-b5-100ml-p71672934.html?spid=71672935,kem dưỡng phục hồi làm
58530142,Kem Dưỡng Trắng Da Ban Đêm Oribe Dưỡng Ẩm Làm Mờ Thâm Nám 30g,240000.0,320000.0,80000.0,4.7,422,,https://tiki.vnkem-duong-trang-da-mat-oribe-duong-am-lam-mo-tham-nam-loai-bo-tan-nhang-30g-p58530142.html?spid=58530143,kem dưỡng trắng da
55705554,Sữa rửa mặt NIVEA Pearl White giúp trắng da ngọc trai (100g) - 81295,63000.0,79000.0,16000.0,0.0,0,,https://tiki.vnsua-rua-mat-nivea-pearl-white-giup-trang-da-ngoc-trai-100g-81295-p55705554.html?spid=273568519,sữa rửa mặt nivea
51559883,Bộ đôi Kem chống nắng dạng sữa dưỡng da kiềm dầu bảo vệ hoàn hảo (Anessa Gold Milk 60ml + Gold Milk 20ml),749000.0,1000000.0,251000.0,4.8,242,,https://tiki.vnbo-doi-kem-chong-nang-dang-sua-duong-da-kiem-dau-bao-ve-hoan-hao-anessa-gold-milk-60ml-gold-milk-20ml-p51559883.html?spid=59495551,bộ kem chống nắng
33785195,Sữa rửa mặt hỗ trợ trị mụn Senka Perfect Whip Acne Care 100g,93000.0,125000.0,32000.0,4.7,419,,https://tiki.vnsua-rua-mat-tri-mun-senka-perfect-whip-acne-care-100g-p33785195.html?spid=44894558,sữa rửa mặt hỗ trợ
8959289,Tinh chất chống nắng nâng tông Skin Aqua Tone up Lavender cho da tối màu & da vàng Sunplay Skin Aqua Tone Up UV Essence Lavender SPF 50+ PA++++ 50g,156000.0,199000.0,43000.0,4.6,1422,,https://tiki.vntinh-chat-chong-nang-nang-tong-skin-aqua-tone-up-lavender-cho-da-toi-mau-da-vang-sunplay-skin-aqua-tone-up-uv-essence-lavender-spf-50-pa-50g-p8959289.html?spid=10863050,tinh chất chống nắng nâng
6880649,Kem Dưỡng Ban Đêm OLAY Total Effects 50g,259000.0,329000.0,70000.0,4.7,11,,https://tiki.vnkem-duong-ban-dem-olay-total-effects-50g-p6880649.html?spid=37799185,kem dưỡng ban đêm olay
4572117,Nước Tẩy Trang mọi loại da Byphasse Solution Micerallaire Face 500ml,118000.0,118000.0,0.0,4.1,7,,https://tiki.vnnuoc-tay-trang-byphasse-solution-micellaire-face-500ml-p4572117.html?spid=4572121,nước tẩy trang loại da
2579677,Nước tẩy trang dành cho da nhạy cảm BIODERMA Sensibio H2O 500ml,525000.0,525000.0,0.0,5.0,1,,https://tiki.vnnuoc-tay-trang-danh-cho-da-nhay-cam-bioderma-sensibio-h2o-500ml-p2579677.html?spid=19447993,nước tẩy trang dành da
1313877,"Kem chống nắng Sunplay cho bé từ 6 tháng tuổi và da nhạy cảm, dạng sữa Sunplay Baby Mild SPF 35, PA++ 30g",79000.0,102000.0,23000.0,4.8,148,,https://tiki.vnkem-chong-nang-sunplay-cho-be-tu-6-thang-tuoi-va-da-nhay-cam-dang-sua-sunplay-baby-mild-spf-35-pa-30g-p1313877.html?spid=10861847,kem chống nắng sunplay
1313873,"Kem chống nắng Sunplay mát lạnh giải nhiệt dạng sữa Sunplay Super Cool SPF 50, PA++++ 30g",79000.0,102000.0,23000.0,4.8,218,,https://tiki.vnkem-chong-nang-sunplay-mat-lanh-giai-nhiet-dang-sua-sunplay-super-cool-spf-50-pa-30g-p1313873.html?spid=10862182,kem chống nắng sunplay
877460,Combo 5 Miếng Dán hỗ trợ điều trị Mụn Mayancare 20 Miếng (0.8cm),134000.0,175000.0,41000.0,4.7,148,,https://tiki.vncombo-5-mieng-dan-ho-tro-dieu-tri-mun-mayancare-20-mieng-0-8cm-p877460.html?spid=878778,combo miếng dán hỗ trợ
877362,Combo 3 Bông Tẩy Trang Jomi (80 Miếng / Túi),70000.0,90000.0,20000.0,4.6,188,,https://tiki.vncombo-3-bong-tay-trang-jomi-80-mieng-tui-p877362.html?spid=878678,combo tẩy trang
630811,"Kem chống nắng Skin Aqua dưỡng trắng & dưỡng ẩm, dùng hàng ngày dạng gel Sunplay Skin Aqua Silky White Gel Eco Việt Nam SPF 50, PA++++ 70g",159000.0,206000.0,47000.0,4.8,210,,https://tiki.vnkem-chong-nang-skin-aqua-duong-trang-duong-am-dung-hang-ngay-dang-gel-sunplay-skin-aqua-silky-white-gel-eco-viet-nam-spf-50-pa-70g-p630811.html?spid=10862266,kem chống nắng skin
630793,"Kem chống nắng Skin Aqua trang điểm tạo nền trắng mịn & đều màu dạng sữa Sunplay Skin Clear White CC Milk SPF 50, PA++++ 25g",119000.0,150000.0,31000.0,4.7,221,,https://tiki.vnkem-chong-nang-skin-aqua-trang-diem-tao-nen-trang-min-deu-mau-dang-sua-sunplay-skin-clear-white-cc-milk-spf-50-pa-25g-p630793.html?spid=10862171,kem chống nắng skin
411324,Nước Xịt Khoáng Dưỡng Da Vichy 100843334 (300ml),364000.0,364000.0,0.0,0.0,0,,https://tiki.vnnuoc-xit-khoang-duong-da-vichy-100843334-300ml-p411324.html?spid=31285810,nước xịt khoáng dưỡng da
278610970,"Gel Rửa Mặt Nam Sạch Nhờn, Sáng Da Expert Skincare Premium",299000.0,490000.0,191000.0,0.0,0,,https://tiki.vngel-rua-mat-nam-expert-skincare-facial-cleanser-premium-p278610970.html?spid=278610971,gel rửa mặt nam
277444109,"Bông Tẩy Trang La Mer Cotton Organic, 120 - 201 Miếng Mềm Mịn, An Toàn Cho Da - HÀNG CHÍNH HÃNG MINIIN",39000.0,39000.0,0.0,5.0,1,,https://tiki.vnbong-tay-trang-la-mer-cotton-organic-120-201-mieng-mem-min-an-toan-cho-da-hang-chinh-hang-miniin-p277444109.html?spid=277444113,bông tẩy trang la mer
277444032,"Bông Tẩy Trang Miniso Nhật Bản 100% Cotton, 180 Miếng, Sạch Sâu, An Toàn Cho Da - HÀNG CHÍNH HÃNG MINIIN",19000.0,19000.0,0.0,5.0,2,,https://tiki.vnbong-tay-trang-miniso-nhat-ban-100-cotton-180-mieng-sach-sau-an-toan-cho-da-hang-chinh-hang-miniin-p277444032.html?spid=277444034,bông tẩy trang miniso nhật bản
277381832,Serum Sáng Đa Tầng Pond'S Bright Miracle Mờ Thâm Sạm Với 50X Niasorcinol 30gr,184000.0,190000.0,6000.0,5.0,1,,https://tiki.vnserum-sang-da-tang-pond-s-bright-miracle-mo-tham-sam-voi-50x-niasorcinol-30gr-p277381832.html?spid=277381833,serum sáng tầng pond
276284394,Nước tẩy trang Evoluderm Micellar Cleansing Water 250ml,89000.0,195000.0,106000.0,5.0,1,,https://tiki.vnnuoc-tay-trang-evoluderm-micellar-cleansing-water-250ml-p276284394.html?spid=276284531,nước tẩy trang evoluderm micellar
276243438,Kem Dưỡng Giảm Thâm Nám Chuyên Biệt Angel's Liquid Tranexamic Mela Zero Cream 50ml,570000.0,1159000.0,589000.0,4.8,5,,https://tiki.vnkem-duong-giam-tham-nam-chuyen-biet-angel-s-liquid-tranexamic-mela-zero-cream-50ml-p276243438.html?spid=276243439,kem dưỡng giảm thâm nám
276080120,Combo 6 Hộp Silcot Bông Trang Điểm (bông tẩy trang) Nhật Bản Cao Cấp (66 Miếng/Hộp) ,225000.0,295000.0,70000.0,0.0,0,,https://tiki.vncombo-6-hop-silcot-bong-trang-diem-bong-tay-trang-nhat-ban-cao-cap-66-mieng-hop-p276080120.html?spid=276080121,combo hộp silcot bông
275970381,Xịt khoáng nghệ Hưng Yên Cocoon 130ml,182750.0,215000.0,32250.0,5.0,4,,https://tiki.vnxit-khoang-nghe-hung-yen-130ml-p275970381.html?spid=275970382,xịt khoáng nghệ hưng yên
275970372,Thạch Nghệ Hưng Yên Cocoon 100ml,327250.0,385000.0,57750.0,5.0,3,,https://tiki.vnthach-nghe-hung-yen-100ml-p275970372.html?spid=275970373,thạch nghệ hưng yên
275969862,Tinh chất nghệ Hưng Yên (serum) C10 Cocoon giúp sáng da và mờ vết thâm 30ml,276250.0,325000.0,48750.0,5.0,1,,https://tiki.vntinh-chat-nghe-hung-yen-30ml-p275969862.html?spid=275969863,tinh chất nghệ hưng yên c
275969613,Mặt nạ nghệ Hưng Yên  Cocoon 100ml,344000.0,345000.0,1000.0,5.0,4,,https://tiki.vnmat-na-nghe-hung-yen-100ml-p275969613.html?spid=275969614,mặt nạ nghệ hưng yên
275875964,Sữa Rửa Mặt CERAVE Foaming Cleanser 236ml,350000.0,350000.0,0.0,0.0,0,,https://tiki.vnsua-rua-mat-cerave-foaming-cleanser-236ml-p275875964.html?spid=275875965,sữa rửa mặt cerave
275800254,Sữa rửa mặt rau má tạo bọt Oribe Cica Formula làm sạch sâu dưỡng ẩm cho da mụn da dầu nhạy cảm 120ml,102000.0,150000.0,48000.0,0.0,0,,https://tiki.vnsua-rua-mat-rau-ma-tao-bot-oribe-lam-sach-sau-duong-am-cho-da-mun-da-dau-nhay-cam-120ml-p275800254.html?spid=275800255,sữa rửa mặt rau má
275798216,Nước dưỡng da chiết xuất hạt ý dĩ s select 500ml/chai,136000.0,179000.0,43000.0,0.0,0,,https://tiki.vnnuoc-duong-da-chiet-xuat-hat-y-di-s-select-500ml-chai-p275798216.html?spid=275798217,nước dưỡng da chiết xuất
275587669,"Set 3 lọ xịt mọc tóc Minoxidil Bailleul Pháp, 2%",750000.0,750000.0,0.0,0.0,0,,https://tiki.vnset-3-lo-xit-moc-toc-minoxidil-bailleul-phap-2-p275587669.html?spid=275587670,set lọ xịt mọc tóc
275085351,Dung dịch cải thiện lão hóa Hada Labo Pro-Aging Retinol B3 Lotion 170ml,228000.0,290000.0,62000.0,5.0,2,,https://tiki.vndung-dich-cai-thien-lao-hoa-hada-labo-pro-aging-retinol-b3-lotion-170ml-p275085351.html?spid=275085354,dung dịch cải thiện lão hóa
274852822,Kem dưỡng sáng da cho nam dạng gel Oxy Brightening Gel 50g,169000.0,219000.0,50000.0,5.0,3,,https://tiki.vnkem-duong-sang-da-cho-nam-dang-gel-oxy-brightening-gel-50ml-p274852822.html?spid=274852823,kem dưỡng sáng da
273186025,"Tinh chất vitamin C dưỡng trắng, mờ thâm cao cấp Melano CC Premium Whitening Essence 20ml",299000.0,380000.0,81000.0,5.0,11,,https://tiki.vntinh-chat-vitamin-c-duong-trang-mo-tham-cao-cap-melano-cc-premium-whitening-essence-20ml-p273186025.html?spid=273186027,tinh chất vitamin c dưỡng trắng
206842732,Nước Tẩy Trang L'Oreal Paris Cho Mọi Loại Da 3-in-1 Loreal Micellar Water Da Dầu Da Nhạy Cảm Da Khô,69000.0,69000.0,0.0,5.0,3,,https://tiki.vnnuoc-tay-trang-l-oreal-paris-cho-moi-loai-da-3-in-1-loreal-micellar-water-da-dau-da-nhay-cam-da-kho-p206842732.html?spid=206842748,nước tẩy trang l oreal
206687393,"Serum Compliment 2% BHA Salicylic Acid Hyaluronic Acid B5 5% Vitamin C 20% Làm Sạch Da, Giảm Mụn Trắng Da Căng Bóng 27ml",75000.0,75000.0,0.0,5.0,7,,https://tiki.vnserum-compliment-2-bha-salicylic-acid-hyaluronic-acid-b5-5-vitamin-c-20-lam-sach-da-giam-mun-trang-da-cang-bong-27ml-p206687393.html?spid=206687395,serum compliment bha salicylic
196332865,Sữa rửa mặt dịu lành cho da nhạy cảm Cetaphil Gentle Skin Cleanser 1000ml ,688000.0,688000.0,0.0,5.0,11,,https://tiki.vnsua-rua-mat-diu-lanh-cho-da-nhay-cam-cetaphil-gentle-skin-cleanser-1000ml-p196332865.html?spid=196332866,sữa rửa mặt dịu lành
187196202,Serum chống nắng dưỡng da nâng tông Anessa Day Serum SPF50+ PA++++ 30ml,715000.0,850000.0,135000.0,5.0,2,,https://tiki.vnserum-chong-nang-duong-da-nang-tong-anessa-day-serum-spf50-pa-30ml-p187196202.html?spid=272282426,serum chống nắng dưỡng da
179717787,Toner giảm mụn dịu da Acnes Blemish Control Toner 100ml,72000.0,85000.0,13000.0,4.8,23,,https://tiki.vntoner-giam-mun-diu-da-acnes-blemish-control-toner-100ml-p179717787.html?spid=179717788,toner giảm mụn dịu
159264926,"Kem mờ sẹo, liền sẹo chuyên sâu Scarz Intensive Gel 9g ( dạng gel)",119000.0,150000.0,31000.0,4.8,49,,https://tiki.vnkem-mo-seo-lien-seo-chuyen-sau-scarz-intensive-gel-9g-dang-gel-p159264926.html?spid=159264927,kem mờ sẹo sẹo
109267729,Tẩy Trang Mắt Môi Chuyên Dụng Maybelline New York Eye & Lip Makeup Remover 40ml - 150ml,154000.0,154000.0,0.0,5.0,8,,https://tiki.vntay-trang-mat-moi-chuyen-dung-maybelline-new-york-eye-lip-makeup-remover-150ml-p109267729.html?spid=109267730,tẩy trang mắt môi chuyên dụng
85653803,Combo 10 Mặt Nạ BNBG Dưỡng Trắng Da Vita Genic Whitening Jelly Mask 30ml x10,161100.0,291000.0,129900.0,5.0,3,,https://tiki.vncombo-10-mat-na-bnbg-duong-trang-da-vita-genic-whitening-jelly-mask-30ml-x10-p85653803.html?spid=276163577,combo mặt nạ bnbg dưỡng trắng
82664249,"Bộ sản phẩm hỗ trợ giảm nám, hắc tố và dưỡng da trắng hồng hiệu quả, an toàn It's well Plus",475000.0,475000.0,0.0,5.0,2,,https://tiki.vnbo-san-pham-ho-tro-giam-nam-hac-to-va-duong-da-trang-hong-hieu-qua-an-toan-it-s-well-plus-p82664249.html?spid=82664250,sản phẩm hỗ trợ giảm nám
72215923,Bộ Sữa rửa mặt dưỡng ẩm OHUI Miracle Moisture Cleansing Foam set,539000.0,750000.0,211000.0,0.0,0,,https://tiki.vnbo-sua-rua-mat-duong-am-ohui-miracle-moisture-cleansing-foam-set-p72215923.html?spid=72215924,sữa rửa mặt dưỡng ẩm ohui miracle
72079092,SERUM D PROGRAM DƯỠNG DA BẢO VỆ CHUYÊN SÂU 40ML,517000.0,690000.0,173000.0,4.7,3,,https://tiki.vnserum-d-program-duong-da-bao-ve-chuyen-sau-40ml-p72079092.html?spid=75540563,serum d program dưỡng da
48291658,Kem chống nắng body Skin Aqua mát lạnh dùng hàng ngày Sunplay Skin Aqua UV Body Cooling Lotion SPF 50+ PA++++ 150g,169000.0,219000.0,50000.0,4.7,207,,https://tiki.vnkem-chong-nang-body-skin-aqua-mat-lanh-dung-hang-ngay-sunplay-skin-aqua-uv-body-cooling-lotion-spf-50-pa-150g-p48291658.html?spid=48291659,kem chống nắng body
42605884,Hộp 1000 miếng bông tẩy trang Miniso,38000.0,38000.0,0.0,4.5,25,,https://tiki.vnhop-1000-mieng-bong-tay-trang-miniso-p42605884.html?spid=64222058,hộp bông tẩy trang
28271064,Serum trắng da - Serum vàng 24k Luxury Gold chống lão hóa 3W Clinic Hàn Quốc 150ml,155000.0,155000.0,0.0,4.5,31,,https://tiki.vntinh-chat-vang-24k-duong-trang-da-chong-lao-hoa-3w-clinic-han-quoc-150ml-p28271064.html?spid=52877688,serum trắng da serum vàng
877410,Combo 10 Mặt Nạ Dermal Tinh Chất Collagen Với Chiết Xuất Trà Xanh,115000.0,145000.0,30000.0,5.0,22,,https://tiki.vncombo-10-mat-na-dermal-tinh-chat-collagen-voi-chiet-xuat-tra-xanh-p877410.html?spid=878716,combo mặt nạ dermal tinh chất
877310,Combo 5 Miếng Dán hỗ trợ điều trị Mụn Mayancare 12 Miếng (1.0cm),134000.0,175000.0,41000.0,4.1,15,,https://tiki.vncombo-5-mieng-dan-ho-tro-dieu-tri-mun-mayancare-12-mieng-1-0cm-p877310.html?spid=878642,combo miếng dán hỗ trợ
638896,Nước Tẩy Trang Làm Sạch Sâu Cho Da Nhạy Cảm La Roche-Posay Micellar Water Ultra Sensitive Skin 200ml,300000.0,300000.0,0.0,0.0,0,,https://tiki.vnnuoc-tay-trang-lam-sach-sau-cho-da-nhay-cam-la-roche-posay-micellar-water-ultra-sensitive-skin-200ml-p638896.html?spid=31493496,nước tẩy trang làm sạch
638369,Kem Chống Nắng Không Màu Kiểm Soát Dầu La Roche-Posay Anthelios XL Dry Touch Gel-Cream SPF 50+ UVB & UVA (50ml),335000.0,335000.0,0.0,4.5,26,,https://tiki.vnkem-chong-nang-khong-mau-kiem-soat-dau-la-roche-posay-anthelios-xl-dry-touch-gel-cream-spf-50-uvb-uva-50ml-p638369.html?spid=64270970,kem chống nắng màu
630778,"Kem chống nắng Skin Aqua dưỡng trắng, kiểm dầu, dùng hàng ngày dạng sữa Sunplay Skin Aqua Clear White Eco Việt Nam SPF50, PA++++ 55g",179000.0,227000.0,48000.0,4.8,503,,https://tiki.vnkem-chong-nang-skin-aqua-duong-trang-kiem-dau-dung-hang-ngay-dang-sua-sunplay-skin-aqua-clear-white-eco-viet-nam-spf50-pa-55g-p630778.html?spid=10862294,kem chống nắng skin
426104,Combo 3 Phim Thấm Dầu Jomi Mayan (70 Tờ) - Xanh,152000.0,198000.0,46000.0,0.0,0,,https://tiki.vncombo-3-phim-tham-dau-jomi-mayan-70-to-xanh-p426104.html?spid=130332,combo phim thấm dầu
278844089,Kem dưỡng trẻ hóa da Olay Regenerist Super Collagen Peptide (45g) - Hàng chính hãng,499000.0,599000.0,100000.0,0.0,0,,https://tiki.vnkem-duong-tre-hoa-da-olay-regenerist-super-collagen-peptide-45g-hang-chinh-hang-p278844089.html?spid=278851881,kem dưỡng trẻ hóa
277375219,Sữa rửa mặt Hada Labo dưỡng ẩm cao cấp Premium Cleanser Hydrating 100g,99000.0,125000.0,26000.0,5.0,3,,https://tiki.vnsua-rua-mat-hada-labo-duong-am-cao-cap-premium-cleanser-hydrating-100g-p277375219.html?spid=277375220,sữa rửa mặt hada
276658730,Kem dưỡng chống lão hóa Bielenda Neuro Retinol - Kem Bielenda Retinol,240000.0,240000.0,0.0,0.0,0,,https://tiki.vnkem-duong-chong-lao-hoa-bielenda-neuro-retinol-kem-bielenda-retinol-p276658730.html?spid=276658731,kem dưỡng chống lão
276545425,Kem Giảm Mụn Bioderma Sebium 30ml,450000.0,450000.0,0.0,0.0,0,,https://tiki.vnkem-giam-mun-bioderma-sebium-30ml-p276545425.html?spid=276550656,kem giảm mụn bioderma
276380779,Combo 10 Mặt Nạ Tăng Sinh Collagen Cấp Tốc Dr.WonJin Instant Repair Triple Peptide Wrinkle Solution Mask 30g x10,240000.0,400000.0,160000.0,5.0,1,,https://tiki.vncombo-10-mat-na-tang-sinh-collagen-cap-toc-dr-wonjin-instant-repair-triple-peptide-wrinkle-solution-mask-30g-x10-p276380779.html?spid=276380780,combo mặt nạ tăng sinh collagen
276380632,Combo 10 Mặt Nạ Truyền HA Cấp Ẩm Chuyên Sâu WonJin Effect Hydro Rise Hyaluronic Mask,230000.0,400000.0,170000.0,0.0,0,,https://tiki.vncombo-10-mat-na-truyen-ha-cap-am-chuyen-sau-wonjin-effect-hydro-rise-hyaluronic-mask-p276380632.html?spid=276380633,combo mặt nạ
276380443,Combo 10 Mặt Nạ Dưỡng Trắng WonJin Effect Water Toning Mask 30g,250000.0,400000.0,150000.0,5.0,2,,https://tiki.vncombo-10-mat-na-duong-trang-wonjin-effect-water-toning-mask-30g-p276380443.html?spid=276380444,combo mặt nạ dưỡng trắng wonjin
276380327,Combo 10 Mặt Nạ Cấp Ẩm Cấp Tốc Dr.WonJin Instant Repair Hyal Moisture Solution Mask 30g,240000.0,400000.0,160000.0,5.0,2,,https://tiki.vncombo-10-mat-na-cap-am-cap-toc-dr-wonjin-instant-repair-hyal-moisture-solution-mask-30g-p276380327.html?spid=276380328,combo mặt nạ cấp ẩm
276284205,"Nước hoa hồng Evoluderm se khít lỗ chân lông, dưỡng ẩm & làm sạch 250ml",98000.0,195000.0,97000.0,5.0,3,,https://tiki.vnnuoc-hoa-hong-evoluderm-se-khit-lo-chan-long-duong-am-lam-sach-250ml-p276284205.html?spid=276284332,nước hoa hồng evoluderm se
276032345,"Serum C15 dưỡng sáng mờ thâm, ngăn ngừa lõa hóa Acnes Lab C15 Serum 15ml",326000.0,415000.0,89000.0,3.8,4,,https://tiki.vnserum-c15-duong-sang-mo-tham-ngan-ngua-loa-hoa-acnes-lab-c15-serum-15ml-p276032345.html?spid=276032348,serum c dưỡng sáng mờ
276022715,"Sữa rửa mặt cho nam Oxy sạch dịu nhẹ, giảm khô căng dạng gel Oxy Hydrating Wash 100g",75000.0,95000.0,20000.0,4.3,8,,https://tiki.vnsua-rua-mat-cho-nam-oxy-sach-diu-nhe-giam-kho-cang-dang-gel-oxy-hydrating-wash-100g-p276022715.html?spid=276022718,sữa rửa mặt nam
275970349,Thạch hoa hồng dưỡng ẩm Cocoon 30ml,165750.0,195000.0,29250.0,5.0,1,,https://tiki.vnthach-hoa-hong-duong-am-30ml-p275970349.html?spid=275970350,thạch hoa hồng dưỡng
275970275,Thạch bí đao dưỡng ẩm Cocoon 100ml,327250.0,400000.0,72750.0,5.0,2,,https://tiki.vnthach-bi-dao-duong-am-100ml-p275970275.html?spid=275970276,thạch bí đao dưỡng
275969886,Tinh chất nghệ Hưng Yên C22 với 22% vitamin C sáng da chuyên sâu & mờ vết thâm Cocoon 30ml,395250.0,465000.0,69750.0,0.0,0,,https://tiki.vntinh-chat-nghe-hung-yen-c22-30ml-p275969886.html?spid=275969887,tinh chất nghệ hưng yên c vitamin
275969319,Nước nghệ Hưng Yên Cocoon 310ml,250750.0,295000.0,44250.0,5.0,1,,https://tiki.vnnuoc-nghe-hung-yen-310ml-p275969319.html?spid=275969320,nước nghệ hưng yên
275968083,Sữa rửa mặt dạng gel rửa mặt cà phê Đắk Lắk Cocoon 140ml,159900.0,195000.0,35100.0,5.0,1,,https://tiki.vngel-rua-mat-ca-phe-dak-lak-140ml-p275968083.html?spid=275968084,sữa rửa mặt dạng
275724234,Nước Sữa Tẩy Trang 2 lớp Senka A.L.L. Clear Milky Water 230ml,89000.0,119000.0,30000.0,5.0,1,,https://tiki.vnnuoc-sua-tay-trang-2-lop-senka-a-l-l-clear-milky-water-230ml-p275724234.html?spid=275724235,nước sữa tẩy trang lớp
274600993,"Kem dưỡng ẩm cho da mụn, nhạy cảm Hada Labo dạng gel Acne Care Calming Gel Cream 50g",209000.0,270000.0,61000.0,4.5,8,,https://tiki.vnkem-duong-am-cho-da-mun-nhay-cam-hada-labo-dang-gel-acne-care-calming-gel-cream-50g-p274600993.html?spid=274600995,kem dưỡng ẩm da
274466232,Gel Rửa Mặt Cho Da Mụn Eucerin 3X Treatment Gel To Foam Cleanser 75ml,233100.0,259000.0,25900.0,5.0,1,,https://tiki.vngel-rua-mat-cho-da-mun-eucerin-3x-treatment-gel-to-foam-cleanser-75ml-p274466232.html?spid=275257067,gel rửa mặt da
274173864,Tinh Chất Serum Dưỡng Trắng Da Phục Hồi Pretty Skin Hàn Quốc The Pure Jeju Tangerine Vita C Cấp ẩm chuyên sâu,295000.0,295000.0,0.0,0.0,0,,https://tiki.vntinh-chat-serum-duong-trang-da-phuc-hoi-pretty-skin-han-quoc-the-pure-jeju-tangerine-vita-c-cap-am-chuyen-sau-p274173864.html?spid=274173865,tinh chất serum dưỡng trắng da
273549879,"Kem Dưỡng Làm Dịu Mát, Phục Hồi Da La Roche-Posay Cicaplast Baume B5 (40ml) - M3232900",28000.0,28000.0,0.0,5.0,1,,https://tiki.vnkem-duong-lam-diu-mat-phuc-hoi-da-la-roche-posay-cicaplast-baume-b5-40ml-m3232900-p273549879.html?spid=273549884,kem dưỡng làm dịu
273302277,"Tinh Chất La Roche-Posay Phục Hồi Độ Ẩm, Săn Chắc Da 50ml Hyalu B5",195000.0,195000.0,0.0,5.0,1,,https://tiki.vntinh-chat-la-roche-posay-phuc-hoi-do-am-san-chac-da-50ml-hyalu-b5-p273302277.html?spid=273302279,tinh chất la roche posay phục hồi
273302126,Tinh chất giảm mụn giảm thâm và tái tạo da  3 tác động La Roche-Posay Effaclar Serum 30ml,350000.0,350000.0,0.0,3.7,3,,https://tiki.vntinh-chat-giam-mun-giam-tham-va-tai-tao-da-3-tac-dong-la-roche-posay-effaclar-serum-30ml-p273302126.html?spid=273302107,tinh chất giảm mụn giảm
207753066,Nước tẩy trang cho da mụn Acnes Micellar Water 200ml,82000.0,105000.0,23000.0,4.8,22,,https://tiki.vnnuoc-tay-trang-cho-da-mun-acnes-micellar-water-200ml-p207753066.html?spid=207753067,nước tẩy trang da mụn
192566005,Kem Dưỡng Hỗ Trợ Giảm Thâm Nám Angel's Liquid Glutathione + Niacinamide 7Day Whitening Program 700 V-Cream,369000.0,729000.0,360000.0,5.0,2,,https://tiki.vnkem-duong-ho-tro-giam-tham-nam-angel-s-liquid-glutathione-niacinamide-7day-whitening-program-700-v-cream-p192566005.html?spid=276242707,kem dưỡng hỗ trợ giảm
174045178,"Kem chống nắng nâng tông Skin Aqua Tone up Latte Beige cho mọi tông da, dạng tinh chất Sunplay Skin Aqua Tone Up UV Essence Latte Beige SPF 50+ PA++++ 50g",156000.0,199000.0,43000.0,4.5,105,,https://tiki.vnkem-chong-nang-nang-tong-skin-aqua-tone-up-latte-beige-cho-moi-tong-da-dang-tinh-chat-sunplay-skin-aqua-tone-up-uv-essence-latte-beige-spf-50-pa-50g-p174045178.html?spid=174045179,kem chống nắng nâng
172948717,Sữa Rửa Mặt Ngừa Mụn Và Làm Sáng Da 31302 Reihaku Hatomugi Facial Foam(Tuýp 130 G),130000.0,130000.0,0.0,4.6,5,,https://tiki.vnsua-rua-mat-reihaku-hatomugi-facial-foam-ngua-mun-va-lam-sang-da-tuyp-130g-p172948717.html?spid=172948718,sữa rửa mặt ngừa
120533397,Kem Dưỡng Mềm Da Nivea Soft Crème (200 Ml) - 89050,201000.0,226000.0,25000.0,0.0,0,,https://tiki.vnkem-duong-mem-da-nivea-200ml-89050-p120533397.html?spid=273568517,kem dưỡng mềm da nivea soft
75816683,"BIOGENIC RETINOL 0.5% FOR BEGINNER TRAVEL SIZE – KEM DƯỠNG DA, NGỪA LÃO HÓA, GIẢM MỤN",500000.0,500000.0,0.0,5.0,11,,https://tiki.vnbiogenic-retinol-0-5-for-beginner-travel-size-kem-duong-da-ngua-lao-hoa-giam-mun-p75816683.html?spid=75816684,biogenic retinol for beginner
67421152,Gel sữa chống nắng Senka Perfect UV Gel 80ml,189000.0,249000.0,60000.0,4.0,4,,https://tiki.vngel-sua-chong-nang-senka-perfect-uv-gel-80ml-p67421152.html?spid=272310539,gel sữa chống nắng
56031566,(Package mới) Dưỡng ẩm da dầu Neutrogena Hydro Boost Water Gel - 50ml,299999.0,450000.0,150001.0,4.3,20,,https://tiki.vnpackage-moi-duong-am-da-dau-neutrogena-hydro-boost-water-gel-50ml-p56031566.html?spid=100042381,dưỡng ẩm da dầu neutrogena
38219800,Nước Hoa Hồng Klairs Supple Preparation Facial Toner 180ml - Tím - không hương,259000.0,259000.0,0.0,4.5,2,,https://tiki.vnnuoc-hoa-hong-klairs-supple-preparation-facial-toner-180ml-p38219800.html?spid=50082665,nước hoa hồng klairs supple
15823487,Dung dịch dưỡng ẩm tối ưu Hada Labo Advanced Nourish Lotion dùng cho da thường và da khô 100ml,115000.0,146000.0,31000.0,4.8,227,,https://tiki.vndung-dich-duong-am-toi-uu-hada-labo-advanced-nourish-lotion-dung-cho-da-thuong-va-da-kho-100ml-p15823487.html?spid=15823488,dung dịch dưỡng ẩm tối ưu hada labo
14448351,Bông Tẩy trang Miniso 0200006421 (180 miếng),29000.0,29000.0,0.0,5.0,2,,https://tiki.vnbong-tay-trang-miniso-0200006421-180-mieng-p14448351.html?spid=63047307,tẩy trang
11577948,Kem dưỡng ẩm Nhật Bản cao cấp chiết xuất lô hội Naris Alodew Mild Cream (97g) – Hàng chính hãng,419000.0,419000.0,0.0,5.0,3,,https://tiki.vnkem-duong-am-nhat-ban-cao-cap-chiet-xuat-lo-hoi-naris-alodew-mild-cream-97g-hang-chinh-hang-p11577948.html?spid=34380323,kem dưỡng ẩm nhật bản cao cấp
2576995,"Nước tẩy trang dành cho da dầu, da mụn BIODERMA Sébium H2O 500ml",499000.0,499000.0,0.0,4.6,119,,https://tiki.vnnuoc-tay-trang-danh-cho-da-dau-da-mun-bioderma-sebium-h2o-500ml-p2576995.html?spid=6643797,nước tẩy trang dành da
1313887,"Kem chống nắng Skin Aqua dưỡng ẩm, dạng sữa dùng hàng ngày Sunplay Skin UV Moisture SPF 50, PA++++ 30g",89000.0,113000.0,24000.0,4.8,309,,https://tiki.vnkem-chong-nang-skin-aqua-duong-am-dang-sua-dung-hang-ngay-sunplay-skin-uv-moisture-spf-50-pa-30g-p1313887.html?spid=10862035,kem chống nắng skin
801356,Dưỡng Chất Khoáng Cô Đặc Phục Hồi Và Bảo Vệ Da Vichy Mineral 89 - 100871693 (50ml),599000.0,599000.0,0.0,0.0,0,,https://tiki.vnduong-chat-khoang-co-dac-phuc-hoi-va-bao-ve-da-vichy-mineral-89-100871693-50ml-p801356.html?spid=179237416,dưỡng chất khoáng đặc phục hồi
470430,"Kem Dưỡng Giảm Mụn, Ngừa Thâm, Thông Thoáng Lỗ Chân Lông La Roche-Posay Effaclar Duo+ 40ml",380000.0,380000.0,0.0,4.7,3,,https://tiki.vnkem-duong-giam-mun-ngua-tham-thong-thoang-lo-chan-long-la-roche-posay-effaclar-duo-40ml-p470430.html?spid=31493535,kem dưỡng giảm mụn
278345245,Kem Chống Nắng SPF50 PA+++ có kết hợp dưỡng ẩm ban ngày cho da dầu DERMEDEN chống lão hóa mờ đốm nâu 4 trong 1 50ml,2145000.0,2145000.0,0.0,0.0,0,,https://tiki.vnkem-chong-nang-spf50-pa-co-ket-hop-duong-am-ban-ngay-cho-da-dau-dermeden-chong-lao-hoa-mo-dom-nau-4-trong-1-50ml-p278345245.html?spid=278345246,kem chống nắng spf pa
278237993,"Hộp mặt nạ tinh chất làm dịu và cải thiện da mụn, nhạy cảm cao cấp Hada Labo Premium Pore Care Serum Mask (115g/5 miếng)",178000.0,220000.0,42000.0,0.0,0,,https://tiki.vnhop-mat-na-tinh-chat-lam-diu-va-cai-thien-da-mun-nhay-cam-cao-cap-hada-labo-premium-pore-care-serum-mask-115g-5-mieng-p278237993.html?spid=278237994,hộp mặt nạ tinh chất làm
277739870,Kem dưỡng trắng da ban đêm Olay Luminous Light Perfecting Night Cream (50g) - Hàng chính hãng,219000.0,269000.0,50000.0,0.0,0,,https://tiki.vnkem-duong-trang-da-ban-dem-olay-luminous-light-perfecting-night-cream-50g-hang-chinh-hang-p277739870.html?spid=277739872,kem dưỡng trắng da
276435099,Kem chống nắng cấp ẩm nâng tone Beyond Angel Aqua Tone-up Sun cream,364000.0,500000.0,136000.0,0.0,0,,https://tiki.vnkem-chong-nang-cap-am-nang-tone-beyond-angel-aqua-tone-up-sun-cream-p276435099.html?spid=276435101,kem chống nắng cấp
276430719,Kem chống nắng nâng tông da CNP Laboratory Tone-Up Protection Sun SPF42/PA+++ 50ml,509000.0,690000.0,181000.0,3.5,2,,https://tiki.vnkem-chong-nang-nang-tong-da-cnp-laboratory-tone-up-protection-sun-spf42-pa-50ml-p276430719.html?spid=276430720,kem chống nắng nâng
276430416, Tinh chất thu nhỏ lỗ chân lông AHA giúp làn da mịn màng CNP Derma Answer Anti-Pore Peel AHA Ampule,307500.0,410000.0,102500.0,0.0,0,,https://tiki.vntinh-chat-thu-nho-lo-chan-long-aha-giup-lan-da-min-mang-cnp-derma-answer-anti-pore-peel-aha-ampule-p276430416.html?spid=276430418,tinh chất thu nhỏ lỗ
276404938,Sữa Rửa Mặt Simple Refreshing Facial Wash Dành Cho Mọi Loại Da 150ml,75000.0,75000.0,0.0,5.0,2,,https://tiki.vnsua-rua-mat-simple-refreshing-facial-wash-danh-cho-moi-loai-da-150ml-p276404938.html?spid=273926155,sữa rửa mặt simple
276284204,Nước hoa hồng dưỡng ẩm và làm sạch cho da nhạy cảm Evoluderm Lotion Tonique 500ml,155000.0,325000.0,170000.0,4.8,4,,https://tiki.vnnuoc-hoa-hong-duong-am-va-lam-sach-cho-da-nhay-cam-evoluderm-lotion-tonique-500ml-p276284204.html?spid=276284206,nước hoa hồng dưỡng ẩm làm
275972130,"Serum và Kem dưỡng Compliment Axit Azelaic cho da dầu nhờn, xỉn màu 27ml",125000.0,125000.0,0.0,0.0,0,,https://tiki.vnserum-va-kem-duong-compliment-axit-azelaic-cho-da-dau-nhon-xin-mau-27ml-p275972130.html?spid=275972132,serum kem dưỡng compliment axit
275970288,Thạch bí đao dưỡng ẩm Cocoon 30ml,194000.0,195000.0,1000.0,5.0,2,,https://tiki.vnthach-bi-dao-duong-am-30ml-p275970288.html?spid=275970289,thạch bí đao dưỡng
275969204,Nước bí đao cân bằng da (toner) Cocoon 140ml,165750.0,195000.0,29250.0,4.7,3,,https://tiki.vnnuoc-bi-dao-can-bang-da-140ml-p275969204.html?spid=275969205,nước bí đao cân bằng da
275967423,Nước tẩy trang bí đao Cocoon 140ml,123250.0,145000.0,21750.0,5.0,1,,https://tiki.vnnuoc-tay-trang-bi-dao-140ml-p275967423.html?spid=275967424,nước tẩy trang bí đao
275875971,Sữa Rửa Mặt CERAVE Foaming Cleanser 473ml,490000.0,490000.0,0.0,0.0,0,,https://tiki.vnsua-rua-mat-cerave-foaming-cleanser-473ml-p275875971.html?spid=275875972,sữa rửa mặt cerave
275501477,"[Mới] Kem Chống Nắng Kiềm Dầu SẮC NGỌC KHANG 50g - bảo vệ toàn diện, kiểm soát bóng dầu hiệu quả",255000.0,490000.0,235000.0,5.0,1,,https://tiki.vnmoi-kem-chong-nang-kiem-dau-sac-ngoc-khang-50g-bao-ve-toan-dien-kiem-soat-bong-dau-hieu-qua-p275501477.html?spid=275503932,kem chống nắng kiềm
274882973,Kem chống nắng dạng gel dưỡng sáng nâng tông & hiệu chỉnh sắc da Anessa Brightening UV Sunscreen Gel SPF50+ PA++++ 90g,85000.0,85000.0,0.0,5.0,3,,https://tiki.vnkem-chong-nang-dang-gel-duong-sang-nang-tong-hieu-chinh-sac-da-anessa-brightening-uv-sunscreen-gel-spf50-pa-90g-p274882973.html?spid=271440129,kem chống nắng dạng
274852820,Kem dưỡng ẩm cho nam dạng gel Oxy Hydrating Gel 50g,169000.0,219000.0,50000.0,5.0,3,,https://tiki.vnkem-duong-am-cho-nam-dang-gel-oxy-hydrating-gel-50ml-p274852820.html?spid=274852821,kem dưỡng ẩm nam dạng
274174019,"Kem dưỡng mắt giảm mờ thâm quầng mắt Retinol Pretty Skin, cải thiện nếp nhăn Prettyskin Wrinkle eraser roll on eye cream",225000.0,225000.0,0.0,0.0,0,,https://tiki.vnkem-duong-mat-giam-mo-tham-quang-mat-retinol-pretty-skin-cai-thien-nep-nhan-prettyskin-wrinkle-eraser-roll-on-eye-cream-p274174019.html?spid=274174020,kem dưỡng mắt giảm mờ
273554050,Bộ Kem Dưỡng Trắng Da Ohui Extreme White Cream,1590000.0,2090000.0,500000.0,5.0,1,,https://tiki.vnbo-kem-duong-trang-da-ohui-extreme-white-cream-p273554050.html?spid=273554051,kem dưỡng trắng da
247287159,Dung dịch dưỡng trắng da tối ưu Hada Labo Perfect White Tranexamic Acid Lotion 170ml,209000.0,269000.0,60000.0,4.8,17,,https://tiki.vndung-dich-duong-trang-da-toi-uu-hada-labo-perfect-white-tranexamic-acid-lotion-170ml-p247287159.html?spid=247287162,dung dịch dưỡng trắng da
206374538,Kem Mắt Kumargic Eye Hỗ Trợ Giảm Quầng Thâm & Bọng Mắt 20g,94000.0,94000.0,0.0,5.0,6,,https://tiki.vnkem-mat-kumargic-eye-ho-tro-giam-quang-tham-bong-mat-20g-p206374538.html?spid=206374539,kem mắt kumargic eye hỗ trợ
188048527,Kem Nâng Cơ Lão Hóa Trắng Da VK II 35g,350000.0,350000.0,0.0,0.0,0,,https://tiki.vnkem-nang-co-lao-hoa-trang-da-vk-ii-35g-p188048527.html?spid=188048528,kem nâng cơ lão hóa
187311456,Son Dưỡng Môi NIVEA Caring Color Có Màu (4.8 G),96000.0,109000.0,13000.0,0.0,0,,https://tiki.vnson-trang-diem-duong-moi-nivea-sassy-red-do-quyen-ru-4-8-g-88058-p187311456.html?spid=273568552,son dưỡng môi nivea caring
172923124,Dầu Tẩy Trang Dưỡng Sáng Da Reihaku Hatomugi Cleansing Oil (Chai 500 mL),358000.0,358000.0,0.0,4.0,1,,https://tiki.vndau-tay-trang-duong-am-va-lam-sang-da-reihaku-hatomugi-cleansing-oil-chai-500-ml-p172923124.html?spid=172923125,dầu tẩy trang dưỡng sáng
166177255,"Kem dưỡng  da Sắc Ngọc Khang 5 trong 1 ban ngày 30g giúp nuôi dưỡng làn da sáng khỏe, mờ thâm nám ngăn ngừa lão hóa",250000.0,500000.0,250000.0,4.8,35,,https://tiki.vnkem-duong-da-trang-da-ban-ngay-5-trong-1-sac-ngoc-khang-hop-30ml-p166177255.html?spid=166177355,kem dưỡng da sắc ngọc khang
155884825,Nước Thần Phủ Bóng Dưỡng Da Trắng Mịn Angel's Liquid Glutathione plus Niacinamide 700V Essence 150ml,390000.0,615000.0,225000.0,5.0,1,,https://tiki.vnnuoc-than-phu-bong-duong-da-trang-min-angel-s-liquid-glutathione-plus-niacinamide-700v-essence-150ml-p155884825.html?spid=276148842,nước thần phủ bóng dưỡng da
146728847,Nước Hoa Hồng chiết xuất tía tô Perrila Natural Skin Lotion Nhật Bản ( chai 500ml),95000.0,95000.0,0.0,5.0,2,,https://tiki.vnnuoc-hoa-hong-la-tia-to-natural-skin-lotion-nhat-ban-500ml-p146728847.html?spid=156824346,nước hoa hồng chiết xuất tía
138189050,Siêu Tinh Chất Tranexamic Acid Mờ Nám Chuyên Sâu Angel's Liquid Mela Ampoule 30ml,520000.0,999000.0,479000.0,5.0,1,,https://tiki.vnsieu-tinh-chat-tranexamic-acid-mo-nam-chuyen-sau-angel-s-liquid-mela-ampoule-30ml-p138189050.html?spid=276139318,tinh chất tranexamic acid mờ
114738690,Tinh chất vàng Phục Hồi Làn Da Ohui The First Geniture Ampoule 20ml,1500000.0,1500000.0,0.0,0.0,0,,https://tiki.vntinh-chat-vang-phuc-hoi-lan-da-ohui-the-first-geniture-ampoule-20ml-p114738690.html?spid=114738694,tinh chất vàng phục hồi da
91277530,Tinh Chất Hoa Hồng Chống Nhăn Se Khít Lỗ Chân Lông Dưỡng Ẩm Trắng Da Dewytree Miracle Firming Serum (30g),318750.0,375000.0,56250.0,5.0,21,,https://tiki.vntinh-chat-duong-trang-da-hoa-hong-cap-am-se-khit-lo-chan-long-va-chong-lao-hoa-dewytree-miracle-firming-serum-30g-p91277530.html?spid=91277531,tinh chất hoa hồng chống nhăn
89619080,Dầu tẩy trang sạch sâu giữ ẩm The history of Whoo Gongjinhyang Cleansing Oil 50ml,205000.0,205000.0,0.0,0.0,0,,https://tiki.vndau-tay-trang-sach-sau-giu-am-the-history-of-whoo-gongjinhyang-cleansing-oil-50ml-p89619080.html?spid=90208349,dầu tẩy trang sạch sâu
72890370,"Tế bào gốc DNA cá hồi mờ thâm, giảm nám Larian 8ml (Larian Whitening Ampoule)",600000.0,600000.0,0.0,5.0,4,,https://tiki.vnte-bao-goc-dna-ca-hoi-mo-tham-giam-nam-larian-larian-whitening-ampoule-p72890370.html?spid=72890371,tế bào gốc dna cá
70661243,Gel rửa mặt tạo bọt làm sạch & giảm nhờn cho da dầu nhạy cảm La Roche-Posay Effaclar Purifying Foaming Gel (400ml),390000.0,390000.0,0.0,5.0,8,,https://tiki.vngel-rua-mat-tao-bot-lam-sach-giam-nhon-cho-da-dau-nhay-cam-la-roche-posay-effaclar-purifying-foaming-gel-400ml-p70661243.html?spid=113639772,gel rửa mặt tạo
55339097,Bộ đôi Kem chống nắng dạng xịt dưỡng da bảo vệ hoàn hảo + Kem chống nắng dạng sữa dưỡng da kiềm dầu bảo vệ hoàn hảo (Anessa Gold Spray 60g + Gold Milk 20ml),569000.0,740000.0,171000.0,4.8,26,,https://tiki.vnbo-doi-kem-chong-nang-dang-xit-duong-da-bao-ve-hoan-hao-kem-chong-nang-dang-sua-duong-da-kiem-dau-bao-ve-hoan-hao-anessa-gold-spray-60g-gold-milk-20ml-p55339097.html?spid=59495552,bộ kem chống nắng
50884640,"Kem Dưỡng Reihaku Hatomugi Cải Thiện Làn Da khô, thâm, mụn 300g",130000.0,130000.0,0.0,5.0,7,,https://tiki.vnkem-duong-reihaku-hatomugi-cai-thien-lan-da-kho-tham-mun-300g-p50884640.html?spid=156219612,kem dưỡng reihaku hatomugi
42993648,Nước hoa hồng rau má Skin1004 Madagascar Centella Asiatica Toning Toner 210ml,295000.0,295000.0,0.0,5.0,5,,https://tiki.vnnuoc-hoa-hong-rau-ma-skin1004-madagascar-centella-asiatica-toning-toner-210ml-p42993648.html?spid=68608922,nước hoa hồng rau má skin
7797841,Kem dưỡng Some By Mi AHA- BHA-PHA 30 Days Miracle Cream,255000.0,255000.0,0.0,4.3,4,,https://tiki.vnkem-duong-some-by-mi-aha-bha-pha-30-days-miracle-cream-p7797841.html?spid=58798543,kem dưỡng some by
1313881,"Kem chống nắng Skin Aqua dưỡng trắng & dưỡng ẩm, dùng hàng ngày dạng gel Sunplay Skin Aqua Silky White Gel Eco Việt Nam SPF 50, PA++++ 30g",89000.0,113000.0,24000.0,4.7,174,,https://tiki.vnkem-chong-nang-skin-aqua-duong-trang-duong-am-dung-hang-ngay-dang-gel-sunplay-skin-aqua-silky-white-gel-eco-viet-nam-spf-50-pa-30g-p1313881.html?spid=10861944,kem chống nắng skin
470441,Kem Giảm Mụn Chuyên Biệt La Roche-Posay Effaclar Effaclar A.I. (15ml) - M9097200 - 100768025,436000.0,436000.0,0.0,2.3,3,,https://tiki.vnkem-giam-mun-chuyen-biet-la-roche-posay-effaclar-effaclar-a-i-15ml-m9097200-100768025-p470441.html?spid=31493518,kem giảm mụn chuyên biệt la
394686,Nước Xịt Khoáng Evoluderm 400ml - 7084  ,165000.0,165000.0,0.0,5.0,1,,https://tiki.vnnuoc-xit-khoang-evoluderm-400ml-7084-p394686.html?spid=57549376,nước xịt khoáng
279066578,"Serum xoá thâm, giảm mụn dành cho da mụn AGE BRIGHT CLEARING SERUM của Dermalogica",2600000.0,2600000.0,0.0,0.0,0,,https://tiki.vnserum-xoa-tham-giam-mun-danh-cho-da-mun-age-bright-clearing-serum-cua-dermalogica-p279066578.html?spid=279066581,serum xóa thâm giảm mụn
278675963,Dung dịch trẻ hóa da Emmié By Happyskin Luminclear Perfection Peel Solution (2ml) - Hàng chính hãng,89000.0,149000.0,60000.0,0.0,0,,https://tiki.vndung-dich-tre-hoa-da-emmie-by-happyskin-luminclear-perfection-peel-solution-2ml-hang-chinh-hang-p278675963.html?spid=278675965,dung dịch trẻ hóa da
278497764,Sữa rửa mặt tràm trà thuần chay Beyond Angel Teatreeol Cleansing Foam 200ml,259000.0,350000.0,91000.0,0.0,0,,https://tiki.vnsua-rua-mat-tram-tra-thuan-chay-beyond-angel-teatreeol-cleansing-foam-200ml-p278497764.html?spid=278497765,sữa rửa mặt tràm
278445451,Toner cấp ẩm phục hồi da Oribe Soft Touch sáng da se khít lỗ chân lông 150ml,141000.0,195000.0,54000.0,0.0,0,,https://tiki.vntoner-cap-am-phuc-hoi-da-oribe-soft-touch-sang-da-se-khit-lo-chan-long-150ml-p278445451.html?spid=278445452,toner cấp ẩm phục hồi da
278029812,Kem Chống Nắng Màu Kem Nền Mona Frema SUNPRE DD Xtreme Sunscreen Foundation 50ml,1128600.0,1128600.0,0.0,5.0,3,,https://tiki.vnkem-chong-nang-mau-kem-nen-mona-frema-sunpre-dd-xtreme-sunscreen-foundation-50ml-p278029812.html?spid=102705568,kem chống nắng màu
276681097,Sữa Rửa Mặt Tẩy Trang Dưỡng Trắng Da Kosé Softymo Cleansing Foam White (Tuýp 190 G),238000.0,238000.0,0.0,0.0,0,,https://tiki.vnsua-rua-mat-tay-trang-duong-trang-da-kose-softymo-cleansing-foam-white-tuyp-190g-p276681097.html?spid=276681098,sữa rửa mặt tẩy
276562375,"Sữa rửa mặt Hàn Quốc làm sạch sâu, chống lão hóa BENEW Collagen 100ml - Hàng chính hãng",85000.0,85000.0,0.0,0.0,0,,https://tiki.vnsua-rua-mat-han-quoc-lam-sach-sau-chong-lao-hoa-benew-collagen-100ml-hang-chinh-hang-p276562375.html?spid=276562376,sữa rửa mặt hàn quốc
275969267,Nước nghệ Hưng Yên Cocoon 140ml,165750.0,195000.0,29250.0,0.0,0,,https://tiki.vnnuoc-nghe-hung-yen-140ml-p275969267.html?spid=275969268,nước nghệ hưng yên
275915944,Nước tẩy trang simple Sạch sâu 400ml water boost,159000.0,200000.0,41000.0,0.0,0,,https://tiki.vnnuoc-tay-trang-simple-sach-sau-400ml-p275915944.html?spid=275915945,nước tẩy trang simple sạch
275798180,Nước tẩy trang dưỡng ẩm và làm sáng da hatomugi 500ml/chai,101150.0,219000.0,117850.0,0.0,0,,https://tiki.vnnuoc-tay-trang-duong-am-va-lam-sang-da-hatomugi-500ml-chai-p275798180.html?spid=275798183,nước tẩy trang dưỡng ẩm
275744554,Kem dưỡng ẩm cho da nhạy cảm Cetaphil Moisturizing Cream 453g,510000.0,510000.0,0.0,5.0,1,,https://tiki.vnkem-duong-am-cho-da-nhay-cam-cetaphil-moisturizing-cream-453g-p275744554.html?spid=275744555,kem dưỡng ẩm da
275358414,"Mặt Nạ Bột Dẻo TBM Hàn Quốc Chính Hãng - Chiết 50g, 100g (Bạc Hà, Than, Collagen, Vitamin C)",49000.0,49000.0,0.0,5.0,1,,https://tiki.vnmat-na-bot-deo-tbm-han-quoc-chinh-hang-chiet-50g-100g-bac-ha-than-collagen-vitamin-c-p275358414.html?spid=276310791,mặt nạ bột dẻo tbm
274532202,Kem Dưỡng Ẩm Phục Hồi Vita B5 Cream Miss Candy White Skin Hộp 25g,838000.0,838000.0,0.0,5.0,1,,https://tiki.vnmiss-candy-kem-duong-trang-da-mo-tham-nam-sam-nhung-hoang-kim-cao-cap-melasma-cream-nano-white-miss-candy-25g-giup-tai-tao-da-bi-nhiem-corticoid-phuc-hoi-lan-da-hu-ton-lam-san-chac-da-gia-tue-house-p274532202.html?spid=274532203,kem dưỡng ẩm phục hồi vita
274467573,"Kem Chống Nắng Song Kháng Nhật Bản MISS CANDY SUNSCREEN HA NANO SPF 50,PA ++++ 50g, Chống Nước, Chống UVA/UVB, Chống Ánh Sáng Xanh & Tia Hồng Ngoại,Bảo Vệ Da Lên Đến 8 Tiếng - Gia Tuệ House",388000.0,388000.0,0.0,5.0,1,,https://tiki.vnkem-chong-nang-song-khang-nhat-ban-miss-candy-sunscreen-ha-nano-spf-50-pa-50g-chong-nuoc-chong-uva-uvb-chong-anh-sang-xanh-tia-hong-ngoai-bao-ve-da-len-den-8-tieng-gia-tue-house-p274467573.html?spid=274467574,kem chống nắng kháng
252165629,"Bộ 10 mặt nạ Mật ong Benew Kháng khuẩn, chống lão hóa, se khít lỗ chân lông Hàn Quốc Benew Nature Herb Mask Pack Honey",155000.0,155000.0,0.0,0.0,0,,https://tiki.vnbo-10-mat-na-mat-ong-benew-khang-khuan-chong-lao-hoa-se-khit-lo-chan-long-han-quoc-benew-nature-herb-mask-pack-honey-p252165629.html?spid=252165630,bộ mặt nạ mật ong benew kháng khuẩn
216274675,[GARNIER] Sữa Rửa Mặt 3 Trong 1 Giúp Ngăn Ngừa Mụn & Thông Thoáng Lỗ Chân Lông Bright Complete Anti-Acnes 50/90/100ml,29500.0,59000.0,29500.0,0.0,0,,https://tiki.vngarnier-sua-rua-mat-3-trong-1-giup-ngan-ngua-mun-thong-thoang-lo-chan-long-bright-complete-anti-acnes-50-90-100ml-p216274675.html?spid=271359833,garnier sữa rửa mặt giúp
214745571,Gel Bí Đao Rửa Mặt Cocoon 310ml Cho Da Dầu Mụn,220000.0,220000.0,0.0,0.0,0,,https://tiki.vngel-bi-dao-rua-mat-cocoon-310ml-cho-da-dau-mun-p214745571.html?spid=214745572,gel bí đao rửa mặt
201009557,[GARNIER] Kem Dưỡng Chống Nắng Kiềm Dầu Và Sáng Da Hoàn Hảo Chứa SPF 50+ PA+++ Bright Complete Super UV Matte 30ML/15ML,165000.0,165000.0,0.0,0.0,0,,https://tiki.vngarnier-kem-duong-chong-nang-kiem-dau-va-sang-da-hoan-hao-chua-spf-50-pa-bright-complete-super-uv-matte-30ml-15ml-p201009557.html?spid=274190260,garnier kem dưỡng chống
200731933,Combo 3 Miếng Dán Giảm Mụn Mayancare 20 Miếng (0.8cm),82000.0,105000.0,23000.0,5.0,15,,https://tiki.vncombo-3-mieng-dan-giam-mun-mayancare-20-mieng-0-8cm-p200731933.html?spid=200731934,combo miếng dán giảm
198698840,"Sữa rửa mặt cho da dầu mụn, nhạy cảm Cetaphil Pro Acne Prone Oil Control Foam Wash 236ml",500000.0,500000.0,0.0,4.8,11,,https://tiki.vnsua-rua-mat-cho-da-dau-mun-nhay-cam-cetaphil-pro-acne-prone-oil-control-foam-wash-236ml-p198698840.html?spid=198698841,sữa rửa mặt da
187791626,Kem Dưỡng Trắng - Tái Tạo - Trẻ Hóa Collagen VK II 35g,350000.0,350000.0,0.0,5.0,1,,https://tiki.vnkem-duong-trang-tai-tao-tre-hoa-collagen-vk-ii-35g-p187791626.html?spid=187791627,kem dưỡng trắng tái tạo
174541337,Kem dưỡng trắng da mờ thâm ngày và đêm nice day Princess White 22g,250000.0,250000.0,0.0,5.0,3,,https://tiki.vnkem-duong-trang-da-mo-tham-ngay-va-dem-nice-day-princess-white-22g-p174541337.html?spid=174541338,kem dưỡng trắng da mờ
159887827,"Kem dưỡng đêm,dưỡng ẩm,dưỡng trắng da LÁ HOUSE Astalock Night Cream 10ml/30ml",625000.0,625000.0,0.0,5.0,15,,https://tiki.vnkem-duong-dem-duong-am-duong-trang-da-la-house-astalock-night-cream-10ml-30ml-p159887827.html?spid=159887829,kem dưỡng đêm dưỡng ẩm dưỡng
157538240,Bông tẩy trang BASICARE 100 miếng,39000.0,39000.0,0.0,0.0,0,,https://tiki.vn0130708-bong-tay-trang-basicare-100-mieng-p157538240.html?spid=157538241,bông trang basicare
144448982,Kem Dưỡng Da Đa Sinh Tố IDEAL 10g,50000.0,50000.0,0.0,5.0,2,,https://tiki.vnkem-duong-da-da-sinh-to-ideal-10g-p144448982.html?spid=144448983,kem dưỡng da đa sinh tố
142989960,Mặt Nạ Phục Hồi Cấp Ẩm Cao Cấp Smas Peptide Silk Mask,110000.0,110000.0,0.0,4.8,22,,https://tiki.vnmat-na-phuc-hoi-cap-am-cao-cap-smas-peptide-silk-mask-p142989960.html?spid=142989961,mặt nạ phục hồi cấp ẩm
117377654,"Sữa Rửa Mặt Tế Bào Gốc Trà Xanh, Tạo Bọt, Làm Sạch Sâu Kiềm Dầu, Dưỡng Ẩm Sáng Da Dầu Mụn Nhạy Cảm Cellkey-Scien Cleansing Foam Phyto Stem Cells 150ml",380000.0,380000.0,0.0,4.8,81,,https://tiki.vnsua-rua-mat-duong-da-te-bao-goc-cellkey-scien-cleansing-foam-phyto-stem-cells-sach-nhon-ngan-ngua-mun-150ml-p117377654.html?spid=117377655,sữa rửa mặt tế bào
78022401,Nước Tẩy Trang NIVEA Pearl Bright Sáng Da | Sạch Sâu (400 ml) - 84912,130000.0,189000.0,59000.0,0.0,0,,https://tiki.vnnuoc-tay-trang-nivea-lam-sang-da-pearl-white-micellair-water-400ml-84912-p78022401.html?spid=273568521,nước tẩy trang nivea pearl
55668474,Kem FEIYA Linh Chi Đài Loan - Làm Trắng - Chống Lão Hóa - Mờ Nếp Nhăn - Cải Thiện Da Mụn,1100000.0,1100000.0,0.0,4.8,10,,https://tiki.vnkem-duong-da-feiya-tinh-chat-linh-chi-feiya-p55668474.html?spid=55668478,kem feiya linh chi đài loan
51715069,"Sữa rửa mặt giảm dầu, ngăn ngừa mụn Vichy Normaderm Phytosolution (50ml)",75000.0,75000.0,0.0,4.6,52,,https://tiki.vnsua-rua-mat-giam-dau-ngan-ngua-mun-vichy-normaderm-phytosolution-50ml-p51715069.html?spid=68456942,sữa rửa mặt giảm
42673891,Combo 2 gói Bông Tẩy trang Miniso Japan (180 miếng x 2 gói),75000.0,75000.0,0.0,5.0,1,,https://tiki.vncombo-2-goi-bong-tay-trang-miniso-japan-180-mieng-x-2-goi-p42673891.html?spid=54363802,combo gói bông tẩy trang
37508996,Kem Dưỡng đa năng Embryolisse,269000.0,269000.0,0.0,5.0,8,,https://tiki.vnkem-duong-da-nang-embryolisse-p37508996.html?spid=96904579,kem dưỡng đa năng
33362206,Nước tẩy trang 3 trong 1 Su:m37 Skin Saver Essential Cleansing Water 100ml,145000.0,222000.0,77000.0,4.5,11,,https://tiki.vnnuoc-tay-trang-3-trong-1-su-m37-skin-saver-essential-cleansing-water-100ml-p33362206.html?spid=50601064,nước tẩy trang
20006216,Sữa rửa mặt dưỡng ẩm Facial Cleanser Men Stay Simplicity,169000.0,169000.0,0.0,4.5,8,,https://tiki.vnsua-rua-mat-duong-am-facial-cleanser-men-stay-simplicity-p20006216.html?spid=36221797,sữa rửa mặt dưỡng ẩm facial
13377025,Sữa Rửa Mặt Trắng Da Sakura Brightening Cleanser (100ml),618800.0,680000.0,61200.0,4.5,2,,https://tiki.vnsua-rua-mat-trang-da-sakura-whitening-facial-cleanser-100ml-p13377025.html?spid=13377026,sữa rửa mặt trắng
8952642,Bộ chống nắng không nhờn rít La Roche-Posay Anthelios Shaka Fluid 50ml & Gel rửa mặt cho da dầu mụn 50ml,564000.0,564000.0,0.0,0.0,0,,https://tiki.vnbo-chong-nang-khong-nhon-rit-la-roche-posay-anthelios-shaka-fluid-50ml-gel-rua-mat-cho-da-dau-mun-50ml-p8952642.html?spid=31493532,bộ chống nắng nhờn
8094768,Nước Cân Bằng Giàu Khoáng Dành Cho Da Nhạy Cảm La Roche-Posay Soothing Lotion Sensitive Skin - 200ml,360000.0,360000.0,0.0,3.5,2,,https://tiki.vnnuoc-can-bang-giau-khoang-danh-cho-da-nhay-cam-la-roche-posay-soothing-lotion-sensitive-skin-200ml-p8094768.html?spid=31493545,nước cân bằng giàu khoáng dành
6490931,Sữa rửa mặt Beauty Formulas Honey and Almond Facial Scrub 150ml - tẩy tế bào chết mật ong và hạnh nhân,94000.0,94000.0,0.0,4.8,4,,https://tiki.vnsua-rua-mat-beauty-formulas-honey-and-almond-facial-scrub-150ml-tay-te-bao-chet-mat-ong-va-hanh-nhan-p6490931.html?spid=6490933,sữa rửa mặt beauty
1911371,Kem Dưỡng Làm Dịu Kích Ứng Và Phục Hồi Da La Roche-Posay Cicaplast Baume B5 (40ml),292000.0,292000.0,0.0,5.0,1,,https://tiki.vnkem-duong-lam-diu-kich-ung-va-phuc-hoi-da-la-roche-posay-cicaplast-baume-b5-40ml-p1911371.html?spid=31493522,kem dưỡng làm dịu kích ứng
424335,Combo 3 Giấy Thấm Dầu Mayan (200 Tờ / Gói),82000.0,105000.0,23000.0,4.3,124,,https://tiki.vncombo-3-giay-tham-dau-mayan-200-to-goi-p424335.html?spid=128350,combo giấy thấm dầu
278524571,"Gel lô hội Dambi 98% làm dịu da sau khi đi nắng, chính hãng Hàn Quốc 300ml(Aloe Gel)",80000.0,80000.0,0.0,0.0,0,,https://tiki.vngel-lo-hoi-dambi-98-lam-diu-da-sau-khi-di-nang-chinh-hang-han-quoc-300ml-aloe-gel-p278524571.html?spid=278524572,gel lô hội dambi làm
277836496,Sữa rửa mặt dịch lọc ốc sên TIA'M Snail & Azulene Low PH Cleanser (30ml/200ml/400ml) - Hàng chính hãng,259000.0,299000.0,40000.0,0.0,0,,https://tiki.vnsua-rua-mat-dich-loc-oc-sen-tia-m-snail-azulene-low-ph-cleanser-30ml-200ml-hang-chinh-hang-p277836496.html?spid=278023014,sữa rửa mặt dịch lọc
277738686,Kem dưỡng trắng da ban ngày Olay Luminous Light Perfecting Cream SPF 15 PA++ (50g) - Hàng chính hãng,219000.0,269000.0,50000.0,0.0,0,,https://tiki.vnkem-duong-trang-da-ban-ngay-olay-luminous-light-perfecting-cream-spf-15-pa-50g-hang-chinh-hang-p277738686.html?spid=277738688,kem dưỡng trắng da
277561452,"Kem chống nắng nâng tông Skin Aqua Tone up Blue cho da vàng có khuyết điểm đỏ, dạng tinh chất Sunplay Skin Aqua Tone Up UV Essence Blue SPF 50+ PA++++ 50g",156000.0,199000.0,43000.0,0.0,0,,https://tiki.vnkem-chong-nang-nang-tong-skin-aqua-tone-up-blue-cho-da-vang-co-khuyet-diem-do-dang-tinh-chat-sunplay-skin-aqua-tone-up-uv-essence-blue-spf-50-pa-50g-p277561452.html?spid=277561453,kem chống nắng nâng
277361648,Kem Dưỡng Mờ Thâm Giảm Nếp Nhăn Vùng Mắt Beauplus+ Wrinkle Care Eye Cream (20 G),238000.0,238000.0,0.0,5.0,1,,https://tiki.vnkem-duong-mo-tham-giam-nep-nhan-vung-mat-beauplus-wrinkle-care-eye-cream-20g-p277361648.html?spid=277361649,kem dưỡng mờ thâm giảm
277249917,Kem dưỡng ẩm nhau thai cừu Careline Placenta Cream 100ml giúp da mịn giảm nếp nhăn chống lão hoá,118000.0,118000.0,0.0,5.0,2,,https://tiki.vnkem-duong-am-nhau-thai-cuu-careline-placenta-cream-100ml-giup-da-min-giam-nep-nhan-chong-lao-hoa-p277249917.html?spid=277249918,kem dưỡng ẩm nhau
277164627,Serum bakuchiol (1%) thuần chay thay thế retinol cho da nhạy cảm giúp tăng sinh collagen MooGoo Úc,638000.0,638000.0,0.0,0.0,0,,https://tiki.vnserum-bakuchiol-1-thuan-chay-thay-the-retinol-cho-da-nhay-cam-giup-tang-sinh-collagen-moogoo-uc-p277164627.html?spid=277164628,serum bakuchiol thuần chay thay thế
276654982,Gel rửa mặt OXY dành cho nam giới 100g,84000.0,84000.0,0.0,0.0,0,,https://tiki.vngel-rua-mat-oxy-danh-cho-nam-gioi-100g-p276654982.html?spid=276655651,gel rửa mặt dành
276410606,Giấy Thấm Dầu Jomi Nhật Bản - Thấm dầu dạng Phim Japan Oil Clear Film (70 Tờ),75000.0,75000.0,0.0,0.0,0,,https://tiki.vngiay-tham-dau-jomi-nhat-ban-tham-dau-dang-phim-japan-oil-clear-film-70-to-p276410606.html?spid=276410607,giấy thấm dầu jomi
276182743,"Serum mờ thâm nám, đều màu da Anodin Goldnexamic 10X Hàn Quốc 30ml",625000.0,625000.0,0.0,0.0,0,,https://tiki.vnserum-nam-anodin-goldnexamic-10x-sang-da-mo-tham-nam-tre-hoam-tai-tai-lan-da-han-quoc-30ml-p276182743.html?spid=276182744,serum mờ thâm nám màu da
276129814,Sữa rửa mặt dạng gel Bí Đao Rửa Mặt Cocoon (140ml),165750.0,195000.0,29250.0,5.0,1,,https://tiki.vngel-bi-dao-rua-mat-cocoon-140ml-p276129814.html?spid=276129815,sữa rửa mặt dạng
275970341,Thạch hoa hồng dưỡng ẩm Cocoon 100ml,327250.0,385000.0,57750.0,0.0,0,,https://tiki.vnthach-hoa-hong-duong-am-100ml-p275970341.html?spid=275970342,thạch hoa hồng dưỡng
275916021,Tinh Chất La Roche Posay Giảm Thâm Nám & Làm Đều Màu Da Retinol B3 Serum 30ml,590000.0,590000.0,0.0,5.0,2,,https://tiki.vntinh-chat-la-roche-posay-giam-tham-nam-lam-deu-mau-da-retinol-b3-serum-30ml-p275916021.html?spid=275916022,tinh chất la roche posay
275802930,Kem chấm mụn rau má Oribe giảm mụn mờ thâm ngăn ngừa sẹo mụn 20g,150000.0,150000.0,0.0,0.0,0,,https://tiki.vnkem-cham-mun-rau-ma-oribe-giam-mun-mo-tham-ngan-ngua-seo-mun-20g-p275802930.html?spid=275802931,kem chấm mụn rau má
275190550,"Serum xóa mờ thâm nám, ngừa lão hóa, cấp ẩm và mềm da Pretty Skin B3 Discoloration Repair 50ml",435000.0,435000.0,0.0,0.0,0,,https://tiki.vnserum-xoa-mo-tham-nam-ngua-lao-hoa-cap-am-va-mem-da-pretty-skin-b3-discoloration-repair-50ml-p275190550.html?spid=275190551,serum xóa mờ thâm nám
274732358,"Kem chống nắng nâng tông, kiểm soát dầu nhờn Pretty Skin Multi Hydra B5 Exosome Oil Control Sun Cream Hàn Quốc 50ml",285000.0,285000.0,0.0,0.0,0,,https://tiki.vnkem-chong-nang-nang-tong-kiem-soat-dau-nhon-pretty-skin-multi-hydra-b5-oil-control-sun-cream-50ml-p274732358.html?spid=274732359,kem chống nắng nâng tông
272881986,Tinh chất cô đặc cải thiện nếp nhăn Vichy Liftactiv Supreme H.A. Epidermic Filler 30ml,385000.0,385000.0,0.0,0.0,0,,https://tiki.vntinh-chat-co-dac-cai-thien-nep-nhan-vichy-liftactiv-supreme-h-a-epidermic-filler-30ml-p272881986.html?spid=272881016,tinh chất đặc cải thiện nếp
205704793,Bộ kem chống nắng OHUI DS PERFECT SUN BLACK SET,640000.0,1080000.0,440000.0,5.0,1,,https://tiki.vnbo-kem-chong-nang-ohui-ds-perfect-sun-black-set-p205704793.html?spid=205704794,kem chống nắng ohui
202328866,"Tế bào gốc trị nám, tàng nhang DNA Whitening Ampoule",600000.0,600000.0,0.0,0.0,0,,https://tiki.vnte-bao-goc-tri-nam-tang-nhang-dna-whitening-ampoule-p202328866.html?spid=202328868,tế bào gốc trị nám tàng
201719178,Nước Tẩy Trang Garnier Dành Cho Da Nhạy Cảm Micellar Cleansing Water For Sensitive Skin 400ml,145000.0,145000.0,0.0,0.0,0,,https://tiki.vnnuoc-tay-trang-garnier-danh-cho-da-nhay-cam-micellar-cleansing-water-for-sensitive-skin-400ml-p201719178.html?spid=271293961,nước tẩy trang garnier dành
175830663,Hộp 10 Miếng Mặt Nạ Ngọc Trai Dưỡng Ẩm Trắng Da Ngăn Ngừa Lão Hóa Phục Hồi Da Dewytree Skin Derma Brightening Mask 230g,400000.0,400000.0,0.0,0.0,0,,https://tiki.vnhop-10-mieng-mat-na-ngoc-trai-duong-am-trang-da-chong-lao-hoa-phuc-hoi-da-dewytree-skin-derma-brightening-mask-230g-p175830663.html?spid=175830664,hộp mặt nạ ngọc trai dưỡng
175728751,Gel Tẩy Tế Bào Chết Ngăn Ngừa Mụn Caryophy Smart Peeling Gel 250ml,269000.0,269000.0,0.0,0.0,0,,https://tiki.vngel-tay-te-bao-chet-ngan-ngua-mun-caryophy-smart-peeling-gel-250ml-p175728751.html?spid=175728765,gel tẩy tế bào chết
172917857,Sữa Rửa Mặt Tạo Bọt Ngừa Mụn Và Dưỡng Sáng Da Chai 29347 Reihaku Hatomugi Facial Whip (160 mL),238000.0,238000.0,0.0,5.0,2,,https://tiki.vnsua-rua-mat-tao-bot-reihaku-hatomugi-facial-whip-duong-am-va-lam-sang-da-chai-160-ml-p172917857.html?spid=172917858,sữa rửa mặt tạo
149785823,Gel Rửa Mặt Tạo Bọt Làm Sạch Dành Cho Da Dầu Nhạy Cảm La Roche Posay Effaclar Purifying Foaming Gel For Oily Sensitive Skin,225000.0,225000.0,0.0,5.0,1,,https://tiki.vngel-rua-mat-tao-bot-lam-sach-danh-cho-da-dau-nhay-cam-la-roche-posay-effaclar-purifying-foaming-gel-for-oily-sensitive-skin-p149785823.html?spid=149785829,gel rửa mặt tạo
129916649,Mặt nạ khô MEDiCARE 25 miếng,35000.0,35000.0,0.0,4.8,20,,https://tiki.vn0124109-mat-na-kho-medicare-25-mieng-p129916649.html?spid=129916653,mặt nạ khô medicare
104341367,Tinh chất giải cứu làn da tức thì Vichy Mineral 89 Probiotic Fractions 30ml,706000.0,706000.0,0.0,2.0,1,,https://tiki.vntinh-chat-giai-cuu-lan-da-tuc-thi-vichy-mineral-89-probiotic-fractions-30ml-p104341367.html?spid=263199742,tinh chất giải cứu da tức thì
76109537,Serum sáng da cấp ẩm Goodndoc Hydra B5 Serum 30ml,540000.0,540000.0,0.0,5.0,1,,https://tiki.vnserum-sang-da-cap-am-goodndoc-hydra-b5-serum-30ml-p76109537.html?spid=131594119,serum sáng da cấp
42895880,[KHUYẾN MÃI] Serum HA Plus Dưỡng Ẩm Căng Bóng Giảm Nếp Nhăn Hyaluronic Acid AWAKETHECELL 300ml,659000.0,659000.0,0.0,4.7,26,,https://tiki.vnserum-ha-plus-300ml-duong-am-cang-bong-sang-da-mo-nam-nep-nhan-hang-chinh-hang-p42895880.html?spid=42895881,khuyến mãi
38246155,Kem Dưỡng Ẩm Trẻ Hoá Da Hạt Ý Dĩ Hatomugi Naturie Nhật Bản 180g,158000.0,158000.0,0.0,4.7,41,,https://tiki.vnkem-duong-am-tre-hoa-da-hat-y-di-hatomugi-naturie-nhat-ban-180g-p38246155.html?spid=55527700,kem dưỡng ẩm trẻ
36625360,LAROCHE-POSAY NƯỚC TẨY TRANG SẠCH SÂU CHO DA DẦU NHẬY CẢM EFFACLAR MICELLAR WATER 50ML,99000.0,99000.0,0.0,4.8,4,,https://tiki.vnlaroche-posay-nuoc-tay-trang-sach-sau-cho-da-dau-nhay-cam-effaclar-micellar-water-50ml-p36625360.html?spid=66426112,laroche posay nước tẩy trang
33341365,Sữa rửa mặt dưỡng ẩm Hoàng Cung Whoo Gong Jin Hyang Foam 40ml,145000.0,240000.0,95000.0,4.7,35,,https://tiki.vnsua-rua-mat-duong-am-hoang-cung-whoo-gong-jin-hyang-foam-40ml-p33341365.html?spid=54694011,sữa rửa mặt dưỡng ẩm hoàng cung
33111584,Sữa rửa mặt tái sinh da Whoo Cheongidan Radiant Cleansing Foam 200ml,1108000.0,1500000.0,392000.0,5.0,1,,https://tiki.vnsua-rua-mat-tai-sinh-da-whoo-cheongidan-radiant-cleansing-foam-200ml-p33111584.html?spid=142554391,sữa rửa mặt tái sinh
26350296,Sữa rửa mặt tạo bọt than clarista 160g,218000.0,218000.0,0.0,5.0,2,,https://tiki.vnsua-rua-mat-tao-bot-than-clarista-160g-p26350296.html?spid=26350297,sữa rửa mặt tạo
25704974,Gel rửa mặt cho da dầu Effaclar Gel Moussant Purifiant La Roche Posay 200ml,385000.0,385000.0,0.0,4.6,9,,https://tiki.vngel-rua-mat-cho-da-dau-effaclar-gel-moussant-purifiant-la-roche-posay-200ml-p25704974.html?spid=62250285,gel rửa mặt da
25147897,Mặt nạ sữa chua nha đam Vedette Yogurt Mask Aloe 10ml,15000.0,15000.0,0.0,5.0,5,,https://tiki.vnmat-na-sua-chua-nha-dam-vedette-yogurt-mask-aloe-10ml-p25147897.html?spid=25147898,mặt nạ sữa chua nha đam
21761333,"Sữa rửa mặt Thảo Dược Sắc Ngọc Khang 100g không gây khô da, Sạch Mịn, Sáng Da, Mờ Nám Sạm",69000.0,138000.0,69000.0,4.5,63,,https://tiki.vnsua-rua-mat-sac-ngoc-khang-100g-p21761333.html?spid=21761334,sữa rửa mặt thảo dược
8949494,Bộ Sản Phẩm Chăm Sóc Mụn Sưng Viêm La Roche-Posay Effaclar A.I. 15ml ,604000.0,604000.0,0.0,0.0,0,,https://tiki.vnbo-san-pham-cham-soc-mun-sung-viem-la-roche-posay-effaclar-a-i-15ml-p8949494.html?spid=31949085,sản phẩm chăm sóc mụn sưng
5812533,Kem dưỡng ẩm Phấn Nụ Hoàng Cung,267000.0,267000.0,0.0,5.0,3,,https://tiki.vnkem-duong-am-phan-nu-hoang-cung-p5812533.html?spid=76449027,kem dưỡng ẩm phấn hoàng cung
5430001,"Gel Dưỡng Ẩm Giúp Da Dịu Mát Cho Da Thường, Da Hỗn Hợp & Da Nhạy Cảm Vichy Aqualia Thermal Rehydrating Gel Cream (50ml) - MB066000",756000.0,756000.0,0.0,5.0,1,,https://tiki.vngel-duong-am-giup-da-diu-mat-cho-da-thuong-da-hon-hop-da-nhay-cam-vichy-aqualia-thermal-rehydrating-gel-cream-50ml-mb066000-p5430001.html?spid=31285801,gel dưỡng ẩm giúp
1514815,Sữa Rửa Mặt Tinh Tế Làm Sạch Và Trắng Da Cải Tiến Với Nghệ Tây Himalaya Herbals (100ml),115200.0,115200.0,0.0,0.0,0,,https://tiki.vnsua-rua-mat-tinh-te-lam-sach-va-trang-da-cai-tie-n-voi-nghe-tay-himalaya-herbals-100ml-p1514815.html?spid=1515387,sữa rửa mặt tinh tê
278786296,"Mặt Nạ Đất Sét Băng Lạnh Loại Bỏ Dầu Nhờn, Thu Nhỏ Lỗ Chân Lông, Làm Dịu Da Aperire Spa Relief Pore Mask 120g - Cấp ẩm dịu da",335000.0,499000.0,164000.0,0.0,0,,https://tiki.vnmat-na-dat-set-bang-lanh-loai-bo-dau-nhon-thu-nho-lo-chan-long-lam-diu-da-aperire-spa-relief-pore-mask-120g-cap-am-diu-da-p278786296.html?spid=278786297,mặt nạ đất sét băng lạnh
278786294,"Mặt Nạ Đất Sét Quả Mọng Loại Bỏ Dầu Nhờn, Thu Nhỏ Lỗ Chân Lông, Làm Dịu Da Aperire Spa Relief Pore Mask 120g - Dưỡng sáng da",340000.0,499000.0,159000.0,0.0,0,,https://tiki.vnmat-na-dat-set-qua-mong-loai-bo-dau-nhon-thu-nho-lo-chan-long-lam-diu-da-aperire-spa-relief-pore-mask-120g-duong-sang-da-p278786294.html?spid=278786295,mặt nạ đất sét quả mọng
278466331,Kem dưỡng da chống lão hóa giàu ẩm Shiseido Benefiance Wrinkle Smoothing Cream Enriched 50ml,1723500.0,1915000.0,191500.0,5.0,1,,https://tiki.vnkem-duong-da-chong-lao-hoa-giau-am-shiseido-benefiance-wrinkle-smoothing-cream-enriched-50ml-p278466331.html?spid=278466332,kem dưỡng da chống
278457431,Tinh chất dưỡng da Shiseido Ultimune Power Infusing 4.0 Serum 30ml,1944000.0,2160000.0,216000.0,5.0,1,,https://tiki.vntinh-chat-duong-da-shiseido-ultimune-power-infusing-4-0-serum-30ml-p278457431.html?spid=278457432,tinh chất dưỡng da shiseido
278457404,Tinh chất dưỡng da Shiseido Ultimune Power Infusing 4.0 Serum 50ml,2916000.0,3240000.0,324000.0,5.0,1,,https://tiki.vntinh-chat-duong-da-shiseido-ultimune-power-infusing-4-0-serum-50ml-p278457404.html?spid=278457405,tinh chất dưỡng da shiseido
277719852,"Kem massage mặt Pime Collagen Massage Cream hỗ trợ tăng đàn hồi da, dưỡng ẩm phục hồi chuyên dụng tại Spa 1000g",1250000.0,1250000.0,0.0,0.0,0,,https://tiki.vnkem-massage-mat-pime-collagen-massage-cream-ho-tro-tang-dan-hoi-da-duong-am-phuc-hoi-chuyen-dung-tai-spa-1000g-p277719852.html?spid=277719853,kem massage mặt pime
276380407,Combo 10 Mặt Nạ Phục Hồi Cấp Tốc DR WonJin Instant Cica Sensitive Solution Mask 30ml x10,299000.0,400000.0,101000.0,5.0,1,,https://tiki.vncombo-10-mat-na-phuc-hoi-cap-toc-dr-wonjin-instant-cica-sensitive-solution-mask-30g-x10-p276380407.html?spid=276380408,combo mặt nạ phục hồi cấp tốc
276135877,Tinh chất DrCeutics Basic B5 Hydration giúp cấp ẩm dành cho da dầu (30g/100g) - Hàng chính hãng,149000.0,189000.0,40000.0,5.0,1,,https://tiki.vntinh-chat-drceutics-basic-b5-hydration-giup-cap-am-danh-cho-da-dau-30g-hang-chinh-hang-p276135877.html?spid=276135879,tinh chất drceutics basic b
275969763,Dung dịch chấm mụn bí đao Cocoon 5ml,106250.0,125000.0,18750.0,5.0,1,,https://tiki.vndung-dich-cham-mun-bi-dao-5ml-p275969763.html?spid=275969764,dung dịch chấm mụn bí đao
275408920,"Nước tẩy trang sạch sâu cho da mụn, nhạy cảm Hada Labo Micellar Water Acne Care 240ml",114000.0,145000.0,31000.0,5.0,2,,https://tiki.vnnuoc-tay-trang-sach-sau-cho-da-mun-nhay-cam-hada-labo-micellar-water-acne-care-240ml-p275408920.html?spid=275408923,nước tẩy trang sạch sâu
275386514,"Kem Dưỡng Ẩm Lycos - GEL Cân Bằng Cấp Ẩm LYCOS – Cấp Ẩm, Cải thiện thâm mụn, Mờ thâm, Kiểm soát dầu",345000.0,345000.0,0.0,0.0,0,,https://tiki.vnkem-duong-am-lycos-gel-can-bang-cap-am-lycos-cap-am-cai-thien-tham-mun-mo-tham-kiem-soat-dau-p275386514.html?spid=275386515,kem dưỡng ẩm lycos gel
275386497,"[Nâng cấp] Peel Da Lycos 10% AHA 2% BHA 10% Lactic acid – Thu Nhỏ Chân Lông, Sáng Da,Tẩy Tế Bào Chết",355000.0,355000.0,0.0,0.0,0,,https://tiki.vntinh-chat-peel-da-lycos-lycos-face-peeling-solution-10-aha-va-2-bha-lycos-peel-da-khong-bong-troc-lot-tay-p275386497.html?spid=275386498,nâng cấp peel da lycos
275357798,Kem dưỡng da chân và tay mềm mịn chống nứt nẻ Premium Foot Cream Hàn Quốc 110g,165000.0,165000.0,0.0,0.0,0,,https://tiki.vnkem-duong-da-chan-va-tay-mem-min-chong-nut-ne-premium-foot-cream-han-quoc-110g-p275357798.html?spid=275357799,kem dưỡng da chân tay
274034027,Serum Ngăn Ngừa Lão Hóa Pond'S Age Miracle Double Action (30ml),252000.0,260000.0,8000.0,0.0,0,,https://tiki.vnserum-ngan-ngua-lao-hoa-pond-s-age-miracle-double-action-30ml-p274034027.html?spid=274037180,serum ngăn ngừa lão hóa
273589806,"Tinh Chất Pure Beau Essence Chiết Xuất Collagen, Vitamin C, Placenta 25ml",109000.0,109000.0,0.0,0.0,0,,https://tiki.vntinh-chat-pure-beau-essence-chiet-xuat-collagen-vitamin-c-placenta-25ml-p273589806.html?spid=273590367,tinh chất pure beau essence
272787019,Sữa rửa mặt làm sạch sâu và cân bằng độ pH cho da Cleansing Celaud,373000.0,373000.0,0.0,0.0,0,,https://tiki.vnsua-rua-mat-lam-sach-sau-va-can-bang-do-ph-cho-da-cleansing-celaud-p272787019.html?spid=272800427,sữa rửa mặt làm
271448194,Kem Dưỡng Chống Lão Hóa Sửa Chữa Nếp Nhăn Derma Formula EGF Anti-Wrinkle Repairing Cream 30ml,1344000.0,1344000.0,0.0,0.0,0,,https://tiki.vnkem-duong-chong-lao-hoa-sua-chua-nep-nhan-derma-formula-egf-anti-wrinkle-repairing-cream-30ml-p271448194.html?spid=271448195,kem dưỡng chống lão
270655082,"COMBO dưỡng da chuyên sâu kem dưỡng ban đêm 30g + kem dưỡng ban ngày 5 in 1 30g + Serum dưỡng trắng 30ml cho tác dụng nhanh mạnh, toàn diện",938000.0,1876000.0,938000.0,0.0,0,,https://tiki.vncombo-duong-da-chuyen-sau-kem-duong-ban-dem-30g-kem-duong-ban-ngay-5-in-1-30g-serum-duong-trang-30ml-cho-tac-dung-nhanh-manh-toan-dien-p270655082.html?spid=270655083,combo dưỡng da chuyên sâu kem dưỡng
253113367,Mặt Nạ Maiko Moisture facial Mask 3GF,31500.0,35000.0,3500.0,0.0,0,,https://tiki.vnmat-na-maiko-moisture-facial-mask-3gf-p253113367.html?spid=253113368,mặt nạ maiko moisture facial
247800364,Nước hoa hồng Welcos IOU Super Aqua Moist Toner cung cấp độ ẩm cho da với nho biển và dầu Argan 300ml,245000.0,245000.0,0.0,0.0,0,,https://tiki.vnnuoc-hoa-hong-welcos-iou-super-aqua-moist-toner-cung-cap-do-am-cho-da-voi-nho-bien-va-dau-argan-300ml-p247800364.html?spid=247800365,nước hoa hồng welcos iou
247324359,Bộ travel size dưỡng trắng Hada Labo Perfect White Tranexamic Acid Travel Set (Kem rửa mặt 15g+Dung dịch dưỡng 20ml+Kem dưỡng 12g),75000.0,95000.0,20000.0,5.0,10,,https://tiki.vnbo-travel-size-duong-trang-hada-labo-perfect-white-tranexamic-acid-travel-set-kem-rua-mat-15g-dung-dich-duong-20ml-kem-duong-12g-p247324359.html?spid=247324360,travel size dưỡng trắng hada
213715790,Kem dưỡng da làm trắng chống lão hóa mềm mại da 50ml- 104 ONE CREAM by C - HÀNG CHÍNH HÃNG,990000.0,990000.0,0.0,0.0,0,,https://tiki.vnkem-duong-da-lam-trang-chong-lao-hoa-mem-mai-da-50ml-104-one-cream-by-c-hang-chinh-hang-p213715790.html?spid=213715791,kem dưỡng da làm
193111302,Kem Lột Dưa Leo Tươi LANA Tube 80g,49000.0,49000.0,0.0,5.0,2,,https://tiki.vnkem-lot-dua-leo-tuoi-lana-tube-80g-p193111302.html?spid=193111303,kem lột dưa leo
186646648,"Sữa Rửa Mặt Sạch Mụn PERFECT FOAMING 120ml, Làm Sạch Sâu, Có Đầu Cọ Massage Tạo Bọt, Trắng Hồng, Đào Thải Độc Tố",99000.0,99000.0,0.0,4.5,2,,https://tiki.vnsua-rua-mat-perfect-foaming-lam-sach-sau-co-dau-co-massage-tao-bot-trang-hong-dao-thai-doc-to-dung-tich-120ml-p186646648.html?spid=186646649,sữa rửa mặt sạch
184880949,"Sữa rửa mặt thảo dược Face wash Kingphar , tube 100ml, làm sạch, làm trắng , dưỡng ẩm da",55000.0,55000.0,0.0,0.0,0,,https://tiki.vnsua-rua-mat-thao-duoc-face-wash-kingphar-tube-100ml-lam-sach-lam-trang-duong-am-da-p184880949.html?spid=184880950,sữa rửa mặt thảo dược
161368381,Dung dịch tẩy tế bào chết Paula’s Choice Skin Perfecting 2% BHA Liquid Exfoliant 118 ml-2010,590000.0,949000.0,359000.0,4.5,12,,https://tiki.vndung-dich-tay-te-bao-chet-2-bha-paula-s-choice-skin-perfecting-2-bha-liquid-exfoliant-p161368381.html?spid=276310847,dung dịch tẩy tế bào chết
119251243,Sữa rửa mặt dịu lành cho da nhạy cảm Cetaphil Gentle Skin Cleanser 500ml,445000.0,445000.0,0.0,4.8,197,,https://tiki.vnsua-rua-mat-lam-sach-diu-nhe-khong-xa-phong-cetaphil-gentle-skin-cleanser-500ml-p119251243.html?spid=119251244,sữa rửa mặt dịu lành
114271269,Bộ đôi Kem chống nắng dạng sữa dưỡng da kiềm dầu bảo vệ hoàn hảo (Anessa Gold Milk 60ml x2),1129500.0,1430000.0,300500.0,4.7,28,,https://tiki.vnbo-doi-kem-chong-nang-dang-sua-duong-da-kiem-dau-bao-ve-hoan-hao-anessa-gold-milk-60ml-x2-p114271269.html?spid=272278925,bộ kem chống nắng
100974945,Nước cân bằng dưỡng ẩm The history of Whoo Gongjinhyang Essential Moisturizing Balancer 150ml,1071000.0,1450000.0,379000.0,5.0,1,,https://tiki.vnnuoc-can-bang-duong-am-the-history-of-whoo-gongjinhyang-essential-moisturizing-balancer-150ml-p100974945.html?spid=100974946,nước cân bằng dưỡng ẩm the
74307186,Serum Tinh Chất Chấm Mụn Lành Tính Nhanh Xẹp Mụn Chống Thâm Và Sẹo Rỗ DewyTree The Clean Lab AC DEW Calamine Blemish Spot 20ml,297500.0,350000.0,52500.0,4.8,180,,https://tiki.vntinh-chat-cham-mun-dewytree-the-clean-lab-ac-dew-calamine-blemish-spot-20ml-p74307186.html?spid=74307187,serum tinh chất chấm mụn
70607697,KEM MASAGE TINH DÂU JPJOBA (DERMA FACE DEEP MASSAGE) LARIAN+,850000.0,850000.0,0.0,0.0,0,,https://tiki.vnkem-masage-tinh-dau-jpjoba-derma-face-deep-massage-larian-p70607697.html?spid=70607698,kem masage tinh dâu jpjoba
57647251,Kem Chống Nắng Bảo Vệ Và Giúp Giảm Các Dấu Hiệu Lão Hóa Vichy Capital Ideal Soleil Anti-Ageing SPF50+ UVB+UVA 50ML,345000.0,345000.0,0.0,4.1,9,,https://tiki.vnkem-chong-nang-bao-ve-va-giup-giam-cac-dau-hieu-lao-hoa-vichy-capital-ideal-soleil-anti-ageing-spf50-uvb-uva-50ml-p57647251.html?spid=65043193,kem chống nắng bảo vệ
50889283,BÔNG TẨY TRANG MINISO Hộp 1000 MIẾNG,37500.0,37500.0,0.0,3.8,6,,https://tiki.vnbong-tay-trang-miniso-hop-1000-mieng-p50889283.html?spid=63052802,bông tẩy trang miniso hộp
26173781,"KEM GIÚP TÁI TẠO DA , PHỤC HỒI DA HƯ TỔN , LÀM TRẮNG DA ( MS : ML - 007)12g",95000.0,95000.0,0.0,0.0,0,,https://tiki.vnkem-giup-tai-tao-da-phuc-hoi-da-hu-ton-lam-trang-da-ms-ml-007-12g-p26173781.html?spid=221223319,kem giúp tái tạo da
13411300,Bộ 4 hộp bông tẩy trang Silcot (82 miếng/hộp),142000.0,142000.0,0.0,4.7,18,,https://tiki.vnbo-4-hop-bong-tay-trang-silcot-82-mieng-hop-p13411300.html?spid=66957163,hộp bông tẩy trang
10863627,Sữa Rửa Mặt Kèm Tẩy Trang Lá Đào Naive (200g),107900.0,107900.0,0.0,4.8,8,,https://tiki.vnsua-rua-mat-kem-tay-trang-la-dao-naive-200g-p10863627.html?spid=63464737,sữa rửa mặt trang
6188165,Omar Sharif Paris - Anti Trouble Plus Cream - Kem Dưỡng Đêm chống Lão Hóa,630000.0,630000.0,0.0,0.0,0,,https://tiki.vnomar-sharif-paris-anti-trouble-plus-cream-kem-duong-dem-chong-lao-hoa-p6188165.html?spid=6188167,omar sharif paris anti
5429997,Tinh Chất Dưỡng Ẩm Cho Mọi Làn Da Vichy Aqualia Thermal Rehydrating Serum (30ml) - MB065100,1290000.0,1290000.0,0.0,0.0,0,,https://tiki.vntinh-chat-duong-am-cho-moi-lan-da-vichy-aqualia-thermal-rehydrating-serum-30ml-mb065100-p5429997.html?spid=66621635,tinh chất dưỡng ẩm
1313905,"Tinh chất vitamin C dưỡng trắng da, chống thâm nám Melano CC Whitening Essence 20ml",249000.0,350000.0,101000.0,4.7,576,,https://tiki.vntinh-chat-vitamin-c-duong-trang-da-chong-tham-nam-melano-cc-whitening-essence-20ml-p1313905.html?spid=10862625,tinh chất vitamin c dưỡng trắng
877472,Combo 10 Mặt Nạ Dermal Tinh Chất Collagen Các Loại - Giao Mẫu Ngẫu Nhiên,95000.0,145000.0,50000.0,4.1,36,,https://tiki.vncombo-10-mat-na-dermal-tinh-chat-collagen-cac-loai-giao-mau-ngau-nhien-p877472.html?spid=878784,combo mặt nạ dermal tinh chất
278787175,Bộ Dưỡng Da Chống Lão Hóa Ohui Age Recovery Special Set 3pcs,2758000.0,3500000.0,742000.0,0.0,0,,https://tiki.vnbo-duong-da-chong-lao-ho-a-ohui-age-recovery-special-set-3pcs-p278787175.html?spid=278787176,bộ dưỡng da chống lão
278786821,Kem Chống Nắng Chống Nhăn The Whoo UV Ultimate Anti Wrinkle Sunscreen Upsize 75ml,1261000.0,1600000.0,339000.0,0.0,0,,https://tiki.vnkem-chong-nang-chong-nhan-the-whoo-uv-ultimate-anti-wrinkle-sunscreen-upsize-75ml-p278786821.html?spid=278786822,kem chống nắng chống
278650229,Kem dưỡng phục hồi Bioderma cicabio crème 40mL ,385000.0,385000.0,0.0,0.0,0,,https://tiki.vnkem-duong-phuc-hoi-bioderma-cicabio-creme-40ml-p278650229.html?spid=278650230,kem dưỡng phục hồi bioderma
278628246,Gel chấm mụn Pharmaform Spot Eliminator Acne (15ml) - Hàng chính hãng,249000.0,249000.0,0.0,0.0,0,,https://tiki.vngel-cham-mun-pharmaform-spot-eliminator-acne-15ml-hang-chinh-hang-p278628246.html?spid=278628248,gel chấm mụn pharmaform
278457452,Nước thần đỏ Shiseido Eudermine Activating Essence 145ml,1944000.0,2160000.0,216000.0,0.0,0,,https://tiki.vnnuoc-than-do-shiseido-eudermine-activating-essence-145ml-p278457452.html?spid=278457453,nước thần đỏ shiseido
277275696,Tinh Chất Tự Sinh Chống Lão Hóa Whoo Bichup Ultimate Recovery Youth Serum 50ml,2758000.0,3500000.0,742000.0,0.0,0,,https://tiki.vntinh-chat-tu-sinh-chong-lao-hoa-whoo-bichup-ultimate-recovery-youth-serum-50ml-p277275696.html?spid=277275697,tinh chất tự sinh chống lão
277020768,Gel Rửa Mặt Simple Dưỡng Ẩm Cho Da Dạng Gel 150ml Water Boost Micellar Facial Gel Wash,135000.0,140500.0,5500.0,0.0,0,,https://tiki.vnsua-rua-mat-simple-duong-am-cho-da-dang-gel-150ml-water-boost-micellar-facial-gel-wash-p277020768.html?spid=277020769,gel rửa mặt simple dưỡng
276421961,"Serum dưỡng ẩm cho da mụn, nhạy cảm Hada Labo Acne Care Calming Serum 30ml",275000.0,350000.0,75000.0,0.0,0,,https://tiki.vnserum-duong-am-cho-da-mun-nhay-cam-hada-labo-acne-care-calming-serum-30ml-p276421961.html?spid=276421962,serum dưỡng ẩm da mụn
276380600,Combo 10 Mặt Nạ Phục Hồi Chuyên Sâu WonJin Effect Nourising Supplement Mask 30g,279000.0,400000.0,121000.0,5.0,1,,https://tiki.vncombo-10-mat-na-phuc-hoi-chuyen-sau-wonjin-effect-nourising-supplement-mask-30g-p276380600.html?spid=276380601,combo mặt nạ phục hồi chuyên sâu
276181086,"Combo 10 Mặt Nạ Cấp Ẩm Đa Tầng, Căng bóng Da BNBG PDRN Hydrating Skinbooster Mask 30ML",220000.0,419000.0,199000.0,0.0,0,,https://tiki.vncombo-10-mat-na-phuc-hoi-da-bnbg-placenta-relaxing-skinbooster-30mlx10-p276181086.html?spid=276181087,combo mặt nạ cấp tầng
276002471,"[Mẫu Mới] Gel Rửa Mặt Dành Cho Da Dầu, Nhạy Cảm La Roche-Posay Effaclar",45000.0,45000.0,0.0,5.0,1,,https://tiki.vnmau-moi-gel-rua-mat-danh-cho-da-dau-nhay-cam-la-roche-posay-effaclar-p276002471.html?spid=276002473,mẫu gel rửa mặt
275798232,Nước dưỡng da chiết xuất vitamin c s select 500ml/chai,129328.0,179000.0,49672.0,0.0,0,,https://tiki.vnnuoc-duong-da-chiet-xuat-vitamin-c-s-select-500ml-chai-p275798232.html?spid=275798235,nước dưỡng da chiết xuất vitamin
275410038,Tẩy da chết mặt Compliment giảm mụn sạch da,95000.0,95000.0,0.0,5.0,1,,https://tiki.vntay-da-chet-mat-compliment-giam-mun-sach-da-p275410038.html?spid=276653616,tẩy da chết mặt
273038617,Serum Hỗ Trợ Căng Bóng Da Kyung Lab HAB5 Plus Hydra Ampoule 50ml,350000.0,350000.0,0.0,5.0,2,,https://tiki.vnserum-ho-tro-cang-bong-da-kyung-lab-hab5-plus-hydra-ampoule-50ml-p273038617.html?spid=273038618,serum hỗ trợ căng bóng
271793613,Gel Chống Nắng Anessa Perfect UV Sunscreen Skincare 15ml,55000.0,55000.0,0.0,5.0,1,,https://tiki.vngel-chong-nang-anessa-perfect-uv-sunscreen-skincare-15ml-p271793613.html?spid=271793614,gel chống nắng anessa
263108710,Dưỡng Chất Chống Nắng L'Oreal Paris Uv Defender Serum Protector Invisible Fluid 50ml,265000.0,265000.0,0.0,5.0,4,,https://tiki.vnduo-ng-cha-t-cho-ng-na-ng-l-oreal-paris-uv-defender-serum-protector-invisible-fluid-50ml-p263108710.html?spid=273815048,dươ ng châ t
248539431,Sữa chống nắng cho da nhạy cảm Senka Perfect UV Gentle Milk A 40ml,248600.0,248600.0,0.0,0.0,0,,https://tiki.vnsua-chong-nang-cho-da-nhay-cam-senka-perfect-uv-gentle-milk-a-40ml-p248539431.html?spid=272310541,sữa chống nắng da
229700086,"Kem Dưỡng Ẩm Căng Bóng Da Cosmeheal SuperShine Hydration - Phục Hồi, Mờ Nếp Nhăn, Trẻ Hóa Làn Da | Kelly Beauty",1500000.0,1500000.0,0.0,0.0,0,,https://tiki.vnkem-cap-nuoc-cang-bong-da-cosmeheal-supershine-hydration-phuc-hoi-mo-nep-nhan-tre-hoa-lan-da-kelly-beauty-p229700086.html?spid=229700087,kem dưỡng ẩm căng
208129495,Tẩy tế bào chết vật lý  dành cho mọi làn da Dermalogical Daily Microfoliant 73g,580000.0,580000.0,0.0,0.0,0,,https://tiki.vnhcm-tay-te-bao-chet-vat-ly-dermalogical-daily-microfoliant-73g-danh-cho-moi-lan-da-p208129495.html?spid=208129499,tẩy tế bào chết vật lý
191822504,Nước Tẩy Trang làm Sạch Sâu Garnier Micellar Cleansing Water,32500.0,65000.0,32500.0,0.0,0,,https://tiki.vnnuoc-tay-trang-lam-sach-sau-garnier-micellar-cleansing-water-p191822504.html?spid=278070401,nước tẩy trang làm sạch
191081573,Sữa Rửa Mặt Cho Da Nhờn Mụn CeraVe Foaming Cleanser Gel Moussant 236ml,340000.0,340000.0,0.0,4.8,22,,https://tiki.vnsua-rua-mat-cho-da-thuong-den-da-dau-cerave-foaming-cleanser-gel-moussant-236ml-p191081573.html?spid=191081574,sữa rửa mặt da
188847073,"Gel rửa mặt BHA Compliment No Problem làm sạch sâu, giảm viêm & mụn 200ml",79000.0,79000.0,0.0,5.0,19,,https://tiki.vngel-rua-mat-giam-mun-compliment-no-problem-200ml-p188847073.html?spid=188847075,gel rửa mặt bha
171564938,"Kem chống nắng vật lý Skin Aqua kiềm dầu, dạng sữa dùng hàng ngày Sunplay Skin Aqua Mineral Defense Oil Clear Milk SPF50+ PA++++ 25g",109000.0,139000.0,30000.0,4.7,27,,https://tiki.vnkem-chong-nang-vat-ly-skin-aqua-kiem-dau-dang-sua-dung-hang-ngay-sunplay-skin-aqua-mineral-defense-oil-clear-milk-spf50-pa-25g-p171564938.html?spid=171564939,kem chống nắng vật lý
163026845,"Nước Tẩy Trang Eveline Hyaluron Clinic B5 Và Tinh Chất Rau Má Làm Dịu, Dưỡng Ẩm Phục Hồi Da 500ML",187000.0,187000.0,0.0,4.6,5,,https://tiki.vnnuoc-tay-trang-eveline-hyaluron-clinic-b5-va-tinh-chat-rau-ma-lam-diu-duong-am-va-phuc-hoi-da-500ml-p163026845.html?spid=163026846,nước tẩy trang eveline hyaluron
159886869,"Kem dưỡng ngày trắng da, làm sáng da,làm mờ dấu hiệu lão hóa da Lá House Herbal White DD Cream SPF 60PA+++ 10ml/30ml",445000.0,445000.0,0.0,5.0,57,,https://tiki.vnkem-duong-ngay-trang-da-lam-sang-da-ngan-ngua-lao-hoa-da-la-house-herbal-white-dd-cream-spf-60pa-10ml-30ml-p159886869.html?spid=159886871,kem dưỡng ngày trắng
138189005,Kem Dưỡng Tranexamic Acid Mờ Nám Chuyên Sâu Angel's Liquid Mela Cream,480000.0,999000.0,519000.0,0.0,0,,https://tiki.vnkem-duong-tranexamic-acid-mo-nam-chuyen-sau-angel-s-liquid-mela-cream-50ml-p138189005.html?spid=276139347,kem dưỡng tranexamic acid
113517884,Bộ sản phẩm làm sạch sâu dành cho da nhạy cảm La Roche-Posay Effaclar Double Cleansing,745000.0,745000.0,0.0,5.0,1,,https://tiki.vnbo-san-pham-lam-sach-sau-danh-cho-nha-y-ca-m-la-roche-posay-effaclar-double-cleansing-p113517884.html?spid=271328935,sản phẩm làm sạch sâu
79411386,"Kem chống nắng nâng tông Skin Aqua Tone up Rose cho da trắng, khuyết điểm xanh hoặc tái xanh, dạng tinh chất Sunplay Skin Aqua Tone Up UV Essence Happiness Aura (Rose) SPF 50+ PA++++ 50g",156000.0,199000.0,43000.0,4.8,216,,https://tiki.vnkem-chong-nang-nang-tong-skin-aqua-tone-up-rose-cho-da-trang-khuyet-diem-xanh-hoac-tai-xanh-dang-tinh-chat-sunplay-skin-aqua-tone-up-uv-essence-happiness-aura-rose-spf-50-pa-50g-p79411386.html?spid=79411387,kem chống nắng nâng
78020987,Nước Tẩy Trang NIVEA Ngừa Mụn Acne Care Micellar Water (400ML) - 80116,120000.0,189000.0,69000.0,0.0,0,,https://tiki.vnnuoc-tay-trang-nivea-ngua-mun-acne-care-micellar-water-400ml-80116-p78020987.html?spid=273568718,nước tẩy trang nivea ngừa
58976113,Sữa Rửa Mặt Tạo Bọt Ngừa Mụn Oriss 100g - Chuyên Dành Cho Da Mụn,110000.0,149000.0,39000.0,4.8,101,,https://tiki.vnsua-rua-mat-ngua-mun-oriss-100g-chuyen-danh-cho-da-mun-p58976113.html?spid=58976114,sữa rửa mặt tạo
56419118,Dưỡng Chất Dưỡng Da LANCOME Advanced Genifique Serum B 20Ml,1250000.0,1250000.0,0.0,0.0,0,,https://tiki.vnduong-chat-duong-da-lancome-advanced-genifique-serum-b-20ml-p56419118.html?spid=274208523,dưỡng chất dưỡng da lancome
54583365,Bộ dưỡng tái sinh da Whoo Cheongidan Radiant 3pcs Gift Set 60ml,355000.0,650000.0,295000.0,4.5,4,,https://tiki.vnbo-duong-tai-sinh-da-whoo-cheongidan-radiant-3pcs-gift-set-60ml-p54583365.html?spid=54583366,bộ dưỡng tái sinh da whoo
52280564,"Kem chống nắng nâng tông Skin Aqua Tone up Mint Green cho da trắng có khuyết điểm đỏ, dạng sữa Sunplay Skin Aqua Tone Up UV Milk Mint Green SPF 50+ PA++++ 50g",156000.0,199000.0,43000.0,4.8,708,,https://tiki.vnkem-chong-nang-nang-tong-skin-aqua-tone-up-mint-green-cho-da-trang-co-khuyet-diem-do-dang-sua-sunplay-skin-aqua-tone-up-uv-milk-mint-green-spf-50-pa-50g-p52280564.html?spid=52280565,kem chống nắng nâng
51540377,Kem chống nắng dạng sữa dưỡng da kiềm dầu bảo vệ hoàn hảo Anessa Perfect UV Sunscreen Skincare Milk SPF 50+ PA++++ 20ml,242500.0,285000.0,42500.0,4.8,30,,https://tiki.vnkem-chong-nang-dang-sua-duong-da-kiem-dau-bao-ve-hoan-hao-anessa-perfect-uv-sunscreen-skincare-milk-spf-50-pa-20ml-p51540377.html?spid=59495564,kem chống nắng dạng
32385862,Bộ Tái Sinh Da Ohui The First Geniture Special Gift Set 5pcs,480000.0,870000.0,390000.0,4.6,39,,https://tiki.vnbo-tai-sinh-da-ohui-the-first-geniture-special-gift-set-5pcs-p32385862.html?spid=59574643,tái sinh da ohui the
25704865,Vichy Kem Dưỡng Chống Nhăn Săn Chắc Da Ban Đêm Liftactiv Ds Night Cream 50ml,1200000.0,1200000.0,0.0,3.7,3,,https://tiki.vnvichy-kem-duong-chong-nhan-san-chac-da-ban-dem-liftactiv-ds-night-cream-50ml-p25704865.html?spid=31183184,vichy kem dưỡng chống
13410632,Combo 6 hộp bông tẩy trang Silcot (82 miếng/hộp),225000.0,225000.0,0.0,4.8,45,,https://tiki.vncombo-6-hop-bong-trang-diem-silcot-82-mieng-hop-p13410632.html?spid=66957862,combo hộp bông tẩy trang
12434246,Bộ Kem Dưỡng Chống Lão Hoá Giảm Nếp Nhăn Ngày Và Đêm L'Oreal Paris Revitalift 50ml,680000.0,680000.0,0.0,5.0,2,,https://tiki.vnbo-kem-duong-chong-lao-hoa-giam-nep-nhan-ngay-va-dem-l-oreal-paris-revitalift-50ml-p12434246.html?spid=271143897,kem dưỡng chống lão hóa
11371145,Bông Tẩy Trang Ipek 130 Miếng,45000.0,45000.0,0.0,5.0,1,,https://tiki.vnbong-tay-trang-ipek-130-mieng-p11371145.html?spid=13307832,bông trang ipek
7855324,Bông tẩy trang IPEK 150 Miếng (Thổ Nhĩ Kì),35000.0,35000.0,0.0,4.3,23,,https://tiki.vnbong-tay-trang-ipek-150-mieng-tho-nhi-ki-p7855324.html?spid=13308991,bông trang ipek
276938559,Kem Tẩy Tế Bào Da Chết Cho Môi Kissme Puchi Mochi Lips Scrub (Tuýp 10 G),470000.0,470000.0,0.0,0.0,0,,https://tiki.vnkem-tay-te-bao-da-chet-cho-moi-kissme-puchi-mochi-lips-scrub-tuyp-10g-p276938559.html?spid=276938560,kem tẩy tế bào da
276688707, Kem dưỡng da HADA LABO 50g,216000.0,216000.0,0.0,0.0,0,,https://tiki.vnkem-duong-da-hada-labo-50g-p276688707.html?spid=276688713,kem dưỡng da hada
276563648,Sữa rửa mặt SIMPLE dưỡng ẩm 150ml,138000.0,138000.0,0.0,0.0,0,,https://tiki.vnsua-rua-mat-simple-duong-am-150ml-p276563648.html?spid=276563654,sữa rửa mặt simple dưỡng
276548688,"Toner Compliment AHA BHA acids sạch sâu, giảm mụn, se khít chân lông (XANH) 200ml",110000.0,110000.0,0.0,0.0,0,,https://tiki.vntoner-compliment-aha-bha-acids-sach-sau-giam-mun-se-khit-chan-long-xanh-200ml-p276548688.html?spid=276548689,toner compliment aha bha
276545427,Kem Bioderma Se Khít Lỗ Chân Lông Sebium 30ml,475000.0,475000.0,0.0,0.0,0,,https://tiki.vnkem-bioderma-se-khit-lo-chan-long-sebium-30ml-p276545427.html?spid=276550649,kem bioderma se khít
276400313,"Sữa rửa mặt da dầu mụn không có xà phòng, loại bỏ tế bào chết SVR SEBIACLEAR GEL MOUSSANT 55ml/200/400ml",155000.0,155000.0,0.0,0.0,0,,https://tiki.vnsua-rua-mat-da-dau-mun-khong-co-xa-phong-loai-bo-te-bao-chet-svr-sebiaclear-gel-moussant-55ml-200-400ml-p276400313.html?spid=276400315,sữa rửa mặt da
275627200,Dưỡng chất giảm thâm nám và dưỡng sáng toàn diện La Roche-Posay Mela B3 serum 30ml,980000.0,980000.0,0.0,0.0,0,,https://tiki.vnduong-chat-giam-tham-nam-va-duong-sang-toan-dien-la-roche-posay-mela-b3-serum-30ml-p275627200.html?spid=275699789,dưỡng chất giảm thâm nám
275614076,Dung dịch tẩy tế bào chết và tái tạo da Emmié All Target Skin Renewing Solution Pionin + 12% AHA/BHA/PHA (120ml) - Hàng chính hãng,259000.0,360000.0,101000.0,5.0,3,,https://tiki.vndung-dich-tay-te-bao-chet-va-tai-tao-da-emmie-all-target-skin-renewing-solution-pionin-12-aha-bha-pha-120ml-hang-chinh-hang-p275614076.html?spid=276160976,dung dịch tẩy tế bào chết
275588395,Tẩy Tế Bào Chết Rosette Dưỡng Sáng Da Gommage Bright Peel 180G,156750.0,185000.0,28250.0,4.8,5,,https://tiki.vntay-te-bao-chet-rosette-duong-sang-da-gommage-bright-peel-180g-p275588395.html?spid=276466259,tẩy tế bào chết rosette dưỡng
273969222,Sữa rửa mặt CeraVe dành cho da thường và da dầu CeraVe Foaming Facial Cleanser 473ml,440000.0,440000.0,0.0,0.0,0,,https://tiki.vnsua-rua-mat-cerave-danh-cho-da-thuong-va-da-dau-cerave-foaming-facial-cleanser-473ml-p273969222.html?spid=273969223,sữa rửa mặt cerave
273550521,Kem Dưỡng Ẩm Cho Da Khô CeraVe Moisturising Cream 454g,245000.0,245000.0,0.0,5.0,1,,https://tiki.vnkem-duong-am-cho-da-kho-cerave-moisturising-cream-454g-p273550521.html?spid=273550523,kem dưỡng ẩm da
272278680,"Serum chống nắng ngăn sạm, nám da Skin Aqua Nexta Shield Serum UV Essence SPF50+ PA++++ 50g ( dạng sữa)",275000.0,350000.0,75000.0,5.0,3,,https://tiki.vnserum-chong-nang-ngan-sam-nam-da-skin-aqua-nexta-shield-serum-uv-essence-spf50-pa-50g-dang-sua-p272278680.html?spid=272278681,serum chống nắng ngăn sạm
272278675,"Serum chống nắng ngăn sạm, nám da Skin Aqua Nexta Shield Serum UV Essence SPF50+ PA++++ 50g ( dạng tinh chất)",275000.0,350000.0,75000.0,4.5,7,,https://tiki.vnserum-chong-nang-ngan-sam-nam-da-skin-aqua-nexta-shield-serum-uv-essence-spf50-pa-50g-dang-tinh-chat-p272278675.html?spid=272278678,serum chống nắng ngăn sạm
271072283,Nước Tẩy Trang L'Oreal Làm Sạch Sâu Cho Da Dầu Revitalift Crystal Purifying Micellar Water 400ml,85000.0,85000.0,0.0,5.0,1,,https://tiki.vnnuoc-tay-trang-l-oreal-lam-sach-sau-cho-da-dau-revitalift-crystal-purifying-micellar-water-400ml-p271072283.html?spid=271072285,nước tẩy trang l oreal
270773076,Gel sữa rửa mặt Compliment No Problem giảm mụn,95000.0,95000.0,0.0,5.0,1,,https://tiki.vngel-sua-rua-mat-compliment-no-problem-giam-mun-p270773076.html?spid=270773078,gel sữa rửa mặt
260847275,"Gel giảm sẹo lồi, phì đại Rejuvasil",410000.0,460000.0,50000.0,4.6,323,,https://tiki.vngel-ngan-ngua-seo-va-la-m-giam-seo-lo-i-se-o-phi-da-i-rejuvasil-cua-rejuvaskin-p260847275.html?spid=38705967,gel giảm sẹo lồi
252393286,"Kem dưỡng ẩm cho da khô, da nhạy cảm Stanhome FLuid Duo 250ml/tuýp",599000.0,599000.0,0.0,0.0,0,,https://tiki.vnkem-duong-am-cho-da-kho-da-nhay-cam-stanhome-fluid-duo-250ml-tuyp-p252393286.html?spid=252393290,kem dưỡng ẩm da
243033958,Mặt Nạ Tinh Chất Rau Má Dành Cho Da Mụn 28 Miếng Saborino Morning Facial Sheet Cicacare 22,385000.0,550000.0,165000.0,5.0,2,,https://tiki.vnmat-na-tinh-chat-rau-ma-danh-cho-da-mun-28-mieng-saborino-morning-facial-sheet-cicacare-22-p243033958.html?spid=243033959,mặt nạ tinh chất rau má dành
222321965,Kem dưỡng phục hồi đa công dụng và làm dịu da La Roche-Posay Cicaplast Baume B5+ 40ml,325000.0,325000.0,0.0,0.0,0,,https://tiki.vnkem-duong-phuc-hoi-da-cong-dung-va-lam-diu-da-la-roche-posay-cicaplast-baume-b5-40ml-p222321965.html?spid=271339298,kem dưỡng phục hồi đa
208065087,"Strataderm 5g - Gel Silicone ngăn ngừa sẹo lồi, sẹo xấu, sẹo lâu năm",400000.0,400000.0,0.0,0.0,0,,https://tiki.vngel-silicone-ngan-ngua-seo-xau-strataderm-5g-p208065087.html?spid=208065089,strataderm gel silicone ngăn ngừa
195240272,Kem Dưỡng L'oreal Paris Sáng Mịn Mờ Thâm Nám Ban Ngày SPF17 Glycolic-Bright Glowing Cream Day 50ml,327000.0,369000.0,42000.0,5.0,7,,https://tiki.vnkem-duong-l-oreal-paris-sang-min-mo-tham-nam-ban-ngay-spf17-glycolic-bright-glowing-cream-day-50ml-p195240272.html?spid=195240274,kem dưỡng l oreal
190641506,Sữa Rửa Mặt Dịu Nhẹ Cho Da Dầu CeraVe Foaming Cleanser 473ml,485000.0,485000.0,0.0,0.0,0,,https://tiki.vnsua-rua-mat-diu-nhe-cho-da-thuong-den-da-dau-cerave-foaming-cleanser-473ml-p190641506.html?spid=271478644,sữa rửa mặt dịu
167981097,Trọn bộ 4 sản phẩm dưỡng sáng da Cetaphil Bright Healthy Radiance Sữa rửa mặt 100g + Nước cân bằng 150ml + Kem dưỡng ẩm ngày 50g và Kem dưỡng ẩm đêm 50g,2060000.0,2060000.0,0.0,0.0,0,,https://tiki.vntron-bo-4-san-pham-duong-sang-da-cetaphil-bright-healthy-radiance-sua-rua-mat-100g-nuoc-can-bang-150ml-kem-duong-am-ngay-50g-va-kem-duong-am-dem-50g-p167981097.html?spid=167981099,trọn sản phẩm dưỡng sáng
153824510,Obagi Retinol 0.5 (28g),1619000.0,1619000.0,0.0,0.0,0,,https://tiki.vnobagi-retinol-0-5-28g-p153824510.html?spid=275489857,obagi
149935995,Kem Sữa Rửa Mặt Ngừa Mụn VERLANE 80g,53000.0,53000.0,0.0,4.7,3,,https://tiki.vnkem-sua-rua-mat-ngua-mun-verlane-80g-p149935995.html?spid=149935996,kem sữa rửa mặt
142366252,Kem chống nắng LA ROCHE POSAY dành cho da dầu - ANTHELIOS XL DRY TOUCH GEL CREAM SPF50+ 50ml,580000.0,580000.0,0.0,5.0,1,,https://tiki.vnkem-chong-nang-la-roche-posay-danh-cho-da-dau-anthelios-xl-dry-touch-gel-cream-spf50-50ml-p142366252.html?spid=142366253,kem chống nắng la roche
120311470,La Roche-Posay Tinh Chất Phục Hồi Giúp Da Săn Chắc Hyalu B5 Serum 30ml,985000.0,985000.0,0.0,3.0,2,,https://tiki.vnla-roche-posay-tinh-chat-phuc-hoi-giup-da-san-chac-hyalu-b5-serum-30ml-p120311470.html?spid=273302229,la roche posay tinh chất
114271441,Bộ đôi Kem chống nắng dạng sữa dịu nhẹ cho da nhạy cảm và trẻ em (Anessa Mild Milk 60ml x2),1129500.0,1430000.0,300500.0,5.0,5,,https://tiki.vnbo-doi-kem-chong-nang-dang-sua-diu-nhe-cho-da-nhay-cam-va-tre-em-anessa-mild-milk-60ml-x2-p114271441.html?spid=272278861,bộ kem chống nắng
84751253,Kem Dưỡng Làm Dịu Dành Cho Da Bị Ngứa Mẩn Đỏ Và Bị Viêm Dùng Được Cho Trẻ Em Và Trẻ Sơ Sinh La Roche Posay Lipikar Baume AP+M 200ml,690000.0,690000.0,0.0,0.0,0,,https://tiki.vnkem-duong-lam-diu-danh-cho-da-bi-ngua-man-do-va-bi-viem-dung-duoc-cho-tre-em-va-tre-so-sinh-la-roche-posay-lipikar-baume-ap-m-200ml-p84751253.html?spid=263197295,kem dưỡng làm dịu
76137186,Bộ dưỡng tái sinh da OHUI The First Geniture 5pcs set,480000.0,898000.0,418000.0,4.8,16,,https://tiki.vnbo-duong-tai-sinh-da-ohui-the-first-geniture-5pcs-set-p76137186.html?spid=76137187,bộ dưỡng tái sinh da ohui
55613571,Kem Chống Nắng Tế Bào Gốc Kiềm Dầu Chống Nhăn Dưỡng Ẩm Trắng Da Cellkey-Scien Multi Perfect Sun Cream SPF50+PA++++ (50ml),485050.0,545000.0,59950.0,4.8,106,,https://tiki.vnkem-chong-nang-duong-trang-te-bao-goc-cellkey-scien-multi-perfect-sun-cream-50ml-p55613571.html?spid=55613577,kem chống nắng tế bào
54461832,Sữa Rửa Mặt Tạo Bọt NIVEA Chiết Xuất Hoa Hồng Hokkaido (100ml) - 84984,88000.0,105000.0,17000.0,5.0,1,,https://tiki.vnsua-rua-mat-tao-bot-nivea-chiet-xuat-hoa-hong-hokkaido-100ml-84984-p54461832.html?spid=273568514,sữa rửa mặt tạo
51540051,Kem chống nắng dạng sữa dưỡng da kiềm dầu bảo vệ hoàn hảo Anessa Perfect UV Sunscreen Skincare Milk SPF 50+ PA++++ 60ml,625000.0,625000.0,0.0,5.0,3,,https://tiki.vnkem-chong-nang-dang-sua-duong-da-kiem-dau-bao-ve-hoan-hao-anessa-perfect-uv-sunscreen-skincare-milk-spf-50-pa-60ml-p51540051.html?spid=273296269,kem chống nắng dạng
49304291,Tinh Chất cho da nhạy cảm Skin1004 Madagascar Centella Asiatica Ampoule 55ml,265000.0,265000.0,0.0,5.0,1,,https://tiki.vntinh-chat-cho-da-nhay-cam-skin1004-madagascar-centella-asiatica-ampoule-55ml-p49304291.html?spid=55528044,tinh chất da nhạy cảm skin
43824002,Miếng Dán Ép Sẹo giúp ngăn ngừa hình thành sẹo trên vết thương mới đồng thời làm Xẹp Sẹo Lồi / Phì Đại Rejuvaskin Scar FX 10x20cm,1700000.0,1700000.0,0.0,4.0,7,,https://tiki.vnmieng-dan-xoa-mo-seo-loi-phi-dai-scar-fx-10x20cm-p43824002.html?spid=43824003,miếng dán ép sẹo
25705568,Tinh Chất Khoáng Cô Đặc Vichy Minéral 89 (50ml),836000.0,836000.0,0.0,5.0,1,,https://tiki.vntinh-chat-khoang-co-dac-vichy-mineral-89-50ml-p25705568.html?spid=31183198,tinh chất khoáng đặc vichy
10046696,Bọt Rửa Mặt Làm Sạch Da Mụn Và Da Nhạy Cảm Vitara Facial Cleansing Foam Mouse,297000.0,297000.0,0.0,5.0,1,,https://tiki.vnbot-rua-mat-lam-sach-da-mun-va-da-nhay-cam-vitara-facial-cleansing-foam-mouse-p10046696.html?spid=10046697,bọt rửa mặt làm
2738479,Bộ 2 Hộp Silcot Bông Trang Điểm (bông tẩy trang) Nhật Bản Cao Cấp (66 Miếng/Hộp),83000.0,98000.0,15000.0,4.8,396,,https://tiki.vnbo-2-hop-silcot-bong-trang-diem-bong-tay-trang-nhat-ban-cao-cap-66-mieng-hop-p2738479.html?spid=13670129,hộp silcot bông trang điểm
278965246,Sữa rửa mặt Mistine Men Max Oil Control Cooling & Refreshing Facial Cleanser 100g,119600.0,159000.0,39400.0,0.0,0,,https://tiki.vnsua-rua-mat-mistine-men-max-p278965246.html?spid=278965262,sữa rửa mặt mistine
278672420,Kem dưỡng mắt Meishoku Placewhiter Eye Cream (5g/30g) - Hàng chính hãng,299000.0,399000.0,100000.0,0.0,0,,https://tiki.vnkem-duong-mat-meishoku-placewhiter-eye-cream-30g-hang-chinh-hang-p278672420.html?spid=278672422,kem dưỡng mắt meishoku
278631936,Combo 20 gói dầu xả Đông Y Whoo Spa Rinse (8ml x 1gói),165000.0,230000.0,65000.0,0.0,0,,https://tiki.vncombo-20-goi-dau-xa-dong-y-whoo-spa-rinse-8ml-x-1goi-p278631936.html?spid=278631937,combo gói dầu xả đông y
278327619,Kem chống nắng lâu trôi Cancer Council Daily Moisturiser Water Resistant SPF50+ (75ml/150ml) - Hàng chính hãng,319000.0,420000.0,101000.0,0.0,0,,https://tiki.vnkem-chong-nang-lau-troi-cancer-council-daily-moisturiser-water-resistant-spf50-75ml-150ml-hang-chinh-hang-p278327619.html?spid=278327621,kem chống nắng lâu
278325212,Kem chống nắng khóa ẩm Cancer Council Moisturising Sunscreen SPF50+ - Hàng chính hãng,299000.0,360000.0,61000.0,0.0,0,,https://tiki.vnkem-chong-nang-khoa-am-cancer-council-moisturising-sunscreen-spf50-hang-chinh-hang-p278325212.html?spid=278325214,kem chống nắng khóa
278123283,Kem Nám Trắng Da Mờ Thâm Se Khít Lỗ Chân Lông (Kem Nén) 15g E5,196000.0,196000.0,0.0,0.0,0,,https://tiki.vnkem-nam-trang-da-mo-tham-se-khit-lo-chan-long-kem-nen-15g-e5-p278123283.html?spid=278123284,kem nám trắng da mờ
277719890,"Kem trẻ hóa da Pime Remade Clean Toks Cream, hỗ trợ ngăn lão hóa, phục hồi da, tăng sinh collagen, làm sáng da 50g",790500.0,850000.0,59500.0,0.0,0,,https://tiki.vnkem-tre-hoa-da-pime-remade-clean-toks-cream-ho-tro-ngan-lao-hoa-phuc-hoi-da-tang-sinh-collagen-lam-sang-da-50g-p277719890.html?spid=277719891,kem trẻ hóa da
277516131,Sữa rửa mặt tái sinh da OHUI The First Geniture Foam Cleanser SET,1330000.0,1800000.0,470000.0,0.0,0,,https://tiki.vnsua-rua-mat-tai-sinh-da-ohui-the-first-geniture-foam-cleanser-set-p277516131.html?spid=277516132,sữa rửa mặt tái sinh
276800241,Mặt Nạ Siêu Dưỡng Ẩm Da Nhiều Tinh Chất Bihada-Syokunin Kose Nhật Bản Clear Turn 30 Miếng,339000.0,339000.0,0.0,0.0,0,,https://tiki.vnmat-na-sieu-duong-am-da-nhieu-tinh-chat-bihada-syokunin-kose-nhat-ban-clear-turn-30-mieng-p276800241.html?spid=276800242,mặt nạ siêu dưỡng ẩm da nhiều
276695749,Sữa Chống Nắng SUNPLAY Skin Aqua Clear White SPF50+ PA++++ 55g,223000.0,223000.0,0.0,0.0,0,,https://tiki.vnsua-chong-nang-sunplay-skin-aqua-clear-white-spf50-pa-55g-p276695749.html?spid=276695750,sữa chống nắng sunplay
276692842,Tinh chất chống nắng SUNPLAY skin aqua SPF50+ PA++++ 50g,195500.0,195500.0,0.0,0.0,0,,https://tiki.vntinh-chat-chong-nang-sunplay-skin-aqua-spf50-pa-50g-p276692842.html?spid=276692848,tinh chất chống nắng sunplay
275796078,Sữa rửa mặt Simple Refreshing Facial Wash giúp làm sạch da (50ml/150ml) - Hàng chính hãng,69000.0,89000.0,20000.0,0.0,0,,https://tiki.vnsua-rua-mat-simple-refreshing-facial-wash-giup-lam-sach-cho-da-nhay-cam-50ml-150ml-hang-chinh-hang-p275796078.html?spid=275796084,sữa rửa mặt simple
275733110, Mini 12ml Kem Chống Nắng Perfect UV Sunscreen Mild Milk,75000.0,75000.0,0.0,0.0,0,,https://tiki.vnmini-12ml-kem-chong-nang-perfect-uv-sunscreen-mild-milk-p275733110.html?spid=275733111,mini kem chống nắng
274724474,Mặt nạ Kyung Lab PDRN Therapy Mask,15000.0,15000.0,0.0,0.0,0,,https://tiki.vnmat-na-kyung-lab-pdrn-therapy-mask-p274724474.html?spid=274724498,mặt nạ kyung lab pdrn
274383456,Sữa Rửa Mặt Tẩy Trang Dưỡng Ẩm Ngăn Ngừa Lão Hóa Da Kosé Softymo Cleansing Foam (190 G),238000.0,238000.0,0.0,0.0,0,,https://tiki.vnsua-rua-mat-tay-trang-kose-softymo-cleansing-foam-duong-am-ngan-ngua-lao-hoa-da-190g-p274383456.html?spid=274383458,sữa rửa mặt tẩy
274380589,Mặt nạ đất sét Kiehls Rare Earth Deep Pore Cleansing Masque 125ml,175000.0,175000.0,0.0,5.0,3,,https://tiki.vnmat-na-dat-set-kiehls-rare-earth-deep-pore-cleansing-masque-125ml-p274380589.html?spid=274380592,mặt nạ đất sét kiehls rare
273954183,Serum cấp ẩm và làm dịu chiết xuất tinh chất rau má Kava Kaka Calming Anodin 50ml,375000.0,375000.0,0.0,0.0,0,,https://tiki.vnserum-cap-am-va-lam-diu-chiet-xuat-tinh-chat-rau-ma-kava-kaka-calming-anodin-50ml-p273954183.html?spid=273954184,serum cấp ẩm làm
273398079,Tinh Chất Phục Hồi Chuyên Sâu Độ Ẩm & Lành Tổn Thương Zakka Naturals Kintsugi Peptides Ultra Recovery Ampoule 30ml,531000.0,590000.0,59000.0,0.0,0,,https://tiki.vntinh-chat-phuc-hoi-chuyen-sau-lanh-ton-thuong-zakka-naturals-kintsugi-peptides-ultra-recovery-ampoule-30ml-p273398079.html?spid=273398080,tinh chất phục hồi chuyên sâu độ
270507537,Dầu Tẩy Trang Trắng Da Nhật Bản Kose Softymo White Cleansing Oil Chai Mini 60ml,89000.0,89000.0,0.0,5.0,1,,https://tiki.vndau-tay-trang-trang-da-nhat-ban-kose-softymo-white-cleansing-oil-chai-mini-60ml-p270507537.html?spid=270507538,dầu tẩy trang trắng da nhật bản
262663819,"Tinh Chất Dưỡng Sáng Da, Giảm Thâm Nám oh!oh! Skin Health Serum (Niacinamide & Acetyl Glucosamine) (30ml)",380000.0,380000.0,0.0,0.0,0,,https://tiki.vntinh-chat-duong-sang-da-giam-tham-nam-oh-oh-skin-health-serum-niacinamide-acetyl-glucosamine-30ml-p262663819.html?spid=262663823,tinh chất dưỡng sáng da
253536019,Kem chống nắng thảo dược phổ rộng Welcos Herietta UV System Leports Defence Sun Cream SPF50 PA+++ Hàn Quốc 70ml tặng móc khóa,185000.0,185000.0,0.0,0.0,0,,https://tiki.vnkem-chong-nang-thao-duoc-pho-rong-welcos-herietta-uv-system-leports-defence-sun-cream-spf50-pa-han-quoc-70ml-tang-moc-khoa-p253536019.html?spid=253536020,kem chống nắng thảo dược
253183283,[GARNIER] Tinh Chất Vitamin C Cô Đặc Giúp Sáng Da & Mờ Thâm Hiệu Quả Bright Complete Ampoule Serum 1.5ml/12x1.5ml,161500.0,161500.0,0.0,0.0,0,,https://tiki.vngarnier-tinh-chat-vitamin-c-co-dac-giup-sang-da-mo-tham-hieu-qua-bright-complete-ampoule-serum-1-5ml-12x1-5ml-p253183283.html?spid=271360133,garnier tinh chất vitamin c
225936854,Mặt nạ bí đao the Cocoon 30ml dùng cho da dầu mụn thuần chay,147250.0,155000.0,7750.0,0.0,0,,https://tiki.vnmat-na-bi-dao-the-cocoon-30ml-dung-cho-da-dau-mun-thua-n-chay-p225936854.html?spid=225936855,mặt nạ bí đao the cocoon
208065092,Strataderm 10g - Gel Silicone ngăn ngừa sẹo xấu,610000.0,610000.0,0.0,5.0,1,,https://tiki.vngel-silicone-ngan-ngua-seo-xau-strataderm-10g-p208065092.html?spid=208065094,strataderm gel silicone ngăn ngừa
202854237,Sữa dưỡng ẩm chuyên sâu chống mất nước da mặt Moist Barrier Balancing Emulsion M4 (200ml) từ Dermafirm,1890000.0,1890000.0,0.0,0.0,0,,https://tiki.vnsua-duong-am-chuyen-sau-chong-mat-nuoc-da-mat-moist-barrier-balancing-emulsion-m4-200ml-tu-dermafirm-p202854237.html?spid=202854238,sữa dưỡng ẩm chuyên sâu chống
197402623,Set mini Serum dưỡng da Lancome Advanced Geifique 10ml + Kem Mắt 5ml,385000.0,385000.0,0.0,5.0,1,,https://tiki.vnset-mini-serum-duong-da-lancome-advanced-geifique-10ml-kem-mat-5ml-p197402623.html?spid=273728307,set mini serum dưỡng da
164588102,Bộ travel size dưỡng ẩm sâu Hada Labo Advanced Nourish Travel kit (Kem rửa mặt 15g + Dung dịch dưỡng 20ml + Kem dưỡng 12g),80000.0,89000.0,9000.0,4.6,7,,https://tiki.vnbo-travel-size-duong-am-sau-hada-labo-advanced-nourish-travel-kit-kem-rua-mat-15g-dung-dich-duong-20ml-kem-duong-12g-p164588102.html?spid=164588103,travel size dưỡng ẩm sâu
122575045, Kem xóa nhăn và giảm thâm vùng mắt Dermafirm Bio Eye Concentrate Cream 15ml,1050000.0,1050000.0,0.0,0.0,0,,https://tiki.vnkem-xoa-nhan-va-giam-tham-vung-mat-dermafirm-bio-eye-concentrate-cream-15ml-p122575045.html?spid=122575046,kem xóa nhăn giảm thâm
114738534,Sữa Rửa Mặt Dưỡng Ẩm Tẩy Da Chết Whoo Gongjinhyang Clarifying Cleansing Foam 40ml,187000.0,300000.0,113000.0,0.0,0,,https://tiki.vnsua-rua-mat-whoo-hoang-cung-40ml-p114738534.html?spid=114738535,sữa rửa mặt dưỡng ẩm tẩy
109510910, Nước Xịt Khoáng Dưỡng Da Avene Thermal Spring Water 300ml (Tặng băng đô mèo xinh xắn màu sắc ngẫu nhiên),399000.0,399000.0,0.0,4.6,19,,https://tiki.vnnuoc-xit-khoang-duong-da-avene-thermal-spring-water-300ml-tang-bang-do-meo-xinh-xan-mau-sac-ngau-nhien-p109510910.html?spid=109510911,nước xịt khoáng dưỡng da
76440650,Tinh Chất Cấp Ẩm Đa Tầng Super HA Hyaluronic B5 Hydrating Serum Zakka Naturals 30ml,297000.0,330000.0,33000.0,5.0,10,,https://tiki.vntinh-chat-serum-cap-nuoc-phuc-hoi-da-super-hyaluronic-serum-30ml-zakka-naturals-p76440650.html?spid=76440651,tinh chất cấp tầng
67544815,Kem Dưỡng Phục Hồi Embryolisse Lait-Crème Concentré 30ml,269000.0,269000.0,0.0,5.0,15,,https://tiki.vnkem-duong-phuc-hoi-embryolisse-lait-creme-concentre-30ml-p67544815.html?spid=96906683,kem dưỡng phục hồi embryolisse
63042665,SERUM NGỪA MỤN THÂM - MỜ SẸO 25ML - MOC,270000.0,270000.0,0.0,4.6,28,,https://tiki.vnserum-ngua-mun-tham-mo-seo-25ml-moc-p63042665.html?spid=63042666,serum ngừa mụn thâm mờ
58543519,Kem chống nắng Sumdfine Sunscreen Hàn Quốc 50g,506000.0,506000.0,0.0,5.0,4,,https://tiki.vnkem-chong-nang-sumdfine-sunscreen-han-quoc-50g-p58543519.html?spid=58543520,kem chống nắng sumdfine
41356751,SỮA RỬA MẶT SKINICER REPAIR CLEANSER 100ML,880000.0,880000.0,0.0,5.0,1,,https://tiki.vnsua-rua-mat-skinicer-repair-cleanser-100ml-p41356751.html?spid=70023767,sữa rửa mặt skinicer
17904439,SỮA RỬA MẶT TRÀ XANH CAO CẤP HÀN QUỐC BENEW GREEN TEA FOAM CLEANSING ( 100ML ) - HÀNG CHÍNH HÃNG,65000.0,65000.0,0.0,3.0,1,,https://tiki.vnsua-rua-mat-tra-xanh-cao-cap-han-quoc-benew-green-tea-foam-cleansing-100ml-hang-chinh-hang-p17904439.html?spid=23722116,sữa rửa mặt trà
877370,Combo 10 Mặt Nạ Dermal Tinh Chất Collagen Với Chiết Xuất Ngọc Trai,115000.0,145000.0,30000.0,4.8,5,,https://tiki.vncombo-10-mat-na-dermal-tinh-chat-collagen-voi-chiet-xuat-ngoc-trai-p877370.html?spid=878684,combo mặt nạ dermal tinh chất
411327,Nước Xịt Khoáng Dưỡng Da Vichy 150ml - 100829485,248000.0,248000.0,0.0,5.0,2,,https://tiki.vnnuoc-xit-khoang-duong-da-vichy-150ml-100829485-p411327.html?spid=6708001,nước xịt khoáng dưỡng da
279081924,Nước cân bằng dưỡng sáng hồng da CNP Derma Answer Pink Toning Toner 200ml,421000.0,570000.0,149000.0,0.0,0,,https://tiki.vnnuoc-can-bang-duong-sang-hong-da-cnp-derma-answer-pink-toning-toner-200ml-p279081924.html?spid=279081925,nước cân bằng dưỡng sáng
279023115,"TENAMYD Kem chống nắng Vật Lý Doctor Mineral Face Care Sunscream SPF50+/PA++++ 50g nâng tone, dành cho da nhạy cảm, dễ kích ứng",559000.0,650000.0,91000.0,0.0,0,,https://tiki.vntenamyd-kem-chong-nang-vat-ly-doctor-mineral-face-care-sunscream-spf50-pa-50g-nang-tone-danh-cho-da-nhay-cam-de-kich-ung-p279023115.html?spid=279023116,tenamyd kem chống nắng
278758325,Kem Dưỡng Trắng Da Ohui Extreme White Niacinamide 10% TX Melatoning 60ml,1773000.0,2250000.0,477000.0,0.0,0,,https://tiki.vnkem-duong-trang-da-ohui-extreme-white-niacinamide-10-tx-melatoning-60ml-p278758325.html?spid=278758326,kem dưỡng trắng da
277980728,"Bộ dưỡng ẩm, cải thiện độ đàn hồi da Whoo Gong Jin Hyang Firming 5pcs Set GWP",385000.0,690000.0,305000.0,0.0,0,,https://tiki.vno-duong-am-cai-thien-do-dan-hoi-da-whoo-gong-jin-hyang-firming-5pcs-set-gwp-p277980728.html?spid=277980729,bộ dưỡng ẩm cải thiện độ
276734905,Khăn Lau Mặt Dùng 1 Lần PUFFME 200 Miếng/Bao,75000.0,75000.0,0.0,0.0,0,,https://tiki.vnkhan-lau-mat-tien-dung-puffme-200-mieng-bao-p276734905.html?spid=276734906,khăn lau mặt dùng
276245293,Nước Thần Dưỡng Trắng Da Cân Bằng Độ Ẩm Angel's Liquid Tone Up Whitening Program Glutathione Treatment Essence 150ml,380000.0,699000.0,319000.0,4.5,2,,https://tiki.vnnuoc-than-duong-trang-da-can-bang-do-am-angel-s-liquid-tone-up-whitening-program-glutathione-treatment-essence-150ml-p276245293.html?spid=276245294,nước thần dưỡng trắng da
276232275,Kem Dưỡng Ẩm Da NIVEA Crème (30 ml) - 80101,51000.0,51000.0,0.0,0.0,0,,https://tiki.vnkem-duong-am-da-nivea-creme-30-ml-80101-p276232275.html?spid=276232276,kem dưỡng ẩm da nivea
276075555,Combo 6 Hộp Silcot Bông Trang Điểm (bông tẩy trang) Nhật Bản (82 Miếng/Hộp) ,210000.0,260000.0,50000.0,0.0,0,,https://tiki.vncombo-6-hop-silcot-bong-trang-diem-bong-tay-trang-nhat-ban-82-mieng-hop-p276075555.html?spid=276075556,combo hộp silcot bông
275875969,Sữa Rửa Mặt CERAVE Hydrating Cleanser 473ml,470000.0,470000.0,0.0,0.0,0,,https://tiki.vnsua-rua-mat-cerave-hydrating-cleanser-473ml-p275875969.html?spid=275875970,sữa rửa mặt cerave
273815091,Serum L'Oreal Giảm Bọng Mắt & Làm Đầy Rãnh Nhăn 20ml Revitalift 2.5% Hyaluronic Acid + Caffeine Eye Serum,305000.0,305000.0,0.0,0.0,0,,https://tiki.vnserum-l-oreal-giam-bong-mat-lam-day-ranh-nhan-20ml-revitalift-2-5-hyaluronic-acid-caffeine-eye-serum-p273815091.html?spid=273815092,serum l oreal giảm
273608404,Kem Chống Nắng Garnier Kiềm Dầu Và Sáng Da Light Complete Super UV Matte SPF50+ PA+++ 30ml,245000.0,245000.0,0.0,0.0,0,,https://tiki.vnkem-chong-nang-garnier-kiem-dau-va-sang-da-light-complete-super-uv-matte-spf50-pa-30ml-p273608404.html?spid=274190276,kem chống nắng garnier
273502288,Tinh Chất Chống Nắng D Program Kiềm Dầu Allerdefense Essence N SPF50+ PA+++ 40ml,690000.0,690000.0,0.0,0.0,0,,https://tiki.vntinh-chat-chong-nang-d-program-kiem-dau-allerdefense-essence-n-spf50-pa-40ml-p273502288.html?spid=276449094,tinh chất chống nắng d
273429907,"CeraVe Hydrating Cleanser - Sữa Rửa Mặt Cho Da Khô, Hỗn Hợp Khô Nhạy Cảm",65000.0,65000.0,0.0,0.0,0,,https://tiki.vncerave-hydrating-cleanser-sua-rua-mat-cho-da-kho-hon-hop-kho-nhay-cam-p273429907.html?spid=273429909,cerave hydrating cleanser sữa
273429674,Kem Dưỡng Giảm Mụn La Roche-Posay Effaclar Duo+ 15ml,65000.0,65000.0,0.0,0.0,0,,https://tiki.vnkem-duong-giam-mun-la-roche-posay-effaclar-duo-15ml-p273429674.html?spid=273429679,kem dưỡng giảm mụn la
272135764,Kem dưỡng da ban đêm Regennerating Cream,800000.0,800000.0,0.0,0.0,0,,https://tiki.vnkem-duong-da-ban-dem-regennerating-cream-p272135764.html?spid=272135765,kem dưỡng da ban đêm
263108910,Nước Tẩy Trang L'Oreal Paris Giúp Căng Mịn Da Revitalift Hyaluronic Acid Micellar Water 400ml,242000.0,242000.0,0.0,0.0,0,,https://tiki.vnnuoc-tay-trang-l-oreal-paris-giup-cang-min-da-revitalift-hyaluronic-acid-micellar-water-400ml-p263108910.html?spid=273815088,nước tẩy trang l oreal
244317327,Tinh chất nghệ Hưng Yên x2.2 (serum) với 22% vitamin C sáng da chuyên sâu & mờ vết thâm Thuần chay 30ml,465000.0,465000.0,0.0,0.0,0,,https://tiki.vntinh-chat-nghe-hung-yen-x2-2-serum-voi-22-vitamin-c-sang-da-chuyen-sau-mo-vet-tham-thuan-chay-30ml-p244317327.html?spid=244317328,tinh chất nghệ hưng yên x
241946570,Combo 2 chai Dung dịch chấm mụn bí đao Cocoon 5ml/chai dành cho mụn sưng viêm,237500.0,250000.0,12500.0,5.0,1,,https://tiki.vncombo-2-chai-dung-dich-cham-mun-bi-dao-cocoon-5ml-chai-da-nh-cho-mu-n-sung-viem-p241946570.html?spid=241946572,combo chai dung dịch chấm mụn
222687800,[L'OREAL PARIS] Kem Dưỡng Ban Đêm AHA Giúp Mờ Thâm Nám Và Cấp Ẩm Tối Ưu Glycolic Bright Glowing Cream Night 50/15/7.5ml,35000.0,35000.0,0.0,5.0,1,,https://tiki.vnl-oreal-paris-kem-duong-ban-dem-aha-giup-mo-tham-nam-va-cap-am-toi-uu-glycolic-bright-glowing-cream-night-50-15-7-5ml-p222687800.html?spid=271129263,l oreal paris kem
206061314,Serum thải độc Detoxifying & Hydrating Essence Seoul de matte,500000.0,500000.0,0.0,0.0,0,,https://tiki.vnserum-detoxifying-hydrating-essence-seoul-de-matte-p206061314.html?spid=206061315,serum thải độc detoxifying
202217550,Hatomugi Hạt Ý Dĩ Nhật Bản 130/170gr,59000.0,59000.0,0.0,0.0,0,,https://tiki.vnhatomugi-hat-y-di-nhat-ban-130-170gr-p202217550.html?spid=202217552,hatomugi hạt ý dĩ nhật bản
176726878,Kem dưỡng phục hồi làm dịu da OBAGI CLINICAL Kinetin+ Hydrating Cream 50ml,1250000.0,1250000.0,0.0,5.0,1,,https://tiki.vnkem-duong-phuc-hoi-lam-diu-da-obagi-clinical-kinetin-hydrating-cream-50ml-p176726878.html?spid=275451612,kem dưỡng phục hồi làm
169128482,Sữa rửa mặt trắng da Hatomugi Cleansing Foam hạt Ý Dĩ,89000.0,89000.0,0.0,5.0,7,,https://tiki.vnsua-rua-mat-trang-da-hatomugi-cleansing-foam-hat-y-di-p169128482.html?spid=169128484,sữa rửa mặt trắng
149935949,Kem Nghệ Đa Sinh Tố Curmine LANA Tube 20g,53000.0,53000.0,0.0,0.0,0,,https://tiki.vnkem-nghe-da-sinh-to-curmine-lana-tube-20g-p149935949.html?spid=149935950,kem nghệ đa sinh tố curmine
129285536,"SERUM 5 CHAI HYDRO B5 PLUS 120ml Tặng 50g Mặt Nạ Dẻo (Dưỡng ẩm, Phục hồi, Tái tạo da) - Hàng Chính Hãng",2949000.0,2949000.0,0.0,0.0,0,,https://tiki.vncombo-5-chai-serum-hydro-b5-plus-120ml-hang-chinh-hang-p129285536.html?spid=129285537,serum chai hydro b
119706898,Combo Làm sạch và Dưỡng ẩm cho da nhạy cảm Sữa rửa mặt Cetaphil Gentle Skin Cleanser 250ml + Kem dưỡng ẩm Cetaphil Moisturizing Cream 50g,532000.0,532000.0,0.0,5.0,6,,https://tiki.vncombo-lam-sach-va-duong-am-cho-da-nhay-cam-sua-rua-mat-cetaphil-gentle-skin-cleanser-250ml-kem-duong-am-cetaphil-moisturizing-cream-50g-p119706898.html?spid=119706899,combo làm sạch dưỡng ẩm
97890747,Tinh Chất Cấp Ẩm Dạng Xịt 6 trong 1 Kirei JP - Hydration Booster 6in1 Spray Serum 100ml,399000.0,399000.0,0.0,4.2,6,,https://tiki.vntinh-chat-cap-am-dang-xit-6-trong-1-kirei-jp-hydration-booster-6in1-spray-serum-100ml-p97890747.html?spid=97890748,tinh chất cấp ẩm dạng xịt
97822766,Kem Dưỡng Ẩm Phục Hồi Và Làm Dịu Da Sau Đi Nắng Vichy Capital Ideal Soleil Soothing After-Sun Milk 100ml,189000.0,250000.0,61000.0,4.8,12,,https://tiki.vnkem-duong-am-phuc-hoi-va-lam-diu-da-sau-di-nang-vichy-capital-ideal-soleil-soothing-after-sun-milk-100ml-p97822766.html?spid=97822767,kem dưỡng ẩm phục hồi làm
74233382,Nước hoa cúc Kiehls Calendula Herbal-Extract Toner Alcohol-Free,250000.0,250000.0,0.0,0.0,0,,https://tiki.vnnuoc-hoa-cuc-kiehls-calendula-herbal-extract-toner-alcohol-free-p74233382.html?spid=274380716,nước hoa cúc kiehls calendula
73248731,Nước Tẩy Trang Dành Cho Da Nhạy Cảm BIODERMA Sensibio H2O 100ml - Tặng 1 Móc Khóa Nhựa 2 Mặt,299000.0,299000.0,0.0,4.7,3,,https://tiki.vnnuoc-tay-trang-danh-cho-da-nhay-cam-bioderma-sensibio-h2o-100ml-tang-1-moc-khoa-nhua-2-mat-p73248731.html?spid=73248732,nước tẩy trang dành da
68696621,Tinh chất dưỡng Lancome Advanced Genifique 10ml ,335000.0,335000.0,0.0,5.0,1,,https://tiki.vntinh-chat-duong-lancome-advanced-genifique-10ml-p68696621.html?spid=273728397,tinh chất dưỡng lancome advanced
58629747,Bộ kem dưỡng làm dịu mát và phục hồi làn da La Roche Posay Cicaplast Baume B5 Soothing Repairing Balm,465000.0,465000.0,0.0,5.0,3,,https://tiki.vnbo-kem-duong-lam-diu-mat-va-phuc-hoi-lan-da-la-roche-posay-cicaplast-baume-b5-soothing-repairing-balm-p58629747.html?spid=67435585,kem dưỡng làm dịu mát phục hồi
53498427,Dưỡng chất(Serum) dưỡng da giúp ngăn ngừa 10 dấu hiệu lão hóa & làm săn chắc làn da Vichy Liftactiv Supreme Serum 30ml,1745000.0,1745000.0,0.0,3.7,3,,https://tiki.vnduong-chat-serum-duong-da-giup-ngan-ngua-10-dau-hieu-lao-hoa-lam-san-chac-lan-da-vichy-liftactiv-supreme-serum-30ml-p53498427.html?spid=72580559,dưỡng chất dưỡng da giúp
48251541,"Serum dưỡng trắng, ngăn ngừa thâm nám RIC SKIN HA+ - Tái tạo làn da khỏe mạnh từ bên trong",248000.0,248000.0,0.0,4.0,4,,https://tiki.vnserum-duong-trang-ngan-ngua-tham-nam-ric-skin-ha-tai-tao-lan-da-khoe-manh-tu-ben-trong-p48251541.html?spid=74511676,serum dưỡng trắng ngăn ngừa thâm nám
34752320,Bộ gel rửa mặt bí đao cocoon 140ml + Toner nước cân băng da bí đao cocoon 140ml,299000.0,299000.0,0.0,0.0,0,,https://tiki.vnbo-gel-rua-mat-bi-dao-cocoon-140ml-toner-nuoc-can-bang-da-bi-dao-cocoon-140ml-p34752320.html?spid=76039808,bộ gel rửa mặt bí đao
32236260,Kem dưỡng ban đêm Sắc Ngọc Khang dưỡng sáng và mờ thâm nám 10g,262000.0,262000.0,0.0,4.5,94,,https://tiki.vnkem-duong-da-sac-ngoc-khang-ban-dem-10gram-p32236260.html?spid=32236261,kem dưỡng ban đêm sắc ngọc
26038200,Kem Chống Nắng Không Gây Nhờn Rít Vichy Ideal Soleil Dry Touch 50Ml 100986474,419000.0,485000.0,66000.0,4.5,10,,https://tiki.vnkem-chong-nang-khong-gay-nhon-rit-vichy-ideal-soleil-dry-touch-50ml-100986474-p26038200.html?spid=110249074,kem chống nắng gây
16061455,Nước tẩy trang Loreal Micellar Water 3-in-1 Refreshing Even For Sensitive Skin,154500.0,154500.0,0.0,5.0,68,,https://tiki.vnnuo-c-ta-y-trang-loreal-micellar-water-3-in-1-refreshing-even-for-sensitive-skin-p16061455.html?spid=84455246,nươ c tâ y trang
440397,Kem Dưỡng Phục Hồi Sau Khi Đi Nắng Stanhome After Sun 79071 (150ml),295000.0,295000.0,0.0,0.0,0,,https://tiki.vnkem-duong-phuc-hoi-sau-khi-di-nang-stanhome-after-sun-79071-150ml-p440397.html?spid=54570318,kem dưỡng phục hồi sau
279160969,Bộ Làm Sạch THE WHOO Gongjinhyang Clarifying Cleansing Duo Kit,369000.0,500000.0,131000.0,0.0,0,,https://tiki.vnbo-lam-sach-the-whoo-gongjinhyang-clarifying-cleansing-duo-kit-p279160969.html?spid=279160970,bộ làm sạch the
278900990,Tinh chất dưỡng sáng da Luvum Green Citrus Vitamin C Serum Plus (30ml) - Hàng chính hãng,599000.0,599000.0,0.0,0.0,0,,https://tiki.vntinh-chat-duong-sang-da-luvum-green-citrus-vitamin-c-serum-plus-30ml-hang-chinh-hang-p278900990.html?spid=278900992,tinh chất dưỡng sáng da
278855886,Sữa rửa mặt Simple Purifying Gel Wash (150ml) - Hàng chính hãng,139000.0,139000.0,0.0,0.0,0,,https://tiki.vnsua-rua-mat-simple-purifying-gel-wash-150ml-hang-chinh-hang-p278855886.html?spid=278855888,sữa rửa mặt simple
278737881,Bộ kem chống nắng chống lão hóa WHOO UV ULTIMATE Anti-Wrinkle Sunscreen Set,1182000.0,1600000.0,418000.0,0.0,0,,https://tiki.vnbo-kem-chong-nang-chong-lao-hoa-whoo-uv-ultimate-anti-wrinkle-sunscreen-set-p278737881.html?spid=278737882,kem chống nắng chống
278591386,"Sữa Rửa Mặt Tạo Bọt Làm Sạch Sâu,Dưỡng Sáng Da,Không Gây Mụn Sekkisei Kose Nhật Bản 130G",209000.0,209000.0,0.0,0.0,0,,https://tiki.vnsua-rua-mat-tao-bot-lam-sach-sau-duong-sang-da-khong-gay-mun-sekkisei-kose-nhat-ban-130g-p278591386.html?spid=278600695,sữa rửa mặt tạo
278325207,Kem chống nắng cho da nhạy cảm Cancer Council Sensitive Sunscreen SPF50+ - Hàng chính hãng,319000.0,380000.0,61000.0,0.0,0,,https://tiki.vnkem-chong-nang-cho-da-nhay-cam-cancer-council-sensitive-sunscreen-spf50-hang-chinh-hang-p278325207.html?spid=278325209,kem chống nắng da
278073666,Kem dưỡng ẩm da cấp nước Dr Muller Cộng Hòa Sec Panthenol B5 7% HA 30ml - HÀNG CHÍNH HÃNG,470000.0,470000.0,0.0,0.0,0,,https://tiki.vnkem-duong-am-da-cap-nuoc-dr-muller-cong-hoa-sec-panthenol-b5-7-ha-30ml-hang-chinh-hang-p278073666.html?spid=278073667,kem dưỡng ẩm da cấp nước
278042869,Kem Chống Nắng Some By Mi V10 Hyal Antioxidant Suncreen SPF 50+ PA++++ 40g,199000.0,199000.0,0.0,0.0,0,,https://tiki.vnkem-chong-nang-some-by-mi-v10-hyal-antioxidant-suncreen-spf-50-pa-40g-p278042869.html?spid=278042870,kem chống nắng some
277472722,Kem Dưỡng Cho Da Dầu Mụn Germaine PUREXPERT Hydro-Mattifying Gel-Cream | Kelly Beauty,1525000.0,1525000.0,0.0,0.0,0,,https://tiki.vnkem-duong-cho-da-dau-mun-germaine-purexpert-hydro-mattifying-gel-cream-kelly-beauty-p277472722.html?spid=270475251,kem dưỡng da dầu
276945183,Sữa rửa mặt Simple Micellar Gel Wash giúp cấp ẩm và sạch sâu cho da khô (150ml) - Hàng chính hãng,139000.0,139000.0,0.0,0.0,0,,https://tiki.vnsua-rua-mat-simple-micellar-gel-wash-giup-cap-am-va-sach-sau-cho-da-kho-150ml-hang-chinh-hang-p276945183.html?spid=276945184,sữa rửa mặt simple
276862655,Kem dưỡng nâng tông da PERFECT DIARY 40g dưỡng ẩm mỏng nhẹ sáng da tức thời,209000.0,307000.0,98000.0,0.0,0,,https://tiki.vnkem-duong-nang-tong-da-perfect-diary-40g-duong-am-mong-nhe-sang-da-tuc-thoi-p276862655.html?spid=276862656,kem dưỡng nâng tông
276435900,Mặt nạ ngủ dưỡng ẩm và phục hồi da chuyên sâu belif Multi Vitamin Mask,604000.0,830000.0,226000.0,0.0,0,,https://tiki.vnmat-na-ngu-duong-am-va-phuc-hoi-da-chuyen-sau-belif-multi-vitamin-mask-p276435900.html?spid=276435902,mặt nạ ngủ dưỡng ẩm phục hồi
276130106,Mặt nạ bí đao Cocoon 30ml ,145000.0,145000.0,0.0,5.0,1,,https://tiki.vnmat-na-bi-dao-cocoon-30ml-p276130106.html?spid=276130107,mặt nạ bí đao
275843747,Gel Giúp Loại Bỏ Tế Bào Da Chết Thu Nhỏ Lỗ Chân Lông 120G Rosette Gommage Clear Peel,180000.0,180000.0,0.0,5.0,1,,https://tiki.vngel-giup-loai-bo-te-bao-da-chet-thu-nho-lo-chan-long-120g-rosette-gommage-clear-peel-p275843747.html?spid=275843748,gel giúp loại bỏ tế bào
275588951,Serum B9 Vic Derma Folic Acid Phục Hồi Trẻ Hóa Vicderma,650000.0,650000.0,0.0,0.0,0,,https://tiki.vnserum-b9-vic-derma-folic-acid-phuc-hoi-tre-hoa-vicderma-p275588951.html?spid=275588952,serum b vic derma
274946150,Kem dưỡng tái sinh và trẻ hóa da 10 năm tuổi Whoo Hwanyu Imperial Youth Master Cream set ,12189000.0,16500000.0,4311000.0,0.0,0,,https://tiki.vnkem-duong-tai-sinh-va-tre-hoa-da-10-nam-tuoi-whoo-hwanyu-imperial-youth-master-cream-set-p274946150.html?spid=274946151,kem dưỡng tái sinh trẻ
274893328,Toner nước cân bằng da SEN Hậu Giang cocoon 310ml Thuần Chay,285000.0,300000.0,15000.0,0.0,0,,https://tiki.vntoner-nuoc-can-bang-da-sen-hau-giang-cocoon-310ml-thuan-chay-p274893328.html?spid=274893329,toner nước cân bằng da sen
273429865,Sữa Rửa Mặt Dịu Nhẹ Cho Da Dầu CeraVe Foaming Cleanser 236ml,65000.0,65000.0,0.0,0.0,0,,https://tiki.vnsua-rua-mat-diu-nhe-cho-da-dau-cerave-foaming-cleanser-236ml-p273429865.html?spid=271478245,sữa rửa mặt dịu
273186022,Sữa rửa mặt dưỡng trắng Melano CC Deep Clear Enzyme Face Wash 130g,142000.0,180000.0,38000.0,4.6,8,,https://tiki.vnsua-rua-mat-duong-trang-melano-cc-deep-clear-enzyme-face-wash-130g-p273186022.html?spid=273186024,sữa rửa mặt dưỡng trắng
272853260,"Sữa chống nắng bí đao Cocoon 15ml quang phổ rộng SPF 50+, PA++++, UVA – PF 62.6",175750.0,185000.0,9250.0,5.0,1,,https://tiki.vnsua-chong-nang-bi-dao-cocoon-15ml-quang-pho-rong-spf-50-pa-uva-pf-62-6-p272853260.html?spid=272853261,sữa chống nắng bí đao
272135712,Peel Plus (Peel tái tạo) 10 ml,500000.0,500000.0,0.0,0.0,0,,https://tiki.vnpeel-plus-peel-tai-tao-10-ml-p272135712.html?spid=272135713,peel plus
252612368,"Kem Chống Nắng, Chống Nước Và Nâng Tone Kose Suncut Nhật Bản Bảo Vệ Da Khỏi Tia UV, Bụi Mịn SPF50+ PA++++ 100g, 80g, 60g",129000.0,129000.0,0.0,5.0,3,,https://tiki.vnkem-chong-nang-chong-nuoc-va-nang-tone-kose-suncut-nhat-ban-bao-ve-da-khoi-tia-uv-bui-min-spf50-pa-100g-80g-60g-p252612368.html?spid=252612370,kem chống nắng chống
247704569,0133438 Mặt Nạ Ngủ FARMSTAY Cica Farm Night Repair Sleeping Mask Phục Hồi Da Gói 10g,15000.0,15000.0,0.0,0.0,0,,https://tiki.vn0133438-mat-na-ngu-farmstay-cica-farm-night-repair-sleeping-mask-phuc-hoi-da-goi-10g-p247704569.html?spid=247704570,mặt nạ ngủ farmstay cica
240100653,Combo Toner Nước bí đao cân bằng da Cocoon 140ml + Son dưỡng dầu dừa Bến Tre cocoon 5g,215650.0,227000.0,11350.0,0.0,0,,https://tiki.vncombo-toner-nuoc-bi-dao-can-bang-da-cocoon-140ml-son-duong-dau-dua-ben-tre-cocoon-5g-p240100653.html?spid=240100656,combo toner nước bí đao
207986150,"Serum Cấp Ẩm, Phục Hồi Da Histolab 62% Hyaluron Complex 50ml",650000.0,650000.0,0.0,0.0,0,,https://tiki.vnserum-cap-am-phuc-hoi-da-histolab-62-hyaluron-complex-50ml-p207986150.html?spid=207986151,serum cấp ẩm phục hồi da
203708797,Kem Chống Nắng Toàn Thân Dạng Gel Sữa Vichy Capital Soleil Melting Milk-Gel SPF 50 PA+++ 200ml,890000.0,890000.0,0.0,0.0,0,,https://tiki.vnkem-chong-nang-toan-than-dang-gel-sua-vichy-capital-soleil-melting-milk-gel-spf-50-pa-200ml-p203708797.html?spid=271793299,kem chống nắng toàn thân
186271122,Sữa rửa mặt dịu lành cho da nhạy cảm Cetaphil Gentle Skin Cleanser 473ml,525000.0,525000.0,0.0,4.0,8,,https://tiki.vnsua-rua-mat-diu-lanh-cho-da-nhay-cam-cetaphil-gentle-skin-cleanser-473ml-p186271122.html?spid=193241738,sữa rửa mặt dịu lành
180344908,KEM CHỐNG NẮNG NÂNG TONE VÀ DƯỠNG ẨM DA HATOMUGI SPF50+ PA++++ 70g (XANH BẠC HÀ),174000.0,174000.0,0.0,4.2,5,,https://tiki.vnkem-chong-nang-nang-tone-va-duong-am-da-hatomugi-spf50-pa-70g-xanh-bac-ha-p180344908.html?spid=180344909,kem chống nắng nâng
171812517,"Serum giảm mụn, xóa thâm Ekseption HYALURONIC NIACIN MIXLAB SERUM - 50ml duy trì độ ẩm cho làn da, giúp làm sáng da và mịn da",1030000.0,1030000.0,0.0,0.0,0,,https://tiki.vnserum-giam-mun-xoa-tham-ekseption-hyaluronic-niacin-mixlab-serum-50ml-duy-tri-do-am-cho-lan-da-giup-lam-sang-da-va-min-da-p171812517.html?spid=171812518,serum giảm mụn xóa
152190627,Nước làm sạch và tẩy trang cho mọi loại da Garnier Micellar Water 125ml - 400ml,37500.0,75000.0,37500.0,0.0,0,,https://tiki.vnnuoc-lam-sach-va-tay-trang-cho-moi-loai-da-garnier-micellar-water-125ml-400ml-meow-beauty-shop-by-trinh-meow-p152190627.html?spid=275833708,nước làm sạch tẩy trang
144446639,Dưỡng Chất Kiểm Soát Mụn & Nhờn,90000.0,90000.0,0.0,5.0,6,,https://tiki.vnduong-chat-kiem-soat-mun-nhon-p144446639.html?spid=144446640,dưỡng chất kiểm soát mụn
141260860,"SERUM MỤN DETOX ACNES KARMEL 10ml -Ngừa Mụn, mờ vết thâm, mờ nám, tái tạo da, dưỡng trắng da ( mẫu mới )",380000.0,380000.0,0.0,5.0,3,,https://tiki.vnserum-mun-detox-acnes-karmel-10ml-ngua-mun-mo-vet-tham-mo-nam-tai-tao-da-duong-trang-da-mau-moi-p141260860.html?spid=141260861,serum mụn detox acnes
110963121,SAFRA CLEAR DETCELL-NgừaMụn & SạchTế BàoChết,107000.0,107000.0,0.0,5.0,3,,https://tiki.vnsafra-clear-detcell-nguamun-sachte-baochet-p110963121.html?spid=110963122,safra clear detcell ngừamụn
108400213,Kem Dưỡng Dạng Gel Phục Hồi Và Bảo Vệ Da La Roche-Posay Cicaplast Gel B5 40ml (Tặng băng đô mèo xinh xắn màu sắc ngẫu nhiên),369000.0,369000.0,0.0,5.0,4,,https://tiki.vnkem-duong-dang-gel-phuc-hoi-va-bao-ve-da-la-roche-posay-cicaplast-gel-b5-40ml-tang-bang-do-meo-xinh-xan-mau-sac-ngau-nhien-p108400213.html?spid=108400215,kem dưỡng dạng gel phục hồi
75816448,"BIOGENIC RETINOL 0.5% FOR BEGINNER FULL SIZE – KEM DƯỠNG DA, NGỪA LÃO HÓA, GIẢM MỤN",900000.0,900000.0,0.0,4.8,5,,https://tiki.vnbiogenic-retinol-0-5-for-beginner-full-size-kem-duong-da-ngua-lao-hoa-giam-mun-p75816448.html?spid=75816449,biogenic retinol for beginner
72972046,Bộ đôi Kem chống nắng dạng sữa dưỡng da kiềm dầu bảo vệ hoàn hảo + Kem chống nắng dạng xịt dưỡng da bảo vệ hoàn hảo (Anessa Gold Milk 60ml + Gold Spray 60g),854000.0,1170000.0,316000.0,5.0,4,,https://tiki.vnbo-doi-kem-chong-nang-dang-sua-duong-da-kiem-dau-bao-ve-hoan-hao-kem-chong-nang-dang-xit-duong-da-bao-ve-hoan-hao-anessa-gold-milk-60ml-gold-spray-60g-p72972046.html?spid=272278859,bộ kem chống nắng
56433330,Kem Chống Nắng có màu LANCOME Uvex 2019 Bb2 Spf50 Pa4 30Ml Fg,1680000.0,1680000.0,0.0,0.0,0,,https://tiki.vnkem-chong-nang-co-mau-lancome-uvex-2019-bb2-spf50-pa4-30ml-fg-p56433330.html?spid=273731324,kem chống nắng có
52347336,Mặt nạ bí đao Cocoon 30ml,108000.0,108000.0,0.0,4.8,5,,https://tiki.vnmat-na-bi-dao-cocoon-30ml-p52347336.html?spid=71005459,mặt nạ bí đao
50037073,Cicaplast Baume B5 La Roche-Posay Kem Dưỡng Làm Dịu Mát Mượt & Phục Hồi Da Phù Hợp Cho Trẻ Em - Trẻ Sơ Sinh (100ml) - M6918702,510000.0,510000.0,0.0,4.5,17,,https://tiki.vncicaplast-baume-b5-la-roche-posay-kem-duong-lam-diu-mat-muot-phuc-hoi-da-phu-hop-cho-tre-em-tre-so-sinh-100ml-m6918702-p50037073.html?spid=68454856,cicaplast baume b la roche
10863623,Sữa Rửa Mặt Trà Xanh Naive (130g),125000.0,125000.0,0.0,4.5,22,,https://tiki.vnsua-rua-mat-tra-xanh-naive-130g-p10863623.html?spid=59430363,sữa rửa mặt trà
279076123,"DERMALOGICA Peel Tái Tạo Hàng Ngày LIQUID PEELFOLIANT Phiên Bản Nâng Cấp có AHA, BHA, PHA",160000.0,160000.0,0.0,0.0,0,,https://tiki.vndermalogica-peel-tai-tao-hang-ngay-liquid-peelfoliant-phien-ban-nang-cap-co-aha-bha-pha-p279076123.html?spid=279076126,dermalogica peel tái tạo hàng
279023099,Kem chống nắng trắng da TENAMYD Sunscreen SPF50/PA+++ 50ml,225000.0,250000.0,25000.0,0.0,0,,https://tiki.vnkem-chong-nang-trang-da-tenamyd-sunscreen-spf50-pa-50ml-p279023099.html?spid=279023100,kem chống nắng trắng
278731594,Mặt nạ giấy dưỡng da Foodaholic Vitamin Mask (10 miếng) - Hàng chính hãng,109000.0,149000.0,40000.0,0.0,0,,https://tiki.vnmat-na-giay-duong-da-foodaholic-vitamin-mask-10-mieng-hang-chinh-hang-p278731594.html?spid=278731596,mặt nạ giấy dưỡng da foodaholic
278635007,Sữa rửa mặt chanh MIINSKIN Ceramide Lemon Cleansing Foam (100ml) - Hàng chính hãng,249000.0,249000.0,0.0,0.0,0,,https://tiki.vnsua-rua-mat-chanh-miinskin-ceramide-lemon-cleansing-foam-100ml-hang-chinh-hang-p278635007.html?spid=278635009,sữa rửa mặt chanh
278108804,"Bộ skincare 4 sản phẩm mini Lassie’el Hàn Quốc - Chiết xuất từ thiên nhiên, làm sạch, cấp ẩm, ngăn ngừa lão hoá",740000.0,740000.0,0.0,0.0,0,,https://tiki.vnbo-skincare-4-san-pham-mini-lassie-el-chiet-xuat-tu-thien-nhien-ngan-ngua-lao-hoa-cap-am-trang-sang-toan-dien-han-quoc-p278108804.html?spid=278108805,bộ skincare sản phẩm mini
278065336,Kem Dưỡng Trắng Phục Hồi Da 30ml Goskin (Kem Lotion),399000.0,399000.0,0.0,0.0,0,,https://tiki.vnkem-duong-trang-phuc-hoi-da-30ml-goskin-kem-lotion-p278065336.html?spid=278065337,kem dưỡng trắng phục hồi
278029685,Kem Chống Nắng Mona Frema SUNPRE AA High Protection Aqua Facial Gel 60ml,220320.0,220320.0,0.0,5.0,4,,https://tiki.vnkem-chong-nang-mona-frema-sunpre-aa-high-protection-aqua-facial-gel-60ml-p278029685.html?spid=102399572,kem chống nắng mona
277979698,Bộ Kem chống nắng nâng tông da Whoo Seol Radiant Tone Up Sunscreen 50ml + 25ml,923000.0,1250000.0,327000.0,0.0,0,,https://tiki.vnbo-kem-chong-nang-nang-tong-da-whoo-seol-radiant-tone-up-sunscreen-50ml-25ml-p277979698.html?spid=277979699,kem chống nắng nâng
276903939,Mặt nạ giấy dưỡng da Foodaholic Treatment (1 miếng) - Hàng chính hãng,25000.0,30000.0,5000.0,0.0,0,,https://tiki.vnmat-na-giay-duong-da-foodaholic-1-mieng-hang-chinh-hang-p276903939.html?spid=276903953,mặt nạ giấy dưỡng da foodaholic
276658972,Toner nước hoa hồng Bielenda Dr Medica giảm mụn cấp nước,185000.0,185000.0,0.0,0.0,0,,https://tiki.vntoner-nuoc-hoa-hong-bielenda-dr-medica-giam-mun-cap-nuoc-p276658972.html?spid=276658973,toner nước hoa hồng bielenda
276434937, Kem dưỡng cấp ẩm 100 giờ Beyond Angel Aqua Moisture Barrier Cream,218000.0,300000.0,82000.0,0.0,0,,https://tiki.vnkem-duong-cap-am-100-gio-beyond-angel-aqua-moisture-barrier-cream-p276434937.html?spid=276434941,kem dưỡng cấp
276284413,Sữa tẩy trang rửa mặt Evoluderm bổ sung Vitamin E giúp dưỡng ẩm và làm tươi trẻ làn da 500ml,175000.0,325000.0,150000.0,0.0,0,,https://tiki.vnsua-tay-trang-rua-mat-evoluderm-bo-sung-vitamin-e-giup-duong-am-va-lam-tuoi-tre-lan-da-500ml-p276284413.html?spid=276284414,sữa tẩy trang rửa mặt
276163742,Kem chống nắng nâng tông su:m37 Micro-Active Tone-up Sun SPF50+/ PA,871000.0,1200000.0,329000.0,0.0,0,,https://tiki.vnkem-chong-nang-nang-tong-su-m37-micro-active-tone-up-sun-spf50-pa-p276163742.html?spid=276163746,kem chống nắng nâng tông
276148172,Tinh chất xóa thâm sạm nám đốm nâu DARK SPOT DAMODE chai 15ml,1024000.0,1320000.0,296000.0,0.0,0,,https://tiki.vntinh-chat-xoa-tham-sam-nam-dom-nau-dark-spot-damode-chai-15ml-p276148172.html?spid=276148173,tinh chất xóa thâm sạm nám
275486433,[Skincare] Mặt nạ ngủ Retinol - GRACE DAY RETINOL SLEEPING MASK,375000.0,375000.0,0.0,0.0,0,,https://tiki.vnskincare-mat-na-ngu-retinol-grace-day-retinol-sleeping-mask-p275486433.html?spid=275588742,skincare mặt nạ ngủ retinol
275289819,Combo 3 Mặt nạ BESKINATY Glutathione Bio Mask dưỡng sáng phục hồi da cao cấp,636000.0,636000.0,0.0,0.0,0,,https://tiki.vncombo-3-mat-na-duong-trang-da-cao-cap-glutathione-bio-mask-beskinaty-p275289819.html?spid=275289820,combo mặt nạ beskinaty glutathione
273904588,Khăn Giấy Tẩy Trang Dưỡng Ẩm Bổ Sung Hyaluronic Acid Kose Softymo Makeup Remover Sheet H (52 Tờ/Hộp),138000.0,138000.0,0.0,0.0,0,,https://tiki.vnkhan-giay-tay-trang-kose-softymo-makeup-remover-sheet-h-duong-am-bo-sung-hyaluronic-acid-52-to-hop-p273904588.html?spid=274075152,khăn giấy tẩy trang dưỡng
273694048,Kem Dưỡng Trắng Da Body S&W Celaud 180ml,390000.0,390000.0,0.0,0.0,0,,https://tiki.vnkem-duong-trang-da-body-s-w-celaud-180ml-p273694048.html?spid=273694049,kem dưỡng trắng da
273546700,Sữa Rửa Mặt & Tẩy Trang Tạo Bọt Dưỡng Trắng Da Softymo Kosé Nhật Bản (Tuýp 60g),59000.0,59000.0,0.0,0.0,0,,https://tiki.vnsua-rua-mat-tay-trang-tao-bot-duong-trang-da-softymo-kose-nhat-ban-tuyp-60g-p273546700.html?spid=273546702,sữa rửa mặt tẩy trang
272135758,Kem dưỡng da ban ngày Beautifying Cream,800000.0,800000.0,0.0,0.0,0,,https://tiki.vnkem-duong-da-ban-ngay-beautifying-cream-p272135758.html?spid=272135759,kem dưỡng da ban ngày
271780817,5 Gói Sữa Dưỡng Ẩm Ban Đêm CeraVe Dành Cho Da Mặt x 1.5ml,65000.0,65000.0,0.0,0.0,0,,https://tiki.vn5-goi-sua-duong-am-ban-dem-cerave-danh-cho-da-mat-x-1-5ml-p271780817.html?spid=271780818,gói sữa dưỡng ẩm ban đêm
270773515,"Serum Compliment No problem AHA-BHA-PHA phục hồi, tái tạo da dầu mụn",95000.0,95000.0,0.0,0.0,0,,https://tiki.vnserum-kem-duong-compliment-no-problem-aha-bha-pha-phuc-hoi-tai-tao-da-dau-mun-p270773515.html?spid=270773516,serum compliment no problem
263958929,Sữa dưỡng phục hồi tái tạo làn da Reni Premium Calming Repair Emulsion,800000.0,800000.0,0.0,0.0,0,,https://tiki.vnsua-duong-phuc-hoi-tai-tao-lan-da-reni-premium-calming-repair-emulsion-p263958929.html?spid=263958931,sữa dưỡng phục hồi tái tạo làn
263108634,Tinh Chất Garnier Light Complete Speed Vitamin C Booster Serum Sáng Da & Mờ Thâm 30ml,265000.0,265000.0,0.0,5.0,4,,https://tiki.vntinh-chat-garnier-light-complete-speed-vitamin-c-booster-serum-sang-da-mo-tham-30ml-p263108634.html?spid=271319461,tinh chất garnier light complete
263057046,Tinh chất collagen peptide Huesday,1200000.0,1200000.0,0.0,0.0,0,,https://tiki.vntinh-chat-collagen-peptide-huesday-p263057046.html?spid=263057047,tinh chất collagen peptide
253177620,Kem dưỡng phục hồi dưỡng trắng Hydra B5 Derma Repair Cream Pretty Skin 52ml tặng móc khóa,399000.0,399000.0,0.0,4.5,2,,https://tiki.vnkem-duong-phuc-hoi-duong-trang-hydra-b5-derma-repair-cream-pretty-skin-52ml-tang-moc-khoa-p253177620.html?spid=253177621,kem dưỡng phục hồi dưỡng
249574150,Nước Tẩy Trang Dưỡng Trắng Da SHCI Hatomugi Cleasing (200 mL),178000.0,178000.0,0.0,5.0,1,,https://tiki.vnnuoc-tay-trang-duong-trang-da-shci-hatomugi-cleasing-200ml-p249574150.html?spid=249574151,nước tẩy trang dưỡng trắng
248761125,Kem dưỡng da ban đêm MAOOM GlAHAssy 3 Cream 50ml,850000.0,850000.0,0.0,0.0,0,,https://tiki.vnkem-duong-da-ban-dem-maoom-glahassy-3-cream-50ml-p248761125.html?spid=248761126,kem dưỡng da ban đêm
240348708,Combo Gel bí đao rửa mặt cocoon 140ml + Mặt nạ bí đao cocoon 30ml,323000.0,340000.0,17000.0,0.0,0,,https://tiki.vncombo-gel-bi-dao-rua-mat-cocoon-140ml-mat-na-bi-dao-cocoon-30ml-p240348708.html?spid=240348710,combo gel bí đao rửa
216281630,Kem Dưỡng Hỗ Trợ Phục Hồi Và Tái Tạo Da Histolab K Cream 50ml,579000.0,579000.0,0.0,4.5,2,,https://tiki.vnkem-duong-ho-tro-phuc-hoi-va-tai-tao-da-histolab-k-cream-50ml-p216281630.html?spid=216281635,kem dưỡng hỗ trợ phục hồi
194005605,Sữa Rửa Mặt Dịu Nhẹ Cho Da Nhạy Cảm Cetaphil Gentle Skin Cleanser 1000ml,586000.0,586000.0,0.0,4.5,7,,https://tiki.vnsua-rua-mat-diu-nhe-cho-da-nhay-cam-cetaphil-gentle-skin-cleanser-1000ml-p194005605.html?spid=200653397,sữa rửa mặt dịu
157856445,Kem Dưỡng Hatomugi Chiết Xuất Ý Dĩ Làm Sáng Da 300g Moisturizing Conditioning The Milky Cream,135000.0,135000.0,0.0,4.7,35,,https://tiki.vnkem-duong-hatomugi-chiet-xuat-y-di-lam-sang-da-300g-moisturizing-conditioning-the-milky-cream-p157856445.html?spid=157856447,kem dưỡng hatomugi chiết
130210163,Bộ Chăm Sóc Da Khô A&Plus,3591000.0,3591000.0,0.0,0.0,0,,https://tiki.vnbo-cham-soc-da-kho-p130210163.html?spid=130210164,bộ chăm sóc da khô a
76310980,Mặt Nạ Dưỡng Và Phục Hồi Da SMAS Peptide Silk Mask,110000.0,110000.0,0.0,0.0,0,,https://tiki.vnmat-na-duong-va-phuc-hoi-da-smas-peptide-silk-mask-p76310980.html?spid=76310981,mặt nạ dưỡng phục hồi da
49131920,Bộ Sản Phẩm Dưỡng Trắng Da The History of WHOO Gongjingyang Seol Radiant White 5pcs 61ml,325000.0,550000.0,225000.0,4.5,24,,https://tiki.vnbo-san-pham-duong-trang-da-the-history-of-whoo-gongjingyang-seol-radiant-white-5pcs-61ml-p49131920.html?spid=50601579,sản phẩm dưỡng trắng da the
44810330,Serum chống lão hóa Scentuals Anti-Aging Facial Oil Serum 30ml,1250000.0,1250000.0,0.0,5.0,1,,https://tiki.vnserum-chong-lao-hoa-scentuals-anti-aging-facial-oil-serum-30ml-p44810330.html?spid=44810331,serum chống lão hóa
20076237,VICHY TINH CHẤT KHOÁNG CÔ ĐẶC VICHY MINERAL 89 50ML TẶNG XỊT KHOÁNG THERMAL 150ML,1045800.0,1045800.0,0.0,0.0,0,,https://tiki.vnvichy-tinh-chat-khoang-co-dac-vichy-mineral-89-50ml-tang-xit-khoang-thermal-150ml-p20076237.html?spid=31285803,vichy tinh chất khoáng đặc vichy
14717948,Three Power Clean Balm - Sáp Tẩy Trang Làm Sạch Chuyên Sâu,480000.0,480000.0,0.0,4.7,9,,https://tiki.vnthree-power-clean-balm-sap-tay-trang-lam-sach-chuyen-sau-p14717948.html?spid=14717949,three power clean balm
6490785,Sữa rửa mặt Beauty Formulas Cucumber & Avocado Facial Scrub 150ml - tẩy tế bào chết tinh chất dưa leo,94000.0,94000.0,0.0,4.7,3,,https://tiki.vnsua-rua-mat-beauty-formulas-cucumber-avocado-facial-scrub-150ml-tay-te-bao-chet-tinh-chat-dua-leo-p6490785.html?spid=6490787,sữa rửa mặt beauty
562225,Combo Kem Làm Giảm Mụn Và Loại Bỏ Dầu Cho Da SVR Sebiaclear Active Tuýp 40ml + Sữa Rửa Mặt Tẩy Tế Bào Chết SVR Sebiaclear Gel Moussant Tuýp 50ml,590000.0,590000.0,0.0,0.0,0,,https://tiki.vncombo-kem-lam-giam-mun-va-loai-bo-dau-cho-da-svr-sebiaclear-active-tuyp-40ml-sua-rua-mat-tay-te-bao-chet-svr-sebiaclear-gel-moussant-tuyp-50ml-p562225.html?spid=11054953,combo kem làm giảm
278757981,[MỚI] Set Tinh Chất Tự Sinh Chống Lão Hóa Whoo Bichup Ultimate Recovery Youth Serum Upsize 90ml Special Set,3472000.0,4700000.0,1228000.0,0.0,0,,https://tiki.vnmoi-set-tinh-chat-tu-sinh-chong-lao-hoa-whoo-bichup-ultimate-recovery-youth-serum-upsize-90ml-special-set-p278757981.html?spid=278757982,set tinh chất tự sinh chống
278466150,Sữa Chống Nắng Dưỡng Da Shiseido GSC Urban Environment Triple Beauty Suncare Emulsion SPF50+ PA++++ 30ml,1193400.0,1326000.0,132600.0,0.0,0,,https://tiki.vnsua-chong-nang-duong-da-shiseido-gsc-urban-environment-triple-beauty-suncare-emulsion-spf50-pa-30ml-p278466150.html?spid=278466151,sữa chống nắng dưỡng da
278466140,Sữa chống nắng cho da nhạy cảm Shiseido GSC Perfect Sun Protector Lotion Sensitive SPF50+ 50ml,999000.0,1230000.0,231000.0,5.0,1,,https://tiki.vnsua-chong-nang-cho-da-nhay-cam-shiseido-gsc-perfect-sun-protector-lotion-sensitive-spf50-50ml-p278466140.html?spid=278466141,sữa chống nắng da
277989743,Tinh chất dưỡng da Olay 5 in 1 Super Serum (30ml) - Hàng chính hãng,679000.0,1200000.0,521000.0,0.0,0,,https://tiki.vntinh-chat-duong-da-olay-5-in-1-super-serum-30ml-hang-chinh-hang-p277989743.html?spid=277989745,tinh chất dưỡng da olay
277837407,Bộ Dưỡng Da Chống Lão Hóa Ohui Prime Advancer De Aging 4pcs Special Set,3500000.0,3500000.0,0.0,0.0,0,,https://tiki.vnbo-duong-da-chong-lao-hoa-ohui-prime-advancer-de-aging-4pcs-special-set-p277837407.html?spid=277837408,bộ dưỡng da chống lão
277487299,Nước thần keo ong (tiền tinh chất) dưỡng da giúp phục hồi làn da CNP Laboratory Propolis Ampule Essence 150ml,643000.0,870000.0,227000.0,0.0,0,,https://tiki.vnnuoc-than-keo-ong-tien-tinh-chat-duong-da-giup-phuc-hoi-lan-da-cnp-laboratory-propolis-treatment-ampule-essence-150ml-p277487299.html?spid=277487300,nước thần keo ong dưỡng
276436197,Kem dưỡng ẩm cho da khô Belif The True Cream Moisturizing Bomb 50ml,813000.0,1100000.0,287000.0,5.0,1,,https://tiki.vnkem-duong-am-cho-da-kho-belif-the-true-cream-moisturizing-bomb-50ml-p276436197.html?spid=276436198,kem dưỡng ẩm da
276424253,Tinh chất Vitamin C mờ thâm nâng da tươi sáng CNP Derma Answer VitC Mela Spot Ampule,298000.0,410000.0,112000.0,0.0,0,,https://tiki.vntinh-chat-vitamin-c-mo-tham-nang-da-tuoi-sang-cnp-derma-answer-vitc-mela-spot-ampule-p276424253.html?spid=276424255,tinh chất vitamin c mờ
276243181,Toner Acid Giảm Thâm Nám Chuyên Biệt Angel's Liquid Tranexamic Mela Zero Toner 150ml,550000.0,1159000.0,609000.0,5.0,1,,https://tiki.vntoner-acid-giam-tham-nam-chuyen-biet-angel-s-liquid-tranexamic-mela-zero-toner-150ml-p276243181.html?spid=276243182,toner acid giảm thâm nám
276242808,[PHIÊN BẢN NÂNG CẤP] Xịt Giảm Mụn Lưng Sáng Da Cơ Thể Angel's Liquid Glutathione+ Spot Care Body Mist 150ml,350000.0,729000.0,379000.0,0.0,0,,https://tiki.vnphien-ban-nang-cap-xit-giam-mun-lung-sang-da-co-the-angel-s-liquid-glutathione-spot-care-body-mist-150ml-p276242808.html?spid=276242809,phiên bản nâng cấp xịt giảm
276112759,Sữa rửa mặt PERFECT DIARY axit amin tạo bọt dịu nhẹ cho da nhạy cảm 200ml,175200.0,303000.0,127800.0,0.0,0,,https://tiki.vnsua-rua-mat-perfect-diary-axit-amin-tao-bot-diu-nhe-cho-da-nhay-cam-200ml-p276112759.html?spid=276112760,sữa rửa mặt perfect
275970385,Kem chống nắng Bí đao Cocoon 50ml dạng sữa - sữa chống nắng,417050.0,439000.0,21950.0,5.0,4,,https://tiki.vnsua-chong-nang-bi-dao-p275970385.html?spid=275970386,kem chống nắng bí đao
275948074,Bộ sữa chống nắng dưỡng da kiềm dầu bảo vệ hoàn hảo SPF50+ PA++++ 60ml và Serum dưỡng da và phục hồi da sau nắng 180ml Anessa,997000.0,1330000.0,333000.0,5.0,1,,https://tiki.vnbo-sua-chong-nang-duong-da-kiem-dau-bao-ve-hoan-hao-spf50-pa-60ml-va-serum-duong-da-va-phuc-hoi-da-sau-nang-180ml-anessa-p275948074.html?spid=275948075,bộ sữa chống nắng dưỡng
274924958,"Kem dưỡng Compliment cấp ẩm, sáng da, chống lão hóa cho mọi loại da 50ml",115000.0,115000.0,0.0,0.0,0,,https://tiki.vnkem-duong-compliment-cap-am-sang-da-chong-lao-hoa-cho-moi-loai-da-50ml-p274924958.html?spid=274924962,kem dưỡng compliment cấp
274693061,10 gói Tinh Chất Chống Lão Hóa Whoo Cheonyuldan Ultimate Regenerative Essence 1ml/gói,119000.0,119000.0,0.0,4.0,1,,https://tiki.vn10-goi-tinh-chat-chong-lao-hoa-whoo-cheonyuldan-ultimate-regenerative-essence-1ml-goi-p274693061.html?spid=274693062,gói tinh chất chống lão
274656798,Kem chống nắng dạng gel dịu nhẹ cho da nhạy cảm và trẻ em Anessa Mineral UV sunscreen mild gel For Sensitive Skin & Babies SPF 35+ PA++++ 90g,442000.0,575000.0,133000.0,4.5,5,,https://tiki.vnkem-chong-nang-dang-gel-diu-nhe-cho-da-nhay-cam-va-tre-em-anessa-mineral-uv-sunscreen-mild-gel-for-sensitive-skin-babies-spf-35-pa-90g-p274656798.html?spid=274656799,kem chống nắng dạng
274189485,Tinh Chất BB Chống Nắng Trang Điểm D Program Allerdefense BB M SPF50+ PA+++ 30ml,515000.0,515000.0,0.0,5.0,1,,https://tiki.vntinh-chat-bb-chong-nang-trang-diem-d-program-allerdefense-bb-m-spf50-pa-30ml-p274189485.html?spid=276448791,tinh chất bb chống nắng
274132848,Obagi Clinical Kinetin Rẹjuvenating Serum 30ml,2350000.0,2350000.0,0.0,0.0,0,,https://tiki.vnobagi-clinical-kinetin-rejuvenating-serum-30ml-p274132848.html?spid=275493355,obagi clinical kinetin rẹjuvenating
274051378,Kem dưỡng ẩm Obagi Hydrate Facial Moisturizer 48g,1200000.0,1200000.0,0.0,0.0,0,,https://tiki.vnkem-duong-am-obagi-hydrate-facial-moisturizer-p274051378.html?spid=275502610,kem dưỡng ẩm obagi hydrate
273525533,CHÍNH HÃNG Sữa Rửa Mặt Gel Rửa Mặt Cosrx Low PH Good Morning Gel Cleanser Dạng Gel Chiết Từ Dầu Cây Trà 150ml.,149000.0,149000.0,0.0,0.0,0,,https://tiki.vnchinh-hang-sua-rua-mat-gel-rua-mat-cosrx-low-ph-good-morning-gel-cleanser-dang-gel-chiet-tu-dau-cay-tra-150ml-p273525533.html?spid=273525534,hãng sữa rửa mặt gel rửa
273504004,Kem dưỡng dạng gel sữa cho da mụn với tác động kép Vichy Normaderm Phytosolution Double-Correction Daily Care 50ml,550000.0,645000.0,95000.0,5.0,2,,https://tiki.vnkem-duong-dang-gel-sua-cho-da-mun-voi-tac-dong-kep-vichy-normaderm-phytosolution-double-correction-daily-care-50ml-p273504004.html?spid=273504005,kem dưỡng dạng gel sữa
272319584,Miếng Dán Thấm Mồ Hôi Nách S Select Nhật Bản (40 Miếng/Hộp),229000.0,229000.0,0.0,0.0,0,,https://tiki.vnmieng-dan-tham-mo-hoi-nach-s-select-nhat-ban-40-mieng-hop-p272319584.html?spid=272319585,miếng dán thấm mồ hôi
272225915,Sữa Rửa Mặt & Tẩy Trang Tạo Bọt Dưỡng Trắng Softymo Nhật Bản 200ml,189000.0,189000.0,0.0,5.0,1,,https://tiki.vnsua-rua-mat-tay-trang-tao-bot-duong-trang-softymo-kose-nhat-ban-200ml-p272225915.html?spid=272225916,sữa rửa mặt tẩy trang
263108936,Kem Chống Nắng L’Oréal Paris UV Defender SPF50+ PA++++ Bright & Clear Nâng Tông Giảm Thâm 50ml,295000.0,295000.0,0.0,5.0,1,,https://tiki.vnkem-chong-nang-l-oreal-paris-uv-defender-spf50-pa-bright-clear-nang-tong-giam-tham-50ml-p263108936.html?spid=273815162,kem chống nắng l
261802671,"[LA ROCHE-POSAY] Kem Dưỡng Ngăn Ngừa Mụn Chuyên Sâu, Giảm Thâm & Mụn Nhanh Sau 12H Effaclar Duo+ 40/15/3ml",25000.0,25000.0,0.0,5.0,1,,https://tiki.vnla-roche-posay-kem-duong-ngan-ngua-mun-chuyen-sau-giam-tham-mun-nhanh-sau-12h-effaclar-duo-40-15-3ml-p261802671.html?spid=271338051,la roche posay kem
242017902,Tinh chất nghệ Hưng Yên 10% Vitamin C cocoon 30ml (turmeric serum) thuần chay,308750.0,325000.0,16250.0,4.0,1,,https://tiki.vntinh-chat-nghe-hung-yen-cocoon-vietnam-30ml-turmeric-serum-sang-da-mo-tham-thuan-chay-p242017902.html?spid=242017903,tinh chất nghệ hưng yên vitamin
221251459,"[GARNIER] Tinh Chất Vitamin C Chuyên Sâu Giúp Trắng Da, Mờ Thâm Mụn Và Nám Bright Complete 30x VTC Booster Serum 30/15ml",17500.0,35000.0,17500.0,5.0,1,,https://tiki.vngarnier-tinh-chat-vitamin-c-chuyen-sau-giup-trang-da-mo-tham-mun-va-nam-bright-complete-30x-vtc-booster-serum-30-15ml-p221251459.html?spid=271360067,garnier tinh chất vitamin c
109999879,Gel Rửa Mặt Dịu Nhẹ và Cấp Ẩm Sâu - Emmié by Happy Skin Soothing & Hydrating Derma Cleansing Gel 180ml,220000.0,280000.0,60000.0,0.0,0,,https://tiki.vngel-rua-mat-diu-nhe-va-cap-am-sau-emmie-by-happy-skin-soothing-hydrating-derma-cleansing-gel-180ml-p109999879.html?spid=276160998,gel rửa mặt dịu nhẹ
109267118,Bông Tẩy Trang Ipek 150 Miếng (Thổ Nhĩ Kỳ),35000.0,35000.0,0.0,5.0,9,,https://tiki.vnbong-tay-trang-ipek-120-30-mieng-p109267118.html?spid=127313839,bông trang ipek
103511363,Serum Ngừa Nám - Tàn Nhang 10ml - Mộc,159000.0,159000.0,0.0,5.0,1,,https://tiki.vnserum-ngua-nam-tan-nhang-10ml-moc-p103511363.html?spid=103511364,serum ngừa nám tàn nhang
85657618,Nước Nghệ Hưng Yên Cocoon 140ml,155000.0,155000.0,0.0,5.0,3,,https://tiki.vnnuoc-nghe-hung-yen-cocoon-140ml-p85657618.html?spid=90464764,nước nghệ hưng yên
68772049,Nước hoa hồng Lancome Tonique Confort 50ml - Tách set ,315000.0,315000.0,0.0,0.0,0,,https://tiki.vnnuoc-hoa-hong-lancome-tonique-confort-50ml-tach-set-p68772049.html?spid=273728285,nước hoa hồng lancome tonique
58902320,Nước Tẩy Trang Làm Sạch Sâu Và Kiểm Soát Bã Nhờn Cho Da Dầu Và Da Mụn La Roche Posay Effaclar Micellar Water 100ml,265000.0,265000.0,0.0,4.1,11,,https://tiki.vnnuoc-tay-trang-lam-sach-sau-va-kiem-soat-ba-nhon-cho-da-dau-va-da-mun-la-roche-posay-effaclar-micellar-water-100ml-p58902320.html?spid=68554821,nước tẩy trang làm sạch
56987844,"Kem Chống Nắng Ngăn Sạm Da, Giảm Thâm Nám, Không Nhờn Rít Vichy SPF50+ Chống Tia UVA (50ml) - 100791635",540000.0,540000.0,0.0,4.0,1,,https://tiki.vnkem-chong-nang-ngan-sam-da-giam-tham-nam-khong-nhon-rit-vichy-spf50-chong-tia-uva-50ml-100791635-p56987844.html?spid=182773100,kem chống nắng ngăn sạm
49461709,"Bộ Dưỡng Trắng Da, Ngăn Ngừa Lão Hoá The History of Whoo Cheonyuldan Ultimate Regenerating 4pcs Gift Set",450000.0,450000.0,0.0,0.0,0,,https://tiki.vnbo-duong-trang-da-ngan-ngua-lao-hoa-the-history-of-whoo-cheonyuldan-ultimate-regenerating-4pcs-gift-set-p49461709.html?spid=58364519,dưỡng trắng da ngăn ngừa
25434786,Mặt Nạ Đất Sét Táo Xanh Điều Chỉnh Sắc Tố - Có Chứng Nhận Hữu Cơ - Origani Erda Pigmentation Correction Green Apple Clay Mask 50ml - Xuất Xứ Từ Úc,8000000.0,8000000.0,0.0,0.0,0,,https://tiki.vnmat-na-dat-set-tao-xanh-dieu-chinh-sac-to-origani-erda-pigmentation-correction-green-apple-clay-mask-50ml-p25434786.html?spid=25434787,mặt nạ đất sét táo xanh điều chỉnh
20270363,Kem Ngừa Mụn - Trắng Da & Mờ Vết Thâm OLY HT Chính Hãng 12g,75000.0,75000.0,0.0,5.0,6,,https://tiki.vnkem-ngua-mun-trang-da-ngua-vet-tham-oly-ht-p20270363.html?spid=218735678,kem ngừa mụn trắng
2738477,Bộ 2 hộp Bông Trang Điểm Silcot (bông tẩy trang) Nhật Bản (82 miếng/hộp),90000.0,90000.0,0.0,4.0,1,,https://tiki.vnbo-2-hop-bong-trang-diem-silcot-bong-tay-trang-nhat-ban-82-mieng-hop-p2738477.html?spid=92902954,hộp bông trang điểm silcot
2623229,Sữa Rửa Mặt SVR Sebiaclear Gel Moussant  (50ml),99000.0,99000.0,0.0,4.5,5,,https://tiki.vnsua-rua-mat-svr-sebiaclear-gel-moussant-50ml-p2623229.html?spid=58213752,sữa rửa mặt svr
902013,Nước Tẩy Trang L'Oreal 3 In 1 Micellar Làm Sạch Sâu (400ml),144000.0,144000.0,0.0,4.5,93,,https://tiki.vnnuoc-tay-trang-l-oreal-3-in-1-micellar-lam-sach-sau-400ml-p902013.html?spid=79131634,nước tẩy trang l oreal
278719611,Sữa rửa mặt dưỡng ẩm dạng gel cho da nhạy cảm Hada Labo Advanced Nourish For Sensitive Skin Cleanser 80g,99000.0,99000.0,0.0,0.0,0,,https://tiki.vnsua-rua-mat-duong-am-dang-gel-cho-da-nhay-cam-hada-labo-advanced-nourish-for-sensitive-skin-cleanser-80g-p278719611.html?spid=278719612,sữa rửa mặt dưỡng ẩm dạng
278491834,Kem dưỡng mắt Hada Labo cấp ẩm cao cấp Hada Labo Gokujyun Premium Hyaluronic Eye Cream 20g,228000.0,285000.0,57000.0,4.0,1,,https://tiki.vnkem-duong-mat-hada-labo-cap-am-cao-cap-hada-labo-gokujyun-premium-hyaluronic-eye-cream-20g-p278491834.html?spid=278491835,kem dưỡng mắt hada labo cấp
276716469,Kem dưỡng ẩm cấp nước su:m37 Water-full Marine Relief Gel Cream 10ml ,100000.0,190000.0,90000.0,0.0,0,,https://tiki.vnkem-duong-am-cap-nuoc-su-m37-water-full-marine-relief-gel-cream-10ml-p276716469.html?spid=276716470,kem dưỡng ẩm cấp nước
276435944,Mặt nạ ngủ làm dịu và chăm sóc da nhạy cảm belif Clear Soothing Mask 75ml,613000.0,830000.0,217000.0,0.0,0,,https://tiki.vnmat-na-ngu-lam-diu-va-cham-soc-da-nhay-cam-belif-clear-soothing-mask-75ml-p276435944.html?spid=276435945,mặt nạ ngủ làm dịu
276377862,Toner Pad SENADEMAR giúp tẩy tế bào chết giúp da sáng mịn từ Hàn Quốc 150ml/70 miếng hạn 2027,340000.0,340000.0,0.0,3.0,1,,https://tiki.vntoner-pad-senademar-giup-tay-te-bao-chet-giup-da-sang-min-tu-han-quoc-150ml-70-mieng-han-2027-p276377862.html?spid=276377863,toner pad senademar giúp
276377851,Kem dưỡng mặt ban đêm SenaDemar dưỡng ẩm phục hồi 30ml hạn 2027,200000.0,200000.0,0.0,0.0,0,,https://tiki.vnkem-duong-mat-ban-dem-senademar-duong-am-phuc-hoi-30ml-han-2027-p276377851.html?spid=276377852,kem dưỡng mặt ban đêm senademar dưỡng
275970383,Kem chống nắng bí đao Cocoon 50ml,394000.0,395000.0,1000.0,5.0,7,,https://tiki.vnkem-chong-nang-bi-dao-p275970383.html?spid=275970384,kem chống nắng bí đao
275969093,Nước bí đao cân bằng da Cocoon 310ml,250750.0,295000.0,44250.0,5.0,1,,https://tiki.vnnuoc-bi-dao-can-bang-da-310ml-p275969093.html?spid=275969094,nước bí đao cân bằng da
275967458,Nước tẩy trang hoa hồng Cocoon 310ml,208250.0,245000.0,36750.0,5.0,1,,https://tiki.vnnuoc-tay-trang-hoa-hong-310ml-p275967458.html?spid=275967459,nước tẩy trang hoa hồng
275587823,Bộ Trị Nám Aithan Melasma And Whitening (Set 4 Món),600000.0,600000.0,0.0,0.0,0,,https://tiki.vnbo-tri-nam-aithan-melasma-and-whitening-set-4-mon-p275587823.html?spid=278950851,bộ trị nám aithan melasma
274569939,Nước tẩy trang sạch bụi bẩn và dầu nhờn tức thì Men Stay Simplicity Micellar water 80ml/200ml,99000.0,99000.0,0.0,5.0,1,,https://tiki.vnnuoc-tay-trang-sach-bui-ban-va-dau-nhon-tuc-thi-men-stay-simplicity-micellar-water-80ml-200ml-p274569939.html?spid=274569941,nước tẩy trang sạch bụi bẩn
273503931,Kem Chống Nắng UVA+UVB Chống Bụi Mịn Vichy Spf50+CapitalSoleilMattifying 3in1 50ml,500000.0,585000.0,85000.0,0.0,0,,https://tiki.vnkem-chong-nang-uva-uvb-chong-bui-min-vichy-spf50-capitalsoleilmattifying-3in1-50ml-p273503931.html?spid=273503932,kem chống nắng uva
273398528,Sữa Rửa Mặt Dạng Gel Dành Cho Da Dầu Nhạy Cảm Effaclar Gel Moussant Purifiant La Roche Posay 50ml,50000.0,50000.0,0.0,4.7,17,,https://tiki.vnsua-rua-mat-dang-gel-danh-cho-da-dau-nhay-cam-effaclar-gel-moussant-purifiant-la-roche-posay-50ml-p273398528.html?spid=273398530,sữa rửa mặt dạng
272225899,"Sữa Rửa Mặt & Tẩy Trang 2in1 Tạo Bọt Dưỡng Ẩm, Chống Lão Hóa Bổ Sung Acid Hyaluronic Softymo Nhật Bản (200 ml)",189000.0,189000.0,0.0,0.0,0,,https://tiki.vnsua-rua-mat-tay-trang-2in1-tao-bot-duong-am-chong-lao-hoa-bo-sung-acid-hyaluronic-softymo-nhat-ban-200-ml-p272225899.html?spid=272225900,sữa rửa mặt tẩy trang
271663804,5 Gói Sữa chống nắng kiềm dầu Anessa Perfect UV SPF50 x 4ml,98000.0,98000.0,0.0,0.0,0,,https://tiki.vn5-goi-sua-chong-nang-kiem-dau-anessa-perfect-uv-spf50-x-4ml-p271663804.html?spid=271663805,gói sữa chống nắng
262875091,Sữa Dưỡng Ẩm Ban Đêm Cerave Facial Moist Lotion Pm 52ml,515000.0,515000.0,0.0,0.0,0,,https://tiki.vnsua-duong-am-ban-dem-cerave-facial-moist-lotion-pm-52ml-p262875091.html?spid=271589055,sữa dưỡng ẩm ban đêm cerave
252630221,Tinh chất trị nám Transino Whitening Essence EX II,1190000.0,1190000.0,0.0,0.0,0,,https://tiki.vntinh-chat-tri-nam-transino-whitening-essence-ex-ii-p252630221.html?spid=252630223,tinh chất trị nám transino
251423609,Mặt nạ dưỡng da - APRICOT MASK - Academie Scientifique de Beaute,1270000.0,1270000.0,0.0,0.0,0,,https://tiki.vnmat-na-sang-da-chong-o-nhiem-moi-truong-apricot-mask-academie-scientifique-de-beaute-p251423609.html?spid=251423610,mặt nạ dưỡng da apricot
249086040,TINH CHẤT PHỤC HỒI VITAMIN B5 PIME FEEL UP SERUM 50G,680000.0,680000.0,0.0,0.0,0,,https://tiki.vntinh-chat-phuc-hoi-vitamin-b5-pime-feel-up-serum-50g-p249086040.html?spid=249086043,tinh chất phục hồi vitamin b
249006869,Mặt nạ BANOBAGI Stemcell 30g,28000.0,28000.0,0.0,0.0,0,,https://tiki.vnmat-na-banobagi-stemcell-30g-p249006869.html?spid=249006883,mặt nạ banobagi
222694253,[LA ROCHE-POSAY] Sữa Chống Nắng Ngăn Ngừa Tia UV Dài & Bảo Vệ Làn Da Tối Ưu Anthelios UV Mune 400 SPF 50+ 50/3ml,19000.0,38000.0,19000.0,5.0,1,,https://tiki.vnla-roche-posay-sua-chong-nang-ngan-ngua-tia-uv-dai-bao-ve-lan-da-toi-uu-anthelios-uv-mune-400-spf-50-50-3ml-p222694253.html?spid=271338138,la roche posay sữa
221255383,"[GARNIER] Dưỡng Ẩm & Mặt Nạ Ngủ Ban Đêm Vitamin C 2 Trong 1, Giúp Trắng Da Mờ Thâm Bright Complete Sleeping Mask 50/18ml",85000.0,85000.0,0.0,0.0,0,,https://tiki.vngarnier-duong-am-mat-na-ngu-ban-dem-vitamin-c-2-trong-1-giup-trang-da-mo-tham-bright-complete-sleeping-mask-50-18ml-p221255383.html?spid=273429520,garnier dưỡng ẩm mặt nạ ngủ
181500672,"Siêu Kích Trắng Collagen X3 kích trắng da toàn thân, nâng tone body ",39999.0,39999.0,0.0,4.8,6,,https://tiki.vnsieu-kich-trang-collagen-x3-kich-trang-da-toan-than-nang-tone-body-chinh-hang-my-pham-dong-anh-p181500672.html?spid=181500673,siêu kích trắng collagen x kích
174247804,Bộ Kem Chống Nắng Nâng Tone Su:m37 Sun-away Multi Effect Sun Block AD SPF50+/PA+++,850000.0,1500000.0,650000.0,0.0,0,,https://tiki.vnset-kem-chong-nang-da-nang-duong-trang-su-m37-sun-away-multi-effect-sun-block-ad-spf50-pa-p174247804.html?spid=174247805,kem chống nắng nâng
173879072,Bộ đôi Kem chống nắng dạng sữa dưỡng da kiềm dầu bảo vệ hoàn hảo (Anessa Gold Milk 20ml + Gold Milk 12ml),385000.0,385000.0,0.0,0.0,0,,https://tiki.vnbo-doi-kem-chong-nang-dang-sua-duong-da-kiem-dau-bao-ve-hoan-hao-anessa-gold-milk-20ml-gold-milk-12ml-p173879072.html?spid=275733093,bộ kem chống nắng
159887721,Tinh chất dưỡng trắng da Lá House Astalock Concentrated Essence 15ml/30ml,945000.0,945000.0,0.0,5.0,17,,https://tiki.vntinh-chat-duong-trang-da-la-house-astalock-concentrated-essence-15ml-30ml-p159887721.html?spid=159887723,tinh chất dưỡng trắng da
115775645,Kem dưỡng trắng da Placenta White Label Premium 60g,380000.0,380000.0,0.0,0.0,0,,https://tiki.vnkem-duong-trang-da-placenta-white-label-premium-60g-p115775645.html?spid=115775646,kem dưỡng trắng da
109266279,Tẩy Trang Mắt Môi Chuyên Dụng Maybelline New York Eye & Lip Makeup Remover 40ml,59000.0,59000.0,0.0,5.0,2,,https://tiki.vntay-trang-mat-moi-chuyen-dung-maybelline-new-york-eye-lip-makeup-remover-40ml-p109266279.html?spid=109266289,tẩy trang mắt môi chuyên dụng
105226595,Kem Chống Nắng Caryophy Smart Sunscreen SPF50+ PA +++ Tone Up 50ml,295000.0,295000.0,0.0,4.8,6,,https://tiki.vnkem-chong-nang-caryophy-smart-sunscreen-spf50-pa-tone-up-50ml-tang-kem-1-mat-na-dr-morita-p105226595.html?spid=105226596,kem chống nắng caryophy
72920891,Kem dưỡng Lancome Genifique Youth Activating Cream 15ml,385000.0,385000.0,0.0,1.0,1,,https://tiki.vnkem-duong-lancome-genifique-youth-activating-cream-15ml-p72920891.html?spid=273728263,kem dưỡng lancome genifique
70589379,SERUM VITAMIN C VÀNG 24K DNA CÁ HỒI  LARIAN+ LOẠI 10ML,480000.0,480000.0,0.0,4.0,1,,https://tiki.vnserum-vitamin-c-vang-24k-dna-ca-hoi-larian-loai-10ml-p70589379.html?spid=70589380,serum vitamin c vàng
38024674,TONER HOA CÚC KIEHL'S Calendula Herbal Extract Toner,1250000.0,1250000.0,0.0,0.0,0,,https://tiki.vntoner-hoa-cuc-kiehl-s-calendula-herbal-extract-toner-p38024674.html?spid=275510241,toner hoa cúc kiehl s
32189609,"BỘ 10 HỘP SAMPLE VICHY KEM CHỐNG NẮNG KHÔNG GÂY NHỜN RÍT SPF50, UAV+UVB",300000.0,300000.0,0.0,0.0,0,,https://tiki.vnbo-10-hop-sample-vichy-kem-chong-nang-khong-gay-nhon-rit-spf50-uav-uvb-p32189609.html?spid=72578635,hộp sample vichy kem
17460518,Kem Dưỡng Trắng Sáng & Giảm Thâm Nám Ban Ngày Senka White Beauty UV Cream 50g SPF 25 PA ++,217000.0,269000.0,52000.0,4.5,15,,https://tiki.vnkem-duong-trang-sang-giam-tham-nam-ban-ngay-senka-white-beauty-uv-cream-50g-spf-25-pa-p17460518.html?spid=59495631,kem dưỡng trắng sáng
12433202,Kem Dưỡng Săn Chắc Da Và Giảm Nếp Nhăn Ban Đêm L'Oreal Revitalift 50ml,499000.0,499000.0,0.0,3.3,3,,https://tiki.vnkem-duong-san-chac-da-va-giam-nep-nhan-ban-dem-l-oreal-revitalift-50ml-p12433202.html?spid=273815000,kem dưỡng săn chắc
7775595,Nước hoa hồng Some By Mi AHA- BHA- PHA 30 Days Miracle Toner,206000.0,206000.0,0.0,5.0,1,,https://tiki.vnnuoc-hoa-hong-some-by-mi-aha-bha-pha-30-days-miracle-toner-p7775595.html?spid=41375480,nước hoa hồng some by
3626381,"Gel Hỗ Trợ Trị Bỏng, Tái Tạo Sau Tổn Thương Sau Laser Burnova Gel Plus - BER06 (25g)",85000.0,85000.0,0.0,5.0,2,,https://tiki.vngel-tri-bong-tai-tao-sau-ton-thuong-sau-laser-burnova-gel-plus-ber06-25g-p3626381.html?spid=3627115,gel hỗ trợ trị bỏng tái tạo
1521643,Xịt Khoáng Avène Thermal Spring Water 100715921 (300ml),330000.0,330000.0,0.0,0.0,0,,https://tiki.vnxit-khoang-avene-thermal-spring-water-100715921-300ml-p1521643.html?spid=46605044,xịt khoáng avène thermal
491314,Bông Tẩy Trang Jomi 120 Miếng/Túi ,24000.0,24000.0,0.0,5.0,22,,https://tiki.vnbong-tay-trang-jomi-120-mieng-tui-p491314.html?spid=103855473,bông trang jomi túi
278965271,Sữa rửa mặt làm Mịn da Mistine Bright & Smooth Facial Cleanser 100g,91000.0,179000.0,88000.0,0.0,0,,https://tiki.vnsua-rua-mat-mistine-facial-cleanser-p278965271.html?spid=278965291,sữa rửa mặt làm
278123015,Gel Rửa Mặt 150ml E5,79000.0,79000.0,0.0,0.0,0,,https://tiki.vngel-rua-mat-150ml-e5-p278123015.html?spid=278123016,gel rửa mặt
277989699,Kem dưỡng trắng da Olay Luminous Moisturiser Niacinamide + Vitamin C (50g) - Hàng chính hãng,429000.0,549000.0,120000.0,0.0,0,,https://tiki.vnkem-duong-trang-da-olay-luminous-moisturiser-niacinamide-vitamin-c-50g-hang-chinh-hang-p277989699.html?spid=277989701,kem dưỡng trắng da
277872972,Kem dưỡng da ban đêm Olay Total Effects 7 in One Night Cream (50g) - Hàng chính hãng,289000.0,329000.0,40000.0,0.0,0,,https://tiki.vnkem-duong-da-ban-dem-olay-total-effects-7-in-one-night-cream-50g-hang-chinh-hang-p277872972.html?spid=277872974,kem dưỡng da ban đêm
276486487,Sữa Rửa Mặt Rosette Làm Giảm Mụn Face Wash Pasta Acne Clear 120G,133200.0,160000.0,26800.0,5.0,1,,https://tiki.vnsua-rua-mat-rosette-lam-giam-mun-face-wash-pasta-acne-clear-120g-p276486487.html?spid=276486488,sữa rửa mặt rosette
276448307,"Tinh chất dạng xịt Essence cấp ẩm Lassie’el 50ml - Chiết xuất thiên nhiên, cấp ẩm, căng bóng da",690000.0,690000.0,0.0,0.0,0,,https://tiki.vntinh-chat-dang-xit-essence-lassie-el-chiet-xuat-tu-thien-nhien-ngan-ngua-lao-hoa-cap-am-cang-bong-da-50ml-han-quoc-p276448307.html?spid=276448308,tinh chất dạng xịt essence
276042790,Kem đi nắng trắng da cho da mụn da dầu da hỗn hợp SMART TOUCH SUNSCREEN OIL CONTROL chai 50ml,636000.0,820000.0,184000.0,0.0,0,,https://tiki.vnkem-di-nang-trang-da-cho-da-mun-da-dau-da-hon-hop-smart-touch-sunscreen-oil-control-chai-50ml-p276042790.html?spid=276042792,kem đi nắng trắng
275967976,Sữa rửa mặt nghệ Hưng Yên Cocoon 140ml,195000.0,195000.0,0.0,5.0,1,,https://tiki.vnsua-rua-mat-nghe-hung-yen-140ml-p275967976.html?spid=275967977,sữa rửa mặt nghệ hưng yên
275800164,Kem chấm mụn rau má Oribe Cica Formula giảm mụn mờ thâm ngăn ngừa sẹo mụn 20g,93000.0,150000.0,57000.0,0.0,0,,https://tiki.vnkem-cham-mun-rau-ma-oribe-giam-mun-mo-tham-ngan-ngua-seo-mun-20g-p275800164.html?spid=275800165,kem chấm mụn rau má
275798192,"Combo 2 Sữa rửa mặt ngừa mụn, dưỡng ẩm và làm sáng da hatomugi 130g/tuýp",112800.0,188000.0,75200.0,0.0,0,,https://tiki.vnsua-rua-mat-ngua-mun-duong-am-va-lam-sang-da-hatomugi-130g-tuyp-p275798192.html?spid=275798193,combo sữa rửa mặt
275628854,"Mặt nạ massage mắt Kobayashi Cooling Eye Mask hương bạc hà dễ chịu, thư giãn đôi mắt Nhật Bản 5 miếng",235000.0,235000.0,0.0,0.0,0,,https://tiki.vnmat-na-massage-mat-kobayashi-cooling-eye-mask-khong-huong-de-chiu-thu-gian-doi-mat-nhat-ban-5-mieng-p275628854.html?spid=275628855,mặt nạ massage mắt kobayashi
275599165,"SERUM TRỊ MỤN, KIỂM SOÁT DẦU NHỜN HYALURONIC ZNPCA MIXLAB SERUM",1200000.0,1200000.0,0.0,0.0,0,,https://tiki.vnserum-tri-mun-kiem-soat-dau-nhon-hyaluronic-znpca-mixlab-serum-p275599165.html?spid=275599166,serum trị mụn kiểm soát dầu
273913688,Combo 2 Gel chống nắng dịu lành cho da nhạy cảm Cetaphil Sun SPF 50+ Light Gel,998000.0,998000.0,0.0,0.0,0,,https://tiki.vncombo-2-gel-chong-nang-diu-lanh-cho-da-nhay-cam-cetaphil-sun-spf-50-light-gel-p273913688.html?spid=273913689,combo gel chống nắng
273503988,Dưỡng chất giúp cải thiện và làm sáng da La Roche-Posay Pure Vitamin C10 Serum 30ml,1319000.0,1498000.0,179000.0,0.0,0,,https://tiki.vnduong-chat-giup-cai-thien-va-lam-sang-da-la-roche-posay-pure-vitamin-c10-serum-30ml-p273503988.html?spid=273503989,dưỡng chất giúp cải thiện
273429731,Sữa Rửa Mặt CeraVe Renewing SA Cleanser Dành Cho Da Thường 237ml,45000.0,45000.0,0.0,0.0,0,,https://tiki.vnsua-rua-mat-cerave-renewing-sa-cleanser-danh-cho-da-thuong-237ml-p273429731.html?spid=273317049,sữa rửa mặt cerave
271371077,Nước Làm Sạch & Tẩy Trang Garnier Micellar Oil-Infused Cleansing Water 400ml,175000.0,175000.0,0.0,4.0,1,,https://tiki.vnnuoc-lam-sach-tay-trang-garnier-micellar-oil-infused-cleansing-water-400ml-p271371077.html?spid=273408650,nước làm sạch tẩy trang
270773335,"Serum Compliment Vitamin C 20% sáng da, mờ thâm, ngừa lão hoá",95000.0,95000.0,0.0,4.3,3,,https://tiki.vnserum-compliment-vitamin-c-20-sang-da-mo-tham-ngua-lao-hoa-p270773335.html?spid=270773336,serum compliment vitamin c
262671761,Tinh Chất Thay Da Sinh Học Tẩy Tế Bào Chết da Mặt So’Natural Red Peel Tingle Serum 35ml,600000.0,600000.0,0.0,0.0,0,,https://tiki.vntinh-chat-thay-da-sinh-hoc-tay-te-bao-chet-da-mat-so-natural-red-peel-tingle-serum-35ml-p262671761.html?spid=262671762,tinh chất thay da sinh học tẩy
241804650,Combo Toner bí đao cân bằng da cocoon 140ml + Nước dưỡng tóc tinh dầu bưởi Pomelo Cocoon 140ml,342000.0,360000.0,18000.0,0.0,0,,https://tiki.vncombo-toner-bi-dao-can-bang-da-cocoon-140ml-nuoc-duong-to-c-tinh-dau-buoi-pomelo-cocoon-140ml-p241804650.html?spid=241804651,combo toner bí đao cân bằng
227000533,Toner nước nghệ Hưng Yên Cocoon 140ml giúp da sáng mịn rạng rỡ thuần chay,185250.0,195000.0,9750.0,0.0,0,,https://tiki.vntoner-nuoc-nghe-hung-yen-cocoon-140ml-giu-p-da-sang-min-rang-ro-thuan-chay-p227000533.html?spid=227000537,toner nước nghệ hưng yên cocoon
214500345,Tẩy tế bào chết Daily Milkfoliant làm dịu & làm sáng mượt tức thì,100000.0,100000.0,0.0,0.0,0,,https://tiki.vntay-te-bao-chet-daily-milkfoliant-lam-diu-lam-sang-muot-tuc-thi-p214500345.html?spid=279076064,tẩy tế bào chết daily milkfoliant
195237871,Bộ Kem Dưỡng L'Oreal Paris Ngày Và Đêm Sáng Mịn Mờ Thâm Nám Glycolic-Bright Glowing Cream,603000.0,603000.0,0.0,4.0,1,,https://tiki.vnbo-kem-duong-loreal-paris-ngay-va-dem-sang-min-mo-tham-nam-glycolic-bright-glowing-cream-p195237871.html?spid=270881927,kem dưỡng l oreal
186285350,"Dưỡng chất giúp dưỡng da mềm mượt và ẩm mịn, hỗ trợ bảo vệ da La Roche-Posay Cicaplast B5 Ultra Repair serum 30ml",795000.0,795000.0,0.0,0.0,0,,https://tiki.vnduong-chat-giup-duong-da-mem-muot-va-am-min-ho-tro-bao-ve-da-la-roche-posay-cicaplast-b5-ultra-repair-serum-30ml-p186285350.html?spid=271044838,dưỡng chất giúp dưỡng da
181122415,KEM CHỐNG NẮNG HATOMUGI SPF50+ PA++++ DƯỠNG ẨM VÀ LÀM SÁNG DA (TUÝP 80G),199000.0,199000.0,0.0,5.0,3,,https://tiki.vnkem-chong-nang-hatomugi-spf50-pa-duong-am-va-lam-sang-da-tuyp-80g-p181122415.html?spid=181122416,kem chống nắng hatomugi
174071724,"Dung dịch dưỡng ẩm Hada Labo Acne Care Calming Lotion dành cho da dầu mụn, da nhạy cảm 170ml",209000.0,270000.0,61000.0,5.0,14,,https://tiki.vndung-dich-duong-am-hada-labo-acne-care-calming-lotion-danh-cho-da-dau-mun-da-nhay-cam-170ml-p174071724.html?spid=174071726,dung dịch dưỡng ẩm hada labo
173879298,Bộ đôi Kem chống nắng dạng sữa dịu nhẹ cho da nhạy cảm và trẻ em + Kem chống nắng dạng xịt dưỡng da bảo vệ hoàn hảo (Anessa Mild Milk 60ml + Gold Spray 60g),877500.0,1170000.0,292500.0,1.0,1,,https://tiki.vnbo-doi-kem-chong-nang-dang-sua-diu-nhe-cho-da-nhay-cam-va-tre-em-kem-chong-nang-dang-xit-duong-da-bao-ve-hoan-hao-anessa-mild-milk-60ml-gold-spray-60g-p173879298.html?spid=272282431,bộ kem chống nắng
171564929,Gel chống nắng dưỡng da trắng mịn Sunplay Skin Aqua Silky White Gel Limited Edition SPF 50+ PA++++ (30g),92000.0,95000.0,3000.0,4.8,110,,https://tiki.vngel-chong-nang-duong-da-trang-min-sunplay-skin-aqua-silky-white-gel-limited-edition-spf-50-pa-30g-p171564929.html?spid=171564931,gel chống nắng dưỡng da
169128670,Combo Nước Dưỡng Ẩm Và Kem Dưỡng Ẩm Làm Trắng Da Hatomugi Nhật Bản,199000.0,199000.0,0.0,1.0,1,,https://tiki.vncombo-nuoc-duong-am-va-kem-duong-am-lam-trang-da-hatomugi-nhat-ban-p169128670.html?spid=169128680,combo nước dưỡng ẩm kem dưỡng
119251241,Sữa rửa mặt dịu lành cho da nhạy cảm Cetaphil Gentle Skin Cleanser 250ml,300000.0,300000.0,0.0,4.8,55,,https://tiki.vnsua-rua-mat-lam-sach-diu-lanh-khong-xa-phong-cetaphil-gentle-skin-cleanser-250ml-p119251241.html?spid=119251242,sữa rửa mặt dịu lành
119251217,Sữa rửa mặt dịu lành cho da nhạy cảm Cetaphil Gentle Skin Cleanser 125ml,175000.0,175000.0,0.0,4.8,133,,https://tiki.vnsua-rua-mat-lam-sach-diu-lanh-khong-xa-phong-cetaphil-gentle-skin-cleanser-125ml-p119251217.html?spid=119251218,sữa rửa mặt dịu lành
85660175,Sữa Rửa Mặt Nghệ Hưng Yên Cocoon 140ml,160000.0,160000.0,0.0,5.0,5,,https://tiki.vnsua-rua-mat-nghe-hung-yen-cocoon-140ml-p85660175.html?spid=90464767,sữa rửa mặt nghệ hưng yên
68772117,Tẩy trang mắt môi Lancome Bi Facil Visage tách set 30 ml,385000.0,385000.0,0.0,0.0,0,,https://tiki.vntay-trang-mat-moi-lancome-bi-facil-visage-tach-set-30-ml-p68772117.html?spid=274192532,trang mắt môi lancome
67892808,Serum Mụn Thâm Mờ Sẹo - Love Skin White - 25ml,279000.0,279000.0,0.0,4.8,25,,https://tiki.vnserum-mun-tham-mo-seo-love-skin-white-25ml-p67892808.html?spid=67892809,serum mụn thâm mờ sẹo
53923464,Kem chống nắng Korea,560000.0,560000.0,0.0,0.0,0,,https://tiki.vnkem-chong-nang-korea-p53923464.html?spid=53923465,kem chống nắng
46245486,Bộ sản phẩm làm sạch và bảo vệ da dầu nhạy cảm La Roche-Posay Effaclar Gel,472000.0,472000.0,0.0,0.0,0,,https://tiki.vnbo-san-pham-lam-sach-va-bao-ve-da-dau-nhay-cam-la-roche-posay-effaclar-gel-p46245486.html?spid=271337928,sản phẩm làm sạch bảo vệ
43367289,Kem dưỡng ẩm & làm dịu da dạng thạch,520000.0,520000.0,0.0,0.0,0,,https://tiki.vnkem-duong-am-lam-diu-da-dang-thach-p43367289.html?spid=43367290,kem dưỡng ẩm làm dịu
2738493,Combo Ngăn Bụi Toàn Diện Gồm 2 Hộp Silcot Bông Trang Điểm (bông tẩy trang) Nhật Bản + 5 Gói Khẩu Trang Ngăn Khói Bụi Unicharm 3D Mask Super Fit,135000.0,135000.0,0.0,0.0,0,,https://tiki.vncombo-ngan-bui-toan-dien-gom-2-hop-silcot-bong-trang-diem-bong-tay-trang-nhat-ban-5-goi-khau-trang-ngan-khoi-bui-unicharm-3d-mask-super-fit-p2738493.html?spid=104034792,combo ngăn bụi toàn diện gồm
279084773,Nước Hoa Hồng Dear Klairs Supple Preparation Unscented Toner 30ml,65000.0,65000.0,0.0,0.0,0,,https://tiki.vnnuoc-hoa-hong-dear-klairs-supple-preparation-unscented-toner-30ml-p279084773.html?spid=279084774,nước hoa hồng dear klairs
278377910,Kem chống nắng nâng tông body Skin Aqua dưỡng thể sáng mịn Sunplay Skin Aqua UV Body Tone up Lavender Lotion SPF 50+ PA++++ 130g,212000.0,259000.0,47000.0,0.0,0,,https://tiki.vnkem-chong-nang-nang-tong-body-skin-aqua-duong-the-sang-min-sunplay-skin-aqua-uv-body-tone-up-lavender-lotion-spf-50-pa-130g-p278377910.html?spid=278377911,kem chống nắng nâng
278325219,Kem chống nắng dành cho hoạt động thể thao Cancer Council Sport Sunscreen SPF50+ (35ml/110ml) - Hàng chính hãng,149000.0,179000.0,30000.0,0.0,0,,https://tiki.vnkem-chong-nang-danh-cho-hoat-dong-the-thao-cancer-council-sport-sunscreen-spf50-35ml-110ml-hang-chinh-hang-p278325219.html?spid=278325221,kem chống nắng dành
278237888,"Mặt nạ tinh chất làm dịu và cải thiện da mụn, nhạy cảm cao cấp Hada Labo Premium Pore Care Serum Mask (23g/miếng)",35000.0,39000.0,4000.0,0.0,0,,https://tiki.vnmat-na-tinh-chat-lam-diu-va-cai-thien-da-mun-nhay-cam-cao-cap-hada-labo-premium-pore-care-serum-mask-23g-mieng-p278237888.html?spid=278237889,mặt nạ tinh chất làm dịu
278123275,Kem trắng da chống nắng dưỡng ẩm 15g (kem nén) E5,139000.0,139000.0,0.0,0.0,0,,https://tiki.vnkem-trang-da-chong-nang-duong-am-15g-kem-nen-e5-p278123275.html?spid=278123276,kem trắng da chống
277657562,Combo 10 Gói Kem Chống Nắng Whoo Gongjinhyang Seol Radiant White Tone Up Sunscreen 1ml/gói,80000.0,80000.0,0.0,0.0,0,,https://tiki.vncombo-10-goi-kem-chong-nang-whoo-gongjinhyang-seol-radiant-white-tone-up-sunscreen-1ml-goi-p277657562.html?spid=277657564,combo gói kem chống
277342217,Kem dưỡng tái sinh da OHUI The First Geniture Cream Intensive 55ml,4065000.0,6000000.0,1935000.0,0.0,0,,https://tiki.vnkem-duong-tai-sinh-da-ohui-the-first-geniture-cream-intensive-55ml-p277342217.html?spid=277342218,kem dưỡng tái sinh da
276548678,"Bộ sản phẩm Compliment 5% Glycolic Acid làm sạch, sáng đều màu da, căng bóng",110000.0,110000.0,0.0,0.0,0,,https://tiki.vnbo-san-pham-compliment-5-glycolic-acid-lam-sach-sang-deu-mau-da-cang-bong-p276548678.html?spid=276653620,sản phẩm compliment glycolic acid làm
276139068,Dung dịch DrCeutics Basic BHA 2% In Alcohol giúp loại bỏ tế bào chết trên da (100ml/200ml) - Hàng chính hãng,139000.0,179000.0,40000.0,0.0,0,,https://tiki.vndung-dich-drceutics-basic-bha-2-in-alcohol-giup-loai-bo-te-bao-chet-tren-da-100ml-hang-chinh-hang-p276139068.html?spid=276139070,dung dịch drceutics basic bha
275971382,"Serum Red Peel Compliment AHA 30% + BHA 2% cải thiện làn da, se khít chân lông 27ml",120000.0,120000.0,0.0,0.0,0,,https://tiki.vnserum-red-peel-compliment-aha-30-bha-2-cai-thien-lan-da-se-khit-chan-long-27ml-p275971382.html?spid=275971383,serum red peel compliment
275604303,Serum Dưỡng Ẩm và Làm Sáng Da Chiết Xuất Cam Quýt Frudia Citrus Brightening Serum 50g,499000.0,499000.0,0.0,0.0,0,,https://tiki.vnserum-duong-am-va-lam-sang-da-chiet-xuat-cam-quyt-frudia-citrus-brightening-serum-50g-p275604303.html?spid=275604304,serum dưỡng ẩm làm sáng
275237104,Gel Rửa Mặt Sạch Bụi Mịn Probiotic Anti-Pollution Radiance Amino Gel  Zakka Naturals 30ml,90000.0,90000.0,0.0,0.0,0,,https://tiki.vngift-gel-rua-mat-sach-bui-min-probiotic-anti-pollution-radiance-amino-gel-zakka-naturals-30ml-p275237104.html?spid=275237105,gel rửa mặt sạch
274964991,Sample Tinh chất Bioverse hỗ trợ giảm mụn B351 Acne Clear up Serum 5ml,55000.0,55000.0,0.0,0.0,0,,https://tiki.vngift-tinh-chat-bioverse-ho-tro-giam-mun-b351-acne-clear-up-serum-5ml-p274964991.html?spid=274964992,sample tinh chất bioverse hỗ trợ
274472796,Serum Niacinamide & ZinC Compliment Tinh Chất Dưỡng Cấp Ẩm Trắng Da Giảm Mụn Mờ Thâm,95000.0,95000.0,0.0,0.0,0,,https://tiki.vnserum-niacinamide-zinc-compliment-tinh-chat-duong-cap-am-trang-da-giam-mun-mo-tham-p274472796.html?spid=274472797,serum niacinamide zinc compliment
274051543,"Kem làm sáng da, chống lão hóa Obagi Nu-Derm Clear Fx 57g",2350000.0,2350000.0,0.0,0.0,0,,https://tiki.vnkem-lam-sang-da-chong-lao-hoa-obagi-nu-derm-clear-fx-p274051543.html?spid=275408550,kem làm sáng da
273954108,Serum làm trắng và thu nhỏ lỗ chân lông Anodin Niacinamide 10 Plus Hàn Quốc 33ml,399000.0,399000.0,0.0,5.0,1,,https://tiki.vnserum-lam-trang-va-thu-nho-lo-chan-long-anodin-niacinamide-10-plus-han-quoc-33ml-p273954108.html?spid=273954109,serum làm trắng thu
252169766,Sữa Rửa Mặt Tạo Bọt Dịu Lành Cho Da Nhạy Cảm Cetaphil Hydrating Foaming Cream Cleanser 236ml,326000.0,326000.0,0.0,5.0,1,,https://tiki.vnsua-rua-mat-tao-bot-diu-lanh-cho-da-nhay-cam-cetaphil-hydrating-foaming-cream-cleanser-236ml-p252169766.html?spid=252169768,sữa rửa mặt tạo
242028661,"Mặt nạ nghệ Hưng Yên Turmeric face mask Cocoon 30ml giúp da đều màu, giảm thâm thuần chay",147250.0,155000.0,7750.0,5.0,1,,https://tiki.vnmat-na-nghe-hung-yen-turmeric-face-mask-cocoon-30ml-giu-p-da-deu-mau-giam-tham-thuan-chay-p242028661.html?spid=242028662,mặt nạ nghệ hưng yên turmeric
225940174,Thạch bí đao Cocoon 100ml giảm dầu và mụn thuần chay,365750.0,385000.0,19250.0,4.5,2,,https://tiki.vnthach-bi-dao-cocoon-100ml-gia-m-da-u-va-mu-n-thua-n-chay-p225940174.html?spid=225940175,thạch bí đao cocoon
206953197,Dung Dịch Tẩy Tế Bào Chết Paula's Choice 2% BHA 30ml - 118ml,337000.0,337000.0,0.0,3.0,2,,https://tiki.vndung-dich-tay-te-bao-chet-paula-s-choice-2-bha-30ml-p206953197.html?spid=206953199,dung dịch tẩy tế bào chết
206762547,Kem B5 Compliment Phục Hồi Da D-Panthenol 7% 75ml ,60000.0,60000.0,0.0,5.0,4,,https://tiki.vnkem-b5-compliment-phuc-hoi-da-d-panthenol-7-75ml-p206762547.html?spid=206762548,kem b compliment phục hồi
206688010,Gel Mụn Khẩn Cấp SOS Compliment No Problem 25ml,62000.0,62000.0,0.0,4.8,4,,https://tiki.vngel-mun-khan-cap-sos-compliment-no-problem-25ml-p206688010.html?spid=206688011,gel mụn khẩn cấp sos
205046699,Kem Face Collagen X3 + Sữa Rửa Mặt Colagen X3,143000.0,143000.0,0.0,5.0,1,,https://tiki.vnkem-face-collagen-x3-sua-rua-mat-colagen-x3-p205046699.html?spid=205046711,kem face collagen x
187781167,Kem Ngừa Nám - Tàn Nhang - Đồi Mồi VK II ( 10g/20g ),180000.0,180000.0,0.0,4.5,2,,https://tiki.vnkem-ngua-nam-tan-nhang-doi-moi-vk-ii-10g-20g-p187781167.html?spid=187781169,kem ngừa nám tàn nhang
180863233,"Nước hoa hồng Cocoon, nước toner cấp ẩm và làm mềm da 140ml - LS024 - The Cocoon Original Vietnam",277500.0,277500.0,0.0,0.0,0,,https://tiki.vnnuoc-hoa-hong-cocoon-nuoc-toner-cap-am-va-lam-mem-da-140ml-lamita-hair-spa-ls024-p180863233.html?spid=180863243,nước hoa hồng cocoon nước
169128815,Kem Chống Nắng Nâng Tone Dưỡng Ẩm Và Làm Sáng Da Hatomugi SPF50+ PA++++ 70g,179000.0,179000.0,0.0,5.0,4,,https://tiki.vnkem-chong-nang-nang-tone-duong-am-va-lam-sang-da-hatomugi-spf50-pa-70g-p169128815.html?spid=169128816,kem chống nắng nâng
159885670,"Nước hoa hồng giúp ngăn ngừa mụn, giảm nhờn cho da, da mịn màng  Lá House Acne Control Toner 100ml/200ml",425000.0,425000.0,0.0,5.0,4,,https://tiki.vnnuoc-hoa-hong-ngan-ngua-mun-giam-nhon-min-da-la-house-acne-control-toner-100ml-200ml-p159885670.html?spid=159885672,nước hoa hồng giúp ngăn ngừa
158451292,Bộ đôi giúp làm sạch và bảo vệ da Sắc Ngọc Khang: Sữa rửa mặt 100g + Kem chống nắng 50g,242000.0,476000.0,234000.0,4.8,8,,https://tiki.vncombo-2-san-pham-sac-ngoc-khang-kem-chong-nang-50g-sua-rua-mat-100g-p158451292.html?spid=158451293,bộ giúp làm sạch
155356650,"SỮA RỬA MẶT DÀNH CHO NAM LIKESHI CLEANSING FOAM 120G (ngăn ngừa mụn, sạch dầu nhờn, thải độc da)",145000.0,145000.0,0.0,4.8,8,,https://tiki.vnsua-rua-mat-danh-cho-nam-likeshi-cleansing-foam-120g-ngan-ngua-mun-sach-dau-nhon-thai-doc-da-p155356650.html?spid=155356651,sữa rửa mặt dành
146587240,Nước cân bằng làm sáng da Cetaphil Bright Healthy Radiance Refresh Toner 150ml,359000.0,359000.0,0.0,5.0,11,,https://tiki.vnnuoc-can-bang-lam-sang-da-cetaphil-bright-healthy-radiance-refresh-toner-150ml-p146587240.html?spid=146587241,nước cân bằng làm sáng
136116477,Kem Dưỡng dành cho da Bạch Biến DR MICHAELS VITILINEX ADVANCED ( Australia ),896000.0,896000.0,0.0,0.0,0,,https://tiki.vnkem-danh-cho-da-bach-bien-dr-michaels-vitilinex-advanced-p136116477.html?spid=136116484,kem dưỡng dành da
86539190,Kem MIFACHI Dưỡng trắng da Day and Night Skin Care Cream,559000.0,559000.0,0.0,5.0,1,,https://tiki.vnkem-mifachi-duo-ng-tra-ng-da-day-and-night-skin-care-cream-p86539190.html?spid=86539191,kem mifachi dươ ng
73397993,"Gel Dưỡng La Roche-Posay Làm Mờ Sẹo, Giúp Làm Dịu Cicaplast B5 40ml",388000.0,388000.0,0.0,0.0,0,,https://tiki.vngel-duong-la-roche-posay-lam-mo-seo-giup-lam-diu-cicaplast-b5-40ml-p73397993.html?spid=272596377,gel dưỡng la roche posay
52280562,"Kem chống nắng nâng tông Skin Aqua Tone up Mint Green cho da trắng có khuyết điểm đỏ, dạng tinh chất Sunplay Skin Aqua Tone Up UV Essence Mint Green SPF 50+ PA++++ 50g",156000.0,199000.0,43000.0,4.8,401,,https://tiki.vnkem-chong-nang-nang-tong-skin-aqua-tone-up-mint-green-cho-da-trang-co-khuyet-diem-do-dang-tinh-chat-sunplay-skin-aqua-tone-up-uv-essence-mint-green-spf-50-pa-50g-p52280562.html?spid=52280563,kem chống nắng nâng
49090527,KEM NGỪA MỤN - TRẮNG DA - NGỪA VẾT THÂM-25gram,165000.0,165000.0,0.0,0.0,0,,https://tiki.vnkem-ngua-mun-trang-da-ngua-vet-tham-25gram-p49090527.html?spid=221225098,kem ngừa mụn trắng
43811246,KEM DƯỠNG DA NHAU THAI CỪU COSTAR SHEEP PLACENTA 100G,110000.0,110000.0,0.0,5.0,1,,https://tiki.vnkem-duong-da-nhau-thai-cuu-costar-sheep-placenta-100g-p43811246.html?spid=126002723,kem dưỡng da nhau
42889999,Tẩy Da Chết Cà phê Đăk Lăk Cocoon 200ml,92000.0,92000.0,0.0,4.8,53,,https://tiki.vntay-da-chet-ca-phe-dak-lak-cocoon-200ml-p42889999.html?spid=71682087,tẩy da chết cà phê
13377029,Sữa Rữa Mặt Sakura Nhạy Cảm  Gentle Cleanser  (100ml),546000.0,600000.0,54000.0,0.0,0,,https://tiki.vnsua-rua-mat-sakura-nhay-cam-sensitive-gentle-cleansing-foam-100ml-p13377029.html?spid=13377030,sữa rữa mặt sakura
8240557,Kem Chống Nắng Chống Lão Hoá Vichy Ideal Soleil Anti Age SPF50+ MB055000 (50ml),389000.0,505000.0,116000.0,4.0,1,,https://tiki.vnkem-chong-nang-chong-lao-hoa-vichy-ideal-soleil-anti-age-spf50-mb055000-50ml-p8240557.html?spid=115098685,kem chống nắng chống
2869347,La Roche-Posay - Gel Rửa Mặt Tạo Bọt Cho Da Dầu Nhạy Cảm Effaclar Purifying Foaming Gel 200ml,308000.0,308000.0,0.0,0.0,0,,https://tiki.vnla-roche-posay-gel-rua-mat-tao-bot-cho-da-dau-nhay-cam-effaclar-purifying-foaming-gel-200ml-p2869347.html?spid=31493533,la roche posay gel rửa
278687610,"sữa rửa mặt Magnetic[+] Afterglow hút sạch bằng nam châm, nhân đôi độ rạng rỡ 92% của Dermalogica",1820000.0,1820000.0,0.0,0.0,0,,https://tiki.vnsua-rua-mat-magnetic-afterglow-hut-sach-bang-nam-cham-nhan-doi-do-rang-ro-92-cua-dermalogica-p278687610.html?spid=278687612,sữa rửa mặt magnetic afterglow
277608096,Tẩy Trang Và Làm Sạch Nhanh Làn Mi Kissme Heroine Make Mascara Remover (7.3 mL),390000.0,390000.0,0.0,0.0,0,,https://tiki.vntay-trang-va-lam-sach-nhanh-lan-mi-kissme-heroine-make-mascara-remover-6-6ml-p277608096.html?spid=277608097,tẩy trang làm sạch nhanh
277355977,Thạch nghệ Hưng Yên giúp làm sáng da và mờ thâm mụn Cocoon 30ml - 100ml,160000.0,160000.0,0.0,0.0,0,,https://tiki.vnthach-nghe-hung-yen-giup-lam-sang-da-va-mo-tham-mun-cocoon-30ml-100ml-p277355977.html?spid=277355979,thạch nghệ hưng yên giúp làm
276243570,"Serum Dưỡng Trắng Da, Cấp Ẩm Đa Tầng Angel's Liquid Glutathione 700mg + 5% HA 7Day Whitening Program 30ml",370000.0,615000.0,245000.0,0.0,0,,https://tiki.vnserum-duong-trang-da-cap-am-da-tang-angel-s-liquid-glutathione-700mg-5-ha-7day-whitening-program-30ml-p276243570.html?spid=276243571,serum dưỡng trắng da
276148158,Tinh chất xóa nhăn xóa thâm quầng bọng mắt năng cơ dưỡng ẩm RESCUES WRINKLE DAMODE chai 15ml,660000.0,1320000.0,660000.0,0.0,0,,https://tiki.vntinh-chat-xoa-nhan-xoa-tham-quang-bong-mat-nang-co-duong-am-rescues-wrinkle-damode-chai-15ml-p276148158.html?spid=276148159,tinh chất xóa nhăn xóa
275967617,Sữa rửa mặt dạng gel rửa mặt hoa hồng Cocoon 140ml,165750.0,195000.0,29250.0,5.0,1,,https://tiki.vngel-rua-mat-hoa-hong-p275967617.html?spid=275967618,sữa rửa mặt dạng
274536858,Bộ tái sinh làn da phiên bản nâng cấp The Whoo Cheongidan Rejuvenating Pro-radiance 2pcs Set,4137000.0,5600000.0,1463000.0,0.0,0,,https://tiki.vnbo-tai-sinh-lan-da-phien-ban-nang-cap-the-whoo-cheongidan-rejuvenating-pro-radiance-2pcs-set-p274536858.html?spid=274536859,bộ tái sinh da phiên bản
274440514,Kem chống nắng SẮC NGỌC KHANG 50G chống nắng phổ rộng với 6 màng lọc Filter,338000.0,338000.0,0.0,5.0,3,,https://tiki.vnkem-chong-nang-sac-ngoc-khang-50g-chong-nang-pho-rong-voi-6-mang-loc-filter-p274440514.html?spid=274440515,kem chống nắng sắc ngọc
273847251,Kem chống nắng Mona Frema SUNPRE Sunscreen Mini Size 7ml (Không Màu Và Màu Kem Nền),224000.0,224000.0,0.0,0.0,0,,https://tiki.vnkem-chong-nang-mona-frema-sunpre-sunscreen-mini-size-7ml-khong-mau-va-mau-kem-nen-p273847251.html?spid=273847486,kem chống nắng mona
273745377,Kem Dưỡng ẩm Chống Lão Hóa Cho Da Kyung Lab Ultra Hydrating Multi Cream 50ml,530000.0,530000.0,0.0,0.0,0,,https://tiki.vnkem-duong-am-chong-lao-hoa-cho-da-kyung-lab-ultra-hydrating-multi-cream-50ml-p273745377.html?spid=273745379,kem dưỡng ẩm chống
272647280,Set Dưỡng Da Ngừa Nám Tàn Nhang Mini Transino Nhật Bản,450000.0,450000.0,0.0,0.0,0,,https://tiki.vnset-duong-da-tri-nam-mini-transino-nhat-ban-p272647280.html?spid=272647281,set dưỡng da ngừa nám tàn nhang
272353753,Tẩy trang mắt môi Bifesta Water Bright Lip & Eye Makeup Remover Nhật Bản 145ml dưỡng ẩm sạch sâu,215000.0,215000.0,0.0,0.0,0,,https://tiki.vntay-trang-mat-moi-bifesta-water-bright-lip-eye-makeup-remover-nhat-ban-145ml-duong-am-sach-sau-p272353753.html?spid=272353754,trang mắt môi bifesta
272225887,Khăn Ứớt Tẩy Trang Dưỡng Ẩm Da Bổ Sung Colalgen Softymo Kose Nhật Bản Gói refill 52 miếng,109000.0,109000.0,0.0,5.0,1,,https://tiki.vnkhan-uot-tay-trang-duong-am-da-bo-sung-colalgen-softymo-kose-nhat-ban-goi-refill-52-mieng-p272225887.html?spid=272225889,khăn ứớt tẩy trang dưỡng ẩm da
270859798,Sữa rửa mặt trắng da Moose+ 150ml giúp da mặt trắng hồng rạng rỡ hạn 2026,250000.0,250000.0,0.0,0.0,0,,https://tiki.vnsua-rua-mat-trang-da-moose-150ml-giup-da-mat-trang-hong-rang-ro-han-2026-p270859798.html?spid=270859799,sữa rửa mặt trắng
263951878,Bigsize - Gel rửa mặt cà phê Đắk Lắk Cocoon cho làn da tươi mới và rạng rỡ 310ml,295000.0,295000.0,0.0,0.0,0,,https://tiki.vnbigsize-gel-rua-mat-ca-phe-dak-lak-cocoon-cho-lan-da-tuoi-moi-va-rang-ro-310ml-p263951878.html?spid=263951879,bigsize gel rửa mặt
263403938,Peel tái tạo da Peel plus,650000.0,650000.0,0.0,0.0,0,,https://tiki.vnpeel-tai-tao-da-peel-plus-p263403938.html?spid=263403939,peel tái tạo da peel
262453123,Men Ủ Trắng Mặt DR CELL 50g nhả nắng làm trắng da hỗ trợ mờ thâm nám - Hàng Chính Hãng,310000.0,310000.0,0.0,0.0,0,,https://tiki.vnmen-u-trang-da-mat-kem-duong-trang-da-mat-nhanh-chong-se-khit-lo-chan-long-chiet-xuat-tu-thien-nhien-dr-cell-p262453123.html?spid=262453125,men ủ trắng mặt
252584810,Kem Chống Nắng 80g và Kem Chống Nắng Nâng Tone Dưỡng Ẩm Và Làm Sáng Da Hatomugi SPF50+ PA++++ 70g,179000.0,179000.0,0.0,0.0,0,,https://tiki.vnkem-chong-nang-80g-va-kem-chong-nang-nang-tone-duong-am-va-lam-sang-da-hatomugi-spf50-pa-70g-p252584810.html?spid=252584815,kem chống nắng kem
248788501,Serum (Tinh Chất) Đồng Chống Lão Hóa Moody Sapphire Dermarium,400000.0,400000.0,0.0,0.0,0,,https://tiki.vnserum-tinh-chat-dong-chong-lao-hoa-liquid-sapphire-dermarium-p248788501.html?spid=248788504,
224738152,Bột tẩy da chết chiết xuất cám gạo DAILY MICROFOLIANT của Dermalogica,110000.0,110000.0,0.0,5.0,1,,https://tiki.vnbot-tay-da-chet-chiet-xuat-cam-gao-daily-microfoliant-cua-dermalogica-p224738152.html?spid=279076062,bột tẩy da chết
216511618,Nước Tẩy Trang La Roche-Posay Dành Cho Da Nhạy Cảm 400ml Micellar Water Ultra Sensitive Skin 400ml,450000.0,450000.0,0.0,0.0,0,,https://tiki.vnnuoc-tay-trang-la-roche-posay-danh-cho-da-nhay-cam-400ml-micellar-water-ultra-sensitive-skin-400ml-p216511618.html?spid=216511619,nước tẩy trang la roche
201802627,[L'OREAL PARIS] Kem Chống Nắng Giúp Kiểm Soát Dầu Và Thoáng Mịn Làn Da UV Defender SPF 50+/PA++++ Matte & Fresh 50/15ml,345000.0,345000.0,0.0,5.0,1,,https://tiki.vnl-oreal-paris-kem-chong-nang-giup-kiem-soat-dau-va-thoang-min-lan-da-uv-defender-spf-50-pa-matte-fresh-50-15ml-p201802627.html?spid=273815087,l oreal paris kem
199154317,Kem sâm nhung dưỡng da mặt Michiko hủ 10gr,380000.0,380000.0,0.0,5.0,1,,https://tiki.vnkem-sam-nhung-duong-da-mat-michiko-hu-10gr-p199154317.html?spid=199154318,kem sâm nhung dưỡng da
186756445,Tinh chất nghệ Hưng Yên cocoon 30ml (turmeric serum) thuần chay,325000.0,325000.0,0.0,0.0,0,,https://tiki.vntinh-chat-nghe-hung-yen-cocoon-30ml-turmeric-serum-thuan-chay-p186756445.html?spid=186756449,tinh chất nghệ hưng yên cocoon
184318151,"￼Viên Serum Bôi da  Lisse SKIN - Hộp 20v- Dưỡng Ẩm,Dưỡng Trắng Da, Làm Mờ Các Vết Thâm Nám, Hãn Chế Qúa Trình Lão Hóa",219000.0,219000.0,0.0,0.0,0,,https://tiki.vnvien-serum-boi-da-lisse-skin-hop-20v-duong-am-duong-trang-da-lam-mo-cac-vet-tham-nam-han-che-qua-trinh-lao-hoa-p184318151.html?spid=184318152,serum bôi da lisse
160372033,"Serum giúp dưỡng trắng da, làm mờ sẹo và se khít lỗ chân lông Lá House Scars Therapy Concentrated 15ml/30ml",715000.0,715000.0,0.0,4.7,16,,https://tiki.vnserum-duong-trang-da-lam-mo-seo-se-khit-lo-chan-long-la-house-scars-therapy-concentrated-15ml-30ml-p160372033.html?spid=160372035,serum giúp dưỡng trắng
157850214,Cắt mã Giảm giá Mặt nạ ủ trắng Maiko chiết xuất bã rượu Sake Nhật,139000.0,139000.0,0.0,0.0,0,,https://tiki.vnmat-na-u-trang-maiko-chiet-xuat-ba-ruou-sake-p157850214.html?spid=157850215,cắt mã giảm giá mặt nạ ủ
138001021,Serum cấp ẩm phục hồi da Mediphar Hydrating B5 30ml,490000.0,490000.0,0.0,5.0,3,,https://tiki.vnserum-cap-am-phuc-hoi-da-mediphar-hydrating-b5-30ml-p138001021.html?spid=138001022,serum cấp ẩm phục hồi da
132230283,[ Tặng chai 150ml ] Xịt khoáng cấp ẩm da Dr HER Paris_400ML,255000.0,255000.0,0.0,5.0,3,,https://tiki.vnxit-khoang-cap-am-da-dr-her-paris_400ml-p132230283.html?spid=132230284,tặng chai xịt khoáng cấp
99863061,[Tặng kèm BÔNG TẨY TRANG Grenobil 150miếng/cây]KEM DƯỠNG TRẮNG DA BAN ĐÊM HOLY CARE,362000.0,362000.0,0.0,5.0,1,,https://tiki.vnkem-duong-trang-da-ban-dem-holy-care-p99863061.html?spid=99863062,tặng kèm bông trang
38888289,Mặt Nạ Cám Gạo Dạng Đắp Keana Rice Mask Dưỡng Ẩm và Làm Sáng Da  (10 Miếng) - NHẬP KHẨU NHẬT BẢN,175000.0,250000.0,75000.0,5.0,13,,https://tiki.vnmat-na-cam-gao-dang-dap-keana-rice-mask-duong-am-va-lam-sang-da-10-mieng-nhap-khau-nhat-ban-p38888289.html?spid=38888290,mặt nạ cám gạo dạng
31502241,Kiehl's Turmeric & Cranberry Seed Energizing Radiance Masque - Mặt Nạ Sáng Da Từ Nghệ Và Hạt Việt Quất,350000.0,350000.0,0.0,0.0,0,,https://tiki.vnkiehl-s-turmeric-cranberry-seed-energizing-radiance-masque-mat-na-sang-da-tu-nghe-va-hat-viet-quat-p31502241.html?spid=275987190,kiehl s turmeric cranberry
25092865,Dầu tẩy tế bào chết BHA Bimore làm sạch sâu ngăn ngừa mụn sáng da_100ml,275000.0,275000.0,0.0,0.0,0,,https://tiki.vndau-tay-te-bao-chet-bimore-50ml-p25092865.html?spid=25092866,dầu tẩy tế bào chết
13377047,Kem Chống Nắng Sakura Physical Daily Defense SPF 50+ PA ++++ (60g),869050.0,955000.0,85950.0,0.0,0,,https://tiki.vnkem-chong-nang-sakura-physical-daily-defense-spf-50-pa-60g-p13377047.html?spid=13377048,kem chống nắng sakura
10275153,"Kem nám Bimore_dưỡng da sáng mịn, giảm mờ thâm nám, tàn nhan_30ml",290000.0,290000.0,0.0,5.0,1,,https://tiki.vnkem-duong-da-dem-ngua-nam-bambi-30ml-p10275153.html?spid=10275154,kem nám bimore_dưỡng da
7645661,Xịt Khoáng Vichy Mineralizing Thermal Water 300ml,364000.0,364000.0,0.0,5.0,1,,https://tiki.vnxit-khoang-vichy-mineralizing-thermal-water-300ml-p7645661.html?spid=31183203,xịt khoáng vichy mineralizing
877404,Combo 5 Giấy Thấm Dầu Mayan  (100 Tờ / Gói),86000.0,110000.0,24000.0,4.6,81,,https://tiki.vncombo-5-giay-tham-dau-mayan-100-to-goi-p877404.html?spid=878710,combo giấy thấm dầu
548264,Nước Khoáng Giúp Làm Sạch Và Dịu Da La Roche-Posay Serozinc (50ml),212750.0,212750.0,0.0,0.0,0,,https://tiki.vnnuoc-khoang-giup-lam-sach-va-diu-da-la-roche-posay-serozinc-50ml-p548264.html?spid=28338832,nước khoáng giúp làm
522730,"Nước Làm Sạch Da, Tẩy Trang Và Loại Bỏ Dầu SVR Sebiaclear Eau Micellaire Chai 400ml - SEM",345000.0,345000.0,0.0,0.0,0,,https://tiki.vnnuoc-lam-sach-da-tay-trang-va-loai-bo-dau-svr-sebiaclear-eau-micellaire-chai-400ml-sem-p522730.html?spid=65434396,nước làm sạch da
279076057,"Kem dưỡng ẩm MULTIVITAMIN POWER RECOVERY CREAM phục hồi da giàu dưỡng chất phù hợp với tất cả loại da, da lão hoá",335000.0,335000.0,0.0,0.0,0,,https://tiki.vnkem-duong-am-multivitamin-power-recovery-cream-phuc-hoi-da-giau-duong-chat-phu-hop-voi-tat-ca-loai-da-da-lao-hoa-p279076057.html?spid=279076060,kem dưỡng ẩm multivitamin power
277738730,Tinh chất trẻ hóa da ban đêm Olay Regenerist Retinol 24 Night Serum (30ml) - Hàng chính hãng,549000.0,549000.0,0.0,0.0,0,,https://tiki.vntinh-chat-tre-hoa-da-ban-dem-olay-regenerist-retinol-24-night-serum-30ml-hang-chinh-hang-p277738730.html?spid=277738732,tinh chất trẻ hóa da
277565321,Sữa Rửa Mặt Dịu Nhẹ Cho Da Dầu CeraVe Foaming Cleanser 30ml,45000.0,45000.0,0.0,0.0,0,,https://tiki.vnsua-rua-mat-diu-nhe-cho-da-dau-cerave-foaming-cleanser-30ml-p277565321.html?spid=277565322,sữa rửa mặt dịu
276657743,"Mặt nạ Compliment chống lão hóa, giảm mụn, sáng da",95000.0,95000.0,0.0,0.0,0,,https://tiki.vnmat-na-compliment-chong-lao-hoa-giam-mun-sang-da-p276657743.html?spid=276665452,mặt nạ compliment chống lão
276377890,"Khăn Tẩy Trang SenaDemar làm sạch,loại bỏ bã nhờn gói 45 miếng hạn 2027",100000.0,100000.0,0.0,0.0,0,,https://tiki.vnkhan-tay-trang-senademar-lam-sach-loai-bo-ba-nhon-goi-45-mieng-han-2027-p276377890.html?spid=276377891,khăn tẩy trang senademar làm
276239352,"Kem dưỡng da Hyaluronic siêu cấp ẩm, dưỡng trắng chống nhăn làm dịu da - DABO Hyaluronic Acid 8 Soothing Cream 100ml",310000.0,310000.0,0.0,0.0,0,,https://tiki.vnkem-duong-da-hyaluronic-sieu-cap-am-duong-trang-chong-nhan-lam-diu-da-dabo-hyaluronic-acid-8-soothing-cream-100ml-p276239352.html?spid=276239353,kem dưỡng da hyaluronic
275843761,Sữa Rửa Mặt Thu Nhỏ Lỗ Chân Lông 80G Rosette Face Wash Pasta Sea Clay Smooth,93800.0,134000.0,40200.0,5.0,1,,https://tiki.vnsua-rua-mat-thu-nho-lo-chan-long-80g-rosette-face-wash-pasta-sea-clay-smooth-p275843761.html?spid=275843762,sữa rửa mặt thu
275409955,Kem chống nắng phổ rộng Nga SPF 50 SPF 45 Compliment Fito 50ml,85000.0,85000.0,0.0,0.0,0,,https://tiki.vnkem-chong-nang-pho-rong-nga-spf-50-spf-45-compliment-fito-50ml-p275409955.html?spid=276670989,kem chống nắng phổ
275237133,Toner 2 Trong 1 Hỗ Trợ Làm Sạch Và Cấp Ẩm Probiotic Anti-Pollution & Hydrating Dual Effect Zakka Naturals 30ml,100000.0,100000.0,0.0,0.0,0,,https://tiki.vngift-toner-2-trong-1-ho-tro-lam-sach-va-cap-am-probiotic-anti-pollution-hydrating-dual-effect-zakka-naturals-30ml-p275237133.html?spid=275237134,toner hỗ trợ làm sạch
274732186,10 Gói Kem Dưỡng Whoo Cheonyuldan Ultimate Dạng gói 1ml,119000.0,119000.0,0.0,0.0,0,,https://tiki.vn10-goi-kem-duong-whoo-cheonyuldan-ultimate-dang-goi-1ml-p274732186.html?spid=274732187,gói kem dưỡng whoo
274591108,Bông tẩy trang 100% Cotton Men Stay Simplicity,29000.0,29000.0,0.0,5.0,1,,https://tiki.vnbong-tay-trang-100-cotton-men-stay-simplicity-p274591108.html?spid=274591109,bông tẩy trang cotton men
274173846,"Serum B5 Multi Hydra Max Prettyskin giúp phục hồi dưỡng trắng  dành cho da dầu mụn, da khô 50ml",435000.0,435000.0,0.0,0.0,0,,https://tiki.vnserum-b5-multi-hydra-max-prettyskin-giup-phuc-hoi-duong-trang-danh-cho-da-dau-mun-da-kho-50ml-p274173846.html?spid=274173847,serum b multi hydra
274091405,Nước Hoa Hồng Phục Hồi Dưỡng Trắng PrettySkin Multi Hydra B5 Calming & Repairing Toner 205ml,399000.0,399000.0,0.0,0.0,0,,https://tiki.vnnuoc-hoa-hong-phuc-hoi-duong-trang-prettyskin-multi-hydra-b5-calming-repairing-toner-205ml-p274091405.html?spid=274091407,nước hoa hồng phục hồi dưỡng
273693404,Sữa Rửa Mặt Làm Sạch Sâu Cho Da Cleansing Celaud 100ml,290000.0,290000.0,0.0,0.0,0,,https://tiki.vnsua-rua-mat-lam-sach-sau-cho-da-cleansing-celaud-100ml-p273693404.html?spid=273693405,sữa rửa mặt làm
270773279,"Serum Compliment 5% Hyaluronic Acid Cấp ẩm, Tái tạo, Giảm lão hóa",95000.0,95000.0,0.0,0.0,0,,https://tiki.vnserum-compliment-5-hyaluronic-acid-cap-am-tai-tao-giam-lao-hoa-p270773279.html?spid=270773280,serum compliment hyaluronic acid
251909283,Combo 2 Kem Dưỡng Trắng Da Tế Bào Gốc Hàn Quốc Cấp Ẩm Xóa Nhăn Phục Hồi Trẻ Hoá Da Và Chống Lão Hoá Cellkey-Scien White Cream (60g),1666000.0,1960000.0,294000.0,5.0,2,,https://tiki.vncombo-2-kem-duong-am-trang-da-ban-dem-te-bao-goc-phuc-hoi-tre-hoa-da-va-chong-lao-hoa-cellkey-scien-white-cream-60g-p251909283.html?spid=251909286,combo kem dưỡng trắng
245773045,Gel rửa mặt cà phê Đắk Lắk Cocoon cho làn da tươi mới và rạng rỡ 140ml thuần chay,195000.0,195000.0,0.0,0.0,0,,https://tiki.vngel-rua-mat-ca-phe-dak-lak-cocoon-cho-lan-da-tuoi-moi-va-rang-ro-140ml-thuan-chay-p245773045.html?spid=245773046,gel rửa mặt cà phê
227187258,Thạch Nghệ Hưng Yên giúp làm sáng da và mờ thâm Cocoon 30ml thuần chay,185250.0,195000.0,9750.0,4.0,1,,https://tiki.vnthach-nghe-hung-yen-giup-lam-sang-da-va-mo-tham-cocoon-30ml-thuan-chay-p227187258.html?spid=227187260,thạch nghệ hưng yên giúp làm
208128995,Kem dưỡng da dành cho da dầu Dermalogica Active Moist 100ml,1480000.0,1480000.0,0.0,0.0,0,,https://tiki.vnhcm-kem-duong-da-dermalogica-active-moist-100-ml-danh-cho-da-dau-p208128995.html?spid=208128999,kem dưỡng da dành
208050556,Kem chống nắng Thanh Mộc Hương chống trôi nâng tone che mờ khuyết điểm SPF 50+ PA++++ 50ml,290000.0,290000.0,0.0,0.0,0,,https://tiki.vnkem-chong-nang-thanh-moc-huong-chong-troi-nang-tone-che-mo-khuyet-diem-50ml-p208050556.html?spid=208050557,kem chống nắng thanh mộc
202241982,"DNA Rejuvenating Larian - Serum Tế bào gốc phục hồi tái tạo, trẻ hóa da",650000.0,650000.0,0.0,0.0,0,,https://tiki.vndna-rejuvenating-larian-te-bao-goc-ho-tro-dieu-tri-seo-tre-hoa-da-p202241982.html?spid=202241984,dna rejuvenating larian serum
201796359,[L'OREAL PARIS] Nước Tẩy Trang Cho Da Dầu Nhạy Cảm Làm Sạch Sâu Tươi Mát Micellar Water 3-in-1 Refreshing 400/95/30ml,45000.0,45000.0,0.0,5.0,1,,https://tiki.vnl-oreal-paris-nuoc-tay-trang-cho-da-dau-nhay-cam-lam-sach-sau-tuoi-mat-micellar-water-3-in-1-refreshing-400-95-30ml-p201796359.html?spid=270908141,l oreal paris nước
195192490,[MUA 1 TẶNG 1] - Gel rửa mặt Hắc Mai Biển I'm Cleansing Hydrate 120ml,199000.0,199000.0,0.0,0.0,0,,https://tiki.vnluvis-gel-rua-mat-hac-mai-bien-i-m-cleansing-hydrate-120ml-p195192490.html?spid=195192491,mua tặng gel rửa
186692575,Kem Ngừa Mụn Thâm Sẹo VK II ( 10g/20g ),180000.0,180000.0,0.0,5.0,1,,https://tiki.vnkem-ngua-mun-tham-seo-vk-ii-10g-20g-p186692575.html?spid=186692577,kem ngừa mụn thâm sẹo
174004203,Bộ sản phẩm Kem chống nắng dưỡng da bảo vệ hoàn hảo (Anessa Gold Milk 60ml x2 + Gold Gel 90g),1215000.0,1215000.0,0.0,5.0,1,,https://tiki.vnbo-san-pham-kem-chong-nang-duong-da-bao-ve-hoan-hao-anessa-gold-milk-60ml-x2-gold-gel-90g-p174004203.html?spid=271451371,sản phẩm kem chống nắng dưỡng
160375053,Kem đêm dưỡng trắng da Lá House Herbal White Night Cream 10ml/30ml,445000.0,445000.0,0.0,5.0,8,,https://tiki.vnkem-dem-duong-trang-da-la-house-herbal-white-night-cream-10ml-30ml-p160375053.html?spid=160375055,kem đêm dưỡng trắng
135145819,"Mediphar B5 Serum Hydrating 30ml - Phục Hồi Cấp Nước, Dưỡng Sáng Da",490000.0,490000.0,0.0,5.0,7,,https://tiki.vnmediphar-b5-serum-hydrating-30ml-phuc-hoi-cap-nuoc-duong-sang-da-p135145819.html?spid=137995533,mediphar b serum hydrating
130776753,"Serum Chuyên Nám Goodndoc Vitamin C 16.5 Daily Whitening Serum Giúp Trắng Sáng Da, Hỗ Trợ Giảm Thâm Nám, Chống Lão Hóa - GoodnDoc Vitamin C 30ml",490000.0,490000.0,0.0,4.8,11,,https://tiki.vnserum-chuyen-nam-goodndoc-vitamin-c-16-5-daily-whitening-serum-giup-trang-sang-da-ho-tro-giam-tham-nam-chong-lao-hoa-goodndoc-vitamin-c-30ml-p130776753.html?spid=130776756,serum chuyên nám goodndoc vitamin
129385514,Sữa rửa mặt không xà phòng dành cho da dầu SPECIAL CLEANSING GEL của Dermalogica - Dolly Beauty,75000.0,75000.0,0.0,0.0,0,,https://tiki.vnsua-rua-mat-khong-xa-phong-danh-cho-da-dau-special-cleansing-gel-cua-dermalogica-dolly-beauty-p129385514.html?spid=279076024,sữa rửa mặt xà phòng dành
68564156,"KEM NGỪA NÁM - TÀN NHANG, ĐỒI MỒI -COLLAGEN 20G - MỘC",300000.0,300000.0,0.0,4.5,8,,https://tiki.vnkem-ngua-nam-tan-nhang-doi-moi-collagen-20g-moc-p68564156.html?spid=68564157,kem ngừa nám tàn nhang
68554800,KEM NGỪA MỤN THÂM - MỜ SẸO - COLLAGEN /20G - MỘC,270000.0,270000.0,0.0,4.8,19,,https://tiki.vnkem-ngua-mun-tham-mo-seo-collagen-20g-moc-p68554800.html?spid=68554801,kem ngừa mụn thâm mờ
53923644,Sửa rửa mặt trắng da,120000.0,120000.0,0.0,0.0,0,,https://tiki.vnsua-rua-mat-trang-da-p53923644.html?spid=53923645,sửa rửa mặt trắng
53791319,Kem dưỡng sáng mịn da và tái tạo da ban đêm Regenerating Night Cream ,1749000.0,1749000.0,0.0,0.0,0,,https://tiki.vnkem-duong-sang-min-da-va-tai-tao-da-ban-dem-regenerating-night-cream-p53791319.html?spid=53791320,kem dưỡng sáng da
19340175,Xịt chống nắng Parasola Essence in UV Cut Spray Nhật Bản 90g + Móc khóa,495000.0,495000.0,0.0,0.0,0,,https://tiki.vnxit-chong-nang-parasola-essence-in-uv-cut-spray-nhat-ban-90g-moc-khoa-p19340175.html?spid=19340176,xịt chống nắng parasola
16854443,[Tặng móc khoá] Dưỡng da Aloe Natura Moisture Real Soothing Hàn Quốc 500g,175000.0,175000.0,0.0,5.0,3,,https://tiki.vntang-moc-khoa-duong-da-aloe-natura-moisture-real-soothing-han-quoc-300ml-p16854443.html?spid=16854444,tặng móc khóa dưỡng da
10649563,Sữa Rửa Mặt Kèm Tẩy Trang Trà Xanh Naive (200g),122000.0,122000.0,0.0,4.3,11,,https://tiki.vnsua-rua-mat-kem-tay-trang-tra-xanh-naive-200g-p10649563.html?spid=63465449,sữa rửa mặt trang
10159085,Combo Bông Tẩy Trang IPEK 150 Miếng (Thổ Nhĩ Kì),74000.0,74000.0,0.0,3.5,4,,https://tiki.vncombo-bong-tay-trang-ipek-150-mieng-tho-nhi-ki-p10159085.html?spid=13308338,combo bông trang ipek
7954249,Sữa rửa mặt Dabo Collagen Natural Rich Foam Cleanser (180ml),155000.0,155000.0,0.0,0.0,0,,https://tiki.vnsua-rua-mat-dabo-collagen-natural-rich-foam-cleanser-180ml-p7954249.html?spid=272585483,sữa rửa mặt dabo
684966,Tẩy Tế Bào Chết Trà Xanh Hàn Quốc Benew Green Tea Peeling Gel (120ml),104000.0,104000.0,0.0,0.0,0,,https://tiki.vntay-te-bao-chet-tra-xanh-han-quoc-benew-green-tea-peeling-gel-120ml-p684966.html?spid=37134730,tẩy tế bào chết trà
444848,"Nước Khoáng Làm Dịu, Chống Kích Ứng Da Avène Thermal Spring Water A1ATW3 (300ml)",367000.0,367000.0,0.0,5.0,14,,https://tiki.vnnuoc-khoang-lam-diu-chong-kich-ung-da-avene-thermal-spring-water-a1atw3-300ml-p444848.html?spid=44330799,nước khoáng làm dịu
278867934,"Dầu Dưỡng Thuần Chay Squalane Mù U Heebee’s Booster Oil Cấp Ẩm, Căng Bóng, Mờ Thâm Nám, Phục Hồi Tái Tạo Da & Tóc 20ml",550000.0,550000.0,0.0,0.0,0,,https://tiki.vndau-duong-thuan-chay-squalane-mu-u-heebee-s-booster-oil-cap-am-cang-bong-mo-tham-nam-phuc-hoi-tai-tao-da-toc-20ml-p278867934.html?spid=278867935,dầu dưỡng thuần chay squalane mù u
278669001,Serum Vitamin C Oribe Dưỡng Trắng Cho Da Nám Xỉn Màu,350000.0,525000.0,175000.0,0.0,0,,https://tiki.vnserum-vitamin-c-oribe-duong-trang-cho-da-nam-xin-mau-p278669001.html?spid=278669002,serum vitamin c oribe dưỡng
276693856,Sữa Serum Chống Nắng SUNPLAY Skin Aqua Nexta SPF50+ PA++++ 50g,344000.0,344000.0,0.0,0.0,0,,https://tiki.vnsua-serum-chong-nang-sunplay-skin-aqua-nexta-spf50-pa-50g-p276693856.html?spid=276693857,sữa serum chống nắng
276452429,SỮA RỬA MẶT RAU MÁ CICA CAO CẤP 7 TÁC DỤNG – DABO 7IN1 MULTI CICA FOAM CLEANSER 180ML,170000.0,170000.0,0.0,0.0,0,,https://tiki.vnsua-rua-mat-rau-ma-cica-cao-cap-7-tac-dung-dabo-7in1-multi-cica-foam-cleanser-180ml-p276452429.html?spid=276452430,sữa rửa mặt rau má
276430837,Tinh chất keo ong tái tạo phục hồi da CNP Laboratory Propolis Energy Ampoule,444000.0,610000.0,166000.0,0.0,0,,https://tiki.vntinh-chat-keo-ong-tai-tao-phuc-hoi-da-cnp-laboratory-propolis-energy-ampoule-p276430837.html?spid=276430839,tinh chất keo ong tái tạo phục hồi
276415183,"[Mini 50ml] Nước tẩy trang Garnier Da Dầu Mụn, Da thường, da khô, da nhạy cảm",60000.0,60000.0,0.0,1.0,1,,https://tiki.vnmini-50ml-nuoc-tay-trang-garnier-da-dau-mun-da-thuong-da-kho-da-nhay-cam-p276415183.html?spid=276415185,mini nước tẩy trang garnier
275968828,Sữa rửa mặt dạng gel rửa mặt cà phê Đắk Lắk Cocoon 310ml,250750.0,295000.0,44250.0,5.0,1,,https://tiki.vngel-rua-mat-ca-phe-dak-lak-310ml-p275968828.html?spid=275968829,sữa rửa mặt dạng
275888193,Serum hỗ trợ ngừa mụn Vita K - Cica Ac Clear Pretty Skin phục hồi - căng bóng - tái tạo làn da 50ml,435000.0,435000.0,0.0,5.0,1,,https://tiki.vnserum-ho-tro-ngua-mun-vita-k-cica-ac-clear-pretty-skin-phuc-hoi-cang-bong-tai-tao-lan-da-50ml-p275888193.html?spid=275888194,serum hỗ trợ ngừa mụn
275603245,"Kem Peel tái tạo đều màu da, giảm mụn VITAMIN A 5% INNOAESTHETICS Inno Exfo Lightening 15g",1300000.0,1300000.0,0.0,0.0,0,,https://tiki.vnkem-peel-tai-tao-deu-mau-da-giam-mun-vitamin-a-5-innoaesthetics-inno-exfo-lightening-15g-p275603245.html?spid=275603246,kem peel tái tạo màu da
275597681,Zo Retinol Kem Dưỡng Căng Bóng Da ZO Retinol Skin Brightener 0.5% ,3200000.0,3200000.0,0.0,0.0,0,,https://tiki.vnzo-retinol-kem-duong-cang-bong-da-zo-retinol-skin-brightener-0-5-p275597681.html?spid=275597682,zo retinol kem dưỡng
275236646,Bộ Tinh Chất Ngăn Ngừa Lão Hóa Ohui Xanh Prime Advancer De-Aging Ampoule Serum 50ml + 20ml,1990000.0,2600000.0,610000.0,0.0,0,,https://tiki.vnbo-tinh-chat-ngan-ngua-lao-hoa-ohui-xanh-prime-advancer-de-aging-ampoule-serum-50ml-20ml-p275236646.html?spid=275236647,tinh chất ngăn ngừa lão hóa
274824083,Kem Chống Nắng Anessa Perfect UV Sunscreen Skincare Milk Spf 50+ Pa++++ (60ml),125000.0,125000.0,0.0,5.0,1,,https://tiki.vnkem-chong-nang-anessa-perfect-uv-sunscreen-skincare-milk-spf-50-pa-60ml-p274824083.html?spid=273297060,kem chống nắng anessa
273427846,Son dưỡng chống nứt nẻ môi Pororo Lipbalm Hàn Quốc 4.2g,145000.0,145000.0,0.0,0.0,0,,https://tiki.vnson-duong-chong-nut-ne-moi-pororo-lipbalm-han-quoc-4-2g-p273427846.html?spid=273427848,son dưỡng chống nứt nẻ môi
273411047,Kem chống nắng kiêm kem lót nâng tông da Nhật Kim Anh Laura Sunshine Pink Sun 50ml,480000.0,480000.0,0.0,0.0,0,,https://tiki.vnkem-chong-nang-kiem-kem-lot-nang-tong-da-nhat-kim-anh-laura-sunshine-pink-sun-50ml-p273411047.html?spid=273411048,kem chống nắng kiêm
273400169,Kem chống nắng cho nam 3 trong 1 bảo vệ vượt trội SPF 50 PA++++ Men Stay Simplicity Invisible Sunscreen 80ml,399000.0,399000.0,0.0,0.0,0,,https://tiki.vnkem-chong-nang-cho-nam-3-trong-1-bao-ve-vuot-troi-spf-50-pa-men-stay-simplicity-invisible-suncreen-80ml-p273400169.html?spid=273400170,kem chống nắng nam
271043298,Kem nghệ Oirss hỗ trợ giảm mụn mờ thâm sẹo do mụn tuýp 20g,70000.0,91000.0,21000.0,5.0,1,,https://tiki.vnkem-nghe-giam-mun-mo-tham-lien-seo-kich-thich-tai-tao-da-oriss-tuyp-20g-p271043298.html?spid=271043299,kem nghệ oirss hỗ trợ giảm
263108650,Nước Tẩy Trang Garnier Micellar Cleansing Water Salicylic BHA 400ml,185000.0,185000.0,0.0,4.7,3,,https://tiki.vnnuo-c-ta-y-trang-garnier-micellar-cleansing-water-salicylic-bha-400ml-p263108650.html?spid=271293966,nươ c tâ y trang
262875080,Sữa Rửa Mặt Giúp Làm Sạch Sâu Dành Cho Da Dầu Cerave Foaming Cleanser 88ml,149000.0,149000.0,0.0,3.5,2,,https://tiki.vnsua-rua-mat-giup-lam-sach-sau-danh-cho-da-dau-cerave-foaming-cleanser-88ml-p262875080.html?spid=271589862,sữa rửa mặt giúp
248994446,Kem Mụn - Trắng Da - Mờ Vết Thâm OLY HT Chính Hãng 10g - 12g & 25g,69000.0,69000.0,0.0,0.0,0,,https://tiki.vnkem-ngua-mun-trang-da-ngua-vet-tham-oly-ht-chinh-hang-p248994446.html?spid=248994448,kem mụn trắng da mờ
247199420,0134198 Bioderma Sebium Nước tẩy trang chai 500ml,535000.0,535000.0,0.0,5.0,1,,https://tiki.vn0134198-bioderma-sebium-nuoc-tay-trang-chai-500ml-p247199420.html?spid=247199421,bioderma sebium nước trang
241781419,Combo Toner nước cân bằng da bí đao cocoon 140ml + Dung dịch chấm mụn cocoon 5ml,304000.0,320000.0,16000.0,0.0,0,,https://tiki.vncombo-toner-nuoc-can-bang-da-bi-dao-cocoon-140ml-dung-dich-cham-mun-cocoon-5ml-p241781419.html?spid=241781420,combo toner nước cân bằng
214754823,Naruko – Ý dĩ nhân đỏ sáng da mới – Mặt nạ se trắng sáng da hộp 10 miếng – Raw Job’s Tears Brightening Mask,229000.0,229000.0,0.0,5.0,1,,https://tiki.vnnaruko-y-di-nhan-do-sa-ng-da-mo-i-ma-t-na-se-tra-ng-sa-ng-da-ho-p-10-mie-ng-raw-job-s-tears-brightening-mask-p214754823.html?spid=214754824,naruko di nhân đo sa ng
212068804,[MAYBELLINE NEW YORK] Nước Tẩy Trang Mắt Và Môi Chuyên Dụng 2 Lớp Eye & Lip Makeup Remover 150/40ML,59000.0,59000.0,0.0,0.0,0,,https://tiki.vnmaybelline-new-york-nuoc-tay-trang-mat-va-moi-chuyen-dung-2-lop-eye-lip-makeup-remover-150-40ml-p212068804.html?spid=271030391,maybelline new york nước
177479891,"KEM CHỐNG THÂM QUẦNG, BỌNG MẮT, NẾP NHĂN VÙNG MẮT NEW KUMARGIC EYE DX 20g Nhật Bản (Mẫu mới nhất)",235000.0,235000.0,0.0,5.0,11,,https://tiki.vnkem-chong-tham-quang-bong-mat-nep-nhan-vung-mat-new-kumargic-eye-dx-20g-nhat-ban-mau-moi-nhat-p177479891.html?spid=177479892,kem chống thâm quầng bọng
162844476,Kem Ngày GSIII Dr Cell 30g dưỡng trắng bảo vệ da phục hồi da hỗ trợ mờ thâm nám - Hàng Chính Hãng,530000.0,530000.0,0.0,5.0,6,,https://tiki.vnkem-ngay-gsiii-dr-cell-30g-kem-ngay-gs3-p162844476.html?spid=162844483,kem ngày dr cell dưỡng
119706868,Kem dưỡng ẩm cho viêm da cơ địa Cetaphil Pro AD Moisturizer 295ml,700000.0,700000.0,0.0,4.7,15,,https://tiki.vnkem-duong-am-cho-viem-da-co-dia-cetaphil-pro-ad-moisturizer-295ml-p119706868.html?spid=119706869,kem dưỡng ẩm viêm da
77117310,Tinh Chất Tái Tạo Và Căng Bóng Da Mandelic Glow Zakka Naturals 15ml,450000.0,450000.0,0.0,5.0,2,,https://tiki.vnserum-tinh-chat-mandelic-giam-mun-mo-tham-tay-te-bao-chet-hoa-hoc-10ml-p77117310.html?spid=77117311,tinh chất tái tạo căng bóng
72938500,Nước Xịt Khoáng EVOLUDERM 400ml + Tặng 1 Móc Khóa Nhựa 2 Mặt,290000.0,290000.0,0.0,4.8,45,,https://tiki.vnnuoc-xit-khoang-evoluderm-400ml-tang-1-moc-khoa-nhua-2-mat-p72938500.html?spid=72938501,nước xịt khoáng evoluderm tặng
59476465,Set Dưỡng Chất Khoáng Cô Đặc Giúp Phục Hồi Và Bảo Vệ Da Vichy Minéral 89 50ml + 10ml,768000.0,768000.0,0.0,4.8,4,,https://tiki.vnset-duong-chat-khoang-co-dac-giup-phuc-hoi-va-bao-ve-da-vichy-mineral-89-50ml-10ml-p59476465.html?spid=64282066,set dưỡng chất khoáng đặc
56030580,Serum Tinh Chất Tinh Thể Kim Cương Dưỡng Ẩm Trắng Da Se Khít Lỗ Chân Lông Phục Hồi Trẻ Hóa Da Dewytree Hyal Peptide Diamond Capsule Ampoule (50ml),585200.0,665000.0,79800.0,0.0,0,,https://tiki.vnserum-tinh-chat-tinh-the-kim-cuong-duong-am-trang-da-se-khit-lo-chan-long-phuc-hoi-tre-hoa-da-dewytree-hyal-peptide-diamond-capsule-ampoule-50ml-p56030580.html?spid=56030581,serum tinh chất tinh thể kim cương dưỡng
44235803,Bộ Sản Phẩm Dưỡng Chất Giàu Khoáng Chất Vichy Mineral 89 (50ml) + Kem Dưỡng Vichy Aqualia (15ml) Và Bình Đựng Nước Vichy,1250000.0,1250000.0,0.0,1.0,1,,https://tiki.vnbo-san-pham-duong-chat-giau-khoang-chat-vichy-mineral-89-50ml-kem-duong-vichy-aqualia-15ml-va-binh-dung-nuoc-vichy-p44235803.html?spid=76296257,sản phẩm dưỡng chất giàu khoáng
32971829,Nước bí đao cân bằng da Cocoon 140ml,150000.0,150000.0,0.0,3.0,2,,https://tiki.vnnuoc-bi-dao-can-bang-da-cocoon-140ml-p32971829.html?spid=35909126,nước bí đao cân bằng da
25704687,Vichy Kem Chống Nắng Ngăn Sạm Da & Giảm Thâm Nám Chống Tia UVA & UVB Ideal Soleil Anti Dark Spot SPF50 50ml,490000.0,490000.0,0.0,4.3,6,,https://tiki.vnvichy-kem-chong-nang-ngan-sam-da-giam-tham-nam-chong-tia-uva-uvb-ideal-soleil-anti-dark-spot-spf50-50ml-p25704687.html?spid=69836705,vichy kem chống nắng
15823484,Dung dịch dưỡng ẩm tối ưu Hada Labo Advanced Nourish Lotion dùng cho da dầu 100ml,115000.0,146000.0,31000.0,4.7,324,,https://tiki.vndung-dich-duong-am-toi-uu-hada-labo-advanced-nourish-lotion-dung-cho-da-dau-100ml-p15823484.html?spid=15823485,dung dịch dưỡng ẩm tối ưu hada labo
3626379,"Gel Hỗ Trợ Trị Sẹo, Mờ Vết Thâm, Thâm Mụn Vitara - Se Gel - BER05 (15g)",215000.0,215000.0,0.0,4.8,10,,https://tiki.vngel-tri-seo-mo-vet-tham-tham-mun-vitara-se-gel-ber05-15g-p3626379.html?spid=3627113,gel hỗ trợ trị sẹo mờ
2917141,Kem Dưỡng Da Dưỡng Ẩm Cả Ngày (50ml),118800.0,118800.0,0.0,4.7,19,,https://tiki.vnkem-duong-da-duong-am-ca-ngay-50ml-p2917141.html?spid=2917143,kem dưỡng da dưỡng ẩm
2609469,Nước Tẩy Trang Làm Sạch Sâu Cho Da Nhạy Cảm La Roche-Posay Micellar Water Ultra Sensitive Skin 400ml,340000.0,340000.0,0.0,5.0,1,,https://tiki.vnnuoc-tay-trang-lam-sach-sau-cho-da-nhay-cam-la-roche-posay-micellar-water-ultra-sensitive-skin-400ml-p2609469.html?spid=31493512,nước tẩy trang làm sạch
2576455,"Nước tẩy trang dành cho da dầu, da mụn BIODERMA Sébium H2O 100ml",175000.0,175000.0,0.0,5.0,1,,https://tiki.vnnuoc-tay-trang-danh-cho-da-dau-da-mun-bioderma-sebium-h2o-100ml-p2576455.html?spid=42426795,nước tẩy trang dành da
877386,Combo 10 Mặt Nạ Dermal Tinh Chất Collagen Với Chiết Xuất Làm Trắng Tự Nhiên,89000.0,145000.0,56000.0,4.7,6,,https://tiki.vncombo-10-mat-na-dermal-tinh-chat-collagen-voi-chiet-xuat-lam-trang-tu-nhien-p877386.html?spid=878696,combo mặt nạ dermal tinh chất
598297,Nước Tẩy Trang Làm Sạch Sâu Cho Da Nhạy Cảm La Roche-Posay Micellar Water Ultra Sensitive Skin 100ml,258750.0,258750.0,0.0,5.0,1,,https://tiki.vnnuoc-tay-trang-lam-sach-sau-cho-da-nhay-cam-la-roche-posay-micellar-water-ultra-sensitive-skin-100ml-p598297.html?spid=28920293,nước tẩy trang làm sạch
279077659,"DERMALOGICA Retinol 3.5% DYNAMIC SKIN RETINOL SERUM hỗ trợ trẻ hoá, làm mới làn da",320000.0,320000.0,0.0,0.0,0,,https://tiki.vndermalogica-retinol-3-5-dynamic-skin-retinol-serum-ho-tro-tre-hoa-lam-moi-lan-da-p279077659.html?spid=279077662,dermalogica retinol dynamic skin
278669656,"Kem Dưỡng Ẩm Ban Đêm Sekkisei Phục Hồi, Cấp Ẩm, Làm Sáng Da Cho Da Nhạy Cảm Sekkisei Clear Wellness Kose Nhật Bản 40g",230000.0,230000.0,0.0,0.0,0,,https://tiki.vnkem-duong-am-ban-dem-sekkisei-phuc-hoi-cap-am-lam-sang-da-cho-da-nhay-cam-sekkisei-clear-wellness-kose-nhat-ban-40g-p278669656.html?spid=278669662,kem dưỡng ẩm ban đêm
278641492,Kem chống nắng dưỡng da chuyên sâu dạng serum Skin Aqua UV Defense Duo Serum 30g,219000.0,219000.0,0.0,0.0,0,,https://tiki.vnkem-chong-nang-duong-da-chuyen-sau-dang-serum-skin-aqua-uv-defense-duo-serum-30g-p278641492.html?spid=278641493,kem chống nắng dưỡng da
276659166,Serum huyết thanh tươi Bielenda cho da dầu mụn se khít chân lông 30ml,230000.0,230000.0,0.0,0.0,0,,https://tiki.vnserum-huyet-thanh-tuoi-bielenda-cho-da-dau-mun-se-khit-chan-long-p276659166.html?spid=276659167,serum huyết thanh tươi bielenda da
276655732,Kem Rửa Mặt Nam OXY DeepWash Tác Động Sâu 100g,84000.0,84000.0,0.0,0.0,0,,https://tiki.vnkem-rua-mat-nam-oxy-deepwash-tac-dong-sau-100g-p276655732.html?spid=276655733,kem rửa mặt nam
276377664,Serum B5 Senademar 100ml hạn 2027 microneedle ampoule Phục Hồi Da Cấp Ẩm Ngăn Ngừa Lão Hoá.,440000.0,440000.0,0.0,0.0,0,,https://tiki.vnserum-b5-senademar-100ml-han-2027-microneedle-ampoule-phuc-hoi-da-cap-am-ngan-ngua-lao-hoa-p276377664.html?spid=276377665,serum b senademar hạn
276005316,Sữa chống nắng dịu nhẹ cho da nhạy cảm Anessa Perfect UV Sunscreen Mild Milk 60ml,20000.0,20000.0,0.0,0.0,0,,https://tiki.vnsua-chong-nang-diu-nhe-cho-da-nhay-cam-anessa-perfect-uv-sunscreen-mild-milk-60ml-p276005316.html?spid=276005322,sữa chống nắng dịu
275970209,Tinh chất bí đao N15 với 15% Niacinamide giảm bóng nhờn và giảm mụn Cocoon 70ml,420750.0,495000.0,74250.0,0.0,0,,https://tiki.vntinh-chat-bi-dao-n15-70ml-p275970209.html?spid=275970210,tinh chất bí đao n niacinamide
275627194,Sữa rửa mặt mờ thâm sáng da La Roche-Posay Mela B3 Clarifying Micro-Peeling Gel 200ml,750000.0,750000.0,0.0,0.0,0,,https://tiki.vnsua-rua-mat-mo-tham-sang-da-la-roche-posay-mela-b3-clarifying-micro-peeling-gel-200ml-p275627194.html?spid=275699712,sữa rửa mặt mờ
275598986,Bông tẩy trang cotton tự nhiên La Mer,80000.0,80000.0,0.0,0.0,0,,https://tiki.vnbong-tay-trang-cotton-tu-nhien-la-mer-p275598986.html?spid=275598987,bông tẩy trang cotton tự nhiên
274097828,Bộ Nước Tẩy Trang Đa Năng Su:m37 Skin Saver Essential Pure Cleansing Water 400ml Tặng Sữa Rửa Mặt 100ml,663000.0,900000.0,237000.0,0.0,0,,https://tiki.vnnuoc-tay-trang-sum-tang-rua-mat-100ml-p274097828.html?spid=274097829,bộ nước tẩy trang đa năng
273884639,Bộ Dưỡng Trẻ Hóa Da Whoo Hoàn Lưu Cao Whoo Hwanyu Mini 3sp,950000.0,1500000.0,550000.0,0.0,0,,https://tiki.vnbo-duong-tre-hoa-da-whoo-hoan-luu-cao-whoo-hwanyu-mini-3sp-p273884639.html?spid=273884640,bộ dưỡng trẻ hóa da whoo
273472185,Mặt Nạ Cấp Nước Su:m37 Water-full 3 Steps (hộp 10 miếng),790000.0,1100000.0,310000.0,0.0,0,,https://tiki.vnmat-na-duong-am-cap-nuoc-sum-xanh-3in1-p273472185.html?spid=273472186,ma t na cấp nước
263108604,Sữa Chống Nắng Anessa Cho Da Nhạy Cảm Perfect UV Mild Milk SPF50+/PA++++ 60ml,499000.0,499000.0,0.0,5.0,4,,https://tiki.vnsua-chong-nang-anessa-cho-da-nhay-cam-perfect-uv-mild-milk-spf50-pa-60ml-p263108604.html?spid=271418398,sữa chống nắng anessa
225265992,Kem chống nắng trắng sáng UV TRANSINO,719000.0,719000.0,0.0,0.0,0,,https://tiki.vnkem-chong-nang-duong-trang-da-transino-p225265992.html?spid=252960815,kem chống nắng trắng
202259056,Tuýp chấm mụn dành cho da mụn Dermalogica Age Bright Spot Fader 15ml,1585000.0,1585000.0,0.0,0.0,0,,https://tiki.vntuyp-cham-mun-dermalogica-age-bright-spot-fader-15ml-danh-cho-da-mun-p202259056.html?spid=202259057,tuýp chấm mụn dành
198335872,Sữa rửa mặt làm sạch dịu nhẹ không xà phòng Cetaphil Gentle Skin Cleanser 500ml,611624.0,611624.0,0.0,4.7,39,,https://tiki.vnsua-rua-mat-lam-sach-diu-nhe-khong-xa-phong-cetaphil-gentle-skin-cleanser-500ml-p198335872.html?spid=126595986,sữa rửa mặt làm
180863225,"Nước bí đao cân bằng da Cocoon, nước toner hỗ trợ giảm dầu & mụn 140ml - The Cocoon Original Vietnam",277500.0,277500.0,0.0,0.0,0,,https://tiki.vnnuoc-bi-dao-can-bang-da-cocoon-nuoc-toner-giam-dau-mun-140ml-lamita-hair-spa-p180863225.html?spid=180863228,nước bí đao cân bằng da
174527492,Larocheposay - Nước Tẩy Trang Cho Da Dầu - Da nhạy cảm La Roche-Posay Effaclar 50ml,112500.0,112500.0,0.0,0.0,0,,https://tiki.vnlarocheposay-nuoc-tay-trang-cho-da-dau-da-nhay-cam-la-roche-posay-effaclar-50ml-p174527492.html?spid=174527496,larocheposay nước tẩy trang da
172990089,"Bộ kem dưỡng ngày và đêm: Kem ban ngày 5 trong 1 (30ml) + Kem ban đêm (30g) giúp dưỡng ẩm, nâng tông, sáng da, làm mờ vết thâm, sạm, nám",1036000.0,1036000.0,0.0,5.0,19,,https://tiki.vncombo-duong-trang-da-ngay-va-dem-sac-ngoc-khang-kem-duong-trang-da-ban-ngay-5in1-30ml-kem-duong-da-ban-dem-30g-p172990089.html?spid=172990090,kem dưỡng ngày đêm
159887105,Nước hoa hồng giúp làm sáng da Lá House Lá Care All Natural Toner 200ml/100ml,370000.0,370000.0,0.0,5.0,11,,https://tiki.vnnuoc-hoa-hong-giup-giam-nhon-tren-da-la-house-la-care-all-natural-toner-200ml-100ml-p159887105.html?spid=159887107,nước hoa hồng giúp làm
154524922,Serum chống lão hóa da và giảm nám tàn nhang DERMEDEN Intense Anti-ageing Retinol 1% + Niacinamide 5% 30ml,2600000.0,2600000.0,0.0,0.0,0,,https://tiki.vnserum-chong-lao-hoa-da-va-giam-nam-tan-nhang-dermeden-intense-anti-ageing-retinol-1-niacinamide-5-30ml-p154524922.html?spid=154524929,serum chống lão hóa
150607329,Bộ sản phẩm Kem chống nắng dạng sữa dưỡng da kiềm dầu bảo vệ hoàn hảo (Anessa Gold Milk 60ml + Gold Milk 20ml x2),1150000.0,1150000.0,0.0,5.0,1,,https://tiki.vnbo-san-pham-kem-chong-nang-dang-sua-duong-da-kiem-dau-bao-ve-hoan-hao-anessa-gold-milk-60ml-gold-milk-20ml-x2-p150607329.html?spid=275733114,sản phẩm kem chống nắng
147742739,Kem chống nắng vật lý GSC TRIPLE SUN BLOCK SPF 50+/PA+++ chính hãng 50g,599000.0,599000.0,0.0,0.0,0,,https://tiki.vnkem-chong-nang-vat-ly-gsc-triple-sun-block-spf-50-pa-chinh-hang-50g-p147742739.html?spid=147742740,kem chống nắng vật lý
147346746,"TINH CHẤT CẤP ẨM, CĂNG BÓNG PIME FEELUP HA SERUM 50G",590000.0,590000.0,0.0,0.0,0,,https://tiki.vntinh-chat-cap-am-cang-bong-pime-feelup-ha-serum-50g-p147346746.html?spid=147346747,tinh chất cấp ẩm căng
143996573,Mặt Nạ Ngủ Trắng Da Ohui Extreme White Sleeping Mask 100ml,1182000.0,1500000.0,318000.0,0.0,0,,https://tiki.vnmat-na-ngu-duong-trang-da-ohui-extreme-white-sleeping-mask-100ml-p143996573.html?spid=143996581,mặt nạ ngủ trắng da
140537792,Sữa rửa mặt Hatomugi hạt ý dĩ,45000.0,45000.0,0.0,4.7,49,,https://tiki.vnsua-rua-mat-hatomugi-hat-y-di-p140537792.html?spid=60203262,sữa rửa mặt hatomugi
94936838,Tinh chất dưỡng Lancome Advanced Genifique 7ml,485000.0,485000.0,0.0,0.0,0,,https://tiki.vntinh-chat-duong-lancome-advanced-genifique-7ml-p94936838.html?spid=273728318,tinh chất dưỡng lancome advanced
75338890,Gel Rửa Mặt Tạo Bọt Dành Cho Da Dầu Nhạy Cảm La Roche-Posay Effaclar Purifying Foaming Gel 50ml + TẶNG MÓC KHÓA,109000.0,109000.0,0.0,5.0,5,,https://tiki.vngel-rua-mat-tao-bot-danh-cho-da-dau-nhay-cam-la-roche-posay-effaclar-purifying-foaming-gel-50ml-tang-moc-khoa-p75338890.html?spid=75338891,gel rửa mặt tạo
74989258,Bộ Sản Phẩm Dưỡng Trắng Da Ban Ngày Và Ban Đêm Oribe Giúp Da Trắng Mịn Màng Dưỡng Ẩm Chuyên Sâu Cho Da Chắc Khỏe Căng Mướt 30g/hủ,459000.0,640000.0,181000.0,4.7,70,,https://tiki.vnbo-san-pham-duong-trang-da-ban-ngay-va-ban-dem-oribe-giup-da-trang-min-mang-duong-am-chuyen-sau-cho-da-chac-khoe-cang-muot-30g-hu-p74989258.html?spid=74989259,sản phẩm dưỡng trắng da ban ngày
74279393,Dầu tẩy trang Whoo GJH Cleansing oil 200ml,735000.0,735000.0,0.0,0.0,0,,https://tiki.vndau-tay-trang-whoo-gjh-cleansing-oil-200ml-p74279393.html?spid=74541010,dầu tẩy trang whoo gjh
74151862,Kem dưỡng ẩm dành cho da khô Hiruserine Cream (50g),399000.0,399000.0,0.0,5.0,1,,https://tiki.vnkem-duong-am-danh-cho-da-kho-hiruserine-cream-50g-p74151862.html?spid=74151863,kem dưỡng ẩm dành
73607516,Sữa Rửa Mặt Dịu Nhẹ Cetaphil Gentle Skin Cleanser 500ml,376000.0,376000.0,0.0,5.0,2,,https://tiki.vnsua-rua-mat-diu-nhe-cetaphil-gentle-skin-cleanser-500ml-p73607516.html?spid=247454246,sữa rửa mặt dịu
70662873,Gel rửa mặt tạo bọt làm sạch & giảm nhờn cho da dầu nhạy cảm La Roche-Posay Effaclar Purifying Foaming Gel (200ml),325000.0,325000.0,0.0,0.0,0,,https://tiki.vngel-rua-mat-tao-bot-lam-sach-giam-nhon-cho-da-dau-nhay-cam-la-roche-posay-effaclar-purifying-foaming-gel-200ml-p70662873.html?spid=271337971,gel rửa mặt tạo
62314431,Bộ sản phẩm chuyên biệt dành cho da dầu mụn La Roche Posay,626750.0,626750.0,0.0,5.0,1,,https://tiki.vnbo-san-pham-chuyen-biet-danh-cho-da-dau-mun-la-roche-posay-p62314431.html?spid=74965624,sản phẩm chuyên biệt dành da
37482949,Kem dưỡng Kiehl’s hoa cúc Calendula Serum-infused water cream 100ml,2500000.0,2500000.0,0.0,0.0,0,,https://tiki.vnkem-duong-kiehl-s-hoa-cuc-calendula-serum-infused-water-cream-100ml-p37482949.html?spid=275510137,kem dưỡng kiehl s
14617774,Dưỡng Chất Chuyên Sâu Giúp Hỗ Trợ Quá Trình Tái Tạo Da La Roche-Posay Hyalu B5 Serum 30ml,719000.0,719000.0,0.0,0.0,0,,https://tiki.vnduong-chat-chuyen-sau-giup-ho-tro-qua-trinh-tai-tao-da-la-roche-posay-hyalu-b5-serum-30ml-p14617774.html?spid=175901407,dưỡng chất chuyên sâu giúp
1021869,Nước Tẩy Trang Tươi Mát L'Oreal Paris Micellar Water (400ml),195000.0,195000.0,0.0,0.0,0,,https://tiki.vnnuoc-tay-trang-tuoi-mat-l-oreal-paris-micellar-water-400ml-p1021869.html?spid=271320058,nước tẩy trang tươi mát l
801362,Gel rửa mặt tạo bọt làm sạch & giảm nhờn cho da dầu nhạy cảm La Roche-Posay Effaclar Purifying Foaming Gel (50ml),150000.0,150000.0,0.0,4.7,80,,https://tiki.vngel-rua-mat-tao-bot-lam-sach-giam-nhon-cho-da-dau-nhay-cam-la-roche-posay-effaclar-purifying-foaming-gel-50ml-p801362.html?spid=2869537,gel rửa mặt tạo
278916870,Bộ Tinh chất dưỡng sáng chuyên sâu OHUI Extreme White Mela Toning Ampoule Essence Duo Set,1478000.0,2000000.0,522000.0,0.0,0,,https://tiki.vnbo-tinh-chat-duong-sang-chuyen-sau-ohui-extreme-white-mela-toning-ampoule-essence-duo-set-p278916870.html?spid=278916871,tinh chất dưỡng sáng ohui
278717790,Nước tẩy trang sen Hậu Giang Cocoon 500ml Mỹ phẩm thuần chay,299250.0,315000.0,15750.0,0.0,0,,https://tiki.vnnuoc-tay-trang-sen-hau-giang-cocoon-500ml-my-pham-thuan-chay-p278717790.html?spid=278717791,nước tẩy trang sen hậu giang
278669139,Serum Vitamin C 3% Niosome Oribe Dưỡng Trắng Cho Da Nám Xỉn Màu,350000.0,525000.0,175000.0,0.0,0,,https://tiki.vnserum-vitamin-c-oribe-duong-trang-cho-da-nam-xin-mau-p278669139.html?spid=278669140,serum vitamin c niosome
278606130,"Dầu Tẩy Trang Làm Sạch Sâu, Dưỡng Sáng Da, Dưỡng Ẩm Từ Thiên Nhiên Sekkisei Kose Nhật Bản 150ml",193000.0,193000.0,0.0,0.0,0,,https://tiki.vndau-tay-trang-lam-sach-sau-duong-sang-da-duong-am-tu-thien-nhien-sekkisei-kose-nhat-ban-150ml-p278606130.html?spid=278606136,dầu tẩy trang làm sạch
278601745,"Kem Dưỡng Ẩm & Dưỡng Trắng, Phục Hồi & Ngăn Ngừa Thâm Nám Cho Da  Sekkisei Brightening Cream Kose Nhật Bản (40g)",1206350.0,1206350.0,0.0,0.0,0,,https://tiki.vnkem-duong-am-duong-trang-phuc-hoi-ngan-ngua-tham-nam-cho-da-sekkisei-brightening-cream-kose-nhat-ban-40g-p278601745.html?spid=278601746,kem dưỡng ẩm dưỡng trắng
278445474,Nước tẩy trang Oribe làm sạch sâu dịu nhẹ không cay mắt cho mọi làn da 300ml,192000.0,295000.0,103000.0,0.0,0,,https://tiki.vnnuoc-tay-trang-oribe-lam-sach-sau-diu-nhe-khong-cay-mat-cho-moi-lan-da-300ml-p278445474.html?spid=278445475,nước tẩy trang oribe làm
278440008,Gel chấm mụn giảm mụn giảm thâm mụn làm khô cồi mụn nhanh 12H Oribe Spot Clear Derma Calm 12H,133000.0,215000.0,82000.0,0.0,0,,https://tiki.vngel-cham-mun-giam-mun-giam-tham-mun-lam-kho-coi-mun-nhanh-trong-12h-oribe-spot-clear-derma-calm-12h-p278440008.html?spid=278440009,gel chấm mụn giảm
278071288,"Kem Nám Sạm Tàn Nhang 15g, 30g Goskin (Kem Nén)",209000.0,209000.0,0.0,0.0,0,,https://tiki.vnkem-nam-sam-tan-nhang-15g-30g-goskin-kem-nen-p278071288.html?spid=278071290,kem nám sạm tàn nhang
277268190,Tinh chất làm dịu da nhanh chóng & hỗ trợ tẩy tế bào chết nhẹ nhàng CNP Derma Answer SOS Soothing Tonic Ampule (IP-BHA),298000.0,410000.0,112000.0,0.0,0,,https://tiki.vntinh-chat-lam-diu-da-nhanh-chong-ho-tro-tay-te-bao-chet-nhe-nhang-cnp-derma-answer-sos-soothing-tonic-ampule-ip-bha-p277268190.html?spid=277268288,tinh chất làm dịu da
276435356,Combo 05 miếng mặt nạ chăm sóc chuyên biệt X2 dưỡng chất Beyond Intensive Ampoule Mask,206250.0,275000.0,68750.0,0.0,0,,https://tiki.vncombo-05-mieng-mat-na-cham-soc-chuyen-biet-x2-duong-chat-beyond-intensive-ampoule-mask-p276435356.html?spid=276435370,combo mặt nạ chăm sóc chuyên biệt
275888151,BỘ TRỊ NÁM  X10 ELIMINATE MELASMA &,3300000.0,3300000.0,0.0,0.0,0,,https://tiki.vnbo-tri-nam-x10-eliminate-melasma-p275888151.html?spid=275888152,trị nám x eliminate
275802923,Toner rau má giảm mụn Oribe giúp dưỡng ẩm se khít lỗ chân lông dùng được cho da nhạy cảm 150ml,103000.0,150000.0,47000.0,0.0,0,,https://tiki.vntoner-rau-ma-giam-mun-oribe-giup-duong-am-se-khit-lo-chan-long-dung-duoc-cho-da-nhay-cam-150ml-p275802923.html?spid=275802924,toner rau má giảm mụn
275588735,"Serum B5 ButiQ phục hồi, cấp ẩm căng bóng da, làm sáng mịn da Hàn Quốc 100ml",900000.0,900000.0,0.0,0.0,0,,https://tiki.vnserum-b5-butiq-phuc-hoi-cap-am-cang-bong-da-lam-sang-min-da-han-quoc-p275588735.html?spid=275588736,serum b butiq phục hồi
274536603,Bộ dưỡng ẩm căng mượt sáng da toàn diện OHUI Miracle Moisture Pink Barrier 2pcs set,1551000.0,2100000.0,549000.0,0.0,0,,https://tiki.vnbo-duong-am-cang-muot-sang-da-toan-dien-ohui-miracle-moisture-pink-barrier-2pcs-set-p274536603.html?spid=274536604,dưỡng ẩm căng mượt sáng
274192428,Kem dưỡng da Lancome Renergie Multi-Lift Ultra 15ml - Tách Set,425000.0,425000.0,0.0,4.0,1,,https://tiki.vnkem-duong-da-lancome-renergie-multi-lift-ultra-15ml-ta-ch-set-p274192428.html?spid=274192429,kem dưỡng da lancome
270104821,Upsize 75ml Set Kem Chống Nắng Chống Nhăn Whoo Gongjinhyang Anti - Wrinkle UV Protective Cream Special,1000000.0,1250000.0,250000.0,0.0,0,,https://tiki.vnset-kem-chong-nang-chong-nhan-whoo-gongjinhyang-anti-wrinkle-uv-protective-cream-special-p270104821.html?spid=270104822,upsize set kem chống
201028193,"Kem chống nắng vật lý giúp bảo vệ khỏi tia UVA/UVB/ Ánh sáng xanh và dưỡng ẩm cho da, nâng tông nhẹ Dermalogica Physical Invisible Defense SPF 30 50ml",70000.0,70000.0,0.0,0.0,0,,https://tiki.vnkem-chong-nang-vat-ly-dermalogica-physical-invisible-defense-spf-30-mang-vat-ly-bao-ve-khoi-tia-uva-uvb-va-anh-sang-xanh-duong-am-cho-da-nang-tong-nhe-p201028193.html?spid=263084620,kem chống nắng vật lý
190744205,Tinh chất nghệ Hưng Yên x2.2 (serum) với 22% vitamin C sáng da chuyên sâu & mờ vết thâm Cocoon 30ml,399000.0,399000.0,0.0,5.0,2,,https://tiki.vntinh-chat-nghe-hung-yen-x2-2-serum-voi-22-vitamin-c-sang-da-chuyen-sau-mo-vet-tham-cocoon-30ml-p190744205.html?spid=196676234,tinh chất nghệ hưng yên x
181775890,Mặt Nạ Ngủ COSMEHEAL Shine White Overnight (50ml),1500000.0,1500000.0,0.0,0.0,0,,https://tiki.vnmat-na-ngu-cosmeheal-shine-white-overnight-50ml-p181775890.html?spid=181775891,mặt nạ ngủ cosmeheal shine
180000884,"Combo Sản phẩm ngừa mụn, giảm thâm nám Obagi Retinol 0.5 (28g) + Paula's Choice Skin Perfecting 2% BHA Liquid (30ml)",1780000.0,1780000.0,0.0,0.0,0,,https://tiki.vncombo-san-pham-ngua-mun-giam-tham-nam-obagi-retinol-0-5-28g-paula-s-choice-skin-perfecting-2-bha-liquid-30ml-p180000884.html?spid=275762127,combo sản phẩm ngừa mụn
178475902,Mặt nạ dưỡng da chiết xuất ngọc trai Milatte Fashiony Pearl Mask - Hộp 10 miếng,193750.0,193750.0,0.0,0.0,0,,https://tiki.vnmat-na-duong-da-chiet-xuat-ngoc-trai-milatte-fashiony-pearl-mask-hop-10-mieng-p178475902.html?spid=178475903,mặt nạ dưỡng da chiết xuất ngọc
172939947,Kem Dưỡng Trắng Da Chiết Xuất Hạt Ý Dĩ Hatomugi Milky Cream (300 G),270000.0,270000.0,0.0,5.0,2,,https://tiki.vnkem-duong-da-reihaku-hatomugi-milky-cream-duong-am-sang-da-chiet-xuat-hat-y-di-hu-300g-p172939947.html?spid=172939948,kem dưỡng trắng da chiết
162832043,Kem chống nắng Cellabel sun cream 45ml,1000000.0,1000000.0,0.0,0.0,0,,https://tiki.vncellabel-sun-cream-45ml-p162832043.html?spid=162832044,kem chống nắng cellabel sun
130643255,Nước tẩy trang Garnier 3 in 1 dành cho mọi loại da 400ml,149000.0,149000.0,0.0,4.5,25,,https://tiki.vnnuoc-tay-trang-garnier-3-in-1-danh-cho-moi-loai-da-400ml-p130643255.html?spid=130643257,nước tẩy trang garnier in
97553394,Combo 10 Mặt Nạ Sáng Da BNBG Vita Cocktail BRIGHTENING Foil Mask 30mlx10,250000.0,437000.0,187000.0,5.0,2,,https://tiki.vncombo-10-mat-na-sang-da-bnbg-vita-cocktail-brightening-foil-mask-30mlx10-p97553394.html?spid=276160632,combo mặt nạ sáng da
77986720,"Kem Thoa Nám, Tàn Nhang, Đồi Mồi (Vitara TX PPE Cream For Melasma) 15g",250000.0,250000.0,0.0,4.0,1,,https://tiki.vnkem-thoa-nam-tan-nhang-doi-moi-vitara-tx-ppe-cream-for-melasma-15g-p77986720.html?spid=77986721,kem thoa nám tàn nhang
75010045,Sữa rửa mặt tẩy trang & làm sáng da Reihaku Hatomugi W Cleansing Foam (130g),59000.0,59000.0,0.0,4.8,4,,https://tiki.vnsua-rua-mat-tay-trang-lam-sang-da-reihaku-hatomugi-w-cleansing-foam-130g-p75010045.html?spid=155598487,sữa rửa mặt tẩy trang
74988290,Mặt nạ săn chắc da tinh chất sữa ong chúa G Face Mask RJ (Hộp 5 miếng),165000.0,165000.0,0.0,0.0,0,,https://tiki.vnmat-na-san-chac-da-tinh-chat-sua-ong-chua-g-face-mask-rj-hop-5-mieng-p74988290.html?spid=74988291,mặt nạ săn chắc da
70635720,Kem dưỡng trắng da CORA MILKY FACE,399000.0,399000.0,0.0,0.0,0,,https://tiki.vnkem-duong-trang-da-cora-milky-face-p70635720.html?spid=70635721,kem dưỡng trắng da
70520960,Dưỡng Chất Khoáng Cô Đặc Phục Hồi Và Bảo Vệ Da Vichy Mineral 89  (50ml) tặng kèm băng đô mèo xinh xắn,985000.0,985000.0,0.0,5.0,23,,https://tiki.vnduong-chat-khoang-co-dac-phuc-hoi-va-bao-ve-da-vichy-mineral-89-50ml-tang-kem-bang-do-meo-xinh-xan-p70520960.html?spid=102108479,dưỡng chất khoáng đặc phục hồi
53868177,Bộ 3 Sản Phẩm Dưỡng Chất (Serum) Khoáng Núi Lửa Cô Đặc Vichy Mineral 89 Giúp Da Sáng Mịn Và Căng Mượt,1285000.0,1285000.0,0.0,4.5,8,,https://tiki.vnbo-3-san-pham-duong-chat-serum-khoang-nui-lua-co-dac-vichy-mineral-89-giup-da-sang-min-va-cang-muot-p53868177.html?spid=64281670,sản phẩm dưỡng chất khoáng núi
50926033,Nước Hoa Hồng Ý Dĩ HATOMUGI 500ml,99000.0,99000.0,0.0,5.0,14,,https://tiki.vnnuoc-hoa-hong-y-di-hatomugi-500ml-p50926033.html?spid=109266605,nước hoa hồng ý dĩ
31541704,"Kem Dưỡng Trắng Da Giữ Ẩm Chống Nắng (15g, 25g) Sắc Tiên Today",111000.0,111000.0,0.0,4.7,6,,https://tiki.vnkem-duong-trang-da-giu-am-chong-nang-p31541704.html?spid=31541709,kem dưỡng trắng da giữ
26078310,Bộ Kem Chống Nắng Dạng Sữa Lỏng Nhẹ Không Nhờn Rít La Roche-Posay Anthelios Shaka Fluid SPF 50+ 50ml Và Xịt Khoáng Làm Dịu Và Bảo Vệ Da La Roche-Posay Thermal Spring Water 50ml,525000.0,525000.0,0.0,4.8,12,,https://tiki.vnbo-kem-chong-nang-dang-sua-long-nhe-khong-nhon-rit-la-roche-posay-anthelios-shaka-fluid-spf-50-50ml-va-xit-khoang-lam-diu-va-bao-ve-da-la-roche-posay-thermal-spring-water-50ml-p26078310.html?spid=72579795,kem chống nắng dạng
25704809,Kem chống nắng giảm bóng nhờn La Roche Posay Anthelios XL Dry Touch 50ml,546250.0,546250.0,0.0,4.6,19,,https://tiki.vnkem-chong-nang-giam-bong-nhon-la-roche-posay-anthelios-xl-dry-touch-50ml-p25704809.html?spid=25704810,kem chống nắng giảm
22493668, La Roche-Posay Tinh Chất Phục Hồi Giúp Da Săn Chắc Hyalu B5 Serum 30ml,795000.0,795000.0,0.0,3.5,4,,https://tiki.vnla-roche-posay-tinh-chat-phuc-hoi-giup-da-san-chac-hyalu-b5-serum-30ml-p22493668.html?spid=272354349,la roche posay tinh chất
21408570,Kem Dưỡng Giảm Thâm Quầng Mắt Himalaya 15ml,282000.0,282000.0,0.0,4.6,168,,https://tiki.vnkem-duong-giam-tham-quang-mat-himalaya-15g-p21408570.html?spid=21408571,kem dưỡng giảm thâm quầng
19550931,Dưỡng chất giúp cải thiện và làm sáng da La Roche Posay Pure Vitamin C10 Serum 30ml,795000.0,795000.0,0.0,4.3,3,,https://tiki.vnduong-chat-giup-cai-thien-va-lam-sang-da-la-roche-posay-pure-vitamin-c10-serum-30ml-p19550931.html?spid=271336073,dưỡng chất giúp cải thiện
16317281,"Kem Chống Nắng Dành Cho Da Dầu Mụn, Nhạy Cảm Some By Mi Truecica Mineral Calming Tone-up Suncream",295000.0,295000.0,0.0,4.0,7,,https://tiki.vnkem-chong-nang-danh-cho-da-dau-mun-nhay-cam-some-by-mi-truecica-mineral-calming-tone-up-suncream-p16317281.html?spid=45487858,kem chống nắng dành
7941130,Nước cân bằng (Toner) Phấn Nụ Hoàng Cung,282000.0,282000.0,0.0,5.0,1,,https://tiki.vnnuoc-can-bang-toner-phan-nu-hoang-cung-p7941130.html?spid=7941131,nước cân bằng phấn hoàng cung
279090568,Nước Thần Keo Ong CNP Propolis Treatment Ampoule Essence Upsize 300ml,1200000.0,1600000.0,400000.0,0.0,0,,https://tiki.vnnuoc-than-keo-ong-cnp-propolis-treatment-ampoule-essence-upsize-300ml-p279090568.html?spid=279090569,nước thần keo ong
278900951,Mặt nạ thạch Luvum Mask (01 miếng/ 05 miếng) - Hàng chính hãng,75000.0,99000.0,24000.0,0.0,0,,https://tiki.vnmat-na-thach-luvum-mask-01-mieng-05-mieng-hang-chinh-hang-p278900951.html?spid=278900961,mặt nạ thạch luvum mask hàng
278730945,Mặt nạ giấy dưỡng da Foodaholic Premium Mask (01 miếng) - Hàng chính hãng,25000.0,30000.0,5000.0,0.0,0,,https://tiki.vnmat-na-giay-duong-da-foodaholic-premium-mask-01-mieng-hang-chinh-hang-p278730945.html?spid=278730947,mặt nạ giấy dưỡng da foodaholic
277397191,"Kem chống nắng nâng tông, che khuyết điểm kiềm dầu Herietta UV System Skin Tone - Up Sun Cream Hàn Quôc 70ml",199000.0,199000.0,0.0,0.0,0,,https://tiki.vnkem-chong-nang-nang-tong-che-khuyet-diem-kiem-dau-herietta-uv-system-skin-tone-up-sun-cream-han-quoc-70ml-p277397191.html?spid=277397192,kem chống nắng nâng
276430554,Tinh chất PDRN căng bóng sáng da hỗ trợ tái sinh CNP Derma Answer Active Boost Ampule,298000.0,410000.0,112000.0,0.0,0,,https://tiki.vntinh-chat-pdrn-cang-bong-sang-da-ho-tro-tai-sinh-cnp-derma-answer-active-boost-ampule-p276430554.html?spid=276430696,tinh chất pdrn căng bóng
275796396,Nước cân bằng da Simple Kind To Skin Soothing Facial Toner giúp làm dịu da (200ml) - Hàng chính hãng,159000.0,180000.0,21000.0,5.0,1,,https://tiki.vnnuoc-can-bang-da-simple-kind-to-skin-soothing-facial-toner-giup-lam-diu-da-200ml-hang-chinh-hang-p275796396.html?spid=275796398,nước cân bằng da simple
275598603,Kem Ốc Sên Tonymoly Intense Care Gold 24K Snail Cream 45ML,1100000.0,1100000.0,0.0,0.0,0,,https://tiki.vnkem-oc-sen-tonymoly-intense-care-gold-24k-snail-cream-45ml-p275598603.html?spid=275598604,kem ốc sên tonymoly intense
275145809,"Nước Hoa Hồng Đậu Đỏ Việt Nam Cỏ Cây Hoa Lá, Toner Cho Mẹ Bầu Cấp Ẩm, Dưỡng Sáng và Làm Mềm Da 150gr",290000.0,290000.0,0.0,0.0,0,,https://tiki.vnnuoc-hoa-hong-dau-do-viet-nam-co-cay-hoa-la-toner-cho-me-bau-cap-am-duong-sang-va-lam-mem-da-150gr-p275145809.html?spid=275145810,nước hoa hồng đậu đỏ
273960434,Serum dưỡng da ban đêm REVUELE retinol 30ml,269000.0,269000.0,0.0,5.0,1,,https://tiki.vnserum-duo-ng-da-ban-dem-revuele-retinol-30ml-p273960434.html?spid=273960435,serum dươ ng da
247910592,Kem Ngăn Ngừa Mụn Acne DR CELL 30g dưỡng trắng mờ thâm mụn ngăn ngừa mụn,330000.0,330000.0,0.0,0.0,0,,https://tiki.vnkem-ngan-ngua-mun-acne-dr-cell-30g-p247910592.html?spid=247910599,kem ngăn ngừa mụn acne
242449657,Combo Sữa rửa mặt nghệ Hưng Yên Cocoon 140ml + Toner Nước nghệ Cocoon 140ml,370500.0,390000.0,19500.0,0.0,0,,https://tiki.vncombo-sua-rua-mat-nghe-hung-yen-cocoon-140ml-toner-nuoc-nghe-cocoon-140ml-p242449657.html?spid=242449658,combo sữa rửa mặt nghệ hưng yên cocoon
242434987,Bộ 4 sản phẩm Nghệ Cocoon: Sữa rửa mặt nghệ Cocoon140ml + Mặt nạ nghệ Cocoon 30ml + Toner nghệ Cocoon 140ml + Tinh chất nghệ Cocoon 30ml,826500.0,870000.0,43500.0,0.0,0,,https://tiki.vnbo-4-san-pham-nghe-cocoon-sua-rua-mat-nghe-cocoon140ml-mat-na-nghe-cocoon-30ml-toner-nghe-cocoon-140ml-tinh-chat-nghe-cocoon-30ml-p242434987.html?spid=242434988,sản phẩm nghệ cocoon sữa rửa mặt nghệ
217427323,Bộ dưỡng trắng sáng da OHUI Extreme White Set 2pcs,1465000.0,2600000.0,1135000.0,0.0,0,,https://tiki.vnbo-duong-trang-sang-da-ohui-extreme-white-set-2pcs-p217427323.html?spid=217427324,dưỡng trắng sáng da
217148642,KEM CHỐNG NẮNG DBH- EGF/FGF/DNA UV SHIELD SPF47 PA+++ DBH DERMAESTHETICS BEVERLY HILL 60ML - HÀNG NHẬP KHẨU- CHÍNH HÃNG,1600000.0,1600000.0,0.0,5.0,3,,https://tiki.vnkem-chong-nang-egf-fgf-dna-uv-shield-spf47-pa-dbh-dermaesthetics-beverly-hill-60ml-hang-nhap-khau-chinh-hang-p217148642.html?spid=217148643,kem chống nắng dbh
192669803,Sữa rửa mặt làm sạch dịu nhẹ Cetaphil Gentle Skin Cleanser 125ml/250ml/473ml,150000.0,150000.0,0.0,0.0,0,,https://tiki.vnsua-rua-mat-lam-sach-diu-nhe-cetaphil-gentle-skin-cleanser-125ml-250ml-473ml-p192669803.html?spid=192669805,sữa rửa mặt làm
190631200,Sữa Dưỡng Ẩm Chuyên Biệt Chống Nắng Ban Ngày CeraVe Facial Moisturising Lotion AM 52ml,315000.0,315000.0,0.0,0.0,0,,https://tiki.vnsua-duong-am-chuyen-biet-chong-nang-ban-ngay-cerave-facial-moisturising-lotion-am-52ml-p190631200.html?spid=273728287,sữa dưỡng ẩm chuyên biệt chống
172918846,Lotion Cấp Ẩm Sâu Dưỡng Trắng Mịn Da Reihaku Hatomugi Lotion (Chai 500 mL),270000.0,270000.0,0.0,0.0,0,,https://tiki.vnnuoc-duong-am-reihaku-hatomugi-lotion-duong-am-sau-va-lam-sang-da-chai-500ml-p172918846.html?spid=172918847,lotion cấp ẩm sâu dưỡng
167513126,Mặt Nạ Cấp Ẩm Chuyên Sâu Dành Cho Mọi Loại Da - Melting Moisture Masque 50ml,2335000.0,2335000.0,0.0,0.0,0,,https://tiki.vndermalogica-chinh-hang-mat-na-cap-am-chuyen-sau-danh-cho-moi-loai-da-melting-moisture-masque-p167513126.html?spid=167513127,mặt nạ cấp ẩm chuyên sâu
166081273,Bô dưỡng trẻ hóa da 10 năm tuổi The history of Whoo Hwanyu 5pcs set,900000.0,1500000.0,600000.0,0.0,0,,https://tiki.vnbo-duong-tre-hoa-da-10-nam-tuoi-thuong-dinh-whoo-hwanyu-5pcs-set-p166081273.html?spid=166081274,bô dưỡng trẻ hóa da
137005295,Kem Dưỡng Phục Hồi Da Rau Má GoodnDoc Centella Repair Cream 50ml,460000.0,460000.0,0.0,0.0,0,,https://tiki.vnkem-duong-phuc-hoi-da-rau-ma-goodndoc-centella-repair-cream-50ml-p137005295.html?spid=141689511,kem dưỡng phục hồi da
134239911,Toner Tẩy Tế Bào Chết Emmie & Cân Bằng Da Daily GlowExfoliating Solutions Toner 5% PHA/NANO AHA 230ml Emmié by HappySkin,460000.0,460000.0,0.0,5.0,2,,https://tiki.vntoner-tay-te-bao-chet-emmie-can-bang-da-daily-glowexfoliating-solutions-toner-5-pha-nano-aha-230ml-emmie-by-happyskin-p134239911.html?spid=276161024,toner tẩy tế bào chết
119253138,Kem dưỡng ẩm chống nắng cho da nhạy cảm SPF15 Cetaphil Daily Facial Moisturizer 118ml,416000.0,416000.0,0.0,5.0,11,,https://tiki.vnkem-duong-am-chong-nang-cho-da-nhay-cam-spf15-cetaphil-daily-facial-moisturizer-118ml-p119253138.html?spid=119253139,kem dưỡng ẩm chống
101456345,﻿Bộ sản phẩm dưỡng sáng da THE WHOO Gong Jin Hyang Brightening Special Set,2179000.0,2950000.0,771000.0,0.0,0,,https://tiki.vnbo-nuoc-hoa-hong-va-sua-duong-trang-da-whoo-gjh-seol-2pcs-set-p101456345.html?spid=101456346,sản phẩm dưỡng sáng da
98878651,"Kem chống nắng Sắc Ngọc Khang 50g giúp chống nắng hiệu quả với chỉ số SPF50, PA++++",169000.0,338000.0,169000.0,4.8,18,,https://tiki.vnkem-chong-nang-sac-ngoc-khang-50g-spf-50-pa-hieu-qua-chong-nang-toi-uu-p98878651.html?spid=98878652,kem chống nắng sắc ngọc
98165313,Kem ngăn ngừa nám - tàn nhang - đồi mồi - làm trắng da &  có chống nắng LYNSHAO ( Hàng Chính Hãng ),95000.0,95000.0,0.0,0.0,0,,https://tiki.vnkem-sieu-ngua-nam-giam-tan-nhang-doi-moi-lam-trang-da-co-chong-nang-lynshao-hang-chinh-hang-p98165313.html?spid=230374330,kem ngăn ngừa nám tàn nhang
78889163,"Kem dưỡng trắng da, hỗ trợ trị thâm nám DNA cá hồi Larian+ Derma White Factor Cream",1600000.0,1600000.0,0.0,4.0,1,,https://tiki.vnkem-duong-trang-da-ho-tro-tri-tham-nam-dna-ca-hoi-larian-derma-white-factor-cream-p78889163.html?spid=78889164,kem dưỡng trắng da
75644687,Sữa rửa mặt Đất Sét Kiehls Rare Earth Deep Pore Daily Cleanser 150ml,980000.0,980000.0,0.0,0.0,0,,https://tiki.vnsua-rua-mat-dat-set-kiehls-rare-earth-deep-pore-daily-cleanser-150ml-p75644687.html?spid=275970608,sữa rửa mặt đất sét kiehls
73400044,Lip Smacker - Set 6 Cây Son Coca Coca Vỉ Nhôm Vị Truyền Thống - LipSmaker Coca Cola Vintage Bottle Tint,219000.0,219000.0,0.0,4.8,10,,https://tiki.vnlip-smacker-set-6-cay-son-coca-coca-vi-nhom-vi-truyen-thong-lipsmaker-coca-cola-vintage-bottle-tint-p73400044.html?spid=73400045,lip smacker set cây
66629087,Bộ Kem Chống Nắng Chống Ô Nhiễm Và Bụi Mịn VICHY Capital Soleil Mattifying,435000.0,435000.0,0.0,5.0,2,,https://tiki.vnbo-kem-chong-nang-chong-o-nhiem-va-bui-min-vichy-capital-soleil-mattifying-p66629087.html?spid=68457227,kem chống nắng chống
58620599,"Bộ Gel rửa mặt và tắm giúp làm sạch bã nhờn,giảm mụn & thâm sẹo La Roche-Posay Effaclar Micro-Peeling Purifying Gel",595000.0,595000.0,0.0,3.3,3,,https://tiki.vnbo-gel-rua-mat-va-tam-giup-lam-sach-ba-nhon-giam-mun-tham-seo-la-roche-posay-effaclar-micro-peeling-purifying-gel-p58620599.html?spid=68912541,bộ gel rửa mặt
35135948,Kem trắng da L’Occitane Reine Blanche Whitening Cream 50ml,1850000.0,1850000.0,0.0,0.0,0,,https://tiki.vnkem-trang-da-l-occitane-reine-blanche-whitening-cream-50ml-p35135948.html?spid=35135950,kem trắng da l occitane
28476050,Mặt nạ cấp ẩm siêu tốc phục hồi da Kiehls Calendula & Aloe Soothing Hydration Mask minisize 14ml ( cúc ),250000.0,250000.0,0.0,0.0,0,,https://tiki.vnmat-na-cap-am-sieu-toc-phuc-hoi-da-kiehls-calendula-aloe-soothing-hydration-mask-minisize-14ml-cuc-p28476050.html?spid=275510164,mặt nạ cấp ẩm siêu tốc
21572327,KEM NGỪA MỤN - TRẮNG DA - NGỪA VẾT THÂM (MS : OH - 009)25g,169000.0,169000.0,0.0,5.0,1,,https://tiki.vnkem-ngua-mun-trang-da-ngua-vet-tham-p21572327.html?spid=221224297,kem ngừa mụn trắng
13003770,"Bộ đôi kem dưỡng giúp giảm mụn đầu đen, giảm bóng nhờn La Roche-Posay Effaclar K+ 40ml và Gel rửa mặt dành cho da dầu mụn Effaclar Gel 50ml",385000.0,385000.0,0.0,5.0,2,,https://tiki.vnbo-doi-kem-duong-giup-giam-mun-dau-den-giam-bong-nhon-la-roche-posay-effaclar-k-40ml-va-gel-rua-mat-danh-cho-da-dau-mun-effaclar-gel-50ml-p13003770.html?spid=68918044,bộ kem dưỡng giúp
12285969,Kem chống nắng cao cấp dành cho da mặt - Benew Daily Sun Protection Collagen Face Cream 70ml,109000.0,109000.0,0.0,5.0,8,,https://tiki.vnkem-chong-nang-cao-cap-danh-cho-da-mat-benew-daily-sun-protection-collagen-face-cream-70ml-p12285969.html?spid=22096861,kem chống nắng cao cấp
3626407,"Xịt Mụn Lưng, Cánh Tay, Ngực Và Cổ Vitara Se Body Acne Spray - BER24 (50ml)",280000.0,280000.0,0.0,4.1,7,,https://tiki.vnxit-mun-lung-canh-tay-nguc-va-co-vitara-se-body-acne-spray-ber24-50ml-p3626407.html?spid=3627139,xịt mụn lưng cánh tay
2869363,"La Roche-Posay - Kem Chống Nắng Làm Đều Màu Da, Kiểm Soát Bóng Nhờn Cho Da Nhạy Cảm  Anthelios XL Tinted Dry Touch Gel - Cream 50ml",580000.0,580000.0,0.0,3.8,4,,https://tiki.vnla-roche-posay-kem-chong-nang-lam-deu-mau-da-kiem-soat-bong-nhon-cho-da-nhay-cam-anthelios-xl-tinted-dry-touch-gel-cream-50ml-p2869363.html?spid=140869210,la roche posay kem
522999,Kem Dưỡng Ẩm Dành Cho Mặt Và Cổ SVR Hydraliane Légère Tuýp 40ml - HLE,415000.0,415000.0,0.0,5.0,3,,https://tiki.vnkem-duong-am-danh-cho-mat-va-co-svr-hydraliane-legere-tuyp-40ml-hle-p522999.html?spid=11202035,kem dưỡng ẩm dành
510974,Dung Dịch Tẩy Trang BIODERMA SENSIBIO H2O 250ml - 028703X,499000.0,499000.0,0.0,0.0,0,,https://tiki.vndung-dich-tay-trang-bioderma-sensibio-h2o-250ml-028703x-p510974.html?spid=5896109,dung dịch tẩy trang bioderma sensibio
278345225,"Kem chống nắng SPF 50PA+++ kết hợp trang điểm và dưỡng da, làm đều màu da, chống lão hóa DermEden DD Cream 50 ml",2145000.0,2145000.0,0.0,0.0,0,,https://tiki.vnkem-chong-nang-spf-50pa-ket-hop-trang-diem-va-duong-da-lam-deu-mau-da-chong-lao-hoa-dermeden-dd-cream-50-ml-p278345225.html?spid=278345226,kem chống nắng spf pa
278131365,Bộ Sữa Rửa Mặt Tái Sinh Ohui The First Geniture Foam Cleanser Special Set,1261000.0,1600000.0,339000.0,0.0,0,,https://tiki.vnbo-sua-rua-mat-tai-sinh-ohui-the-first-geniture-foam-cleanser-special-set-p278131365.html?spid=278131366,bộ sữa rửa mặt tái sinh
277445796,Sữa rửa mặt tạo bọt DrCeutics Gentle Olive Foaming (420g) - Hàng chính hãng,289000.0,349000.0,60000.0,0.0,0,,https://tiki.vnsua-rua-mat-tao-bot-drceutics-gentle-olive-foaming-420g-hang-chinh-hang-p277445796.html?spid=277445797,sữa rửa mặt tạo
277400984,TẨY TẾ BÀO CHẾT OHB PEELING GEL 50g,235000.0,235000.0,0.0,0.0,0,,https://tiki.vntay-te-bao-chet-ohb-peeling-gel-50g-p277400984.html?spid=277400986,tẩy tế bào chết ohb
276291403,"[MUA 1 ĐƯỢC 2] Kem Face Meso Tế Bào Gốc Pure Geneso Advanced Cream Lycos 20g: Sáng mịn, bật tone, giúp da căng mướt mịn màng ngay sau khi sử dụng",545000.0,545000.0,0.0,5.0,1,,https://tiki.vnmua-1-duoc-3-kem-face-meso-te-bao-goc-pure-geneso-advanced-cream-lycos-20g-sang-min-bat-tone-giup-da-cang-muot-min-mang-ngay-sau-khi-su-dung-p276291403.html?spid=276291404,mua kem face meso
275970362,Thạch Nghệ Hưng Yên Cocoon 30ml,195000.0,195000.0,0.0,5.0,2,,https://tiki.vnthach-nghe-hung-yen-30ml-p275970362.html?spid=275970363,thạch nghệ hưng yên
275597868,Lăn Khử Mùi EtiaXil Nhãn Xanh Cho Da Nhạy Cảm 15ml,399000.0,399000.0,0.0,0.0,0,,https://tiki.vnlan-khu-mui-etiaxil-nhan-xanh-cho-da-nhay-cam-15ml-p275597868.html?spid=275597869,lăn khử mùi etiaxil
274909858,"Tinh chất Dear, Klairs Freshly Juiced Viatmin Charging Serum 30ml",751091.0,751091.0,0.0,0.0,0,,https://tiki.vntinh-chat-dear-klairs-freshly-juiced-viatmin-charging-serum-30ml-p274909858.html?spid=274909859,tinh chất dear klairs freshly
273915959,Kem Dưỡng Ẩm Phục Hồi Và Dưỡng Sáng Da Vita B5 Cream Miss Candy White Skin Hộp 25g,838000.0,838000.0,0.0,0.0,0,,https://tiki.vnkem-duong-trang-da-mo-tham-nam-sam-nhung-hoang-kim-cao-cap-melasma-cream-nano-white-miss-candy-25g-giup-tai-tao-da-bi-nhiem-corticoid-phuc-hoi-lan-da-hu-ton-lam-san-chac-da-p273915959.html?spid=273915960,kem dưỡng ẩm phục hồi dưỡng
273573343,Nước Dưỡng Da Ngừa Mụn Và Se Khít Lỗ Chân Lông Club Suppin Nhật Bản (Chai 380ml),239000.0,239000.0,0.0,0.0,0,,https://tiki.vnnuoc-duong-da-ngua-mun-va-se-khit-lo-chan-long-club-suppin-nhat-ban-chai-380ml-p273573343.html?spid=273573344,nước dưỡng da ngừa
271528320,"Kem chống nắng chuyên biệt cho trẻ POLI Sun Milk SPF50+ an toàn, dịu nhẹ cho da Hàn Quốc 80ml",265000.0,265000.0,0.0,0.0,0,,https://tiki.vnkem-chong-nang-chuyen-biet-cho-tre-poli-sun-milk-spf50-an-toan-diu-nhe-cho-da-han-quoc-80ml-p271528320.html?spid=271528321,kem chống nắng chuyên biệt
244301926,"Toner nước cân bằng da Hoa Đậu Biếc Herbario 200ml giúp cấp ẩm, chống lão hóa thuần chay",148200.0,156000.0,7800.0,0.0,0,,https://tiki.vntoner-nuoc-can-bang-da-hoa-dau-biec-herbario-200ml-giu-p-cap-am-chong-lao-hoa-thuan-chay-p244301926.html?spid=244301927,toner nước cân bằng da
241963173,Combo 2 hộp mặt nạ bí đao cocoon (2 hộp x 30ml) da dầu và mụn ẩn,294500.0,310000.0,15500.0,0.0,0,,https://tiki.vncombo-2-hop-mat-na-bi-dao-cocoon-2-hop-x-30ml-da-dau-va-mun-an-p241963173.html?spid=241963174,combo hộp mặt nạ bí đao
212567014,"Tinh chất phục hồi da Pime Feel Up B5 Vitamin Serum dưỡng ẩm, hỗ trợ làm mềm da, giảm kích ứng, hỗ trợ phục hồi da 50g",725400.0,780000.0,54600.0,0.0,0,,https://tiki.vntinh-chat-phuc-hoi-da-pime-feel-up-b5-vitamin-serum-duong-am-ho-tro-lam-mem-da-giam-kich-ung-ho-tro-phuc-hoi-da-50g-p212567014.html?spid=212567015,tinh chất phục hồi da pime
207881270,Kem dưỡng thế hệ mới Retinol Alab Cream Kyung Lab/ Kyunglab 30ml phục hồi dưỡng trắng da ngừa mụn,699000.0,699000.0,0.0,0.0,0,,https://tiki.vnkem-duong-the-he-moi-retinol-alab-cream-kyung-lab-kyunglab-30ml-phuc-hoi-duong-trang-da-ngua-mun-p207881270.html?spid=207881315,kem dưỡng thế hệ retinol
201091335,Kem dưỡng phục hồi Sesderma Sebovalis dành cho da hỗn hợp và da khô 50ml,1580000.0,1580000.0,0.0,0.0,0,,https://tiki.vnkem-duong-phuc-hoi-sesderma-sebovalis-danh-cho-da-hon-hop-va-da-kho-50ml-p201091335.html?spid=201091336,kem dưỡng phục hồi sesderma
195202060,Kem dưỡng trắng da mờ nám Dr.Maxcell,2100000.0,2100000.0,0.0,0.0,0,,https://tiki.vnkem-duong-trang-da-mo-nam-dr-maxcell-p195202060.html?spid=195202061,kem dưỡng trắng da mờ
194037868,"Bộ 10 miếng Mặt nạ Ngọc trai dưỡng trắng da, mờ thâm nám Hàn Quốc - Dabo First Solution Mask Pack White Pearl",145000.0,145000.0,0.0,0.0,0,,https://tiki.vnbo-10-mieng-mat-na-ngoc-trai-duong-trang-da-mo-tham-nam-han-quoc-dabo-first-solution-mask-pack-white-pearl-p194037868.html?spid=194037869,bộ mặt nạ ngọc trai dưỡng
188086884,"Kem dưỡng chống lão hoá, rạng rỡ da OHUI Prime Advancer De-Aging Protein Cream 50ml",2253000.0,3050000.0,797000.0,0.0,0,,https://tiki.vnkem-duong-chong-lao-hoa-cung-co-tang-cot-loi-ohui-prime-advancer-ampoule-capture-cream-ex-50ml-p188086884.html?spid=188086886,kem dưỡng chống lão
171470543,XỊT KHOÁNG DƯỠNG ẨM VÀ LÀM SÁNG DA HATOMUGI PLATINUM LABEL 300G,369000.0,369000.0,0.0,0.0,0,,https://tiki.vnxit-khoang-duong-am-va-lam-sang-da-hatomugi-platinum-label-300g-p171470543.html?spid=171470544,xịt khoáng dưỡng ẩm làm
162844507,"Men Ủ Trắng Da Mặt , Kem Dưỡng Trắng Da Mặt Nhanh Chóng, Se Khít Lỗ Chân Lông, Chiết Xuất Từ Thiên Nhiên Dr Cell",310000.0,310000.0,0.0,5.0,2,,https://tiki.vnmen-u-trang-da-mat-kem-duong-trang-da-mat-nhanh-chong-se-khit-lo-chan-long-chiet-xuat-tu-thien-nhien-dr-cell-p162844507.html?spid=162844514,men ủ trắng da
160051720,Kem Chống Nắng Heliocare 360º Pigment Solution Fluid SPF50+ Ultraligero Cantabria Labs Tây Ban Nha 50ml TẶNG KÈM MẶT NẠ BUTIQ LAB HÀN QUỐC,980000.0,980000.0,0.0,0.0,0,,https://tiki.vnkem-chong-nang-heliocare-360-pigment-solution-fluid-spf50-ultraligero-cantabria-labs-tay-ban-nha-50ml-tang-kem-mat-na-butiq-lab-han-quoc-p160051720.html?spid=160051728,kem chống nắng heliocare
160049569,Tinh Chất Thay Da Sinh Học NeoStrata ProSystem Retinol Peel TẶNG MẶT NẠ PHỤC HỒI BUTIQ LAB HÀN QUỐC,650000.0,650000.0,0.0,0.0,0,,https://tiki.vntinh-chat-thay-da-sinh-hoc-neostrata-prosystem-retinol-peel-tang-mat-na-phuc-hoi-butiq-lab-han-quoc-p160049569.html?spid=160049573,tinh chất thay da sinh học neostrata
158188696,Kem dưỡng ẩm chống lão hóa cho làn da khô Dermalogica Intensive Moisture Balance 50ml,60000.0,60000.0,0.0,0.0,0,,https://tiki.vnkem-duong-am-chong-lao-hoa-cho-da-kho-dermalogica-intensive-moisture-balance-loai-moi-p158188696.html?spid=158188698,kem dưỡng ẩm chống
154525917,Kem mắt làm mờ quầng thâm nếp nhăn bọng mắt tàn nhang DERMEDEN Eye Contour Retinol 1% + Niacinamide 5% 15ml,1800000.0,1800000.0,0.0,5.0,1,,https://tiki.vnkem-mat-lam-mo-quang-tham-nep-nhan-bong-mat-tan-nhang-dermeden-eye-contour-retinol-1-niacinamide-5-15ml-p154525917.html?spid=154525926,kem mắt làm mờ
150823487,Bộ đôi trong uống - ngoài thoa Sắc Ngọc Khang: Sắc Ngọc Khang ++ (60 viên) + Kem dưỡng da ban đêm 10g,620000.0,1220000.0,600000.0,4.5,2,,https://tiki.vnbo-doi-giup-sach-sau-duong-trang-dieu-ki-sac-ngoc-khang-serum-30ml-nuoc-tay-trang-145ml-p150823487.html?spid=150823488,bộ trong uống thoa
147980701,"Tế bào gốc t rị nám, tàn nhang, t r ị thâm, làm trắng da Hàn Quốc GSC GV WHITENING AMPOULE",395000.0,395000.0,0.0,5.0,5,,https://tiki.vnte-bao-goc-t-ri-nam-tan-nhang-t-r-i-tham-lam-trang-da-han-quoc-gsc-gv-whitening-ampoule-p147980701.html?spid=147980702,tế bào gốc t rị
137938212,"Serum phục hồi, tái tạo da tổn thương GoGreen SERUM VITAMIN B5 ",980000.0,980000.0,0.0,5.0,5,,https://tiki.vnserum-phuc-hoi-tai-tao-da-ton-thuong-gogreen-serum-vitamin-b5-tang-kem-mat-na-gogreen-tri-gia-100k-p137938212.html?spid=137938213,serum phục hồi tái tạo da
124639090,"""Giải pháp chuyên gia chống Nếp nhăn sâu Công nghệ Tế bào gốc EVERCELL Deep Wrinkle Solution Expert 10ml  """,790000.0,790000.0,0.0,0.0,0,,https://tiki.vngiai-phap-chuyen-gia-chong-nep-nhan-sau-cong-nghe-te-bao-goc-evercell-deep-wrinkle-solution-expert-10ml-p124639090.html?spid=124639091,giải pháp chuyên gia chống nếp
110867558,TẨY TRANG NÓNG NHẬT BẢN AYAMI COSMETICS HOT CLEANSING GEL 180G,195000.0,195000.0,0.0,0.0,0,,https://tiki.vntay-trang-nong-nhat-ban-ayami-cosmetics-hot-cleansing-gel-180g-p110867558.html?spid=110867559,trang nóng nhật bản ayami cosmetics
109266382,Bông Tẩy Trang IPEK Klasik Thổ Nhĩ Kỳ,32000.0,32000.0,0.0,5.0,8,,https://tiki.vnbong-tay-trang-ipek-klasik-tho-nhi-ky-p109266382.html?spid=109266394,bông tẩy trang ipek klasik
75571616, Sữa rửa mặt tinh chất ốc sên ,159000.0,159000.0,0.0,0.0,0,,https://tiki.vnsua-rua-mat-tinh-chat-oc-sen-p75571616.html?spid=75571617,sữa rửa mặt tinh chất
71058189,SỮA RỬA MẶT TẨY TRANG GỐC NƯỚC V10PLUS (100ml) ,1080000.0,1080000.0,0.0,0.0,0,,https://tiki.vnsua-rua-mat-tay-trang-goc-nuoc-v10plus-100ml-p71058189.html?spid=71058190,sữa rửa mặt tẩy trang
66713342,Chống nắng dạng thỏi dưỡng trắng cải thiện nếp nhăn Su:m37 Sun-away Velvet Sun Stick SPF50+/PA++++ 18g,584000.0,790000.0,206000.0,4.8,6,,https://tiki.vnchong-nang-dang-thoi-duong-trang-cai-thien-nep-nhan-su-m37-sun-away-velvet-sun-stick-spf50-pa-18g-p66713342.html?spid=66713343,chống nắng dạng thỏi dưỡng
56879373,"Mỡ trăn & Ngọc Lan Tây cao cấp N'store - Dưỡng da, Giảm mụn, vết thâm, Triệt lông",185000.0,185000.0,0.0,4.7,3,,https://tiki.vnmo-tran-ngoc-lan-tay-cao-cap-n-store-duong-da-giam-mun-vet-tham-triet-long-p56879373.html?spid=56879374,mỡ trăn ngọc lan tây
54789311,Kem Dưỡng Giúp Chống Nhăn Và Làm Săn Chắc Da Ban Đêm - Liftactiv Ds Night Cream Vichy 50ml Tặng Gel Dưỡng Ẩm Vichy 15ml,1580000.0,1580000.0,0.0,0.0,0,,https://tiki.vnkem-duong-giup-chong-nhan-va-lam-san-chac-da-ban-dem-liftactiv-ds-night-cream-vichy-50ml-tang-gel-duong-am-vichy-15ml-p54789311.html?spid=66397102,kem dưỡng giúp chống
54784645,Dưỡng Chất Khoáng Cô Đặc Vichy Mineral 89 (50ml) + Tặng Kèm Aqualia Gel (15ml) + Túi Tote Vichy Cao Cấp,999000.0,999000.0,0.0,3.0,2,,https://tiki.vnduong-chat-khoang-co-dac-vichy-mineral-89-50ml-tang-kem-aqualia-gel-15ml-tui-tote-vichy-cao-cap-p54784645.html?spid=64281665,dưỡng chất khoáng đặc vichy
24726078,KEM CHỐNG NẮNG GỐC NƯỚC V10PLUS SPF40/PA+++ (30ml) KHÔNG CHỨA PARAPEN,1080000.0,1080000.0,0.0,5.0,3,,https://tiki.vnkem-chong-nang-goc-nuoc-v10plus-spf40-pa-30ml-khong-chua-parapen-p24726078.html?spid=24729966,kem chống nắng gốc
2749303,Mặt Nạ Collagen Tươi 90% A&Plus A022,400000.0,400000.0,0.0,4.5,2,,https://tiki.vnmat-na-collagen-tuoi-90-a-plus-a022-p2749303.html?spid=2778109,mặt nạ collagen tươi a plus
869138,Sữa Rửa Mặt Gạo Trắng Mịn Da Cao Cấp Benew Rice (100ml),85000.0,85000.0,0.0,0.0,0,,https://tiki.vnsua-rua-mat-gao-trang-min-da-cao-cap-benew-rice-100ml-p869138.html?spid=274195687,sữa rửa mặt gạo
278855952,Combo Sữa rửa mặt Simple Micellar Gel Wash (150ml) + Nước tẩy trang Simple Micellar Water (200ml) - Hàng chính hãng,199000.0,219000.0,20000.0,0.0,0,,https://tiki.vncombo-sua-rua-mat-simple-micellar-gel-wash-150ml-nuoc-tay-trang-simple-micellar-water-200ml-hang-chinh-hang-p278855952.html?spid=278855954,combo sữa rửa mặt
278423299,Tinh chất dưỡng da đa năng Collagen & Hyaluronic acid _ Farmstay Collagen & Hyaluronic acid All In One Ampoule,405000.0,405000.0,0.0,0.0,0,,https://tiki.vntinh-chat-duong-da-da-nang-collagen-hyaluronic-acid-_-farmstay-collagen-hyaluronic-acid-all-in-one-ampoule-p278423299.html?spid=278423300,tinh chất dưỡng da đa năng
278220271,Mặt Nạ Giấy Caryophy Portulaca Mask 22g,39000.0,39000.0,0.0,0.0,0,,https://tiki.vnmat-na-giay-caryophy-portulaca-mask-22g-p278220271.html?spid=278220272,mặt nạ giấy caryophy portulaca
278111549,Kem lão hóa trắng da loại bỏ sắc tố đen 15g Sắc Tiên Today (hộp đen),169000.0,169000.0,0.0,0.0,0,,https://tiki.vnkem-lao-hoa-trang-da-loai-bo-sac-to-den-15g-sac-tien-today-hop-den-p278111549.html?spid=278111550,kem lão hóa trắng
277738751,Kem dưỡng trắng da Olay Luminous Niacinamide + AHA Moisturiser (50g) - Hàng chính hãng,429000.0,549000.0,120000.0,0.0,0,,https://tiki.vnkem-duong-trang-da-olay-luminous-niacinamide-aha-moisturiser-50g-hang-chinh-hang-p277738751.html?spid=277738753,kem dưỡng trắng da
276800228,Gel Tẩy Trang Mắt Softymo Suprer Eye Make Up Remover Kose Nhật Bản 230ML,179000.0,179000.0,0.0,0.0,0,,https://tiki.vngel-tay-trang-mat-softymo-suprer-eye-make-up-remover-kose-nhat-ban-230ml-p276800228.html?spid=276800231,gel tẩy trang mắt softymo
276800105,Combo 10 mặt nạ Jucy dưỡng trắng cấp ẩm(5 mask booster + 5 mask Cooltox) ,180000.0,180000.0,0.0,0.0,0,,https://tiki.vncombo-10-mat-na-jucy-duong-trang-cap-am-5-mask-booster-5-mask-cooltox-p276800105.html?spid=276800106,combo mặt nạ jucy dưỡng trắng
276545416,Kem Dưỡng Ẩm Bioderma Sebium 40ml,450000.0,450000.0,0.0,0.0,0,,https://tiki.vnkem-duong-am-bioderma-sebium-40ml-p276545416.html?spid=276550714,kem dưỡng ẩm bioderma
276025993,Sữa rửa mặt dạng gel ẩm mịn sáng da căn bóng chứa AHA/PHA OHUI Miracle Toning Jelly Cleanser 180ml,458000.0,620000.0,162000.0,0.0,0,,https://tiki.vnsua-rua-mat-dang-gel-am-min-sang-da-can-bong-chua-aha-pha-ohui-miracle-toning-jelly-cleanser-160ml-p276025993.html?spid=276025995,sữa rửa mặt dạng
274584996,"Gel Phục hồi Panthenol Compliment B5 phục hồi, làm mát da",88000.0,88000.0,0.0,0.0,0,,https://tiki.vngel-phuc-hoi-panthenol-compliment-p274584996.html?spid=276652877,gel phục hồi panthenol compliment
274414655,"Kem chống nắng nâng tông, kháng nước 365 Pretty Skin The Pure Jeju Cica 365 Mild Sun Cream",199000.0,199000.0,0.0,0.0,0,,https://tiki.vnkem-chong-nang-nang-tong-khang-nuoc-365-pretty-skin-the-pure-jeju-cica-365-mild-sun-cream-p274414655.html?spid=274414656,kem chống nắng nâng
273186100,Kem dưỡng ngừa nếp nhăn vùng mắt OHUI Prime Advancer De-Aging Eye Cream 25ml,2253000.0,3050000.0,797000.0,0.0,0,,https://tiki.vnkem-duong-ngua-nep-nhan-vung-mat-ohui-prime-advancer-eye-cream-25ml-p273186100.html?spid=273186101,kem dưỡng ngừa nếp nhăn
271361645,Tinh Chất Bí Đao Mờ Thâm 70ml Cocoon giảm mụn kiềm dầu N7 - N15,220000.0,220000.0,0.0,4.5,9,,https://tiki.vntinh-chat-bi-dao-mo-tham-70ml-cocoon-giam-mun-kiem-dau-n7-n15-p271361645.html?spid=71005418,tinh chất bí đao mờ thâm cocoon
261961493,Bigsize - Nước tẩy trang hoa hồng Cocoon tẩy sạch makeup & cấp ẩm 310ml (Bản mới),232750.0,245000.0,12250.0,5.0,1,,https://tiki.vnbigsize-nuoc-tay-trang-hoa-hong-cocoon-tay-sach-makeup-cap-am-310ml-p261961493.html?spid=261961494,bigsize nước tẩy trang hoa hồng
249896822,Serum Hỗ Trợ Giảm Mụn Medic Roller Compact Essence,550000.0,550000.0,0.0,0.0,0,,https://tiki.vnserum-ho-tro-giam-mun-medic-roller-compact-essence-p249896822.html?spid=249896824,serum hỗ trợ giảm mụn
242034430,Xịt khoáng nghệ Hưng Yên Cocoon 130ml giúp sáng da và chống oxy hóa thuần chay,204250.0,215000.0,10750.0,0.0,0,,https://tiki.vnxi-t-khoa-ng-nghe-hung-yen-cocoon-130ml-giu-p-sa-ng-da-va-cho-ng-oxy-ho-a-thuan-chay-p242034430.html?spid=242034431,xi t khoa ng nghê hưng yên
242024429,Tinh chất nghệ Hưng Yên C22 (serum) với 22% vitamin C chuyên sâu & mờ vết thâm Thuần chay 30ml,441750.0,465000.0,23250.0,5.0,1,,https://tiki.vntinh-chat-nghe-hung-yen-x2-2-serum-30ml-voi-22-vitamin-c-sang-da-chuyen-sau-mo-vet-tham-thua-n-chay-p242024429.html?spid=242024430,tinh chất nghệ hưng yên c vitamin
226923101,Bigsize - Sữa rửa mặt nghệ Hưng Yên Cocoon 310ml giúp da sạch mịn và rạng rỡ thuần chay,285000.0,300000.0,15000.0,0.0,0,,https://tiki.vnbigsize-sua-rua-mat-nghe-hung-yen-cocoon-310ml-giup-da-sach-min-va-rang-ro-thuan-chay-p226923101.html?spid=226923106,bigsize sữa rửa mặt nghệ hưng yên cocoon
226379283,Thạch hoa hồng Cocoon 30ml dưỡng ẩm thuần chay,185250.0,195000.0,9750.0,0.0,0,,https://tiki.vnthach-hoa-hong-cocoon-30ml-duong-am-thuan-chay-p226379283.html?spid=226379287,thạch hoa hồng cocoon dưỡng ẩm thuần
207987957,Xịt Khoáng Dưỡng Ẩm Kyung Lab Pdrn Therapy Mist 150ml,456000.0,456000.0,0.0,0.0,0,,https://tiki.vnxit-khoang-duong-am-kyung-lab-pdrn-therapy-mist-150ml-p207987957.html?spid=207987958,xịt khoáng dưỡng ẩm kyung lab
194814138,Nước Tẩy Trang Mắt Và Môi MAYBELLINE Make Up Remover,82000.0,89000.0,7000.0,0.0,0,,https://tiki.vnnuoc-tay-trang-mat-va-moi-maybelline-make-up-remover-p194814138.html?spid=194814140,nước tẩy trang mắt môi
171621395,Kem dưỡng Vitamin C làm sáng và đều màu da – MULTI VITAMIN BRIGHTENING CREAM (80ml),1100000.0,1100000.0,0.0,0.0,0,,https://tiki.vnkem-duong-vitamin-c-lam-sang-va-deu-mau-da-multi-vitamin-brightening-cream-80ml-p171621395.html?spid=171621396,kem dưỡng vitamin c làm
169128466,"Nước Tẩy Trang Sạch Sâu Lỗ Chân Lông, Dưỡng Ẩm Và Làm Sáng Da Hatomugi Nhật Bản 500ml",219000.0,219000.0,0.0,5.0,2,,https://tiki.vnnuoc-tay-trang-sach-sau-lo-chan-long-duong-am-va-lam-sang-da-hatomugi-nhat-ban-500ml-p169128466.html?spid=169128468,nước tẩy trang sạch sâu lỗ
116753670,Kem dưỡng dành cho da khô INTENSIVE MOISTURE BALANCE của Dermalogica - Dolly Beauty,120000.0,120000.0,0.0,0.0,0,,https://tiki.vnkem-duong-danh-cho-da-kho-intensive-moisture-balance-cua-dermalogica-p116753670.html?spid=279076105,kem dưỡng dành da
89560843,Tinh chất serum vitamin C Phấn Nụ Hoàng Cung,660000.0,660000.0,0.0,0.0,0,,https://tiki.vntinh-chat-serum-vitamin-c-phan-nu-hoang-cung-p89560843.html?spid=89560844,tinh chất serum vitamin c
79411382,Kem chống nắng Skin Aqua cho da nhạy cảm dạng gel dùng hàng ngày Sunplay Skin Aqua Mild Care Gel SPF50+ PA+++ 25g,107000.0,136000.0,29000.0,4.7,87,,https://tiki.vnkem-chong-nang-skin-aqua-cho-da-nhay-cam-dang-gel-dung-hang-ngay-sunplay-skin-aqua-mild-care-gel-spf50-pa-25g-p79411382.html?spid=79411384,kem chống nắng skin
70586100,SERUM CẤP ẨM PHỤC HỒI DA DNA CÁ HỒI LARIAN+ LOẠI 10ML,480000.0,480000.0,0.0,5.0,1,,https://tiki.vnserum-cap-am-phuc-hoi-da-dna-ca-ho-i-larian-loai-10ml-p70586100.html?spid=70586101,serum cấp ẩm phục hồi da
60215252,TINH CHẤT DƯỠNG TOTAL SOLUTION AC PURE QUEENIE 100ML - MỸ PHẨM HÀN QUỐC,690000.0,690000.0,0.0,0.0,0,,https://tiki.vntinh-chat-duong-total-solution-ac-pure-queenie-100ml-my-pham-han-quoc-p60215252.html?spid=60215253,tinh chất dưỡng total solution
59478795,Combo Kedma Sữa Rửa Mặt (180ml) + Tẩy Tế  Bào Chết Cho Da (50gr) - Làm Sạch Sâu Từ Khoáng Chất Biển Chết,4900000.0,4900000.0,0.0,0.0,0,,https://tiki.vncombo-kedma-sua-rua-mat-180ml-tay-te-bao-chet-cho-da-50gr-lam-sach-sau-loai-bo-mo-hoi-ba-nhon-p59478795.html?spid=59478796,combo kedma sữa rửa
56034784,Kem dưỡng đêm Lancome Hydra Zen Nuit 15ml - Tách set,345000.0,345000.0,0.0,0.0,0,,https://tiki.vnkem-duong-dem-lancome-hydra-zen-nuit-15ml-tach-set-p56034784.html?spid=273728281,kem dưỡng đêm lancome
50326939,"Kem Dưỡng Ngăn Lão Hóa, Sáng Da Vichy Collagen Liftactiv Collagen Specialist Chuyên Biệt (50ml)",874000.0,874000.0,0.0,3.0,2,,https://tiki.vnkem-duong-ngan-lao-hoa-sang-da-vichy-collagen-liftactiv-collagen-specialist-chuyen-biet-50ml-p50326939.html?spid=65040285,kem dưỡng ngăn lão hóa
44370452,Một túi bông tẩy trang 180 miếng 3 lớp Miniso only the purest ,39000.0,39000.0,0.0,4.0,3,,https://tiki.vnmot-tui-bong-tay-trang-180-mieng-3-lop-miniso-only-the-purest-p44370452.html?spid=54363759,túi bông tẩy trang miếng
29516609,FLOSLEK PHARMA GEL RỬA MẶT DIỆT KHUẨN NGỪA MỤN ANTIBACTERIAL FACE CLEANSING GEL 125ML,296000.0,296000.0,0.0,5.0,2,,https://tiki.vnfloslek-pharma-gel-rua-mat-diet-khuan-ngua-mun-antibacterial-face-cleansing-gel-125ml-p29516609.html?spid=137596610,floslek pharma gel rửa
7074197,"Kem Dưỡng Naturie Hatomugi Cải Thiện Làn Da khô, thâm, mụn 180g",155000.0,155000.0,0.0,4.5,30,,https://tiki.vnkem-duong-naturie-hatomugi-cai-thien-lan-da-kho-tham-mun-180g-p7074197.html?spid=55526797,kem dưỡng naturie hatomugi
1750481,Sữa Rửa Mặt Dabo Dưa Leo 3-In-1 8809351955975 (180ml),109000.0,109000.0,0.0,5.0,1,,https://tiki.vnsua-rua-mat-dabo-dua-leo-3-in-1-8809351955975-180ml-p1750481.html?spid=14035960,sữa rửa mặt dabo
876442,Tẩy Trang Bioderma Sensibio H2O (500ml),549000.0,549000.0,0.0,4.7,30,,https://tiki.vntay-trang-bioderma-sensibio-h2o-500ml-p876442.html?spid=5896107,trang bioderma sensibio h
470616,Kem Dưỡng Môi Phục Hồi Độ Ẩm & Bảo Vệ Môi La Roche-Posay Cicaplast Lips (7.5ml),224000.0,224000.0,0.0,0.0,0,,https://tiki.vnkem-duong-moi-phuc-hoi-do-am-bao-ve-moi-la-roche-posay-cicaplast-lips-7-5ml-p470616.html?spid=31493515,kem dưỡng môi phục hồi
422217,Kem Dưỡng Chống Nhăn Và Săn Chắc Da Ban Ngày Vichy Liftactiv Supreme - 100679444 (50ml),1150000.0,1150000.0,0.0,3.0,2,,https://tiki.vnkem-duong-chong-nhan-va-san-chac-da-ban-ngay-vichy-liftactiv-supreme-100679444-50ml-p422217.html?spid=271337829,kem dưỡng chống nhăn
279012830,Tinh chất làm sáng da MD CARE Brightenyl Serum (30ml) - Hàng chính hãng,339000.0,450000.0,111000.0,0.0,0,,https://tiki.vntinh-chat-lam-sang-da-md-care-brightenyl-serum-30ml-hang-chinh-hang-p279012830.html?spid=279012832,tinh chất làm sáng da
278900981,Combo mặt nạ thạch Luvum Calming + Phyto + Afterglow + Pore Reset (4 miếng) - Hàng chính hãng,399000.0,399000.0,0.0,0.0,0,,https://tiki.vncombo-mat-na-thach-luvum-calming-phyto-afterglow-pore-reset-4-mieng-hang-chinh-hang-p278900981.html?spid=278900983,combo mặt nạ thạch luvum calming
278844661,Bông Đắp Toner Dưỡng Da PUFFME Airlaid 200 Miếng/Bao - 1 Bao,25000.0,25000.0,0.0,0.0,0,,https://tiki.vnbong-dap-toner-duong-da-puffme-airlaid-200-mieng-bao-p278844661.html?spid=278844516,bông đắp toner dưỡng da
278841468,Kem dưỡng chống lão hóa SU:M37 LosecSumma Repair Cream 50ml,5171000.0,7000000.0,1829000.0,0.0,0,,https://tiki.vnkem-duong-chong-lao-hoa-su-m37-losecsumma-repair-cream-50ml-p278841468.html?spid=278841469,kem dưỡng chống lão
277874327,Serum giảm mụn Dermarium Liquid Amber (10ml/30ml) - Hàng chính hãng,330000.0,350000.0,20000.0,0.0,0,,https://tiki.vnserum-giam-mun-dermarium-liquid-amber-10ml-30ml-hang-chinh-hang-p277874327.html?spid=277874329,serum giảm mụn dermarium
277437859,Bộ Kem Dưỡng Da Cao Cấp Luxury Exosome Puderma : Phiên bản nâng cấp của bộ Nám White Jade Puderder - Dưỡng da căng bóng đẩy lùi sạm nám,690000.0,850000.0,160000.0,0.0,0,,https://tiki.vnbo-kem-duong-da-cao-cap-luxury-exosome-puderma-duong-da-cang-bong-day-lui-sam-nam-p277437859.html?spid=277437864,kem dưỡng da cao cấp luxury
276735041,"Khăn Khô Lau Mặt Cao Cấp PUFFME, 220 Miếng/Bao",120000.0,120000.0,0.0,0.0,0,,https://tiki.vnkhan-kho-lau-mat-cao-cap-puffme-220-mieng-bao-p276735041.html?spid=276735042,khăn khô lau mặt
276672145,Bộ 3 Sản Phẩm Giảm Mụn Skin1004 Madagascar Centella (Serum + Kem Soothing + Kem Chống Nắng),950000.0,950000.0,0.0,0.0,0,,https://tiki.vnbo-3-san-pham-giam-mun-skin1004-madagascar-centella-serum-kem-soothing-kem-chong-nang-p276672145.html?spid=276672147,sản phẩm giảm mụn skin
276239346,"Kem dưỡng da trà xanh và bơ, dưỡng trắng da, kháng khuẩn ngăn ngừa lão hoá cho da - DABO Greentea Avocado Nourishing Cream 100ml",310000.0,310000.0,0.0,0.0,0,,https://tiki.vnkem-duong-da-tra-xanh-va-bo-duong-trang-da-khang-khuan-ngan-ngua-lao-hoa-cho-da-dabo-greentea-avocado-nourishing-cream-100ml-p276239346.html?spid=276239347,kem dưỡng da trà
275832111,Serum Phục Hồi Da RECOVER B5 SERUM Siniskin 30ml - Hàng Chính Hãng,285000.0,285000.0,0.0,0.0,0,,https://tiki.vnserum-phuc-hoi-da-recover-b5-serum-siniskin-30ml-hang-chinh-hang-p275832111.html?spid=275832112,serum phục hồi da recover
275141088,KEM DƯỠNG TRẮNG DA MỜ THÂM NÁM & KHÔNG HỒI NÁM - MELASMA CREAM BITOX,700000.0,700000.0,0.0,0.0,0,,https://tiki.vnkem-duong-trang-da-mo-tham-nam-khong-hoi-nam-melasma-cream-bitox-p275141088.html?spid=275149775,kem dưỡng trắng da mờ
275107375,Bộ Phấn Nụ Ngừa Mụn Cơ Bản Phấn Nụ Hoàng Cung,516000.0,516000.0,0.0,0.0,0,,https://tiki.vnbo-phan-nu-ngua-mun-co-ban-phan-nu-hoang-cung-p275107375.html?spid=275107376,phấn ngừa mụn cơ bản
275008950,Gel Dưỡng Trắng Da Derma Formula Intensive Tranexamic Acid Super Whitening Gel 30ml,650000.0,650000.0,0.0,0.0,0,,https://tiki.vngel-duong-trang-da-derma-formula-intensive-tranexamic-acid-super-whitening-gel-30ml-p275008950.html?spid=275008951,gel dưỡng trắng da
274249986,Tinh Chất Tăng Cường Sức Đề Kháng Cho Da Và Ngừa Vấn Đề Tái Phát Probiotic Skin Strength & Defense Booster 30ml,621000.0,690000.0,69000.0,0.0,0,,https://tiki.vntinh-chat-tang-cuong-suc-de-khang-cho-da-va-ngua-van-de-tai-phat-probiotic-skin-strength-defense-booster-30ml-p274249986.html?spid=274249987,tinh chất tăng cường sức đề kháng
273930494,"Peel Teana 10% Glycolic SM7 Super Molecules Acid tẩy da chết, giảm mụn và làm sáng da AHA + PHA - 30ml",570000.0,570000.0,0.0,0.0,0,,https://tiki.vnpeel-teana-10-glycolic-sm7-super-molecules-acid-tay-da-chet-giam-mun-va-lam-sang-da-aha-pha-30ml-p273930494.html?spid=273930495,peel teana glycolic sm
273185812,"Sữa dưỡng chống lão hoá, củng cố tầng cốt lõi OHUI Prime Advancer Emulsion 130ml",1330000.0,1850000.0,520000.0,0.0,0,,https://tiki.vnsua-duong-chong-lao-hoa-cung-co-tang-cot-loi-ohui-prime-advancer-emulsion-130ml-p273185812.html?spid=273185813,sữa dưỡng chống lão hóa
273170142,"Kem dưỡng da phục hồi ban đêm cao cấp,hồi phục làn da thiếu sức sống,mất ngủ kết hợp mùi hương giúp dễ ngủ thư thái Dermalogica Sound Sleep Cocoon 2ml",70000.0,70000.0,0.0,0.0,0,,https://tiki.vnhcm-kem-duong-da-phuc-hoi-ban-dem-cao-cap-dermalogica-sound-sleep-cocoon-2ml-hoi-phuc-lan-da-thieu-suc-song-mat-ngu-ket-hop-mui-huong-giup-de-ngu-thu-thai-mau-thu-p273170142.html?spid=273170143,kem dưỡng da phục hồi
253089935,Tinh chất dưỡng trắng da Transino Whitening stick dạng thỏi,789000.0,789000.0,0.0,0.0,0,,https://tiki.vntinh-chat-duong-trang-da-transino-whitening-stick-dang-thoi-p253089935.html?spid=253099613,tinh chất dưỡng trắng da
245771621,Bộ sản phẩm dưỡng ẩm và tăng độ đàn hồi Whoo Jinyulhyang 3pcs set,3768000.0,5100000.0,1332000.0,0.0,0,,https://tiki.vnbo-san-pham-duong-am-va-tang-do-dan-hoi-whoo-jinyulhyang-3pcs-set-p245771621.html?spid=245771622,sản phẩm dưỡng ẩm tăng độ
242743885,Hộp 10 miếng mặt nạ Peptide cao cấp Hàn Quốc BENEW - Peptide Vitamin Complex mờ/ giảm nếp nhăn dưỡng trắng da,230000.0,230000.0,0.0,5.0,1,,https://tiki.vnhop-10-mieng-mat-na-peptide-cao-cap-han-quoc-benew-peptide-vitamin-complex-mo-giam-nep-nhan-duong-trang-da-p242743885.html?spid=242743886,hộp mặt nạ peptide cao cấp
235854774,Bigsize - Nước nghệ Hưng Yên (toner) Cocoon làm sáng da & cấp ẩm 310ml thuần chay,295000.0,295000.0,0.0,0.0,0,,https://tiki.vnbigsize-nuoc-nghe-hung-yen-toner-cocoon-lam-sang-da-cap-am-310ml-thuan-chay-p235854774.html?spid=235854775,bigsize nước nghệ hưng yên cocoon làm
198378192,Dung dịch làm dịu ULTRACALMING MIST của Dermalogica,1660000.0,1660000.0,0.0,0.0,0,,https://tiki.vndung-dich-lam-diu-ultracalming-mist-cua-dermalogica-p198378192.html?spid=198378193,dung dịch làm dịu ultracalming
176784635,Mặt nạ chống lão hóa Bio Refeshing Matrix Mask Navacos combo 8 miếng,820000.0,820000.0,0.0,0.0,0,,https://tiki.vnmat-na-chong-lao-hoa-bio-refeshing-matrix-mask-navacos-combo-8-mieng-p176784635.html?spid=176784636,mặt nạ chống lão hóa
173418642,Mặt Nạ Đậu Nành Sữa Chua Chống Lão Hóa Và Làm Sáng Da Nhật Bản Tofu Moritaya (150gr),429000.0,429000.0,0.0,5.0,2,,https://tiki.vnmat-na-tofu-moritaya-dau-nanh-sua-chua-chong-lao-hoa-va-lam-sang-da-nhat-ban-150gr-p173418642.html?spid=173418644,mặt nạ đậu nành sữa chua
122641719,Kem trẻ hóa xóa nhăn vùng cổ Dermafirm Advanced Neck Cream 40g,650000.0,650000.0,0.0,5.0,1,,https://tiki.vnkem-tre-hoa-xoa-nhan-vung-co-dermafirm-advanced-neck-cream-40g-p122641719.html?spid=122641720,kem trẻ hóa xóa
98275794,Kirei JP - Combo Tiết kiệm Tinh Chất Cấp Ẩm - Dưỡng Trắng Dạng Xịt 6 trong 1 Kirei JP - 6in1 Spray Serum.,649000.0,649000.0,0.0,5.0,9,,https://tiki.vnkirei-jp-combo-tiet-kiem-tinh-chat-cap-am-duong-trang-dang-xit-6-trong-1-kirei-jp-6in1-spray-serum-p98275794.html?spid=98275795,kirei jp combo tiết kiệm
96992255,COMBO KEM NGỪA MỤN - TRẮNG DA - NGỪA VẾT THÂM 25g & SỮA RỬA MẶT NGỪA MỤN - TRẮNG DA 70g OLY HT (HÀNG CHÍNH HÃNG) CÓ CHỐNG NẮNG,239000.0,239000.0,0.0,5.0,1,,https://tiki.vncombo-kem-ngua-mun-trang-da-ngua-vet-tham-25g-sua-rua-mat-ngua-mun-trang-da-70g-oly-ht-hang-chinh-hang-co-chong-nang-p96992255.html?spid=217628109,combo kem ngừa mụn
75349568,Kem Chống Nắng Làm Đều Màu Da Kiểm Soát Bóng Nhờn Cho Da Nhạy Cảm La Roche Posay Anthelios XL Tinted Dry Touch Gel - Cream 50ml,580000.0,580000.0,0.0,0.0,0,,https://tiki.vnkem-chong-nang-lam-deu-mau-da-kiem-soat-bong-nhon-cho-da-nhay-cam-la-roche-posay-anthelios-xl-tinted-dry-touch-gel-cream-50ml-p75349568.html?spid=140864626,kem chống nắng làm
70591966,SERUM VITAMIN C VÀNG 24K DNA CÁ HỒI LARIAN+ LOẠI 50ML,1650000.0,1650000.0,0.0,5.0,1,,https://tiki.vnserum-vitamin-c-vang-24k-dna-ca-hoi-larian-loai-50ml-p70591966.html?spid=70591967,serum vitamin c vàng
58598257,Mặt Nạ Dưỡng Da Tinh Chất Collagen Dermal - 10 Miếng,124000.0,140000.0,16000.0,0.0,0,,https://tiki.vnmat-na-duong-da-tinh-chat-collagen-dermal-8-mieng-p58598257.html?spid=58598258,mặt nạ dưỡng da tinh chất
36362665,Bông Bạch Tuyết - Bông Y Tế Cắt Miếng 1kg (10 x 10 cm) tặng 2 cây nặn mụn,269000.0,269000.0,0.0,5.0,5,,https://tiki.vnbong-bach-tuyet-bong-y-te-cat-mieng-1kg-10-x-10-cm-tang-2-cay-nan-mun-p36362665.html?spid=36362666,bông bạch tuyết bông y tế
25773472,"KEM NGỪA MỤN, TRẮNG DA, MỜ VẾT THÂM 12g",95000.0,95000.0,0.0,0.0,0,,https://tiki.vnkem-ngua-mun-trang-da-mo-vet-tham-12g-p25773472.html?spid=221223041,kem ngừa mụn trắng
20352488,Sữa dưỡng Collagen Naris Hyaluronic Acid Moisturizing Milk Nhật Bản 150ml + Móc khóa,499000.0,499000.0,0.0,0.0,0,,https://tiki.vnsua-duong-collagen-naris-hyaluronic-acid-moisturizing-milk-nhat-ban-150ml-moc-khoa-p20352488.html?spid=20352489,sữa dưỡng collagen naris
11337627,Sữa Rửa Mặt Aha Từ Trái Cây Cleansing Research Wash Cleansing B (120g),264600.0,378000.0,113400.0,4.8,4,,https://tiki.vnsua-rua-mat-aha-tu-trai-cay-cleansing-research-wash-cleansing-b-120g-p11337627.html?spid=11337628,sữa rửa mặt aha
5859805,Kem chống nắng Phấn Nụ Hoàng Cung,465000.0,465000.0,0.0,0.0,0,,https://tiki.vnkem-chong-nang-phan-nu-hoang-cung-p5859805.html?spid=5859807,kem chống nắng phấn
5812727,Phấn chống lão hóa màu trắng (dạng nụ) Phấn Nụ Hoàng Cung,185000.0,185000.0,0.0,4.3,6,,https://tiki.vnphan-chong-lao-hoa-mau-trang-dang-nu-vo-nhua-phan-nu-hoang-cung-p5812727.html?spid=5812729,phấn chống lão hóa
3928875,"Dầu tẩy trang Olive DHC Deep Cleansing Oil làm sạch sâu, giữ ẩm cho da (S) 70ml",299000.0,299000.0,0.0,0.0,0,,https://tiki.vndau-tay-trang-olive-dhc-deep-cleansing-oil-lam-sach-sau-giu-am-cho-da-s-70ml-p3928875.html?spid=32978981,dầu tẩy trang olive dhc
3332269,Dưỡng Chất Khoáng Cô Đặc Giúp Phục Hồi Và Bảo Vệ Da Vichy Minéral 89 (30ml),552000.0,552000.0,0.0,5.0,1,,https://tiki.vnduong-chat-khoang-co-dac-giup-phuc-hoi-va-bao-ve-da-vichy-mineral-89-30ml-p3332269.html?spid=31285796,dưỡng chất khoáng đặc
2576761,"Nước tẩy trang dành cho da dầu, da mụn BIODERMA Sébium H2O 250ml",312000.0,312000.0,0.0,4.6,17,,https://tiki.vnnuoc-tay-trang-danh-cho-da-dau-da-mun-bioderma-sebium-h2o-250ml-p2576761.html?spid=7128321,nước tẩy trang dành da
386240,Sữa Rửa Mặt Ngăn Ngừa Mụn ST.IVES Chiết Xuất Trái Mơ 170g - 077043104507,98000.0,98000.0,0.0,5.0,2,,https://tiki.vnsua-rua-mat-ngan-ngua-mun-st-ives-chiet-xuat-trai-mo-170g-077043104507-p386240.html?spid=112287373,sữa rửa mặt ngăn ngừa
279155718,Bộ Dưỡng Trắng Da OHUI Extreme White Set 3pcs Special Set,2320000.0,2900000.0,580000.0,0.0,0,,https://tiki.vnbo-duong-trang-da-ohui-extreme-white-set-3pcs-special-set-p279155718.html?spid=279155719,dưỡng trắng da ohui
279057174,Kem dưỡng trắng da TENAMYD Collage Time Recovery Collagen Cream 50g,486000.0,540000.0,54000.0,0.0,0,,https://tiki.vnkem-duong-trang-da-tenamyd-collage-time-recovery-collagen-cream-50g-p279057174.html?spid=279057175,kem dưỡng trắng da
278687949,Dầu tẩy trang Cow Additive Free Cleansing Oil (130ml/150ml) - Hàng chính hãng,219000.0,279000.0,60000.0,0.0,0,,https://tiki.vndau-tay-trang-cow-additive-free-cleansing-oil-130ml-150ml-hang-chinh-hang-p278687949.html?spid=278687951,dầu tẩy trang cow additive
278604469,"Sữa Rửa Mặt Tạo Bọt Dịu Nhẹ, Làm Sạch Sâu, Cho Da Nhạy Cảm Sekkisei Clear Wellness Kose Nhật Bản 160ml",574000.0,574000.0,0.0,0.0,0,,https://tiki.vnsua-rua-mat-tao-bot-diu-nhe-lam-sach-sau-cho-da-nhay-cam-sekkisei-clear-wellness-kose-nhat-ban-160ml-p278604469.html?spid=278604470,sữa rửa mặt tạo
277284511,Sữa chống nắng dưỡng ẩm và làm dịu da WHOO GJH SUNQUID UV PROTECTIVE LOTION 13ml,120000.0,200000.0,80000.0,0.0,0,,https://tiki.vnsua-chong-nang-duong-am-va-lam-diu-da-whoo-gjh-sunquid-uv-protective-lotion-13ml-p277284511.html?spid=277284512,sữa chống nắng dưỡng ẩm
276924230,Combo Lycos Dành Cho Da Mỏng Yếu (Kem Face Meso Lycos - Kem Nám Đêm Lycos - Dưỡng Ẩm Lycos,1287000.0,1287000.0,0.0,0.0,0,,https://tiki.vncombo-lycos-danh-cho-da-mong-yeu-kem-face-meso-lycos-kem-nam-dem-lycos-duong-am-lycos-p276924230.html?spid=276924231,combo lycos dành da
276497296,Bông tẩy trang Araso 50M,8800.0,8800.0,0.0,0.0,0,,https://tiki.vnbong-tay-trang-araso-50m-p276497296.html?spid=276497298,bông trang
276232978,Nước tẩy trang làm sạch dịu nhẹ cho da nhạy cảm  Cicaporin Hydrating Micellar Solution 300ml,140000.0,140000.0,0.0,0.0,0,,https://tiki.vnnuoc-tay-trang-lam-sach-diu-nhe-cho-da-nhay-cam-cicaporin-hydrating-micellar-solution-300ml-p276232978.html?spid=276232979,nước tẩy trang làm sạch
276075712,Nước hoa hồng Kumano Reihaku Hatomugi Lotion giúp dưỡng ẩm và làm sáng da (500ml) - Hàng chính hãng,139000.0,179000.0,40000.0,0.0,0,,https://tiki.vnnuoc-hoa-hong-kumano-reihaku-hatomugi-lotion-giup-duong-am-va-lam-sang-da-500ml-hang-chinh-hang-p276075712.html?spid=276075714,nước hoa hồng kumano reihaku
276059409,Dầu Tẩy Trang Olive DHC Deep Cleansing Oil Nhật Bản 70ml,315000.0,315000.0,0.0,0.0,0,,https://tiki.vndau-tay-trang-olive-dhc-deep-cleansing-oil-nhat-ban-70ml-p276059409.html?spid=276059410,dầu tẩy trang olive dhc
275603287,"Fragmyx Oxyx – Huyết thanh làm sáng, tái tạo da và ngăn lão hóa",1550000.0,1550000.0,0.0,0.0,0,,https://tiki.vnfragmyx-oxyx-huyet-thanh-lam-sang-tai-tao-da-va-ngan-lao-hoa-p275603287.html?spid=275603291,fragmyx oxyx huyết thanh làm
273888078,"Serum Teana 1% Bakuchiol SM1 Super Molecules Multi-Active Bio-Retinol dưỡng ẩm, làm sáng và trẻ hóa da - 30ml",570000.0,570000.0,0.0,0.0,0,,https://tiki.vnserum-teana-1-bakuchiol-sm1-super-molecules-multi-active-bio-retinol-duong-am-lam-sang-va-tre-hoa-da-30ml-p273888078.html?spid=273888079,serum teana bakuchiol sm
273717017,"RE20 FUTURE PERFECT WRINKLE Four-piece Set MADE IN KOREA (Skin: 150ml, Lotion: 150ml, Cream: 60g, Eye Cream: 35g)",8900000.0,8900000.0,0.0,0.0,0,,https://tiki.vnre20-future-perfect-wrinkle-four-piece-set-made-in-korea-skin-150ml-lotion-150ml-cream-60g-eye-cream-35g-p273717017.html?spid=273717018,re future perfect wrinkle
273179659,Sữa tẩy trang chứa prebiotic dành cho mọi loại da Dermalogica Micellar precleanse 150ml,1630000.0,1630000.0,0.0,0.0,0,,https://tiki.vnhcm-micellar-precleanse-150ml-sua-tay-trang-chua-prebiotic-danh-cho-moi-loai-da-p273179659.html?spid=273179660,sữa tẩy trang chứa prebiotic
272787319,Serum trị mụn Kyung Lab Acnes Centella Asiatica Ampoule 50ml,540000.0,540000.0,0.0,0.0,0,,https://tiki.vnserum-tri-mun-kyung-lab-acnes-centella-asiatica-ampoule-50ml-p272787319.html?spid=272787320,serum trị mụn kyung lab
272319696,Bột Baking Soda Tẩy Rửa Đa Năng Nội Địa Nhật Bản Kiyou Jochugiku Jyusou-Monogatari S Select (Gói 800g),159000.0,159000.0,0.0,0.0,0,,https://tiki.vnbot-baking-soda-tay-rua-da-nang-noi-dia-nhat-ban-kiyou-jochugiku-jyusou-monogatari-s-select-goi-800g-p272319696.html?spid=272319697,bột baking soda tẩy rửa
272228210,Gel Rửa Mặt Làm Sạch Sâu Và Massage Nâng Cơ Mặt 37120 Hatomugi (Tuýp 150 G),166000.0,166000.0,0.0,0.0,0,,https://tiki.vngel-rua-mat-hatomugi-lam-sach-sau-va-massage-nang-co-mat-150g-p272228210.html?spid=272228211,gel rửa mặt làm
271248756,Bộ Sữa Rửa Mặt Ohui Trắng Ohui Extreme White Cleansing Foam 160ml +100ml,900000.0,900000.0,0.0,5.0,2,,https://tiki.vnset-sua-rua-mat-duong-trang-sang-da-ohui-extreme-bright-cleasing-foam-set-p271248756.html?spid=271248759,bộ sữa rửa mặt
262971475,"Kem Tái Tạo Phục Hồi Puderma: tái sinh phục hồi da do tổn thương, lăn kim, messo, vikim, tái tạo tế bào",646000.0,680000.0,34000.0,0.0,0,,https://tiki.vnfreeship-xtra-kem-tai-tao-phuc-hoi-puderma-tai-sinh-phuc-hoi-da-do-ton-thuong-lan-kim-messo-vikim-tai-tao-te-bao-p262971475.html?spid=262971476,kem tái tạo phục hồi puderma
253536768,Kem chống nắng thảo dược đa năng hoàn hảo không kích ứng da Welcos Herietta UV System Perfect Multi Sun Cream SPF50 PA++ +  tặng móc khóa,199000.0,199000.0,0.0,0.0,0,,https://tiki.vnkem-chong-nang-thao-duoc-da-nang-hoan-hao-khong-kich-ung-da-welcos-herietta-uv-system-perfect-multi-sun-cream-spf50-pa-tang-moc-khoa-p253536768.html?spid=253536769,kem chống nắng thảo dược
253393314,"Sữa rửa mặt Ốc Sên dưỡng ẩm trắng da, ngăn ngừa lão hóa Prettyskin Total Solution 24K Gold Snail Cleansing Foam 150ml tặng móc khóa",175000.0,175000.0,0.0,0.0,0,,https://tiki.vnsua-rua-mat-oc-sen-duong-am-trang-da-ngan-ngua-lao-hoa-prettyskin-total-solution-24k-gold-snail-cleansing-foam-150ml-tang-moc-khoa-p253393314.html?spid=253393315,sữa rửa mặt ốc sên
252612339,Sữa rửa mặt Kose Softymo Cleansing Foam 190g Nhiều Phân Loại,139000.0,139000.0,0.0,0.0,0,,https://tiki.vnsua-rua-mat-kose-softymo-cleansing-foam-190g-nhieu-phan-loai-p252612339.html?spid=252612344,sữa rửa mặt kose
252612267,Combo Sữa Rửa Mặt Và Dầu tẩy trang Softymo( White Cleansing Oil 230ml & Cleansing Foam Collagen 190g),125000.0,125000.0,0.0,0.0,0,,https://tiki.vncombo-sua-rua-mat-va-dau-tay-trang-softymo-white-cleansing-oil-230ml-cleansing-foam-collagen-190g-p252612267.html?spid=252612276,combo sữa rửa mặt
241821884,Nước tẩy trang bí đao cocoon 500ml + Cà phê đắk lắk làm sạch da chết môi cocoon 5g,375000.0,375000.0,0.0,0.0,0,,https://tiki.vnnuoc-tay-trang-bi-dao-cocoon-500ml-ca-phe-dak-lak-lam-sach-da-chet-moi-cocoon-5g-p241821884.html?spid=241821886,nước tẩy trang bí đao cocoon
210455806,"Gel Tẩy Tế Bào Chết, Exfoliting Gel 100g",220000.0,220000.0,0.0,0.0,0,,https://tiki.vngel-tay-te-bao-chet-exfoliting-gel-100g-p210455806.html?spid=210455807,gel tẩy tế bào chết
202631114,Tinh chất  tế bào gốc dưỡng ẩm chuyên sâu Harinista Delivery Essence 30ml,535000.0,535000.0,0.0,0.0,0,,https://tiki.vntinh-chat-te-bao-goc-duong-am-chuyen-sau-harinista-delivery-essence-30ml-p202631114.html?spid=202631115,tinh chất tế bào gốc dưỡng
201012741,"[GARNIER] Sữa Rửa Mặt Tạo Bọt Chứa Vitamin C Giúp Sáng Da, Mờ Thâm Và Ẩm Mịn Light Complete Brightening Whip Foam 100ml",99000.0,99000.0,0.0,0.0,0,,https://tiki.vngarnier-sua-rua-mat-tao-bot-chua-vitamin-c-giup-sang-da-mo-tham-va-am-min-light-complete-brightening-whip-foam-100ml-p201012741.html?spid=271359883,garnier sữa rửa mặt tạo
191682845,[MUA 1 TẶNG 1]Kem dưỡng mắt Enya Holycare,619000.0,619000.0,0.0,0.0,0,,https://tiki.vnkem-duong-mat-enya-holycare-p191682845.html?spid=191682846,mua tặng kem dưỡng
167955396,Kem dành cho da lão hoá - L513 ANTI-AGE CREAM 50g ,490000.0,490000.0,0.0,0.0,0,,https://tiki.vnkem-danh-cho-da-lao-hoa-l513-anti-age-cream-50g-p167955396.html?spid=167955397,kem dành da lão hóa
157850237,Kem dưỡng da cao cấp 5 in 1 Shallbe,1050000.0,1050000.0,0.0,0.0,0,,https://tiki.vnkem-duong-da-cao-cap-5-in-1-shallbe-p157850237.html?spid=157850240,kem dưỡng da cao cấp in
131396295,Bộ Sản Phẩm Làm Sạch Dưỡng Da Chuyên Sâu dProgram (Dầu Tẩy Trang 120ml + SRM 120g + Thermo Serum 40ml),2100000.0,2100000.0,0.0,0.0,0,,https://tiki.vnbo-san-pham-lam-sach-duong-da-chuyen-sau-dprogram-dau-tay-trang-120ml-srm-120g-thermo-serum-40ml-p131396295.html?spid=276429899,sản phẩm làm sạch dưỡng da
113186548,Serum CHUCOS alpha-arbutin & herbs 30ml,649000.0,649000.0,0.0,0.0,0,,https://tiki.vnserum-chucos-alpha-arbutin-herbs-30ml-p113186548.html?spid=113186549,serum chucos alpha arbutin
113063087,Kem nâng tone và dưỡng da trắng sáng tự nhiên CHUCOS Ultra light tone up cream 50ml,550000.0,550000.0,0.0,0.0,0,,https://tiki.vnkem-nang-tone-va-duong-da-trang-sang-tu-nhien-chucos-ultra-light-tone-up-cream-50ml-p113063087.html?spid=113063091,kem nâng tone dưỡng
97895020,Tinh Chất Dưỡng Trắng Dạng Xịt 6 trong 1 Kirei JP - Skin Tone Enhancer 6in1 Spray Serum 100ml,399000.0,399000.0,0.0,4.8,5,,https://tiki.vntinh-chat-duong-trang-dang-xit-6-trong-1-kirei-jp-skin-tone-enhancer-6in1-spray-serum-100ml-p97895020.html?spid=97895022,tinh chất dưỡng trắng dạng
76440093,Nước Tẩy Trang Tảo Biển Sạch Mềm Mịn và Hỗ Trợ Sáng Da 500ml,252000.0,280000.0,28000.0,5.0,48,,https://tiki.vnnuoc-tay-trang-micellar-water-sach-sau-diu-nhe-duong-am-da-fermented-sea-kelp-micellar-water-zakka-naturals-500ml-p76440093.html?spid=76440094,nước tẩy trang tảo biển
52144940,Bộ sản phẩm Serum khoáng Phục hồi chuyên sâu với Mineral 89 30ml và Kem dưỡng giảm mụn giảm nhờn Vichy Normaderm Phytosolution 3ml,828000.0,828000.0,0.0,5.0,2,,https://tiki.vnbo-san-pham-serum-khoang-phuc-hoi-chuyen-sau-voi-mineral-89-30ml-va-kem-duong-giam-mun-giam-nhon-vichy-normaderm-phytosolution-3ml-p52144940.html?spid=75327921,sản phẩm serum khoáng phục hồi chuyên sâu
37432011,Mặt Nạ Đất Sét Kiehl’s Rare Earth Pore Cleansing Masque 125ml,1068000.0,1068000.0,0.0,0.0,0,,https://tiki.vnmat-na-dat-set-kiehl-s-rare-earth-pore-cleansing-masque-125ml-p37432011.html?spid=274371721,mặt nạ đất sét kiehl s
522748,Kem Làm Giảm Mụn Và Chống Nắng SVR Sebiaclear Crème SPF 50 Tuýp 50ml - SSPF50,315000.0,315000.0,0.0,3.3,3,,https://tiki.vnkem-lam-giam-mun-va-chong-nang-svr-sebiaclear-creme-spf-50-tuyp-50ml-sspf50-p522748.html?spid=11053990,kem làm giảm mụn
278855949,Combo Sữa rửa mặt Simple Moisturising Facial Wash (150ml) + Nước tẩy trang Simple Micellar Water (200ml) - Hàng chính hãng,199000.0,219000.0,20000.0,0.0,0,,https://tiki.vncombo-sua-rua-mat-simple-moisturising-facial-wash-150ml-nuoc-tay-trang-simple-micellar-water-200ml-hang-chinh-hang-p278855949.html?spid=278855951,combo sữa rửa mặt
278634637,Kem mụn Acne Gold Star 10g,439000.0,439000.0,0.0,0.0,0,,https://tiki.vnkem-mun-acne-gold-star-10g-p278634637.html?spid=278634638,kem mụn acne gold
278466349,Bộ Phấn Chống Nắng The Whoo UV Ultimate Anti Wrinkle Cushion Sun Balm SPF 50+/PA+++ Special Set,1103000.0,1400000.0,297000.0,0.0,0,,https://tiki.vnbo-phan-chong-nang-the-whoo-uv-ultimate-anti-wrinkle-cushion-sun-balm-spf-50-pa-special-set-p278466349.html?spid=278466350,phấn chống nắng the
277874363,Serum dưỡng da B5 Dermarium Quenching Queen (10ml/30ml) - Hàng chính hãng,280000.0,350000.0,70000.0,0.0,0,,https://tiki.vnserum-duong-da-b5-dermarium-quenching-queen-10ml-30ml-hang-chinh-hang-p277874363.html?spid=277874365,serum dưỡng da b dermarium
277661595,Sữa Rửa Mặt Dưỡng Ẩm Whoo Gongjinhyang Clarifying Cleansing Foam 180ml,693000.0,880000.0,187000.0,0.0,0,,https://tiki.vnsua-rua-mat-duong-am-whoo-gongjinhyang-clarifying-cleansing-foam-180ml-p277661595.html?spid=277661611,sữa rửa mặt dưỡng ẩm whoo
277621872,Bộ dưỡng trắng sáng da OHUI Extreme White 3pcs set,2142000.0,2900000.0,758000.0,0.0,0,,https://tiki.vnbo-duong-trang-sang-da-ohui-extreme-white-3pcs-set-p277621872.html?spid=277621873,dưỡng trắng sáng da
277315455,"Kem dưỡng ẩm hạnh nhân hỗ trợ tái tạo phục hồi da cho bé Nhạy cảm, Viêm da cơ địa",348000.0,348000.0,0.0,0.0,0,,https://tiki.vnkem-duong-am-hanh-nhan-ho-tro-tai-tao-phuc-hoi-da-cho-be-nhay-cam-viem-da-co-dia-p277315455.html?spid=277315456,kem dưỡng ẩm hạnh nhân hỗ trợ
277314362,"Kem dưỡng ẩm phục hồi khẩn cấp thẩm thấu nhanh chứa Ceramides cho da nhạy cảm, rôm sảy, chàm sữa, viêm cơ địa - Moogoo",348000.0,348000.0,0.0,0.0,0,,https://tiki.vnkem-duong-am-phuc-hoi-khan-cap-tham-thau-nhanh-chua-ceramides-cho-da-nhay-cam-rom-say-cham-sua-viem-co-dia-moogoo-p277314362.html?spid=277314363,kem dưỡng ẩm phục hồi khẩn cấp
276563528,Sữa Chống Nắng ANESSA Perfect UV SPF50+ 60ml,702000.0,702000.0,0.0,0.0,0,,https://tiki.vnsua-chong-nang-anessa-perfect-uv-spf50-60ml-p276563528.html?spid=276563529,sữa chống nắng anessa
276394441,Kem Chống Nắng Ohui Day Shield Perfect Sun Black upsize 80ml,790000.0,1050000.0,260000.0,0.0,0,,https://tiki.vnkem-chong-nang-ohui-day-shield-perfect-sun-black-upsize-80ml-p276394441.html?spid=276394442,kem chống nắng ohui
276077196,Sữa rửa mặt Kumano Reihaku Hatomugi W Cleansing Foam giúp làm sạch và sáng da (130g) - Hàng chính hãng,69000.0,79000.0,10000.0,0.0,0,,https://tiki.vnsua-rua-mat-kumano-reihaku-hatomugi-w-cleansing-foam-giup-lam-sach-va-sang-da-130g-hang-chinh-hang-p276077196.html?spid=276077198,sữa rửa mặt kumano
276025706,Kem dưỡng ẩm sáng da căng bóng OHUI Miracle Toning Glow Cream 60ml,1177000.0,1600000.0,423000.0,0.0,0,,https://tiki.vnkem-duong-am-sang-da-cang-bong-ohui-miracle-toning-glow-cream-60ml-p276025706.html?spid=276025707,kem dưỡng ẩm sáng
274585035,Gel mụn SOS Compliment No Problem loại bỏ mụn nhanh chóng 25ml,69000.0,69000.0,0.0,5.0,1,,https://tiki.vngel-mun-sos-compliment-no-problem-loai-bo-mun-nhanh-chong-25ml-p274585035.html?spid=274585036,gel mụn sos compliment
274250138,Toner Probiotic Dual Effect 2 trong 1 Làm Sạch Bụi Mịn & Cấp Ẩm 150ml,315000.0,350000.0,35000.0,0.0,0,,https://tiki.vntoner-2-trong-1-ngan-o-nhiem-bui-min-va-cap-am-probiotic-anti-pollution-hydrating-dual-effect-150ml-p274250138.html?spid=274250139,toner probiotic dual effect
271663139,5 Gói Sữa Chống Nắng Anessa Perfect UV Sunscreen Mild Milk x 4ml,98000.0,98000.0,0.0,5.0,1,,https://tiki.vn5-goi-sua-chong-nang-anessa-perfect-uv-sunscreen-mild-milk-x-4ml-p271663139.html?spid=271663140,gói sữa chống nắng
263108766,Kem Dưỡng Ban Ngày L'Oreal Paris Revitalift Hyaluronic Acid Plumping Cream Day Cấp Ẩm 50ml,299000.0,299000.0,0.0,0.0,0,,https://tiki.vnkem-duong-ban-ngay-l-oreal-paris-revitalift-hyaluronic-acid-plumping-cream-day-cap-am-50ml-p263108766.html?spid=271133478,kem dưỡng ban ngày l
252859449,Kem Chống Nắng Cấp Ẩm & Dịu Da Cell Fusion C Aquatica Sunscreen 100 SPF 50+/PA,520000.0,520000.0,0.0,0.0,0,,https://tiki.vnkem-chong-nang-cap-am-diu-da-cell-fusion-c-aquatica-sunscreen-100-spf-50-pa-p252859449.html?spid=252859459,kem chống nắng cấp
251453125,"Pre-serum dưỡng ẩm, sáng da - BRIGHTENING HYDRATING FIRST-CARE SERUM - Academie Scientifique de Beaute",2040000.0,2040000.0,0.0,0.0,0,,https://tiki.vnpre-serum-duong-am-sang-da-brightening-hydrating-first-care-serum-academie-scientifique-de-beaute-p251453125.html?spid=251453126,pre serum dưỡng ẩm sáng
202243305,Kem chống nắng vật lý giúp vùng da cổ luôn săn chắc Dermalogica Physical Invisible Defense SPF30 50ml,1680000.0,1680000.0,0.0,0.0,0,,https://tiki.vnkem-chong-nang-vat-ly-dermalogica-physical-invisible-defense-spf30-50ml-danh-cho-moi-loai-da-p202243305.html?spid=202243306,kem chống nắng vật lý
180863239,Tẩy da chết môi cà phê Đắk Lắk Cocoon môi ẩm mềm 5g Lamita Hair Spa - LS044 - The Cocoon Original Vietnam,127500.0,127500.0,0.0,0.0,0,,https://tiki.vntay-da-chet-moi-ca-phe-dak-lak-cocoon-moi-am-mem-5g-lamita-hair-spa-ls044-p180863239.html?spid=180863241,tẩy da chết môi
164823232,"Kem dưỡng ẩm cho da dầu, da khô Wiesin Aging White Skin Moist Cream 30g - WS05",398000.0,398000.0,0.0,5.0,17,,https://tiki.vnkem-duong-am-cho-da-dau-cho-da-kho-wiesin-aging-white-skin-moist-cream-30g-ws05-p164823232.html?spid=164823233,kem dưỡng ẩm da
160743773,Kem dưỡng ẩm hồi phục da Dermalogica Skin Smoothing Cream,60000.0,60000.0,0.0,0.0,0,,https://tiki.vndermalogica-chinh-hang-kem-duong-am-hoi-phuc-da-skin-smoothing-cream-loai-moi-p160743773.html?spid=160743775,kem dưỡng ẩm hồi phục
146556390,Kem hỗ trợ giảm thâm nám làm trắng da GSC ALPHA ARBUTIN WHITENING CLINIC CREAM,550000.0,550000.0,0.0,0.0,0,,https://tiki.vnkem-ho-tro-giam-tham-nam-lam-trang-da-gsc-alpha-arbutin-whitening-clinic-cream-giam-su-hinh-thanh-na-m-tan-nhang-va-giup-lam-phai-cac-vet-tham-p146556390.html?spid=146556391,kem hỗ trợ giảm thâm nám
145501159,Kem dưỡng trẻ hóa da vùng mắt,1263000.0,1263000.0,0.0,0.0,0,,https://tiki.vnkem-duong-tre-hoa-da-vung-mat-p145501159.html?spid=145501160,kem dưỡng trẻ hóa
142422029,Dầu Tẩy Trang Dưỡng Ẩm Và Làm Sáng Da Hatomugi Ý Dĩ (500ml),185000.0,185000.0,0.0,0.0,0,,https://tiki.vndau-tay-trang-duong-am-va-lam-sang-da-hatomugi-y-di-500ml-p142422029.html?spid=156223287,dầu tẩy trang dưỡng ẩm
127196233,Tẩy tế bào chết Gạo BENEW Brown Rice Peeling Gel 120ml,125000.0,125000.0,0.0,0.0,0,,https://tiki.vntay-te-bao-chet-gao-benew-brown-rice-peeling-gel-120ml-p127196233.html?spid=193524263,tẩy tế bào chết gạo
90933434,Bộ kem dưỡng làm dịu và phục hồi làn da La-Roche Posay Cicaplast Baume B5 100ml & Foaming Gel 50ml,845000.0,845000.0,0.0,0.0,0,,https://tiki.vnbo-kem-duong-lam-diu-va-phuc-hoi-lan-da-la-roche-posay-cicaplast-baume-b5-100ml-foaming-gel-50ml-p90933434.html?spid=275378753,kem dưỡng làm dịu phục hồi
68341522,SỮA RỬA MẶT D PROGRAM TẠO BỌT DƯỠNG DA 120G,285000.0,285000.0,0.0,0.0,0,,https://tiki.vnsua-rua-mat-d-program-tao-bot-duong-da-120g-p68341522.html?spid=276448678,sữa rửa mặt d
59403401,Bộ sản phẩm dành cho da dầu La Roche-Posay,457700.0,457700.0,0.0,0.0,0,,https://tiki.vnbo-san-pham-danh-cho-da-dau-la-roche-posay-p59403401.html?spid=74965148,sản phẩm dành da dầu la
55984957,Sữa rửa mặt dưỡng ẩm sáng hồng da Whoo GJH Soo Hydrating Foam Cleanser 40ml,145000.0,200000.0,55000.0,4.8,17,,https://tiki.vnsua-rua-mat-duong-am-sang-hong-da-whoo-gjh-soo-hydrating-foam-cleanser-40ml-p55984957.html?spid=55984958,sữa rửa mặt dưỡng ẩm
54570449,Dầu tẩy trang Su:m37 Skin Saver Essential Cleansing Oil 250ml,923000.0,1250000.0,327000.0,5.0,1,,https://tiki.vndau-tay-trang-su-m37-skin-saver-essential-cleansing-oil-250ml-p54570449.html?spid=54570450,dầu tẩy trang
53389551,Dầu Tẩy Trang DHC Deep Cleansing Olive Oil NHẬT BẢN,320000.0,320000.0,0.0,4.8,5,,https://tiki.vndau-tay-trang-dhc-deep-cleansing-olive-oil-nhat-ban-p53389551.html?spid=55170992,dầu tẩy trang dhc deep
35480970,Combo 10 miếng mặt nạ Ona,400000.0,400000.0,0.0,4.0,1,,https://tiki.vncombo-10-mieng-mat-na-ona-p35480970.html?spid=35480971,combo mặt nạ
25705648,Kem Dưỡng Ngăn Ngừa Lão Hóa Da Ban Ngày Vichy Liftactiv Supreme 50ml,1280000.0,1280000.0,0.0,0.0,0,,https://tiki.vnkem-duong-ngan-ngua-lao-hoa-da-ban-ngay-vichy-liftactiv-supreme-50ml-p25705648.html?spid=31183199,kem dưỡng ngăn ngừa lão
24280335,KEM NGỪA MỤN - TRẮNG DA - MỜ VẾT THÂM (MYLOVE 25g),205000.0,205000.0,0.0,0.0,0,,https://tiki.vnkem-ngua-mun-trang-da-mo-vet-tham-25g-p24280335.html?spid=221223121,kem ngừa mụn trắng
19706244,Bộ chăm sóc da Kem Giảm Mụn Chuyên Biệt La Roche-Posay Effaclar Effaclar A.I. (15ml) + Gel Rửa Mặt Tạo Bọt Làm Sạch & Giảm Nhờn Cho Da Dầu Nhạy Cảm La Roche-Posay Effaclar Purifying Foaming Gel (200ml),744000.0,744000.0,0.0,0.0,0,,https://tiki.vnbo-cham-soc-da-kem-giam-mun-chuyen-biet-la-roche-posay-effaclar-effaclar-a-i-15ml-gel-rua-mat-tao-bot-lam-sach-giam-nhon-cho-da-dau-nhay-cam-la-roche-posay-effaclar-purifying-foaming-gel-200ml-p19706244.html?spid=31949360,bộ chăm sóc da kem
11461075,Kem chống nắng Linsday,500000.0,500000.0,0.0,5.0,1,,https://tiki.vnkem-chong-nang-linsday-p11461075.html?spid=134947029,kem chống nắng
5812635,Phấn chống lão hóa mới màu da Phấn Nụ Hoàng Cung,180000.0,180000.0,0.0,4.8,29,,https://tiki.vnphan-chong-lao-hoa-moi-mau-da-phan-nu-hoang-cung-p5812635.html?spid=5812637,phấn chống lão hóa
3626377,"Gel hỗ trợ điều trị Sẹo, Mờ Vết Thâm, Thâm Mụn Vitara - Se Gel - BER04 (5g)",141000.0,141000.0,0.0,5.0,1,,https://tiki.vngel-ho-tro-dieu-tri-seo-mo-vet-tham-tham-mun-vitara-se-gel-ber04-5g-p3626377.html?spid=3627111,gel hỗ trợ điều trị sẹo
394685,Nước Xịt Khoáng Evoluderm 150ml – 12206,139000.0,139000.0,0.0,0.0,0,,https://tiki.vnnuoc-xit-khoang-evoluderm-150ml-12206-p394685.html?spid=57554577,nước xịt khoáng
278633574,"Sữa Rửa Mặt Lomere Nấm Cục Làm Sạch Sâu Lỗ Chân Lông, Dưỡng Trắng An Toàn Dịu Nhẹ Prime Truffle Cell 150ml",285000.0,285000.0,0.0,0.0,0,,https://tiki.vnsua-rua-mat-lomere-nam-cuc-lam-sach-sau-lo-chan-long-duong-trang-an-toan-diu-nhe-prime-truffle-cell-150ml-p278633574.html?spid=278633575,sữa rửa mặt lomere
278529637,"Nước hoa hồng JUNGNANI Toner Hàn Quốc giúp dưỡng trắng, cấp ẩm cho mọi loại da 120ML(Toner)",200000.0,200000.0,0.0,0.0,0,,https://tiki.vnnuoc-hoa-hong-jungnani-toner-han-quoc-giup-duong-trang-cap-am-cho-moi-loai-da-120ml-toner-p278529637.html?spid=278529638,nước hoa hồng jungnani toner
278131491,Set Sữa Rửa Mặt Tái Sinh SUM37 LosecSumma Foam Cleanser Special Set,1231000.0,1700000.0,469000.0,0.0,0,,https://tiki.vnset-sua-rua-mat-tai-sinh-sum37-losecsumma-foam-cleanser-special-set-p278131491.html?spid=278131492,set sữa rửa mặt
277586226,Nước Tẩy Trang Nhanh Dành Cho Vùng Mắt Kissme Heroine Make Speedy Point Makeup Remover 120 mL,360000.0,360000.0,0.0,0.0,0,,https://tiki.vnnuoc-tay-trang-nhanh-danh-cho-vung-mat-kissme-heroine-make-speedy-point-makeup-remover-120ml-p277586226.html?spid=277586227,nước tẩy trang nhanh dành
277346906,Kem dưỡng chống lão hóa WHOO Bichup Anti-Aging Repair Cream 50ml,3472000.0,4700000.0,1228000.0,0.0,0,,https://tiki.vnkem-duong-chong-lao-hoa-whoo-anti-aging-repair-cream-50ml-p277346906.html?spid=277346907,kem dưỡng chống lão
276380733,Combo 10 Mặt Nạ Truyền Dịch Nâng Cơ Trẻ Hóa Da WonJin Effect Edel Rejuvenation Mask 30g,250000.0,400000.0,150000.0,5.0,4,,https://tiki.vncombo-10-mat-na-truyen-dich-nang-co-tre-hoa-da-wonjin-effect-edel-rejuvenation-mask-30g-p276380733.html?spid=276380734,combo mặt nạ truyền dịch
276009227,KEM CHỐNG NẮNG CẤP ẨM DỊU DA CELL FUSION C AQUATICA SUNSCREEN 100 SPF 50+/PA++++ 35ML,350000.0,350000.0,0.0,0.0,0,,https://tiki.vnkem-chong-nang-cap-am-diu-da-cell-fusion-c-aquatica-sunscreen-100-spf-50-pa-35ml-p276009227.html?spid=276009228,kem chống nắng cấp
275800185,Toner rau má giảm mụn Oribe Cica Formula giúp dưỡng ẩm se khít lỗ chân lông dùng được cho da nhạy cảm 150ml,103500.0,193500.0,90000.0,0.0,0,,https://tiki.vntoner-rau-ma-giam-mun-oribe-giup-duong-am-se-khit-lo-chan-long-dung-duoc-cho-da-nhay-cam-150ml-p275800185.html?spid=275800186,toner rau má giảm mụn
275237793,"Kem dưỡng ẩm, làm sáng mịn và phục hồi da Sakirei NMN Revitalize Cream 50g",1559350.0,2399000.0,839650.0,0.0,0,,https://tiki.vnkem-te-bao-goc-nmn-tai-sinh-phuc-hoi-da-sakirei-nmn-revitalize-cream-p275237793.html?spid=274025040,kem dưỡng ẩm làm
273203964,"Combo 3 serum HA Plus, Tinh chất cấp ẩm Hàn Quốc 300ml - Tặng 100g Mặt Nạ Dẻo (Hàng chính hãng)",1879000.0,1879000.0,0.0,0.0,0,,https://tiki.vncombo-3-serum-ha-plus-tinh-chat-cap-am-han-quoc-300ml-tang-3-mat-na-cap-am-soothing-hang-chinh-hang-p273203964.html?spid=273203965,combo
272241108,Kem chống nắng dịu lành cho da nhạy cảm CETAPHIL SUN SPF50+ LIGHT GEL 50ML,499000.0,499000.0,0.0,5.0,1,,https://tiki.vnkem-chong-nang-diu-lanh-cho-da-nhay-cam-cetaphil-sun-spf50-light-gel-50ml-p272241108.html?spid=272241109,kem chống nắng dịu lành
270860425,Combo 10 miếng Mặt nạ Mask B5 kr.lab B5 niacinamide EGF complex mask giúp cấp ẩm dưỡng trắng phục hồi da,110000.0,110000.0,0.0,4.0,1,,https://tiki.vncombo-10-mieng-mat-na-mask-b5-kr-lab-b5-niacinamide-egf-complex-mask-giup-cap-am-duong-trang-phuc-hoi-da-p270860425.html?spid=270860426,combo mặt nạ mask b
263067468,"Nước Hoa Hồng PUDERMA ADVANCED REFRESHING BALANCE TONER: làm sạch lớp trang điểm, bụi bẩn, dầu thừa trên da, giúp làm se khít lỗ chân lông, đồng thời cung cấp độ ẩm và dưỡng chất cho da, mang lại làn da trắng, mịn màng.",712500.0,750000.0,37500.0,0.0,0,,https://tiki.vnnuoc-hoa-hong-puderma-advanced-refreshing-balance-toner-lam-sach-lop-trang-diem-bui-ban-dau-thua-tren-da-giup-lam-se-khit-lo-chan-long-dong-thoi-cung-cap-do-am-va-duong-chat-cho-da-mang-lai-lan-da-trang-min-mang-p263067468.html?spid=263067471,nước hoa hồng puderma advanced
262453126,Tẩy Da Chết Scrub Mask DR CELL 100ml tẩy tế bào chết mặt dùng được cho da nhạy cảm - Hàng Chính Hãng,300000.0,300000.0,0.0,0.0,0,,https://tiki.vntay-da-chet-scrub-mask-dr-cell-100ml-p262453126.html?spid=262453131,tẩy da chết scrub
251929741,Combo 2 Tẩy Da Chết Mặt Tế Bào Gốc Thực Vật Lành Tính Làm Sạch Sâu Dịu Nhẹ Dưỡng Ẩm Sáng Da Cho Da Dầu Mụn Nhạy Cảm Cellkey-Scien White Peeling Gel (160ml),595000.0,700000.0,105000.0,0.0,0,,https://tiki.vncombo-2-tay-da-chet-te-bao-goc-thuc-vat-lam-sach-sau-diu-nhe-duong-am-trang-da-chong-nhan-cho-da-nhay-cam-cellkey-scien-white-peeling-gel-160ml-p251929741.html?spid=251929742,combo tẩy da chết
225983819,"Kem Nền Che Khuyết Điểm Perfect Sun Cover Cosmeheal - Nâng Tone, Dưỡng Trắng, Bảo Vệ Da | Kelly Beauty",850000.0,850000.0,0.0,0.0,0,,https://tiki.vnkem-nen-che-khuyet-diem-perfect-sun-cover-cosmeheal-nang-tone-duong-trang-bao-ve-da-kelly-beauty-p225983819.html?spid=225983821,kem nền che khuyết điểm
225940943,Tinh chất bí đao cocoon 70ml serum Winter melon,285000.0,300000.0,15000.0,0.0,0,,https://tiki.vnserum-tinh-chat-bi-dao-the-cocoon-70ml-dung-cho-da-dau-mun-thuan-chay-p225940943.html?spid=225940944,tinh chất bí đao cocoon serum
214827089,Bộ Nước Hoa Hồng Sữa Dưỡng The Whoo Hwanyu Imperial Youth 2pcs Special Set,7680000.0,9600000.0,1920000.0,0.0,0,,https://tiki.vnbo-duong-da-tre-hoa-da-hoan-luu-cao-whoo-hwanyu-special-2pcs-set-p214827089.html?spid=214827095,bộ nước hoa hồng sữa dưỡng
214091260,Kem Phục Hồi Độ Ẩm Đa Năng Mustela Cicastela Moisture Recovery Cream 40ml,355000.0,355000.0,0.0,5.0,1,,https://tiki.vnkem-phuc-hoi-do-am-da-nang-mustela-cicastela-moisture-recovery-cream-40ml-p214091260.html?spid=214091261,kem phục hồi độ ẩm đa năng
208122223,Kem dưỡng ban đêm giúp phục hồi độ ẩm và độ sáng cho da lão hóa Dermalogica Power Bright Overnight Cream 50ml,3110000.0,3110000.0,0.0,0.0,0,,https://tiki.vnhcm-freeship-kem-duong-ban-dem-power-bright-overnight-cream-giup-phuc-hoi-do-am-va-do-sang-cho-da-p208122223.html?spid=208122224,kem dưỡng ban đêm giúp
207899974,Tinh Chất Serum Ngừa Mụn Kyung Lab cho Acnes Centella Asiatica Ampoule 50ml,536000.0,536000.0,0.0,0.0,0,,https://tiki.vntinh-chat-serum-ngua-mun-kyung-lab-acnes-centella-asiatica-ampoule-50ml-p207899974.html?spid=207899975,tinh chất serum ngừa mụn
204640380,"Sửa rửa mặt dạng gel tạo bọt  sạch sâu, kềm dầu ngừa mụn dành cho da dầu mụn, da hỗ hợp thiên dầu Dermalogica Clearing Skin Wash 250ml/ 500ml",1400000.0,1400000.0,0.0,0.0,0,,https://tiki.vnsua-rua-mat-dang-gel-tao-bot-dermalogica-clearing-skin-wash-250ml-500ml-sach-sau-kem-dau-ngua-mun-danh-cho-da-dau-mun-da-ho-hop-thien-dau-my-pham-chinh-hang-tu-dlynk-clinic-p204640380.html?spid=204640382,sửa rửa mặt dạng
178744316,Kem Dưỡng Dear Klairs Midnight Blue Calming Cream 30ml,290000.0,290000.0,0.0,0.0,0,,https://tiki.vnkem-duong-dear-klairs-midnight-blue-calming-cream-30-60ml-lam-diu-phuc-hoi-da-ton-thuong-p178744316.html?spid=178744318,kem dưỡng dear klairs
169128442,Nước Dưỡng Ẩm & Làm Sáng Da Reihaku Hatomugi Lotion,319000.0,319000.0,0.0,0.0,0,,https://tiki.vnnuoc-duong-am-lam-sang-da-reihaku-hatomugi-lotion-p169128442.html?spid=169128446,nước dưỡng ẩm làm sáng
166537363,"Kem chống nắng cho da dầu mụn, da Treament Bihaku Sunscreen Care SPF 50+ PA++++ cho da dầu mụn, da Treament công dụng 5 trong 1 dưỡng trắng, ngừa nám chống lão hóa và dưỡng ẩm sâu",695000.0,695000.0,0.0,5.0,1,,https://tiki.vnkem-chong-nang-bihaku-sunscreen-care-spf-50-pa-kem-chong-nang-cho-da-dau-mun-da-treament-cong-dung-5-trong-1-duong-trang-ngua-nam-chong-lao-hoa-va-duong-am-sau-p166537363.html?spid=166537369,kem chống nắng da
159887856,"Nước hoa hồng cấp ẩm,cải thiện độ đàn hồi cho da LÁ HOUSE Toner Astalock 100ml/200ml",695000.0,695000.0,0.0,5.0,16,,https://tiki.vnnuoc-hoa-hong-cap-am-can-bang-ph-cho-da-la-house-toner-astalock-100ml-200ml-p159887856.html?spid=159887858,nước hoa hồng cấp ẩm
159438160,"Tẩy da chết hoá học 8% AHA làm sạch sâu, giảm thâm, chống lão hóa NeoStrata Oily Skin Solution-100ml TẶNG MẶT NẠ MỠ NGỰA BUTIQ LAB HÀN QUỐC ( HÀNG CÔNG TY NHẬP KHẨU CHÍNH NGẠCH )",790000.0,790000.0,0.0,0.0,0,,https://tiki.vntay-da-chet-hoa-hoc-8-aha-lam-sach-sau-giam-tham-chong-lao-hoa-neostrata-oily-skin-solution-100ml-tang-mat-na-mo-ngua-butiq-lab-han-quoc-hang-cong-ty-nhap-khau-chinh-ngach-p159438160.html?spid=159438161,tẩy da chết hóa học
137940300,"Serum cấp nước, căng bóng GoGreen SERUM HA+ 100ml",980000.0,980000.0,0.0,5.0,1,,https://tiki.vnserum-cap-nuoc-cang-bong-gogreen-serum-ha-100ml-p137940300.html?spid=137940301,serum cấp nước căng bóng
136409204,"Tinh chất sáng da, giảm nám Kiehls Clearly Corrective Dark Spot Solution (Bill Anh)",420000.0,420000.0,0.0,0.0,0,,https://tiki.vntinh-chat-sang-da-giam-nam-kiehls-clearly-corrective-dark-spot-solution-bill-anh-p136409204.html?spid=275987179,tinh chất sáng da giảm
110361024,Sữa rửa mặt dành cho da dầu mụn CLEARING SKIN WASH của Dermalogica - Dolly Beauty,1620000.0,1620000.0,0.0,5.0,1,,https://tiki.vnsua-rua-mat-tao-bot-danh-cho-da-dau-mun-clearing-skin-wash-cua-dermalogica-dolly-beauty-p110361024.html?spid=110361031,sữa rửa mặt dành
110024266,"Mặt nạ ngủ sáng da, ngăn ngừa lão hóa Gold Snail Deep Sleeping Pack ",850000.0,850000.0,0.0,0.0,0,,https://tiki.vnmat-na-ngu-sang-da-ngan-ngua-lao-hoa-gold-snail-deep-sleeping-pack-p110024266.html?spid=110024267,mặt nạ ngủ sáng da
102866615,Serum trị mụn kén tằm Newskin - Chuyên hỗ trợ điều trị và phục hồi da mụn,261000.0,261000.0,0.0,4.5,17,,https://tiki.vnken-tam-newskin-ha-quoc-chuyen-ho-tro-dieu-tri-va-phuc-hoi-da-mun-p102866615.html?spid=102866616,serum trị mụn kén tằm
74547395,Kem Chống Nắng Không Màu Kiểm Soát Dầu La Roche-Posay Anthelios XL Dry Touch Gel-Cream SPF 50+ UVB & UVA (50ml) - TẶNG MÓC KHÓA,580000.0,580000.0,0.0,0.0,0,,https://tiki.vnkem-chong-nang-khong-mau-kiem-soat-dau-la-roche-posay-anthelios-xl-dry-touch-gel-cream-spf-50-uvb-uva-50ml-tang-moc-khoa-p74547395.html?spid=217480689,kem chống nắng màu
74300489,"Combo 3 mặt nạ trải nghiệm Queenie dưỡng da ẩm mịn, se nhỏ lỗ chân lông - Mỹ Phẩm Hàn Quốc",50000.0,50000.0,0.0,4.0,1,,https://tiki.vncombo-3-mat-na-trai-nghiem-queenie-duong-da-am-min-se-nho-lo-chan-long-my-pham-han-quoc-p74300489.html?spid=74300490,combo mặt nạ trải nghiệm queenie dưỡng
73410894,Lip Smacker - Son Disney Tsum Tsum Người Tuyết Olaf - Lip Smacker Best Flavor Forever – Tsum Tsum Icy Truffle Treat Disney Lip Balm Snowman Olaf,109000.0,109000.0,0.0,4.8,16,,https://tiki.vnlip-smacker-son-disney-tsum-tsum-nguoi-tuyet-olaf-lip-smacker-best-flavor-forever-tsum-tsum-icy-truffle-treat-disney-lip-balm-snowman-olaf-p73410894.html?spid=73410895,lip smacker son disney tsum
58824410,NƯỚC TẨY TRANG BYPHASSE 4IN1 - 500ML,120000.0,120000.0,0.0,4.7,6,,https://tiki.vnnuoc-tay-trang-byphasse-4in1-500ml-p58824410.html?spid=67604290,nước tẩy trang byphasse in
32311121,Kem Mụn Trắng Da Liền Sẹo (Nâu) Sắc Tiên Today,149000.0,149000.0,0.0,5.0,1,,https://tiki.vnkem-mun-trang-da-lien-seo-nau-sac-tien-today-p32311121.html?spid=32311123,kem mụn trắng da
26060379,NƯỚC TẨY TRANG  HỮU CƠ - naturaglacé POINT MAKE-UP REMOVER ,678000.0,678000.0,0.0,5.0,1,,https://tiki.vnnuoc-tay-trang-naturaglace-point-make-up-remover-p26060379.html?spid=29287400,nước tẩy trang hữu cơ naturaglacé
10018298,Tinh Chất Làm Sáng Da Balance Vitamin C Brightening Serum Glow & Radiance (30ml),129000.0,129000.0,0.0,4.6,111,,https://tiki.vntinh-chat-lam-sang-da-balance-vitamin-c-brightening-serum-glow-radiance-30ml-p10018298.html?spid=58472860,tinh chất làm sáng da
2749285,Kem Trị Mụn A&Plus A012 (30ml),380000.0,380000.0,0.0,2.0,1,,https://tiki.vnkem-tri-mun-a-plus-a012-30ml-p2749285.html?spid=2778065,kem trị mụn a plus
278608051,TINH CHẤT HỖ TRỢ GIẢM MỤN OROBANC PHYTO B3 CLARIFYING AMPOULE 20ml,563000.0,563000.0,0.0,0.0,0,,https://tiki.vnserum-mun-orobanc-phyto-b3-acne-ampoule-15ml-p278608051.html?spid=278608052,tinh chất hỗ trợ giảm mụn
278235270,Tinh Chất Giảm Mụn Caryophy Portulaca Serum 30ml,480000.0,480000.0,0.0,0.0,0,,https://tiki.vntinh-chat-giam-mun-caryophy-portulaca-serum-30ml-p278235270.html?spid=278235271,tinh chất giảm mụn caryophy
277567475,Sữa rửa mặt Ý Dĩ Kumano Reihaku Hatomugi Moisturizing & Facial Washing giúp dưỡng ẩm (170g) - Hàng chính hãng,79000.0,89000.0,10000.0,0.0,0,,https://tiki.vnsua-rua-mat-y-di-kumano-reihaku-hatomugi-moisturizing-facial-washing-giup-duong-am-170g-hang-chinh-hang-p277567475.html?spid=277567476,sữa rửa mặt ý dĩ
277552478,Kem Chống Nắng Vichy Chống Bụi Mịn Cho Da Dầu Mụn Capital Soleil Mattifying 3 in 1 SPF50+ 50ml,495000.0,495000.0,0.0,0.0,0,,https://tiki.vnkem-chong-nang-vichy-chong-bui-min-cho-da-dau-mun-capital-soleil-mattifying-3-in-1-spf50-50ml-p277552478.html?spid=277552479,kem chống nắng vichy
277273324,Sữa dưỡng dạng gel cấp nước Su:m37 Water-full Rebalancing Emulsion 120ml,1071000.0,1450000.0,379000.0,0.0,0,,https://tiki.vnsua-duong-dang-gel-cap-nuoc-su-m37-water-full-rebalancing-emulsion-120ml-p277273324.html?spid=277273325,sữa dưỡng dạng gel cấp nước
276715715,Sữa rửa mặt dưỡng ẩm Whoo GJH Clarifying Cleansing Foam 180ml,650000.0,880000.0,230000.0,0.0,0,,https://tiki.vnsua-rua-mat-duong-am-whoo-gjh-clarifying-cleansing-foam-180ml-p276715715.html?spid=276715716,sữa rửa mặt dưỡng ẩm whoo
276692001,Sữa chống nắng SUNPLAY skin aqua tone up SPF50+ PA++++ 50g,195500.0,195500.0,0.0,0.0,0,,https://tiki.vnsua-chong-nang-sunplay-skin-aqua-tone-up-spf50-pa-50g-p276692001.html?spid=276692111,sữa chống nắng sunplay
276677659,"Sáp dưỡng ẩm đa năng sen Hậu Giang phiên bản giới hạn ""ửng hồng không ửng đỏ"" Cocoon 30ml mỹ phẩm thuần chay",185250.0,195000.0,9750.0,0.0,0,,https://tiki.vnsap-duong-am-da-nang-sen-hau-giang-phien-ban-gioi-han-ung-hong-khong-ung-do-cocoon-30ml-my-pham-thuan-chay-p276677659.html?spid=276677660,sáp dưỡng ẩm đa năng sen hậu giang
276613100,Bộ phục hồi da lão hoá OHUI Age Recovery 3pcs Special Set ,2586000.0,3500000.0,914000.0,5.0,1,,https://tiki.vnbo-phuc-hoi-da-lao-hoa-ohui-age-recovery-3pcs-special-set-p276613100.html?spid=276613101,bộ phục hồi da lão hóa
276504117,[Mini 20ml] Sửa Rửa Mặt d program Giúp Làm Sạch Và Cung Cấp Ẩm Da,80000.0,80000.0,0.0,0.0,0,,https://tiki.vnmini-20ml-sua-rua-mat-d-program-giup-lam-sach-va-cung-cap-am-da-p276504117.html?spid=276504118,mini sửa rửa mặt
276435436,Kem chống nắng làm dịu giúp hạ nhiệt Beyond Angel Aqua Moisture Sun Cream SPF 50+/PA,218000.0,300000.0,82000.0,0.0,0,,https://tiki.vnkem-chong-nang-lam-diu-giup-ha-nhiet-angel-aqua-moisture-sun-cream-spf-50-pa-p276435436.html?spid=276435438,kem chống nắng làm
276025232,Tinh chất tự sinh chống lão hóa thế hệ thứ 4 THE WHOO Bichup Ultimate Recovery Youth Serum 50ml,2586000.0,3500000.0,914000.0,0.0,0,,https://tiki.vntinh-chat-tu-sinh-chong-lao-hoa-the-he-thu-4-the-whoo-bichup-ultimate-recovery-youth-serum-50ml-p276025232.html?spid=276025233,tinh chất tự sinh chống lão
275277273,Mặt nạ BESKINATY Glutathione Bio Mask dưỡng sáng phục hồi da cao cấp Hàn Quốc,212000.0,212000.0,0.0,0.0,0,,https://tiki.vnmat-na-sinh-hoc-duong-trang-da-glutathione-bio-cellulose-mask-beskinaty-han-quoc-p275277273.html?spid=275277274,mặt nạ beskinaty glutathione bio
274462597,[THUẦN CHAY] Bộ Sản Phẩm Dưỡng Da Cao Cấp Ovalla Signature Mini Set Làm Sạch Sâu Tăng Độ Đàn Hồi Phục Hồi Da,580000.0,580000.0,0.0,0.0,0,,https://tiki.vnbo-san-pham-duong-da-cao-cap-ovalla-signature-mini-set-lam-sach-sau-tang-do-dan-hoi-phuc-hoi-da-p274462597.html?spid=274462598,thuần chay bộ sản phẩm dưỡng da
273178177,"Kem chống nắng quang phổ rộng chống thấm nước, mồ hôi, thích hợp cho cả người chơi thể thao, bơi lội Dermalogica Protection 50 Sport SPF50 156ml",1330000.0,1330000.0,0.0,0.0,0,,https://tiki.vnhcm-kem-chong-nang-dermalogica-protection-50-sport-spf50-156ml-chong-nuoc-mo-hoi-thich-hop-cho-ca-nguoi-choi-the-thao-boi-loi-my-pham-chinh-hang-tu-dlynk-clinic-p273178177.html?spid=273178178,kem chống nắng quang phổ rộng
271664161,Gel Chống Nắng Anessa Dưỡng Sáng Nâng Tông 15ml Tone Up Brightening UV Sunscreen Gel SPF50+/PA++++,75000.0,75000.0,0.0,0.0,0,,https://tiki.vngel-chong-nang-anessa-duong-sang-nang-tong-15ml-tone-up-brightening-uv-sunscreen-gel-spf50-pa-p271664161.html?spid=271664162,gel chống nắng anessa dưỡng
263579464,Tẩy tế bào da chết thảo dược dành cho cơ thể Sắc Ngọc Khang hũ 200g,206000.0,206000.0,0.0,0.0,0,,https://tiki.vnnuoc-hoa-hong-thao-duoc-sac-ngoc-khang-145ml-p263579464.html?spid=263579465,tẩy tế bào da chết
263117638," Bộ Sản Phẩm La Roche-Posay Giảm Mụn, Mờ Thâm Hiệu Quả Trong 12H",125000.0,125000.0,0.0,0.0,0,,https://tiki.vnbo-san-pham-la-roche-posay-giam-mun-mo-tham-hieu-qua-trong-12h-p263117638.html?spid=263117639,sản phẩm la roche posay giảm
249661043,MẶT NẠ TẾ BÀO GỐC NỌC ONG CHUYÊN SÂU PIME REMADE PREMIUM MASK PACK-hộp 5 miếng,290000.0,290000.0,0.0,0.0,0,,https://tiki.vnmat-na-te-bao-goc-noc-ong-chuyen-sau-pime-remade-premium-mask-pack-hop-5-mieng-p249661043.html?spid=249661044,mặt nạ tế bào gốc nọc ong
242453094,Combo Cà phê tẩy da chết da mặt Cocoon 150ml + Son tẩy da chết môi Cocoon 5g,237500.0,250000.0,12500.0,5.0,1,,https://tiki.vncombo-ca-phe-tay-da-chet-da-mat-cocoon-150ml-son-tay-da-chet-moi-cocoon-5g-p242453094.html?spid=242453095,combo cà phê tẩy da
207963133,Tinh chất serum căng bóng da KYUNG LAB HA Plus Hydra Ampoule [ HA + B5 ] 50ml,536000.0,536000.0,0.0,0.0,0,,https://tiki.vntinh-chat-serum-cang-bong-da-kyung-lab-ha-plus-hydra-ampoule-ha-b5-50ml-p207963133.html?spid=207963134,tinh chất serum căng bóng
199974751,Kem chống nắng Mychi Sun dưỡng trắng da nâng tông dùng cho mọi loại da,190000.0,190000.0,0.0,0.0,0,,https://tiki.vnkem-chong-nang-mychi-sun-duong-trang-da-nang-tong-dung-cho-moi-loai-da-p199974751.html?spid=199974752,kem chống nắng mychi
190086094,Bộ đôi Kem chống nắng dạng sữa dưỡng da kiềm dầu bảo vệ hoàn hảo + Serum chống nắng dưỡng da nâng tông (Anessa Gold Milk 60ml + Day Serum 30ml),1250000.0,1250000.0,0.0,0.0,0,,https://tiki.vnbo-doi-kem-chong-nang-dang-sua-duong-da-kiem-dau-bao-ve-hoan-hao-serum-chong-nang-duong-da-nang-tong-anessa-gold-milk-60ml-day-serum-30ml-p190086094.html?spid=275614708,bộ kem chống nắng
188714106,Xịt khoáng nghệ Hưng Yên Cocoon giúp sáng da căng mịn Cocoon 130ml,165000.0,165000.0,0.0,0.0,0,,https://tiki.vnxit-khoang-nghe-hung-yen-cocoon-giup-sang-da-cang-min-cocoon-130ml-p188714106.html?spid=188714107,xịt khoáng nghệ hưng yên cocoon
179520648,"Tinh chất dưỡng trắng Pime Remade Sinbi Serum mờ thâm nám, tàn nhang, dưỡng sáng, chống lão hóa 50ml",706800.0,760000.0,53200.0,0.0,0,,https://tiki.vntinh-chat-duong-trang-serum-mo-tham-nam-tan-nhang-duong-cang-bong-lam-deu-mau-da-chong-lao-hoa-pime-sinbi-serum-50ml-p179520648.html?spid=179520649,tinh chất dưỡng trắng pime
177415358,Kem dưỡng dành cho da khô và mất nước giúp bảo vệ da nguồn gốc thiên nhiên Qiriness Protecting Moisturizing Cream 50ml,1499000.0,1499000.0,0.0,0.0,0,,https://tiki.vnkem-duong-danh-cho-da-kho-va-mat-nuoc-giup-bao-ve-da-nguon-goc-thien-nhien-qiriness-protecting-moisturizing-cream-50ml-p177415358.html?spid=177415363,kem dưỡng dành da
173977922,Tẩy Da Chết Ohui Extreme White Peeling 60ml,590000.0,850000.0,260000.0,5.0,3,,https://tiki.vntay-da-chet-ohui-trang-ohui-extreme-bright-peeling-60ml-p173977922.html?spid=173977923,tẩy da chết ohui
149452456,"Tinh chất Serum C thế hệ mới Sắc Ngọc Khang 30ml giúp dưỡng trắng, mờ thâm nám, ngừa nếp nhăn",428000.0,840000.0,412000.0,4.8,5,,https://tiki.vnserum-duong-trang-dieu-ki-sac-ngoc-khang-chai-30ml-p149452456.html?spid=149452457,tinh chất serum c thế hệ
146587350,Kem dưỡng ẩm làm sáng da ban đêm Cetaphil Bright Healthy Radiance Night Comfort Cream 50g,719000.0,719000.0,0.0,4.8,26,,https://tiki.vnkem-duong-am-lam-sang-da-ban-dem-cetaphil-bright-healthy-radiance-night-comfort-cream-50g-p146587350.html?spid=146587351,kem dưỡng ẩm làm
145488552,Tế bào Gốc hỗ trợ trị mụn acne Ampoule Larian ( Combo 3 lọ ),1725000.0,1725000.0,0.0,0.0,0,,https://tiki.vnte-bao-goc-tri-mun-acne-ampoule-larian-combo-3-lo-p145488552.html?spid=145488553,tế bào gốc hỗ trợ trị
142063664,"Serum HA booster KAMEL 8ml căng bóng xóa nhăn, cấp nước cho da",450000.0,450000.0,0.0,5.0,1,,https://tiki.vnserum-ha-booster-kamel-8ml-cang-bong-xoa-nhan-cap-nuoc-cho-da-p142063664.html?spid=142063666,
139012737,Bộ sản phẩm nước cân bằng và gel rửa mặt Effaclar làm sạch cho da nhạy cảm La Roche-Posay,720000.0,720000.0,0.0,0.0,0,,https://tiki.vnbo-san-pham-nuoc-can-bang-va-gel-rua-mat-effaclar-lam-sach-cho-da-nhay-cam-la-roche-posay-p139012737.html?spid=271329299,sản phẩm nước cân bằng gel rửa
114738701,Bộ Tẩy Da Chết Và Sữa Rửa Mặt Whoo Gongjinhyang Seol Brightening Peeling Gel 100ml,690000.0,690000.0,0.0,0.0,0,,https://tiki.vnset-tay-da-chet-dang-ki-whoo-brightening-peeling-gel-p114738701.html?spid=114738704,tẩy da chết sữa rửa
75738312,Tẩy tế bào da chết tinh chất bơ ,169000.0,169000.0,0.0,5.0,4,,https://tiki.vntay-te-bao-da-chet-tinh-chat-bo-p75738312.html?spid=75738313,tẩy tế bào da chết
57490837,Sữa rửa mặt dạng gel giúp làm sạch sâu và giảm bã nhờn trên da Normaderm Phytosolution Intensive Purifying Gel 400ml,399000.0,399000.0,0.0,0.0,0,,https://tiki.vnsua-rua-mat-dang-gel-giup-lam-sach-sau-va-giam-ba-nhon-tren-da-normaderm-phytosolution-intensive-purifying-gel-400ml-p57490837.html?spid=179591049,sữa rửa mặt dạng
37670640,Mặt Nạ Thải Độc detox stretching mask,380000.0,380000.0,0.0,0.0,0,,https://tiki.vnmat-na-thai-doc-detox-stretching-mask-p37670640.html?spid=43045391,mặt nạ thải độc detox
25739400,Floslek Pharma Kem Kiểm Soát Dầu Và Điều Tiết Nhờn Mattifying Cream 50ml,470000.0,470000.0,0.0,5.0,7,,https://tiki.vnfloslek-pharma-kem-kiem-soat-dau-va-dieu-tiet-nhon-mattifying-cream-50ml-p25739400.html?spid=138892625,floslek pharma kem kiểm soát
17013127,Kem chống nắng dạng sữa lỏng nhẹ không nhờn rít La Roche-Posay Anthelios Shaka Fluid SPF 50+ 50ml,419000.0,475000.0,56000.0,5.0,22,,https://tiki.vnkem-chong-nang-dang-sua-long-nhe-khong-nhon-rit-la-roche-posay-anthelios-shaka-fluid-spf-50-50ml-p17013127.html?spid=72299403,kem chống nắng dạng
13428776,Kem chống nắng OHUI Day Shield Perfect Sun Black FI50299448 (50ml),798000.0,1080000.0,282000.0,5.0,9,,https://tiki.vnkem-chong-nang-ohui-day-shield-perfect-sun-black-fi50299448-50ml-p13428776.html?spid=58548084,kem chống nắng ohui
2581367,Nước tẩy trang dành cho da nhạy cảm BIODERMA Sensibio H2O 100ml,189000.0,189000.0,0.0,0.0,0,,https://tiki.vnnuoc-tay-trang-danh-cho-da-nhay-cam-bioderma-sensibio-h2o-100ml-p2581367.html?spid=33564146,nước tẩy trang dành da
278873098,Dầu Tẩy Trang Ohui Miracle Moisture Cleansing Oil 150ml,600000.0,750000.0,150000.0,0.0,0,,https://tiki.vndau-tay-trang-ohui-miracle-moisture-cleansing-oil-150ml-p278873098.html?spid=278873099,dầu tẩy trang ohui miracle
278816232,Kem Dưỡng Ẩm Da MESABLUE REFRESING BLUE GEL 1L,2800000.0,2800000.0,0.0,0.0,0,,https://tiki.vnkem-duong-am-da-mesablue-refresing-blue-gel-1l-p278816232.html?spid=278816233,kem dưỡng ẩm da mesablue
278366640,Mặt Nạ Làm Dịu Da Klairs Mignight Blue Calming Sheet Mask 25ml,19000.0,19000.0,0.0,0.0,0,,https://tiki.vnmat-na-lam-diu-da-klairs-mignight-blue-calming-sheet-mask-25ml-p278366640.html?spid=278366641,mặt nạ làm dịu da
278314078,Milaganics [CHÍNH HÃNG] Combo 2 Cây Son Dưỡng Ẩm Nha Đam & Dừa 4.5g - Son Dưỡng Môi An Toàn Không Chì Dưỡng Ẩm Tối Ưu Cho Môi Nhạy Cảm,116000.0,130000.0,14000.0,0.0,0,,https://tiki.vnmilaganics-chinh-hang-combo-2-cay-son-duong-am-nha-dam-dua-4-5g-son-duong-moi-an-toan-khong-chi-duong-am-toi-uu-cho-moi-nhay-cam-p278314078.html?spid=278314351,milaganics hãng combo cây
276841419,DERMALOGICA Kem Chống Nắng Vật Lý Che Phủ Lỗ Chân Lông PORESCREEN spf40,2040000.0,2040000.0,0.0,0.0,0,,https://tiki.vndermalogica-kem-chong-nang-vat-ly-che-phu-lo-chan-long-porescreen-spf40-p276841419.html?spid=276841420,dermalogica kem chống nắng
276691511,Gel Dưỡng HADA LABO Sáng Da Chuyên Sâu Giảm Thâm Sạm 50g,265000.0,265000.0,0.0,0.0,0,,https://tiki.vngel-duong-hada-labo-sang-da-chuyen-sau-giam-tham-sam-50g-p276691511.html?spid=276691512,gel dưỡng hada labo sáng
276690841,Mặt Nạ Tinh Chất HADA LABO 23g,38500.0,38500.0,0.0,0.0,0,,https://tiki.vnmat-na-tinh-chat-hada-labo-23g-p276690841.html?spid=276690843,mặt nạ tinh chất hada
275880827,Sữa Rửa Mặt CETAPHIL Gentle Skin Dịu Nhẹ 125ml,185000.0,185000.0,0.0,0.0,0,,https://tiki.vnsua-rua-mat-cetaphil-gentle-skin-diu-nhe-125ml-p275880827.html?spid=275880828,sữa rửa mặt cetaphil
275798205,Combo 2 Sữa rửa mặt tạo bọt mịn s select 150 g/tuýp,158400.0,198000.0,39600.0,0.0,0,,https://tiki.vnsua-rua-mat-tao-bot-min-s-select-150-g-tuyp-p275798205.html?spid=275798207,combo sữa rửa mặt tạo
274920706,Bộ Dưỡng Trắng Da Tế Bào Gốc Hàn Quốc Cấp Ẩm Kiềm Dầu Xóa Nhăn Phục Hồi Trẻ Hoá Da Và Chống Lão Hoá Cellkey-Scien (210ml),2146250.0,2525000.0,378750.0,5.0,1,,https://tiki.vnbo-duong-trang-da-te-bao-goc-cap-am-kiem-dau-phuc-hoi-tre-hoa-da-va-chong-lao-hoa-cellkey-scien-210ml-p274920706.html?spid=274920707,dưỡng trắng da tế bào gốc
274731497,Set Kem Chống Nắng Ohui Day Shield Perfect Sun Black Special Set,698000.0,1050000.0,352000.0,5.0,1,,https://tiki.vnbo-kem-chong-nang-ohui-day-shield-perfect-sun-black-special-set-p274731497.html?spid=274731498,set kem chống nắng
273818311,Xịt khoáng dưỡng ẩm Kyung Lab Pdrn Therapy Mist 150ml mẫu mới ,320000.0,320000.0,0.0,0.0,0,,https://tiki.vnxit-khoang-duong-am-kyung-lab-pdrn-therapy-mist-150ml-mau-moi-p273818311.html?spid=273818312,xịt khoáng dưỡng ẩm kyung lab
273815093,Serum L'Oreal Dưỡng Sáng Và Mờ Thâm Vùng Mắt 20ml Glycolic- Bright Dark Circle Eye Serum,315000.0,315000.0,0.0,0.0,0,,https://tiki.vnserum-l-oreal-duong-sang-va-mo-tham-vung-mat-20ml-glycolic-bright-dark-circle-eye-serum-p273815093.html?spid=273815094,serum l oreal dưỡng sáng
273503928,Kem chống nắng La Roche-Posay kiềm dầu 12H Anthelios UVMUNE 400 Gel-Cream 50ml,525000.0,525000.0,0.0,0.0,0,,https://tiki.vnkem-chong-nang-la-roche-posay-kiem-dau-12h-anthelios-uvmune-400-gel-cream-50ml-p273503928.html?spid=276003765,kem chống nắng la roche
272777847,Sữa Rửa Mặt Làm Sạch Sâu Kyung Lab Cleansing Gel 150ml,269000.0,269000.0,0.0,5.0,2,,https://tiki.vnsua-rua-mat-lam-sach-sau-kyung-lab-cleansing-gel-150ml-p272777847.html?spid=272777848,sữa rửa mặt làm
272135697,Serum nám Beautifying Toner,700000.0,700000.0,0.0,1.0,1,,https://tiki.vnserum-nam-beautifying-toner-p272135697.html?spid=272135698,serum nám beautifying
262915075,"Kem Vi Kim Sinh Học Puderma: Tái tạo da, phá Nám không xâm lấn, không xưng đỏ, hiệu quả sau 3 ngày.",798000.0,840000.0,42000.0,5.0,1,,https://tiki.vnfreeship-xtra-kem-vi-kim-sinh-hoc-puderma-tai-tao-da-pha-nam-khong-xam-lan-khong-xung-do-hieu-qua-sau-3-ngay-p262915075.html?spid=262915076,kem vi kim sinh học puderma tái tạo
250081005,Cặp kem nám mảng Kamel,1900000.0,1900000.0,0.0,0.0,0,,https://tiki.vncap-kem-nam-mang-kamel-p250081005.html?spid=250081006,kem nám mảng
248901058,Sữa rửa mặt cho da dầu cho da khô cho da mụn sữa rửa mặt cho da nhạy cảm cho nam sữa rửa mặt cho da hôn hợp tinh trái nhàu thiên nhiên dành cho da đầu mụn nhạy cảm sữa rửa mặt dành cho bà bầu sữa rửa mặt love world,350000.0,350000.0,0.0,0.0,0,,https://tiki.vnsua-rua-mat-cho-da-dau-cho-da-kho-cho-da-mun-sua-rua-mat-cho-da-nhay-cam-cho-nam-sua-rua-mat-cho-da-hon-hop-tinh-trai-nhau-thien-nhien-danh-cho-da-dau-mun-nhay-cam-sua-rua-mat-danh-cho-ba-bau-sua-rua-mat-love-world-p248901058.html?spid=248904748,sữa rửa mặt da
208127728,Mặt Nạ Giấy Mediheal Dưỡng Trắng Da Giảm Mụn Tái Tạo Phục Hồi Da 24ml/Miếng,26000.0,26000.0,0.0,0.0,0,,https://tiki.vnmat-na-giay-mediheal-duong-trang-da-giam-mun-tai-tao-phuc-hoi-da-24ml-mieng-p208127728.html?spid=208127740,mặt nạ giấy mediheal dưỡng trắng
185088106,Mặt Nạ Ngủ Cho Mặt và Cổ Whoo Vàng Gongjinhyang Neck & Face Sleeping Repair Mask 75ml,1350000.0,1800000.0,450000.0,0.0,0,,https://tiki.vnmat-na-ngu-cho-mat-va-co-whoo-gongjinhyang-neck-amp-face-sleeping-repair-mask-p185088106.html?spid=185088140,mặt nạ ngủ mặt cổ whoo
170960062,Kem chống nắng vật lý INVISIBLE PHYSICAL DEFENSE 50ml phù hợp với mọi loại da của Dermalogica - Dolly Beauty,1810000.0,1810000.0,0.0,5.0,1,,https://tiki.vnkem-chong-nang-sieu-mong-invisible-defense-cua-dermalogica-dolly-beauty-p170960062.html?spid=170960063,kem chống nắng vật lý
160072493,Bộ sản phẩm Men Stay Simplicity chăm sóc da dầu mụn cho nam Acne Relief Skincare Trio: Sữa rửa mặt 100g x Serum 30ml x Kem dưỡng ẩm 80g,647000.0,647000.0,0.0,5.0,7,,https://tiki.vnbo-san-pham-cham-soc-da-mun-cho-nam-men-stay-simplicity-acne-relief-skincare-trio-p160072493.html?spid=160072494,sản phẩm men stay simplicity
148810892,Sữa rửa mặt làm sáng da Cetaphil Bright Healthy Radiance Creamy Cleanser 100g,263000.0,263000.0,0.0,4.8,12,,https://tiki.vnsua-rua-mat-lam-sang-da-cetaphil-bright-healthy-radiance-creamy-cleanser-100g-p148810892.html?spid=148810893,sữa rửa mặt làm
146121985,Nước Hoa Hồng Diếp Cá Giúp Cân Bằng Da Dokudami Nội Địa Nhật Bản 500ml,95000.0,95000.0,0.0,5.0,2,,https://tiki.vnnuoc-hoa-hong-diep-ca-giup-can-bang-da-dokudami-noi-dia-nhat-ban-500ml-p146121985.html?spid=156829065,nước hoa hồng diếp cá
118788259,Bộ đôi Kem chống nắng dạng gel dưỡng sáng nâng tông & hiệu chỉnh sắc da (Anessa Brightening Gel 90g x2),1250000.0,1250000.0,0.0,0.0,0,,https://tiki.vnbo-doi-kem-chong-nang-dang-gel-duong-sang-nang-tong-hieu-chinh-sac-da-anessa-brightening-gel-90g-x2-p118788259.html?spid=275934489,bộ kem chống nắng
106305929,Kem chấm mụn,200000.0,200000.0,0.0,0.0,0,,https://tiki.vnkem-cham-mun-p106305929.html?spid=106305930,kem chấm
98174109, Kem ngăn ngừa mụn mờ vết thâm giúp trắng sáng da & có chống nắng MYLOVE - Hàng Chính Hãng,105000.0,105000.0,0.0,0.0,0,,https://tiki.vnkem-ngan-ngua-mun-mo-vet-tham-giup-trang-sang-da-co-chong-nang-mylove-hang-chinh-hang-p98174109.html?spid=221223636,kem ngăn ngừa mụn mờ
84138150,Kem chống nắng dạng gel dịu nhẹ cho da nhạy cảm và trẻ em Anessa Moisture UV Sunscreen Mild Gel For Sensitive Skin SPF 35+ PA++++ 90g,525000.0,525000.0,0.0,0.0,0,,https://tiki.vnkem-chong-nang-dang-gel-diu-nhe-cho-da-nhay-cam-va-tre-em-anessa-moisture-uv-sunscreen-mild-gel-for-sensitive-skin-spf-35-pa-90g-p84138150.html?spid=271439698,kem chống nắng dạng
76528709,Sữa Rửa Mặt Newland Pure Magic Dịu Nhẹ Làm Sạch Sâu 180ml,560000.0,560000.0,0.0,5.0,1,,https://tiki.vnsua-rua-mat-newland-pure-magic-diu-nhe-lam-sach-sau-180ml-p76528709.html?spid=76528710,sữa rửa mặt newland
74167275,Cà Phê Đắk Lắk Làm Sạch Da Chết Mặt Cocoon 150ml,132000.0,132000.0,0.0,4.8,33,,https://tiki.vnca-phe-dak-lak-lam-sach-da-chet-mat-cocoon-150ml-p74167275.html?spid=76039725,cà phê đắk lắk làm
55643148,Bộ sản phẩm làm sạch và dưỡng ẩm Vichy,240000.0,240000.0,0.0,3.3,3,,https://tiki.vnbo-san-pham-lam-sach-va-duong-am-vichy-p55643148.html?spid=65040283,sản phẩm làm sạch dưỡng
55033548,"Kem Chống Nắng Vichy Ngừa Sạm Da, Giảm Thâm Nám (Màu Da) 50ml Capital Soleil Anti-Dark Spot 3-in-1 Tinted Daily Care SPF 50 UVA + UVB",375000.0,375000.0,0.0,3.4,9,,https://tiki.vnkem-chong-nang-vichy-ngua-sam-da-giam-tham-nam-mau-da-50ml-capital-soleil-anti-dark-spot-3-in-1-tinted-daily-care-spf-50-uva-uvb-p55033548.html?spid=65043190,kem chống nắng vichy
50958056,Serum HA dưỡng ẩm cấp nước cho mọi loại da Butiqlab Hyaluronic Serum 100ml,850000.0,850000.0,0.0,4.7,3,,https://tiki.vnserum-ha-duong-am-cap-nuoc-cho-moi-loai-da-butiqlab-hyaluronic-serum-100ml-p50958056.html?spid=134269143,serum ha dưỡng ẩm cấp nước
28250455,GEL TẨY TẾ BÀO CHẾT DETCLEAR BRIGHT&PEEL (Mix Berry) 180ml,275000.0,275000.0,0.0,5.0,2,,https://tiki.vngel-tay-te-bao-chet-detclear-bright-peel-mix-berry-180ml-p28250455.html?spid=77160177,gel tẩy tế bào chết
14469334,Bộ Sản Phẩm Chăm Sóc Da Mụn La Roche Posay,780000.0,780000.0,0.0,0.0,0,,https://tiki.vnbo-san-pham-cham-soc-da-mun-la-roche-posay-p14469334.html?spid=66437787,sản phẩm chăm sóc da mụn la
7840455,"Kem Dưỡng Dạng Gel Giúp Làm Mờ Sẹo Giúp Làm Dịu, Hỗ Trợ Quá Trình Phục Hồi, Và Tái Tạo Da Phù Hợp Cho Trẻ Em  La Roche-Posay (40ml)",439000.0,439000.0,0.0,4.8,32,,https://tiki.vnkem-duong-dang-gel-giup-lam-mo-seo-giup-lam-diu-ho-tro-qua-trinh-phuc-hoi-va-tai-tao-da-phu-hop-cho-tre-em-la-roche-posay-40ml-p7840455.html?spid=73278183,kem dưỡng dạng gel
522736,Sữa Rửa Mặt Tẩy Tế Bào Chết SVR Sebiaclear Gel Moussant Tuýp 200ml - SGM,280000.0,280000.0,0.0,5.0,2,,https://tiki.vnsua-rua-mat-tay-te-bao-chet-svr-sebiaclear-gel-moussant-tuyp-200ml-sgm-p522736.html?spid=59453786,sữa rửa mặt tẩy tế bào
462226,Sữa Rửa Mặt Sạch Mụn Đầu Đen ST.IVES Trà Xanh 170g - 077043358023,115000.0,115000.0,0.0,5.0,5,,https://tiki.vnsua-rua-mat-sach-mun-dau-den-st-ives-tra-xanh-170g-077043358023-p462226.html?spid=112280981,sữa rửa mặt sạch
278814827,Kem Ủ Bề Mặt Da Mi-Caine Pro Cream 500g,1319000.0,1319000.0,0.0,0.0,0,,https://tiki.vnkem-u-be-mat-da-mi-caine-pro-cream-500g-p278814827.html?spid=278814828,kem ủ bề mặt da mi
278786855,Kem Chống Nắng Chống Nhăn The Whoo UV Ultimate Anti Wrinkle Sunscreen 25ml,490000.0,700000.0,210000.0,0.0,0,,https://tiki.vnkem-chong-nang-chong-nhan-the-whoo-uv-ultimate-anti-wrinkle-sunscreen-25ml-p278786855.html?spid=278786856,kem chống nắng chống
276563857,Combo 10 Mặt nạ dừa BESKINATY Hàn Quốc phục hồi cấp ẩm làm dịu cho mọi loại da,340000.0,340000.0,0.0,0.0,0,,https://tiki.vnmua-10-tang-5-combo-mat-na-sinh-hoc-dua-beskinaty-han-quoc-phuc-hoi-cho-moi-lan-da-p276563857.html?spid=276620755,combo mặt nạ dừa beskinaty
276497417,Bông tẩy trang Araso 120M,28600.0,28600.0,0.0,0.0,0,,https://tiki.vnbong-tay-trang-araso-120m-p276497417.html?spid=276497418,bông trang
276377775,Kem dưỡng mặt ban ngày SENADEMAR nâng tone phục hồi dưỡng ẩm 50ml hạn 2027,260000.0,260000.0,0.0,5.0,1,,https://tiki.vnkem-duong-mat-ban-ngay-senademar-nang-tone-phuc-hoi-duong-am-30ml-han-2027-p276377775.html?spid=276377776,kem dưỡng mặt ban ngày senademar
274732312,"Kem dưỡng trắng da mờ thâm nám, tàn nhang ngày đêm Pretty Skin Melas 2X Cream 50ml",399000.0,399000.0,0.0,0.0,0,,https://tiki.vnkem-duong-trang-da-mo-tham-nam-tan-nhang-ngay-dem-pretty-skin-melas-2x-cream-50ml-p274732312.html?spid=274732316,kem dưỡng trắng da mờ
274465754,Sữa Rửa Mặt Tinh Dầu Thông Đỏ Trị Mụn,420000.0,420000.0,0.0,0.0,0,,https://tiki.vnsua-rua-mat-tinh-dau-thong-do-tri-mun-p274465754.html?spid=274465756,sữa rửa mặt tinh dầu
273868041,"COMBO 10 CHAI SERUM HA PLUS 300ml (Dưỡng Ẩm, Căng Bóng, Sáng Da, Mờ Nếp Nhăn) Hàng Chính Hãng + Tặng 10 Mặt Nạ Soothing",6269000.0,6269000.0,0.0,0.0,0,,https://tiki.vncombo-10-chai-serum-ha-plus-300ml-duong-am-cang-bong-sang-da-mo-nep-nhan-hang-chinh-hang-tang-10-mat-na-soothing-p273868041.html?spid=273868042,combo chai
273573339,Gel Dưỡng Ẩm Da Ban Đêm Club Suppin Nhật Bản Tuýp 100g,279000.0,279000.0,0.0,0.0,0,,https://tiki.vngel-duong-am-da-ban-dem-club-suppin-nhat-ban-tuyp-100g-p273573339.html?spid=273573341,gel dưỡng ẩm da ban đêm
273233300,"TRIAL SIZE - Sữa chống nắng bí đao - Ráo mịn tự nhiên SPF 50+, UVA-PF 62.6 Cocoon 5ml thuần chay",70000.0,70000.0,0.0,0.0,0,,https://tiki.vntrial-size-sua-kem-chong-nang-bi-dao-rao-min-tu-nhien-spf-50-uva-pf-62-6-cocoon-5ml-thuan-chay-p273233300.html?spid=273233301,trial size sữa chống
248704550,Kem chống nắng trắng da Pime Remade Sun Block,560000.0,560000.0,0.0,0.0,0,,https://tiki.vnkem-chong-nang-trang-da-pime-remade-sun-block-p248704550.html?spid=248704551,kem chống nắng trắng
213714556,Serum Dưỡng Ẩm  Trắng Da Chống Lão Hóa,550000.0,550000.0,0.0,0.0,0,,https://tiki.vnserum-duong-am-trang-da-chong-lao-hoa-30ml-perfect-alpha-arbutin-whitening-3-p213714556.html?spid=213714557,serum dưỡng ẩm trắng da chống
202274981,Tinh chất Vitamin C sáng da và chống lão hóa dành cho mọi loại da Dermalogica Biolumin C Serum 30ml - 59ml,3320000.0,3320000.0,0.0,0.0,0,,https://tiki.vntinh-chat-vitamin-c-sang-da-chong-lao-hoa-dermalogica-biolumin-c-serum-30ml-59ml-danh-cho-moi-loai-da-p202274981.html?spid=202274985,tinh chất vitamin c sáng
202274442,Sữa rửa mặt dành cho da dầu mụn Dermalogica Active Clay Cleanser 150ml,1400000.0,1400000.0,0.0,0.0,0,,https://tiki.vnsua-rua-mat-dermalogica-active-clay-cleanser-150ml-danh-cho-da-dau-mun-p202274442.html?spid=202274443,sữa rửa mặt dành
202271923,Toner nước cân bằng dành cho mọi loại da Dermalogica Multi Active Toner 250ml,415000.0,415000.0,0.0,0.0,0,,https://tiki.vntoner-nuoc-can-bang-dermalogica-multi-active-toner-250ml-danh-cho-moi-loai-da-p202271923.html?spid=202271927,toner nước cân bằng dành
178027472,Mặt nạ dưỡng da collagen Milatte Fashiony Collagen Mask - Hộp 10 miếng,193750.0,193750.0,0.0,5.0,1,,https://tiki.vnmat-na-duong-da-collagen-milatte-fashiony-collagen-mask-hop-10-mieng-p178027472.html?spid=178027473,mặt nạ dưỡng da collagen
178005138,Kem chống nắng dành cho da dầu OIL FREE MATTE SPF30 của Dermalogica - Dolly Beauty,2030000.0,2030000.0,0.0,0.0,0,,https://tiki.vnkem-chong-nang-danh-cho-da-dau-oil-free-matte-cua-dermalogica-p178005138.html?spid=178005139,kem chống nắng dành
169128564,Sữa Rửa Mặt Deve Men Sumi Facial Wash Than Hoạt Tính Charcoal Dành Cho Nam (130g),132000.0,132000.0,0.0,0.0,0,,https://tiki.vnsua-rua-mat-deve-men-sumi-facial-wash-than-hoat-tinh-charcoal-danh-cho-nam-130g-p169128564.html?spid=169128565,sữa rửa mặt deve
169128536,Sữa Rửa Mặt Tẩy Trang &amp; Làm Sáng Da Hatomugi Hạt Ý Dĩ Nhật Bản (130g),99000.0,99000.0,0.0,0.0,0,,https://tiki.vnsua-rua-mat-tay-trang-lam-sang-da-hatomugi-hat-y-di-nhat-ban-130g-p169128536.html?spid=169128537,sữa rửa mặt tẩy trang
164502032,Bột tẩy tế bào chết than hoạt tính dành cho da lão hóa giúp kềm dầu sáng mịn Dermalogica Daily Superfoliant,60000.0,60000.0,0.0,0.0,0,,https://tiki.vndermalogica-chinh-hang-bot-tay-te-bao-chet-than-hoat-tinh-danh-cho-da-lao-hoa-giup-kem-dau-sang-min-daily-superfoliant-p164502032.html?spid=164502034,bột tẩy tế bào chết
158183205,Kem dưỡng ẩm kềm dầu thông thoáng da dermalogica Active Moist dạng gel 50ml,40000.0,40000.0,0.0,0.0,0,,https://tiki.vnkem-duong-am-kem-dau-thong-thoang-da-dermalogica-active-moist-dang-gel-loai-moi-p158183205.html?spid=158183207,kem dưỡng ẩm kềm dầu
154523235,"Mặt nạ đất sét giảm mụn đầu đen, kiềm dầu DERMEDEN Exfoliating Mask AHA 50ml",900000.0,900000.0,0.0,0.0,0,,https://tiki.vnmat-na-dat-set-giam-mun-dau-den-kiem-dau-dermeden-exfoliating-mask-aha-50ml-p154523235.html?spid=154523248,mặt nạ đất sét giảm mụn
147740827,"Tế bào gốc t rị nám, tàn nhang, t r ị thâm, làm trắng da Hàn Quốc GSC GV Whiteing Ampoule",395000.0,395000.0,0.0,5.0,1,,https://tiki.vnte-bao-goc-t-ri-nam-tan-nhang-t-ri-tham-lam-trang-da-han-quoc-gsc-gv-whiteing-ampoule-p147740827.html?spid=147740828,tế bào gốc t rị
137441710,Kem Dưỡng Da Ốc Sê Goodndoc Snail Ultra Moisture Cream 50ml,490000.0,490000.0,0.0,5.0,2,,https://tiki.vnkem-duong-da-oc-se-goodndoc-snail-ultra-moisture-cream-50ml-p137441710.html?spid=141729335,kem dưỡng da ốc
133632023,Serum Chống Lão Hóa Cao Cấp Torreya Bitanical Age-Repair Serum (50ml),1790000.0,1790000.0,0.0,0.0,0,,https://tiki.vnserum-chong-lao-hoa-cao-cap-torreya-bitanical-age-repair-serum-50ml-p133632023.html?spid=133632024,serum chống lão hóa
132003945,KEM DƯỠNG DA COLLAGEN REGENERATION CREAM,665000.0,665000.0,0.0,0.0,0,,https://tiki.vnkem-duong-da-collagen-regeneration-cream-p132003945.html?spid=132003946,kem dưỡng da collagen
125862748,Sữa Rửa Mặt Dạng Gel LAGOM CELLUP GEL TO WATER CLEANSER (30ml) - HSD: 21/04/2023,120000.0,120000.0,0.0,0.0,0,,https://tiki.vnsua-rua-mat-dang-gel-lagom-cellup-gel-to-water-cleanser-30ml-hsd-21-04-2023-p125862748.html?spid=125862749,sữa rửa mặt dạng
116752164,DERMALOGICA Kem dưỡng ẩm liên tục 48h SKIN SMOOTHING CREAM - Dolly Beauty,75000.0,75000.0,0.0,0.0,0,,https://tiki.vnkem-duong-am-lien-tuc-48h-skin-smoothing-cream-cua-dermalogica-dolly-beauty-p116752164.html?spid=279076007,dermalogica kem dưỡng ẩm liên tục
113186538,Sữa rửa mặt CHUCOS Deep Cleansing Gel 150 ml,349000.0,349000.0,0.0,0.0,0,,https://tiki.vnsua-rua-mat-chucos-deep-cleansing-gel-150-ml-p113186538.html?spid=113186539,sữa rửa mặt chucos
71111998,Kem Chống Nắng Isnow Stella Scent SPF 50+++ Hàn Quốc (50ml ),600000.0,600000.0,0.0,0.0,0,,https://tiki.vnkem-chong-nang-isnow-stella-scent-spf-50-han-quoc-50ml-p71111998.html?spid=71329984,kem chống nắng isnow
52006599,Kem cấp ẩm Taiwan,560000.0,560000.0,0.0,0.0,0,,https://tiki.vnkem-cap-am-taiwan-p52006599.html?spid=52006601,kem cấp ẩm
51697917,Toner Dưỡng ẩm - MOISTURIZING TONER - Academie Scientifique de Beaute,1180000.0,1180000.0,0.0,0.0,0,,https://tiki.vntoner-duong-am-moisturizing-toner-academie-scientifique-de-beaute-p51697917.html?spid=51697918,toner dưỡng ẩm moisturizing toner academie
48100675,"Mặt nạ bùn khoáng núi lửa kiểm soát dầu và mụn, thải độc tố, tái tạo da ZENNA Bentonite Clay 100g (2 túi 50g) - Set tiết kiệm - Phù hợp cho mọi loại da đặc biệt da dầu và mụn",395000.0,395000.0,0.0,0.0,0,,https://tiki.vnmat-na-bun-khoang-nui-lua-kiem-soat-dau-va-mun-thai-doc-to-tai-tao-da-zenna-bentonite-clay-100g-2-tui-50g-set-tiet-kiem-phu-hop-cho-moi-loai-da-dac-biet-da-dau-va-mun-p48100675.html?spid=48100676,mặt nạ bùn khoáng núi lửa
48098955,"Mặt nạ bùn khoáng núi lửa kiểm soát dầu và mụn, thải độc tố, tái tạo da ZENNA Bentonite Clay 80g - Phù hợp cho mọi loại da đặc biệt da dầu và mụn",365000.0,365000.0,0.0,0.0,0,,https://tiki.vnmat-na-bun-khoang-nui-lua-kiem-soat-dau-va-mun-thai-doc-to-tai-tao-da-zenna-bentonite-clay-80g-phu-hop-cho-moi-loai-da-dac-biet-da-dau-va-mun-p48098955.html?spid=48098956,mặt nạ bùn khoáng núi lửa
47686554,"Kem Dưỡng Ẩm, Làm Trắng Da Cao Cấp Nhật Bản NICE METICS (48g)",1450000.0,1450000.0,0.0,0.0,0,,https://tiki.vnkem-duong-am-lam-trang-da-cao-cap-nhat-ban-nice-metics-48g-p47686554.html?spid=47686555,kem dưỡng ẩm làm
43800760,"Tinh Chất Chống Lão Hóa, Chống Nhăn EV Princess Anti Aging Wrinkles Solution (50ml)",1880000.0,1880000.0,0.0,0.0,0,,https://tiki.vntinh-chat-chong-lao-hoa-chong-nhan-ev-princess-anti-aging-wrinkles-solution-50ml-p43800760.html?spid=43800761,tinh chất chống lão hóa
37677189,Sữa Rửa Mặt Thải Độc Whitening detox cleanser,280000.0,280000.0,0.0,0.0,0,,https://tiki.vnsua-rua-mat-thai-doc-whitening-detox-cleanser-p37677189.html?spid=43045367,sữa rửa mặt thải
13762639,Kem Dưỡng Da Ban Ngày Collagen Nhau Thai Cừu Wild Ferns (100g),650000.0,650000.0,0.0,0.0,0,,https://tiki.vnkem-duong-da-ban-ngay-collagen-nhau-thai-cuu-wild-ferns-100g-p13762639.html?spid=13762640,kem dưỡng da ban ngày
13762633,Mặt Nạ Chiết Xuất Nọc Ong Bee Venom Wild Ferns,1050000.0,1050000.0,0.0,5.0,1,,https://tiki.vnmat-na-chiet-xuat-noc-ong-bee-venom-wild-ferns-p13762633.html?spid=13762636,mặt nạ chiết xuất nọc
11427677,Kem dưỡng chống thâm vùng mắt Nhật Bản Naris Wrinkle Plus Alpha Eye Zone Bright (20g) – Hàng chính hãng,365000.0,365000.0,0.0,5.0,6,,https://tiki.vnkem-duong-chong-tham-vung-mat-nhat-ban-naris-wrinkle-plus-alpha-eye-zone-bright-20g-hang-chinh-hang-p11427677.html?spid=14851813,kem dưỡng chống thâm vùng
278770372,"Kem Dưỡng Ẩm Vitamin C 2% Oribe hỗ trợ trắng da, mờ nám",315000.0,350000.0,35000.0,0.0,0,,https://tiki.vnkem-duong-am-vitamin-c-2-oribe-ho-tro-trang-da-mo-nam-p278770372.html?spid=278770373,kem dưỡng ẩm vitamin c
278731320,Mặt nạ giấy dưỡng da Foodaholic Premium Mask (10 miếng) - Hàng chính hãng,139000.0,159000.0,20000.0,0.0,0,,https://tiki.vnmat-na-giay-duong-da-foodaholic-premium-mask-10-mieng-hang-chinh-hang-p278731320.html?spid=278731324,mặt nạ giấy dưỡng da foodaholic
277842048,Tinh chất dưỡng sáng chuyên sâu OH EX WHITE MELATONING AMPOULE ESSENCE 30ML,1177000.0,1600000.0,423000.0,0.0,0,,https://tiki.vntinh-chat-duong-sang-chuyen-sau-oh-ex-white-melatoning-ampoule-essence-30ml-p277842048.html?spid=277842049,tinh chất dưỡng sáng oh
277396008,Nước Thần Phục Hồi Năng Lượng Làn Da Whoo Royal Regina Energy Drop Treatment 150ml,1520000.0,1900000.0,380000.0,0.0,0,,https://tiki.vnnuoc-than-phuc-hoi-nang-luong-lan-da-whoo-royal-regina-energy-drop-treatment-150ml-p277396008.html?spid=277396009,nước thần phục hồi năng lượng làn
276688594,Kem Rửa Mặt HADA LABO 80g,85000.0,85000.0,0.0,0.0,0,,https://tiki.vnkem-rua-mat-hada-labo-80g-p276688594.html?spid=276688600,kem rửa mặt hada
276655713,Kem rửa mặt nam OXY PERFECT wash ngừa mụn 100g,80500.0,80500.0,0.0,0.0,0,,https://tiki.vnkem-rua-mat-nam-oxy-perfect-wash-ngua-mun-100g-p276655713.html?spid=276655714,kem rửa mặt nam
276435277, Kem dưỡng ẩm làm dịu Beyond Angel Aqua Moisture Cream,218000.0,300000.0,82000.0,0.0,0,,https://tiki.vnkem-duong-am-lam-diu-beyond-angel-aqua-moisture-cream-p276435277.html?spid=276435279,kem dưỡng ẩm làm dịu
276291201,"Combo Sáng Da Mờ Nám Lycos : Tinh chất Peel Da Lycos + Kem Nám Đêm Lycos - Xóa nhăn, nám tàn nhang",850000.0,850000.0,0.0,0.0,0,,https://tiki.vncombo-sang-da-mo-nam-lycos-tinh-chat-peel-da-lycos-kem-nam-dem-lycos-xoa-nhan-nam-tan-nhang-p276291201.html?spid=276291202,combo sáng da mờ
275842423,Gel Giúp Loại Bỏ Tế Bào Da Chết Dưỡng Sáng Da 120G Rosette Gommage Bright Peel,126000.0,180000.0,54000.0,0.0,0,,https://tiki.vngel-giup-loai-bo-te-bao-da-chet-duong-sang-da-120g-rosette-gommage-bright-peel-p275842423.html?spid=275842424,gel giúp loại bỏ tế bào
275833759,Nước Tẩy Trang Garnier Da Dầu Và Mụn 125ml,45000.0,45000.0,0.0,5.0,2,,https://tiki.vnnuoc-tay-trang-garnier-da-dau-va-mun-125ml-p275833759.html?spid=275833760,nước tẩy trang garnier da dầu
275597758,"Kem dưỡng Retinol Skin Brightener 1% 50ml - Kem dưỡng sáng da, bảo vệ da, chống oxy hóa",4350000.0,4350000.0,0.0,0.0,0,,https://tiki.vnkem-duong-retinol-skin-brightener-1-50ml-kem-duong-sang-da-bao-ve-da-chong-oxy-hoa-p275597758.html?spid=275597759,kem dưỡng retinol skin
275255404,Sữa chống nắng dưỡng ẩm và làm dịu da WHOO GJH SUNQUID UV PROTECTIVE LOTION SET,887000.0,1200000.0,313000.0,0.0,0,,https://tiki.vnsua-chong-nang-duong-am-va-lam-diu-da-whoo-gjh-sunquid-uv-protective-lotion-set-p275255404.html?spid=275255405,sữa chống nắng dưỡng ẩm
273693504,Kem Chống Nắng Cho Da Lão Hóa Sun BB Celaud 30ml,390000.0,390000.0,0.0,0.0,0,,https://tiki.vnkem-chong-nang-cho-da-lao-hoa-sun-bb-celaud-30ml-p273693504.html?spid=273693505,kem chống nắng da lão
271497656,"[GOLDEN HEALTH] Kem Dưỡng Trắng Da Ban Ngày, Chống Nắng, Mờ Thâm, Nám, Tàn Nhang Nuôi Dưỡng Làn Da Trắng Sáng Hồng Hào Từ Sâu Bên Trong Beauty Leaf SPF15 50ml",959000.0,959000.0,0.0,0.0,0,,https://tiki.vngolden-health-kem-duong-trang-da-ban-ngay-chong-nang-mo-tham-nam-tan-nhang-nuoi-duong-lan-da-trang-sang-hong-hao-tu-sau-ben-trong-beauty-leaf-spf15-50ml-p271497656.html?spid=271497657,golden health kem dưỡng
271120394,Set Kem chống nắng tinh chất vàng Su:m37 Losec summa Lumiere Sun Protector SPF50+/PA++++,1182000.0,1500000.0,318000.0,0.0,0,,https://tiki.vnkem-chong-nang-tinh-chat-vang-su-m37-losec-summa-lumiere-sun-protector-spf50-pa-set-special-p271120394.html?spid=271120401,set kem chống nắng
263809458,Tinh chất sáng da căn bóng chứa AHA/PHA giúp da săn chắc rạng rỡ Miracle Toning Glow Serum 50ml,1182000.0,1600000.0,418000.0,0.0,0,,https://tiki.vntinh-chat-sang-da-can-bong-chua-aha-pha-giup-da-san-chac-rang-ro-miracle-toning-glow-serum-50ml-p263809458.html?spid=263809459,tinh chất sáng da căn bóng
249004322,Kem Ngừa Nám Tàn Nhang Đồi Mồi Trắng Da & Chống Nắng OLY HT CHÍNH HÃNG 12g & 25g LPK,65000.0,65000.0,0.0,5.0,1,,https://tiki.vnkem-ngua-nam-tan-nhang-doi-moi-trang-da-chong-nang-oly-ht-chinh-hang-p249004322.html?spid=249004324,kem ngừa nám tàn nhang
230082661,Bộ Tinh chất bí đao cocoon 70ml + Dung dịch chấm mụn bí đao Cocoon 5ml,403750.0,425000.0,21250.0,0.0,0,,https://tiki.vnbo-tinh-chat-bi-dao-cocoon-70ml-dung-dich-cham-mu-n-bi-dao-cocoon-5ml-p230082661.html?spid=230082662,tinh chất bí đao cocoon dung dịch chấm
225918674,"Nước tẩy trang bí đao Cocoon 500ml dành cho da dầu, da mụn thuần chay",285000.0,300000.0,15000.0,5.0,3,,https://tiki.vnnuoc-tay-trang-bi-dao-cocoon-500ml-danh-cho-da-dau-da-mun-thua-n-chay-p225918674.html?spid=225918675,nước tẩy trang bí đao cocoon
214088788,Serum Dưỡng Thể NIVEA Sáng Da Ban Đêm (180 ml) - 88367 (Bao bì thay đổi theo từng đợt nhập hàng),155000.0,155000.0,0.0,5.0,2,,https://tiki.vntinh-chat-duong-the-nivea-extra-white-duong-sang-da-min-da-180-ml-p214088788.html?spid=273568726,serum dưỡng thể nivea sáng
208065098,Stratacel Gel Silicone dành cho vết thương hở sau liệu trình thẩm mỹ,1430000.0,1430000.0,0.0,0.0,0,,https://tiki.vngel-silicone-lam-lanh-vet-thuong-ho-sau-lieu-trinh-tham-my-stratacel-10g-20g-50g-p208065098.html?spid=208065101,stratacel gel silicone dành
191800556,Tinh Chất Cô Đặc Tăng Cường Sáng Da Mờ Thâm Garnier New Bright Complete Vitamin C Ampoule Serum,115000.0,165000.0,50000.0,0.0,0,,https://tiki.vntinh-chat-co-dac-tang-cuong-sang-da-mo-tham-garnier-new-bright-complete-vitamin-c-ampoule-serum-p191800556.html?spid=271361014,tinh chất đặc tăng cường sáng
189336629,"Bộ sản phẩm Men Stay Simplicity sáng da, mờ thâm cho nam: Sữa rửa mặt 100g + Vital Serum sáng da 30ml + Kem dưỡng ẩm 80g",707000.0,707000.0,0.0,4.7,7,,https://tiki.vnbo-san-pham-sang-da-mo-tham-cho-nam-men-stay-simplicity-sua-rua-mat-80g-vital-serum-sang-da-30ml-kem-duong-am-80g-p189336629.html?spid=189336630,sản phẩm men stay simplicity
179520641,"Gel tẩy tế da chết Pime Mild Peeling chứa dưỡng ẩm, sạch sâu, làm sáng, hỗ trợ giảm mụn 200g",539400.0,580000.0,40600.0,5.0,1,,https://tiki.vngel-tay-te-da-chet-cho-da-mat-chua-duong-am-lam-sang-da-giam-mun-dung-duoc-voi-da-nhay-cam-pime-mild-peeling-200g-p179520641.html?spid=179520642,gel tẩy tế da chết
173854306,Bộ Kem dưỡng trắng OHUI Extreme White Cream set,1921000.0,2600000.0,679000.0,0.0,0,,https://tiki.vnbo-kem-duong-trang-ohui-extreme-white-cream-set-p173854306.html?spid=173854307,kem dưỡng trắng ohui
172951996,Gel Chống Nắng Nâng Tone Da Hatomugi UV Care & Tone Up UV Milky Gel SPF50+ PA++++ (Tuýp 70 G),250000.0,250000.0,0.0,5.0,1,,https://tiki.vnkem-chong-nang-nang-tone-da-hatomugi-uv-care-tone-up-uv-milky-gel-spf50-pa-tuyp-70g-p172951996.html?spid=172951997,gel chống nắng nâng
169128367,Combo Kem Dưỡng Ẩm Và Làm Sáng Da & Nước Dưỡng Ẩm Sâu Hatomugi Nhật Bản,199000.0,199000.0,0.0,0.0,0,,https://tiki.vncombo-kem-duong-am-va-lam-sang-da-nuoc-duong-am-sau-hatomugi-nhat-ban-p169128367.html?spid=169128369,combo kem dưỡng ẩm làm
143250301,Lotion Hạt Dưỡng Ẩm Ý Dĩ Naturie Hatomugi Skin Conditioner 500ml,149000.0,149000.0,0.0,0.0,0,,https://tiki.vnlotion-hat-duong-am-y-di-naturie-hatomugi-skin-conditioner-500ml-p143250301.html?spid=156812747,lotion hạt dưỡng ẩm ý dĩ naturie
138939206,Bộ đôi Kem chống nắng dạng sữa dịu nhẹ cho da nhạy cảm và trẻ em + Kem chống nắng dạng gel dịu nhẹ cho da nhạy cảm và trẻ em (Anessa Mild Milk 60ml + Mild Gel 90g),895000.0,895000.0,0.0,0.0,0,,https://tiki.vnbo-doi-kem-chong-nang-dang-sua-diu-nhe-cho-da-nhay-cam-va-tre-em-kem-chong-nang-dang-gel-diu-nhe-cho-da-nhay-cam-va-tre-em-anessa-mild-milk-60ml-mild-gel-90g-p138939206.html?spid=272429900,bộ kem chống nắng
63056683,Serum Dưỡng Trắng Chống Lão Hóa 25ml - MOC,290000.0,290000.0,0.0,4.8,4,,https://tiki.vnserum-duong-trang-chong-lao-hoa-25ml-moc-p63056683.html?spid=63056684,serum dưỡng trắng chống lão
57520413,Sữa rửa mặt dưỡng ẩm chống lão hóa WHOO GJH Soo Hydra. Foam Cleanser 180ml,665000.0,900000.0,235000.0,5.0,4,,https://tiki.vnsua-rua-mat-duong-am-chong-lao-hoa-whoo-gjh-soo-hydra-foam-cleanser-180ml-p57520413.html?spid=57520414,sữa rửa mặt dưỡng ẩm
49524363,"Mặt nạ bí đao cocoon 30ml da dầu, mụn ẩn",103000.0,103000.0,0.0,0.0,0,,https://tiki.vnmat-na-bi-dao-cocoon-30ml-da-dau-mun-an-p49524363.html?spid=58471954,mặt nạ bí đao cocoon da
42690539,Sữa Dưỡng Không Dầu Dịu Da & Phục Hồi Độ Ẩm Zakka Naturals Calendula Milky Liquid 150ml,297000.0,330000.0,33000.0,4.5,11,,https://tiki.vntoner-hoa-cuc-cap-am-lam-diu-da-calendula-honey-balancing-toner-150-ml-zakka-naturals-p42690539.html?spid=42690542,sữa dưỡng dầu dịu da phục hồi
38905487,Mặt Nạ Cám Gạo Dạng Thoa Keana Rice Pack Làm Sáng Mịn Da (170g) - NHẬP KHẨU NHẬT BẢN,294000.0,420000.0,126000.0,4.8,6,,https://tiki.vnmat-na-cam-gao-dang-thoa-keana-rice-pack-lam-sang-min-da-170g-nhap-khau-nhat-ban-p38905487.html?spid=38905488,mặt nạ cám gạo dạng
9803068,Combo 2 Bông Tẩy Trang Ipek 130 Miếng (Thổ Nhĩ Kì),80000.0,80000.0,0.0,4.5,7,,https://tiki.vncombo-bong-tay-trang-ipek-130-mieng-tho-nhi-ki-p9803068.html?spid=13308017,combo bông trang ipek
2626809,Naruko Ý Dĩ Nhân Đỏ - Tinh Chất Se Khít Lỗ Chân Lông Và Làm Sáng Da Raw Job’s Tears Pore And Brightening Essence (30ml),405000.0,405000.0,0.0,0.0,0,,https://tiki.vnnaruko-y-di-nhan-do-tinh-chat-se-khit-lo-chan-long-va-lam-sang-da-raw-job-s-tears-pore-and-brightening-essence-30ml-p2626809.html?spid=2627785,naruko ý dĩ nhân đỏ
2581293,Nước tẩy trang dành cho da nhạy cảm BIODERMA Sensibio H2O 250ml,415000.0,415000.0,0.0,0.0,0,,https://tiki.vnnuoc-tay-trang-danh-cho-da-nhay-cam-bioderma-sensibio-h2o-250ml-p2581293.html?spid=183335543,nước tẩy trang dành da
1362447,"Sữa Rửa Mặt Cetaphil Gentle Skin Cleaner (500ml) - 8394107341305,9318637069637",408250.0,408250.0,0.0,5.0,6,,https://tiki.vnsua-rua-mat-cetaphil-gentle-skin-cleaner-500ml-8394107341305-9318637069637-p1362447.html?spid=30739933,sữa rửa mặt cetaphil
877456,Combo 5 Giấy Thấm Dầu Mayan (70 Tờ Phấn),135000.0,175000.0,40000.0,3.6,8,,https://tiki.vncombo-5-giay-tham-dau-mayan-70-to-phan-p877456.html?spid=878774,combo giấy thấm dầu
548296,Xịt Khoáng Giúp Làm Sạch Và Dịu Da La Roche-Posay Serozinc (150ml),258000.0,258000.0,0.0,5.0,1,,https://tiki.vnxit-khoang-giup-lam-sach-va-diu-da-la-roche-posay-serozinc-150ml-p548296.html?spid=31493514,xịt khoáng giúp làm
278787203,Bộ Dưỡng Da Chống lão hóa The Whoo Jinyulhyang 3pcs Special Set,3825000.0,5100000.0,1275000.0,0.0,0,,https://tiki.vnbo-duong-da-chong-lao-hoa-the-whoo-jinyulhyang-3pcs-special-set-p278787203.html?spid=278787204,bộ dưỡng da chống lão
277612493,"Kem chống nắng nâng tông, hiệu chỉnh tông da Pretty Skin Hydra B5 Exosome Tone Up Hàn Quốc 50ml",285000.0,285000.0,0.0,0.0,0,,https://tiki.vnkem-chong-nang-nang-tong-hieu-chinh-tong-da-pretty-skin-hydra-b5-exosome-tone-up-han-quoc-50ml-p277612493.html?spid=277612494,kem chống nắng nâng
277437564,Kem dưỡng chuyên sâu SUPER RICH REPAIR dành cho da khô kinh niên của Dermalogica - Dolly Beauty,140000.0,140000.0,0.0,0.0,0,,https://tiki.vnkem-duong-chuyen-sau-super-rich-repair-danh-cho-da-kho-kinh-nien-cua-dermalogica-dolly-beauty-p277437564.html?spid=279076041,kem dưỡng chuyên sâu super
276182763,"Kem dưỡng sáng, mờ thâm nám đa tầng Goldnexamic 10X Anodin Hàn Quốc 35ml",545000.0,545000.0,0.0,0.0,0,,https://tiki.vnkem-nam-anodin-goldnexamic-10x-sang-da-mo-tham-nam-tre-hoam-tai-tai-lan-da-han-quoc-35ml-p276182763.html?spid=276182764,kem dưỡng sáng mờ
276075815,Sữa rửa mặt Kumano Hatomugi Reihaku Facial Foam giúp ngăn ngừa mụn và làm sáng da (130g) - Hàng chính hãng,69000.0,79000.0,10000.0,0.0,0,,https://tiki.vnsua-rua-mat-kumano-hatomugi-reihaku-facial-foam-giup-ngan-ngua-mun-va-lam-sang-da-130g-hang-chinh-hang-p276075815.html?spid=276075817,sữa rửa mặt kumano
275588528,Tinh chất làm giảm nám da Luma Nano Dark Sport Remover with Gold Nano 20ml,1700000.0,1700000.0,0.0,0.0,0,,https://tiki.vntinh-chat-lam-giam-nam-da-luma-nano-dark-sport-remover-with-gold-nano-20ml-p275588528.html?spid=275588529,tinh chất làm giảm nám
275587416,Tinh Chất Siêu Dưỡng Ẩm LaCabine 20% Hyaluronic Acid Solution Serum Cream,790000.0,790000.0,0.0,0.0,0,,https://tiki.vntinh-chat-sieu-duong-am-lacabine-20-hyaluronic-acid-solution-serum-cream-p275587416.html?spid=275587417,tinh chất siêu dưỡng ẩm lacabine hyaluronic
274919465,Bộ Dưỡng Trắng Da Trị Nám Whoo Gongjinhyang Seol Radiant White 3pcs,3900000.0,3900000.0,0.0,0.0,0,,https://tiki.vnbo-duong-trang-da-tri-nam-whoo-gongjinhyang-seol-radiant-white-3pcs-p274919465.html?spid=274919466,dưỡng trắng da trị nám
273826065,Mặt Nạ Đất Sét Lá Neem Đẩy Mụn Ẩn Hút Dầu Thừa Himalaya Neem Face Pack 150ml,288000.0,288000.0,0.0,5.0,1,,https://tiki.vnmat-na-dat-set-la-neem-loai-bo-mun-ba-nhon-va-mo-tham-himalaya-neem-face-pack-150ml-p273826065.html?spid=273826066,mặt nạ đất sét lá neem
273170406,"Tẩy tế bào chết vật lý dành cho da nhạy cảm, nhẹ nhàng đánh bóng để lộ ra làn da mịn màng, tràn đầy sức sống hơn Dermalogica Daily Milkfoliant 74g",2170000.0,2170000.0,0.0,0.0,0,,https://tiki.vnhcm-tay-te-bao-chet-dermalogica-daily-milkfoliant-nhe-nhang-danh-bong-de-lo-ra-lan-da-min-mang-tran-day-suc-song-hon-p273170406.html?spid=273170407,tẩy tế bào chết vật lý
272902043,"Tẩy tế bào chết hóa học giúp giảm sự xuất hiện nếp nhăn, đều màu da, thu nhỏ lỗ chân lông Dermalogica Liquid Peelfoliant 59ml",2570000.0,2570000.0,0.0,0.0,0,,https://tiki.vnliquid-peelfoliant-59ml-tay-te-bao-chet-giam-su-xuat-hien-nep-nhan-deu-mau-da-thu-nho-lo-chan-long-p272902043.html?spid=272902045,tẩy tế bào chết hóa học
272319658,Bông tẩy trang S Select Nhật Bản Hộp 225 miếng,69000.0,69000.0,0.0,0.0,0,,https://tiki.vnbong-tay-trang-s-select-nhat-ban-hop-225-mieng-p272319658.html?spid=272319659,bông tẩy trang s select
271973651,Bông tẩy trang 5 lớp đa năng 2 in 1 100% cotton thiên nhiên Reskin Cotton Puff Dual Mesh 150 miếng,35000.0,35000.0,0.0,0.0,0,,https://tiki.vnbong-tay-trang-5-lop-da-nang-2-in-1-100-cotton-thien-nhien-reskin-cotton-puff-dual-mesh-150-mieng-p271973651.html?spid=271973655,bông tẩy trang lớp đa năng
271529180,Phấn lạnh Snake Brand Prickly Heat Cooling powder Thái Lan 140g,99000.0,99000.0,0.0,5.0,1,,https://tiki.vnphan-lanh-snake-brand-prickly-heat-cooling-powder-thai-lan-140g-p271529180.html?spid=271529182,phấn lạnh snake brand
270860224,"Tinh chất serum peel da moose+ 30ml Hàn Quốc, tái tạo da, phục hồi da",450000.0,450000.0,0.0,0.0,0,,https://tiki.vntinh-chat-serum-peel-da-moose-30ml-han-quoc-tai-tao-da-phuc-hoi-da-p270860224.html?spid=270860225,tinh chất serum peel da
270507519,Sáp Tẩy Trang Nóng Loại Bỏ Mụn Đầu Đen Softymo Kose Nhật Bản Cica Black 90g,699000.0,699000.0,0.0,0.0,0,,https://tiki.vnsap-tay-trang-nong-loai-bo-mun-dau-den-softymo-kose-nhat-ban-cica-black-90g-p270507519.html?spid=270507520,sáp tẩy trang nóng loại bỏ
263486038,Mặt nạ trắng da Sakura 3D Whitening Collagen Mask Nhật Bản - 1 miếng 25ml,180000.0,180000.0,0.0,0.0,0,,https://tiki.vnmat-na-trang-da-sakura-3d-whitening-collagen-mask-nhat-ban-1-mieng-25ml-p263486038.html?spid=263486039,mặt nạ trắng da sakura
252584771,Kem Chống Nắng Dưỡng Ẩm Và Làm Sáng Da Hatomugi SPF50+ PA++++ Nhật Bản,199000.0,199000.0,0.0,0.0,0,,https://tiki.vnkem-chong-nang-duong-am-va-lam-sang-da-hatomugi-spf50-pa-nhat-ban-p252584771.html?spid=252584773,kem chống nắng dưỡng ẩm
205897781,Serum nước thần dưỡng da căng bóng Glow dark Seoul de matte,350000.0,350000.0,0.0,0.0,0,,https://tiki.vnserum-duong-da-glow-dark-seoul-de-matte-p205897781.html?spid=205897782,serum nước thần dưỡng da
202876768,Tinh chất dưỡng da phục hồi và trẻ hóa Ampoule Labo DERMAFIRM - Bio Correction Ampoule Collagen R4 (50ml),2280000.0,2280000.0,0.0,0.0,0,,https://tiki.vntinh-chat-duong-da-phuc-hoi-va-tre-hoa-ampoule-labo-dermafirm-bio-correction-ampoule-collagen-r4-50ml-p202876768.html?spid=202876769,tinh chất dưỡng da phục hồi
201099475,"Gel dưỡng ẩm cho da dầu, nhạy cảm, mụn đỏ Sesderma Azelac 50ml",2090000.0,2090000.0,0.0,0.0,0,,https://tiki.vngel-duong-am-cho-da-dau-nhay-cam-mun-do-sesderma-azelac-50ml-p201099475.html?spid=201099476,gel dưỡng ẩm da dầu
201048752,Sữa chống nắng cho da khô và da hỗn hợp Sesderma Repaskin Invisible Light SPF50 50ml,1590000.0,1590000.0,0.0,0.0,0,,https://tiki.vnsua-chong-nang-cho-da-kho-va-da-hon-hop-sesderma-repaskin-invisible-light-spf50-50ml-p201048752.html?spid=201048753,sữa chống nắng da
176804131,"Serum vàng 24K chống lão hóa, thải độc tố Gold Navacos V2 30ml",930000.0,930000.0,0.0,0.0,0,,https://tiki.vnserum-vang-24k-chong-lao-hoa-loai-bo-doc-to-gold-navacos-v2-30ml-p176804131.html?spid=176804132,serum vàng k chống
171591866,"Tinh chất chống lão hóa, tái tạo Collagen Peptide Expert Ampoule 30ml",1200000.0,1200000.0,0.0,0.0,0,,https://tiki.vntinh-chat-chong-lao-hoa-tai-tao-collagen-peptide-expert-ampoule-30ml-p171591866.html?spid=171591867,tinh chất chống lão hóa
165674988,"Sữa rửa mặt dạng bùn khoáng sạch sâu cho da mụn, hỗn hợp thiên dầu Dermalogica Active Clay Cleanser",60000.0,60000.0,0.0,0.0,0,,https://tiki.vndermalogica-chinh-hang-sua-rua-mat-dang-bun-khoang-sach-sau-cho-da-mun-hon-hop-thien-dau-active-clay-cleanser-p165674988.html?spid=165674990,sữa rửa mặt dạng
162844525,Sữa Rửa Mặt Fresh Dr Cell 150ml hỗ trợ làm sạch da ngăn ngừa mụn,280000.0,280000.0,0.0,5.0,1,,https://tiki.vnsua-rua-mat-fresh-dr-cell-150ml-p162844525.html?spid=162844538,sữa rửa mặt fresh
147734920," Tế bào gốc hỗ trợ sẹo, trẻ hoá da Hàn Quốc GSC GA ANTI AGEING AMPOULE, giúp xóa sẹo lồi, lõm, tái tạo cấu trúc da",395000.0,395000.0,0.0,4.8,4,,https://tiki.vnte-bao-goc-ho-tro-t-ri-seo-tre-hoa-da-han-quoc-gsc-ga-anti-ageing-ampoule-p147734920.html?spid=147734921,tế bào gốc hỗ trợ sẹo
136220259,Dung dịch thêm ẩm MULTI ACTIVE TONER của Dermalogica - Dolly Beauty,415000.0,415000.0,0.0,0.0,0,,https://tiki.vndung-dich-them-am-multiactive-toner-cua-dermalogica-dolly-beauty-p136220259.html?spid=136220261,dung dịch thêm ẩm multi active
115017850,Bộ 3 Cấp Ẩm Chuyên Sâu dành cho làn da khô Dermalogica Intensive Moisture Trio Kit,1245000.0,1245000.0,0.0,0.0,0,,https://tiki.vndermalogica-chinh-hang-bo-3-cap-am-chuyen-sau-danh-cho-lan-da-kho-intensive-moisture-trio-kit-p115017850.html?spid=115017851,cấp ẩm chuyên sâu dành
86517596,Mặt nạ đất sét P-Detox Tegoder Purifying Mask 75 ml Mã 8956,995000.0,995000.0,0.0,0.0,0,,https://tiki.vnmat-na-dat-set-p-detox-tegoder-purifying-mask-75-ml-ma-8956-p86517596.html?spid=86517598,mặt nạ đất sét p detox
75817811,"BIOGENIC RETINOL 1% FOR ADVANCE TRAVEL SIZE – KEM DƯỠNG DA, NGỪA LÃO HÓA, GIẢM MỤN",700000.0,700000.0,0.0,3.0,2,,https://tiki.vnbiogenic-retinol-1-for-advance-travel-size-kem-duong-da-ngua-lao-hoa-giam-mun-p75817811.html?spid=75817812,biogenic retinol for advance
67716809,Tinh Chất Chống Lão Hóa REN Keep Young And Beautiful Firming And Smoothing Serum ,2160000.0,2160000.0,0.0,0.0,0,,https://tiki.vntinh-chat-chong-lao-hoa-ren-keep-young-and-beautiful-firming-and-smoothing-serum-p67716809.html?spid=67716810,tinh chất chống lão hóa
50977357,Serum dưỡng trắng da Butiqlab Vitamin C Serum 100ml,850000.0,850000.0,0.0,0.0,0,,https://tiki.vnserum-duong-trang-da-butiqlab-vitamin-c-serum-100ml-p50977357.html?spid=134268209,serum dưỡng trắng da
48881524,Toner làm sạch chuyên sâu & nuôi dưỡng trắng da EIR Moisture Toner 150ml - Hàng Chính Hãng,1040000.0,1040000.0,0.0,0.0,0,,https://tiki.vntoner-lam-sach-chuyen-sau-nuoi-duong-trang-da-eir-moisture-toner-150ml-hang-chinh-hang-p48881524.html?spid=54756123,toner làm sạch chuyên sâu
43800771,Nước Hoa Hồng Làm Mềm Da Và Se Khít Lỗ Chân Lông BL Miracle Advanced Hydrating Softening Solution (120ml),1390000.0,1390000.0,0.0,0.0,0,,https://tiki.vnnuoc-hoa-hong-lam-mem-da-va-se-khit-lo-chan-long-bl-miracle-advanced-hydrating-softening-solution-120ml-p43800771.html?spid=43800772,nước hoa hồng làm mềm da
32278352,Bộ Dưỡng Tái Tạo Da Tinh Chất Vàng Ohui The First Geniture Special Gift 3pcs 47ml,300000.0,300000.0,0.0,4.8,9,,https://tiki.vnbo-duong-tai-tao-da-tinh-chat-vang-ohui-the-first-geniture-special-gift-3pcs-47ml-p32278352.html?spid=58360891,bộ dưỡng tái tạo da tinh chất vàng
31708604,Kem Hữu Cơ Trẻ Hóa  Xóa Nhăn Vùng Mắt NA&T STORY Cream Contour Des Yeux 30ML,1290000.0,1290000.0,0.0,0.0,0,,https://tiki.vnkem-huu-co-xoa-nhan-vung-mat-na-t-story-cream-contour-des-yeux-30ml-p31708604.html?spid=31708605,kem hữu cơ trẻ hóa
20857458,Mặt nạ đất sét Rosa Vedette gói 12g,20000.0,20000.0,0.0,5.0,4,,https://tiki.vnmat-na-dat-set-rosa-vedette-goi-12g-p20857458.html?spid=20857459,mặt nạ đất sét rosa vedette
2749337,Sữa Rửa Mặt Ngọc Trai A&Plus MV02 (500ml),1590000.0,1590000.0,0.0,0.0,0,,https://tiki.vnsua-rua-mat-ngoc-trai-a-plus-mv02-500ml-p2749337.html?spid=2778261,sữa rửa mặt ngọc trai
2749281,Bộ Chăm Sóc Da Nhờn Oily Skin Care Set A&Plus,1220000.0,1220000.0,0.0,0.0,0,,https://tiki.vnbo-cham-soc-da-nhon-oily-skin-care-set-a-plus-p2749281.html?spid=2778055,bộ chăm sóc da nhờn
278890529,Bộ Tinh chất tự sinh chống lão hóa thế hệ thứ 4 WHOO Bichup Ultimate Recovery Youth Serum Advent Calendar,1404000.0,1900000.0,496000.0,0.0,0,,https://tiki.vnbo-tinh-chat-tu-sinh-chong-lao-hoa-the-he-thu-4-whoo-bichup-ultimate-recovery-youth-serum-advent-calendar-p278890529.html?spid=278890530,tinh chất tự sinh chống lão
278675186,"Kem Nám Trắng Da Tàn Nhang Đồi Mồi (18g,30g) Sắc Tiên Today",148000.0,148000.0,0.0,4.3,3,,https://tiki.vnkem-nam-trang-da-tan-nhang-doi-moi-sac-tien-today-18g-nau-p278675186.html?spid=30008151,kem nám trắng da
278675181,"Kem Lão Hóa Trắng Da Loại Bỏ Sắc Tố Đen ( 18g,30g) Sắc Tiên Today",198000.0,198000.0,0.0,5.0,1,,https://tiki.vnkem-lao-hoa-trang-da-loai-bo-sac-to-den-18g-30g-sac-tien-today-p278675181.html?spid=31620978,kem lão hóa trắng
278165019,Kem dưỡng ẩm mịn mượt căng sáng da OHUI Miracle Moisture Ceramide Boosting Cream 60ml x 2 hũ,1473000.0,2000000.0,527000.0,0.0,0,,https://tiki.vnkem-duong-am-min-muot-cang-sang-da-ohui-miracle-moisture-ceramide-boosting-cream-60ml-x-2-hu-p278165019.html?spid=278165020,kem dưỡng ẩm mịn mượt
277555125,Máy rửa mặt Emmié By Happyskin Premium Facial Cleansing Brush Sonic EX - Hàng chính hãng,849000.0,990000.0,141000.0,0.0,0,,https://tiki.vnmay-rua-mat-emmie-by-happyskin-premium-facial-cleansing-brush-sonic-ex-hang-chinh-hang-p277555125.html?spid=277555131,máy rửa mặt emmié
277472720,Gel Rửa Mặt Cho Da Dầu Mụn Germaine PUREXPERT Extra Comfort Cleansing Gel | Kelly Beauty,1092000.0,1092000.0,0.0,0.0,0,,https://tiki.vngel-rua-mat-cho-da-dau-mun-germaine-purexpert-extra-comfort-cleansing-gel-kelly-beauty-p277472720.html?spid=270468303,gel rửa mặt da
276850148,Bông dưỡng da đa năng chiết xuất keo ong CNP Propolis Ampule Pad (70pads),406000.0,550000.0,144000.0,0.0,0,,https://tiki.vnbong-duong-da-da-nang-chiet-xuat-keo-ong-cnp-propolis-ampule-pad-70pads-p276850148.html?spid=276850149,bông dưỡng da đa năng chiết xuất
276612494,Bộ nước thần chống lão hoá sớm thế hệ mới Su:m37 Secret Essence Advanced Treatment Special Set,2216000.0,3000000.0,784000.0,0.0,0,,https://tiki.vnbo-nuoc-than-chong-lao-hoa-som-the-he-moi-su-m37-secret-essence-advanced-treatment-special-set-p276612494.html?spid=276612495,bộ nước thần chống
276545418,Nước Tẩy Trang Bioderma Sensibio 250ml,420000.0,420000.0,0.0,0.0,0,,https://tiki.vnnuoc-tay-trang-bioderma-sensibio-250ml-p276545418.html?spid=276550687,nước tẩy trang bioderma
276430538,Tuýp chấm mụn viêm & vết thâm đỏ sau mụn CNP AC-PRO Repairing Treatment 25ml,355000.0,480000.0,125000.0,0.0,0,,https://tiki.vntuyp-cham-mun-viem-vet-tham-do-sau-mun-cnp-ac-pro-repairing-treatment-25ml-p276430538.html?spid=276430539,tuýp chấm mụn viêm
275843781,Sữa Rửa Mặt Làm Giảm Mụn 80G Rosette Face Wash Pasta Acne Clear,93800.0,134000.0,40200.0,5.0,1,,https://tiki.vnsua-rua-mat-lam-giam-mun-80g-rosette-face-wash-pasta-acne-clear-p275843781.html?spid=275843782,sữa rửa mặt làm
275800302,Serum rau má giảm mụn Oribe dịu nhẹ giúp mờ thâm phục hồi da hỗ trợ kiềm dầu 20ml,139000.0,180000.0,41000.0,0.0,0,,https://tiki.vnserum-rau-ma-giam-mun-oribe-diu-nhe-giup-mo-tham-phuc-hoi-da-ho-tro-kiem-dau-20ml-p275800302.html?spid=275800303,serum rau má giảm mụn
275275059,Kem chống nắng nâng tông da OHUI DS Tone Up Sun Block UV Force 50ml,887000.0,1200000.0,313000.0,0.0,0,,https://tiki.vnkem-chong-nang-nang-tong-da-ohui-ds-tone-up-sun-block-uv-force-50ml-p275275059.html?spid=275275060,kem chống nắng nâng
275270532,[KHUYẾN MÃI] Kem Ủ Bề Mặt Da J-CREAM 10.56% - Kem Chính Hãng Bán Chạy Tại Hàn Quốc (Hàng Chính Hãng),749000.0,749000.0,0.0,0.0,0,,https://tiki.vnkem-u-be-mat-da-j-cream-10-56-kem-chinh-hang-ban-chay-tai-han-quoc-hang-chinh-hang-p275270532.html?spid=275270533,khuyến mãi kem ủ bề mặt
275270438,[KHUYẾN MÃI] Kem Ủ Bề Mặt Da - Giải Pháp An Toàn Từ Thương Hiệu Đến Từ Hàn Quốc (Hàng Chính Hãng),1099000.0,1099000.0,0.0,0.0,0,,https://tiki.vnkem-u-be-mat-da-giai-phap-an-toan-tu-thuong-hieu-den-tu-han-quoc-hang-chinh-hang-p275270438.html?spid=275270439,khuyến mãi kem ủ bề mặt
275044738,Kem Chống Nắng Chống Lão Hóa Whoo Gongjinhyang Sunquid UV Protective Lotion SPF 50+/PA++++ 50ml,880000.0,1100000.0,220000.0,0.0,0,,https://tiki.vnkem-chong-nang-chong-lao-hoa-whoo-gongjinhyang-sunquid-uv-protective-lotion-spf-50-pa-50ml-p275044738.html?spid=275044739,kem chống nắng chống
273180002,Set quà tặng cao cấp WEILAIYA: Combo dưỡng da body toàn diện - Dưỡng da ban đêm và Kem body chống nắng ban ngày,1135000.0,1135000.0,0.0,0.0,0,,https://tiki.vnset-qua-tang-cao-cap-weilaiya-combo-duong-da-body-toan-dien-duong-da-ban-dem-va-kem-body-chong-nang-ban-ngay-p273180002.html?spid=273180003,set quà tặng cao cấp
272450546,Tinh Chất BB Chống Nắng Trang Điểm D Program Allerdefense BB L SPF50+ PA+++ 30ml .#Tông Sáng,395000.0,395000.0,0.0,0.0,0,,https://tiki.vntinh-chat-bb-chong-nang-trang-diem-d-program-allerdefense-bb-l-spf50-pa-30ml-tong-sang-p272450546.html?spid=276456732,tinh chất bb chống nắng
270188626,Kem Nghệ Giảm Mụn Oriss Giúp Mờ Thâm Sẹo Dưỡng Ẩm Sáng Da 20g,66000.0,91000.0,25000.0,5.0,6,,https://tiki.vnkem-nghe-giam-mun-mo-tham-lien-seo-kich-thich-tai-tao-da-oriss-tuyp-20g-p270188626.html?spid=270188627,kem nghệ giảm mụn oriss
248788802,Serum Ha Pime cấp ẩm căng bóng tăng sinh collagen,650000.0,650000.0,0.0,0.0,0,,https://tiki.vnserum-ha-pime-cap-am-cang-bong-tang-sinh-collagen-p248788802.html?spid=248788803,
248774711,SỮA RỬA MẶT DỊU NHẸ PIME CLEANSING FOAM 150G,450000.0,450000.0,0.0,5.0,1,,https://tiki.vnsua-rua-mat-diu-nhe-pime-cleansing-foam-150g-p248774711.html?spid=248774712,sữa rửa mặt dịu
248772349,KEM NGÀY DƯỠNG TRẮNG CĂNG BÓNG PIME REMADE CREAM 50G,620000.0,620000.0,0.0,0.0,0,,https://tiki.vnkem-ngay-duong-trang-cang-bong-pime-remade-cream-50g-p248772349.html?spid=248772350,kem ngày trắng căng
248770354,"[PHIÊN BẢN MỚI] Gel chống nắng bảo vệ da và ngăn ngừa thâm nám, đốm nâu, nếp nhăn Vichy UV Age daily 40ml",525000.0,525000.0,0.0,0.0,0,,https://tiki.vnkem-chong-nang-danh-cho-da-dau-mun-vichy-uv-clear-anti-imperfections-50ml-p248770354.html?spid=271102710,phiên bản gel chống nắng
242731144,Hộp 10 miếng mặt nạ Collagen Cao cấp Hàn Quóc BENEW - Collagen Vitamin Complex siêu dưỡng chống lão hóa,230000.0,230000.0,0.0,0.0,0,,https://tiki.vnhop-10-mieng-mat-na-collagen-cao-cap-han-quoc-benew-collagen-vitamin-complex-sieu-duong-chong-lao-hoa-p242731144.html?spid=242731145,hộp mặt nạ collagen cao cấp
225967296,N15 - Serum tinh chất bí đao Cocoon 70ml 15% niacinamide sach mụn Thuần Chay,470250.0,495000.0,24750.0,5.0,1,,https://tiki.vntinh-cha-t-serum-bi-dao-n15-cocoon-70ml-gia-m-bo-ng-nho-n-gia-m-mu-n-thuan-chay-p225967296.html?spid=225967297,n serum tinh chất bí đao
217765854,Bông Tẩy Trang 200 Miếng Beyaki,43000.0,43000.0,0.0,4.0,1,,https://tiki.vnbong-tay-trang-200-mieng-beyaki-p217765854.html?spid=217765855,bông tẩy trang miếng
217472786,"Toner nước bí đao cân bằng da Cocoon 310ml ngăn ngừa mụn ẩn, làm sạch da thuần chay",285000.0,300000.0,15000.0,5.0,2,,https://tiki.vntoner-nuoc-bi-dao-can-bang-da-cocoon-310ml-ngan-ngua-mun-an-lam-sach-da-thuan-chay-p217472786.html?spid=217472787,toner nước bí đao cân bằng
217087655,Kem chống nắng Thanh Mộc Hương chống trôi nâng tone da kiềm dầu SPF 50+ PA++++ 50ml,290000.0,290000.0,0.0,5.0,1,,https://tiki.vnkem-chong-nang-thanh-moc-huong-chong-troi-nang-tone-da-kiem-dau-50ml-p217087655.html?spid=217087657,kem chống nắng thanh mộc
207626743,Dưỡng chất giảm nếp nhăn và giúp da trông trẻ hơn Vichy Liftactiv Retinol Serum 30ml,1250000.0,1250000.0,0.0,0.0,0,,https://tiki.vnduong-chat-giam-nep-nhan-va-giup-da-trong-tre-hon-vichy-liftactiv-retinol-serum-30ml-p207626743.html?spid=271320345,dưỡng chất giảm nếp
165968495,Bộ chăm sóc da mặt dưỡng trắng dưỡng ẩm chuyên sâu Wiesin mini - WS07,79000.0,79000.0,0.0,5.0,16,,https://tiki.vnbo-cham-soc-da-mat-duong-trang-duong-am-chuyen-sau-wiesin-mini-ws07-p165968495.html?spid=165968496,bộ chăm sóc da mặt dưỡng
160601039,"Serum giúp ngăn ngừa mụn, giảm nhờn cho da, giảm mờ vết thâm mụn Lá House Acne Control 15ml/30ml",645000.0,645000.0,0.0,5.0,6,,https://tiki.vnserum-ngan-ngua-mun-giam-nhon-giam-mun-la-house-acne-control-15ml-30ml-p160601039.html?spid=160601041,serum giúp ngăn ngừa mụn
142085425,Kem Rau Má Goodndoc Centella Repair Cream 50ml,460000.0,460000.0,0.0,4.8,4,,https://tiki.vnkem-rau-ma-goodndoc-centella-repair-cream-50ml-p142085425.html?spid=142085503,kem rau má goodndoc centella
123585095,"Serum C GoodnDoc Dưỡng Trắng Sáng Da,Hỗ Trợ Giảm Thâm Nám, Chống Lão Hóa Vitamin C 16.5 Daily Whitening - GoodnDoc Vitamin C 30ml",490000.0,490000.0,0.0,5.0,11,,https://tiki.vnserum-c-goodndoc-duong-trang-sang-da-ho-tro-giam-tham-nam-chong-lao-hoa-vitamin-c-16-5-daily-whitening-goodndoc-vitamin-c-30ml-p123585095.html?spid=130861253,serum c goodndoc dưỡng trắng
109023195,"Biogenic BHA For Professional Twins skin– Toner Thanh Tẩy Tế Bào Chết, Giảm Mụn, Thông Thoáng Lỗ Chân Lông Travelsize",390000.0,390000.0,0.0,5.0,1,,https://tiki.vnbiogenic-bha-for-professional-twins-skin-toner-thanh-tay-te-bao-chet-giam-mun-thong-thoang-lo-chan-long-travelsize-p109023195.html?spid=109023196,biogenic bha for professional
99220400, Kem dưỡng ẩm da mặt giúp da trắng hồng và se khít lỗ chân lông có chống nắng LYNSHAO ( Hàng Chính Hãng ),95000.0,95000.0,0.0,0.0,0,,https://tiki.vnkem-duong-am-da-mat-giup-da-trang-hong-va-se-khit-lo-chan-long-co-chong-nang-lynshao-hang-chinh-hang-p99220400.html?spid=221223510,kem dưỡng ẩm da mặt
75817601,"BIOGENIC RETINOL 1% FOR ADVANCE FULL SIZE – KEM DƯỠNG DA, NGỪA LÃO HÓA, GIẢM MỤN",1200000.0,1200000.0,0.0,4.3,3,,https://tiki.vnbiogenic-retinol-1-for-advance-full-size-kem-duong-da-ngua-lao-hoa-giam-mun-p75817601.html?spid=75817602,biogenic retinol for advance
75343039,Bộ Sản Phẩm Giúp Giảm Mụn & Phục Hồi Da Vichy Normaderm Phytosolution,750000.0,750000.0,0.0,3.3,4,,https://tiki.vnbo-san-pham-giup-giam-mun-phuc-hoi-da-vichy-normaderm-phytosolution-p75343039.html?spid=76296088,sản phẩm giúp giảm mụn
63891159,"MẶT NẠ VÀNG TINH KHIẾT TRẺ HÓA, NÂNG CƠ TRẺ HÓA LÀN DA QUEENIE 30G - MỸ PHẨM HÀN QUỐC",110000.0,110000.0,0.0,0.0,0,,https://tiki.vnmat-na-vang-tinh-khiet-tre-hoa-nang-co-tre-hoa-lan-da-queenie-30g-my-pham-han-quoc-p63891159.html?spid=63891160,mặt nạ vàng tinh khiết trẻ
42690547,"Toner Tẩy Da Chết AHA, BHA Mandelic Glow Zakka Naturals 150ml",333000.0,370000.0,37000.0,5.0,5,,https://tiki.vntoner-mandelic-giam-mun-lam-sach-sau-giam-viem-mo-tham-clarifying-acne-control-toner-150-ml-zakka-naturals-p42690547.html?spid=42690548,toner tẩy da chết
4394183,Kem dưỡng ẩm và trắng da NoTS White Luminaire Spot Correcting Cream 30g,943200.0,943200.0,0.0,4.6,5,,https://tiki.vnkem-duong-am-va-trang-da-nots-white-luminaire-spot-correcting-cream-30g-p4394183.html?spid=76280457,kem dưỡng ẩm trắng da
277979038,Essence Chống Nắng Nâng Tone Kose Suncut Tone Up UV Essence YN SPF 50+ PA++++ Màu Vàng 80 G,378000.0,378000.0,0.0,0.0,0,,https://tiki.vnessence-chong-nang-nang-tone-kose-suncut-tone-up-uv-essence-yn-spf-50-pa-mau-vang-80g-p277979038.html?spid=277979039,essence chống nắng nâng
277554308,Kem Dưỡng Làm Dịu và Phục Hồi Da La Roche-Posay Cicaplast Baume B5+ 40ml + Tặng Xịt khoáng 50ml,399000.0,399000.0,0.0,0.0,0,,https://tiki.vnkem-duong-lam-diu-va-phuc-hoi-da-la-roche-posay-cicaplast-baume-b5-40ml-p277554308.html?spid=277554309,kem dưỡng làm dịu
276448315,"Bộ skincare 4 sản phẩm Lassie’el Hàn Quốc - Chiết xuất từ thiên nhiên, làm sạch, cấp ẩm, ngăn ngừa lão hoá",2721000.0,2721000.0,0.0,0.0,0,,https://tiki.vnbo-skincare-4-san-pham-lassie-el-chiet-xuat-tu-thien-nhien-ngan-ngua-lao-hoa-cap-am-trang-sang-toan-dien-han-quoc-p276448315.html?spid=276448316,bộ skincare sản phẩm lassie
275239168,[MỚI] Serum dưỡng da và phục hồi da sau nắng Anessa Night Sun Care Serum 180ml,532000.0,615000.0,83000.0,5.0,2,,https://tiki.vnmoi-serum-duong-da-va-phuc-hoi-da-sau-nang-anessa-night-sun-care-serum-180ml-p275239168.html?spid=275239169,serum dưỡng da phục hồi da
275191600,Nước Tẩy Trang Cúc Và Mật Ong Dịu Nhẹ Dành Cho Da Nhạy Cảm - Calendula & Manuka Honey Ultra Mild Micellar Water - Zakka Naturals 500ml,265500.0,295000.0,29500.0,0.0,0,,https://tiki.vnnuoc-tay-trang-cuc-va-mat-ong-diu-nhe-danh-cho-da-nhay-cam-p275191600.html?spid=275191601,nước tẩy trang cúc mật ong
275191589,Combo Sữa Rửa Mặt Tạo Bọt Cetaphil Hydrating Foaming Cream Cleanser 236ml + Kem dưỡng ẩm CETAPHIL MOISTURISING CREAM 50G,582000.0,582000.0,0.0,0.0,0,,https://tiki.vncombo-sua-rua-mat-tao-bot-cetaphil-hydrating-foaming-cream-cleanser-236ml-kem-duong-am-cetaphil-moisturising-cream-50g-p275191589.html?spid=275191590,combo sữa rửa mặt tạo
274096130,Kem Chống Nắng Shezin's Skin Kem dưỡng da,550000.0,550000.0,0.0,0.0,0,,https://tiki.vnkem-chong-nang-shezin-s-skin-kem-duong-da-p274096130.html?spid=274096131,kem chống nắng shezin
274055387,Kem phục hồi da Zo Skin Health RECOVERY CRÉME 50ml,4000000.0,4000000.0,0.0,0.0,0,,https://tiki.vnkem-phuc-hoi-da-zo-skin-health-recovery-creme-p274055387.html?spid=274055388,kem phục hồi da zo
273716759,"Kem dưỡng mờ nám, sạm, tàn nhang Kyung Lab - Tuýp 50ml",320000.0,320000.0,0.0,0.0,0,,https://tiki.vnkem-duong-mo-nam-sam-tan-nhang-kyung-lab-tuyp-50ml-p273716759.html?spid=273716760,kem dưỡng mờ nám sạm
272787024,Combo sữa rửa mặt làm sạch sâu và kem chống nắng tối ưu cho da Celaud,854000.0,854000.0,0.0,0.0,0,,https://tiki.vncombo-sua-rua-mat-lam-sach-sau-va-kem-chong-nang-toi-uu-cho-da-celaud-p272787024.html?spid=272832956,combo sữa rửa mặt
248666665,MẶT NẠ Masque  HYDRA.110.254,895000.0,895000.0,0.0,0.0,0,,https://tiki.vnmat-na-masque-hydra-110-254-p248666665.html?spid=248666666,mặt nạ masque
224829371,Kem chống nắng dành cho da nám POWERBRIGHT MOISTURIZER SPF50 của Dermalogica - Dolly Beauty,2930000.0,2930000.0,0.0,0.0,0,,https://tiki.vnkem-chong-nang-danh-cho-da-nam-powerbright-moisturizer-spf50-cua-dermalogica-dolly-beauty-p224829371.html?spid=224829457,kem chống nắng dành
221243400,"[GARNIER] Kem Dưỡng Ban Ngày Chứa Vitamin C Giúp Trắng Da, Mờ Thâm Nám Mềm Mịn Bright Complete Serum Cream SPF30 50/18ml",324000.0,324000.0,0.0,0.0,0,,https://tiki.vngarnier-kem-duong-ban-ngay-chua-vitamin-c-giup-trang-da-mo-tham-nam-mem-min-bright-complete-serum-cream-spf30-50-18ml-p221243400.html?spid=271359913,garnier kem dưỡng ban ngày chứa
220669811,"Kem Dưỡng Ẩm Xương Rồng Thuần Chay Heebee's Cấp Ẩm Chuyên Sâu, Phục Hồi, Trẻ Hoá Da, Dịu Nhẹ Cho Da Nhạy Cảm, Da Mụn 30g",506000.0,506000.0,0.0,0.0,0,,https://tiki.vnkem-nuoc-phuc-hoi-xuong-rong-heebee-viet-nam-p220669811.html?spid=220669812,kem dưỡng ẩm xương rồng
207991195,Cushion Dành Riêng Cho Da Treatment Bio Cover Balm Kyung Lab,650000.0,650000.0,0.0,0.0,0,,https://tiki.vncushion-danh-rieng-cho-da-treatment-bio-cover-balm-kyung-lab-p207991195.html?spid=207991196,cushion dành riêng da
207853659,[HCM]  Kem chống nắng quang phổ rộng dành cho da dầu mụn Oil Free Matte  SFP30,2030000.0,2030000.0,0.0,0.0,0,,https://tiki.vnhcm-kem-chong-nang-quang-pho-rong-danh-cho-da-dau-mun-oil-free-matte-sfp30-p207853659.html?spid=207853660,hcm kem chống nắng quang
206672826,"Tẩy Trang Compliment 400ml Dành Cho Da Dầu, Nhạy Cảm & Mọi Loại Da",89000.0,89000.0,0.0,5.0,3,,https://tiki.vntay-trang-compliment-400ml-danh-cho-da-dau-nhay-cam-moi-loai-da-p206672826.html?spid=206672828,tẩy trang compliment dành da
206489766,Toner Compliment No Problem Salicylic Acid Làm Sạch Da Kiềm Dầu Giảm Mụn 200ml,75000.0,75000.0,0.0,5.0,4,,https://tiki.vntoner-compliment-no-problem-salicylic-acid-lam-sach-da-kiem-dau-giam-mun-200ml-p206489766.html?spid=206489770,toner compliment no problem
201424605,Sữa Rửa Mặt Than Hoạt Tính Dành Cho Nam DEVE Nhật Bản,129000.0,129000.0,0.0,0.0,0,,https://tiki.vnsua-rua-mat-than-hoat-tinh-danh-cho-nam-deve-nhat-ban-p201424605.html?spid=201424608,sữa rửa mặt than hoạt tính
201039664,Gel dưỡng phục hồi Sesderma Sebovalis Facial cho da dầu 50ml,1480000.0,1480000.0,0.0,0.0,0,,https://tiki.vngel-duong-phuc-hoi-sesderma-sebovalis-facial-cho-da-dau-50ml-p201039664.html?spid=201039665,gel dưỡng phục hồi sesderma sebovalis
200731935,Combo 5 Phim Siêu Thấm Dầu Jomi (70 Tờ/Gói) - Xanh,330000.0,330000.0,0.0,4.8,6,,https://tiki.vncombo-5-phim-sieu-tham-dau-jomi-70-to-goi-xanh-p200731935.html?spid=200731936,combo phim siêu thấm dầu
176803138,"Nước hoa hồng Navacos MEDI MOISTURE TONER kiềm dầu, se khít lỗ chân lông 120ml",720000.0,720000.0,0.0,0.0,0,,https://tiki.vnnuoc-hoa-hong-navacos-medi-moisture-toner-kiem-dau-se-khit-lo-chan-long-120ml-p176803138.html?spid=176803139,nước hoa hồng navacos medi
171825070,Kem và tinh chất Cellabel Vitamin C làm sáng và đều màu da – MULTI VITAMIN BRIGHTENING,1750000.0,1750000.0,0.0,0.0,0,,https://tiki.vnkem-va-tinh-chat-cellabel-vitamin-c-lam-sang-va-deu-mau-da-multi-vitamin-brightening-p171825070.html?spid=171825071,kem tinh chất cellabel vitamin
167521142,Kem Dưỡng Bioderma Hỗ Trợ Phục Hồi Da Tổn Thương 40ml Cicabio Creme ,395000.0,395000.0,0.0,0.0,0,,https://tiki.vnkem-duong-bioderma-ho-tro-phuc-hoi-da-ton-thuong-40ml-cicabio-creme-p167521142.html?spid=167521143,kem dưỡng bioderma hỗ trợ phục hồi
162844467,Gel Nha Đam Chấm Mụn Dr Cell 15ml hỗ trợ giảm mụn nhanh gom khô còi mụn nhanh chóng ngừa thâm mụn - Hàng Chính Hãng,200000.0,200000.0,0.0,0.0,0,,https://tiki.vngel-nha-dam-cham-mun-dr-cell-15ml-p162844467.html?spid=162844470,gel đam chấm mụn
142058519,Kem chống nắng vật lý Kamel ( Sun Screen)- 50g,520000.0,520000.0,0.0,0.0,0,,https://tiki.vnkem-chong-nang-vat-ly-kamel-sun-screen-50g-p142058519.html?spid=142058521,kem chống nắng vật lý
141939037,Kem Chống Nắng Nâng Tone Dưỡng Ẩm Và Làm Sáng Da Hatomugi SPF50+ PA++++ 70g ,179000.0,179000.0,0.0,4.7,11,,https://tiki.vnkem-chong-nang-nang-tone-duong-am-va-lam-sang-da-hatomugi-spf50-pa-70g-p141939037.html?spid=141939040,kem chống nắng nâng
135236106,Combo 2 Sữa rửa mặt dịu nhẹ cho da nhạy cảm Cetaphil Gentle Skin Cleanser 500ml,816000.0,816000.0,0.0,5.0,9,,https://tiki.vncombo-2-sua-rua-mat-diu-nhe-cho-da-nhay-cam-cetaphil-gentle-skin-cleanser-500ml-p135236106.html?spid=135236107,combo sữa rửa mặt
98935441,Kem dưỡng không chứa dầu ACTIVE MOISTE của Dermalogica - Dolly Beauty,75000.0,75000.0,0.0,0.0,0,,https://tiki.vnkem-duong-khong-chua-dau-active-moiste-cua-dermalogica-dolly-beauty-p98935441.html?spid=279076052,kem dưỡng chứa dầu
86150868,JENJUPAI (BẠC) KEM DƯỠNG TRẮNG DA - CHĂM SÓC DA NGÀY VÀ ĐÊM ,559000.0,559000.0,0.0,0.0,0,,https://tiki.vnjenjupai-ba-c-kem-duo-ng-tra-ng-da-cham-so-c-da-nga-y-va-dem-p86150868.html?spid=86150869,jenjupai kem dươ ng
73401964,Lip Smacer - Set Son Hương Trái Cây 6 Vị Truyền Thống Vỉ Nhôm - Lip Smacker Fruity Strawberry,219000.0,219000.0,0.0,5.0,7,,https://tiki.vnlip-smacer-set-son-huong-trai-cay-6-vi-truyen-thong-vi-nhom-lip-smacker-fruity-strawberry-p73401964.html?spid=73401965,lip smacer set son hương
71341320,Kem Hỗ Trợ Trị Nám V12 Stella's Scent - Stella's Scent V12 Brightening Spot,570000.0,570000.0,0.0,0.0,0,,https://tiki.vnkem-tri-nam-v12-stella-s-scent-stella-s-scent-v12-brightening-spot-p71341320.html?spid=71341321,kem hỗ trợ trị nám
48077863,"Mặt nạ bùn khoáng núi lửa kiểm soát dầu và mụn, thải độc tố, tái tạo da ZENNA Bentonite Clay 30g (5 túi/hộp) - Set du lịch - Phù hợp cho mọi loại da đặc biệt da dầu và mụn",150000.0,150000.0,0.0,4.0,1,,https://tiki.vnmat-na-bun-khoang-nui-lua-kiem-soat-dau-va-mun-thai-doc-to-tai-tao-da-zenna-bentonite-clay-30g-5-tui-hop-set-du-lich-phu-hop-cho-moi-loai-da-dac-biet-da-dau-va-mun-p48077863.html?spid=48077864,mặt nạ bùn khoáng núi lửa
38474080,Kem Dưỡng Ẩm Lô Hội Aromatica Soothing Aloe Aqua Cream 150g,205000.0,205000.0,0.0,4.7,3,,https://tiki.vnkem-duong-am-lo-hoi-aromatica-soothing-aloe-aqua-cream-150g-p38474080.html?spid=38474081,kem dưỡng ẩm lô hội
22389513,Kem chống nắng L'occitane trắng da Trân Châu Mai SPF50 30ml/Reine Blanche Illuminating Uv Shield Spf50 30ml,1150000.0,1150000.0,0.0,0.0,0,,https://tiki.vnkem-chong-nang-giup-lam-trang-tran-chau-mai-spf50-30ml-reine-blanche-illuminating-uv-shield-spf50-30ml-p22389513.html?spid=22389514,kem chống nắng l
19392140,Kem dưỡng làm trắng da ban đêm Nature Whitening Cream Nhật Bản 50g + Móc khóa,599000.0,599000.0,0.0,4.5,2,,https://tiki.vnkem-duong-lam-trang-da-ban-dem-nature-whitening-cream-nhat-ban-50g-moc-khoa-p19392140.html?spid=19392141,kem dưỡng làm trắng
8098651,Kem Chống Nắng SPF 50+ PA+++ Omar Sharif Paris -AC Care Bee Sun Protection,1050000.0,1050000.0,0.0,5.0,3,,https://tiki.vnkem-chong-nang-spf-50-pa-omar-sharif-paris-ac-care-bee-sun-protection-p8098651.html?spid=8098652,kem chống nắng spf
513165,"Combo Kem Dưỡng Giảm Mụn, Ngừa Vết Thâm, Se Nhỏ Lỗ Chân Lông La Roche-Posay Effaclar Duo+ M694050 (40ml) + Gel Rửa Mặt Dành Cho Da Dầu Nhạy Cảm La Roche-Posay Effaclar Purifying Foaming Gel 100771312 (50ml)",364000.0,364000.0,0.0,4.5,4,,https://tiki.vncombo-kem-duong-giam-mun-ngua-vet-tham-se-nho-lo-chan-long-la-roche-posay-effaclar-duo-m694050-40ml-gel-rua-mat-danh-cho-da-dau-nhay-cam-la-roche-posay-effaclar-purifying-foaming-gel-100771312-50ml-p513165.html?spid=176443196,combo kem dưỡng giảm mụn
278815860,Kem Dưỡng Ẩm Mặt MESABLUE REFRESING BLUE GEL 5ml x 20ea,700000.0,700000.0,0.0,0.0,0,,https://tiki.vnkem-duong-am-mat-mesablue-refresing-blue-gel-5ml-x-20ea-p278815860.html?spid=278815861,kem dưỡng ẩm mặt mesablue
278737865,Bộ tinh chất tự sinh chống lão hóa thế hệ thứ 4 THE WHOO Bichup Ultimate Recovery Youth Serum 90ml,3472000.0,4700000.0,1228000.0,0.0,0,,https://tiki.vnbo-tinh-chat-tu-sinh-chong-lao-hoa-the-he-thu-4-the-whoo-bichup-ultimate-recovery-youth-serum-90ml-p278737865.html?spid=278737866,tinh chất tự sinh chống lão
278730900,Mặt nạ giấy dưỡng da Foodaholic Essential Mask (10 miếng) - Hàng chính hãng,129000.0,159000.0,30000.0,0.0,0,,https://tiki.vnmat-na-giay-duong-da-foodaholic-essential-mask-10-mieng-hang-chinh-hang-p278730900.html?spid=278730902,mặt nạ giấy dưỡng da foodaholic
278717756,Nước tẩy trang sen Hậu Giang Cocoon 140ml Mỹ phẩm thuần chay,147250.0,155000.0,7750.0,0.0,0,,https://tiki.vnnuoc-tay-trang-sen-hau-giang-cocoon-140ml-my-pham-thuan-chay-p278717756.html?spid=278717757,nước tẩy trang sen hậu giang
278690576,"Bộ sản phẩm tiền tinh chất chăm sóc da lão hoá, tuần hoàn, làm dịu và bảo vệ làn da The Whoo Bichup Treatment Essence Danha set",1995000.0,2700000.0,705000.0,0.0,0,,https://tiki.vnbo-san-pham-tien-tinh-chat-cham-soc-da-lao-hoa-tuan-hoan-lam-diu-va-bao-ve-lan-da-the-whoo-bichup-treatment-essence-danha-set-p278690576.html?spid=278690577,sản phẩm tiền tinh chất chăm sóc
278604467,Sữa Rửa Mặt Làm Sạch Sâu Dưỡng Ẩm Sáng Da Kosé Infinity Foaming Wash Nhật Bản 120g,946800.0,946800.0,0.0,0.0,0,,https://tiki.vnsua-rua-mat-lam-sach-sau-duong-am-sang-da-kose-infinity-foaming-wash-nhat-ban-120g-p278604467.html?spid=278604468,sữa rửa mặt làm
278372420,Serum Siêu Dưỡng Da Collagen _ Collagen Water full Moist Serum,380000.0,380000.0,0.0,0.0,0,,https://tiki.vntinh-chat-sieu-duong-da-collagen-_-farmstay-collagen-water-full-moist-serum-p278372420.html?spid=278372421,serum siêu dưỡng da collagen
278322335,"Mặt nạ mắt dưỡng ẩm sâu, giảm quầng thâm và nếp nhăn Farmstay - Farmstay collagen water full hydrogel eye patch",355000.0,355000.0,0.0,0.0,0,,https://tiki.vnmat-na-mat-duong-am-sau-giam-quang-tham-va-nep-nhan-farmstay-farmstay-collagen-water-full-hydrogel-eye-patch-p278322335.html?spid=278322336,mặt nạ mắt dưỡng ẩm sâu giảm
278275372,Mặt Nạ Ngủ Tái Sinh Và Chống Lão Hóa Belif Regenerating Mask 75ml,680000.0,830000.0,150000.0,0.0,0,,https://tiki.vnmat-na-ngu-tai-sinh-va-chong-lao-hoa-belif-regenerating-mask-75ml-p278275372.html?spid=278275373,mặt nạ ngủ tái sinh chống
278250416,Kem Chống Nắng Tái Sinh Tế Bào Mầm Ohui The First Geniture Vitamin UV Defense SPF50+/PA+++,1418000.0,1800000.0,382000.0,0.0,0,,https://tiki.vnkem-chong-nang-tai-sinh-te-bao-mam-ohui-the-first-geniture-vitamin-uv-defense-spf50-pa-p278250416.html?spid=278250417,kem chống nắng tái sinh
278128540,Sửa rửa mặt thuần chay tạo bọt Ph Hubby Haut 5.7 Foam Cleanser 150ml,398000.0,398000.0,0.0,0.0,0,,https://tiki.vnsua-rua-mat-thuan-chay-tao-bot-ph-hubby-haut-5-7-foam-cleanser-150ml-p278128540.html?spid=278128541,sửa rửa mặt thuần chay
276754732,"Kem dưỡng siêu phục hồi Lassie’el Hàn Quốc 50ml - Chiết xuất thiên nhiên, dưỡng ẩm, ngăn ngừa lão hóa",780000.0,780000.0,0.0,0.0,0,,https://tiki.vnkem-duong-lassie-el-chiet-xuat-thien-nhien-duong-am-phuc-hoi-ngan-ngua-lao-hoa-50ml-han-quoc-p276754732.html?spid=276754733,kem dưỡng siêu phục hồi lassie
276435985,Mặt nạ ngủ tái sinh và chống lão hóa belif Regenerating Mask 75ml,613000.0,830000.0,217000.0,5.0,3,,https://tiki.vnmat-na-ngu-tai-sinh-va-chong-lao-hoa-belif-regenerating-mask-75ml-p276435985.html?spid=276435986,mặt nạ ngủ tái sinh chống
276434967,Kem dưỡng Phục hồi & Tiêu Nhiệt Beyond Angel Aqua Cica Cream,225000.0,310000.0,85000.0,0.0,0,,https://tiki.vnkem-duong-phuc-hoi-tieu-nhiet-beyond-angel-aqua-cica-cream-p276434967.html?spid=276434971,kem dưỡng phục hồi tiêu nhiệt
275914114,Lotion Tẩy Da Chết Cho Da Dầu Chứa AHA Obagi Nu-Derm Exfoderm Forte 57g,2200000.0,2200000.0,0.0,0.0,0,,https://tiki.vnlotion-tay-da-chet-cho-da-dau-chua-aha-obagi-nu-derm-exfoderm-forte-57g-p275914114.html?spid=275914115,lotion tẩy da chết
275802850,Sữa rửa mặt rau má tạo bọt Oribe làm sạch sâu dưỡng ẩm cho da mụn da dầu nhạy cảm 120ml,109000.0,150000.0,41000.0,0.0,0,,https://tiki.vnsua-rua-mat-rau-ma-tao-bot-oribe-lam-sach-sau-duong-am-cho-da-mun-da-dau-nhay-cam-120ml-p275802850.html?spid=275802851,sữa rửa mặt rau má
275588598,"Tinh Chất JA Hydra Bonding Serum Dưỡng Ẩm Phục Hồi Da, Giúp Da Căng Bóng Chuyên Sâu 55ml",1950000.0,1950000.0,0.0,0.0,0,,https://tiki.vntinh-chat-ja-hydra-bonding-serum-duong-am-phuc-hoi-da-giup-da-cang-bong-chuyen-sau-20-55ml-p275588598.html?spid=275588599,tinh chất ja hydra bonding
275502372,Tẩy Tế Bào Da Chết Natureine Aqua Peel Moisture Peeling Gel - Nhật Bản,385000.0,385000.0,0.0,5.0,4,,https://tiki.vntay-te-bao-da-chet-natureine-aqua-peel-moisture-peeling-gel-nhat-ban-p275502372.html?spid=275502375,tẩy tế bào da chết
273932523,Sữa rửa mặt Advanced Purifying Cleanser 200ml - Ds Laboratories,599000.0,699000.0,100000.0,0.0,0,,https://tiki.vnsua-rua-mat-advanced-purifying-cleanser-200ml-ds-laboratories-p273932523.html?spid=273932524,sữa rửa mặt advanced
244307794,Mặt nạ rau má & diếp cá Herbario 30ml sạch mụn thuần chay,110200.0,116000.0,5800.0,5.0,1,,https://tiki.vnma-t-na-rau-ma-die-p-ca-herbario-30ml-sa-ch-mu-n-thua-n-chay-p244307794.html?spid=244307795,mă t na rau
242452572,Combo Son tẩy da chết môi Cà phê Đắk Lắk Cocoon 5g + Son dưỡng môi dầu dừa Bến Tre Cocoon 5g,101650.0,107000.0,5350.0,0.0,0,,https://tiki.vncombo-son-tay-da-chet-moi-ca-phe-dak-lak-cocoon-5g-son-duong-moi-dau-dua-ben-tre-cocoon-5g-p242452572.html?spid=242452573,combo son tẩy da chết
168611190,Tinh Chất Vitamin Sáng Da & Chống Lão Hóa Dermalogica Biolumin C Serum,70000.0,70000.0,0.0,0.0,0,,https://tiki.vndermalogica-chinh-hang-tinh-chat-vitamin-sang-da-chong-lao-hoa-biolumin-c-serum-p168611190.html?spid=168611192,tinh chất vitamin sáng da
157850225,Kem chống nắng vật lý Love Skin-Sun Barrier,275000.0,275000.0,0.0,0.0,0,,https://tiki.vnkem-chong-nang-vat-ly-love-skin-sun-barrier-p157850225.html?spid=157850226,kem chống nắng vật lý
157636425,Bộ dưỡng làm dịu và dưỡng ẩm WHOO GJH Soo Hydrating 2pcs Set,2069000.0,2800000.0,731000.0,0.0,0,,https://tiki.vnbo-duong-am-cap-nuoc-whoo-gjh-soo-2pcs-special-set-p157636425.html?spid=157636426,bộ dưỡng làm dịu dưỡng
107876008,"Kem Dưỡng Làm Mờ Sẹo, Phục Hồi Và Tái Tạo Da Avene Cicalfate Repair Cream 100ml (Tặng băng đô mèo xinh xắn)",639000.0,639000.0,0.0,4.7,22,,https://tiki.vnkem-duong-lam-mo-seo-phuc-hoi-va-tai-tao-da-avene-cicalfate-repair-cream-100ml-tang-bang-do-meo-xinh-xan-p107876008.html?spid=107876012,kem dưỡng làm mờ
107766741,Sữa Dưỡng Ngăn Ngừa Lão Hóa Cho Cho Da Nhạy Cảm d program Vital Act Emulsion 100ml,1100000.0,1100000.0,0.0,0.0,0,,https://tiki.vnsua-duong-ngan-ngua-lao-hoa-cho-cho-da-nhay-cam-d-program-vital-act-emulsion-100ml-p107766741.html?spid=276448665,sữa dưỡng ngăn ngừa lão hóa
77285165,Bộ mỹ phẩm dưỡng ẩm da Queenie 2 sản phẩm,470000.0,470000.0,0.0,5.0,1,,https://tiki.vnbo-my-pham-duong-am-da-queenie-2-san-pham-p77285165.html?spid=77285166,mỹ phẩm dưỡng ẩm da queenie
75448164,Nước tẩy trang Garnier Skinactive Pure Active Micellar Cleansing Water - 400ml,145000.0,145000.0,0.0,0.0,0,,https://tiki.vnnuoc-tay-trang-garnier-skinactive-pure-active-micellar-cleansing-water-400ml-p75448164.html?spid=271318161,nước tẩy trang garnier skinactive
70932909,Bộ chống nắng không nhờn rít La Roche-Posay Anthelios Shaka Fluid 50ml & Nước Tẩy Trang Làm Sạch Sâu Cho Da Nhạy Cảm La Roche-Posay Micellar Water Ultra Sensitive Skin 100ml,490000.0,490000.0,0.0,0.0,0,,https://tiki.vnbo-chong-nang-khong-nhon-rit-la-roche-posay-anthelios-shaka-fluid-50ml-nuoc-tay-trang-lam-sach-sau-cho-da-nhay-cam-la-roche-posay-micellar-water-ultra-sensitive-skin-100ml-p70932909.html?spid=73815863,bộ chống nắng nhờn
68332656, DẦU TẨY TRANG D PROGRAM DƯỠNG DA 120ML,490000.0,490000.0,0.0,0.0,0,,https://tiki.vndau-tay-trang-d-program-duong-da-120ml-p68332656.html?spid=276457027,dầu tẩy trang d program dưỡng
59569242,"Bộ Sản Phẩm Gel Rửa Mặt Làm Sạch Sâu, Giảm Bã Nhờn Và Se Khít Lỗ Chân Lông VICHY Normaderm Phytosolution Intensive Purifying Gel",746350.0,746350.0,0.0,5.0,1,,https://tiki.vnbo-san-pham-gel-rua-mat-lam-sach-sau-giam-ba-nhon-va-se-khit-lo-chan-long-vichy-normaderm-phytosolution-intensive-purifying-gel-p59569242.html?spid=75326773,sản phẩm gel rửa mặt làm
58627936,Kem chống nắng kiêm kem lót dưỡng trắng Su:m37 Sun-away Multi Effect Sunblock AD SPF50+ PA+++ 50ml,813000.0,1100000.0,287000.0,5.0,5,,https://tiki.vnkem-chong-nang-kiem-kem-lot-duong-trang-su-m37-sun-away-multi-effect-sunblock-ad-spf50-pa-50ml-p58627936.html?spid=58627952,kem chống nắng kiêm
56598431,"Kem Chống Nắng Bơ Nghệ Kiềm Dầu, Chống Thấm Nước, Nâng tông da SPF50+ PA+++ 30ml",226700.0,229000.0,2300.0,0.0,0,,https://tiki.vnkem-chong-nang-bo-nghe-kiem-dau-chong-tham-nuoc-nang-tong-da-spf50-pa-30ml-p56598431.html?spid=198186956,kem chống nắng bơ nghệ
54485472,"Kem Chống Nắng Ngăn Sạm Da, Giảm Thâm Nám Vichy Capital Soleil Anti-Dark Spots 3 in 1 + Mineral 89 10ml",590000.0,590000.0,0.0,0.0,0,,https://tiki.vnkem-chong-nang-ngan-sam-da-giam-tham-nam-vichy-capital-soleil-anti-dark-spots-3-in-1-mineral-89-10ml-p54485472.html?spid=273733774,kem chống nắng ngăn sạm
33227252,Tinh chất cải thiện các vấn đề về da Su:m 37 Secret Essence Advanced 80ml,1404000.0,1900000.0,496000.0,5.0,2,,https://tiki.vntinh-chat-cai-thien-cac-van-de-ve-da-su-m-37-secret-essence-advanced-80ml-p33227252.html?spid=54759055,tinh chất cải thiện vấn đề da
20711011,KEM NGỪA NÁM - TÀN NHANG - ĐỒI MỒI - TRẮNG DA (MS : OH - 006)25g,195000.0,195000.0,0.0,0.0,0,,https://tiki.vnkem-ngua-nam-tan-nhang-doi-moi-trang-da-ms-oh-006-25g-p20711011.html?spid=221223434,kem ngừa nám tàn nhang
13429231,Sữa Rửa Mặt Dưỡng Ẩm OHUI Miracle Moisture Cleansing Foam FI50241128 (200ml) ,554000.0,750000.0,196000.0,4.1,8,,https://tiki.vnsua-rua-mat-duong-am-ohui-miracle-moisture-cleansing-foam-fi50241128-200ml-p13429231.html?spid=57386309,sữa rửa mặt dưỡng ẩm ohui
7818907,Phấn nước ngừa mụn Phấn Nụ Hoàng Cung,208000.0,208000.0,0.0,4.5,4,,https://tiki.vnphan-nuoc-ngua-mun-phan-nu-hoang-cung-p7818907.html?spid=7818908,phấn nước ngừa mụn
413605,"Kem Dưỡng Giúp Giảm Mụn, Giảm Bóng Dầu, Dưỡng Ẩm Normaderm TRI-ACTIV Vichy 100769029 (50ml)",555000.0,555000.0,0.0,3.5,2,,https://tiki.vnkem-duong-giup-giam-mun-giam-bong-dau-duong-am-normaderm-tri-activ-vichy-100769029-50ml-p413605.html?spid=72579454,kem dưỡng giúp giảm
277771469,Kem dưỡng trẻ hoá da Pharmaform Tri-Xamic Cream (30ml) - Hàng chính hãng,509000.0,560000.0,51000.0,0.0,0,,https://tiki.vnkem-duong-tre-hoa-da-pharmaform-tri-xamic-cream-30ml-hang-chinh-hang-p277771469.html?spid=277771471,kem dưỡng trẻ hóa
277770217,Tinh chất dưỡng ẩm Pharmaform Hydra 5 Complete (30ml) - Hàng chính hãng,360000.0,360000.0,0.0,0.0,0,,https://tiki.vntinh-chat-duong-am-pharmaform-hydra-5-complete-30ml-hang-chinh-hang-p277770217.html?spid=277770219,tinh chất dưỡng ẩm pharmaform hydra
277725890,Bông Tẩy Trang Và Nước Tẩy Trang Nhanh Dành Cho Vùng Mắt Kissme Heroine Make (120 mL),498000.0,498000.0,0.0,0.0,0,,https://tiki.vnbong-tay-trang-va-nuoc-tay-trang-nhanh-danh-cho-vung-mat-kissme-heroine-make-120ml-p277725890.html?spid=277725891,tẩy trang nước tẩy trang nhanh
276734978,"Combo Bao Khăn Lau Mặt Tiện Dụng PUFFME, 200 Miếng/Bao",225000.0,225000.0,0.0,5.0,1,,https://tiki.vncombo-bao-khan-lau-mat-tien-dung-puffme-200-mieng-bao-p276734978.html?spid=276797384,combo bao khăn lau
276435523,Bộ đôi Sữa rửa mặt lành tính Beyond Phytoganic Facial Foam 200ml x 2 chai,487500.0,650000.0,162500.0,0.0,0,,https://tiki.vnbo-doi-sua-rua-mat-lanh-tinh-beyond-phytoganic-facial-foam-200ml-x-2-chai-p276435523.html?spid=276435524,bộ sữa rửa mặt
275903808,Bộ Ba Làm Sạch & Cấp Ẩm & Dưỡng Trắng Da Herbloom Thuần Chay [Sửa Rửa Mặt 200ml + Toner 150ml + Serum 50ml],2319000.0,2319000.0,0.0,0.0,0,,https://tiki.vnbo-ba-lam-sach-cap-am-duong-trang-da-herbloom-thuan-chay-sua-rua-mat-200ml-toner-150ml-serum-50ml-p275903808.html?spid=275903809,bộ làm sạch cấp
275426001,Sữa rửa mặt CETAPHIL hydrating foaming 236ml,320000.0,320000.0,0.0,0.0,0,,https://tiki.vnsua-rua-mat-cetaphil-hydrating-foaming-236ml-p275426001.html?spid=275426002,sữa rửa mặt cetaphil
274405506,Kem chống nắng cấp nước dành cho da khô Pretty Skin Gangnnam Min Watery Mild Sun Cream,185000.0,185000.0,0.0,0.0,0,,https://tiki.vnkem-chong-nang-cap-nuoc-danh-cho-da-kho-pretty-skin-gangnnam-min-watery-mild-sun-cream-p274405506.html?spid=274405507,kem chống nắng cấp nước
273913658,Combo Sữa rửa mặt CETAPHIL GENTLE SKIN CLEANSER 500ML + Gel chống nắng cho da nhạy cảm Cetaphil Sun SPF 50+ Light Gel,944000.0,944000.0,0.0,0.0,0,,https://tiki.vncombo-sua-rua-mat-cetaphil-gentle-skin-cleanser-500ml-gel-chong-nang-cho-da-nhay-cam-cetaphil-sun-spf-50-light-gel-p273913658.html?spid=273913659,combo sữa rửa mặt
272319497,Xịt Chống Nắng S Select Nhật Bản SPF 50+ PA ++++ Chai 90g,199000.0,199000.0,0.0,0.0,0,,https://tiki.vnxit-chong-nang-s-select-nhat-ban-spf-50-pa-chai-90g-p272319497.html?spid=272319498,xịt chống nắng s
272135798,Serum Mụn (24h bay mụn),350000.0,350000.0,0.0,1.0,1,,https://tiki.vnserum-mun-24h-bay-mun-p272135798.html?spid=272135799,serum
270507548,Sáp Tẩy Trang Làm Sạch Sâu Lỗ Chân Lông Softymo Kose Nhật Bản Công Nghệ Clear-Pro 90g,699000.0,699000.0,0.0,0.0,0,,https://tiki.vnsap-tay-trang-lam-sach-sau-lo-chan-long-softymo-kose-nhat-ban-cong-nghe-clear-pro-90g-p270507548.html?spid=270507550,sáp tẩy trang làm sạch
263958937,RENI PREMIUM DEEP PEEL SERUM,450000.0,450000.0,0.0,0.0,0,,https://tiki.vnreni-premium-deep-peel-serum-p263958937.html?spid=263958939,reni premium deep peel
263958933,Kem dưỡng phục hồi tái tạo làn da cao cấp Reni Premium Calming Repair Cream,980000.0,980000.0,0.0,0.0,0,,https://tiki.vnkem-duong-phuc-hoi-tai-tao-lan-da-cao-cap-reni-premium-calming-repair-cream-p263958933.html?spid=263958934,kem dưỡng phục hồi tái tạo
252612266,"Combo Kem Chống Nắng Suncut, Sữa Rửa Mặt Và Nước Tẩy Trang Softymo Kose Nhật Bản",566000.0,566000.0,0.0,0.0,0,,https://tiki.vncombo-la-m-sa-ch-cho-ng-na-ng-kose-su-a-ru-a-ma-t-nuo-c-ta-y-trang-softymo-kem-cho-ng-na-ng-suncut-190g-230ml-60g-p252612266.html?spid=252612269,combo kem chô ng
250069865,"Sữa Rửa Mặt Da Dầu KARMEL 100g - Làm Sạch Dịu Nhẹ, Mềm Mịn; Giúp Sáng Da Se Khít Lỗ Chân Lông",350000.0,350000.0,0.0,0.0,0,,https://tiki.vnsua-rua-mat-da-dau-karmel-100g-lam-sach-diu-nhe-mem-min-giup-sang-da-se-khit-lo-chan-long-p250069865.html?spid=250069866,sữa rửa mặt da
216573430,TINH CHẤT TẾ BÀO GỐC TRẺ HÓA DA HISTOLAB 50% EGF COMPLEX AMPOULE DERMA SCIENCE,750000.0,750000.0,0.0,0.0,0,,https://tiki.vntinh-chat-te-bao-goc-tre-hoa-da-histolab-50-egf-complex-ampoule-derma-science-p216573430.html?spid=216573431,tinh chất tế bào gốc trẻ
208738899,Kem Face Collagen X3 Dưỡng Trắng Da - Ngừa Mụn - Mờ Nám - Phục Hồi Da Mỹ Phẩm Đông Anh Chính Hãng 20g,143000.0,143000.0,0.0,4.5,2,,https://tiki.vnkem-face-collagen-x3-duong-trang-da-ngua-mun-mo-nam-phuc-hoi-da-my-pham-dong-anh-chinh-hang-20g-p208738899.html?spid=249952969,kem face collagen x
207825514,"Tinh chất giảm thâm,  ngăn ngừa mụn và sáng đều màu da Dermalogica BIOLUMIN-C GEL MOISTURIZER 50ml",2500000.0,2500000.0,0.0,0.0,0,,https://tiki.vnhcm-tinh-chat-giam-tham-ngan-ngua-mun-sang-deu-mau-da-dermalogica-biolumin-c-gel-moisturizer-p207825514.html?spid=207825515,tinh chất giảm thâm ngăn ngừa
207583435,Mặt Nạ Giấy Chống Lão Hóa Tái Tạo Phục Hồi Da Kosé Clear Turn Komachi Smoothing Face Mask (7 Miếng),278000.0,278000.0,0.0,0.0,0,,https://tiki.vngoi-lot-mun-dau-den-clear-turn-black-peel-off-pack-5-tam-p207583435.html?spid=207583507,mặt nạ giấy chống lão
202267239,Kem dưỡng vùng mắt Dermalogica Age Reversal Eye Complex 15ml dành cho da lão hóa,2480000.0,2480000.0,0.0,0.0,0,,https://tiki.vnkem-duong-vung-mat-dermalogica-age-reversal-eye-complex-15ml-danh-cho-da-lao-hoa-p202267239.html?spid=202267241,kem dưỡng vùng mắt
202242889,Gel dưỡng ẩm dành cho da nhạy cảm & da khô Dermalogica Calm Water Gel 50ml,1920000.0,1920000.0,0.0,0.0,0,,https://tiki.vngel-duong-am-dermalogica-calm-water-gel-50ml-danh-cho-da-nhay-cam-da-kho-p202242889.html?spid=202242890,gel dưỡng ẩm dành da
201050414,Kem dưỡng chống oxy hóa Sesderma C-Vit Radiance cho da dầu và da hỗn hợp 50ml,2480000.0,2480000.0,0.0,0.0,0,,https://tiki.vnkem-duong-chong-oxy-hoa-sesderma-c-vit-radiance-cho-da-dau-va-da-hon-hop-50ml-p201050414.html?spid=201050415,kem dưỡng chống hóa
184040118,Serum dưỡng ẩm và trẻ hóa da Teoxane RHA Serum,3800000.0,3800000.0,0.0,0.0,0,,https://tiki.vnserum-duong-am-va-tre-hoa-da-teoxane-rha-serum-p184040118.html?spid=184040119,serum dưỡng ẩm trẻ hóa
172817856,Sữa Rửa Mặt Hatomugi Facial Foam Dưỡng Ẩm Và Ngừa Mụn Chiết Xuất Hạt Ý Dĩ (Tuýp 170g),158000.0,158000.0,0.0,0.0,0,,https://tiki.vnsua-rua-mat-reihaku-hatomugi-facial-foam-duong-am-va-ngua-mun-chiet-xuat-hat-y-di-tuyp-170g-p172817856.html?spid=172817857,sữa rửa mặt hatomugi
171626289,Tinh chất dưỡng ẩm chuyên sâu Triple Hyaluronic Ampoule 3M Technology 30ml,1200000.0,1200000.0,0.0,0.0,0,,https://tiki.vntinh-chat-duong-am-chuyen-sau-triple-hyaluronic-ampoule-3m-technology-30ml-p171626289.html?spid=171626290,tinh chất dưỡng ẩm chuyên sâu
146488288,"Kem đêm Pime Feel Up cream tái tạo, phục hồi da, căng bóng , mờ nám trắng da 50g",690000.0,690000.0,0.0,0.0,0,,https://tiki.vnkem-dem-pime-feel-up-cream-tai-tao-phuc-hoi-da-cang-bong-mo-nam-trang-da-50g-p146488288.html?spid=146488289,kem đêm pime feel
136870552,"[DƯỠNG TRẮNG CHUYÊN SÂU] Combo Bộ 4 Dưỡng Da Trắng Mịn Nhau Thai Nhật Bản MICCOSMO White Label (Sữa Rửa Mặt, Nước Hoa Hồng, Kem Dưỡng, Sữa Dưỡng Thể - CB03)",1480000.0,1480000.0,0.0,0.0,0,,https://tiki.vn-duong-trang-chuyen-sau--combo-bo-4-duong-da-trang-min-nhau-thai-nhat-ban-miccosmo-white-label--sua-rua-mat--nuoc-hoa-hong--kem-duong--sua-duong-the---cb03--p136870552.html?spid=136870553,dưỡng trắng chuyên sâu combo
103674422,Combo 4 dưỡng da cơ bản và chống nắng Sắc Ngọc Khang [Nước tẩy trang 145ml + Sữa rửa mặt 100g + Nước hoa hồng 145ml + Kem chống nắng 50g],419000.0,838000.0,419000.0,4.3,6,,https://tiki.vncombo-giup-da-sach-sau-bao-ve-da-sac-ngoc-khang-nuoc-tay-trang-145ml-sua-rua-mat-100g-nuoc-hoa-hong-145ml-kem-chong-nang-50g-p103674422.html?spid=103674423,combo dưỡng da cơ bản chống
73983644,KEM NGHỆ JAVI'E NANOMIN,340000.0,340000.0,0.0,0.0,0,,https://tiki.vnkem-nghe-javi-e-nanomin-p73983644.html?spid=73983645,kem nghệ javi e
68564408,Serum Mụn Thâm Mờ Sẹo - Love Skin White - 5ml,99000.0,99000.0,0.0,4.5,47,,https://tiki.vnserum-mun-tham-mo-seo-love-skin-white-5ml-p68564408.html?spid=68564409,serum mụn thâm mờ sẹo
53313877,Tinh Chất Dưỡng Ẩm Chống Lão Hóa - Young &be Facial Synergy Ampoule,412500.0,412500.0,0.0,0.0,0,,https://tiki.vntinh-chat-duong-am-chong-lao-hoa-young-be-facial-synergy-ampoule-p53313877.html?spid=53313878,tinh chất dưỡng ẩm chống
51542236,Kem chống nắng dạng xịt dưỡng da bảo vệ hoàn hảo Anessa Perfect UV Sunscreen Skincare Spray SPF 50+ PA++++ 60g,441000.0,455000.0,14000.0,5.0,20,,https://tiki.vnkem-chong-nang-dang-xit-duong-da-bao-ve-hoan-hao-anessa-perfect-uv-sunscreen-skincare-spray-spf-50-pa-60g-p51542236.html?spid=59495565,kem chống nắng dạng
32975582,Tinh Chất Dưỡng Da OBZÉÉ Idebenone Renew Ampoule,1620000.0,1620000.0,0.0,0.0,0,,https://tiki.vntinh-chat-duong-da-obzee-idebenone-renew-ampoule-p32975582.html?spid=32975583,tinh chất dưỡng da obzéé
32371550,Tinh Chất Hữu Cơ NA&T STORY Trẻ Hóa Nâng Cơ Serum Lift Hypdratant 30ML,1390000.0,1390000.0,0.0,0.0,0,,https://tiki.vntinh-chat-huu-co-na-t-story-tre-hoa-nang-co-serum-lift-hydratant-30ml-p32371550.html?spid=32371551,tinh chất hữu cơ na t story
24998913,10 Miếng Mặt nạ cao cấp tinh chất Lô Hội – Mulbit Aloe Soothing Mask Sheet ( 10 miếng / Hộp ),380000.0,380000.0,0.0,0.0,0,,https://tiki.vnmat-na-cao-cap-tinh-chat-lo-hoi-mulbit-aloe-soothing-mask-sheet-12-mieng-hop-p24998913.html?spid=24998914,mặt nạ cao cấp tinh chất lô
16374953,[ Tặng thêm 2 miếng ] Combo 10 Mặt nạ dưỡng da tinh chất hồng sâm Dermal,154000.0,154000.0,0.0,5.0,4,,https://tiki.vn10-mat-na-duong-da-tinh-chat-hong-sam-dermal-p16374953.html?spid=16374954,tặng thêm combo mặt nạ dưỡng
9871710,"dưỡng trắng chuyên sâu niceday(giúp da trắng sáng tự nhiên, Kích thích tái tạo tế bào mới)",260000.0,260000.0,0.0,0.0,0,,https://tiki.vnkem-duong-trang-da-nice-day-p9871710.html?spid=186244087,dưỡng trắng chuyên sâu
7818267,Nước hoa hồng Phấn Nụ Hoàng Cung,186000.0,186000.0,0.0,4.8,6,,https://tiki.vnnuoc-hoa-hong-phan-nu-hoang-cung-p7818267.html?spid=7818268,nước hoa hồng phấn hoàng cung
562236,"Combo Kem Dưỡng Da Làm Giảm Mụn SVR Sebiaclear Mat + Pores Tuýp 40ml + Nước Làm Sạch Da, Tẩy Trang Và Loại Bỏ Dầu SVR Sebiaclear Eau Micellaire Chai 75ml",605000.0,605000.0,0.0,5.0,1,,https://tiki.vncombo-kem-duong-da-lam-giam-mun-svr-sebiaclear-mat-pores-tuyp-40ml-nuoc-lam-sach-da-tay-trang-va-loai-bo-dau-svr-sebiaclear-eau-micellaire-chai-75ml-p562236.html?spid=11054145,combo kem dưỡng da
279076133,Tinh chất dưỡng da SMART RESPONSE SERUM của Dermalogica  - Dolly Beauty,315000.0,315000.0,0.0,0.0,0,,https://tiki.vntinh-chat-duong-da-smart-response-serum-cua-dermalogica-dolly-beauty-p279076133.html?spid=279076138,tinh chất dưỡng da smart
279032323,Kem dưỡng chống lão hóa da giàu dưỡng chất TENAMYD Silk Lagoon Day & Night Cream 60g,666000.0,740000.0,74000.0,0.0,0,,https://tiki.vnkem-duong-chong-lao-hoa-da-giau-duong-chat-tenamyd-silk-lagoon-day-night-cream-60g-p279032323.html?spid=279032327,kem dưỡng chống lão
278994685, Tinh chất dầu dưỡng trẻ hóa da Luvum Slow Aging Super Food Oil (30ml) - Hàng chính hãng,489000.0,599000.0,110000.0,0.0,0,,https://tiki.vntinh-chat-dau-duong-tre-hoa-da-luvum-slow-aging-super-food-oil-30ml-hang-chinh-hang-p278994685.html?spid=278994687,tinh chất dầu dưỡng trẻ hóa
278323193,Mặt nạ mắt vàng 24k & Peptide Farmstay 24k Gold & Peptide Solution Ampoule Eye Patch,490000.0,490000.0,0.0,0.0,0,,https://tiki.vnmat-na-mat-vang-24k-peptide-farmstay-24k-gold-peptide-solution-ampoule-eye-patch-p278323193.html?spid=278323194,mặt nạ mắt vàng k
277253320,"Xịt khoáng cấp ẩm, dưỡng da Welcos IOU Super Aqua Moist Mist Hàn Quốc 150g",115000.0,115000.0,0.0,0.0,0,,https://tiki.vnxit-khoang-cap-am-duong-da-welcos-iou-super-aqua-moist-mist-han-quoc-150g-p277253320.html?spid=277253321,xịt khoáng cấp ẩm dưỡng
276376707,Serum ngừa mụn Natural Xtracts Niacinamide Blemish Serum hỗ trợ kiềm dầu và giảm thâm (30ml) - Hàng chính hãng,149000.0,249000.0,100000.0,0.0,0,,https://tiki.vnserum-ngua-mun-natural-xtracts-niacinamide-blemish-serum-ho-tro-kiem-dau-va-giam-tham-30ml-hang-chinh-hang-p276376707.html?spid=276376709,serum ngừa mụn natural
276239307,"Nước hoa hồng trà xanh và bơ dưỡng trắng da, chống nhăn, kháng khuẩn ngừa mụn - DABO Greentea Avocado Nourishing Toner 300ml",310000.0,310000.0,0.0,0.0,0,,https://tiki.vnnuoc-hoa-hong-tra-xanh-va-bo-duong-trang-da-chong-nhan-khang-khuan-ngua-mun-dabo-greentea-avocado-nourishing-toner-300ml-p276239307.html?spid=276239308,nước hoa hồng trà xanh
276239291,"Nước hoa hồng Glutathione dưỡng trắng da, chống nhăn nâng cơ ngừa thâm nám - DABO Glutathione Snow White Melanope Toner 300ml",310000.0,310000.0,0.0,0.0,0,,https://tiki.vnnuoc-hoa-hong-glutathione-duong-trang-da-chong-nhan-nang-co-ngua-tham-nam-dabo-glutathione-snow-white-melanope-toner-300ml-p276239291.html?spid=276239292,nước hoa hồng glutathione dưỡng trắng
275587469,"Tinh Chất Làm Sáng Da, Chống Oxy Hóa LaCabine Vit-C Serum",980000.0,980000.0,0.0,0.0,0,,https://tiki.vntinh-chat-lam-sang-da-chong-oxy-hoa-lacabine-vit-c-serum-p275587469.html?spid=275587470,tinh chất làm sáng da
274890343,"Gel rửa mặt sạch sâu dành cho da dầu mụn, nhạy cảm Ph 5.5 Anodin KavaKava Calming 150ml",225000.0,225000.0,0.0,0.0,0,,https://tiki.vngel-rua-mat-sach-sau-danh-cho-da-dau-mun-nhay-cam-ph-5-5-anodin-kavakava-calming-150ml-p274890343.html?spid=274890344,gel rửa mặt sạch
274802920,[MUA 1 TẶNG 1] LULULUN - Sáp tẩy trang Lululun Cleansing Balm Rich Moist,585000.0,585000.0,0.0,0.0,0,,https://tiki.vnsap-tay-trang-lululun-cleansing-balm-rich-moist-p274802920.html?spid=274802921,mua tặng lululun sáp
273546685,Xịt Chống Nắng Siêu Chống Thấm Nước Suncut Kosé Nhật Bản (Chai 90G),299000.0,299000.0,0.0,0.0,0,,https://tiki.vnxit-chong-nang-sieu-chong-tham-nuoc-suncut-kose-nhat-ban-chai-90g-p273546685.html?spid=273546687,xịt chống nắng chống
271973493,"Nước Tẩy Trang Dưỡng Trắng Galactomyces Prettyskin Deep Cleansing Water 500ml, Tẩy Trang Cho Da Nhạy Cảm",235000.0,235000.0,0.0,0.0,0,,https://tiki.vnnuoc-tay-trang-duong-trang-galactomyces-prettyskin-deep-cleansing-water-500ml-tay-trang-cho-da-nhay-cam-p271973493.html?spid=271973494,nước tẩy trang dưỡng trắng
270993190,"Kem chống nắng Lô hôi dịu da, kiềm dầu Kwailnara Aloe Vera Sun Cream SPF50+ PA++++ 50g",165000.0,165000.0,0.0,0.0,0,,https://tiki.vnkem-chong-nang-lo-hoi-diu-da-kiem-dau-kwailnara-aloe-vera-sun-cream-spf50-pa-50g-p270993190.html?spid=270993191,kem chống nắng lô
252920320,Tẩy Da Chết Rau Má Làm Sáng Da Giảm Mụn Đầu Đen Pretty Skin The Pure Jeju Cica Peeling Gel 150ml tặng móc khóa,265000.0,265000.0,0.0,0.0,0,,https://tiki.vntay-da-chet-rau-ma-lam-sang-da-giam-mun-dau-den-pretty-skin-the-pure-jeju-cica-peeling-gel-150ml-tang-moc-khoa-p252920320.html?spid=252920321,tẩy da chết rau má
252612224,Chống Nắng Dạng Gel Kose Suncut UV Gel Super Water Proof SPF 50+/PA++++ 100g,219000.0,219000.0,0.0,0.0,0,,https://tiki.vnchong-nang-dang-gel-kose-suncut-uv-gel-super-water-proof-spf-50-pa-100g-p252612224.html?spid=252612232,chống nắng dạng gel
250108901,[TẶNG MÓC KHOÁ] Kem Body Dr.Light Kem dưỡng Trắng Sáng Da Với Hợp Chất Retinol Niacinamide BHA 200ml ,289000.0,289000.0,0.0,0.0,0,,https://tiki.vntang-moc-khoa-kem-body-dr-light-kem-duong-trang-sang-da-voi-hop-chat-retinol-niacinamide-bha-200ml-p250108901.html?spid=250108902,tặng móc khóa kem
248681254,MẶT NẠ  Masque PURETÉ.110.061 ,839000.0,839000.0,0.0,0.0,0,,https://tiki.vnmat-na-masque-purete-110-061-p248681254.html?spid=248681255,mặt nạ masque
247913748,Kem Đêm Collagen Rebirth DR CELL 30g dưỡng trắng chống lão hoá da mờ nếp nhăn - Hàng Chính Hãng,550000.0,550000.0,0.0,0.0,0,,https://tiki.vnkem-dem-collagen-rebirth-dr-cell-30g-p247913748.html?spid=247913749,kem đêm collagen rebirth
242829090,Kem dưỡng ban đêm dành cho da có sắc tố POWERBRIGHT OVERNIGHT CREAM của Dermalogica - Dolly Beauty,3300000.0,3300000.0,0.0,0.0,0,,https://tiki.vnkem-duong-ban-dem-danh-cho-da-co-sac-to-powerbright-overnight-cream-cua-dermalogica-dolly-beauty-p242829090.html?spid=242829091,kem dưỡng ban đêm dành
220672950,Peel da tại nhà RAPID REVEAL PEEL của Dermalogica - Dolly Beauty,3057000.0,3057000.0,0.0,0.0,0,,https://tiki.vnpeel-da-tai-nha-rapid-reveal-peel-cua-dermalogica-dolly-beauty-p220672950.html?spid=220672951,peel da nhà rapid
213715371,Kem dưỡng làm trắng giữ ẩm chống lão hóa da,678000.0,678000.0,0.0,0.0,0,,https://tiki.vnkem-duong-lam-trang-giu-am-chong-lao-hoa-da-50ml-alpha-arbutin-whitening-5-p213715371.html?spid=213715372,kem dưỡng làm trắng
207965521,Serum Giảm Thâm Nám Làm Trắng Da Kyung Lab Pure Trx Pigment Control 30ml,745000.0,745000.0,0.0,5.0,1,,https://tiki.vnserum-giam-tham-nam-lam-trang-da-kyung-lab-pure-trx-pigment-control-30ml-p207965521.html?spid=207965526,serum giảm thâm nám làm
199268723,Kem dưỡng trắng da mặt Mychi Face - Hàng cao cấp,280000.0,280000.0,0.0,0.0,0,,https://tiki.vnkem-duong-trang-da-mat-mychi-face-hang-cao-cap-p199268723.html?spid=199268724,kem dưỡng trắng da
191006559,Serum sáng da mờ thâm Vitamin C PRETASA C10 Extra Serum - Hàng Chính Hãng,1450000.0,1450000.0,0.0,0.0,0,,https://tiki.vnserum-sang-da-mo-tham-vitamin-c-pretasa-c10-extra-serum-hang-chinh-hang-p191006559.html?spid=191006560,serum sáng da mờ
185307286,Sữa Rửa Mặt Walensee GEL SILKY CLEANSER 100ml,568000.0,568000.0,0.0,0.0,0,,https://tiki.vnsua-rua-mat-gel-silky-cleanser-sebum-clean-moisturizing-acne-prevention-100ml-p185307286.html?spid=185307287,sữa rửa mặt walensee
184647701,"Serum Sáng Da Tức Thì Walensee - 24k Gold, Whitening Moisturizing , Anti-Aging 20ml",914000.0,914000.0,0.0,0.0,0,,https://tiki.vndau-duong-walensee-p184647701.html?spid=184647702,serum sáng da tức thì
178475656,Mặt nạ dưỡng da chiết xuất cà chua Milatte Fashiony Tomato Mask - Hộp 10 miếng,193750.0,193750.0,0.0,0.0,0,,https://tiki.vnmat-na-duong-da-chiet-xuat-ca-chua-milatte-fashiony-tomato-mask-hop-10-p178475656.html?spid=178475657,mặt nạ dưỡng da chiết xuất
173406460,MẶT NẠ CHIẾT XUẤT ĐẬU NÀNH SỮA CHUA DƯỠNG ẨM VÀ LÀM SÁNG DA NHẬT BẢN  TOFU MORITAYA  (HŨ 150GR),429000.0,429000.0,0.0,5.0,1,,https://tiki.vnmat-na-tofu-moritaya-dau-nanh-sua-chua-duong-am-va-lam-sang-da-nhat-ban-hu-150gr-p173406460.html?spid=173406462,mặt nạ chiết xuất đậu nành
159486215,Gel Chống Nắng Dạng Nước Heliocare 360º Water Gel SPF50+TẶNG MẶT NẠ BUTIQ LAB HÀN QUỐC,980000.0,980000.0,0.0,0.0,0,,https://tiki.vngel-chong-nang-dang-nuoc-heliocare-360-water-gel-spf50-tang-mat-na-mo-ngua-butiq-lab-han-quoc-p159486215.html?spid=159486218,gel chống nắng dạng
144523612,"Kem Dưỡng Da Mờ Thâm Nám, Tàn Nhang Fixderma Skarfix-TX Cream 15g và 30g",395000.0,395000.0,0.0,5.0,4,,https://tiki.vnkem-duong-da-mo-tham-nam-tan-nhang-fixderma-skarfix-tx-cream-15g-va-30g-p144523612.html?spid=144523614,kem dưỡng da mờ
136939461,"[CHĂM SÓC CHUYÊN SÂU] Combo Bộ Sản Phẩm Dưỡng Da Chuyên Sâu Dành Cho Da Nhạy Cảm, MICCOSMO Arupita Nhật Bản (Nước Hoa Hồng 250ml + Kem Dưỡng 100g - CB10)",780000.0,780000.0,0.0,0.0,0,,https://tiki.vn-cham-soc-chuyen-sau--combo-bo-san-pham-duong-da-chuyen-sau-danh-cho-da-nhay-cam--miccosmo-arupita-nhat-ban--nuoc-hoa-hong-250ml---kem-duong-100g---cb10--p136939461.html?spid=136939462,chăm sóc chuyên sâu combo bộ sản phẩm dưỡng
124390704,Mặt nạ Hyaluronic Acid tinh khiết siêu cấp ẩm căng mọng tế bào Tegoder Hyaluronic Acid face mask 200 ml mã 6156,1699000.0,1699000.0,0.0,0.0,0,,https://tiki.vnmat-na-hyaluronic-acid-tinh-khiet-sieu-cap-am-cang-mong-te-bao-tegoder-hyaluronic-acid-face-mask-200-ml-ma-6156-p124390704.html?spid=124390709,mặt nạ hyaluronic acid tinh khiết
87534225,BOOSTER REPAIR & ANTI WRINKLE SERUM - SERUM CĂNG MỊN DA & TÁI TẠO CHỐNG LÃO HÓA - DƯỠNG DA CHUYÊN SÂU - CHĂM SÓC DA TOÀN DIỆN,450000.0,450000.0,0.0,0.0,0,,https://tiki.vnbooster-repair-anti-wrinkle-serum-serum-cang-min-da-tai-tao-chong-lao-hoa-duong-da-chuyen-sau-cham-soc-da-toan-dien-p87534225.html?spid=87534227,booster repair anti wrinkle
74845775,"Sữa rửa mặt tạo bọt giúp làm sạch bụi bẩn, giảm bớt dầu nhờn cho da DR.SOMCHAI ACNE FOAMING CLEANSER SALICYLIC 150ml",295000.0,295000.0,0.0,0.0,0,,https://tiki.vnsu-a-ru-a-ma-t-ta-o-bo-t-giu-p-la-m-sa-ch-bu-i-ba-n-gia-m-bo-t-da-u-nho-n-cho-da-dr-somchai-acne-foaming-cleanser-salicylic-150ml-p74845775.html?spid=74845776,sư a rư a mạ t
73522625,Lip Smacker - Son Disney Tsum Tsum Nàng Tiên Xanh Tiner Bell - Lip Smacker Disney Tsum Tsum Tinker Bell Lip Balm – Pixie Kiwi Pie,109000.0,109000.0,0.0,5.0,7,,https://tiki.vnlip-smacker-son-disney-tsum-tsum-nang-tien-xanh-tiner-bell-lip-smacker-disney-tsum-tsum-tinker-bell-lip-balm-pixie-kiwi-pie-p73522625.html?spid=73522626,lip smacker son disney tsum
71908613,Nước hoa hồng chống lão hoá OHUI Prime Advancer Skin Softener 150ml,1200000.0,1600000.0,400000.0,0.0,0,,https://tiki.vnnuoc-hoa-hong-chong-lao-hoa-ohui-prime-advancer-skin-softener-150ml-p71908613.html?spid=174834259,nước hoa hồng chống lão
55473657,Flower Water Toner - Serum HA phục hồi da (30ml),230000.0,230000.0,0.0,0.0,0,,https://tiki.vnflower-water-toner-serum-ha-phuc-hoi-da-30ml-p55473657.html?spid=55473658,flower water toner
42883605,"Bộ dưỡng da cấp ẩm, ngừa lão hóa chiết xuất hạt trà xanh",1199000.0,1199000.0,0.0,0.0,0,,https://tiki.vnbo-duong-da-cap-am-ngua-lao-hoa-chiet-xuat-hat-tra-xanh-p42883605.html?spid=42883606,bộ dưỡng da cấp ẩm ngừa
1514821,Mặt Nạ Đất Sét Lá Neem Đẩy Mụn Ẩn Hút Dầu Thừa Himalaya Neem Face Pack 100ml,193200.0,193200.0,0.0,3.9,17,,https://tiki.vnmat-na-dat-set-la-neem-day-mun-an-hut-dau-thua-himalaya-neem-face-pack-100ml-p1514821.html?spid=1515343,mặt nạ đất sét lá neem
278744316,FESTIVAL-Bộ mùa lễ hội BÔNG TUYẾT ĐẦU MÙA,2682000.0,2682000.0,0.0,0.0,0,,https://tiki.vnfestival-bo-mua-le-hoi-bong-tuyet-dau-mua-p278744316.html?spid=278744317,festival bộ mùa lễ hội
278695873,Rilastil Aqua Eye Contour Cream 15mL - kem dưỡng da mắt,750000.0,750000.0,0.0,0.0,0,,https://tiki.vnrilastil-aqua-eye-contour-cream-15ml-kem-duong-da-mat-p278695873.html?spid=278695874,rilastil aqua eye contour
278695021,Sữa rửa mặt sen Hậu Giang Cocoon 310ml - Vegan Thuần Chay,327750.0,345000.0,17250.0,0.0,0,,https://tiki.vnsua-rua-mat-sen-hau-giang-cocoon-310ml-vegan-thuan-chay-p278695021.html?spid=278695022,sữa rửa mặt sen hậu giang
278669161,Detox Hồng Sâm Dr Cell 50ml thải độc tố da hỗ trợ giảm mụn hỗ trợ mờ thâm nám - Hàng Chính Hãng,1000000.0,1000000.0,0.0,0.0,0,,https://tiki.vndetox-hong-sam-dr-cell-50ml-thai-doc-to-da-ho-tro-giam-mun-ho-tro-mo-tham-nam-hang-chinh-hang-p278669161.html?spid=278669162,detox hồng sâm dr
278669098,"Kem Dưỡng Ẩm Vitamin C 2% Oribe hỗ trợ trắng da, mờ nám 35g",315000.0,425000.0,110000.0,0.0,0,,https://tiki.vnkem-duong-am-vitamin-c-2-oribe-ho-tro-trang-da-mo-nam-p278669098.html?spid=278669099,kem dưỡng ẩm vitamin c
278634431,Nước tẩy trang Bioderma Sensibio H2O,545000.0,545000.0,0.0,0.0,0,,https://tiki.vnnuoc-tay-trang-bioderma-sensibio-h2o-p278634431.html?spid=278634432,nước tẩy trang bioderma sensibio
278598180,Serum Dưỡng Trắng Da Chống Lão Hóa Infinity Kosé Innovative Bright Serum XX Nhật Bản 40ml,3142800.0,3142800.0,0.0,0.0,0,,https://tiki.vnserum-duong-trang-da-chong-lao-hoa-infinity-kose-innovative-bright-serum-xx-nhat-ban-40ml-p278598180.html?spid=278598181,serum dưỡng trắng da
278506286,Kem Cấp Ẩm 5HA _ 5 Hyaluronic Water Drop Cream,486000.0,486000.0,0.0,0.0,0,,https://tiki.vnkem-cap-am-5ha-_-5-hyaluronic-water-drop-cream-p278506286.html?spid=278506287,kem cấp
278445364,Sữa rửa mặt làm sạch dịu nhẹ Oribe Soft Touch dưỡng da ẩm mịn mềm mại dành cho mọi loại da,99000.0,150000.0,51000.0,0.0,0,,https://tiki.vnsua-rua-mat-lam-sach-diu-nhe-oribe-soft-touch-duong-da-am-min-mem-mai-danh-cho-moi-loai-da-p278445364.html?spid=278445368,sữa rửa mặt làm
278444101,"Tinh chất giảm nám, giảm tàn nhang DermEden Concentrate Anti Taches Dark Spots (TXA 3%)",860000.0,860000.0,0.0,0.0,0,,https://tiki.vntinh-chat-giam-nam-giam-tan-nhang-dermeden-concentrate-anti-taches-dark-spots-txa-3-p278444101.html?spid=278444580,tinh chất giảm nám giảm
278122255,Sữa rửa mặt 3 in 1 100ml E5,69000.0,69000.0,0.0,0.0,0,,https://tiki.vnsua-rua-mat-3-in-1-100ml-e5-p278122255.html?spid=278122256,sữa rửa mặt in
278065356,Kem Nám Sạm Tàn Nhang 30ml Goskin (Kem Lotion),289000.0,289000.0,0.0,0.0,0,,https://tiki.vnkem-nam-sam-tan-nhang-30ml-goskin-kem-lotion-p278065356.html?spid=278065357,kem nám sạm tàn nhang
276377872,Combo 10 Miếng Mặt Nạ SENADEMAR Tế Bào Gốc Phục Hồi Dưỡng Ẩm 25ml/miếng hạn 2027,110000.0,110000.0,0.0,0.0,0,,https://tiki.vncombo-10-mieng-mat-na-senademar-te-bao-goc-phuc-hoi-duong-am-25ml-mieng-han-2027-p276377872.html?spid=276377873,combo mặt nạ senademar tế bào
276059877,"Kem dưỡng B5 dưỡng trắng, chống nhăn, nâng cơ, dưỡng ẩm tăng đàn hồi cho da - DABO Peptanol B5 Hydra Volume Base Cream 100ml",310000.0,310000.0,0.0,0.0,0,,https://tiki.vnkem-duong-b5-duong-trang-chong-nhan-nang-co-duong-am-tang-dan-hoi-cho-da-dabo-peptanol-b5-hydra-volume-base-cream-100ml-p276059877.html?spid=276059878,kem dưỡng b dưỡng trắng
275491385,"100, 50 Miếng Mặt Nạ Làm Dịu Da SOOTHING Awakethe Cell Hàn Quốc - Phục Hồi, Làm Dịu (Chính Hãng)",1500000.0,1500000.0,0.0,0.0,0,,https://tiki.vn100-50-mieng-mat-na-lam-diu-da-soothing-awakethe-cell-han-quoc-phuc-hoi-lam-diu-chinh-hang-p275491385.html?spid=275491389,mặt nạ làm dịu da
275474261,Kem dưỡng ẩm da mặt và Body trẻ em Pororo Calendula Hàn Quốc 50g,225000.0,225000.0,0.0,0.0,0,,https://tiki.vnkem-duong-am-da-mat-va-body-tre-em-pororo-calendula-han-quoc-50g-p275474261.html?spid=275474262,kem dưỡng ẩm da mặt
272353357,Bộ 3 Sản Phẩm Dưỡng Da Giảm Mụn Phục Hồi Da Skin1004 Madagascar Centella (Gồm Toner 210ml+ Serum 55ml+ Cream Soothing 75ml),910000.0,910000.0,0.0,0.0,0,,https://tiki.vnbo-3-san-pham-duong-da-giam-mun-phuc-hoi-da-skin1004-madagascar-centella-gom-toner-210ml-serum-55ml-cream-soothing-75ml-tang-1-mat-na-sexylook-p272353357.html?spid=272353358,sản phẩm dưỡng da giảm mụn
270507557,Mặt Nạ Nâng Cơ Giúp Làm Săn Chắc Da Clear Turn Kose Nhật Bản (40 Miếng/Túi),399000.0,399000.0,0.0,0.0,0,,https://tiki.vnmat-na-nang-co-giup-lam-san-chac-da-clear-turn-kose-nhat-ban-40-mieng-tui-p270507557.html?spid=270507558,mặt nạ nâng cơ giúp làm
208270448,Nước tẩy trang đá khoáng Optimus Thanh Mộc Hương 200ml,190000.0,190000.0,0.0,0.0,0,,https://tiki.vnnuoc-tay-trang-hoa-hong-moc-huong-garden-thanh-moc-huong-lam-sach-diu-nhe-200ml-p208270448.html?spid=208270449,nước tẩy trang đá khoáng
200628111,"Kem Dưỡng Trắng, Chống Nắng, Nâng Tone, chống lão hóa - BENEW COLLAGEN WHITENING TONE UP CREAM N.K HÀN QUỐC",279000.0,279000.0,0.0,5.0,1,,https://tiki.vnkem-duong-trang-chong-nang-nang-tone-chong-lao-hoa-benew-collagen-whitening-tone-up-cream-n-k-han-quoc-p200628111.html?spid=200628112,kem dưỡng trắng chống
198418956,Sữa rửa mặt Cetaphil Gentle Skin Cleanser 1000ml làm sạch dịu lành cho da nhạy cảm không xà phòng,899000.0,899000.0,0.0,0.0,0,,https://tiki.vnsua-rua-mat-cetaphil-lam-sach-diu-lanh-cho-da-nhay-cam-khong-xa-phong-cetaphil-gentle-skin-cleanser-1000ml-p198418956.html?spid=198418957,sữa rửa mặt cetaphil
180863223,Mặt nạ nghệ Hưng Yên Cocoon giúp da rạng rỡ và mịn màng 30ml Lamita Hair Spa - LS031 - The Cocoon Original Vietnam,232500.0,232500.0,0.0,0.0,0,,https://tiki.vnmat-na-nghe-hung-yen-cocoon-giup-da-rang-ro-va-min-mang-30ml-lamita-hair-spa-ls031-p180863223.html?spid=180863229,mặt nạ nghệ hưng yên cocoon
176443080,Kem Dưỡng Hỗ Trợ Trị Nám Melan:Off Maintenance Cream,5600000.0,5600000.0,0.0,0.0,0,,https://tiki.vnkem-duong-tri-nam-melan-off-maintenance-cream-p176443080.html?spid=176443081,kem dưỡng hỗ trợ trị
137136195,"Đông trùng hạ thảo Khô - sấy thăng hoa DR. TRUNG - Dạng Bột mịn Cordyceps (15g) - Bổ sung dưỡng chất Adenosine, Đắp mặt nạ làm đẹp da, giảm nám, cải thiện giấc ngủ, dùng để ngâm mật ong hoặc nấu cháo",160000.0,160000.0,0.0,0.0,0,,https://tiki.vndong-trung-ha-thao-kho-say-thang-hoa-dr-trung-dang-bot-min-cordyceps-15g-bo-sung-duong-chat-adenosine-dap-mat-na-lam-dep-da-giam-nam-cai-thien-giac-ngu-dung-de-ngam-mat-ong-hoac-nau-chao-p137136195.html?spid=137136196,đông trùng hạ thảo khô sấy thăng hoa
74529956,"Tinh chất dưỡng trắng da Queenie xóa mờ sạm nám, tàn nhang 50ml - Mỹ Phẩm Hàn Quốc",475000.0,475000.0,0.0,0.0,0,,https://tiki.vntinh-chat-duong-trang-da-queenie-xoa-mo-sam-nam-tan-nhang-50ml-my-pham-han-quoc-p74529956.html?spid=74529957,tinh chất dưỡng trắng da
74307091,"Kem chống nắng Queenie dưỡng trắng, bảo vệ da hoàn hảo 20ml Airy- Mỹ Phẩm Hàn Quốc Hạn sử dụng: 5.2026",50000.0,50000.0,0.0,4.8,13,,https://tiki.vnkem-chong-nang-queenie-duong-trang-bao-ve-da-hoan-hao-20ml-my-pham-han-quoc-p74307091.html?spid=74307092,kem chống nắng queenie dưỡng
73139284,Nước Tẩy Trang Dành Cho Da Nhạy Cảm BIODERMA Sensibio H2O 500ml - Tặng 1 Móc Khóa Nhựa 2 Mặt,549000.0,549000.0,0.0,4.8,51,,https://tiki.vnnuoc-tay-trang-danh-cho-da-nhay-cam-bioderma-sensibio-h2o-500ml-tang-1-moc-khoa-nhua-2-mat-p73139284.html?spid=73139285,nước tẩy trang dành da
72888570,Tế bào gốc DNA cá hồi hỗ trợ cải thiện sẹo rỗ 8ml (LARIAN REJUVENATING),650000.0,650000.0,0.0,4.5,14,,https://tiki.vnte-bao-goc-dna-ca-hoi-ho-tro-cai-thien-seo-ro-larian-rejuvenating-8ml-p72888570.html?spid=72888571,tế bào gốc dna cá
66681222,"KEM DƯỠNG TRẮNG DA XÓA MỜ SẠM NÁM, TÀN NHANG BỔ SUNG COLLAGEN 50ML - MỸ PHẨM HÀN QUỐC",399000.0,399000.0,0.0,3.8,5,,https://tiki.vnkem-duong-trang-da-xoa-mo-sam-nam-tan-nhang-bo-sung-collagen-50ml-my-pham-han-quoc-p66681222.html?spid=66681223,kem dưỡng trắng da
66107927,"Tinh chất sữa chữa da nhăn, căng bóng da Genocell- Reset Skin Volume Ampoule",3800000.0,3800000.0,0.0,0.0,0,,https://tiki.vntinh-chat-sua-chua-da-nhan-cang-bong-da-genocell-reset-skin-volume-ampoule-p66107927.html?spid=66107928,tinh chất sữa chữa da
59414173,NƯỚC TẨY TRANG MẮT & MÔI BỔ SUNG COLLAGEN QUEENIE 100ML - MỸ PHẨM HÀN QUỐC,150000.0,150000.0,0.0,0.0,0,,https://tiki.vnnuoc-tay-trang-mat-moi-bo-sung-collagen-queenie-100ml-my-pham-han-quoc-p59414173.html?spid=59414174,nước tẩy trang mắt môi
53637573,Tinh chất cân bằng độ ẩm & siêu dưỡng trẻ hóa da Age Balance Boosting Essence,1523000.0,1523000.0,0.0,0.0,0,,https://tiki.vntinh-chat-can-bang-do-am-sieu-duong-tre-hoa-da-age-balance-boosting-essence-p53637573.html?spid=53637574,tinh chất cân bằng độ ẩm siêu dưỡng
45382986,Sữa rửa mặt cao cấp 7in 1 dưỡng trắng DABO Multi Foam Cleanser 180ml,120000.0,120000.0,0.0,0.0,0,,https://tiki.vnsua-rua-mat-cao-cap-7in-1-duong-trang-dabo-multi-foam-cleanser-180ml-p45382986.html?spid=45382987,sữa rửa mặt cao cấp
24907837, Kem Dưỡng Trắng Collagen Raitochi,682000.0,682000.0,0.0,5.0,1,,https://tiki.vnkem-duong-trang-collagen-raitochi-p24907837.html?spid=24907838,kem dưỡng trắng collagen
20062187,Muối Tẩy Tế Bào Chết Beauty Buffet Scentio Milk Plus 300g,69000.0,69000.0,0.0,5.0,1,,https://tiki.vnmuoi-tam-duong-trang-va-tre-hoa-da-scentio-milk-plus-300g-p20062187.html?spid=51272644,muối tẩy tế bào chết
8580547,Kem dưỡng ẩm cho da khô chiết xuất Lô Hội Naris Alodew Mild Cream (97g) – Hàng Chính Hãng,419000.0,419000.0,0.0,5.0,1,,https://tiki.vnkem-duong-am-cho-da-kho-chiet-xuat-lo-hoi-naris-alodew-mild-cream-97g-hang-chinh-hang-p8580547.html?spid=34379346,kem dưỡng ẩm da
5833711,"Kem dưỡng bổ sung nước cấp tốc cho da, phục hồi da nhạy cảm và da mụn Queenie",655000.0,655000.0,0.0,5.0,1,,https://tiki.vnkem-duong-bo-sung-nuoc-cap-toc-cho-da-phuc-hoi-da-nhay-cam-va-da-mun-queenie-p5833711.html?spid=5833713,kem dưỡng bổ sung nước
5816047,Kem chống nắng dưỡng trắng da bổ sung collagen Queenie SPF50+PA++,330000.0,330000.0,0.0,5.0,2,,https://tiki.vnkem-chong-nang-duong-trang-da-bo-sung-collagen-queenie-spf50-pa-p5816047.html?spid=5816049,kem chống nắng dưỡng trắng
388572,Kem Sữa Trắng Da It's Well Plus Mellissa Premium Milky Whitening Cream,199000.0,199000.0,0.0,4.8,8,,https://tiki.vnkem-sua-trang-da-it-s-well-plus-mellissa-premium-milky-whitening-cream-p388572.html?spid=72976084,kem sữa trắng da
380290,Sữa Rửa Mặt Dabo Tinh Chất Collagen 180ml,89000.0,89000.0,0.0,3.5,2,,https://tiki.vnsua-rua-mat-dabo-tinh-chat-collagen-180ml-p380290.html?spid=16685301,sữa rửa mặt dabo
278900515,Kem dưỡng phục hồi da Laboratoires Embryolisse Lait-Crème Concentré (2ml/5ml/30ml/75ml) - Hàng chính hãng,139000.0,139000.0,0.0,0.0,0,,https://tiki.vnkem-duong-phuc-hoi-da-laboratoires-embryolisse-lait-creme-concentre-2ml-5ml-30ml-75ml-hang-chinh-hang-p278900515.html?spid=278907785,kem dưỡng phục hồi da
278683283,Tẩy tế bào chết MD CARE Mande Exfo (10ml/30ml) - Hàng chính hãng,159000.0,249000.0,90000.0,0.0,0,,https://tiki.vntay-te-bao-chet-md-care-mande-exfo-10ml-30ml-hang-chinh-hang-p278683283.html?spid=278683285,tẩy tế bào chết md
278567723,Sữa rửa mặt đa năng 2 trong 1 su:m37 Time Energy Clay Pack Cleanser 150ml,665000.0,900000.0,235000.0,0.0,0,,https://tiki.vnsua-rua-mat-da-nang-2-trong-1-su-m37-time-energy-clay-pack-cleanser-150ml-p278567723.html?spid=278567724,sữa rửa mặt đa năng
278516453, Bộ Sữa rửa mặt tái sinh da OHUI The First Geniture Foam Cleanser,1177000.0,1600000.0,423000.0,0.0,0,,https://tiki.vnbo-sua-rua-mat-tai-sinh-da-ohui-the-first-geniture-foam-cleanser-p278516453.html?spid=278516454,bộ sữa rửa mặt tái sinh
278467865,Bộ 3 Tinh chất phục hồi da keo ong CNP PROPOLIS ENERGY ACTIVE AMPULE SET 30ml,1108000.0,1500000.0,392000.0,0.0,0,,https://tiki.vnbo-3-tinh-chat-phuc-hoi-da-keo-ong-cnp-propolis-energy-active-ampule-set-30ml-p278467865.html?spid=278467866,tinh chất phục hồi da keo
278445458,Kem chống nắng Oribe Radiant Derma Shield SPF 50+ PA++++ chống tia UVA/UVB ánh sáng xanh dành cho mọi loại da,308000.0,400000.0,92000.0,0.0,0,,https://tiki.vnkem-chong-nang-oribe-radiant-derma-shield-spf-50-pa-chong-tia-uva-uvb-anh-sang-xanh-danh-cho-moi-loai-da-p278445458.html?spid=278445459,kem chống nắng oribe
278155132,Kem Chống Nắng Dạng Sữa The Whoo Hồng Gongjinhyang Hydrating Sunscreen Fluid 60ml,946000.0,1200000.0,254000.0,0.0,0,,https://tiki.vnbo-kem-chong-nang-whoo-gongjinhyang-soo-vital-hydrating-suncreen-fluid-special-set-p278155132.html?spid=278155133,kem chống nắng dạng
277770756,Tinh chất tái tạo da Pharmaform Copper Peptide Advanced Egf Serum (30ml) - Hàng chính hãng,619000.0,700000.0,81000.0,0.0,0,,https://tiki.vntinh-chat-tai-tao-da-pharmaform-copper-peptide-advanced-egf-serum-30ml-hang-chinh-hang-p277770756.html?spid=277770758,tinh chất tái tạo da pharmaform
277567601,Kem chống nắng nâng tone Hatomugi Kumano Reihaku UV Care & Tone Up Milky Gel SPF50+ PA++++ (70g) - Hàng chính hãng,119000.0,149000.0,30000.0,0.0,0,,https://tiki.vnkem-chong-nang-nang-tone-hatomugi-kumano-reihaku-uv-care-tone-up-milky-gel-spf50-pa-70g-hang-chinh-hang-p277567601.html?spid=277567602,kem chống nắng nâng
277552387,Nước tẩy trang Emmié by HappySkin Soothing Polluclear Micellar Water (220ml) - Hàng chính hãng,119000.0,180000.0,61000.0,0.0,0,,https://tiki.vnnuoc-tay-trang-emmie-by-happyskin-soothing-polluclear-micellar-water-220ml-hang-chinh-hang-p277552387.html?spid=277552388,nước tẩy trang emmié by
276859350,"Tinh Chất Serum Cốt Hoa Lycos Serum Dưỡng Sáng Da 30 ml : dưỡng ẩm, sáng da, ngừa lão hóa, làm dịu da kích ứng",315000.0,315000.0,0.0,0.0,0,,https://tiki.vntinh-chat-serum-cot-hoa-lycos-serum-duong-sang-da-30-ml-duong-am-sang-da-ngua-lao-hoa-lam-diu-da-kich-ung-p276859350.html?spid=276859351,tinh chất serum cốt hoa lycos
276430869,Sữa chống nắng dịu da CNP Laboratory Mild Calming Sun Lotion SPF50/PA++++ 50ml,509000.0,690000.0,181000.0,0.0,0,,https://tiki.vnsua-chong-nang-diu-da-cnp-laboratory-mild-calming-sun-lotion-spf50-pa-50ml-p276430869.html?spid=276430870,sữa chống nắng dịu
276161270,Nước thần tái tạo phục hồi trắng da ngăn lão hóa PERFECT SKIN ADVANCE REPAIR RECOVERY LOTION DAMODE chai 130ml,2018000.0,2600000.0,582000.0,0.0,0,,https://tiki.vnnuoc-than-tai-tao-phuc-hoi-trang-da-ngan-lao-hoa-perfect-skin-advance-repair-recovery-lotion-damode-chai-130ml-p276161270.html?spid=276161271,nước thần tái tạo phục hồi
276026241,Bộ dưỡng ẩm da WHOO GJH FIRMING 3PCS SET,3029000.0,4100000.0,1071000.0,0.0,0,,https://tiki.vnbo-duong-am-da-whoo-gjh-firming-3pcs-set-p276026241.html?spid=276026242,dưỡng ẩm da whoo gjh
275794240,[GIFT] Tinh Chất Tái Tạo Và Căng Bóng Da Mandelic Glow Zakka Naturals 4ml,150000.0,150000.0,0.0,0.0,0,,https://tiki.vngift-tinh-chat-tai-tao-va-cang-bong-da-mandelic-glow-zakka-naturals-4ml-p275794240.html?spid=275794241,gift tinh chất tái tạo căng
275749955,[Mẫu Mới] Sữa Rửa Mặt Vichy Normaderm Phytosolution Dạng Gel Làm Sạch Sâu Da Dầu Mụn 50ml,145000.0,145000.0,0.0,0.0,0,,https://tiki.vnmau-moi-sua-rua-mat-vichy-normaderm-phytosolution-dang-gel-lam-sach-sau-da-dau-mun-50ml-p275749955.html?spid=275749956,mẫu sữa rửa mặt
275732992,Tinh Chất Nhả Nắng Anessa Night Sun Care 180ml,520000.0,520000.0,0.0,0.0,0,,https://tiki.vntinh-chat-nha-nang-anessa-night-sun-care-180ml-p275732992.html?spid=275732993,tinh chất nhả nắng anessa
275718996,Gel rửa mặt Emmié Sooting & Hydrating Derma Cleansing Gel (180ml) - Hàng chính hãng,189000.0,280000.0,91000.0,0.0,0,,https://tiki.vngel-rua-mat-emmie-sooting-hydrating-derma-cleansing-gel-180ml-hang-chinh-hang-p275718996.html?spid=277555076,gel rửa mặt emmié
275493325,Sữa chống nắng thuần chay su:m 37 Sun-away Air fit Sunquid 50ml SPF50+/PA++++ ,776000.0,1050000.0,274000.0,0.0,0,,https://tiki.vnsua-chong-nang-thuan-chay-su-m-37-sun-away-air-fit-sunquid-50ml-spf50-pa-p275493325.html?spid=275493326,sữa chống nắng thuần chay
275432858,"Kem Nám Đêm MELANIN BLOCK LYCOS, Kem Nám Lycos - Phiên bản nâng cấp : giảm thâm nám tàn nhang, dưỡng trắng da. hiệu quả lên đến 99%",540000.0,540000.0,0.0,3.7,3,,https://tiki.vnkem-nam-dem-melanin-block-lycos-kem-nam-lycos-giam-tham-nam-tan-nhang-duong-trang-da-hieu-qua-len-den-99-p275432858.html?spid=275432859,kem nám đêm melanin
275426013,Sữa rửa mặt CETAPHIL gentle skin dịu nhẹ 500ml,455000.0,455000.0,0.0,0.0,0,,https://tiki.vnsua-rua-mat-cetaphil-gentle-skin-diu-nhe-500ml-p275426013.html?spid=275426014,sữa rửa mặt cetaphil
275351096,Dưỡng Chất Chống Nắng Garnier Skin Naturals Super UV Invisible Serum Sunscreen 30ml,132500.0,265000.0,132500.0,0.0,0,,https://tiki.vnduong-chat-chong-nang-garnier-skin-naturals-super-uv-invisible-serum-sunscreen-30ml-p275351096.html?spid=277542521,dưỡng chất chống nắng
274181115,Combo Serum NMN và Kem dưỡng phục hồi da Sakirei NMN Revitalize từ Nhật Bản,2728700.0,4198000.0,1469300.0,0.0,0,,https://tiki.vncombo-huyet-thanh-kem-te-bao-goc-nmn-phuc-hoi-da-sakirei-nmn-revitalize-tu-nhat-ban-p274181115.html?spid=274181116,combo serum nmn kem
270785402,"Serum Beauty Visage ốc sên tái tạo, trẻ hóa làn da, dành cho mặt và vùng da quanh mắt",95000.0,95000.0,0.0,5.0,2,,https://tiki.vnserum-beauty-visage-oc-sen-tai-tao-tre-hoa-lan-da-danh-cho-mat-va-vung-da-quanh-mat-p270785402.html?spid=270785404,serum beauty visage ốc sên
270075661,"Kem Dưỡng Trắng Da, Mờ Thâm, Nám, Tàn Nhang, Giúp Tái Tạo Da, Thúc Đẩy Quá Trình Tổng Hợp Collagen, Tăng Cường Phục Hồi Da Ban Đêm Beauty Leaf Whitening Complex 50ml",959000.0,959000.0,0.0,0.0,0,,https://tiki.vngolden-health-kem-duong-trang-da-mo-tham-nam-tan-nhang-giup-tai-tao-da-thuc-day-qua-trinh-tong-hop-collagen-tang-cuong-phuc-hoi-da-ban-dem-beauty-leaf-whitening-complex-50ml-p270075661.html?spid=270075665,kem dưỡng trắng da mờ
263046044,Kem dưỡng collagen tăng cường đàn hồi da OHUI Age Recovery Cream 50ml,1810000.0,2450000.0,640000.0,0.0,0,,https://tiki.vnkem-duong-collagen-tang-cuong-dan-hoi-da-ohui-age-recovery-cream-50ml-p263046044.html?spid=263046045,kem dưỡng collagen tăng cường hồi
251772767,Combo 2 Kem Chống Nắng Tế Bào Gốc Kiềm Dầu Chống Nhăn Dưỡng Ẩm Trắng Da Cellkey-Scien Multi Perfect Sun Cream SPF50+PA++++ (100ml),970100.0,1090000.0,119900.0,0.0,0,,https://tiki.vncombo-2-kem-chong-nang-te-bao-goc-kiem-dau-chong-nhan-duong-am-trang-da-cellkey-scien-multi-perfect-sun-cream-spf50-pa-100ml-p251772767.html?spid=251772768,combo kem chống nắng
209931197,Nước Cân Bằng Da REVUELE Express 250ml,99000.0,99000.0,0.0,0.0,0,,https://tiki.vnnuoc-can-bang-da-revuele-express-250ml-p209931197.html?spid=209931201,nước cân bằng da revuele
186112265,"Bộ dưỡng tái sinh da, chống oxy hóa cao cấp Whoo Cheonyuldan 2pcs Special Set",5282000.0,7150000.0,1868000.0,0.0,0,,https://tiki.vnbo-duong-tai-sinh-da-chong-oxy-hoa-cao-cap-whoo-cheonyuldan-2pcs-special-set-p186112265.html?spid=186112266,bộ dưỡng tái sinh da chống
148940466,Serum giúp ngăn ngừa & giảm thâm nám đốm nâu Vichy LiftActiv B3 Dark Spot Serum 30ml,965000.0,965000.0,0.0,0.0,0,,https://tiki.vnserum-giup-ngan-ngua-giam-tham-nam-dom-nau-vichy-liftactiv-b3-dark-spot-serum-30ml-p148940466.html?spid=271046229,serum giúp ngăn ngừa giảm
109010069,Kem dưỡng Senka cấp ẩm chuyên sâu Deep Moist Cream 50g,208000.0,235000.0,27000.0,5.0,1,,https://tiki.vnkem-duong-senka-cap-am-chuyen-sau-deep-moist-cream-50g-p109010069.html?spid=109010070,kem dưỡng senka cấp
100130013,Bộ sản phẩm chống nắng toàn diện và làm sạch La Roche-Posay Anthelios Dry Touch ,436000.0,436000.0,0.0,5.0,1,,https://tiki.vnbo-san-pham-chong-nang-toan-dien-va-lam-sach-la-roche-posay-anthelios-dry-touch-p100130013.html?spid=176439966,sản phẩm chống nắng toàn diện
72863240,"Kem Chống Nắng, Làm Trắng Da VITARA FACIAL SUNSCREEN SPF50 + PA ++++ (25g)",269000.0,269000.0,0.0,5.0,1,,https://tiki.vnkem-chong-nang-lam-trang-da-vitara-facial-sunscreen-spf50-pa-25g-p72863240.html?spid=72863241,kem chống nắng làm
71904532,Kem dưỡng cải thiện nếp nhăn vùng mắt Su:m37 Losec Summa Elixir Eye Cream 25ml,3251000.0,4500000.0,1249000.0,0.0,0,,https://tiki.vnkem-duong-cai-thien-nep-nhan-vung-mat-su-m37-losec-summa-elixir-eye-cream-25ml-p71904532.html?spid=73589402,kem dưỡng cải thiện nếp
28464989,Mặt nạ dưỡng sáng da kiehls Turmeric & Cranberry Seed Energizing Radiance Masque minisize 14ml ( nghệ ),250000.0,250000.0,0.0,0.0,0,,https://tiki.vnmat-na-duong-sang-da-kiehls-turmeric-cranberry-seed-energizing-radiance-masque-minisize-14ml-nghe-p28464989.html?spid=275510159,mặt nạ dưỡng sáng da kiehls
21931125, KEM DƯỠNG TRẮNG DA - NGỪA NÁM - GIẢM NHĂN - GIỮ ẨM - SE KHÍT LỖ CHÂN LÔNG - OLYHT  35g,219000.0,219000.0,0.0,0.0,0,,https://tiki.vnkem-duong-trang-da-ngua-nam-giam-nhan-giu-am-se-khit-lo-chan-long-olyht-35g-p21931125.html?spid=221224328,kem dưỡng trắng da
21429761,KEM NGỪA MỤN - TRẮNG DA - NGỪA VẾT THÂM ( MS: OH- 013) tuýp 10g,85000.0,85000.0,0.0,5.0,1,,https://tiki.vnoly-ht-kem-ngua-mun-trang-da-ngua-vet-tham-p21429761.html?spid=218735599,kem ngừa mụn trắng
19926515,"Sữa Rửa Mặt Dành Cho Nam Dabo Black Force Mild Scrub Cleanser Than Hoạt Tính Kháng Khuẩn, Ngừa Mụn, Sạch Nhờn (120ml) - Hàng Chính Hãng ",99000.0,99000.0,0.0,4.7,16,,https://tiki.vnsua-rua-mat-danh-cho-nam-dabo-black-force-mild-scrub-cleanser-than-hoat-tinh-khang-khuan-ngua-mun-sach-nhon-120ml-hang-chinh-hang-p19926515.html?spid=58115201,sữa rửa mặt dành
13317644,Kem Chống Nắng Bảo Vệ Và Giúp Giảm Các Dấu Hiệu lão hóa Ideal Soleil Anti-Age SPF50 50ml,385000.0,385000.0,0.0,0.0,0,,https://tiki.vnkem-chong-nang-bao-ve-va-giup-giam-cac-dau-hieu-lao-hoa-ideal-soleil-anti-age-spf50-50ml-p13317644.html?spid=270875016,kem chống nắng bảo vệ
491312,Bông Tẩy Trang Jomi 80 Miếng/Túi,29000.0,29000.0,0.0,4.8,4,,https://tiki.vnbong-tay-trang-jomi-80-mieng-tui-p491312.html?spid=115593781,bông trang jomi túi
279019615,[GIFT] Kem chống nắng phổ rộng Acnoil Protection Zakka Naturals kiềm dầu mỏng nhẹ 10ml,140000.0,140000.0,0.0,0.0,0,,https://tiki.vngift-minisize-kem-chong-nang-pho-rong-acnoil-protection-zakka-naturals-kiem-dau-mong-nhe-10ml-p279019615.html?spid=279019616,gift kem chống nắng
278890788,Bộ tinh chất khởi đầu hoàn thiện làn da Whoo Hwanyu Imperial Youth First Serum,5541000.0,7500000.0,1959000.0,0.0,0,,https://tiki.vnbo-tinh-chat-khoi-dau-hoan-thien-lan-da-whoo-hwanyu-imperial-youth-first-serum-p278890788.html?spid=278890789,tinh chất khởi đầu hoàn thiện da
278827928,"Combo 2 Xịt dưỡng NMN và HA chống lão hóa, giúp cấp ẩm và phục hồi da Sakirei NMN Revitalize Treatment Spray 150ml",1818700.0,2798000.0,979300.0,0.0,0,,https://tiki.vncombo-2-xit-duong-nmn-va-ha-chong-lao-hoa-giup-cap-am-va-phuc-hoi-da-sakirei-nmn-revitalize-treatment-spray-150ml-p278827928.html?spid=278827929,combo xịt dưỡng nmn ha
278827827,Combo 2 Kem dưỡng ẩm làm sáng mịn và phục hồi da Sakirei NMN Revitalize Cream 50g,3118700.0,4798000.0,1679300.0,0.0,0,,https://tiki.vncombo-2-kem-duong-am-lam-sang-min-va-phuc-hoi-da-sakirei-nmn-revitalize-cream-50g-p278827827.html?spid=278827828,combo kem dưỡng ẩm
278634917,Kem dưỡng trắng nâng tông MIINSKIN Whitening Glowy Toning Cream (70ml) - Hàng chính hãng,269000.0,399000.0,130000.0,0.0,0,,https://tiki.vnkem-duong-trang-nang-tong-miinskin-whitening-glowy-toning-cream-70ml-hang-chinh-hang-p278634917.html?spid=278634919,kem dưỡng trắng nâng
277484517,Dầu Tẩy Trang Làm Sạch Sâu Kose Softymo Deep Cleansing Oil (02 Phân Loại),298000.0,298000.0,0.0,0.0,0,,https://tiki.vndau-tay-trang-lam-sach-sau-kose-softymo-deep-cleansing-oil-02-phan-loai-p277484517.html?spid=277484521,dầu tẩy trang làm sạch
277445904,Nước tẩy trang DrCeutics Ultra-Mild Olive Cleansing Water (310ml/480ml/500ml) - Hàng chính hãng,110000.0,119000.0,9000.0,0.0,0,,https://tiki.vnnuoc-tay-trang-drceutics-ultra-mild-olive-cleansing-water-310ml-500ml-hang-chinh-hang-p277445904.html?spid=278525051,nước tẩy trang drceutics ultra
276680980,Sữa Rửa Mặt Tẩy Trang Dưỡng Ẩm Kosé Softymo Cleansing Foam Ceramide (Tuýp 190 G),238000.0,238000.0,0.0,0.0,0,,https://tiki.vnsua-rua-mat-tay-trang-duong-am-kose-softymo-cleansing-foam-ceramide-tuyp-190g-p276680980.html?spid=276680981,sữa rửa mặt tẩy
276563568,Sữa Chống Nắng ANESSA Perfect UV SPF50+ PA++++ 20ml,280000.0,280000.0,0.0,0.0,0,,https://tiki.vnsua-chong-nang-anessa-perfect-uv-spf50-pa-20ml-p276563568.html?spid=276563569,sữa chống nắng anessa
276435741,Nước cân bằng ngừa mụn Belif Problem Solution Toner 150ml,502000.0,680000.0,178000.0,0.0,0,,https://tiki.vnnuoc-can-bang-ngua-mun-belif-problem-solution-toner-150ml-p276435741.html?spid=276435742,nước cân bằng ngừa mụn
276434931,Bộ sữa rửa mặt và dầu tẩy trang làm sạch da BEYOND PG Cleasing Set 400ml,480000.0,650000.0,170000.0,0.0,0,,https://tiki.vnbo-sua-rua-mat-va-dau-tay-trang-lam-sach-da-beyond-pg-cleasing-set-400ml-disney-p276434931.html?spid=276434932,bộ sữa rửa mặt
276239343,Kem dưỡng trắng da Glutathione dưỡng da chống nhăn nâng cơ mờ thâm nám - DABO Glutathione Snow White Melanope Cream 100ml,310000.0,310000.0,0.0,0.0,0,,https://tiki.vnkem-duong-trang-da-glutathione-duong-da-chong-nhan-nang-co-mo-tham-nam-dabo-glutathione-snow-white-melanope-cream-100ml-p276239343.html?spid=276239344,kem dưỡng trắng da
276178262,Tinh chất cô đặc phục hồi ngăn lão hóa GOLD AMPOULE DAMODE chai 15ml,1847000.0,2380000.0,533000.0,0.0,0,,https://tiki.vntinh-chat-co-dac-phuc-hoi-ngan-lao-hoa-gold-ampoule-damode-chai-15ml-p276178262.html?spid=276178263,tinh chất đặc phục hồi ngăn lão hóa
275237804,Chống nắng vật lý làm sáng mịn da Sakirei UV Total Defense Broad Spectrum SPF 50+ PA++++ Tinted Sunscreen,844350.0,1299000.0,454650.0,0.0,0,,https://tiki.vnserum-chong-nang-vat-ly-sakirei-uv-total-defense-broad-spectrum-spf-50-pa-tinted-sunscreen-p275237804.html?spid=274032143,chống nắng vật lý làm
274053221,[GIFT] Sample Serum (Tinh Chất) Vitamin C Zakka Naturals GlowFruit+ Brightening 4ml,120000.0,120000.0,0.0,0.0,0,,https://tiki.vngift-sample-serum-tinh-chat-vitamin-c-zakka-naturals-glowfruit-brightening-4ml-p274053221.html?spid=274053222,gift sample serum vitamin
273187141,Tinh chất chống lão hóa và làm dịu da Su:m37 Micro Active Repair Serum 50ml,1219000.0,1650000.0,431000.0,0.0,0,,https://tiki.vntinh-chat-chong-lao-hoa-va-lam-diu-da-su-m37-micro-active-repair-serum-50ml-p273187141.html?spid=273187142,tinh chất chống lão hóa
273097035,[MINISIZE] Tinh Chất Revival B3 Zakka Naturals Hỗ Trợ Mờ Thâm Đỏ Và Sáng Đều Màu Da 15ml,360000.0,400000.0,40000.0,0.0,0,,https://tiki.vnminisize-tinh-chat-b3-zakka-naturals-revival-ampoule-anti-blemish-10-niacinamide-nag-15ml-p273097035.html?spid=273097036,minisize tinh chất revival b
272319548,Kem Dưỡng Ẩm Da Cho Bé S Select Okosama Cream Nhật Bản,352000.0,352000.0,0.0,0.0,0,,https://tiki.vnkem-duong-am-da-cho-be-s-select-okosama-cream-nhat-ban-p272319548.html?spid=272319549,kem dưỡng ẩm da bé
271017042,Mặt Nạ 3D Dưỡng Sáng Mịn Da Kracie Hadabisei ( Lẻ 1 Miếng ),126000.0,126000.0,0.0,0.0,0,,https://tiki.vnma-t-na-3d-duo-ng-sa-ng-mi-n-da-kracie-hadabisei-le-1-mie-ng-p271017042.html?spid=271017043,mă t na d dươ
249200717,Tinh chất Revox B77 Just Hyaluronic Acid 5% dưỡng ẩm cho da mặt và cổ 30ml,185000.0,280000.0,95000.0,0.0,0,,https://tiki.vntinh-chat-revox-b77-just-hyaluronic-acid-5-duong-am-cho-da-mat-va-co-30ml-p249200717.html?spid=249200727,tinh chất revox b just
203875052,Bộ đôi làm sạch sâu & hỗ trợ ngừa mụn (Porifying Resurfacing Cleansing Gel + B351 Acne Clear up Serum),420000.0,420000.0,0.0,0.0,0,,https://tiki.vnbo-doi-lam-sach-sau-ho-tro-ngua-mun-porifying-resurfacing-cleansing-gel-b351-acne-clear-up-serum-p203875052.html?spid=203875053,bộ làm sạch sâu
191367811,Bộ dưỡng trắng sáng da OHUI Extreme White Set 4pcs,2438000.0,3300000.0,862000.0,0.0,0,,https://tiki.vnbo-duong-trang-sang-da-ohui-extreme-white-set-4pcs-p191367811.html?spid=191367812,dưỡng trắng sáng da
190086250,Bộ đôi Kem chống nắng dạng gel dưỡng sáng nâng tông & hiệu chỉnh sắc da + Serum chống nắng dưỡng da nâng tông (Anessa Brightening Gel 90g + Day Serum 30ml),1350000.0,1350000.0,0.0,0.0,0,,https://tiki.vnbo-doi-kem-chong-nang-dang-gel-duong-sang-nang-tong-hieu-chinh-sac-da-serum-chong-nang-duong-da-nang-tong-anessa-brightening-gel-90g-day-serum-30ml-p190086250.html?spid=275625225,bộ kem chống nắng
188045231,Kem Đa Chức Năng 10 in 1 VK II 35g,390000.0,390000.0,0.0,0.0,0,,https://tiki.vnkem-da-chuc-nang-10-in-1-vk-ii-35g-p188045231.html?spid=188045232,kem đa chức năng in
186629854,Bigsize - Nước nghệ Hưng Yên (toner) Cocoon làm sáng da & cấp ẩm 310ml,236000.0,236000.0,0.0,0.0,0,,https://tiki.vnbigsize-nuoc-nghe-hung-yen-toner-cocoon-lam-sang-da-cap-am-310ml-p186629854.html?spid=214746050,bigsize nước nghệ hưng yên cocoon làm
181699002,Máy tẩy da chết gót chân HoMedics PED-1301 - Hàng chính hãng,890000.0,890000.0,0.0,5.0,1,,https://tiki.vnmay-tay-da-chet-got-chan-homedics-ped-1301-chinh-hang-p181699002.html?spid=262088080,máy tẩy da chết
175151980,"Kem dưỡng đêm dành cho da mụn, giảm thâm mụn, mờ sẹo, sáng da Lá House Acne Control Night Cream 10ml/30ml",1350000.0,1350000.0,0.0,5.0,11,,https://tiki.vnkem-duong-dem-danh-cho-da-mun-giam-tham-seo-sang-da-la-house-acne-control-night-cream-10ml-30ml-p175151980.html?spid=175151984,kem dưỡng đêm dành
169812757,Sữa chống nắng mỏng nhẹ lâu trôi giúp bảo vệ da tối ưu khỏi tia UVA dài La Roche-Posay Anthelios Uvmune 400 Invisible Fluid 50ml,450000.0,450000.0,0.0,0.0,0,,https://tiki.vnsua-chong-nang-mong-nhe-lau-troi-giup-bao-ve-da-toi-uu-khoi-tia-uva-dai-la-roche-posay-anthelios-uvmune-400-invisible-fluid-50ml-p169812757.html?spid=217480794,sữa chống nắng mỏng
159813748,Mặt Nạ JM Solution Xóa Thâm Quầng Mắt Và Nếp Chân Chim Eye Patch (Đen Sáp Ong) 60 Miếng Giảm Thâm Quầng Mắt Ngọc Trai Marine Luminous Pearl Deep Moisture Mask 90g/60pcs,150000.0,150000.0,0.0,0.0,0,,https://tiki.vnmat-na-jm-solution-xoa-tham-quang-mat-va-nep-chan-chim-eye-patch-den-sa-p-ong-60-mie-ng-giam-tham-quang-mat-ngoc-trai-marine-luminous-pearl-deep-moisture-mask-90g-60pcs-p159813748.html?spid=273852811,mặt nạ jm solution xóa
130956749,Dưỡng Chất Khoáng Cô Đặc Phục Hồi Và Bảo Vệ Da Vichy Mineral 89 75ml,1350000.0,1350000.0,0.0,0.0,0,,https://tiki.vnduong-chat-khoang-co-dac-phuc-hoi-va-bao-ve-da-vichy-mineral-89-75ml-p130956749.html?spid=273302346,dưỡng chất khoáng đặc phục hồi
106628034,Dầu Tẩy Trang Deve Olive & Argan Cleansing Oil (200 mL),258000.0,258000.0,0.0,0.0,0,,https://tiki.vndau-tay-trang-olive-argan-200ml-p106628034.html?spid=106628037,dầu tẩy trang deve olive
102409522,Kem Chống Nắng Có Màu Mona Frema SUNPRE High Protection DD Facial Gel 60ml,1069200.0,1069200.0,0.0,5.0,4,,https://tiki.vnkem-chong-nang-sunpre-high-protection-dd-facial-gel-60-ml-lan-da-dep-nhu-sieu-mau-p102409522.html?spid=102409523,kem chống nắng có
54417356,Nước Tẩy Trang NIVEA Hokkaido Rose Làm Sạch Trang Điểm Hiệu Quả (400 Ml) - 86550,163000.0,199000.0,36000.0,0.0,0,,https://tiki.vnnuoc-tay-trang-nivea-chiet-xuat-hoa-hong-hokkaido-400ml-86550-p54417356.html?spid=273568518,nước tẩy trang nivea hokkaido
46634632,Bộ Kem Chống Nắng Không Gây Nhờn Rít Vichy Ideal Soleil Dry Touch 50Ml Và Gel Rửa Mặt Normaderm Phytosolution 50Ml,635000.0,635000.0,0.0,4.5,13,,https://tiki.vnbo-kem-chong-nang-khong-gay-nhon-rit-vichy-ideal-soleil-dry-touch-50ml-va-gel-rua-mat-normaderm-phytosolution-50ml-p46634632.html?spid=65040290,kem chống nắng gây
37975485,Tinh Chất cho da nhạy cảm Skin1004 Madagascar Centella Asiatica Ampoule 100ml,339000.0,339000.0,0.0,5.0,2,,https://tiki.vntinh-chat-cho-da-nhay-cam-skin1004-madagascar-centella-asiatica-ampoule-100ml-p37975485.html?spid=68994860,tinh chất da nhạy cảm skin
32518505,Gel Bí Đao Rửa Mặt Cocoon (140ml),140000.0,140000.0,0.0,4.8,5,,https://tiki.vngel-bi-dao-rua-mat-cocoon-140ml-p32518505.html?spid=71005181,gel bí đao rửa mặt
25561272,Mặt Nạ Làm Giảm Nếp Nhăn - Origani Immortajell Wrinkle Diffusing Mask - Chăm Sóc Da Lão Hóa Cho Mọi Loại Da,18000000.0,18000000.0,0.0,0.0,0,,https://tiki.vnmat-na-chong-nep-nhan-origani-immortajell-wrinkle-diffusing-mask-30ml-p25561272.html?spid=25561273,mặt nạ làm giảm nếp
17908678,Nước tẩy trang Su:m37 Skin Saver essentilal Pure Cleansing Water (400ml),589000.0,800000.0,211000.0,4.7,18,,https://tiki.vnnuoc-tay-trang-su-m37-skin-saver-essentilal-pure-cleansing-water-400ml-p17908678.html?spid=50601065,nước tẩy trang
8951416,Bộ chống nắng kiểm soát dầu La Roche-Posay Anthelios XL Dry Touch 50ml & Nước tẩy trang 50ml,585000.0,585000.0,0.0,4.8,12,,https://tiki.vnbo-chong-nang-kiem-soat-dau-la-roche-posay-anthelios-xl-dry-touch-50ml-nuoc-tay-trang-50ml-p8951416.html?spid=68918798,bộ chống nắng kiểm soát
2843703,Dầu tẩy trang OHUI Miracle Moisture Cleansing Oil 150ml FI50233235,554000.0,750000.0,196000.0,0.0,0,,https://tiki.vndau-tay-trang-ohui-miracle-moisture-cleansing-oil-150ml-fi50233235-p2843703.html?spid=56793565,dầu tẩy trang ohui miracle
277361251,Mặt Nạ Buổi Sáng Dưỡng Ẩm Và Phục Hồi Da Clear Turn Good Morning Repair Face Mask (1 Hộp 30 Miếng),758000.0,758000.0,0.0,0.0,0,,https://tiki.vnmat-na-buoi-sang-duong-am-va-phuc-hoi-da-clear-turn-good-morning-repair-face-mask-1-hop-30-mieng-p277361251.html?spid=277361252,mặt nạ buổi sáng
277360349,Kem Dưỡng Ẩm Và Phục Hồi Da Ban Đêm Clear Turn Good Night Repair Cream (50G),538000.0,538000.0,0.0,0.0,0,,https://tiki.vnkem-duong-am-va-phuc-hoi-da-ban-dem-clear-turn-good-night-repair-cream-50g-p277360349.html?spid=277360350,kem dưỡng ẩm phục hồi da
276800250,"Gel Tẩy Trang Dưỡng Trắng, Dưỡng Ẩm Bổ Sung Hyaluronic Acid Softymo Cleansing Gel Nhật Bản 210G",129000.0,129000.0,0.0,0.0,0,,https://tiki.vngel-tay-trang-duong-trang-duong-am-bo-sung-hyaluronic-acid-softymo-cleansing-gel-kose-nhat-ban-210g-p276800250.html?spid=276952527,gel tẩy trang dưỡng trắng dưỡng
276605396,Combo 10 mặt nạ Yuejin B5 Repair Control EGF hạn 2027 phiên bản mới (1 hộp 10 miếng),170000.0,170000.0,0.0,0.0,0,,https://tiki.vncombo-10-mat-na-yuejin-b5-repair-control-egf-han-2027-phien-ban-moi-1-hop-10-mieng-p276605396.html?spid=276605397,combo mặt nạ yuejin b
276548690,"Serum Compliment AHA BHA acids sạch sâu, giảm mụn, se khít chân lông 27ml (xanh)",110000.0,110000.0,0.0,0.0,0,,https://tiki.vnserum-compliment-aha-bha-acids-sach-sau-giam-mun-se-khit-chan-long-27ml-xanh-p276548690.html?spid=276548691,serum compliment aha bha
276232161,LULULUN - Mặt nạ Pure Pink Everys cấp ẩm hằng ngày dành cho da khô,175000.0,175000.0,0.0,0.0,0,,https://tiki.vnlululun-mat-na-pure-pink-everys-cap-am-hang-ngay-danh-cho-da-kho-p276232161.html?spid=276232163,lululun mặt nạ pure pink
276045812,Mặt nạ QURET hello dưỡng ẩm 25g,19000.0,19000.0,0.0,0.0,0,,https://tiki.vnmat-na-quret-hello-duong-am-25g-p276045812.html?spid=276045816,mặt nạ quret hello dưỡng
274402375,Gel Dưỡng Ẩm Trắng Da Hadakiri Hatomugi All In One Gel (250 G),250000.0,250000.0,0.0,5.0,1,,https://tiki.vngel-duong-am-trang-da-hadakiri-hatomugi-all-in-one-gel-250g-p274402375.html?spid=274402376,gel dưỡng ẩm trắng da hadakiri
274379552,"Gel Rửa Mặt Dịu Nhẹ AHA Làm Sạch Sâu CLEANSING GEL MISS CANDY 120ml,Làm Sạch Bụi Bẩn,Giảm Nhờn,Ngừa Mụn & Cân Bằng Độ PH Cho Da - PHỤNG BEAUTY",298000.0,298000.0,0.0,0.0,0,,https://tiki.vngel-rua-mat-diu-nhe-aha-lam-sach-sau-cleansing-gel-miss-candy-120ml-lam-sach-bui-ban-giam-nhon-ngua-mun-can-bang-do-ph-cho-da-phung-beauty-p274379552.html?spid=274379553,gel rửa mặt dịu
274108925,Bộ Dưỡng Da Dành Cho Nam Giới Whoo Gongjinhyang For Men Special 3pcs Set,2900000.0,2900000.0,0.0,0.0,0,,https://tiki.vnbo-duong-da-danh-cho-nam-gioi-whoo-gongjinhyang-for-men-special-3pcs-set-p274108925.html?spid=274108926,dưỡng da dành nam giới whoo
273380827,Sữa rửa mặt Ganier 3in1 giảm mụn kiềm dầu,185000.0,185000.0,0.0,0.0,0,,https://tiki.vnsua-rua-mat-garnier-3in1-giam-mun-kiem-dau-p273380827.html?spid=273380828,sữa rửa mặt ganier
272443771,"Biogenic F. Copper Peptide - Serum Phục Hồi Đa Tác Động - Giảm Kích ứng, Ngừa Oxy hóa, Sẹo Sau Mụn Twins Skin 30ml và 10ml",320000.0,320000.0,0.0,0.0,0,,https://tiki.vnbiogenic-f-copper-peptide-serum-phuc-hoi-da-tac-dong-giam-kich-ung-ngua-oxy-hoa-seo-sau-mun-twins-skin-30ml-va-10ml-p272443771.html?spid=270171331,biogenic f copper peptide
272236979,Kem Chống Nắng Tjdin Skin,450000.0,450000.0,0.0,0.0,0,,https://tiki.vnkem-chong-nang-tjdin-skin-p272236979.html?spid=272236980,kem chống nắng tjdin
272225893,Khăn Ướt Tẩy Trang Dưỡng Trắng Kose Softymo Nhật Bản (12 Miếng),49000.0,49000.0,0.0,5.0,2,,https://tiki.vnkhan-uot-tay-trang-duong-trang-kose-softymo-nhat-ban-12-mieng-p272225893.html?spid=272225894,khăn ướt tẩy trang dưỡng trắng
271448054,Sữa Rửa Mặt Derma Formula Ceramide Soothing Cleansing Mousse 120 Ml,480000.0,480000.0,0.0,0.0,0,,https://tiki.vnsua-rua-mat-derma-formula-ceramide-soothing-cleansing-mousse-120-ml-p271448054.html?spid=271448055,sữa rửa mặt derma
270993137,Kem chống nắng ra má kiềm dầu nâng tông nhẹ Kwailnara Moisture Natuaral UV Shield Sun Cream Hàn Quốc 60gr,155000.0,155000.0,0.0,0.0,0,,https://tiki.vnkem-chong-nang-ra-ma-kiem-dau-nang-tong-nhe-kwailnara-moisture-natuaral-uv-shield-sun-cream-han-quoc-60gr-p270993137.html?spid=270993138,kem chống nắng ra
270878742,Sữa Rửa Mặt Sạch Sâu Chiết Xuất Lá Trà Xanh Kracie Naive Face Wash (Green Tea) - Tuýp 130G,198000.0,198000.0,0.0,0.0,0,,https://tiki.vnsua-rua-mat-sach-sau-chiet-xuat-la-tra-xanh-kracie-naive-face-wash-green-tea-130g-p270878742.html?spid=270878743,sữa rửa mặt sạch
263444647,"Xà Phòng Rửa Mặt ,Làm Sạch Bã Nhờn Và Mụn Vùng Cánh Mũi Pelican Dot Washy (75G)",238000.0,238000.0,0.0,0.0,0,,https://tiki.vnxa-phong-cham-soc-da-mat-chuyen-dung-vung-canh-mui-dot-washy-75g-p263444647.html?spid=263444650,xà phòng rửa mặt làm
263061691,"[Freeship] Tế Bào Gốc Đỏ PUDERMA BIO-S Đỏ, tiệt trùng 100%: mờ nám, tàn nhang, đồi mồi, vết thâm, tái tạo da... dùng để dưỡng tái tạo da hàng ngày hoặc trong các liệu trình Messo, Vi kim ",437000.0,460000.0,23000.0,0.0,0,,https://tiki.vnfreeship-te-bao-goc-do-puderma-bio-s-do-tiet-trung-100-mo-nam-tan-nhang-doi-moi-vet-tham-tai-tao-da-dung-de-duong-tai-tao-da-hang-ngay-hoac-trong-cac-lieu-trinh-messo-vi-kim-p263061691.html?spid=263061692,freeship tế bào gốc đỏ
247797121,"Kem chống nắng thảo dược Herietta Daily Moisture nâng tông, không bết dính SPF50+/PA+++ 70g ",199000.0,199000.0,0.0,0.0,0,,https://tiki.vnkem-chong-nang-thao-duoc-welcos-herietta-daily-moisture-nang-tong-khong-bet-dinh-spf50-pa-70g-p247797121.html?spid=247797122,kem chống nắng thảo dược
219155929,Chống Nắng Dưỡng Trắng Xương Rồng Heebee Việt Nam,550000.0,550000.0,0.0,0.0,0,,https://tiki.vnchong-nang-duong-trang-xuong-rong-heebee-viet-nam-p219155929.html?spid=219155930,chống nắng dưỡng trắng xương
216356706,LANA TOPAL-Kem Dưỡng Da Ngừa Mụn TOPAL Ultra 10g,70000.0,70000.0,0.0,5.0,1,,https://tiki.vnlana-topal-kem-duong-da-ngua-mun-topal-ultra-10g-p216356706.html?spid=216356707,lana topal kem dưỡng da
207976841,Tinh Chất Tế Bào Gốc Phục Hồi Da Kyung Lab Pdrn Therapy Ampoule 30ml,564000.0,564000.0,0.0,0.0,0,,https://tiki.vntinh-chat-te-bao-goc-phuc-hoi-da-kyung-lab-pdrn-therapy-ampoule-30ml-p207976841.html?spid=207976842,tinh chất tế bào gốc phục hồi
197045580,Kem Cấp Nước COSMEHEAL SuperShine Hydration (50ml),1500000.0,1500000.0,0.0,0.0,0,,https://tiki.vnkem-cap-nuoc-cosmeheal-supershine-hydration-50ml-p197045580.html?spid=197045581,kem cấp nước cosmeheal supershine
197044330,Mặt nạ sinh học COSMEHEAL SuperShine mask (30g x 5),750000.0,750000.0,0.0,0.0,0,,https://tiki.vnmat-na-sinh-hoc-cosmeheal-supershine-mask-30g-x-5-p197044330.html?spid=197044331,mặt nạ sinh học cosmeheal supershine
185668825,BÚT LÀM MỜ MỤN THỊT VÙNG MẮT TSUBUPORON EYE ESSENCE - XÓA MỤN THỊT NHẬT BẢN,440000.0,440000.0,0.0,5.0,1,,https://tiki.vnbut-lam-mo-mun-thit-vung-mat-tsubuporon-eye-essence-xoa-mun-thit-nhat-ban-p185668825.html?spid=185668826,bút làm mờ mụn
176443053,MD:PREPEEL AHAS COMPLEX 15% – THAY DA SINH HỌC TRẮNG SÁNG DA &amp; CĂNG BÓNG,1750000.0,1750000.0,0.0,0.0,0,,https://tiki.vnmd-prepeel-ahas-complex-15-thay-da-sinh-hoc-trang-sang-da-amp-cang-bong-p176443053.html?spid=176443055,md prepeel ahas complex
171021104,Combo dưỡng sáng da mờ nám DARLENA ( 1 Serum dưỡng da DARLENA 10ml và 1 Kem dưỡng da cao cấp Đông Trùng Hạ Thảo 25g),590000.0,590000.0,0.0,0.0,0,,https://tiki.vncombo-duong-sang-da-mo-nam-darlena-1-serum-duong-da-darlena-10ml-va-1-kem-duong-da-cao-cap-dong-trung-ha-thao-25g-p171021104.html?spid=171021105,combo dưỡng sáng da
134780101,Kem Dưỡng Da Nám Riori Hana Melasma Collagen Cream 30g - Mờ Nám Thâm Sạm Ngăn Ngừa Lão Hóa,415000.0,415000.0,0.0,0.0,0,,https://tiki.vnkem-duong-da-nam-riori-hana-melasma-collagen-cream-30g-mo-nam-tham-sam-ngan-ngua-lao-hoa-p134780101.html?spid=134780103,kem dưỡng da nám
125862693,Sữa Rửa Mặt Tạo Bọt LAGOM CELLUP MICRO FOAM CLEANSER (30ml) - HSD: 20/10/2022,200000.0,200000.0,0.0,0.0,0,,https://tiki.vnsua-rua-mat-tao-bot-lagom-cellup-micro-foam-cleanser-30ml-hsd-20-10-2022-p125862693.html?spid=125862694,sữa rửa mặt tạo
115240287,Tẩy tế bào vật lý hàng ngày dành cho mọi làn da Dermalogica Daily Microfoliant -13gram,580000.0,580000.0,0.0,5.0,1,,https://tiki.vndermalogica-chinh-hang-tay-te-bao-vat-ly-hang-ngay-danh-cho-moi-lan-da-daily-microfoliant-13gram-p115240287.html?spid=115240288,tẩy tế bào vật lý hàng
89560878,Bộ quà tặng Mẹ Và Bé Phấn Nụ Hoàng Cung,1456000.0,1456000.0,0.0,0.0,0,,https://tiki.vnbo-qua-tang-me-va-be-phan-nu-hoang-cung-p89560878.html?spid=89560881,quà tặng mẹ bé
75662496,Kem chống nắng trắng da tinh chất Trà Xanh,255000.0,255000.0,0.0,0.0,0,,https://tiki.vnkem-chong-nang-trang-da-tinh-chat-tra-xanh-p75662496.html?spid=75662497,kem chống nắng trắng
74979064,Mặt nạ mờ thâm nám & làm sáng da G-Arbutin Essence Mask ( Hộp 5 miếng ),165000.0,165000.0,0.0,0.0,0,,https://tiki.vnmat-na-mo-tham-nam-lam-sang-da-g-arbutin-essence-mask-hop-5-mieng-p74979064.html?spid=74979065,mặt nạ mờ thâm nám làm
68594667,Kem Chống Nắng Patch Holic Aqua Sun Gel SPF 50+ Pa+++ 120ml,536000.0,536000.0,0.0,0.0,0,,https://tiki.vnkem-chong-nang-patch-holic-aqua-sun-gel-spf-50-pa-120ml-p68594667.html?spid=68594668,kem chống nắng patch
43800757,Kem Dưỡng Mắt BL Miracle Advanced Retinol Eye Cream (15g),1390000.0,1390000.0,0.0,0.0,0,,https://tiki.vnkem-duong-mat-bl-miracle-advanced-retinol-eye-cream-15g-p43800757.html?spid=43800759,kem dưỡng mắt bl
43800750,"Kem Giảm Nám, Tàn Nhang, Đồi Mồi, Vết Thâm BL Advanced Skin Corrector (25g)",1750000.0,1750000.0,0.0,0.0,0,,https://tiki.vnkem-giam-nam-tan-nhang-doi-moi-vet-tham-bl-advanced-skin-corrector-25g-p43800750.html?spid=43800751,kem giảm nám tàn nhang
36236727,Kem Chống Nắng Sport Sunscreen SPF 50 PA+++,490000.0,490000.0,0.0,0.0,0,,https://tiki.vnkem-chong-nang-sport-sunscreen-spf-50-pa-p36236727.html?spid=43043623,kem chống nắng sport
23446262,Kem dưỡng ẩm Dermalogica Skin Smoothing Cream (Loại Mới),555000.0,555000.0,0.0,0.0,0,,https://tiki.vnkem-duong-am-dermalogica-skin-smoothing-cream-loai-moi-p23446262.html?spid=158178159,kem dưỡng ẩm dermalogica skin
20914894,Sữa rửa mặt Lindsay,480000.0,480000.0,0.0,0.0,0,,https://tiki.vnsua-rua-mat-lindsay-p20914894.html?spid=134955334,sữa rửa mặt
278830434,[QUÀ TẶNG] [MEN 200ML] Xịt khoáng Dành Cho Nam ALBA MEN'S ESSENTIALS 200ML,179000.0,179000.0,0.0,0.0,0,,https://tiki.vnqua-tang-khong-ban-men-200ml-xit-khoang-danh-cho-nam-alba-men-s-essentials-200ml-p278830434.html?spid=278830435,quà tặng men xịt khoáng
278597422,"Kem Dưỡng Trắng Da Ban Đêm Chuyên Sâu, Làm Sáng, Mờ Thâm, Dưỡng Ẩm Advanced White Cream XX Infinity Kosé Nhật Bản 40g",3778800.0,3778800.0,0.0,0.0,0,,https://tiki.vnkem-duong-trang-da-ban-dem-chuyen-sau-lam-sang-mo-tham-duong-am-advanced-white-cream-xx-infinity-kose-nhat-ban-40g-p278597422.html?spid=278597423,kem dưỡng trắng da
278345122,Gel chống nắng KHÔNG MÀU cho da nhạy cảm Frezyderm Sun Screen Velvet Face SPF 50+ 50ml,1000000.0,1000000.0,0.0,0.0,0,,https://tiki.vngel-chong-nang-khong-mau-cho-da-nhay-cam-frezyderm-sun-screen-velvet-face-spf-50-50ml-p278345122.html?spid=278345123,gel chống nắng màu
277881050,Xịt Chống Nắng Body Miss Moter Sunscreen Body Sen Tuyết Nhật Bản 150ml SPF5,125000.0,125000.0,0.0,0.0,0,,https://tiki.vnxit-chong-nang-body-miss-moter-sunscreen-body-sen-tuyet-nhat-ban-150ml-spf5-p277881050.html?spid=277881051,xịt chống nắng body
277659136,Tinh Chất Ngăn Ngừa Lão Hóa Sớm Su:m37 Micro Active Repair Serum 50ml,1320000.0,1650000.0,330000.0,0.0,0,,https://tiki.vntinh-chat-ngan-ngua-lao-hoa-som-su-m37-micro-active-repair-serum-50ml-p277659136.html?spid=277659145,tinh chất ngăn ngừa lão hóa
276735071,Combo Khăn Lau Mặt Cao Cấp PUFFME  220 Miếng/Bao,360000.0,360000.0,0.0,0.0,0,,https://tiki.vncombo-khan-lau-mat-cao-cap-puffme-220-mieng-bao-p276735071.html?spid=276797379,combo khăn lau mặt cao cấp
276481366,Sữa Rửa Mặt Neem Ngừa Mụn Trứng Cá Himalaya Herbals (50ml),104400.0,104400.0,0.0,0.0,0,,https://tiki.vnsu-a-rua-mat-neem-ngua-mun-trung-ca-himalaya-herbals-50ml-p276481366.html?spid=276481367,sư a rửa mặt neem ngừa
276103875,Viên Ngậm Trắng Da Glutathione 100mg Nhập Khẩu Từ Italy,1350000.0,1350000.0,0.0,0.0,0,,https://tiki.vnvien-ngam-trang-da-glutathione-100mg-nhap-khau-tu-italy-p276103875.html?spid=276103876,ngậm trắng da glutathione
275904209,Kem Chống Nắng Herbloom Thuần Chay Daily Toneup/ Calming Days Vegan Sunscreen SPF 50+ / PA ++++ 50ML,635000.0,635000.0,0.0,0.0,0,,https://tiki.vnkem-chong-nang-herbloom-thuan-chay-daily-toneup-calming-days-vegan-sunscreen-spf-50-pa-50ml-p275904209.html?spid=275302986,kem chống nắng herbloom
275588541,Kem dưỡng ẩm làm dịu cho da nhạy cảm kích ứng Juliette Armand Hydra Calming Cream 50ml,1450000.0,1450000.0,0.0,0.0,0,,https://tiki.vnkem-duong-am-lam-diu-cho-da-nhay-cam-kich-ung-juliette-armand-hydra-calming-cream-50ml-p275588541.html?spid=275588542,kem dưỡng ẩm làm dịu
274578136,"Kem nghệ đa năng Mulrose 30g Dưỡng da, giảm mụn, mờ thâm, se khít lỗ chân lông, chàm sữa, hăm, bị bỏng, vết thương hở.. Mul Rose [Chính Hãng]",220000.0,220000.0,0.0,5.0,2,,https://tiki.vnkem-nghe-da-nang-mulrose-30g-duong-da-giam-mun-mo-tham-se-khit-lo-chan-long-cham-sua-ham-bi-bong-vet-thuong-ho-mul-rose-chinh-hang-p274578136.html?spid=274578137,kem nghệ đa năng mulrose dưỡng da
273546650,Sữa Rửa Mặt Tạo Bọt Chiết Xuất Bùn Dưỡng Ẩm Mềm Mịn Softymo Lachesca Kosé Nhật Bản (Tuýp 130g),139000.0,139000.0,0.0,0.0,0,,https://tiki.vnsua-rua-mat-tao-bot-chiet-xuat-bun-duong-am-mem-min-softymo-lachesca-kose-nhat-ban-tuyp-130g-p273546650.html?spid=273546651,sữa rửa mặt tạo
273285507,"Serum giúp làm mờ vết thâm nám, giúp làn da sáng và rạng rỡ Dermalogica Dark Spot Serum 2ml",94000.0,94000.0,0.0,0.0,0,,https://tiki.vnhcm-dark-spot-serum-2ml-serum-lam-mo-vet-tham-nam-giup-lan-da-sang-va-rang-ro-p273285507.html?spid=273285508,serum giúp làm mờ
273155034,"Không lo dầu mụn, mờ thâm, da sáng bật tông - 7GF Facial Foam, Clay Pack, Face Lotion, Face Essence, Face Cream",7750000.0,7750000.0,0.0,0.0,0,,https://tiki.vnkhong-lo-dau-mun-mo-tham-da-sang-bat-tong-7gf-facial-foam-clay-pack-face-lotion-face-essence-face-cream-p273155034.html?spid=273155035,lo dầu mụn mờ
272787028,Kem chống nắng tối ưu cho da Sun BB Celaud,481000.0,481000.0,0.0,0.0,0,,https://tiki.vnkem-chong-nang-toi-uu-cho-da-sun-bb-celaud-p272787028.html?spid=272805124,kem chống nắng tối ưu
271330422,"Hộp Bông Tẩy Trang Ép Biên PUFFME, 80 Miếng/Hộp",25000.0,25000.0,0.0,0.0,0,,https://tiki.vnhop-bong-tay-trang-puffme-ep-canh-bien-80-mieng-hop-p271330422.html?spid=271330423,hộp tẩy trang ép biên puffme
263958945,RENI PREMIUM CALM PEEL SERUM,450000.0,450000.0,0.0,0.0,0,,https://tiki.vnreni-premium-calm-peel-serum-p263958945.html?spid=263958946,reni premium calm peel
252584887,"Kem Dưỡng Ẩm, Ngừa Mụn, Giảm Mụn Và Phục Hồi Tổn Thương Do Mụn Cica Method 100g",599000.0,599000.0,0.0,0.0,0,,https://tiki.vnkem-duong-am-ngua-mun-giam-mun-va-phuc-hoi-ton-thuong-do-mun-cica-method-100g-p252584887.html?spid=252584888,kem dưỡng ẩm ngừa mụn
225956294,Tinh chất mờ nám sau 7 ngày sử dụng POWERBRIGHT DARK SPOT SERUM của Dermalogica - Dolly Beauty,3810000.0,3810000.0,0.0,0.0,0,,https://tiki.vntinh-chat-mo-nam-sau-7-ngay-su-dung-powerbright-dark-spot-serum-cua-dermalogica-dolly-beauty-p225956294.html?spid=225956312,tinh chất mờ nám sau
201036824,Kem dưỡng da phục hồi ban đêm dành cho mọi làn da Dermalogica Sound Sleep Cocoon 50ml,3110000.0,3110000.0,0.0,0.0,0,,https://tiki.vnkem-duong-da-phuc-hoi-ban-dem-dermalogica-sound-sleep-cocoon-danh-cho-moi-lan-da-p201036824.html?spid=201036826,kem dưỡng da phục hồi
190337175,Kem dưỡng chống lão hoá thượng lưu OHUI The First Diadein Solitaire Cream 8ml,490000.0,980000.0,490000.0,0.0,0,,https://tiki.vnkem-duong-chong-lao-hoa-thuong-luu-ohui-the-first-diadein-solitaire-cream-8ml-p190337175.html?spid=190337176,kem dưỡng chống lão
168741008,Tinh Chất Giảm Thâm Ngăn Ngừa Mụn & Giúp Sáng Đều Màu Da  Dermalogica Age Bright Clearing Serum,2450000.0,2450000.0,0.0,0.0,0,,https://tiki.vndermalogica-chinh-hang-tinh-chat-giam-tham-ngan-ngua-mun-giup-sang-deu-mau-da-age-bright-clearing-serum-p168741008.html?spid=168741015,tinh chất giảm thâm ngăn ngừa
142973859,Xịt Khoáng ALBA SKINCARE Chống Lão Hóa Và Dưỡng Ẩm Cho Da,280000.0,280000.0,0.0,5.0,7,,https://tiki.vnxit-khoang-alba-skin-care-cham-soc-da-giau-khoang-chat-thien-nhien-p142973859.html?spid=142973860,xịt khoáng alba skincare
137026648,KEM DƯỠNG DA CẤP ẨM LÔ HỘI GOODNDOC ALOE VERA HYDRA SOOTHING CREAM 50ml,460000.0,460000.0,0.0,0.0,0,,https://tiki.vnkem-duong-da-cap-am-lo-hoi-goodndoc-aloe-vera-hydra-soothing-cream-50ml-p137026648.html?spid=141689744,kem dưỡng da cấp
122067474,Mặt nạ miếng trẻ hóa và giảm bọng mắt Dermafirm Bio Eye Concentrate Patch 110ml,1190000.0,1190000.0,0.0,0.0,0,,https://tiki.vnmat-na-mieng-tre-hoa-va-giam-bong-mat-dermafirm-bio-eye-concentrate-patch-110ml-p122067474.html?spid=122067475,mặt nạ trẻ hóa giảm
115768692,Kem dưỡng tinh chất nhau thai và Collagen White Label Premium Rich Gold 60g,440000.0,440000.0,0.0,0.0,0,,https://tiki.vnkem-duong-tinh-chat-nhau-thai-va-collagen-white-label-premium-rich-gold-60g-p115768692.html?spid=115768693,kem dưỡng tinh chất nhau thai
114672583,Bộ 3 sản phẩm sáng da sạch mụn dành cho da dầu mụn Dermalogica Clear & brighten kit,1460000.0,1460000.0,0.0,0.0,0,,https://tiki.vndermalogica-chinh-hang-bo-3-san-pham-sang-da-sach-mun-danh-cho-da-dau-mun-p114672583.html?spid=114672584,sản phẩm sáng da sạch
73527134,Lip Smacker - Son Disney Emoji – Belle Người Đẹp Và Quái Vật - Lip Smacker Disney Emoji Lip Balm – Belle – Last Rose Petal,109000.0,109000.0,0.0,4.8,10,,https://tiki.vnlip-smacker-son-disney-emoji-belle-nguoi-dep-va-quai-vat-lip-smacker-disney-emoji-lip-balm-belle-last-rose-petal-p73527134.html?spid=73527135,lip smacker son disney emoji
59498438,SERUM KCS-PURE ORIGIN CELL ANTI AGING & SHINING SÁNG CĂNG BÓNG TỨC THÌ (30ml),280000.0,280000.0,0.0,0.0,0,,https://tiki.vnserum-kcs-pure-origin-cell-anti-aging-shining-sang-cang-bong-tuc-thi-30ml-p59498438.html?spid=59498439,serum kcs pure origin
46286273,"Mặt nạ bùn khoáng núi lửa kiểm soát dầu và mụn, thanh lọc độc tố, tái tạo da ZENNA Bentonite Clay 60g (10 túi/hộp) - Set du lịch - Phù hợp cho mọi loại da đặc biệt da dầu và mụn",285000.0,285000.0,0.0,5.0,1,,https://tiki.vnmat-na-bun-khoang-nui-lua-kiem-soat-dau-va-mun-thanh-loc-doc-to-tai-tao-da-zenna-bentonite-clay-60g-10-tui-hop-phu-hop-cho-moi-loai-da-dac-biet-da-dau-va-mun-p46286273.html?spid=46286274,mặt nạ bùn khoáng núi lửa
43043607,Sữa Rửa Mặt Cấp Ẩm LaTa ForMen Hydrating Cleanser,280000.0,280000.0,0.0,4.0,1,,https://tiki.vnsua-rua-mat-cap-am-lata-formen-hydrating-cleanser-p43043607.html?spid=43043608,sữa rửa mặt cấp
43035665,Kem Chống Nắng LATA ForMen Sport Sunscreen SPF 50 PA+++  (2 tuýp),980000.0,980000.0,0.0,0.0,0,,https://tiki.vnkem-chong-nang-lata-formen-sport-sunscreen-spf-50-pa-2-tuyp-p43035665.html?spid=43035666,kem chống nắng lata
31714496,Sữa Tẩy Trang Hữu Cơ Sáng Da NA&T STORY Lotion Micellaire Apaisante 200ML,850000.0,850000.0,0.0,0.0,0,,https://tiki.vnsua-tay-trang-huu-co-sang-da-na-t-story-lotion-micellaire-200ml-p31714496.html?spid=31714497,sữa tẩy trang hữu cơ sáng
30747868,"Kem Nám Trắng Da Tàng Nhang Đồi Mồi (15g, 25g) Sắc Tiên Today",111000.0,111000.0,0.0,4.5,2,,https://tiki.vnkem-nam-trang-da-tang-nhang-doi-moi-sac-tien-today-p30747868.html?spid=30747872,kem nám trắng da tàng
25569840,Tinh dầu tẩy trang thảo dược trà xanh Green Tea deep cleansing oil welcos 170ml tặng kèm móc khóa,349000.0,349000.0,0.0,0.0,0,,https://tiki.vntinh-dau-tay-trang-thao-duoc-tra-xanh-green-tea-deep-cleansing-oil-welcos-170ml-tang-kem-moc-khoa-p25569840.html?spid=25569841,tinh dầu tẩy trang thảo dược
20698304,Gel chống nắng Nhật Bản Naris Parasola UV Cut Gel SPF50+ PA++++ (90g) + Tặng gương mini siêu cute,419000.0,419000.0,0.0,4.3,6,,https://tiki.vngel-chong-nang-nhat-ban-naris-parasola-uv-cut-gel-spf50-pa-90g-tang-guong-mini-sieu-cute-p20698304.html?spid=20698305,gel chống nắng nhật bản
14795927,Total Strength Serum – Serum Dưỡng Sáng Da Và Cấp Nước,600000.0,600000.0,0.0,0.0,0,,https://tiki.vntotal-strength-serum-serum-duong-sang-da-va-cap-nuoc-p14795927.html?spid=14795928,total strength serum serum dưỡng
11423877,Xịt chống nắng Nhật Bản Naris Parasola Illumi Skin UV Spray SPF50+/PA+++ (80g) – Hàng chính hãng,419000.0,419000.0,0.0,2.5,2,,https://tiki.vnxit-chong-nang-nhat-ban-naris-parasola-illumi-skin-uv-spray-spf50-pa-80g-hang-chinh-hang-p11423877.html?spid=15215009,xịt chống nắng nhật bản
523011,Kem Dưỡng Ẩm Dành Cho Mặt Và Cổ SVR Hydraliane Riche Tuýp 40ml - HRI,415000.0,415000.0,0.0,5.0,1,,https://tiki.vnkem-duong-am-danh-cho-mat-va-co-svr-hydraliane-riche-tuyp-40ml-hri-p523011.html?spid=11202032,kem dưỡng ẩm dành
522726,Gel Làm Giảm Mụn SVR Sebiaclear Cicapeel Tuýp 15ml - SCI,345000.0,345000.0,0.0,0.0,0,,https://tiki.vngel-lam-giam-mun-svr-sebiaclear-cicapeel-tuyp-15ml-sci-p522726.html?spid=42459050,gel làm giảm mụn
279076084,[DERMALOGICA] Kem dưỡng mắt Phyto Nature Lifting Eye Cream nâng cơ + làm săn chắc vùng mắt chảy xệ,160000.0,160000.0,0.0,0.0,0,,https://tiki.vndermalogica-kem-duong-mat-phyto-nature-lifting-eye-cream-nang-co-lam-san-chac-vung-mat-chay-xe-p279076084.html?spid=279076087,dermalogica kem dưỡng mắt
278743892,FESTIVAL-Bộ mùa lễ hội TOẢ SÁNG RỰC RỠ ,5950000.0,5950000.0,0.0,0.0,0,,https://tiki.vnfestival-bo-mua-le-hoi-toa-sang-ruc-ro-p278743892.html?spid=278743895,festival bộ mùa lễ hội
278700817,Combo 10 gói Tinh Chất Chống Nắng Chống Lão Hóa Làm Dịu Da The Whoo UV Ultimate Red Vitamin Suncreen SPF 50+/PA++++,80000.0,80000.0,0.0,0.0,0,,https://tiki.vncombo-10-goi-tinh-chat-chong-nang-chong-lao-hoa-lam-diu-da-the-whoo-uv-ultimate-red-vitamin-suncreen-spf-50-pa-p278700817.html?spid=278700818,combo gói tinh chất chống
278679823,"Lotion Dưỡng Trắng Da, Dưỡng Ẩm Mượt, Ngăn Thâm Nám Và Ngăn Ngừa Lão Hóa Infinity Kose Nhật Bản",2114800.0,2114800.0,0.0,0.0,0,,https://tiki.vnlotion-duong-trang-da-duong-am-muot-ngan-tham-nam-va-ngan-ngua-lao-hoa-infinity-kose-nhat-ban-p278679823.html?spid=278679824,lotion dưỡng trắng da dưỡng
278111506,Kem nám trắng da tàn nhang đồi mồi  15g Sắc Tiên Today (hộp đen),169000.0,169000.0,0.0,0.0,0,,https://tiki.vnkem-nam-trang-da-tan-nhang-doi-moi-15g-sac-tien-today-hop-den-p278111506.html?spid=278111507,kem nám trắng da
278103388,"Kem dưỡng siêu phục hồi Lassie’el Hàn Quốc 10ml - Chiết xuất thiên nhiên, dưỡng ẩm, ngăn ngừa lão hóa",220000.0,220000.0,0.0,0.0,0,,https://tiki.vnkem-duong-lassie-el-chiet-xuat-thien-nhien-duong-am-diu-da-cang-bong-mem-min-da-50ml-han-quoc-p278103388.html?spid=278103389,kem dưỡng siêu phục hồi lassie
276452349,SỮA RỬA MẶT CẤP ẨM H.A CAO CẤP 7 TÁC DỤNG – DABO 7IN1 MULTI HYAL FOAM CLEANSER 180ML,170000.0,170000.0,0.0,0.0,0,,https://tiki.vnsua-rua-mat-cap-am-h-a-cao-cap-7-tac-dung-dabo-7in1-multi-hyal-foam-cleanser-180ml-p276452349.html?spid=276452350,sữa rửa mặt cấp
276177113,"Bông Tẩy Trang Cotton POP-PUF Mềm Mịn, Có Thể Tách Lớp | 50 Miếng/Hộp, 6*8cm/Miếng",28000.0,28000.0,0.0,5.0,1,,https://tiki.vncombo-hop-bong-tay-trang-pop-puf-6-8cm-50-mieng-hop-p276177113.html?spid=279162240,bông tẩy trang cotton pop puf
276176993,"Combo Bông Tẩy Trang Ép Biên POP-PUF Bao Zipper 170G, 100 Miếng/Bao",72000.0,90000.0,18000.0,0.0,0,,https://tiki.vncombo-bao-bong-tay-trang-ep-bien-pop-puf-zipper-170g-100-mieng-bao-p276176993.html?spid=271366900,combo tẩy trang ép biên pop
274173850,"Nước hoa hồng dưỡng trắng, phục hồi da Vitamin C Prettyskin, Toner Pretty Skin The Pure Jeju Tangerine cấp ẩm làm dịu",375000.0,375000.0,0.0,0.0,0,,https://tiki.vnnuoc-hoa-hong-duong-trang-phuc-hoi-da-vitamin-c-prettyskin-toner-pretty-skin-the-pure-jeju-tangerine-cap-am-lam-diu-p274173850.html?spid=274173851,nước hoa hồng dưỡng trắng phục hồi
273828959,Sữa Rửa Mặt làm sáng và dưỡng ẩm làm mới làn da xỉn màu DAILY GLYCOLIC CLEANSER của Dermalogica - Dolly Beauty,95000.0,95000.0,0.0,0.0,0,,https://tiki.vnsua-rua-mat-lam-sang-va-duong-am-lam-moi-lan-da-xin-mau-daily-glycolic-cleanser-cua-dermalogica-dolly-beauty-p273828959.html?spid=279076068,sữa rửa mặt làm
273503948,Sữa rửa mặt dạng gel làm sạch sâu giảm bã nhờn Vichy Normaderm Phytosolution 200ml,370000.0,370000.0,0.0,0.0,0,,https://tiki.vnsua-rua-mat-dang-gel-lam-sach-sau-giam-ba-nhon-vichy-normaderm-phytosolution-200ml-p273503948.html?spid=276679281,sữa rửa mặt dạng
272852992,"Sữa chống nắng bí đao Cocoon 50ml quang phổ rộng, bảo vệ rất cao SPF 50+, PA++++, UVA – PF 62.6",417050.0,439000.0,21950.0,0.0,0,,https://tiki.vnsua-chong-nang-bi-dao-cocoon-50ml-quang-pho-rong-bao-ve-rat-cao-spf-50-pa-uva-pf-62-6-p272852992.html?spid=272852993,sữa chống nắng bí đao
262663824,Kem chống nắng bảo vệ tối đa Skin Fusion Hyaestic SF64 Sun And Pollution Protector SPF50+ (50ml),980000.0,980000.0,0.0,0.0,0,,https://tiki.vnkem-cho-ng-na-ng-ba-o-ve-to-i-da-skin-fusion-hyaestic-sf64-sun-and-pollution-protector-spf50-50ml-p262663824.html?spid=262663828,kem chô ng nă
262460263,"Kem Chống Nắng DD Cream DR CELL 50ml chống nắng bảo vệ da, dưỡng ẩm, nâng tone da - Hàng Chính Hãng",800000.0,800000.0,0.0,0.0,0,,https://tiki.vnkem-chong-nang-dd-cream-dr-cell-50ml-p262460263.html?spid=278690863,kem chống nắng dd
249026585,"Bộ sản phẩm phục hồi da và cải thiện, ngăn ngừa thâm nám đốm nâu Vichy Liftactiv B3 Dark Spots Serum",985000.0,985000.0,0.0,1.0,1,,https://tiki.vnbo-san-pham-phuc-hoi-da-va-cai-thien-ngan-ngua-tham-nam-dom-nau-vichy-liftactiv-b3-dark-spots-serum-p249026585.html?spid=271335621,sản phẩm phục hồi da cải thiện
240276648,Combo Mặt nạ bí đao the cocoon 30ml + Son dưỡng môi dầu dừa Bến Tre cocoon 5g,177650.0,187000.0,9350.0,0.0,0,,https://tiki.vncombo-mat-na-bi-dao-the-cocoon-30ml-son-duong-moi-dau-dua-ben-tre-cocoon-5g-p240276648.html?spid=240276652,combo mặt nạ bí đao the
229696451,"Gel rửa mặt cà phê Đắk Lắk 140ml cho làn da mềm mại, rạng rỡ thuần chay",185250.0,195000.0,9750.0,0.0,0,,https://tiki.vngel-rua-mat-ca-phe-dak-lak-140ml-cho-la-n-da-me-m-ma-i-ra-ng-ro-thua-n-chay-p229696451.html?spid=229696452,gel rửa mặt cà phê
208183563,Serum OPtimus Thanh Mộc Hương dưỡng da căng sáng mịn màng ngăn ngừa mụn thâm 30ml,250000.0,250000.0,0.0,0.0,0,,https://tiki.vnserum-thien-nhien-thanh-moc-huong-duong-da-cang-sang-min-mang-ngan-ngua-mun-tham-20ml-p208183563.html?spid=208183586,serum optimus thanh mộc hương dưỡng
205001011,Bộ kem chống nắng OHUI DS PERFECT SUN RED SET,640000.0,1080000.0,440000.0,0.0,0,,https://tiki.vnbo-kem-chong-nang-ohui-ds-perfect-sun-red-set-p205001011.html?spid=205001012,kem chống nắng ohui
193923970,Bộ 10 miếng mặt nạ H.A - Dabo First Solution Mask Pack Hyaluronic,145000.0,145000.0,0.0,0.0,0,,https://tiki.vnbo-10-mieng-mat-na-h-a-dabo-first-solution-mask-pack-hyaluronic-p193923970.html?spid=193923971,bộ mặt nạ h a
186627929,Bigsize - Sữa rửa mặt nghệ Hưng Yên Cocoon giúp da sạch mịn và rạng rỡ 310ml,295000.0,295000.0,0.0,5.0,6,,https://tiki.vnbigsize-sua-rua-mat-nghe-hung-yen-cocoon-giup-da-sach-min-va-rang-ro-310ml-p186627929.html?spid=186627930,bigsize sữa rửa mặt nghệ hưng yên cocoon
174527515,"SEROZINC Xịt Khoáng Chuyên Biệt Dành Cho Da Dầu Mụn, Da Hỗn Hợp Dầu",170000.0,170000.0,0.0,1.0,1,,https://tiki.vnserozinc-xit-khoang-chuyen-biet-danh-cho-da-dau-mun-da-hon-hop-dau-p174527515.html?spid=174527518,serozinc xịt khoáng chuyên biệt dành
169128508,"Dưỡng Ẩm Cho Da Mềm Mịn, Làm Trắng Da Hiruserine ( Dưỡng Trắng Da Chỉ Sau 1 Tuần)",399000.0,399000.0,0.0,0.0,0,,https://tiki.vnduong-am-cho-da-mem-min-lam-trang-da-hiruserine-duong-trang-da-chi-sau-1-tuan-p169128508.html?spid=169128510,dưỡng ẩm da mềm
105501384,Nước tẩy trang hoa hồng Cocoon 140ml,115000.0,115000.0,0.0,4.5,2,,https://tiki.vnnuoc-tay-trang-hoa-hong-cocoon-140ml-p105501384.html?spid=214992636,nước tẩy trang hoa hồng
83947793,Gel Rửa Mặt Hoa Hồng Cocoon 140ml,155000.0,155000.0,0.0,4.8,5,,https://tiki.vngel-rua-mat-hoa-hong-cocoon-140ml-p83947793.html?spid=90464902,gel rửa mặt hoa hồng
73128272,SERUM CẤP ẨM PHỤC HỒI DA DNA CÁ HỒI LARIAN+ LOẠI 50ML,1720000.0,1720000.0,0.0,5.0,1,,https://tiki.vnserum-cap-am-phuc-hoi-da-dna-ca-ho-i-larian-loai-50ml-p73128272.html?spid=73128273,serum cấp ẩm phục hồi da
72516075,"Nước hoa hồng thương hiệu Sao la (100ml): Dưỡng ẩm, làm se  khít lỗ chân lông, làm mịn và ngăn ngừa lão hóa da, làm sạch da, 100% thuần chay, từ tự nhiên, an toàn, lành tính - Hàng Chính Hãng",150000.0,150000.0,0.0,5.0,5,,https://tiki.vnnuoc-hoa-hong-sao-la-100ml-p72516075.html?spid=72516076,nước hoa hồng thương hiệu la dưỡng
70608472,"Hộp 10 gói mặt nạ dưỡng da tế bào gốc, chiết xuất từ nhụy hoa nghệ tây Larian+ (LARIAN DERMA REVITALISING MASK)",850000.0,850000.0,0.0,5.0,1,,https://tiki.vnhop-10-goi-mat-na-duong-da-te-bao-goc-chiet-xuat-tu-nhuy-hoa-nghe-tay-larian-larian-derma-revitalising-mask-p70608472.html?spid=70608473,hộp gói mặt nạ dưỡng da
70608282,Kem dưỡng trắng body ( DERMA WHITE BODY SOLUTION ) Larian+ 500ml,1800000.0,1800000.0,0.0,0.0,0,,https://tiki.vnkem-duong-trang-body-dema-wehite-body-solution-larian-500ml-p70608282.html?spid=70608283,kem dưỡng trắng body
66108357,"Tinh chất sữa Hỗ trợ chữa trị nám da, trắng sáng da Genocell- Reset Skin White Radiance Repair Ampoule (1 hộp 10 ống)",3800000.0,3800000.0,0.0,0.0,0,,https://tiki.vntinh-chat-sua-ho-tro-chua-tri-nam-da-trang-sang-da-genocell-reset-skin-white-radiance-repair-ampoule-1-hop-10-ong-p66108357.html?spid=66108358,tinh chất sữa hỗ trợ chữa trị
63484072,"Serum Dưỡng trắng da mờ nám tàn nhang, đồi mồi Detox Blanc Essence Peptide 20ml",195990.0,195990.0,0.0,4.5,13,,https://tiki.vnserum-duong-trang-da-mo-nam-tan-nhang-doi-moi-detox-blanc-essence-peptide-20ml-p63484072.html?spid=66765584,serum dưỡng trắng da
49476821,Combo Mờ Nám - Nâng Tông - Bảo Vệ Toàn Diện Kem chống nắng 50g + kem ngày 30ml + kem đêm 30g (Sắc Ngọc Khang Official),1374000.0,1374000.0,0.0,4.0,2,,https://tiki.vncombo-8-thang-3-gom-1-serum-sac-ngoc-khang-20ml-1-kem-chong-nang-sac-ngoc-khang-50g-1-sua-rua-mat-sac-ngoc-khang-50g-p49476821.html?spid=49476822,combo mờ nám nâng tông
41400506,SKINICER REPAIR SERUM 30ML - Phục Hồi Da Bị Mụn Và Tái Tạo Tế Bào Da - Đức,1680000.0,1680000.0,0.0,0.0,0,,https://tiki.vnskinicer-repair-serum-30ml-phuc-hoi-mun-va-tai-tao-da-duc-p41400506.html?spid=69844662,skinicer repair serum phục hồi
21381103,Xịt Dưỡng Thể Trắng Da White Conc Body Lotion (245ml),209000.0,209000.0,0.0,4.0,1,,https://tiki.vnxit-duong-the-trang-da-white-conc-body-lotion-245ml-p21381103.html?spid=55573549,xịt dưỡng thể trắng da
15541877,Combo 10 Miếng Mặt Nạ Trà Xanh Dabo Green Tea First Solution Mask Pack Hàn Quốc sạch nhờn ngừa mụn (23g / Gói),115000.0,115000.0,0.0,0.0,0,,https://tiki.vncombo-10-mieng-mat-na-tra-xanh-dabo-green-tea-first-solution-mask-pack-han-quoc-sach-nhon-ngua-mun-23g-goi-p15541877.html?spid=50191582,combo mặt nạ trà xanh
14364967,Tẩy trang BIODERMA SEBIUM H20 Dành Cho Da Dầu Mụn (500ml) - VIVALUST COSMETICS - Hàng Chính Hãng,499000.0,499000.0,0.0,5.0,3,,https://tiki.vntay-trang-bioderma-sebium-h20-danh-cho-da-dau-mun-500ml-vivalust-cosmetics-hang-chinh-hang-p14364967.html?spid=14364968,trang bioderma sebium h
11860881,Sữa rửa mặt Caryophy Portulaca Cleansing Foam 3 In 1,239000.0,239000.0,0.0,5.0,10,,https://tiki.vnsua-rua-mat-caryophy-portulaca-cleansing-foam-3-in-1-p11860881.html?spid=66605044,sữa rửa mặt caryophy
2626803,Naruko Ý Dĩ Nhân Đỏ - Sữa Rửa Mặt BọtRJT Pore Minimizing & Brightening Foaming Wash (120ml),239000.0,239000.0,0.0,4.5,4,,https://tiki.vnnaruko-y-di-nhan-do-sua-rua-mat-botrjt-pore-minimizing-brightening-foaming-wash-120ml-p2626803.html?spid=2627779,naruko ý dĩ nhân đỏ sữa
2626799,Naruko Bạch Ngọc Lan - Hộp 10 Miếng Mặt Nạ Dưỡng Trắng Taiwan Magnolia Brightening And Firming Mask Ex (30ml / Miếng) ,329000.0,329000.0,0.0,5.0,3,,https://tiki.vnnaruko-bach-ngoc-lan-hop-10-mieng-mat-na-duong-trang-taiwan-magnolia-brightening-and-firming-mask-ex-25ml-mieng-p2626799.html?spid=2627775,naruko bạch ngọc lan hộp
278948753,Kem cấp ẩm belif The True Cream Moisturizing Bomb và Mặt nạ ngủ chống lão hóa Regenerating Mask 50ml,813000.0,1100000.0,287000.0,0.0,0,,https://tiki.vnkem-cap-am-belif-the-true-cream-moisturizing-bomb-va-mat-na-ngu-chong-lao-hoa-regenerating-mask-50ml-p278948753.html?spid=278948754,kem cấp ẩm belif the
278855905,Sữa rửa mặt Simple Moisturising Facial Wash (150ml) - Hàng chính hãng,139000.0,139000.0,0.0,0.0,0,,https://tiki.vnsua-rua-mat-simple-moisturising-facial-wash-150ml-hang-chinh-hang-p278855905.html?spid=278855907,sữa rửa mặt simple
278683303,Tinh chất cân bằng lợi khuẩn MD CARE NMF Prebiotics Serum (30ml) - Hàng chính hãng,409000.0,480000.0,71000.0,0.0,0,,https://tiki.vntinh-chat-can-bang-loi-khuan-md-care-nmf-prebiotics-serum-30ml-hang-chinh-hang-p278683303.html?spid=278683305,tinh chất cân bằng lợi khuẩn md
278139006,Bộ Dưỡng Sáng Làm Đều Màu Da Sum37 Time Energy Bright Special Set 2pcs,1960000.0,2500000.0,540000.0,0.0,0,,https://tiki.vnbo-duong-sang-lam-deu-mau-da-sum37-time-energy-bright-special-set-2pcs-p278139006.html?spid=278139007,dưỡng sáng làm màu da
277717796,"Tế bào gốc Pime Feel Up Ampoule White chứa tinh chất dưỡng trắng da, hỗ trợ giảm nám sạm, tàn nhang 50ml",1395000.0,1500000.0,105000.0,0.0,0,,https://tiki.vnte-bao-goc-pime-feel-up-ampoule-white-chua-tinh-chat-duong-trang-da-ho-tro-giam-nam-sam-tan-nhang-50ml-p277717796.html?spid=277717797,tế bào gốc pime feel
277539304,"Bộ dưỡng tái sinh, săn chắc da OHUI THE FIRST GENITURE 3PCS SPECIAL SET",4137000.0,5600000.0,1463000.0,0.0,0,,https://tiki.vnbo-duong-tai-sinh-san-chac-da-ohui-the-first-geniture-2pcs-special-set-p277539304.html?spid=277539305,bộ dưỡng tái sinh săn chắc
277357071,Mặt nạ ngủ cải thiện đàn hồi cho da Whoo CYD Regenerating Overnight Mask 70ml,3694000.0,5000000.0,1306000.0,0.0,0,,https://tiki.vnmat-na-ngu-cai-thien-dan-hoi-cho-da-whoo-cyd-regenerating-overnight-mask-75ml-p277357071.html?spid=277357072,mặt nạ ngủ cải thiện hồi
277268283,Tinh chất Retinol săn chắc đàn hồi nâng da CNP Derma Answer Tension Angle Fit Ampule,298000.0,410000.0,112000.0,0.0,0,,https://tiki.vntinh-chat-retinol-san-chac-dan-hoi-nang-da-cnp-derma-answer-tension-angle-fit-ampule-p277268283.html?spid=277268285,tinh chất retinol săn chắc
276715596,Kem dưỡng sáng daTHE WHOO Gong Jin Hyang Brightening Power Cream 50ml,2438000.0,3300000.0,862000.0,0.0,0,,https://tiki.vnkem-duong-sang-dathe-whoo-gong-jin-hyang-brightening-power-cream-50ml-p276715596.html?spid=276715597,kem dưỡng sáng whoo
276563596,Nước tẩy trang SIMPLE sạch da cấp ẩm 400ml,194000.0,194000.0,0.0,0.0,0,,https://tiki.vnnuoc-tay-trang-simple-sach-da-cap-am-400ml-p276563596.html?spid=276563598,nước tẩy trang simple sạch
276548664,"Serum Compliment 5% axit glycolic và Niacinamide B3 làm sáng da, chống lão hóa căng bóng 27ml (hồng)",110000.0,110000.0,0.0,0.0,0,,https://tiki.vnserum-compliment-5-axit-glycolic-va-niacinamide-b3-lam-sang-da-chong-lao-hoa-cang-bong-27ml-hong-p276548664.html?spid=276548665,serum compliment axit glycolic niacinamide b
276430852, Xịt khoáng tinh chất keo ong tái tạo da CNP Laboratory Propolis Energy Ampule Mist 50ml,184000.0,250000.0,66000.0,0.0,0,,https://tiki.vnxit-khoang-tinh-chat-keo-ong-tai-tao-da-cnp-laboratory-propolis-energy-ampule-mist-50ml-p276430852.html?spid=276430853,xịt khoáng tinh chất keo ong
276430799,Gel tẩy tế bào chết thế hệ mới với PHA cải thiện da trong 7 ngày CNP Laboratory Invisible Peeling Booster,574000.0,790000.0,216000.0,0.0,0,,https://tiki.vngel-tay-te-bao-chet-the-he-moi-voi-pha-cai-thien-da-trong-7-ngay-cnp-laboratory-invisible-peeling-booster-p276430799.html?spid=276430803,gel tẩy tế bào chết
276423985,Kem dưỡng nâng cơ và dưỡng sáng vùng mắt Whoo CYD Ultimate Regenerative Eye Lift Cream,3472000.0,4700000.0,1228000.0,0.0,0,,https://tiki.vnkem-duong-nang-co-va-duong-sang-vung-mat-whoo-cyd-ultimate-regenerative-eye-lift-cream-p276423985.html?spid=276423986,kem dưỡng nâng cơ
275033589,Tinh chất chống lão hóa sớm đa tầng OHUI Prime Advancer De-Aging Ampoule Serum 50ml,1958000.0,2650000.0,692000.0,0.0,0,,https://tiki.vntinh-chat-chong-lao-hoa-som-da-tang-ohui-prime-advancer-de-aging-ampoule-serum-50ml-p275033589.html?spid=275033590,tinh chất chống lão hóa
271665112,5 Gói Gel Chống Nắng Anessa Dưỡng Sáng Nâng Tông x 4ml,98000.0,98000.0,0.0,0.0,0,,https://tiki.vn5-goi-gel-chong-nang-anessa-duong-sang-nang-tong-x-4ml-p271665112.html?spid=271665113,gói gel chống nắng
249304146,Sữa Rửa Mặt Oly HT Ngừa Mụn - Làm Sạch Da 70g OLY HT CHÍNH HÃNG,49000.0,49000.0,0.0,0.0,0,,https://tiki.vnsua-rua-mat-oly-ht-lam-sach-da-ngua-mun-70g-oly-ht-chinh-hang-p249304146.html?spid=249304147,sữa rửa mặt oly ht
239729905,Combo Gel bí đao rửa mặt cocoon 140ml + Cà phê Đắk Lắk sạch da chết cocoon 200ml,294500.0,310000.0,15500.0,0.0,0,,https://tiki.vncombo-gel-bi-dao-rua-mat-cocoon-140ml-ca-phe-dak-lak-sach-da-chet-cocoon-200ml-p239729905.html?spid=239729908,combo gel bí đao rửa
229767399,Cà phê Đắk Lắk làm sạch da chết mặt cocoon 150ml (Dak Lak coffee face polish),165000.0,165000.0,0.0,0.0,0,,https://tiki.vnca-phe-dak-lak-lam-sach-da-chet-mat-cocoon-150ml-dak-lak-coffee-face-polish-p229767399.html?spid=229767400,cà phê đắk lắk làm
225209304,Kem đêm dưỡng trắng da trị nám TRANSINO Whitening Repair Cream EX,999000.0,999000.0,0.0,2.0,1,,https://tiki.vnkem-duong-trang-da-ban-dem-transino-p225209304.html?spid=253058521,kem đêm dưỡng trắng
222682781,Tinh chất ngừa nám và làm trắng da TRANSINO,1190000.0,1190000.0,0.0,0.0,0,,https://tiki.vntinh-chat-ngua-nam-va-lam-trang-da-transino-p222682781.html?spid=252960955,tinh chất ngừa nám làm trắng
212284435,Kem Dưỡng Trắng Da - Ngừa Nám - Giảm Nếp Nhăn - Se Khít Lỗ Chân Lông OLY HT Chính Hãng 50g LPK,399000.0,399000.0,0.0,0.0,0,,https://tiki.vnkem-duong-trang-da-ngua-nam-giam-nep-nhan-se-khit-lo-chan-long-oly-ht-hang-chinh-hang-50g-p212284435.html?spid=212284436,kem dưỡng trắng da
203926039,Kem trắng da nâng tông tự nhiên W.Skin Laboratory WHITE GLUTATHIONE TONE UP CREAM (60ml) {Có tem phụ nhập khẩu chính ngạch},487200.0,696000.0,208800.0,5.0,1,,https://tiki.vnkem-duong-trang-va-nang-tong-da-white-glutathione-tone-up-cream-60ml-p203926039.html?spid=203926040,kem trắng da nâng tông
182785113,HAVICO Rapha Perfect mụn cóc Hộp 10ml,190000.0,190000.0,0.0,0.0,0,,https://tiki.vn0132314-havico-rapha-perfect-tri-mun-coc-hop-10ml-p182785113.html?spid=182785114,havico rapha perfect mụn
179520778,"Kem dưỡng đêm Pime Feel Up Cream mờ thâm nám, hạn chế nếp nhăn, phục hồi tái tạo da 50g",771900.0,830000.0,58100.0,0.0,0,,https://tiki.vnkem-duong-dem-mo-tham-nam-sieu-cap-am-trang-da-cang-bong-xoa-mo-nep-nhan-phuc-hoi-tai-tao-da-pime-feel-up-cream-50g-p179520778.html?spid=179520779,kem dưỡng đêm pime
179520670,"Tế bào gốc nọc ong Pime Remade Ampoule dạng tinh chất mờ sẹo rỗ thâm nám, phục hồi da treatment 10ml",641700.0,690000.0,48300.0,0.0,0,,https://tiki.vnte-bao-goc-noc-ong-phuc-hoi-da-treatment-dang-sieu-tinh-chat-mo-seo-ro-tham-nam-se-chan-long-pime-remade-ampoule-10ml-p179520670.html?spid=179520671,tế bào gốc nọc ong
174606528,"Bộ đôi chống lão hóa, tăng cường hàng rào bảo vệ da Whoo Hwanyu 2pcs set",7092000.0,9600000.0,2508000.0,0.0,0,,https://tiki.vnbo-doi-chong-lao-hoa-tang-cuong-hang-rao-bao-ve-da-whoo-hwanyu-2pcs-set-p174606528.html?spid=174606529,bộ chống lão hóa
173858509,Bộ kem dưỡng chống lão hóa thượng lưu OHUI The First Diadein Solitaire Cream set,10343000.0,14000000.0,3657000.0,0.0,0,,https://tiki.vnbo-kem-duong-chong-lao-hoa-thuong-luu-ohui-the-first-diadein-solitaire-cream-set-p173858509.html?spid=173858510,kem dưỡng chống lão hóa
169553805,Tẩy tế bào chết da mặt Sakura Gentle Facial Scrub 30ml,546000.0,600000.0,54000.0,0.0,0,,https://tiki.vntay-te-bao-chet-da-mat-sakura-gentle-facial-scrub-30ml-p169553805.html?spid=169553806,tẩy tế bào chết da
164813943,Sữa rửa mặt không bọt dưỡng ẩm cho da khô và da nhạy cảm Wiesin Rich Moist Face Wash Gel 100ml - WS01,220000.0,220000.0,0.0,5.0,18,,https://tiki.vnsua-rua-mat-khong-bot-duong-am-cho-da-kho-va-da-nhay-cam-wiesin-rich-moist-face-wash-gel-100ml-ws01-p164813943.html?spid=164813944,sữa rửa mặt bọt dưỡng
157540314,Bông tẩy trang BASICARE 500 miếng,39000.0,39000.0,0.0,0.0,0,,https://tiki.vn0130709-bong-tay-trang-basicare-500-mieng-p157540314.html?spid=157540315,bông trang basicare
153851241,Nước cân bằng tái sinh da Whoo Cheongidan Pro Radiance Toner 150ml,1921000.0,2600000.0,679000.0,0.0,0,,https://tiki.vnnuoc-can-bang-tai-sinh-da-whoo-cheongidan-balancer-150ml-p153851241.html?spid=153851242,nước cân bằng tái sinh da
109266606,Sữa Rửa Mặt Simple Refreshing Facial Wash 150ml,175000.0,175000.0,0.0,4.7,34,,https://tiki.vnsua-rua-mat-simple-refreshing-facial-wash-150ml-p109266606.html?spid=109266607,sữa rửa mặt simple
100959633,Kem vùng mắt cải thiện nếp nhăn OHUI Age Recovery Cream 25ml,1662000.0,2250000.0,588000.0,5.0,1,,https://tiki.vnkem-vung-mat-cai-thien-nep-nhan-ohui-age-recovery-cream-25ml-p100959633.html?spid=100959634,kem vùng mắt cải thiện
75538869,Kem chống nắng cho da nhạy cảm OHUI Day Shield Perfect Sun Red SPF50+ PA++++ 50ml,798000.0,1080000.0,282000.0,5.0,4,,https://tiki.vnkem-chong-nang-cho-da-nhay-cam-ohui-day-shield-perfect-sun-red-spf50-pa-50ml-p75538869.html?spid=128261280,kem chống nắng da
51543135,Kem chống nắng dưỡng da dạng sữa dịu nhẹ cho da nhạy cảm và trẻ em Anessa SPF 50+ PA++++ 60ml,625000.0,625000.0,0.0,5.0,1,,https://tiki.vnsua-chong-nang-duo-ng-da-diu-nhe-cho-da-nhay-cam-va-tre-em-anessa-spf-50-pa-60ml-p51543135.html?spid=273296306,kem chống nắng dươ
51524561,Kem giữ ẩm da mặt chống lão hóa làm trắng da có chống nắng OLY HT - Hàng Chính Hãng,89000.0,89000.0,0.0,0.0,0,,https://tiki.vnkem-giu-am-da-mat-chong-lao-hoa-lam-trang-da-co-chong-nang-oly-ht-hang-chinh-hang-p51524561.html?spid=218735233,kem giữ ẩm da
36357076,Bông Bạch Tuyết - Bông Y Tế Cắt Miếng 1kg (7 x 7 cm) tặng 2 cây nặn mụn,269000.0,269000.0,0.0,5.0,15,,https://tiki.vnbong-bach-tuyet-bong-y-te-cat-mieng-1kg-7-x-7-cm-tang-2-cay-nan-mun-p36357076.html?spid=36357077,bông bạch tuyết bông y tế
8299506,Serum Dưỡng Trắng Và Giảm Nếp Nhăn R3 Multi Newland (50ml),1400000.0,1400000.0,0.0,4.5,2,,https://tiki.vnserum-duong-trang-va-giam-nep-nhan-r3-multi-newland-50ml-p8299506.html?spid=32104948,serum dưỡng trắng giảm nếp
638371,Kem Chống Nắng Không Mùi  SPF 50+ UVB & UVA Dành Cho Da Dầu Nhạy Cảm Và Dễ Kích Ứng Với Ánh Nắng La Roche-Posay Anthelios XL Dry Touch Gel-Cream (15ml),145000.0,145000.0,0.0,0.0,0,,https://tiki.vnkem-chong-nang-khong-mui-spf-50-uvb-uva-danh-cho-da-dau-nhay-cam-va-de-kich-ung-voi-anh-nang-la-roche-posay-anthelios-xl-dry-touch-gel-cream-15ml-p638371.html?spid=271329443,kem chống nắng mùi
