id,name,price,original_price,discount,rating,review_count,Unnamed: 7,Unnamed: 8,Unnamed: 9,Unnamed: 10,Unnamed: 11,Unnamed: 12,Unnamed: 13,Unnamed: 14,Unnamed: 15,product_type
262778234,[Tặng Hũ Thủy Tinh NESCAFÉ HOẶC TRÀ SỮA NESTEA] Cà phê Hòa tan NESCAFÉ CAFÉ VIỆT 35  gói Vị Mạnh đặc trưng,168000,300000,132000,5,49,,,,,,,,,,cà phê hòa tan nescafé
114809875,Cà phê hòa tan kết hợp rang xay NESCAFÉ RED CUP 200g,208000,209000,1000,4.8,245,,,,,,,,,,cà phê hòa tan kết hợp
272634995,Cà phê hoà tan NESCAFÉ 3IN1 VỊ NGUYÊN BẢN - công thức cải tiến (hộp 20 gói x 16g ),78000,90000,12000,4.8,13,,,,,,,,,,cà phê hòa tan nescafé
273523197,Ngũ cốc ăn sáng MILO (Hộp 300g),104000,110000,6000,5,10,,,,,,,,,,ngũ cốc ăn sáng
10240037,Thùng 48 Hộp Sữa Nestlé MILO Nước (180ml / Hộp),407000,450000,43000,4.8,1692,,,,,,,,,,thùng hộp sữa nestlé
278678946,Trung Nguyên Legend - Cà phê sữa hòa tan G7 3in1 - Bịch 100 sticks x 16gr (gói dài),402000,402000,0,0,0,,,,,,,,,,trung nguyên legend cà phê sữa
278678870,Trung Nguyên Legend - Cà phê rang xay I Khát vọng - Bịch 500gr,117000,117000,0,0,0,,,,,,,,,,trung nguyên legend cà phê rang
278434040,[ Tặng Hũ Thủy Tinh NESCAFÉ NESCAFE HOẶC TRÀ SỮA NESTEA ] Cà phê Hòa tan NESCAFÉ VỊ NGUYÊN BẢN 46 gói Đậm Thơm Hoàn Hảo,175000,180000,5000,5,1,,,,,,,,,,cà phê hòa tan nescafé vị
277880353,Gạo ST25 Harmony Vinh Hiển 5KG,125000,170000,45000,5,130,,,,,,,,,,gạo st harmony
277838067,[Tặng Trà Sưã Boba] Cà phê Hòa tan NESCAFÉ CAFÉ VIỆT 35 gói Vị Mạnh đặc trưng,163000,170000,7000,5,10,,,,,,,,,,cà phê hòa tan nescafé
273523198,Ngũ cốc ăn sáng HONEY STARS (Hộp 300g),105000,110000,5000,5,6,,,,,,,,,,ngũ cốc ăn sáng
273643944,Thực phẩm bổ sung Trà Việt Quất và Hoa Atiso Đỏ NESTEA 10 gói x 12g,40000,57000,17000,5,9,,,,,,,,,,thực phẩm bổ sung trà việt quất
89503739,Bịch 15 gói Thức Uống Lúa Mạch Nestlé MILO Sữa 3 Trong 1 (22g/Gói),63000,75000,12000,5,185,,,,,,,,,,bịch gói thức uống lúa mạch
273983211,Ngũ cốc ăn sáng Fitnesse Granola Diêm Mạch,129000,143000,14000,5,5,,,,,,,,,,ngũ cốc ăn sáng granola
272421927,[TẶNG 5 Hộp Sữa Gấu] Combo 4 hộp nước cốt cà phê NESCAFÉ - CÀ PHÊ SỮA ĐÁ (4 hộp x 5 gói x 75ml),222000,222000,0,5,12,,,,,,,,,,combo hộp nước cốt
277779080,[Tặng hộp 2 ly thủy tinh] Combo 2 Bịch NESCAFE 3IN1 Công thức cải tiến - VỊ NGUYÊN BẢN Bịch 46 gói,350000,400000,50000,5,12,,,,,,,,,,combo bịch nescafe in
277779078,[Tặng bộ 2 ly thủy tinh] Combo 2 Bịch Cà phê đen hòa tan NESCAFE Café Việt (Túi 35 gói x 16g),325000,355000,30000,5,9,,,,,,,,,,combo bịch cà phê đen
274957926,Tương Ớt Nam Dương Đặc Biệt Cay 400g,14000,14000,0,5,1,,,,,,,,,,tương ớt nam dương đặc biệt cay
274798897,[Tặng Ca Đá 900ml ] Combo 3 Bịch NESCAFE 3IN1 Công thức cải tiến - VỊ NGUYÊN BẢN Bịch 46 gói,525000,570000,45000,5,27,,,,,,,,,,combo bịch nescafe in
274273465,Thùng sữa đậu nành Vinasoy Fami Green soy không bổ sung đường (36 hộp x 180ml),187000,242000,55000,5,5,,,,,,,,,,thùng sữa đậu nành vinasoy fami
15973974,Thùng 48 Hộp Sữa Nestlé Milo Ít Đường (180ml/ Hộp),409000,566000,157000,4.8,1226,,,,,,,,,,thùng hộp sữa nestlé
272635031,Sữa lúa mạch Nestlé MILO ÍT ĐƯỜNG - thùng 48 hộp x 110ml,298000,325000,27000,5,8,,,,,,,,,,sữa lúa mạch nestlé
114809887,Sữa lúa mạch Nestlé MILO Nguyên chất 400g (hũ nhựa) - Giao mẫu ngẫu nhiên,93000,200000,107000,5,177,,,,,,,,,,sữa lúa mạch nestlé
273983210,Ngũ cốc ăn sáng Fitnesse Granola Nam Việt Quất & Hạt Bí Ngô (gói 300g),129000,143000,14000,4.8,4,,,,,,,,,,ngũ cốc ăn sáng granola
76755601,Sữa Lúa Mạch Nestlé MILO Lon Thùng 24 Lon x 240 ml (4x6x240ml),384000,394000,10000,5,175,,,,,,,,,,sữa lúa mạch nestlé
274273463,Thùng 48 Hộp Sữa Nestlé MILO Nước (180ml / Hộp) - không màng nhựa,397000,471000,74000,5,36,,,,,,,,,,thùng hộp sữa nestlé
274086107,Tặng Ca Đá 900ml] Combo 3 Bịch Cà phê Hòa tan NESCAFÉ CAFÉ VIỆT 35 gói Vị Mạnh đặc trưng,489000,500000,11000,5,48,,,,,,,,,,tặng ca đá combo bịch
272635015,[Tặng Ca đá 900ml ] Combo 3 Bịch NESCAFE 3IN1 Công thức cải tiến - VỊ NGUYÊN BẢN Bịch 46  gói,533000,600000,67000,5,16,,,,,,,,,,combo bịch nescafe in
272635007,[ Tặng Hũ Thủy Tinh HOẶC Trà Sữa Boba] Cà phê Hòa tan NESCAFÉ VỊ NGUYÊN BẢN 46 gói Đậm Thơm Hoàn Hảo,175000,190000,15000,4.8,45,,,,,,,,,,cà phê hòa tan nescafé vị
272117281,Sữa chua uống hương dâu Vinamilk Susu - Thùng 48 chai 80ml,183000,230000,47000,5,3,,,,,,,,,,sữa chua uống hương dâu
272117279,Sữa chua uống hương cam Vinamilk Susu - Thùng 48 chai 80ml,183000,230000,47000,0,0,,,,,,,,,,sữa chua uống hương
249971809,Đường kính trắng Đường An Khê 1kg,29000,40000,11000,5,9,,,,,,,,,,đường kính trắng đường
197636987,Thùng 48 Bịch Sữa Tiệt Trùng Dutch Lady Cô Gái Hà Lan Có Đường 180ml,317000,493000,176000,4.7,93,,,,,,,,,,thùng bịch sữa tiệt trùng
193685374,Combo 2 bịch thức uống ca cao lúa mạch Milo Regular (600g),198800,254000,55200,5,5,,,,,,,,,,combo bịch thức uống ca
177336108,Thùng Veyo Sữa hạt lên men tự nhiên Vị Dâu Nhật (30hộp x 180ml),175000,245000,70000,5,123,,,,,,,,,,thùng veyo sữa hạt
133696713,Dầu Đậu Nành Simply 1L / 2L / 5L,69000,80000,11000,5,1559,,,,,,,,,,dầu đậu nành simply l
133682930,Dầu Ăn Cái Lân 1L / 2L / 5L,70000,70000,0,5,723,,,,,,,,,,dầu ăn lân l
98565203,Thùng 24 Lon Nước Ngọt Có Gaz Mirinda Soda Kem (320ml/lon),250800,288420,37620,4.8,270,,,,,,,,,,thùng lon nước ngọt có
65848108,Trà Xanh Cầu Đất Dalat Farm - Hộp 110Gr,90000,90000,0,5,97,,,,,,,,,,trà xanh cầu đất
52795555,Túi Gạo Meizan Nàng Thơm 5kg,103000,108000,5000,4.8,129,,,,,,,,,,túi gạo meizan nàng
51713363,Trung Nguyên Legend - Cà phê hoà tan rang xay 3in1 Special Edition - Hộp 18 gói x 25gr,131000,141457,10457,4.8,369,,,,,,,,,,trung nguyên legend cà phê hòa
32951828,Thùng Sữa đậu nành Vinasoy Fami Nguyên Chất ít đường (200ml x 40 bịch),158000,199000,41000,4.8,945,,,,,,,,,,thùng sữa đậu nành vinasoy fami
32951826,Thùng Sữa đậu nành Vinasoy Fami Canxi ít đường (200ml x 36 Hộp),164000,221000,57000,5,575,,,,,,,,,,thùng sữa đậu nành vinasoy fami
32951822,Thùng Sữa đậu nành Vinasoy Fami Canxi ít đường (200ml x 40 bịch),150000,203000,53000,4.8,2454,,,,,,,,,,thùng sữa đậu nành vinasoy fami
27929101,Thùng 30 Gói Mì Cung Đình Kool Spaghetti (105g X 30 Gói),248000,267000,19000,5,23,,,,,,,,,,thùng gói mì cung đình
22448892,Thùng Sữa Đậu Nành Vinasoy Fami Canxi Nguyên vị (200ml x 40 Bịch),150000,203000,53000,4.8,831,,,,,,,,,,thùng sữa đậu nành vinasoy fami
15214743,Thùng 10 Hộp Sữa Đậu Nành Vinasoy Fami Nguyên Chất (1 lít / Hộp),175000,320000,145000,4.8,287,,,,,,,,,,thùng hộp sữa đậu nành vinasoy
2454283,Thùng 48 Hộp Sữa Tươi Tiệt Trùng Dutch Lady Cô Gái Hà Lan Có Đường (48X180ml),411000,533000,122000,4.8,564,,,,,,,,,,thùng hộp sữa tươi tiệt
537489,Thùng 30 Gói Mì Khoai Tây Cung Đình Hương Vị Lẩu Tôm Chua Cay,220000,249000,29000,4.6,29,,,,,,,,,,thùng gói mì khoai tây
483310,Dầu Hạt Cải Simply (1L / Chai),66000,80000,14000,5,285,,,,,,,,,,dầu hạt cải simply
483305,Dầu Ôliu Nguyên Chất Olivoilà (250ml / Chai),110000,116000,6000,5,147,,,,,,,,,,dầu ôliu nguyên chất
92169757,Cà phê hòa tan Nescafé 3in1 cà phê sữa đá (Hộp 10 gói x 24 g),55000,62000,7000,5,269,,,,,,,,,,cà phê hòa tan nescafé
272635021,Cà phê hoà tan NESCAFÉ 3IN1 VỊ RANG ĐẬM - công thức cải tiến (hộp 20 gói x 16g),72400,89000,16600,5,12,,,,,,,,,,cà phê hòa tan nescafé
278672477,Thùng 48 hộp sữa tươi tiệt trùng TH True Milk  nguyên chất 110ml,330000,359000,29000,0,0,,,,,,,,,,thùng hộp sữa tươi tiệt
278591992,Nước mắm Nam Ngư  MN 750ml,70000,70000,0,0,0,,,,,,,,,,nước mắm nam
278424813,Thùng 24 hộp sữa hạt cao đạm Vinamilk ít đường 180ml,330000,414000,84000,0,0,,,,,,,,,,thùng hộp sữa hạt
278378656,Thùng 12 hộp Trà Atisô không đường Vinamilk - Hộp giấy 1L,279000,328925,49925,5,4,,,,,,,,,,thùng hộp trà atisô
275496221,Thùng 30 Gói Mì Cung Đình Kool BBQ Hương Vị Sườn Nướng Hàn Quốc 99g,250000,360000,110000,2.5,2,,,,,,,,,,thùng gói mì cung đình
274764376,[Combo 12 Gói] Thức Ăn Cho Mèo WHISKAS 1+ years Vị Cá Saba 80g/Gói,153000,217000,64000,5,5,,,,,,,,,,thức ăn mèo whiskas years vị
272619678,Gói Bột Ngọt AJINOMOTO 454g/Gói,45000,45000,0,5,10,,,,,,,,,,gói bột ngọt ajinomoto
248930192,Gạo Thơm Dẻo - Đặc Biệt ST25 Plus Neptune 5kg,166000,200000,34000,4.3,4,,,,,,,,,,gạo thơm dẻo đặc biệt st
271121599,Thùng 48 hộp sữa lúa mạch MILO 110ml (48x110ml),270000,337000,67000,5,7,,,,,,,,,,thùng hộp sữa lúa
197636993,Thùng 48 Bịch Sữa Tươi Tiệt Trùng Dutch Lady Cô Gái Hà Lan Hương Socola 180ml,323000,433000,110000,5,44,,,,,,,,,,thùng bịch sữa tươi tiệt
197636991,Thùng 48 Bịch Sữa Tiệt Trùng Dutch Lady Cô Gái Hà Lan Không Đường 180ml,317000,493000,176000,5,95,,,,,,,,,,thùng bịch sữa tiệt trùng
164556984,YẾN SANEST ĐÔNG TRÙNG HẠ THẢO 70ML.,46000,46000,0,0,0,,,,,,,,,,yến sanest đông trùng
161454715,Trung Nguyên Legend - Cà phê hoà tan rang xay 3in1 Classic - Bịch 50 gói x 17gr,202599,202599,0,5,363,,,,,,,,,,trung nguyên legend cà phê hòa
106807281,Sữa chua uống hương táo nho Vinamilk Susu - Thùng 48 hộp 110ml.,184000,249000,65000,5,30,,,,,,,,,,sữa chua uống hương
98329162,Thùng 24 Lon Nước Tăng Lực Sting Dâu (320ml/Lon),268800,309120,40320,4.7,686,,,,,,,,,,thùng lon nước tăng lực
95073986,Thùng Sữa Đậu Nành Vinasoy Fami Nguyên Chất Vị Đường Đen (200ml x 36 Hộp),147000,206000,59000,5,342,,,,,,,,,,thùng sữa đậu nành vinasoy fami nguyên
95073982,Thùng Sữa Đậu Nành Vinasoy Fami Nguyên Chất Vị Sữa Dừa (200ml x 36 Hộp),153000,214000,61000,5,456,,,,,,,,,,thùng sữa đậu nành vinasoy fami nguyên
65923404,Trà Oolong Kim Tuyên Cầu Đất - Hộp 220Gr - Dalat Farm,190000,190000,0,4.8,528,,,,,,,,,,trà oolong kim tuyên cầu
59514285,Trung Nguyên Legend - Cà phê hòa tan G7 3in1 - Hộp 21 gói x 16gr,80000,87545,7545,5,77,,,,,,,,,,trung nguyên legend cà phê hòa
59178781,Trung Nguyên Legend - Cà phê hoà tan rang xay Cappuccino Hazelnut - Hộp 12 gói x 18gr,79000,85874,6874,5,241,,,,,,,,,,trung nguyên legend cà phê hòa
58452062,Đường Phèn Biên Hòa Pro (500gr),35000,40500,5500,5,20,,,,,,,,,,đường phèn biên hòa
58407832,Trung Nguyên Legend - Cà phê rang xay Sáng tạo 1 - Bịch 340gr,83000,92553,9553,5,160,,,,,,,,,,trung nguyên legend cà phê rang xay
58406605,Trung Nguyên Legend - Cà phê rang xay Sáng tạo 5 - Bịch 340gr,163000,180349,17349,5,202,,,,,,,,,,trung nguyên legend cà phê rang xay
58392902,Trung Nguyên Legend - Cà phê G7 hòa tan đen ( không đường) - bịch 100 sachets 2gr,211000,226641,15641,4.8,354,,,,,,,,,,trung nguyên legend cà phê
53831590,Dầu Gạo Lứt Simply 1L,69000,85000,16000,5,324,,,,,,,,,,dầu gạo lứt simply
51713351,Trung Nguyên Legend - Cà phê hoà tan rang xay Passiona - Hộp 14 gói x 16gr,86848,86848,0,5,227,,,,,,,,,,trung nguyên legend cà phê hòa
51713336,Trung Nguyên Legend - Cà phê rang xay House Blend - Hộp 500gr,115000,128066,13066,5,57,,,,,,,,,,trung nguyên legend cà phê rang
50411237,Trà Xanh Thượng Hạng Tân Cương Thái Nguyên Khánh Nga 100g,56000,56000,0,4.8,49,,,,,,,,,,trà xanh thượng hạng tân cương thái
20366824,Trung Nguyên Legend - Cà phê hạt rang Success 1 - Bịch 1kg,305000,339625,34625,4.8,165,,,,,,,,,,trung nguyên legend cà phê hạt
14936798,Thùng 48 bịch sữa tươi tiệt trùng TH True Milk  ít đường 220ml,485000,502000,17000,4.6,769,,,,,,,,,,thùng bịch sữa tươi tiệt
13724857,Thùng Sữa Đậu Nành Vinasoy Famigo Đậu Đỏ Nếp Cẩm (200ml x 36 Hộp),173000,255000,82000,4.8,345,,,,,,,,,,thùng sữa đậu nành vinasoy famigo
13409537,Thùng 48 hộp Sữa Dinh Dưỡng Dutch Lady OmegaSmart Ít Đường 110 ml,320000,400000,80000,4.3,47,,,,,,,,,,thùng hộp sữa dinh dưỡng
3041823,Thùng 4 Lốc Sữa Nguyên Kem Devondale Fullcream (4 x 6 x 200Ml),359000,436000,77000,4.8,253,,,,,,,,,,thùng lốc sữa kem
2454173,Sữa đặc có đường Dutch Lady cao cấp 380g,36500,62000,25500,4.7,40,,,,,,,,,,sữa đặc có đường
2431263,Dầu hướng dương Simply (2L),133000,133000,0,5,479,,,,,,,,,,dầu hướng
537395,Thùng 30 Gói Mì Cung Đình Hương Vị Gà Hầm (79g/Gói),253000,264000,11000,4.5,8,,,,,,,,,,thùng gói mì cung đình
278791918,Combo 2 bịch Bột Mỳ Đa Dụng Meizan 1kg,70000,70000,0,5,3,,,,,,,,,,combo bịch bột mỳ
278768344,Thùng 24 lon Bia Pháp Kronenbourg 1664 Blanc (250ml/lon) - Độ cồn 5%,370000,370000,0,0,0,,,,,,,,,,thu ng lon bia pháp
278678872,Trung Nguyên Legend - Cà phê rang xay Sáng tạo 1 -  Bịch 340gr,102000,102000,0,5,1,,,,,,,,,,trung nguyên legend cà phê rang xay
278672463,Thùng 48 hộp sữa tươi tiệt trùng TH True Milk  hương dâu tự nhiên 180ml,529000,540000,11000,0,0,,,,,,,,,,thùng hộp sữa tươi tiệt
278134890,Thùng 48 Bịch Sữa Tươi Tiệt Trùng Vinamilk 100% Có Đường (220ml),400000,476000,76000,5,5,,,,,,,,,,thùng bịch sữa tươi tiệt
277570683,Thùng 48 Hộp Sữa Nestlé MILO A2 MỚI  (110ml / Hộp),227000,320000,93000,5,3,,,,,,,,,,thùng hộp sữa nestlé
275925856,Cà Phê Robusta Nguyên Chất Đất Cà Phê 250g | Pure Robusta Coffee 250g - Gu Đậm Đà,14500,29000,14500,5,4,,,,,,,,,,cà phê robusta nguyên chất đất
275925418,Cà Phê Blend Nguyên Chất Đất Cà Phê 250g - 70% Robusta & 30% Arabica | Pure Coffee Blend - Gu Hài Hòa,14500,29000,14500,4.3,4,,,,,,,,,,cà phê blend nguyên chất đất
275918563,Cà Phê Nguyên Chất Specially Đất Cà Phê 250g - 8:2 Robusta & Moka | Pure Robusta & Moka Coffee Blend,14500,29000,14500,5,1,,,,,,,,,,cà phê nguyên chất specially đất
274764350,[Combo 12 Gói] Thức Ăn Cho Mèo WHISKAS 1+ years Vị Cá Ngừ 80g/Gói,156000,161000,5000,5,5,,,,,,,,,,thức ăn mèo whiskas years vị
274553971,KẸO ME CAY XÍ MUỘI TÂN LỘC PHÁT  - HŨ 300G,85000,85000,0,0,0,,,,,,,,,,kẹo me cay xí muội tân lộc
272280091,Thùng 48 Chai x 80ml Sữa Chua Uống Vinamilk Susu Hương Táo Nho,183000,230000,47000,5,5,,,,,,,,,,thùng chai x sữa
271237765,GẠO LỨT NHẬT HOKKAIDO NANATSUBOSHI,320000,320000,0,4.8,17,,,,,,,,,,gạo lứt nhật hokkaido
253395988,Cà phê hòa tan đen - Trung Nguyên Legend Americano hộp 15 gói x 2g,48000,52488,4488,5,48,,,,,,,,,,cà phê hòa tan đen
188661327,Dầu Ôliu Pomace Olivoilà 750ml,200000,213000,13000,5,23,,,,,,,,,,dầu ôliu pomace
178285744,Thùng 48 hộp Sữa đặc có đường Dutch Lady cao cấp (48 hộp x 380g),1733000,2000000,267000,4.8,11,,,,,,,,,,thùng hộp sữa đặc
164557004,NƯỚC YẾN SANEST LỌ COLAGEL 70 ML.-21%,38000,38000,0,0,0,,,,,,,,,,nước yến sanest lọ
114467215,Thùng 48 chai sữa chua uống hương nho Fristi 80ml,192000,305000,113000,5,84,,,,,,,,,,thùng chai sữa chua
114467211,Thùng 48 chai sữa chua uống hương táo Fristi 80ml,192000,255000,63000,4.8,76,,,,,,,,,,thùng chai sữa chua
107018090,Bánh Bông Lan Cuộn Hura Layer Cake 300 gam Bibica,47082,48538,1456,5,21,,,,,,,,,,bánh bông lan cuộn
98565212,Thùng 24 Lon Nước Ngọt Có Gaz Pepsi lon xanh (320ml/lon),239300,275195,35895,4.7,1363,,,,,,,,,,thùng lon nước ngọt có
77730639,Thùng 48 hộp Tươi Tiệt Trùng Vinamilk Green Farm rất ít đường 110ml,298000,339000,41000,5,72,,,,,,,,,,thùng hộp tươi tiệt trùng
72893050,Bột trái nhàu nguyên chất Goce - 180g (18 gói x 10g),120000,120000,0,4.3,24,,,,,,,,,,bột trái nhàu nguyên chất
67921481,Trung Nguyên Legend - Creamer đặc có đường Brothers - Lon 390gr,29305,29305,0,5,279,,,,,,,,,,trung nguyên legend creamer đặc
59504295,Dầu Ăn Thượng Hạng Nhãn Hiệu Neptune Light,69000,74000,5000,5,1740,,,,,,,,,,dầu ăn thượng hạng nhãn hiệu
58393302,Trung Nguyên Legend - Cà phê hoà tan rang xay Cappuccino Mocha - Hộp 12 gói x 18gr ( có sữa),79000,85874,6874,5,188,,,,,,,,,,trung nguyên legend cà phê hòa
39702057,Trung Nguyên Legend - Cà phê rang xay S Chinh phục - Bịch 500gr,90515,90515,0,4.8,472,,,,,,,,,,trung nguyên legend cà phê rang
29174188,Hạt chia đen Ấn Độ (Black Chia Seeds),77000,77000,0,4.8,51,,,,,,,,,,hạt chia đen
21969650,Thùng 48 hộp Sữa Tươi Tiệt Trùng Vinamilk Green Farm Organic 180ml,567000,597000,30000,5,193,,,,,,,,,,thùng hộp sữa tươi tiệt
16268023,Thùng 30 Gói Mì Khoai Tây Cung Đình Hương Vị Sườn Hầm Ngũ quả,235000,249000,14000,5,10,,,,,,,,,,thùng gói mì khoai tây
13409476,Thùng 48 Hộp Sữa Uống Tiệt Trùng Dutch Lady Cô Gái Hà Lan Dâu (48 x 180ml),408000,552000,144000,4.8,143,,,,,,,,,,thùng hộp sữa uống
12629704,Thùng Sữa đậu nành Vinasoy Fami nguyên chất (200ml x 40 Bịch),158000,199000,41000,4.8,544,,,,,,,,,,thùng sữa đậu nành vinasoy fami
1257387,Socola Đen Nhân Hạt Dẻ Ritter Sport (100g),95000,95000,0,4,9,,,,,,,,,,socola đen nhân hạt dẻ ritter
1064970,Trung Nguyên Legend - Cà phê rang xay Sáng tạo 8 - Hộp 500gr,625121,625121,0,5,66,,,,,,,,,,trung nguyên legend cà phê rang xay
278768374,Thùng 24 lon Bia Lager Tuborg (330ml/lon) - Độ cồn 4.6%,367000,367000,0,5,1,,,,,,,,,,thu ng bia lager
276178337,Dầu ăn cao cấp Meizan Gold 1L,58000,58000,0,0,0,,,,,,,,,,dầu ăn cao cấp meizan
274764361,[Combo 12 Gói] Thức Ăn Cho Mèo Con WHISKAS Junior 2-12 months Vị Cá Thu 80g/Gói,146000,161000,15000,5,12,,,,,,,,,,thức ăn mèo whiskas junior
274273467,Thùng sữa đậu nành Vinasoy Fami Green soy rất ít đường (**) (36 hộp x 180ml),173000,242000,69000,4.8,4,,,,,,,,,,thùng sữa đậu nành vinasoy fami
274185335,Miến Khang Phúc 180g ( 1 thùng gồm 20 gói),486000,486000,0,0,0,,,,,,,,,,miến
272828405,Cát Vệ Sinh Đậu Nành Cho Mèo Tofu Cat Litter Catsme 6L - YonaPetshop,115000,115000,0,5,4,,,,,,,,,,cát vệ sinh đậu nành mèo
262783572,Gạo Thơm Thượng Hạng Neptune Nhãn Vàng 5kg,130000,200000,70000,4.8,8,,,,,,,,,,gạo thơm thượng hạng neptune
221018258,Thức Ăn Hạt Khô Cho Chó Lớn Classic Pet Adult Beef Flavour Vị Thịt Bò 400g,26000,26000,0,4.8,10,,,,,,,,,,thức ăn hạt khô chó
196856210,Hạt bí Thái Sơn rang muối bì zipper 500g,78000,78000,0,4.7,21,,,,,,,,,,hạt bí thái sơn rang
193588364,Hạt Kê Vàng Hữu Cơ Bóc Vỏ Viettin Mart 500G,70000,70000,0,4.7,6,,,,,,,,,,hạt kê vàng hữu cơ
174248005,Trung Nguyên Legend - Cà phê hòa tan G7 3in1 - Bịch 20 sachets x 16gr (gói vuông),73000,79531,6531,5,36,,,,,,,,,,trung nguyên legend cà phê hòa
153768302,Kẹo ngậm đau họng Ricola Shweizer Krauterzucker tạo cảm giác dịu nhẹ và thơm mát miệng và cổ họng - QuaTangMe Extaste,229000,229000,0,5,80,,,,,,,,,,kẹo ngậm đau họng
114809889,Hạt nêm MAGGI Xương Hầm 3 ngọt Heo gói 900g,78000,95000,17000,4.8,65,,,,,,,,,,hạt nêm maggi xương
114809857,Hạt nêm cao cấp MAGGI vị Nấm Hương gói 450g,60000,62000,2000,5,125,,,,,,,,,,hạt nêm cao cấp maggi vị
110984212,Dầu Oliu hữu cơ nguyên chất Naturel 500 ml,195000,215000,20000,5,8,,,,,,,,,,dầu oliu hữu cơ nguyên chất naturel
109391485,Đặc Sản Phan Thiết - Nước Mắm Nhỉ Cá Cơm Than Làng Chài Xưa 525Ml (01 Chai) Sánh Đặc Thịt Cá 300 Năm Truyền Thống,60000,60000,0,4.8,166,,,,,,,,,,đặc sản phan thiết nước mắm nhỉ cá
89793198,Thùng Kem Đặc Có Đường Hoàn Hảo (12 Hộp x 1.27kg),831000,950000,119000,5,12,,,,,,,,,,thùng kem đặc có
75029392,'Rượu Vang Trắng Ballon D''OR Sauvignon Blanc Varietal 750ml 12% - 14% - Không Hộp',289000,345000,56000,4.7,9,,,,,,,,,,rượu vang trắng ballon
59514129,Trung Nguyên Legend - Cà phê hòa tan G7 3in1 - Bịch 50 sticks x 16gr (gói dài),196937,196937,0,5,239,,,,,,,,,,trung nguyên legend cà phê hòa
59178463,Trung Nguyên Legend - Cà phê rang xay Sáng tạo 2 - Bịch 340gr,97000,107953,10953,5,117,,,,,,,,,,trung nguyên legend cà phê rang xay
58448473,Trung Nguyên Legend - Cà phê rang xay Sáng tạo 4 - Bịch 340gr,137000,147642,10642,4.8,166,,,,,,,,,,trung nguyên legend cà phê rang xay
58448354,Trung Nguyên Legend - Cà phê rang xay Chế phin 5 - Bịch 500gr,269000,292910,23910,4.8,159,,,,,,,,,,trung nguyên legend cà phê rang
35848354,Cà Phê Đen Hòa Tan Espresso KING COFFEE - Hộp 100 gói x 2.5g,384300,446800,62500,4.8,279,,,,,,,,,,cà phê đen hòa tan
13007177,Thùng 12 Hộp Phở Bò Hà Nội Cung Đình,169000,175000,6000,5,9,,,,,,,,,,thùng hộp phở bò
2454353,Thùng 48 Hộp Sữa Chua Lên Men Tự Nhiên Yomost Vị Dâu (170ml/Hộp),359000,454000,95000,4.8,571,,,,,,,,,,thùng hộp sữa chua
2454317,Thùng 48 Hộp Sữa Uống Dutch Lady Cô Gái Hà Lan Có Đường Cao Khỏe (48X110ml),217000,314000,97000,4.7,442,,,,,,,,,,thùng hộp sữa uống
2454289,Thùng 48 Hộp Sữa Tươi Tiệt Trùng Dutch Lady Cô Gái Hà Lan Không Đường (48X180ml),408000,533000,125000,4.8,361,,,,,,,,,,thùng hộp sữa tươi tiệt
658758,Đồ Ăn Cho Chó Vị Thịt Bò Và Các Loại Rau Củ Pedigree Dạng Bao (10kg),572000,600000,28000,4.8,48,,,,,,,,,,đồ ăn chó thịt bò
646084,Thức Ăn Mèo Vị Cá Biển Whiskas (3Kg),275000,350000,75000,4.8,138,,,,,,,,,,thức ăn mèo vị cá biển
483311,Dầu Hướng Dương Simply (1L / Chai),69000,85000,16000,5,249,,,,,,,,,,dầu hướng
437758,Bánh Ăn Sáng Nestle Cflakes (275g),75000,82000,7000,4.6,107,,,,,,,,,,bánh ăn sáng
278703529,(Hàng tặng không bán) Gói Sample Kit Bộ 3 Tuyệt Phẩm Trung Nguyên Legend,900000,900000,0,0,0,,,,,,,,,,gói sample kit bộ tuyệt phẩm
278574783,[ĐƠN 399K TẶNG 1 PHIN PHA CÀ PHÊ] Cà bột Truyền thống Highlands Coffee 1kg,445000,445000,0,5,10,,,,,,,,,,cà bột truyền thống highlands
278574658,[ QUÀ TẶNG THAY THẾ PHIN PHA CÀ PHÊ] Thùng 24 lon cà phê sữa Highlands Coffee 185ml,340000,340000,0,5,4,,,,,,,,,,thùng cà phê sữa highlands
277921671,Gạo Nhật Vinh Hiển Taiyo 5kg,145000,164000,19000,5,2,,,,,,,,,,gạo nhật vinh
276850899,Thùng 20 Chai Nước Uống Ion Kiềm Cao Cấp Đóng Chai Fujiwa 680ml - Nước uống Detox với Công Nghệ Điện Phân Ion Kiềm,120000,120000,0,5,1,,,,,,,,,,thùng chai nước uống
219135451,Chai Xịt Ngăn Chặn Và Xua Đuổi Chó Mèo Phóng Uế Cắn Phá FAY Repell,79000,79000,0,4.7,17,,,,,,,,,,chai xịt ngăn chặn xua đuổi
213954374,Thùng 30 gói Hủ Tiếu Nam Vang Cung Đình (85g x 30 gói),290000,309000,19000,5,12,,,,,,,,,,thùng gói hủ tiếu nam
204090524,Bánh bông lan cuộn Hura Swissroll 360g - Bép ngậy mềm mịn chất lượng,54596,56285,1689,4.8,4,,,,,,,,,,bánh bông lan cuộn
198431072,Set 1 gói Trà sữa/Cà phê Aikcheong Malaysia dùng thử (40g/25g),14500,14500,0,5,2,,,,,,,,,,set gói trà sữa
195657152,[HỘP 6 GÓI] Snack Rong Biển TaoKaeNoi Big Roll 3G Thái Lan Chính Hãng Ăn Vặt Healthy,46500,46500,0,4.8,46,,,,,,,,,,snack rong biển taokaenoi
135321742,Bột Matcha Trà Xanh Dalat Farm - Túi 110Gr,150000,150000,0,4.7,75,,,,,,,,,,bột matcha trà xanh
133683743,Dầu Đậu Nành Meizan  1L / 2L / 5L,62000,80000,18000,5,384,,,,,,,,,,dầu đậu nành meizan l
116765900,Thùng Sữa đậu nành Vinasoy Fami Canxi vị Phô Mai ( 200ml x 36 Hộp ),151000,223000,72000,4.8,144,,,,,,,,,,thùng sữa đậu nành vinasoy fami
86267511,Cà phê Cầu Đất Blend Cao Cấp Nguyên Chất Rang Mộc 100% Kết Hợp Giữa Arabica Cầu Đất Và Robusta Honey Cho Vị Đắng Đầm Thơm Ngọt Hậu - Message Coffee,120000,120000,0,4.8,422,,,,,,,,,,cà phê cầu đất blend
75029420,Rượu Vang Hồng Blanc Foussy Sparkling Rose Pinot Noir 750ml 0.4% - 0.6% - Không Hộp,280000,323000,43000,4.5,16,,,,,,,,,,rượu vang hồng blanc
75029410,Rượu Vang Trắng Chile Bravo Sauvignon Blanc Tradicion 750ml 12% - 14% - Không Hộp,191000,250000,59000,4.8,9,,,,,,,,,,rượu vang trắng chile
73552095,Trà Lài Cầu Đất DalatFarm (dòng Đặc Biệt) - Túi 110Gr,70000,70000,0,4.8,115,,,,,,,,,,trà lài cầu đất
58453178,Trung Nguyên Legend - Cà phê hoà tan rang xay 3in1 Special Edition - Hộp 9 gói x 25gr,66000,72151,6151,5,134,,,,,,,,,,trung nguyên legend cà phê hòa
58410333,Trung Nguyên Legend - Cà phê rang xay Gourmet Blend - Hộp 500gr,172148,172148,0,4.8,111,,,,,,,,,,trung nguyên legend cà phê rang
58405972,Trung Nguyên Legend - Cà phê rang xay Sáng tạo 8 - Hộp 250gr,285000,315388,30388,4.7,113,,,,,,,,,,trung nguyên legend cà phê rang xay
51932016,Cà Phê Phin Cầu Đất (Arabica & Robusta) Rang Xay Mộc Sạch Nguyên Chất Chuẩn Gu Người Việt - Túi 250Gr (Dạng Bột),150000,150000,0,4.8,680,,,,,,,,,,cà phê phin cầu đất
51713342,Trung Nguyên Legend - Cà phê rang xay Sức sống Nâu - Bịch 500gr,134799,134799,0,4.8,286,,,,,,,,,,trung nguyên legend cà phê rang
50488105,Trà Xanh Thái Nguyên Khánh Nga,32000,29000,-3000,4.7,74,,,,,,,,,,trà xanh thái nguyên khánh
46095231,Đặc sản Tiền Giang - Gạo Lứt VietGAP Vinh Hiển (2KG) - Chuẩn VietGAP và OCOP 4 SAO,55999,55999,0,4.7,231,,,,,,,,,,đặc sản tiền giang gạo lứt
23192253,Thùng sữa đậu nành Vinasoy Fami Canxi Nguyên vị (200ml x 36 hộp,156000,221000,65000,4.8,455,,,,,,,,,,thùng sữa đậu nành vinasoy fami
23192245,Thùng 10 Hộp Sữa đậu nành Vinasoy Fami Canxi (1 lít/Hộp),205000,277000,72000,4.8,339,,,,,,,,,,thùng hộp sữa đậu nành vinasoy
21973757,Thùng 48 Hộp sữa dinh dưỡng Vinamilk ADM Gold IQ có đường 180ml,347000,420000,73000,4.5,2,,,,,,,,,,thùng hộp sữa dinh dưỡng
20367638,Trung Nguyên Legend - Cà phê hạt rang Success 2 - Bịch 1kg,495000,551518,56518,4.8,98,,,,,,,,,,trung nguyên legend cà phê hạt
3493689,Trung Nguyên Legend - Cà phê hoà tan rang xay 3in1 Classic - Hộp 12 gói x 17gr,58468,58468,0,4.8,188,,,,,,,,,,trung nguyên legend cà phê hòa
2454359,Thùng 48 Hộp Sữa Chua Lên Men Tự Nhiên Yomost Trái Lựu (170ml/Hộp),359000,454000,95000,4.8,620,,,,,,,,,,thùng hộp sữa chua
2454355,Thùng 48 Hộp Sữa Chua Lên Men Tự Nhiên Yomost Vị Cam (170ml/Hộp),359000,454000,95000,4.8,622,,,,,,,,,,thùng hộp sữa chua
1085852,Thùng 24 Chai Nước Tăng Lực Sting Đỏ Dâu (330ml/Chai),261600,300840,39240,5,764,,,,,,,,,,thùng chai nước tăng lực
1064988,Trung Nguyên Legend - Cà phê hòa tan G7 2in1 - Hộp 15 gói x 16gr,73000,79031,6031,5,96,,,,,,,,,,trung nguyên legend cà phê hòa
278768350,Thùng 24 lon Bia Pháp Kronenbourg 1664 Blanc (330ml/lon) - Độ cồn 5%,447000,447000,0,0,0,,,,,,,,,,thu ng lon bia pháp
278574808,[ ĐƠN 399K TẶNG PHIN PHA CÀ PHÊ HIGHLANDS] Cà phê Rang xay Truyền Thống Highlands Coffee 200g,120000,120000,0,4.7,7,,,,,,,,,,cà phê rang xay truyền thống highlands
278104134,Cà Phê Hòa Tan Sấy Lạnh Trung Nguyên Legend Gold - Hũ 100gr,209000,225504,16504,5,5,,,,,,,,,,cà phê hòa tan sấy lạnh
276850676,Thùng 24 Chai Nước Uống Ion Kiềm Cao Cấp Đóng Chai Fujiwa 300ml - Nước uống Detox với Công Nghệ Điện Phân Ion Kiềm,84000,84000,0,5,1,,,,,,,,,,thùng chai nước uống
276567298,LẠP XƯỞNG TÔM TÂN LỘC PHÁT,212000,212000,0,4.5,134,,,,,,,,,,lạp xưởng tôm tân lộc phát
274765113,Thức Ăn Cho Mèo Con Whiskas Junior 2-12 MonthsVị Cá Biển 450g/Túi,54000,110000,56000,5,4,,,,,,,,,,thức ăn mèo con whiskas
273205945,Ngũ cốc ăn sáng KOKO KRUNCH (Hộp 300g),104000,200000,96000,5,3,,,,,,,,,,ngũ cốc ăn sáng
272421931,[Tặng 10 lon sữa gấu] Combo 4 hộp nước cốt cà phê NESCAFÉ - CÀ PHÊ ĐEN ĐÁ (4 hộp x 5 gói x 75ml),222000,222000,0,4.8,8,,,,,,,,,,combo hộp nước cốt
253219920,(5KG) THỨC ĂN HẠT CHO MÈO MỌI LỨA TUỔI CATSRANG,495000,495000,0,4.8,12,,,,,,,,,,thức ăn hạt mèo lứa
249713669,Rượu Mơ Nhật Haruka 14,60000,60000,0,5,4,,,,,,,,,,rượu mơ nhật
207854178,Trung Nguyên Legend - Hộp Quà Tặng Cà Phê Sáng Tạo 8 - Bộ Quà Tặng Giàu Có,633056,633056,0,4.7,16,,,,,,,,,,trung nguyên legend hộp quà
178285739,Thùng 24 túi kem đặc có đường Dutch Lady (24 túi x 545g),943000,1302000,359000,5,8,,,,,,,,,,thùng túi kem đặc
155923704,Hạt Điều Rang Muối Bình Phước Nguyên Hạt Size A Cồ Hàng Loại 1 (500Gr),139900,139900,0,4.6,66,,,,,,,,,,hạt điều rang muối
154231122,Đường Sạch Cô Ba,20000,22000,2000,5,49,,,,,,,,,,đường sạch
143644327,Bia Trúc Bạch - Thùng 24 lon 330ml,500000,500000,0,5,143,,,,,,,,,,bia trúc bạch thùng
133683792,Dầu Ăn Meizan Gold 1L / 2L / 5L,105000,111000,6000,5,657,,,,,,,,,,dầu ăn meizan gold l
125265584,{Freeship 50K} Rượu Whisky Chivas Extra 13YO Oloroso Sherry Cask 700ml 40% - Có hộp,869000,956000,87000,4.8,120,,,,,,,,,,freeship k rượu whisky
114467209,Thùng 48 chai sữa chua uống hương cam Fristi 80ml,167000,255000,88000,5,99,,,,,,,,,,thùng chai sữa chua
111626384,Combo 3 Cà Phê Đen Hòa Tan Espresso KING COFFEE - Hộp 100 gói x 2.5g + tặng 1 Cà Phê Đen,1189200,1415700,226500,4.8,14,,,,,,,,,,combo cà phê đen hòa
109392347,Đặc Sản Phan Thiết - Nước Mắm Tôm Biển Làng Chài Xưa 525Ml/Chai Hồng Ngọc Đại Dương 300 Năm Truyền Thống,45000,90000,45000,4.8,76,,,,,,,,,,đặc sản phan thiết nước mắm tôm biển
66948974,Rượu Vang Đỏ Ladofoods Chateau Dalat Signature Shiraz 750ml 13% - Kèm Hộp,589000,720000,131000,4.6,12,,,,,,,,,,rượu vang đỏ ladofoods
59201703,Ô mai Mơ  - Xí muội mặn có hạt (500gr),122000,122000,0,0,0,,,,,,,,,,ô mai mơ xí muội
58911324,cà phê Robusta Đắk Lắk 1kg,279000,279000,0,4.6,145,,,,,,,,,,cà phê robusta đắk
58409812,Trung Nguyên Legend - Cà phê rang xay Chế phin 1 - Bịch 500gr,153513,153513,0,4.8,198,,,,,,,,,,trung nguyên legend cà phê rang
53831604,Dầu gạo lứt Simply 2L,140000,149000,9000,5,411,,,,,,,,,,dầu gạo lứt simply
50488055,Trà Xanh Thượng Hạng  Tân Cương Thái Nguyên Khánh Nga 500g,265000,210000,-55000,4.6,104,,,,,,,,,,trà xanh thượng hạng tân cương thái
47242035,Ngũ Cốc Calbee,168000,168000,0,4.8,154,,,,,,,,,,ngũ cốc
37969824,Bột rau má nguyên chất Goce - 72g (24 gói x 3g),150000,150000,0,4.6,128,,,,,,,,,,bột rau má nguyên chất
32951824,Thùng Sữa đậu nành Vinasoy Fami Nguyên Chất ít đường (200ml x 36 Hộp),150000,214000,64000,5,426,,,,,,,,,,thùng sữa đậu nành vinasoy fami
20648450,Thùng 48 Hộp Sữa Trái Cây Hương Cam KUN 180ml/hộp ( thẻ cào),355000,420000,65000,5,7,,,,,,,,,,thùng hộp sữa trái cây
11306505,Giấm táo hữu cơ Bragg,197000,197000,0,4.8,32,,,,,,,,,,giấm táo hữu cơ
2454357,Thùng 48 Hộp Sữa Chua Lên Men Tự Nhiên Yomost Bạc Hà - Việt Quất (170ml/Hộp),359000,454000,95000,4.8,715,,,,,,,,,,thùng hộp sữa chua
1692535,Thùng 12 Hộp Nước Dừa Cocoxim Xanh (330ml x12 Hộp),171072,171072,0,4.8,80,,,,,,,,,,thùng hộp nước dừa
484527,Đồ Ăn Cho Mèo Lớn Whiskas Vị Cá Biển Túi 480g,56000,118000,62000,4.8,42,,,,,,,,,,đồ ăn mèo lớn whiskas vị
484398,Đồ Ăn Cho Chó Vị Thịt Bò Và Các Loại Rau Củ Pedigree Dạng Túi 1.5kg,113000,200000,87000,4.7,122,,,,,,,,,,đồ ăn chó thịt bò
278856773,Bột mỳ hiệu Meizan bánh mỳ 1kg,65000,65000,0,0,0,,,,,,,,,,bột mỳ hiệu meizan
278582047,Lốc 3 hộp Sữa hạt Hạt dẻ Nguyên chất 137 DEGREES 180ml,103000,142000,39000,0,0,,,,,,,,,,lốc hộp sữa hạt
278574643,[ QUÀ TẶNG THAY THẾ PHIN PHA CÀ PHÊ] Thùng 24 lon cà phê sữa Highlands Coffee 235ml,400000,400000,0,5,3,,,,,,,,,,thùng cà phê sữa highlands
278448320,ÁO  DÀI TẾT GẤM THÁI CAO CẤP TỪ 0.5-15KG DÀNH CHO THÚ CƯNG CHÓ MÈO,285000,285000,0,0,0,,,,,,,,,,áo dài tết gấm thái cao cấp
278359949,Nước tương mật hoa dừa Sokfarm 200ml - 1L nước tương ít mặn không đậu nành không chất bảo quản,86000,86000,0,0,0,,,,,,,,,,nước tương mật hoa dừa
278220365,Chà Là sấy khô nguyên cành Tunisia (hộp 500gr),200000,200000,0,4.8,9,,,,,,,,,,chà là sấy khô nguyên cành
278025031,ÁO THUN ẤM DỄ THƯƠNG CHO THÚ CƯNG CHÓ MÈO,80000,80000,0,5,1,,,,,,,,,,áo thun ấm dễ thương
276379975,Kẹo Dẻo Zoo Foam Jelly Dưa hấu Bibica,22846,22846,0,5,1,,,,,,,,,,kẹo dẻo zoo foam
275615721,Thùng Sữa hạt Veyo lên men tự nhiên Vị Nguyên bản Ít đường (30hộp x 180ml),189000,245000,56000,4,3,,,,,,,,,,thùng sữa hạt veyo
275483424,Hạt Diêm mạch (Quinoa) 3 màu nhập khẩu từ Peru,43000,43000,0,0,0,,,,,,,,,,hạt diêm mạch màu nhập khẩu
275244478,Hạt Nêm Aji-ngon Gà 900g,76000,80000,4000,5,2,,,,,,,,,,hạt nêm aji ngon
275131842,Thùng Veyo Sữa hạt Yến mạch (30 hộp x 180ml),255000,357000,102000,0,0,,,,,,,,,,thùng veyo sữa hạt
274764345,Thức Ăn Cho Mèo Whiskas Adult 1+ Years Vị Cá Ngừ 3kg/Túi,275000,304000,29000,5,4,,,,,,,,,,thức ăn mèo whiskas adult
273821841,Thùng 6 Lốc Mì ăn liền Koreno Vị Bò Cay Lốc 5 +1 gói,180263,180263,0,5,2,,,,,,,,,,thùng lốc mì ăn liền koreno vị
273707338,Nước Mắm Phú Quốc Cá Cơm Tròn Vị 500ML - Minh Nam Foods,45600,48000,2400,5,3,,,,,,,,,,nước mắm phú quốc cá cơm
273596968,Thùng 30 Gói Mì Ăn Liền Koreno Vị Kim Chi 75g,195268,195268,0,4.8,4,,,,,,,,,,thùng gói mì ăn liền koreno vị
271247979,GẠO LỨT NHẬT HOKKAIDO YUMEPIRIKA,356000,356000,0,5,3,,,,,,,,,,gạo lứt nhật hokkaido
270815249,Thức Ăn Hạt Cho Mèo Loại Mới Có Topping Cá Cơm Snappy Tom 1.5kg - YonaPetshop,150000,150000,0,4.8,9,,,,,,,,,,thức ăn hạt mèo loại
252051837,Yến Mạch Nguyên Chất Ăn Liền Xuân An [ko đường] Túi 400G(Tặng Kèm 1 Túi Yến Mạch 150G),70000,70000,0,0,0,,,,,,,,,,yến mạch nguyên chất ăn liền
215588147,Hạt Chia Hữu Cơ - Tép 12g Tiện Dụng - Perfect Earth Organic Chia Seeds,127000,127000,0,5,2,,,,,,,,,,hạt chia hữu cơ tép
175876921,Thức Ăn Ướt Pate Cho Mèo,380,51000,51000,0,5,,,,,,,,,,thức ăn ướt pate
169197351,Cà phê viên nén Dolce Gusto Carraro - Hộp 16 viên - Nhập khẩu chính hãng từ Ý,183600,183600,0,4.5,11,,,,,,,,,,cà phê viên nén dolce gusto
166088547,[Bao Bì Tết] Combo 3 Đường mía thiên nhiên Biên Hòa 1kg/túi,109800,109800,0,5,9,,,,,,,,,,combo đường mía thiên nhiên
146932805,Xương ORGO Bổ Sung Canxi Gặm Sạch Răng Thơm Miệng Cho Chó Gói 90g,29000,29000,0,5,5,,,,,,,,,,xương orgo bổ sung canxi
142310525,Cà Phê Phin Cầu Đất (Arabica & Robusta) Rang Mộc DalatFarm - Hộp 250Gr (Dạng Bột),170000,170000,0,4.8,52,,,,,,,,,,cà phê phin cầu đất
107548406,Gạo Thơm Đặc Sản ST25 Neptune túi 5kg,199000,210000,11000,4.8,272,,,,,,,,,,gạo thơm đặc sản st
77118754,Hạt Điều Rang Muối Lafooco 450g,254000,254000,0,4.6,16,,,,,,,,,,hạt điều rang muối
66993225,{Freeship 50K} Rượu Whisky Chivas Regal 12 (700ml) 39.7% - 40.3% - Kèm Hộp,990000,1089000,99000,4.8,260,,,,,,,,,,freeship k rượu whisky
52227046,Trà Oolong Tấm Cầu Đất - Túi 500Gr -  Nguyên liệu làm trà sữa tự pha chế trà sữa đài loan Dalat Farm,150000,150000,0,4.7,205,,,,,,,,,,trà oolong cầu đất
13409436,Kem đặc có đường Dutch Lady túi 545g,36000,45000,9000,4.8,362,,,,,,,,,,kem đặc có đường
278672472,Thùng 48 hộp sữa tươi tiệt trùng TH True Milk  ít đường 110ml,330000,359000,29000,5,1,,,,,,,,,,thùng hộp sữa tươi tiệt
278495865,Thùng Vinasoy Fami Green soy rất ít đường hộp (10 hộp x 1 Lít),250000,338000,88000,5,1,,,,,,,,,,thùng vinasoy fami green
277570623,Thực phẩm bổ sung Trà Vị Đào NESTEA hộp 12 gói x 12 g,34000,50000,16000,5,1,,,,,,,,,,thực phẩm bổ sung trà vị đào
277472171,THỨC ĂN HẠT DÀNH CHO MÈO ZOI CAT TÚI 1Kg,58000,58000,0,5,2,,,,,,,,,,thức ăn hạt dành mèo
276432524,Nước tương MAGGI đậu nành thanh dịu 700ml,27000,40000,13000,5,5,,,,,,,,,,nước tương maggi đậu nành
274765124,Thức Ăn Cho Mèo Whiskas Adult 1+ YearsVị Cá Ngừ 480g/Túi,50000,100000,50000,5,2,,,,,,,,,,thức ăn mèo whiskas adult
274764344,[Bộ 2] Thức Ăn Cho Mèo Con Whiskas Junior 2-12 Months Vị Cá Thu & Cá Biển (Mix Vị) 1.1kg/Túi,258000,351000,93000,5,2,,,,,,,,,,thức ăn mèo whiskas junior
273289509,Cà Phê Sữa PLUS Hòa Tan 3IN1 KING COFFEE - Hộp 10 gói x 20g,49600,57600,8000,4.7,3,,,,,,,,,,cà phê sữa plus hòa
213717712,Thùng 30 Gói Hủ Tiếu Sườn Heo Cung Đình (85g x 30 gói),289000,309000,20000,5,5,,,,,,,,,,thùng gói hủ tiếu sườn
200629234,[Tặng Bộ 2 ly thủy tinh] Combo 2 Bịch Cà phê Hòa tan NESCAFÉ VỊ RANG ĐẬM 46 gói Đậm Thơm Hoàn Hảo,374000,374000,0,5,40,,,,,,,,,,combo bịch cà phê hòa
197636988,Thùng 48 Bịch Sữa Tiệt Trùng Dutch Lady Cô Gái Hà Lan Hương Dâu 180ml,307000,433000,126000,4.7,29,,,,,,,,,,thùng bịch sữa tiệt trùng
184620363,Thùng 48 Hộp Sữa Tươi Tiệt Trùng Vinamilk Green Farm - Sữa Tươi 100% Không Đường 180ml,560000,560000,0,5,1,,,,,,,,,,thùng hộp sữa tươi tiệt
181774503,Gói bột chiên giòn Meizan 1kg,38000,50000,12000,5,2,,,,,,,,,,gói bột chiên giòn
178285551,Thùng 48 hộp thức uống từ sữa chua lên men tự nhiên hiệu Fristi 100ml,188000,259000,71000,4.7,61,,,,,,,,,,thùng hộp thức uống sữa
126218728,Cafe Hoà tan 3 in 1 Ngon (Bịch To 60 gói) Trần Quang,140000,140000,0,4.7,143,,,,,,,,,,cafe hòa tan in
116765898,Thùng Sữa đậu nành Vinasoy Fami Canxi vị Cà Phê (200ml x 36 Hộp),153000,214000,61000,5,134,,,,,,,,,,thùng sữa đậu nành vinasoy fami
114809866,Nước tương MAGGI đậu nành đậm đặc 700ml,34000,41000,7000,5,179,,,,,,,,,,nước tương maggi đậu nành
95735106,Trà Xanh Hương Dứa DalatFarm - Túi 150Gr,60000,60000,0,4.8,138,,,,,,,,,,trà xanh hương dứa dalatfarm
91456901,Mì Spaghetti Olivoilà N.5 Nhập Khẩu Ý 500g,80000,80000,0,0,0,,,,,,,,,,mì spaghetti olivoilà n
71979469,Trà Oolong Kim Tuyên Cầu Đất - Túi 200Gr,155000,155000,0,4.8,291,,,,,,,,,,trà oolong kim tuyên cầu
58408425,Trung Nguyên Legend - Cà phê rang xay Chế phin 4 - Bịch 500gr,228000,246077,18077,4.8,144,,,,,,,,,,trung nguyên legend cà phê rang
56863272,Cà phê hạt nguyên chất Coffee Tree đặc biêt (1kg) gu đậm đắng thơm - Cà phê pha phin hoặc pha máy từ BMT hiệu Coffee Tree,465000,465000,0,4.7,173,,,,,,,,,,cà phê hạt nguyên chất coffee
54022812,Combo 3 Túi Hạt Bí Rang Trọng Nhân 500gr,259000,259000,0,4.7,26,,,,,,,,,,combo túi hạt bí rang
45307202,Bánh Thưởng Cho Mèo Temptations Vị Gà 75g/túi,49000,69000,20000,4,2,,,,,,,,,,bánh thưởng mèo temptations vị gà
32372321,Combo 2 hộp Gạo Hữu Cơ Hoa Nắng - Gạo Lứt 2kg,290000,290000,0,4.5,11,,,,,,,,,,combo hộp gạo hữu cơ hoa
20648418,Thùng 48 Hộp Sữa Trái Cây KUN Hương Dâu 180ml/hộp(thẻ cào),355000,420000,65000,5,11,,,,,,,,,,thùng hộp sữa trái cây
6008295,Thùng Phở Bò Hà Nội Micoem Cung Đình (30 Gói),265000,285000,20000,4.5,59,,,,,,,,,,thùng phở bò hà nội
2906923,Gạo lứt nâu hữu cơ cao cấp/ECOBA Kim Mễ 1kg - Gạo lứt giảm cân - Cơm ngon mềm dẻo,125000,125000,0,4.8,148,,,,,,,,,,gạo lứt nâu hữu cơ cao cấp
1914875,Nui Cao Cấp Meizan (400g),22000,28000,6000,4.7,26,,,,,,,,,,nui cao cấp
658770,Đồ Ăn Cho Chó Vị Thịt Bò Và Các Loại Rau Củ Pedigree Dạng Bao (20kg),1032000,3094000,2062000,4.6,18,,,,,,,,,,đồ ăn chó thịt bò
537425,Thùng 30 Gói Mì Cung Đình Hương Vị Thịt Hầm Nấm (79g/Gói),229000,260000,31000,5,11,,,,,,,,,,thùng gói mì cung đình
516057,Sữa Bột Full Cream Devondale (1Kg / Túi),333000,456000,123000,4.5,471,,,,,,,,,,sữa bột full cream
484524,Đồ Ăn Cho Mèo Con Whiskas Vị Cá Biển Và Sữa Dạng Túi 1.1 Kg,130000,140000,10000,4.7,207,,,,,,,,,,đồ ăn mèo con whiskas vị
278631551,Cà Phê Robusta Rang Mộc Nguyên Chất Đất Cà Phê 500g | Pure Robusta Coffee 500g - Gu Đậm Đà,169000,275000,106000,5,1,,,,,,,,,,cà phê robusta rang mộc
278613718,Bình nước Kita Slim Eco Highlands 500ml màu ngẫu nhiên,100000,100000,0,0,0,,,,,,,,,,bình nước kita slim
278591617,Bỉm Quần Vệ Sinh Dành Cho Chó Đực Pet Soft Bịch 12 Miếng,119000,119000,0,0,0,,,,,,,,,,bỉm quần vệ sinh dành
278495151,Thùng Veyo sữa hạt 05 loại cao cấp (10 hộp x 1 Lít),478000,699000,221000,0,0,,,,,,,,,,thùng veyo sữa hạt
276596653,BỘT CACAO NGUYÊN CHẤT TÂN LỘC PHÁT,170000,170000,0,4.3,4,,,,,,,,,,bột cacao nguyên chất tân lộc
276584805,HẠT ĐIỀU RANG MUỐI VỠ TÂN LỘC PHÁT,190000,190000,0,4.2,52,,,,,,,,,,hạt điều rang muối
275925772,Cà Phê Arabica Nguyên Chất Đất Cà Phê 250g | Pure Arabica Coffee Cầu Đất Đà Lạt - Gu Thanh Nhẹ,17500,35000,17500,5,2,,,,,,,,,,cà phê arabica nguyên chất đất
275421162,500g đường nho Pháp tạo đông tào phớ đậu hũ ngon béo (Chiết từ bao 25kg) glucono delta lactone,93000,93000,0,0,0,,,,,,,,,,đường nho pháp tạo đông
274764369,[Combo 12 Gói] Thức Ăn Cho Mèo Con WHISKAS Junior 2-12 months Vị Cá Ngừ 80g/Gói,144000,217000,73000,5,8,,,,,,,,,,thức ăn mèo con whiskas
274545039,Thùng 48 hộp KUN 100% Sữa tươi có đường 180ml/hộp,307000,499000,192000,4.8,6,,,,,,,,,,thùng hộp kun sữa tươi
274470123,CƠM SẤY GẠO LỨT TÂN LỘC PHÁT BỊCH 130G,65000,65000,0,0,0,,,,,,,,,,cơm sấy gạo lứt tân lộc
273596958,Thùng 24 Gói Mì Koreno Rong Biển Vị Ngao 102g,310000,338476,28476,5,1,,,,,,,,,,thùng gói mì koreno
273377993,Thùng 30 Gói Mì 3 Miền Tôm Hùm 65g,113400,124740,11340,4.8,8,,,,,,,,,,thùng gói mì miền
273288748,Thùng 30 Gói Mì 3 Miền Tôm Chua Cay 65g,113400,124740,11340,4.7,7,,,,,,,,,,thùng gói mì miền
273170271,Thức Ăn Hạt Cho Chó Lớn Vị Thịt Bò Ganador Adult Roasted Beef Gói 3kg,158000,158000,0,0,0,,,,,,,,,,thức ăn hạt chó lớn vị
272421929,[TẶNG 2 lon sữa gấu] Nước cốt cà phê NESCAFÉ - CÀ PHÊ SỮA ĐÁ (hộp 5 gói),50000,56000,6000,4.8,32,,,,,,,,,,nước cốt cà phê nescafé
247415331,[DATE MỚI] [ 5KG ] - Thức ăn hạt Cho Mèo Mọi Lứa Tuổi Catsrang chính hãng,99000,99000,0,5,2,,,,,,,,,,thức ăn hạt mèo lứa
189473820,Combo 12 gói pate Nekko cho mèo 70g,202000,202000,0,5,24,,,,,,,,,,combo gói pate nekko
178265062,Quế Cây Tự Nhiên Vipep Hũ Nhựa 200g,127800,127800,0,5,4,,,,,,,,,,quế tự nhiên vipep hũ
174510619,Đặc Sản Kon Tum - 1Kg Chuối Hột Rừng Hàng đẹp Giá Rẻ chuyên Ngâm Chum  OCOP 3 Sao,68000,68000,0,4.6,7,,,,,,,,,,đặc sản
154231134,Đường Mía Thượng hạng,20000,22000,2000,5,50,,,,,,,,,,đường mía
98329111,Thùng 24 Lon Nước Ngọt Có Gas Mirinda Xá Xị (320ml/Lon),226800,260820,34020,4.7,382,,,,,,,,,,thùng lon nước ngọt có
72301784,Bột gạo lứt - mè đen - hạt sen 500g - ( MS),95000,95000,0,4.7,155,,,,,,,,,,bột gạo lứt mè
68301390,Thùng 24 hộp Sữa tươi tiệt trùng chứa tổ yến Vinamilk Green farm - hộp 180ml,263000,342000,79000,5,223,,,,,,,,,,thùng hộp sữa tươi tiệt
67533786,Trung Nguyên Legend Success 3 - Lon 340gr,287280,287280,0,4.5,15,,,,,,,,,,trung nguyên legend success lon
66475968,Trà Lài Cầu Đất Đặc Biệt - Hộp 110Gr (Trà hoa Nhài - Jasmine Tea) Dalat Farm,90000,90000,0,4.8,254,,,,,,,,,,trà lài cầu đất
58451648,Trung Nguyên Legend - Cà phê hoà tan rang xay 3in1 Cafe sữa đá - Hộp 9 gói x 25gr,100000,107775,7775,5,260,,,,,,,,,,trung nguyên legend cà phê hòa
58407240,Trung Nguyên Legend - Cà phê rang xay Sáng tạo 3 - Bịch 340gr,118000,130192,12192,5,137,,,,,,,,,,trung nguyên legend cà phê rang xay
42836770,500gr Trà khổ qua rừng,235000,235000,0,4.6,35,,,,,,,,,,r trà khổ qua
21973771,Sữa dinh dưỡng Vinamilk ADM Có Đường - Thùng 48 hộp 110ml,218000,264000,46000,5,91,,,,,,,,,,sữa dinh dưỡng vinamilk adm
16608351,Trà Lá Sen Túi Lọc (Sấy Lạnh) Hương Sen Việt (2g x 25 Túi),70000,70000,0,4.5,21,,,,,,,,,,trà lá sen túi
13409548,Thùng 48 hộp thức uống lúa mạch hương vị socola Ovaltine DHA+ 180ml,395000,395000,0,4.7,207,,,,,,,,,,thùng hộp thức uống lúa mạch
2570813,Thùng 24 Ly Mì Chay Cung Đình Rau Nấm Chua Cay (69g / Ly),214000,226000,12000,5,32,,,,,,,,,,thùng ly mì chay cung đình
2454325,Thùng 48 Hộp Sữa Uống Dutch Lady Cô Gái Hà Lan Vị Dâu Cao Khỏe (48X170ml),337000,493000,156000,4.8,177,,,,,,,,,,thùng hộp sữa uống
720610,Trà Sữa Hòa Tan Royal Myanmar Teamix Royal010600 (30 Gói) - [8888311091083],126000,140000,14000,4.7,189,,,,,,,,,,trà sữa hòa tan
537532,Thùng 12 Tô Mì Khoai Tây Cung Đình Kool Sốt Spaghetti Hương Vị Thịt Bò Bằm Và Cà Chua 105g,178000,187000,9000,5,11,,,,,,,,,,thùng tô mì khoai tây
278673572,Thùng 48 hộp sữa tươi tiệt trùng Dalatmilk có đường 110ml,292000,354000,62000,0,0,,,,,,,,,,thùng hộp sữa tươi tiệt
278596767,Thùng 30 Gói Mì Omachi Sườn Hầm Ngũ Quả (80gr x 30 gói),278300,300000,21700,0,0,,,,,,,,,,thùng gói mì omachi
277995229,Mắm ruốc ăn liền (ăn thấy me tươi có hột chua chua rất ngon) nguyên liệu tươi thơm ngon đặc biệt Làng Chài Xưa 400g,110000,110000,0,4.5,2,,,,,,,,,,mắm ruốc ăn liền nguyên liệu
277386540,Combo 3 Kẹo Cứng Migita Bibica 70g,20261,22512,2251,0,0,,,,,,,,,,combo kẹo cứng migita
275414763,Bia Reeper B. Weissbier 5.4% 500ml (bia lúa mì),40000,40000,0,5,5,,,,,,,,,,bia reeper b
275244477,Hạt Nêm Aji-ngon Heo 400g,36000,38000,2000,0,0,,,,,,,,,,hạt nêm aji ngon
274923711,Cà Phê Hạt Larob,370880,370880,0,0,0,,,,,,,,,,cà phê hạt larob
274765116,Thức Ăn Cho Mèo Con Whiskas Junior 2-12 Months Mackerel Flavour Vị Cá Thu 1.1kg/Túi,130000,184000,54000,5,1,,,,,,,,,,thức ăn mèo whiskas junior
274499619,Hạt Đậu Gà Khô Trắng Hữu Cơ Just Organik Organic Chickpea Nhập Khẩu Ấn Độ Ăn Dặm Cho Bé 500g,125000,125000,0,0,0,,,,,,,,,,hạt đậu gà khô
274048925,Hạt cho mèo Bite Of Wild - Petour Singapore - Túi seal 1kg,220000,220000,0,5,1,,,,,,,,,,hạt mèo bite of wild
273821867,Thùng 6 Lốc Mì Trộn Tương Đen Koreno Jjajangmen (5 gói/lốc),300000,312455,12455,5,1,,,,,,,,,,thùng lốc mì trộn
273000838,Rượu Soju Rice+ vị Truyền Thống,50000,50000,0,0,0,,,,,,,,,,rượu soju rice vị truyền thống
253220856,(1kg) Thức ăn cho mèo mọi lứa tuổi Catsrang,96000,96000,0,5,1,,,,,,,,,,thức ăn mèo lứa tuổi
189604485,Cà phê phin giấy Robusta Lâm Đồng DalatFarm - Hộp 10 túi x 10 g,140000,140000,0,4.8,14,,,,,,,,,,cà phê phin giấy robusta
185924455,Ngăn phóng uế,-400,99000,99000,0,5,,,,,,,,,,ngăn
127352503,500G LẠP XƯỞNG HEO TƯƠI MAI QUẾ LỘ CHẤT LƯỢNG HIỆU SK FOOD,99000,99000,0,4.5,22,,,,,,,,,,lạp xưởng heo tươi mai quế lộ
126218812,Trà Sữa uống liền Teamix Hoà tan Trần Quang,65000,65000,0,5,7,,,,,,,,,,trà sữa uống teamix
121361892,Hạt Dổi Mắc Khén Doispice cực thơm tiết kiệm tiện sử dụng 25g,40000,40000,0,4.8,29,,,,,,,,,,hạt dổi mắc khén
75487755,1KG HẠT ĐIỀU VỎ LỤA RANG MUỐI XẾP HOA CAO CẤP THƯƠNG HIỆU SK FOOD,259000,259000,0,4.5,175,,,,,,,,,,hạt điều vỏ lụa
57300896,Cà phê bột 100% nguyên chất truyền thống số 2 (500gr) Coffee Tree gu vừa vị chuẩn truyền thống,190800,190800,0,4.8,189,,,,,,,,,,cà phê bột nguyên chất truyền thống
54693149,Trà Đen Cầu Đất DalatFarm - Túi 250Gr (Hồng Trà - Black Tea nguyên liệu pha chế trà sữa trà đào),60000,60000,0,4.8,415,,,,,,,,,,trà đen cầu đất
48696728,Sữa Hạt Hạnh Nhân ALMOND BREEZE Nguyên Chất Không Đường Hộp 946ml,129320,129320,0,4.7,106,,,,,,,,,,sữa hạt hạnh nhân almond
45307207,Bánh Thưởng Cho Mèo Temptations Vị Hải Sản 75g/túi,49000,70000,21000,0,0,,,,,,,,,,bánh thưởng mèo temptations vị hải sản
21073614,Dấm táo BRAGG Hữu cơ Nhập khẩu USA chai 946ml,293000,293000,0,5,16,,,,,,,,,,dấm táo bragg hữu cơ nhập khẩu
20648428,Thùng 48 Hộp Sữa Trái Cây Hương Trái Cây KUN 180ml/hộp(thẻ cào),355000,420000,65000,4.8,6,,,,,,,,,,thùng hộp sữa trái cây
19647294,Thức Ăn Cho Mèo Me-O Adult Vị Cá Ngừ (350g),28400,28400,0,4.7,48,,,,,,,,,,thức ăn mèo me adult vị
14965881,Thùng 24 Hộp Sữa Tươi Nguyên Kem Meadow Fresh (200ml / Hộp),280000,700000,420000,4.8,508,,,,,,,,,,thùng hộp sữa tươi
12629696,Thùng Sữa đậu nành Vinasoy Fami nguyên chất (200ml x 36 Hộp),158000,214000,56000,5,382,,,,,,,,,,thùng sữa đậu nành vinasoy fami
1679009,Bánh Xương Chó Kiểng Pedigree Dentastix (60g),36000,42100,6100,4.5,5,,,,,,,,,,bánh xương chó kiểng
1085854,Thùng 24 Lon Nước Trái Cây Twister Cam (320ml/Lon),259200,298080,38880,5,130,,,,,,,,,,thùng lon nước trái cây
566893,Bột Ngọt Ajinomoto 1kg (Hạt Lớn),150000,150000,0,5,275,,,,,,,,,,bột ngọt
278772756,Trung Nguyên Legend Cà Phê Rang Xay Chất Tiên Phong - Túi 30 Gói 20g,249000,268920,19920,0,0,,,,,,,,,,trung nguyên legend cà phê rang xay
278672532,Thùng 48 bịch sữa tươi tiệt trùng Dalatmilk ít đường 220ml,440000,490000,50000,0,0,,,,,,,,,,thùng bịch sữa tươi tiệt
278574787,Cà phê hạt Full City Roast Highlands Coffee 1kg,665000,665000,0,3,2,,,,,,,,,,cà phê hạt full city
276702804,Bột tẩm khô chiên giòn Aji Quick gói 42 g,15000,15000,0,0,0,,,,,,,,,,bột tẩm khô chiên
276562587,HẠT HƯỚNG DƯƠNG CHẮC HẠT BỔ DƯỠNG TÂN LỘC PHÁT,125000,125000,0,4.3,28,,,,,,,,,,hạt hướng dương chắc
276387276,Quả bồ kết khô - Bồ kết chắc hạt thơm và quả to,99000,99000,0,2.7,3,,,,,,,,,,quả bồ kết khô bồ kết
276138875,Cà phê viên nén Nespresso - Carraro Rich Flavor - Hộp 10 viên - Nhập khẩu chính hãng từ Ý,129600,129600,0,5,5,,,,,,,,,,ca phê viên ne n
275952558,Táo Đỏ Tân Cương Sấy Giòn Không Hạt 250g VietTin Mart,100000,100000,0,4.2,5,,,,,,,,,,táo đỏ tân cương sấy giòn
275928612,Muối hồng Himalaya Dạng Mịn,100,10000,10000,0,0,,,,,,,,,,muối hồng himalaya dạng
275515308,Combo Thùng 06 Chai Nước Mắm Cốt Đặc Biệt Lê Gia - Nước mắm truyền thống cá cơm,830000,830000,0,4.8,34,,,,,,,,,,combo thùng chai nước mắm cốt
274764342,[Combo 12 Gói] Thức Ăn Cho Mèo WHISKAS 1+ years Vị Cá Thu 80g/Gói,151000,217000,66000,5,4,,,,,,,,,,thức ăn mèo whiskas years vị
272226724,Kẹo Hồng Sâm Hàn Quốc Không Đường Ginseng House - Bịch đỏ 500g - Giảm Mệt Mỏi & Căng Thẳng,129000,159000,30000,0,0,,,,,,,,,,kẹo hồng sâm hàn quốc
270680214,Hạt Yến Mạch Nguyên Cám Úc Xuân An [ko đường] Túi 500G (100% Australian Wholegrain Oats)(Tặng Kèm 1 Túi Yến Mạch 150G),70000,70000,0,0,0,,,,,,,,,,hạt yến mạch cám
263693181,Đặc Sản Bình Thuận  -  Ruốc Sấy Ăn Liền Đầm Sen - 170G,32000,32000,0,5,2,,,,,,,,,,đặc sản bình thuận ruốc sấy ăn liền
263114994,Combo 2 Hộp Yến Mạch Nguyên Chất Ăn Liền Xuân An [ko đường] 400G(Tặng Kèm 2 Túi Yến Mạch 150G),140000,140000,0,5,3,,,,,,,,,,combo hộp yến mạch nguyên chất
251392177,COMBO 5 Lon Pate Cho Mèo Vị Cá Ngừ Và Cá Biển Whiskas 400g - YonaPetshop,50000,50000,0,4.6,7,,,,,,,,,,combo lon pate mèo vị
249203200,Bột ca cao nguyên chất vị truyền thống Cacao Mi loại Original đặc sản Việt Nam làm quà biếu tặng chuẩn xuất khẩu 127g,79000,79000,0,5,1,,,,,,,,,,bột ca cao nguyên chất vị
212556466,Thức ăn Rùa Nước GREENABC – Cung cấp dinh dưỡng tăng kích thước,50230,135000,135000,0,5,,,,,,,,,,thức ăn rùa nước greenabc
197333416,Hạt chia không biến đổi gen hữu cơ Peru_Organic chia seeds non GMO from Peru,47500,50000,2500,5,10,,,,,,,,,,hạt chia không biến đổi gen hữu cơ
181134349,Cà Phê Robusta Lâm Đồng Rang Mộc Nguyên Chất- Hộp 250Gr (Dạng Bột),160000,160000,0,4.8,20,,,,,,,,,,cà phê robusta lâm đồng rang
168561896,Cà phê Trần Quang NGON cafe sữa uống liền bịch 24 gói,59000,59000,0,4.8,19,,,,,,,,,,cà phê trần quang ngon cafe
98565189,Thùng 24 Lon Nước Uống Có Gaz Pepsi Vị Chanh Không Calo (320ml/Lon),237750,273413,35663,4.7,2206,,,,,,,,,,thùng lon nước uống
74729558,Bột ngũ cốc Damtuh Hàn Quốc 900g (1 hộp 50 gói,18,269000,269000,0,5,,,,,,,,,,bột ngũ cốc damtuh hàn quốc
73187297,Hạt bí xanh tách vỏ (500gr),85000,85000,0,5,1,,,,,,,,,,hạt bí xanh tách vỏ
54059156,Nam Việt Quất Sấy Khô  Only Nature 120 gram,66960,66960,0,4.8,8,,,,,,,,,,nam việt quất sấy khô
45213011,200g Trà long nhãn - Nhãn nhục,83000,83000,0,4.5,93,,,,,,,,,,trà long nhãn
29279193,Hạt lanh nâu Brown Flaxseeds,28000,28000,0,5,56,,,,,,,,,,hạt lanh nâu brown
22553303,Nước mắm Khải Hoàn Phú Quốc 43 độ đam 215ml thùng 6 chai,415000,415000,0,4.7,19,,,,,,,,,,nước mắm khải hoàn phú quốc độ
2287857,Thùng 24 Chai Nước Giải Khát Revive Chanh Muối (390ml/Chai),230400,264960,34560,5,365,,,,,,,,,,thùng chai nước giải khát
2161877,Thịt Heo Hộp SPAM Giảm Mặn 340g - Nhập Khẩu Mỹ | Hormel SPAM Less Sodium 340g,141800,141800,0,4.8,44,,,,,,,,,,thịt heo hộp spam
537515,Thùng 24 Ly Mì Khoai Tây Cung Đình Hương Vị Lẩu Tôm Chua Cay,219000,226000,7000,5,35,,,,,,,,,,thùng ly mì khoai tây cung đình
537389,Thùng 30 Gói Mì Cung Đình Hương Vị Sườn Heo Hầm Măng (79g/Gói),240000,274000,34000,3.9,7,,,,,,,,,,thùng gói mì cung đình
537377,Thùng 30 Gói Mì Khoai Tây Cung Đình Hương Vị Cua Bể Rau Răm,233000,249000,16000,4.8,9,,,,,,,,,,thùng gói mì khoai tây
278878579,Thùng 24 hộp Trà Đào Sả Cozy 225ml,220000,220000,0,0,0,,,,,,,,,,thùng hộp trà đào
278693031,Cozy Trà gừng Hotginger 10 gói x 10g Hộp,83000,83000,0,0,0,,,,,,,,,,cozy trà gừng hotginger gói
278610360,Hộp 12 Gói Snack Rong Biển TaoKaeNoi BIG ROLL Vị Cay,66500,110000,43500,0,0,,,,,,,,,,hộp gói snack rong
278596231,Thùng 12 Hộp Mì Trộn Omachi Xốt Tôm Phô Mai Trứng Muối (105g x 12 hộp),250000,250000,0,0,0,,,,,,,,,,thùng hộp mì trộn
278583286,Sữa hạt Hạt dẻ Nguyên chất 137 DEGREES 1000ml,138000,200000,62000,0,0,,,,,,,,,,sữa hạt hạt dẻ
278580840,Lốc 3 hộp Sữa hạt Hạnh nhân Nguyên chất 137 DEGREES 180ml,90000,125000,35000,0,0,,,,,,,,,,lốc hộp sữa hạt
278020661,Đèn led KaoKui WRGB UFO KK50 Pro dĩa kẹp bể thủy sinh cá tép tiểu cảnh bán cạn,621000,621000,0,0,0,,,,,,,,,,đèn led kaokui wrgb
277608664,'Rượu Whisky Ballantine''s Finest Blended Scotch Whisky',435000,435000,0,5,1,,,,,,,,,,rượu whisky ballantine s
277604247,Lốc 5 gói mì Jin Không Cay Otoki hương vị chuẩn Hàn,1205,70000,70000,0,0,,,,,,,,,,lốc gói mì jin cay
276656095,BÀN CHẢI LÔNG CHÓ MÈO CHẤT LƯỢNG TỐT - Lược chải lông mèo thông minh - Lược Chải Lông Thú Cưng loại Tốt - Lược chải lông cho chó mèo có nút bấm - chăm sóc chó mèo - luoc chai long meo - lược chải lông,65000,65000,0,0,0,,,,,,,,,,bàn chải lông chó
276563504,NHÂN HẠT BÍ TÂN LỘC PHÁT - HŨ 500G,213000,213000,0,4.2,16,,,,,,,,,,hạt bí tân lộc phát
276562686,HẠT HƯỚNG DƯƠNG TÂN LỘC PHÁT HẠT ĐỀU GIÒN THƠM,125000,125000,0,4.6,96,,,,,,,,,,hạt hướng dương tân lộc phát
261822948,Rượu trái cây HALICO vị chanh nồng độ 18% chai 500ml không kèm hộp,135000,135000,0,5,2,,,,,,,,,,rượu trái cây halico vị chanh
252388939,'Combo 3 Lay''s Stax Khoai Tây Miếng Vị Tôm Hùm Nướng Ngũ Vị 100gr',150000,150000,0,5,1,,,,,,,,,,combo lay s stax khoai tây
245979660,HẠT CHIA ÚC TÚI 1KG,248000,248000,0,0,0,,,,,,,,,,hạt chia úc túi
213674554,[TOP SALE] TỔ YẾN CHƯNG ĐƯỜNG PHÈN 100% Tổ Yến Thật (Hàm Lượng 30%) (6 Lọ X 70ML) - Đệ Nhất Yến Đảo - Tăng Sức Đề Kháng - Kích Thích Tiêu Hóa - An Thần - Bổ Phế - Long Đờm - Giảm Ho - Tăng Cường Trí Nhớ - Kéo Dài Thanh Xuân,357700,365000,7300,5,24,,,,,,,,,,tổ yến chưng đường phèn
202487889,Cà phê hạt Carraro Globo Rosso - 1kg - Nhập khẩu chính hãng từ Ý,734400,734400,0,4.6,26,,,,,,,,,,ca
192989326,'Socola  Beryl''s Tiramisu Almond White Chocolate 100g',121500,121500,0,5,4,,,,,,,,,,socola beryl s tiramisu
154231139,Đường phèn vàng Cô Ba 1kg,53000,58300,5300,4.8,6,,,,,,,,,,đường phèn vàng
154231116,Đường Tinh Luyện Đặc Biệt Hũ 800g,43000,47300,4300,4.7,3,,,,,,,,,,đường tinh luyện đặc biệt
115529605,Dầu dừa nguyên chất ép lạnh hữu cơ Vietcoco 1L,275000,275000,0,4.8,14,,,,,,,,,,dầu dừa nguyên chất ép
114467212,Thùng 48 chai sữa chua uống hương dâu Fristi 80ml,192000,255000,63000,4.7,99,,,,,,,,,,thùng chai sữa chua
77730636,Thùng 48 Hộp Sữa Tươi Tiệt Trùng Vinamilk Green Farm Rất ít đường - Lốc 4 Hộp 180ml,462000,529000,67000,5,19,,,,,,,,,,thùng hộp sữa tươi tiệt
74462788,Trà ổi hỗ trợ giảm cân thanh lọc cơ thể Orihiro 60 gói,139000,139000,0,5,1,,,,,,,,,,trà ổi hỗ trợ giảm
58409447,Trung Nguyên Legend - Cà phê rang xay Chế phin 2 - Bịch 500gr,160000,176228,16228,4.8,160,,,,,,,,,,trung nguyên legend cà phê rang
21192093,Thùng 48 hộp Sữa đậu nành Vinamilk hạt đậu đỏ 180ml,292000,395000,103000,5,10,,,,,,,,,,thùng hộp sữa đậu nành vinamilk
20623900,Thùng 48 Hộp Sữa Trái Cây Hương Nho KUN 180ml/hộp(thẻ cào),337000,420000,83000,5,6,,,,,,,,,,thùng hộp sữa trái cây
13749525,Thùng 12 Hộp Sữa Tươi Tiệt Trùng Vinamilk 100% Organic Không Đường (1lít),606000,745000,139000,4.8,12,,,,,,,,,,thùng hộp sữa tươi tiệt
13409453,Thùng 48 Hộp Sữa Tươi Tiệt Trùng Dutch Lady Cô Gái Hà Lan Có Đường (48 x 110ml),261000,360000,99000,4.8,305,,,,,,,,,,thùng hộp sữa tươi tiệt
10710958,Thùng 48 Hộp Sữa Tươi Tiệt Trùng Vinamilk 100% Có Đường,485000,485000,0,5,40,,,,,,,,,,thùng hộp sữa tươi tiệt
2119331,Bột ngũ cốc Calsome,66000,75000,9000,4.8,159,,,,,,,,,,bột ngũ cốc
484504,Bánh Xương Chăm Sóc Răng Dành Cho Chó Trung Pedigree Dentastix Medium Dogs (98g),38000,44000,6000,4.6,30,,,,,,,,,,bánh xương chăm sóc răng
278768165,Thùng 24 lon Nước táo lên men Somersby vị Táo (320ml/lon) - Độ cồn 3.5%,447000,447000,0,0,0,,,,,,,,,,thu ng lon nước
278683156,Thùng 48 hộp sữa uống lên men Nuvi Có Đường 100ml,184000,253000,69000,0,0,,,,,,,,,,thùng hộp sữa uống
276596790,BỘT ĐẬU NÀNH NGUYÊN CHẤT TÂN LỘC PHÁT,98000,98000,0,5,2,,,,,,,,,,bột đậu nành nguyên chất tân lộc
273378000,Thùng 30 Gói Mì 3 Miền Gold Tôm Chua Cay Đặc Biệt 75g,157586,157586,0,5,8,,,,,,,,,,thùng gói mì miền
271041801,Royal Canin Indoor 27 Thức Ăn Hạt Mèo 1-7 Tuổi | Mèo Ít Vận Động [Dry cat food,290000,290000,0,5,1,,,,,,,,,,royal canin indoor thức ăn
263972640,Hạt Yến Mạch Nguyên Cám Úc Xuân An [ko đường] Túi 3Kg[hạt nguyên chưa cán](Giảm 20%),360000,360000,0,5,4,,,,,,,,,,hạt yến mạch cám
207013196,Viên Xổ Giun Tẩy Giun Sán Cho Chó Mèo Bio-Rantel 600mg,11000,11000,0,4.6,9,,,,,,,,,,xổ giun tẩy giun sán chó
205716204,'Cà phê Arabica cầu đất B''LAO FARM cà phê nguyên chất rang mộc dành cho Cold Brew - pha phin và pha máy thơm ngọt hậu C5',78659,78659,0,4.5,2,,,,,,,,,,cà phê arabica cầu đất
195160580,Cát Đất Sét Vệ Sinh Cho Mèo Catsme 8L Nhiều Mùi,65000,65000,0,5,2,,,,,,,,,,cát đất sét vệ sinh mèo
192706468,Dây dắt yếm phản quang có lót ngực lưới thoáng khí cho chó Saly Q PLC05 - M,95000,95000,0,4,1,,,,,,,,,,dây dắt yếm phản quang có
187188571,Đặc Sản Phan Thiết - Nước Chấm Cá Cơm Than Làng Chài Xưa Chai Nhựa Cao Cấp 1 Lít/Chai Đặc Biệt Thanh Dịu An Toàn Tiết Kiệm,41600,60000,18400,4.6,14,,,,,,,,,,đặc sản phan thiết nước chấm cá
157203258,[THÙNG 30 GÓI] Mì Tương Đen Bắc Kinh Ottogi 83g,288000,288000,0,4.8,16,,,,,,,,,,mì tương đen bắc
134809097,Thùng 24 Túi Sữa Trái Cây Hương Nho KUN 110ml/túi,122000,153000,31000,5,26,,,,,,,,,,thùng túi sữa trái cây
126218795,Cà phê rang xay nguyên chất (dạng xay sẵn) ILOTA 3 ĐẬM gói 500gr,159000,159000,0,0,0,,,,,,,,,,cà phê rang xay nguyên chất
110151881,Cá Cơm Sấy Giòn Rim Mắm Ớt DTFood cực Ngon,85000,85000,0,3.9,9,,,,,,,,,,cá cơm sấy giòn rim
72878779,Bột ngũ cốc mix 10 loại hạt dinh dưỡng Goce - 180g (18 gói x10g),110000,110000,0,4.5,102,,,,,,,,,,bột ngũ cốc mix loại
72217872,1Kg Hạnh Nhân Tách Vỏ Sấy Chín Nguyên Vị Thương Hiệu SK FOOD,480000,480000,0,4.1,80,,,,,,,,,,kg hạnh nhân tách vỏ
56758176,Đông trùng hạ thảo sấy thăng hoa - Hủ 20g,199000,199000,0,4.5,10,,,,,,,,,,đông trùng hạ thảo sấy thăng hoa
52876238,GẠO NHẬT HOKKAIDO YUMEPIRIKA - GẠO TRẮNG - XÁT DỐI,356000,356000,0,4.8,9,,,,,,,,,,gạo nhật hokkaido yumepirika gạo
51586282,200gr Trà cỏ ngọt,74000,74000,0,4.6,15,,,,,,,,,,r trà cỏ ngọt
50246024,Đường giảm Calo (đường ăn kiêng) - hàng nội địa Nhật Bản,99000,99000,0,4.7,12,,,,,,,,,,đường giảm calo hàng
46912393,Bột Coffee Enema 1kg,519000,519000,0,4.8,30,,,,,,,,,,bột coffee
43133643,1kg táo đỏ khô cao cấp,115000,115000,0,4.7,11,,,,,,,,,,kg táo đỏ khô
35968653,Thạch Vị Táo Và Nho Orihiro 240G,55000,55000,0,4.5,11,,,,,,,,,,thạch vị táo
34914469,ĐẬU PHỘNG CỐT DỪA TÂN LỘC PHÁT COMBO 1KG - MỖI HŨ 500G,185000,185000,0,4.5,112,,,,,,,,,,đậu phộng cốt dừa tân lộc
5503699,Hạt Nêm ngon ngọt tự nhiên,500,265000,265000,0,5,,,,,,,,,,hạt nêm ngon ngọt tự nhiên
533491,Thùng Mì Gói Hảo Hảo Hương Vị Tôm Xào Chua Ngọt,143000,150000,7000,4.8,20,,,,,,,,,,thùng mì gói hảo hảo hương vị
279155851,[Tặng Ca đá 900ml] Combo 2 Bịch Cà phê Hòa tan NESCAFÉ VỊ NGUYÊN BẢN 80 gói Đậm Thơm Hoàn Hảo,670750,670750,0,0,0,,,,,,,,,,combo bịch cà phê hòa
278532382,Bột Sữa Hạt Multi Grains Xuân An[ít đường]Túi 400g(25g*16 gói)(Tặng Kèm 1 Túi Yến Mạch 150G),109000,109000,0,0,0,,,,,,,,,,bột sữa hạt multi
276596683,BỘT NGŨ CỐC DINH DƯỠNG TÂN LỘC PHÁT,127000,127000,0,5,1,,,,,,,,,,bột ngũ cốc dinh dưỡng tân lộc
276461546,Đồ Chơi Cần Câu Thép Dẻo cho mèo nhiều mẫu,25000,25000,0,5,1,,,,,,,,,,đồ chơi cần câu thép dẻo
276414446,Bỉm Quần Vệ Sinh Dành Cho Chó Cái Pet Soft gói 12 miếng,75000,75000,0,0,0,,,,,,,,,,bỉm quần vệ sinh dành
276229514,COMBO 5 Cuộn Túi Đựng Phân Cho Chó Mèo Tiện Lợi 1 Cuộn 15 Túi - YonaPetshop,35000,35000,0,5,1,,,,,,,,,,combo túi đựng phân
275014255,RONG BIỂN NẤU CANH TÂN LỘC PHÁT 150G - GỒM 3 BỊCH 50G,190000,190000,0,5,1,,,,,,,,,,rong biển nấu canh tân
274996880,[CB] 2 HỘP CAPPUCCINO: MUỐI + TRỨNG (5 gói x 30 gram),95000,95000,0,0,0,,,,,,,,,,hộp cappuccino muối
274744115,KẸO ME CAY XÍ MUỘI TÂN LỘC PHÁT - BỊCH 80G,28000,28000,0,5,1,,,,,,,,,,kẹo me cay xí muội tân lộc
273821847,Thùng 24 Gói Mì Trộn Tương Đen Koreno Jjajangmen 115g,299000,330000,31000,4,3,,,,,,,,,,thùng gói mì trộn
272808459,Thùng 24 Gói Mì Cung Đình Kool Mì Gạo Lẩu Tôm Chua Cay Kiểu Thái 84g,255000,261000,6000,5,1,,,,,,,,,,thùng gói mì cung đình
272277059,Trà Rau Má Mã Đề Cỏ Mực Hộp 30 Túi Lọc Của Siêu Thị Thiên Nhiên,43000,43000,0,5,1,,,,,,,,,,trà rau má mã đề cỏ
207840608,Thùng Sữa Hạt Hạnh Nhân ALMOND BREEZE Không Đường 946ml x 12 Hộp,1551840,1551840,0,5,1,,,,,,,,,,thùng sữa hạt hạnh nhân
197106537,Thức ăn hạt Keos dành cho mèo mọi lứa tuổi vị hải sản gói 400g - 1.5kg,28900,28900,0,4.7,3,,,,,,,,,,thức ăn hạt keos dành
189074840,Kẹo bí xanh Tân Huê Viên thơm ngon ngọt thanh 200g,77000,77000,0,5,7,,,,,,,,,,kẹo bí xanh tân huê viên
164574364,MỨT ME THÁI CAY THÀNH LONG 500G,314000,314000,0,4.5,2,,,,,,,,,,mứt me thái cay thành
94262383,Sữa tắm Bio Derma (450ml) đặc trị ghẻ và nấm da trên chó,129000,129000,0,5,21,,,,,,,,,,sữa tắm bio derma
82230017,Bột Rau Má Sấy Lạnh Nguyên Chất 100% - Hủ 100gr,35000,35000,0,0,0,,,,,,,,,,bột rau má sấy lạnh
74911748,Sữa bột Wincofood Canxi Bone & Joints (800g/lon),379000,379000,0,4.7,327,,,,,,,,,,sữa bột wincofood canxi
73715828,Rượu Whitley Neill Handcrafted Blackberry Gin 43% (700ml) - Không hộp,1080000,1080000,0,0,0,,,,,,,,,,rượu whitley neill handcrafted
73559847,Trà Xanh Cầu Đất - Túi 110Gr,70000,70000,0,5,68,,,,,,,,,,trà xanh cầu đất
68770642,Đặc Sản Phan Thiết - Combo 2 Chai Nước Mắm Tĩn Ăn Dặm Cho Bé Độ Đạm 42N Làm Từ Cá Cơm Than Nguyên Chất (60Ml/Chai),50000,70000,20000,5,36,,,,,,,,,,đặc sản phan thiết combo chai nước mắm
63937517,Miến Mỹ Vị ( 1 thùng 60 gói),270000,270000,0,0,0,,,,,,,,,,miến
59177484,ĐẬU HÀ LAN MUỐI SẤY GIÒN THƯƠNG HIỆU SK FOOD - BỊCH 500G,80000,80000,0,4.8,24,,,,,,,,,,đâ
45812218,Bột diếp cá nguyên chất Goce - 72g (24 gói x 3g),170000,170000,0,4.5,185,,,,,,,,,,bột diếp cá nguyên chất
42769285,Trà Cỏ Ngọt Cho Người Tiểu Đường (Hộp 50 Túi Lọc X 2g)- Nguyên Thái Trang – Thảo Dược Thiên Nhiên – Tốt Cho Sức Khỏe,65000,65000,0,5,7,,,,,,,,,,trà cỏ ngọt người
22475236,Muối biển tinh khiết 500g,25000,25000,0,0,0,,,,,,,,,,muối biển tinh khiết
14934644,Gạo Nhật hữu cơ cao cấp/ECOBA Sakura 1kg - Nấu cháo cho bé ăn dặm - Hạt tròn,-100,130000,130000,0,5,,,,,,,,,,gạo nhật hữu cơ cao cấp ecoba
2923763,Gạo Thơm Lài Lotus Rice 5kg - Cơm mềm dẻo vừa - Chuẩn xuất khẩu,179000,179000,0,4.8,693,,,,,,,,,,gạo thơm lài lotus
1717773,Thức Ăn Cho Mèo Royal Canin Indoor 27 (400g),130000,130000,0,5,1,,,,,,,,,,thức ăn mèo royal canin
278024848,ÁO THUN NỈ PHOM RAGLAN MẶC ẤM CHO THÚ CƯNG CHÓ MÈO,60000,60000,0,5,2,,,,,,,,,,áo thun nỉ phom
276719363,Dung Dịch Diệt Nấm Túm Đuôi Multibio Nano Care,50000,50000,0,0,0,,,,,,,,,,dung dịch diệt nấm túm
276582550,CƠM GẠO LỨT RONG BIỂN TÂN LỘC PHÁT,103000,103000,0,4.7,20,,,,,,,,,,cơm gạo lứt rong
275987482,Combo 6 Hộp Nước Trái Cây Vị Táo Picnic Maeil (200ml/hộp),79000,79000,0,5,1,,,,,,,,,,combo hộp nước trái cây
275489842,1 Bình bi giúp chim uống nước sạch sẽ (rất phù hợp cho Vẹt),17999,17999,0,4,1,,,,,,,,,,bình bi giúp chim uống
275452631,'Trái Dừa Nước Ngâm Đường Aroy-D 625g - Nhập Khẩu Thái Lan | Aroy-D Palm''s Seeds in Heavy Syrup 625g',119800,119800,0,0,0,,,,,,,,,,trái dừa nước ngâm đường
274839336,TÚI 10L - CÁT VỆ SINH - ĐẤT SÉT MIX THAN HOẠT TÍNH THƯƠNG HIỆU LAPAW CHO MÈO TÚI 10L - BAO BÌ MỚI,99000,99000,0,4.3,4,,,,,,,,,,túi l cát vệ sinh
263765299,Đặc Sản Bình Thuận  - [Ocop] Cá Bống Cắt Nướng Đầm Sen - 90G - Ocop 3 Sao,45000,45000,0,0,0,,,,,,,,,,đặc sản bình thuận cá bống cắt
252283614,Yến Mạch Nguyên Chất Ăn Liền Xuân An [ko đường] Hộp 800G(Tặng kèm 2 túi Yến Mạch 150g),125000,125000,0,5,5,,,,,,,,,,yến mạch nguyên chất ăn liền
252051816,Yến Mạch Nguyên Chất Ăn Liền Xuân An [ko đường] Túi 3Kg[cán vỡ](Giảm 20%),420000,420000,0,5,2,,,,,,,,,,yến mạch nguyên chất ăn liền
248106505,Trà Giảo Cổ Lam hộp 30 Túi Lọc x 3Gram của Siêu Thị Thiên Nhiên,43000,43000,0,0,0,,,,,,,,,,trà giảo cổ lam hộp túi
207376147,Chai Xịt Khử Mùi Chuồng Trại Cho Chó Mèo Thú Cưng FAY Deodor 350ml và 600ml,65000,65000,0,4.5,2,,,,,,,,,,chai xịt khử mùi
200521038,Rượu vang Tây Ban Nha Coleccion Garnacha không kèm túi và phụ kiện rượu,390000,390000,0,5,1,,,,,,,,,,rượu vang tây ban nha coleccion
197645733,Thức ăn cho mèo mọi lứa tuổi Catsrang,95000,95000,0,5,1,,,,,,,,,,thức ăn mèo lứa tuổi
193589687,Hạt Bí Trắng Rang Tay VIETTIN MART 500G,85000,85000,0,4.5,2,,,,,,,,,,hạt bí trắng rang tay
173391154,Cà Phê Hạt Strong Blend,478543,478543,0,5,3,,,,,,,,,,cà phê hạt strong
173299806,Sữa Tắm SOS Cho Chó Mèo,530,67000,67000,0,0,,,,,,,,,,sữa tắm sos chó
171944692,Giấm táo hữu cơ Bragg - Organic Apple Cider Vinegar,215000,215000,0,0,0,,,,,,,,,,giấm táo hữu cơ bragg organic
166088614,Combo 2 Đường Phèn Biên Hòa Pro 500 Gram/túi,73200,73200,0,5,3,,,,,,,,,,combo đường phèn biên hòa pro
164584842,MỨT GỪNG SẤY KHÔ (LÁT MỎNG) THÀNH LONG 500G,227000,227000,0,5,15,,,,,,,,,,mứt gừng sấy khô thành
164052141,HẠT BÍ RANG MUỐI - THÀNH LONG 500G - VIỆT NAM,216000,216000,0,0,0,,,,,,,,,,hạt bí rang muối thành
162195517,Xốt Gia Vị Hoàn Chỉnh Barona - Thịt Kho Tàu 80g,13400,13400,0,5,5,,,,,,,,,,xốt gia vị hoàn chỉnh barona
72302891,Gà Chà Bông Thơm Ngon Chất Lượng Thương Hiệu SK FOOD - Hũ 150G,70000,70000,0,4.6,69,,,,,,,,,,gà chà bông thơm ngon
52183799,Sốt gà hầm xương Hirokishoko Nhật Bản - 500g,215000,215000,0,5,34,,,,,,,,,,sốt gà hầm xương
46231905,200g hạt hạnh nhân,80000,80000,0,0,0,,,,,,,,,,hạt
44364149,Bánh Mì Gan Panettone Madi Italian Cake Nhập Khẩu Ý (1000g),399000,399000,0,4.7,217,,,,,,,,,,bánh mì gan panettone madi
43184557,Thức ăn hạt cho mèo Hàn Quốc Catsrang,60000,60000,0,4.6,20,,,,,,,,,,thức ăn hạt mèo hàn quốc
35848346,Cà Phê Rang Xay Expert Blend 3 KING COFFEE - Túi 500g,203500,236600,33100,4.7,51,,,,,,,,,,cà phê rang xay expert
27857250,Thức ăn hạt cho mèo mọi lứa tuổi CATSRANG,52000,52000,0,1,1,,,,,,,,,,thức ăn hạt mèo lứa
25412384,Thùng 24 Chai Nước Tăng Lực Có Gas Warrior Vị Nho (330ml x 24 chai),279600,300000,20400,4.8,109,,,,,,,,,,thùng chai nước tăng lực
16608355,Gừng Sấy Dẻo Sữa Ong Chúa Hương Sen Việt,35000,35000,0,4.5,76,,,,,,,,,,gừng sấy dẻo sữa
1718003,Bộ Huấn Luyện Mèo Đi Vệ Sinh Citikitty Kún Miu,150000,150000,0,0,0,,,,,,,,,,bộ huấn luyện mèo đi
278878607,Trung Nguyên Legend - Cà phê sữa hòa tan G7 3IN1 Gold - Picasso Latte và balo/túi BGN,80000,89175,9175,5,1,,,,,,,,,,trung nguyên legend cà phê sữa
278768347,Thùng 24 lon Bia Lager Huda (330ml/lon) - Độ cồn 4.7%,342000,342000,0,0,0,,,,,,,,,,thu ng bia lager
278574793,[ ĐƠN 399K TẶNG PHIN PHA CÀ PHÊ HIGHLANDS] Cà phê Rang xay Moka Highlands Coffee 200g,145000,145000,0,5,4,,,,,,,,,,cà phê rang xay moka
278530633,Vi sinh viên nén Sunsun Nitrifying Bacteria Tablet xử lý khử độc làm trong nước bể cá tép thủy sinh,27000,27000,0,0,0,,,,,,,,,,vi sinh viên nén sunsun nitrifying
278425135,Thùng 48 hộp sữa đậu nành cao canxi Vinamilk 180ml,171000,249000,78000,0,0,,,,,,,,,,thùng hộp sữa đậu nành cao canxi
277570655,[TẶNG GỐI] Thùng 48 Hộp Sữa Nestlé MILO A2 MỚI  (180ml / Hộp),343000,478000,135000,4.8,5,,,,,,,,,,thùng hộp sữa nestlé
276432511,Hộp 10 gói Xốt gia vị nền Maggi Kho mía,109000,200000,91000,0,0,,,,,,,,,,hộp gói xốt gia vị
276282150,Bóng Đồ Chơi Bóng Cao Su Cho Chó Hình Quả Tạ Kèm Dây Thừng,39000,39000,0,0,0,,,,,,,,,,bóng đồ chơi bóng cao su
273188835,Thùng 48 hộp Sữa lúa mạch hương socola LOF MALTO 180ml/hộp,305000,468000,163000,4.8,11,,,,,,,,,,thùng hộp sữa lúa
273123104,Thùng 12 Sữa tươi tiệt trùng Không đường Vinamilk Green Farm - hộp 1L,450000,557000,107000,5,4,,,,,,,,,,thùng sữa tươi tiệt trùng
271413523,Thùng 24 Lon Nước Uống Có Gaz 7Up Soda Chanh (320ml/lon),238800,274620,35820,5,6,,,,,,,,,,thùng lon nước uống
252004018,Đậu Xanh Đã Bóc Vỏ Viettin Mart 1Kg,85000,85000,0,4,1,,,,,,,,,,đậu xanh bóc vỏ
209297479,COMBO 5 Gói Thức Ăn Hạt Cho Mèo Con Và Mèo Lớn Vị Cá Ngừ Minino Tuna Flavored 480g,199000,199000,0,5,1,,,,,,,,,,combo gói thức ăn hạt
207564326,(COMBO 2 HỘP) GỪNG SẤY DẺO SỮA ONG CHÚA HỘP 90G - HƯƠNG SEN VIỆT,150000,150000,0,4.5,2,,,,,,,,,,gừng sấy dẻo sữa
185788111,RONG NHO TÁCH NƯỚC HẢI NAM OKINAWA,79000,79000,0,0,0,,,,,,,,,,rong nho tách nước
174247255,Trung Nguyên Legend - Cà phê hòa tan G7 3in1 - Bịch 50 sachets x 16gr (gói vuông),196937,196937,0,5,184,,,,,,,,,,trung nguyên legend cà phê hòa
169920670,Combo 2 Đường túi Pure Biên Hòa 1kg/túi,67000,67000,0,5,4,,,,,,,,,,combo đường túi pure
169920570,Combo 2 Đường ăn kiêng Isomalt 5g (hộp 250g)/Hộp,127600,127600,0,5,1,,,,,,,,,,combo đường ăn kiêng isomalt
166498708,Đặc Sản Kon Tum - 500g Khổ qua rừng nguyên trái hỗ trợ tiểu đường hiệu quả - OCOP 3 Sao,244000,244000,0,5,10,,,,,,,,,,đặc sản kon tum khổ qua rừng
146932980,Sữa Tắm Dành Riêng Cho Chó Mèo OLIVE ESSENCE 450ml,65000,65000,0,0,0,,,,,,,,,,sữa tắm dành riêng
138143434,Quế Thanh Doispice đặc sản Yên Bái 25g,25000,25000,0,4.8,13,,,,,,,,,,quế thanh doispice đặc sản
116143710,Trần Bì (Vỏ quýt sấy đường) Thơm Ngon DTFood,49000,49000,0,4.8,17,,,,,,,,,,trần bì thơm ngon
109837393,Xốt Gia Vị Hoàn Chỉnh Barona - Kho Riềng 80g,13400,13400,0,4.8,6,,,,,,,,,,xốt gia vị hoàn chỉnh barona
98769720,COMBO 2 gói Trà ổi nguyên chất Orihiro,276000,276000,0,0,0,,,,,,,,,,combo gói trà ổi
74857009,Bột đậu gà chưa rang 250g,31000,31000,0,5,1,,,,,,,,,,bột đậu gà rang
74556429,SHIN Cà Phê - Espresso Classico 1Kg Hạt - Cà Phê Nguyên Chất Pha Máy,505000,505000,0,4,2,,,,,,,,,,shin cà phê espresso
59505583,Nho Khô Nhập Khẩu Cao Cấp Thương Hiệu SK FOOD - 1Kg 2 Hũ,220000,220000,0,4.5,187,,,,,,,,,,nho khô nhập khẩu cao cấp
59178438,Trung Nguyên Legend - Cà phê sữa hòa tan G7 3in1 gu mạnh - Hộp 12 gói x 25gr,72000,77806,5806,5,143,,,,,,,,,,trung nguyên legend cà phê sữa
55606287,ĐẬU HÀ LAN MUỐI SẤY GIÒN NGON HIỆU SK FOOD - HŨ 500G,80000,80000,0,4.7,25,,,,,,,,,,đâ
49470027,Thùng Mì Cung Đình Kool BBQ Sườn Nướng Kiểu Hàn Quốc (99g x 12 hộp),173000,187000,14000,4.6,9,,,,,,,,,,thùng mì cung đình kool
23367766,(Bộ) Dây dắt chó police phản quang - dây dắt kèm yếm đai yên ngựa cho chó cảnh sát gồm dây dắt và đai yếm Màu ngẫu nhiên,89000,89000,0,4.5,26,,,,,,,,,,dây dắt chó police
12542975,Đặc Sản Bến Tre - Nước Màu Dừa Bến Tre A Tuấn Khang (120G) - Ocop 4 Sao,20000,20000,0,4.7,7,,,,,,,,,,đặc sản bến tre nước
2868893,Kéo cắt móng cho chó mèo nhỏ,15000,15000,0,5,2,,,,,,,,,,kéo cắt móng chó
278692209,Cozy Icetea Đào 16 gói x 15g Hộp,48000,48000,0,0,0,,,,,,,,,,cozy icetea đào gói
278678943,Trung Nguyên Legend - Cà phê sữa hoà tan rang xay 3in1 Classic - Bịch 50 gói x 17gr,223000,223000,0,5,6,,,,,,,,,,trung nguyên legend cà phê sữa
278678863,Trung Nguyên Legend - Cà phê sữa hoà tan rang xay 3in1 Special Edition - Hộp 18 gói x 25gr,156000,156000,0,5,2,,,,,,,,,,trung nguyên legend cà phê sữa
278520106,Xoài Sấy Dẻo Muối Ớt Tân Lộc Phát Túi 50g Trái Cây Sấy Dẻo Yêu Thích,47000,47000,0,0,0,,,,,,,,,,xoài sấy dẻo muối
277250975,Rượu Chuối hột Phú Lễ 26 %vol,120000,120000,0,5,1,,,,,,,,,,rượu chuối hột phú lễ
276578651,NHO VÀNG SẤY KHÔ TÂN LỘC PHÁT,137000,137000,0,4.5,51,,,,,,,,,,nho vàng sấy khô tân lộc
276138356,Cà phê viên nén Nespresso - Carraro Single Origin - Hộp 10 viên - Nhập khẩu chính hãng từ Ý,118800,118800,0,0,0,,,,,,,,,,ca phê viên ne n
275645086,Thùng 48 Hộp Sữa Tươi Tiệt Trùng Dutch Lady Cô Gái Hà Lan ít đường 180ml,450000,552000,102000,5,7,,,,,,,,,,thùng hộp sữa tươi tiệt
273821835,Thùng 6 Lốc Mì Rong Biển vị Ngao Koreno (5 gói/Lốc),300000,337451,37451,3,2,,,,,,,,,,thùng lốc mì rong
273377992,Thùng 30 Gói Mì 3 Miền Bò Sợi Phở 65g,113400,124740,11340,5,11,,,,,,,,,,thùng gói mì miền
272455172,Đậu nành lên men Natto Nhật bản 45g x 3 khay,59000,59000,0,4.6,13,,,,,,,,,,đậu nành lên men natto nhật bản
214731700,Vi Sinh Làm Trong Nước  Bể Cá Extrabio 125ml 250ml 500ml 1000ml,55000,55000,0,4.5,10,,,,,,,,,,vi sinh làm nước bể
196856218,Hạt Dưa Thái Sơn không nhuộm màu rang củi ngon đặc biệt bì vàng 500g HD0.5MV,110000,110000,0,4.8,6,,,,,,,,,,hạt dưa thái sơn nhuộm
190701491,Cà Phê Cold Brew Arabica Cầu Đất DalatFarm - Túi 125 g,150000,150000,0,4.8,41,,,,,,,,,,cà phê cold brew arabica
177336104,Thùng Veyo Sữa hạt lên men tự nhiên Vị Cam Yuzu (30hộp x 180ml),189000,245000,56000,4.8,103,,,,,,,,,,thùng veyo sữa hạt
157600763,Trung Nguyên Legend - Cà phê hoà tan rang xay 3in1 Classic - Hộp 21 gói x 17gr,89000,95872,6872,5,76,,,,,,,,,,trung nguyên legend cà phê hòa
142310107,Cà Phê Arabica Cầu Đất Rang Mộc DalatFarm - Hộp 250Gr,200000,200000,0,4.8,68,,,,,,,,,,cà phê arabica cầu đất
93853774,Thùng 24 Lon Nước Uống Có Gaz Pepsi Không Calo (320ml/Lon),266400,306360,39960,4.6,1268,,,,,,,,,,thùng lon nước uống
84795551,Nhân Óc Chó Mỹ Sấy Không Muối LAFOOCO 300g Unsalted walnuts,153000,153000,0,4.7,33,,,,,,,,,,nhân óc chó mỹ sấy muối
75017793,Rượu vang trắng Chateau Grand Plantey 750ml 11% - 13% Không hộp,300000,389000,89000,4.3,4,,,,,,,,,,rượu vang trắng chateau
68841415,Thùng 48 hộp Sữa Dinh Dưỡng Dutch Lady OmegaSmart Ít Đường 180 ml,455000,550000,95000,4.8,638,,,,,,,,,,thùng hộp sữa dinh dưỡng
66924608,Rượu Vang Trắng Ladofoods Cantinetta - Vino Bianco Italiano - 750 ml 12% - Không kèm hộp,123000,152000,29000,5,8,,,,,,,,,,rượu vang trắng ladofoods
63853077,Miến Khang Phúc 100g (1 thùng gồm 20 gói),281000,281000,0,4.8,5,,,,,,,,,,miến
59202545,Xí muội ngọt - Vị chua ngọt - Ô Mai Đào Không Hạt 500gr),75000,75000,0,5,3,,,,,,,,,,xí muội ngọt vị chua ngọt
51571008,Trà kỷ tử - Câu kỷ tử - Loại cao cấp (500gr),154000,154000,0,4.7,194,,,,,,,,,,trà kỷ tử câu kỷ tử
45803948,Đặc sản Sóc Trăng - Gạo Thơm ST25 Túi 5Kg - Đạt Giải Gạo Ngon Nhất Thế Giới Năm 2019 tại Manila - OCOP 4 Sao,250000,250000,0,4.8,1061,,,,,,,,,,đặc sản sóc trăng gạo thơm st
21192290,Thùng 48 hộp Sữa đậu nành Vinamilk hạt hạnh nhân 180ml,299000,395000,96000,5,8,,,,,,,,,,thùng hộp sữa đậu nành vinamilk
13409543,Thùng 48 hộp thức uống lúa mạch hương vị socola Ovaltine 110ml,213000,232632,19632,5,8,,,,,,,,,,thùng hộp thức uống lúa mạch
13409520,Thùng 48 Hộp Sữa Uống Dutch Lady Cô Gái Hà Lan Có Đường Cao Khỏe (48X170ml),387000,470000,83000,4.8,582,,,,,,,,,,thùng hộp sữa uống
2783847,Thùng 48 Hộp Sữa Uống Tiệt Trùng Dutch Lady Socola (180ml/Hộp),380000,390096,10096,4.6,19,,,,,,,,,,thùng hộp sữa uống
2783845,Thùng 48 hộp thức uống lúa mạch hương vị socola Ovaltine 180ml,366120,366120,0,5,1,,,,,,,,,,thùng hộp thức uống lúa mạch
2075293,Mì Trứng Cao Cấp Meizan (500g),50000,50000,0,4.5,13,,,,,,,,,,mì trứng cao cấp
646085,Đồ Ăn Cho Chó Vị Thịt Bò Và Rau Củ Pedigree (3Kg),206000,250000,44000,4.5,58,,,,,,,,,,đồ ăn chó thịt bò
566902,Hạt Nêm Aji-ngon Heo 900g,73000,90000,17000,5,46,,,,,,,,,,hạt nêm aji ngon
537502,Thùng 24 Ly Mì Khoai Tây Cung Đình Hương Vị Cua Bể Rau Răm (65g/Ly),212000,226000,14000,5,6,,,,,,,,,,thùng ly mì khoai tây cung đình
278768376,Thùng 24 lon Bia Lager Tuborg Ice (330ml/lon) - Độ cồn 4.3%,388000,388000,0,0,0,,,,,,,,,,thu ng bia lager
278756964,Thùng 50 chai Nước tăng lực Red Bull Blue với Vitamin B12 150ml,517320,675000,157680,0,0,,,,,,,,,,thùng chai nước tăng lực
278693059,Cozy Trà Cozy túi lọc Hương Nhài 25 túi x 2g Hộp,55000,55000,0,0,0,,,,,,,,,,cozy trà cozy túi
278692219,Cozy Trà Cozy túi lọc Hương Sen 25 túi x 2g Hộp,55000,55000,0,0,0,,,,,,,,,,cozy trà cozy túi
278683157,Thùng 48 Hộp Thức Uống Sữa Trái Cây Có Thạch NuVi Hương Nho 170ml,339000,407000,68000,5,1,,,,,,,,,,thùng hộp thức uống sữa
277587020,Bộ hút cặn thay nước bể DIY bóp tay vệ sinh hồ cá tép cảnh thủy sinh,29000,29000,0,5,3,,,,,,,,,,bộ hút cặn thay
277316388,Kẹo Dẻo Vị Cam Bổ Sung Vitamin và Lợi Khuẩn Genki Fami Nhật Bản Gói 28 Cái,96000,132000,36000,0,0,,,,,,,,,,kẹo dẻo vị cam bổ sung
276160362,Cà Phê Arabica Nguyên Chất Đất Cà Phê 500g | Pure Arabica Coffee Cầu Đất Đà Lạt - Gu Thanh Nhẹ,199000,305000,106000,5,1,,,,,,,,,,cà phê arabica nguyên chất đất
276036910,LẠP XƯỞNG TÔM ÍT MỠ THƠM NGON HIỆU TÂN LỘC PHÁT,212000,212000,0,4.6,426,,,,,,,,,,lạp xưởng tôm ít mỡ
275172233,Canh Gà Lá Giang Ăn Liền ISOUP 72g 06 Viên - Viên Canh Ăn Liền Sấy Thăng Hoa,68000,68000,0,5,8,,,,,,,,,,canh gà lá giang ăn liền
274682742,Cà Phê Sữa PLUS Hòa Tan 3IN1 KING COFFEE – Túi 50 gói x 20g,226380,269500,43120,4.8,8,,,,,,,,,,cà phê sữa plus hòa
271820222,MỨT GỪNG HUẾ SẤY KHÔ  (LÁT MỎNG) THÀNH LONG 200G,125000,125000,0,5,2,,,,,,,,,,mứt gừng huê sấy khô
252565847,Rượu Gạo Lúa Thơm Bình Tây 35% - 2 Lít,175000,175000,0,4.8,8,,,,,,,,,,rượu gạo lúa thơm
249973366,Quả kỉ tử khô Heritage Thái Lan Gói 500g,69000,69000,0,4.7,117,,,,,,,,,,quả kỉ tử khô heritage thái lan
201965540,COMBO 5 Gói Thức Ăn Hạt Cho Mèo Trưởng Thành Từ Thái Lan Zoi Cat 1kg - YonaPetshop,65000,65000,0,5,10,,,,,,,,,,combo gói thức ăn hạt
200989314,Trà cỏ mực đậu đen túi lọc Goce - Bổ thận mát gan,90000,90000,0,4.8,47,,,,,,,,,,trà cỏ mực đậu
200985404,Trà gạo lứt đậu đen túi lọc Goce - Ổn định đường huyết,79000,79000,0,4.7,6,,,,,,,,,,trà gạo lứt đậu
192799760,'[Ăn Liền] Nhãn Ngâm Nước Đường Đóng Lon 565g we''natur',59150,59150,0,0,0,,,,,,,,,,nhãn ngâm nước đường
155890433,Hạt Điều Rang Muối Bình Phước Nguyên Hạt Size A Cồ - Hàng Loại 1 ( 01 kg-2 hộp),279900,279900,0,4.7,45,,,,,,,,,,hạt điều rang muối
72300704,Hạt Macca Nứt Vỏ Nhập Khẩu Bổ Dưỡng Thương Hiệu SK FOOD - Hũ 300G,120000,120000,0,4.6,11,,,,,,,,,,hạt macca nứt vỏ
69658825,CÀ PHÊ HẠT 100% ARABICA RANG MỘC HEMERA COFFEE 454GR,158000,158000,0,5,2,,,,,,,,,,cà phê hạt arabica rang
61900723,Combo Táo đỏ - Kỷ tử - Long nhãn -  Hoa cúc - Mỗi hủ 200gr,261000,261000,0,5,2,,,,,,,,,,combo táo đỏ kỷ tử long
57695989,Cà phê bột truyền thống số 1 (500gr) Coffee Tree 100% nguyên chất gu đậm hương nhẹ,255600,255600,0,4.8,104,,,,,,,,,,cà phê bột truyền thống số
55470777,Viên hà thủ ô mật ong - Hủ 500g,95000,95000,0,5,1,,,,,,,,,,hà thủ ô mật ong
51571077,200gr Trà kỷ tử - Câu kỷ tử - Loại cao cấp,82000,82000,0,4.6,288,,,,,,,,,,r trà kỷ tử câu
534726,Thùng 24 Gói Miến Gói Phú Hương Hương Vị Sườn Heo Acecook,286000,300000,14000,5,10,,,,,,,,,,thùng gói miến gói phú hương
483313,Dầu Mè Thơm Hảo Hạng Meizan 250ml,52000,60000,8000,5,47,,,,,,,,,,dầu mè thơm hảo hạng
437763,Ngũ cốc ăn sáng KOKO KRUNCH DUO (Hộp 300g),105000,110000,5000,5,136,,,,,,,,,,ngũ cốc ăn sáng krunch
278957884,Hộp quà Giàu có,696000,696000,0,0,0,,,,,,,,,,hộp quà giàu có
278672473,Thùng 48 hộp sữa tươi tiệt trùng TH True Milk  hương dâu tự nhiên 110ml,330000,359000,29000,5,1,,,,,,,,,,thùng hộp sữa tươi tiệt
278603722,Thùng Sữa Đậu Nành Nutimilk Nguyên Chất 200ml (Bịch 200ml x 36) - Bổ Sung Dinh Dưỡng Từ Hạt Đậu Nành,172000,226000,54000,0,0,,,,,,,,,,thùng sữa đậu nành nutimilk nguyên chất
278423680,Thùng 48 hộp sữa dinh dưỡng socola Vinamilk ADM 110ml,160000,264000,104000,0,0,,,,,,,,,,thùng hộp sữa dinh dưỡng
278423604,Thùng 48 hộp sữa dinh dưỡng socola Vinamilk ADM 180ml,275000,420000,145000,0,0,,,,,,,,,,thùng hộp sữa dinh dưỡng
278059402,Thùng Sữa Đậu Nành Vinasoy Famigo Đậu Xanh Gạo Đỏ (200ml x 36 Hộp),164000,211000,47000,0,0,,,,,,,,,,thùng sữa đậu nành vinasoy famigo
277921667,Gạo Vinh Hiển Khổng Tước Nguyên 5kg,125000,159000,34000,4.8,4,,,,,,,,,,gạo vinh hiển khổng tước
276273176,Đồ Chơi Cần Câu Cho Mèo Nhiều Mẫu,25000,25000,0,5,6,,,,,,,,,,đồ chơi cần câu mèo nhiều
275014291,Mật Ong Hoa Cà Phê 1000ml | 100% Mật Ong Nguyên Chất TLP,147000,147000,0,4,1,,,,,,,,,,mật ong hoa cà phê mật ong
274707358,Trà cà gai leo túi lọc Goce - Tốt cho gan và xương khớp,95000,95000,0,4,1,,,,,,,,,,trà cà gai leo túi lọc
273135909,Bánh Gấu Nhân Kem VIETTIN MART 250g,70000,70000,0,0,0,,,,,,,,,,bánh gấu nhân kem viettin
252564076,[TOP SALE] TỔ YẾN CHƯNG ĐÔNG TRÙNG HẠ THẢO 100% Tổ Yến Thật (Hàm Lượng 30%) (6 Lọ X 70ML) - Đệ Nhất Yến Đảo - Giảm Stress - Giảm Mệt Mỏi - Đẹp Da - Đẩy Lùi Lão Hóa - Điều Hòa Đường Huyết - Ổn Định Huyết Áp - Tăng Sức Đề Kháng - Tăng Sức Đề Kháng,370500,390000,19500,5,20,,,,,,,,,,tổ yến chưng đông trùng
205716114,'Cà Phê Robusta B''Lao Farm Cà Phê Nguyên Chất Dành Cho Pha Phin Và Pha Máy Gu Truyền Thống Đắng Đậm Thơm C1',47087,47087,0,5,7,,,,,,,,,,cà phê robusta b lao
193588640,Bánh phồng sữa cốt dừa Thanh Long-Bến Tre (bịch 10c),36100,36100,0,5,2,,,,,,,,,,bánh phồng sữa cốt dừa
191620128,Tã Lót Chuồng Miếng Lót Vệ Sinh Cho Chó Mèo Siêu Thấm Hút Dono,59000,59000,0,5,4,,,,,,,,,,tã lót chuồng lót
177336106,Thùng Veyo Sữa hạt lên men tự nhiên Vị Đào Tiên Nhật (30hộp x 180ml),189000,245000,56000,4.8,105,,,,,,,,,,thùng veyo sữa hạt
169920537,[Bao Bì Tết] Combo 2 Đường mía thiên nhiên Biên Hòa 1kg,73200,73200,0,4.8,6,,,,,,,,,,combo đường mía thiên nhiên
142312193,Bột Matcha Trà Xanh Dalat Farm - Hộp 110Gr,170000,170000,0,4.8,86,,,,,,,,,,bột matcha trà xanh
114809879,Dầu hào MAGGI chai 820g,55000,70000,15000,5,127,,,,,,,,,,dầu hào maggi chai
91076575,Hạt điều Wasabi hủ 400g LAFOOCO,224000,224000,0,4.5,19,,,,,,,,,,hạt điều wasabi hủ
77060395,500Gr Yến mạch tươi nguyên chất Hafer Flocken loại cán dẹt - Nhập Khẩu Từ Đức,56500,56500,0,5,15,,,,,,,,,,r yê n ma ch
57345340,Bột Cacao Đắk Lắk nguyên chất 100% - Hủ 500g,139000,139000,0,5,6,,,,,,,,,,bột cacao đắk lắk
56172178,Trà kỷ tử - Câu kỷ tử - Loại cao cấp - Gói 100gr,42000,42000,0,4.6,80,,,,,,,,,,trà kỷ tử câu kỷ tử
52632483,Cà Phê Rang Xay Expert Blend 1 KING COFFEE - Túi 500g,110000,127800,17800,4.8,105,,,,,,,,,,cà phê rang xay expert
51713344,Trung Nguyên Legend - Cà phê hòa tan G7 3in1 - Hộp 18 sticks x 16gr (gói dài),72000,79061,7061,4.8,62,,,,,,,,,,trung nguyên legend cà phê hòa
49375113,200gr Trà nụ hoa tam thất - Cao Cấp,199000,199000,0,4.5,2,,,,,,,,,,r trà hoa tam thất
46786925,Chocolate Meiji Meltykiss vị Socola 56gr,119000,119000,0,5,1,,,,,,,,,,chocolate meiji meltykiss vị socola
6008303,Thùng Phở Gà Hà Nội Micoem Cung Đình (30 Gói),269000,285000,16000,4.1,17,,,,,,,,,,thùng phở gà hà nội
3170593,Bột ngũ cốc Damtuh Hàn Quốc 900g hộp 50 gói-PP,269000,269000,0,5,15,,,,,,,,,,bột ngũ cốc damtuh hàn quốc
1692537,Thùng 12 Hộp Nước Dừa Cocoxim Sen (330ml x12 Hộp),217800,217800,0,5,145,,,,,,,,,,thùng hộp nước dừa
658751,Đồ Ăn Cho Chó Con Vị Gà Và Trứng Pedigree (8kg),536000,702000,166000,4.8,25,,,,,,,,,,đồ ăn chó con gà
278693066,Cozy Icetea Dâu 16 gói x 15g Hộp,48000,48000,0,0,0,,,,,,,,,,cozy icetea dâu gói x
278672462,Thùng 48 hộp sữa tươi tiệt trùng TH True Milk  có đường 110ml,330000,359000,29000,0,0,,,,,,,,,,thùng hộp sữa tươi tiệt
278424347,Thùng 48 bịch Sữa tươi tiệt trùng ít đường Vinamilk 100% Sữa tươi 220ml,439000,476000,37000,0,0,,,,,,,,,,thùng bịch sữa tươi tiệt
276585115,[Thùng 30 lon] Nước Yến sào Sanvinest Khánh Hòa đóng lon – S121T30,302000,302000,0,0,0,,,,,,,,,,nước yến sào sanvinest khánh hòa
276581378,ĐẬU PHỘNG CỐT DỪA SẤY GIÒN TÂN LỘC PHÁT,93000,93000,0,4.5,32,,,,,,,,,,đậu phộng cốt dừa sấy giòn tân
276566850,KHÔ GÀ LÁ CHANH TÂN LỘC PHÁT HŨ 500G - HŨ 500G,223000,223000,0,4.7,37,,,,,,,,,,khô gà lá chanh tân lộc
276393099,Bánh bông lan Hura Layer Cake Bibica 210g,40846,40846,0,0,0,,,,,,,,,,bánh bông lan hura
276380304,Hạt diêm mạch (quinoa) trắng Sức Khỏe Xanh - Nhập khẩu Tây Ban Nha chính hãng,88000,88000,0,0,0,,,,,,,,,,hạt diêm mạch trắng sức khỏe
276031465,KHÔ BÒ MIẾNG SIÊU CAY TÂN LỘC PHÁT,138000,138000,0,0,0,,,,,,,,,,khô bò siêu cay tân lộc
275385704,Hạt ngũ cốc cho cu gáy đầy đủ chất dinh dưỡng,24999,24999,0,4,2,,,,,,,,,,hạt ngũ cốc cu gáy đầy đủ
262660785,Trà Nụ Hoa Hồng DalatFarm - Hộp 100 g,125000,125000,0,5,10,,,,,,,,,,trà hoa hồng dalatfarm hộp
261800670,Combo Best Seller 4 Túi Canh I-Soup Thuần Chay,232000,232000,0,4.8,6,,,,,,,,,,combo best seller túi
253397725,Canh Cải Chua Nấu Thịt Ăn Liền I-Soup 78g 06 viên,68000,68000,0,5,10,,,,,,,,,,canh cải chua nấu thịt
249203167,Bột cacao nguyên chất không đường - Gu đậm đà chuẩn vị ca cao - CACAOMI Premium loại xuất khẩu 500g,279000,279000,0,5,6,,,,,,,,,,bột cacao nguyên chất đường
214595508,Wonder Cats - Thức ăn hạt CHO MÈO MỌI LỨA TUỔI loại 1kg/5kg,115000,115000,0,5,2,,,,,,,,,,wonder cats thức ăn hạt
193394160,Thạch trái cây Orihiro Nhật Bản cho bé gói lớn 240g ( 20gx12) - Chanh & coca,59000,59000,0,0,0,,,,,,,,,,thạch trái cây orihiro nhật bản
171942920,cát vệ sinh cho mèo  đậu nành acropet trà xanh,125000,125000,0,5,1,,,,,,,,,,cát vệ sinh mèo đậu nành
141774944,Đinh Hương Tự Nhiên Vipep Hũ Nhựa 40g,50000,50000,0,5,23,,,,,,,,,,đinh hương tự nhiên vipep hũ
141650997,Hạt Óc chó đỏ  (bịch 500gr),170000,170000,0,5,1,,,,,,,,,,hạt óc chó đỏ
134809041,Thùng 24 Hộp Sữa Bắp Non LOF 180ml/hộp,190000,245000,55000,5,16,,,,,,,,,,thùng hộp sữa bắp
95586655,Trà Sen Dalatfarm - Túi 150Gr,60000,60000,0,4.8,179,,,,,,,,,,trà sen dalatfarm túi
77730641,Thùng 48 hộp Sữa Tươi Tiệt Trùng Vinamilk Green Farm có đường 180ml,397000,529000,132000,4.8,43,,,,,,,,,,thùng hộp sữa tươi tiệt
61994470,Combo Táo đỏ - Kỷ tử - Mỗi hủ 200gr,132000,132000,0,3,2,,,,,,,,,,combo táo đỏ kỷ tử hủ
54123492,Muối Hồng Himalaya Nguyên Hạt Cối Xay Vipep Hũ Thủy Tinh 120g,48900,48900,0,4.6,18,,,,,,,,,,muối hồng himalaya hạt
35848360,Cà Phê và Bột Kem Không Sữa 2IN1 KING COFFEE - Hộp 15 gói x 10g,47300,54900,7600,4.6,44,,,,,,,,,,cà phê bột kem sữa
33388334,Xịt Xua Đuổi Vật Nuôi Fay Repell chống chó mèo cắn phá đồ,125600,125600,0,4.1,63,,,,,,,,,,xịt xua đuổi vật nuôi fay
20648424,Thùng 48 Hộp Sữa Trái Cây Hương Dâu KUN 110ml/hộp,210000,262000,52000,5,7,,,,,,,,,,thùng hộp sữa trái cây
20017354,Bột Ca Cao Nguyên Chất CacaoMi Original (loại Standard) - 500g,250000,250000,0,4.8,15,,,,,,,,,,bột ca cao nguyên chất
1820321,Bột ngũ cốc dinh dưỡng Calsome hương Sô cô la,67500,75000,7500,4.8,189,,,,,,,,,,bột ngũ cốc dinh dưỡng calsome
278693048,Cozy Icetea Bí Đao  400gr Túi,77000,77000,0,0,0,,,,,,,,,,cozy icetea bí đao r
278582377,Lốc 3 hộp Sữa hạt Macca Nguyên chất 137 DEGREES 180ml,97000,142000,45000,0,0,,,,,,,,,,lốc hộp sữa hạt
278524589,KỀM CẮT MÓNG CỠ LỚN KÈM DŨA KHÔNG GỈ DÀNH CHO CHÓ MÈO,50000,50000,0,0,0,,,,,,,,,,kềm cắt móng cỡ
278495911,Thùng Veyo Sữa hạt SMARTY Yến mạch - Óc chó vị sữa (30hộp x 180ml),307000,307000,0,5,1,,,,,,,,,,thùng veyo sữa hạt
278295728,Combo 2 Túi Đường Biên Hòa Joy Stick  6G (Túi 300G)/túi,45400,45400,0,0,0,,,,,,,,,,combo túi đường biên hòa
278240223,Hoa cúc vàng nguyên bông ( Trà hoa cúc vàng) - Sản phẩm hữu cơ tự nhiên,79000,79000,0,5,1,,,,,,,,,,hoa cúc vàng nguyên bông sản phẩm
276414252,Tã Lót Chuồng Miếng Lót Vệ Sinh Dono Cho Chó Mèo Siêu Thấm Hút,160000,160000,0,0,0,,,,,,,,,,tã lót chuồng lót
276167970,Rọ Mõm Cho Chó Chất Liệu Da Cao Cấp Dày 2 Lớp Chắc Chắn An Toàn Chó Thú Cưng,39000,39000,0,4,1,,,,,,,,,,rọ mõm chó chất liệu da
275966431,Hạt Bobo (Cao lương) đỏ Sức Khỏe Xanh,500,22000,22000,0,5,,,,,,,,,,hạt bobo đỏ sức khỏe
275172214,Canh Rau Tập Tàng Nấm Rơm Ăn Liền ISOUP 35g 05 Viên - Viên Canh Ăn Liền Sấy Thăng Hoa,58000,58000,0,5,8,,,,,,,,,,canh rau tập tàng nấm
273821869,Thùng 24 Gói Mì vị Tôm Koreno 100g,280000,311501,31501,4.5,4,,,,,,,,,,thùng gói mì vị tôm
253393399,Vị Dân thượng hạng 375ml,68000,68000,0,0,0,,,,,,,,,,dân
249693272,Rượu Nếp Mới Vodka 30%V - 500ml,79000,79000,0,5,5,,,,,,,,,,rượu nếp vodka
249203204,Bột ca cao nguyên chất không đường Cacao Mi dòng Premium vị đậm đà làm bánh pha thức uống sô cô la trà sữa - 1kg,555000,555000,0,4.8,5,,,,,,,,,,bột ca cao nguyên chất
216235405,Trà cà gai leo túi lọc cà dây leo của siêu thị thiên nhiên,43000,43000,0,4.6,11,,,,,,,,,,trà cà gai leo túi lọc
184432853,Bột cải xoăn Kale nguyên chất Goce - 60g (20 gói x 3g),220000,220000,0,5,4,,,,,,,,,,bột cải xoăn kale nguyên chất
184430849,Bột lá mơ nguyên chất Goce - 60g (20 gói x 3g),195000,195000,0,5,8,,,,,,,,,,bột lá mơ nguyên chất
181114319,Trà Sen Dalatfarm - Túi 110Gr,70000,70000,0,5,20,,,,,,,,,,trà sen dalatfarm túi
169920524,COMBO 3 ĐƯỜNG ORGANIC BIÊN HÒA TÚI 400GR/túi,120600,120600,0,5,6,,,,,,,,,,combo đường organic biên hòa
141651139,Chà là sấy khô nguyên cành Tunisia (hộp 250gr),120000,120000,0,5,1,,,,,,,,,,chà là sấy khô nguyên cành
94901052,'Nước Yến Sào win''sNest Đường Phèn (6 lọ x 70 ml/ Lốc)',290000,290000,0,4.8,497,,,,,,,,,,nước yến sào win snest
67827561,Sữa bột Wincofood Goldcare Gain: thích hợp cho mọi đối tượng và trẻ từ 1 tuổi trở lên giúp tăng cân và tăng cường thể lực,369000,369000,0,4.7,156,,,,,,,,,,sữa bột wincofood goldcare
59322626,Cà Phê Nguyên Chất Baka - Culi (Bì 500g),160000,160000,0,4.8,19,,,,,,,,,,cà phê nguyên chất baka
53445627,RONG BIỂN CHÁY TỎI CAO CẤP - HŨ 100G TLP,90000,90000,0,4.5,88,,,,,,,,,,rong biển cháy tỏi
28265941,]2kg] Thức ăn hạt cho mèo mọi lứa tuổi Catsrang dạng Hộp,225000,225000,0,4.3,3,,,,,,,,,,kg thức ăn hạt mèo
16685808,'Yến Sào cao cấp win''snest Tổ Yến Chưng Sẵn Không Đường 20% (6 Lọ/Hộp) thích hợp cho mọi đối tượng đặc biệt là người ăn kiêng và tiểu đường.',385000,385000,0,4.8,175,,,,,,,,,,yến sào cao cấp win snest
1692539,Thùng 12 Hộp Nước Dừa Cocoxim Tắc (330ml x12 Hộp),180000,180000,0,5,117,,,,,,,,,,thùng hộp nước dừa
1082632,Trà Râu Mèo Lợi Tiểu Nguyên Thái Trang (2g x 50 Gói),70000,70000,0,4.5,4,,,,,,,,,,trà râu mèo lợi tiểu nguyên
658774,Đồ Ăn Cho Mèo Vị Cá Biển Whiskas Dạng Bao (7kg),645000,907000,262000,5,69,,,,,,,,,,đồ ăn mèo vị cá biển
278865640,Dầu Oliu Nguyên Chất Thượng Hạng Oleum Crete,160000,160000,0,0,0,,,,,,,,,,dầu oliu nguyên chất thượng hạng
278672141,Thùng 48 hộp sữa tươi tiệt trùng TH True Milk  nguyên chất 180ml,529000,540000,11000,0,0,,,,,,,,,,thùng hộp sữa tươi tiệt
278583297,Sữa hạt Macca Nguyên chất 137 DEGREES 1000ml,145000,200000,55000,5,1,,,,,,,,,,sữa hạt macca nguyên chất
278134895,Thùng 48 Chai x 80ml Sữa Chua Uống Vinamilk Susu Hương Việt Quất Chuối,183000,230000,47000,5,7,,,,,,,,,,thùng chai x sữa
277378836,Combo 3 Kẹo Mềm Sumika Sữa Bibica 70g,25875,28750,2875,5,2,,,,,,,,,,combo kẹo mềm sumika
277326326,Trà Lá Bạc Hà Hộp 30 Túi Lọc Của Siêu Thị Thiên Nhiên,40000,40000,0,5,1,,,,,,,,,,trà lá bạc hà hộp
276427908,Bia Hà Nội phiên bản Tết 2026 - Thùng 24 lon 330ml,338000,338000,0,5,3,,,,,,,,,,bia hà nội phiên bản tết
276380412,Hạt diêm mạch (quinoa) đen Sức Khỏe Xanh - Nhập khẩu Peru Nam Mỹ chính hãng,53000,53000,0,5,1,,,,,,,,,,hạt diêm mạch đen sức khỏe
276105392,Tã Lót Chuồng Miếng Lót Vệ Sinh Chó Mèo Thấm Hút Siêu Nhanh - Yonapets,127500,127500,0,4,2,,,,,,,,,,tã lót chuồng lót
275945776,[Mua nhiều giảm thêm] [Tặng túi chần bông] Thùng 48 hộp sữa lúa mạch Nestlé MILO Ít đường 180ml,430000,450000,20000,4.8,5,,,,,,,,,,thùng hộp sữa lúa
275131840,Thùng Veyo Sữa hạt 5 loại cao cấp (30 hộp x 180ml),303000,450000,147000,5,4,,,,,,,,,,thùng veyo sữa hạt
273596957,Thùng 20 Gói Mì Trộn Tương Đen Cay Koreno Chajang 78g,134000,171428,37428,5,2,,,,,,,,,,thùng gói mì trộn
263704522,Đặc Sản Bình Thuận  - [Ocop] Mực Bơ Tỏi Đầm Sen - 80G - Ocop 4 Sao,55000,55000,0,0,0,,,,,,,,,,đặc sản bình thuận mực bơ tỏi
203435406,Combo 2 Gói Nước dùng Phở Gà Barona 145g,100,95800,95800,0,0,,,,,,,,,,combo gói nước dùng
199728512,Rượu vang đỏ Saigon Premium hộp 3 Lít 13%,345000,345000,0,4.5,2,,,,,,,,,,rượu vang đỏ saigon
197636985,Thùng 12 Hộp Sữa Tươi Tiệt Trùng Dutch Lady Cô Gái Hà Lan Không Đường (12 X 965ML),427000,657000,230000,5,56,,,,,,,,,,thùng hộp sữa tươi tiệt
173299694,Sữa Tắm Dành Riêng Cho Chó Mèo OLIVE ESSENCE,39000,39000,0,0,0,,,,,,,,,,sữa tắm dành riêng
173299475,Chai Xịt Ve Rận Chó Mèo Vime-Frondog 250ml,125000,125000,0,4.7,39,,,,,,,,,,chai xịt ve rận chó
171668620,Cà Phê sữa hòa tan Special Edition Trung Nguyên Legend – Hộp 18 Gói – Cà Phê Hòa Tan Đậm Đà,141000,141000,0,5,4,,,,,,,,,,cà phê sữa hòa tan
108014199,LẠP XƯỞNG HEO TÂN LỘC PHÁT COMBO 1KG - MỖI BỊCH 500G,447000,447000,0,4.5,396,,,,,,,,,,lạp xưởng heo tân lộc phát
106807279,Sữa chua uống hương dâu Vinamilk Susu - Thùng 48 hộp 110ml.,147000,249000,102000,5,48,,,,,,,,,,sữa chua uống hương dâu
94262449,Combo 2 chai nhỏ mắt chó mèo Bio Gentadrop,15000,15000,0,5,9,,,,,,,,,,combo chai nhỏ mắt
92927543,Giấm tiều Long Khang 500ML,25000,25000,0,4.8,25,,,,,,,,,,giấm tiều long
55643587,Sốt Chấm Samyang Vị Cực Cay x2 Spicy (200g/chai),113333,113333,0,4.7,46,,,,,,,,,,sốt chấm samyang vị cực
48447050,200g trà hoa hòe,67000,67000,0,0,0,,,,,,,,,,trà hoa
16608365,Trà Khổ Qua Rừng Túi Lọc (Sấy Lạnh) Hương Sen Việt (25 Túi x 2g),88000,88000,0,4.7,25,,,,,,,,,,trà khổ qua rừng
16608353,Trà Khổ Qua Rừng (Sấy Lạnh) Hương Sen Việt (25g),45000,45000,0,4.7,47,,,,,,,,,,trà khổ qua rừng hương sen
971336,Thùng 12 Hộp Mì Trộn Trứng Muối Cung Đình Kool (90g x 12 Hộp),202000,210000,8000,4.8,22,,,,,,,,,,thùng hộp mì trộn
278768354,Thùng 24 lon Bia Lager Halida (330ml/lon) - Độ cồn 4.5%,262000,262000,0,0,0,,,,,,,,,,thu ng bia lager
278693052,Cozy Xanh Thái Nguyên Túi lọc 25 gói x 2g Hộp,55000,55000,0,0,0,,,,,,,,,,cozy xanh thái nguyên túi lọc
278693032,Cozy Trà Cozy túi lọc Hương Dâu 25 túi x 2g Hộp,55000,55000,0,0,0,,,,,,,,,,cozy trà cozy túi
278678864,Trung Nguyên Legend - Cà phê sữa hòa tan G7 3in1 - Bịch 50 sachets x 16gr (gói vuông),217000,217000,0,0,0,,,,,,,,,,trung nguyên legend cà phê sữa
278672535,Thùng 48 hộp sữa tươi tiệt trùng Dalatmilk ít đường 110ml,292000,354000,62000,0,0,,,,,,,,,,thùng hộp sữa tươi tiệt
278672483,Thùng 48 hộp sữa tươi tiệt trùng TH True Milk  sôcôla nguyên chất 180ml,529000,540000,11000,0,0,,,,,,,,,,thùng hộp sữa tươi tiệt
278672467,Thùng 48 hộp sữa tươi tiệt trùng Dalatmilk vị tự nhiên 180ml,458000,476000,18000,0,0,,,,,,,,,,thùng hộp sữa tươi tiệt
278637818,Thùng Sữa Tươi Tiệt Trùng Nutimilk Có Đường 180ml (Hộp 180ml x 48),351000,484000,133000,0,0,,,,,,,,,,thùng sữa tươi tiệt trùng nutimilk
278598207,Thùng 30 Gói Mì Omachi Hương Vị Lẩu Tôm Càng (80gr x 30 gói),278300,350000,71700,0,0,,,,,,,,,,thùng gói mì omachi
278495223,Thùng Veyo sữa hạt yến mạch (10 hộp x 1 Lít),541000,541000,0,0,0,,,,,,,,,,thùng veyo sữa hạt
277423453,9L Cát đất sét mix than hoạt tính vệ sinh cho mèo Picat ít bụi-thấm hút tốt-vón cục chặt khử mùi tốt túi 9L,75000,75000,0,5,1,,,,,,,,,,l cát đất sét mix
277358604,(GIÁ RẺ) PATE NEEKA DÀNH CHO MÈO LON 85G,16500,16500,0,5,2,,,,,,,,,,pate neeka dành mèo
276563725,HẠT ĐIỀU RANG MUỐI XẾP HOA TÂN LỘC PHÁT THƠM NGON BÉO BÙI,280000,280000,0,4.5,244,,,,,,,,,,hạt điều rang muối
274567938,XOÀI SẤY MUỐI ỚT THĂNG HOA TÂN LỘC PHÁT BỊCH 150G - ĐỒ ĂN VẶT,83000,83000,0,0,0,,,,,,,,,,xoài sấy muối ớt
273821849,Thùng 24 Gói Mì Gà Hầm Koreno Premium,277000,288427,11427,0,0,,,,,,,,,,thùng gói mì gà
271312140,Dầu ăn Happi Koki 5L - Tốt cho sức khỏe - Tối ưu tài chính,210000,215000,5000,4.6,5,,,,,,,,,,dầu ăn happi koki l
252388979,Combo 3 Lay’s Stax Khoai Tây Miếng Vị Thịt Nướng BBQ 100gr,112200,150000,37800,5,2,,,,,,,,,,combo lay s stax khoai tây
249971453,HẠNH NHÂN NGUYÊN HẠT CÒN VỎ LỤA HERITAGE 1KG,56000,56000,0,4.5,7,,,,,,,,,,hạnh nhân nguyên hạt vỏ
207717768,Rượu Chuối Hột Phú Lễ 29 %vol_650ml,95000,95000,0,5,1,,,,,,,,,,rượu chuối hột phú lễ
177844180,Sữa 9 loại hạt Vinamilk Super Nut - Thùng 24 hộp 180ml,326000,326000,0,5,47,,,,,,,,,,sữa loại hạt vinamilk
141651118,Hạt dẻ cười Mỹ (hũ 500gr),320000,320000,0,0,0,,,,,,,,,,hạt dẻ cười
124705630,Combo 2 Túi Ngũ Cốc Dinh Dưỡng Nguyên Cám Nutifood Canxi 500g – Giúp Xương Chắc Khỏe – Hàng Chính Hãnghắc Khỏe.,130000,130000,0,5,7,,,,,,,,,,combo túi ngũ cốc dinh dưỡng nguyên cám
121367224,[ 5 KG ] - Thức ăn hạt cho mèo mọi lứa tuổi Catsrang Hàn Quốc,532500,532500,0,5,30,,,,,,,,,,thức ăn hạt mèo lứa
110981370,Dầu Oliu nguyên chất ép lạnh Extra Virgin hiệu Naturel 250 ml,105000,126500,21500,5,15,,,,,,,,,,dầu oliu nguyên chất ép
104351671,Dầu Olive Nguyên chất thương hiệu Silarus nhập khẩu từ Ý 250ml,165240,165240,0,5,15,,,,,,,,,,dầu olive nguyên chất thương hiệu
72225928,Nước Mắm chiết xuất từ Cá Cơm Phú Quốc HƯƠNG XƯA 750ml,42210,42210,0,4.6,20,,,,,,,,,,nước mắm chiết xuất cá
67370523,Hạt Chia Seeds đen Úc túi 500G,139000,139000,0,4.7,7,,,,,,,,,,hạt chia seeds đen
59548756,Thùng 24 Lon Bia Larue (330ml/lon),368400,423660,55260,5,55,,,,,,,,,,thùng lon bia
47463111,Cà Phê Hòa Tan 3IN1 KING COFFEE - Hộp 20 gói x 16g,64200,74600,10400,4.7,18,,,,,,,,,,cà phê hòa tan in
41933166,Trà kỷ tử,45000,45000,0,4.5,47,,,,,,,,,,trà
38138431,Bánh KitKat trà xanh bịch 12 gói - nội địa Nhật Bản,109000,109000,0,4.7,7,,,,,,,,,,bánh kitkat trà xanh
20581404,THÙNG 48 HỘP SỮA TƯƠI TIỆT TRÙNG VINAMILK 100%  hộp 110ML,312000,312000,0,5,9,,,,,,,,,,thùng hộp sữa tươi tiệt
5028691,Sữa Đặc Ngôi Sao Phương Nam - Xanh (1.284kg),85000,85000,0,4.8,34,,,,,,,,,,sữa đặc ngôi phương nam
278765322,Rượu Vị Dân Ông Già Ba Tri_Rượu Nếp Thượng Hạng_4.8 lít,480000,480000,0,5,1,,,,,,,,,,rượu dân ông già tri_rượu
278672459,Thùng 48 bịch sữa tươi tiệt trùng TH True Milk  có đường 220 ml,485000,502000,17000,0,0,,,,,,,,,,thùng bịch sữa tươi tiệt
278431633,Thùng 48 hộp sữa chua uống hương dâu Yomilk 170ml,333000,411000,78000,5,1,,,,,,,,,,thùng hộp sữa chua
278425112,Thùng 48 hộp sữa đậu nành sữa tươi ít đường Vinamilk 180ml,190000,243000,53000,0,0,,,,,,,,,,thùng hộp sư a đâ u
277968768,Cà Phê hạt mộc Arabica Robusta- Espresso Buôn Ma Thuột Trung Nguyên Legend- Gói 500gr-Pha Máy,276000,276000,0,0,0,,,,,,,,,,cà phê hạt mộc arabica
277500290,Gạo lứt giảm cân ăn liền Mailey Túi 150g - gạo lứt sấy rong biển/ cháy tỏi ăn kiêng healthy eat clean,29990,29990,0,5,3,,,,,,,,,,gạo lứt giảm cân
276681653,Rượu Mỹ Tửu chuối hột - 500 ml - 22 %vol,120000,120000,0,5,1,,,,,,,,,,rượu mỹ tửu chuối ml
275724995,Macca tách vỏ (hũ 500gr),350000,350000,0,5,9,,,,,,,,,,macca tách vỏ
274993864,Vật Liệu Lọc Hồ Cá 1KG | Bông Lọc 8D Cao Cấp 50x11x2cm Hiệu Quả,87000,87000,0,5,1,,,,,,,,,,vật liệu lọc hồ cá
271143419,Rượu Vang Đỏ Chi Lê Huso Chileno Cabernet Sauvignon,200000,200000,0,5,1,,,,,,,,,,rượu vang đỏ lê
270480914,Nước ép dâu Kokozo có thạch 320ml lốc 6 chai,80000,80000,0,0,0,,,,,,,,,,nước ép dâu kokozo
261966788,Rượu Ba Kích HALICO nồng độ 25% can 2l không kèm hộp,270000,270000,0,4.8,4,,,,,,,,,,rượu ba kích halico nồng độ
252764109,Thùng 48 Hộp Thức uống sữa lúa mạch TH True Chocomalt Mistori 180ml,423000,497000,74000,5,2,,,,,,,,,,thùng hộp thức uống sữa
248106514,Trà Hoa Atiso đỏ hộp 30 Túi Lọc x 3Gram của Siêu Thị Thiên Nhiên,45000,45000,0,5,5,,,,,,,,,,trà hoa atiso đỏ
208347307,Cà Phê Trắng OldTown Vị Hazelnut Hạt phỉ - OldTown 3 in 1 White Coffee Hazelnut,155000,155000,0,4.7,7,,,,,,,,,,cà phê trắng oldtown vị hazelnut
207717764,Rượu Chuối Hột Phú Lễ 26%vol - 500ml,55000,55000,0,5,2,,,,,,,,,,rượu chuối hột phú lễ
198239815,RƯỢU VANG ĐỎ MEZZOTO,250000,250000,0,5,1,,,,,,,,,,rượu vang đỏ
177623695,Nước Uống Ion Kiềm Cao Cấp Công nghệ Nhật Bản - Fujiwa Bổ Sung Vi Khoáng Và Tốt Cho Sức Khoẻ,139000,139000,0,5,40,,,,,,,,,,nước uống ion kiềm cao cấp
154231129,Đường Túi Biên Hòa Pure 500g,19000,20900,1900,5,24,,,,,,,,,,đường túi biên hòa
145123646,Gạo Japonica Neptune 5kg,150000,150000,0,5,18,,,,,,,,,,gạo japonica
94711105,Đặc Sản Phú Quốc - Hộp 2 Chai Nhựa Nước Mắm Phú Quốc Khải Hoàn 40 Độ Đạm (1L/ Chai) - Ocop 5 Sao,339000,339000,0,5,27,,,,,,,,,,đặc sản phú quốc hộp chai
90744761,Combo 2 Túi Sữa Bột Nguyên Kem Hai Con Bò Đỏ (500g/túi),125000,125000,0,4.8,163,,,,,,,,,,combo túi sữa bột
73836371,Trà Gừng Túi Lọc Hộp 25 Gói - Trà Hùng Phát,48000,48000,0,4.6,42,,,,,,,,,,trà gừng túi lọc
72214764,Hạnh Nhân Lõi Đã Tách Vỏ Sấy Chín Nguyên Vị Thương Hiệu SK FOOD - Hũ 500G,240000,240000,0,4.2,45,,,,,,,,,,hạnh nhân lõi tách vỏ
68211446,Bột ngũ cốc dinh dưỡng cao cấp 05 loại đậu & hạt ( không đường )  - MS - (500gr),80000,80000,0,4.7,327,,,,,,,,,,bột ngũ cốc dinh dưỡng cao cấp
58389098,Trung Nguyên Legend - Cà phê hoà tan rang xay Cappuccino Coconut - Hộp 12 gói x 18gr,79000,85874,6874,5,135,,,,,,,,,,trung nguyên legend cà phê hòa
53722017,Thùng 48 bịch sữa tươi tiệt trùng Dalat Milk có đường 220ml,370000,490000,120000,4.6,86,,,,,,,,,,thùng bịch sữa tươi tiệt
52798132,Thùng 24 Chai Nước Giải Khát Sting Vàng (330ml/chai) - HSD: 27/3/2026,254400,292560,38160,4.8,447,,,,,,,,,,thùng chai nước giải khát
50411173,Trà Oolong Hộp Lục Giác Khánh Nga 100g,100000,100000,0,4.7,13,,,,,,,,,,trà oolong hộp lục giác
49375139,100gr Trà nụ hoa tam thất - Cao Cấp,99000,99000,0,5,1,,,,,,,,,,r trà hoa tam thất
42849903,1kg Trà mảng cầu xiêm,289000,289000,0,5,1,,,,,,,,,,kg trà cầu
15246547,Nutri Plus Gel Kem ăn dinh dưỡng - Virbac,250000,250000,0,5,31,,,,,,,,,,nutri plus gel kem
8082641,Đặc sản Tiền Giang - Gạo Đỗ Quyên Vinh Hiển 5kg - OCOP 4 SAO,103000,108000,5000,4.6,360,,,,,,,,,,đặc sản tiền giang gạo đỗ
7308871,Túi vận chuyển cứng cho chó mèo dầy và chắc hoạt tiết in đẹp  (một cái mẫu giao ngẫu nhiên),71000,71000,0,3,2,,,,,,,,,,túi vận chuyển cứng chó
5444345,'Nước Yến Sào win''sNest Đường Phèn ( 6 Lọ * 70 ml / Hộp)',148500,270000,121500,4.8,637,,,,,,,,,,nước yến sào win snest
1728567,Thức Ăn Khô Cho Chó Con Hương Vị Thịt Bò Và Sữa SmartHeart (1.5kg),105000,105000,0,4.5,2,,,,,,,,,,thức ăn khô chó con
537499,Thùng 12 Tô Mì Khoai Tây Cung Đình Hương Vị Lẩu Tôm Chua Cay,156000,160000,4000,4.6,9,,,,,,,,,,thùng tô mì khoai tây
278933466,Thùng 6 hộp Sữa yến mạch OATSIDE vị nguyên bản Barista Blend 1L,227000,305000,78000,5,1,,,,,,,,,,thùng hộp sữa yến mạch
278673546,Thùng 12 hộp sữa tươi tiệt trùng TH True Milk  nguyên chất 1 Lít,568000,574000,6000,0,0,,,,,,,,,,thùng hộp sữa tươi tiệt
278603728,Thùng 48 hộp Sữa Tươi Tươi Sạch Nutimilk Có Đường 110ml,199000,299000,100000,0,0,,,,,,,,,,thùng hộp sữa tươi tươi
278170125,ÁO THUN NỈ GẤU TỪ 1-5KG DÀNH CHO THÚ CƯNG CHÓ MÈO,86000,86000,0,0,0,,,,,,,,,,áo thun nỉ gấu
278105714,Sữa hạt Vinamilk Cao Đạm  Hộp 180ml,396000,396000,0,5,2,,,,,,,,,,sữa hạt vinamilk cao đạm
273894373,Hạt Dưa sạch Thái Sơn rang củi không nhuộm màu ngon đặc biệt túi Zipper 1Kg bì vàng HD1MVZ,220000,220000,0,4.3,3,,,,,,,,,,hạt dưa sạch thái sơn
270552508,Sữa Milo Úc Nestle giàu dinh dưỡng giúp trẻ phát triển chiều cao và tăng cường sức khỏe - QuaTangMe Extaste,489000,489000,0,4.7,53,,,,,,,,,,sữa milo úc nestle
270253895,Cơm cháy siêu chà bông heo (không cay) gói 220g - Cơm cháy Ninh Bình,49000,49000,0,0,0,,,,,,,,,,cơm cháy siêu chà bông
263972600,Hạt Yến Mạch Nguyên Cám Úc Xuân An [ko đường] Túi 5Kg[[hạt nguyên chưa cán](Giảm 20%),570000,570000,0,0,0,,,,,,,,,,hạt yến mạch cám
263266170,Viên gà nướng mềm SAYA 100g,80000,80000,0,0,0,,,,,,,,,,gà nướng mềm
252388981,'Combo 3 Lay''s Stax Khoai Tây Miếng Vị Tự Nhiên 100gr',150000,150000,0,5,1,,,,,,,,,,combo lay s stax khoai tây
252132884,[TOP SALES] Yến Khánh Hòa - Yến Sạch Lông [Hộp 100g] - Đệ Nhất Yến Đảo -  Bồi Bổ Sức Khỏe - Phục Hồi Chức Năng Phổi - Phụ Nử Sau Sinh - Đẹp Da - Chống Lão Hóa - Hỗ Trợ Điều Trị Ung Thư -Tăng Cường Sinh Lý -Trí Nhớ - Cải Thiện Giấc Ngủ,2900000,2900000,0,4.7,20,,,,,,,,,,yến khánh hòa yến sạch
196199194,Canh Chua Chay I-Soup 50g (túi 05 viên)- Viên Súp Chay_ Sấy Thăng Hoa,58000,58000,0,5,49,,,,,,,,,,canh chua chay soup viên súp
155611032,1 thùng 30 lon Nước giải khát có ga Fanta vị cam 160mL,595000,595000,0,0,0,,,,,,,,,,thùng lon nước giải khát
118100009,Cà Phê Hòa Tan 3IN1 KING COFFEE - Túi 88 gói x 16g - Từ hạt café Arabica và Robusta,243100,282600,39500,4.8,25,,,,,,,,,,cà phê hòa tan in
107018001,Bánh Bông Lan Hura Deli Chocolate - Dừa 336g,67846,67846,0,5,7,,,,,,,,,,bánh bông lan hura
96732751,Cà phê hòa tan Arabica sấy lạnh Probiotics 3 in 1 - SHIN Cà Phê - Hộp 10 gói,85000,85000,0,5,13,,,,,,,,,,cà phê hòa tan arabica sấy
56835042,HẠT ĐIỀU RANG MUỐI TÂN LỘC PHÁT - 250G,147000,147000,0,3.5,12,,,,,,,,,,hạt điều rang muối tân
55580877,Bánh KitKat Dark Chocolate vị Đắng gói 147gr (13 thanh),93300,93300,0,5,4,,,,,,,,,,bánh kitkat dark chocolate vị
54021465,Hạt Bí Rang Trọng Nhân 500 gram,89000,89000,0,4.7,204,,,,,,,,,,hạt bí rang trọng nhân
21222570,NƯỚC DỪA TƯƠI COCOFRESH - HỘP 1L,295000,295000,0,5,34,,,,,,,,,,nước dừa tươi cocofresh hộp
14980803,Đậu lăng đỏ tách vỏ nhập khẩu từ Canada (Red Lentils),27000,27000,0,4.8,65,,,,,,,,,,đậu lăng đỏ tách vỏ
14606478,Đậu Lăng xanh (Green Lentil) nhập khẩu từ Canada,27000,27000,0,4.5,26,,,,,,,,,,đậu lăng xanh nhập khẩu
2710031,Bột Ớt Nongsan (454g),159000,159000,0,4.8,6,,,,,,,,,,bột ớt
2287855,Thùng 24 Chai Nước Giải Khát Revive 500ml,276000,276000,0,5,163,,,,,,,,,,thùng chai nước giải khát
460669,Combo 4 Trà Đen Nhãn Vàng Lipton Túi Lọc 2g x 100 Gói,454000,454000,0,4.6,47,,,,,,,,,,combo trà đen nhãn
278933076,Thùng 24 hộp Sữa yến mạch OATSIDE vị Đậm Đà Deluxe 180ML,215000,280000,65000,0,0,,,,,,,,,,thùng hộp sữa yến mạch
278878378,Trung Nguyên Legend - Cà phê sữa hòa tan G7 3IN1 Gold - Rumi và ví passport,89175,89175,0,0,0,,,,,,,,,,trung nguyên legend cà phê sữa
278865109,Set nguyên liệu sữa hạt: Óc chó - Đậu xanh - Cốm 115g,31900,31900,0,0,0,,,,,,,,,,set nguyên liệu sữa hạt óc
278693030,Cozy Trà sữa 3in1 - Anh Quốc 10 gói x 17g Hộp,49000,49000,0,0,0,,,,,,,,,,cozy trà sữa in
278692215,Cozy Trà Kombucha 10 gói x 10g Hộp,127000,127000,0,0,0,,,,,,,,,,cozy trà kombucha gói x
278692205,Cozy Trà Cozy túi lọc Ô Long 25 túi x 2g Hộp,55000,55000,0,0,0,,,,,,,,,,cozy trà cozy túi
278677729,Bột Đậu Đỏ Nguyên Chất,19000,19000,0,0,0,,,,,,,,,,bột đậu đỏ
278610307,Lốc 12 Gói Snack Rong Biển Taokaenoi Big Bang Vị Truyền Thống 6G,105000,172800,67800,0,0,,,,,,,,,,lốc gói snack rong
278500766,Sữa hạt cao cấp Óc chó-Macca-Đậu đen-Hạnh nhân-Đậu nành & Yến mạch ít đường 190ml (20 hộp/xách),360000,419000,59000,0,0,,,,,,,,,,sữa hạt cao cấp óc
276525351,Đậu đen xanh lòng rang sẵn - 1kg - (FTAKY) - Đậu đen xanh lòng hữu cơ - hạt nhỏ thuần chủng,79000,79000,0,0,0,,,,,,,,,,đậu đen xanh lòng rang
276240669,15KG Thức ăn cho mèo Minino Tuna Flavored - Thức ăn hạt cho mèo vị cá ngừ,80999,80999,0,5,32,,,,,,,,,,kg thức ăn mèo minino
276229490,Dây Dắt Yếm Cho Chó Mèo Họa Tiết Xinh Xắn Bản 1cm,45000,45000,0,0,0,,,,,,,,,,dây dắt yếm chó mèo
272214721,Kẹo Hồng Sâm Hàn Quốc Ginseng House Không Đường - Bịch vàng 500g - Giảm Căng Thăng,129000,159000,30000,0,0,,,,,,,,,,kẹo hồng sâm hàn quốc
271293264,RockCafe - Cà phê sữa đá Gu Việt,55000,55000,0,0,0,,,,,,,,,,rockcafe cà phê sữa đá
225227172,Rượu nếp Phú Lễ 39%vol - 500ml,490000,490000,0,5,2,,,,,,,,,,rượu nếp phú lễ
212237375,'Cà phê nguyên chất CULI B''LAO FARM cà phê rang mộc dành cho pha phin cực mạnh đắng đậm cafein cao C7',56801,56801,0,3.7,3,,,,,,,,,,cà phê nguyên chất culi b
212237322,Cà phê nguyên chất BLEND B’Lao Farm 50% cà phê Robusta 50% cà phê Arabica cà phê rang mộc pha phin pha máy ngọt hậu C55,110001,110001,0,4.5,2,,,,,,,,,,cà phê nguyên chất blend b
208226702,Sữa Tắm Đặc Trị Ghẻ Và Nấm Da Cho Chó Bio Derma 200ml Và 450ml - YonaPetshop,95000,95000,0,4.3,3,,,,,,,,,,sữa tắm đặc trị ghẻ
208196587,Xương Canxi Da Bò Cho Chó Gặm Làm Sạch Răng Giúp Răng Chắc Khỏe Dog Chews,48000,48000,0,4.7,3,,,,,,,,,,xương canxi da bò chó
141651066,Mơ Khô Sấy Dẻo (hũ 250gr),140000,140000,0,0,0,,,,,,,,,,mơ khô sấy dẻo
106807277,Sữa chua uống hương cam Vinamilk Susu - Thùng 48 hộp 110ml.,198000,249000,51000,4.8,45,,,,,,,,,,sữa chua uống hương
58958827,Kẹo Sả Mật Ong Honey Drop Leatherwood Only Nature ( Túi zip 30 viên),115500,115500,0,5,15,,,,,,,,,,kẹo sả mật ong honey
45806849,Bột cần tây nguyên chất Goce - 72g (24 gói x 3g) - Tan mỡ giảm cân,190000,190000,0,4.6,336,,,,,,,,,,bột cần tây nguyên chất
8038702,Gạo Hạt Ngọc Trời Tiên Nữ (5KG),182000,182000,0,4.7,108,,,,,,,,,,gạo hạt ngọc trời
1055444,Thuốc Nhỏ Mắt Trị Viêm Mắt Chó Mèo Bio Gentadrop (10ml),10000,10000,0,5,1,,,,,,,,,,thuốc nhỏ mắt trị viêm
484439,Bánh Xương Chăm Sóc Răng Pedigree Dentastix Small Dogs 75g Dành Cho Chó Nhỏ và Chó Trưởng Thành trên 1 tuổi,29000,50000,21000,5,20,,,,,,,,,,bánh xương chăm sóc răng
278693123,Cozy Trà Cozy túi lọc Hương Đào 25 túi x 2g Hộp,55000,55000,0,0,0,,,,,,,,,,cozy trà cozy túi
277967281,Trà Dòi Thân Tím Kingtea 30 túi lọc - Trà Dòi Tím - Bọ Mắm Tím - Giúp Giảm Ho Bổ Phổi Tăng Đề Kháng,138000,138000,0,0,0,,,,,,,,,,trà dòi thân tím kingtea
277911514,[GIẢM 45K] Combo Cà Phê Hòa Tan 399K - Trung Nguyên E-Coffee,399000,399000,0,0,0,,,,,,,,,,combo cà phê hòa tan
276597293,TÁO ĐỎ TÂN CƯƠNG TÂN LỘC PHÁT,153000,153000,0,5,3,,,,,,,,,,táo đỏ tân cương tân lộc
276398955,Rượu vang đỏ Chateau Cristo Cabernet Sauvignon 750ml 14,5,175000,175000,0,4,,,,,,,,,,rượu vang đỏ chateau
275414779,Bia Stangen Lager Bier 5.4% 500ml,40000,40000,0,0,0,,,,,,,,,,bia stangen lager
270849977,1 Gói (35-40g) Bánh Tráng Muỗi Nhuyễn Xì Ke VIETTIN MART,11000,11000,0,0,0,,,,,,,,,,gói bánh tráng muỗi nhuyễn
253397883,Canh Rau Củ Nấu Nấm Ăn Liền I-Soup 35g 05 viên,58000,58000,0,4.8,10,,,,,,,,,,canh rau củ nấu
253219000,(400G) THỨC ĂN HẠT CHO MÈO NHỎ CATSRANG KITTEN,52000,74000,22000,0,0,,,,,,,,,,thức ăn hạt mèo nhỏ
252163309,Bàn Chải Tắm Cho Chó Mèo - Bằng Silicon Mềm Mại Có Chỗ Đựng Sữa Tắm Tạo Bọt Tiện Dụng,25000,25000,0,5,1,,,,,,,,,,bàn chải tắm chó mèo
245787141,Thức Ăn Hạt Mềm Cho Chó Lớn Vị Thịt Cừu Và Khoai Tây Zenith Adult Grain Free - YonaPetshop,249000,249000,0,5,1,,,,,,,,,,thức ăn hạt mềm chó
207356752,(COMBO 2 HŨ) TRÀ LÁ SEN HŨ 50G - HƯƠNG SEN VIỆT,120000,120000,0,5,2,,,,,,,,,,trà lá sen hũ hương sen
198228729,RƯỢU VANG LOUIS MARTINE BORDEAUX,250000,250000,0,4.8,6,,,,,,,,,,rượu vang louis martine
189375528,Quế cạo vỏ - Quế ống sáo Yên Bái - Hàng xuất khẩu,39000,39000,0,5,3,,,,,,,,,,quế cạo vỏ quế
181926255,BÚN GẠO KHÔ,25000,25000,0,0,0,,,,,,,,,,bún gạo khô
120357274,'[ 5KG ] - Today''s diner  hạt thức ăn cho mèo mọi lứa tuổi MUA 1 TẶNG 5 SAMPLE WONDERCAT',450000,450000,0,4.3,6,,,,,,,,,,today s diner hạt
77118738,Hạt Điều Rang Muối Lafooco 270g,158000,158000,0,0,0,,,,,,,,,,hạt điều rang muối
62734188,Trung Nguyên Legend - Cà phê phin giấy Fusion Blend - Hộp 10 gói x 10gr,148334,148334,0,4.6,31,,,,,,,,,,trung nguyên legend cà phê phin
62208207,Hạt Điều Mật Ong LAFOOCO 270g,158000,158000,0,4.6,16,,,,,,,,,,hạt điều mật ong
56187931,Cà Phê Hòa Tan 3IN1 KING COFFEE - Túi 45 gói x 16g,129900,151000,21100,4.8,113,,,,,,,,,,cà phê hòa tan in
54681826,Trà Hoa nhài - Nguyên nụ cao cấp,90000,90000,0,4.2,10,,,,,,,,,,trà hoa nhài nguyên cao cấp
23879027,COMBO 4 HỘP CREAMER ĐẶC NGÔI SAO PHƯƠNG NAM XANH LÁ - HỘP GIẤY 380G,100000,100000,0,4.8,74,,,,,,,,,,combo hộp creamer đặc ngôi
21842086,Kem Sữa Đặc Ngôi Sao Phương Nam Vinamilk - Hộp Giấy 1284G Xanh Biển,72000,72000,0,5,33,,,,,,,,,,kem sữa đặc ngôi phương
20151310,1kg cafe hạt LeeLong1 gu Mạnh chưa xay ( 85 Robusta/15 Arabica),319000,319000,0,4.5,29,,,,,,,,,,kg cafe hạt leelong
17892523,Ngũ cốc Calbee Furugura Carbohydrate 25% Off 600g - Nhập khẩu Nhật Bản,159000,159000,0,4.5,16,,,,,,,,,,ngũ cốc calbee furugura carbohydrate
7663985,Cà phê dừa ROCKCAFE (Hộp 12 gói),55000,55000,0,4,4,,,,,,,,,,cà phê dừa
792042,Dầu Gội Và Xả Dành Cho Chó Lông Trắng Forcans 550ml,225000,225000,0,4.6,8,,,,,,,,,,dầu gội xả dành chó
599727,Trà Sữa Vị Gừng Aik Cheong Teh Tarik Halia 4 In 1 (15 Gói x 40g),140000,140000,0,4.7,21,,,,,,,,,,tra sữa vị gừng aik
486853,Đồ Ăn Cho Mèo Trưởng Thành Me-O Hương Vị Cá Ngừ (1.2 Kg),115000,115000,0,5,2,,,,,,,,,,đồ ăn mèo trưởng thành me
278693051,Cozy Icetea Chanh 16 gói x 15g Hộp,48000,48000,0,0,0,,,,,,,,,,cozy icetea chanh gói x
278432576,Gói gia vị nấu phở - Nguyên liệu thảo mộc tự nhiên,9900,9900,0,0,0,,,,,,,,,,gói gia vị nấu phở
276566651,KHÔ BÒ MIẾNG TÂN LỘC PHÁT,457000,457000,0,2,1,,,,,,,,,,khô bò tân lộc phát
276563849,HẠT MACCA NỨT VỎ CAO CẤP TÂN LỘC PHÁT,317000,317000,0,4.1,17,,,,,,,,,,hạt macca nứt vỏ
275960466,Nhân Hạt Kiều Mạch (Ba Khía) Sức Khỏe Xanh Giàu Dinh Dưỡng Túi 500g Nhập khẩu chính ngạch từ Trung Quốc,47000,47000,0,0,0,,,,,,,,,,hạt kiều mạch sức khỏe
275576643,Muối Hồng Himalaya Nguyên Hạt Vipep Hũ Nhựa 1.1kg,104000,104000,0,5,2,,,,,,,,,,muối hồng himalaya hạt
273878266,Bánh Kitkat NESTLE mini mix vị socola và matcha,119000,119000,0,0,0,,,,,,,,,,bánh kitkat nestle mini
263448715,Hạt Điều Vỡ Đôi HOLINUT/ Hạt điều tươi nấu sữa,130000,130000,0,5,2,,,,,,,,,,hạt điều vỡ holinut
216231934,Trà Hoa Cúc hộp 30 x 3gram Túi Lọc của Siêu Thị Thiên Nhiên,43000,43000,0,5,3,,,,,,,,,,trà hoa cúc hộp x
212232166,Tương Ớt Tươi Chilica 482g,79000,79000,0,4.8,5,,,,,,,,,,tương ớt
203889315,'Socola trắng hạnh nhân Beryl''s Hạnh Nhân Tiramisu Có Thêm Phô Mai Mascarpone 65G',82500,82500,0,0,0,,,,,,,,,,socola trắng hạnh nhân beryl
181979469,Hạt Nêm Rong Biển Ajinomoto Nhật Bản Cho Bé,49000,49000,0,0,0,,,,,,,,,,hạt nêm rong biển
181361241,Combo 2 Hộp Cà Phê Sữa Hòa Tan G7 3in1 Trung Nguyên – Cà Phê Sữa Hòa Tan Tiện Lợi,-2116,176000,176000,0,5,,,,,,,,,,combo hộp cà phê sữa
176292294,Canh cải xoong nấu thịt ăn liền I-Soup 42g (túi 06 viên cho 06 khẩu phần ăn)-Công nghệ Nhật Bản,68000,68000,0,4.7,59,,,,,,,,,,canh cải xoong nấu thịt
166088732,Thùng 12 Hộp Nước dừa đóng hộp Cocoxim Organic dung tích 330ml/Hộp,390000,390000,0,0,0,,,,,,,,,,thùng hộp nước dừa
155108670,Hạt Điều Tách Vỏ rang muối,200000,200000,0,5,1,,,,,,,,,,hạt điều tách vỏ
111852571,Pate Gan Heo Tulip 125g - Nhập Khẩu Đan Mạch | Tulip Liver Paté 125g,46100,46100,0,5,23,,,,,,,,,,pate gan heo tulip
95649061,Trà Sen Dalatfarm - Hộp 110Gr,90000,90000,0,4.8,97,,,,,,,,,,trà sen dalatfarm hộp
74010870,Trà Thanh Nhiệt 25 Gói/Hộp - Refreshing Tea - Thương hiệu Hùng Phát,40000,40000,0,4.5,16,,,,,,,,,,tra thanh nhiê t go
73718035,Trà Atiso La Hán Quả Hộp 25 Gói - Thương hiệu Hùng Phát,40000,40000,0,4.6,19,,,,,,,,,,tra atiso
73655458,Trà Tim Sen Túi Lọc Hùng Phát Hộp 25 Gói,40000,40000,0,5,18,,,,,,,,,,trà tim sen túi
66071570,Trà Đen Nguyên Lá Đặc Biệt Dalat Farm - Hộp 100Gr,90000,90000,0,4.8,125,,,,,,,,,,trà đen nguyên lá đặc biệt
51668991,Cà Phê Rang Xay Expert Blend 2 KING COFFEE - Túi 500g,129900,151000,21100,4.7,56,,,,,,,,,,cà phê rang xay expert
46225060,1kg hạt hạnh nhân - Mỹ Nguyên vỏ,309000,309000,0,4,1,,,,,,,,,,kg hạt hạnh nhân mỹ nguyên
45812684,Bột tía tô nguyên chất Goce - 72g (24 gói x 3g),170000,170000,0,4.7,187,,,,,,,,,,bột tía tô nguyên chất
45263525,500gr Trà atiso đỏ,154000,154000,0,4.5,21,,,,,,,,,,r trà atiso đỏ
43042490,Trà Hoa Cúc Điều Hòa Huyết Áp Thanh Nhiệt Cơ Thể (Hôp 50 Túi Lọc X 2g) - Nguyên Thái Trang – Thảo Dược Thiên Nhiên - Tốt Cho Sức Khỏe,75000,75000,0,5,1,,,,,,,,,,trà hoa cúc điều hòa
26298212,Chuồng nuôi nhốt chó mèo dạng gấp gọn -LỒNG SƠN TĨNH ĐIỆN XUẤT KHẨU NAN DÀY (màu ngẫu nhiên) SunzinSD,216300,216300,0,4.3,53,,,,,,,,,,chuồng nuôi nhốt chó
278933458,Thùng 6 hộp Sữa yến mạch OATSIDE vị Đậm Đà Deluxe 1L,227000,305000,78000,0,0,,,,,,,,,,thùng hộp sữa yến mạch
278682981,Thùng 48 Hộp Thức Uống Sữa Trái Cây Có Thạch NuVi Hương Nho 100ml,219000,264000,45000,0,0,,,,,,,,,,thùng hộp thức uống sữa
278023649,ÁO THUN BA LỖ DỄ THƯƠNG CHO THÚ CƯNG CHÓ MÈO,60000,60000,0,0,0,,,,,,,,,,áo thun lỗ dễ thương
278021730,ÁO CHICAGO SANG XỊN DÀNH CHO THÚ CƯNG CHÓ MÈO,80000,80000,0,5,2,,,,,,,,,,áo chicago sang xịn
277597324,Cà Phê Blend Nguyên Chất Đất Cà Phê 500g - 70% Robusta & 30% Arabica | Pure Coffee Blend - Gu Hài Hòa,179000,295000,116000,0,0,,,,,,,,,,cà phê blend nguyên chất đất
276178515,Bộ Kéo Spa Cắt Tỉa Lông 3 Kéo Và 1 Lược Chuyên Dụng Cho Chó Mèo,315000,315000,0,5,1,,,,,,,,,,bộ kéo spa cắt
273899427,Rọ mõm Chó Chất liệu da cao cấp 1 lớp mềm mại siêu bền Dễ chịu khi đeo Giúp thú cưng Không cắn phá Không sủa theo ý muốn,38000,38000,0,4,1,,,,,,,,,,rọ mõm chó chất liệu
273597523,Thùng 30 Gói Mì Trộn Reeva Fresh Gà Nấm Phô Mai Cay 85g,291600,320760,29160,5,1,,,,,,,,,,thùng gói mì trộn
273409732,Cafe Premium Robusta - Nguyên Chất Rang Mộc Pha Phin Hoặc Pha Máy - Vị Đắng Đậm Hậu Ngọt Hương Thơm Nồng - Coffee New,189000,189000,0,5,4,,,,,,,,,,cafe premium robusta nguyên chất
271188130,Rượu vang đỏ Pháp 1982 Merlot,450000,450000,0,0,0,,,,,,,,,,rượu vang đỏ pháp
270847778,RockCafe - Cà phê đen đá 2 trong 1 (Hộp 15 gói x 16 gr),60000,60000,0,0,0,,,,,,,,,,rockcafe cà phê đen đá
263807448,Đặc Sản Bình Thuận  - Vi Cá Đuối Nướng Cán Đầm Sen - 1Kg,65000,65000,0,0,0,,,,,,,,,,đặc sản bình thuận vi cá đuối nướng
260222714,Ô Mai Xí Muội Thịt Chua Ngọt (không hạt) Viettin Mart 250g,60000,60000,0,4.7,3,,,,,,,,,,ô mai xí muội thịt
253242298,Bột Sắn Dây Nguyên Chất Tabaha 500g thanh nhiệt mát lành,110000,110000,0,5,2,,,,,,,,,,bột sắn dây nguyên chất tabaha
248214860,Bột mì căn (seitan) vital wheat gluten Yosaga,160000,160000,0,0,0,,,,,,,,,,bột mì căn vital wheat
189235215,Thức ăn cho mèo / Pate Nekko Thạch Jelly Cho Mèo Mọi Lứa Tuổi - gói 70g,20000,20000,0,5,61,,,,,,,,,,thức ăn mèo pate nekko
103377912,KẸO DÂU TÂY TÂN LỘC PHÁT COMBO 1KG - MỖI HŨ 500G,178000,178000,0,5,2,,,,,,,,,,kẹo dâu tây tân lộc
87165081,Trà Sữa Matcha Hòa Tan Teavory KING COFFEE - Hộp 8 gói x 16g.,22500,26100,3600,4.7,47,,,,,,,,,,trà sữa matcha hòa
79546408,Nước uống Collagen Shiseido Pure White không cồn Nội địa Nhật Bản - Tặng túi zip 5 kẹo Senjaku,498000,498000,0,4.6,5,,,,,,,,,,nước uống collagen shiseido
70788905,Trà bạch tật lê (500gr),139000,139000,0,5,1,,,,,,,,,,trà bạch tật
59202003,Xí muội chua ngọt - Ô Mai Đào Không Hạt (200gr),45000,45000,0,0,0,,,,,,,,,,xí muội chua ngọt ô mai
56758268,Đông trùng hạ thảo sấy thăng hoa - Hủ 50g,399000,399000,0,4.7,15,,,,,,,,,,đông trùng hạ thảo sấy thăng hoa
50488193,Trà Oolong Tứ Quý Khánh Nga Dạng Hộp 150Gram Hoặc Gói 200Gram,150000,150000,0,5,1,,,,,,,,,,trà oolong tứ quý khánh nga
49291793,1kg Bột sắn dây nguyên chất 100%,99000,99000,0,4.5,41,,,,,,,,,,kg bột sắn dây
48445902,1kg trà hoa hòe,185000,185000,0,5,2,,,,,,,,,,kg trà hoa
46695214,Nhân Hạt Điều Rang Không Muối Cao Cấp 1kg - Natufoodvn,335000,335000,0,4.2,12,,,,,,,,,,hạt điều rang muối
11211353,Tinh bột nghệ Ulnatech nghệ đỏ (tbn siêu hấp thu nano curcumin),490000,490000,0,5,57,,,,,,,,,,tinh bột nghệ ulnatech nghệ đỏ
9491540,Hộp 01kg Gạo Phúc Thọ đen (Gạo lứt đen)  - Tốt cho tim mạch và tiểu đường,55000,55000,0,4.2,62,,,,,,,,,,
2282843,Sữa Bột Nguyên Kem A2 (1000G),520000,520000,0,5,25,,,,,,,,,,sữa bột kem
893762,Cà phê hạt rang Rita Võ Cafe Arabica 500g,360000,360000,0,4.8,4,,,,,,,,,,cà phê hạt rang rita
484446,Bánh Xương Chăm Sóc Răng Dành Cho Chó Nhỏ Pedigree-56g,33100,68000,34900,4.1,35,,,,,,,,,,bánh xương chăm sóc răng
279135346,[MUA 2 TẶNG 1] Cà Phê Muối Hòa Tan - RockCafe - Cà Phê Muối Robusta - 10 gói.hộp,108000,108000,0,0,0,,,,,,,,,,cà phê muối hòa tan
278581215,Lốc 3 hộp Sữa hạt Óc chó Nguyên chất 137 DEGREES 180ml,103000,142000,39000,0,0,,,,,,,,,,lốc hộp sữa hạt óc
278240495,Bột chuối tiêu xanh (Bột chuối tiêu) - Sản phẩm tự nhiên,49000,49000,0,0,0,,,,,,,,,,bột chuối tiêu xanh sản phẩm
278152421,ÁO THUN BA LỖ HỒNG HẠC THÔNG HƠI SIÊU CUTE TỪ 1-7KG DÀNH CHO THÚ CƯNG CHÓ MÈO,25000,25000,0,0,0,,,,,,,,,,áo thun lỗ hồng hạc
277413228,Hạnh nhân rang sấy vị tự nhiên Faminuts Túi 500g,239000,239000,0,0,0,,,,,,,,,,hạnh nhân rang sấy vị tự nhiên
276581657,ĐẬU PHỘNG RANG TỎI ỚT TÂN LỘC PHÁT,125000,125000,0,0,0,,,,,,,,,,đậu phộng rang tỏi ớt tân
275583523,Muối Hồng Himalaya Nhuyễn Real Food,98000,98000,0,5,1,,,,,,,,,,muối hồng himalaya nhuyễn real
274818724,Hạt Chia Úc TLP.100% Organic Ăn Kiêng Giảm Cân Hạt Chuẩn Sạch Đều Đẹp (Gói 500g),167000,167000,0,0,0,,,,,,,,,,hạt chia úc tlp
274148484,Rượu Lúa Mới HALICO nồng độ 40% chai 250ml không kèm hộp,50000,50000,0,0,0,,,,,,,,,,rượu lúa halico nồng độ
269895400,'[1KG] - Thức ăn hạt cho mèo mọi lứa tuổi Today''s dinner',96000,96000,0,5,1,,,,,,,,,,thức ăn hạt mèo lứa
260141621,Kẹo Dừa Lá Dứa Sầu Riêng Hiệu Thanh Long-Đặc Sản Bến Tre (300g),60000,60000,0,5,1,,,,,,,,,,kẹo dừa lá dứa
251517307,Bột Ngũ Cốc Damtuh Hàn Quốc (18g x 50 gói),269000,269000,0,5,7,,,,,,,,,,bột ngũ cốc damtuh
214088279,(1KG/2.4KG) Dog Mania - Thức ăn hạt CHO CHÓ NHỎ nhập khẩu HÀN QUỐC,115000,115000,0,4,1,,,,,,,,,,dog mania thức ăn hạt
197964569,Pate cho mèo Happy 100 gói 70gr,11000,11000,0,5,7,,,,,,,,,,pate mèo happy gói
188363510,Nước Dùng Lẩu Gà Barona 140g tươi ngon chuẩn vị không cần nêm nếm,39900,39900,0,5,3,,,,,,,,,,nước dùng lẩu gà
163697907,MỨT MÃNG CẦU THÀNH LONG 500G - VIỆT NAM,190000,190000,0,3,2,,,,,,,,,,mứt mãng cầu thành
159216712,Rượu JING 35% Vol 125ml,125000,125000,0,5,4,,,,,,,,,,rượu jing
142785693,MỨT ME THÁI CAM THẢO THÀNH LONG 200G - VIỆT NAM,153000,153000,0,5,2,,,,,,,,,,mứt me thái cam thảo thành
126218821,Cà phê ILOTA 2 PHIN Robusta Coffee gu mạnh đậm đắng dạng bột gói 500gr,159000,159000,0,0,0,,,,,,,,,,cà phê ilota phin robusta
124974049,Nước tương thượng hạng Kobe Bussan 1L - Hàng Nhật nội địa,82500,82500,0,0,0,,,,,,,,,,nước tương thượng hạng bussan
74997555,Bột ngũ cốc dinh dưỡng SKX hộp 500g (gồm bột đậu gà - lăng đỏ - hà lan vàng - hà lan xanh - yến mạch),84000,84000,0,4.2,9,,,,,,,,,,bột ngũ cốc dinh dưỡng skx
72895953,Hạt Điều Lụa Rang Muối Ngon (500g) - Natufoodvn,140000,140000,0,0,0,,,,,,,,,,hạt điều lụa rang
72628693,Mix 4 Hạt Dinh Dưỡng Nhập Khẩu(Nhân Óc Chó Mỹ + Hạnh Nhân Mỹ + Macca Úc + Hạt Điều A+ ) - Hũ Nắp Nhôm 220g - Hạt Dinh Dưỡng Cao Cấp FAMINUTS,146000,146000,0,5,6,,,,,,,,,,mix hạt dinh dưỡng nhập khẩu
68724103,Gạo Basmati India 1121 (Ấn Độ) Túi 1kg,70000,70000,0,4.5,35,,,,,,,,,,gạo basmati india túi
66700830,Miến Khang Phúc 300g (1 thùng 20 gói),783000,783000,0,5,2,,,,,,,,,,miến
51585460,Trà cỏ ngọt (500gr),149000,149000,0,5,1,,,,,,,,,,trà cỏ ngọt
49003298,Kẹo mút Ame Bow vị trái cây gói 120gr (12 cây),59000,59000,0,5,1,,,,,,,,,,kẹo mút ame bow vị
33756131,Cà phê hòa tan vị bạc hà 4in1 - 18g x 50 gói – Meet More Coffee,212000,212000,0,4,5,,,,,,,,,,cà phê hòa tan vị bạc hà
23367577,Lồng vận chuyển chó mèo loại Lồng hàng không  4 Kích thước Sunzin LHK Màu ngẫu nhiên,314100,314100,0,0,0,,,,,,,,,,lồng vận chuyển chó mèo
20101624,Combo 1 lốc (6 chai) Nước mắm cao cấp Vị Xưa 40 độ đạm - 50ml,108000,108000,0,4.8,19,,,,,,,,,,combo lốc nước mắm cao cấp
15182824,Combo 2 hộp Bột ngũ cốc Damtuh Hàn Quốc 50 gói x 18g,499000,499000,0,4.8,6,,,,,,,,,,combo hộp bột ngũ cốc
11872005,Trà Tim Sen Túi Lọc Hộp 25 Gói - Hùng Phát Thương Hiệu 35 Năm,40000,40000,0,0,0,,,,,,,,,,trà tim sen túi
5439427,'Nước Yến Sào win''sNest Nhân Sâm (6 Lọ x 70 ml / Hộp)',153450,279000,125550,4.8,893,,,,,,,,,,nước yến sào win snest nhân
278724038,Bánh Cookies Goody dừa phủ socola/hạnh nhân HG 228g,78570,81000,2430,0,0,,,,,,,,,,bánh cookies goody dừa
278005971,Nước Mắm Cát Hải Loại Cao Đạm,4,269000,269000,0,0,,,,,,,,,,nước mắm cát hải loại cao
277989819,Bàn Cào Móng Cho Mèo Hình Hoa - Hình Con Cua - Kèm Banh Lục Lạc Chớp Đèn,99000,99000,0,0,0,,,,,,,,,,bàn cào móng mèo
276584855,GRANOLA NGŨ CỐC TÂN LỘC PHÁT,237000,237000,0,4.5,29,,,,,,,,,,granola ngũ cốc tân lộc phát
276136875,Cà phê Arabica Cầu Đất,-100500,115000,115000,0,0,,,,,,,,,,cà phê arabica cầu đất
275387419,Sữa tắm thú cưng,60000,60000,0,0,0,,,,,,,,,,sữa tắm thú
273823362,Thùng 24 Chai Nước Uống Pororo Hương Vị Táo  235ml,400000,506000,106000,0,0,,,,,,,,,,thùng chai nước uống
271143134,Rượu Vang Trắng Pháp 1982 Ug Bordeaux Sauvignon Blanc,175000,175000,0,5,1,,,,,,,,,,rượu vang trắng pháp ug
260804951,Ngũ Cốc Golden (Variety Pack) Xuân An [ít đường] Túi 400G {25g*16 gói},76000,76000,0,0,0,,,,,,,,,,ngũ cốc golden xuân an túi
252764111,Thùng 48 Hộp Thức uống sữa lúa mạch TH True Chocomalt Mistori 110ml,261000,354000,93000,0,0,,,,,,,,,,thùng hộp thức uống sữa
249693301,Rượu Vang Đỏ Dalatbeco Premium 13.5% - 750ml,145000,145000,0,0,0,,,,,,,,,,rượu vang đỏ dalatbeco
213717703,Thùng 12 Hộp Hủ Tiếu Nam Vang Cung Đình (85g x12 hộp ),200000,230000,30000,5,2,,,,,,,,,,thùng hộp hủ tiếu nam
205177382,Combo 2 Trà Xanh Lài Và Trà Đen ROFFESCO PREMIUM JASMINE & BLACK TEA 100% Lá Trà Tươi Túi 500g,249999,249999,0,0,0,,,,,,,,,,combo trà xanh lài trà
201840849,Thuốc Xịt Trị Nấm Tốt Cho Chó Mèo Fungikur 50ml,155000,155000,0,5,8,,,,,,,,,,thuốc xịt trị nấm tốt
196199141,Canh Khoai Mỡ Chay I-Soup 55g (túi 05 viên)- Viên Súp Chay Sấy Thăng Hoa,58000,58000,0,4.8,40,,,,,,,,,,canh khoai mỡ chay soup viên
193589015,Set Nguyên Liệu Nấu Chè Dưỡng Nhan Viettin Mart 400g,90000,90000,0,4.5,2,,,,,,,,,,set nguyên liệu nấu chè dưỡng
188061381,Pate thịt heo Luncheon Meat Jean Floch 200g - Pháp,54000,54000,0,5,6,,,,,,,,,,pate thịt heo luncheon
116877139,Hỗn Hợp Trái Cây Sấy Giòn LAFOOCO 100g Xuất Khẩu,30000,30000,0,5,14,,,,,,,,,,hỗn hợp trái cây sấy giòn
102125513,HẠT DƯA LOẠI ĐẸP CHẮC HẠT TÂN LỘC PHÁT 1KG - COMBO 2 BỊCH 500G - ĂN VẶT MỖI NGÀY,460000,460000,0,4.6,18,,,,,,,,,,hạt dưa loại đẹp
73109887,Pate Gan Cá Tuyết Và Trứng Cá Tuyết Đóng Hộp 100G,140000,140000,0,4.6,49,,,,,,,,,,pate gan cá tuyết trứng
68199945,Đậu đen xanh lòng rang mộc - 01kg - (MS) - Đậu đen xanh lòng 100% - hạt nhỏ thuần chủng,135000,135000,0,4.7,71,,,,,,,,,,đậu đen xanh lòng
59199720,Quả táo đỏ thái lát - Loại cao cấp thơm ngon (200gr),41000,41000,0,4.7,22,,,,,,,,,,quả táo đỏ thái lát
56121023,Hạt ngũ hoa -  Hạt huỳnh lịch - Hạt lịch - Gói 200gr,65000,65000,0,0,0,,,,,,,,,,hạt ngũ hoa hạt
22400795,Mật Ong Rừng U Minh 500ml,409000,700000,291000,4.6,15,,,,,,,,,,mật ong rừng
14990592,Đậu cúc Pinto Beans,30000,30000,0,4.2,18,,,,,,,,,,đậu cúc pinto
14977762,Đậu hà lan xanh nguyên hạt Whole Green Peas,17000,17000,0,4.6,72,,,,,,,,,,đậu hà lan xanh nguyên
12333663,Catnip Ống Khô Cho Mèo - Bạc Hà Mèo,17500,17500,0,4.1,7,,,,,,,,,,catnip ống khô mèo
1716011,Vòng Cổ Cho Chó XDD (Size L)  - Giao Màu Ngẫu Nhiên,30000,30000,0,4,2,,,,,,,,,,vòng cổ chó xdd
486865,Đồ Ăn Cho Mèo Con Me-O Hương Vị Cá Biển (1.1Kg),108000,108000,0,5,22,,,,,,,,,,đồ ăn mèo con me
462524,Thịt Heo Hộp 40% Giảm Mặn Tulip 340g - Nhập Khẩu Đan Mạch | Tulip Pork Luncheon Meat 40% Less Sodium 340g,119800,119800,0,4.7,31,,,,,,,,,,thịt heo hộp giảm
278580464,Đậu đen xanh lòng rang sẵn - 1kg - Ftaky - Đậu đen xanh lòng hữu cơ - hạt nhỏ thuần chủng,80000,80000,0,0,0,,,,,,,,,,đậu đen xanh lòng rang
278422957,Thùng Thức uống sữa trái cây vị dâu Vinamilk Hero 180ml - 48 hộp/Thùng,313000,379000,66000,0,0,,,,,,,,,,thùng thư c uô
277608584,Bột Rau Má Nguyên Chất SATACHI – 100% rau má tươi,68218,338000,338000,0,5,,,,,,,,,,bột rau má nguyên chất satachi
276343927,Vime Deworm tẩy giun sán cho chó (Vemedim,10,81000,81000,0,0,,,,,,,,,,vime deworm tẩy giun sán chó
275576587,Muối Hồng Himalaya Nguyên Hạt Vipep Hũ Nhựa 250g - Gia vị Vipep,32000,32000,0,0,0,,,,,,,,,,muối hồng himalaya hạt
252877612,Giấm Táo Nguyên Chất Sempio Hàn Quốc (500ml),35000,35000,0,5,1,,,,,,,,,,giấm táo nguyên chất sempio
252872803,Đặc Sản Bình Định - Rượu Bàu Đá Thành Tâm Nếp 2 Lít,300000,300000,0,0,0,,,,,,,,,,đặc sản bình định rượu bàu
248106529,Trà Hà Thủ Ô hộp 30 Túi Lọc x 3Gram của Siêu Thị Thiên Nhiên,43000,43000,0,5,1,,,,,,,,,,trà hà thủ ô hộp túi
248106499,Trà Đinh Lăng hộp 30 Túi Lọc x 3Gram của Siêu Thị Thiên Nhiên,43000,43000,0,5,1,,,,,,,,,,trà đinh lăng hộp túi
213864945,Sữa Tắm Cao Cấp Cho Chó Mèo Showqueen Chai 500ml,178000,178000,0,5,2,,,,,,,,,,sữa tắm cao cấp chó
199940812,Rượu vang đỏ Saigon Export 750ml 13%,105000,105000,0,0,0,,,,,,,,,,rượu vang đỏ saigon
196813087,Cà phê Khe Sanh Blend - SHIN Cà phê - Cà phê pha thủ công - Hộp thiếc 200g,250000,250000,0,5,1,,,,,,,,,,cà phê khe sanh blend
195469961,Men Hỗ Trợ Tiêu Hóa Cho Chó Mèo Biotic Gói 5g,11000,11000,0,5,3,,,,,,,,,,men hỗ trợ tiêu hóa chó
180316436,Hantox Spray diệt ve rận,100,26000,26000,0,4,,,,,,,,,,hantox spray diệt
179749574,Nấm Tuyết Trắng Khô Không Tẩy Lý tưởng 70g,61600,61600,0,5,1,,,,,,,,,,nấm tuyết trắng khô
141651109,Hạt Dẻ Cười Mỹ Rang Muối không tẩy trắng (hũ 250gr),180000,180000,0,5,1,,,,,,,,,,hạt dẻ cười mỹ rang
141651000,Hạt Điều Bình phước(hũ 500gr),280000,280000,0,4.7,3,,,,,,,,,,hạt điều
77118750,Hạt Điều Vị Wasabi Lafooco 240g,139000,139000,0,5,2,,,,,,,,,,hạt điều vị wasabi
76277340,Trà sữa Kirin 1500mL Nhật Bản,69000,69000,0,0,0,,,,,,,,,,trà sữa kirin
70529895,'(Thùng Yến Xuân) 6 Hộp Nước Yến Sào win''sNest Đường Phèn 12% (6 Lọ * 70 ml / Hộp)',891990,1749000,857010,5,30,,,,,,,,,,hộp nước yến sào win
59199813,Quả táo đỏ thái lát - Loại cao cấp thơm ngon (500gr),71000,71000,0,4,2,,,,,,,,,,quả táo đỏ thái lát
53049718,Mù tạt tươi S&B Wasabi 43g - 4901002066550,66000,66000,0,4.3,11,,,,,,,,,,mù tạt tươi s b
52399864,Kỷ Tử Đen Only Nature 100gr,157500,157500,0,5,2,,,,,,,,,,kỷ tử đen only nature
51929097,CÀ PHÊ HẠT NGUYÊN CHẤT ROBUSTA RANG MỘC HEMERA COFFEE 500GR,140000,140000,0,3.9,9,,,,,,,,,,cà phê hạt nguyên chất robusta
16344129,Ngăn phóng uế FAY Repell 200ml Xua đuổi chó mèo,79000,79000,0,3.9,14,,,,,,,,,,ngăn phóng uế fay repell
486775,Đồ Ăn Cho Mèo Trưởng Thành Me-O Hương Vị Hải Sản (1.2Kg),115000,115000,0,1,1,,,,,,,,,,đồ ăn mèo trưởng thành me
278936258,Hộp Quà Tết 2026 OAKY NUTS – Set Hạt Nhập Khẩu 100% – Tặng Lì Xì,640687,711875,71188,0,0,,,,,,,,,,hộp quà tết oaky
278483775,Hạt Bí Xanh Rang Oaky - Túi 150g,50760,56400,5640,0,0,,,,,,,,,,hạt bí xanh rang oaky
277017567,Cát Đậu Nành Vệ Sinh Cho Mèo Tofu Cat Litter Catsme 6L,120000,120000,0,0,0,,,,,,,,,,cát đậu nành vệ sinh mèo
276239423,Bát Ăn Đơn Inox Cao Cấp Vân Trái Tim Cho Chó Mèo,58000,58000,0,0,0,,,,,,,,,,bát ăn đơn inox cao cấp
275826148,Trà xanh hương nhài ILOTA nguyên chất để pha trà hoa quả,500,89000,89000,0,0,,,,,,,,,,trà xanh hương nhài ilota
275576605,Muối Hồng Himalaya Nguyên Hạt Vipep Hũ Nhựa 500g - Gia vị Vipep,52000,52000,0,0,0,,,,,,,,,,muối hồng himalaya hạt
270614779,Combo 3 túi: Ngũ Cốc Óc Chó Mè Đen+Gạo Lức No Sugar+Yến Mạch Hạnh Nhân[ít đường 400gr](Tặng Kèm 2 Túi Yến Mạch 150G),226000,226000,0,0,0,,,,,,,,,,combo túi ngũ cốc óc chó
263705500,Đặc Sản Bình Thuận  -  Mực Xé Lá Chanh Đầm Sen - 1Kg,50000,50000,0,0,0,,,,,,,,,,đặc sản bình thuận mực xé
263704468,Đặc Sản Bình Thuận  - Cá Mai Lá Chanh Đầm Sen - 1Kg,47000,47000,0,0,0,,,,,,,,,,đặc sản bình thuận cá mai lá
263302079,Quế thanh các loại ngắn gia vị nấu ăn và làm trà,30000,30000,0,0,0,,,,,,,,,,quế thanh loại ngắn
257768324,Combo 11 Túi Ngũ Cốc Gạo Lứt Huyết Rồng Xuân An [ít đường] 400G {25g*16 gói}(Tặng Kèm 11 Túi Yến Mạch 150G),715000,715000,0,0,0,,,,,,,,,,combo túi ngũ cốc gạo lứt huyết
252051819,Thùng 30 Gói Cháo Yến Mạch Thịt Heo Bằm Xuân An 40G (Tặng Kèm 5 Gói),270000,270000,0,5,2,,,,,,,,,,thùng gói cháo yến mạch
197347616,Trà Hoa Atiso Túi Lọc Hộp 25 Gói - Hùng Phát Thương Hiệu 35 Năm,80000,80000,0,0,0,,,,,,,,,,trà hoa atiso túi lọc
173434393,Yoki Trà sữa khoai môn,80000,80000,0,4,1,,,,,,,,,,yoki trà sữa
169920551,Combo 3 Đường ăn kiêng Isomalt 5g (hộp 250g)/hộp,191400,191400,0,0,0,,,,,,,,,,combo đường ăn kiêng isomalt
167459352,Sâm cau khô đặc sản Kon Tum (1kg) chuyên hỗ trợ cho phái mạnh,180000,180000,0,3.4,5,,,,,,,,,,sâm cau khô đặc sản
141651113,Mơ khô sấy dẻo (hũ 500gr),260000,260000,0,5,2,,,,,,,,,,mơ khô sấy dẻo
141492772,'Tiêu Đen Hạt Farmers'' Organic Cối Xay Vipep Hũ Thủy Tinh 55g',94400,94400,0,0,0,,,,,,,,,,tiêu đen hạt farmers
130858000,Sữa Bột Wincofood Goldcare Diacerna 850g: dinh dưỡng đặc biệt dành cho người đái tháo đường và tiền đái tháo đường giúp ổn định đường huyết.,519000,519000,0,5,19,,,,,,,,,,sữa bột wincofood goldcare
77616961,Sora Bột đậu đen cao cấp nguyên chất 100%,94000,94000,0,5,16,,,,,,,,,,sora bột đậu đen
53214073,Đặc sản An Giang -CÁ LINH KHO MÍA đóng hộp 210g ANTESCO - Ocop 4 Sao,49900,49900,0,4.5,10,,,,,,,,,,đặc sản an giang cá linh kho
52698242,Viên sốt kem kiểu Nhật 160g - hàng nội địa Nhật Bản,77900,77900,0,3.7,6,,,,,,,,,,sốt kem kiểu nhật
48141321,Thùng (06 hộp) Mắm cá linh chưng - Antesco,279000,279000,0,5,109,,,,,,,,,,thùng mắm cá linh chưng
46212040,500g Trà sơn mật hồng sâm,59000,59000,0,4.8,5,,,,,,,,,,trà sơn mật hồng
45869214,Trà Atisô (Artichoke Tea) Giúp Ăn Ngủ Ngon- Da Mặt Mịn Màng (Hộp 20 Túi Lọc X 2g)- Nguyên Thái Trang - Loại Thượng Hạng – Thảo Dược Thiên Nhiên – Tốt Cho Sức Khỏe,39000,39000,0,3.7,3,,,,,,,,,,trà atisô giúp ăn ngủ
38212035,Đặc Sản Bình Thuận  - Nước Mắm Tĩn Lốc Mini Du Lịch 40N Đạm Tự Nhiên Gồm 10 Chai Thủy Tinh 60Ml Nước Mắm Rin Nguyên Chất Truyền Thống Sạch Là Cốt Nhĩ Từ Cá Cơm Than Sánh Đặc Thịt Cá Không Chất Bảo Quản - Ocop 4 Sao,248000,300000,52000,4.8,50,,,,,,,,,,đặc sản bình thuận nước mắm tĩn
26812103,Tã giấy vệ sinh cho chó - dùng lót khay vệ sinh hoặc lót chuòng chó,34000,34000,0,4.7,10,,,,,,,,,,tã giấy vệ sinh chó
20612900,Bơ Đậu Phộng Mịn La Petite Epicerie Saigon 180g,98000,98000,0,4,3,,,,,,,,,,bơ đậu phộng mịn la petite
278938039,[ THÙNG 24 LON ] PATE CHO MÈO CIAO PREMIUM CAN 75g BỔ SUNG PROTEIN 100% THỊT THẬT,520000,520000,0,0,0,,,,,,,,,,pate mèo ciao premium can
278878453,Trà Lài Cầu Đất 1650 – Túi Giấy 100g | Hương lài & vị trà đậm – Thanh lọc cơ thể,74750,74750,0,0,0,,,,,,,,,,trà lài cầu đất
278213789,Thức ăn cá Dr+ Premium Tropical Pellets cám hạt nhỏ đạm dinh dưỡng cho cá cảnh,58000,58000,0,0,0,,,,,,,,,,thức ăn cá dr premium tropical
277527372,Hạt Điều rang muối Sức Khỏe Xanh Túi 400g,171000,171000,0,0,0,,,,,,,,,,hạt điều rang muối
276334636,Hộp 50 viên Calci Tab Bổ Sung Canxi Cho Chó Mèo (Vemedim),85000,85000,0,5,1,,,,,,,,,,hộp viên calci tab bổ sung
275801273,Bộ 2 Bông Lọc Bể Cá Hoàng Nam Trắng 60x13cm - Vật Liệu Lọc Nước Hồ Cá Cao Cấp,32000,32000,0,5,3,,,,,,,,,,bông lọc bể cá hoàng
275483177,Hạt Kê tẻ vàng tách vỏ nhập khẩu từ Nga,29000,29000,0,5,2,,,,,,,,,,hạt kê tẻ vàng tách
273556975,Bánh Cá Vị Phô Mai Siêu Giòn VIETTIN MART,35000,35000,0,5,1,,,,,,,,,,bánh cá vị phô mai siêu giòn
273199800,[5KG] - Thức ăn dành cho mèo mọi lứa tuổi Wonder Cats  nhập khẩu Hàn Quốc,428000,428000,0,5,1,,,,,,,,,,thức ăn dành mèo lứa
263270362,Viên gà nướng mềm SAYA bổ sung gan 100g,80000,80000,0,5,1,,,,,,,,,,gà nướng mềm saya bổ sung
249013134,Bộ Sera No2 Test kiểm tra nitrit khí độc nitrite nước bể cá tôm tép,230000,230000,0,0,0,,,,,,,,,,bộ sera no test kiểm tra
206677242,Combo 2 hộp Bột ngũ cốc Damtuh Hàn Quốc Hộp Lớn,532000,532000,0,5,1,,,,,,,,,,combo hộp bột ngũ cốc
200793059,Sữa Tắm Cao Cấp Khử Mùi Hôi Giúp Lông Siêu Mượt Cho Chó Mèo Bio Lovely Pet,89000,89000,0,4.5,4,,,,,,,,,,sữa tắm cao cấp khử
191604721,Sốt ớt xanh hiệu Tabasco 60ml,93000,93000,0,4.5,2,,,,,,,,,,sốt ớt xanh hiệu
176825534,Tông Đơ Cắt Tỉa Lông Chuyên Nghiệp Cho Chó Mèo TONGDO DISMEY DUCK CP 6800 - YonaPetshop,449000,449000,0,5,9,,,,,,,,,,tông đơ cắt tỉa lông chuyên nghiệp
165239437,Diệt rêu hại PTV Cidex 14 dung dịch co2 lỏng ức chế rêu tảo hại bể thủy sinh cá tép,110000,110000,0,0,0,,,,,,,,,,diệt rêu hại ptv cidex dung dịch
141651145,Quả Óc Chó Đỏ Mỹ đã tách vỏ ( hũ 500gr ),300000,300000,0,4.5,2,,,,,,,,,,quả óc chó đỏ mỹ tách
137153331,Bột Hành Natas Hũ 60g-Bột Gia Vị Tiện Dụng,27000,27000,0,4.6,7,,,,,,,,,,bột hành natas hũ bột
127507649,Hạt Điều Mật Ong LAFOOCO túi 100g,54000,54000,0,5,1,,,,,,,,,,hạt điều mật ong lafooco
89624989,Tương Ớt Tươi Chilica 255g,42900,42900,0,4.8,83,,,,,,,,,,tương ớt
82251208,Bột Rau Má Sấy Lạnh - Hủ 500gr,215000,215000,0,0,0,,,,,,,,,,bột rau má sấy lạnh
74038234,Trà Ổi Hộp 25 gói - Trà Hùng Phát,40000,40000,0,4.8,23,,,,,,,,,,trà ổi hộp gói
68716382,Nhân hạt Hướng Dương tự nhiên (Chưa rang),33000,33000,0,4.5,35,,,,,,,,,,hạt hướng
54343908,Hoa Hồi Bột Tự Nhiên Vipep Hũ Nhựa 400g,224400,224400,0,4,4,,,,,,,,,,hoa hồi bột tự nhiên
49011134,Gia Vị Nấu Phở Minh Hà 100g,47800,47800,0,4.7,46,,,,,,,,,,gia vị nấu phở
45242091,Bánh ngọt Maruto banana castella  200g,112000,112000,0,0,0,,,,,,,,,,bánh ngọt maruto banana
45165085,1kg Trà long nhãn - Nhãn nhục,289000,289000,0,0,0,,,,,,,,,,kg trà long nhãn
33478112,Khay vệ sinh chó dạng lưới cải tiến HanpetCT01- tặng 3 miếng lót khay,149000,149000,0,4.6,10,,,,,,,,,,khay vệ sinh chó dạng
13362625,Nước Ép Vải Malee 1L - Nhập Khẩu Thái Lan | Malee 100% Lychee Juice 1L,82500,82500,0,4.6,16,,,,,,,,,,nước ép vải malee
4684161,Bột ngũ cốc dinh dưỡng cao cấp Dr. B-Glucan (Dành cho người ăn kiêng hoặc tiểu đường) - hộp thiếc 750g,550000,550000,0,5,15,,,,,,,,,,bột ngũ cốc dinh dưỡng cao cấp
278768372,Thùng 24 lon Nước táo lên men Somersby vị Mâm Xôi (320ml/lon) - Độ cồn 3.5%,447000,447000,0,0,0,,,,,,,,,,thu ng lon nước
278098520,ÁO CUTE COOL NGẦU TỪ 1-20KG DÀNH CHO THÚ CƯNG CHÓ MÈO,260000,260000,0,0,0,,,,,,,,,,áo cute cool ngầu
277558449,Lá Kinh Giới Vipep Hũ Nhựa 20g - Gia vị Vipep,30000,30000,0,0,0,,,,,,,,,,lá kinh giới vipep hũ nhựa
277407062,Băng Keo Trong Chống Mèo Cào Bảo Vệ Sô Pha Nội Thất Da,65000,65000,0,0,0,,,,,,,,,,băng keo chống mèo
274792634,KHÔ BÒ MIẾNG SIÊU CAY TÂN LỘC PHÁT - BỊCH 200G,185000,185000,0,0,0,,,,,,,,,,khô bò siêu cay tân lộc
274565665,DẦU MÈ ÉP NGUYÊN CHẤT MARUHON NHẬT BẢN 150G,155000,155000,0,5,2,,,,,,,,,,dầu mè ép nguyên chất
270861154,Bộ 10 Tuýp SĐCĐ Ông Thọ Đỏ - Loại Tuýp 165g,211000,211000,0,5,39,,,,,,,,,,tuýp sđcđ thọ đỏ
263753404,Đặc Sản Bình Thuận  - Cá Đục Nướng Ăn Liền Đầm Sen  - 1Kg,63000,63000,0,0,0,,,,,,,,,,đặc sản bình thuận cá đục nướng
261943965,Rượu Hà Nội HALICO nồng độ 35% can PE 4l không kèm hộp,324000,324000,0,5,5,,,,,,,,,,rượu hà nội halico nồng độ
258667213,Combo Best Seller 3 Túi Canh I-Soup Thuần Chay,174000,174000,0,5,4,,,,,,,,,,combo best seller túi
257773331,Yến Mạch Hữu Cơ Xuân An [ko đường] Túi 3Kg[cán dẹt](Giảm 20%),600000,600000,0,5,2,,,,,,,,,,yến mạch hữu cơ xuân
221018114,COMBO 5 GÓI Thức Ăn Hạt Khô Dành Chó Con Hương Vị Sữa Classic Pets Milk Flavour 400g,28000,28000,0,4.7,3,,,,,,,,,,combo gói thức ăn hạt
207357410,TRÀ LÁ SEN HỘP 150G - HƯƠNG SEN VIỆT,150000,150000,0,0,0,,,,,,,,,,trà lá sen hộp hương sen
196004161,'Socola Beryl''s Đen Hạnh Nhân Hủ 410g',365000,365000,0,5,4,,,,,,,,,,socola beryl s đen
173299758,Xúc Xích Cao Cấp Dinh Dưỡng Cho Chó Mèo Taotaopets Mẫu Mới 30x15g - YonaPetshop,75000,75000,0,4.2,5,,,,,,,,,,xúc xích cao cấp dinh dưỡng
166480179,Đặc Sản Kon Tum - Trái Sơn Tra Táo Mèo Khô Hiệu Đặc Sản Và Dược Liệu Kon Tum (1Kg) - OCOP 3 Sao,90000,90000,0,4.5,12,,,,,,,,,,đặc sản kon tum trái sơn tra
141808767,Tỏi Bột Tự Nhiên Vipep Hũ Nhựa 70g,31100,31100,0,4.7,19,,,,,,,,,,tỏi bột tự nhiên vipep
138107477,Thùng Canh rong biển Miso ăn liền Asuzac 12 hộp (50g x 12 hộp),600000,600000,0,5,1,,,,,,,,,,thùng canh rong biển
115708189,Thạch Orihiro vị Dưa Lưới và Chanh,59000,59000,0,3,4,,,,,,,,,,thạch orihiro vị dưa lưới
114240921,Nước Mắm Phú Quốc QUỐC VỊ 520ml,99000,99000,0,4,2,,,,,,,,,,nước mắm phú quốc
81896919,Bột diếp cá - Hủ 500gr,225000,225000,0,5,3,,,,,,,,,,bột diếp cá hủ
72647180,Nhân Hạt Bí Xanh Nhập Khẩu Cao Cấp Thương Hiệu SK FOOD - Hũ 500G,150000,150000,0,4.5,39,,,,,,,,,,hạt bí xanh nhập khẩu cao cấp
58939622,Combo 3 Gói Gia Vị Nướng Muối Ớt Barona 80g ướp ngon chuẩn vị không cần nêm nếm,40200,40200,0,5,41,,,,,,,,,,combo gói gia vị nướng
58272203,CÀ PHÊ HẠT ESPRESSO HƯƠNG HẠT DẺ 454GR,158000,158000,0,5,2,,,,,,,,,,cà phê hạt espresso hương
55433759,Viên nghệ sữa ong chúa  ( Viên nghệ mật ong) - Hủ 500g,95000,95000,0,5,2,,,,,,,,,,nghệ sữa ong chúa
46261331,1kg hạt mắc ca,265000,265000,0,5,1,,,,,,,,,,kg hạt mắc ca
45259044,200gr Trà hắc kỷ tử - Kỷ tử đen,67000,67000,0,5,1,,,,,,,,,,r trà hắc kỷ tử
42676884,Tương Ớt Gốc Việt Siracha,65000,65000,0,4.8,45,,,,,,,,,,tương ớt gốc việt
41015214,Thạch trái cây mix đào vải Orihiro 240g,59000,59000,0,3,6,,,,,,,,,,thạch trái cây mix đào
23313224,500g cà phê Arabica Cầu Đất dạng hạt rang chưa xay - LeeLong Coffee,249000,249000,0,4.2,33,,,,,,,,,,cà phê arabica cầu đất
13853158,Thức Ăn Cho Mèo  Me-O Adult Vị Cá Thu (350g),27500,27500,0,4.7,3,,,,,,,,,,thức ăn mèo me adult vị
13823894,Combo 2 chai dầu Ăn Hoa Cải Ajinomoto (1000g) - Bổ Sung Omega 3 & 6 Nhật Bản,158000,158000,0,4.7,7,,,,,,,,,,combo chai dầu ăn
4680757,Trái cây sấy khô thập cẩm Huynh Đệ Tề Hùng 1kg,118000,118000,0,4.6,60,,,,,,,,,,trái cây sấy khô thập cẩm huynh đệ
3497961,Combo 2 hộp Nuti Enplus Gold 900 Gr : sữa bổ sung dinh dưỡng hàng ngày cho người trưởng thành,1100000,1100000,0,4.7,33,,,,,,,,,,combo hộp nuti enplus
278876790,Cháo Sườn Rau Củ Minh Trung 365G Không Chất Bảo Quản - Combo 6 Lon Cháo Sườn 6,132000,132000,0,3,1,,,,,,,,,,cháo sườn rau củ
278583505,Sữa hạt Hạnh Nhân Bơ & Rau củ 137 DEGREES 1000ml,125000,181000,56000,0,0,,,,,,,,,,sữa hạt hạnh nhân bơ
276665195,Cà Phê Nguyên Chất Baka - Robusta (Bì 500g),150000,150000,0,5,21,,,,,,,,,,cà phê nguyên chất baka
276564591,Hạt Chia Úc TLP.100% Organic Ăn Kiêng Giảm Cân Hạt Chuẩn Sạch Đều Đẹp (Hũ 500g),167000,167000,0,4.5,2,,,,,,,,,,hạt chia úc tlp
276500836,Dầu Oliu Extra Virgin PONS 500ml - Tây Ban Nha ( Chai Thủy Tinh ),345000,345000,0,0,0,,,,,,,,,,dầu oliu extra virgin
276035525,XOÀI SẤY DẺO VỊ TỰ NHIÊN CHUA NGỌT TÂN LỘC PHÁT,380000,380000,0,4.5,42,,,,,,,,,,xoài sấy dẻo vị tự nhiên
274937187,Sữa bột dành cho chó mèo hộp 100g,41000,41000,0,0,0,,,,,,,,,,sữa bột dành chó
274146110,Máy hút cặn vệ sinh bể cá 6IN1 Tích Hợp bơm BY-X20 & BY-X25,387000,387000,0,3,2,,,,,,,,,,máy hút cặn vệ sinh
273593321,1 thùng - Rượu Mơ Sâm 19 Núi Tản chưng cất từ mơ tươi Ba Vì lên men tự nhiên ngâm cùng Hồng sâm 6 năm Hàn Quốc,540000,540000,0,0,0,,,,,,,,,,thùng rượu mơ sâm
273155171,Combo 2 Kẹo Hồng Sâm Hàn Quốc Không Đường Giảm Căng Thăng - Ginseng House Bịch vàng 500g*2,229000,249000,20000,5,1,,,,,,,,,,combo kẹo hồng sâm
263763982,Đặc Sản Bình Thuận  -  Mực Xé Sợi Đầm Sen - 80G,50000,50000,0,0,0,,,,,,,,,,đặc sản bình thuận mực xé
263041279,Collagen+Biotin Youtheory Mỹ (Collagen Type 1-2-3) - QuaTangMe Extaste,850000,850000,0,4.7,43,,,,,,,,,,collagen biotin youtheory mỹ quatangme
249237788,Hộp 2 chai nước mắm truyền thống Phú Quốc Hồng Hạnh Cốt Nhỉ 40 độ đạm - Chấm sống tuyệt ngon,198000,225000,27000,4.7,20,,,,,,,,,,hộp chai nước mắm truyền thống
217512041,Pate Cho Mèo Con Vị Cá Thu Whiskas Kitten Hộp 12 Gói 80g,15000,15000,0,5,3,,,,,,,,,,pate mèo vị cá
216268622,Thức ăn Hikari-Cám hikari Nhật bản-Cá ali-đĩa-cầu vồng-Pleco-cá tầng đáy-cá nhiệt đới-cá vàng-gold fish-thức ăn cá cảnh,168000,168000,0,5,1,,,,,,,,,,thức ăn hikari cám hikari
216233529,Trà Gừng hộp 30 Túi Lọc x 3gram Siêu Thị Thiên Nhiên,43000,43000,0,0,0,,,,,,,,,,trà gừng hộp túi
214610280,(1KG/2.4KG) Dog Mania Adult - Thức ăn hạt CHO CHÓ TRƯỞNG THÀNH nhập khẩu HÀN QUỐC,115000,115000,0,0,0,,,,,,,,,,dog mania adult thức ăn
189604310,Cà phê phin giấy Gu Người Việt DalatFarm - Hộp 10 túi x 10 g,150000,150000,0,5,14,,,,,,,,,,cà phê phin giấy gu
164574351,MỨT ME CHUA CAY THÀNH LONG 500G,303000,303000,0,3.5,2,,,,,,,,,,mứt me chua cay thành
141651137,Hạt Hồ Đào ( hộp 500gr),250000,250000,0,4,1,,,,,,,,,,hạt hồ đào
141651048,NGŨ CỐC DINH DƯỠNG GRANOLA ( hũ 500gr ),230000,230000,0,4.7,88,,,,,,,,,,ngũ cốc dinh dưỡng
111852095,Thịt Heo Hộp Tulip 200g - Nhập Khẩu Đan Mạch | Tulip Pork Luncheon Meat 200g,59900,59900,0,4.7,44,,,,,,,,,,thịt heo hộp tulip
75513955,TRÀ GỪNG NGUYÊN CHẤT (HŨ 100G) - Thương hiệu Hùng Phát,123000,123000,0,3.7,3,,,,,,,,,,trà gừng nguyên chất thương hiê u
68269446,Bột ngũ cốc dinh dưỡng từ 18 loại  Đậu & Hạt cao cấp - MS ( 500gr),139000,139000,0,4.6,363,,,,,,,,,,bột ngũ cốc dinh dưỡng loại
68002731,Trà hoa Atiso xanh Đà Lạt (100gr),99000,99000,0,0,0,,,,,,,,,,trà hoa atiso xanh
67538376,Trung Nguyên Legend Success 8 - Lon 340gr,460080,460080,0,5,15,,,,,,,,,,trung nguyên legend success lon
60839192,Thịt heo chà bông Chà Chà - Thảo Nguyên Phát hũ 250g,169000,169000,0,5,81,,,,,,,,,,thịt heo chà bông chà chà
57653574,Kẹo ngậm bạc hà Frisk NEO Peppermint (50 viên),88888,88888,0,5,2,,,,,,,,,,kẹo ngậm bạc hà frisk
42053768,Trà nụ hoa tam thất,129000,129000,0,5,3,,,,,,,,,,trà hoa
893764,Cà phê rang xay Rita Võ Cafe Moka 250g,150000,150000,0,4.7,7,,,,,,,,,,cà phê rang xay rita
278873988,Cháo Sen Bát Bảo Minh Trung 365g Không Chất Bảo Quản - Combo 6 lon CSBB 6,114000,114000,0,0,0,,,,,,,,,,cháo sen bát bảo minh trung
278865086,Set nguyên liệu sữa hạt: Đậu đen - Gạo lứt - Hạnh nhân 115g,31900,31900,0,0,0,,,,,,,,,,set nguyên liệu sữa hạt
277450640,Cà phê hoà tan Dừa Mr Viet Coffee 255g - Instant Coffee Coconut (15 gói/ hộp *17g),115000,115000,0,0,0,,,,,,,,,,cà phê hòa tan dừa
276653564,Đèn led KaoKui Aquarium Light KK series trắng quang phổ bể thủy sinh cá tép cảnh,80000,80000,0,5,1,,,,,,,,,,đèn led kaokui aquarium
276607410,Đèn led Neo Helios Flat Nano S3 Plus Pro kẹp mini đỏ cá tép cây bể thủy sinh,142000,142000,0,3,1,,,,,,,,,,đèn led neo helios
275517143,Đèn LED máng bể cá 20-90cm XML Ánh Sáng Trắng cao cấp,148550,148550,0,4.3,3,,,,,,,,,,đèn led máng bể cá
274904241,Sữa tắm joyce & doll cho chó mèo - Sữa tắm nước hoa cho chó mèo - Đồ Thú Cưng,235000,235000,0,0,0,,,,,,,,,,sữa tắm joyce doll
273821833,Thùng 24 Gói Mì vị Kim Chi Koreno 100g,296000,296000,0,0,0,,,,,,,,,,thùng gói mì vị kim
271137165,Viên nấu cà ri (curry) Nhật Bản 200g,79000,79000,0,0,0,,,,,,,,,,nấu cà ri
261815198,Rượu Hà Nội HALICO nồng độ 30% can PE 2l không kèm hộp,151000,151000,0,3.7,3,,,,,,,,,,rượu hà nội halico nồng độ
248294074,Trà Đông Trùng Hạ Thảo hộp 30 Túi Lọc x 3Gram của Siêu Thị Thiên Nhiên,43000,43000,0,4.8,4,,,,,,,,,,trà đông trùng hạ thảo hộp
204622056,Đặc sản Phan Thiết - Ghẹ Sữa Rim Gói 50 Gram Sản Phẩm Trải Nghiệm Đã Chế Biến Ăn Liền Ngon Ơi Là Ngon. Hạn Sử Dụng 12 Tháng Kể Từ Ngày Đặt Hàng - OCOP 4 Sao,20000,20000,0,5,3,,,,,,,,,,đặc sản phan thiết ghẹ sữa rim gói
200794435,Sữa Tắm Đặc Trị Ghẻ Và Nấm Da Cho Chó Bio Derma,95000,95000,0,0,0,,,,,,,,,,sữa tắm đặc trị ghẻ
193701763,Rượu vang hồng Úc Db Selection Pink Moscato,402000,402000,0,5,1,,,,,,,,,,rượu vang hồng úc
173393175,Cà Phê Hạt 7 Blend,518527,518527,0,0,0,,,,,,,,,,cà phê hạt blend
145093462,Cà Phê Trắng Truyền Thống 3 Trong 1 Aik Cheong Malaysia - White Coffee (15 Gói x 40g),140000,140000,0,4.8,12,,,,,,,,,,ca phê trắng truyền thống aik
128305400,[Mẫu mới] Thức ăn hạt cho mèo mọi lứa tuổi Catsrang Hàn Quốc,385500,385500,0,0,0,,,,,,,,,,thức ăn hạt mèo lứa
120760510,Thùng 30 gói mì khoai tây Omachi xốt bò hầm 80g,299000,299000,0,4,4,,,,,,,,,,thùng gói mì khoai tây
53087084,Hạt sen sấy khô - 1kg,249000,249000,0,4.5,2,,,,,,,,,,hạt sen sấy khô
48567421,Đồ dùng vệ sinh cho chó mèo - Bỉm dán siêu thấm dạng quần chó đực và chó cái của Hanpet,64000,64000,0,4.1,22,,,,,,,,,,đồ dùng vệ sinh chó mèo
46782187,Cà Phê Hòa Tan Cappuccino Vị Vani KING COFFEE - Hộp 12 gói x 20g,78200,90900,12700,4.6,27,,,,,,,,,,cà phê hòa tan cappuccino vị
22400342,Mật Ong Rừng U Minh 100ml,200000,200000,0,4.7,3,,,,,,,,,,mật ong rừng
16268021,Thùng 30 Gói Mì Khoai Tây Cung Đình Hương Vị Bò Hầm,235000,249000,14000,4.5,11,,,,,,,,,,thùng gói mì khoai tây
12951294,Thùng 12 Hộp Phở Gà Hà Nội Cung Đình (73g/Hộp),209000,316000,107000,5,1,,,,,,,,,,thùng hộp phở gà
10686140,Dây xích và vòng Cổ Inox cho chó mèo,56600,56600,0,4.8,5,,,,,,,,,,dây xích vòng cổ inox chó
893760,Cà phê hạt rang Rita Võ Cafe Thích 500g,260000,260000,0,4,5,,,,,,,,,,cà phê hạt rang rita
629721,Trà Chanh Mật Ong Hàn Quốc Korea Natural Food Honey Citron Tea (1Kg),169000,169000,0,4.7,49,,,,,,,,,,trà chanh mật ong hàn quốc
599733,Trà Sữa Vị Trà Xanh Aik Cheong Matcha Café Art (12 Gói x 25g),130000,130000,0,4.8,38,,,,,,,,,,trà sữa vị trà xanh
278960093,Trà mật ong gừng Dooraone Hàn Quốc lọ thủy tinh 1000g - Ginseng House,319000,319000,0,0,0,,,,,,,,,,trà mật ong gừng dooraone
278865066,Set nguyên liệu sữa hạt: Cốm - Hạt sen - Hạt điều 115g,31900,31900,0,0,0,,,,,,,,,,set nguyên liệu sữa hạt
278643065,VIFON - Cháo Vifon 70g hương vị Sườn (có gói thịt sườn thật),70,17400,17400,0,0,,,,,,,,,,vifon cháo vifon hương vị
278600086,Thịt Heo Hộp Tulip 850g - Nhập Khẩu Đan Mạch | Tulip Pork Luncheon Meat 850g,230700,230700,0,0,0,,,,,,,,,,thịt heo hộp tulip
278194718,ÁO THUN NỈ HOẠ TIẾT NAI CUTE TỪ 1-4.5KG DÀNH CHO THÚ CƯNG CHÓ MÈO,112000,112000,0,0,0,,,,,,,,,,áo thun nỉ họa tiết
275901706,Đậu nành đen xanh lòng (đậu tương đen) sấy giòn nguyên vị ăn liền - hàng loại 1 không biến đổi gen,66500,70000,3500,0,0,,,,,,,,,,đậu nành đen xanh lòng sấy
275721749,Vòng nổi cho cá ăn Feeding Ring giữ thức ăn cám tầng mặt bể cá thủy sinh,14000,14000,0,4,1,,,,,,,,,,vòng
274565570,Trà cần tây túi lọc Goce - Tan mỡ giảm cân,110000,110000,0,5,1,,,,,,,,,,trà cần tây túi
274553642,KHÔ BÒ MIẾNG TÂN LỘC PHÁT BỊCH 200G,185000,185000,0,5,1,,,,,,,,,,khô bò tân lộc phát
273992080,Sinh Tố VINA MỨT 1000ml - 10 Vị Trái Cây Tươi Tự Nhiên,83000,83000,0,5,8,,,,,,,,,,sinh tố vina mứt vị trái cây
273979232,[Chay] Thịt Burger Chay Unmeat 330g - Nhập khẩu trực tiếp từ Philippines,138000,138000,0,5,1,,,,,,,,,,thịt burger chay unmeat
273979195,[Chay] Thịt Chay Unmeat 330g - Nhập khẩu trực tiếp từ Philippines,138000,138000,0,5,1,,,,,,,,,,thịt chay unmeat nhập khẩu
273297644,Bột tía tô nguyên chất Goce – 45g (15 gói x 3g) ST,85000,85000,0,0,0,,,,,,,,,,bột tía tô nguyên chất goce
271143160,Rượu vang đỏ Pháp 1982 AOC Bordeaux,350000,350000,0,0,0,,,,,,,,,,rượu vang đỏ pháp aoc
270958173,Trà Tâm Sen (Tim Sen) DalatFarm - Túi 110 g,95000,95000,0,5,22,,,,,,,,,,trà tâm sen dalatfarm túi
263764337,Đặc Sản Bình Thuận  -  Cá Kèo Rim Đầm Sen - 1Kg,35000,35000,0,0,0,,,,,,,,,,đặc sản bình thuận cá kèo rim
263120115,ROYAL CANIN  CHĂM SÓC DA VÀ LÔNG-HAIR & SKIN DRY CAT FOOD,630000,630000,0,0,0,,,,,,,,,,royal canin chăm sóc da
230082764,Pate Monge 100g,29000,29000,0,5,5,,,,,,,,,,pate
220658384,COMBO 5 Gói Thức Ăn Hạt Cho Mèo Vị Cá Hồi Và Hải Sản Minino Yum 350g,179000,179000,0,5,1,,,,,,,,,,combo gói thức ăn hạt
197382510,Hạt đậu gà không biến đổi gen Ấn độ/Canada size 9mm up_Chickpeas non GMO from India/Canada,28500,30000,1500,5,21,,,,,,,,,,hạt đậu gà không biến đổi gen
191956631,Dầu Olive Pons Pomace PONS 5L - Tây Ban Nha (chai nhựa-chuyên dùng cho nấu nướng),1399000,1399000,0,5,6,,,,,,,,,,dầu olive pons pomace
179438807,'Yến sào wins''Nest tổ yến chưng nguyên chất ít đường 25% hộp 6 lọ',420000,420000,0,5,2,,,,,,,,,,yến sào wins nest tổ
167431182,Đặc Sản Kon Tum - Ngọc Cẩu Khô Đặc Sản Kon Tum (Nấm Tỏa Dương) 1Kg - OCOP 3 Sao,149000,149000,0,4.3,6,,,,,,,,,,đặc sản kon tum ngọc cẩu
148668149,'(Thùng 06 hộp )Yến Sào win''sNest Tổ Yến Chưng Sẵn 20% Đường Phèn (6 Lọ/Hộp) kèm túi',1124500,2249000,1124500,5,6,,,,,,,,,,yến sào win snest tổ
73722554,Trà Túi Lọc Atiso Hộp 25 Gói - Thương hiệu Hùng Phát,40000,40000,0,5,7,,,,,,,,,,tra túi lọc atiso
55097144,1Kg Khô Gà Lá Chanh Loại Ngon Thương Hiệu SK FOOD,300000,300000,0,4.5,274,,,,,,,,,,kg khô ga la chanh
48413640,200g Trà hoa đậu biếc,95000,95000,0,4.6,16,,,,,,,,,,trà hoa đậu
13558236,Gia Vị Bò Kho Barona 80g ươp ngon chuẩn vị không cần nêm nếm - Combo,13400,13400,0,5,74,,,,,,,,,,gia vị bò kho barona
599726,Trà Sữa Vị Cà Phê Aik Cheong Teh Tarik Combo 4 In 1 (15 Gói x 40g),155000,155000,0,4.1,19,,,,,,,,,,tra sư a vi ca phê aik
278839221,Xốt Salad Thousand Island Hellmann’s 250ml - Thương Hiệu Mỹ,250,89700,89700,0,0,,,,,,,,,,xốt salad thousand island
278246704,Hạt CARE CAT ALL LIFE,40000,40000,0,5,1,,,,,,,,,,hạt care cat all
278244103,DÂY DẮT YẾM DẮT THÚ CƯNG CHÓ MÈO TỪ 3-25KG DÀNH CHO THÚ CƯNG CHÓ MÈO,185000,185000,0,0,0,,,,,,,,,,dây dắt yếm dắt thú cưng
276985169,hạt trái cây kaytee Thái dùng làm thức ăn nhiều dinh dưỡng cho mọi dòng vẹt,26999,26999,0,5,1,,,,,,,,,,hạt trái cây kaytee thái dùng
276568518,XOÀI SẤY MUỐI ỚT TÂN LỘC PHÁT DẺO THƠM ÍT ĐƯỜNG,208000,208000,0,0,0,,,,,,,,,,xoài sấy muối ớt tân lộc
276254587,Bát Ăn Đôi Nhựa Cao Cấp Cho Chó Mèo Hình Thang,25000,25000,0,5,1,,,,,,,,,,bát ăn nhựa cao cấp
276031691,KHÔ BÒ MIẾNG TÂN LỘC PHÁT ÍT CAY 1KG,897000,897000,0,5,1,,,,,,,,,,khô bò tân lộc phát
275952276,Nhân Hạt Kiều Mạch (Ba Khía) Sức Khỏe Xanh Giàu Dinh Dưỡng Túi 250g Nhập khẩu chính ngạch từ Trung Quốc,32000,32000,0,0,0,,,,,,,,,,hạt kiều mạch sức khỏe
275385798,Ngũ cốc dành cho bồ câu (đầy đủ chất dinh dưỡng),18999,18999,0,0,0,,,,,,,,,,ngũ cốc dành
274044381,SKHPearlNest Khánh Hòa Đặc sản Yến sào - Tổ yến tinh chế hộp quà tặng 30g,1782000,1782000,0,0,0,,,,,,,,,,skhpearlnest khánh hòa đặc sản yến sào
214738808,Diệt rêu hại Ista Premium Algae Remover phòng ngừa ức chế rêu tảo hại bể cá tép thủy sinh,161000,161000,0,3.5,4,,,,,,,,,,diệt rêu hại ista premium
197824351,Cát đậu nành CATURE Natural Tofu 7L,585000,585000,0,5,7,,,,,,,,,,cát đậu nành cature natural
195231244,Nam Việt Quất Canada 350g Dan D Pak,150000,150000,0,0,0,,,,,,,,,,nam việt quất canada
183488267,Tương Miso Shinshu Nhật Bản {Hikari Miso} 1KG,135000,135000,0,5,2,,,,,,,,,,tương miso shinshu nhật bản hikari
182752196,BƠM QUẠT ĐIỀU HOÀ - BƠM QUẠT HƠI NƯỚC - BƠM MINI - BƠM BỂ CÁ,109000,109000,0,4.3,7,,,,,,,,,,bơm quạt điều hòa
132913441,Bơ Đậu Phộng Mịn Jif 454g - Nhập Khẩu Mỹ | Jif Creamy Peanut Butter 454g,173800,173800,0,5,10,,,,,,,,,,bơ đậu phộng mịn jif
104488108,Pudding GTP hương Trứng/ Khoai môn/ Dâu/ Dưa Lưới/ Matcha,143640,143640,0,4.8,9,,,,,,,,,,pudding gtp hương trứng khoai môn
76277876,Trà Ô long hỗ trợ giảm mỡ Asahi 2L,79800,79800,0,0,0,,,,,,,,,,trà ô long hỗ trợ
67966062,Hạt ngũ hoa - Loại hạt nhỏ (500gr),89000,89000,0,5,3,,,,,,,,,,hạt ngũ hoa loại
31692546,Máy mài móng dành cho chó mèo và thú cưng - Máy mài Mini,60800,60800,0,3.5,6,,,,,,,,,,máy mài móng dành
20612815,Thơm Sấy Dẻo La Petite Epicerie Saigon - 100g,67000,67000,0,5,1,,,,,,,,,,thơm sấy dẻo la petite epicerie
14982177,Đậu gà nâu Brown Chickpeas,23000,23000,0,4.3,16,,,,,,,,,,đậu gà nâu brown
14134809,Bột quế nguyên chất Viet Healthy 200g,79000,79000,0,4.7,65,,,,,,,,,,bột quế nguyên chất viet
13428344,Thức Ăn Cho Mèo Royal Canin Hairball Care  2kg,608000,608000,0,5,11,,,,,,,,,,thức ăn mèo royal canin
1047718,Trà Sâm Ginseng Daeyoung Ginseng Food (100 Gói / Hộp),195000,195000,0,5,1,,,,,,,,,,trà sâm ginseng daeyoung
1047716,Kẹo Sâm Không Đường Korea Red Ginseng (500g),66000,66000,0,5,1,,,,,,,,,,kẹo sâm đường korea
279074889,Hộp wine đỏ 2 chai Divina Reserve Cabernet Chile,770000,770000,0,0,0,,,,,,,,,,hộp wine đỏ chai
278693039,Cozy 365 Trà Atiso (Artiso Tea) 25 gói x 2g Hộp,38000,38000,0,0,0,,,,,,,,,,cozy trà atiso gói x
278678942,Creamer đặc có đường Brothers - Lon 390gr,32000,32000,0,5,1,,,,,,,,,,creamer đặc có đường
278249225,Sữa Tươi Tiệt Trùng Green Farm A2 Không Đường Vinamilk Hộp 110ml,263000,263000,0,0,0,,,,,,,,,,sữa tươi tiệt trùng green farm a
277500036,[COMBO 2 HŨ 300G] Gạo lứt giảm cân ăn liền Mailey - gạo lứt sấy rong biển/ cháy tỏi ăn kiêng healthy,129550,238000,108450,5,6,,,,,,,,,,gạo lứt giảm cân
276229370,9KG Thức ăn cho mèo Keos Seafood - Vị hải sản - Thức ăn hạt cho mèo,106999,106999,0,4.5,6,,,,,,,,,,kg thức ăn mèo keos
275695660,1 cây mài móng (gỗ) cho chim đậu (giúp móng chim đỡ sắc),34999,34999,0,0,0,,,,,,,,,,mài móng chim đậu
262018521,Trà Tâm Sen (Tim Sen) DalatFarm - Hộp 250 g,185000,185000,0,5,22,,,,,,,,,,trà tâm sen dalatfarm hộp
261824761,Rượu Táo Mèo Liquor HALICO nồng độ 30%v chai 500ml không kèm hộp,145000,145000,0,5,1,,,,,,,,,,rượu táo mèo liquor halico
253216166,'(1kg)THỨC ĂN HẠT TODAY''S DINNER CHO MÈO MỌI LỨA TUỔI',79000,79000,0,5,1,,,,,,,,,,thức ăn hạt today s
242716075,Pate Dinh Dưỡng Cho Chó Con PEDIGREE Puppy 130g - YonaPetshop,26000,26000,0,3.7,3,,,,,,,,,,pate dinh dưỡng chó pedigree
197906697,Cháo yến mạch thịt bầm 40g Xuân An ( Mua 10 tặng 1 gói cháo gà 40g),9000,9000,0,0,0,,,,,,,,,,cháo yến mạch thịt bầm
196811863,Cà phê nguyên chất BLEND B’Lao Farm 30% cà phê Robusta 70% cà phê Arabica cà phê rang mộc pha phin pha máy ngọt hậu B37,120287,120287,0,4.5,2,,,,,,,,,,cà phê nguyên chất blend b
184125030,Gạo Sữa,110000,110000,0,0,0,,,,,,,,,,gạo sữa
164092772,MỨT MÃNG CẦU SẤY MUỐI ỚT THÀNH LONG 500G - VIỆT NAM,297000,297000,0,3.7,3,,,,,,,,,,mứt mãng cầu sấy muối
111953420,[DATE MỚI] [ 5.6KG]  Thức ăn hạt cho chó ANF 6FREE PLUS vị VỊT + CÁ HỒI nhập khẩu Hàn Quốc,1310000,1310000,0,5,3,,,,,,,,,,thức ăn hạt chó anf
109401421,Đặc Sản Phan Thiết - Thùng 6 Chai Nước Mắm Nhỉ Cá Cơm Vàng Ruột Đỏ Làng Chài Xưa 525Ml/Chai Cá Ngon Vùng Nước Trồi 300 Năm Truyền Thống,220000,420000,200000,4.6,90,,,,,,,,,,đặc sản phan thiết thùng chai nước mắm
74038662,Trà Râu Bắp Túi Lọc Hộp 25 Gói - Thương Hiệu Hùng Phát,40000,40000,0,5,2,,,,,,,,,,trà râu bắp túi lọc
56757957,Đông trùng hạ thảo sấy thăng hoa - Hủ 10g,109000,109000,0,4.6,90,,,,,,,,,,đông trùng hạ thảo sấy thăng hoa
25122296,Thùng 6 gói ngũ cốc hoa quả Calbee Nhật Bản (800g x 6),1070000,1070000,0,5,11,,,,,,,,,,thùng gói ngũ cốc hoa quả calbee
24125490,COMBO 6 LỐC SỮA TƯƠI TIỆT TRÙNG VINAMILK 100% ÍT ĐƯỜNG - LỐC 4 HỘP X 110ML,160000,160000,0,5,10,,,,,,,,,,combo lốc sữa tươi tiệt
21314530,SỮA BỘT VINAMILK CANXIPRO,310000,310000,0,5,22,,,,,,,,,,sữa bột vinamilk
10650652,Đồ Ăn Cho Mèo Trưởng Thành Me-O Vị Cá Thu,465000,465000,0,5,24,,,,,,,,,,đồ ăn mèo trưởng thành me
8509759,Rọ mõm cho chó đủ size - Genyo Muzzle 002,78000,78000,0,4.7,3,,,,,,,,,,rọ mõm chó đủ size
6955105,Hạt Điều Lụa Rang Muối Loại 1 Natureplus | Gói 500g Giòn Chất Lượng,175000,175000,0,5,1,,,,,,,,,,hạt điều lụa rang
687458,Trà Dây Rừng Hỗ Trợ Trị Viêm Loét Dạ Dày,250,70000,70000,0,5,,,,,,,,,,trà dây rừng hỗ trợ
278638731,Lốc 3 Gói Rong Biển Taokaenoi Season Laver Vị Truyền Thống 4G,32200,51600,19400,0,0,,,,,,,,,,lốc gói rong biển
278038380,DÂY CHUYỀN VÀNG MÃ 01 DÀNH CHO CHÓ MÈO,40000,40000,0,0,0,,,,,,,,,,dây chuyền vàng mã dành chó
278025782,ÁO LƯỚI MÁT MẺ DỄ THƯƠNG CHO THÚ CƯNG CHÓ MÈ,32000,32000,0,0,0,,,,,,,,,,áo lưới mát mẻ dễ thương
277738523,5KG THỨC ĂN HẠT HELLO CAT DÀNH CHO MÈO,440000,440000,0,0,0,,,,,,,,,,kg thức ăn hạt hello
277471227,LION CAFE - Cà phê hòa tan 4in1 - Capuccino Dừa - Hộp 288g (16 gói x 18g)/Túi 540g (30 gói x 18g),118000,118000,0,0,0,,,,,,,,,,lion cafe cà phê hòa
277413399,Combo 1 Dừa sáp sấy giòn 1 Sữa Chua dừa sáp sấy thăng hoa cao cấp Vicosap ít đường đồ ăn vặt healthy đặc sản Trà Vinh - Snack Food,144600,144600,0,5,1,,,,,,,,,,combo dừa sáp sấy giòn
276566630,KHÔ BÒ XÉ SỢI TÂN LỘC PHÁT,205000,205000,0,4.2,172,,,,,,,,,,khô bò xé sợi
276178420,Đồ Chơi Cho Chó Hình Con Gà Đầu Xanh Đỏ Có Kèn,25000,25000,0,0,0,,,,,,,,,,đồ chơi chó hình gà
274553967,ĐẬU PHỘNG TỎI ỚT TÂN LỘC PHÁT - HŨ 250G,63000,63000,0,0,0,,,,,,,,,,đậu phộng tỏi ớt tân lộc phát
273551815,Bia Hà Nội Nhãn Xanh phiên bản Tết 2026 - Thùng 24 Lon 330ml,325000,325000,0,5,44,,,,,,,,,,bia ha nô nhãn
272028652,Hạt é (Hột é) chất lượng cao Goce - 250g,100000,100000,0,5,2,,,,,,,,,,hạt é chất lượng cao
271542437,Túi Đựng Quà 16 x 22 x 8 cm - Nature On Sunset - The Sun 03,14000,14000,0,0,0,,,,,,,,,,túi đựng quà x
271478180,Thùng 24 lon nước tăng lực RedBull Extra 250ml,342000,360000,18000,4.8,24,,,,,,,,,,thùng lon nươ c
270614674,Combo 3 túi: Ngũ Cốc Óc Chó Mè Đen+Gạo Lức Huyết Rồng+Yến Mạch Hạnh Nhân[ít đường 400gr](Tặng Kèm 2 Túi Yến Mạch 150G),209000,209000,0,0,0,,,,,,,,,,combo túi ngũ cốc óc chó
214160101,Nhà vệ sinh cửa trên Richell Nhật Bản cho mèo kèm xẻng | Pet,540000,540000,0,0,0,,,,,,,,,,nhà vệ sinh cửa richell nhật bản
207796363,Kẹo Xương Sữa Dê Cô Đặc Nguyên Chất Bổ Xung Canxi Cho Chó 500g,15000,15000,0,0,0,,,,,,,,,,kẹo xương sữa dê
185910392,Sữa Bột Abbott Ensure Gold Vani 800g,1029000,1029000,0,5,8,,,,,,,,,,sữa bột abbott ensure
166497256,Đặc Sản Kon Tum - Trái Khổ Qua Rừng Sấy Khô Thơm Ngon Hiệu Đặc Sản Và Dược Liệu Kon Tum (1Kg) - OCOP 3 Sao,450000,450000,0,4.7,29,,,,,,,,,,đặc sản kon tum trái khổ qua
129866794,Cafe Hạt - Rang Mộc Nguyên Chất - CAFE ANC#1,220000,220000,0,5,1,,,,,,,,,,cafe hạt rang mộc
120535067,Thùng 24 ly mì khoai tây Omachi sườn hầm ngũ quả 113g (có cây thịt thật),499000,499000,0,2.4,5,,,,,,,,,,thùng ly mì khoai tây omachi
75622108,[Combo 1Kg] 500G Đậu Phộng Rang Tỏi Ớt + 500G Đậu Phộng Da Cá Sấy ( Đậu Phộng Cốt Dừa) Thương Hiệu SK FOOD,180000,180000,0,4.6,99,,,,,,,,,,đậu phộng rang tỏi ớt
60349750,Bánh dứa Yeou Bin Mini Pineapple Cake hộp 470gr,179000,179000,0,4.6,18,,,,,,,,,,bánh dứa yeou bin
58911128,cafe LeeLong5 gu dịu (15 Robusta / 85 Arabica),469000,469000,0,4.7,11,,,,,,,,,,cafe leelong gu dịu
54022437,Combo 2 túi Hạt Bí Rang Trọng Nhân 500gr,179000,179000,0,4.8,168,,,,,,,,,,combo túi hạt bí rang
48308039,Combo 3 Hộp Trà Dây Đau Xương Hỗ Trợ Bệnh Thấp Khớp Đau Lưng Nhức Mỏi- Nguyên Thái Trang (Hộp 2gr X 50 Gói),230000,230000,0,4,1,,,,,,,,,,combo hộp trà dây
44805175,Ngũ Cốc Trái Cây Calbee Ít Đường Nhật Bản 600g,175000,175000,0,5,1,,,,,,,,,,ngũ cốc trái cây calbee ít
23919520,COMBO 4 HỘP SỮA ĐẶC CÓ ĐƯỜNG ÔNG THỌ TRẮNG - HỘP THIẾC 380G,170000,170000,0,5,16,,,,,,,,,,combo hộp sữa đặc
20648446,Thùng 24 Túi Sữa Chua Uống Hương Dâu KUN 110ml/túi,128000,153000,25000,4.7,10,,,,,,,,,,thùng túi sữa chua
5444933,Muối tôm Natas Hũ 70g-Muối Đa Năng,18000,18000,0,4.8,5,,,,,,,,,,muối tôm natas hũ
4681147,Hộp Bột ngũ cốc dinh dưỡng cao cấp 22 Complete Nutrimix - Wheat Grass (Mầm lúa mì) - 750g,550000,550000,0,4.8,32,,,,,,,,,,hộp bột ngũ cốc dinh dưỡng cao cấp
537511,Thùng 24 Ly Mì Khoai Tây Cung Đình Hương Vị Thịt Hầm Nấm,222000,226000,4000,4.8,20,,,,,,,,,,thùng ly mì khoai tây cung đình
278740009,Thùng 48 hộp KUN Socola lúa mạch có thạch 170ml,353000,500000,147000,0,0,,,,,,,,,,thùng hộp kun socola
278673554,Thùng 48 bịch sữa tươi tiệt trùng TH True Milk  nguyên chất 220 ml,485000,502000,17000,0,0,,,,,,,,,,thùng bịch sữa tươi tiệt
278592127,Tương ớt CHIN-SU chai 1kg,66000,80000,14000,0,0,,,,,,,,,,tương ớt chin su chai
277998600,Rượu Chivas Regal Age 18 Years Blended Scotch Whisky,1580000,1580000,0,0,0,,,,,,,,,,rượu chivas regal age
276649349,Đặc Sản Kon Tum - Hột đười ươi đều trái nở nhiều - OCOP 3 Sao,110000,110000,0,5,7,,,,,,,,,,đặc sản kon tum đười ươi
276400983, Bánh Goody chip Socola Bibica túi 80g,11538,11538,0,0,0,,,,,,,,,,bánh goody chip socola
273821852,Thùng 24 Gói Mì vị Bò cay Koreno 100g,290000,302000,12000,4.3,3,,,,,,,,,,thùng gói mì vị bò
273419098,[CÀO TRÚNG THƯỞNG TẾT] Cà phê đen hòa tan NESCAFÉ CAFÉ VIỆT (16g x 15 gói) - Phiên bản Tết 2026,82000,82000,0,5,5,,,,,,,,,,cà phê đen hòa tan
271190392,Rượu vang Ý Domenico Sangiovese 2020,350000,350000,0,0,0,,,,,,,,,,rượu vang ý domenico
270859904,Rượu vang đỏ Pháp 1982 UG Bordeaux Red Blend,173000,173000,0,5,4,,,,,,,,,,rượu vang đỏ pháp ug
247437091,Hạt Nêm Rong Biển Kombu Dashi No Moto { Shimaya } (500G*2 gói) 1KG,698000,698000,0,5,1,,,,,,,,,,hạt nêm rong biển
212237250,Cà phê nguyên chất BLEND B’Lao Farm 80% cà phê Robusta 20% cà phê Arabica cà phê rang mộc pha phin pha máy ngọt hậu B82,88000,88000,0,0,0,,,,,,,,,,cà phê nguyên chất blend b
209378493,Gel Dinh Dưỡng Giúp Mượt Lông Da Và Giảm Ngứa Chó Mèo Virbac Megaderm Gói 4ml,105000,105000,0,5,2,,,,,,,,,,gel dinh dưỡng giúp mượt lông
205914818,Nước trái cây hương ổi (lốc 6 lon) - Panie Juice Quava,90000,90000,0,0,0,,,,,,,,,,nước trái cây hương ổi
197828201,Rượu vang ngọt Passion hộp 2L 11%,280000,280000,0,5,3,,,,,,,,,,rượu vang ngọt passion
196762708,Đặc Sản Phú Quốc - Muối Tiêu Huỳnh Khoa 100G - Ocop 4 Sao,45000,45000,0,5,1,,,,,,,,,,đặc sản phú quốc muối tiêu
184072322,Sữa bột Abbott Similac Total Protection 1+ (850g),729000,729000,0,5,2,,,,,,,,,,sữa bột abbott similac
169920538,Combo 3 Túi Ðường Tinh Luyện  Biên Hòa Pure 1kg/túi,100500,100500,0,5,6,,,,,,,,,,combo túi đường tinh luyện
169772316,Sô cô la Mận MATEO 300g (Plum in Chocolate 300g),279000,279000,0,5,1,,,,,,,,,,sô la mận
164556970,Yến sào Sanest Khánh Hoà - Hộp 6 Lọ 70 ML 21%,245000,245000,0,0,0,,,,,,,,,,yến sào sanest khánh hòa hộp
154228077,Đường Biên Hòa Joy Stick 300g,23000,25300,2300,4.8,24,,,,,,,,,,đường biên hòa joy
133812637,ZENITH ADULT - HẠT MỀM DÀNH CHO CHÓ TRƯỞNG THÀNH,120000,120000,0,4,1,,,,,,,,,,zenith adult hạt mềm
77757289,[BEST SALES] Yến Khánh Hòa - Yến Sợi Cao Cấp [Hộp 100g] - Đệ Nhất Yến Đảo - Bồi Bổ Sức Khỏe - Phục Hồi Chức Năng Phổi - Phụ Nử Sau Sinh - Đẹp Da - Chống Lão Hóa -Kéo Dài Thanh Xuân- Hỗ Trợ Điều Trị Ung Thư -Tăng Cường Sinh Lý -Trí Nhớ - Cải Thiện Giấc Ngủ,3960000,4400000,440000,4.7,6,,,,,,,,,,yến khánh hòa yến sợi
75827497,Hộp quà Rượu Johnnie Walker Blue Label Blended Scotch Whisky 40% 750ml,5299000,5299000,0,5,1,,,,,,,,,,hộp quà rượu johnnie
66924618,Rượu Vang Mật Ong Ladofoods Sweet Honey Wine 375 ml 12%,110000,135000,25000,4.7,26,,,,,,,,,,rượu vang mật ong ladofoods
60848946,Thịt heo sấy giòn Chà Chà - Thảo Nguyên Phát hũ 300g,227000,227000,0,4.7,7,,,,,,,,,,thịt heo sấy giòn chà
52876231,GẠO NHẬT TAWARAYA HOKKAIDO NANATSUBOSHI - GẠO TRẮNG - XÁT DỐI,320000,320000,0,5,14,,,,,,,,,,gạo nhật tawaraya hokkaido
43019372,Combo 5 Hộp Trà Atisô (Artichoke Tea) Giúp Ăn Ngủ Ngon- Da Mặt Mịn Màng (Hộp 20 Túi Lọc X 2g)- Nguyên Thái Trang - Loại Thượng Hạng – Thảo Dược Thiên Nhiên – Tốt Cho Sức Khỏe,165000,165000,0,5,1,,,,,,,,,,combo hộp trà atisô
14968699,Thùng 12 hộp Sữa tươi tiệt trùng nguyên kem Meadow Fresh 1L hàng New Zealand,565000,568620,3620,4.8,128,,,,,,,,,,thùng hộp sữa tươi tiệt
14968697,Thùng 12 hộp Sữa tươi tiệt trùng ít béo Meadow Fresh 1L,492000,568620,76620,4.8,110,,,,,,,,,,thùng hộp sữa tươi tiệt
278957352,Hộp quà LEGEND,2674000,2674000,0,0,0,,,,,,,,,,hộp quà
278756887,Thùng 50 chai Nước tăng lực Red Bull Red với Vitamin A+B12+C 145ml,517320,675000,157680,0,0,,,,,,,,,,thùng chai nước tăng lực
278637892,Thùng Sữa Tươi Tiệt Trùng Nutimilk Ít Đường 180ml (Hộp 180ml x 48),322000,484000,162000,0,0,,,,,,,,,,thùng sữa tươi tiệt trùng nutimilk
278582611,Sữa hạt Hạnh nhân Không đường 137 DEGREES 1000ml,121000,176000,55000,5,1,,,,,,,,,,sữa hạt hạnh nhân đường
278522953,Khô Gà Lá Chanh Tân Lộc Phát Túi 50g Ăn Vặt Yêu Thích,42000,42000,0,0,0,,,,,,,,,,khô gà lá chanh tân lộc
278274280,GẠO GIỐNG NHẬT MANPUKU MARU - GẠO XÁT DỐI- GẠO TRẮNG,295000,295000,0,0,0,,,,,,,,,,gạo giống nhật manpuku maru
278249230,Sữa Tươi Tiệt Trùng Green Farm A2 Không Đường Vinamilk Hộp 180ml,384000,384000,0,0,0,,,,,,,,,,sữa tươi tiệt trùng green farm a
278004986,Rượu Chivas Regal 18 Blue Signature,1960000,1960000,0,0,0,,,,,,,,,,rượu chivas regal blue
276408457,Rượu Vang Ngọt La Collina 750ml 10.5%,190000,190000,0,5,2,,,,,,,,,,rượu vang ngọt la
276178440,Địu Balo Vận Chuyển Chó Mèo Thú Cưng - YonaPetshop,130000,130000,0,0,0,,,,,,,,,,địu balo vận chuyển chó
275604583,[Tặng bình giữ nhiệt] Combo 2 thùng Stangen Weiss Beer 4.9% (Bia lúa mì - Bia đục) - Thùng 24 lon 500ml,1900000,1900000,0,0,0,,,,,,,,,,combo thùng stangen weiss
274443852,Cà Phê Hòa Tan Nguyên Chất SỮA GIÀ LÀNG - Hũ,419000,419000,0,0,0,,,,,,,,,,cà phê hòa tan nguyên chất
273884534,Thùng 20 gói Mì vị tôm chua cay Koreno Up,100000,100154,154,5,1,,,,,,,,,,thùng gói mì vị tôm
273531796,Rượu Mơ Mật ong Núi Tản lên men tự nhiên từ mơ tươi dung tích 750ml,280000,280000,0,0,0,,,,,,,,,,rượu mơ mật ong núi
273302103,Bột ngũ cốc nhân sâm Goce - 150g (15 gói x 10g) ST,85000,85000,0,5,1,,,,,,,,,,bột ngũ cốc nhân sâm goce
249203242,Thức uống socola - Bột ca cao 100% nguyên chất gu đậm vị Cacao Mi Premium đặc sản Việt Nam chuẩn xuất khẩu 470g,265000,265000,0,5,1,,,,,,,,,,thức uống socola bột
248993915,Cafe nguyên chất BLEND Robusta và Arabica pha phin 250G cà phê nguyên chất không độn phụ gia - Big Dream Coffee,63750,63750,0,0,0,,,,,,,,,,cafe nguyên chất blend robusta
213893192,(Chính hãng) Thùng Trà Bí Đao JJ (24 Lon x 300ml) - Thương hiệu Singapore,352000,352000,0,5,1,,,,,,,,,,thùng trà bí đao jj
202417313,Đặc sản Phan Thiết - Mực Rim Sa Tế Đã Chế Biến Ăn Liền Hộp 200 Gram Là Món Ăn Ngon Ơi Là Ngon. Hạn Sử Dụng 6 Tháng Kể Từ Ngày Đặt Hàng - OCOP 4 Sao,60000,60000,0,3.8,4,,,,,,,,,,đặc sản phan thiết mực rim sa tế
197906767,Yến Mạch Úc Hộp 400g Xuân An ( Tặng YM 180g),70000,70000,0,0,0,,,,,,,,,,yến mạch úc hộp
197344632,Hạt điều rang muối vỏ lụa túi 500g,125000,125000,0,0,0,,,,,,,,,,hạt điều rang muối
166524638,Đặc Sản Kon Tum - Quả Chuối Cô Đơn Khô Hiệu Đặc Sản Và Dược Liệu Kon Tum Thơm Ngon Đóng Hút Chân Không (1Kg) - OCOP 3 Sao,155000,155000,0,4.8,5,,,,,,,,,,đặc sản kon tum quả
143590914,Bia Hơi Hà Nội - Thùng 24 lon 500ml - Phiên bản Tết 2026,448000,448000,0,4.7,55,,,,,,,,,,bia hà nội thùng lon
141367824,NGŨ CỐC DINH DƯỠNG MIN MIN 29 HẠT - Ngũ Cốc Mẹ Bầu 1kg (2 hộp),250000,250000,0,4.8,18,,,,,,,,,,ngũ cốc dinh dưỡng min min
105543190,Combo Cafe bột Rang Xay Nguyên Chất Coffee Tree đặt biệt 100% Và Phin Cà Phê Màu Đỏ Cao Cấp thương hiệu Coffee Tree,226800,226800,0,4.7,95,,,,,,,,,,combo cafe bột rang
58798494,Cà Phê Sâm Hỗ Trợ Giảm Cân ( 30 Gói/ Hộp),500000,500000,0,4.8,76,,,,,,,,,,cà phê sâm hỗ trợ giảm
33425312,Chuồng chó mèo inox mái vòm và mái băng- tặng kèm khay hứng bằng inox,359500,359500,0,4.5,38,,,,,,,,,,chuồng chó mèo inox
24135729,COMBO 6 LỐC SỮA TƯƠI TIỆT TRÙNG VINAMILK 100% KHÔNG ĐƯỜNG - LỐC 4 HỘP X 180ML,245000,245000,0,4.7,7,,,,,,,,,,combo lốc sữa tươi tiệt
23911749,COMBO 6 HỘP CREAMER ĐẶC NGÔI SAO PHƯƠNG NAM XANH LÁ - HỘP GIẤY 1284G,505000,505000,0,5,28,,,,,,,,,,combo hộp creamer đặc ngôi
14939435,Thùng 12 hộp sữa tươi tiệt trùng TH True Milk  ít đường 1 Lít,568000,574000,6000,4.8,247,,,,,,,,,,thùng hộp sữa tươi tiệt
1701839,Xịt Xua Đuổi Fay Repell (200ml),60999,60999,0,0,0,,,,,,,,,,xịt xua đuổi fay
279005627,Rượu Whisky Chivas Regal 12 Y.O BSW,890000,890000,0,0,0,,,,,,,,,,rượu whisky chivas regal
278856777,Bột mỳ hiệu Meizan bánh bông lan 1kg,80000,80000,0,0,0,,,,,,,,,,bột mỳ hiệu meizan bánh bông
278740005,Thùng 48 chai Sữa trái cây KUN hương nho 85ml,173000,251000,78000,0,0,,,,,,,,,,thùng chai sữa trái cây
278693063,Cozy Icetea Sâm Bí Đao 16 gói x 15g Hộp,48000,48000,0,0,0,,,,,,,,,,cozy icetea sâm bí đao
278693055,Cozy Icetea Ổi hồng 16 gói x 15g Hộp,48000,48000,0,0,0,,,,,,,,,,cozy icetea ổi hồng gói
278692217,Cozy Trà Gừng túi lọc 20 gói x 2g Hộp,50000,50000,0,0,0,,,,,,,,,,cozy trà gừng túi
278672469,Thùng 48 hộp sữa tươi tiệt trùng Dalatmilk ít đường 180ml,458000,476000,18000,0,0,,,,,,,,,,thùng hộp sữa tươi tiệt
278610387,Hộp 12 Gói Rong biển TaoKaeNoi BIG SHEET Vị Cay,66500,110000,43500,0,0,,,,,,,,,,hộp gói rong biển
278519510,[HGK-M1] Yến Sào Xơ Mướp Tinh Chế Cao Cấp (20 Tổ) – Yến Sào Hòn Gốm Chính Hiệu Khánh Hòa – HGK NEST,1000000,1000000,0,0,0,,,,,,,,,,yến sào xơ mướp tinh chế cao cấp
277504802,Nước Uống Tinh Khiết Bình 19L - iON FRESH,35000,35000,0,0,0,,,,,,,,,,nước uống tinh khiết bình l
276582319,CƠM CHÁY LẮC KHÔ GÀ TÂN LỘC PHÁT HŨ 500G - HŨ 500G,118000,118000,0,4.5,46,,,,,,,,,,cơm cháy lắc khô
276035822,XOÀI SẤY DẺO HƯƠNG VỊ TỰ NHIÊN TỐT CHO SỨC KHỎE HIỆU TÂN LỘC PHÁT,112000,112000,0,4.3,23,,,,,,,,,,xoài sấy dẻo hương vị
275416484,Dầu Ăn Tân Sanh Chiên Giòn Thượng Hạng Chai 1 Lít,44000,44000,0,0,0,,,,,,,,,,dầu ăn tân sanh chiên giòn
275261232,Lau kính nam châm Vipsun Chùi hít kiếng nam châm - Dụng cụ vệ sinh hồ cá bể cá,185000,185000,0,0,0,,,,,,,,,,lau kính nam châm
275014246,RONG BIỂN NẤU CANH TÂN LỘC PHÁT - BỊCH 50G,67000,67000,0,0,0,,,,,,,,,,rong biển nấu canh tân
274851721,Sữa Bột Ensure Gold Abbott Hương Vani Truyền Thống (HMB) 850g/800g,1059000,1059000,0,5,1,,,,,,,,,,sữa bột ensure gold
273720259,RƯỢU VANG ĐỎ CHILE CABERNET SAUVIGNON,450000,450000,0,0,0,,,,,,,,,,rượu vang đỏ chile
263807613,Đặc Sản Bình Thuận  - [Ocop] Cá Đuối Nướng Cán Đầm Sen - 90G - Ocop 3 Sao,60000,60000,0,0,0,,,,,,,,,,đặc sản bình thuận cá đuối nướng
249972907,Quả nam việt quất - Cranberry sấy khô Heritage Thái Lan 1kg,460000,460000,0,4.5,10,,,,,,,,,,quả nam việt quất
216369147,(400G/1.5KG/2KG) CATSRANG KITTEN - Thức ăn hạt cho MÈO NHỎ MỚI,285000,285000,0,5,2,,,,,,,,,,catsrang kitten thức ăn hạt
198984672,Hồng sâm 6 năm tuổi Hàn Quốc thái lát tẩm mật ong Sambox,650000,650000,0,5,2,,,,,,,,,,hồng sâm tuổi lát
168290905,Kẹo Sữa Trà Xanh UHA Tokuno 58gr - Nhật Bản,35000,35000,0,5,1,,,,,,,,,,kẹo sữa trà xanh
167420168,Đặc Sản Kon Tum - Quả nhàu khô tăng cường sức khỏe - Bịch 1kg - OCOP 3 Sao,109000,109000,0,4.3,3,,,,,,,,,,đặc sản kon tum quả
154231124,Đường phèn trắng Cô Ba 1kg,52000,57200,5200,5,22,,,,,,,,,,đường phèn trắng
146447983,Snack khoai tây YBC Chip Star,40000,40000,0,0,0,,,,,,,,,,snack khoai tây ybc chip
146417196,1 hộp(500g) Ngũ Cốc Min Min Lợi Sữa 38 Loại Hạt Chuyên Lợi Sữa và Phục Hồi Sức Khỏe Sau Sinh,270000,270000,0,4.5,2,,,,,,,,,,hộp ngũ cốc min min lợi
21555729,Bánh Mochi tổng hợp Yuki & Love Mixed Mochi 900g (5 hương vị),299000,299000,0,3,2,,,,,,,,,,bánh mochi tổng hợp yuki love
21257763,SỮA ĐẶC CÓ ĐƯỜNG ÔNG THỌ CHỮ XANH - HỘP THIẾC 380G,189000,189000,0,4.8,35,,,,,,,,,,sữa đặc có đường
2168085,Hộp hai chai nước mắm cốt đặc biệt Lê Gia làm quà biếu sang trọng,312000,312000,0,4.7,47,,,,,,,,,,hộp chai nước mắm cốt đặc biệt
1908267,Cà Phê Hòa Tan K-Coffee Black 2in1 (255g / Hộp),83000,83000,0,4.8,10,,,,,,,,,,cà phê hòa tan k
278933463,Thùng 40 hộp Sữa yến mạch OATSIDE vị nguyên bản 115ML,234000,308000,74000,0,0,,,,,,,,,,thùng hộp sữa yến mạch
278831513,ROCKCAFE - MUA CÀ PHÊ CHUẨN VỊ VIỆT (TÚI 50 GÓI X 17 GRAM) TẶNG GÓI CAPPUCCINO MUỐI (30 GRAM),120000,120000,0,0,0,,,,,,,,,,rockcafe mua cà phê chuẩn vị
278610364,Hộp 12 Gói Snack Rong Biển TaoKaeNoi BIG ROLL Vị Mực,66500,110000,43500,0,0,,,,,,,,,,hộp gói snack rong
278433987,Thùng 48 hộp sữa tươi tiệt trùng vị chuối Vinamilk giảm béo 180ml,465000,517000,52000,5,1,,,,,,,,,,thùng hộp sữa tươi tiệt
277997430,Rượu Jonnie Walker Red Label Blended Scotch Whisky 40%,410000,410000,0,0,0,,,,,,,,,,rượu jonnie walker red
277943385,Đèn UV KaoKui Sterilization Submersible Lamp diệt ức chế rêu tảo vi khuẩn hại bể cá tép thủy sinh nước mặn,115000,115000,0,0,0,,,,,,,,,,đèn uv kaokui sterilization
276461361,Combo Sữa hạt Vinamilk Cao Đạm Ít Đường Hộp 240ml,294000,294000,0,5,1,,,,,,,,,,combo sữa hạt vinamilk
276345208,[TOP SALE] SET 30 HỦ TỔ YẾN CHƯNG ĐƯỜNG PHÈN 100% Tổ Yến Thật (Hàm Lượng 30% YẾN ĐẢO) [TẶNG KÈM 10 HỦ YẾN CHƯNG ĐÔNG TRÙNG] - Đệ Nhất Yến Đảo - Tăng Sức Đề Kháng - Kéo Dài Thanh Xuân - An Thần - Bổ Phế - Hỗ Trợ Sinh Lý Nam Nữ,1852500,1950000,97500,0,0,,,,,,,,,,set hủ tổ yến
273959052,[MỚI RA MẮT] Casablanca Syrup  750ml - 15 Vị Trái Cây Tự Nhiên,52000,52000,0,5,4,,,,,,,,,,casablanca syrup vị trái cây tự nhiên
252648963,Tiêu chín hạt Phú Quốc Minh Hà 50g,55700,55700,0,0,0,,,,,,,,,,tiêu hạt phú quốc minh
208174320,Thức ăn hạt mềm cho chó con không ngũ cốc hỗ trợ miễn dịch phát triển xương khớp chắc khoẻ Zenith Puppy,249000,249000,0,5,4,,,,,,,,,,thức ăn hạt mềm chó
204622374,Đặc sản Phan Thiết - Ghẹ Sữa Rim Hộp (Gói) 200 Gram Đã Chế Biến Ăn Liền Ngon Ơi Là Ngon. Hạn Sử Dụng 12 Tháng Kể Từ Ngày Đặt Hàng - OCOP 4 Sao,80000,80000,0,5,4,,,,,,,,,,đặc sản phan thiết ghẹ sữa rim
193589126,Bánh Gấu Socola Nhân Kem Viettin Mart 500G,90000,90000,0,5,1,,,,,,,,,,bánh gấu socola nhân kem
193589041,Cốm Dẹp Xanh Viettin Mart 500G,35000,35000,0,5,4,,,,,,,,,,cốm dẹp xanh viettin
193588687,Mít Sấy Vỡ Viettin Mart 1kg,190000,190000,0,5,2,,,,,,,,,,mít sấy vỡ viettin
186312553,500g cà phê Arabica Cầu Đất dạng bột,249000,249000,0,4.6,17,,,,,,,,,,cà phê arabica cầu đất
184095048,Combo 2 Thùng Bia Trúc Bạch - Thùng 24 lon 330ml,1000000,1000000,0,3,2,,,,,,,,,,combo thùng bia trúc
138956315,[Combo 30 lọ] Nước Yến sào Khánh Hòa Sanest đóng lọ 70ml,1200000,1200000,0,5,52,,,,,,,,,,nước yến sào khánh hòa sanest
123505613,Tỏi Phi 100g - Thương hiệu Minh Hà Foods,59000,59000,0,4.2,5,,,,,,,,,,tỏi phi thương hiệu minh hà
119882260,Thùng 30 gói mì gà sợi phở Gấu Đỏ 63g,159000,159000,0,4,6,,,,,,,,,,thùng gói mì gà
107583759,Combo 5 Cà Phê Rang Xay Expert Blend 1 KING COFFEE - Túi 500g + tặng 1 túi Expert cùng loại,644000,766600,122600,4.6,22,,,,,,,,,,combo cà phê rang xay
107018173,Goody chips 80 gram các loại Bibica,11192,11538,346,0,0,,,,,,,,,,goody chips gram loại
75017789,Rượu vang trắng Argentina Intis Chardonnay Chenin 750ml 12% - 14% Không hộp,283000,324000,41000,4.5,4,,,,,,,,,,rượu vang trắng argentina
67966937,Hạt chia tím ( 200gr),47000,47000,0,5,2,,,,,,,,,,hạt chia tím
58452056,Đường Biên Hòa Đường Đen Nữ Hoàng (1kg),55000,60500,5500,4.8,24,,,,,,,,,,đường biên hòa đường
57358218,Bánh quy Ito Cookies Original Assort 528g,129000,129000,0,4.8,6,,,,,,,,,,bánh quy ito cookies original
54477071,Trà hoa cúc trắng - Trà bạch cúc 100g,89000,89000,0,4,8,,,,,,,,,,trà hoa cúc trắng trà
34928421,Cà Phê Rang Xay Inspire Blend KING COFFEE - Túi 500g - Pha Phin,152800,177600,24800,4.8,88,,,,,,,,,,cà phê rang xay inspire
21973737,Thùng 48 Hộp Sữa Tươi Tiệt Trùng Vinamilk 100% Ít Đường  (110ml / Hộp),312000,312000,0,4.8,53,,,,,,,,,,thùng hộp sữa tươi tiệt
13135804,Cà phê phin Minh An (Arabica & Robusta) Rang xay nguyên chất - Túi 500g,195000,195000,0,4.7,66,,,,,,,,,,cà phê phin minh an rang xay nguyên
278768974,Nước uống mật hoa dừa sokfarm 330ml - Dòng tiệt trùng UHT,40000,40000,0,0,0,,,,,,,,,,nước uống mật hoa
278521680,COLUSA - Mì giấy Miliket Hai Tôm gói vị Sa tế,270,10500,10500,0,0,,,,,,,,,,colusa mì giấy miliket
278154966,CẦN CÂU DÂY THÉP GẮN LÔNG VŨ CÓ CHUÔNG CHO MÈO,14000,14000,0,0,0,,,,,,,,,,cần câu dây thép gắn
278025685,ÁO THUN BA LỖ THÔNG HƠI CHO THÚ CƯNG CHÓ MÈO,39000,39000,0,5,2,,,,,,,,,,áo thun lỗ thông hơi
278005531,CHÍNH HÃNG Combo 3 Gói Kẹo Ngậm Ho Strepsils Nhiều Vị 24 viên 2vỉ x 8v Làm Dịu Cổ Họng Giảm Ho Kháng Khuẩn,183000,183000,0,0,0,,,,,,,,,,hãng combo gói kẹo ngậm
277384997,Nhà nệm cho thú cưng,295000,295000,0,0,0,,,,,,,,,,nhà nệm thú
277010682,Thùng 24 Chai Nước Uống Ion Kiềm Đóng Chai Saka 355ml - Nước uống Detox với Công Nghệ Điện Phân Ion Kiềm Nhật Bản,68000,68000,0,0,0,,,,,,,,,,thùng chai nước uống
276949880,Combo 2 túi Gạo Jasmine thơm dẻo mềm 1kg TOMAX,74000,74000,0,0,0,,,,,,,,,,combo túi gạo jasmine
276709446,Bánh Gooka Cracker Rau Củ Bibica 180g,32010,33000,990,0,0,,,,,,,,,,bánh gooka cracker rau
276178382,Dầu Đậu Nành Simply 1L nguyên chất,75000,75000,0,5,1,,,,,,,,,,dầu đậu nành simply l
275912254,1 cầu đứng cây đứng gỗ gạo để cho vẹt nhỏ và trung đứng (kèm cóng ăn và đồ chơi),234999,234999,0,0,0,,,,,,,,,,cầu đứng cây đứng
275105765,Rượu vang đỏ Ý Miopasso Primitivo Puglia 14% độ,433000,433000,0,5,1,,,,,,,,,,rượu vang đỏ ý miopasso
274841682,HÀNG CHÍN HÃNG - Dầu ăn Meizan Gold 2L,1,59000,59000,0,0,,,,,,,,,,hàng hãng dầu ăn meizan
274524433,Máy sủi oxy Sobo USB Mini Silent Air Pump sủi 1 vòi êm bể cá tép thủy sinh,77000,77000,0,5,3,,,,,,,,,,máy sủi sobo usb
271041839,Royal Canin FIT32- HẠT MÈO FIT 32 cho mèo vận động nhiều [Dry cat food,526000,526000,0,0,0,,,,,,,,,,royal canin fit hạt
252283613,Yến Mạch Nguyên Chất Ăn Liền Xuân An [ko đường] Túi 5Kg[cán vỡ](Giảm 20%),675000,675000,0,0,0,,,,,,,,,,yến mạch nguyên chất ăn liền
249693286,Rượu Vang Trắng Dalatbeco Classic 12% - 750ml,92000,92000,0,5,2,,,,,,,,,,rượu vang trắng dalatbeco
248695009,Súp Thưởng Cho Mèo Wanpy Nắp Vặn Túi 90g,75000,75000,0,0,0,,,,,,,,,,súp thưởng mèo wanpy
221787357,Kẹo cứng Migita Me túi 400 gam - Bibica,36199,37319,1120,5,1,,,,,,,,,,kẹo cứng migita me
191683279,VANG SỦI TĂM SEGURA VIUDAS BRUT RESERVA HEREDAD,1130000,1130000,0,0,0,,,,,,,,,,vang sủi tăm segura
186087279,Rượu vang Santa Loreto 3L,500000,500000,0,4.2,5,,,,,,,,,,rượu vang santa loreto
174180348,Sữa đặc Brothers Trung Nguyên Legend - Nguyên liệu pha chế cà phê (Lon 390r),29000,29000,0,4.7,3,,,,,,,,,,sữa đặc brothers trung nguyên legend
159242922,Rượu JING 35% Vol 520ml,450000,450000,0,4.6,14,,,,,,,,,,rượu jing
155369932,Combo 2 Thùng Bia Hơi Hà Nội - Thùng 24 lon 500ml,896000,896000,0,5,1,,,,,,,,,,combo thùng bia hà nội
120568776,Thùng 24 ly mì khoai tây Omachi tôm chua cay 112g (có cây thịt thật),499000,499000,0,4,12,,,,,,,,,,thùng ly mì khoai tây omachi
104361485,Siro GTP hương Chanh dây/ Nho/ Bạc hà 930 ml,101000,101000,0,5,3,,,,,,,,,,siro gtp hương chanh dây nho
74776519,Dầu Cooking Nakydaco 1L,60000,60000,0,4.8,43,,,,,,,,,,dầu cooking nakydaco
59271101,1KG HẠT ĐIỀU NGUYÊN RANG TỎI ỚT LOẠI CAO CẤP THƯƠNG HIỆU SK FOOD,345000,345000,0,4,154,,,,,,,,,,
49291872,500gr Bột sắn dây nguyên chất 100%,59000,59000,0,4.6,59,,,,,,,,,,r bột sắn dây
21280893,Bánh Mochi Trà Xanh Nhân Kem Green Tea Mochi Creamy Filling (120g),52000,52000,0,4.2,36,,,,,,,,,,bánh mochi trà xanh nhân
14533329,Cà Phê Chồn Hòa Tan 2in1 G20 Coffee,108000,108000,0,4.8,13,,,,,,,,,,cà phê chồn hòa tan
4668709,Bột sữa trà xanh Matcha Milk 200g Nhật Bản,148000,148000,0,4.5,9,,,,,,,,,,bột sữa trà xanh
462533,Dầu Olive Extra Virgin Monini 250ml - Nhập Khẩu Ý | Monini Classico Extra Virgin Olive Oil 250ml,157400,157400,0,5,12,,,,,,,,,,dầu olive extra virgin
462520,Thịt Heo Hộp Tulip 340g - Nhập Khẩu Đan Mạch | Tulip Pork Luncheon Meat 340g,93300,93300,0,4.7,75,,,,,,,,,,thịt heo hộp tulip
278973004,Thùng 30 Gói Hủ Tíếu Hương Vị Bò Kho Cung Đình (85g x 30 gói),300000,300000,0,0,0,,,,,,,,,,thùng gói hủ tíếu
278726291,VIFON - Mì Hoàng Gia hương vị Hải Sản Chua Cay (có gói hải sản thật),130,46500,46500,0,0,,,,,,,,,,vifon mì hoàng gia hương vị hải sản
278037739,ÁO LƯỚI DORAEMON MÁT MẺ TỪ 0.5-10KG CHO CHÓ MÈO,48000,48000,0,0,0,,,,,,,,,,áo lưới doraemon mát mẻ
276803177,Tương Cà Chua Cô Đặc SPICO Hữu Cơ Dậy Vị Chai 255g Vừa Ăn Cho Gia Đình,66000,66000,0,0,0,,,,,,,,,,tương cà chua đặc spico hữu cơ
276699992,[Hộp 10 lon] Nước Yến sào Khánh Hòa Sanest lon 190ml - S001H10,102000,102000,0,5,1,,,,,,,,,,nước yến sào khánh hòa sanest
276178494,Bàn Chải Tắm Cho Chó Mèo Bằng Silicon Mềm Mại Có Chỗ Đựng Sữa Tắm Tạo Bọt Tiện Dụng,39000,39000,0,5,1,,,,,,,,,,bàn chải tắm chó mèo
276065830,Bát Ăn Tự Động Và Bình Nước Tự Động Cho Chó Mèo Dung Tích Lớn 4L,189000,189000,0,5,5,,,,,,,,,,bát ăn tự động bình nước
275336269,Chẩm Chéo Đặc Sản Tây Bắc VietTin Mart 200g,35000,35000,0,5,2,,,,,,,,,,chẩm chéo đặc sản tây
275105779,Rượu vang trắng Ý Miklus Collio Sauvignon 13% độ,1435000,1435000,0,0,0,,,,,,,,,,rượu vang trắng ý miklus
273357343,Dâu Tằm Sấy Khô Nguyên Quả 250g VietTin Mart,120000,120000,0,2.5,2,,,,,,,,,,dâu tằm sấy khô nguyên quả
273177842,Sữa Tắm Siêu Trắng Lông Chó Mèo Prunus Ultra White Can 4 Lít,1850000,1850000,0,0,0,,,,,,,,,,sữa tắm siêu trắng lông
272238888,Sét hộp gỗ 2 chai 1982 mix 2 màu,450000,450000,0,5,2,,,,,,,,,,sét hộp gỗ chai
270925248,Rượu Vang Ngọt  Ý Queen Bee Blend,260000,260000,0,5,1,,,,,,,,,,rượu vang ngọt ý queen
269979102,Combo 5 Gói Gia Vị Bún Bò Huế Barona 110g ướp ngon chuẩn vị không cần nêm nếm,90000,90000,0,5,1,,,,,,,,,,combo gói gia vị bún bò
262029646,Trà Nụ Hoa Lài - Hộp 70 g,95000,95000,0,5,11,,,,,,,,,,trà hoa lài hộp
249971786,NHÂN HẠT HỒ ĐÀO HERITAGE THÁI LAN 908G,285000,285000,0,5,3,,,,,,,,,,hạt hồ đào heritage thái lan
216199250,Protein Mix Nutri Power Hỗ Trợ Tăng Cân - Tăng Cơ - Giảm Mỡ Nâng Cao - Sản phẩm hữu cơ không chất bảo quản 3kg,1090000,1090000,0,4.5,4,,,,,,,,,,protein mix nutri power
202417410,Mực rim sa tế đã chế biến ăn liền hộp 250 gram là món ăn ngon ơi là ngon của shop Đặc Sản Biển Phan Thiết NGỌC DŨNG. Hạn sử dụng 6 tháng kể từ ngày đặt hàng,75000,75000,0,0,0,,,,,,,,,,mực rim sa tế chế biến
107018123,Combo 2 gói kẹo dẻo Zoo Bibica áo dầu túi 100g,27500,27500,0,5,1,,,,,,,,,,combo gói kẹo dẻo
80974572,Thùng 12 Hộp Sữa Tiệt Trùng Vinamilk Flex Không Lactose 1 Lít,459000,459000,0,4.7,13,,,,,,,,,,thùng hộp sữa tiệt trùng
57320697,Cà phê phin túi lọc nguyên chất 100% gu truyền thống Coffee Tree,178800,178800,0,4.8,6,,,,,,,,,,cà phê phin túi lọc
54138422,Kẹo dẻo Bourbon Fettuccine vị Soda 50gr,42222,42222,0,0,0,,,,,,,,,,kẹo dẻo bourbon fettuccine vị
45447878,Trà sơn mật hồng sâm - Gói 1kg,129000,129000,0,4.8,44,,,,,,,,,,trà sơn mật hồng sâm
33189635,Đường Mía Hữu Cơ Thái Lan,75000,75000,0,4.5,53,,,,,,,,,,đường mía hữu cơ thái lan
32237715,Bánh dừa sữa 200g,46000,46000,0,4.7,6,,,,,,,,,,bánh dừa sữa
24934580,Nhà vệ sinh cho mèo loại hộp kín có lọc khí không mùi (nhiều tùy chọn),278100,278100,0,3.2,9,,,,,,,,,,nhà vệ sinh mèo loại hộp
3325241,Thùng 24 Lon Bia Larue Special (330ml/Lon),372000,427800,55800,4.8,63,,,,,,,,,,thùng lon bia larue
1988013,Nước mắm Lê Gia- Cá cơm 650ml,52000,52000,0,4.6,129,,,,,,,,,,nước mắm lê gia cá cơm
279074558,[ Quà Tết Cao Cấp - TRÀ VIỆT ] - Hộp Quà Tri Kỷ Giấy Gân Nổi Mỹ Thuật - Quà Tặng Sang Trọng Tết 2026,401760,401760,0,0,0,,,,,,,,,,hộp quà tri kỷ giấy
278881949,GẠO LỨT NHẬT NHẬP KHẨU HOKKAIDO SANSANMARU - HOKKAIDO SANSANMARU - KOME ICHIZOKU -2KG,303000,303000,0,0,0,,,,,,,,,,gạo lứt nhật nhập khẩu hokkaido
278717594,Chà bông gà Nguyên chất,61560,61560,0,0,0,,,,,,,,,,chà gà nguyên chất
278152363,ÁO THUN HAI DÂY DƯA HẤU THÔNG HƠI SIÊU CUTE TỪ 1-7.5KG DÀNH CHO THÚ CƯNG CHÓ MÈO,33000,33000,0,0,0,,,,,,,,,,áo thun dây dưa hấu
278023249,SỮA TẮM SOS DÀNH RIÊNG CHO ĐỘNG VẬT CÓ LÔNG MÀU NÂU VÀ ĐỎ 530ML CHO THÚ CƯNG CHÓ MÈO,140000,140000,0,0,0,,,,,,,,,,sữa tắm sos dành
277498648,[COMBO MUA 4 TẶNG 1] Thanh gạo lứt chà bông/rong biển mix hạt Mailey 150g - Bánh gạo lứt ăn kiêng hỗ trợ giảm cân,143551,143551,0,5,1,,,,,,,,,,thanh gạo lứt chà bông rong
276586042,MỰC CÁN TẨM GIA VỊ TÂN LỘC PHÁT,443000,443000,0,4.2,13,,,,,,,,,,mực cán tẩm gia vị
276566596,KHÔ GÀ BƠ TỎI THƠM NGON CHẤT LƯỢNG TÂN LỘC PHÁT - HŨ 500G,223000,223000,0,4.5,20,,,,,,,,,,khô gà bơ tỏi
275732757,Cà phê hoà tan Café Linh Chi 5in1 Koobeme Gold vị đậm đà thêm Linh Chi tăng sức đề kháng Hộp 18gói,59500,59500,0,0,0,,,,,,,,,,cà phê hòa tan café
275515531,Đèn led bể cá 40 - 50cm YILONG T4-40LED ánh sáng trắng cao cấp,138000,138000,0,0,0,,,,,,,,,,đèn led bể cá
274577591,BỘT TRÀ GỪNG NGUYÊN CHẤT TÂN LỘC PHÁT HŨ 500G,130000,130000,0,5,2,,,,,,,,,,bột trà gừng nguyên chất
274101548,Pate Cho Chó Maria nhập khẩu Thái Lan hộp 12 gói 70g,80000,80000,0,0,0,,,,,,,,,,pate chó maria nhập khẩu
274101028,Pate Cho Mèo Maria nhập khẩu Thái Lan (1 hộp 12 gói 70g),80000,80000,0,0,0,,,,,,,,,,pate mèo maria nhập khẩu
270119284,Bột sương sáo Nam Giao-sản phẩm ngon chất lượng,14000,14000,0,5,1,,,,,,,,,,bột sương sáo nam
263753662,Đặc Sản Bình Thuận  - Tôm Tẩm Sốt Đầm Sen - 120G,51000,51000,0,0,0,,,,,,,,,,đặc sản bình thuận tôm tẩm sốt
263110293,Rượu vang Chile Korta Varietal K42 Cabernet Sauvignon,315000,315000,0,0,0,,,,,,,,,,rượu vang chile korta
247445214,Rượu vang đỏ Chile 1918 Classic Cabernet Sauvignon 750ml 13% - Hàng Chính Hãng,595000,595000,0,0,0,,,,,,,,,,rượu vang đỏ chile
207977412,Bánh quy giòn xốp nhân kem Bourbon Gateau Selection 30 gói,319000,319000,0,0,0,,,,,,,,,,bánh quy giòn xốp nhân kem
207565782,GỪNG SẤY DẺO SỮA ONG CHÚA HŨ 160G - HƯƠNG SEN VIỆT,110000,110000,0,3.7,3,,,,,,,,,,gừng sấy dẻo sữa
198240090,Rượu Korice Makgeolli Hạt Dẻ 6% 750ml,75000,75000,0,5,3,,,,,,,,,,rượu korice makgeolli hạt
185271676,Rượu vang Santa Loreto Cabernet Sauvignon,300000,300000,0,0,0,,,,,,,,,,rượu vang santa loreto
141835771,Bột Ngũ Vị Hương Vipep 40gr,33300,33300,0,4.8,12,,,,,,,,,,bột ngũ hương vipep
126682331,Nấm Hương Khô (Nấm Đông Cô Khô) - Nông Trại Nấm Xanh,105000,105000,0,4.7,10,,,,,,,,,,nấm hương khô nông trại
118710615,LỒNG VẬN CHUYỂN CHÓ MÈO - PURMI FC3000/32x47x29 - (HÀNG NỘI ĐỊA HÀNG QUỐC),580000,580000,0,5,1,,,,,,,,,,lồng vận chuyển chó mèo
101150949,Me Xí Muội Chua Cay DTFood cực ngon,49000,49000,0,4.5,28,,,,,,,,,,me xí muội chua cay dtfood
97924494,Thức ăn cho mèo trưởng thành Royal Canin FIt 32,115000,115000,0,5,1,,,,,,,,,,thức ăn mèo trưởng thành royal
91325006,Bột Sữa Béo B One Thái Lan - Bột Kem Không Sữa B One  (Non Dairy Cream B one),99000,99000,0,5,30,,,,,,,,,,bột sữa béo b
66105223,Yến sào Song Việt - Combo 2 hộp giấy tiện lợi (loại 15 phần/ hộp),3060000,3060000,0,0,0,,,,,,,,,,yê n sa o viê
56120036,Hạt ngũ hoa -  Hạt huỳnh lịch - Hạt lịch - Gói 500gr,95000,95000,0,0,0,,,,,,,,,,hạt ngũ hoa hạt
43604178,500gr táo đỏ khô cao cấp,67000,67000,0,5,3,,,,,,,,,,r táo đỏ khô
23357135,Trà Phổ Nhĩ - Hộp Bát Giác 100gr,298080,298080,0,0,0,,,,,,,,,,trà phổ nhĩ hộp bát giác
20102909,Combo 3 gói Xốt Gia vị hoàn chỉnh Barona - Cá/ thịt kho 80gr,40200,40200,0,4.8,32,,,,,,,,,,combo gói xốt gia vị
3585851,Cà Phê Rang Xay Thunder No.2 Gu Việt Pha Phin/Pha Máy – 1864 CAFÉ trọng lượng tịnh 454g,240000,240000,0,5,7,,,,,,,,,,cà phê rang xay thunder
278911072,THÙNG 15 Hủ Tương Hột 850ml Chay mặn điều dùng đc,405000,405000,0,0,0,,,,,,,,,,thùng hủ tương hột chay
278876457,Cháo Ngô Nếp Minh Trung 365g Không Chất Bảo Quản - Combo 6 Lon Cháo Ngô Nếp 6,102000,102000,0,0,0,,,,,,,,,,cháo ngô nếp minh trung
278876446,Cháo Đậu Đỏ Minh Trung 365g Không Chất Bảo Quản - Combo 6 Lon Cháo Đậu Đỏ 6,102000,102000,0,0,0,,,,,,,,,,cháo đậu đỏ minh trung chất
278519127,BỘT A8 LÀM THỨC ĂN CUNG CẤP DINH DƯỠNG CHO MỌI DÒNG VẸT,74999,74999,0,0,0,,,,,,,,,,bột a làm thức ăn
278241852,ĐẦM TẦNG TƯƠI MÁT DỄ THƯƠNG TỪ 0.5-12KG DÀNH CHO THÚ CƯNG CHÓ MÈO,178000,178000,0,0,0,,,,,,,,,,đầm tầng tươi mát dễ thương
278208437,Thức ăn cá Dr+ Premium Spirulina Tablets viên dán tảo bể cá tép thủy sinh,96000,96000,0,0,0,,,,,,,,,,thức ăn cá dr premium spirulina
277859878,VIÊN GÀ SẤY DOGGYMAN BỔ SUNG COLLAGEN VÀ LỢI KHUẨN LACTIC 140G - CHICKEN MEATBALL TREATS FOR DOG,85000,85000,0,0,0,,,,,,,,,,gà sấy doggyman bổ sung collagen
277597671,Nước mắm Phú Quốc Chỉ Dẫn Địa Lý Phú Hà 40 độ đạm - Combo 2 chai 60ml,56160,56160,0,0,0,,,,,,,,,,nước mắm phú quốc chỉ dẫn địa lý phú
277597597,Nước mắm Phú Quốc Chỉ Dẫn Địa Lý Phú Hà 40 độ đạm - Hộp 6 chai 180ml,259200,259200,0,0,0,,,,,,,,,,nước mắm phú quốc chỉ dẫn địa lý phú
277042972,Nước mắm nhĩ chánh hiệu Phú Quốc Thanh Hà 35N - 520ml,108800,108800,0,0,0,,,,,,,,,,nước mắm nhĩ chánh hiệu phú quốc
276712690,Chà Bông Nấm Chay Vị Truyền Thống 43gr Nấm Tươi Cười,25000,25000,0,0,0,,,,,,,,,,chà nấm chay vị truyền thống
276646044,[Combo 10 lọ]  Nước Yến sào Sanvinest Khánh Hòa không đường lọ 70ml - S102,400000,400000,0,0,0,,,,,,,,,,nước yến sào sanvinest khánh hòa
276646018,[Combo 20 lọ] Nước Yến sào Sanvinest Khánh Hòa dành cho người cao tuổi lọ 70ml - S205,800000,800000,0,0,0,,,,,,,,,,nước yến sào sanvinest khánh hòa
276393294,Mì Tapatio vị Carne Asada tô 110g,18000,18000,0,0,0,,,,,,,,,,mì tapatio vị carne asada
275360820,Vemedim Appet Adults dog vị cá hồi thức ăn dành cho chó trưởng thành,400,35000,35000,0,0,,,,,,,,,,vemedim appet adults dog vị
275086114,Rượu vang trắng Ý Alois Lageder Chardonnay 12.5% độ,833000,833000,0,0,0,,,,,,,,,,rượu vang trắng ý alois
273719569,RƯỢU VANG ĐỎ CHILE BICICLETA PINOT NOIR,450000,450000,0,0,0,,,,,,,,,,rượu vang đỏ chile
272406346,Combo 3 Kẹo Không Đường Bạc Hà IMPACT MINTS FRESH 10g (Tặng kèm 3 gói khăn giấy tempo),105000,105000,0,0,0,,,,,,,,,,combo kẹo đường bạc hà
197652217,Sora Bột gạo lứt mè đen nguyên chất,94000,94000,0,0,0,,,,,,,,,,sora bột gạo lứt
197381747,Đậu hà lan xanh không biến đổi gen_ Dry Peas non GMO _ xuất xứ Canada,23750,25000,1250,5,5,,,,,,,,,,đậu hà lan xanh biến đổi
193589020,Xoài Sấy Dẻo Muối Ớt Viettin Mart 1kg,250000,250000,0,5,1,,,,,,,,,,xoài sấy dẻo muối
190119257,Cát vệ sinh đất sét cho mèo Best in show 6L,65000,65000,0,5,3,,,,,,,,,,cát vệ sinh đất sét mèo
139012111,Thảo Quả Doispice đặc sản Lào Cai 30g,25000,25000,0,5,2,,,,,,,,,,thảo quả doispice đặc sản
134971266,[COMBO 2 HŨ] Chà Bông Heo Xù Thượng Hạng Mỗi Hũ 250G SK FOOD,180000,180000,0,4.8,39,,,,,,,,,,chà heo xù thượng hạng
49551467,Pet Grow – Sữa Cao Cấp Dành Cho Chó Con Trên 1 Ngày Tuổi – Sản Phẩm Thuộc Thương Hiệu Uy Tin Chất Lượng Về Chế Phẩm Sinh Học Dùng Trong Chăn Nuôi Vemedim – Cam Kết An Toàn,1,210000,210000,0,5,,,,,,,,,,pet grow sữa cao cấp
40130900,Kẹo dẻo Bourbon Fettuccine vị Nho tím 50gr,42222,42222,0,0,0,,,,,,,,,,kẹo dẻo bourbon fettuccine vị
24200172,Bún Chùm Ngây,35000,35000,0,0,0,,,,,,,,,,bún ngây
8024967,Hạt Mắc Ca Hũ Nắp Nhôm Fami (300g),146000,146000,0,0,0,,,,,,,,,,hạt mắc ca hũ
6192205,Block 10 Hộp Kẹo Sả Nhân Mật Ong Đường Isomalt (33g/ Hộp),702000,702000,0,5,5,,,,,,,,,,block hộp kẹo sả nhân
1047710,Kẹo Hắc Sâm Vitamin Hàn Quốc (300g),48000,48000,0,0,0,,,,,,,,,,kẹo hắc sâm vitamin
278933074,Thùng 24 hộp Sữa yến mạch OATSIDE vị nguyên bản 180ML,215000,280000,65000,0,0,,,,,,,,,,thùng hộp sữa yến mạch
278424988,Thùng 24 hộp sữa hạt cao đạm ít đường Vinamilk 240ml,395000,583000,188000,0,0,,,,,,,,,,thùng hộp sữa hạt
277500904,[COMBO MIX 3]Rong biển kẹp hạt dinh dưỡng 120g + Thanh gạo lứt chà bông/rong biển mix hạt 150g Mailey,103550,103550,0,4.8,4,,,,,,,,,,rong biển kẹp hạt
276727978,Hộp Đôi Rượu Vang Tết 2026 - Món Quà Sang Trọng và Tinh Tế Cho Dịp Tết Đoàn Viên,530000,530000,0,0,0,,,,,,,,,,hộp rượu vang tết
276138848,Xoài sấy dẻo Ohla ( túi trái xoài)_200g,62000,62000,0,5,1,,,,,,,,,,xoài sấy dẻo ohla
275260473,Đèn UV 5W 7W 9W 11W diệt khuẩn,7,168000,168000,0,0,,,,,,,,,,đèn uv w w
275115332,Tôm khô thẻ quảng canh Cà Mau size L,133800,133800,0,0,0,,,,,,,,,,tôm khô thẻ quảng canh
274839097,TÚI 20L - CÁT VỆ SINH - ĐẤT SÉT MIX THAN HOẠT TÍNH THƯƠNG HIỆU LAPAW CHO MÈO - BAO BÌ MỚI,195000,195000,0,5,3,,,,,,,,,,túi l cát vệ sinh
273961253,Hộp 6 Chai Nước Mắm Cốt Phú Quốc - Quốc Vị Độ Đạm 40N Chai Thủy Tinh 60ml Cá Cơm,108000,108000,0,0,0,,,,,,,,,,hộp chai nước mắm cốt phú quốc
271782270,Rượu Vang Đỏ Chile 1887 Cabernet Sauvignon,308000,308000,0,5,1,,,,,,,,,,rượu vang đỏ chile
270751661,Tương Miso Dashi Marukome Nhật Bản 375g/750g,149000,149000,0,4.5,2,,,,,,,,,,tương miso dashi marukome
270645469,Sữa dành cho người tiểu đường Glucerna Vanilla Abbott Úc Bổ sung đầy đủ dinh dưỡng và cân bằng đường huyết - QuaTangMe Extaste,1190000,1190000,0,4.8,148,,,,,,,,,,sữa dành người tiểu đường
253290637,Rượu Sake Nhật Bản agata Fukunoka Junmaiginjo FU Chai 720ml,617000,617000,0,0,0,,,,,,,,,,rượu sake nhật bản agata
249973794,HẠT THÔNG TÁCH VỎ - RAW PINE NUTS – 1kg,464000,464000,0,3.8,5,,,,,,,,,,hạt thông tách vỏ
188599434,Nước ép mận tự nhiên Taylor 946ml,279000,279000,0,3.5,2,,,,,,,,,,nước ép mận tự nhiên
184071237,Sữa bột Abbott Similac Total Protection 0+ (380g),409000,409000,0,0,0,,,,,,,,,,sữa bột abbott similac
182474678,Đặc Sản Phan Thiết - Thùng 6 Chai Nước Mắm Nhỉ 40 Độ Đạm Làng Chài Xưa Chai Thủy Tinh 500Ml Ủ Chượp 2 Lần Không Chất Bảo Quản,530000,720000,190000,5,7,,,,,,,,,,đặc sản phan thiết thùng chai nước mắm
120760587,6/6 Thùng 12 hộp mì trộn Omachi xốt Spaghetti 105g,269000,269000,0,3.7,3,,,,,,,,,,thùng hộp mì trộn
96631953,PATE HỖN HỢP CÁ HỒI KING’S PET LON 380G THỨC ĂN CHO CHÓ MÈO,44000,44000,0,5,7,,,,,,,,,,pate hỗn hợp cá hồi
94700752,Đặc Sản Phú Quốc - Nước Mắm Phú Quốc Khải Hoàn 43 Độ Đạm Chai Nhựa 1L - Ocop 5 Sao,235000,235000,0,5,34,,,,,,,,,,đặc sản phú quốc nước mắm phú quốc
92523371,Thức ăn chó Pedigree vị thịt bò & rau củ túi 3kg,250000,250000,0,5,9,,,,,,,,,,thức ăn chó pedigree vị thịt
83645373,Bột ngũ cốc nhân sâm Goce - 180g (18 gói x 10g),125000,125000,0,4.6,9,,,,,,,,,,bột ngũ cốc nhân sâm
77879215,[TOP SALES] Yến Khánh Hòa - Yến Sợi Cao Cấp [Hộp 50g] - Đệ Nhất Yến Đảo - Bồi Bổ Sức Khỏe - Phục Hồi Chức Năng Phổi - Phụ Nử Sau Sinh - Đẹp Da - Chống Lão Hóa - Kéo Dài Thanh Xuân - Hỗ Trợ Điều Trị Ung Thư -Tăng Cường Sinh Lý -Trí Nhớ - Cải Thiện Giấc Ngủ,2128000,2240000,112000,4,3,,,,,,,,,,yến khánh hòa yến sợi
74461694,Trà đậu đen nguyên chất Orihiro 180g (6g x 30 túi),135000,135000,0,4.5,4,,,,,,,,,,trà đậu đen nguyên chất
58909985,1kg cafe LeeLong3 hậu vị tròn đầy (50 Robusta / 50 Arabica),389000,389000,0,5,18,,,,,,,,,,kg cafe leelong hậu vị
57521706,KHÔ BÒ MIẾNG TÂN LỘC PHÁT COMBO 2 BỊCH - MỖI BỊCH 250G,897000,897000,0,4.7,34,,,,,,,,,,khô bò tân lộc phát
43043078,Trà Ngư Tinh Thảo Hỗ Trợ Cho Người Bị Trĩ Nội Trĩ Ngoại (Hộp 50 Túi Lọc X 2g)- Nguyên Thái Trang – Thảo Dược Thiên Nhiên – Tốt Cho Sức Khỏe,70000,70000,0,5,2,,,,,,,,,,trà ngư tinh thảo hỗ trợ người
37952139,Bánh Kitkat túi 14 gói (11.6g/gói) của Nestle - Hàng nội địa Nhật Bản,109000,109000,0,3.5,6,,,,,,,,,,bánh kitkat túi gói nestle
21969542,Thùng 48 Hộp Sữa Đậu Nành Vinamilk Nguyên Chất (200ml),225000,225000,0,5,1,,,,,,,,,,thùng hộp sữa đậu nành vinamilk
21749343,Dây dẫn ( Có yếm ) Dành cho mấy bé hay Nhoi,50000,50000,0,4.3,6,,,,,,,,,,dây dẫn dành
15791979,Nước mắm Vị Xưa 20 độ đạm (500ml),50900,50900,0,4.7,40,,,,,,,,,,nước mắm vị xưa độ
6206865,3 Gói Kẹo Sữa Tokuno Uha Nhật Bản (67g x 3),189000,189000,0,5,2,,,,,,,,,,gói kẹo sữa tokuno
963200,Combo 2 Gói Trà Thượng Hạng - Tuyết Shan Cổ Thụ Trà (250g / Gói),1050000,1050000,0,5,5,,,,,,,,,,combo gói trà thượng hạng
