id,name,price,original_price,discount,rating,review_count,seller_id,inventory_status,url,product_type
276178940,Giày boot cho bé phong cách dễ thương - GTE9110,320000.0,640000.0,320000.0,5.0,1,975,,https://tiki.vngiay-boot-cho-be-phong-cach-de-thuong-gte9110-p276178940.html?spid=276178948,giày boot bé phong cách
276473329,"Giày thể thao nữ chất liệu da mềm mại, phong cách cá tính năng dộng – GNU2043A",350000.0,700000.0,350000.0,4.5,4,975,,https://tiki.vngiay-the-thao-nu-chat-lieu-da-mem-mai-phong-cach-ca-tinh-nang-dong-gnu2043a-p276473329.html?spid=276473335,giày thể thao nữ chất liệu
274638952,"Giày thể thao nữ đế êm nhẹ, thoáng khí đế cao su đúc, chống trơn trượt hạn chế mòn – GNU1007",150000.0,300000.0,150000.0,5.0,6,975,,https://tiki.vngiay-the-thao-nu-de-em-nhe-thoang-khi-de-cao-su-duc-chong-tron-truot-han-che-mon-gnu1007-p274638952.html?spid=197798400,giày thể thao nữ đế êm nhẹ
277615645,"Giày Sandal nữ kiểu dáng mới chống trơn, trượt – GSDN08",530000.0,1060000.0,530000.0,5.0,2,975,,https://tiki.vngiay-sandal-nu-kieu-dang-moi-chong-tron-truot-gsdn08-p277615645.html?spid=277615647,giày sandal nữ kiểu dáng
277776381,"Giày lười thể thao nữ đế êm nhẹ, thoáng khí đế cao su đúc, chống trơn trượt hạn chế mòn – GNU2095",682000.0,1364000.0,682000.0,5.0,1,975,,https://tiki.vngiay-luoi-the-thao-nu-de-em-nhe-thoang-khi-de-cao-su-duc-chong-tron-truot-han-che-mon-gnu2095-p277776381.html?spid=277776387,giày lười thể thao nữ đế
278876620,Giày thể thao Biti's Embarce nữ (35-40),605000.0,605000.0,0.0,0.0,0,174218,,https://tiki.vngiay-the-thao-biti-s-embarce-nu-35-40-p278876620.html?spid=278876628,giày thể thao biti s
278807326,Dép nhựa Biti's nam (39-44),104000.0,104000.0,0.0,0.0,0,174218,,https://tiki.vndep-nhua-biti-s-nam-39-44-p278807326.html?spid=278807338,dép nhựa biti s
278637643,Dép chiếu Hương Quế DCQ-87,50000.0,50000.0,0.0,0.0,0,61212,,https://tiki.vndep-chieu-huong-que-dcq-87-p278637643.html?spid=278637663,dép chiếu hương quế dcq
278604685,"Dép chiếu đi trong nhà Hương Quế DCQ-68 thích hợp mang trong nhà, trong văn phòng",95000.0,95000.0,0.0,0.0,0,61212,,https://tiki.vndep-chieu-di-trong-nha-huong-que-dcq-68-thich-hop-mang-trong-nha-trong-van-phong-p278604685.html?spid=276436307,dép chiếu đi nhà
278374138,"Giày sandal nữ đế bằng 7cm Trường Hải 2 màu đen, xam đế PU nhẹ SD145",349000.0,349000.0,0.0,0.0,0,11395,,https://tiki.vngiay-sandal-nu-de-bang-7cm-truong-hai-2-mau-den-xam-de-pu-nhe-sd145-p278374138.html?spid=278374152,giày sandal nữ đế
274938961,"Giày thể thao nữ, giày chạy bộ đế êm nhẹ, thoáng khí đế cao su đúc, chống trơn trượt hạn chế mòn  – GNU2066",360000.0,720000.0,360000.0,4.7,3,975,,https://tiki.vngiay-the-thao-nu-giay-chay-bo-de-em-nhe-thoang-khi-de-cao-su-duc-chong-tron-truot-han-che-mon-gnu2066-p274938961.html?spid=274938983,giày thể thao nữ giày
274709869,"Giày thể thao nữ đế êm nhẹ, thoáng khí đế cao su đúc, chống trơn trượt hạn chế mòn – GNU2062",410000.0,820000.0,410000.0,5.0,2,975,,https://tiki.vngiay-the-thao-nu-de-em-nhe-thoang-khi-de-cao-su-duc-chong-tron-truot-han-che-mon-gnu2062-p274709869.html?spid=274709891,giày thể thao nữ đế êm nhẹ
274535356,"Giày thể thao nữ phong cách cá tính, thoáng khí, đế cao su đúc, chống trơn trượt hạn chế mòn  - gnu2061",530000.0,1060000.0,530000.0,5.0,1,975,,https://tiki.vngiay-the-thao-nu-gnu2061-giay-phong-cach-ca-tinh-thoang-khi-de-cao-su-duc-chong-tron-truot-han-che-mon-p274535356.html?spid=274535378,giày thể thao nữ phong cách
277294524,"Giày thể thao nữ, giày chạy bộ đế êm nhẹ, thoáng khí đế cao su đúc, chống trơn trượt hạn chế mòn  – GNU2084",570000.0,1140000.0,570000.0,5.0,1,975,,https://tiki.vngiay-the-thao-nu-giay-chay-bo-de-em-nhe-thoang-khi-de-cao-su-duc-chong-tron-truot-han-che-mon-gnu2084-p277294524.html?spid=277294544,giày thể thao nữ giày
276194397,"Giày thể thao nữ, giày chạy bộ đế êm nhẹ, thoáng khí đế cao su đúc, chống trơn trượt hạn chế mòn  – GNU2079",290000.0,580000.0,290000.0,5.0,1,975,,https://tiki.vngiay-the-thao-nu-giay-chay-bo-de-em-nhe-thoang-khi-de-cao-su-duc-chong-tron-truot-han-che-mon-gnu2079-p276194397.html?spid=276194399,giày thể thao nữ giày
278279778,Sandal Biti's nữ (35-40),299000.0,299000.0,0.0,0.0,0,174218,,https://tiki.vnsandal-biti-s-nu-35-40-p278279778.html?spid=278279780,sandal biti s nữ
277614367,Giày Nữ Búp Bê Đế Xuồng HA NAM Da Bò Thật Thời Trang Cao Cấp 5cm GBBN2059,360000.0,360000.0,0.0,0.0,0,323804,,https://tiki.vngiay-nu-bup-be-de-xuong-ha-nam-da-bo-that-thoi-trang-cao-cap-5cm-gbbn2059-p277614367.html?spid=277614375,giày nữ búp bê đế
277467441,"Giày nữ cao gót hở mũi, cổ cao phối lưới ROSATA RO674 -7p- Đen, Nude - BKSTORE",450000.0,450000.0,0.0,0.0,0,44660,,https://tiki.vngiay-nu-cao-got-ho-mui-co-cao-phoi-luoi-rosata-ro674-7p-den-nude-bkstore-p277467441.html?spid=277467459,giày nữ cao gót mũi
277388227,"Lót Gót Giày Mềm Mại, Miếng Dán Gót Giày Chống Đau Chân, Đệm Gót Chân Chống Rộng - HÀNG CHÍNH HÃNG MINIIN",49000.0,49000.0,0.0,0.0,0,134678,,https://tiki.vnlot-got-giay-mem-mai-mieng-dan-got-giay-chong-dau-chan-dem-got-chan-chong-rong-hang-chinh-hang-miniin-p277388227.html?spid=277388231,lót gót giày mềm mại
277364807,Giày Thể Thao Nữ Biti's Hunter Street Còn Gì Dùng Đó HSW006301REU (Rêu),829000.0,829000.0,0.0,0.0,0,178519,,https://tiki.vngiay-the-thao-nu-biti-s-hunter-street-con-gi-dung-do-hsw006301reu-reu-p277364807.html?spid=277364819,giày thể thao nữ biti
274963030,Giày thể thao nam / nữ phong cách mới – G1011,540000.0,1080000.0,540000.0,0.0,0,975,,https://tiki.vngiay-the-thao-nam-nu-phong-cach-moi-g1011-p274963030.html?spid=274963048,giày thể thao nam nữ phong cách
198452118,Giày Cao Gót Nữ BIGGBEN Da Bò Thật Cao 5 Phân GCG13,359000.0,400000.0,41000.0,4.0,1,9460,,https://tiki.vngiay-cao-got-nu-biggben-da-bo-that-cao-5-phan-gcg13-p198452118.html?spid=198452120,giày cao gót nữ biggben
277615168,"Giày Sandal nữ kiểu dáng mới chống trơn, trượt – GSDN06",520000.0,1040000.0,520000.0,0.0,0,975,,https://tiki.vngiay-sandal-nu-kieu-dang-moi-chong-tron-truot-gsdn06-p277615168.html?spid=277615182,giày sandal nữ kiểu dáng
277617540,"Giày Sandal nữ kiểu dáng mới chống trơn, trượt – GSDN10",583000.0,1166000.0,583000.0,0.0,0,975,,https://tiki.vngiay-sandal-nu-kieu-dang-moi-chong-tron-truot-gsdn10-p277617540.html?spid=277617558,giày sandal nữ kiểu dáng
277615461,"Giày Sandal nữ kiểu dáng mới chống trơn, trượt – GSDN07",550000.0,1100000.0,550000.0,0.0,0,975,,https://tiki.vngiay-sandal-nu-kieu-dang-moi-chong-tron-truot-gsdn07-p277615461.html?spid=277615471,giày sandal nữ kiểu dáng
277287666,Giày Sandal Nữ Da Bò Thật BIGGBEN Cao Cấp SDN116,339000.0,450000.0,111000.0,0.0,0,9460,,https://tiki.vngiay-sandal-nu-da-bo-that-biggben-cao-cap-sdn116-p277287666.html?spid=277287676,giày sandal nữ da bò
276964875,Dép Bông Đi Trong Nhà Chống Trơn Vải Nhung Đế khâu Lót Lông Siêu Ấm DP94,69000.0,69000.0,0.0,0.0,0,144221,,https://tiki.vnde-p-bong-di-trong-nha-cho-ng-tron-va-i-nhung-de-khau-lo-t-long-sieu-a-m-dp94-p276964875.html?spid=276964951,de p bông đi
276964823,"Dép Lông Đi Trong Nhà, Dép Lông Bít Mũi, Dép Bông Caro Mã DP110",79000.0,79000.0,0.0,4.5,2,144221,,https://tiki.vndep-long-di-trong-nha-dep-long-bit-mui-dep-bong-caro-ma-dp110-p276964823.html?spid=276964831,dép lông đi nhà
276952413,Dép đúc răng cưa dép bánh mì nam nữ vân nhám đế êm chân không thấm nước  có big size,79999.0,79999.0,0.0,5.0,8,97441,,https://tiki.vndep-duc-rang-cua-dep-banh-mi-nam-nu-van-nham-de-em-chan-khong-tham-nuoc-de-cao-4cm-co-big-size-p276952413.html?spid=276952439,dép đúc răng cưa dép
276605545,"Dép hài mang trong nhà cao cấp Hương Quế DH-34 tạo cảm giác nhẹ nhàng, thoải mái khi mang",125000.0,125000.0,0.0,0.0,0,61212,,https://tiki.vndep-hai-mang-trong-nha-cao-cap-huong-que-dh-34-tao-cam-giac-nhe-nhang-thoai-mai-khi-mang-p276605545.html?spid=276605551,dép hài mang nhà
276437607,"Dép quai ngang đi trong nhà Hương Quế DQN-07 thích hợp mang trong nhà, trong văn phòng",85000.0,85000.0,0.0,0.0,0,61212,,https://tiki.vndep-quai-ngang-di-trong-nha-huong-que-dqn-07-thich-hop-mang-trong-nha-trong-van-phong-p276437607.html?spid=276437613,dép quai ngang đi
276436047,"Dép chiếu Hương Quế DCQ-66 thích hợp mang trong nhà, trong văn phòng",85000.0,85000.0,0.0,0.0,0,61212,,https://tiki.vndep-chieu-huong-que-dcq-66-thich-hop-mang-trong-nha-trong-van-phong-p276436047.html?spid=276436057,dép chiếu hương quế dcq
276094495,Dép Nữ Da Bò Thật BIGGBEN Cao Cấp DNQN63,329000.0,450000.0,121000.0,0.0,0,9460,,https://tiki.vndep-nu-da-bo-that-biggben-cao-cap-dnqn63-p276094495.html?spid=276094537,dép nữ da bò biggben
275789458,Dép Bitis nữ (35-40),295000.0,295000.0,0.0,0.0,0,174218,,https://tiki.vndep-bitis-nu-35-40-p275789458.html?spid=275789470,dép bitis nữ
275183194,"Chai Vệ Sinh Giày, Bình Xịt Bọt Tuyết Giặt Khô Giày Snoker Dung Dịch Vệ Sinh Giày Dép Snoker Cao Cấp",52000.0,65000.0,13000.0,5.0,3,115414,,https://tiki.vnchai-ve-sinh-giay-binh-xit-bot-tuyet-giat-kho-giay-snoker-dung-dich-ve-sinh-giay-dep-snoker-cao-cap-p275183194.html?spid=275183195,chai vệ sinh giày bình xịt
275140754,"Dép tổ ong [Size 35-38] KÈM STICKER NGẪU NHIÊN cao cấp siêu bền, siêu nhẹ, chống trơn trượt",68000.0,100000.0,32000.0,5.0,5,265402,,https://tiki.vndep-to-ong-size-35-38-kem-sticker-ngau-nhien-vat-lieu-eva-cao-cap-sieu-ben-sieu-nhe-chong-tron-truot-p275140754.html?spid=275141430,dép tổ ong kèm
274657854,Giày Sandal Cao Gót Da Bò BIGGBEN Cao 5 Phân SDCG124,329000.0,450000.0,121000.0,4.5,2,9460,,https://tiki.vngiay-sandal-cao-got-da-bo-biggben-cao-5-phan-sdcg124-p274657854.html?spid=274657856,giày sandal cao gót da bò
274337143,"Dép Mang Trong Nhà Bằng Vải Cho Khách Sạn, Homestay",15000.0,15000.0,0.0,5.0,12,17480,,https://tiki.vndep-mang-trong-nha-bang-vai-cho-khach-san-homestay-p274337143.html?spid=274337147,dép mang nhà vải
273901205,"Miếng Dán Đế Giày Cao Su Chống Trơn Trượt Cho Giày Cao Gót, Giày Da",19000.0,20000.0,1000.0,4.0,3,17480,,https://tiki.vnmieng-dan-de-giay-cao-su-chong-tron-truot-cho-giay-cao-got-giay-da-p273901205.html?spid=273901207,miếng dán đế giày
273648423,Dép Cao Gót Nữ BIGGBEN Da Bò Cao 4 Phân DCG87,339000.0,400000.0,61000.0,0.0,0,9460,,https://tiki.vndep-cao-got-nu-biggben-da-bo-cao-4-phan-dcg87-p273648423.html?spid=273648433,dép cao gót nữ biggben
273399791,"Bộ 02 cặp gồm 04 miếng lót gót giày silicon chống trầy bảo vệ gót chân, giảm size giày",39000.0,45000.0,6000.0,5.0,4,108828,,https://tiki.vnbo-02-cap-gom-04-mieng-lot-got-giay-silicon-chong-tray-bao-ve-got-chan-giam-size-giay-p273399791.html?spid=273399792,bộ 02 cặp gồm
273386037,"Dép chiếu đi trong nhà Hương Quế DC-05 thích hợp mang trong nhà, trong văn phòng",36000.0,36000.0,0.0,4.6,5,61212,,https://tiki.vndep-chieu-di-trong-nha-huong-que-dc-05-thich-hop-mang-trong-nha-trong-van-phong-p273386037.html?spid=273386058,dép chiếu đi nhà
271420829,Dép Đế Xuồng Nữ BIGBEN Da Bò Thật Cao 7 Phân DX45,289000.0,400000.0,111000.0,0.0,0,9460,,https://tiki.vndep-de-xuong-nu-bigben-da-bo-that-cao-7-phan-dx45-p271420829.html?spid=271420833,dép đế xuồng nữ
262571775,Giày Sandal Nữ Da Bò Thật BIGGBEN Cao Cấp SDN90,319000.0,400000.0,81000.0,0.0,0,9460,,https://tiki.vngiay-sandal-nu-da-bo-that-biggben-cao-cap-sdn90-p262571775.html?spid=262571781,giày sandal nữ da bò
194453935,"Lót giày Hương Quế CL06 chính hãng, êm, bền, bột quế thật, thơm, chống hôi chân và tốt cho sức khỏe",42400.0,53000.0,10600.0,0.0,0,42362,,https://tiki.vnlot-giay-huong-que-cl06-chinh-hang-em-ben-bot-que-that-thom-chong-hoi-chan-va-tot-cho-suc-khoe-p194453935.html?spid=275580125,lót giày hương quế
186150289,Dép Xốp Nữ Biti's SXW092800DEN đế 5cm,225000.0,225000.0,0.0,4.0,1,112034,,https://tiki.vndep-xop-nu-biti-s-sxw092800den-de-5cm-p186150289.html?spid=186150297,dép xốp nữ biti
150735516,"Dép chiếu Hương Quế DCQ-38 có lớp chiếu tỏa ra hơi ấm, hương thơm nhẹ giúp kích thích các huyệt đạo trong lòng bàn chân",68000.0,68000.0,0.0,5.0,4,61212,,https://tiki.vndep-chieu-huong-que-dcq-38-co-lop-chieu-toa-ra-hoi-am-huong-thom-nhe-giup-kich-thich-cac-huyet-dao-trong-long-ban-chan-p150735516.html?spid=150735520,dép chiếu hương quế dcq
150733008,"Dép chiếu Hương Quế DCQ-12 là một sản phẩm thủ công đẹp, sang trọng và tốt cho sức khoẻ người mang",68000.0,68000.0,0.0,4.7,6,61212,,https://tiki.vndep-chieu-huong-que-dcq-12-la-mot-san-pham-thu-cong-dep-sang-trong-va-tot-cho-suc-khoe-nguoi-mang-p150733008.html?spid=150733010,dép chiếu hương quế dcq
140573000,Dép Bông Đi Trong Nhà Đế Cao Su Đúc Cao Cấp LACEVA DP95,89000.0,89000.0,0.0,5.0,35,144221,,https://tiki.vnde-p-bong-di-trong-nha-de-cao-su-du-c-cao-ca-p-laceva-dp95-p140573000.html?spid=140573008,de p bông đi
133847001,Combo Dép Đi Trong Nhà Thu Đông Đế Chống Thấm Chất Nỉ Nhung Thiết Kế Sang Trọng Cho Nam Và Nữ- Hàng Loại 1- Chính Hãng MINIIN,39000.0,39000.0,0.0,4.8,17,134678,,https://tiki.vncombo-dep-di-trong-nha-thu-dong-de-chong-tham-chat-ni-nhung-thiet-ke-sang-trong-cho-nam-va-nu-hang-loai-1-chinh-hang-miniin-p133847001.html?spid=133847003,combo dép đi nhà
127379023,Giày Sneaker Vải Nữ DINCOX C20 Nữ Tính Sang Trọng Off/White,470000.0,470000.0,0.0,4.5,26,150940,,https://tiki.vngiay-sneaker-vai-nu-dincox-c20-nu-tinh-sang-trong-off-white-p127379023.html?spid=127379047,giày sneaker vải nữ
57151356,"Dép chiếu xỏ ngón Hương Quế DCQ-47 nguyên liệu tự nhiên (sợi chiếu, bột quế, sợi đay) ngăn ngừa mồ hôi chân - giữ ẩm và mát chân",68000.0,68000.0,0.0,4.8,11,61212,,https://tiki.vndep-chieu-xo-ngon-huong-que-dcq-47-nguyen-lieu-tu-nhien-soi-chieu-bot-que-soi-day-ngan-ngua-mo-hoi-chan-giu-am-va-mat-chan-p57151356.html?spid=57151370,dép chiếu xỏ ngón
56659028,Giày cao gót 7cm Trường Hải gót nhọn da bóng đen thời trang nữ cao cấp êm ái CG088,255000.0,255000.0,0.0,0.0,0,11395,,https://tiki.vngiay-cao-got-7cm-truong-hai-got-nhon-da-bong-den-thoi-trang-nu-cao-cap-em-ai-cg088-p56659028.html?spid=56659034,giày cao gót
55780333,Bộ 2 Dán lót giày êm chân chống trầy gót Milliken - màu sắc ngẫu nhiên,40000.0,40000.0,0.0,4.8,4,6351,,https://tiki.vnbo-2-dan-lot-giay-em-chan-chong-tray-got-milliken-mau-sac-ngau-nhien-p55780333.html?spid=55780334,bộ dán lót giày
278877564,Dép quai ngang Biti's nữ (35-40),189000.0,189000.0,0.0,0.0,0,174218,,https://tiki.vndep-quai-ngang-biti-s-nu-35-40-p278877564.html?spid=278877584,dép quai ngang biti
278605679,"Dép quai ngang đi trong nhà Hương Quế DQN-09 thích hợp mang trong nhà, trong văn phòng",85000.0,85000.0,0.0,4.5,2,61212,,https://tiki.vndep-quai-ngang-di-trong-nha-huong-que-dqn-09-thich-hop-mang-trong-nha-trong-van-phong-p278605679.html?spid=278605748,dép quai ngang đi
278442642,Sandal Nữ Quai Dù Laceva Siêu Êm Siêu Bền DP28,129000.0,129000.0,0.0,0.0,0,144221,,https://tiki.vnsandal-nu-quai-du-laceva-sieu-em-sieu-ben-dp28-p278442642.html?spid=278446168,sandal nữ quai laceva siêu êm
278248585,"Dép Nữ Quai Ngang, Dép Gấu Nâu Siêu Nhẹ DP04",59000.0,59000.0,0.0,0.0,0,144221,,https://tiki.vndep-nu-quai-ngang-dep-gau-nau-sieu-nhe-dp04-p278248585.html?spid=278248618,dép nữ quai ngang dép
277822931,Dép quai kẹp Biti's nữ (35-39),255000.0,255000.0,0.0,0.0,0,174218,,https://tiki.vndep-quai-kep-biti-s-nu-35-39-p277822931.html?spid=277822937,dép quai kẹp biti s
277809118,Sandal Biti's Hunter nữ (35-39),469000.0,469000.0,0.0,0.0,0,174218,,https://tiki.vnsandal-biti-s-hunter-nu-35-39-p277809118.html?spid=277809122,sandal biti s hunter
277771177,Dép nhựa Biti's nữ (35-40),109000.0,109000.0,0.0,4.0,1,174218,,https://tiki.vndep-nhua-biti-s-nu-35-40-p277771177.html?spid=277771191,dép nhựa biti s nữ
277364735,Giày Thể Thao Nữ Biti's Hunter X LiteDash Go For Love 2k25 Edition HSW007505TRG (Trắng),1099000.0,1099000.0,0.0,0.0,0,178519,,https://tiki.vngiay-the-thao-nu-biti-s-hunter-x-litedash-go-for-love-2k25-edition-hsw007505trg-trang-p277364735.html?spid=277364737,giày thể thao nữ biti
276829883,"Sét 2 miếng lót gót chân cao su mềm cho nam và nữ ,bảo vệ gót chân ,cổ chân ,chống nứt gót , khi mang giày ",65550.0,69000.0,3450.0,2.5,2,274962,,https://tiki.vnset-2-mieng-lot-got-chan-cao-su-mem-cho-nam-va-nu-bao-ve-got-chan-co-chan-chong-nut-got-khi-mang-giay-p276829883.html?spid=276829884,sét
276817786,"Dép xốp  sọc cao cấp  đi trong nhà , mang trong văn phòng, nhà tắm , đế dép làm bằng nhựa chống trơn trượt ,chống thấm nước , êm nhẹ  ,mềm mại mang lại cảm giác thoải mái  cho người sử dụng",75050.0,79000.0,3950.0,0.0,0,274962,,https://tiki.vndep-xop-soc-cao-cap-di-trong-nha-mang-trong-van-phong-nha-tam-de-dep-lam-bang-nhua-chong-tron-truot-chong-tham-nuoc-em-nhe-mem-mai-mang-lai-cam-giac-thoai-mai-cho-nguoi-su-dung-p276817786.html?spid=276817792,dép xốp sọc cao cấp đi
276357062,Sandals Thể Thao Nữ Biti’s Hunter X Dune – Festive Edition 2K24​ HEW001300TRG (Trắng),540000.0,540000.0,0.0,5.0,1,178519,,https://tiki.vnsandals-the-thao-nu-biti-s-hunter-x-dune-festive-edition-2k24-hew001300trg-trang-p276357062.html?spid=276357066,sandals thể thao nữ biti
250116388,Giày Cao Gót Nữ Công Sở Da Bò Thật BIGGBEN Cao 5 Phân GCG14,329000.0,450000.0,121000.0,5.0,3,9460,,https://tiki.vngiay-cao-got-nu-cong-so-da-bo-that-biggben-cao-5-phan-gcg14-p250116388.html?spid=250116394,giày cao gót nữ công sở
278073486,"Giày thể thao nữ cổ thấp chất liệu da mềm mại, phong cách cá tính năng động – GNU2100",650000.0,1300000.0,650000.0,0.0,0,975,,https://tiki.vngiay-the-thao-nu-co-thap-chat-lieu-da-mem-mai-phong-cach-ca-tinh-nang-dong-gnu2100-p278073486.html?spid=278073488,giày thể thao nữ cổ
276767436,"Lót giày cho nam và nữ khử mùi sợi tre , thơm tự nhiên , vải lưới đàn hồi thông hơi , thoáng khí khử mùi hôi hiệu quả  , giúp bảo vệ bàn chân , giữ chân sạch sẽ và khô ráo nhỏ gọn tiện lợi",84550.0,89000.0,4450.0,0.0,0,270031,,https://tiki.vnlot-giay-cho-nam-va-nu-khu-mui-soi-tre-thom-tu-nhien-vai-luoi-dan-hoi-thong-hoi-thoang-khi-khu-mui-hoi-hieu-qua-giup-bao-ve-ban-chan-giu-chan-sach-se-va-kho-rao-nho-gon-tien-loi-p276767436.html?spid=276767450,lót giày nam nữ
276605566,"Dép hài mang trong nhà cao cấp Hương Quế DH-35 tạo cảm giác nhẹ nhàng, thoải mái khi mang",125000.0,125000.0,0.0,0.0,0,61212,,https://tiki.vndep-hai-mang-trong-nha-cao-cap-huong-que-dh-35-tao-cam-giac-nhe-nhang-thoai-mai-khi-mang-p276605566.html?spid=276605576,dép hài mang nhà
276605508,"Dép chiếu đi trong nhà Hương Quế DCQ-72 thích hợp mang trong nhà, trong văn phòng",85000.0,85000.0,0.0,0.0,0,61212,,https://tiki.vndep-chieu-di-trong-nha-huong-que-dcq-72-thich-hop-mang-trong-nha-trong-van-phong-p276605508.html?spid=276605518,dép chiếu đi nhà
276436143,"Dép cỏ bàng Hương Quế DCQ-67 thích hợp mang trong nhà, trong văn phòng",85000.0,85000.0,0.0,0.0,0,61212,,https://tiki.vndep-co-bang-huong-que-dcq-67-thich-hop-mang-trong-nha-trong-van-phong-p276436143.html?spid=276436153,dép cỏ bàng hương
276090062,Giày Lười Nữ Da Bò Thật BIGGBEN Cao 3 Phân BB138,399000.0,450000.0,51000.0,0.0,0,9460,,https://tiki.vngiay-luoi-nu-da-bo-that-biggben-cao-3-phan-bb138-p276090062.html?spid=276090066,giày lười nữ da bò
276015496,[NHIỀU MẪU] Tất giá rẻ nữ cotton hình mẫu màu ngẫu nhiên (nhắn tin cho shop nếu bạn cần chọn mẫu-màu theo ý),10000.0,10000.0,0.0,0.0,0,6615,,https://tiki.vnnhieu-mau-tat-gia-re-nu-cotton-hinh-mau-mau-ngau-nhien-nhan-tin-cho-shop-neu-ban-can-chon-mau-mau-theo-y-p276015496.html?spid=276015504,tất giá rẻ nữ
275415309,Giày Đế Xuồng Nữ BIGGBEN Da Bò Thật Cao 7 Phân SDX68,299000.0,500000.0,201000.0,4.0,1,9460,,https://tiki.vngiay-de-xuong-nu-biggben-da-bo-that-cao-7-phan-sdx67-p275415309.html?spid=275415357,giày đế xuồng nữ
275183379,Chai Xịt Tạo Bọt Vệ Sinh Giày SNOKER Cao Cấp 300ml Làm Sạch Giày Cao Cấp Giúp Giày Trắng Sáng,52000.0,65000.0,13000.0,5.0,2,108828,,https://tiki.vnchai-xit-tao-bot-ve-sinh-giay-snoker-cao-cap-300ml-lam-sach-giay-cao-cap-giup-giay-trang-sang-p275183379.html?spid=275183381,chai xịt tạo bọt
274564865,Lọ Nước Lau Giày Túi Xách Plac Chai Cọ Tẩy Trắng Giày Sneaker Đầu Chổi - Lọ Nước Đánh Vết Ố Bẩn - Chà Giặt Khô Lau Làm Sạch Giầy  Lọ Nước Đánh Vết Ố Bẩn - Chà Giặt Khô Lau Làm Sạch Giầy,7000.0,7000.0,0.0,4.0,1,131238,,https://tiki.vnlo-nuoc-lau-giay-tui-xach-plac-chai-co-tay-trang-giay-sneaker-dau-choi-lo-nuoc-danh-vet-o-ban-cha-giat-kho-lau-lam-sach-giay-lo-nuoc-danh-vet-o-ban-cha-giat-kho-lau-lam-sach-giay-p274564865.html?spid=274564866,lọ nước lau giày
273363503,"Dép chiếu đi trong nhà Hương Quế DC-04 thích hợp mang trong nhà, trong văn phòng",37000.0,37000.0,0.0,0.0,0,61212,,https://tiki.vndep-chieu-di-trong-nha-huong-que-dc-04-thich-hop-mang-trong-nha-trong-van-phong-p273363503.html?spid=273363523,dép chiếu đi nhà
273359358,"Dép chiếu đi trong nhà Hương Quế DC-01 thích hợp mang trong nhà, trong văn phòng",37000.0,37000.0,0.0,0.0,0,61212,,https://tiki.vndep-chieu-di-trong-nha-huong-que-dc-01-thich-hop-mang-trong-nha-trong-van-phong-p273359358.html?spid=273359364,dép chiếu đi nhà
270548778,"Miếng dán gót chân 4.4 mét Bảo vệ chân Chống trầy, chống rộp chân, sần da Giảm đau khi mang giày, cao gót Legaxi",13000.0,13000.0,0.0,3.3,3,3196,,https://tiki.vnmieng-dan-got-chan-bao-ve-chan-chong-tray-chong-rop-chan-san-da-giam-dau-khi-mang-giay-cao-got-legaxi-p270548778.html?spid=270548780,miếng dán gót chân
270212012,"Lót gót giày Spenco Heel Gel - lót gót gel silicon mềm hỗ trợ phòng và giảm đau gót chân, gai gót",295000.0,295000.0,0.0,0.0,0,302,,https://tiki.vnlot-got-giay-y-khoa-spenco-heel-gel-lot-got-gel-silicon-mem-giam-dau-got-chan-p270212012.html?spid=270212013,lót gót giày spenco
195536360,Giày Sandal Nữ Da Bò Thật BIGGBEN Cao Cấp SDN84,319000.0,350000.0,31000.0,5.0,5,9460,,https://tiki.vngiay-sandal-nu-da-bo-that-biggben-cao-cap-sdn84-p195536360.html?spid=195536376,giày sandal nữ da bò
163035058,"Dép Đi Trong Nhà, Văn Phòng, Xốp Lỗ Siêu Nhẹ Siêu Rẻ, Chống Trơn Trượt - Hàng Loại 1 - Giao Màu Ngẫu Nhiên",36000.0,36000.0,0.0,5.0,9,203034,,https://tiki.vndep-di-trong-nha-van-phong-xop-lo-sieu-nhe-sieu-re-chong-tron-truot-hang-loai-1-giao-mau-ngau-nhien-p163035058.html?spid=175886514,dép đi nhà văn phòng xốp
158631445,"Dép Đi Trong Nhà Cói Mây Đế Cao Su Chống Trơn, Thoáng Mát Mã DP07",49000.0,49000.0,0.0,4.6,69,144221,,https://tiki.vnde-p-di-trong-nha-van-pho-ng-de-p-co-i-may-de-cao-su-cho-ng-tron-thoa-ng-ma-t-dp07-p158631445.html?spid=158631451,de p đi nha co
157062466,Khăn Giấy Lau Giày Sneaker Chuyên Dụng Khăn Ướt Vệ Sinh Giày Dép Dép Da Siêu Sạch 1 Gói 30 Tờ - Hàng Chính Hãng MINIIN,25000.0,25000.0,0.0,4.8,20,134678,,https://tiki.vnkhan-giay-lau-giay-sneaker-chuyen-dung-khan-uot-ve-sinh-giay-dep-dep-da-sieu-sach-1-goi-30-to-hang-chinh-hang-miniin-p157062466.html?spid=157062467,khăn giấy lau giày
149969265,Dép nhựa siêu nhẹ Bitis nữ,104000.0,104000.0,0.0,5.0,57,174218,,https://tiki.vndep-nhua-sieu-nhe-bitis-nu-p149969265.html?spid=149969285,dép nhựa siêu nhẹ bitis
141490261,Giày sandal nữ da bò thật BIGGBEN cao cấp SDN70,369000.0,450000.0,81000.0,4.7,20,9460,,https://tiki.vngiay-sandal-nu-da-bo-that-biggben-cao-cap-sdn70-p141490261.html?spid=141490269,giày sandal nữ da bò
91255452,Giày Sandal Đế Xuồng Nữ Da Bò BIGGBEN Cao Cấp SDX28,369000.0,460000.0,91000.0,4.7,6,9460,,https://tiki.vngiay-sandal-de-xuong-nu-da-bo-biggben-cao-cap-sdx28-p91255452.html?spid=91255455,giày sandal đế xuồng nữ
52240827,Giày Sandal Nữ Đế Xuồng BIGGBEN Da Bò Thật SDX17,369000.0,400000.0,31000.0,4.6,26,9460,,https://tiki.vngiay-sandal-nu-de-xuong-biggben-da-bo-that-sdx17-p52240827.html?spid=52240829,giày sandal nữ đế xuồng
47293616,Combo 01 cặp lót mũi giày cao su non và 01 cặp lót gót chân 2 trong 1 - buybox - BBPK09&50,35000.0,35000.0,0.0,5.0,7,56711,,https://tiki.vncombo-01-cap-lot-mui-giay-cao-su-non-va-01-cap-lot-got-chan-2-trong-1-buybox-bbpk09-50-p47293616.html?spid=76756591,combo 01 cặp lót
45948127,"4 miếng lót gót giày vải êm chân, lót đệm gót",30000.0,30000.0,0.0,4.7,11,56711,,https://tiki.vn4-mieng-lot-got-giay-vai-em-chan-lot-dem-got-p45948127.html?spid=74159200,
43126126,Bộ 2 cặp lót giày 4D bảo vệ gót chân và chống tuột gót giày (loại bầu) - buybox - BBPK54,25000.0,25000.0,0.0,4.6,15,56711,,https://tiki.vnbo-2-cap-lot-giay-4d-bao-ve-got-chan-va-chong-tuot-got-giay-loai-bau-buybox-bbpk54-p43126126.html?spid=85084074,bộ cặp lót giày
35029677,Miếng lót cho giày rộng V.8 - Màu,15000.0,15000.0,0.0,4.5,4,31740,,https://tiki.vnmieng-lot-cho-giay-rong-v-8-mau-nau-p35029677.html?spid=36276758,lót giày rộng v
2691085,Giày Nữ Da Dò 3 Phân Huy Hoàng HT7939 - Đen,499000.0,499000.0,0.0,4.5,2,1867,,https://tiki.vngiay-nu-da-do-3-phan-huy-hoang-ht7939-den-p2691085.html?spid=2691101,giày nữ da dò phân huy hoàng
278832964,Dép quai ngang xốp Biti's nữ (35-40),200000.0,200000.0,0.0,0.0,0,174218,,https://tiki.vndep-quai-ngang-xop-biti-s-nu-35-40-p278832964.html?spid=278832976,dép quai ngang xốp
278106622,"Dép cói cỏ bàng Hương Quế DCQ-80 thích hợp mang trong nhà, trong văn phòng",95000.0,95000.0,0.0,0.0,0,61212,,https://tiki.vndep-coi-co-bang-huong-que-dcq-78-thich-hop-mang-trong-nha-trong-van-phong-p278106622.html?spid=278106626,dép cói cỏ bàng
278096418,GIÀY CAO GÓT BASIC 5CM PABNO PN22034,375000.0,375000.0,0.0,0.0,0,49994,,https://tiki.vngiay-cao-got-basic-5cm-pabno-pn22034-p278096418.html?spid=278096428,giày cao gót basic
277943671,"Giày cao gót nữ quai sau ROSATA RO722 - 6p - Đen, Hồng - HÀNG VIỆT NAM-BKSTORE",399000.0,399000.0,0.0,4.0,2,44660,,https://tiki.vngiay-cao-got-nu-quai-sau-rosata-ro722-6p-den-hong-hang-viet-nam-bkstore-p277943671.html?spid=277943689,giày cao gót nữ quai sau
277859910,Giày bít Biti's nữ (35-39),440000.0,440000.0,0.0,0.0,0,174218,,https://tiki.vngiay-bit-biti-s-nu-35-39-p277859910.html?spid=277859922,giày bít biti s
277532820,Dép quai ngang nữ (35-39),190000.0,190000.0,0.0,0.0,0,174218,,https://tiki.vndep-quai-ngang-nu-35-39-p277532820.html?spid=277532836,dép quai ngang nữ
277506601,Dép Cross Nữ Hàng Cao Cấp - DNU9072,560000.0,1120000.0,560000.0,0.0,0,975,,https://tiki.vndep-cross-nu-hang-cao-cap-dnu9072-p277506601.html?spid=277506653,dép cross nữ hàng
277473632,Giày Búp Bê Nơ Khóa PABNO PN17015,345000.0,345000.0,0.0,0.0,0,49994,,https://tiki.vngiay-bup-be-no-khoa-pabno-pn17015-p277473632.html?spid=277473650,giày búp bê nơ khóa
277386118,"Giày thể thao nữ chất liệu da mềm mại, đế cao, phong cách cá tính năng dộng – GNU2043",340000.0,680000.0,340000.0,0.0,0,975,,https://tiki.vngiay-the-thao-nu-chat-lieu-da-mem-mai-de-cao-phong-cach-ca-tinh-nang-dong-gnu2043-p277386118.html?spid=277386140,giày thể thao nữ chất liệu
277042391,New Arrivals | Giày Da Sneaker Nam Nữ  DC39 BERRY SODA DINCOX Shoes Đế Bằng - Microfiber Leather,555000.0,555000.0,0.0,0.0,0,150940,,https://tiki.vnnew-arrivals-giay-da-sneaker-nam-nu-dc39-berry-soda-dincox-shoes-de-bang-microfiber-leather-p277042391.html?spid=277042393,new arrivals giày da
276946113,Bộ 2 cặp lót giày 4D bảo vệ gót chân và chống tuột gót giày (loại bầu) 1 CẶP KEM VÀ 1 CẶP ĐEN,80000.0,80000.0,0.0,5.0,1,353491,,https://tiki.vnbo-2-cap-lot-giay-4d-bao-ve-got-chan-va-chong-tuot-got-giay-loai-vuong-mau-den-va-da-p276946113.html?spid=276946114,bộ cặp lót giày
276828806,"Dép bánh mì nam nữ   , mềm mại, đàn hồi tốt, chống trơn trượt ôm chân tôn dáng , phù hợp cho nam và nữ",103550.0,109000.0,5450.0,0.0,0,274962,,https://tiki.vndep-hinh-con-heo-di-trong-nha-cute-dang-yeu-vai-bong-mem-min-chong-tron-truot-phu-hop-cho-nam-va-nu-p276828806.html?spid=276828809,dép bánh mì nam nữ mềm mại
276756866,"Dép  xốp đi trong nhà, mang trong văn phòng, nhà tắm, hàng xuất Nhật, chất liệu nhựa siêu bền chống trơn trượt",84550.0,89000.0,4450.0,0.0,0,270031,,https://tiki.vndep-bong-ni-di-trong-nha-dep-con-heo-vai-bong-mem-min-chong-tron-truot-p276756866.html?spid=276756872,dép xốp đi nhà
276671564,Giày Sandal Nữ Da Bò Thật BIGGBEN Cao Cấp SDN114,339000.0,500000.0,161000.0,5.0,1,9460,,https://tiki.vngiay-sandal-nu-da-bo-that-biggben-cao-cap-sdn114-p276671564.html?spid=276671596,giày sandal nữ da bò
276602761,"Dép chiếu đi trong nhà Hương Quế DCQ-70 thích hợp mang trong nhà, trong văn phòng",85000.0,85000.0,0.0,0.0,0,61212,,https://tiki.vndep-chieu-di-trong-nha-huong-que-dcq-70-thich-hop-mang-trong-nha-trong-van-phong-p276602761.html?spid=276602767,dép chiếu đi nhà
276104819,Giày sandal quai chéo 1F PABNO PN15019,285000.0,285000.0,0.0,0.0,0,49994,,https://tiki.vngiay-sandal-quai-cheo-1f-pabno-pn15019-p276104819.html?spid=276105916,giày sandal quai chéo f
275905429,Giày Sneaker Vải Canvas Nam Nữ E12 Cream Thời Trang Dincox,470000.0,470000.0,0.0,4.0,1,150940,,https://tiki.vngiay-sneaker-vai-canvas-nam-nu-e12-cream-thoi-trang-dincox-p275905429.html?spid=275905437,giày sneaker vải canvas
274212072,"[ẢNH THẬT-FREESHIP] Giày nữ da lì form thể thao, đế xuồng ROSATA RO623 - 4p - HÀNG VIỆT NAM - BKSTORE",490000.0,490000.0,0.0,0.0,0,44660,,https://tiki.vnanh-that-freeship-giay-nu-da-li-form-the-thao-de-xuong-rosata-ro623-4p-hang-viet-nam-bkstore-p274212072.html?spid=274212088,giày nữ da lì form
273466572,Giày Thể Thao Nữ Biti's Hunter X HSW004400XAL (Xám lợt),932000.0,932000.0,0.0,5.0,1,178519,,https://tiki.vngiay-the-thao-nu-biti-s-hunter-x-hsw004400xal-xam-lot-p273466572.html?spid=273466580,giày thể thao nữ biti
252912320,Xi vệ sinh giày dạng sáp XIMO giúp sáng bóng bổ sung màu 50ml,32000.0,32000.0,0.0,0.0,0,112968,,https://tiki.vnxi-danh-giay-dang-sap-shoe-polish-ximo-giup-sang-bong-bo-sung-mau-50ml-p252912320.html?spid=253662382,xi vệ sinh giày dạng
242812826,"Kem Sáp Tẩy Trắng, Vệ Sinh Giày, Túi Da, Bàn Ghế Đa Năng Không Dùng Nước - HÀNG CHÍNH HÃNG MINIIN",25000.0,25000.0,0.0,4.5,4,134678,,https://tiki.vnkem-sap-tay-trang-ve-sinh-giay-tui-da-ban-ghe-da-nang-khong-dung-nuoc-hang-chinh-hang-miniin-p242812826.html?spid=242812827,kem sáp tẩy trắng vệ sinh
229964299,Giày Cao Gót Nữ BIGGBEN Da Bò Thật Cao 5 Phân GCG12,349000.0,400000.0,51000.0,0.0,0,9460,,https://tiki.vngiay-cao-got-nu-biggben-da-bo-that-cao-5-phan-gcg12-p229964299.html?spid=229964311,giày cao gót nữ biggben
212605628,Giày lười nữ da bò mềm thời trang cao cấp Trường Hải,299000.0,299000.0,0.0,5.0,3,11395,,https://tiki.vngiay-luoi-nu-da-bo-mem-thoi-trang-cao-cap-truong-hai-p212605628.html?spid=212605630,giày lười nữ da bò
208762039,Giày sục cao gót nữ quai ngang ROSATA RO466 8p - HÀNG VIỆT NAM - BKSTORE,490000.0,490000.0,0.0,0.0,0,44660,,https://tiki.vngiay-suc-cao-got-nu-quai-ngang-rosata-ro466-8p-hang-viet-nam-bkstore-p208762039.html?spid=208762055,giày sục cao gót nữ quai
196517635,"Dép Thái Lan nữ quai ngang đúc siêu nhẹ, êm mềm Monobo moniga 10.7",132000.0,132000.0,0.0,5.0,4,192753,,https://tiki.vndep-thai-lan-nu-quai-ngang-duc-sieu-nhe-em-mem-monobo-moniga-10-7-p196517635.html?spid=196517679,dép thái lan nữ quai ngang
195528889,Giày Sandal Nữ Da Bò Thật BIGGBEN Cao Cấp SDN83,319000.0,350000.0,31000.0,5.0,7,9460,,https://tiki.vngiay-sandal-nu-da-bo-that-biggben-cao-cap-sdn83-p195528889.html?spid=195528907,giày sandal nữ da bò
180364499,Dép nữ quai ngang siêu nhẹ Thái Lan ADDA 82M25,176000.0,176000.0,0.0,5.0,1,192753,,https://tiki.vndep-nu-quai-ngang-sieu-nhe-thai-lan-adda-82m25-p180364499.html?spid=180364519,dép nữ quai ngang siêu nhẹ
150860309,Dép Eva Phun Nữ Biti's DEW007900XAM (Xám),102000.0,102000.0,0.0,5.0,12,178519,,https://tiki.vndep-eva-phun-nu-biti-s-dew007900xam-xam-p150860309.html?spid=150860313,dép eva phun nữ
129233346,"HJ7038-7920 - Giày boot nữ Huy hoàng da bò màu nâu, đen",989000.0,1399000.0,410000.0,0.0,0,223818,,https://tiki.vnhj7038-7920-giay-boot-nu-huy-hoang-da-bo-mau-nau-den-p129233346.html?spid=129233358,hj7038 7920 giày boot
106901880,Giày Búp Bê Nữ Da Bò BIGGBEN Cao Cấp BB109,339000.0,400000.0,61000.0,4.5,29,9460,,https://tiki.vngiay-bup-be-nu-da-bo-biggben-cao-cap-bb109-p106901880.html?spid=106901894,giày búp bê nữ da bò
106605092,Giày búp bê nữ BIGGBEN da bò cao cấp BB99,339000.0,400000.0,61000.0,4.7,50,9460,,https://tiki.vngiay-bup-be-nu-biggben-da-bo-cao-cap-bb99-p106605092.html?spid=106605100,giày búp bê nữ biggben
106546363,Giày búp bê nữ da bò BIGGBEN cao cấp BB93,339000.0,400000.0,61000.0,4.8,39,9460,,https://tiki.vngiay-bup-be-nu-da-bo-biggben-cao-cap-bb93-p106546363.html?spid=106546389,giày búp bê nữ da bò
101029840," Lót giày chống rộng, chống rớt gót cao cấp, bảo vệ chân khi mang giày - PK04",16000.0,16000.0,0.0,1.0,1,9711,,https://tiki.vnlot-giay-chong-rong-chong-rot-got-cao-cap-bao-ve-chan-khi-mang-giay-pk04-p101029840.html?spid=101030023,lót giày chống rộng
91010827,Giày búp bê nữ BIGGBEN da bò cao cấp BB87,339000.0,400000.0,61000.0,4.7,13,9460,,https://tiki.vngiay-bup-be-nu-biggben-da-bo-cao-cap-bb87-p91010827.html?spid=91010839,giày búp bê nữ biggben
59207075,Giày Sandal Nữ Da Bò BIGGBEN Cao Cấp SDCG49,329000.0,400000.0,71000.0,4.8,8,9460,,https://tiki.vngiay-sandal-nu-da-bo-biggben-cao-cap-sdcg49-p59207075.html?spid=59207081,giày sandal nữ da bò
54671476,"Dép chiếu xỏ ngón Hương Quế DKS-10 làm từ lụa tơ tằm - vải cotton - lớp đế cao su xốp cho đôi chân thơm, mát và khô thoáng",68000.0,68000.0,0.0,4.5,15,61212,,https://tiki.vndep-chieu-xo-ngon-huong-que-dks-10-lam-tu-lua-to-tam-vai-cotton-lop-de-cao-su-xop-cho-doi-chan-thom-mat-va-kho-thoang-p54671476.html?spid=54671480,dép chiếu xỏ ngón
279093588,Dép cỏ bàng viền trắng Hương Quế – DCQ-102,55000.0,55000.0,0.0,0.0,0,61212,,https://tiki.vndep-co-bang-vien-trang-huong-que-dcq-102-p279093588.html?spid=279105111,dép cỏ bàng viền
278950757,Sandal Biti's nữ (SIZE 35-40),342000.0,342000.0,0.0,0.0,0,174218,,https://tiki.vnsandal-biti-s-nu-size-35-40-p278950757.html?spid=278950781,sandal biti s nữ
278941702,Dép Cao Gót Nữ BIGGBEN Da Bò Cao 4 Phân DCG114,299000.0,450000.0,151000.0,0.0,0,9460,,https://tiki.vndep-cao-got-nu-biggben-da-bo-cao-4-phan-dcg114-p278941702.html?spid=278941732,dép cao gót nữ biggben
278848202,Sandal Biti's nữ (35-39),520000.0,520000.0,0.0,0.0,0,174218,,https://tiki.vnsandal-biti-s-nu-35-39-p278848202.html?spid=278848208,sandal biti s nữ
278115408,Dép Eva Biti's Hunter Nữ  HEM001200 (size 35-09),309000.0,309000.0,0.0,0.0,0,174218,,https://tiki.vndep-eva-biti-s-hunter-nu-hem001200-size-35-09-p278115408.html?spid=278115424,dép eva biti s
278095878,Giày Cao Gót Nơ  6P PABNO PN12028 – Mũi vuông | Sang Trọng | Dễ Đi,385000.0,385000.0,0.0,0.0,0,49994,,https://tiki.vngiay-cao-got-no-6p-pabno-pn12028-mui-vuong-sang-trong-de-di-p278095878.html?spid=278095880,giày cao gót nơ p
277943696,"Sandal nữ quai ngang, khóa dán ROSATA RO723 -5p- Kem, bạc - BKSTORE",390000.0,390000.0,0.0,0.0,0,44660,,https://tiki.vnsandal-nu-quai-ngang-khoa-dan-rosata-ro723-5p-kem-bac-bkstore-p277943696.html?spid=277943698,sandal nữ quai ngang khóa
276976872,Dép Sục Nữ Da Bò Thật BIGGBEN Cao Cấp SBN56,329000.0,450000.0,121000.0,0.0,0,9460,,https://tiki.vndep-suc-nu-da-bo-that-biggben-cao-cap-sbn56-p276976872.html?spid=276976902,dép sục nữ da bò biggben
276821730,"Lót giày cho nam và nữ khử mùi sợi tre, thơm tự nhiên khử mùi hôi hiệu quả  , vải lưới đàn hồi thông hơi thoáng khí giúp bảo vệ bàn chân , giữ chân sạch sẽ và khô ráo nhỏ gọn tiện lợi",84550.0,89000.0,4450.0,0.0,0,274962,,https://tiki.vnlot-giay-cho-nam-va-nu-khu-mui-soi-tre-thom-tu-nhien-khu-mui-hoi-hieu-qua-vai-luoi-dan-hoi-thong-hoi-thoang-khi-giup-bao-ve-ban-chan-giu-chan-sach-se-va-kho-rao-nho-gon-tien-loi-p276821730.html?spid=276821744,lót giày nam nữ
276671523,Giày cao gót BASSIC 8P PABNO PN12026,385000.0,385000.0,0.0,0.0,0,49994,,https://tiki.vngiay-cao-got-bassic-8p-pabno-pn12026-p276671523.html?spid=276671540,giày cao gót bassic p
276019851,Giày Sục Đạp Gót Mules Vải Sneaker Unisex Tăng Chiều Cao 4cm DINCOX E10 Dark Navy,520000.0,520000.0,0.0,5.0,1,150940,,https://tiki.vngiay-suc-dap-got-mules-vai-sneaker-unisex-tang-chieu-cao-4cm-dincox-e10-dark-navy-p276019851.html?spid=276019869,giày sục đạp gót mules
275900612,"Giày sandal nữ da bò đế xuồng 8cm Trường Hải 3 màu đen, trắng, đỏ SD145",339000.0,339000.0,0.0,5.0,1,11395,,https://tiki.vngiay-sandal-nu-da-bo-de-xuong-8cm-truong-hai-3-mau-den-trang-do-sd145-p275900612.html?spid=275900622,giày sandal nữ da
275856170,Giày Đế Xuồng Nữ BIGGBEN Da Bò Thật Cao 7 Phân SDX73,379000.0,500000.0,121000.0,5.0,1,9460,,https://tiki.vngiay-de-xuong-nu-biggben-da-bo-that-cao-7-phan-sdx73-p275856170.html?spid=275856190,giày đế xuồng nữ
275377110,Giày Sandal Cao Gót Da Bò BIGGBEN Cao 10.5 Phân SDCG128,379000.0,500000.0,121000.0,5.0,1,9460,,https://tiki.vngiay-sandal-cao-got-da-bo-biggben-cao-12-phan-sdcg128-p275377110.html?spid=275377114,giày sandal cao gót da bò
274628755,Giày Sandal Cao Gót Bít Mũi Da Bò BIGGBEN Cao 8 Phân SDCG118,399000.0,500000.0,101000.0,0.0,0,9460,,https://tiki.vngiay-sandal-cao-got-bit-mui-da-bo-biggben-cao-6-phan-sdcg118-p274628755.html?spid=274628773,giày sandal cao gót bít
273952646,Giày đế xuồng nữ 4p RO624 ROSATA tại BCASHOP kết hợp thiết kế giày thể thao độc lạ và thời trang,489000.0,489000.0,0.0,0.0,0,307540,,https://tiki.vngiay-de-xuong-nu-4p-ro624-mau-trang-rosata-tai-bcashop-ket-hop-thiet-ke-giay-the-thao-doc-la-va-thoi-trang-p273952646.html?spid=273952648,giày đế xuồng nữ
273787788,Boots thời trang nữ da bóng phối vân ROSATA RO603 - 8p - HÀNG VIỆT NAM - BKSTORE,590000.0,590000.0,0.0,0.0,0,44660,,https://tiki.vnboots-thoi-trang-nu-da-bong-phoi-van-rosata-ro603-8p-hang-viet-nam-bkstore-p273787788.html?spid=273787790,boots thời trang nữ da
273647314,"Chai Xịt Bọt Tuyết Vệ Sinh Giày Dép Tẩy Trắng Cao Cấp SNOKER Giặt Khô Siêu Tốc Bảo Vệ Giày Snoker Thể Thao Khỏi Bị Ố Vàng, Phai Màu ",30000.0,30000.0,0.0,5.0,1,131238,,https://tiki.vnchai-xit-bot-tuyet-ve-sinh-giay-dep-tay-trang-cao-cap-snoker-giat-kho-sieu-toc-bao-ve-giay-snoker-the-thao-khoi-bi-o-vang-phai-mau-p273647314.html?spid=273647315,chai xịt bọt tuyết vệ sinh
272938799,"Giày Sục nữ cao gót 7cm  Trường Hải da mềm mại 2 màu đen, nâu  S116",299000.0,299000.0,0.0,0.0,0,11395,,https://tiki.vngiay-suc-nu-cao-got-7cm-mau-nau-truong-hai-da-mem-mai-s116-p272938799.html?spid=272938809,giày sục nữ cao gót
271398085,Dép Nữ Da Bò Thật BIGGBEN Cao Cấp DNQN57,329000.0,400000.0,71000.0,5.0,2,9460,,https://tiki.vndep-nu-da-bo-that-biggben-cao-cap-dnqn57-p271398085.html?spid=271398115,dép nữ da bò biggben
270306516,Giày Sandal Nữ Da Bò Thật BIGGBEN Cao Cấp SDN93,319000.0,400000.0,81000.0,0.0,0,9460,,https://tiki.vngiay-sandal-nu-da-bo-that-biggben-cao-cap-sdn93-p270306516.html?spid=270306536,giày sandal nữ da bò
262489368,Giày Cao Gót BIGGBEN Da Bò Thật Cao 5 Phân SDCG92,329000.0,450000.0,121000.0,5.0,1,9460,,https://tiki.vngiay-cao-got-biggben-da-bo-that-cao-5-phan-sdcg92-p262489368.html?spid=262489380,giày cao gót biggben da bò
262453338,Dép Nữ Da Bò Thật BIGGBEN Cao 5 Phân DNQN55,349000.0,450000.0,101000.0,5.0,2,9460,,https://tiki.vndep-nu-da-bo-that-biggben-cao-5-phan-dnqn55-p262453338.html?spid=262453348,dép nữ da bò biggben
250104261,Giày Cao Gót Nữ Công Sở Da Bò Thật BIGGBEN GCG9,319000.0,450000.0,131000.0,4.6,5,9460,,https://tiki.vngiay-cao-got-nu-cong-so-da-bo-that-biggben-gcg9-p250104261.html?spid=250104281,giày cao gót nữ công sở
249987457,Dép Cao Gót Nữ BIGGBEN Da Bò Cao 4 Phân DCG70,329000.0,400000.0,71000.0,0.0,0,9460,,https://tiki.vndep-cao-got-nu-biggben-da-bo-cao-4-phan-dcg70-p249987457.html?spid=249987475,dép cao gót nữ biggben
249970641,Giày Boot Nữ Cổ Thấp Da Bò Thật BIGGBEN Cao 5 phân BON8,649000.0,1000000.0,351000.0,0.0,0,9460,,https://tiki.vngiay-boot-nu-co-thap-da-bo-that-biggben-cao-5-phan-bon8-p249970641.html?spid=249970647,giày boot nữ cổ
213724172,Giày búp bê da bò mũi tròn Trường Hải đính nơ xinh da mềm mại GBB110,299000.0,299000.0,0.0,4.0,1,11395,,https://tiki.vngiay-bup-be-da-bo-mui-tron-truong-hai-dinh-no-xinh-da-mem-mai-gbb110-p213724172.html?spid=213724184,giày búp bê da bò mũi
210966154,Giày thể thao Biti's nữ,569000.0,569000.0,0.0,0.0,0,174218,,https://tiki.vngiay-the-thao-biti-s-nu-p210966154.html?spid=210966166,giày thể thao biti s
210955991,Giày thể thao Biti's Hunter nữ,785000.0,785000.0,0.0,0.0,0,174218,,https://tiki.vngiay-the-thao-biti-s-hunter-nu-p210955991.html?spid=210956003,giày thể thao biti s
198741259,Giày Đế Xuồng Nữ BIGGBEN Da Bò Thật Đế Cao 5 Phân SDX45,329000.0,400000.0,71000.0,4.5,4,9460,,https://tiki.vngiay-de-xuong-nu-biggben-da-bo-that-de-cao-5-phan-sdx45-p198741259.html?spid=198741269,giày đế xuồng nữ
172565550,Giày Sandal Nữ The Bily 02W Quai Chéo Đôi - Màu Đen BL02WD,349000.0,349000.0,0.0,5.0,1,196712,,https://tiki.vngiay-sandal-nu-the-bily-02w-quai-cheo-doi-mau-den-bl02wd-p172565550.html?spid=172565560,giày sandal nữ the
106552818,Giày búp bê nữ đế xuồng da bò BIGGBEN BB93,339000.0,400000.0,61000.0,4.8,19,9460,,https://tiki.vngiay-bup-be-nu-de-xuong-da-bo-biggben-bb93-p106552818.html?spid=106552825,giày búp bê nữ đế xuồng
80789610,Boot nữ cổ cao cá tính da xịn gót cao 8P || PABNO PN643 || BH 12 Tháng,945000.0,945000.0,0.0,5.0,2,49994,,https://tiki.vnboot-nu-co-cao-ca-tinh-da-xin-got-cao-8p-pabno-pn643-bh-12-thang-p80789610.html?spid=80789612,boot nữ cổ cao
74301261,Giày Búp Bê Nữ Da Bò BIGGBEN Cao Cấp BB76,339000.0,400000.0,61000.0,4.8,41,9460,,https://tiki.vngiay-bup-be-nu-da-bo-biggben-cao-cap-bb76-p74301261.html?spid=74301273,giày búp bê nữ da bò
57283747,"Dép chiếu Hương Quế DCQ-49 với nguyên liệu thân thiện môi trường (sợi chiếu, bột quế, sợi đay)",68000.0,68000.0,0.0,4.8,42,61212,,https://tiki.vndep-chieu-huong-que-dcq-49-voi-nguyen-lieu-than-thien-moi-truong-soi-chieu-bot-que-soi-day-p57283747.html?spid=57283761,dép chiếu hương quế dcq
50743767,[HÌNH ẢNH THẬT] Giày đế xuồng nữ Trường Hải 3cm trơn đen da bò cao cấp mềm mại không bong tróc đế cao chống mòn không trơn DX0845,299000.0,299000.0,0.0,4.5,8,11395,,https://tiki.vnhinh-anh-that-giay-de-xuong-nu-truong-hai-3cm-tron-den-da-bo-cao-cap-mem-mai-khong-bong-troc-de-cao-chong-mon-khong-tron-dx0845-p50743767.html?spid=50743773,giày đế xuồng nữ
37703250,Giày Sandal Cao Gót BIGGBEN Da Bò Thật SDCG37,379000.0,450000.0,71000.0,4.5,25,9460,,https://tiki.vngiay-sandal-cao-got-biggben-da-bo-that-sdcg37-p37703250.html?spid=37703252,giày sandal cao gót biggben
20235117,Xi đánh giày Kangaroo Hàn Quốc - Nhập khẩu chính hãng,39000.0,39000.0,0.0,4.5,35,7673,,https://tiki.vnxi-danh-giay-kangaroo-han-quoc-nhap-khau-chinh-hang-p20235117.html?spid=20235119,xi đánh giày kangaroo
2600915,"Bộ 2 chai xịt khử mùi giày dép, mũ bảo hiểm 120ml Hando",59000.0,59000.0,0.0,0.0,0,7976,,https://tiki.vnbo-2-chai-xit-khu-mui-giay-dep-mu-bao-hiem-120ml-hando-p2600915.html?spid=3908893,bộ chai xịt khử
278930609,Dép Eva Biti's Esoft Nữ (35-39),310000.0,310000.0,0.0,0.0,0,174218,,https://tiki.vndep-eva-biti-s-esoft-nu-35-39-p278930609.html?spid=278930613,dép eva biti s
278790952,Giày Thể Thao Biti's Hunter Street Nữ HSW011900,685000.0,685000.0,0.0,0.0,0,174218,,https://tiki.vngiay-the-thao-biti-s-hunter-street-nu-hsw011900-p278790952.html?spid=278790956,giày thể thao biti s
278673676,"Sandal nữ quai xuôi, đế bệt ROSATA RO739 - 2p - Đen, Trắng - BKSTORE",380000.0,380000.0,0.0,0.0,0,44660,,https://tiki.vnsandal-nu-quai-xuoi-de-bet-rosata-ro739-2p-den-trang-bkstore-p278673676.html?spid=278673692,sandal nữ quai xuôi đế bệt rosata
278601704,Dép Sục Nữ Da Bò Thật BIGGBEN Cao 5 Phân SBN61,349000.0,500000.0,151000.0,0.0,0,9460,,https://tiki.vndep-suc-nu-da-bo-that-biggben-cao-5-phan-sbn61-p278601704.html?spid=278601710,dép sục nữ da bò biggben
278579259,Dép Nữ Da Bò Thật BIGGBEN Cao Cấp DNQN69,289000.0,400000.0,111000.0,0.0,0,9460,,https://tiki.vndep-nu-da-bo-that-biggben-cao-cap-dnqn68-p278579259.html?spid=278579426,dép nữ da bò biggben
278579210,Dép Nữ Da Bò Thật BIGGBEN Cao Cấp DNQN68,299000.0,450000.0,151000.0,0.0,0,9460,,https://tiki.vndep-nu-da-bo-that-biggben-cao-cap-dnqn68-p278579210.html?spid=278579212,dép nữ da bò biggben
278570682,Giày Sandal Nữ Da Bò Thật BIGGBEN Cao Cấp SDN121,299000.0,450000.0,151000.0,0.0,0,9460,,https://tiki.vngiay-sandal-nu-da-bo-that-biggben-cao-cap-sdn121-p278570682.html?spid=278570686,giày sandal nữ da bò
277420851,"Giày cao gót TRường Hải màu đen, hồng CG125 - 7cm da bóng",299000.0,299000.0,0.0,0.0,0,11395,,https://tiki.vngiay-cao-got-truong-hai-mau-den-hong-cg125-7cm-da-bong-p277420851.html?spid=277420855,giày cao gót trường
277359892,"Dép Đi Trong Nhà Bằng EVA Kiểu Mới Dành Cho Cặp Đôi – Ấm Áp, Tiện Lợi và Thoải Mái - HÀNG CHÍNH HÃNG MINIIN",29000.0,29000.0,0.0,1.0,1,134678,,https://tiki.vndep-di-trong-nha-bang-eva-kieu-moi-danh-cho-cap-doi-am-ap-tien-loi-va-thoai-mai-p277359892.html?spid=277359894,dép đi nhà eva
276168374,Giày Búp Bê Bé Gái Kiểu Dáng Dễ Thương – GBB9036,370000.0,740000.0,370000.0,5.0,1,975,,https://tiki.vngiay-bup-be-be-gai-kieu-dang-de-thuong-gbb9036-p276168374.html?spid=276168408,giày búp bê bé gái
276094601,Dép Nữ Da Bò Thật BIGGBEN Cao Cấp DNQN64,299000.0,450000.0,151000.0,0.0,0,9460,,https://tiki.vndep-nu-da-bo-that-biggben-cao-cap-dnqn64-p276094601.html?spid=276094605,dép nữ da bò biggben
275600329,"Sticker Jibbitz Phụ Kiện Nhựa Trang Trí, Gắn DÉP TỔ ONG Đa Mẫu, Đa Sắc Màu ‘’SIÊU CHẤT",8000.0,8000.0,0.0,5.0,1,265402,,https://tiki.vnsticker-jibbitz-nhua-trang-tri-gan-dep-to-ong-da-mau-da-sac-mau-sieu-chat-p275600329.html?spid=275604526,sticker jibbitz phụ kiện nhựa
275593713,Giày sục nữ gót vuông 3cm Trường Hải mũi vuông da mềm SN155,299000.0,299000.0,0.0,5.0,1,11395,,https://tiki.vngiay-suc-nu-got-vuong-3cm-truong-hai-mui-vuong-da-mem-sn155-p275593713.html?spid=275593762,giày sục nữ gót vuông
275477998,Giày nữ gót vuông 5cm hở mũi Trường Hải da bò màu đen CG145,319000.0,319000.0,0.0,0.0,0,11395,,https://tiki.vngiay-nu-got-vuong-5cm-ho-mui-truong-hai-da-bo-mau-den-cg145-p275477998.html?spid=275478006,giày nữ gót vuông
273289221,"Dép Đế Xuồng Nữ BIGBEN Da Bò Thật Cao 4,5 Phân DX50",339000.0,400000.0,61000.0,4.0,1,9460,,https://tiki.vndep-de-xuong-nu-bigben-da-bo-that-cao-4-5-phan-dx50-p273289221.html?spid=273289225,dép đế xuồng nữ
271420244,Dép Đế Xuồng Nữ BIGBEN Da Bò Thật Cao 5 Phân DX44,359000.0,400000.0,41000.0,0.0,0,9460,,https://tiki.vndep-de-xuong-nu-bigben-da-bo-that-cao-5-phan-dx44-p271420244.html?spid=271420260,dép đế xuồng nữ
252597179,"Giày búp bê đế bằng da bò trơn Trường Hải da mềm GBB120 có 2 màu đen, trắng",195000.0,195000.0,0.0,4.5,2,11395,,https://tiki.vngiay-bup-be-de-bang-da-bo-tron-truong-hai-da-mem-gbb120-co-2-mau-den-trang-p252597179.html?spid=252597195,giày búp bê đế da bò
203481091,Giày Sandal Nữ Da Bò Thật BIGGBEN Cao Cấp SDN88,319000.0,400000.0,81000.0,5.0,1,9460,,https://tiki.vngiay-sandal-nu-da-bo-that-biggben-cao-cap-sdn88-p203481091.html?spid=203481103,giày sandal nữ da bò
198427489,Dép Cao Gót Nữ BIGGBEN Da Bò Cao 4 Phân DCG61,319000.0,420000.0,101000.0,5.0,3,9460,,https://tiki.vndep-cao-got-nu-biggben-da-bo-cao-4-phan-dcg61-p198427489.html?spid=249978237,dép cao gót nữ biggben
197663303,Giày Cao Gót Nữ BIGGBEN Da Bò Thật Cao 5 Phân GCG11,349000.0,400000.0,51000.0,5.0,3,9460,,https://tiki.vngiay-cao-got-nu-biggben-da-bo-that-cao-5-phan-gcg11-p197663303.html?spid=197663321,giày cao gót nữ biggben
194187678,giày cao gót mũi nhọn sang trọng gót 7p,440000.0,440000.0,0.0,0.0,0,300310,,https://tiki.vngiay-cao-got-mui-nhon-sang-trong-got-7p-giao-hoa-toc-2h-freeshipping-bao-hanh-1-nam-p194187678.html?spid=194187682,giày cao gót mũi nhọn sang trọng
194187625,Giày cao gót đính xoàn sang trọng gót 9cm cao cấp ( giao hỏa tốc - ping - bảo hành 1 năm ),420000.0,420000.0,0.0,0.0,0,300310,,https://tiki.vngiay-cao-got-dinh-xoan-sang-trong-got-9cm-cao-cap-giao-hoa-toc-freeshipping-bao-hanh-1-nam-p194187625.html?spid=194187641,giày cao gót đính xoàn
194187219,"Giày satin lụa mũi nhọn gót 9cm cao cấp( giao hỏa tốc , free shiping , bảo hành 1 năm)",390000.0,390000.0,0.0,0.0,0,300310,,https://tiki.vngiay-satin-lua-mui-nhon-got-9cm-cao-cap-giao-hoa-toc-free-shiping-bao-hanh-1-nam-p194187219.html?spid=194187341,giày satin lụa mũi nhọn gót
172972756,Dép Đế Xuồng Nữ Da Bò Thật BIGGBEN Cao 5cm DX38,319000.0,400000.0,81000.0,5.0,1,9460,,https://tiki.vndep-de-xuong-nu-da-bo-that-biggben-cao-5cm-dx38-p172972756.html?spid=172972769,dép đế xuồng nữ
168919502,Giày sục nữ cao gót 5cm màu đen Trường Hải gót trụ da mềm mại CÓ SIZE LỚN,259000.0,259000.0,0.0,4.8,4,11395,,https://tiki.vngiay-suc-nu-cao-got-5cm-mau-den-truong-hai-got-tru-da-mem-mai-p168919502.html?spid=257485963,giày sục nữ cao gót
158136880,GIÀY THỂ THAO GOLF NỮ,2150000.0,2150000.0,0.0,0.0,0,244635,,https://tiki.vngiay-the-thao-golf-nu-p158136880.html?spid=158136888,giày thể thao nữ
155751830,"Boots thời trang nữ cổ cao, da lì cao cấp ROSATA RO307 -7p- gót trụ - HÀNG VIỆT NAM",650000.0,650000.0,0.0,0.0,0,44660,,https://tiki.vnboots-thoi-trang-nu-co-cao-da-li-cao-cap-rosata-ro307-6-5p-got-tru-den-nau-hang-viet-nam-bkstore-p155751830.html?spid=155751870,boots thời trang nữ cổ
120970633,"Dép Nữ Gấu Trúc Cực Cute, Dép Nữ Thời Trang Chống Trơn Mã DP06",69000.0,69000.0,0.0,4.8,90,144221,,https://tiki.vndep-nu-gau-truc-cuc-cute-dep-nu-thoi-trang-chong-tron-ma-dp06-p120970633.html?spid=120971597,dép nữ gấu trúc
91270908,Dép Đế Xuồng Nữ Da Bò BIGGBEN Cao Cấp DX31,279000.0,350000.0,71000.0,5.0,4,9460,,https://tiki.vndep-de-xuong-nu-da-bo-biggben-cao-cap-dx31-p91270908.html?spid=91270910,dép đế xuồng nữ
74307584,Dép Nữ Cao Gót BIGGBEN Cao Cấp DCG44,299000.0,450000.0,151000.0,4.6,5,9460,,https://tiki.vndep-nu-cao-got-biggben-cao-cap-dcg44-p74307584.html?spid=74307586,dép nữ cao gót biggben
59209381,Giày Sandal Nữ BIGGBEN Da Bò Thật SDN54,319000.0,450000.0,131000.0,5.0,9,9460,,https://tiki.vngiay-sandal-nu-biggben-da-bo-that-sdn54-p59209381.html?spid=59209383,giày sandal nữ biggben
59207843,Giày Sandal Cao Gót BIGGBEN Da Bò Thật SDCG51,329000.0,450000.0,121000.0,4.6,8,9460,,https://tiki.vngiay-sandal-cao-got-biggben-da-bo-that-sdcg51-p59207843.html?spid=59207849,giày sandal cao gót biggben
52251205,Dép Nữ Đế Xuồng BIGGBEN Da Bò Thật DX23,289000.0,400000.0,111000.0,5.0,7,9460,,https://tiki.vndep-nu-de-xuong-biggben-da-bo-that-dx23-p52251205.html?spid=52251209,dép nữ đế xuồng biggben
36979068,Giày Sandal Nữ BIGGBEN Da Bò Thật SDN42 - 35,369000.0,450000.0,81000.0,4.5,10,9460,,https://tiki.vngiay-sandal-nu-biggben-da-bo-that-sdn43-p36979068.html?spid=36979071,giày sandal nữ biggben
28737579,2 cặp miếng lót mũi giày cao gót 4D êm chân thoáng khí - buybox - BBPK14,20000.0,20000.0,0.0,4.3,4,56711,,https://tiki.vn2-cap-mieng-lot-mui-giay-cao-got-4d-em-chan-thoang-khi-buybox-bbpk14-p28737579.html?spid=42992520,
22969322,Dép Nữ BIGGBEN Da Bò Thật DNQN20,299000.0,400000.0,101000.0,4.5,30,9460,,https://tiki.vndep-nu-biggben-da-bo-that-dnqn20-p22969322.html?spid=22969326,dép nữ biggben da bò
15246345,Dép Nữ Đế Xuồng BIGGBEN Da Bò Thật DX7,349000.0,500000.0,151000.0,4.5,10,9460,,https://tiki.vndep-nu-de-xuong-biggben-da-bo-that-dx7-p15246345.html?spid=15246351,dép nữ đế xuồng biggben
278956136,Dép Nữ Da Bò Thật BIGGBEN Cao Cấp DNQN70,319000.0,450000.0,131000.0,0.0,0,9460,,https://tiki.vndep-nu-da-bo-that-biggben-cao-cap-dnqn70-p278956136.html?spid=278956180,dép nữ da bò biggben
278939862,Dép Cao Gót Nữ BIGGBEN Da Bò Cao 5 Phân DCG113,329000.0,480000.0,151000.0,0.0,0,9460,,https://tiki.vndep-cao-got-nu-biggben-da-bo-cao-5-phan-dcg113-p278939862.html?spid=278939920,dép cao gót nữ biggben
278779694,GUỐC GỖ NỮ MIỀN TÂY GIÁ RẺ - GUỐC GỖ NỮ - GUỐC NỮ TRUYỀN THỐNG,139000.0,139000.0,0.0,0.0,0,289860,,https://tiki.vnguoc-go-nu-mien-tay-gia-re-guoc-go-nu-p278779694.html?spid=278779700,guốc gỗ nữ miền
278108728,"Dép chiếu đi trong nhà Hương Quế DCQ-79 thích hợp mang trong nhà, trong văn phòng",50000.0,50000.0,0.0,0.0,0,61212,,https://tiki.vndep-chieu-di-trong-nha-huong-que-dcq-79-thich-hop-mang-trong-nha-trong-van-phong-p278108728.html?spid=278108748,dép chiếu đi nhà
277995901,Giày Sandal Nữ Da Bò Thật BIGGBEN Cao Cấp SDN120,349000.0,500000.0,151000.0,0.0,0,9460,,https://tiki.vngiay-sandal-nu-da-bo-that-biggben-cao-cap-sdn120-p277995901.html?spid=277995911,giày sandal nữ da bò
277539333,Giày bệt nữ quai sau ROSATA RO699 - 3p - Hồng - HÀNG VIỆT NAM - BKSTORE,380000.0,380000.0,0.0,0.0,0,44660,,https://tiki.vngiay-bet-nu-quai-sau-rosata-ro699-3p-hong-hang-viet-nam-bkstore-p277539333.html?spid=277539337,giày bệt nữ quai sau rosata
277506675,Dép Cross Nữ Hàng Cao Cấp - DNU9073,520000.0,1040000.0,520000.0,0.0,0,975,,https://tiki.vndep-cross-nu-hang-cao-cap-dnu9073-p277506675.html?spid=277506693,dép cross nữ hàng
277438089,Sandal nữ quai chữ T phối màu ROSATA RO662 cao 7p - HÀNG VIỆT NAM - BKSTORE,400000.0,400000.0,0.0,0.0,0,44660,,https://tiki.vnsandal-nu-quai-chu-t-phoi-mau-rosata-ro662-cao-7p-hang-viet-nam-bkstore-p277438089.html?spid=277438099,sandal nữ quai chữ t phối
277306138,"Giày Sandal quai hậu siêu nhẹ, êm nhẹ chống trơn trượt  – GSD9146",440000.0,880000.0,440000.0,0.0,0,975,,https://tiki.vngiay-sandal-quai-hau-sieu-nhe-em-nhe-chong-tron-truot-gsd9136-p277306138.html?spid=277306154,giày sandal quai hậu siêu nhẹ
276567259,Sandal Bitis Hunter nữ (35-39),435000.0,435000.0,0.0,0.0,0,174218,,https://tiki.vnsandal-bitis-hunter-nu-35-39-p276567259.html?spid=276567274,sandal bitis hunter nữ
276424014,Giày Sục Đạp Gót Mules Vải Sneaker Unisex Tăng Chiều Cao 4cm DINCOX E10 CHOCO MILK,520000.0,520000.0,0.0,0.0,0,150940,,https://tiki.vngiay-suc-dap-got-mules-vai-sneaker-unisex-tang-chieu-cao-4cm-dincox-e10-choco-p276424014.html?spid=276424062,giày sục đạp gót mules
276239567,"Giày thể thao nữ đế cao su đúc, chống trơn trượt hạn chế mòn – GNU2058A",460000.0,920000.0,460000.0,0.0,0,975,,https://tiki.vngiay-the-thao-nu-de-cao-su-duc-chong-tron-truot-han-che-mon-gnu2058a-p276239567.html?spid=276239573,giày thể thao nữ đế cao su
276138427,"Giày nữ sandal cao gót 3cm da mềm Trường Hải 2 màu đen, kem CG125",299000.0,299000.0,0.0,5.0,1,11395,,https://tiki.vngiay-nu-sandal-cao-got-3cm-da-mem-truong-hai-2-mau-den-kem-cg125-p276138427.html?spid=276138468,giày nữ sandal cao gót
275477595,"Giày cao gót 6cm Trường Hải da mềm 2 màu Đen, trắng CG125",299000.0,299000.0,0.0,0.0,0,11395,,https://tiki.vngiay-cao-got-6cm-truong-hai-da-mem-2-mau-den-trang-cg125-p275477595.html?spid=275477603,giày cao gót
275020330,Dép Sục Nữ Da Bò Thật BIGGBEN Cao 3 phân SBN53,329000.0,450000.0,121000.0,0.0,0,9460,,https://tiki.vndep-suc-nu-da-bo-that-biggben-cao-3-phan-sbn53-p275020330.html?spid=275020336,dép sục nữ da bò biggben
275010744,"Dép nữ Trung niên 3.5cm Trường Hải đế PU nhẹ 2 màu nâu, đen DN93",275000.0,275000.0,0.0,0.0,0,11395,,https://tiki.vndep-nu-trung-nien-3-5cm-truong-hai-de-pu-nhe-2-mau-nau-den-dn93-p275010744.html?spid=275010746,dép nữ trung niên
273728445,"Sandal nữ đan dây, gót vuông, quai cài sau ROSATA RO596 cao 7p - Nude - HÀNG VIỆT NAM - BKSTORE",450000.0,450000.0,0.0,0.0,0,44660,,https://tiki.vnsandal-nu-dan-day-got-vuong-quai-cai-sau-rosata-ro596-cao-7p-nude-hang-viet-nam-bkstore-p273728445.html?spid=273728451,sandal nữ đan dây gót
273371195,Dép quai kẹp Biti's nữ,270000.0,270000.0,0.0,0.0,0,174218,,https://tiki.vndep-quai-kep-biti-s-nu-p273371195.html?spid=273371211,dép quai kẹp biti s
273359505,"Dép chiếu đi trong nhà Hương Quế DC-02 (không quế) thích hợp mang trong nhà, trong văn phòng",37000.0,37000.0,0.0,0.0,0,61212,,https://tiki.vndep-chieu-di-trong-nha-huong-que-dc-02-khong-que-thich-hop-mang-trong-nha-trong-van-phong-p273359505.html?spid=273359511,dép chiếu đi nhà
270966499,Giày Thể Thao Nữ Biti's Êmbrace BSW001500KEM (KEM),568000.0,568000.0,0.0,5.0,2,178519,,https://tiki.vngiay-the-thao-nu-biti-s-embrace-bsw001500kem-kem-p270966499.html?spid=270966511,giày thể thao nữ biti
263276622,Converse Platform Black High Top | Giày Thể Thao Đế Cao 560845C,1800000.0,1800000.0,0.0,0.0,0,77420,,https://tiki.vnchuck-taylor-all-star-canvas-platform-black-high-top-560845c-giay-the-thao-de-cao-p263276622.html?spid=270694961,converse platform black high
262504452,Giày Sandal Cao Gót BIGGBEN Da Bò Thật Cao 12 Phân SDCG95,399000.0,500000.0,101000.0,5.0,1,9460,,https://tiki.vngiay-sandal-cao-got-biggben-da-bo-that-cao-12-phan-sdcg95-p262504452.html?spid=262504470,giày sandal cao gót biggben
262434107,Dép Nữ Da Bò Thật BIGGBEN Cao Cấp DNQN55,319000.0,380000.0,61000.0,5.0,1,9460,,https://tiki.vndep-nu-da-bo-that-biggben-cao-cap-dnqn55-p262434107.html?spid=262434117,dép nữ da bò biggben
262081108,Giày lười nữ da bò thật BIGGBEN cao cấp BB132,450000.0,450000.0,0.0,0.0,0,9460,,https://tiki.vngiay-luoi-nu-da-bo-that-biggben-cao-cap-bb132-p262081108.html?spid=262081114,giày lười nữ da bò
254903581,Giày Sục nữ da bò đế xuồng 5cm mũi nhọn màu xanh đen Trường Hải S129 CÓ SIZE LỚN,299000.0,299000.0,0.0,4.0,1,11395,,https://tiki.vngiay-suc-nu-da-bo-de-xuong-5cm-mui-nhon-truong-hai-s129-co-size-lon-co-2-mau-do-do-xanh-den-p254903581.html?spid=254903593,giày sục nữ da bò đế
207360387,Dép Cao Gót Nữ BIGGBEN Da Bò Cao 4 Phân DCG63,319000.0,400000.0,81000.0,0.0,0,9460,,https://tiki.vndep-cao-got-nu-biggben-da-bo-cao-4-phan-dcg63-p207360387.html?spid=207360403,dép cao gót nữ biggben
197419814,Giày Sandal Nữ Đế Xuồng BIGGBEN Da Bò Cao Cấp SDX11,369000.0,450000.0,81000.0,4.8,52,9460,,https://tiki.vngiay-sandal-nu-de-xuong-biggben-da-bo-cao-cap-sdx11-p197419814.html?spid=38302681,giày sandal nữ đế xuồng
194187162,giày cao gót trơn mũi nhọn 8p ( ping - giao hỏa tốc 2h - bảo hành 1 năm),330000.0,330000.0,0.0,0.0,0,300310,,https://tiki.vngiay-cao-got-tron-mui-nhon-8p-freeshipping-giao-hoa-toc-2h-bao-hanh-1-nam-p194187162.html?spid=194187255,giày cao gót trơn mũi nhọn
189267954,Giày Sandal Nữ The Bily 03W Quai Ngang - Màu Xám BL03WX,329000.0,329000.0,0.0,0.0,0,196712,,https://tiki.vngiay-sandal-nu-the-bily-03w-quai-ngang-mau-xam-bl03wx-p189267954.html?spid=189267960,giày sandal nữ the
186632941,Dép Xỏ Ngón Nữ Da Bò Thật BIGGBEN Cao Cấp DXN40,319000.0,350000.0,31000.0,0.0,0,9460,,https://tiki.vndep-xo-ngon-nu-da-bo-that-biggben-cao-cap-dxn40-p186632941.html?spid=186632959,dép xỏ ngón nữ
173567264,Giày Cao Gót Da Bò Thật BIGGBEN Gót 7 Phân SDCG74,379000.0,450000.0,71000.0,4.7,3,9460,,https://tiki.vngiay-cao-got-da-bo-that-biggben-got-7-phan-sdcg74-p173567264.html?spid=173567268,giày cao gót da bò biggben gót
129480542,"HJ7930-31-32 - Dép nữ thời trang Huy Hoàng màu đen, đỏ, kem",293300.0,419000.0,125700.0,0.0,0,223818,,https://tiki.vnhj7930-31-32-dep-nu-thoi-trang-huy-hoang-mau-den-do-kem-p129480542.html?spid=129480550,hj7930 31 dép nữ
106870156,Giày Búp Bê Nữ Da Bò BIGGBEN Cao Cấp BB106,339000.0,450000.0,111000.0,4.5,8,9460,,https://tiki.vngiay-bup-be-nu-da-bo-biggben-cao-cap-bb106-p106870156.html?spid=106870158,giày búp bê nữ da bò
106684662,Dép Nữ Sức Khoẻ Spenco Astoria Slide - Dép quai ngang đệm mềm cho chân nhạy cảm,2495000.0,2495000.0,0.0,0.0,0,302,,https://tiki.vndep-nu-suc-khoe-spenco-astoria-slide-dep-quai-ngang-dem-mem-cho-chan-nhay-cam-p106684662.html?spid=106684682,dép nữ sức khỏe
56360027,Giày sandal nữ Trường Hải da bò thật đế cao su không trơn dép cao 2.5cm dép thời trang cao cấp SDN074,289000.0,289000.0,0.0,4.5,21,11395,,https://tiki.vngiay-sandal-nu-truong-hai-da-bo-that-de-cao-su-khong-tron-dep-cao-2-5cm-dep-thoi-trang-cao-cap-sdn074-p56360027.html?spid=56360033,giày sandal nữ trường
36978561,Giày Sandal Nữ Đế Xuồng BIGGBEN Da Bò Thật SDN38 - 38,319000.0,420000.0,101000.0,4.8,17,9460,,https://tiki.vngiay-sandal-nu-de-xuong-biggben-da-bo-that-sdn38-p36978561.html?spid=36978569,giày sandal nữ đế xuồng
22969892,Dép Nữ BIGGBEN Da Bò Thật DNQN21,349000.0,500000.0,151000.0,4.3,29,9460,,https://tiki.vndep-nu-biggben-da-bo-that-dnqn21-p22969892.html?spid=22969898,dép nữ biggben da bò
7989264,Giày Búp Bê BIGGBEN Da Bò Thật Cao Cấp BB21,339000.0,450000.0,111000.0,4.8,10,9460,,https://tiki.vngiay-bup-be-biggben-da-bo-that-cao-cap-bb21-p7989264.html?spid=7989707,giày búp bê biggben da bò
278955673,Dép Xỏ Ngón Nữ Da Bò Thật BIGGBEN Cao Cấp DXN55,279000.0,400000.0,121000.0,0.0,0,9460,,https://tiki.vndep-xo-ngon-nu-da-bo-that-biggben-cao-cap-dxn55-p278955673.html?spid=278955679,dép xỏ ngón nữ
278903258,Boots thời trang nữ cổ V cao cấp ROSATA RO716- 10p - Đen - BKSTORE,590000.0,590000.0,0.0,0.0,0,44660,,https://tiki.vnboots-thoi-trang-nu-co-v-cao-cap-rosata-ro716-10p-den-bkstore-p278903258.html?spid=278903268,boots thời trang nữ cổ
278802832,Giày thể thao Biti's nữ (35-38),509000.0,509000.0,0.0,0.0,0,174218,,https://tiki.vngiay-the-thao-biti-s-nu-35-38-p278802832.html?spid=278802834,giày thể thao biti s
278595397,Giày Thể Thao sneaker Nữ Biti's Hunter HSW011700DEN (Đen),955000.0,955000.0,0.0,0.0,0,178519,,https://tiki.vngiay-the-thao-sneaker-nu-biti-s-hunter-hsw011700den-den-p278595397.html?spid=278595403,giày thể thao sneaker nữ
278307700,Dép quai ngang  Biti's nữ (35-40),299000.0,299000.0,0.0,0.0,0,174218,,https://tiki.vndep-quai-ngang-biti-s-nu-35-40-p278307700.html?spid=278307722,dép quai ngang biti
278124368,"Dép chiếu đi trong nhà Hương Quế DCQ-51 thích hợp mang trong nhà, trong văn phòng",95000.0,95000.0,0.0,0.0,0,61212,,https://tiki.vndep-chieu-di-trong-nha-huong-que-dcq-51-thich-hop-mang-trong-nha-trong-van-phong-p278124368.html?spid=278124374,dép chiếu đi nhà
278095959,Giày Slingback 3P PABNO PN12030,375000.0,375000.0,0.0,0.0,0,49994,,https://tiki.vngiay-slingback-3p-pabno-pn12030-p278095959.html?spid=278095977,giày slingback p pabno
278044554,"Giày thể thao nữ đế êm nhẹ, thoáng khí đế cao su đúc, chống trơn trượt hạn chế mòn  – GNU2097",570000.0,1140000.0,570000.0,0.0,0,975,,https://tiki.vngiay-the-thao-nu-de-em-nhe-thoang-khi-de-cao-su-duc-chong-tron-truot-han-che-mon-gnu2097-p278044554.html?spid=278044556,giày thể thao nữ đế êm nhẹ
277532657,"Giày nữ quai sau da lì ROSATA RO683 - 3p - Đen, Nude - HÀNG VIỆT NAM - BKSTORE",399000.0,399000.0,0.0,0.0,0,44660,,https://tiki.vngiay-nu-quai-sau-da-li-rosata-ro683-3p-den-nude-hang-viet-nam-bkstore-p277532657.html?spid=277532681,giày nữ quai sau da lì
276779537,Dép Bánh Mì Nhám Nam Nữ Đúc Nguyên khối Cao 4 cm,103550.0,109000.0,5450.0,0.0,0,270031,,https://tiki.vndep-di-trong-nha-hinh-con-heo-ngo-nghinh-dang-yeu-vai-bong-mem-min-chong-tron-truot-giu-am-va-tao-cam-giac-de-chiu-p276779537.html?spid=276779541,dép bánh mì nhám nam nữ
276632168,Máy sấy giày Lumias SD1 Hàng chính hãng,480000.0,480000.0,0.0,5.0,2,20256,,https://tiki.vnmay-say-giay-lumias-sd1-hang-chinh-hang-p276632168.html?spid=276632169,máy sấy giày lumias
276621226,Giày sneaker Thể Thao Nam Biti's Hunter Street HSM008600XLD (Xanh lá cây đậm),687000.0,687000.0,0.0,0.0,0,178519,,https://tiki.vngiay-sneaker-the-thao-nam-biti-s-hunter-street-hsm008600xld-xanh-la-cay-dam-p276621226.html?spid=276621240,giày sneaker thể thao nam
276609881,Dép Eva phun Nữ Biti's BEW000902XLC (Xanh lá cây),215000.0,215000.0,0.0,0.0,0,178519,,https://tiki.vndep-eva-phun-nu-biti-s-bew000902xlc-xanh-la-cay-p276609881.html?spid=276609883,dép eva phun nữ
276254042,Dép Eva Phun Nữ Biti's BEW001102DEN (Đen),290000.0,290000.0,0.0,0.0,0,178519,,https://tiki.vndep-eva-phun-nu-biti-s-bew001102den-den-p276254042.html?spid=276254050,dép eva phun nữ
276004096,Sandal Nhựa Bitis (35-40),295000.0,295000.0,0.0,0.0,0,174218,,https://tiki.vnsandal-nhua-bitis-35-340-p276004096.html?spid=276004106,sandal nhựa
274526640,"Sandal nữ bít mũi cách điệu, quai cài ROSATA RO627 - 4p - Đen, Kem - HÀNG VIỆT NAM - BKSTORE",400000.0,400000.0,0.0,0.0,0,44660,,https://tiki.vnsandal-nu-bit-mui-cach-dieu-quai-cai-rosata-ro627-4p-den-kem-hang-viet-nam-bkstore-p274526640.html?spid=274526656,sandal nữ bít mũi cách
274526587,"Sandal cao gót nữ đinh tán phối lưới ROSATA RO626 - 9p - Đen, Trắng - HÀNG VIỆT NAM - BKSTORE",499000.0,499000.0,0.0,0.0,0,44660,,https://tiki.vnsandal-cao-got-nu-dinh-tan-phoi-luoi-rosata-ro626-9p-den-trang-hang-viet-nam-bkstore-p274526587.html?spid=274526601,sandal cao gót nữ đinh tán phối
274388071,Giày Thể Thao Cao Cấp Nữ Biti's Hunter Street đế [BÀO] x VietMax: BEATER - Hustle Edition HSW002200XDG (Xanh dương),1200000.0,1200000.0,0.0,0.0,0,178519,,https://tiki.vngiay-the-thao-cao-cap-nu-biti-s-hunter-street-de-bao-x-vietmax-beater-hustle-edition-hsw002200xdg-xanh-duong-p274388071.html?spid=274388073,giày thể thao cao cấp nữ
273804988,"Boots thời trang nữ cao gót, da lì đính hạt, mũi nhọn ROSATA RO606 - 10p - HÀNG VIỆT NAM - BKSTORE",600000.0,600000.0,0.0,0.0,0,44660,,https://tiki.vnboots-thoi-trang-nu-cao-got-da-li-dinh-hat-mui-nhon-rosata-ro606-10p-hang-viet-nam-bkstore-p273804988.html?spid=273805002,boots thời trang nữ cao gót
273265604,Dép Cao Gót Nữ BIGGBEN Da Bò Cao 4 Phân DCG79,339000.0,400000.0,61000.0,5.0,2,9460,,https://tiki.vndep-cao-got-nu-biggben-da-bo-cao-4-phan-dcg79-p273265604.html?spid=273265640,dép cao gót nữ biggben
263040261,GUỐC GỖ MIỀN TÂY GIÁ RẺ - GUỐC GỖ NỮ,99000.0,99000.0,0.0,0.0,0,289860,,https://tiki.vnguoc-go-mien-tay-gia-re-guoc-go-nu-p263040261.html?spid=263040267,guốc gỗ miền tây
263038543,Giày Sục Nữ Đế Xuồng Da Bò Thật TiTi ĐÔ Cao Cấp 4cm DNU2166,390000.0,390000.0,0.0,0.0,0,323804,,https://tiki.vngiay-suc-nu-de-xuong-4cm-titi-do-da-bo-that-cao-cap-dnu2166-p263038543.html?spid=263038563,giày sục nữ đế xuồng
217759912,Dép Nữ Quai Ngang Đế Xuồng Da Bò Thật TiTi ĐÔ Cao Cấp 7cm DNU2119d,280000.0,280000.0,0.0,0.0,0,323804,,https://tiki.vndep-nu-quai-ngang-de-xuong-da-bo-ha-nam-cao-cap-7cm-dnu2119d-p217759912.html?spid=217759915,dép nữ quai ngang đế
216940208,Giày Boot Nữ Da Bò BIGGBEN Cao 7 phân BON4,599000.0,850000.0,251000.0,5.0,1,9460,,https://tiki.vngiay-boot-nu-da-bo-biggben-cao-7-phan-bon4-p216940208.html?spid=216940218,giày boot nữ da bò
207515866,Dép Nữ Da Bò Thật BIGGBEN Cao Cấp DNQN54,319000.0,350000.0,31000.0,0.0,0,9460,,https://tiki.vndep-nu-da-bo-that-biggben-cao-cap-dnqn54-p207515866.html?spid=207515888,dép nữ da bò biggben
203764752,Lắc chân vòng chân titan xích nhiều lớp phụ kiện cho giày cao gót siêu sang chảnh ấn tượng hot girl,129000.0,129000.0,0.0,0.0,0,19782,,https://tiki.vnlac-chan-vong-chan-titan-xich-nhieu-lop-phu-kien-cho-giay-cao-got-sieu-sang-chanh-an-tuong-hot-girl-p203764752.html?spid=203764756,lắc chân vòng chân
194187130,giày cao gót đính bướm sang trọng ( ping - bảo hành 1 năm),440000.0,440000.0,0.0,0.0,0,300310,,https://tiki.vngiay-cao-got-dinh-buom-sang-trong-freeshipping-bao-hanh-1-nam-p194187130.html?spid=194187176,giày cao gót đính bướm
194186909,giày cao gót mũi nhọn (giao hỏa tốc 2h -ping - bảo hành 1 năm),420000.0,420000.0,0.0,0.0,0,300310,,https://tiki.vngiay-cao-got-mui-nhon-giao-hoa-toc-2h-freeshipping-bao-hanh-1-nam-p194186909.html?spid=194187011,giày cao gót
120048998,"Giày boot nữ Huy Hoàng da bò màu nâu, đen HT7038-7920",1399000.0,1399000.0,0.0,0.0,0,1867,,https://tiki.vnhp7038-7920-giay-boot-nu-huy-hoang-da-bo-mau-nau-den-p120048998.html?spid=120049135,giày boot nữ huy hoàng
76299346,Giày búp bê nữ BIGGBEN da bò cao cấp BB79,339000.0,400000.0,61000.0,4.7,3,9460,,https://tiki.vngiay-bup-be-nu-biggben-da-bo-cao-cap-bb79-p76299346.html?spid=76299356,giày búp bê nữ biggben
74370871,Giày sandal nữ kẹp da bò thật cao cấp BIGGBEN SDN65,319000.0,450000.0,131000.0,4.5,14,9460,,https://tiki.vngiay-sandal-nu-kep-da-bo-that-cao-cap-biggben-sdn65-p74370871.html?spid=74370877,giày sandal nữ kẹp
74300815,Giày Búp Bê Nữ Da Bò BIGGBEN Cao Cấp BB75,339000.0,400000.0,61000.0,4.7,37,9460,,https://tiki.vngiay-bup-be-nu-da-bo-biggben-cao-cap-bb75-p74300815.html?spid=74300817,giày búp bê nữ da bò
72101747,Giày Sandal Cao Gót BIGGBEN Da Bò Thật SDCG56,400000.0,400000.0,0.0,4.6,9,9460,,https://tiki.vngiay-sandal-cao-got-biggben-da-bo-that-sdcg56-p72101747.html?spid=72101755,giày sandal cao gót biggben
66499993,Dép Nữ Da Bò BIGGBEN Cao Cấp DNQN32,299000.0,350000.0,51000.0,4.8,49,9460,,https://tiki.vndep-nu-da-bo-biggben-cao-cap-dnqn32-p66499993.html?spid=66500015,dép nữ da bò biggben
54930771,Dép cao su Nữ 5 quai nhỏ,300000.0,300000.0,0.0,4.0,2,53773,,https://tiki.vndep-cao-su-nu-5-quai-nho-p54930771.html?spid=54930781,dép cao su nữ quai
52239789,Giày Sandal Nữ Đế Xuồng BIGGBEN Da Bò Thật SDX16,369000.0,450000.0,81000.0,4.6,50,9460,,https://tiki.vngiay-sandal-nu-de-xuong-biggben-da-bo-that-sdx16-p52239789.html?spid=52239791,giày sandal nữ đế xuồng
2815405,Nước giặt giày cao cấp Elmie 500ml nội địa Nhật Bản,75000.0,75000.0,0.0,0.0,0,55404,,https://tiki.vnnuoc-giat-giay-cao-cap-elmie-500ml-noi-dia-nhat-ban-p2815405.html?spid=43825097,nước giặt giày cao cấp
1998791,Giày Sandal Nữ Cao Gót Huy Hoàng HT7058 - Xanh (Size,469000.0,469000.0,0.0,4.5,2,1867,,https://tiki.vngiay-sandal-nu-cao-got-huy-hoang-ht7058-xanh-p1998791.html?spid=2006739,giày sandal nữ cao gót
278849376,GIÀY NỮ BITI’S MESH CROSS STRAP (size 35-40),625000.0,625000.0,0.0,0.0,0,174218,,https://tiki.vngiay-nu-biti-s-mesh-cross-strap-size-35-40-p278849376.html?spid=278849389,giày nữ biti s
278510414,Dép quai kẹp Biti's (35-39),294000.0,294000.0,0.0,0.0,0,174218,,https://tiki.vndep-quai-kep-biti-s-35-39-p278510414.html?spid=278510426,dép quai kẹp biti
278247252,Giày thể thao Biti's  Hunter nữ (36-39),769000.0,769000.0,0.0,0.0,0,174218,,https://tiki.vngiay-the-thao-biti-s-hunter-nu-36-39-p278247252.html?spid=278247256,giày thể thao biti s
278245754,Giày thể thao Biti's Embrace nữ (35-40),608000.0,608000.0,0.0,5.0,1,174218,,https://tiki.vngiay-the-thao-biti-s-embrace-nu-35-40-p278245754.html?spid=278245772,giày thể thao biti s
278124402,"Dép quai ngang đi trong nhà Hương Quế DQN-12 thích hợp mang trong nhà, trong văn phòng",95000.0,95000.0,0.0,0.0,0,61212,,https://tiki.vndep-quai-ngang-di-trong-nha-huong-que-dqn-12-thich-hop-mang-trong-nha-trong-van-phong-p278124402.html?spid=278124412,dép quai ngang đi
278096309,GIÀY CAO GÓT THỜI TRANG 5CM MULES MŨI NHỌN PHỐI KHÓA,355000.0,355000.0,0.0,0.0,0,49994,,https://tiki.vngiay-cao-got-thoi-trang-5cm-mules-mui-nhon-phoi-khoa-p278096309.html?spid=278096329,giày cao gót thời trang
278096069,GIÀY BÚP BÊ NƠ XẾP 1CM – PABNO PN12031,365000.0,365000.0,0.0,0.0,0,49994,,https://tiki.vngiay-bup-be-no-xep-1cm-pabno-pn12031-p278096069.html?spid=278096071,giày búp bê nơ xếp
277437916,Giày Búp Bê Nữ Cao Gót HA NAM Da Bò Thật Thời Trang Cao Cấp 5cm GBBN20898,380000.0,380000.0,0.0,0.0,0,323804,,https://tiki.vngiay-bup-be-nu-cao-got-ha-nam-da-bo-that-thoi-trang-cao-cap-5cm-gbbn20898-p277437916.html?spid=277437990,giày búp bê nữ cao
277357552,"Xịt Bọt Tuyết Vệ Sinh Giày Thể Thao, Khử Mùi & Làm Trắng Giày NAM NỮ (XGRT1) - HÀNG CHÍNH HÃNG MINIIN",35000.0,35000.0,0.0,0.0,0,134678,,https://tiki.vnxit-bot-tuyet-ve-sinh-giay-the-thao-khu-mui-lam-trang-giay-nam-nu-xgrt1-p277357552.html?spid=277357553,xịt bọt tuyết vệ sinh giày
277294337,"Giày thể thao nữ, giày chạy bộ đế êm nhẹ, thoáng khí đế cao su đúc, chống trơn trượt hạn chế mòn  – GNU2086",610000.0,1220000.0,610000.0,0.0,0,975,,https://tiki.vngiay-the-thao-nu-giay-chay-bo-de-em-nhe-thoang-khi-de-cao-su-duc-chong-tron-truot-han-che-mon-gnu2086-p277294337.html?spid=277294361,giày thể thao nữ giày
277139163,Dép Sục Nữ Da Bò Thật BIGGBEN Cao Cấp SBN57,349000.0,450000.0,101000.0,0.0,0,9460,,https://tiki.vndep-suc-nu-da-bo-that-biggben-cao-cap-sbn57-p277139163.html?spid=277139183,dép sục nữ da bò biggben
277013723,Giày boots nữ da lộn 4P PABNO PN11032,430000.0,430000.0,0.0,5.0,1,49994,,https://tiki.vngiay-boots-nu-da-lon-4p-pabno-pn11032-p277013723.html?spid=277013727,giày boots nữ da lộn
276838257,"Giày Sandal nữ kiểu dáng mới chống trơn, trượt – GSDN04",370000.0,740000.0,370000.0,0.0,0,975,,https://tiki.vngiay-sandal-nu-kieu-dang-moi-chong-tron-truot-gsdn04-p276838257.html?spid=276838259,giày sandal nữ kiểu dáng
276610111,Dép Eva Phun Nữ Biti's E-Soft BEW001100XMN (Xanh minơ),295000.0,295000.0,0.0,5.0,2,178519,,https://tiki.vndep-eva-phun-nu-biti-s-e-soft-bew001100xmn-xanh-mino-p276610111.html?spid=276610119,dép eva phun nữ
276364198,Giày Cao Gót Nữ Da Bò Thật BIGGBEN Cao 4 Phân GCG15,319000.0,500000.0,181000.0,5.0,1,9460,,https://tiki.vngiay-cao-got-nu-da-bo-that-biggben-cao-4-phan-gcg15-p276364198.html?spid=276364230,giày cao gót nữ da bò
276357707,Giày Thể Thao Nữ Biti's Hunter Core LiteFoam 3.0​ - Original Edition 2K24​ HSW007801HOG (Hồng),869000.0,869000.0,0.0,0.0,0,178519,,https://tiki.vngiay-the-thao-nu-biti-s-hunter-core-litefoam-3-0-original-edition-2k24-hsw007801hog-hong-p276357707.html?spid=276357709,giày thể thao nữ biti
276174011,Giày Búp Bê Bé Gái Kiểu Dáng Dễ Thương – GBB9029,420000.0,840000.0,420000.0,5.0,1,975,,https://tiki.vngiay-bup-be-be-gai-kieu-dang-de-thuong-gbb9029-p276174011.html?spid=276174073,giày búp bê bé gái
276112671,Giày thể thao sức khoẻ nữ Aetrex Courtney Chalk - Sneaker da đế đệm,3995000.0,3995000.0,0.0,0.0,0,302,,https://tiki.vngiay-the-thao-suc-khoe-nu-aetrex-courtney-chalk-sneaker-da-de-dem-p276112671.html?spid=276112679,giày thể thao sức khỏe
274938679,"Giày thể thao nữ đế êm nhẹ, thoáng khí đế cao su đúc, chống trơn trượt hạn chế mòn – GNU2065",440000.0,880000.0,440000.0,0.0,0,975,,https://tiki.vngiay-the-thao-nu-de-em-nhe-thoang-khi-de-cao-su-duc-chong-tron-truot-han-che-mon-gnu2065-p274938679.html?spid=274938701,giày thể thao nữ đế êm nhẹ
273289108,"Dép Đế Xuồng Nữ BIGBEN Da Bò Thật Cao 4,5 Phân DX49",339000.0,400000.0,61000.0,0.0,0,9460,,https://tiki.vndep-de-xuong-nu-bigben-da-bo-that-cao-4-5-phan-dx49-p273289108.html?spid=273289124,dép đế xuồng nữ
270794639,Giày Thể Thao Nữ  Bitis Hunter HSW002900,1269000.0,1269000.0,0.0,0.0,0,174218,,https://tiki.vngiay-the-thao-nu-bitis-hunter-hsw002900-p270794639.html?spid=270794641,giày thể thao nữ bitis
263276983,Chuck 70 Parchment High | Giày Converse 1970s Kem Cao Cổ Egret 162053C,2200000.0,2200000.0,0.0,0.0,0,77420,,https://tiki.vnchuck-70-parchment-high-giay-converse-1970s-kem-cao-co-egret-162053c-p263276983.html?spid=263277001,chuck parchment high giày
262082020,Giày lười nữ da bò thật BIGGBEN cao cấp BB133,400000.0,400000.0,0.0,0.0,0,9460,,https://tiki.vngiay-luoi-nu-da-bo-that-biggben-cao-cap-bb133-p262082020.html?spid=262082060,giày lười nữ da bò
252911716,Bàn chải đánh giày lông heo XIMO phiên bản cho giày vải sneaker,39000.0,39000.0,0.0,5.0,1,1028,,https://tiki.vnban-chai-danh-giay-long-heo-ximo-phien-ban-cho-giay-vai-sneaker-p252911716.html?spid=252911717,bàn chải đánh giày lông
212551609,Sục nữ đế xuồng 5cm da bò mềm mại Trường Hải S130,299000.0,299000.0,0.0,0.0,0,11395,,https://tiki.vnsuc-nu-de-xuong-5cm-da-bo-mem-mai-truong-hai-s130-p212551609.html?spid=212551619,sục nữ đế xuồng
189179654,Giày Sandal Nữ The Bily 02W Quai Chéo Đôi - Màu Xám BL02WX,349000.0,349000.0,0.0,1.0,1,196712,,https://tiki.vngiay-sandal-nu-the-bily-02w-quai-cheo-doi-mau-xam-bl02wx-p189179654.html?spid=189179660,giày sandal nữ the
187375766,Giày sandal Nữ Da Bò Thật BIGGBEN Cao Cấp SDN79,319000.0,400000.0,81000.0,5.0,2,9460,,https://tiki.vngiay-sandal-nu-da-bo-that-biggben-cao-cap-sdn79-p187375766.html?spid=187375768,giày sandal nữ da bò
186633861,Dép Nữ Da Bò Thật BIGGBEN Cao 3 Phân DNQN45,319000.0,400000.0,81000.0,0.0,0,9460,,https://tiki.vndep-nu-da-bo-that-biggben-cao-3-phan-dnqn45-p186633861.html?spid=186633869,dép nữ da bò biggben
177772693,"Giày sandal nữ BIGGBEN cao 4,5cm SDN76",500000.0,500000.0,0.0,4.7,18,9460,,https://tiki.vngiay-sandal-nu-biggben-cao-4-5cm-sdn76-p177772693.html?spid=177772703,giày sandal nữ biggben
145771389,Giày lười nữ da bò thật BIGGBEN cao cấp BB115,329000.0,400000.0,71000.0,4.3,6,9460,,https://tiki.vngiay-luoi-nu-da-bo-that-biggben-cao-cap-bb115-p145771389.html?spid=145771391,giày lười nữ da bò
135373475,Sandal Biti's nữ,275000.0,275000.0,0.0,4.8,19,174218,,https://tiki.vnsandal-bitis-nu-p135373475.html?spid=135373487,sandal biti s nữ
112956939,Combo 2 Miếng lót gót giầy hình bướm có keo dán vào giầy 21165 - Đen,25600.0,25600.0,0.0,0.0,0,9711,,https://tiki.vncombo-2-mieng-lot-got-giay-hinh-buom-co-keo-dan-vao-giay-21165-den-p112956939.html?spid=112956978,combo
98267642,GIÀY SKECHERS GIÀNH CHO  NỮ màu xám nhạt,1971000.0,1971000.0,0.0,5.0,1,37505,,https://tiki.vngiay-skechers-gianh-cho-nu-mau-xam-nhat-p98267642.html?spid=98267644,giày skechers giành nữ
76384537,Dép Sục Nữ Hở Mũi BIGGBEN Da Bò Cao Cấp SBN32,329000.0,450000.0,121000.0,4.8,12,9460,,https://tiki.vndep-suc-nu-ho-mui-biggben-da-bo-cao-cap-sbn32-p76384537.html?spid=76384543,dép sục nữ mũi biggben
57382862,Dép Đi Trong Văn Phòng - Trong Nhà Tắm Chống Trơn Trượt Lock&Lock ETM645,139000.0,250000.0,111000.0,5.0,42,88331,,https://tiki.vndep-di-trong-van-phong-trong-nha-tam-lock-lock-etm646-etm645-p57382862.html?spid=57383738,dép đi văn phòng nhà tắm
53112821,"Dép chiếu Hương Quế DCQ-50 làm từ lụa tơ tằm - vải cotton - lớp đế cao su xốp cho đôi chân thơm, mát và khô thoáng - Xanh",68000.0,68000.0,0.0,5.0,29,61212,,https://tiki.vndep-chieu-huong-que-dcq-50-lam-tu-lua-to-tam-vai-cotton-lop-de-cao-su-xop-cho-doi-chan-thom-mat-va-kho-thoang-xanh-p53112821.html?spid=53112831,dép chiếu hương quế dcq
23166857,Giày Sandal Nữ BIGGBEN Da Bò Thật SDN33,319000.0,400000.0,81000.0,4.6,18,9460,,https://tiki.vngiay-sandal-nu-biggben-da-bo-that-sdn33-p23166857.html?spid=23166867,giày sandal nữ biggben
19984182,Xi nước đánh giày Kangaroo Hàn Quốc - Nhập khẩu chính hãng,59000.0,59000.0,0.0,4.6,17,7673,,https://tiki.vnxi-nuoc-danh-giay-kangaroo-han-quoc-nhap-khau-chinh-hang-p19984182.html?spid=19984189,xi nước đánh giày
2691913,Giày Nữ Da Bò 5 Phân Huy Hoàng HT7942 - Đen,519000.0,519000.0,0.0,4.6,5,1867,,https://tiki.vngiay-nu-da-bo-5-phan-huy-hoang-ht7942-den-p2691913.html?spid=2691929,giày nữ da bò phân huy hoàng
278903384,"Boots thời trang nữ mũi nhọn, gót nhọn cao cấp ROSATA RO717- 9p - BKSTORE",590000.0,590000.0,0.0,0.0,0,44660,,https://tiki.vnboots-thoi-trang-nu-mui-nhon-got-nhon-cao-cap-rosata-ro717-9p-bkstore-p278903384.html?spid=278903400,boots thời trang nữ mũi nhọn
278876371,Dép Biti's Nữ Màu Kem/đen  BFW007288,457000.0,457000.0,0.0,0.0,0,174218,,https://tiki.vndep-biti-s-nu-mau-kem-den-bfw007288-p278876371.html?spid=278876373,dép biti s nữ
278616169,Sandal Biti's Embrace nữ (35-40),454000.0,454000.0,0.0,0.0,0,174218,,https://tiki.vnsandal-biti-s-embrace-nu-35-40-p278616169.html?spid=278616179,sandal biti s embrace
278378112,Dép Mang Trong Nhà Dean 24X30X5 Cm | Index Living Mall | Nội Thất Thái Lan,259350.0,399000.0,139650.0,0.0,0,113916,,https://tiki.vndep-mang-trong-nha-dean-24x30x5-cm-index-living-mall-noi-that-thai-lan-p278378112.html?spid=278378114,dép mang nhà dean
278277706,"Combo 10 Túi Đựng Giày Dép Living C, Túi Chống Bụi Giày Dép Chống Thấm Nước Tiện Dụng Khi Mang Đi Du Lịch - HÀNG CHÍNH HÃNG MINIIN",39000.0,39000.0,0.0,0.0,0,134678,,https://tiki.vncombo-10-tui-dung-giay-dep-living-c-tui-chong-bui-giay-dep-chong-tham-nuoc-tien-dung-khi-mang-di-du-lich-hang-chinh-hang-miniin-p278277706.html?spid=278277707,combo túi đựng giày dép
278045074,"Giày thể thao nữ đế êm nhẹ, thoáng khí đế cao su đúc, chống trơn trượt hạn chế mòn  – GNU2096",570000.0,1140000.0,570000.0,0.0,0,975,,https://tiki.vngiay-the-thao-nu-de-em-nhe-thoang-khi-de-cao-su-duc-chong-tron-truot-han-che-mon-gnu2096-p278045074.html?spid=278045090,giày thể thao nữ đế êm nhẹ
277779865,Giày thể thao Biti's Hunter nữ (35-40),869000.0,869000.0,0.0,0.0,0,174218,,https://tiki.vngiay-the-thao-biti-s-hunter-nu-35-40-p277779865.html?spid=277779869,giày thể thao biti s
277456937,"Dép sục cao gót nữ da bóng, gót bạc ROSATA RO672 -7F- Đen - HÀNG VIỆT NAM-BKSTORE",380000.0,380000.0,0.0,0.0,0,44660,,https://tiki.vndep-suc-cao-got-nu-da-bong-got-bac-rosata-ro672-7f-den-hang-viet-nam-bkstore-p277456937.html?spid=277456943,dép sục cao gót nữ
277380472,Giày Chạy Bộ Nữ Biti's Hunter Running HSW004800XMN (Xanh minơ),1259000.0,1259000.0,0.0,0.0,0,178519,,https://tiki.vngiay-chay-bo-nu-biti-s-hunter-running-hsw004800xmn-xanh-mino-p277380472.html?spid=277380480,giày chạy nữ biti
277364757,Giày Thể Thao Nữ Biti's Hunter X LiteDash Go For Love 2k25 Edition HSW007505NAU (Nâu),1099000.0,1099000.0,0.0,0.0,0,178519,,https://tiki.vngiay-the-thao-nu-biti-s-hunter-x-litedash-go-for-love-2k25-edition-hsw007505nau-nau-p277364757.html?spid=277364759,giày thể thao nữ biti
277287683,Giày Sandal Nữ Da Bò Thật BIGGBEN Cao Cấp SDN117,349000.0,450000.0,101000.0,0.0,0,9460,,https://tiki.vngiay-sandal-nu-da-bo-that-biggben-cao-cap-sdn117-p277287683.html?spid=277287685,giày sandal nữ da bò
277227948,"Dép quai ngang đi trong nhà Hương Quế DQN-11 thích hợp mang trong nhà, trong văn phòng",95000.0,95000.0,0.0,0.0,0,61212,,https://tiki.vndep-quai-ngang-di-trong-nha-huong-que-dqn-11-thich-hop-mang-trong-nha-trong-van-phong-p277227948.html?spid=277227952,dép quai ngang đi
276666833,Giày Sandal Nữ Da Bò Thật BIGGBEN Cao Cấp SDN113,299000.0,500000.0,201000.0,0.0,0,9460,,https://tiki.vngiay-sandal-nu-da-bo-that-biggben-cao-cap-sdn112-p276666833.html?spid=276666896,giày sandal nữ da bò
276254115,Dép Eva Phun Nữ Biti's BEW001301KEM (Kem),175000.0,175000.0,0.0,5.0,1,178519,,https://tiki.vndep-eva-phun-nu-biti-s-bew001301kem-kem-p276254115.html?spid=276254117,dép eva phun nữ
276190873,"Dép nữ xixitiao mềm nhẹ giá rẻ, dép đi trong nhà phong cách dễ thương mẫu mới",43600.0,43600.0,0.0,0.0,0,291512,,https://tiki.vndep-nu-xixitiao-mem-nhe-gia-re-dep-di-trong-nha-phong-cach-de-thuong-mau-moi-p276190873.html?spid=276190877,dép nữ xixitiao mềm
275922100,Giày thể thao Bitis Hunter  nữ HSW006400 (35-39),1209000.0,1209000.0,0.0,5.0,2,174218,,https://tiki.vngiay-the-thao-bitis-hunter-nu-hsw006400-35-39-p275922100.html?spid=275922108,giày thể thao bitis hunter
275891804,Sục nữ gót vuông 3cm mũi vuông Trường Hải 2 màu S110,299000.0,299000.0,0.0,0.0,0,11395,,https://tiki.vnsuc-nu-got-vuong-3cm-mui-vuong-truong-hai-2-mau-s110-p275891804.html?spid=275891808,sục nữ gót vuông
275270637,"Boot nữ PABNO PN652, Giày Bốt nữ da mịn cổ cao gót vuông 8cm, Giày boot nữ chính hãng khóa bên mũi nhọn cao cấp",945000.0,945000.0,0.0,0.0,0,49994,,https://tiki.vnboot-nu-pabno-pn652-giay-bot-nu-da-min-co-cao-got-vuong-8cm-giay-boot-nu-chinh-hang-khoa-ben-mui-nhon-cao-cap-p275270637.html?spid=275270641,boot nữ pabno pn652
273807111,Boots thời trang nữ da lì viền chỉ nổi ROSATA RO607 - 9p - HÀNG VIỆT NAM - BKSTORE,550000.0,550000.0,0.0,0.0,0,44660,,https://tiki.vnboots-thoi-trang-nu-da-li-vien-chi-noi-rosata-ro607-9p-hang-viet-nam-bkstore-p273807111.html?spid=273807121,boots thời trang nữ da
273467480,Giày Thể Thao Nữ Biti’s Hunter Street HSW004700TIM (Tím),745000.0,745000.0,0.0,0.0,0,178519,,https://tiki.vngiay-the-thao-nu-biti-s-hunter-street-hsw004700tim-tim-p273467480.html?spid=273467482,giày thể thao nữ biti
270212114,Giày Sandal Cao Gót BIGGBEN Da Bò Thật Cao 7 Phân SDCG96,369000.0,400000.0,31000.0,5.0,2,9460,,https://tiki.vngiay-sandal-cao-got-biggben-da-bo-that-cao-7-phan-sdcg96-p270212114.html?spid=270212120,giày sandal cao gót biggben
262058064,Giày Boot Nữ Cổ Thấp Da Bò Thật BIGGBEN Cao 5 phân BON7,699000.0,1100000.0,401000.0,0.0,0,9460,,https://tiki.vngiay-boot-nu-co-thap-da-bo-that-biggben-cao-5-phan-bon7-p262058064.html?spid=249970009,giày boot nữ cổ
252090418,Giày cao gót 7cm mũi nhọn Trường Hải có 3 màu CG124X,279000.0,279000.0,0.0,0.0,0,11395,,https://tiki.vngiay-cao-got-7cm-mui-nhon-truong-hai-co-3-mau-cg124x-p252090418.html?spid=252090446,giày cao gót
249988776,Dép Cao Gót Nữ BIGGBEN Da Bò Cao 4 Phân DCG71,319000.0,400000.0,81000.0,4.0,1,9460,,https://tiki.vndep-cao-got-nu-biggben-da-bo-cao-4-phan-dcg71-p249988776.html?spid=249988784,dép cao gót nữ biggben
211948074,Sandal cao gót Biti's nữ đế 7cm,470000.0,470000.0,0.0,0.0,0,174218,,https://tiki.vnsandal-cao-got-biti-s-nu-de-7cm-p211948074.html?spid=211948080,sandal cao gót biti s
209377196,Giày Thể Thao Nữ Biti's Hunter Core,834000.0,834000.0,0.0,0.0,0,174218,,https://tiki.vngiay-the-thao-nu-biti-s-hunter-core-p209377196.html?spid=209377208,giày thể thao nữ biti
207197174,Giày Thể Thao Bitis Nữ Hunter X DSWH10600,999000.0,999000.0,0.0,0.0,0,174218,,https://tiki.vngiay-the-thao-bitis-nu-hunter-x-dswh10600-p207197174.html?spid=207197186,giày thể thao bitis nữ
194187614,Giày cao gót mũi nhọn đơn giản,400000.0,400000.0,0.0,0.0,0,300310,,https://tiki.vngiay-cao-got-mui-nhon-don-gian-p194187614.html?spid=194187618,giày cao gót mũi nhọn đơn giản
194187539,Giày cao gót màu bạc 7cm đính dây xoàn cao cấp chính hãng ( giao hỏa tốc - ping - bảo hành 1 năm),390000.0,390000.0,0.0,0.0,0,300310,,https://tiki.vngiay-cao-got-mau-bac-7cm-dinh-day-xoan-cao-cap-chinh-hang-giao-hoa-toc-freeshipping-bao-hanh-1-nam-p194187539.html?spid=194187561,giày cao gót màu bạc
192135155,Dép Nữ Da Bò Thật BIGGBEN Cao Cấp DNQN51,319000.0,350000.0,31000.0,5.0,8,9460,,https://tiki.vndep-nu-da-bo-that-biggben-cao-cap-dnqn51-p192135155.html?spid=192135167,dép nữ da bò biggben
151489262,Giày búp bê nữ da bò cao cấp BIGGBEN BB120,339000.0,400000.0,61000.0,4.8,9,9460,,https://tiki.vngiay-bup-be-nu-da-bo-cao-cap-biggben-bb120-p151489262.html?spid=151489272,giày búp bê nữ da bò
91229995,Dép Sục Nữ Da Bò BIGGBEN Cao Cấp SBN36,329000.0,400000.0,71000.0,4.3,12,9460,,https://tiki.vndep-suc-nu-da-bo-biggben-cao-cap-sbn36-p91229995.html?spid=91230001,dép sục nữ da bò biggben
91205516,Giày Sandal Cao Gót Da Bò BIGGBEN Cao 7 Phân SDCG63,319000.0,350000.0,31000.0,4.8,5,9460,,https://tiki.vngiay-sandal-cao-got-da-bo-biggben-cao-7-phan-sdcg63-p91205516.html?spid=91205522,giày sandal cao gót da bò
76385061,Giày sandal nữ kẹp BIGGBEN da bò thật cao cấp SDN67,319000.0,400000.0,81000.0,4.5,5,9460,,https://tiki.vngiay-sandal-nu-kep-biggben-da-bo-that-cao-cap-sdn67-p76385061.html?spid=76385069,giày sandal nữ kẹp
75831115,Giày cao gót bít mũi Trường Hải đế vuông 3cm da bóng đen GCG120,279000.0,279000.0,0.0,0.0,0,11395,,https://tiki.vngiay-cao-got-bit-mui-truong-hai-de-vuong-3cm-da-bong-den-gcg120-p75831115.html?spid=75831117,giày cao gót bít mũi
53108304,Dép chiếu Hương Quế DCQ-50 làm từ lụa tơ tằm - vải cotton - lớp đế cao su xốp cho đôi chân thơm - mát và khô thoáng - Đỏ,68000.0,68000.0,0.0,5.0,15,61212,,https://tiki.vndep-chieu-huong-que-dcq-50-lam-tu-lua-to-tam-vai-cotton-lop-de-cao-su-xop-cho-doi-chan-thom-mat-va-kho-thoang-do-p53108304.html?spid=53108312,dép chiếu hương quế dcq
31808202,Combo xi đánh giày Kangaroo Hàn Quốc + Bàn chải đánh giày cán gỗ,69000.0,69000.0,0.0,4.1,29,7673,,https://tiki.vncombo-xi-danh-giay-kangaroo-han-quoc-ban-chai-danh-giay-can-go-p31808202.html?spid=31808208,combo xi đánh giày
2691129,Giày Nữ Da Dò 3 Phân Huy Hoàng HT7940 - Nâu Đất,349300.0,499000.0,149700.0,4.5,6,1867,,https://tiki.vngiay-nu-da-do-3-phan-huy-hoang-ht7940-nau-dat-p2691129.html?spid=2691149,giày nữ da dò phân huy hoàng
886684,Lót Giày Tăng Chiều Cao 2 Lớp Không Khí Nguyên Bàn Winwinshop88 (5 cm) - Đen,39398.0,39398.0,0.0,4.5,8,12619,,https://tiki.vnlot-giay-tang-chieu-cao-2-lop-khong-khi-nguyen-ban-winwinshop88-5-cm-den-p886684.html?spid=53585379,lót giày tăng chiều
279049056,set 5 Bộ Dây Giày Cao Su Đàn Hồi Thắt BuộcThông Minh Sneaker V-Laces 14 Sợi 2 Nút Chỉnh Size Nam Nữ,20000.0,20000.0,0.0,5.0,7,3196,,https://tiki.vnset-5-bo-day-giay-cao-su-dan-hoi-that-buocthong-minh-sneaker-v-laces-14-soi-2-nut-chinh-size-nam-nu-p279049056.html?spid=160403646,set
278949902,Dép Cao Gót Nữ BIGGBEN Da Bò Cao 4 Phân DCG117,329000.0,500000.0,171000.0,0.0,0,9460,,https://tiki.vndep-cao-got-nu-biggben-da-bo-cao-4-phan-dcg117-p278949902.html?spid=278949908,dép cao gót nữ biggben
278379960,Giày Xăng đan nữ 7cm thời trang đế bằng pu siêu nhẹ màu đen Trường Hải XD145,349000.0,349000.0,0.0,0.0,0,11395,,https://tiki.vngiay-xang-dan-nu-7cm-thoi-trang-de-bang-pu-sieu-nhe-mau-den-truong-hai-xd145-p278379960.html?spid=278379964,giày xăng đan nữ
278123291,Sandal Biti's nữ (size 35-39),299000.0,299000.0,0.0,0.0,0,174218,,https://tiki.vnsandal-biti-s-nu-size-35-39-p278123291.html?spid=278123297,sandal biti s nữ
278096372,GIÀY SANDAL QUAI NGANG CAO GÓT 8CM – PABNO PN22031,335000.0,335000.0,0.0,0.0,0,49994,,https://tiki.vngiay-sandal-quai-ngang-cao-got-8cm-pabno-pn22031-p278096372.html?spid=278096390,giày sandal quai ngang cao gót
277983692,Giày Sandal Nữ Da Bò Thật BIGGBEN Cao Cấp SDN118,349000.0,500000.0,151000.0,0.0,0,9460,,https://tiki.vngiay-sandal-nu-da-bo-that-biggben-cao-cap-sdn118-p277983692.html?spid=277983694,giày sandal nữ da bò
277740040,Dép bít đầu Biti's cao cấp nữ (35-39),465000.0,465000.0,0.0,5.0,1,174218,,https://tiki.vndep-bit-dau-biti-s-cao-cap-nu-35-39-p277740040.html?spid=277740052,dép bít đầu biti
277621925,Dép lông hình thỏ Rabbit - Dép bông mùa đông cho nữ hoạt hình dễ thương ấm áp,95000.0,95000.0,0.0,0.0,0,97441,,https://tiki.vndep-long-hinh-tho-rabbit-dep-bong-mua-dong-cho-nu-hoat-hinh-de-thuong-am-ap-p277621925.html?spid=277621931,dép lông hình thỏ rabbit
276861892,"Dép chiếu đi trong nhà Hương Quế DCQ-77 thích hợp mang trong nhà, trong văn phòng",95000.0,95000.0,0.0,0.0,0,61212,,https://tiki.vndep-chieu-di-trong-nha-huong-que-dcq-77-thich-hop-mang-trong-nha-trong-van-phong-p276861892.html?spid=276861902,dép chiếu đi nhà
276779724,"Sét 2 miếng lót gót chân cao su mềm  , bảo vệ gót chân ,cổ chân ,khi mang giày",65550.0,69000.0,3450.0,0.0,0,270031,,https://tiki.vnset-2-mieng-lot-got-chan-cao-su-mem-bao-ve-got-chan-co-chan-khi-mang-giay-p276779724.html?spid=276779725,sét
276779703,"Combo 2 miếng lót gót chân cao su mềm  , bảo vệ gót chân ,cổ chân ,khi mang giày",65550.0,69000.0,3450.0,5.0,1,270031,,https://tiki.vncombo-2-mieng-lot-got-chan-cao-su-mem-bao-ve-got-chan-co-chan-khi-mang-giay-p276779703.html?spid=276779704,combo
276767395,"Cặp lót giày khử mùi hôi chân cho nam và nữ , vải lưới đàn hồi thông hơi thoáng khí giúp khử mùi  hiệu quả bảo vệ bàn chân , luôn  sạch sẽ  và  khô ráo",84550.0,89000.0,4450.0,5.0,1,270031,,https://tiki.vncap-lot-giay-khu-mui-hoi-chan-cho-nam-va-nu-vai-luoi-dan-hoi-thong-hoi-thoang-khi-giup-khu-mui-hieu-qua-bao-ve-ban-chan-luon-sach-se-va-kho-rao-p276767395.html?spid=276767409,lót giày khử mùi
276756879,"Dép  xốp  sọc đi trong  nhà  cho nam và nữ ,  màu sắc tươi trẻ  , dùng  trong văn phòng, nhà tắm siêu nhẹ , chất liệu nhựa siêu bền chống trơn trượt",84550.0,89000.0,4450.0,0.0,0,270031,,https://tiki.vndep-xop-soc-di-trong-nha-cho-nam-va-nu-mau-sac-tuoi-tre-dung-trong-van-phong-nha-tam-sieu-nhe-chat-lieu-nhua-sieu-ben-chong-tron-truot-p276756879.html?spid=276756885,dép xốp sọc đi
276671374,Giày Sandal quai mảnh khóa8F PABNO PN22018,345000.0,345000.0,0.0,0.0,0,49994,,https://tiki.vngiay-sandal-quai-manh-khoa8f-pabno-pn22018-p276671374.html?spid=276671386,giày sandal quai khóa8f pabno
276437578,"Dép chiếu đi trong nhà Hương Quế DCQ-69 thích hợp mang trong nhà, trong văn phòng",40000.0,40000.0,0.0,0.0,0,61212,,https://tiki.vndep-chieu-di-trong-nha-huong-que-dcq-69-thich-hop-mang-trong-nha-trong-van-phong-p276437578.html?spid=276437588,dép chiếu đi nhà
276435922,"Dép chiếu Hương Quế DCQ-65 thích hợp mang trong nhà, trong văn phòng",85000.0,85000.0,0.0,5.0,1,61212,,https://tiki.vndep-chieu-huong-que-dcq-65-thich-hop-mang-trong-nha-trong-van-phong-p276435922.html?spid=276435932,dép chiếu hương quế dcq
276113978,Sandal cao gót sức khỏe nữ Aetrex Finley Cognac - giày cao gót bít mũi đệm da mềm,4595000.0,4595000.0,0.0,0.0,0,302,,https://tiki.vnsandal-cao-got-suc-khoe-nu-aetrex-finley-cognac-giay-cao-got-bit-mui-dem-da-mem-p276113978.html?spid=276113986,sandal cao gót sức khỏe
275837453,Sandal Bitis nữ (35-40),395000.0,395000.0,0.0,0.0,0,174218,,https://tiki.vnsandal-bitis-nu-35-40-p275837453.html?spid=275837455,sandal bitis nữ
275052691,Giày sức khỏe nữ Aetrex Carly Navy - giày thể thao nâng vòm hỗ trợ khớp chân,3995000.0,3995000.0,0.0,0.0,0,302,,https://tiki.vngiay-suc-khoe-nu-aetrex-carly-navy-giay-the-thao-nang-vom-ho-tro-khop-chan-p275052691.html?spid=275052693,giày sức khỏe nữ
252061097,Giày cao gót nữ 6p RO526 ROSATA tại BCASHOP bít mũi phối lưới đẳng cấp và sang trọng - màu vàng,429000.0,429000.0,0.0,0.0,0,307540,,https://tiki.vngiay-cao-got-nu-6p-ro526-rosata-tai-bcashop-bit-mui-phoi-luoi-dang-cap-va-sang-trong-mau-vang-p252061097.html?spid=252061099,giày cao gót nữ p
249967896,Giày Boot Nữ Cổ Thấp Da Bò Thật BIGGBEN Cao 7 phân BON6,599000.0,1100000.0,501000.0,0.0,0,9460,,https://tiki.vngiay-boot-nu-co-thap-da-bo-that-biggben-cao-7-phan-bon6-p249967896.html?spid=249967910,giày boot nữ cổ
200736328,Giày sandal nữ đế xuông cao 9cm da bò thật màu trắng Trường hải SD146 FORM NHỎ HƠN 1 SIZE,319000.0,319000.0,0.0,0.0,0,11395,,https://tiki.vngiay-sandal-nu-de-xuong-cao-9cm-da-bo-that-mau-trang-truong-hai-sd146-p200736328.html?spid=200736338,giày sandal nữ đế xuông
197044015,Giày Sandals Bít mũi Vento OPTIMUS du lịch/trekking SD08003,395000.0,395000.0,0.0,0.0,0,51843,,https://tiki.vngiay-sandal-bit-mui-vento-optimus-du-lich-trekking-sd08003-p197044015.html?spid=273191162,giày sandals bít mũi
194187241,giày mũi nhọn gót bạc đính nơ đá cao cấp ( bảo hành 1 năm - free shipping),440000.0,440000.0,0.0,0.0,0,300310,,https://tiki.vngiay-mui-nhon-got-bac-dinh-no-da-cao-cap-bao-hanh-1-nam-free-shipping-p194187241.html?spid=194187321,giày mũi nhọn gót bạc
194187114,Giày cao gót đính xoàn lấp lánh 9cm,400000.0,400000.0,0.0,0.0,0,300310,,https://tiki.vngiay-cao-got-dinh-xoan-lap-lanh-9cm-p194187114.html?spid=194187286,giày cao gót đính xoàn lấp lánh
194186940,Giày cao gót đính nơ tiêu thư đáng yêu cho các nàng ( giao hỏa tốc - ping - bảo hành 1 năm ),440000.0,440000.0,0.0,0.0,0,300310,,https://tiki.vngiay-cao-got-dinh-no-tieu-thu-dang-yeu-cho-cac-nang-giao-hoa-toc-freeshipping-bao-hanh-1-nam-p194186940.html?spid=194187012,giày cao gót đính nơ
177750603,Giày sandal nữ da bò thật BIGGBEN cao cấp SDN73,349000.0,450000.0,101000.0,4.8,9,9460,,https://tiki.vngiay-sandal-nu-da-bo-that-biggben-cao-cap-sdn73-p177750603.html?spid=177750607,giày sandal nữ da bò
146260183,Dép nữ Quai ngang Thái Lan MONOBO - MONIGA 7.2,154000.0,154000.0,0.0,4.0,3,192753,,https://tiki.vndep-nu-quai-ngang-thai-lan-monobo-moniga-7-2-p146260183.html?spid=146260196,dép nữ quai ngang thái lan
127380264,Giày Sneaker Vải Nữ DINCOX C20 Nữ Tính Sang Trọng Black,376000.0,376000.0,0.0,4.8,4,150940,,https://tiki.vngiay-sneaker-vai-nu-dincox-c20-nu-tinh-sang-trong-black-p127380264.html?spid=197596246,giày sneaker vải nữ
91258729,Dép Đế Xuồng Nữ Da Bò BIGGBEN Cao Cấp DX30,279000.0,400000.0,121000.0,4.8,8,9460,,https://tiki.vndep-de-xuong-nu-da-bo-biggben-cao-cap-dx30-p91258729.html?spid=91258733,dép đế xuồng nữ
91019369,Giày búp bê nữ BIGGBEN da bò cao cấp BB90,339000.0,400000.0,61000.0,4.6,18,9460,,https://tiki.vngiay-bup-be-nu-biggben-da-bo-cao-cap-bb90-p91019369.html?spid=91019427,giày búp bê nữ biggben
91011976,Giày búp bê nữ BIGGBEN da bò cao cấp BB89,339000.0,400000.0,61000.0,5.0,3,9460,,https://tiki.vngiay-bup-be-nu-biggben-da-bo-cao-cap-bb89-p91011976.html?spid=91011978,giày búp bê nữ biggben
41996560,Dép khách sạn Hương Quế DKS-09 làm từ lụa tơ tằm - vải cotton - lớp đế cao su xốp cho đôi chân thơm - mát và khô thoáng,68000.0,68000.0,0.0,4.8,46,61212,,https://tiki.vndep-khach-san-huong-que-dks-09-lam-tu-lua-to-tam-vai-cotton-lop-de-cao-su-xop-cho-doi-chan-thom-mat-va-kho-thoang-p41996560.html?spid=274845939,dép khách sạn hương quế
22968792,Sandal Xuồng Nữ BIGGBEN Cao Cấp SDX10,349000.0,420000.0,71000.0,4.7,63,9460,,https://tiki.vnsandal-xuong-nu-biggben-cao-cap-sdx10-p22968792.html?spid=22968796,sandal xuồng nữ biggben
15405796,Giày Sneakers Nữ SKECHERS BOBS FOR WOMEN - 31363,745000.0,745000.0,0.0,0.0,0,37505,,https://tiki.vngiay-sneakers-nu-skechers-bobs-for-women-31363-p15405796.html?spid=15405802,giày sneakers nữ skechers
12525704,Giày Sandal Nữ BIGGBEN Da Bò Thật SDN19,339000.0,500000.0,161000.0,4.2,5,9460,,https://tiki.vngiay-sandal-nu-biggben-da-bo-that-sdn19-p12525704.html?spid=12525708,giày sandal nữ biggben
12508042,Dép Sabo Nữ BIGGBEN Da Bò Thật SBN13,349000.0,450000.0,101000.0,5.0,1,9460,,https://tiki.vndep-sabo-nu-biggben-da-bo-that-sbn13-p12508042.html?spid=12508052,dép sabo nữ biggben
7959372,"Lót giày Spenco Total Support Original 46-695 nâng vòm bán cứng, hỗ trợ giảm đau mỏi chân, phòng tránh chấn thương thể thao",895000.0,895000.0,0.0,4.7,9,302,,https://tiki.vnlot-giay-giam-dau-moi-chan-dat-tieu-chuan-y-khoa-my-spenco-total-suport-original-46-695-p7959372.html?spid=7959377,lót giày spenco total
278961950,Dép Nữ Da Bò Thật BIGGBEN Cao Cấp DNQN72,299000.0,450000.0,151000.0,0.0,0,9460,,https://tiki.vndep-nu-da-bo-that-biggben-cao-cap-dnqn72-p278961950.html?spid=278961958,dép nữ da bò biggben
278939103,Giày Búp Bê Nữ Da Bò Thật BIGGBEN BB142,339000.0,500000.0,161000.0,0.0,0,9460,,https://tiki.vngiay-bup-be-nu-da-bo-that-biggben-bb142-p278939103.html?spid=278939125,giày búp bê nữ da bò
278903438,"Dép nữ quai chéo xỏ ngón, gót cách điệu ROSATA RO736 - 5p - Nâu, Trắng- BKSTORE",380000.0,380000.0,0.0,0.0,0,44660,,https://tiki.vndep-nu-quai-cheo-xo-ngon-got-cach-dieu-rosata-ro736-5p-nau-trang-bkstore-p278903438.html?spid=278903444,dép nữ quai chéo xỏ
278528743,Dép quai kẹp Biti's nữ (Size 35-39),205000.0,205000.0,0.0,0.0,0,174218,,https://tiki.vndep-quai-kep-biti-s-nu-size-35-39-p278528743.html?spid=278528753,dép quai kẹp biti s
278524627,"Sandal nữ đế xuồng ROSATA RO735 -7p- Đen, Be - BKSTORE",399000.0,399000.0,0.0,0.0,0,44660,,https://tiki.vnsandal-nu-de-xuong-rosata-ro735-7p-den-be-bkstore-p278524627.html?spid=278524641,sandal nữ đế xuồng rosata
278454732,Giày Búp Bê  Mũi Tròn Chun Mềm – PABNO PN12032,365000.0,365000.0,0.0,0.0,0,49994,,https://tiki.vngiay-bup-be-mui-tron-chun-mem-pabno-pn12032-p278454732.html?spid=278454736,giày búp bê mũi tròn
278048265,Dép Cói Đế Xuồng FTW003BRONZE thời trang thiết kế Hity,595000.0,595000.0,0.0,0.0,0,255,,https://tiki.vndep-coi-de-xuong-ftw003bronze-thoi-trang-thiet-ke-hity-p278048265.html?spid=278048274,dép cói đế xuồng ftw003bronze
277623131,Combo Bàn Chải Vệ Sinh Giày Đa Năng Có Ngăn Đựng Xà Phòng kèm Chai xịt khử mùi chống khuẩn giày,59000.0,59000.0,0.0,0.0,0,97441,,https://tiki.vncombo-ba-n-cha-i-ve-sinh-gia-y-da-nang-co-ngan-du-ng-xa-pho-ng-kem-chai-xi-t-khu-mu-i-cho-ng-khua-n-gia-y-p277623131.html?spid=277623132,combo n cha vê sinh
277473586,  Giày cao gót khoét eo 8P PABNO  PN12022,385000.0,385000.0,0.0,0.0,0,49994,,https://tiki.vngiay-cao-got-khoet-eo-8p-pabno-pn12022-p277473586.html?spid=277473592,giày cao gót khoét eo
277420909,Xăng đan nữ đế xuồng 9cm Trường Hải da mềm đế PU siêu nhẹ DX155,339000.0,339000.0,0.0,0.0,0,11395,,https://tiki.vnxang-dan-nu-de-xuong-9cm-truong-hai-da-mem-de-pu-sieu-nhe-dx155-p277420909.html?spid=277420921,xăng đan nữ đế xuồng
277399842,"Giày cao gót nữ quai sau ROSATA RO630 - 5p - Đen, Kem - HÀNG VIỆT NAM - BKSTORE",399000.0,399000.0,0.0,0.0,0,44660,,https://tiki.vngiay-cao-got-nu-quai-sau-rosata-ro630-5p-den-kem-hang-viet-nam-bkstore-p277399842.html?spid=277399889,giày cao gót nữ quai sau
276364408,Giày Cao Gót Nữ Da Bò Thật BIGGBEN Cao 4 Phân GCG16,339000.0,500000.0,161000.0,0.0,0,9460,,https://tiki.vngiay-cao-got-nu-da-bo-that-biggben-cao-4-phan-gcg16-p276364408.html?spid=276364414,giày cao gót nữ da bò
276349516,Giày Búp Bê Nữ Da Bò Thật BIGGBEN Cao 5 Phân BB139,389000.0,500000.0,111000.0,0.0,0,9460,,https://tiki.vngiay-bup-be-nu-da-bo-that-biggben-cao-5-phan-bb138-p276349516.html?spid=276349554,giày búp bê nữ da bò
276113624,"Giày sandal sức khỏe nữ Aetrex Finley Black - Giày cao gót đệm da êm, nhẹ",4595000.0,4595000.0,0.0,0.0,0,302,,https://tiki.vngiay-sandal-suc-khoe-nu-aetrex-finley-black-giay-cao-got-dem-da-em-nhe-p276113624.html?spid=276113634,giày sandal sức khỏe
276113551,"Giày cao gót sức khỏe nữ Aetrex Sara Burgundy - Giày bít gót cao 6p, đế đệm giảm đau chân",3995000.0,3995000.0,0.0,0.0,0,302,,https://tiki.vngiay-cao-got-suc-khoe-nu-aetrex-sara-burgundy-giay-bit-got-cao-6p-de-dem-giam-dau-chan-p276113551.html?spid=276113559,giày cao gót sức khỏe
276098607,Giày Sandal Nữ Da Bò Thật BIGGBEN Cao Cấp SDN109,319000.0,450000.0,131000.0,0.0,0,9460,,https://tiki.vngiay-sandal-nu-da-bo-that-biggben-cao-cap-sdn109-p276098607.html?spid=276098619,giày sandal nữ da bò
275268564,Nẹp bàn chân điều chỉnh dị dạng mắt cá chân Dr.MED DR-A015 Hàn Quốc,430000.0,430000.0,0.0,0.0,0,49224,,https://tiki.vnnep-ban-chan-dieu-chinh-di-dang-mat-ca-chan-dr-med-dr-a015-han-quoc-p275268564.html?spid=275268574,nẹp bàn chân điều chỉnh dị dạng
274212312,"[ẢNH THẬT-FREESHIP] Giày nữ da lì form thể thao, mũi nhọn, đế xuồng ROSATA RO624 - 4p - HÀNG VIỆT NAM - BKSTORE",490000.0,490000.0,0.0,0.0,0,44660,,https://tiki.vnanh-that-freeship-giay-nu-da-li-form-the-thao-mui-nhon-de-xuong-rosata-ro624-4p-hang-viet-nam-bkstore-p274212312.html?spid=274212332,giày nữ da lì form
273682733,Giày sục cao gót nữ mũi nhọn ROSATA RO562 cao 8p - HÀNG VIỆT NAM - BKSTORE,490000.0,490000.0,0.0,0.0,0,44660,,https://tiki.vngiay-suc-cao-got-nu-mui-nhon-rosata-ro562-cao-8p-hang-viet-nam-bkstore-p273682733.html?spid=273682749,giày sục cao gót nữ
273288976,Giày bít da Bitis nữ,399000.0,399000.0,0.0,5.0,1,174218,,https://tiki.vngiay-bit-da-bitis-nu-p273288976.html?spid=273289004,giày bít da bitis
270534627,Giày Thể Thao Thông Dụng Nam Nữ Biti's Basic BSM000600DEN/BSW000600DEN (Đen),350000.0,350000.0,0.0,5.0,9,178519,,https://tiki.vngiay-the-thao-thong-dung-nam-nu-biti-s-basic-bsm000600den-bsw000600den-den-p270534627.html?spid=270534629,giày thể thao thông dụng nam nữ
253170260,Giày Cao Gót Nữ HÀ NAM Da Bò Thật Cao Cấp 5cm GBBN2080,450000.0,450000.0,0.0,0.0,0,93132,,https://tiki.vngiay-cao-got-nu-ha-nam-da-bo-cao-cap-5-phan-gbbn2080-p253170260.html?spid=253170296,giày cao gót nữ hà nam
252584167,Giày nữ Đế Xuồng 4cm Da Bò hở gót Trường Hải có nhiều màu DX120T FORM LỚN HƠN 1 SIZE,285000.0,285000.0,0.0,5.0,2,11395,,https://tiki.vngiay-nu-de-xuong-4cm-da-bo-ho-got-truong-hai-co-nhieu-mau-dx120t-form-lon-hon-1-size-p252584167.html?spid=252584190,giày nữ đế xuồng
252070535,Giày cao gót 7cm da bóng Trường Hải nâu phối kem thời trang công sở CG125NK,279000.0,279000.0,0.0,0.0,0,11395,,https://tiki.vngiay-cao-got-7cm-da-bong-truong-hai-nau-phoi-kem-thoi-trang-cong-so-cg125nk-p252070535.html?spid=252070537,giày cao gót
210274125,Sandal Biti's da mềm nữ,335000.0,335000.0,0.0,0.0,0,174218,,https://tiki.vnsandal-biti-s-da-mem-nu-p210274125.html?spid=210274139,sandal biti s da mềm nữ
194187699,"Giày mũi nhọn trơn đơn giản Sang trọng gót titan, hàng chuẩn cao cấp",370000.0,370000.0,0.0,0.0,0,300310,,https://tiki.vngiay-mui-nhon-tron-don-gian-sang-trong-got-titan-hang-chuan-cao-cap-giao-hoa-toc-bao-hanh-1-nam-freeshipping-p194187699.html?spid=194187709,giày mũi nhọn trơn đơn giản
194187603,"giày cao gót lông vũ hồng neon cá tính ( có bảo hành , free shipping)",460000.0,460000.0,0.0,0.0,0,300310,,https://tiki.vngiay-cao-got-long-vu-hong-neon-ca-tinh-co-bao-hanh-free-shipping-p194187603.html?spid=194187607,giày cao gót lông vũ hồng neon
194187090,Giày cao gót DDế vuông cột dây cá tính ( giao hỏa tốc 2h - free shipping - bảo hành 1 năm),330000.0,330000.0,0.0,0.0,0,300310,,https://tiki.vngiay-cao-got-de-vuong-cot-day-ca-tinh-giao-hoa-toc-2h-free-shipping-bao-hanh-1-nam-p194187090.html?spid=194187363,giày cao gót ddế vuông
155752853,Giày mũi nhọn nữ cao cấp ROSATA ZA05 5p gót vuông - BKSTORE,400000.0,400000.0,0.0,0.0,0,44660,,https://tiki.vngiay-mui-nhon-nu-cao-cap-rosata-za05-5p-got-vuong-hang-viet-nam-bkstore-p155752853.html?spid=155753013,giày mũi nhọn nữ cao cấp
153573532,Giày Sục Đạp Gót Mules Vải Sneaker Unisex Tăng Chiều Cao 4cm DINCOX E10 Black,520000.0,520000.0,0.0,5.0,6,150940,,https://tiki.vngiay-suc-dap-got-mules-vai-sneaker-unisex-tang-chieu-cao-4cm-dincox-e10-black-p153573532.html?spid=153573546,giày sục đạp gót mules
106540389,Giày búp bê nữ da bò BIGGBEN cao cấp BB92,339000.0,350000.0,11000.0,4.8,5,9460,,https://tiki.vngiay-bup-be-nu-da-bo-biggben-cao-cap-bb92-p106540389.html?spid=106540397,giày búp bê nữ da bò
17525061,"Lót gót giày y khoa cho giày công sở, thể thao đệm êm giảm đau gót, gân achilles Spenco Gel Heel Cup",375000.0,375000.0,0.0,0.0,0,302,,https://tiki.vnlot-got-giay-silicon-bao-ve-got-chan-spenco-ironman-heel-cups-42-622-p17525061.html?spid=17525063,lót gót giày y khoa
7373725,Dép Nữ BIGGBEN Da Bò Thật DNQN01,319000.0,350000.0,31000.0,4.3,3,9460,,https://tiki.vndep-nu-biggben-da-bo-that-dnqn01-p7373725.html?spid=7373741,dép nữ biggben da bò
2683363,Giày Boot Nữ Cột Dây Huy Hoàng HT7920 - Đen,1399000.0,1399000.0,0.0,4.0,1,1867,,https://tiki.vngiay-boot-nu-cot-day-huy-hoang-ht7920-den-p2683363.html?spid=2683371,giày boot nữ cột
278607782,Giày Đế Xuồng Nữ BIGGBEN Da Bò Thật Cao 7 Phân SDX77,379000.0,450000.0,71000.0,0.0,0,9460,,https://tiki.vngiay-de-xuong-nu-biggben-da-bo-that-cao-7-phan-sdx77-p278607782.html?spid=278607790,giày đế xuồng nữ
278465463,"Dép nữ mũi nhọn, đính nơ, đế xuồng ROSATA RO729 - 7p - Bạc, Nude - BKSTORE",390000.0,390000.0,0.0,0.0,0,44660,,https://tiki.vndep-nu-mui-nhon-dinh-no-de-xuong-rosata-ro729-7p-bac-nude-bkstore-p278465463.html?spid=278465481,dép nữ mũi nhọn đính
278453901,GIÀY CAO GÓT KHÓA CHỮ C BASIC 7CM PABNO PN12027 | THANH LỊCH – TÔN DÁNG – ÊM CHÂN,385000.0,385000.0,0.0,0.0,0,49994,,https://tiki.vngiay-cao-got-khoa-chu-c-basic-7cm-pabno-pn12027-thanh-lich-ton-dang-em-chan-p278453901.html?spid=278453911,giày cao gót khóa chữ
278127695,Sandal Helio Biti's nữ (35-40),499000.0,499000.0,0.0,0.0,0,174218,,https://tiki.vnsandal-helio-biti-s-nu-35-40-p278127695.html?spid=278127697,sandal helio biti s
278108707,"Dép chiếu đi trong nhà Hương Quế DCQ-82 thích hợp mang trong nhà, trong văn phòng",50000.0,50000.0,0.0,0.0,0,61212,,https://tiki.vndep-chieu-di-trong-nha-huong-que-dcq-82-thich-hop-mang-trong-nha-trong-van-phong-p278108707.html?spid=278108727,dép chiếu đi nhà
278047939,Dép Sandals Cầu Vồng FTW002 thới trang thiết kế Hity,495000.0,495000.0,0.0,0.0,0,255,,https://tiki.vndep-sandals-cau-vong-ftw002-thoi-trang-thiet-ke-hity-p278047939.html?spid=278048245,dép sandals cầu vồng
278017464,Giày sandal da sức khoẻ nữ Aetrex Lily Black,4395000.0,4395000.0,0.0,0.0,0,302,,https://tiki.vngiay-sandal-da-suc-khoe-nu-aetrex-lily-black-p278017464.html?spid=278017468,giày sandal da sức khỏe
277399921,Dép sục cao gót nữ quai ngang phối màu ROSATA RO631 - HÀNG VIỆT NAM - BKSTORE,399000.0,399000.0,0.0,0.0,0,44660,,https://tiki.vndep-suc-cao-got-nu-quai-ngang-phoi-mau-rosata-ro631-hang-viet-nam-bkstore-p277399921.html?spid=277399935,dép sục cao gót nữ quai
277013849,Giày Sandal CG đúp mũi xoàn 12P PABNO PN12023,395000.0,395000.0,0.0,0.0,0,49994,,https://tiki.vngiay-sandal-cg-dup-mui-xoan-12p-pabno-pn12023-p277013849.html?spid=277013855,giày sandal cg đúp
276368107,Giày Đế Xuồng Nữ BIGGBEN Da Bò Thật Cao 5 Phân SDX74,339000.0,500000.0,161000.0,0.0,0,9460,,https://tiki.vngiay-de-xuong-nu-biggben-da-bo-that-cao-5-phan-sdx74-p276368107.html?spid=276368115,giày đế xuồng nữ
276190852,"Dép nữ đi trong nhà, dép nhựa quai ngang đi trong nhà vệ sinh chống trơn trượt Linh Chi Bedding",45300.0,45300.0,0.0,0.0,0,291512,,https://tiki.vndep-nu-di-trong-nha-dep-nhua-quai-ngang-di-trong-nha-ve-sinh-chong-tron-truot-linh-chi-bedding-p276190852.html?spid=276190856,dép nữ đi nhà
275416546,Giày Đế Xuồng Nữ BIGGBEN Da Bò Thật Cao 7 Phân SDX69,369000.0,500000.0,131000.0,0.0,0,9460,,https://tiki.vngiay-de-xuong-nu-biggben-da-bo-that-cao-7-phan-sdx69-p275416546.html?spid=275416548,giày đế xuồng nữ
275010823,"Dép nữ trung niên 3.5cm Trường Hải đính bông 2 màu nâu, đen Đế PU nhẹ DN89",275000.0,275000.0,0.0,0.0,0,11395,,https://tiki.vndep-nu-trung-nien-3-5cm-truong-hai-dinh-bong-2-mau-nau-den-de-pu-nhe-dn89-p275010823.html?spid=275010835,dép nữ trung niên
274974513,"Giày thể thao nữ, giày chạy bộ đế êm nhẹ, thoáng khí đế cao su đúc, chống trơn trượt hạn chế mòn  – GNU2075",520000.0,1040000.0,520000.0,0.0,0,975,,https://tiki.vngiay-the-thao-nu-giay-chay-bo-de-em-nhe-thoang-khi-de-cao-su-duc-chong-tron-truot-han-che-mon-gnu2075-p274974513.html?spid=274974519,giày thể thao nữ giày
274716048,Sandal Bitis trệt nữ (35-40),325000.0,325000.0,0.0,5.0,1,174218,,https://tiki.vnsandal-bitis-tret-nu-35-40-p274716048.html?spid=274716070,sandal bitis trệt nữ
273321705,Giày Đế Xuồng Nữ BIGGBEN Da Bò Thật Cao 7 Phân SDX63,369000.0,500000.0,131000.0,0.0,0,9460,,https://tiki.vngiay-de-xuong-nu-biggben-da-bo-that-cao-7-phan-sdx63-p273321705.html?spid=273321711,giày đế xuồng nữ
272435164,"Xăng đan nữ đế bằng Trường Hải 2 màu đen, hồng thời trang học sinh X145",289000.0,289000.0,0.0,5.0,1,11395,,https://tiki.vnxang-dan-nu-de-bang-truong-hai-2-mau-den-hong-thoi-trang-hoc-sinh-x145-p272435164.html?spid=272435178,xăng đan nữ đế trường
271042204,Giày Đế Xuồng Nữ BIGGBEN Da Bò Thật Cao 9 Phân SDX54,329000.0,450000.0,121000.0,0.0,0,9460,,https://tiki.vngiay-de-xuong-nu-biggben-da-bo-that-cao-9-phan-sdx54-p271042204.html?spid=271042220,giày đế xuồng nữ
270308142,Giày Đế Xuồng Nữ BIGGBEN Da Bò Thật Cao 9 Phân SDX53,319000.0,450000.0,131000.0,5.0,1,9460,,https://tiki.vngiay-de-xuong-nu-biggben-da-bo-that-cao-9-phan-sdx53-p270308142.html?spid=270308148,giày đế xuồng nữ
262404992,Giày Nữ Búp Bê Đế Bệt HÀ NAM Da Bò Thật Thời Trang Cao Cấp 2cm BBN2023,390000.0,390000.0,0.0,0.0,0,93132,,https://tiki.vngiay-bup-be-nu-ha-nam-da-bo-that-cao-cap-1-5cm-bbn2023-p262404992.html?spid=262404996,giày nữ búp bê đế bệt
252584531,Giày lười nữ da bò đế bệt khóa ngang Trường Hải nhiều màu GM123V,285000.0,285000.0,0.0,5.0,1,11395,,https://tiki.vngiay-luoi-nu-da-bo-de-bet-khoa-ngang-truong-hai-nhieu-mau-gm123v-p252584531.html?spid=252584541,giày lười nữ da bò
249991296,Dép Cao Gót Nữ BIGGBEN Da Bò Cao 5 Phân DCG72,329000.0,450000.0,121000.0,5.0,2,9460,,https://tiki.vndep-cao-got-nu-biggben-da-bo-cao-5-phan-dcg72-p249991296.html?spid=249991304,dép cao gót nữ biggben
207735018,Giày Cao Gót Nữ BIGGBEN Da Bò Thật Gót 5 Phân SDCG87,319000.0,450000.0,131000.0,0.0,0,9460,,https://tiki.vngiay-cao-got-nu-biggben-da-bo-that-got-5-phan-sdcg87-p207735018.html?spid=207735042,giày cao gót nữ biggben
205060063,"Giày cao gót nữ da lì cao cấp ROSATA RO441 - 8p - Đen, Đỏ, Kem - HÀNG VIỆT NAM - BKSTORE",550000.0,550000.0,0.0,0.0,0,44660,,https://tiki.vngiay-cao-got-nu-da-li-cao-cap-rosata-ro441-8p-den-do-hang-viet-nam-bkstore-p205060063.html?spid=205060072,giày cao gót nữ da lì
194187568,"giày cao gót dây đan chéo cá tính ( có bảo hành , free shipping)",440000.0,440000.0,0.0,0.0,0,300310,,https://tiki.vngiay-cao-got-day-dan-cheo-ca-tinh-co-bao-hanh-free-shipping-p194187568.html?spid=194187572,giày cao gót dây đan chéo
189289457,Giày Sandal Nữ The Bily 03W Quai Ngang - Màu Đen BL03WD,329000.0,329000.0,0.0,5.0,4,196712,,https://tiki.vngiay-sandal-nu-the-bily-03w-quai-ngang-mau-den-bl03wd-p189289457.html?spid=189289486,giày sandal nữ the
186740219,Giày Cao Gót Da Bò Thật BIGGBEN Gót 7 Phân SDCG78,319000.0,400000.0,81000.0,4.8,5,9460,,https://tiki.vngiay-cao-got-da-bo-that-biggben-got-7-phan-sdcg77-p186740219.html?spid=186740221,giày cao gót da bò biggben gót
186553880,Giày Búp Bê Nữ Da Bò Thật BIGGBEN Cao 5 Phân BB123,339000.0,400000.0,61000.0,4.5,7,9460,,https://tiki.vngiay-bup-be-nu-da-bo-that-biggben-cao-5-phan-bb123-p186553880.html?spid=216935435,giày búp bê nữ da bò
129728357,"HJ7950-51-52 - Giày nữ hoa văn Huy Hoàng da bò màu da, đen, nâu đất",342300.0,489000.0,146700.0,0.0,0,223818,,https://tiki.vnhj7950-51-52-giay-nu-hoa-van-huy-hoang-da-bo-mau-da-den-nau-dat-p129728357.html?spid=129728373,hj7950 51 52 giày
129459126,"HJ7928-29-33-34 - Dép nữ thời trang Huy Hoàng màu đen, đỏ",293300.0,419000.0,125700.0,0.0,0,223818,,https://tiki.vnhj7928-29-33-34-dep-nu-thoi-trang-huy-hoang-mau-den-do-p129459126.html?spid=129459172,hj7928 33 dép nữ
56360487,Dép nữ đế xuồng Trường Hải cao 6.5cm quai dép da bò thật không bong tróc đế cao su không trơn thời trang cao cấp DXN0822,245000.0,245000.0,0.0,4.5,29,11395,,https://tiki.vndep-nu-de-xuong-truong-hai-cao-6-5cm-quai-dep-da-bo-that-khong-bong-troc-de-cao-su-khong-tron-thoi-trang-cao-cap-dxn0822-p56360487.html?spid=56360491,dép nữ đế xuồng trường
50262184,"Giày đế xuồng nữ 3cm Trường Hải  đính nơ xinh da bò mềm mại màu vàng thời trang , đế xuống cao su DX0132",309000.0,309000.0,0.0,5.0,2,11395,,https://tiki.vngiay-de-xuong-nu-3cm-truong-hai-dinh-no-xinh-da-bo-mem-mai-mau-vang-thoi-trang-de-xuong-cao-su-dx0132-p50262184.html?spid=50262186,giày đế xuồng nữ
40344004,Giày nữ đế xuồng da bò cao cấp Trường Hải DX218,309000.0,309000.0,0.0,4.8,15,11395,,https://tiki.vngiay-nu-truong-hai-de-xuong-da-bo-cao-cap-dx218-p40344004.html?spid=40344008,giày nữ đế xuồng da bò
38282457,Dép Xuồng Nữ BIGGBEN Cao Cấp DX15,279000.0,400000.0,121000.0,4.5,11,9460,,https://tiki.vndep-xuong-nu-biggben-da-bo-that-dx15-p38282457.html?spid=38282459,dép xuồng nữ biggben
36980153,Giày Sandal Nữ BIGGBEN Da Bò Thật SDN44 - 38,369000.0,400000.0,31000.0,4.6,37,9460,,https://tiki.vngiay-sandal-nu-biggben-da-bo-that-sdn44-p36980153.html?spid=36980161,giày sandal nữ biggben
12694347,Giày Búp Bê BIGGBEN Da Bò Thật Cao Cấp BB34,339000.0,400000.0,61000.0,0.0,0,9460,,https://tiki.vngiay-bup-be-biggben-da-bo-that-cao-cap-bb34-p12694347.html?spid=12694355,giày búp bê biggben da bò
1991785,Giày Boot Nữ Da Bò Huy Hoàng HT7038 - Nâu (Size,1399000.0,1399000.0,0.0,0.0,0,1867,,https://tiki.vngiay-boot-nu-da-bo-huy-hoang-ht7038-nau-p1991785.html?spid=1992697,giày boot nữ da bò
279093824,Dép cỏ bàng viền trắng Hương Quế – DCQ-99,55000.0,55000.0,0.0,0.0,0,61212,,https://tiki.vndep-co-bang-vien-trang-huong-que-dcq-99-p279093824.html?spid=279105121,dép cỏ bàng viền
278814347,Dép khách sạn Hương Quế - DCQ-92,50000.0,50000.0,0.0,0.0,0,61212,,https://tiki.vndep-khach-san-huong-que-dcq-92-p278814347.html?spid=278814361,dép khách sạn hương quế
278814326,Dép khách sạn Hương Quế - DCQ-91,50000.0,50000.0,0.0,0.0,0,61212,,https://tiki.vndep-khach-san-huong-que-dcq-91-p278814326.html?spid=278814340,dép khách sạn hương quế
278639423,Dép chiếu Hương Quế DCQ-88,50000.0,50000.0,0.0,0.0,0,61212,,https://tiki.vndep-chieu-huong-que-dcq-88-p278639423.html?spid=278639443,dép chiếu hương quế dcq
278465532,"Dép nữ quai ngang xỏ ngón, gót cách điệu ROSATA RO731 - 5p- Nâu, Trắng- BKSTORE",399000.0,399000.0,0.0,0.0,0,44660,,https://tiki.vndep-nu-quai-ngang-xo-ngon-got-cach-dieu-rosata-ro731-5p-nau-trang-bkstore-p278465532.html?spid=278465548,dép nữ quai ngang xỏ
278380118,"Giày quai hậu nữ đế bằng 7cm thời trang da mềm đế Pu nhẹ Trường Hải 2 màu đen , vàng QH145",349000.0,349000.0,0.0,0.0,0,11395,,https://tiki.vngiay-quai-hau-nu-de-bang-7cm-thoi-trang-da-mem-de-pu-nhe-truong-hai-2-mau-den-vang-qh145-p278380118.html?spid=278380128,giày quai hậu nữ đế
278108677,"Dép chiếu đi trong nhà Hương Quế DCQ-81 thích hợp mang trong nhà, trong văn phòng",50000.0,50000.0,0.0,0.0,0,61212,,https://tiki.vndep-chieu-di-trong-nha-huong-que-dcq-81-thich-hop-mang-trong-nha-trong-van-phong-p278108677.html?spid=278108689,dép chiếu đi nhà
277532889,"Giày nữ đế xuồng, mũi nhọn, da bóng ROSATA RO689 - 6p - Đen, Be - BKSTORE",399000.0,399000.0,0.0,0.0,0,44660,,https://tiki.vngiay-nu-de-xuong-mui-nhon-da-bong-rosata-ro689-6p-den-be-bkstore-p277532889.html?spid=277532905,giày nữ đế xuồng mũi nhọn
277532635,"Dép nữ xỏ ngón, đế xuồng mica ROSATA RO681 - 7p - Đen - BKSTORE",399000.0,399000.0,0.0,0.0,0,44660,,https://tiki.vndep-nu-xo-ngon-de-xuong-mica-rosata-ro681-7p-den-bkstore-p277532635.html?spid=277532637,dép nữ xỏ ngón đế
277473555,Giày cao gót nơ khóa 6P PABNO PN12021,395000.0,395000.0,0.0,0.0,0,49994,,https://tiki.vngiay-cao-got-no-khoa-6p-pabno-pn12021-p277473555.html?spid=277473573,giày cao gót nơ khóa
276411749,Sandal Biti's thời trang nữ(35-40),295000.0,295000.0,0.0,0.0,0,174218,,https://tiki.vnsandal-biti-s-thoi-trang-nu-35-40-p276411749.html?spid=276411761,sandal biti s thời trang
275836151,Dép Đế Xuồng Nữ BIGBEN Da Bò Thật Cao 7 Phân DX57,379000.0,500000.0,121000.0,0.0,0,9460,,https://tiki.vndep-de-xuong-nu-bigben-da-bo-that-cao-7-phan-dx57-p275836151.html?spid=275836159,dép đế xuồng nữ
275011345,Giày Cao Gót Da Bò BIGGBEN Cao 5 Phân SDCG127,399000.0,500000.0,101000.0,0.0,0,9460,,https://tiki.vngiay-cao-got-da-bo-biggben-cao-5-phan-sdcg127-p275011345.html?spid=275011349,giày cao gót da bò biggben
275010706,"Dép nữ đế xuồng 7cm Trường Hải trung niên 2 màu đen, kem PU nhẹ DN145",299000.0,299000.0,0.0,0.0,0,11395,,https://tiki.vndep-nu-de-xuong-7cm-truong-hai-trung-nien-2-mau-den-kem-pu-nhe-dn145-p275010706.html?spid=275010724,dép nữ đế xuồng
273702509,"Sandal cao gót nữ cách điệu, da lì ROSATA RO585 - 9p - Nude - HÀNG VIỆT NAM - BKSTORE",490000.0,490000.0,0.0,0.0,0,44660,,https://tiki.vnsandal-cao-got-nu-cach-dieu-da-li-rosata-ro585-9p-nude-hang-viet-nam-bkstore-p273702509.html?spid=273702519,sandal cao gót nữ cách điệu
272444098,"Giày gót vuông 3cm da bóng Trường Hải 3 màu đen,trắng, hồng GV136Đ",299000.0,299000.0,0.0,0.0,0,11395,,https://tiki.vngiay-got-vuong-3cm-da-bong-truong-hai-3-mau-den-trang-hong-gv136d-p272444098.html?spid=272444134,giày gót vuông
271397910,Dép Nữ Da Bò Thật BIGGBEN Cao Cấp DNQN56,299000.0,400000.0,101000.0,0.0,0,9460,,https://tiki.vndep-nu-da-bo-that-biggben-cao-cap-dnqn56-p271397910.html?spid=271397932,dép nữ da bò biggben
257683159,"Sục nữ cao gót 5cm da mềm Đen Trường Hải SCG110Đ CÓ SIZE LỚN có 2 màu đen , bạc",275000.0,275000.0,0.0,0.0,0,11395,,https://tiki.vnsuc-nu-cao-got-5cm-da-mem-den-truong-hai-scg110d-co-size-lon-co-2-mau-den-bac-p257683159.html?spid=257683189,sục nữ cao gót
254083044,Dép Quai Ngang Nữ Cam Xám The Bily 01-BLD01W,299000.0,299000.0,0.0,0.0,0,196712,,https://tiki.vndep-quai-ngang-nu-cam-xam-the-bily-01-bld01w-p254083044.html?spid=254083054,dép quai ngang nữ cam xám
251462728,Dép quai kẹp xốp Biti's nữ đế 7cm,265000.0,265000.0,0.0,5.0,2,174218,,https://tiki.vndep-quai-kep-xop-biti-s-nu-de-7cm-p251462728.html?spid=251462736,dép quai kẹp xốp biti
249935663,Giày Boot Nữ Cổ Thấp Da Bò Thật BIGGBEN Cao 5 phân BON5,599000.0,1000000.0,401000.0,0.0,0,9460,,https://tiki.vngiay-boot-nu-co-thap-da-bo-that-biggben-cao-5-phan-bon5-p249935663.html?spid=249935681,giày boot nữ cổ
203598171,Giày Sandal Nữ Quai Kẹp Đính Đá BIGGBEN Da Bò Thật Cao Cấp SDN89,299000.0,450000.0,151000.0,0.0,0,9460,,https://tiki.vngiay-sandal-nu-quai-kep-dinh-da-biggben-da-bo-that-cao-cap-sdn89-p203598171.html?spid=203598177,giày sandal nữ quai kẹp
195528473,Giày Sandal Nữ Da Bò Thật BIGGBEN Cao Cấp SDN82,299000.0,400000.0,101000.0,0.0,0,9460,,https://tiki.vngiay-sandal-nu-da-bo-that-biggben-cao-cap-sdn82-p195528473.html?spid=195528485,giày sandal nữ da bò
190737358,Giày Búp Bê Nữ Hỡ Mũi Da Bò Thật BIGGBEN Cao 5 Phân BB127,349000.0,400000.0,51000.0,0.0,0,9460,,https://tiki.vngiay-bup-be-nu-ho-mui-da-bo-that-biggben-cao-5-phan-bb127-p190737358.html?spid=190737364,giày búp bê nữ hỡ
187313061,Dép Sục Nữ Da Bò Thật BIGGBEN Cao 5 phân SBN43,329000.0,329000.0,0.0,5.0,3,9460,,https://tiki.vndep-suc-nu-da-bo-that-biggben-cao-5-phan-sbn43-p187313061.html?spid=190791247,dép sục nữ da bò biggben
186630810,Giày Búp Bê Nữ Hỡ Mũi Da Bò Thật BIGGBEN Cao 5 Phân BB126,339000.0,380000.0,41000.0,5.0,2,9460,,https://tiki.vngiay-bup-be-nu-ho-mui-da-bo-that-biggben-cao-5-phan-bb126-p186630810.html?spid=186630836,giày búp bê nữ hỡ
106868938,Giày Búp Bê Nữ Đế Xuồng Da Bò BIGGBEN Cao Cấp BB105,339000.0,400000.0,61000.0,5.0,1,9460,,https://tiki.vngiay-bup-be-nu-de-xuong-da-bo-biggben-cao-cap-bb105-p106868938.html?spid=106868948,giày búp bê nữ đế xuồng
91052315,Giày Cao Gót Nữ Công Sở Da Bò BIGGBEN GCG8,399000.0,500000.0,101000.0,4.6,8,9460,,https://tiki.vngiay-cao-got-nu-cong-so-da-bo-biggben-gcg8-p91052315.html?spid=91052327,giày cao gót nữ công sở
72307216,Dép nữ quai ngang 1 bản da bò đế đúc cao cấp Trường Hải QNN01265,299000.0,299000.0,0.0,0.0,0,11395,,https://tiki.vndep-nu-quai-ngang-1-ban-da-bo-de-duc-cao-cap-truong-hai-qnn01265-p72307216.html?spid=72307218,dép nữ quai ngang
72306825,Dép nữ quai ngang 1 bản da bò đế đúc cao cấp Trường Hải QNN01263,299000.0,299000.0,0.0,5.0,5,11395,,https://tiki.vndep-nu-quai-ngang-1-ban-da-bo-de-duc-cao-cap-truong-hai-qnn01263-p72306825.html?spid=72306835,dép nữ quai ngang
66563614,Giày Sandal Nữ Đế Xuồng BIGGBEN Da Bò Thật SDX21,369000.0,450000.0,81000.0,4.7,23,9460,,https://tiki.vngiay-sandal-nu-de-xuong-biggben-da-bo-that-sdx21-p66563614.html?spid=66563620,giày sandal nữ đế xuồng
59207685,Giày cao gót 7cm Trường Hải gót to da bóng màu nâu thời trang cao cấp CG0411 [ HÌNH ẢNH THẬT,289000.0,289000.0,0.0,0.0,0,11395,,https://tiki.vngiay-cao-got-7cm-truong-hai-got-to-da-bong-mau-nau-thoi-trang-cao-cap-cg0411-hinh-anh-that-p59207685.html?spid=59207687,giày cao gót
58366444,Dép bít mũi nữ Trường Hải đế xuồng cao 4cm da bò thật mềm mại BM177,299000.0,299000.0,0.0,4.5,46,11395,,https://tiki.vndep-bit-mui-nu-truong-hai-de-xuong-cao-4cm-da-bo-that-mem-mai-bm177-p58366444.html?spid=58366454,dép bít mũi nữ
57810166,Giày sandal nữ Trường Hải gót vuông 4cm màu đen đế cao su mềm dẻo chống trơn thời trang cao cấp XDN236,269000.0,269000.0,0.0,5.0,4,11395,,https://tiki.vngiay-sandal-nu-truong-hai-got-vuong-4cm-mau-den-de-cao-su-mem-deo-chong-tron-thoi-trang-cao-cap-xdn236-p57810166.html?spid=57810168,giày sandal nữ trường
54066106,Dép Xỏ Ngón Nữ Da Bò BIGGBEN Cao Cấp DXN27,219000.0,380000.0,161000.0,4.8,15,9460,,https://tiki.vndep-xo-ngon-nu-da-bo-biggben-cao-cap-dxn27-p54066106.html?spid=54066110,dép xỏ ngón nữ
32173380,Miếng lót giày cao gót,39000.0,39000.0,0.0,0.0,0,56711,,https://tiki.vnmieng-lot-giay-cao-got-p32173380.html?spid=42992872,lót giày
8448820,Giày Búp Bê BIGGBEN Da Bò Thật Cao Cấp BB28,339000.0,350000.0,11000.0,4.7,3,9460,,https://tiki.vngiay-bup-be-biggben-da-bo-that-cao-cap-bb28-p8448820.html?spid=8448830,giày búp bê biggben da bò
7986108,Dép Xỏ Ngón Nữ BIGGBEN Da Bò Thật DXN03,350000.0,350000.0,0.0,5.0,2,9460,,https://tiki.vndep-xo-ngon-nu-biggben-da-bo-that-dxn03-p7986108.html?spid=7986118,dép xỏ ngón nữ
2024039,Giày Nữ Búp Bê Da Bò Huy Hoàng HT7913 - Trắng,489000.0,489000.0,0.0,4.8,5,1867,,https://tiki.vngiay-nu-bup-be-da-bo-huy-hoang-ht7913-trang-p2024039.html?spid=2025437,giày nữ búp bê da bò
278940557,Dép quai kẹp nữ (35-39),294000.0,294000.0,0.0,0.0,0,174218,,https://tiki.vndep-quai-kep-nu-35-39-p278940557.html?spid=278940565,dép quai kẹp nữ
278893843,"Dép nữ hở mũi, đế xuồng ROSATA RO709 - 7p - Đen, Trắng - BKSTORE",390000.0,390000.0,0.0,0.0,0,44660,,https://tiki.vndep-nu-ho-mui-de-xuong-rosata-ro709-7p-den-trang-bkstore-p278893843.html?spid=278893851,dép nữ mũi đế
278790067,Sandal Biti's Embrace  nữ (35-40),452000.0,452000.0,0.0,0.0,0,174218,,https://tiki.vnsandal-biti-s-embrace-nu-35-40-p278790067.html?spid=278790071,sandal biti s embrace
278760002,"Sandal nữ đế xuồng, mũi nhọn ROSATA RO708 -7p- Đen - BKSTORE",390000.0,390000.0,0.0,0.0,0,44660,,https://tiki.vnsandal-nu-de-xuong-mui-nhon-rosata-ro708-7p-den-bkstore-p278760002.html?spid=278760014,sandal nữ đế xuồng mũi nhọn
278511013,Dép quai kẹp Biti's nữ đế 3 cm (35-39),189000.0,189000.0,0.0,0.0,0,174218,,https://tiki.vndep-quai-kep-biti-s-nu-de-3-cm-35-39-p278511013.html?spid=278511029,dép quai kẹp biti s
277995787,Giày Sandal Nữ Da Bò Thật BIGGBEN Cao Cấp SDN119,349000.0,500000.0,151000.0,0.0,0,9460,,https://tiki.vngiay-sandal-nu-da-bo-that-biggben-cao-cap-sdn119-p277995787.html?spid=277995789,giày sandal nữ da bò
277329997,Giàyl sức khỏe nữ Aetrex Romy Ginger - sandal đế đệm nâng vòm cho bàn chân bẹt,5275000.0,5275000.0,0.0,0.0,0,302,,https://tiki.vngiayl-suc-khoe-nu-aetrex-romy-ginger-sandal-de-dem-nang-vom-cho-ban-chan-bet-p277329997.html?spid=277330010,giàyl sức khỏe nữ
277013746,Giày nữ gót trụ BASSIC 5p PN22035,345000.0,345000.0,0.0,0.0,0,49994,,https://tiki.vngiay-nu-got-tru-bassic-5p-pn22035-p277013746.html?spid=277013748,giày nữ gót trụ
276349976,Dép Đế Xuồng Nữ BIGBEN Da Bò Thật Cao 7 Phân DX58,379000.0,500000.0,121000.0,0.0,0,9460,,https://tiki.vndep-de-xuong-nu-bigben-da-bo-that-cao-7-phan-dx58-p276349976.html?spid=276349994,dép đế xuồng nữ
275971531, Giày Thể Thao Trẻ Rm Bit Cool Kid DSB135500 -Siêu nhẹ- 21698,305200.0,305200.0,0.0,0.0,0,9711,,https://tiki.vngiay-the-thao-tre-rm-bit-cool-kid-dsb135500-sieu-nhe-21698-p275971531.html?spid=275971580,giày thể thao trẻ rm
275968019,Giày Thể Thao Quai Dệt Cho Bé Gái Bit DSG135500 21701,305456.0,305456.0,0.0,0.0,0,9711,,https://tiki.vngiay-the-thao-quai-det-cho-be-gai-bit-dsg135500-21701-p275968019.html?spid=275968029,giày thể thao quai dệt bé
275778301,Sandal Bitis nữ (size 35-40),295000.0,295000.0,0.0,5.0,1,174218,,https://tiki.vnsandal-bitis-nu-size-35-40-p275778301.html?spid=275778313,sandal bitis nữ
275325535,Dép Cao Gót Nữ BIGGBEN Da Bò Cao 8 Phân DCG100,349000.0,500000.0,151000.0,5.0,1,9460,,https://tiki.vndep-cao-got-nu-biggben-da-bo-cao-8-phan-dcg100-p275325535.html?spid=275325551,dép cao gót nữ biggben
273874431,"Giày nữ cao gót mũi vuông, da lì ROSATA RO625 - 9p - Đen, Trắng - HÀNG VIỆT NAM - BKSTORE",490000.0,490000.0,0.0,0.0,0,44660,,https://tiki.vngiay-nu-cao-got-mui-vuong-da-li-rosata-ro625-9p-den-trang-hang-viet-nam-bkstore-p273874431.html?spid=273874441,giày nữ cao gót mũi
273728512,"Giày cao gót da bóng phối màu ROSATA RO597 cao 8p - Nâu, Đỏ - HÀNG VIỆT NAM - BKSTORE",500000.0,500000.0,0.0,0.0,0,44660,,https://tiki.vngiay-cao-got-da-bong-phoi-mau-rosata-ro597-cao-8p-nau-do-hang-viet-nam-bkstore-p273728512.html?spid=273728530,giày cao gót da bóng phối
273546542,"DÉP LÀO XỎ NGÓN EVA cao cấp siêu bền, siêu nhẹ, chống trơn trượt, Form SIZE LỚN CHÂU ÂU",75000.0,75000.0,0.0,4.8,5,265402,,https://tiki.vndep-lao-xo-ngon-eva-cao-cap-sieu-ben-sieu-nhe-chong-tron-truot-form-size-lon-chau-au-p273546542.html?spid=275241490,dép lào xỏ ngón eva
272426500,"Dép nữ cao gót da bò cao 3.5cm TRường Hải 2 màu đen,kem gót vuông DN135K",205000.0,205000.0,0.0,0.0,0,11395,,https://tiki.vndep-nu-cao-got-da-bo-cao-3-5cm-truong-hai-2-mau-den-kem-got-vuong-dn135k-p272426500.html?spid=272426512,dép nữ cao gót da
270116640,Dép Nữ Quai Ngang Cao Gót Da Bò Thật TiTi ĐÔ Cao Cấp 4cm DNU2176,380000.0,380000.0,0.0,0.0,0,323804,,https://tiki.vndep-nu-quai-ngang-cao-got-3cm-titi-do-da-bo-thoi-trang-cao-cap-dnu2176-p270116640.html?spid=270116680,dép nữ quai ngang cao gót
198641037,Dép Sục Nữ Mũi Nhọn BIGGBEN Da Bò Thật Cao 3 phân SBN47,329000.0,400000.0,71000.0,0.0,0,9460,,https://tiki.vndep-suc-nu-mui-nhon-biggben-da-bo-that-cao-3-phan-sbn46-p198641037.html?spid=198641049,dép sục nữ mũi nhọn biggben
197637839,Giày Đế Xuồng Nữ BIGGBEN Da Bò Thật Đế Cao 5cm SDX42,349000.0,400000.0,51000.0,5.0,1,9460,,https://tiki.vngiay-de-xuong-nu-biggben-da-bo-that-de-cao-5cm-sdx42-p197637839.html?spid=197637870,giày đế xuồng nữ
194187495,Giày mũi nhọn sandal trơn tiểu thư ( giao hỏa tốc - có bảo hành),380000.0,380000.0,0.0,0.0,0,300310,,https://tiki.vngiay-mui-nhon-sandal-tron-tieu-thu-giao-hoa-toc-co-bao-hanh-p194187495.html?spid=194187497,giày mũi nhọn sandal trơn
194187431,giày cao gót đan dây nổi bật ( giao hỏa tốc - free shipping - bảo hành 1 năm),460000.0,460000.0,0.0,0.0,0,300310,,https://tiki.vngiay-cao-got-dan-day-noi-bat-giao-hoa-toc-free-shipping-bao-hanh-1-nam-p194187431.html?spid=194187437,giày cao gót đan dây
194187058,Giày mũi nhọn màu đen phủ Satin lụa đính xoàn gót 9cm sang chảnh ( giao hỏa tốc - free shipping - bảo hành 1 năm ),390000.0,390000.0,0.0,0.0,0,300310,,https://tiki.vngiay-mui-nhon-mau-den-phu-satin-lua-dinh-xoan-got-9cm-sang-chanh-giao-hoa-toc-free-shipping-bao-hanh-1-nam-p194187058.html?spid=194187088,giày mũi nhọn màu đen
194186910,"Giày cao gót đính nơ sang trong 10cm ( có bảo hành , free shipping)",330000.0,330000.0,0.0,5.0,1,300310,,https://tiki.vngiay-cao-got-dinh-no-sang-trong-10cm-co-bao-hanh-free-shipping-p194186910.html?spid=194187002,giày cao gót đính nơ
192134946,Giày Búp Bê Nữ Da Bò Thật BIGGBEN Cao 5 Phân BB128,349000.0,450000.0,101000.0,5.0,10,9460,,https://tiki.vngiay-bup-be-nu-da-bo-that-biggben-cao-5-phan-bb128-p192134946.html?spid=273253266,giày búp bê nữ da bò
177642266,Giày Búp Bê Nữ Da Bò BIGGBEN Cao Cấp BB122,339000.0,350000.0,11000.0,4.7,13,9460,,https://tiki.vngiay-bup-be-nu-da-bo-biggben-cao-cap-bb122-p177642266.html?spid=177642272,giày búp bê nữ da bò
175831016,Giày Mọi Nữ Đế Bệt HÀ NAM Da Bò Thật Cao Cấp GBBN2050,388000.0,388000.0,0.0,4.0,1,93132,,https://tiki.vngiay-moi-nu-da-bo-that-giay-ha-nam-cao-cap-gbbn2050-p175831016.html?spid=175831022,giày nữ đế bệt hà nam
151778357,Giày sandal nữ xỏ ngón da bò thật BIGGBEN cao cấp SDN72,319000.0,400000.0,81000.0,4.8,5,9460,,https://tiki.vngiay-sandal-nu-xo-ngon-da-bo-that-biggben-cao-cap-sdn72-p151778357.html?spid=151778363,giày sandal nữ xỏ
144236060,Dép nữ da bò thật BIGGBEN cao cấp DNQN37,329000.0,400000.0,71000.0,4.8,18,9460,,https://tiki.vndep-nu-da-bo-that-biggben-cao-cap-dnqn37-p144236060.html?spid=144236080,dép nữ da bò biggben
141500349,Giày sandal xuồng nữ da bò BIGGBEN cao cấp SDX33,319000.0,410000.0,91000.0,5.0,4,9460,,https://tiki.vngiay-sandal-xuong-nu-da-bo-biggben-cao-cap-sdx33-p141500349.html?spid=141500359,giày sandal xuồng nữ
120048773,"Giày nữ Huy Hoàng màu đỏ, đen, xanh HT7046-47-50",321300.0,459000.0,137700.0,0.0,0,1867,,https://tiki.vnhp7046-47-50-giay-nu-huy-hoang-mau-do-den-xanh-p120048773.html?spid=120048804,giày nữ huy hoàng màu
67248399,Giày cao gót 7cm Trường Hải gót to da bóng màu nâu thời trang cao cấp CG0412 [ HÌNH ẢNH THẬT,289000.0,289000.0,0.0,4.0,4,11395,,https://tiki.vngiay-cao-got-7cm-truong-hai-got-to-da-bong-mau-nau-thoi-trang-cao-cap-cg0412-hinh-anh-that-p67248399.html?spid=67248407,giày cao gót
55292789,Giày nữ đế xuồng Trường Hải cao 3cm  đính bông chuông da bò thật cao cấp mềm mại đế cao su DX177,238000.0,238000.0,0.0,5.0,1,11395,,https://tiki.vngiay-nu-de-xuong-truong-hai-cao-3cm-dinh-bong-chuong-da-bo-that-cao-cap-mem-mai-de-cao-su-dx177-p55292789.html?spid=55292791,giày nữ đế xuồng trường
2690071,Giày Sabo Nữ Da Bò Huy Hoàng HT7936 - Đen,489000.0,489000.0,0.0,5.0,4,1867,,https://tiki.vngiay-sabo-nu-da-bo-huy-hoang-ht7936-den-p2690071.html?spid=2690079,giày sabo nữ da bò
1998815,Giày Sandal Nữ Cao Gót Huy Hoàng HT7061 - Đen (Size,469000.0,469000.0,0.0,4.7,3,1867,,https://tiki.vngiay-sandal-nu-cao-got-huy-hoang-ht7061-den-p1998815.html?spid=2006761,giày sandal nữ cao gót
1991923,Giày Sandal Nữ Cao Gót Huy Hoàng HT7053 - Xanh (Size,469000.0,469000.0,0.0,5.0,3,1867,,https://tiki.vngiay-sandal-nu-cao-got-huy-hoang-ht7053-xanh-p1991923.html?spid=1992995,giày sandal nữ cao gót
882766,Lót Giày Tăng Chiều Cao 1 Lớp Không Khí Nguyên Bàn Winwinshop88 (3 cm) - Đen,59000.0,59000.0,0.0,5.0,2,56711,,https://tiki.vnlot-giay-tang-chieu-cao-1-lop-khong-khi-nguyen-ban-winwinshop88-3-cm-den-p882766.html?spid=55387788,lót giày tăng chiều
278851037,GIÀY CAO GÓT NỮ BITI’S (size 35-39),520000.0,520000.0,0.0,0.0,0,174218,,https://tiki.vngiay-cao-got-nu-biti-s-size-35-39-p278851037.html?spid=278851049,giày cao gót nữ biti
278844833,Dép nhựa Biti's nữ  (35-39),105000.0,105000.0,0.0,0.0,0,174218,,https://tiki.vndep-nhua-biti-s-nu-35-39-p278844833.html?spid=278844835,dép nhựa biti s nữ
278673129,"Dép nữ xỏ ngón, quai xuôi, đế xuồng ROSATA RO737 - 7p - Đen - BKSTORE",380000.0,380000.0,0.0,0.0,0,44660,,https://tiki.vndep-nu-xo-ngon-quai-xuoi-de-xuong-rosata-ro737-7p-den-bkstore-p278673129.html?spid=278673141,dép nữ xỏ ngón quai
278515160,Dép quai ngang Biti's nữ ( 35-40),315000.0,315000.0,0.0,0.0,0,174218,,https://tiki.vndep-quai-ngang-biti-s-nu-35-40-p278515160.html?spid=278515162,dép quai ngang biti
277452213,Dép cao gót nữ quai ngang ROSATA RO669 - 4p - HÀNG VIỆT NAM - BKSTORE,380000.0,380000.0,0.0,0.0,0,44660,,https://tiki.vndep-cao-got-nu-quai-ngang-rosata-ro669-4p-hang-viet-nam-bkstore-p277452213.html?spid=277452221,dép cao gót nữ quai ngang
277451869,"Giày nữ cao gót mũi nhọn, da lì ROSATA RO667 -8p- Đen - HÀNG VIỆT NAM - BKSTORE",400000.0,400000.0,0.0,0.0,0,44660,,https://tiki.vngiay-nu-cao-got-mui-nhon-da-li-rosata-ro667-8p-den-hang-viet-nam-bkstore-p277451869.html?spid=277451918,giày nữ cao gót mũi nhọn
277416325,"Sandal nữ quai ngang đính nơ, gót trụ ROSATA RO660 cao 8p - Be, Đen - BKSTORE",450000.0,450000.0,0.0,0.0,0,44660,,https://tiki.vnsandal-nu-quai-ngang-dinh-no-got-tru-rosata-ro660-cao-8p-be-den-bkstore-p277416325.html?spid=277416333,sandal nữ quai ngang đính nơ
277361819,Dép Eva Phun Nữ Biti's E-Soft BEW001100TRG (Trắng),295000.0,295000.0,0.0,0.0,0,178519,,https://tiki.vndep-eva-phun-nu-biti-s-e-soft-bew001100trg-trang-p277361819.html?spid=277361831,dép eva phun nữ
277226997,"Dép chiếu đi trong nhà Hương Quế DCQ-78 thích hợp mang trong nhà, trong văn phòng",95000.0,95000.0,0.0,5.0,1,61212,,https://tiki.vndep-chieu-di-trong-nha-huong-que-dcq-78-thich-hop-mang-trong-nha-trong-van-phong-p277226997.html?spid=277227001,dép chiếu đi nhà
276946101,"Cặp lót giày cao gót mũi nhọn giảm size cho giày bị rộng, thoáng khí và êm chân MÀU ĐEN",80000.0,80000.0,0.0,5.0,1,353491,,https://tiki.vnmieng-lot-giam-size-cho-giay-bi-rong-cao-cap-mau-den-mieng-lot-giay-cao-got-mui-nhon-cho-giay-bi-rong-cao-cap-vai-thoang-khi-va-em-chan-p276946101.html?spid=276946102,lót giày cao gót mũi nhọn
276830069,"Combo 2 miếng lót gót chân cao su mềm cho nam và nữ ,bảo vệ gót chân ,cổ chân ,chống nứt gót , khi mang giày , thể thao ,thoáng khí ",65550.0,69000.0,3450.0,0.0,0,274962,,https://tiki.vncombo-2-mieng-lot-got-chan-cao-su-mem-cho-nam-va-nu-bao-ve-got-chan-co-chan-chong-nut-got-khi-mang-giay-the-thao-thoang-khi-p276830069.html?spid=276830070,combo
276817764,"Dép xốp sọc đi trong nhà , trong văn phòng, nhà tắm ,  chống trơn trượt ,chống thấm nước , êm nhẹ ,mang lại cảm giác thoải mái cho người sử dụng",75050.0,79000.0,3950.0,0.0,0,274962,,https://tiki.vndep-xop-soc-di-trong-nha-trong-van-phong-nha-tam-chong-tron-truot-chong-tham-nuoc-em-nhe-mang-lai-cam-giac-thoai-mai-cho-nguoi-su-dung-p276817764.html?spid=276817770,dép xốp sọc đi
276671055,Giày cao gót BASSIC 8P PABNO PN22014,365000.0,365000.0,0.0,5.0,1,49994,,https://tiki.vngiay-cao-got-bassic-8p-pabno-pn22014-p276671055.html?spid=276671067,giày cao gót bassic p
276316071,"Lót giày tăng chiều cao tăng 5cm chất liệu Đệm Khí êm chân, thoáng khí Nguyên Bàn - Đen",150000.0,150000.0,0.0,0.0,0,353491,,https://tiki.vnlot-giay-tang-chieu-cao-tang-5cm-chat-lieu-dem-khi-em-chan-thoang-khi-nguyen-ban-den-p276316071.html?spid=276316072,lót giày tăng chiều
276259222,Giày Mocasin Nam Biti's BMM001177NAD (Nâu đậm),668000.0,668000.0,0.0,0.0,0,178519,,https://tiki.vngiay-mocasin-nam-biti-s-bmm001177nad-nau-dam-p276259222.html?spid=276259224,giày mocasin nam biti
276190857,"Dép nữ xixitiao mềm nhẹ giá rẻ, dép đi trong nhà phong cách dễ thương mẫu mới Linh Chi Bedding",43600.0,43600.0,0.0,0.0,0,291512,,https://tiki.vndep-nu-xixitiao-mem-nhe-gia-re-dep-di-trong-nha-phong-cach-de-thuong-mau-moi-linh-chi-bedding-p276190857.html?spid=276190859,dép nữ xixitiao mềm
276098515,Giày Sandal Nữ Da Bò Thật BIGGBEN Cao Cấp SDN107,319000.0,450000.0,131000.0,0.0,0,9460,,https://tiki.vngiay-sandal-nu-da-bo-that-biggben-cao-cap-sdn107-p276098515.html?spid=276098521,giày sandal nữ da bò
275834780,Giày thể thao Bitis Embace nữ (35-40),549000.0,549000.0,0.0,5.0,1,174218,,https://tiki.vngiay-the-thao-bitis-embace-nu-35-40-p275834780.html?spid=275834783,giày thể thao bitis embace
275234253,"Giày thể thao nữ, giày phong cách cá tính, thoáng khí, đế cao su đúc, chống trơn trượt hạn chế mòn - GNU2026A",430000.0,860000.0,430000.0,0.0,0,975,,https://tiki.vngiay-the-thao-nu-giay-phong-cach-ca-tinh-thoang-khi-de-cao-su-duc-chong-tron-truot-han-che-mon-gnu2026a-p275234253.html?spid=275234257,giày thể thao nữ giày
274999068,"Dép Cao Gót Nữ BIGGBEN Da Bò Cao 3,5 Phân DCG97",329000.0,450000.0,121000.0,0.0,0,9460,,https://tiki.vndep-cao-got-nu-biggben-da-bo-cao-3-5-phan-dcg97-p274999068.html?spid=274999110,dép cao gót nữ biggben
273320630,Giày Sandal Nữ Da Bò Thật BIGGBEN Cao Cấp SDN100,319000.0,450000.0,131000.0,5.0,1,9460,,https://tiki.vngiay-sandal-nu-da-bo-that-biggben-cao-cap-sdn100-p273320630.html?spid=273320638,giày sandal nữ da bò
273025610,Dép Nữ Da Bò Thật BIGGBEN Cao Cấp DNQN59,339000.0,400000.0,61000.0,5.0,1,9460,,https://tiki.vndep-nu-da-bo-that-biggben-cao-cap-dnqn59-p273025610.html?spid=273025630,dép nữ da bò biggben
262427271,Dép Cao Gót Nữ BIGGBEN Da Bò Cao 4 Phân DCG75,319000.0,400000.0,81000.0,5.0,1,9460,,https://tiki.vndep-cao-got-nu-biggben-da-bo-cao-4-phan-dcg75-p262427271.html?spid=262427291,dép cao gót nữ biggben
262059364,Giày lười nữ da bò thật BIGGBEN cao cấp BB131,369000.0,450000.0,81000.0,0.0,0,9460,,https://tiki.vngiay-luoi-nu-da-bo-that-biggben-cao-cap-bb131-p262059364.html?spid=262059390,giày lười nữ da bò
208324988,"Giày bốt nữ cổ ngắn cao gót 7 phân RO307 ROSATA dây kéo nằm má trong, thêu hoạ tiết tinh tế má ngoài - màu đen",649000.0,649000.0,0.0,5.0,1,307540,,https://tiki.vngiay-bot-nu-co-ngan-cao-got-7-phan-ro307-rosata-day-keo-nam-ma-trong-theu-hoa-tiet-tinh-te-ma-ngoai-mau-den-p208324988.html?spid=208324992,giày bốt nữ cổ ngắn
194186845,"Giày cao gót Avoca mũi nhọn dây chuỗi sang trọng 9cm ( có bảo hành , free shipping , giao hỏa tốc)",440000.0,440000.0,0.0,0.0,0,300310,,https://tiki.vngiay-cao-got-avoca-mui-nhon-day-chuoi-sang-trong-9cm-co-bao-hanh-free-shipping-giao-hoa-toc-p194186845.html?spid=194186893,giày cao gót avoca mũi nhọn
188410416,Dép quai kẹp Bitis nữ đế 5cm,245000.0,245000.0,0.0,5.0,2,174218,,https://tiki.vndep-quai-kep-bitis-nu-de-5cm-p188410416.html?spid=188410434,dép quai kẹp bitis nữ đế
150862758,Dép Eva Phun Nữ Biti's DEW007900XNH (Xanh Nhớt),104000.0,104000.0,0.0,4.8,16,178519,,https://tiki.vndep-eva-phun-nu-biti-s-dew007900xnh-xanh-nhot-p150862758.html?spid=150862766,dép eva phun nữ
133235260,Giày Nhựa đi mưa Thái Lan Monobo Berry (đế cao 5cm),290000.0,290000.0,0.0,4.7,3,192753,,https://tiki.vngiay-nhua-di-mua-thai-lan-monobo-berry-de-cao-5cm-p133235260.html?spid=133235285,giày nhựa đi mưa thái lan
124182932,Dép Nữ Da Bò BIGGBEN Cao Cấp DNQN36,249000.0,450000.0,201000.0,5.0,1,9460,,https://tiki.vndep-nu-da-bo-biggben-cao-cap-dnqn36-p124182932.html?spid=124182934,dép nữ da bò biggben
124177049,Giày Búp Bê Nữ Da Bò BIGGBEN Cao Cấp BB111,339000.0,400000.0,61000.0,4.8,5,9460,,https://tiki.vngiay-bup-be-nu-da-bo-biggben-cao-cap-bb111-p124177049.html?spid=124177059,giày búp bê nữ da bò
115711099,Fasmono_ Giày cao gót phối nơ_ F013108,490000.0,490000.0,0.0,0.0,0,21245,,https://tiki.vnfasmono_-giay-cao-got-phoi-no_-f013108-p115711099.html?spid=115711134,fasmono_ giày cao gót phối
106598640,Giày búp bê nữ BIGGBEN da bò cao cấp BB97,339000.0,380000.0,41000.0,5.0,1,9460,,https://tiki.vngiay-bup-be-nu-biggben-da-bo-cao-cap-bb97-p106598640.html?spid=106598650,giày búp bê nữ biggben
88979578,"[Ảnh Thật] Dép Quai Ngang, Dép Đi Trong Nhà, Ngoài Trời Họa Tiết Cá Sấu Siêu Dễ Thương, Logo Nổi. Form Nhỏ Các Bạn Đặt Tăng 1 Size Nha Mã DP19",69000.0,69000.0,0.0,4.7,330,144221,,https://tiki.vnanh-that-dep-quai-ngang-dep-di-trong-nha-ngoai-troi-hoa-tiet-ca-sau-sieu-de-thuong-logo-noi-form-nho-cac-ban-dat-tang-1-size-nha-ma-dp19-p88979578.html?spid=88979620,dép quai ngang dép
55120294,Combo 5 cặp vớ bọc gót chân silicone chống nứt nẻ chống bong tróc da và giúp làm hồng gót sen - buybox - BBPK68_5,84500.0,84500.0,0.0,5.0,5,56711,,https://tiki.vncombo-5-cap-vo-boc-got-chan-silicone-chong-nut-ne-chong-bong-troc-da-va-giup-lam-hong-got-sen-buybox-bbpk68_5-p55120294.html?spid=85084686,combo cặp vớ bọc gót
52228079,Giày Sandal Nữ BIGGBEN Da Bò Thật SDN51,319000.0,400000.0,81000.0,5.0,2,9460,,https://tiki.vngiay-sandal-nu-biggben-da-bo-that-sdn51-p52228079.html?spid=52228085,giày sandal nữ biggben
7375077,Dép Nữ BIGGBEN Da Bò Thật DNQN03,319000.0,350000.0,31000.0,5.0,5,9460,,https://tiki.vndep-nu-biggben-da-bo-that-dnqn03-p7375077.html?spid=7375081,dép nữ biggben da bò
2600431,"Chai xịt khử mùi giày dép, mũ bảo hiểm 120ml Hando",29000.0,29000.0,0.0,3.0,3,7976,,https://tiki.vnchai-xit-khu-mui-giay-dep-mu-bao-hiem-120ml-hando-p2600431.html?spid=3908891,chai xịt khử mùi
278095912,Giày Slingback Bóng Trơn 7P PABNO PN12029,385000.0,385000.0,0.0,0.0,0,49994,,https://tiki.vngiay-slingback-bong-tron-7p-pabno-pn12029-p278095912.html?spid=278095922,giày slingback bóng trơn
277532926,"Boots thời trang nữ cổ thấp ROSATA RO690 -8F- Đen,Nude -HÀNG VIỆT NAM-BKSTORE",500000.0,500000.0,0.0,0.0,0,44660,,https://tiki.vnboots-thoi-trang-nu-co-thap-rosata-ro690-8f-den-nude-hang-viet-nam-bkstore-p277532926.html?spid=277532938,boots thời trang nữ cổ
277532854,"Boots thời trang nữ cổ thấp ROSATA RO688 -7F- Đen,Nude -HÀNG VIỆT NAM-BKSTORE",500000.0,500000.0,0.0,0.0,0,44660,,https://tiki.vnboots-thoi-trang-nu-co-thap-rosata-ro688-7f-den-nude-hang-viet-nam-bkstore-p277532854.html?spid=277532870,boots thời trang nữ cổ
277033939,Giày Sandal Nữ WMNS NIKE Tanjun Sandal 882694-602 - Hàng chính hãng,1299000.0,1299000.0,0.0,0.0,0,6767,,https://tiki.vngiay-sandal-nu-wmns-nike-tanjun-sandal-882694-602-hang-chinh-hang-p277033939.html?spid=277033941,giày sandal nữ wmns
276886390,"COMBO 2 Cặp lót giày chống tuột gót, chống trầy gót cực êm chân 1 CẶP KEM + 1 CẶP ĐEN",90000.0,90000.0,0.0,0.0,0,353491,,https://tiki.vncap-lot-giay-chong-tuot-got-chong-tray-got-cuc-em-chan-gel-trong-suot-van-phong-p276886390.html?spid=276886391,combo cặp lót giày
276848297,"Giấy vệ sinh  giày thể thao cho nam và nữ ,  bịch 30 tờ ,tiện lợi siêu sạch vệ sinh giày nhỏ gọn dễ dàng mang theo ",75050.0,79000.0,3950.0,0.0,0,270031,,https://tiki.vngiay-ve-sinh-giay-the-thao-cho-nam-va-nu-bich-30-to-tien-loi-sieu-sach-ve-sinh-giay-nho-gon-de-dang-mang-theo-p276848297.html?spid=276848298,giấy vệ sinh giày thể thao
276779502,"Dép bánh mì nam nữ , răng cưa vân nhám siêu xinh tôn dáng 4cm",103550.0,109000.0,5450.0,0.0,0,270031,,https://tiki.vndep-bong-ni-di-trong-nha-dep-con-heo-vai-bong-mem-min-chong-tron-truot-p276779502.html?spid=276779506,dép bánh mì nam nữ răng cưa
276718114,Giày thể thao Biti's Hunter nữ (35-39)1259k,1259000.0,1259000.0,0.0,0.0,0,174218,,https://tiki.vngiay-the-thao-biti-s-hunter-nu-35-39-1259k-p276718114.html?spid=276718122,giày thể thao biti s
276685487,Túi Đựng Giày Đa Năng Vải Không Dệt Có Dây Rút Du Lịch Bảo Quản Giày Dép Chống Bụi Bẩn Ố Vàng,4000.0,4000.0,0.0,2.0,1,167037,,https://tiki.vntui-dung-giay-da-nang-vai-khong-det-co-day-rut-du-lich-bao-quan-giay-dep-chong-bui-ban-o-vang-p276685487.html?spid=276685489,túi đựng giày đa năng
276670235,Giày sandal quai ngang 1F PN15018,285000.0,285000.0,0.0,0.0,0,49994,,https://tiki.vngiay-sandal-quai-ngang-1f-pn15018-p276670235.html?spid=276670576,giày sandal quai ngang f
276646848,"Giày mũi nhọn nữ cao gót 8 phân RO667 ROSATA tại BCASHOP thiết kế tinh tế, sang trọng và duyên dáng",399000.0,399000.0,0.0,0.0,0,307540,,https://tiki.vngiay-mui-nhon-nu-cao-got-8-phan-ro667-rosata-tai-bcashop-thiet-ke-tinh-te-sang-trong-va-duyen-dang-p276646848.html?spid=276646860,giày mũi nhọn nữ cao gót
276240451,"Túi 12 miếng Miếng Dán Khử Mùi, Làm Thơm Giày Tất, Chống Hôi Chân, Khử Mùi Diệt Vi Khuẩn hương chanh thơm mát Bộ Cặp Lót Giày Bảo Vệ Gót Êm Chân Cao Cấp Thoáng Khí",100000.0,100000.0,0.0,0.0,0,353491,,https://tiki.vntui-12-mieng-mieng-dan-khu-mui-lam-thom-giay-tat-chong-hoi-chan-khu-mui-diet-vi-khuan-huong-chanh-thom-mat-bo-cap-lot-giay-bao-ve-got-em-chan-cao-cap-thoang-khi-p276240451.html?spid=276240452,túi
276113198,"Dép nữ thời trang đế bằng 4cm Trường Hải 2 màu đen,xám DN155",339000.0,339000.0,0.0,1.0,1,11395,,https://tiki.vndep-nu-thoi-trang-de-bang-4cm-truong-hai-2-mau-den-xam-dn155-p276113198.html?spid=276113228,dép nữ thời trang đế
275853364,Giày Sandal Nữ Da Bò Thật BIGGBEN Cao Cấp SDN105,319000.0,500000.0,181000.0,0.0,0,9460,,https://tiki.vngiay-sandal-nu-da-bo-that-biggben-cao-cap-sdn104-p275853364.html?spid=275853468,giày sandal nữ da bò
275827322,Dép Nữ Da Bò Thật BIGGBEN Cao Cấp DNQN62,319000.0,450000.0,131000.0,0.0,0,9460,,https://tiki.vndep-nu-da-bo-that-biggben-cao-cap-dnqn62-p275827322.html?spid=275827380,dép nữ da bò biggben
274999253,"Dép Cao Gót Nữ BIGGBEN Da Bò Cao 3,5 Phân DCG98",329000.0,450000.0,121000.0,0.0,0,9460,,https://tiki.vndep-cao-got-nu-biggben-da-bo-cao-3-5-phan-dcg98-p274999253.html?spid=274999273,dép cao gót nữ biggben
274769964,"Giày lười sức khỏe nữ Spenco Siesta Tan - giày sục cho chân vòm thấp, vòm trung bình giảm đau chân",2695000.0,2695000.0,0.0,0.0,0,302,,https://tiki.vngiay-suc-khoe-nu-spenco-siesta-tan-giay-bit-mui-cho-bang-chan-vom-thap-vom-trung-binh-giam-dau-chan-p274769964.html?spid=279155297,giày lười sức khỏe
274357872,Bốt nữ đế xuồng 4p RO623 ROSATA tại BCASHOP mũi vuông sành điệu kết hợp huy hiệu thời trang cực đẹp nhé,489000.0,489000.0,0.0,5.0,1,307540,,https://tiki.vnbot-nu-de-xuong-4p-ro623-rosata-tai-bcashop-mau-den-mui-vuong-sanh-dieu-ket-hop-huy-hieu-thoi-trang-cuc-dep-nhe-p274357872.html?spid=274357884,bốt nữ đế xuồng p
273289449,"Dép Đế Xuồng Nữ BIGBEN Da Bò Thật Cao 4,5 Phân DX52",339000.0,400000.0,61000.0,0.0,0,9460,,https://tiki.vndep-de-xuong-nu-bigben-da-bo-that-cao-4-5-phan-dx52-p273289449.html?spid=273289487,dép đế xuồng nữ
270305964,Dép Sục Nữ Da Bò Thật BIGGBEN Cao 3 phân SBN51,349000.0,450000.0,101000.0,0.0,0,9460,,https://tiki.vndep-suc-nu-da-bo-that-biggben-cao-3-phan-sbn51-p270305964.html?spid=270305966,dép sục nữ da bò biggben
252911536,Chai Xịt Tạo Bọt Vệ Sinh Giày XIMO Cao Cấp 300ml,69000.0,69000.0,0.0,4.0,1,1028,,https://tiki.vnchai-xit-tao-bot-ve-sinh-giay-ximo-cao-cap-300ml-p252911536.html?spid=252911537,chai xịt tạo bọt
247667551,OLV - Giày Rina Cylinder Heels,420000.0,420000.0,0.0,0.0,0,147431,,https://tiki.vnolv-giay-rina-cylinder-heels-p247667551.html?spid=247667559,olv giày rina cylinder
203478154,Giày Sandal Nữ Da Bò Thật BIGGBEN Cao Cấp SDN87,349000.0,400000.0,51000.0,5.0,2,9460,,https://tiki.vngiay-sandal-nu-da-bo-that-biggben-cao-cap-sdn87-p203478154.html?spid=203478166,giày sandal nữ da bò
194187463,giày cao gót basic cá tính cao 10 cm ( bảo hành 1 năm - free shipping),400000.0,400000.0,0.0,0.0,0,300310,,https://tiki.vngiay-cao-got-basic-ca-tinh-cao-10-cm-bao-hanh-1-nam-free-shipping-p194187463.html?spid=194187473,giày cao gót basic cá tính
194186822,Giày cao gót màu bạc đáng yêu mũi nhọn đính bướm lấp lánh ( giao hỏa tốc - ping - bảo hành 1 năm),390000.0,390000.0,0.0,0.0,0,300310,,https://tiki.vngiay-cao-got-mau-bac-dang-yeu-mui-nhon-dinh-buom-lap-lanh-giao-hoa-toc-freeshipping-bao-hanh-1-nam-p194186822.html?spid=194186825,giày cao gót màu bạc
153515458,Dép chiếu mang trong nhà Hương Quế,68000.0,68000.0,0.0,4.8,5,61212,,https://tiki.vndep-chieu-mang-trong-nha-huong-que-p153515458.html?spid=153515460,dép chiếu mang nhà
147588439,Giày búp bê nữ BIGGBEN da bò cao cấp BB117,450000.0,450000.0,0.0,4.8,4,9460,,https://tiki.vngiay-bup-be-nu-biggben-da-bo-cao-cap-bb117-p147588439.html?spid=147588451,giày búp bê nữ biggben
109853076,GIÀY SKECHERS CHUYÊN THỜI TRANG CHO NỮ STAMINA V2-149510-WLM,1791000.0,1791000.0,0.0,0.0,0,37505,,https://tiki.vngiay-skechers-chuyen-thoi-trang-cho-nu-stamina-v2-149510-wlm-p109853076.html?spid=109853078,giày skechers chuyên thời trang
108563064,Giày Sandal Cao Gót Da Bò BIGGBEN SDCG68,319000.0,350000.0,31000.0,4.8,9,9460,,https://tiki.vngiay-sandal-cao-got-da-bo-biggben-sdcg68-p108563064.html?spid=108563070,giày sandal cao gót da
108392260,Dép Sục Nữ Da Bò BIGGBEN Cao Cấp SBN40,329000.0,450000.0,121000.0,4.8,8,9460,,https://tiki.vndep-suc-nu-da-bo-biggben-cao-cap-sbn40-p108392260.html?spid=108392267,dép sục nữ da bò biggben
90110372,Giày sức khỏe nữ Aetrex Carly Grey - Giày thể thao dạng xỏ đệm êm giảm đau gót,3995000.0,3995000.0,0.0,0.0,0,302,,https://tiki.vngiay-suc-khoe-nu-aetrex-carly-grey-p90110372.html?spid=90110374,giày sức khỏe nữ
66494165,Dép Nữ Cao Gót BIGGBEN Cao Cấp DCG39,350000.0,350000.0,0.0,4.5,26,9460,,https://tiki.vndep-nu-cao-got-biggben-cao-cap-dcg39-p66494165.html?spid=66494169,dép nữ cao gót biggben
59210030,Giày Sandal Nữ BIGGBEN Da Bò Thật SDN56,299000.0,400000.0,101000.0,4.8,41,9460,,https://tiki.vngiay-sandal-nu-biggben-da-bo-that-sdn56-p59210030.html?spid=59210040,giày sandal nữ biggben
59207398,Giày Sandal Cao Gót Nữ BIGGBEN Cao Cấp SDCG50,339000.0,400000.0,61000.0,4.0,3,9460,,https://tiki.vngiay-sandal-cao-got-nu-biggben-cao-cap-sdcg50-p59207398.html?spid=59207402,giày sandal cao gót nữ
52275051,Giày Sandal Cao Gót BIGGBEN Da Bò Thật SDCG43,329000.0,420000.0,91000.0,4.5,10,9460,,https://tiki.vngiay-sandal-cao-got-biggben-da-bo-that-sdcg43-p52275051.html?spid=52275061,giày sandal cao gót biggben
52250860,Dép Nữ Đế Xuồng BIGGBEN Da Bò Thật DX22,329000.0,400000.0,71000.0,4.5,9,9460,,https://tiki.vndep-nu-de-xuong-biggben-da-bo-that-dx22-p52250860.html?spid=52250866,dép nữ đế xuồng biggben
52250487,Dép Nữ Đế Xuồng BIGGBEN Da Bò Thật DX21,329000.0,400000.0,71000.0,4.6,10,9460,,https://tiki.vndep-nu-de-xuong-biggben-da-bo-that-dx21-p52250487.html?spid=52250491,dép nữ đế xuồng biggben
12530748,Giày Sandal Nữ BIGGBEN Da Bò Thật SDN20,319000.0,400000.0,81000.0,4.3,15,9460,,https://tiki.vngiay-sandal-nu-biggben-da-bo-that-sdn20-p12530748.html?spid=12530756,giày sandal nữ biggben
886706,Lót Giày Tăng Chiều Cao Không Khí Nửa Bàn 2 Lớp Winwinshop88 (5cm) - Đen,38599.0,38599.0,0.0,5.0,4,12619,,https://tiki.vnlot-giay-tang-chieu-cao-khong-khi-nua-ban-2-lop-winwinshop88-5cm-den-p886706.html?spid=44091393,lót giày tăng chiều
278112756,Giày Gót Trụ Slingback 5P PABNO PN40112,385000.0,385000.0,0.0,0.0,0,49994,,https://tiki.vngiay-got-tru-slingback-5p-pabno-pn40112-p278112756.html?spid=278112760,giày gót trụ slingback
278111758,DÉP NỮ 2 QUAI 5CM PABNO PN22021,335000.0,335000.0,0.0,0.0,0,49994,,https://tiki.vndep-nu-2-quai-5cm-pabno-pn22021-p278111758.html?spid=278111770,dép nữ quai
277983348,Giày Cao Gót Nữ Da Bò Thật BIGGBEN Cao 5 Phân GCG19,449999.0,600000.0,150001.0,0.0,0,9460,,https://tiki.vngiay-cao-got-nu-da-bo-that-biggben-cao-5-phan-gcg19-p277983348.html?spid=277983358,giày cao gót nữ da bò
277943566,"Sandal nữ quai ngang ROSATA RO700 -6p- Đen, Be - BKSTORE",450000.0,450000.0,0.0,0.0,0,44660,,https://tiki.vnsandal-nu-quai-ngang-rosata-ro700-6p-den-be-bkstore-p277943566.html?spid=277943576,sandal nữ quai ngang rosata
277810323,"Giày Sandal nữ kiểu dáng mới chống trơn, trượt – GSDN13",355000.0,710000.0,355000.0,0.0,0,975,,https://tiki.vngiay-sandal-nu-kieu-dang-moi-chong-tron-truot-gsdn13-p277810323.html?spid=277810365,giày sandal nữ kiểu dáng
277617422,"Giày Sandal nữ kiểu dáng mới chống trơn, trượt – GSDN09",506000.0,1012000.0,506000.0,0.0,0,975,,https://tiki.vngiay-sandal-nu-kieu-dang-moi-chong-tron-truot-gsdn09-p277617422.html?spid=277617496,giày sandal nữ kiểu dáng
277420079,"Dép nữ cao gót 3cm da mềm Trường Hải 2 màu den, kem đế PU nhẹ DN125",285000.0,285000.0,0.0,0.0,0,11395,,https://tiki.vndep-nu-cao-got-3cm-da-mem-truong-hai-2-mau-den-kem-de-pu-nhe-dn125-p277420079.html?spid=277420091,dép nữ cao gót
277305073,"Giày thể thao nữ đế êm nhẹ, thoáng khí đế cao su đúc, chống trơn trượt hạn chế mòn  – GNU2081",520000.0,1040000.0,520000.0,5.0,1,975,,https://tiki.vngiay-the-thao-nu-de-em-nhe-thoang-khi-de-cao-su-duc-chong-tron-truot-han-che-mon-gnu2081-p277305073.html?spid=277305087,giày thể thao nữ đế êm nhẹ
276828786,"Dép Xốp Bánh Mì Tăng Chiều Cao – Êm Ái, Thời Trang, Năng Động Phù Hợp Cho Nam Và Nữ",103550.0,109000.0,5450.0,0.0,0,274962,,https://tiki.vndep-bong-di-trong-nha-hinh-con-heo-cute-dang-yeu-vai-bong-mem-min-chong-tron-truot-phu-hop-cho-nam-va-nu-p276828786.html?spid=276828789,dép xốp bánh mì tăng
276674864,Giày thể thao Biti's Hunter street nữ (36-39)745k,745000.0,745000.0,0.0,0.0,0,174218,,https://tiki.vngiay-the-thao-biti-s-hunter-street-nu-36-39-745k-p276674864.html?spid=276674866,giày thể thao biti s
276113601,Giày boot sức khỏe nữ Aetrex Rebecca Black - giày cao gót đế đệm giảm mỏi chân,5495000.0,5495000.0,0.0,0.0,0,302,,https://tiki.vngiay-boot-suc-khoe-nu-aetrex-rebecca-black-giay-cao-got-de-dem-giam-moi-chan-p276113601.html?spid=276113609,giày boot sức khỏe
276113123,"Giày cao gót sức khỏe nữ Aetrex Sara Black - Giày bít gót cao 6p, đế đệm giảm đau chân",3995000.0,3995000.0,0.0,0.0,0,302,,https://tiki.vngiay-cao-got-suc-khoe-nu-aetrex-sara-black-giay-luoi-got-cao-6p-de-dem-giam-dau-chan-p276113123.html?spid=276113129,giày cao gót sức khỏe
276112629,Giày thể thao sức khoẻ nữ Aetrex Courtney Black - Sneaker da đế đệm,3995000.0,3995000.0,0.0,0.0,0,302,,https://tiki.vngiay-the-thao-suc-khoe-nu-aetrex-courtney-black-sneaker-da-de-dem-p276112629.html?spid=276112635,giày thể thao sức khỏe
276112074,"Giày thể thao sức khoẻ nữ Aetrex Emily Chalk - Sneaker da đế mềm, chống đau chân",3995000.0,3995000.0,0.0,0.0,0,302,,https://tiki.vngiay-the-thao-suc-khoe-nu-aetrex-emily-chalk-sneaker-da-de-mem-chong-dau-chan-p276112074.html?spid=276112078,giày thể thao sức khỏe
275900741,"Giày sandal nữ gót vuông 4cm da bò hở mũi Trường Hải 2 màu đen, trắng SD145",339000.0,339000.0,0.0,5.0,1,11395,,https://tiki.vngiay-sandal-nu-got-vuong-4cm-da-bo-ho-mui-truong-hai-2-mau-den-trang-sd145-p275900741.html?spid=275900749,giày sandal nữ gót vuông
275689476,1 Đôi lót giày Beyono chính hãng đủ size,75000.0,75000.0,0.0,0.0,0,12985,,https://tiki.vn1-doi-lot-giay-beyono-chinh-hang-du-size-p275689476.html?spid=275689486,
275617182,"Giày cao gót hở mũi nữ 8p Ro656 ROSATA tại BCASHOP quai ngang tôn dáng chân, cách điệu thêm khóa gấu cực dễ thương",449000.0,449000.0,0.0,0.0,0,307540,,https://tiki.vngiay-cao-got-ho-mui-nu-8p-ro656-rosata-tai-bcashop-quai-ngang-ton-dang-chan-cach-dieu-them-khoa-gau-cuc-de-thuong-p275617182.html?spid=275617204,giày cao gót mũi nữ
274612477,Giày Búp Bê Nữ Da Bò Thật BIGGBEN Cao 5 Phân BB134,349000.0,450000.0,101000.0,0.0,0,9460,,https://tiki.vngiay-bup-be-nu-da-bo-that-biggben-cao-5-phan-bb134-p274612477.html?spid=274612483,giày búp bê nữ da bò
273874376,"Sandal nữ bít mũi, gót vuông, quai cài ROSATA RO622 - 5p - Nâu, Kem - HÀNG VIỆT NAM - BKSTORE",400000.0,400000.0,0.0,0.0,0,44660,,https://tiki.vnsandal-nu-bit-mui-got-vuong-quai-cai-rosata-ro622-5p-nau-kem-hang-viet-nam-bkstore-p273874376.html?spid=273874386,sandal nữ bít mũi gót
272617028,Giày Converse Run Star LEGACY CX Black Cổ Cao A00869C,2900000.0,2900000.0,0.0,0.0,0,77420,,https://tiki.vngiay-converse-run-star-legacy-cx-black-co-cao-a00869c-p272617028.html?spid=272617032,giày converse run star
270118455,Giày Sandal Nữ Cao Gót HÀ NAM Da Bò Thật Thời Trang Cao Cấp 3cm DNU2178,380000.0,380000.0,0.0,0.0,0,93132,,https://tiki.vngiay-sandal-nu-cao-got-3cm-ha-nam-da-bo-that-thoi-trang-cao-cap-dnu2178-p270118455.html?spid=270118461,giày sandal nữ cao gót
263276597,Bộ Vệ Sinh Giày Khử Mùi Chống Thấm Nước | Shoe Cleaning Kit,60000.0,60000.0,0.0,0.0,0,77420,,https://tiki.vnbo-ve-sinh-giay-khu-mui-chong-tham-nuoc-shoe-cleaning-kit-p263276597.html?spid=263276609,bộ vệ sinh giày khử
263276377,Chuck 70 Black High | Giày Converse Đen 1970s Cổ Cao 162050C,2200000.0,2200000.0,0.0,0.0,0,77420,,https://tiki.vnchuck-70-black-high-giay-converse-den-1970s-co-cao-hang-cong-ty-p263276377.html?spid=263276384,chuck black high giày
217759678,Dép Nữ Quai Ngang Đế Xuồng Da Bò Thật TiTi ĐÔ Cao Cấp 9cm DNU2076d,280000.0,280000.0,0.0,0.0,0,323804,,https://tiki.vndep-nu-quai-ngang-de-xuong-da-bo-that-ha-nam-cao-cap-9cm-dnu2076d-p217759678.html?spid=217759708,dép nữ quai ngang đế
214000480,Giày Thể Thao Biti's Nữ DSW066800,540000.0,540000.0,0.0,5.0,3,174218,,https://tiki.vngiay-the-thao-biti-s-nu-dsw066800-p214000480.html?spid=214000482,giày thể thao biti s
210508470,Giày Sandal Nữ Đế Xuồng HÀ NAM Da Bò Thật Thời Trang Cao Cấp 9cm DNU2156,450000.0,450000.0,0.0,0.0,0,93132,,https://tiki.vngiay-sandal-nu-de-xuong-da-bo-ha-nam-cao-cap-dnu2156-p210508470.html?spid=210508518,giày sandal nữ đế xuồng
204611622,Dép quai kẹp xốp Biti's nữ,270000.0,270000.0,0.0,5.0,1,174218,,https://tiki.vndep-quai-kep-xop-biti-s-nu-p204611622.html?spid=204611630,dép quai kẹp xốp biti
197418062,Giày Sandal Nữ BIGGBEN Da Bò Thật SDN08,349000.0,450000.0,101000.0,4.7,49,9460,,https://tiki.vngiay-sandal-nu-biggben-da-bo-that-sdn08-p197418062.html?spid=8408778,giày sandal nữ biggben
194187077,giày cao gót đan dây chéo cá tính,440000.0,440000.0,0.0,0.0,0,300310,,https://tiki.vngiay-cao-got-dan-day-cheo-ca-tinh-p194187077.html?spid=194187276,giày cao gót đan dây chéo
151757207,Giày Sandal Cao Gót Da Bò Thật BIGGBEN SDCG69,319000.0,350000.0,31000.0,4.6,5,9460,,https://tiki.vngiay-sandal-cao-got-da-bo-that-biggben-sdcg69-p151757207.html?spid=151757213,giày sandal cao gót da bò
127379674,Gel Tẩy Ố Đế Giày Và Các Chi Tiết Cao Su Chuyên Dụng 100ml Dincox X Matteo Chính Hãng,60000.0,60000.0,0.0,4.5,2,150940,,https://tiki.vngel-tay-o-de-giay-va-cac-chi-tiet-cao-su-chuyen-dung-100ml-dincox-x-matteo-chinh-hang-p127379674.html?spid=127379699,gel tẩy ố đế giày
112958544,Combo 2 Miếng lót gót giầy hình bướm có keo dán vào giầy 21165 - kaki,32000.0,32000.0,0.0,0.0,0,9711,,https://tiki.vncombo-2-mieng-lot-got-giay-hinh-buom-co-keo-dan-vao-giay-21165-kaki-p112958544.html?spid=112958617,combo
109538234,Giày Nữ Búp Bê Đế Bệt HÀ NAM Da Bò Thật Thời Trang Cao Cấp 2cm GBBN2038,421000.0,421000.0,0.0,4.0,1,93132,,https://tiki.vngiay-nu-bup-be-da-bo-that-gbbn2038-p109538234.html?spid=109538240,giày nữ búp bê đế bệt
91023116,Giày búp bê nữ BIGGBEN da bò cao cấp BB91,339000.0,400000.0,61000.0,4.8,11,9460,,https://tiki.vngiay-bup-be-nu-biggben-da-bo-cao-cap-bb91-p91023116.html?spid=91023120,giày búp bê nữ biggben
72039444,Giày Búp Bê Nữ Da Bò BIGGBEN Cao Cấp BB74,339000.0,400000.0,61000.0,5.0,4,9460,,https://tiki.vngiay-bup-be-nu-da-bo-biggben-cao-cap-bb74-p72039444.html?spid=72039456,giày búp bê nữ da bò
53055153,Sục nữ da bò  TRƯỜNG HẢi da mềm mại không bong tróc đế cao su chồng mòn êm ái BMN0361 CÓ SIZE LỚN,279000.0,279000.0,0.0,4.8,11,11395,,https://tiki.vndep-bit-mui-truong-hai-da-bo-that-mem-mai-khong-bong-troc-de-cao-su-chong-mon-em-ai-bmn0361-p53055153.html?spid=200960468,sục nữ da bò
36978574,Giày Sandal Nữ BIGGBEN Da Bò Thật SDN42 - 37,369000.0,400000.0,31000.0,4.2,6,9460,,https://tiki.vngiay-sandal-nu-biggben-da-bo-that-sdn42-p36978574.html?spid=36978580,giày sandal nữ biggben
10037828,Dép Nữ BIGGBEN Da Bò Thật DNQN12,319000.0,350000.0,31000.0,4.7,15,9460,,https://tiki.vndep-nu-biggben-da-bo-that-dnqn12-p10037828.html?spid=10037834,dép nữ biggben da bò
278965993,Dép Nữ Da Bò Thật BIGGBEN Cao Cấp DNQN73,299000.0,400000.0,101000.0,0.0,0,9460,,https://tiki.vndep-nu-da-bo-that-biggben-cao-cap-dnqn73-p278965993.html?spid=278966007,dép nữ da bò biggben
278931525,Giày thể thao Biti`s  (30-38),615000.0,615000.0,0.0,0.0,0,174218,,https://tiki.vngiay-the-thao-biti-s-30-38-p278931525.html?spid=278931537,giày thể thao biti
278304417,Dép quai kẹp Biti's nam nữ (size 35-43),52000.0,52000.0,0.0,0.0,0,174218,,https://tiki.vndep-quai-kep-biti-s-nam-nu-size-35-43-p278304417.html?spid=278304437,dép quai kẹp biti s
277927177,Dép Xỏ Ngón Nữ Da Bò Thật BIGGBEN Cao Cấp DXN50,319000.0,500000.0,181000.0,0.0,0,9460,,https://tiki.vndep-xo-ngon-nu-da-bo-that-biggben-cao-cap-dxn50-p277927177.html?spid=277927193,dép xỏ ngón nữ
277544013,Dép Nữ Da Bò Thật BIGGBEN Cao Cấp DNQN66,319000.0,450000.0,131000.0,0.0,0,9460,,https://tiki.vndep-nu-da-bo-that-biggben-cao-cap-dnqn66-p277544013.html?spid=277544039,dép nữ da bò biggben
277543782,Dép Nữ Da Bò Thật BIGGBEN Cao Cấp DNQN65,319000.0,450000.0,131000.0,0.0,0,9460,,https://tiki.vndep-nu-da-bo-that-biggben-cao-cap-dnqn65-p277543782.html?spid=277543804,dép nữ da bò biggben
277420521,Dép nữ trung niên đế xuồng 5cm Trường Hải màu đen đính đá DN125,285000.0,285000.0,0.0,0.0,0,11395,,https://tiki.vndep-nu-trung-nien-de-xuong-5cm-truong-hai-mau-den-dinh-da-dn125-p277420521.html?spid=277420525,dép nữ trung niên đế
277416512,"Giày cao gót nhọn 10cm Trường Hải da bóng 2 màu đen, hồng phấn GCG135",299000.0,299000.0,0.0,0.0,0,11395,,https://tiki.vngiay-cao-got-nhon-10cm-truong-hai-da-bong-2-mau-den-hong-phan-gcg135-p277416512.html?spid=277416520,giày cao gót nhọn
276848295,"Giấy lau giày  , dép thể thao cho nam và nữ  bịch 30 tờ ,tiện lợi siêu sạch vệ sinh giày nhỏ gọn dễ dàng mang theo ",75050.0,79000.0,3950.0,1.0,1,270031,,https://tiki.vngiay-lau-giay-dep-the-thao-cho-nam-va-nu-bich-30-to-tien-loi-sieu-sach-ve-sinh-giay-nho-gon-de-dang-mang-theo-p276848295.html?spid=276848296,giấy lau giày dép thể thao
276830603,Dép xỏ ngón sức khỏe nữ Spenco Yumi Cheetah Wine - dép kẹp nâng vòm giảm đau chân,1995000.0,1995000.0,0.0,0.0,0,302,,https://tiki.vndep-xo-ngon-suc-khoe-nu-spenco-yumi-cheetah-wine-dep-kep-nang-vom-giam-dau-chan-p276830603.html?spid=276830605,dép xỏ ngón sức
276167947,Giày Búp Bê Bé Gái Kiểu Dáng Dễ Thương – GBB9035,490000.0,980000.0,490000.0,0.0,0,975,,https://tiki.vngiay-bup-be-be-gai-kieu-dang-de-thuong-gbb9035-p276167947.html?spid=276167949,giày búp bê bé gái
276112023,Giày thể thao sức khoẻ nữ Aetrex Emily Black - Sneaker đế mềm,3995000.0,3995000.0,0.0,0.0,0,302,,https://tiki.vngiay-the-thao-suc-khoe-nu-aetrex-emily-black-sneaker-de-mem-p276112023.html?spid=276112029,giày thể thao sức khỏe
275839344,Dép quai kẹp Bitis nữ (35-40),395000.0,395000.0,0.0,0.0,0,174218,,https://tiki.vndep-quai-kep-bitis-nu-35-40-p275839344.html?spid=275839356,dép quai kẹp bitis nữ
275827857,Dép Cao Gót Nữ BIGGBEN Da Bò Cao 7 Phân DCG102,349000.0,500000.0,151000.0,0.0,0,9460,,https://tiki.vndep-cao-got-nu-biggben-da-bo-cao-7-phan-dcg102-p275827857.html?spid=275827861,dép cao gót nữ biggben
274805875,Giày Thông Dụng Eva Phun Biti's (Size 30-37),195000.0,195000.0,0.0,0.0,0,174218,,https://tiki.vngiay-thong-dung-eva-phun-biti-s-size-30-37-p274805875.html?spid=274805899,giày thông dụng eva phun
274616856,Dép Cao Gót Nữ BIGGBEN Da Bò Cao 5 Phân DCG92,369000.0,500000.0,131000.0,0.0,0,9460,,https://tiki.vndep-cao-got-nu-biggben-da-bo-cao-5-phan-dcg92-p274616856.html?spid=274616860,dép cao gót nữ biggben
273728340,Giày nữ Đế Xuồng 4cm Da Bò mũi vuông Trường Hải 2 màu kem DX125Đ,329000.0,329000.0,0.0,0.0,0,11395,,https://tiki.vngiay-nu-de-xuong-4cm-da-bo-mui-vuong-truong-hai-2-mau-kem-dx125d-p273728340.html?spid=273728352,giày nữ đế xuồng
271439645,Giày Đế Xuồng Nữ BIGGBEN Da Bò Thật Cao 5 Phân SDX55,369000.0,400000.0,31000.0,5.0,1,9460,,https://tiki.vngiay-de-xuong-nu-biggben-da-bo-that-cao-5-phan-sdx54-p271439645.html?spid=271439663,giày đế xuồng nữ
270115983,Dép Nữ Quai Ngang Cao Gót Da Bò Thật TiTi ĐÔ Cao Cấp 4cm DNU2173,380000.0,380000.0,0.0,1.0,1,323804,,https://tiki.vndep-nu-quai-ngang-cao-got-3cm-titi-do-da-bo-thoi-trang-cao-cap-dnu2173-p270115983.html?spid=270116007,dép nữ quai ngang cao gót
217506338,Giày Nữ Búp Bê Đế Bệt TiTi ĐÔ Da Bò Thật Thời Trang Cao Cấp 2cm GBBN2038,396000.0,396000.0,0.0,0.0,0,323804,,https://tiki.vngiay-nu-bup-be-da-bo-that-ha-nam-cao-cap-gbbn2038d-p217506338.html?spid=217506351,giày nữ búp bê đế bệt
209377313,Giày Thể Thao Biti's Nữ Hunter X Dune,1190000.0,1190000.0,0.0,0.0,0,174218,,https://tiki.vngiay-the-thao-biti-s-nu-hunter-x-dune-p209377313.html?spid=209377318,giày thể thao biti s
203813336,Giày Đế Xuồng Nữ BIGGBEN Da Bò Thật Cao 9 Phân SDX48,379000.0,450000.0,71000.0,5.0,1,9460,,https://tiki.vngiay-de-xuong-nu-biggben-da-bo-that-cao-9-phan-sdx48-p203813336.html?spid=203813342,giày đế xuồng nữ
202525910,Lắc chân vòng chân ngọc trai phối giày cao gót tiểu thư phụ kiện giày sang chảnh cho nàng,98000.0,98000.0,0.0,0.0,0,19782,,https://tiki.vnlac-chan-vong-chan-ngoc-trai-phoi-giay-cao-got-tieu-thu-phu-kien-giay-sang-chanh-cho-nang-p202525910.html?spid=202525911,lắc chân vòng chân
200736377,Giày sandal nữ đế bằng 4cm da bò thật màu đen Trường hải SD135,299000.0,299000.0,0.0,5.0,1,11395,,https://tiki.vngiay-sandal-nu-de-bang-4cm-da-bo-that-mau-den-truong-hai-sd135-p200736377.html?spid=200736381,giày sandal nữ đế
186635141,Dép Nữ Da Bò Thật BIGGBEN Cao 3 Phân DNQN46,329000.0,400000.0,71000.0,4.5,2,9460,,https://tiki.vndep-nu-da-bo-that-biggben-cao-3-phan-dnqn46-p186635141.html?spid=186635155,dép nữ da bò biggben
127379313,Giày Sneaker Vải Unisex DINCOX D27 Đơn Giản Hiện Đại White,470000.0,470000.0,0.0,5.0,13,150940,,https://tiki.vngiay-sneaker-vai-unisex-dincox-d27-don-gian-hien-dai-white-p127379313.html?spid=127379426,giày sneaker vải unisex
124328820,"Giày nữ da bò 5 phân Huy Hoàng màu da, đen, nâu HJ7941-42-43",363300.0,519000.0,155700.0,0.0,0,223818,,https://tiki.vngiay-nu-da-bo-5-phan-huy-hoang-mau-da-den-nau-hp7941-42-43-p124328820.html?spid=124328929,giày nữ da bò phân huy hoàng
120169186,"COMBO 2 chiếc Đón gót giày bằng sừng nhỏ gọn, làm móc khóa hoặc để túi (DGH902) Cho giày Nam & Nữ",50000.0,50000.0,0.0,5.0,9,253372,,https://tiki.vnbo-dua-tho-10-doi-gia-dua-hoa-van-phong-thuy-go-huong-loai-1-tam-linh-truyen-thong-van-hoa-viet-hahanco-p120169186.html?spid=163417389,combo
116209625,Fasmono – Giày sandal cao gót 5cm quai ngang – F025026,390000.0,390000.0,0.0,0.0,0,21245,,https://tiki.vnfasmono-giay-sandal-cao-got-5cm-quai-ngang-f025026-p116209625.html?spid=116209637,fasmono giày sandal cao gót
112958769,"Bộ 2 Miếng dán lót giầy mouse êm giúp tránh trầy sướt sau gót và giảm đau gót, free size 2 cái 21",35200.0,35200.0,0.0,0.0,0,9711,,https://tiki.vnbo-2-mieng-dan-lot-giay-mouse-em-giup-tranh-tray-suot-sau-got-va-giam-dau-got-free-size-2-cai-21-p112958769.html?spid=112958852,bộ
106109236,"Dép nữ sức khoẻ tránh đau gót chân, viên cân gan chân - dép kẹp Spenco Yumi True Red",1695000.0,1695000.0,0.0,0.0,0,302,,https://tiki.vndep-nu-suc-khoe-spenco-yumi-true-red-tranh-dau-got-chan-vien-can-gan-chan-p106109236.html?spid=106109240,dép nữ sức khỏe
75649319,Crep Protect Sneakers Shields - Miếng Lót Chống Nhăn Mũi Giầy Nữ,250000.0,250000.0,0.0,4.8,6,9652,,https://tiki.vncrep-protect-sneakers-shields-mieng-lot-chong-nhan-mui-giay-nu-p75649319.html?spid=75649320,crep protect sneakers shields
59453678,Giày xăng đan nữ quai ngang Trường Hải da bò thật màu  đen gót vuông đế PU siêu nhe  cao 5cm màu đen SDN0741 [HÌNH ẢNH THẬT,299000.0,299000.0,0.0,4.8,6,11395,,https://tiki.vngiay-xang-dan-nu-quai-ngang-truong-hai-da-bo-that-mau-den-got-vuong-de-pu-sieu-nhe-cao-5cm-mau-den-sdn0741-hinh-anh-that-p59453678.html?spid=59453680,giày xăng đan nữ quai
55054480,Dép Cao Gót Nữ BIGGBEN Cao Cấp DCG32,279000.0,400000.0,121000.0,4.0,4,9460,,https://tiki.vndep-cao-got-nu-da-bo-biggben-cao-cap-dcg32-p55054480.html?spid=55054486,dép cao gót nữ biggben
52188508,Giày Sandal Nữ BIGGBEN Da Bò Thật SDN50,299000.0,350000.0,51000.0,5.0,2,9460,,https://tiki.vngiay-sandal-nu-biggben-da-bo-that-sdn50-p52188508.html?spid=52188512,giày sandal nữ biggben
36926828,Giày Sandal Nữ BIGGBEN Da Bò Thật SDN35 - 40,289000.0,350000.0,61000.0,4.5,6,9460,,https://tiki.vngiay-sandal-nu-biggben-da-bo-that-sdn35-p36926828.html?spid=36926840,giày sandal nữ biggben
8440260,Dép Xỏ Ngón Nữ BIGGBEN Da Bò Thật Cao Cấp DXN08,319000.0,370000.0,51000.0,5.0,9,9460,,https://tiki.vndep-xo-ngon-nu-biggben-da-bo-that-cao-cap-dxn08-p8440260.html?spid=8440268,dép xỏ ngón nữ
8005161,Giày Sandal Nữ BIGGBEN Da Bò Thật SDN0399,319000.0,450000.0,131000.0,4.8,27,9460,,https://tiki.vngiay-sandal-nu-biggben-da-bo-that-sdn0399-p8005161.html?spid=204249169,giày sandal nữ biggben
887146,Lót Giày Tăng Chiều Cao EVA Nửa Bàn Cao Winwinshop88 (3.3 cm) - Xám,49000.0,49000.0,0.0,0.0,0,56711,,https://tiki.vnlot-giay-tang-chieu-cao-eva-nua-ban-cao-winwinshop88-3-3-cm-xam-p887146.html?spid=38112986,lót giày tăng chiều
277411779,"Sandal nữ quai chữ T, gót trụ ROSATA RO656 cao 8p - Be, Kem - HÀNG VIỆT NAM - BKSTORE",450000.0,450000.0,0.0,0.0,0,44660,,https://tiki.vnsandal-nu-quai-chu-t-got-tru-rosata-ro656-cao-8p-be-kem-hang-viet-nam-bkstore-p277411779.html?spid=277416025,sandal nữ quai chữ t
276367734,Giày Sandal Cao Gót Da Bò BIGGBEN Cao 5 Phân SDCG134,339000.0,500000.0,161000.0,0.0,0,9460,,https://tiki.vngiay-sandal-cao-got-da-bo-biggben-cao-5-phan-sdcg134-p276367734.html?spid=276367748,giày sandal cao gót da bò
276367522,Giày Cao Gót Nữ Da Bò Thật BIGGBEN Cao 5 Phân GCG17,399000.0,500000.0,101000.0,0.0,0,9460,,https://tiki.vngiay-cao-got-nu-da-bo-that-biggben-cao-5-phan-gcg17-p276367522.html?spid=276367528,giày cao gót nữ da bò
276002502,[TT] GIÀY THỂ THAO BÉ TRAI VIỀN MÀU CAO CẤP- DSB135800 SIZE (28-37) 21699,305200.0,305200.0,0.0,0.0,0,9711,,https://tiki.vntt-giay-the-thao-be-trai-vien-mau-cao-cap-dsb135800-size-28-37-21699-p276002502.html?spid=276002510,giày thể thao bé trai
275851525,Giày Sandal Nữ Da Bò Thật BIGGBEN Cao 5 phân SDN103,399000.0,500000.0,101000.0,0.0,0,9460,,https://tiki.vngiay-sandal-nu-da-bo-that-biggben-cao-5-phan-sdn103-p275851525.html?spid=275851565,giày sandal nữ da bò
275362364,Dép Đế Xuồng Nữ BIGBEN Da Bò Thật Cao 5 Phân DX56,349000.0,450000.0,101000.0,0.0,0,9460,,https://tiki.vndep-de-xuong-nu-bigben-da-bo-that-cao-5-phan-dx56-p275362364.html?spid=275362374,dép đế xuồng nữ
274997601,Giày Búp Bê Nữ Da Bò Thật BIGGBEN Cao 3 Phân BB135,329000.0,450000.0,121000.0,0.0,0,9460,,https://tiki.vngiay-bup-be-nu-da-bo-that-biggben-cao-3-phan-bb135-p274997601.html?spid=274997605,giày búp bê nữ da bò
274712530,Sandal Bitis nữ thời trang (35-39),460000.0,460000.0,0.0,0.0,0,174218,,https://tiki.vnsandal-bitis-nu-thoi-trang-35-39-p274712530.html?spid=274712538,sandal bitis nữ thời trang
274617028,Dép Cao Gót Nữ BIGGBEN Da Bò Cao 5 Phân DCG93,379000.0,500000.0,121000.0,0.0,0,9460,,https://tiki.vndep-cao-got-nu-biggben-da-bo-cao-5-phan-dcg93-p274617028.html?spid=274617034,dép cao gót nữ biggben
273874292,"Giày nữ thời trang chữ T quai cài ROSATA RO621 - 8p - Đen,Kem - HÀNG VIỆT NAM - BKSTORE",450000.0,450000.0,0.0,0.0,0,44660,,https://tiki.vngiay-nu-thoi-trang-chu-t-quai-cai-rosata-ro621-8p-den-kem-hang-viet-nam-bkstore-p273874292.html?spid=273874298,giày nữ thời trang chữ
273668874,Giày Sandal Nữ Da Bò Thật BIGGBEN Cao Cấp SDN101,319000.0,400000.0,81000.0,0.0,0,9460,,https://tiki.vngiay-sandal-nu-da-bo-that-biggben-cao-cap-sdn101-p273668874.html?spid=273668890,giày sandal nữ da bò
273668771,Dép Sục Nữ Da Bò Thật BIGGBEN Cao 3 phân SBN52,349000.0,450000.0,101000.0,0.0,0,9460,,https://tiki.vndep-suc-nu-da-bo-that-biggben-cao-3-phan-sbn52-p273668771.html?spid=273668781,dép sục nữ da bò biggben
273648376,Dép Cao Gót Nữ BIGGBEN Da Bò Cao 5 Phân DCG86,369000.0,450000.0,81000.0,0.0,0,9460,,https://tiki.vndep-cao-got-nu-biggben-da-bo-cao-5-phan-dcg86-p273648376.html?spid=273648400,dép cao gót nữ biggben
271976990,Chai dung dịch vệ sinh giày Crep Protect 100ml tách sét - Hàng Chính Hãng,350000.0,350000.0,0.0,5.0,1,9652,,https://tiki.vnchai-dung-dich-ve-sinh-giay-crep-protect-100ml-tach-set-hang-chinh-hang-p271976990.html?spid=271976991,chai dung dịch vệ sinh giày
271749934,Lót giày thể thao nữ Aetrex Train Cupped/Neutral L800 - Cho chân vòm trung bình tới cao hoặc chưa xác định được kiểu vòm,1695000.0,1695000.0,0.0,0.0,0,302,,https://tiki.vnlot-giay-the-thao-nu-aetrex-train-cupped-neutral-l800-cho-chan-vom-trung-binh-hoac-chua-xac-dinh-duoc-kieu-vom-p271749934.html?spid=271749940,lót giày thể thao nữ
270119406,Dép Nữ Quai Ngang Đế Xuồng Da Bò Thật TiTi ĐÔ Cao Cấp DNU2181,380000.0,380000.0,0.0,0.0,0,323804,,https://tiki.vndep-nu-quai-ngang-de-xuong-4cm-titi-do-da-bo-thoi-trang-cao-cap-dnu2181-p270119406.html?spid=270119420,dép nữ quai ngang đế
262767553,Giày Sandal Nữ Cao Gót HÀ NAM Da Bò Cao Cấp 6cm DNU2163,430000.0,430000.0,0.0,0.0,0,93132,,https://tiki.vngiay-sandal-nu-cao-got-ha-nam-da-bo-cao-cap-6cm-dnu2163-p262767553.html?spid=262767561,giày sandal nữ cao gót
262503461,Giày Cao Gót BIGGBEN Da Bò Thật Cao 5 Phân SDCG93,379000.0,500000.0,121000.0,5.0,2,9460,,https://tiki.vngiay-cao-got-biggben-da-bo-that-cao-5-phan-sdcg93-p262503461.html?spid=262503481,giày cao gót biggben da bò
262469662,Dép Đế Xuồng Nữ BIGBEN Da Bò Thật Cao 5 Phân DX42,359000.0,450000.0,91000.0,0.0,0,9460,,https://tiki.vndep-de-xuong-nu-bigben-da-bo-that-cao-5-phan-dx42-p262469662.html?spid=262469670,dép đế xuồng nữ
262303725,Dép Xỏ Ngón Nữ Da Bò Thật BIGGBEN Cao Cấp DXN44,299000.0,400000.0,101000.0,0.0,0,9460,,https://tiki.vndep-xo-ngon-nu-da-bo-that-biggben-cao-cap-dxn44-p262303725.html?spid=262303731,dép xỏ ngón nữ
262058859,Giày Nữ Búp Bê BIGGBEN Da Bò Thật Cao Cấp BB66,349000.0,400000.0,51000.0,4.8,20,9460,,https://tiki.vngiay-nu-bup-be-biggben-da-bo-that-cao-cap-bb66-p262058859.html?spid=52177789,giày nữ búp bê biggben
254080868,Dép Quai Ngang Nữ Màu Cam Xanh The Bily 01-BLD01W,299000.0,299000.0,0.0,5.0,1,196712,,https://tiki.vndep-quai-ngang-nu-mau-cam-xanh-the-bily-01-bld01w-p254080868.html?spid=254080876,dép quai ngang nữ màu
252913487,"Miếng lót mũi giày bằng mút đệm êm ngón chân, giảm rộng cho giày, đệm êm ngón chân sử dụng được cho tất các các loại giày bít mũi (gồm 1 cặp)",20000.0,20000.0,0.0,0.0,0,56711,,https://tiki.vnmieng-mut-lot-mui-giay-em-chan-p252913487.html?spid=252913490,miếng lót mũi giày
247649713,Giày Nữ Búp Bê Đế Bệt Da Bò Thật TiTi ĐÔ Cao Cấp GBBN2069d,460000.0,460000.0,0.0,0.0,0,323804,,https://tiki.vngiay-nu-bup-be-ha-nam-da-bo-that-cao-cap-gbbn2069d-p247649713.html?spid=247649742,giày nữ búp bê đế bệt
247647702,Giày Nữ Búp Bê Đế Bệt HÀ NAM Da Bò Thật Cao Cấp 2cm GBBN2068,460000.0,460000.0,0.0,0.0,0,93132,,https://tiki.vngiay-nu-bup-be-ha-nam-da-bo-that-cao-cap-gbbn2068-p247647702.html?spid=247647771,giày nữ búp bê đế bệt
229956362,Giày Đế Xuồng Nữ BIGGBEN Da Bò Thật Cao 7 Phân SDX52,319000.0,400000.0,81000.0,5.0,2,9460,,https://tiki.vngiay-de-xuong-nu-biggben-da-bo-that-cao-7-phan-sdx52-p229956362.html?spid=229956368,giày đế xuồng nữ
198431306,Dép Đế Xuồng Nữ BIGBEN Da Bò Thật Cao 5 Phân DX40,359000.0,400000.0,41000.0,4.5,2,9460,,https://tiki.vndep-de-xuong-nu-bigben-da-bo-that-cao-5-phan-dx40-p198431306.html?spid=198431318,dép đế xuồng nữ
192705088,Sandal Nữ Biti’s Êmbrace DEW008488,395000.0,395000.0,0.0,0.0,0,174218,,https://tiki.vnsandal-nu-biti-s-embrace-dew008488-p192705088.html?spid=192705114,sandal nữ biti s
191437048,Dép quai ngang Bitis nữ đế 4cm,237000.0,237000.0,0.0,5.0,1,174218,,https://tiki.vndep-quai-ngang-bitis-nu-de-4cm-p191437048.html?spid=191437068,dép quai ngang bitis
190739763,Dép Nữ Da Bò Thật BIGGBEN Cao Cấp DNQN48,350000.0,350000.0,0.0,5.0,2,9460,,https://tiki.vndep-nu-da-bo-that-biggben-cao-cap-dnqn48-p190739763.html?spid=190739773,dép nữ da bò biggben
164584871,Sục nữ da bò  đế xuồng 5cm  màu đen Trường Hải da mềm mại không bong tróc SN135 CÓ SIZE LỚN,299000.0,299000.0,0.0,4.8,4,11395,,https://tiki.vnsuc-nu-da-bo-de-xuong-5cm-mau-den-truong-hai-da-mem-mai-khong-bong-troc-sn135-p164584871.html?spid=164584879,sục nữ da bò đế
120048947,"Giày nữ Huy Hoàng màu đen, xanh, tím, đỏ HT7051-53-54-55",321300.0,459000.0,137700.0,0.0,0,1867,,https://tiki.vnhp7051-53-54-55-giay-nu-huy-hoang-mau-den-xanh-tim-do-p120048947.html?spid=120048974,giày nữ huy hoàng màu
107223787,Dép Cao Gót Nữ Da Bò BIGGBEN Cao 4 Phân DCG53,319000.0,450000.0,131000.0,4.7,6,9460,,https://tiki.vndep-cao-got-nu-da-bo-biggben-cao-4-phan-dcg53-p107223787.html?spid=107223805,dép cao gót nữ da bò
59211695,Giày Sandal Nữ Đế Xuồng BIGGBEN Da Bò Thật SDX19,369000.0,420000.0,51000.0,5.0,19,9460,,https://tiki.vngiay-sandal-nu-de-xuong-biggben-da-bo-that-sdx19-p59211695.html?spid=59211703,giày sandal nữ đế xuồng
52242549,Dép Nữ Đế Xuồng BIGGBEN Da Bò Thật DX18,279000.0,400000.0,121000.0,4.5,9,9460,,https://tiki.vndep-nu-de-xuong-biggben-da-bo-that-dx18-p52242549.html?spid=52242551,dép nữ đế xuồng biggben
38279646,Dép Xuồng Nữ BIGGBEN Cao Cấp DX14,279000.0,400000.0,121000.0,4.7,10,9460,,https://tiki.vndep-xuong-nu-biggben-da-bo-that-dx14-p38279646.html?spid=38279656,dép xuồng nữ biggben
37747821,Giày Sabo Nữ BIGGBEN Da Bò Thật SBN22,349000.0,480000.0,131000.0,5.0,3,9460,,https://tiki.vngiay-sabo-nu-biggben-da-bo-that-sbn22-p37747821.html?spid=37747823,giày sabo nữ biggben
12505614,Dép Sabo Nữ BIGGBEN Da Bò Thật SBN10,349000.0,450000.0,101000.0,4.7,6,9460,,https://tiki.vndep-sabo-nu-biggben-da-bo-that-sbn10-p12505614.html?spid=12505624,dép sabo nữ biggben
2024003,Giày Nữ Búp Bê Da Bò Huy Hoàng HT7910 - Cam,489000.0,489000.0,0.0,4.0,2,1867,,https://tiki.vngiay-nu-bup-be-da-bo-huy-hoang-ht7910-cam-p2024003.html?spid=2025473,giày nữ búp bê da bò
279132534,"Giày cao gót nữ mũi nhọn, quai sau ROSATA RO718 -5p- Đen - HÀNG VIỆT NAM-BKSTORE",390000.0,390000.0,0.0,0.0,0,44660,,https://tiki.vngiay-cao-got-nu-mui-nhon-quai-sau-rosata-ro718-5p-den-hang-viet-nam-bkstore-p279132534.html?spid=279132540,giày cao gót nữ mũi nhọn quai
278600929,Dép Sục Nữ Da Bò Thật BIGGBEN Cao Cấp SBN60,349000.0,500000.0,151000.0,0.0,0,9460,,https://tiki.vndep-suc-nu-da-bo-that-biggben-cao-cap-sbn60-p278600929.html?spid=278600939,dép sục nữ da bò biggben
278524602,"Dép nữ quai chéo, mũi nhọn, đế xuồng ROSATA RO734 - 5p- Vàng, Bạc - BKSTORE",380000.0,380000.0,0.0,0.0,0,44660,,https://tiki.vndep-nu-quai-cheo-mui-nhon-de-xuong-rosata-ro734-5p-vang-bac-bkstore-p278524602.html?spid=278524614,dép nữ quai chéo mũi nhọn
278468600,GIÀY CG BASSIC MỜ 5P PABNO PN12035,365000.0,365000.0,0.0,0.0,0,49994,,https://tiki.vngiay-cg-bassic-mo-5p-pabno-pn12035-p278468600.html?spid=278468618,giày cg bassic mờ
278465559,"Dép nữ xỏ ngón, đế xuồng da lộn ROSATA RO733 - 3p - Bạc, Vàng - BKSTORE",380000.0,380000.0,0.0,0.0,0,44660,,https://tiki.vndep-nu-xo-ngon-de-xuong-da-lon-rosata-ro733-5p-bac-vang-bkstore-p278465559.html?spid=278465569,dép nữ xỏ ngón đế
278124343,"Dép nữ xỏ ngón, bít gót, đế xuồng ROSATA RO727 - 3p - Bạc, Hồng - BKSTORE",390000.0,390000.0,0.0,0.0,0,44660,,https://tiki.vndep-nu-xo-ngon-bit-got-de-xuong-rosata-ro727-3p-bac-hong-bkstore-p278124343.html?spid=278124353,dép nữ xỏ ngón bít
277938383,Dép Cao Gót Nữ BIGGBEN Da Bò Cao 5 Phân DCG112,319000.0,500000.0,181000.0,0.0,0,9460,,https://tiki.vndep-cao-got-nu-biggben-da-bo-cao-5-phan-dcg112-p277938383.html?spid=277938395,dép cao gót nữ biggben
277811075,"Giày Sandal nữ kiểu dáng mới chống trơn, trượt – GSDN15",575000.0,1150000.0,575000.0,0.0,0,975,,https://tiki.vngiay-sandal-nu-kieu-dang-moi-chong-tron-truot-gsdn15-p277811075.html?spid=277811079,giày sandal nữ kiểu dáng
277473691,Dép chữ H 1F PABNO PN15004,245000.0,245000.0,0.0,0.0,0,49994,,https://tiki.vndep-chu-h-1f-pabno-pn15004-p277473691.html?spid=277473707,dép chữ h f
277473655,Giày Búp Bê Nơ PABNO PN17021,335000.0,335000.0,0.0,0.0,0,49994,,https://tiki.vngiay-bup-be-no-pabno-pn17021-p277473655.html?spid=277473661,giày búp bê nơ pabno
277437802,Giày Búp Bê Nữ Cao Gót HA NAM Da Bò Thật Thời Trang Cao Cấp 5cm GBBN20898 - Màu Đen,268000.0,268000.0,0.0,0.0,0,211063,,https://tiki.vngiay-bup-be-nu-cao-got-ha-nam-da-bo-that-thoi-trang-cao-cap-5cm-gbbn20898-p277437802.html?spid=277437824,giày búp bê nữ cao
277416674,Giày nữ đế xuồng 5cm da bò Trường Hải màu đen DX145,329000.0,329000.0,0.0,0.0,0,11395,,https://tiki.vngiay-nu-de-xuong-5cm-da-bo-truong-hai-mau-den-dx145-p277416674.html?spid=277416680,giày nữ đế xuồng
277041052,"Dép sức khỏe nữ Aetrex Izzy Light Gold - dép xỏ ngón có nâng vòm, đệm memoryfoam",2695000.0,2695000.0,0.0,0.0,0,302,,https://tiki.vndep-suc-khoe-nu-aetrex-izzy-light-gold-dep-xo-ngon-co-nang-vom-dem-memoryfoam-p277041052.html?spid=277041054,dép sức khỏe nữ
274999429,"Dép nữ trung niên 3.5cm Trường Hải 2 màu đen,nâu đế PU nhẹ DN98",299000.0,299000.0,0.0,0.0,0,11395,,https://tiki.vndep-nu-trung-nien-3-5cm-truong-hai-2-mau-den-nau-de-pu-nhe-dn98-p274999429.html?spid=274999441,dép nữ trung niên
273992155,"Sandal sức khỏe nữ Aetrex Jess Black - giày quai hậu ôm vòm chân, đệm memoryfoam",3275000.0,3275000.0,0.0,0.0,0,302,,https://tiki.vnsandal-suc-khoe-nu-aetrex-jess-black-p273992155.html?spid=273992157,sandal sức khỏe nữ
273990844,Sandal sức khỏe nữ Aetrex Paula Camel,4675000.0,4675000.0,0.0,0.0,0,302,,https://tiki.vnsandal-suc-khoe-nu-aetrex-paula-camel-p273990844.html?spid=273990848,sandal sức khỏe nữ
273983875,Sandal sức khoẻ nữ Aetrex Paige Camel - giày da cao gót đệm êm,5185000.0,5185000.0,0.0,0.0,0,302,,https://tiki.vnsandal-suc-khoe-nu-aetrex-paige-camel-giay-da-cao-got-dem-em-p273983875.html?spid=273983883,sandal sức khỏe nữ
273873891,Boots thời trang nữ khóa kéo trước ROSATA RO617 - 7p - HÀNG VIỆT NAM - BKSTORE,550000.0,550000.0,0.0,0.0,0,44660,,https://tiki.vnboots-thoi-trang-nu-khoa-keo-truoc-rosata-ro617-7p-hang-viet-nam-bkstore-p273873891.html?spid=273873907,boots thời trang nữ khóa
273872946,Giày nữ cao gót phối đen trắng ROSATA RO391 - 6p - HÀNG VIỆT NAM - BKSTORE,430000.0,430000.0,0.0,0.0,0,44660,,https://tiki.vngiay-nu-cao-got-phoi-den-trang-rosata-ro391-6p-hang-viet-nam-bkstore-p273872946.html?spid=273872948,giày nữ cao gót phối
273679553,"Sandal nữ phối kim tuyến sang trọng ROSATA RO552 cao 4p - Đồng, Bạc - HÀNG VIỆT NAM - BKSTORE",430000.0,430000.0,0.0,0.0,0,44660,,https://tiki.vnsandal-nu-phoi-kim-tuyen-sang-trong-rosata-ro552-cao-4p-dong-bac-hang-viet-nam-bkstore-p273679553.html?spid=273679567,sandal nữ phối kim tuyến sang trọng
273280656,Dép Cao Gót Nữ BIGGBEN Da Bò Cao 5 Phân DCG82,369000.0,500000.0,131000.0,0.0,0,9460,,https://tiki.vndep-cao-got-nu-biggben-da-bo-cao-5-phan-dcg82-p273280656.html?spid=273280666,dép cao gót nữ biggben
272425327,"Xăng đan nữ đế bằng 3cm da cưu mềm mại Trường Hải hai màu đen, kem DAN125",299000.0,299000.0,0.0,0.0,0,11395,,https://tiki.vnxang-dan-nu-de-bang-3cm-da-cuu-mem-mai-truong-hai-hai-mau-den-kem-dan125-p272425327.html?spid=272425335,xăng đan nữ đế
270119150,Giày Sandal Nữ Cao Gót HÀ NAM Da Bò Thật Thời Trang Cao Cấp 3cm DNU2179,380000.0,380000.0,0.0,0.0,0,93132,,https://tiki.vngiay-sandal-nu-cao-got-3cm-ha-nam-da-bo-that-thoi-trang-cao-cap-dnu2179-p270119150.html?spid=270119170,giày sandal nữ cao gót
262503952,Giày Cao Gót BIGGBEN Da Bò Thật Cao 7 Phân SDCG94,419000.0,500000.0,81000.0,0.0,0,9460,,https://tiki.vngiay-cao-got-biggben-da-bo-that-cao-7-phan-sdcg94-p262503952.html?spid=262503958,giày cao gót biggben da bò
258133087,"Giày cao gót nữ 5p RO539 ROSATA tại BCASHOP hở mũi, quai ngang 2 dây có thể mang theo nhiều kiểu, màu vàng",429000.0,429000.0,0.0,0.0,0,307540,,https://tiki.vngiay-cao-got-nu-5p-ro539-rosata-tai-bcashop-ho-mui-quai-ngang-2-day-co-the-mang-theo-nhieu-kieu-mau-vang-p258133087.html?spid=258133091,giày cao gót nữ p
252597352,"Giày Slip on da bò thật  Trường Hải  da mề mại thời trang nữ cao cấp có 2 màu đen , trắng SL130",319000.0,319000.0,0.0,5.0,1,11395,,https://tiki.vngiay-slip-on-da-bo-that-truong-hai-da-me-mai-thoi-trang-nu-cao-cap-co-2-mau-den-trang-sl130-p252597352.html?spid=252597360,giày slip on da bò
217275057,Lót Giày Thể Thao Chất Liệu Cao Su Non Mềm Êm LGN2022,45000.0,45000.0,0.0,5.0,2,323804,,https://tiki.vnlot-giay-the-thao-chat-lieu-cao-su-non-mem-em-lgn2022-p217275057.html?spid=217275070,lót giày thể thao chất liệu
200736093,Giày sandal nữ Đế xuồng cao 9cm da bò Màu đen Trường Hải DX145 FORM NHỎ HƠN 1 SIZE,319000.0,319000.0,0.0,0.0,0,11395,,https://tiki.vngiay-sandal-nu-de-xuong-cao-9cm-da-bo-mau-den-truong-hai-dx145-p200736093.html?spid=200736097,giày sandal nữ đế xuồng
200519177,Sục nữ mũi nhọn da bò màu đen Trường Hải gót vuông 3cm S133 CÓ SIZE LỚN,319000.0,319000.0,0.0,0.0,0,11395,,https://tiki.vnsuc-nu-mui-nhon-da-bo-mau-den-truong-hai-got-vuong-3cm-s133-p200519177.html?spid=200519181,sục nữ mũi nhọn da bò
194187055,Giày mũi nhọn nơ bạc cô dâu gót 9cm cực đáng yêu cho các nàng ( giao hỏa tốc - free shipping - bảo hành 1 năm),390000.0,390000.0,0.0,5.0,1,300310,,https://tiki.vngiay-mui-nhon-no-bac-co-dau-got-9cm-cuc-dang-yeu-cho-cac-nang-giao-hoa-toc-free-shipping-bao-hanh-1-nam-p194187055.html?spid=194187068,giày mũi nhọn nơ bạc cô dâu
194186823,giày cao gót đan dây da rắn ( hàng có sẵn - giao nhanh ),430000.0,430000.0,0.0,0.0,0,300310,,https://tiki.vngiay-cao-got-dan-day-da-ran-hang-co-san-giao-nhanh-p194186823.html?spid=194186839,giày cao gót đan dây
177010362,Giày Nữ Búp Bê HÀ NAM Da Bò Thật Thời Trang Cao Cấp 5cm GBBN2058,380000.0,380000.0,0.0,0.0,0,93132,,https://tiki.vngiay-nu-bup-be-da-bo-giay-ha-nam-cao-cap-gbbn2058-p177010362.html?spid=278979360,giày nữ búp bê hà nam
109109862,Dép cao su 7 quai xỏ ngón thời trang màu sắc quai nhỏ,900000.0,900000.0,0.0,0.0,0,53773,,https://tiki.vndep-cao-su-7-quai-xo-ngon-thoi-trang-mau-sac-quai-nho-p109109862.html?spid=109109874,dép cao su quai xỏ ngón
45948108,Bộ 2 miếng lót gót giày nữ chống nhấc gót (Lót Vải Mềm),15000.0,15000.0,0.0,4.5,2,56711,,https://tiki.vnbo-2-mieng-lot-got-giay-nu-chong-nhac-got-lot-vai-mem-p45948108.html?spid=66548351,bộ
40877496,Giày búp bê nữ mũi nhọn da bò cao cấp  Trường Hải BB229,299000.0,299000.0,0.0,5.0,4,11395,,https://tiki.vngiay-bup-be-nu-mui-nhon-da-bo-cao-cap-truong-hai-bb229-p40877496.html?spid=41083241,giày búp bê nữ mũi nhọn
40826725,Dép quai ngang nữ đế cao 4cm thời trang cao cấp Trường Hải QN225,269000.0,269000.0,0.0,5.0,13,11395,,https://tiki.vndep-quai-ngang-nu-de-cao-4cm-thoi-trang-cao-cap-truong-hai-qn225-p40826725.html?spid=40826731,dép quai ngang nữ đế cao
8058975,Dép Sabo Nữ BIGGBEN Da Bò Thật Cao Cấp SBN07,349000.0,450000.0,101000.0,5.0,2,9460,,https://tiki.vndep-sabo-nu-biggben-da-bo-that-cao-cap-sbn07-p8058975.html?spid=8058985,dép sabo nữ biggben
278848768,Sandal Biti's nữ dế xuồng (35-40),415000.0,415000.0,0.0,0.0,0,174218,,https://tiki.vnsandal-biti-s-nu-de-xuong-35-40-p278848768.html?spid=278848770,sandal biti s nữ
278459338,GIÀY CAO GÓT NỮ BASIC PABNO PN12033 – GÓT TRỤ 7CM,365000.0,365000.0,0.0,0.0,0,49994,,https://tiki.vngiay-cao-got-nu-basic-pabno-pn12033-got-tru-7cm-p278459338.html?spid=278459354,giày cao gót nữ basic
277560726,Dép Cao Gót Nữ BIGGBEN Da Bò Cao 5 Phân DCG108,369000.0,500000.0,131000.0,0.0,0,9460,,https://tiki.vndep-cao-got-nu-biggben-da-bo-cao-5-phan-dcg108-p277560726.html?spid=277560730,dép cao gót nữ biggben
276861822,"Dép hài mang trong nhà cao cấp Hương Quế DH-38 tạo cảm giác nhẹ nhàng, thoải mái khi mang",139000.0,139000.0,0.0,0.0,0,61212,,https://tiki.vndep-hai-mang-trong-nha-cao-cap-huong-que-dh-38-tao-cam-giac-nhe-nhang-thoai-mai-khi-mang-p276861822.html?spid=276861828,dép hài mang nhà
276099620,Giày Sandal Nữ Da Bò Thật BIGGBEN Cao Cấp SDN110,299000.0,450000.0,151000.0,0.0,0,9460,,https://tiki.vngiay-sandal-nu-da-bo-that-biggben-cao-cap-sdn110-p276099620.html?spid=276099622,giày sandal nữ da bò
275385677,"Sandal nữ hở mũi 7 phân RO658 ROSATA tại BCASHOP quai sau phối thun êm ái, thiết kế độc đáo và sang trọng, thời trang",429000.0,429000.0,0.0,0.0,0,307540,,https://tiki.vnsandal-nu-ho-mui-7-phan-ro658-rosata-tai-bcashop-quai-sau-phoi-thun-em-ai-thiet-ke-doc-dao-va-sang-trong-thoi-trang-p275385677.html?spid=275385681,sandal nữ mũi phân ro658
274712610,Sandal Bitis nữ cao gót thời trang 5cm (35-39),460000.0,460000.0,0.0,0.0,0,174218,,https://tiki.vnsandal-bitis-nu-cao-got-thoi-trang-5cm-35-39-p274712610.html?spid=274712617,sandal bitis nữ cao gót
273983986,"Sandal sức khỏe nữ Aetrex Tory Camel - Giày cao gót 8p, đệm mềm giảm đau chân",4985000.0,4985000.0,0.0,0.0,0,302,,https://tiki.vnsandal-suc-khoe-nu-aetrex-tory-camel-giay-cao-got-8p-dem-mem-giam-dau-chan-p273983986.html?spid=273984964,sandal sức khỏe nữ
271676196,"Xịt Khử Mùi Giày ECOHOME-Xịt Khử Mùi Giày ECOHOME Kim Ngân Store Giúp Đôi Chân Luôn Thoáng Mát, Sảng Khoái Chai 100ml",56000.0,112000.0,56000.0,0.0,0,146703,,https://tiki.vnxit-khu-mui-hoi-chan-giay-dep-cong-nghe-sinh-hoc-ecohome-100ml-giup-sach-se-kho-thoang-ngan-mui-hoi-chan-mu-bao-hiem-p271676196.html?spid=271676197,xịt khử mùi giày
271421497,Dép Đế Xuồng Nữ BIGBEN Da Bò Thật Cao 7 Phân DX46,319000.0,400000.0,81000.0,0.0,0,9460,,https://tiki.vndep-de-xuong-nu-bigben-da-bo-that-cao-7-phan-dx46-p271421497.html?spid=271421505,dép đế xuồng nữ
270549063,Cuộn Băng quấn ngón tay ngón chân 4.4 mét Băng khớp Bảo vệ Tay Giảm đau khi Chơi Tennis Quần vợt Bóng rổ Bóng chuyền Legaxi,15000.0,15000.0,0.0,5.0,1,3196,,https://tiki.vncuon-bang-quan-ngon-tay-ngon-chan-bang-khop-bao-ve-tay-giam-dau-khi-choi-tennis-quan-vot-bong-ro-bong-chuyen-legaxi-p270549063.html?spid=270549065,băng quấn ngón tay
263276164,Chuck All Star Canvas Platform Black Low Top | Giày Đế Cao Cổ Ngắn Vải Đen 560250C,1700000.0,1700000.0,0.0,0.0,0,77420,,https://tiki.vnchuck-taylor-all-star-canvas-platform-black-low-top-giay-de-cao-co-ngan-vai-den-p263276164.html?spid=263276167,chuck all star canvas
263276117,Chuck Taylor All Star Dainty Mule | Sục Converse Thể Thao Trắng Vải 567946C,1450000.0,1450000.0,0.0,0.0,0,77420,,https://tiki.vnchuck-taylor-all-star-dainty-mule-suc-converse-the-thao-trang-vai-p263276117.html?spid=263276123,chuck taylor all star
263033290,Giày Sục Nữ Đế Xuồng HÀ NAM Da Bò Thật Cao Cấp 4cm DNU2171,390000.0,390000.0,0.0,0.0,0,93132,,https://tiki.vngiay-suc-nu-de-xuong-4cm-ha-nam-da-bo-that-cao-cap-dnu2171-p263033290.html?spid=263033292,giày sục nữ đế xuồng
253184978,Giày Búp Bê Nữ Cao Gót HA NAM Da Bò Thật Thời Trang Cao Cấp 5cm GBBN2080,450000.0,450000.0,0.0,0.0,0,323804,,https://tiki.vngiay-cao-got-nu-ha-nam-da-bo-cao-cap-5-phan-gbbn2081d-p253184978.html?spid=253185030,giày búp bê nữ cao
249005919,Đệm lót ngồi Silicon 3D 2 Lớp Thoáng Khí Thiết Kế gel tổ ong - Chính hãng dododios,188000.0,188000.0,0.0,0.0,0,248883,,https://tiki.vndem-lot-ngoi-silicon-3d-2-lop-thoang-khi-thiet-ke-gel-to-ong-chinh-hang-dododios-p249005919.html?spid=249005923,đệm lót ngồi silicon
217759521,Giày Nữ Búp Bê Đế Xuồng Da Bò Thật TiTi ĐÔ Cao Cấp 4cm GBB2026d,422000.0,422000.0,0.0,0.0,0,323804,,https://tiki.vngiay-nu-bup-be-de-xuong-da-bo-that-ha-nam-cao-cap-4cm-gbb2026d-p217759521.html?spid=217759544,giày nữ búp bê đế
207780495,Dép Sục Nữ Da Bò Thật BIGGBEN Cao 5 phân SBN49,369000.0,450000.0,81000.0,0.0,0,9460,,https://tiki.vndep-suc-nu-da-bo-that-biggben-cao-5-phan-sbn49-p207780495.html?spid=207780503,dép sục nữ da bò biggben
201623929,Cài giày phụ kiện dây xích đeo giày boot giày sneaker chuỗi cài phụ kiện quần áo hip hop cá tính,89000.0,89000.0,0.0,0.0,0,19782,,https://tiki.vncai-giay-phu-kien-day-xich-deo-giay-boot-giay-sneaker-chuoi-cai-phu-kien-quan-ao-hip-hop-ca-tinh-p201623929.html?spid=201623930,cài giày phụ kiện dây xích
195520342,Dép Sục Nữ Da Bò Thật BIGGBEN Cao 3 phân SBN45,329000.0,450000.0,121000.0,4.7,7,9460,,https://tiki.vndep-suc-nu-da-bo-that-biggben-cao-3-phan-sbn45-p195520342.html?spid=195520378,dép sục nữ da bò biggben
194187720,giày bít trơn mũi nhọn sang trọng,390000.0,390000.0,0.0,0.0,0,300310,,https://tiki.vngiay-bit-tron-mui-nhon-sang-trong-co-bao-hanh-giao-hoa-toc-p194187720.html?spid=194187740,giày bít trơn mũi nhọn
194186844,giày cao gót đính sao cao cấp 10cm ( free shipping - bảo hành 1 năm ),440000.0,440000.0,0.0,0.0,0,300310,,https://tiki.vngiay-cao-got-dinh-sao-cao-cap-10cm-free-shipping-bao-hanh-1-nam-p194186844.html?spid=194186848,giày cao gót đính cao cấp
193539394,Giày Thể Thao Nữ Biti's Êmbrace DSW066400HOG (Hồng),579000.0,579000.0,0.0,5.0,10,178519,,https://tiki.vngiay-the-thao-nu-biti-s-embrace-dsw066400hog-hong-p193539394.html?spid=193539398,giày thể thao nữ biti
190741773,Dép Nữ Da Bò Thật BIGGBEN Cao Cấp DNQN50,269000.0,370000.0,101000.0,4.3,4,9460,,https://tiki.vndep-nu-da-bo-that-biggben-cao-cap-dnqn50-p190741773.html?spid=190741804,dép nữ da bò biggben
175014682,Dép Nữ Quai Chéo Đế Xuồng HÀ NAM Da Bò Thời Trang Cao Cấp 7cm DNU2119,320000.0,320000.0,0.0,0.0,0,93132,,https://tiki.vndep-nu-quai-cheo-de-xuong-titi-do-cao-cap-dnu2119a-p175014682.html?spid=175014701,dép nữ quai chéo đế xuồng
166034273,Dép nữ da bò thật BIGGBEN cao cấp DNQN42,350000.0,350000.0,0.0,4.7,3,9460,,https://tiki.vndep-nu-da-bo-that-biggben-cao-cap-dnqn42-p166034273.html?spid=166034305,dép nữ da bò biggben
160887203,[Loại Tốt] Chai Tẩy Trắng Vết Dơ - Ố Vàng - Ẩm Mốc Giày Dép KhoNCC Hàng Chính Hãng - Nhanh Chóng và Hiệu Quả Tức Thì,25000.0,25000.0,0.0,4.0,2,762,,https://tiki.vnloai-tot-chai-tay-trang-vet-do-o-vang-am-moc-giay-dep-khoncc-hang-chinh-hang-nhanh-chong-va-hieu-qua-klvq-1459-plac-p160887203.html?spid=160887204,chai tẩy trắng vết
148750952,"Dép chiếu mang trong nhà có lớp chiếu tỏa ra hơi ấm, hương thơm nhẹ giúp kích thích các huyệt đạo trong lòng bàn chân, cho đôi chân thơm, mát và khô thoáng",68000.0,68000.0,0.0,4.7,3,61212,,https://tiki.vndep-chieu-mang-trong-nha-co-lop-chieu-toa-ra-hoi-am-huong-thom-nhe-giup-kich-thich-cac-huyet-dao-trong-long-ban-chan-cho-doi-chan-thom-mat-va-kho-thoang-p148750952.html?spid=148750958,dép chiếu mang nhà
120168820,Dụng cụ Đón gót giày bằng sừng cho mọi tư thế (Dài 38 - 42cm) DGH901-40 - Đón gót giày cho cả nam và nữ,139000.0,139000.0,0.0,0.0,0,253372,,https://tiki.vnvong-tay-sung-ho-lo-phong-thuy-du-size-mau-may-man-va-binh-an-cho-ban-bh611-p120168820.html?spid=163304731,dụng cụ đón gót giày
108311449,Dép Sục Nữ Da Bò BIGGBEN Cao Cấp SBN39,319000.0,400000.0,81000.0,4.8,14,9460,,https://tiki.vndep-suc-nu-da-bo-biggben-cao-cap-sbn39-p108311449.html?spid=108311453,dép sục nữ da bò biggben
52236446,Giày Sandal Nữ Đế Xuồng BIGGBEN Da Bò Thật SDX14,339000.0,400000.0,61000.0,4.5,23,9460,,https://tiki.vngiay-sandal-nu-de-xuong-biggben-da-bo-that-sdx14-p52236446.html?spid=52236448,giày sandal nữ đế xuồng
44573411,Dép nữ thời trang Huy Hoàng đế vuông màu đen HT7945,419000.0,419000.0,0.0,5.0,1,96748,,https://tiki.vndep-nu-thoi-trang-huy-hoang-de-vuong-mau-den-ht7945-p44573411.html?spid=45519395,dép nữ thời trang huy hoàng đế
36978601,Giày Sandal Nữ BIGGBEN Da Bò Thật SDN40 - 35,339000.0,400000.0,61000.0,5.0,20,9460,,https://tiki.vngiay-sandal-xo-ngon-nu-biggben-da-bo-that-sdn40-p36978601.html?spid=36978603,giày sandal nữ biggben
10048322,Dép Nữ Đế Xuồng BIGGBEN Da Bò Thật DX6,279000.0,500000.0,221000.0,4.8,4,9460,,https://tiki.vndep-nu-de-xuong-biggben-da-bo-that-dx6-p10048322.html?spid=10048324,dép nữ đế xuồng biggben
8008933,Dép Nữ Đế Xuồng BIGGBEN Da Bò Thật DX3,279000.0,400000.0,121000.0,4.8,8,9460,,https://tiki.vndep-nu-de-xuong-biggben-da-bo-that-dx3-p8008933.html?spid=8008937,dép nữ đế xuồng biggben
8005607,Sandal Nữ BIGGBEN Da Bò Thật Cao Cấp SDN06,329000.0,450000.0,121000.0,4.5,8,9460,,https://tiki.vngiay-sandal-nu-biggben-da-bo-that-sdn06-p8005607.html?spid=8005609,sandal nữ biggben da bò
2601613,"Bộ 3 chai xịt khử mùi giày dép, mũ bảo hiểm 120ml Hando",89000.0,89000.0,0.0,0.0,0,7976,,https://tiki.vnbo-3-chai-xit-khu-mui-giay-dep-mu-bao-hiem-120ml-hando-p2601613.html?spid=3908905,bộ chai xịt khử
278836216,"[ĐẸP LẠ VÀ SANG] Giày Đi Tiệc Nữ RO705 ROSATA Cao 8cm Và Quai Bản To, Da Bóng Sang Chảnh",389000.0,389000.0,0.0,0.0,0,307540,,https://tiki.vndep-la-va-sang-giay-di-tiec-nu-ro705-rosata-cao-8cm-va-quai-ban-to-da-bong-sang-chanh-p278836216.html?spid=278836228,giày đi tiệc nữ
278759935,"Sandal nữ xỏ ngón, khóa kéo sau, gót nhọn ROSATA RO707 -8p- Đen, Trắng - BKSTORE",390000.0,390000.0,0.0,0.0,0,44660,,https://tiki.vnsandal-nu-xo-ngon-khoa-keo-sau-got-nhon-rosata-ro707-8p-den-trang-bkstore-p278759935.html?spid=278759953,sandal nữ xỏ ngón khóa
278635754,[THANH LỊCH - TRẺ TRUNG] Thiết Kế Dép Guốc Đế Xuồng Xỏ Ngón Cao Gót 5p RO731 ROSATA Đi Làm - Đi Chơi Đều Thoải,395000.0,395000.0,0.0,0.0,0,307540,,https://tiki.vnthanh-lich-tre-trung-thiet-ke-dep-guoc-de-xuong-xo-ngon-cao-got-5p-ro731-rosata-di-lam-di-choi-deu-thoai-p278635754.html?spid=278635770,thiết kế dép guốc đế xuồng
278570863,Dép Xỏ Ngón Nữ Da Bò Thật BIGGBEN Cao Cấp DXN51,319000.0,450000.0,131000.0,0.0,0,9460,,https://tiki.vndep-xo-ngon-nu-da-bo-that-biggben-cao-cap-dxn51-p278570863.html?spid=278570873,dép xỏ ngón nữ
278570759,Giày Búp Bê Nữ Da Bò Thật BIGGBEN Cao 5 Phân BB141,349000.0,450000.0,101000.0,0.0,0,9460,,https://tiki.vngiay-bup-be-nu-da-bo-that-biggben-cao-5-phan-bb141-p278570759.html?spid=278570763,giày búp bê nữ da bò
278111781,DÉP CAO QUAI TRONG 7P PABNO PN22019,315000.0,315000.0,0.0,0.0,0,49994,,https://tiki.vndep-cao-quai-trong-7p-pabno-pn22019-p278111781.html?spid=278111793,dép cao quai
277878298,Sục Nữ Đế Xuồng HA NAM Da Bò Thật Đế Cao Su 5cm DNU2185,360000.0,360000.0,0.0,0.0,0,323804,,https://tiki.vnsuc-nu-de-xuong-ha-nam-da-bo-that-de-cao-su-5cm-dnu2185-p277878298.html?spid=277878370,sục nữ đế
277837008,Giày Nữ Búp Bê Đế Xuồng 5cm HÀ NAM Da Bò Thật Thời Trang Cao Cấp GBBN2086,360000.0,360000.0,0.0,0.0,0,323804,,https://tiki.vngiay-nu-bup-be-de-xuong-5cm-ha-nam-da-bo-that-thoi-trang-cao-cap-gbbn2086-p277837008.html?spid=277837018,giày nữ búp bê đế
277438005,Giày Búp Bê Nữ Cao Gót HA NAM Da Bò Thật Thời Trang Cao Cấp 5cm GBBN2090,380000.0,380000.0,0.0,0.0,0,323804,,https://tiki.vngiay-bup-be-nu-cao-got-ha-nam-da-bo-that-thoi-trang-cao-cap-5cm-gbbn2090-p277438005.html?spid=277438011,giày búp bê nữ cao
273052383,Dép Nữ Da Bò Thật BIGGBEN Cao Cấp DNQN60,329000.0,400000.0,71000.0,5.0,1,9460,,https://tiki.vndep-nu-da-bo-that-biggben-cao-cap-dnqn60-p273052383.html?spid=273052395,dép nữ da bò biggben
270120206,Dép Nữ Quai Ngang Đế Xuồng HÀ NAM Da Bò Thật Thời Trang Cao Cấp 4cm DNU2182,380000.0,380000.0,0.0,0.0,0,93132,,https://tiki.vndep-nu-quai-ngang-de-xuong-4cm-ha-nam-da-bo-thoi-trang-cao-cap-dnu2182-p270120206.html?spid=270120208,dép nữ quai ngang đế xuồng
263089400,"Giày cao gót nữ 5p RO330 ROSATA tại BCASHOP màu đỏ, mũi tròn, quai keo gai và có đính nơ nhã nhặn, thanh lịch",399000.0,399000.0,0.0,0.0,0,307540,,https://tiki.vngiay-cao-got-nu-5p-ro330-rosata-tai-bcashop-mau-do-mui-tron-quai-keo-gai-va-co-dinh-no-nha-nhan-thanh-lich-p263089400.html?spid=263089412,giày cao gót nữ p
263037482,Giày Sục Nữ Đế Xuồng Da Bò Thật TiTi ĐÔ Cao Cấp 4cm DNU2172,390000.0,390000.0,0.0,0.0,0,323804,,https://tiki.vngiay-suc-nu-de-xuong-4cm-titi-do-da-bo-that-cao-cap-dnu2172-p263037482.html?spid=263037496,giày sục nữ đế xuồng
253177738,Giày Búp Bê Nữ Cao Gót HA NAM Da Bò Thật Thời Trang Cao Cấp 5cm GBBN2081,450000.0,450000.0,0.0,0.0,0,323804,,https://tiki.vngiay-cao-got-nu-ha-nam-da-bo-cao-cap-5-phan-gbbn2081d-p253177738.html?spid=253177801,giày búp bê nữ cao
253170203,Giày Cao Gót Nữ HÀ NAM Da Bò Thật Cao Cấp 5cm GBBN2081,450000.0,450000.0,0.0,0.0,0,93132,,https://tiki.vngiay-cao-got-nu-ha-nam-da-bo-cao-cap-5-phan-gbbn2081-p253170203.html?spid=253170251,giày cao gót nữ hà nam
227985871,Dép Nữ Quai Ngang Đế Xuồng Da Bò Thật TiTi ĐÔ Cao Cấp 7cm DNU2073d,380000.0,380000.0,0.0,0.0,0,323804,,https://tiki.vndep-nu-quai-ngang-de-xuong-da-bo-that-ha-nam-cao-cap-4cm-dnu2073d-p227985871.html?spid=227985908,dép nữ quai ngang đế
217760532,Giày Nữ Búp Bê Đế Xuồng Da Bò Thật TiTi ĐÔ Cao Cấp 4cm GBB2034d,396000.0,396000.0,0.0,0.0,0,323804,,https://tiki.vngiay-nu-bup-be-de-xuong-da-bo-that-ha-nam-cao-cap-4cm-gbb2034d-p217760532.html?spid=217760551,giày nữ búp bê đế
217760212,Dép Nữ Quai Ngang Đế Xuồng Da Bò Thật TiTi ĐÔ Cao Cấp 7cm DNU2124d,280000.0,280000.0,0.0,0.0,0,323804,,https://tiki.vndep-nu-quai-ngang-de-xuong-da-bo-ha-nam-cao-cap-7cm-dnu2124d-p217760212.html?spid=217760276,dép nữ quai ngang đế
217506292,Giày Nữ Búp Bê Đế Bệt Da Bò Thật TiTi ĐÔ Cao Cấp GBBN2041d,378000.0,378000.0,0.0,0.0,0,323804,,https://tiki.vngiay-nu-bup-be-da-bo-that-ha-nam-cao-cap-gbbn2041d-p217506292.html?spid=217506320,giày nữ búp bê đế bệt
217506254,Giày Nữ Búp Bê Đế Xuồng Da Bò Thật TiTi ĐÔ Cao Cấp 4cm GBBN2035d,420000.0,420000.0,0.0,0.0,0,323804,,https://tiki.vngiay-nu-bup-be-de-xuong-da-bo-that-ha-nam-cao-cap-4cm-gbbn2035d-p217506254.html?spid=217506264,giày nữ búp bê đế
217274924,Giày Nữ Búp Bê Đế Xuồng Da Bò Thật TiTi ĐÔ Cao Cấp 4cm GBBN2044d,393000.0,393000.0,0.0,0.0,0,323804,,https://tiki.vngiay-bup-be-de-xuong-da-bo-that-ha-nam-cao-cap-4cm-gbbn2044d-p217274924.html?spid=217274939,giày nữ búp bê đế
210400634,Dép Nữ Quai Ngang Đế Xuồng HÀ NAM Da Bò Thật Cao Cấp 7cm DNU2151,450000.0,450000.0,0.0,0.0,0,93132,,https://tiki.vndep-nu-quai-ngang-de-xuong-da-bo-ha-nam-cao-cap-dnu2151-p210400634.html?spid=210400638,dép nữ quai ngang đế xuồng
210165542,Giày Sandal Nữ Đế Xuồng HÀ NAM Da Bò Thật Thời Trang Cao Cấp 7cm DNU2149,450000.0,450000.0,0.0,0.0,0,93132,,https://tiki.vngiay-sandal-nu-de-xuong-da-bo-ha-nam-cao-cap-dnu2149-p210165542.html?spid=210165572,giày sandal nữ đế xuồng
190759720,Dép Đế Xuồng Nữ Da Bò Thật BIGGBEN Cao 5cm DX39,259000.0,400000.0,141000.0,0.0,0,9460,,https://tiki.vndep-de-xuong-nu-da-bo-that-biggben-cao-5cm-dx39-p190759720.html?spid=190759724,dép đế xuồng nữ
181523407,Giày Búp Bê Nữ Đế Bệt HÀ NAM Da Bò Thật Cao Cấp GBBN2062,388000.0,388000.0,0.0,5.0,1,93132,,https://tiki.vngiay-bup-be-nu-da-bo-that-giay-ha-nam-cao-cap-gbbn2062-p181523407.html?spid=181523409,giày búp bê nữ đế bệt
177518483,Dép Nữ Quai Ngang Đế Xuồng HÀ NAM Da Bò Thời Trang Cao Cấp 7cm DNU2124,360000.0,360000.0,0.0,0.0,0,93132,,https://tiki.vndep-nu-quai-ngang-de-xuong-giay-ha-nam-cao-cap-dnu2124-p177518483.html?spid=177518489,dép nữ quai ngang đế xuồng
129449998,"HJ7909-10-11 - Giày nữ búp bê Huy Hoàng da bò màu đỏ đô, cam, tím",342300.0,489000.0,146700.0,0.0,0,223818,,https://tiki.vnhj7909-10-11-giay-nu-bup-be-huy-hoang-da-bo-mau-do-do-cam-tim-p129449998.html?spid=129450020,hj7909
120049231,"Giày nữ búp bê da bò Huy Hoàng màu đỏ đô, cam, tím HT7909-10-11",342300.0,489000.0,146700.0,0.0,0,1867,,https://tiki.vngiay-nu-bup-be-da-bo-huy-hoang-nhieu-mau-hp7909-10-11-p120049231.html?spid=120049506,giày nữ búp bê da bò
110461293,Giày Nữ Búp Bê Đế Xuồng HÀ NAM Da Bò Thật Cao Cấp 4cm GBBN2039,379000.0,379000.0,0.0,0.0,0,93132,,https://tiki.vngiay-nu-bup-be-da-bo-that-cao-cap-gbbn2039-p110461293.html?spid=110461305,giày nữ búp bê đế
102466287,Dép Nữ Đế Xuồng HÀ NAM Da Bò Thật Cao Cấp 4cm DNU2076,300000.0,300000.0,0.0,0.0,0,93132,,https://tiki.vndep-nu-de-xuong-da-bo-that-dnu2076-p102466287.html?spid=102466289,dép nữ đế xuồng hà nam
68989596,Giày Nữ Búp Bê Da Bò Thật HÀ NAM Cao Cấp BBN2029,324000.0,324000.0,0.0,4.7,3,93132,,https://tiki.vngiay-nu-bup-be-da-bo-that-cao-cap-bbn2029-p68989596.html?spid=68989602,giày nữ búp bê da bò
2691379,Giày Nữ Da Bò 5 Phân Huy Hoàng HT7941 - Da Bò,363300.0,519000.0,155700.0,4.3,6,1867,,https://tiki.vngiay-nu-da-bo-5-phan-huy-hoang-ht7941-da-bo-p2691379.html?spid=2691391,giày nữ da bò phân huy
2523745,Guốc Nữ Thời Trang Huy Hoàng HT7048 - Xanh,459000.0,459000.0,0.0,5.0,1,1867,,https://tiki.vnguoc-nu-thoi-trang-huy-hoang-ht7048-xanh-p2523745.html?spid=2523749,guốc nữ thời trang huy hoàng
2024027,Giày Nữ Búp Bê Da Bò Huy Hoàng HT7912 - Hồng,489000.0,489000.0,0.0,4.5,2,1867,,https://tiki.vngiay-nu-bup-be-da-bo-huy-hoang-ht7912-hong-p2024027.html?spid=2025447,giày nữ búp bê da bò
2023979,Giày Nữ Búp Bê Da Bò Huy Hoàng HT7908 - Xanh Đen,489000.0,489000.0,0.0,4.8,5,1867,,https://tiki.vngiay-nu-bup-be-da-bo-huy-hoang-ht7908-xanh-den-p2023979.html?spid=2025491,giày nữ búp bê da bò
1998803,Giày Sandal Nữ Cao Gót Huy Hoàng HT7060 - Nude (Size,469000.0,469000.0,0.0,5.0,2,1867,,https://tiki.vngiay-sandal-nu-cao-got-huy-hoang-ht7060-nude-p1998803.html?spid=2006755,giày sandal nữ cao gót
1998779,Giày Sandal Nữ Cao Gót Huy Hoàng HT7057 - Đen (Size,469000.0,469000.0,0.0,5.0,2,1867,,https://tiki.vngiay-sandal-nu-cao-got-huy-hoang-ht7057-den-p1998779.html?spid=2006727,giày sandal nữ cao gót
1991869,Dép Nữ Cao Gót Huy Hoàng HT7046 - Đỏ (Size,459000.0,459000.0,0.0,5.0,1,1867,,https://tiki.vndep-nu-cao-got-huy-hoang-ht7046-do-p1991869.html?spid=1992951,dép nữ cao gót huy hoàng
278607914,Giày Đế Xuồng Nữ BIGGBEN Da Bò Thật Cao 9 Phân SDX78,369000.0,500000.0,131000.0,0.0,0,9460,,https://tiki.vngiay-de-xuong-nu-biggben-da-bo-that-cao-9-phan-sdx78-p278607914.html?spid=278607924,giày đế xuồng nữ
277565661,Giày Sandal Cao Gót Da Bò BIGGBEN Cao 5 Phân SDCG142,379000.0,500000.0,121000.0,0.0,0,9460,,https://tiki.vngiay-sandal-cao-got-da-bo-biggben-cao-5-phan-sdcg142-p277565661.html?spid=277565669,giày sandal cao gót da bò
276671632,Giày Sandal Nữ Da Bò Thật BIGGBEN Cao Cấp SDN115,319000.0,450000.0,131000.0,0.0,0,9460,,https://tiki.vngiay-sandal-nu-da-bo-that-biggben-cao-cap-sdn115-p276671632.html?spid=276671640,giày sandal nữ da bò
276377417,Giày Đế Xuồng Nữ BIGGBEN Da Bò Thật Cao 5 Phân SDX75,339000.0,500000.0,161000.0,0.0,0,9460,,https://tiki.vngiay-de-xuong-nu-biggben-da-bo-that-cao-5-phan-sdx75-p276377417.html?spid=276377437,giày đế xuồng nữ
276191530,Gậy batong hỗ chợ đi lại dành cho người già kt dài 90x2cm ,299000.0,299000.0,0.0,0.0,0,227672,,https://tiki.vngay-batong-ho-cho-di-lai-danh-cho-nguoi-gia-kt-dai-90x2cm-p276191530.html?spid=276191531,gậy batong hỗ chợ đi lại
276094340,Dép Cao Gót Nữ BIGGBEN Da Bò Cao 7 Phân DCG103,359000.0,500000.0,141000.0,0.0,0,9460,,https://tiki.vndep-cao-got-nu-biggben-da-bo-cao-7-phan-dcg103-p276094340.html?spid=276094342,dép cao gót nữ biggben
275855837,Giày Đế Xuồng Nữ BIGGBEN Da Bò Thật Cao 7 Phân SDX72,369000.0,500000.0,131000.0,0.0,0,9460,,https://tiki.vngiay-de-xuong-nu-biggben-da-bo-that-cao-5-phan-sdx72-p275855837.html?spid=275855960,giày đế xuồng nữ
275855804,Giày Đế Xuồng Nữ BIGGBEN Da Bò Thật Cao 5 Phân SDX71,329000.0,450000.0,121000.0,0.0,0,9460,,https://tiki.vngiay-de-xuong-nu-biggben-da-bo-that-cao-5-phan-sdx71-p275855804.html?spid=275855808,giày đế xuồng nữ
275500279,Dép quai kẹp Bitis nữ (35-39),215000.0,215000.0,0.0,0.0,0,174218,,https://tiki.vndep-quai-kep-bitis-nu-35-39-p275500279.html?spid=275500289,dép quai kẹp bitis nữ
275377178,Giày Sandal Cao Gót Da Bò BIGGBEN Cao 8 Phân SDCG129,369000.0,500000.0,131000.0,5.0,1,9460,,https://tiki.vngiay-sandal-cao-got-da-bo-biggben-cao-8-phan-sdcg129-p275377178.html?spid=275377190,giày sandal cao gót da bò
274657663,Giày Sandal Cao Gót Da Bò BIGGBEN Cao 5 Phân SDCG123,379000.0,500000.0,121000.0,0.0,0,9460,,https://tiki.vngiay-sandal-cao-got-da-bo-biggben-cao-5-phan-sdcg123-p274657663.html?spid=274657676,giày sandal cao gót da bò
274643502,Giày Sandal Cao Gót Da Bò BIGGBEN Cao 5 Phân SDCG120,379000.0,450000.0,71000.0,0.0,0,9460,,https://tiki.vngiay-sandal-cao-got-da-bo-biggben-cao-5-phan-sdcg120-p274643502.html?spid=274643510,giày sandal cao gót da bò
274643424,Giày Sandal Cao Gót Da Bò BIGGBEN Cao 8 Phân SDCG119,369000.0,500000.0,131000.0,0.0,0,9460,,https://tiki.vngiay-sandal-cao-got-da-bo-biggben-cao-8-phan-sdcg119-p274643424.html?spid=274643432,giày sandal cao gót da bò
271439141,Giày Sandal Nữ Da Bò Thật BIGGBEN Cao Cấp SDN95,319000.0,400000.0,81000.0,0.0,0,9460,,https://tiki.vngiay-sandal-nu-da-bo-that-biggben-cao-cap-sdn95-p271439141.html?spid=271439145,giày sandal nữ da bò
271424068,Giày Cao Gót Công Sở BIGGBEN Da Bò Thật Cao 5 Phân SDCG101,389000.0,400000.0,11000.0,0.0,0,9460,,https://tiki.vngiay-cao-got-cong-so-biggben-da-bo-that-cao-5-phan-sdcg101-p271424068.html?spid=271424086,giày cao gót công sở biggben
271422903,Giày Sandal Xỏ Ngón BIGGBEN Da Bò Thật Cao 3 Phân SDCG97,319000.0,400000.0,81000.0,0.0,0,9460,,https://tiki.vngiay-sandal-xo-ngon-biggben-da-bo-that-cao-3-phan-sdcg97-p271422903.html?spid=271422913,giày sandal xỏ ngón
271398219,Dép Nữ Da Bò Thật BIGGBEN Cao Cấp DNQN58,329000.0,400000.0,71000.0,0.0,0,9460,,https://tiki.vndep-nu-da-bo-that-biggben-cao-cap-dnqn58-p271398219.html?spid=271398227,dép nữ da bò biggben
262530566,Dép Sục Nữ Da Bò Thật BIGGBEN Cao 4 phân SBN50,289000.0,450000.0,161000.0,0.0,0,9460,,https://tiki.vndep-suc-nu-da-bo-that-biggben-cao-4-phan-sbn50-p262530566.html?spid=262530570,dép sục nữ da bò biggben
253110487,Dép quai kẹp Bitis nữ,205000.0,205000.0,0.0,0.0,0,174218,,https://tiki.vndep-quai-kep-bitis-nu-p253110487.html?spid=253110507,dép quai kẹp bitis nữ
251447685,"Sandal Biti's nữ đế 3,5cm",335000.0,335000.0,0.0,0.0,0,174218,,https://tiki.vnsandal-biti-s-nu-de-3-5cm-p251447685.html?spid=251447699,sandal biti s nữ đế
250107968,Giày Sandal Cao Gót BIGGBEN Da Bò Thật Cao 4 Phân SDCG88,319000.0,400000.0,81000.0,0.0,0,9460,,https://tiki.vngiay-sandal-cao-got-biggben-da-bo-that-cao-4-phan-sdcg88-p250107968.html?spid=250107980,giày sandal cao gót biggben
227986255,Giày Sandal Nữ Cao Gót HA NAM Da Bò Thật Cao Cấp 7cm DNU2129,360000.0,360000.0,0.0,0.0,0,323804,,https://tiki.vngiay-sandal-cao-got-nu-da-bo-that-ha-nam-cao-cap-7cm-dnu2129d-p227986255.html?spid=227986265,giày sandal nữ cao
217759532,Dép Nữ Quai Ngang Đế Xuồng Da Bò Thật TiTi ĐÔ Cao Cấp 7cm DNU2126d,280000.0,280000.0,0.0,0.0,0,323804,,https://tiki.vndep-nu-quai-ngang-de-xuong-da-bo-ha-nam-cao-cap-7cm-dnu2126d-p217759532.html?spid=217759552,dép nữ quai ngang đế
217506441,Giày Nữ Búp Bê Đế Bệt Da Bò Thật TiTi ĐÔ Cao Cấp GBBN2045d,393000.0,393000.0,0.0,0.0,0,323804,,https://tiki.vngiay-nu-bup-be-da-bo-that-ha-nam-cao-cap-gbbn2045d-p217506441.html?spid=217506463,giày nữ búp bê đế bệt
188657473,Giày Đế Xuồng Nữ Da Bò Thật BIGGBEN Cao 9cm SDX39,379000.0,450000.0,71000.0,4.7,3,9460,,https://tiki.vngiay-de-xuong-nu-da-bo-that-biggben-cao-9cm-sdx39-p188657473.html?spid=188657481,giày đế xuồng nữ
186740283,Giày Cao Gót Da Bò Thật BIGGBEN Gót 5 Phân SDCG79,329000.0,380000.0,51000.0,4.8,6,9460,,https://tiki.vngiay-cao-got-da-bo-that-biggben-got-5-phan-sdcg79-p186740283.html?spid=186740293,giày cao gót da bò biggben gót
173558280,Giày Sandal Cao Gót Da Bò Thật BIGGBEN Gót 4 Phân SDCG72,319000.0,380000.0,61000.0,0.0,0,9460,,https://tiki.vngiay-sandal-cao-got-da-bo-that-biggben-got-4-phan-sdcg72-p173558280.html?spid=173558290,giày sandal cao gót da bò
172963321,Dép Đế Xuồng Nữ Da Bò Thật BIGGBEN Cao Cấp DX36,319000.0,350000.0,31000.0,0.0,0,9460,,https://tiki.vndep-de-xuong-nu-da-bo-that-biggben-cao-cap-dx36-p172963321.html?spid=172963331,dép đế xuồng nữ
165997328,Giày sandal xuồng nữ da bò BIGGBEN cao cấp SDX34,359000.0,400000.0,41000.0,4.5,2,9460,,https://tiki.vngiay-sandal-xuong-nu-da-bo-biggben-cao-cap-sdx34-p165997328.html?spid=165997338,giày sandal xuồng nữ
145965875,Sandal Vento Nữ Quai Ngang dạo phố đi chơi đi học NB106 ( 4 Màu ),345000.0,345000.0,0.0,0.0,0,51843,,https://tiki.vnsandal-vento-nu-quai-ngang-nb106-4-mau-p145965875.html?spid=145965904,sandal vento nữ quai ngang
145964750,Sandal Vento Nữ Quai Ngang dạo phố đi chơi đi học đi làm NB80,385000.0,385000.0,0.0,5.0,1,51843,,https://tiki.vnsandal-vento-nu-thoi-trang-nb80-4-mau-p145964750.html?spid=145964768,sandal vento nữ quai ngang
110664465,Giày Nữ Búp Bê Đế Bệt HÀ NAM Da Bò Thật Cao Cấp GBBN2043,358000.0,358000.0,0.0,0.0,0,93132,,https://tiki.vngiay-nu-bup-be-da-bo-that-cao-cap-gbbn2043-p110664465.html?spid=110664467,giày nữ búp bê đế bệt
108511546,Giày Sandal Cao Gót Da Bò BIGGBEN SDCG67,319000.0,450000.0,131000.0,5.0,4,9460,,https://tiki.vngiay-sandal-cao-got-da-bo-biggben-sdcg67-p108511546.html?spid=108511566,giày sandal cao gót da
91255482,Giày Sandal Đế Xuồng Nữ Da Bò BIGGBEN Cao Cấp SDX29,299000.0,400000.0,101000.0,5.0,4,9460,,https://tiki.vngiay-sandal-de-xuong-nu-da-bo-biggben-cao-cap-sdx29-p91255482.html?spid=91255488,giày sandal đế xuồng nữ
91254419,Giày Sandal Đế Xuồng Nữ Da Bò BIGGBEN Cao Cấp SDX26,369000.0,450000.0,81000.0,4.6,7,9460,,https://tiki.vngiay-sandal-de-xuong-nu-da-bo-biggben-cao-cap-sdx26-p91254419.html?spid=91254421,giày sandal đế xuồng nữ
68584785,Dép Nữ Cao Gót BIGGBEN Cao Cấp DCG42,269000.0,400000.0,131000.0,4.2,6,9460,,https://tiki.vndep-nu-cao-got-biggben-cao-cap-dcg42-p68584785.html?spid=68584797,dép nữ cao gót biggben
59211327,Giày Sandal Nữ BIGGBEN Da Bò Thật SDN62,319000.0,460000.0,141000.0,4.5,25,9460,,https://tiki.vngiay-sandal-nu-biggben-da-bo-that-sdn62-p59211327.html?spid=59211331,giày sandal nữ biggben
8441314,Dép Xỏ Ngón Nữ BIGGBEN Da Bò Thật Cao Cấp DXN12,279000.0,279000.0,0.0,4.8,10,9460,,https://tiki.vndep-xo-ngon-nu-biggben-da-bo-that-dxn12-p8441314.html?spid=8441324,dép xỏ ngón nữ
6187099,Dép Cao Gót Nữ BIGGBEN Da Bò Thật DCG02,349000.0,400000.0,51000.0,4.7,6,9460,,https://tiki.vndep-cao-got-nu-biggben-da-bo-that-dcg02-p6187099.html?spid=6187107,dép cao gót nữ biggben
278806792,Sandal nữ Hello Helio (35-40),499000.0,499000.0,0.0,0.0,0,174218,,https://tiki.vnsandal-nu-hello-helio-35-40-p278806792.html?spid=278806798,sandal nữ hello
277561714,Giày Sandal Cao Gót Da Bò BIGGBEN Cao 4 Phân SDCG141,379000.0,500000.0,121000.0,0.0,0,9460,,https://tiki.vngiay-sandal-cao-got-da-bo-biggben-cao-4-phan-sdcg141-p277561714.html?spid=277561720,giày sandal cao gót da bò
277549269,Dép Cao Gót Nữ BIGGBEN Da Bò Cao 5 Phân DCG106,349000.0,500000.0,151000.0,0.0,0,9460,,https://tiki.vndep-cao-got-nu-biggben-da-bo-cao-5-phan-dcg106-p277549269.html?spid=277549279,dép cao gót nữ biggben
277286136,Dép Sục Nữ Da Bò Thật BIGGBEN Cao Cấp SBN58,349000.0,450000.0,101000.0,0.0,0,9460,,https://tiki.vndep-suc-nu-da-bo-that-biggben-cao-cap-sbn58-p277286136.html?spid=277286146,dép sục nữ da bò biggben
276377464,Giày Đế Xuồng Nữ BIGGBEN Da Bò Thật Cao 7 Phân SDX76,379000.0,500000.0,121000.0,0.0,0,9460,,https://tiki.vngiay-de-xuong-nu-biggben-da-bo-that-cao-7-phan-sdx76-p276377464.html?spid=276377504,giày đế xuồng nữ
276103505,Giày Sandal Nữ Da Bò Thật BIGGBEN Cao Cấp SDN111,319000.0,450000.0,131000.0,0.0,0,9460,,https://tiki.vngiay-sandal-nu-da-bo-that-biggben-cao-cap-sdn111-p276103505.html?spid=276103517,giày sandal nữ da bò
276090195,Dép Xỏ Ngón Nữ Da Bò Thật BIGGBEN Cao Cấp DXN48,319000.0,450000.0,131000.0,0.0,0,9460,,https://tiki.vndep-xo-ngon-nu-da-bo-that-biggben-cao-cap-dxn48-p276090195.html?spid=276090197,dép xỏ ngón nữ
275893699,Giày sandal  nữ cao gót 8cm Trường Hải da mềm màu đen thời trang XD120,299000.0,299000.0,0.0,0.0,0,11395,,https://tiki.vngiay-sandal-nu-cao-got-8cm-truong-hai-da-mem-mau-den-thoi-trang-xd120-p275893699.html?spid=275893701,giày sandal nữ cao gót
275836665,Dép Sục Nữ Da Bò Thật BIGGBEN Cao 3 phân SBN54,289000.0,500000.0,211000.0,0.0,0,9460,,https://tiki.vndep-suc-nu-da-bo-that-biggben-cao-3-phan-sbn54-p275836665.html?spid=275836671,dép sục nữ da bò biggben
275381850,"Giày Sandal Cao Gót Da Bò BIGGBEN Cao 3,5 Phân SDCG131",329000.0,450000.0,121000.0,0.0,0,9460,,https://tiki.vngiay-sandal-cao-got-da-bo-biggben-cao-3-5-phan-sdcg131-p275381850.html?spid=275381866,giày sandal cao gót da bò
274847957,Dép quai kẹp Bitis đế 7cm nữ (35-39),265000.0,265000.0,0.0,0.0,0,174218,,https://tiki.vndep-quai-kep-bitis-de-7cm-nu-35-39-p274847957.html?spid=274847983,dép quai kẹp bitis đế
274643586,Giày Sandal Cao Gót Da Bò BIGGBEN Cao 5 Phân SDCG121,379000.0,450000.0,71000.0,0.0,0,9460,,https://tiki.vngiay-sandal-cao-got-da-bo-biggben-cao-5-phan-sdcg121-p274643586.html?spid=274643596,giày sandal cao gót da bò
274618620,Giày Sandal Cao Gót Da Bò BIGGBEN Cao 8 Phân SDCG115,379000.0,500000.0,121000.0,0.0,0,9460,,https://tiki.vngiay-sandal-biggben-da-bo-that-cao-6-phan-sdcg115-p274618620.html?spid=274618640,giày sandal cao gót da bò
274613783,Dép Cao Gót Nữ BIGGBEN Da Bò Cao 5 Phân DCG91,359000.0,500000.0,141000.0,0.0,0,9460,,https://tiki.vndep-cao-got-nu-biggben-da-bo-cao-5-phan-dcg91-p274613783.html?spid=274613791,dép cao gót nữ biggben
274524012,"Giày Sandal Nữ cao gót TRường Hải quai ngang da bóng 2 màu đen, kem đế PU cao 8cm SD145K",319000.0,319000.0,0.0,0.0,0,11395,,https://tiki.vngiay-sandal-nu-cao-got-truong-hai-quai-ngang-da-bong-2-mau-den-kem-de-pu-cao-8cm-sd145k-p274524012.html?spid=274524026,giày sandal nữ cao
273659266,Giày Sandal BIGGBEN Da Bò Thật Cao 5 Phân SDCG114,399000.0,500000.0,101000.0,5.0,1,9460,,https://tiki.vngiay-sandal-biggben-da-bo-that-cao-5-phan-sdcg114-p273659266.html?spid=273659278,giày sandal biggben da bò
273265500,Dép Cao Gót Nữ BIGGBEN Da Bò Cao 5 Phân DCG78,339000.0,450000.0,111000.0,0.0,0,9460,,https://tiki.vndep-cao-got-nu-biggben-da-bo-cao-5-phan-dcg78-p273265500.html?spid=273265530,dép cao gót nữ biggben
272443957,"Xăng đan nữ cao gót 6cm Trường Hải da mềm 2 màu đen, kem XD150",319000.0,319000.0,0.0,0.0,0,11395,,https://tiki.vnxang-dan-nu-cao-got-6cm-truong-hai-da-mem-2-mau-den-kem-xd150-p272443957.html?spid=272443969,xăng đan nữ cao gót
254904331,Dép cao gót TRường Hải màu đen gót vuông 8cm da mềm DN138,299000.0,299000.0,0.0,0.0,0,11395,,https://tiki.vndep-cao-got-truong-hai-mau-den-got-vuong-8cm-da-mem-dn138-p254904331.html?spid=254904341,dép cao gót trường
252221679,Dép xỏ ngón nữ da bò mềm mại  Trường Hải có 2 màu XNN009,249000.0,249000.0,0.0,0.0,0,11395,,https://tiki.vndep-xo-ngon-nu-da-bo-mem-mai-truong-hai-co-2-mau-xnn009-p252221679.html?spid=252221681,dép xỏ ngón nữ
252090757,Sandal nữ đế bằng ngang một bản da bò mềm mại cao 4cm Trường Hải SDN135Đ,279000.0,279000.0,0.0,0.0,0,11395,,https://tiki.vnsandal-nu-de-bang-ngang-mot-ban-da-bo-mem-mai-cao-4cm-truong-hai-sdn135d-p252090757.html?spid=252090759,sandal nữ đế ngang
207506392,Dép Cao Gót Nữ BIGGBEN Da Bò Cao 9 Phân DCG67,400000.0,400000.0,0.0,0.0,0,9460,,https://tiki.vndep-cao-got-nu-biggben-da-bo-cao-9-phan-dcg67-p207506392.html?spid=207506396,dép cao gót nữ biggben
207360213,Dép Xỏ Ngón Nữ Da Bò Thật BIGGBEN Cao Cấp DXN43,319000.0,350000.0,31000.0,0.0,0,9460,,https://tiki.vndep-xo-ngon-nu-da-bo-that-biggben-cao-cap-dxn43-p207360213.html?spid=207360227,dép xỏ ngón nữ
200971148,Giày nữ đế xuồng 3cm hở mũi Trường Hải da bò thật màu đen DX135,262000.0,262000.0,0.0,4.5,2,11395,,https://tiki.vngiay-nu-de-xuong-3cm-ho-mui-truong-hai-da-bo-that-mau-den-dx135-p200971148.html?spid=200971154,giày nữ đế xuồng
198413159,Dép Nữ Da Bò Thật BIGGBEN Cao Cấp DNQN53,329000.0,400000.0,71000.0,5.0,4,9460,,https://tiki.vndep-nu-da-bo-that-biggben-cao-cap-dnqn53-p198413159.html?spid=198413169,dép nữ da bò biggben
130133225,HJ7863-64-65 - Giày trẻ em nữ Huy Hoàng da bò phối nhiều màu,293300.0,419000.0,125700.0,0.0,0,223818,,https://tiki.vnhj7863-64-65-giay-tre-em-nu-huy-hoang-da-bo-phoi-nhieu-mau-p130133225.html?spid=130133255,hj7863 65 giày trẻ em
129278456,"HJ7046-47-50 - Giày nữ Huy Hoàng màu đỏ, đen, xanh",321300.0,459000.0,137700.0,0.0,0,223818,,https://tiki.vnhj7046-47-50-giay-nu-huy-hoang-mau-do-den-xanh-p129278456.html?spid=129278468,hj7046 47 giày nữ
120049350,"Dép nữ thời trang Huy Hoàng màu đen, đỏ, kem HT7930-31-32",293300.0,419000.0,125700.0,0.0,0,1867,,https://tiki.vnhp7930-31-32-dep-nu-thoi-trang-huy-hoang-mau-den-do-kem-p120049350.html?spid=120049410,dép nữ thời trang huy hoàng
108703849,Giày Sandal Đế Xuồng Nữ Da Bò BIGGBEN Cao Cấp SDX32,319000.0,450000.0,131000.0,4.8,6,9460,,https://tiki.vngiay-sandal-de-xuong-nu-da-bo-biggben-cao-cap-sdx32-p108703849.html?spid=108703853,giày sandal đế xuồng nữ
108591209,Giày Sandal Đế Xuồng Nữ Da Bò BIGGBEN Cao Cấp SDX31,369000.0,450000.0,81000.0,0.0,0,9460,,https://tiki.vngiay-sandal-de-xuong-nu-da-bo-biggben-cao-cap-sdx31-p108591209.html?spid=108591221,giày sandal đế xuồng nữ
106583924,Giày búp bê nữ đế xuồng da bò BIGGBEN BB95,339000.0,400000.0,61000.0,4.8,11,9460,,https://tiki.vngiay-bup-be-nu-de-xuong-da-bo-biggben-bb95-p106583924.html?spid=106583940,giày búp bê nữ đế xuồng
95211921,Sandal Bitis nữ,330000.0,330000.0,0.0,5.0,1,174218,,https://tiki.vnsandal-bitis-nu-p95211921.html?spid=95211927,sandal bitis nữ
52275306,Giày Sandal Cao Gót BIGGBEN Da Bò Thật SDCG44,349000.0,500000.0,151000.0,4.5,35,9460,,https://tiki.vngiay-sandal-cao-got-biggben-da-bo-that-sdcg44-p52275306.html?spid=52275308,giày sandal cao gót biggben
44573667,Giày nữ hoa văn Huy Hoàng da bò màu nâu đất HT7952,342300.0,489000.0,146700.0,0.0,0,1867,,https://tiki.vngiay-nu-hoa-van-huy-hoang-da-bo-mau-nau-dat-ht7952-p44573667.html?spid=44573673,giày nữ hoa văn huy hoàng
44573325,Dép nữ Huy Hoàng da cá sấu màu xanh đậm HT7241,799000.0,799000.0,0.0,0.0,0,1867,,https://tiki.vndep-nu-huy-hoang-da-ca-sau-mau-xanh-dam-ht7241-p44573325.html?spid=44573333,dép nữ huy hoàng da
22968560,Sandal Xuồng Nữ BIGGBEN Cao Cấp SDX09,319000.0,400000.0,81000.0,4.7,3,9460,,https://tiki.vnsandal-xuong-nu-biggben-cao-cap-sdx09-p22968560.html?spid=22968564,sandal xuồng nữ biggben
15333738,Giày Sandal Kẹp Nữ BIGGBEN Da Bò Thật SDN31,319000.0,400000.0,81000.0,4.5,19,9460,,https://tiki.vngiay-sandal-kep-nu-biggben-da-bo-that-sdn31-p15333738.html?spid=15333740,giày sandal kẹp nữ
6019187,Giày Búp Bê BIGGBEN Da Bò Thật BB06,339000.0,350000.0,11000.0,0.0,0,9460,,https://tiki.vngiay-bup-be-biggben-da-bo-that-bb06-p6019187.html?spid=6019207,giày búp bê biggben da bò
2689701,Dép Nữ Thời Trang Huy Hoàng HT7934 - Đỏ,419000.0,419000.0,0.0,5.0,4,1867,,https://tiki.vndep-nu-thoi-trang-huy-hoang-ht7934-do-p2689701.html?spid=2689717,dép nữ thời trang huy hoàng
2688899,Dép Nữ Thời Trang Huy Hoàng HT7931 - Đỏ,419000.0,419000.0,0.0,4.0,2,1867,,https://tiki.vndep-nu-thoi-trang-huy-hoang-ht7931-do-p2688899.html?spid=2688907,dép nữ thời trang huy hoàng
278949786,Dép Cao Gót Nữ BIGGBEN Da Bò Cao 5 Phân DCG116,379000.0,500000.0,121000.0,0.0,0,9460,,https://tiki.vndep-cao-got-nu-biggben-da-bo-cao-5-phan-dcg116-p278949786.html?spid=278949794,dép cao gót nữ biggben
278941934,Dép Cao Gót Nữ BIGGBEN Da Bò Cao 5 Phân DCG115,379000.0,500000.0,121000.0,0.0,0,9460,,https://tiki.vndep-cao-got-nu-biggben-da-bo-cao-5-phan-dcg115-p278941934.html?spid=278941940,dép cao gót nữ biggben
278526181,Dép quai kẹp Biti's nữ đế 3 cm (size 35-39),189000.0,189000.0,0.0,0.0,0,174218,,https://tiki.vndep-quai-kep-biti-s-nu-de-3-cm-size-35-39-p278526181.html?spid=278526195,dép quai kẹp biti s
278380584, Dép quai kẹp Biti's nữ (35-39),132000.0,132000.0,0.0,0.0,0,174218,,https://tiki.vndep-quai-kep-biti-s-nu-35-39-p278380584.html?spid=278380600,dép quai kẹp biti s
277462965,Lọ Nước Lau Giày Túi Xách Plac Chai Cọ Tẩy Trắng Giày Sneaker Đầu Chổi,29500.0,29500.0,0.0,0.0,0,291512,,https://tiki.vnlo-nuoc-lau-giay-tui-xach-plac-chai-co-tay-trang-giay-sneaker-dau-choi-p277462965.html?spid=277462966,lọ nước lau giày
276967928,Dép Cao Gót Nữ BIGGBEN Da Bò Cao 5 Phân DCG104,500000.0,500000.0,0.0,0.0,0,9460,,https://tiki.vndep-cao-got-nu-biggben-da-bo-cao-5-phan-dcg104-p276967928.html?spid=276967938,dép cao gót nữ biggben
276190862,Dép đi trong nhà Linh Chi Bedding đi trong nhà văn phòng nhà tắm trống trơn trượt - Xanh lá,27500.0,27500.0,0.0,0.0,0,291512,,https://tiki.vndep-di-trong-nha-linh-chi-bedding-di-trong-nha-van-phong-nha-tam-trong-tron-truot-p276190862.html?spid=276190868,dép đi nhà linh chi
275377221,Giày Sandal Cao Gót Da Bò BIGGBEN Cao 8 Phân SDCG130,379000.0,500000.0,121000.0,5.0,1,9460,,https://tiki.vngiay-sandal-cao-got-da-bo-biggben-cao-8-phan-sdcg130-p275377221.html?spid=275377237,giày sandal cao gót da bò
272374760,Giày búp bê da bò mũi nhọn đế bằng Trường Hải da mềm màu đen GBB125,289000.0,289000.0,0.0,0.0,0,11395,,https://tiki.vngiay-bup-be-da-bo-mui-nhon-de-bang-truong-hai-da-mem-mau-den-gbb125-p272374760.html?spid=272374770,giày búp bê da bò mũi nhọn đế
270548902,Băng keo dán giày cao gót 4.4 mét guốc Chống nước Thoáng khí Dán gót Bảo vệ chân Tiện dụng Legaxi,13000.0,13000.0,0.0,5.0,1,3196,,https://tiki.vnbang-keo-dan-giay-cao-got-guoc-chong-nuoc-thoang-khi-dan-got-bao-ve-chan-tien-dung-legaxi-p270548902.html?spid=270548906,băng keo dán giày
250080862,"Cuộn băng keo 5 mét dododios dán gót chân chống đau chân, chai chân khi mang giày cao gót",40000.0,40000.0,0.0,0.0,0,248883,,https://tiki.vncuon-bang-keo-5-met-dododios-dan-got-chan-chong-dau-chan-chai-chan-khi-mang-giay-cao-got-p250080862.html?spid=250080864,băng keo
245773835,Giày Sandal Nữ The Bily 04W 3 Quai Ngang - Màu Cam BL04WC,379000.0,379000.0,0.0,0.0,0,196712,,https://tiki.vngiay-sandal-nu-the-bily-04w-3-quai-ngang-mau-cam-bl04wc-p245773835.html?spid=245773839,giày sandal nữ the
245773108,Giày Sandal Nữ The Bily 03W Quai Ngang - Màu Kem BL03WK,369000.0,369000.0,0.0,5.0,1,196712,,https://tiki.vngiay-sandal-nu-the-bily-03w-quai-ngang-mau-kem-bl03wk-p245773108.html?spid=245773118,giày sandal nữ the
245769935,Giày Sandal Nữ The Bily 02W Quai Chéo Đôi - Màu Đỏ BL02WD,389000.0,389000.0,0.0,5.0,1,196712,,https://tiki.vngiay-sandal-nu-the-bily-02w-quai-cheo-doi-mau-do-bl02wd-p245769935.html?spid=245769945,giày sandal nữ the
206952681,Giày Sandal Nữ The Bily 01W Quai Chéo Dây Rút - Màu Đỏ BL01W,399000.0,399000.0,0.0,0.0,0,196712,,https://tiki.vngiay-sandal-nu-the-bily-01w-quai-cheo-day-rut-mau-do-bl01wr-p206952681.html?spid=206952689,giày sandal nữ the
203810945,Giày Đế Xuồng Nữ BIGGBEN Da Bò Thật Cao 9 Phân SDX47,279000.0,500000.0,221000.0,0.0,0,9460,,https://tiki.vngiay-de-xuong-nu-biggben-da-bo-that-cao-9-phan-sdx47-p203810945.html?spid=203810953,giày đế xuồng nữ
202528193,Lắc chân vòng chân ngọc trai 2 lớp layer phối nơ lụa phụ kiện sang chảnh nổi bật phụ kiện giày cô dâu ngày cưới,145000.0,145000.0,0.0,0.0,0,19782,,https://tiki.vnlac-chan-vong-chan-ngoc-trai-2-lop-layer-phoi-no-lua-phu-kien-sang-chanh-noi-bat-phu-kien-giay-co-dau-ngay-cuoi-p202528193.html?spid=202528197,lắc chân vòng chân
200774960,Giày sandal cao gót 7.5cm Trường Hải da bò thật màu vàng đế nhẹ SD155,319000.0,319000.0,0.0,4.0,1,11395,,https://tiki.vngiay-sandal-cao-got-7-5cm-truong-hai-da-bo-that-mau-vang-de-nhe-sd155-p200774960.html?spid=200774968,giày sandal cao gót
200765557,Giày sandal nữ cao gót  7.5cm da bò thật màu đen Trường Hải SD148,319000.0,319000.0,0.0,0.0,0,11395,,https://tiki.vngiay-sandal-nu-cao-got-7-5cm-da-bo-that-mau-den-truong-hai-sd148-p200765557.html?spid=200765561,giày sandal nữ cao gót
200519451,Giày búp bê  da bò mũi tròn màu xám đính nơ Trường Hải da mềm mại BB130,299000.0,299000.0,0.0,0.0,0,11395,,https://tiki.vngiay-bup-be-da-bo-mui-tron-mau-xam-dinh-no-truong-hai-da-mem-mai-bb130-p200519451.html?spid=200519459,giày búp bê da bò mũi
199542863,1 ĐÔI Phụ kiện giày chuỗi xích móc giày bản to cá tính hip hop nổi bật phụ kiện giày sneaker boot so cool unisex,98000.0,98000.0,0.0,0.0,0,19782,,https://tiki.vn1-doi-phu-kien-giay-chuoi-xich-moc-giay-ban-to-ca-tinh-hip-hop-noi-bat-phu-kien-giay-sneaker-boot-so-cool-unisex-p199542863.html?spid=199542864,
199173209,Lắc chân ngọc trai thanh lịch cho nàng chuỗi dây ngọc abs phụ kiện giày cao gót sang chảnh hot girl,98000.0,98000.0,0.0,0.0,0,19782,,https://tiki.vnlac-chan-ngoc-trai-thanh-lich-cho-nang-chuoi-day-ngoc-abs-phu-kien-giay-cao-got-sang-chanh-hot-girl-p199173209.html?spid=199173215,lắc chân ngọc trai thanh lịch
199172796,Dây xích đeo giày 1 ĐÔI phụ kiện cài quần áo cài giày boot nam nữ phong cách hip hop trẻ trung cá tính nổi bật unisex,95000.0,95000.0,0.0,0.0,0,19782,,https://tiki.vnday-xich-deo-giay-1-doi-phu-kien-cai-quan-ao-cai-giay-boot-nam-nu-phong-cach-hip-hop-tre-trung-ca-tinh-noi-bat-unisex-p199172796.html?spid=199172800,dây xích đeo giày
189318903,Giày Sandal Nữ The Bily 04W 3 Quai Ngang - Màu Xám BL04WX,339000.0,339000.0,0.0,0.0,0,196712,,https://tiki.vngiay-sandal-nu-the-bily-04w-3-quai-ngang-mau-xam-bl04wx-p189318903.html?spid=189318913,giày sandal nữ the
189313332,Giày Sandal Nữ The Bily 04W 3 Quai Ngang - Màu Đen BL04WD,339000.0,339000.0,0.0,0.0,0,196712,,https://tiki.vngiay-sandal-nu-the-bily-04w-3-quai-ngang-mau-den-bl04wd-p189313332.html?spid=189313342,giày sandal nữ the
184297069,Phụ kiện giày dây đeo giày hạt đá và ngôi sao cá tính 1 chiếc,69000.0,69000.0,0.0,0.0,0,19782,,https://tiki.vnphu-kien-giay-day-deo-giay-hat-da-va-ngoi-sao-ca-tinh-1-chiec-p184297069.html?spid=184297070,phụ kiện giày dây
184295594,Phụ kiện giày cài giày cài áo đa năng phong cách hip hop giới trẻ 1 chiếc,99000.0,99000.0,0.0,0.0,0,19782,,https://tiki.vnphu-kien-giay-cai-giay-cai-ao-da-nang-phong-cach-hip-hop-gioi-tre-1-chiec-p184295594.html?spid=184295595,phụ kiện giày cài giày
164595575,Giày búp bê da bò Trường Hải màu đen da mềm mại không bong trócBB125,299000.0,299000.0,0.0,0.0,0,11395,,https://tiki.vngiay-bup-be-da-bo-truong-hai-mau-den-da-mem-mai-khong-bong-trocbb125-p164595575.html?spid=164595577,giày búp bê da bò
56360249,Giày sandal nữ Trường Hải đế cao 2.5cm quai dép da bò thật không nổ da đế cao su không trơn thời trang cao cấp SDN082,289000.0,289000.0,0.0,4.7,10,11395,,https://tiki.vngiay-sandal-nu-truong-hai-de-cao-2-5cm-quai-dep-da-bo-that-khong-no-da-de-cao-su-khong-tron-thoi-trang-cao-cap-sdn082-p56360249.html?spid=56360265,giày sandal nữ trường
55409944,Dép nữ quai ngang 2 quai da bò đế đúc cao cấp Trường Hải QNN0157,239000.0,239000.0,0.0,0.0,0,11395,,https://tiki.vndep-nu-quai-ngang-truong-hai-2-quai-da-bo-mem-mai-khong-no-da-de-duc-khong-tron-qnn0157-p55409944.html?spid=55409948,dép nữ quai ngang quai da
55070334,Dép cao su Nữ 5 quai to,300000.0,300000.0,0.0,0.0,0,53773,,https://tiki.vndep-cao-su-nu-5-quai-to-p55070334.html?spid=55070336,dép cao su nữ quai
50741277,[HÌNH ẢNH THẬT]  Giày nữ đế xuồng 3cm Trường Hải đính nơ xinh màu đen da bò cao cấp mềm mại đế xuồng cao su chống mòn không trơn DX0311,299000.0,299000.0,0.0,5.0,2,11395,,https://tiki.vnhinh-anh-that-giay-nu-de-xuong-3cm-truong-hai-dinh-no-xinh-mau-den-da-bo-cao-cap-mem-mai-de-xuong-cao-su-chong-mon-khong-tron-dx0311-p50741277.html?spid=50741289,giày nữ đế xuồng
45157997,Dép đế xuồng nữ Huy Hoàng HH7928-29,419000.0,419000.0,0.0,0.0,0,96748,,https://tiki.vndep-de-xuong-nu-huy-hoang-hh7928-29-p45157997.html?spid=45158041,dép đế xuồng nữ
44573609,Giày nữ hoa văn Huy Hoàng da bò màu nâu đất HT7949,489000.0,489000.0,0.0,2.0,1,1867,,https://tiki.vngiay-nu-hoa-van-huy-hoang-da-bo-mau-nau-dat-ht7949-p44573609.html?spid=44573611,giày nữ hoa văn huy hoàng
25305359,Lót giày tăng chiều cao EVA nguyên bàn V.2 - Cao 3cm,155000.0,155000.0,0.0,0.0,0,99093,,https://tiki.vnlot-giay-tang-chieu-cao-eva-nguyen-ban-v-2-cao-3cm-p25305359.html?spid=55650066,lót giày tăng chiều
25106322,Sunzin - 2 cặp lót giày( 4 chiếc) cực êm chân chống tuột gót chống trầy gót chân và giúp giảm size giày bị rộng dùng mang giày cao gót giày búp bê,44000.0,44000.0,0.0,5.0,1,56711,,https://tiki.vn2-cap-lot-giay-4-chiec-loai-nua-ban-chan-chong-tuot-chong-chay-got-chan-va-giup-giam-size-giay-bi-rong-sunzin-p25106322.html?spid=73636641,sunzin cặp lót giày
279132929,"Giày nữ mũi vuông, quai sau ROSATA RO743 - 3.5p - Đỏ, Kem - BKSTORE",390000.0,390000.0,0.0,0.0,0,44660,,https://tiki.vngiay-nu-mui-vuong-quai-sau-rosata-ro743-3-5p-do-kem-bkstore-p279132929.html?spid=279132937,giày nữ mũi vuông quai
279093493,Dép cỏ bàng viền nâu Hương Quế – DCQ-101,55000.0,55000.0,0.0,0.0,0,61212,,https://tiki.vndep-co-bang-vien-nau-huong-que-dcq-101-p279093493.html?spid=279105109,dép cỏ bàng nâu
279070255,"Giày thể thao nữ đế êm nhẹ, thoáng khí đế cao su đúc, chống trơn trượt hạn chế mòn  – GNU2102",775000.0,1550000.0,775000.0,0.0,0,975,,https://tiki.vngiay-the-thao-nu-de-em-nhe-thoang-khi-de-cao-su-duc-chong-tron-truot-han-che-mon-gnu2102-p279070255.html?spid=279070271,giày thể thao nữ đế êm nhẹ
278759398,"Sandal nữ đế xuồng, quai ngang, mũi nhọn ROSATA RO740 - 5p - Vàng đồng - BKSTORE",399000.0,399000.0,0.0,0.0,0,44660,,https://tiki.vnanh-that-freeship-sandal-nu-de-xuong-quai-ngang-mui-nhon-rosata-ro740-5p-vang-dong-bkstore-p278759398.html?spid=278759410,sandal nữ đế xuồng quai ngang
278673599,"Dép nữ quai ngang, mũi nhọn, đế cách điệu ROSATA RO738 - 5p - Đen, Nâu - BKSTORE",399000.0,399000.0,0.0,0.0,0,44660,,https://tiki.vndep-nu-quai-ngang-mui-nhon-de-cach-dieu-rosata-ro738-5p-den-nau-bkstore-p278673599.html?spid=278673609,dép nữ quai ngang mũi nhọn đế
278673023,"Dép nữ xỏ ngón, quai xuôi, đế xuồng ROSATA RO706 - 7p - Đen, Đỏ - BKSTORE",390000.0,390000.0,0.0,0.0,0,44660,,https://tiki.vndep-nu-xo-ngon-quai-xuoi-de-xuong-rosata-ro706-7p-den-do-bkstore-p278673023.html?spid=278673031,dép nữ xỏ ngón quai
278640874,Dép sợi đay Hương Quế - DCQ-90,50000.0,50000.0,0.0,0.0,0,61212,,https://tiki.vndep-soi-day-huong-que-dcq-90-p278640874.html?spid=278640884,dép sợi đay hương
278639583,Dép chiếu Hương Quế DCQ-89,50000.0,50000.0,0.0,0.0,0,61212,,https://tiki.vndep-chieu-huong-que-dcq-89-p278639583.html?spid=278639597,dép chiếu hương quế dcq
278466786,"Dép nữ quai ngang, gót nhọn ROSATA RO732 - 7p - Đen, Bạc - BKSTORE",399000.0,399000.0,0.0,0.0,0,44660,,https://tiki.vndep-nu-quai-ngang-got-nhon-rosata-ro732-7p-den-bac-bkstore-p278466786.html?spid=278466802,dép nữ quai ngang gót
278465495,"Sandal nữ gót cách điệu ROSATA RO730 - 6p - Đen, Trắng - BKSTORE",390000.0,390000.0,0.0,0.0,0,44660,,https://tiki.vnsandal-nu-got-cach-dieu-rosata-ro730-6p-den-trang-bkstore-p278465495.html?spid=278465515,sandal nữ gót cách điệu
278454703,Giày Mules Cao Gót 8P PABNO PN12036,385000.0,385000.0,0.0,0.0,0,49994,,https://tiki.vngiay-mules-cao-got-8p-pabno-pn12036-p278454703.html?spid=278454715,giày mules cao gót p
278041924,"Dép nữ xỏ ngón ROSATA RO725 - 3p - Đen, Bạc - BKSTORE",390000.0,390000.0,0.0,0.0,0,44660,,https://tiki.vnanh-that-freeship-dep-nu-xo-ngon-rosata-ro725-3p-den-bac-bkstore-p278041924.html?spid=278041928,dép nữ xỏ ngón
277943618,"Dép nữ xỏ ngón, gót nhọn ROSATA RO720 - 4p - Đen, Nâu - BKSTORE",380000.0,380000.0,0.0,4.0,1,44660,,https://tiki.vndep-nu-xo-ngon-got-nhon-rosata-ro720-4p-den-nau-bkstore-p277943618.html?spid=277943642,dép nữ xỏ ngón gót
277808615,"Giày Sandal nữ kiểu dáng mới chống trơn, trượt – GSDN12",375000.0,750000.0,375000.0,0.0,0,975,,https://tiki.vngiay-sandal-nu-kieu-dang-moi-chong-tron-truot-gsdn12-p277808615.html?spid=277808621,giày sandal nữ kiểu dáng
277808469,"Giày Sandal nữ kiểu dáng mới chống trơn, trượt – GSDN11",375000.0,750000.0,375000.0,0.0,0,975,,https://tiki.vngiay-sandal-nu-kieu-dang-moi-chong-tron-truot-gsdn11-p277808469.html?spid=277808485,giày sandal nữ kiểu dáng
277539560,"Sandal nữ quai sau, gót nhọn ROSATA RO703 -6p- Đen, Trắng - BKSTORE",400000.0,400000.0,0.0,0.0,0,44660,,https://tiki.vnsandal-nu-quai-sau-got-nhon-rosata-ro703-6p-den-trang-bkstore-p277539560.html?spid=277539568,sandal nữ quai sau gót
277473792,Giày gót vuông nơ khóa 7P PABNO PN22012,365000.0,365000.0,0.0,0.0,0,49994,,https://tiki.vngiay-got-vuong-no-khoa-7p-pabno-pn22012-p277473792.html?spid=277473808,giày gót vuông nơ
277473607,Giày sapo nữ dính đá  1P PABNO PN22007,355000.0,355000.0,0.0,0.0,0,49994,,https://tiki.vngiay-sapo-nu-dinh-da-1p-pabno-pn22007-p277473607.html?spid=277473619,giày sapo nữ dính
277473511,Giày Slingback trơn 3P PABNO PN12018,375000.0,375000.0,0.0,0.0,0,49994,,https://tiki.vngiay-slingback-tron-3p-pabno-pn12018-p277473511.html?spid=277473531,giày slingback trơn p
277438234,Dép cao gót nữ mũi nhọn ROSATA RO663 - 5p - HÀNG VIỆT NAM - BKSTORE,380000.0,380000.0,0.0,0.0,0,44660,,https://tiki.vndep-cao-got-nu-mui-nhon-rosata-ro663-5p-hang-viet-nam-bkstore-p277438234.html?spid=277438242,dép cao gót nữ mũi nhọn
277039881,"Giày sandal sức khỏe nữ Aetrex Ellie Grey - nâng vòm giảm đau chân, đệm đế memory foam",2995000.0,2995000.0,0.0,0.0,0,302,,https://tiki.vngiay-sandal-suc-khoe-nu-aetrex-ellie-grey-nang-vom-giam-dau-chan-dem-de-memory-foam-p277039881.html?spid=277039889,giày sandal sức khỏe
276671647,Giày sandal quai ngang 6P PABNO PN12024,385000.0,385000.0,0.0,0.0,0,49994,,https://tiki.vngiay-sandal-quai-ngang-6p-pabno-pn12024-p276671647.html?spid=276671661,giày sandal quai ngang p
276671002,Giày cao gót thời trang 4cm PABNO mules mũi nhọn phối khóa PN22006,355000.0,355000.0,0.0,0.0,0,49994,,https://tiki.vngiay-cao-got-thoi-trang-4cm-pabno-mules-mui-nhon-phoi-khoa-pn22006-p276671002.html?spid=276671010,giày cao gót thời trang
276175094,Giày Búp Bê Bé Gái Kiểu Dáng Dễ Thương – GBB9032,220000.0,440000.0,220000.0,0.0,0,975,,https://tiki.vngiay-bup-be-be-gai-kieu-dang-de-thuong-gbb9032-p276175094.html?spid=276175096,giày búp bê bé gái
276105261,"Dép xỏ ngón sức khỏe nữ Aetrex Maui Blue - dép kẹp đệm vòm chống đau chân, không thấm nước",1795000.0,1795000.0,0.0,0.0,0,302,,https://tiki.vndep-xo-ngon-suc-khoe-nu-aetrex-maui-blue-dep-kep-dem-vom-chong-dau-chan-khong-tham-nuoc-p276105261.html?spid=276105263,dép xỏ ngón sức
275852646,Chai Xịt Khử Mùi Giày Nano Bạc Dung Tích 260ml Chai Màu Xanh Diệt Khuẩn Ngăn Ngừa Hôi Chân Lưu Hương 24h,28000.0,28000.0,0.0,5.0,1,236714,,https://tiki.vnchai-xit-khu-mui-giay-nano-bac-dung-tich-260ml-chai-mau-xanh-diet-khuan-ngan-ngua-hoi-chan-luu-huong-24h-p275852646.html?spid=275854279,chai xịt khử mùi
275749795,"Dép quai ngang sức khỏe nữ Spenco Kholo Wave Grey - ôm vòm chân, giảm đau cổ chân, gối, lưng",2295000.0,2295000.0,0.0,0.0,0,302,,https://tiki.vndep-quai-ngang-suc-khoe-nu-spenco-kholo-wave-grey-om-vom-chan-giam-dau-co-chan-goi-lung-p275749795.html?spid=275749890,dép quai ngang sức
275056312,Giày sandal sức khoẻ nữ Aetrex Jillian Sport Leopard - nâng vòm giảm đau gai gót chân,2495000.0,2495000.0,0.0,0.0,0,302,,https://tiki.vngiay-sandal-suc-khoe-nu-aetrex-jillian-sport-leopard-nang-vom-giam-dau-gai-got-chan-p275056312.html?spid=275056314,giày sandal sức khỏe
273983935,Sandal sức khỏe nữ Aetrex Tory Black - giày cao gót 8p đế đệm da giảm đau chân,4985000.0,4985000.0,0.0,0.0,0,302,,https://tiki.vnsandal-suc-khoe-nu-aetrex-tory-black-giay-cao-got-8p-de-giam-dau-chan-p273983935.html?spid=273983939,sandal sức khỏe nữ
273702567,"Sandal cao gót nữ bít mũi, da lì, gót nhọn ROSATA RO586 - 9p - Đen, Trắng - HÀNG VIỆT NAM - BKSTORE",460000.0,460000.0,0.0,0.0,0,44660,,https://tiki.vnsandal-cao-got-nu-bit-mui-da-li-got-nhon-rosata-ro586-9p-den-trang-hang-viet-nam-bkstore-p273702567.html?spid=273702591,sandal cao gót nữ bít
273692402,"Giày sandal cao gót ROSATA RO571 cao 8p - đen, chì - HÀNG VIỆT NAM - BKSTORE",490000.0,490000.0,0.0,0.0,0,44660,,https://tiki.vngiay-sandal-cao-got-rosata-ro571-cao-8p-den-chi-hang-viet-nam-bkstore-p273692402.html?spid=273692416,giày sandal cao gót rosata
269964439,Dép sức khỏe nữ Revitalign Seaside Flip Almond - Dép đệm mềm giảm đau chân,1995000.0,1995000.0,0.0,0.0,0,302,,https://tiki.vndep-suc-khoe-nu-revitalign-seaside-flip-almond-dep-dem-mem-giam-dau-chan-p269964439.html?spid=269964443,dép sức khỏe nữ
269956448,"Sandal sức khỏe nữ Aetrex Vania Black - Sandal cao tôn dáng giảm đau gối, mỏi lưng",4675000.0,4675000.0,0.0,0.0,0,302,,https://tiki.vnsandal-suc-khoe-nu-aetrex-vania-black-sandal-cao-ton-dang-giam-dau-goi-moi-lung-p269956448.html?spid=269956454,sandal sức khỏe nữ
263276524,Giày Thời Trang Nữ Converse Chuck Taylor All Star Move Cổ Cao 568497C,2000000.0,2000000.0,0.0,0.0,0,77420,,https://tiki.vngiay-thoi-trang-nu-converse-chuck-taylor-all-star-move-p263276524.html?spid=272044291,giày thời trang nữ converse
194187388,"Giày cao gót mũi nhọn hồng neon nổi bật ( ping , giao hỏa tốc , có bảo hành)",420000.0,420000.0,0.0,0.0,0,300310,,https://tiki.vngiay-cao-got-mui-nhon-hong-neon-noi-bat-freeshipping-giao-hoa-toc-co-bao-hanh-p194187388.html?spid=194187399,giày cao gót mũi nhọn hồng neon
194186847,giày cao gót đan dây chéo sexy ( giao hỏa tốc 2h - free shipping - bảo hành 1 năm)( hàng có sẵn - giao nhanh ),440000.0,440000.0,0.0,0.0,0,300310,,https://tiki.vngiay-cao-got-dan-day-cheo-sexy-giao-hoa-toc-2h-free-shipping-bao-hanh-1-nam-hang-co-san-giao-nhanh-p194186847.html?spid=194186890,giày cao gót đan dây
56336541,"Dép nữ sức khỏe Aetrex Lynco Maui Grey  - Dép kẹp giảm đau gót chân, không thấm nước",1795000.0,1795000.0,0.0,5.0,1,302,,https://tiki.vndep-nu-suc-khoe-aetrex-lynco-maui-grey-l3100w-p56336541.html?spid=270468374,dép nữ sức khỏe
21979724,Giày sabo nữ da bò Huy Hoàng màu đen size 38,342300.0,489000.0,146700.0,4.5,7,1867,,https://tiki.vngiay-sabo-nu-da-bo-huy-hoang-nhieu-mau-ht7935-36-37-p21979724.html?spid=21979744,giày sabo nữ da bò
278977396,Giày Sandal Cao Gót Da Bò BIGGBEN Cao 5 Phân SDCG148,500000.0,500000.0,0.0,0.0,0,9460,,https://tiki.vngiay-sandal-cao-got-da-bo-biggben-cao-5-phan-sdcg148-p278977396.html?spid=278977402,giày sandal cao gót da bò
278899868,"Boots thời trang nữ gót nhọn, da lì cao cấp ROSATA RO711- 9p - BKSTORE",590000.0,590000.0,0.0,0.0,0,44660,,https://tiki.vnboots-thoi-trang-nu-got-nhon-da-li-cao-cap-rosata-ro711-9p-bkstore-p278899868.html?spid=278899884,boots thời trang nữ gót
278681739,[SANG CHẢNH + HIỆN ĐẠI]  Dép Đế Xuồng 7 Phân RO737 ROSATA Thiết Kế Xỏ Ngón Kết Hợp Quai Họa Tiết Da Beo Cá Tính,379000.0,379000.0,0.0,0.0,0,307540,,https://tiki.vnsang-chanh-hien-dai-dep-de-xuong-7-phan-ro737-rosata-thiet-ke-xo-ngon-ket-hop-quai-hoa-tiet-da-beo-ca-tinh-p278681739.html?spid=278681745,dép đế xuồng phân ro737
278670430,Giày lười sức khỏe nữ Revitalign Fusion Vitality Grey - giày xỏ đế đúc giảm đau viêm cân gan chân,1595000.0,1595000.0,0.0,0.0,0,302,,https://tiki.vngiay-luoi-suc-khoe-nu-revitalign-fusion-vitality-grey-p278670430.html?spid=279155197,giày lười sức khỏe
278111136,[THỜI THƯỢNG]  Dép Xỏ Ngón Nữ Bản Lớn Cao 3cm RO725 ROSATA - Thiết Kế Nổi Bật - Nâng Tầm Phong Cách,389000.0,389000.0,0.0,0.0,0,307540,,https://tiki.vnthoi-thuong-dep-xo-ngon-nu-ban-lon-cao-3cm-ro725-rosata-thiet-ke-noi-bat-nang-tam-phong-cach-p278111136.html?spid=278111154,dép xỏ ngón nữ
276841408,Dép xỏ ngón sức khỏe nữ Revitalign Fusion Grey - đế đúc nâng vòm giảm đau chân,1595000.0,1595000.0,0.0,0.0,0,302,,https://tiki.vndep-xo-ngon-suc-khoe-nu-revitalign-fusion-grey-de-duc-nang-vom-giam-dau-chan-p276841408.html?spid=276841414,dép xỏ ngón sức
276649698,Giày Cao Gót Da Bò BIGGBEN Cao 6 Phân SDCG136,449000.0,700000.0,251000.0,0.0,0,9460,,https://tiki.vngiay-cao-got-da-bo-biggben-cao-6-phan-sdcg136-p276649698.html?spid=276649700,giày cao gót da bò biggben
274535512,"Giày cao gót nữ 8p RO571 ROSATA tại BCASHOP kiểu dáng xăng đan quai hậu, bề mặt bóng bẩy trẻ trung và năng động",449000.0,449000.0,0.0,0.0,0,307540,,https://tiki.vngiay-cao-got-nu-8p-ro571-rosata-tai-bcashop-kieu-dang-xang-dan-quai-hau-be-mat-bong-bay-tre-trung-va-nang-dong-p274535512.html?spid=270958535,giày cao gót nữ p
273978798,Sandal sức khỏe nữ Aetrex Jillian Braid Cork - Giày nâng vòm chân đệm mềm dùng được cho cả chân nhạy cảm,3785000.0,3785000.0,0.0,0.0,0,302,,https://tiki.vnsandal-suc-khoe-nu-aetrex-jillian-braid-cork-giay-nang-vom-chan-dem-mem-dung-duoc-cho-ca-chan-nhay-cam-p273978798.html?spid=273978802,sandal sức khỏe nữ
273786124,"Giày công sở nữ 5p RO622 ROSATA tại BCASHOP mũi vuông, quai sau thanh lịch và sang trọng , tôn chân tôn luôn đẳng cấp ạ",399000.0,399000.0,0.0,0.0,0,307540,,https://tiki.vngiay-cong-so-nu-5p-ro622-mau-kem-rosata-tai-bcashop-mui-vuong-thanh-lich-va-sang-trong-ton-chan-ton-luon-dang-cap-a-p273786124.html?spid=273786130,giày công sở nữ p
273321594,Giày Đế Xuồng Nữ BIGGBEN Da Bò Thật Cao 9 Phân SDX62,369000.0,500000.0,131000.0,0.0,0,9460,,https://tiki.vngiay-de-xuong-nu-biggben-da-bo-that-cao-9-phan-sdx62-p273321594.html?spid=273321596,giày đế xuồng nữ
273280848,Dép Cao Gót Nữ BIGGBEN Da Bò Cao 8 Phân DCG84,369000.0,420000.0,51000.0,0.0,0,9460,,https://tiki.vndep-cao-got-nu-biggben-da-bo-cao-8-phan-dcg84-p273280848.html?spid=273280864,dép cao gót nữ biggben
273161320,"Chai xịt khử mùi Giày ( chống hôi chân) Ligpro, chai lớn 200ml",79000.0,79000.0,0.0,0.0,0,288606,,https://tiki.vnchai-xit-khu-mui-giay-chong-hoi-chan-ligpro-chai-lon-200ml-p273161320.html?spid=273161321,chai xịt khử mùi
270118329,Giày Sandal Nữ Cao Gót Da Bò Thật TiTi ĐÔ Cao Cấp 3cm DNU2178,380000.0,380000.0,0.0,0.0,0,323804,,https://tiki.vngiay-sandal-nu-cao-got-3cm-titi-do-da-bo-that-thoi-trang-cao-cap-dnu2178-p270118329.html?spid=270118341,giày sandal nữ cao gót
217760143,Dép Nữ Quai Ngang Đế Xuồng Da Bò Thật TiTi ĐÔ Cao Cấp 9cm DNU2077d,280000.0,280000.0,0.0,0.0,0,323804,,https://tiki.vndep-nu-quai-ngang-de-xuong-da-bo-that-ha-nam-cao-cap-9cm-dnu2077d-p217760143.html?spid=217760177,dép nữ quai ngang đế
217760013,Giày Nữ Búp Bê Đế Xuồng Da Bò Thật TiTi ĐÔ Cao Cấp 4cm GBB2048d,396000.0,396000.0,0.0,0.0,0,323804,,https://tiki.vngiay-nu-bup-be-de-xuong-da-bo-that-ha-nam-cao-cap-4cm-gbb2048d-p217760013.html?spid=217760047,giày nữ búp bê đế
217759723,Giày Nữ Búp Bê Đế Bệt Da Bò Thật TiTi ĐÔ Cao Cấp GBB2060d,388000.0,388000.0,0.0,4.0,2,323804,,https://tiki.vngiay-nu-bup-be-da-bo-that-ha-nam-cao-cap-gbb2060d-p217759723.html?spid=217759772,giày nữ búp bê đế bệt
217505956,Giày Nữ Búp Bê Đế Xuồng Da Bò Thật TiTi ĐÔ Cao Cấp 4cm GBBN2036d,396000.0,396000.0,0.0,0.0,0,323804,,https://tiki.vngiay-nu-bup-be-de-xuong-da-bo-that-ha-nam-cao-cap-4cm-gbbn2036d-p217505956.html?spid=217505974,giày nữ búp bê đế
217274379,Giày Sandal Nữ Cao Gót Da Bò Thật TiTi ĐÔ Cao Cấp 4cm DNU2132d,280000.0,280000.0,0.0,0.0,0,323804,,https://tiki.vngiay-sandal-nu-da-bo-that-ha-nam-cao-cap-4cm-dnu2132d-p217274379.html?spid=217274402,giày sandal nữ cao gót
211306173,Dép Nữ Quai Ngang Đế Xuồng HÀ NAM Da Bò Thật Cao Cấp 9cm DNU2160,450000.0,450000.0,0.0,0.0,0,93132,,https://tiki.vngiay-sandal-nu-de-xuong-da-bo-ha-nam-cao-cap-dnu2160-p211306173.html?spid=211306213,dép nữ quai ngang đế xuồng
210400671,Dép Nữ Quai Ngang Đế Xuồng HÀ NAM Da Bò Thật Cao Cấp 7cm DNU2150,450000.0,450000.0,0.0,0.0,0,93132,,https://tiki.vndep-nu-quai-ngang-de-xuong-da-bo-ha-nam-cao-cap-dnu2150-p210400671.html?spid=210400705,dép nữ quai ngang đế xuồng
172061924,Dép nữ xỏ ngón Trường Hải  da bò phối vải đơn giản trẻ trung XN111,299000.0,299000.0,0.0,5.0,5,11395,,https://tiki.vndep-nu-xo-ngon-truong-hai-da-bo-phoi-vai-don-gian-tre-trung-xn111-p172061924.html?spid=172061934,dép nữ xỏ ngón
129649680,"HJ7944-45-46 - Dép nữ thời trang Huy Hoàng đế vuông màu kem, đen, đỏ",293300.0,419000.0,125700.0,0.0,0,223818,,https://tiki.vnhj7944-45-46-dep-nu-thoi-trang-huy-hoang-de-vuong-mau-kem-den-do-p129649680.html?spid=129649714,hj7944 46 dép nữ
129450065,"HJ7912-13-14 - Giày nữ búp bê Huy Hoàng da bò màu hồng, trắng, kem",342300.0,489000.0,146700.0,0.0,0,223818,,https://tiki.vnhj7912-13-14-giay-nu-bup-be-huy-hoang-da-bo-mau-hong-trang-kem-p129450065.html?spid=129450093,hj7912
120576407,"HC7930-31-32 - Dép nữ thời trang Huy Hoàng màu đen, đỏ, kem",419000.0,419000.0,0.0,0.0,0,96748,,https://tiki.vnhp7930-31-32-dep-nu-thoi-trang-huy-hoang-mau-den-do-kem-p120576407.html?spid=120576655,hc7930 31 dép nữ
110664301,Giày Nữ Búp Bê Đế Xuồng HÀ NAM Da Bò Thật Cao Cấp 4cm GBBN2047,379000.0,379000.0,0.0,0.0,0,93132,,https://tiki.vngiay-nu-bup-be-da-bo-that-cao-cap-gbbn2047-p110664301.html?spid=110664305,giày nữ búp bê đế
110643667,Giày Nữ Búp Bê Đế Bệt HÀ NAM Da Bò Thật Cao Cấp GBBN2045,379000.0,379000.0,0.0,0.0,0,93132,,https://tiki.vngiay-nu-bup-be-da-bo-that-cao-cap-gbbn2045-p110643667.html?spid=110643671,giày nữ búp bê đế bệt
110592710,Giày Nữ Búp Bê Đế Xuồng HÀ NAM Da Bò Thật Cao Cấp 4cm GBBN2044,379000.0,379000.0,0.0,0.0,0,93132,,https://tiki.vngiay-nu-bup-be-da-bo-that-cao-cap-gbbn2044-p110592710.html?spid=110592722,giày nữ búp bê đế
109515525,Giày Nữ Búp Bê Đế Xuồng HÀ NAM Da Bò Thật Cao Cấp 4cm GBBN2035,379000.0,379000.0,0.0,0.0,0,93132,,https://tiki.vngiay-nu-bup-be-de-xuong-da-bo-that-gbbn2035-p109515525.html?spid=109515531,giày nữ búp bê đế
109511016,Giày Nữ Búp Bê Đế Xuồng HÀ NAM Da Bò Thật Cao Cấp 4cm GBBN2034,358000.0,358000.0,0.0,0.0,0,93132,,https://tiki.vngiay-nu-bup-be-de-xuong-da-bo-that-gbbn2034-p109511016.html?spid=109511018,giày nữ búp bê đế
100819307,Giày Sandal Nữ Đế Xuồng HÀ NAM Da Bò Thật Cao Cấp 5cm DNU2069,346000.0,346000.0,0.0,5.0,1,93132,,https://tiki.vngiay-sandal-nu-de-xuong-da-bo-that-dnu2069-p100819307.html?spid=100819315,giày sandal nữ đế xuồng
91645378,Giày Nữ Búp Bê Đế Xuồng HÀ NAM Da Bò Thật Cao Cấp GBBN2031,390000.0,390000.0,0.0,0.0,0,93132,,https://tiki.vngiay-nu-bup-be-de-xuong-da-bo-that-cao-cap-de-cao-5cm-gbbn2031-p91645378.html?spid=91645382,giày nữ búp bê đế
44573628,Giày nữ hoa văn Huy Hoàng da bò màu da HT7950,489000.0,489000.0,0.0,0.0,0,1867,,https://tiki.vngiay-nu-hoa-van-huy-hoang-da-bo-mau-da-ht7950-p44573628.html?spid=44573640,giày nữ hoa văn huy hoàng
44573522,Dép nữ Huy Hoàng da đà điểu màu xanh dương HT7410,524300.0,749000.0,224700.0,0.0,0,1867,,https://tiki.vndep-nu-huy-hoang-da-da-dieu-mau-xanh-duong-ht7410-p44573522.html?spid=44573530,dép nữ huy hoàng da
44573396,Dép nữ Huy Hoàng da cá sấu màu vàng nghệ HT7242,559300.0,799000.0,239700.0,0.0,0,1867,,https://tiki.vndep-nu-huy-hoang-da-ca-sau-mau-vang-nghe-ht7242-p44573396.html?spid=44573404,dép nữ huy hoàng da
18006537,"Đệm lót mũi giày Spenco RX Ball Of Foot 32-110 hỗ trợ phòng và giảm đau lòng bàn chân, banh bàn chân",295000.0,295000.0,0.0,0.0,0,302,,https://tiki.vndem-lot-giam-dau-long-ban-chan-spenco-rx-ball-of-foot-32-110-p18006537.html?spid=18006538,đệm lót mũi giày
2684093,Giày Sandal Nữ Huy Hoàng HT7927 - Đen,469000.0,469000.0,0.0,5.0,5,1867,,https://tiki.vngiay-sandal-nu-huy-hoang-ht7927-den-p2684093.html?spid=2684109,giày sandal nữ huy hoàng
2683809,Giày Nữ Huy Hoàng HT7925 - Đỏ,469000.0,469000.0,0.0,4.5,6,1867,,https://tiki.vngiay-nu-huy-hoang-ht7925-do-p2683809.html?spid=2683813,giày nữ huy hoàng ht7925
2023943,Giày Nữ Búp Bê Da Bò Huy Hoàng HT7905 - Da,489000.0,489000.0,0.0,4.8,6,1867,,https://tiki.vngiay-nu-bup-be-da-bo-huy-hoang-ht7905-da-p2023943.html?spid=2025253,giày nữ búp bê da bò
278579155,Dép Xỏ Ngón Nữ Da Bò Thật BIGGBEN Cao Cấp DXN54,319000.0,400000.0,81000.0,0.0,0,9460,,https://tiki.vndep-xo-ngon-nu-da-bo-that-biggben-cao-cap-dxn54-p278579155.html?spid=278579165,dép xỏ ngón nữ
278579106,Dép Xỏ Ngón Nữ Da Bò Thật BIGGBEN Cao Cấp DXN53,319000.0,400000.0,81000.0,0.0,0,9460,,https://tiki.vndep-xo-ngon-nu-da-bo-that-biggben-cao-cap-dxn53-p278579106.html?spid=278579110,dép xỏ ngón nữ
278214827,Dép kẹp ngón sức khỏe nữ Spenco Yumi Monet Sundress,1995000.0,1995000.0,0.0,0.0,0,302,,https://tiki.vndep-kep-ngon-suc-khoe-nu-spenco-yumi-monet-sundress-p278214827.html?spid=278214835,dép kẹp ngón sức
277927242,Dép Nữ Da Bò Thật BIGGBEN Cao Cấp DNQN67,299000.0,500000.0,201000.0,0.0,0,9460,,https://tiki.vndep-nu-da-bo-that-biggben-cao-cap-dnqn67-p277927242.html?spid=277927251,dép nữ da bò biggben
277561354,Dép Cao Gót Nữ BIGGBEN Da Bò Cao 5 Phân DCG110,369000.0,500000.0,131000.0,0.0,0,9460,,https://tiki.vndep-cao-got-nu-biggben-da-bo-cao-5-phan-dcg110-p277561354.html?spid=277561366,dép cao gót nữ biggben
277549307,Dép Cao Gót Nữ BIGGBEN Da Bò Cao 5 Phân DCG107,349000.0,500000.0,151000.0,0.0,0,9460,,https://tiki.vndep-cao-got-nu-biggben-da-bo-cao-5-phan-dcg107-p277549307.html?spid=277549313,dép cao gót nữ biggben
276966351,Giày Búp Bê Nữ Da Bò Thật BIGGBEN Cao 4 Phân BB140,339000.0,500000.0,161000.0,0.0,0,9460,,https://tiki.vngiay-bup-be-nu-da-bo-that-biggben-cao-4-phan-bb140-p276966351.html?spid=276966381,giày búp bê nữ da bò
276367676,Giày Sandal Cao Gót Da Bò BIGGBEN Cao 5 Phân SDCG133,339000.0,500000.0,161000.0,0.0,0,9460,,https://tiki.vngiay-sandal-cao-got-da-bo-biggben-cao-5-phan-sdcg133-p276367676.html?spid=276367680,giày sandal cao gót da bò
276349639,Dép Xỏ Ngón Nữ Da Bò Thật BIGGBEN Cao Cấp DXN49,299000.0,400000.0,101000.0,0.0,0,9460,,https://tiki.vndep-xo-ngon-nu-da-bo-that-biggben-cao-cap-dxn49-p276349639.html?spid=276349641,dép xỏ ngón nữ
276296188,Giày sandal nữ cao gót 9 phân hàng hiệu rosata màu đen thời trang cao cấp ro616,450000.0,450000.0,0.0,0.0,0,60473,,https://tiki.vngiay-sandal-nu-cao-got-9-phan-hang-hieu-rosata-mau-den-thoi-trang-cao-cap-ro616-p276296188.html?spid=276296192,giày sandal nữ cao gót
276098344,Dép Sục Nữ Da Bò Thật BIGGBEN Cao 5 phân SBN55,349000.0,500000.0,151000.0,0.0,0,9460,,https://tiki.vndep-suc-nu-da-bo-that-biggben-cao-5-phan-sbn55-p276098344.html?spid=276098354,dép sục nữ da bò biggben
276095183,Giày Sandal Cao Gót Da Bò BIGGBEN Cao 5 Phân SDCG132,349000.0,500000.0,151000.0,0.0,0,9460,,https://tiki.vngiay-sandal-cao-got-da-bo-biggben-cao-5-phan-sdcg132-p276095183.html?spid=276095195,giày sandal cao gót da bò
275416803,Giày Sandal Nữ Da Bò Thật BIGGBEN Cao 5 phân SDN102,399000.0,500000.0,101000.0,0.0,0,9460,,https://tiki.vngiay-sandal-nu-da-bo-that-biggben-cao-5-phan-sdn102-p275416803.html?spid=275416813,giày sandal nữ da bò
274643816,Giày Sandal Cao Gót Da Bò BIGGBEN Cao 5 Phân SDCG122,379000.0,500000.0,121000.0,0.0,0,9460,,https://tiki.vngiay-sandal-cao-got-da-bo-biggben-cao-5-phan-sdcg122-p274643816.html?spid=274643828,giày sandal cao gót da bò
274617452,Dép Cao Gót Nữ BIGGBEN Da Bò Cao 5 Phân DCG94,349000.0,500000.0,151000.0,0.0,0,9460,,https://tiki.vndep-cao-got-nu-biggben-da-bo-cao-5-phan-dcg94-p274617452.html?spid=274617464,dép cao gót nữ biggben
274613253,Dép Cao Gót Nữ BIGGBEN Da Bò Cao 5 Phân DCG88,379000.0,500000.0,121000.0,0.0,0,9460,,https://tiki.vndep-cao-got-nu-biggben-da-bo-cao-5-phan-dcg88-p274613253.html?spid=274613263,dép cao gót nữ biggben
273440203,Sandal Bitis nữ (35-39),315000.0,315000.0,0.0,0.0,0,174218,,https://tiki.vnsandal-bitis-nu-35-39-p273440203.html?spid=273440205,sandal bitis nữ
273298587,Giày Sandal BIGGBEN Da Bò Thật Cao 5 Phân SDCG111,389000.0,500000.0,111000.0,0.0,0,9460,,https://tiki.vngiay-sandal-biggben-da-bo-that-cao-5-phan-sdcg111-p273298587.html?spid=273298591,giày sandal biggben da bò
273290710,Giày Cao Gót BIGGBEN Da Bò Thật Cao 6 Phân SDCG107,399000.0,600000.0,201000.0,0.0,0,9460,,https://tiki.vngiay-cao-got-biggben-da-bo-that-cao-6-phan-sdcg107-p273290710.html?spid=273290730,giày cao gót biggben da bò
273290095,Giày Cao Gót BIGGBEN Da Bò Vân Da Trăn Cao 6 Phân SDCG105,600000.0,600000.0,0.0,0.0,0,9460,,https://tiki.vngiay-cao-got-biggben-da-bo-van-da-tran-cao-6-phan-sdcg105-p273290095.html?spid=273290103,giày cao gót biggben da
273052333,Dép Đế Xuồng Nữ BIGBEN Da Bò Thật Cao 5 Phân DX48,329000.0,400000.0,71000.0,0.0,0,9460,,https://tiki.vndep-de-xuong-nu-bigben-da-bo-that-cao-5-phan-dx48-p273052333.html?spid=273052335,dép đế xuồng nữ
271423184,Giày Sandal BIGGBEN Da Bò Thật Cao 3 Phân SDCG99,319000.0,400000.0,81000.0,0.0,0,9460,,https://tiki.vngiay-sandal-biggben-da-bo-that-cao-3-phan-sdcg99-p271423184.html?spid=271423196,giày sandal biggben da bò
271396441,Dép Xỏ Ngón Nữ Da Bò Thật BIGGBEN Cao Cấp DXN47,299000.0,400000.0,101000.0,5.0,1,9460,,https://tiki.vndep-xo-ngon-nu-da-bo-that-biggben-cao-cap-dxn47-p271396441.html?spid=271396469,dép xỏ ngón nữ
250336031,Dép cao gót Biti's nữ đế 4cm,440000.0,440000.0,0.0,5.0,1,174218,,https://tiki.vndep-cao-got-biti-s-nu-de-4cm-p250336031.html?spid=250336033,dép cao gót biti s
229954589,Giày Đế Xuồng Nữ BIGGBEN Da Bò Thật Cao 7 Phân SDX51,319000.0,420000.0,101000.0,5.0,2,9460,,https://tiki.vngiay-de-xuong-nu-biggben-da-bo-that-cao-7-phan-sdx51-p229954589.html?spid=229954595,giày đế xuồng nữ
203815606,Giày Đế Xuồng Nữ BIGGBEN Da Bò Thật Cao 5 Phân SDX49,379000.0,450000.0,71000.0,0.0,0,9460,,https://tiki.vngiay-de-xuong-nu-biggben-da-bo-that-cao-5-phan-sdx49-p203815606.html?spid=203815610,giày đế xuồng nữ
195551288,Giày Đế Xuồng Nữ Da Bò Thật BIGGBEN Đế Cao 9cm SDX40,400000.0,400000.0,0.0,5.0,2,9460,,https://tiki.vngiay-de-xuong-nu-da-bo-that-biggben-de-cao-9cm-sdx40-p195551288.html?spid=195551294,giày đế xuồng nữ
195526481,Dép Quai Ngang Domba Clever Màu Đen S-7511 (CLEVER - BLACK) Nam Nữ  - Dễ Phối Đồ,1500000.0,1500000.0,0.0,1.0,1,21110,,https://tiki.vndep-quai-ngang-domba-clever-mau-den-s-7511-clever-black-nam-nu-de-phoi-do-p195526481.html?spid=262687027,dép quai ngang domba
176725915,Dép quai kẹp Bitis nữ 5cm,180000.0,180000.0,0.0,5.0,1,174218,,https://tiki.vndep-quai-kep-bitis-nu-5cm-p176725915.html?spid=176725945,dép quai kẹp bitis nữ
120048760,Giày nữ hoa văn Huy Hoàng da bò màu đen HT7951,342300.0,489000.0,146700.0,0.0,0,1867,,https://tiki.vnhp7951-giay-nu-hoa-van-huy-hoang-da-bo-mau-den-p120048760.html?spid=120048770,giày nữ hoa văn huy hoàng
107153671,Dép Xỏ Ngón Nữ Da Bò BIGGBEN Cao Cấp DXN34,319000.0,350000.0,31000.0,5.0,4,9460,,https://tiki.vndep-xo-ngon-nu-da-bo-biggben-cao-cap-dxn34-p107153671.html?spid=107153681,dép xỏ ngón nữ
104556703,Dép quai kẹp Bitis nữ đế xốp 6cm,190000.0,190000.0,0.0,0.0,0,174218,,https://tiki.vndep-quai-kep-bitis-nu-de-xop-6cm-p104556703.html?spid=104556705,dép quai kẹp bitis nữ đế
59211896,Giày Sandal Nữ Đế Xuồng BIGGBEN Da Bò Thật SDX20,369000.0,420000.0,51000.0,4.6,28,9460,,https://tiki.vngiay-sandal-nu-de-xuong-biggben-da-bo-that-sdx20-p59211896.html?spid=59211902,giày sandal nữ đế xuồng
59209890,Giày đé xuồng bít mũi Trường Hải cao 5cm da bó thật mũi nhọn màu đen DX0198 [ HÌNH ẢNH THẬT,299000.0,299000.0,0.0,2.0,1,11395,,https://tiki.vngiay-de-xuong-bit-mui-truong-hai-cao-5cm-da-bo-that-mui-nhon-mau-den-dx0198-hinh-anh-that-p59209890.html?spid=59209900,giày đé xuồng bít
48329854,Dép Xỏ Ngón Nữ Da Bò BIGGBEN Cao Cấp DXN25,319000.0,350000.0,31000.0,4.5,22,9460,,https://tiki.vndep-xo-ngon-nu-da-bo-biggben-cao-cap-dxn25-p48329854.html?spid=48329860,dép xỏ ngón nữ
12655744,Giày Búp Bê BIGGBEN Da Bò Thật Cao Cấp BB29,339000.0,400000.0,61000.0,4.7,6,9460,,https://tiki.vngiay-bup-be-biggben-da-bo-that-cao-cap-bb29-p12655744.html?spid=12655752,giày búp bê biggben da bò
10037770,Dép Nữ BIGGBEN Da Bò Thật DNQN10,299000.0,400000.0,101000.0,4.6,17,9460,,https://tiki.vndep-nu-biggben-da-bo-that-dnqn10-p10037770.html?spid=10037776,dép nữ biggben da bò
8413988,Dép Xỏ Ngón Nữ BIGGBEN Da Bò Thật Cao Cấp DXN05,319000.0,350000.0,31000.0,4.3,10,9460,,https://tiki.vndep-xo-ngon-nu-biggben-da-bo-that-cao-cap-dxn05-p8413988.html?spid=8413990,dép xỏ ngón nữ
7993385,Dép Nữ BIGGBEN Da Bò Thật Cao Cấp DNQN06,400000.0,400000.0,0.0,4.8,12,9460,,https://tiki.vndep-nu-biggben-da-bo-that-cao-cap-dnqn06-p7993385.html?spid=7993520,dép nữ biggben da bò
277927326,Dép Cao Gót Nữ BIGGBEN Da Bò Cao 4 Phân DCG111,299000.0,500000.0,201000.0,0.0,0,9460,,https://tiki.vndep-cao-got-nu-biggben-da-bo-cao-4-phan-dcg111-p277927326.html?spid=277927340,dép cao gót nữ biggben
277908223,Sandal Biti’s Hunter Sandal - Dune Edition HEW001300XDL,549000.0,549000.0,0.0,0.0,0,174218,,https://tiki.vnsandal-biti-s-hunter-sandal-dune-edition-hew001300xdl-p277908223.html?spid=277908225,sandal biti s hunter
277561633,Giày Sandal Cao Gót Da Bò BIGGBEN Cao 4 Phân SDCG140,379000.0,500000.0,121000.0,0.0,0,9460,,https://tiki.vngiay-sandal-cao-got-da-bo-biggben-cao-4-phan-sdcg140-p277561633.html?spid=277561651,giày sandal cao gót da bò
276367768,Giày Sandal Cao Gót Da Bò BIGGBEN Cao 5 Phân SDCG135,379000.0,500000.0,121000.0,0.0,0,9460,,https://tiki.vngiay-sandal-cao-got-da-bo-biggben-cao-5-phan-sdcg135-p276367768.html?spid=276367780,giày sandal cao gót da bò
276098540,Giày Sandal Nữ Da Bò Thật BIGGBEN Cao Cấp SDN108,299000.0,450000.0,151000.0,0.0,0,9460,,https://tiki.vngiay-sandal-nu-da-bo-that-biggben-cao-cap-sdn108-p276098540.html?spid=276098542,giày sandal nữ da bò
275975462,Sục nữ da thật hàng xuất khẩu đẹp cho nàng 21684,185200.0,185200.0,0.0,0.0,0,9711,,https://tiki.vnsuc-nu-da-that-hang-xuat-khau-dep-cho-nang-21684-p275975462.html?spid=275975466,sục nữ da hàng
275326108,Dép Cao Gót Nữ BIGGBEN Da Bò Cao 5 Phân DCG101,359000.0,500000.0,141000.0,0.0,0,9460,,https://tiki.vndep-cao-got-nu-biggben-da-bo-cao-5-phan-dcg101-p275326108.html?spid=275326110,dép cao gót nữ biggben
274673300,Giày Đế Xuồng Nữ BIGGBEN Da Bò Thật Cao 5 Phân SDX65,329000.0,450000.0,121000.0,0.0,0,9460,,https://tiki.vngiay-de-xuong-nu-biggben-da-bo-that-cao-5-phan-sdx65-p274673300.html?spid=274673306,giày đế xuồng nữ
274613472,Dép Cao Gót Nữ BIGGBEN Da Bò Cao 5 Phân DCG90,369000.0,500000.0,131000.0,0.0,0,9460,,https://tiki.vndep-cao-got-nu-biggben-da-bo-cao-5-phan-dcg90-p274613472.html?spid=274613480,dép cao gót nữ biggben
274613358,Dép Cao Gót Nữ BIGGBEN Da Bò Cao 5 Phân DCG89,379000.0,500000.0,121000.0,0.0,0,9460,,https://tiki.vndep-cao-got-nu-biggben-da-bo-cao-5-phan-dcg89-p274613358.html?spid=274613370,dép cao gót nữ biggben
273056507,Giày Sandal BIGGBEN Da Bò Thật Cao 3 Phân SDCG104,329000.0,450000.0,121000.0,0.0,0,9460,,https://tiki.vngiay-sandal-biggben-da-bo-that-cao-3-phan-sdcg104-p273056507.html?spid=273056517,giày sandal biggben da bò
271440267,Giày Đế Xuồng Nữ BIGGBEN Da Bò Thật Cao 7 Phân SDX57,319000.0,400000.0,81000.0,0.0,0,9460,,https://tiki.vngiay-de-xuong-nu-biggben-da-bo-that-cao-7-phan-sdx57-p271440267.html?spid=271440277,giày đế xuồng nữ
270145232,Dép Xỏ Ngón Nữ Da Bò Thật BIGGBEN Cao Cấp DXN46,319000.0,400000.0,81000.0,0.0,0,9460,,https://tiki.vndep-xo-ngon-nu-da-bo-that-biggben-cao-cap-dxn46-p270145232.html?spid=271394280,dép xỏ ngón nữ
245772524,Giày Sandal Nữ The Bily 03W Quai Ngang - Màu Cam BL03WC,369000.0,369000.0,0.0,0.0,0,196712,,https://tiki.vngiay-sandal-nu-the-bily-03w-quai-ngang-mau-cam-bl03wc-p245772524.html?spid=245772528,giày sandal nữ the
245770724,Giày Sandal Nữ The Bily 02W Quai Chéo Đôi - Màu Kem BL02WK,389000.0,389000.0,0.0,0.0,0,196712,,https://tiki.vngiay-sandal-nu-the-bily-02w-quai-cheo-doi-mau-kem-bl02wk-p245770724.html?spid=245770726,giày sandal nữ the
207779791,Dép Sục Nữ Da Bò Thật BIGGBEN Cao 5 phân SBN48,400000.0,400000.0,0.0,0.0,0,9460,,https://tiki.vndep-suc-nu-da-bo-that-biggben-cao-5-phan-sbn48-p207779791.html?spid=207779801,dép sục nữ da bò biggben
207733204,Giày Cao Gót Da Bò Thật BIGGBEN Gót 4 Phân SDCG80,319000.0,420000.0,101000.0,0.0,0,9460,,https://tiki.vngiay-cao-got-da-bo-that-biggben-got-4-phan-sdcg80-p207733204.html?spid=203320141,giày cao gót da bò biggben gót
206988241,Giày Sandal Nữ The Bily 01W Quai Chéo Dây Rút - Màu Kem BL01W,399000.0,399000.0,0.0,0.0,0,196712,,https://tiki.vngiay-sandal-nu-the-bily-01w-quai-cheo-day-rut-mau-kem-bl01wk-p206988241.html?spid=206988251,giày sandal nữ the
200971079,Giày nữ đế xuồng 5CM  hở mũi da bò Trường Hải màu đen da mềm mại DX130  CÓ SIZE LỚN,319000.0,319000.0,0.0,0.0,0,11395,,https://tiki.vngiay-nu-de-xuong-5cm-ho-mui-da-bo-truong-hai-mau-den-da-mem-mai-dx130-dep-co-size-lon-p200971079.html?spid=200971089,giày nữ đế xuồng
200039924,Sục nữ cao gót 7cm da mềm mại màu đen Trường Hải S112,196600.0,196600.0,0.0,4.7,3,11395,,https://tiki.vnsuc-nu-cao-got-7cm-da-mem-mai-mau-den-truong-hai-s112-p200039924.html?spid=200039926,sục nữ cao gót
198741055,Giày Đế Xuồng Nữ BIGGBEN Da Bò Thật Đế Cao 5 Phân SDX44,339000.0,400000.0,61000.0,5.0,1,9460,,https://tiki.vngiay-de-xuong-nu-biggben-da-bo-that-de-cao-5-phan-sdx44-p198741055.html?spid=198741061,giày đế xuồng nữ
198457946,Giày Đế Xuồng Nữ BIGGBEN Da Bò Thật Đế Cao 5 Phân SDX43,380000.0,380000.0,0.0,0.0,0,9460,,https://tiki.vngiay-de-xuong-nu-biggben-da-bo-that-de-cao-5-phan-sdx43-p198457946.html?spid=198457950,giày đế xuồng nữ
190542901,Dép quai kẹp xốp Bitis nữ đế 7cm,245000.0,245000.0,0.0,5.0,3,174218,,https://tiki.vndep-quai-kep-xop-bitis-nu-de-7cm-p190542901.html?spid=190542911,dép quai kẹp xốp bitis
189179216,Giày Sandal Nữ The Bily 01W Quai Chéo Dây Rút - Màu Xám BL01WX,359000.0,359000.0,0.0,0.0,0,196712,,https://tiki.vngiay-sandal-nu-the-bily-01w-quai-cheo-day-rut-mau-xam-bl01wx-p189179216.html?spid=189179220,giày sandal nữ the
129662321,"HJ7947-48-49 - Giày nữ hoa văn Huy Hoàng da bò màu da, đen, nâu đất",342300.0,489000.0,146700.0,0.0,0,223818,,https://tiki.vnhj7947-48-49-giay-nu-hoa-van-huy-hoang-da-bo-mau-da-den-nau-dat-p129662321.html?spid=129662331,hj7947 48 giày nữ
120049518,"Giày nữ búp bê Huy Hoàng da bò màu hồng, trắng, kem HT7912-13 -14",342300.0,489000.0,146700.0,0.0,0,1867,,https://tiki.vnhp7912-13-14-giay-nu-bup-be-huy-hoang-da-bo-mau-hong-trang-kem-p120049518.html?spid=120049937,giày nữ búp bê huy hoàng
120049303,"Dép nữ thời trang Huy Hoàng màu đen, đỏ HT7928-29-33-34",293300.0,419000.0,125700.0,0.0,0,1867,,https://tiki.vnhp7928-29-33-34-dep-nu-thoi-trang-huy-hoang-mau-den-do-p120049303.html?spid=120050032,dép nữ thời trang huy hoàng
101057573,"Giày Bệt Nữ, Giày Mọi Nữ Siêu Dễ Thương 21670",299000.0,299000.0,0.0,0.0,0,87241,,https://tiki.vngiay-bet-nu-giay-moi-nu-sieu-de-thuong-21670-p101057573.html?spid=101057594,giày bệt nữ giày nữ siêu
59208547,Giày Sandal Cao Gót BIGGBEN Da Bò Thật Cao 4 Phân SDCG52,379000.0,400000.0,21000.0,5.0,8,9460,,https://tiki.vngiay-sandal-cao-got-biggben-da-bo-that-sdcg52-p59208547.html?spid=59208569,giày sandal cao gót biggben
44573366,Giày nữ Huy Hoàng màu đỏ HT7062,469000.0,469000.0,0.0,2.0,1,1867,,https://tiki.vngiay-nu-huy-hoang-mau-do-ht7062-p44573366.html?spid=44573377,giày nữ huy hoàng màu
44573291,Dép nữ Huy Hoàng da đà điểu màu hồng HT7412,524300.0,749000.0,224700.0,0.0,0,1867,,https://tiki.vndep-nu-huy-hoang-da-da-dieu-mau-hong-ht7412-p44573291.html?spid=44573295,dép nữ huy hoàng da
44573182,Giày nữ Huy Hoàng màu đỏ HT7065,489000.0,489000.0,0.0,5.0,1,1867,,https://tiki.vngiay-nu-huy-hoang-mau-do-ht7065-p44573182.html?spid=44573190,giày nữ huy hoàng màu
43182509,Bộ 2 cặp lót giày bảo vệ gót chân và chống tuột gót giày (loại hạt xoài) - buybox - BBPK20,20500.0,20500.0,0.0,4.5,2,56711,,https://tiki.vnbo-2-cap-lot-giay-bao-ve-got-chan-va-chong-tuot-got-giay-loai-hat-xoai-buybox-bbpk20-p43182509.html?spid=71518392,bộ cặp lót giày
2692049,Giày Nữ Da Bò 5 Phân Huy Hoàng HT7943 - Nâu Đất,519000.0,519000.0,0.0,4.6,5,1867,,https://tiki.vngiay-nu-da-bo-5-phan-huy-hoang-ht7943-nau-dat-p2692049.html?spid=2692069,giày nữ da bò phân huy hoàng
2690635,Giày Sabo Nữ Da Bò Huy Hoàng HT7937 - Nâu Đất,489000.0,489000.0,0.0,5.0,2,1867,,https://tiki.vngiay-sabo-nu-da-bo-huy-hoang-ht7937-nau-dat-p2690635.html?spid=2690651,giày sabo nữ da bò
2689447,Dép Nữ Thời Trang Huy Hoàng HT7933 - Đen,293300.0,419000.0,125700.0,4.5,2,1867,,https://tiki.vndep-nu-thoi-trang-huy-hoang-ht7933-den-p2689447.html?spid=2689451,dép nữ thời trang huy hoàng
1998827,Giày Sandal Nữ Cao Gót Huy Hoàng HT7064 - Xanh (Size,469000.0,469000.0,0.0,4.7,3,1867,,https://tiki.vngiay-sandal-nu-cao-got-huy-hoang-ht7064-xanh-p1998827.html?spid=2006773,giày sandal nữ cao gót
1991881,Dép Nữ Cao Gót Huy Hoàng HT7047 - Đen (Size,459000.0,459000.0,0.0,5.0,1,1867,,https://tiki.vndep-nu-cao-got-huy-hoang-ht7047-den-p1991881.html?spid=1992961,dép nữ cao gót huy hoàng
279177303,Dép quai ngang Bitis nữ (35-40),185000.0,185000.0,0.0,0.0,0,174218,,https://tiki.vndep-quai-ngang-bitis-nu-35-40-p279177303.html?spid=279177309,dép quai ngang bitis
279155235,Dép xỏ ngón sức khỏe nữ Spenco Yumi Monet Aqua - nâng vòm cho bang chân bẹt,1995000.0,1995000.0,0.0,0.0,0,302,,https://tiki.vndep-xo-ngon-suc-khoe-nu-spenco-yumi-monet-aqua-nang-vom-cho-bang-chan-bet-p279155235.html?spid=279155241,dép xỏ ngón sức
279155172,Giày thể thao sức khoẻ nữ Revitalign Gaia Blue - giày đi bộ chống đau chân,3495000.0,3495000.0,0.0,0.0,0,302,,https://tiki.vngiay-the-thao-suc-khoe-nu-revitalign-gaia-blue-giay-di-bo-chong-dau-chan-p279155172.html?spid=279155188,giày thể thao sức khỏe
279081655,Dép cỏ bàng viền đen Hương Quế – DCQ-100,55000.0,55000.0,0.0,0.0,0,61212,,https://tiki.vndep-co-bang-vien-den-huong-que-dcq-100-p279081655.html?spid=279105097,dép cỏ bàng đen hương
278454006,GIÀY CG BASSIC BÓNG 5P PABNO PN12034,355000.0,355000.0,0.0,0.0,0,49994,,https://tiki.vngiay-cg-bassic-bong-5p-pabno-pn12034-p278454006.html?spid=278454008,giày cg bassic bóng
278241952,Sandal Biti's nữ (size 35-40),395000.0,395000.0,0.0,0.0,0,174218,,https://tiki.vnsandal-biti-s-nu-size-35-40-p278241952.html?spid=278241954,sandal biti s nữ
278214803,Dép kẹp ngón sức khỏe nữ Spenco Yumi Monet Sunset,1995000.0,1995000.0,0.0,0.0,0,302,,https://tiki.vndep-kep-ngon-suc-khoe-nu-spenco-yumi-monet-sunset-p278214803.html?spid=278214813,dép kẹp ngón sức
278096474,GIÀY CAO GÓT BASIC 5CM PABNO PN22036,365000.0,365000.0,0.0,0.0,0,49994,,https://tiki.vngiay-cao-got-basic-5cm-pabno-pn22036-p278096474.html?spid=278096482,giày cao gót basic
278025976,"Dép chiếu đi trong nhà Hương Quế DCQ-84 thích hợp mang trong nhà, trong văn phòng",95000.0,95000.0,0.0,0.0,0,61212,,https://tiki.vndep-chieu-di-trong-nha-huong-que-dcq-78-thich-hop-mang-trong-nha-trong-van-phong-p278025976.html?spid=278025978,dép chiếu đi nhà
277473532,Giày Slingback bóng trơn 9P PABNO PN12019,365000.0,365000.0,0.0,0.0,0,49994,,https://tiki.vngiay-slingback-bong-tron-9p-pabno-pn12019-p277473532.html?spid=277473550,giày slingback bóng trơn
277039534,"Sandal cao gót sức khỏe nữ Aetrex Anna Sand - Giày đế xuồng gót cao 8p, đệm nâng vòm, mềm nhẹ",5475000.0,5475000.0,0.0,0.0,0,302,,https://tiki.vnsandal-cao-got-suc-khoe-nu-aetrex-anna-sand-giay-de-xuong-got-cao-8p-dem-nang-vom-mem-nhe-p277039534.html?spid=277039544,sandal cao gót sức khỏe
277013816,Giày Sandal nữ 3 quai chéo 7F PABNO PN22030,345000.0,345000.0,0.0,0.0,0,49994,,https://tiki.vngiay-sandal-nu-3-quai-cheo-7f-pabno-pn22030-p277013816.html?spid=277013834,giày sandal nữ quai chéo
276840739,Dép quai ngang sức khỏe nữ Spenco Astoria Rose - đệm mềm cho cả chân nhạy cảm,2495000.0,2495000.0,0.0,0.0,0,302,,https://tiki.vndep-quai-ngang-suc-khoe-nu-spenco-astoria-rose-dem-mem-cho-ca-chan-nhay-cam-p276840739.html?spid=276840884,dép quai ngang sức
276671738,Giày Đế Xuồng Nơ Khóa 5P PABNO PN17019,345000.0,345000.0,0.0,0.0,0,49994,,https://tiki.vngiay-de-xuong-no-khoa-5p-pabno-pn17019-p276671738.html?spid=276671750,giày đế xuồng nơ
276671694,Giày Đế Xuồng Nơ Khóa 5P PABNO PN17018,345000.0,345000.0,0.0,0.0,0,49994,,https://tiki.vngiay-de-xuong-no-khoa-5p-pabno-pn17018-p276671694.html?spid=276671708,giày đế xuồng nơ
276112742,Giày thể thao sức khoẻ nữ Aetrex Jenna Black - Giày lười da đế đệm,3795000.0,3795000.0,0.0,0.0,0,302,,https://tiki.vngiay-the-thao-suc-khoe-nu-aetrex-jenna-black-giay-luoi-da-de-dem-p276112742.html?spid=276112752,giày thể thao sức khỏe
275478167,Dép nữ cao gót 8cm Trường Hải da bò mềm mại màu kem CG145,339000.0,339000.0,0.0,0.0,0,11395,,https://tiki.vndep-nu-cao-got-8cm-truong-hai-da-bo-mem-mai-mau-kem-cg145-p275478167.html?spid=275478171,dép nữ cao gót
273990787,Sandal sức khỏe nữ Aetrex Paula Walnut,4675000.0,4675000.0,0.0,0.0,0,302,,https://tiki.vnsandal-suc-khoe-nu-aetrex-paula-walnut-p273990787.html?spid=273990789,sandal sức khỏe nữ
273980248,"Sandal sức khoẻ nữ Aetrex Lexa Black - Giày cao 5p đế da mềm nhẹ, không chúi mũi chân",3975000.0,3975000.0,0.0,0.0,0,302,,https://tiki.vnsandal-suc-khoe-nu-aetrex-lexa-black-giay-cao-5p-de-da-p273980248.html?spid=273980250,sandal sức khỏe nữ
272426123,"Dép nữ quai ngang đế xuông da bò cao 7.5cm Trường Hải 2 màu đen, kem D145N",319000.0,319000.0,0.0,0.0,0,11395,,https://tiki.vndep-nu-quai-ngang-de-xuong-da-bo-cao-7-5cm-truong-hai-2-mau-den-kem-d145n-p272426123.html?spid=272426127,dép nữ quai ngang đế
270549313,Băng Dán Gót Giày 4.4 mét Ngăn Tiếp Xúc Bảo Vệ Châm Chống Ma Sát Thoáng Khí Chống Thấm Nước Thiết kế Đa năng Tiện Dụng Legaxi,15000.0,15000.0,0.0,0.0,0,3196,,https://tiki.vnbang-dan-vet-thuong-ngan-tiep-xuc-bao-ve-chan-chong-ma-sat-thoang-khi-chong-tham-nuoc-thiet-ke-da-nang-tien-dung-legaxi-p270549313.html?spid=270549315,băng dán gót giày
269984713,Dép sức khỏe nữ Spenco Kholo Wave Navy - Dép quai ngang ôm bàn chân giảm đau,2295000.0,2295000.0,0.0,0.0,0,302,,https://tiki.vndep-suc-khoe-nu-spenco-kholo-wave-dep-quai-ngang-om-ban-chan-giam-dau-p269984713.html?spid=269984715,dép sức khỏe nữ
262414437,Giày Nữ Búp Bê Đế Bệt TiTi ĐÔ Da Bò Thật Thời Trang Cao Cấp 2cm BBN2023,390000.0,390000.0,0.0,0.0,0,323804,,https://tiki.vngiay-bup-be-nu-titi-do-da-bo-that-cao-cap-1-5cm-bbn2023-p262414437.html?spid=262414443,giày nữ búp bê đế bệt
254904275,Xăng đan cao gót nữ 7.5cm Trường Hải Màu trắng da mềm mại XD162,319000.0,319000.0,0.0,0.0,0,11395,,https://tiki.vnxang-dan-cao-got-nu-7-5cm-truong-hai-mau-trang-da-mem-mai-xd162-p254904275.html?spid=254904283,xăng đan cao gót nữ
252582837,Giày nữ mũi nhọn Đế Xuồng 5cm Da Bò đính nơ xinh xắn Màu Đen Trường Hải DX117Đ,285000.0,285000.0,0.0,4.0,1,11395,,https://tiki.vngiay-nu-mui-nhon-de-xuong-5cm-da-bo-dinh-no-xinh-xan-mau-den-truong-hai-dx117d-p252582837.html?spid=252582841,giày nữ mũi nhọn đế
194187442,Giày cao gót đế vuông 7cm ( giao hỏa tốc 2h - free shipping - bảo hành 1 năm),440000.0,440000.0,0.0,0.0,0,300310,,https://tiki.vngiay-cao-got-de-vuong-7cm-giao-hoa-toc-2h-free-shipping-bao-hanh-1-nam-p194187442.html?spid=194187462,giày cao gót đế vuông
194187403,Giày cao gót chiến binh gót 12cm (bảo hành 1 năm - giao hỏa tốc - free shipping),550000.0,550000.0,0.0,0.0,0,300310,,https://tiki.vngiay-cao-got-chien-binh-got-12cm-bao-hanh-1-nam-giao-hoa-toc-free-shipping-p194187403.html?spid=194187430,giày cao gót chiến binh gót
194187098,Giày mũi nhọn satin trơn đen sườn 4 lớp cao cấp hàng chuẩn (bảo hành 1 năm - ping - giao hỏa tốc),360000.0,360000.0,0.0,0.0,0,300310,,https://tiki.vngiay-mui-nhon-satin-tron-den-suon-4-lop-cao-cap-hang-chuan-bao-hanh-1-nam-freeshipping-giao-hoa-toc-p194187098.html?spid=194187188,giày mũi nhọn satin trơn
184288657,Cài giày cài áo phụ kiện thời trang hot trend ( 1 chiếc ),75000.0,75000.0,0.0,0.0,0,19782,,https://tiki.vncai-giay-cai-ao-phu-kien-thoi-trang-hot-trend-1-chiec-p184288657.html?spid=184288658,cài giày cài áo
164590337,Giày sục nữ đế xuồng 5cm da bò Trường Hải màu hồng phấn  da mềm mại không bong tróc SN136,299000.0,299000.0,0.0,4.6,5,11395,,https://tiki.vngiay-suc-nu-de-xuong-5cm-da-bo-truong-hai-mau-hong-phan-da-mem-mai-khong-bong-troc-sn136-p164590337.html?spid=164590345,giày sục nữ đế xuồng
126260162,Đón gót giày dài 55cm gỗ Chiu Liu nguyên khối sơn mài VIP - DGH910 - Đón giày mọi tư thế cho Nam & Nữ,89000.0,89000.0,0.0,0.0,0,253372,,https://tiki.vndon-got-giay-dai-55cm-go-chiu-liu-nguyen-khoi-son-mai-vip-dgh910-don-giay-moi-tu-the-cho-nam-nu-p126260162.html?spid=163870763,đón gót giày dài
120169172,Đón gót giày bằng sừng đẹp (Dài 22-25cm) DGH901-25 - tiện dụng xỏ giày cho cả nam và nữ,79000.0,79000.0,0.0,0.0,0,253372,,https://tiki.vndon-got-giay-bang-sung-dep-dai-22-25cm-tien-dung-xo-giay-hahanco-p120169172.html?spid=163301618,đón gót giày sừng
115714394,Fasmono – Guốc quai kẹp mũi vuông– F025100,450000.0,450000.0,0.0,0.0,0,21245,,https://tiki.vnfasmono-guoc-quai-kep-mui-vuong-f025100-p115714394.html?spid=115714396,fasmono guốc quai kẹp mũi
90374824,Giày Búp Bê Đế Xuồng Trơn Chính Hãng TRƯỜNG HẢI DX125 Da Bò Thật Màu Đen Đế Cao su Mềm Dẻo 4Cm HÌNH ẢNH THẬT,279000.0,279000.0,0.0,4.0,2,11395,,https://tiki.vngiay-bup-be-de-xuong-tron-chinh-hang-truong-hai-dx125-da-bo-that-mau-den-de-cao-su-mem-deo-4cm-hinh-anh-that-p90374824.html?spid=90374828,giày búp bê đế xuồng
72913444,Giày Cao Gót Đúp Mỏng Hở Mũi Quai Hậu Thương Hiệu PABNO PN452,395000.0,395000.0,0.0,4.5,2,49994,,https://tiki.vngiay-cao-got-dup-mong-ho-mui-quai-hau-thuong-hieu-pabno-pn452-p72913444.html?spid=72913462,giày cao gót đúp mỏng
23360693,Combo 2 bộ miếng lót cho giày rộng V.10 (Màu,40000.0,40000.0,0.0,3.5,2,31740,,https://tiki.vncombo-2-bo-mieng-lot-cho-giay-rong-v-10-mau-den-p23360693.html?spid=34555880,combo
279132241,"Giày nữ họa tiết, mũi vuông ROSATA RO714 - 4p - HÀNG VIỆT NAM - BKSTORE",530000.0,530000.0,0.0,0.0,0,44660,,https://tiki.vngiay-nu-hoa-tiet-mui-vuong-rosata-ro714-4p-hang-viet-nam-bkstore-p279132241.html?spid=279132243,giày nữ họa tiết mũi
279016501,Sandal Biti's Hunter  nữ (35-39),555000.0,555000.0,0.0,0.0,0,174218,,https://tiki.vnsandal-biti-s-hunter-nu-35-39-p279016501.html?spid=279016511,sandal biti s hunter
278977052,Giày Sandal Cao Gót Da Bò BIGGBEN Cao 11 Phân SDCG147,500000.0,500000.0,0.0,0.0,0,9460,,https://tiki.vngiay-sandal-cao-got-da-bo-biggben-cao-11-phan-sdcg147-p278977052.html?spid=278977070,giày sandal cao gót da bò
278899983,"Sandal nữ cổ cao khóa kéo sau, gót nhọn ROSATA RO713 -9p- Đen - BKSTORE",450000.0,450000.0,0.0,0.0,0,44660,,https://tiki.vnsandal-nu-co-cao-khoa-keo-sau-got-nhon-rosata-ro713-9p-den-bkstore-p278899983.html?spid=278899991,sandal nữ cổ cao khóa
278894718,"Sandal cao gót nữ quai mảnh ROSATA RO710 -8p- Đen, Xanh - BKSTORE",399000.0,399000.0,0.0,0.0,0,44660,,https://tiki.vnsandal-cao-got-nu-quai-manh-rosata-ro710-8p-den-xanh-bkstore-p278894718.html?spid=278894732,sandal cao gót nữ quai rosata
278759700,"Dép cao gót nữ mũi nhọn, gót nhọn ROSATA RO705 - 8p - Vàng, Bạc - BKSTORE",390000.0,390000.0,0.0,0.0,0,44660,,https://tiki.vndep-cao-got-nu-mui-nhon-got-nhon-rosata-ro705-8p-vang-bac-bkstore-p278759700.html?spid=278759722,dép cao gót nữ mũi nhọn
278041725,"Dép nữ xỏ ngón đế xuồng ROSATA RO726 - 4p - Đen, Trắng - BKSTORE",390000.0,390000.0,0.0,0.0,0,44660,,https://tiki.vnanh-that-dep-nu-xo-ngon-de-xuong-rosata-ro726-4p-den-trang-bkstore-p278041725.html?spid=278041729,dép nữ xỏ ngón đế
277943721,"Dép nữ quai ngang, gót trụ ROSATA RO724 - 7p - Đen, Trắng - BKSTORE",380000.0,380000.0,0.0,0.0,0,44660,,https://tiki.vndep-nu-quai-ngang-got-tru-rosata-ro724-7p-den-trang-bkstore-p277943721.html?spid=277943741,dép nữ quai ngang gót
277810978,"Giày Sandal nữ kiểu dáng mới chống trơn, trượt – GSDN14",660000.0,1320000.0,660000.0,0.0,0,975,,https://tiki.vngiay-sandal-nu-kieu-dang-moi-chong-tron-truot-gsdn14-p277810978.html?spid=277810998,giày sandal nữ kiểu dáng
277532756,"Dép nữ rọ đục lổ, gót vuông ROSATA RO684 - 4p - Bạc - BKSTORE",390000.0,390000.0,0.0,0.0,0,44660,,https://tiki.vndep-nu-ro-duc-lo-got-vuong-rosata-ro684-4p-bac-bkstore-p277532756.html?spid=277532760,dép nữ rọ đục lổ
277380489,Giày Chạy Bộ Nữ Biti's Hunter Running HSW004800HOG (Hồng),1259000.0,1259000.0,0.0,0.0,0,178519,,https://tiki.vngiay-chay-bo-nu-biti-s-hunter-running-hsw004800hog-hong-p277380489.html?spid=277380495,giày chạy nữ biti
276848291,"Giấy vệ sinh  giày bịch 30 tờ , vệ sinh các giày thể thao , các loại da , siêu sạch ,giúp sáng bóng , sạch sẽ , tiện lợi nhỏ gọn dễ dàng mang theo mọi nơi ",75050.0,79000.0,3950.0,0.0,0,274962,,https://tiki.vngiay-ve-sinh-giay-bich-30-to-ve-sinh-cac-giay-the-thao-cac-loai-da-sieu-sach-giup-sang-bong-sach-se-tien-loi-nho-gon-de-dang-mang-theo-moi-noi-p276848291.html?spid=276848292,giấy vệ sinh giày bịch tờ
276848287,"Giấy lau giày bịch 30 tờ , vệ sinh giày thể thao , các loại da , siêu sạch , tiện lợi nhỏ gọn dễ dàng mang theo mọi nơi ",75050.0,79000.0,3950.0,0.0,0,274962,,https://tiki.vngiay-lau-giay-bich-30-to-ve-sinh-giay-the-thao-cac-loai-da-sieu-sach-tien-loi-nho-gon-de-dang-mang-theo-moi-noi-p276848287.html?spid=276848288,giấy lau giày bịch
276381640,Earrings nữ đeo tai cao cấp sang chảnh thời trang Hàn Quốc,89000.0,89000.0,0.0,0.0,0,71471,,https://tiki.vnearrings-nu-deo-tai-cao-cap-sang-chanh-thoi-trang-han-quoc-p276381640.html?spid=276381641,earrings nữ đeo tai cao cấp
276174418,Giày Búp Bê Bé Gái Kiểu Dáng Dễ Thương – GBB9037,400000.0,800000.0,400000.0,0.0,0,975,,https://tiki.vngiay-bup-be-be-gai-kieu-dang-de-thuong-gbb9037-p276174418.html?spid=276174426,giày búp bê bé gái
275823035,"Chai xịt làm sạch đồ da, chai vệ sinh giày, vệ sinh túi da, sofa, áo da cao cấp",63010.0,63010.0,0.0,0.0,0,327872,,https://tiki.vnchai-xit-lam-sach-do-da-chai-ve-sinh-giay-ve-sinh-tui-da-sofa-ao-da-cao-cap-p275823035.html?spid=275823036,chai xịt làm sạch đồ
273675153,"Sandal, dép nữ phối kim tuyến gót vuông ROSATA RO539 cao 5p - bạc, đồng - HÀNG VIỆT NAM - BKSTORE",430000.0,430000.0,0.0,0.0,0,44660,,https://tiki.vnsandal-dep-nu-phoi-kim-tuyen-got-vuong-rosata-ro539-cao-5p-bac-dong-hang-viet-nam-bkstore-p273675153.html?spid=273675171,sandal dép nữ phối kim tuyến
273370139,Dép quai kẹp Biti's nữ đế 5cm,195000.0,195000.0,0.0,0.0,0,174218,,https://tiki.vndep-quai-kep-biti-s-nu-de-5cm-p273370139.html?spid=273370163,dép quai kẹp biti s
272883556,Giày Búp Bê Kiểu Dáng Dễ Thương – GBB9012,450000.0,900000.0,450000.0,0.0,0,975,,https://tiki.vngiay-bup-be-kieu-dang-de-thuong-gbb9012-p272883556.html?spid=272883559,giày búp bê kiểu dáng dễ thương
251404551,Giày Thể Thao Nữ Biti's Hunter X Wavy Collection,1019000.0,1019000.0,0.0,0.0,0,174218,,https://tiki.vngiay-the-thao-nu-biti-s-hunter-x-wavy-collection-p251404551.html?spid=251404571,giày thể thao nữ biti
217760269,Giày Nữ Búp Bê Đế Xuồng TiTi ĐÔ Da Bò Thật Thời Trang Cao 5cm GBB2030,425000.0,425000.0,0.0,0.0,0,323804,,https://tiki.vngiay-nu-bup-be-de-xuong-da-bo-that-ha-nam-cao-cap-5cm-gbb2030d-p217760269.html?spid=217760325,giày nữ búp bê đế
217759729,Giày Mọi Nữ Đế Bệt Da Bò Thật TiTi ĐÔ Cao Cấp GBBN2049,388000.0,388000.0,0.0,0.0,0,323804,,https://tiki.vngiay-moi-nu-da-bo-that-ha-nam-cao-cap-gbbn2049d-p217759729.html?spid=217759760,giày nữ đế bệt da bò
217610930,Giày Sandal Nữ Đế Xuồng Da Bò Thật TiTi ĐÔ Cao Cấp 5cm DNU2021d,388000.0,388000.0,0.0,0.0,0,323804,,https://tiki.vngiay-sandal-nu-de-xuong-ha-nam-da-bo-that-cao-cap-5cm-dnu2021d-p217610930.html?spid=217610955,giày sandal nữ đế xuồng
217506691,Giày Nữ Búp Bê Đế Bệt Da Bò Thật TiTi ĐÔ Cao Cấp GBBN2040d,378000.0,378000.0,0.0,0.0,0,323804,,https://tiki.vngiay-nu-bup-be-da-bo-that-ha-nam-cao-cap-gbbn2040d-p217506691.html?spid=217506709,giày nữ búp bê đế bệt
217506096,Giày Nữ Búp Bê Đế Bệt Da Bò Thật TiTi ĐÔ Cao Cấp GBBN2047d,426000.0,426000.0,0.0,0.0,0,323804,,https://tiki.vngiay-nu-bup-be-da-bo-that-ha-nam-cao-cap-gbbn2047d-p217506096.html?spid=217506154,giày nữ búp bê đế bệt
217275179,Giày Sandal Nữ Cao Gót Da Bò Thật TiTi ĐÔ Cao Cấp 4cm DNU2093d,280000.0,280000.0,0.0,0.0,0,323804,,https://tiki.vngiay-sandal-nu-da-bo-that-ha-nam-cao-cap-4cm-dnu2093d-p217275179.html?spid=217275191,giày sandal nữ cao gót
211304022,Dép Nữ Quai Chéo Đế Xuồng HÀ NAM Da Bò Thật Cao Cấp 9cm DNU2159,450000.0,450000.0,0.0,0.0,0,93132,,https://tiki.vngiay-sandal-nu-de-xuong-da-bo-ha-nam-cao-cap-dnu2159-p211304022.html?spid=211304034,dép nữ quai chéo đế xuồng
207807005,Giày Sandal Nữ Đế Xuồng HÀ NAM Da Bò Thật Thời Trang Cao Cấp  9cm DNU2142,360000.0,360000.0,0.0,0.0,0,93132,,https://tiki.vngiay-sandal-de-xuong-da-bo-ha-nam-cao-cap-dnu2142-p207807005.html?spid=207807028,giày sandal nữ đế xuồng
198272816,Giày Sandal Nữ Cao Gót HÀ NAM Da Bò Thật Thời Trang Cao Cấp 5cm DNU2135,376000.0,376000.0,0.0,0.0,0,93132,,https://tiki.vngiay-sandal-nu-da-bo-that-ha-nam-cao-cap-dnu2135-p198272816.html?spid=198272838,giày sandal nữ cao gót
194187646,"Giày mũi vuông 9p đơn giản sang trọng (có bảo hành , giao hỏa tốc)",390000.0,390000.0,0.0,0.0,0,300310,,https://tiki.vngiay-mui-vuong-9p-don-gian-sang-trong-co-bao-hanh-giao-hoa-toc-p194187646.html?spid=194187660,giày mũi vuông p
194187516,Giày Sandal đính nơ gót 7cm 4 màu xinh xắn ( giao hỏa tốc - ping - bảo hành 1 năm),370000.0,370000.0,0.0,0.0,0,300310,,https://tiki.vngiay-sandal-dinh-no-got-7cm-4-mau-xinh-xan-giao-hoa-toc-freeshipping-bao-hanh-1-nam-p194187516.html?spid=194187552,giày sandal đính nơ gót
194187484,"Giày cao gót lông vũ trắng ( có bảo hành , free shipping)",460000.0,460000.0,0.0,0.0,0,300310,,https://tiki.vngiay-cao-got-long-vu-trang-co-bao-hanh-free-shipping-p194187484.html?spid=194187486,giày cao gót lông vũ trắng
189172374,"Dép Nữ Quai Ngang, Dép Bò Sữa Sweet Milk Siêu Dễ Thương DP05",39000.0,39000.0,0.0,4.7,13,144221,,https://tiki.vndep-nu-quai-ngang-de-p-bo-sua-sweet-milk-sieu-de-thuong-dp05-p189172374.html?spid=189172382,dép nư quai ngang de
154279809,"Sandal sức khoẻ nữ Aetrex Jillian Sport Grey- Sandal nâng vòm mềm nhẹ, không thấm nước",2495000.0,2495000.0,0.0,0.0,0,302,,https://tiki.vnsandal-suc-khoe-nu-aetrex-jillian-sport-grey-sandal-mem-nhe-khong-tham-nuoc-p154279809.html?spid=154279811,sandal sức khỏe nữ
129424066,"HJ7057-7058-7925 - Giày nữ Huy Hoàng màu đen, xanh, đỏ",342300.0,489000.0,146700.0,0.0,0,223818,,https://tiki.vnhj7057-7058-7925-giay-nu-huy-hoang-mau-den-xanh-do-p129424066.html?spid=129424072,hj7057 7058 7925 giày
110473725,Giày Nữ Búp Bê Đế Xuồng HÀ NAM Da Bò Thật Thời Trang cao 5cm GBBN2042,358000.0,358000.0,0.0,0.0,0,93132,,https://tiki.vngiay-nu-bup-be-da-bo-that-cao-cap-gbbn2042-p110473725.html?spid=110473734,giày nữ búp bê đế
109543521,Giày Nữ Búp Bê Đế Xuồng HÀ NAM Da Bò Thật Cao Cấp 4cm GBBN2037,379000.0,379000.0,0.0,0.0,0,93132,,https://tiki.vngiay-nu-bup-be-de-xuong-da-bo-that-gbbn2037-p109543521.html?spid=109543533,giày nữ búp bê đế
44573443,Dép nữ Huy Hoàng da đà điểu màu xanh rêu HT7409,749000.0,749000.0,0.0,0.0,0,1867,,https://tiki.vndep-nu-huy-hoang-da-da-dieu-mau-xanh-reu-ht7409-p44573443.html?spid=44573453,dép nữ huy hoàng da
2689917,Giày Sabo Nữ Da Bò Huy Hoàng HT7935 - Da Bò,489000.0,489000.0,0.0,4.3,3,1867,,https://tiki.vngiay-sabo-nu-da-bo-huy-hoang-ht7935-da-bo-p2689917.html?spid=2689933,giày sabo nữ da bò
277967445,Giày Sandal Cao Gót Da Bò BIGGBEN Cao 5 Phân SDCG146,319000.0,500000.0,181000.0,0.0,0,9460,,https://tiki.vngiay-sandal-cao-got-da-bo-biggben-cao-5-phan-sdcg146-p277967445.html?spid=277967455,giày sandal cao gót da bò
277549124,Dép Cao Gót Nữ BIGGBEN Da Bò Cao 5 Phân DCG105,359000.0,500000.0,141000.0,0.0,0,9460,,https://tiki.vndep-cao-got-nu-biggben-da-bo-cao-5-phan-dcg105-p277549124.html?spid=277549148,dép cao gót nữ biggben
275854978,Giày Sandal Nữ Da Bò Thật BIGGBEN Cao Cấp SDN106,319000.0,450000.0,131000.0,0.0,0,9460,,https://tiki.vngiay-sandal-nu-da-bo-that-biggben-cao-cap-sdn106-p275854978.html?spid=275854980,giày sandal nữ da bò
274617503,Dép Cao Gót Nữ BIGGBEN Da Bò Cao 5 Phân DCG95,349000.0,500000.0,151000.0,0.0,0,9460,,https://tiki.vndep-cao-got-nu-biggben-da-bo-cao-5-phan-dcg95-p274617503.html?spid=274617509,dép cao gót nữ biggben
273298733,Giày Sandal BIGGBEN Da Bò Thật Cao 5 Phân SDCG112,359000.0,450000.0,91000.0,0.0,0,9460,,https://tiki.vngiay-sandal-biggben-da-bo-that-cao-5-phan-sdcg112-p273298733.html?spid=273298739,giày sandal biggben da bò
273297898,Giày Sandal BIGGBEN Da Bò Thật Cao 5 Phân SDCG110,379000.0,500000.0,121000.0,0.0,0,9460,,https://tiki.vngiay-sandal-biggben-da-bo-that-cao-5-phan-sdcg110-p273297898.html?spid=273297904,giày sandal biggben da bò
270210968,Dép Đế Xuồng Nữ BIGBEN Da Bò Thật Cao 9 Phân DX43,319000.0,450000.0,131000.0,0.0,0,9460,,https://tiki.vndep-de-xuong-nu-bigben-da-bo-that-cao-9-phan-dx43-p270210968.html?spid=270210992,dép đế xuồng nữ
270116883,Dép Nữ Quai Ngang Cao Gót HÀ NAM Da Bò Thật Thời Trang Cao Cấp 3cm DNU2176,380000.0,380000.0,0.0,0.0,0,93132,,https://tiki.vndep-nu-quai-ngang-cao-got-3cm-ha-nam-da-bo-thoi-trang-cao-cap-dnu2176-p270116883.html?spid=270116915,dép nữ quai ngang cao gót
263038019,Giày Sục Nữ Đế Xuồng Da Bò Thật TiTi ĐÔ Cao Cấp 4cm DNU2170,390000.0,390000.0,0.0,0.0,0,323804,,https://tiki.vngiay-suc-nu-de-xuong-4cm-titi-do-da-bo-that-cao-cap-dnu2170-p263038019.html?spid=263038035,giày sục nữ đế xuồng
254085161,Dép Quai Ngang Nữ Xám Xanh The Bily 01-BLD01W,299000.0,299000.0,0.0,0.0,0,196712,,https://tiki.vndep-quai-ngang-nu-xam-xanh-the-bily-01-bld01w-p254085161.html?spid=254085167,dép quai ngang nữ xám
254080357,Dép Quai Ngang Nữ Màu Đen The Bily 01-BLD01W,299000.0,299000.0,0.0,0.0,0,196712,,https://tiki.vndep-quai-ngang-nu-mau-den-the-bily-01-bld01w-p254080357.html?spid=254080361,dép quai ngang nữ màu
252759383,Đệm Ngồi 3D Silicon 2 Lớp Tổ Ong Lót Ghế Thoáng Khí Chống Đau Mỏi Lưng miDoctor,188000.0,188000.0,0.0,0.0,0,55591,,https://tiki.vndem-ngoi-3d-silicon-2-lop-to-ong-lot-ghe-thoang-khi-chong-dau-moi-lung-midoctor-p252759383.html?spid=252759386,đệm ngồi d silicon
250114556,Giày Sandal Cao Gót BIGGBEN Da Bò Thật Cao 4 Phân SDCG90,319000.0,450000.0,131000.0,0.0,0,9460,,https://tiki.vngiay-sandal-cao-got-biggben-da-bo-that-cao-4-phan-sdcg90-p250114556.html?spid=250114578,giày sandal cao gót biggben
217506228,Giày Nữ Búp Bê Đế Xuồng Da Bò Thật TiTi ĐÔ Cao Cấp 4cm GBBN2047d,424000.0,424000.0,0.0,0.0,0,323804,,https://tiki.vngiay-nu-bup-be-de-xuong-da-bo-that-ha-nam-cao-cap-4cm-gbbn2047d-p217506228.html?spid=217506244,giày nữ búp bê đế
190792597,Giày đế xuồng nữ da bò cao cấp BIGGBEN SDX24,379000.0,500000.0,121000.0,4.7,18,9460,,https://tiki.vngiay-de-xuong-nu-da-bo-cao-cap-biggben-sdx24-p190792597.html?spid=74388352,giày đế xuồng nữ
187396210,Giày Sandal Xuồng Nữ Da Bò Thật BIGGBEN Cao 5cm SDX38,349000.0,400000.0,51000.0,4.3,3,9460,,https://tiki.vngiay-sandal-xuong-nu-da-bo-that-biggben-cao-5cm-sdx38-p187396210.html?spid=187396214,giày sandal xuồng nữ
187311516,Dép Sục Nữ Da Bò Thật BIGGBEN Cao 5 phân SBN42,329000.0,450000.0,121000.0,5.0,2,9460,,https://tiki.vndep-suc-nu-da-bo-that-biggben-cao-5-phan-sbn42-p187311516.html?spid=187311540,dép sục nữ da bò biggben
173563018,Giày Cao Gót Da Bò Thật BIGGBEN Gót 7 Phân SDCG73,379000.0,450000.0,71000.0,4.8,9,9460,,https://tiki.vngiay-cao-got-da-bo-that-biggben-got-7-phan-sdcg73-p173563018.html?spid=173563020,giày cao gót da bò biggben gót
172568380,Giày Sandal Nữ The Bily 01W Quai Chéo Dây Rút - Màu Đen BL01WD,359000.0,359000.0,0.0,5.0,2,196712,,https://tiki.vngiay-sandal-nu-the-bily-01w-quai-cheo-day-rut-mau-den-bl01wd-p172568380.html?spid=172568384,giày sandal nữ the
129518845,"HJ7935-36-37 - Giày sabo nữ Huy Hoàng da bò màu da, đen, nâu đất",342300.0,489000.0,146700.0,0.0,0,223818,,https://tiki.vnhj7935-36-37-giay-sabo-nu-huy-hoang-da-bo-mau-da-den-nau-dat-p129518845.html?spid=129518863,hj7935 37 giày sabo
129354416,Giày Sandal Vento Nam Nữ Quai Ngang dạo phố/đi chơi/đi học NV1001 Nhiều Màu,325000.0,325000.0,0.0,0.0,0,51843,,https://tiki.vngiay-sandal-vento-nam-nu-quai-ngang-nv1001-p129354416.html?spid=273190782,giày sandal vento nam nữ
120049552,"Giày nữ da bò 5 phân Huy Hoàng màu da, đen, nâu HT7941-42-43",363300.0,519000.0,155700.0,0.0,0,1867,,https://tiki.vngiay-nu-da-bo-5-phan-huy-hoang-mau-da-den-nau-hp7941-42-43-p120049552.html?spid=120050026,giày nữ da bò phân huy hoàng
120049526,"Giày nữ da bò 3 phân Huy Hoàng màu da, đen, nâu HT7938-39-40",349300.0,499000.0,149700.0,0.0,0,1867,,https://tiki.vngiay-nu-da-bo-3-phan-huy-hoang-mau-da-den-nau-hp7938-39-40-p120049526.html?spid=120050022,giày nữ da bò phân huy hoàng
120049042,"Giày nữ hoa văn Huy Hoàng da bò màu da, đen, nâu đất HT7950-51-52",342300.0,489000.0,146700.0,0.0,0,1867,,https://tiki.vnhp7950-51-52-giay-nu-hoa-van-huy-hoang-da-bo-mau-da-den-nau-dat-p120049042.html?spid=120049305,giày nữ hoa văn huy hoàng
120048688,"Giày nữ hoa văn Huy Hoàng da bò màu da, đen, nâu đất HT7947-48-49",342300.0,489000.0,146700.0,0.0,0,1867,,https://tiki.vnhp7947-48-49-giay-nu-hoa-van-huy-hoang-da-bo-mau-da-den-nau-dat-p120048688.html?spid=120048750,giày nữ hoa văn huy hoàng
59206148,Dép Bít Đầu Nữ Da Bò Cao Cấp SBN30,359000.0,450000.0,91000.0,5.0,11,9460,,https://tiki.vndep-bit-dau-nu-da-bo-cao-cap-sbn30-p59206148.html?spid=59206158,dép bít đầu nữ
44573633,Dép nữ Huy Hoàng da đà điểu màu xanh lá HT7411,749000.0,749000.0,0.0,0.0,0,1867,,https://tiki.vndep-nu-huy-hoang-da-da-dieu-mau-xanh-la-ht7411-p44573633.html?spid=44573651,dép nữ huy hoàng da
44573278,Dép nữ Huy Hoàng da cá sấu màu đỏ tươi HT7244,799000.0,799000.0,0.0,0.0,0,1867,,https://tiki.vndep-nu-huy-hoang-da-ca-sau-mau-do-tuoi-ht7244-p44573278.html?spid=44573280,dép nữ huy hoàng da
44573265,Giày nữ hoa văn Huy Hoàng da bò màu đen HT7948,489000.0,489000.0,0.0,0.0,0,1867,,https://tiki.vngiay-nu-hoa-van-huy-hoang-da-bo-mau-den-ht7948-p44573265.html?spid=44573277,giày nữ hoa văn huy hoàng
44573152,Dép nữ Huy Hoàng da cá sấu màu xanh lá HT7243,799000.0,799000.0,0.0,0.0,0,1867,,https://tiki.vndep-nu-huy-hoang-da-ca-sau-mau-xanh-la-ht7243-p44573152.html?spid=44573156,dép nữ huy hoàng da
12696057,Giày Búp Bê BIGGBEN Da Bò Thật Cao Cấp BB35,339000.0,350000.0,11000.0,4.2,11,9460,,https://tiki.vngiay-bup-be-biggben-da-bo-that-cao-cap-bb35-p12696057.html?spid=12696059,giày búp bê biggben da bò
2684773,Dép Nữ Thời Trang Huy Hoàng HT7929 - Đỏ,293300.0,419000.0,125700.0,5.0,2,1867,,https://tiki.vndep-nu-thoi-trang-huy-hoang-ht7929-do-p2684773.html?spid=2684797,dép nữ thời trang huy hoàng
2024015,Giày Nữ Búp Bê Da Bò Huy Hoàng HT7911 - Tím,489000.0,489000.0,0.0,5.0,2,1867,,https://tiki.vngiay-nu-bup-be-da-bo-huy-hoang-ht7911-tim-p2024015.html?spid=2025451,giày nữ búp bê da bò
2023991,Giày Nữ Búp Bê Da Bò Huy Hoàng HT7909 - Đỏ Đô,489000.0,489000.0,0.0,3.0,1,1867,,https://tiki.vngiay-nu-bup-be-da-bo-huy-hoang-ht7909-do-do-p2023991.html?spid=2025483,giày nữ búp bê da bò
2023967,Giày Nữ Búp Bê Da Bò Huy Hoàng HT7907 - Nâu Đất,489000.0,489000.0,0.0,4.2,6,1867,,https://tiki.vngiay-nu-bup-be-da-bo-huy-hoang-ht7907-nau-dat-p2023967.html?spid=2025505,giày nữ búp bê da bò
2023955,Giày Nữ Búp Bê Da Bò Huy Hoàng HT7906 - Đen,489000.0,489000.0,0.0,5.0,8,1867,,https://tiki.vngiay-nu-bup-be-da-bo-huy-hoang-ht7906-den-p2023955.html?spid=2025559,giày nữ búp bê da bò
1998851,Dép Nữ Cao Gót Huy Hoàng HT7068 - Xanh (Size,489000.0,489000.0,0.0,5.0,5,1867,,https://tiki.vndep-nu-cao-got-huy-hoang-ht7068-xanh-p1998851.html?spid=2008797,dép nữ cao gót huy hoàng
1998839,Giày Nữ Đế Xuồng Huy Hoàng HT7066 - Đen (Size,489000.0,489000.0,0.0,5.0,3,1867,,https://tiki.vngiay-nu-de-xuong-huy-hoang-ht7066-den-p1998839.html?spid=2006789,giày nữ đế xuồng huy hoàng
1991905,Giày Sandal Nữ Cao Gót Huy Hoàng HT7051 - Đen (Size,321300.0,459000.0,137700.0,0.0,0,1867,,https://tiki.vngiay-sandal-nu-cao-got-huy-hoang-ht7051-den-p1991905.html?spid=1992981,giày sandal nữ cao gót
1991893,Dép Nữ Cao Gót Huy Hoàng HT7050 - Xanh (Size,459000.0,459000.0,0.0,4.0,2,1867,,https://tiki.vndep-nu-cao-got-huy-hoang-ht7050-xanh-p1991893.html?spid=1992971,dép nữ cao gót huy hoàng
278991159,Giày Sandal Nữ Da Bò Thật BIGGBEN Cao Cấp SDN122,319000.0,500000.0,181000.0,0.0,0,9460,,https://tiki.vngiay-sandal-nu-da-bo-that-biggben-cao-cap-sdn122-p278991159.html?spid=278991181,giày sandal nữ da bò
278977535,Giày Sandal Cao Gót Da Bò BIGGBEN Cao 4 Phân SDCG151,500000.0,500000.0,0.0,0.0,0,9460,,https://tiki.vngiay-sandal-cao-got-da-bo-biggben-cao-4-phan-sdcg151-p278977535.html?spid=278977581,giày sandal cao gót da bò
278961937,Dép Nữ Da Bò Thật BIGGBEN Cao Cấp DNQN71,349000.0,500000.0,151000.0,0.0,0,9460,,https://tiki.vndep-nu-da-bo-that-biggben-cao-cap-dnqn71-p278961937.html?spid=278961939,dép nữ da bò biggben
278807099,Sandal nữ Biti's Helo Helio (35-40),415000.0,415000.0,0.0,0.0,0,174218,,https://tiki.vnsandal-nu-biti-s-helo-helio-35-40-p278807099.html?spid=278807103,sandal nữ biti s
278048352,Dép Lê Quai Ngang Da Bò thời trang thiết kế Hity FTW001,535000.0,535000.0,0.0,0.0,0,255,,https://tiki.vndep-le-quai-ngang-da-bo-ftw001brown-thoi-trang-thiet-ke-hity-p278048352.html?spid=278048356,dép lê quai ngang da bò
277565744,Giày Sandal Cao Gót Da Bò BIGGBEN Cao 5 Phân SDCG143,379000.0,500000.0,121000.0,0.0,0,9460,,https://tiki.vngiay-sandal-cao-got-da-bo-biggben-cao-5-phan-sdcg143-p277565744.html?spid=277565746,giày sandal cao gót da bò
276649977,Giày Sandal Cao Gót Da Bò BIGGBEN Cao 5 Phân SDCG137,379000.0,500000.0,121000.0,0.0,0,9460,,https://tiki.vngiay-sandal-cao-got-da-bo-biggben-cao-5-phan-sdcg137-p276649977.html?spid=276649985,giày sandal cao gót da bò
276098451,Xăng đan nữ học sinh Trường Hải 3 màu đế ếm nhẹ SD150,339000.0,339000.0,0.0,5.0,1,11395,,https://tiki.vnxang-dan-nu-hoc-sinh-truong-hai-3-mau-de-em-nhe-sd150-p276098451.html?spid=276098475,xăng đan nữ học sinh trường
276095222,Giày Cao Gót Nữ Da Bò Thật BIGGBEN Cao 5 Phân GCG1455,399000.0,500000.0,101000.0,0.0,0,9460,,https://tiki.vngiay-cao-got-nu-da-bo-that-biggben-cao-5-phan-gcg14-p276095222.html?spid=276095232,giày cao gót nữ da bò
275891751,Sục nữ gót vuông 7cm khóa chữ H mũi nhọn Trường Hải SN115,299000.0,299000.0,0.0,0.0,0,11395,,https://tiki.vnsuc-nu-got-vuong-7cm-khoa-chu-h-mui-nhon-truong-hai-sn115-p275891751.html?spid=275891761,sục nữ gót vuông
275496270,Giày quai hậu gót vuông 5cm Pu nhẹ Trường Hải da bò thật XD148V,339000.0,339000.0,0.0,0.0,0,11395,,https://tiki.vngiay-quai-hau-got-vuong-5cm-pu-nhe-truong-hai-da-bo-that-xd148v-p275496270.html?spid=275496288,giày quai hậu gót vuông
274523991,"Giày Sandal nữ  cao gót 8cm Trường Hải  da bóng 2 màu đen,nâu đế PU nhẹ Xd145Đ",329000.0,329000.0,0.0,0.0,0,11395,,https://tiki.vngiay-sandal-nu-cao-got-8cm-truong-hai-da-bong-2-mau-den-nau-de-pu-nhe-xd145d-p274523991.html?spid=274524005,giày sandal nữ cao gót
273747981,"Giày búp bê da bò mũi tròn khóa vuông đế bằng Trường Hải da mềm 2 màu đen,kem GBB525",299000.0,299000.0,0.0,0.0,0,11395,,https://tiki.vngiay-bup-be-da-bo-mui-tron-khoa-vuong-de-bang-truong-hai-da-mem-2-mau-den-kem-gbb525-p273747981.html?spid=273747999,giày búp bê da bò mũi
273659196,Giày Cao Gót BIGGBEN Da Bò Thật Cao 7 Phân SDCG113,449000.0,600000.0,151000.0,0.0,0,9460,,https://tiki.vngiay-cao-got-biggben-da-bo-that-cao-7-phan-sdcg113-p273659196.html?spid=273659200,giày cao gót biggben da bò
272435270,Dép nữ cao gót da bò quai ngang gót trụ 5 cm Trường Hải màu đen Depnu145,329000.0,329000.0,0.0,0.0,0,11395,,https://tiki.vndep-nu-cao-got-da-bo-quai-ngang-got-tru-5-cm-truong-hai-mau-den-depnu145-p272435270.html?spid=272435276,dép nữ cao gót da bò
272425159,"Dép nữ quai ngang 3 cm da cừu hai màu kem, đen Trường Hải DEP145",289000.0,289000.0,0.0,0.0,0,11395,,https://tiki.vndep-nu-quai-ngang-3-cm-da-cuu-hai-mau-kem-den-truong-hai-dep145-p272425159.html?spid=272425169,dép nữ quai ngang
272374932,"Giày sandal nữ đế xuồng 7cm Trường Hải 2 màu đen, xám thời trang nữ X160",339000.0,339000.0,0.0,0.0,0,11395,,https://tiki.vngiay-sandal-nu-de-xuong-7cm-truong-hai-2-mau-den-xam-thoi-trang-nu-x160-p272374932.html?spid=272374936,giày sandal nữ đế xuồng
271439907,Giày Đế Xuồng Nữ BIGGBEN Da Bò Thật Cao 7 Phân SDX56,359000.0,400000.0,41000.0,0.0,0,9460,,https://tiki.vngiay-de-xuong-nu-biggben-da-bo-that-cao-7-phan-sdx56-p271439907.html?spid=271439913,giày đế xuồng nữ
270549496,"Cuộn băng dính quấn khớp ngón tay 4.4 mét chống chai tay khi cầm viết, vẽ, chơi thể thao học sinh, sinh viên",15000.0,15000.0,0.0,0.0,0,3196,,https://tiki.vncuon-bang-dinh-quan-khop-ngon-tay-chong-chai-tay-khi-cam-viet-ve-choi-the-thao-hoc-sinh-sinh-vien-p270549496.html?spid=270549499,băng dính quấn khớp
263255680,OLV - Giày Black Gladiator Sandals,390000.0,390000.0,0.0,0.0,0,147431,,https://tiki.vnolv-giay-black-gladiator-sandals-p263255680.html?spid=263255686,olv giày black gladiator
254904363,Dép nữ cao gót quai ngang một bản TRường Hải màu đen gót vuông 8cm da mềm DN139,299000.0,299000.0,0.0,0.0,0,11395,,https://tiki.vndep-nu-cao-got-quai-ngang-mot-ban-truong-hai-mau-den-got-vuong-8cm-da-mem-dn139-p254904363.html?spid=254904371,dép nữ cao gót quai
252070250,Giày cao gót hở mũi cao 7cm Trường Hải màu đen da mềm mại CG125Đ,279000.0,279000.0,0.0,4.0,2,11395,,https://tiki.vngiay-cao-got-ho-mui-cao-7cm-truong-hai-mau-den-da-mem-mai-cg125d-p252070250.html?spid=252070256,giày cao gót mũi cao
245774219,Giày Sandal Nữ The Bily 04W 3 Quai Ngang - Màu Kem BL04WK,379000.0,379000.0,0.0,0.0,0,196712,,https://tiki.vngiay-sandal-nu-the-bily-04w-3-quai-ngang-mau-kem-bl04wk-p245774219.html?spid=245774229,giày sandal nữ the
245773289,Giày Sandal Nữ The Bily 04W 3 Quai Ngang - Màu Đỏ BL04WD,379000.0,379000.0,0.0,0.0,0,196712,,https://tiki.vngiay-sandal-nu-the-bily-04w-3-quai-ngang-mau-do-bl04wd-p245773289.html?spid=245773295,giày sandal nữ the
245772951,Giày Sandal Nữ The Bily 03W Quai Ngang - Màu Đỏ BL03WD,369000.0,369000.0,0.0,0.0,0,196712,,https://tiki.vngiay-sandal-nu-the-bily-03w-quai-ngang-mau-do-bl03wd-p245772951.html?spid=245772959,giày sandal nữ the
245770486,Giày Sandal Nữ The Bily 02W Quai Chéo Đôi - Màu Cam BL02WC,389000.0,389000.0,0.0,0.0,0,196712,,https://tiki.vngiay-sandal-nu-the-bily-02w-quai-cheo-doi-mau-cam-bl02wc-p245770486.html?spid=245770490,giày sandal nữ the
207755301,"[Rộng 2.5cm - Dài 5m] Cuộn băng keo 5 mét dododios dán gót chân chống đau chân, chai chân khi mang giày cao gót - Hàng chính hãng",40000.0,40000.0,0.0,0.0,0,248883,,https://tiki.vnrong-2-5cm-dai-5m-cuon-bang-keo-5-met-dododios-dan-got-chan-chong-dau-chan-chai-chan-khi-mang-giay-cao-got-hang-chinh-hang-p207755301.html?spid=207755302,băng keo
206954857,Giày Sandal Nữ The Bily 01W Quai Chéo Dây Rút - Màu Cam BL01WC,399000.0,399000.0,0.0,0.0,0,196712,,https://tiki.vngiay-sandal-nu-the-bily-01w-quai-cheo-day-rut-mau-cam-bl01wc-p206954857.html?spid=206954859,giày sandal nữ the
199122523,Strap đeo quần áo cài giày charm trái tim 3D phong cách thời trang hot trend,65000.0,65000.0,0.0,0.0,0,19782,,https://tiki.vnstrap-deo-quan-ao-cai-giay-charm-trai-tim-3d-phong-cach-thoi-trang-hot-trend-p199122523.html?spid=199122531,strap đeo quần áo cài
198888235,Cài giày trái tim 3D ấn tượng phụ kiện phong cách thời trang hip hop độc đáo 1 chiếc cài áo cài mũ đa năng,78000.0,78000.0,0.0,0.0,0,19782,,https://tiki.vncai-giay-trai-tim-3d-an-tuong-phu-kien-phong-cach-thoi-trang-hip-hop-doc-dao-1-chiec-cai-ao-cai-mu-da-nang-p198888235.html?spid=198888239,cài giày trái tim d
197688193,Phụ kiện trang trí giày cài áo cài mũ phong cách thời trang hot hit unisex cá tính nổi bần bật,65000.0,65000.0,0.0,0.0,0,19782,,https://tiki.vnphu-kien-trang-tri-giay-cai-ao-cai-mu-phong-cach-thoi-trang-hot-hit-unisex-ca-tinh-noi-ban-bat-p197688193.html?spid=197688197,phụ kiện trang trí giày
183526089,1 cặp dây hình hoa cúc trang trí giày phụ kiện thời trang móc khoá,68000.0,68000.0,0.0,0.0,0,19782,,https://tiki.vn1-cap-day-hinh-hoa-cuc-trang-tri-giay-phu-kien-thoi-trang-moc-khoa-p183526089.html?spid=183526090,cặp dây hình hoa cúc trang trí
169914748,Giày cao gót hở mũi da mềm màu đen Trường Hải gót trụ 5cm,299000.0,299000.0,0.0,0.0,0,11395,,https://tiki.vngiay-cao-got-ho-mui-da-mem-mau-den-truong-hai-got-tru-5cm-p169914748.html?spid=169914750,giày cao gót mũi da mềm
126303704,Đón gót giày dài 70cm gỗ Chiu Liu nguyên khối sơn mài VIP - DGH911 - Đón giày mọi tư thế cho Nam & Nữ,99000.0,99000.0,0.0,5.0,2,253372,,https://tiki.vndon-got-giay-dai-70cm-go-chiu-liu-nguyen-khoi-son-mai-vip-dgh911-don-giay-moi-tu-the-cho-nam-nu-p126303704.html?spid=163870764,đón gót giày dài
74536771,Giày sandal nữ đê xuồng 5cm da bò thật màu đen Trường Hải SDNTH0113,289000.0,289000.0,0.0,4.0,1,11395,,https://tiki.vngiay-sandal-nu-de-xuong-5cm-da-bo-that-mau-den-truong-hai-sdnth0113-p74536771.html?spid=74536778,giày sandal nữ đê
72506194,Dép nữ quai ngang 1 bản da bò đế đúc cao cấp Trường Hải QNN01264,289000.0,289000.0,0.0,0.0,0,11395,,https://tiki.vndep-nu-quai-ngang-1-ban-da-bo-de-duc-cao-cap-truong-hai-qnn01264-p72506194.html?spid=72506204,dép nữ quai ngang
72304182,Dép nữ quai ngang 1 bản da bò đế đúc cao cấp Trường Hải QNN01262,299000.0,299000.0,0.0,5.0,1,11395,,https://tiki.vndep-nu-quai-ngang-1-ban-da-bo-de-duc-cao-cap-truong-hai-qnn01262-p72304182.html?spid=72304190,dép nữ quai ngang
62649454,Dép nữ sandal Trường Hải đế xuồng da bò thật màu vàng Cao 5cm HÌNH ẢNH THẬT,295000.0,295000.0,0.0,4.6,12,11395,,https://tiki.vndep-nu-sandal-truong-hai-de-xuong-da-bo-that-mau-vang-cao-5cm-hinh-anh-that-p62649454.html?spid=62649456,dép nữ sandal trường
35021029,Miếng mút lót mũi giày êm chân,20000.0,20000.0,0.0,3.8,5,31740,,https://tiki.vnmieng-mut-lot-mui-giay-em-chan-p35021029.html?spid=36276793,mút lót mũi giày
278600861,Dép Sục Nữ Da Bò Thật BIGGBEN Cao Cấp SBN59,319000.0,450000.0,131000.0,0.0,0,9460,,https://tiki.vndep-suc-nu-da-bo-that-biggben-cao-cap-sbn59-p278600861.html?spid=278600899,dép sục nữ da bò biggben
277967413,Giày Sandal Cao Gót Da Bò BIGGBEN Cao 5 Phân SDCG145,379000.0,500000.0,121000.0,0.0,0,9460,,https://tiki.vngiay-sandal-cao-got-da-bo-biggben-cao-5-phan-sdcg145-p277967413.html?spid=277967423,giày sandal cao gót da bò
277880950,Sục Nữ Đế Xuồng HA NAM Da Bò Thật Đế Cao Su 5cm DNU2184,360000.0,360000.0,0.0,0.0,0,93132,,https://tiki.vnsuc-nu-de-xuong-ha-nam-da-bo-that-de-cao-su-5cm-dnu2184-p277880950.html?spid=277880980,sục nữ đế
276182711,Giày sandal nữ cao gót đế cao 8 phân hàng hiệu rosata hai màu vàng xanh ro531,450000.0,450000.0,0.0,0.0,0,60473,,https://tiki.vngiay-sandal-nu-cao-got-de-cao-8-phan-hang-hieu-rosata-hai-mau-vang-xanh-ro531-p276182711.html?spid=276182721,giày sandal nữ cao
275855210,Giày Đế Xuồng Nữ BIGGBEN Da Bò Thật Cao 5 Phân SDX70,329000.0,450000.0,121000.0,4.0,1,9460,,https://tiki.vngiay-de-xuong-nu-biggben-da-bo-that-cao-5-phan-sdx70-p275855210.html?spid=275855212,giày đế xuồng nữ
274986900,Xăng đan nữ hở mũi cao gót 8 phân RO636 ROSATA tại BCASHOP kiểu dáng thanh lịch nhưng thời trang và chiều lòng khác,449000.0,449000.0,0.0,0.0,0,307540,,https://tiki.vnxang-dan-nu-ho-mui-cao-got-8-phan-ro636-rosata-tai-bcashop-kieu-dang-thanh-lich-nhung-thoi-trang-va-chieu-long-khac-p274986900.html?spid=274986914,xăng đan nữ mũi
274623226,Giày Sandal BIGGBEN Da Bò Thật Cao 6 Phân SDCG117,379000.0,500000.0,121000.0,0.0,0,9460,,https://tiki.vngiay-sandal-biggben-da-bo-that-cao-6-phan-sdcg117-p274623226.html?spid=274623230,giày sandal biggben da bò
274618823,Giày Sandal Cao Gót Da Bò BIGGBEN Cao 8 Phân SDCG116,379000.0,500000.0,121000.0,0.0,0,9460,,https://tiki.vngiay-sandal-biggben-da-bo-that-cao-6-phan-sdcg116-p274618823.html?spid=274618841,giày sandal cao gót da bò
274496911,"Cao gót hở mũi nữ cao gót 9 phân RO581 ROSATA tại BCASHOP tôn dáng, sáng da và thời trang lắm luôn ạ",459000.0,459000.0,0.0,0.0,0,307540,,https://tiki.vncao-got-ho-mui-nu-cao-got-9-phan-ro581-rosata-tai-bcashop-ton-dang-sang-da-va-thoi-trang-lam-luon-a-p274496911.html?spid=274496923,cao gót hở mũi nữ
273908854,OLV - Giày Estella Rhinestone Heels,490000.0,490000.0,0.0,0.0,0,147431,,https://tiki.vnolv-giay-estella-rhinestone-heels-p273908854.html?spid=273908860,olv giày estella rhinestone
273648621,Dép Đế Xuồng Nữ BIGBEN Da Bò Thật Cao 7 Phân DX53,399000.0,450000.0,51000.0,0.0,0,9460,,https://tiki.vndep-de-xuong-nu-bigben-da-bo-that-cao-7-phan-dx53-p273648621.html?spid=273648631,dép đế xuồng nữ
273297691,Giày Sandal BIGGBEN Da Bò Thật Cao 4 Phân SDCG108,329000.0,450000.0,121000.0,0.0,0,9460,,https://tiki.vngiay-sandal-biggben-da-bo-that-cao-4-phan-sdcg108-p273297691.html?spid=273297703,giày sandal biggben da bò
273279914,Dép Cao Gót Nữ BIGGBEN Da Bò Cao 6 Phân DCG81,399000.0,500000.0,101000.0,0.0,0,9460,,https://tiki.vndep-cao-got-nu-biggben-da-bo-cao-6-phan-dcg81-p273279914.html?spid=273279930,dép cao gót nữ biggben
273056749,Giày Sandal Nữ Da Bò Thật BIGGBEN Cao Cấp SDN98,319000.0,400000.0,81000.0,0.0,0,9460,,https://tiki.vngiay-sandal-nu-da-bo-that-biggben-cao-cap-sdn98-p273056749.html?spid=273056759,giày sandal nữ da bò
273056441,Giày Cao Gót BIGGBEN Da Bò Thật Cao 5 Phân SDCG103,379000.0,400000.0,21000.0,0.0,0,9460,,https://tiki.vngiay-cao-got-biggben-da-bo-that-cao-5-phan-sdcg103-p273056441.html?spid=273056451,giày cao gót biggben da bò
270119029,Giày Sandal Nữ Cao Gót Da Bò Thật TiTi ĐÔ Cao Cấp 3cm DNU2179,380000.0,380000.0,0.0,0.0,0,323804,,https://tiki.vngiay-sandal-nu-cao-got-3cm-titi-do-da-bo-that-thoi-trang-cao-cap-dnu2179-p270119029.html?spid=270119063,giày sandal nữ cao gót
262426854,Dép Cao Gót Nữ BIGGBEN Da Bò Cao 4 Phân DCG74,319000.0,400000.0,81000.0,0.0,0,9460,,https://tiki.vndep-cao-got-nu-biggben-da-bo-cao-4-phan-dcg73-p262426854.html?spid=262426884,dép cao gót nữ biggben
252104600,Giày Nữ Búp Bê Đế Bệt HÀ NAM Da Bò Thật Cao Cấp GBBN2072,460000.0,460000.0,0.0,0.0,0,93132,,https://tiki.vngiay-nu-bup-be-de-bet-ha-nam-da-bo-that-cao-cap-gbbn2073-p252104600.html?spid=252104630,giày nữ búp bê đế bệt
217506054,Giày Nữ Búp Bê Đế Xuồng Da Bò Thật TiTi ĐÔ Cao Cấp 4cm GBBN2039d,396000.0,396000.0,0.0,0.0,0,323804,,https://tiki.vngiay-nu-bup-be-de-xuong-da-bo-that-ha-nam-cao-cap-4cm-gbbn2039d-p217506054.html?spid=217506088,giày nữ búp bê đế
210400597,Dép Nữ Quai Ngang Đế Xuồng HÀ NAM Da Bò Thật Cao Cấp 7cm DNU2152,450000.0,450000.0,0.0,0.0,0,93132,,https://tiki.vndep-nu-quai-ngang-de-xuong-da-bo-ha-nam-cao-cap-dnu2152-p210400597.html?spid=210400617,dép nữ quai ngang đế xuồng
207359021,Giày Boot Nữ Da Bò BIGGBEN Cao 7 phân BON3,599000.0,700000.0,101000.0,3.0,1,9460,,https://tiki.vngiay-boot-nu-da-bo-biggben-cao-7-phan-bon3-p207359021.html?spid=207359029,giày boot nữ da bò
190241727,2 Miếng Lót Gót Giày Nữ 4D Chống Đau Gót Giảm size Cho Giày Bị Rộng LGCN2023,22000.0,22000.0,0.0,0.0,0,93132,,https://tiki.vn2-mieng-lot-got-giay-nu-4d-chong-dau-got-giam-size-cho-giay-bi-rong-lgcn2023-p190241727.html?spid=190241731,
186740130,Giày Cao Gót Da Bò Thật BIGGBEN Gót 5 Phân SDCG77,369000.0,500000.0,131000.0,5.0,6,9460,,https://tiki.vngiay-cao-got-da-bo-that-biggben-got-5-phan-sdcg77-p186740130.html?spid=186740140,giày cao gót da bò biggben gót
181091543,Giày Búp Bê Nữ Đế Bệt HÀ NAM Da Bò Thật Cao Cấp GBBN2060,388000.0,388000.0,0.0,0.0,0,93132,,https://tiki.vngiay-bup-be-nu-da-bo-that-giay-ha-nam-cao-cap-gbbn2060-p181091543.html?spid=181091549,giày búp bê nữ đế bệt
165588823,Giày Sandal Cao Gót Da Bò Thật BIGGBEN SDCG71,360000.0,360000.0,0.0,0.0,0,9460,,https://tiki.vngiay-sandal-cao-got-da-bo-that-biggben-sdcg71-p165588823.html?spid=165588833,giày sandal cao gót da bò
151501411,Dép xỏ ngón nữ da bò thật BIGGBEN cao cấp DXN37,319000.0,350000.0,31000.0,4.0,1,9460,,https://tiki.vndep-xo-ngon-nu-da-bo-that-biggben-cao-cap-dxn37-p151501411.html?spid=151501417,dép xỏ ngón nữ
129293420,"HJ7051-53-54-55 - Giày nữ Huy Hoàng màu đen, xanh, tím, đỏ",321300.0,459000.0,137700.0,0.0,0,223818,,https://tiki.vnhj7051-53-54-55-giay-nu-huy-hoang-mau-den-xanh-tim-do-p129293420.html?spid=129293428,hj7051 54 giày nữ
124328913,"HJ7860-61-62 - Giày trẻ em nữ Huy Hoàng da bò màu da, đỏ, xanh",293300.0,419000.0,125700.0,0.0,0,223818,,https://tiki.vnhp7860-61-62-giay-tre-em-nu-huy-hoang-da-bo-mau-da-do-xanh-p124328913.html?spid=124328953,hj7860 62 giày trẻ em
120049682,"Giày nữ búp bê Huy Hoàng da bò màu da, đen, nâu, xanh đậm HT7905-06-07-08",342300.0,489000.0,146700.0,0.0,0,1867,,https://tiki.vngiay-nu-bup-be-huy-hoang-da-bo-nhieu-mau-hp7905-06-07-08-p120049682.html?spid=120049793,giày nữ búp bê huy hoàng
22986513,Dép Xỏ Ngón Nữ BIGGBEN Da Bò Thật DXN20,299000.0,350000.0,51000.0,4.8,14,9460,,https://tiki.vndep-xo-ngon-nu-biggben-da-bo-that-dxn20-p22986513.html?spid=22986517,dép xỏ ngón nữ
15246575,Dép Xỏ Ngón Nữ BIGGBEN Da Bò Thật DXN18,299000.0,350000.0,51000.0,4.8,13,9460,,https://tiki.vndep-xo-ngon-nu-biggben-da-bo-that-dxn18-p15246575.html?spid=15246581,dép xỏ ngón nữ
12652283,Dép Nữ BIGGBEN Da Bò Thật DNQN14,400000.0,400000.0,0.0,5.0,1,9460,,https://tiki.vndep-nu-biggben-da-bo-that-dnqn14-p12652283.html?spid=12652291,dép nữ biggben da bò
8005362,Sandal Nữ BIGGBEN Da Bò Thật Cao Cấp SDN04,289000.0,400000.0,111000.0,4.7,7,9460,,https://tiki.vnsandal-nu-biggben-da-bo-that-cao-cap-sdn04-p8005362.html?spid=8005374,sandal nữ biggben da bò
7993533,Sandal Nữ Xỏ Ngón BIGGBEN Da Bò Thật SDXN01,329000.0,380000.0,51000.0,4.6,22,9460,,https://tiki.vnsandal-nu-xo-ngon-biggben-da-bo-that-sdxn01-p7993533.html?spid=7993541,sandal nữ xỏ ngón
2690909,Giày Nữ Da Dò 3 Phân Huy Hoàng HT7938 - Da Bò,499000.0,499000.0,0.0,3.5,2,1867,,https://tiki.vngiay-nu-da-do-3-phan-huy-hoang-ht7938-da-bo-p2690909.html?spid=2690929,giày nữ da dò phân huy
1998767,Giày Sandal Nữ Cao Gót Huy Hoàng HT7055 - Hồng Tím (Size,469000.0,469000.0,0.0,3.0,2,1867,,https://tiki.vngiay-sandal-nu-cao-got-huy-hoang-ht7055-hong-tim-p1998767.html?spid=2006723,giày sandal nữ cao gót
1991935,Giày Sandal Nữ Cao Gót Huy Hoàng HT7054 - Tím (Size,469000.0,469000.0,0.0,5.0,2,1867,,https://tiki.vngiay-sandal-nu-cao-got-huy-hoang-ht7054-tim-p1991935.html?spid=1993003,giày sandal nữ cao gót
279155271,Lót giày sức khỏe nữ Aetrex Conform - Low-risk Diabetes - lót giày cho bàn chân người tiểu đường,1495000.0,1495000.0,0.0,0.0,0,302,,https://tiki.vnlot-giay-suc-khoe-nu-aetrex-conform-low-risk-diabetes-lot-giay-cho-ban-chan-nguoi-tieu-duong-p279155271.html?spid=279155275,lót giày sức khỏe
279155248,"Dép xỏ ngón sức khỏe nữ Spenco Yumi Snake Brown - nâng vòm giảm đau chân, cho bàn chân bẹt",1995000.0,1995000.0,0.0,0.0,0,302,,https://tiki.vndep-xo-ngon-suc-khoe-nu-spenco-yumi-snake-brown-nang-vom-giam-dau-chan-cho-ban-chan-bet-p279155248.html?spid=279155252,dép xỏ ngón sức
278977490,Giày Sandal Cao Gót Da Bò BIGGBEN Cao 5 Phân SDCG150,500000.0,500000.0,0.0,0.0,0,9460,,https://tiki.vngiay-sandal-cao-got-da-bo-biggben-cao-5-phan-sdcg150-p278977490.html?spid=278977502,giày sandal cao gót da bò
278468552,Giày Cao Gót Nơ 3P PABNO PN12038 – Mũi vuông | Sang Trọng | Dễ Đi,375000.0,375000.0,0.0,0.0,0,49994,,https://tiki.vngiay-cao-got-no-3p-pabno-pn12038-mui-vuong-sang-trong-de-di-p278468552.html?spid=278468570,giày cao gót nơ p
278417070,Gói hút ẩm cho giầy Kokubo 30gx2 - Hàng Nội Địa Nhật Bản,38500.0,38500.0,0.0,0.0,0,19944,,https://tiki.vngoi-hut-am-cho-giay-kokubo-30gx2-hang-noi-dia-nhat-ban-p278417070.html?spid=278417071,gói hút ẩm giầy
278358990,GIÀY CG BÓNG NƠ VOAN 5P PABNO PN12037,365000.0,365000.0,0.0,0.0,0,49994,,https://tiki.vngiay-cg-bong-no-voan-5p-pabno-pn12037-p278358990.html?spid=278359004,giày cg bóng nơ
278096267,Giày Gót Trụ Slingback 5P PABNO PN22028,365000.0,365000.0,0.0,0.0,0,49994,,https://tiki.vngiay-got-tru-slingback-5p-pabno-pn22028-p278096267.html?spid=278096281,giày gót trụ slingback
277967344,Giày Sandal Cao Gót Da Bò BIGGBEN Cao 5 Phân SDCG144,379000.0,500000.0,121000.0,0.0,0,9460,,https://tiki.vngiay-sandal-cao-got-da-bo-biggben-cao-5-phan-sdcg144-p277967344.html?spid=277967356,giày sandal cao gót da bò
277561576,Giày Sandal Cao Gót Da Bò BIGGBEN Cao 4 Phân SDCG139,500000.0,500000.0,0.0,0.0,0,9460,,https://tiki.vngiay-sandal-cao-got-da-bo-biggben-cao-4-phan-sdcg139-p277561576.html?spid=277561586,giày sandal cao gót da bò
277039870,"Giày sandal sức khỏe nữ Aetrex Ellie Black - giày quai hậu nâng vòm, đế đệm giảm đau chân",2995000.0,2995000.0,0.0,0.0,0,302,,https://tiki.vngiay-sandal-suc-khoe-nu-aetrex-ellie-black-giay-quai-hau-nang-vom-de-dem-giam-dau-chan-p277039870.html?spid=277039878,giày sandal sức khỏe
276671464,Giày Sandal quai mảnh 10F PABNO PN12025,395000.0,395000.0,0.0,0.0,0,49994,,https://tiki.vngiay-sandal-quai-manh-10f-pabno-pn12025-p276671464.html?spid=276671474,giày sandal quai mảnh f
276651745,Giày Cao Gót Nữ Da Bò Thật BIGGBEN Cao 7 Phân GCG18,399000.0,500000.0,101000.0,0.0,0,9460,,https://tiki.vngiay-cao-got-nu-da-bo-that-biggben-cao-7-phan-gcg18-p276651745.html?spid=276651755,giày cao gót nữ da bò
276650052,Giày Sandal Cao Gót Da Bò BIGGBEN Cao 8 Phân SDCG138,379000.0,500000.0,121000.0,0.0,0,9460,,https://tiki.vngiay-sandal-cao-got-da-bo-biggben-cao-8-phan-sdcg138-p276650052.html?spid=276650056,giày sandal cao gót da bò
276190871,"Dép nhựa lỗ táo đi trong nhà tắm, văn phòng thông thoáng chống trơn bám nền tốt Linh Chi Bedding",29500.0,29500.0,0.0,0.0,0,291512,,https://tiki.vndep-nhua-lo-tao-di-trong-nha-tam-van-phong-thong-thoang-chong-tron-bam-nen-tot-linh-chi-bedding-p276190871.html?spid=276190872,dép nhựa lỗ táo đi
275853154,Giày Sandal Nữ Da Bò Thật BIGGBEN Cao 5 phân SDN104,399000.0,500000.0,101000.0,0.0,0,9460,,https://tiki.vngiay-sandal-nu-da-bo-that-biggben-cao-5-phan-sdn104-p275853154.html?spid=275853176,giày sandal nữ da bò
275011126,Giày Cao Gót Da Bò BIGGBEN Cao 5 Phân SDCG125,449999.0,500000.0,50001.0,0.0,0,9460,,https://tiki.vngiay-cao-got-da-bo-biggben-cao-5-phan-sdcg125-p275011126.html?spid=275011130,giày cao gót da bò biggben
274714086,Giày da Bitis nữ (35-39),400000.0,400000.0,0.0,0.0,0,174218,,https://tiki.vndep-bit-dau-bitis-nu-35-39-p274714086.html?spid=274714100,giày da bitis nữ
274617938,Dép Cao Gót Nữ BIGGBEN Da Bò Cao 5 Phân DCG96,379000.0,500000.0,121000.0,0.0,0,9460,,https://tiki.vndep-cao-got-nu-biggben-da-bo-cao-5-phan-dcg96-p274617938.html?spid=274617942,dép cao gót nữ biggben
273984734,Sandal sức khỏe nữ Aetrex Vania Cream - giày cao 5p đệm memory foam,4675000.0,4675000.0,0.0,0.0,0,302,,https://tiki.vnsandal-suc-khoe-nu-aetrex-vania-cream-giay-cao-5p-dem-memory-foam-p273984734.html?spid=273984740,sandal sức khỏe nữ
273669037,Giày Đế Xuồng Nữ BIGGBEN Da Bò Thật Cao 5 Phân SDX64,329000.0,450000.0,121000.0,0.0,0,9460,,https://tiki.vngiay-de-xuong-nu-biggben-da-bo-that-cao-5-phan-sdx64-p273669037.html?spid=273669043,giày đế xuồng nữ
273412828,Sandal Bitis Embrace (35-39),405000.0,405000.0,0.0,0.0,0,174218,,https://tiki.vnsandal-bitis-embrace-35-39-p273412828.html?spid=273412842,sandal bitis
273280745,Dép Cao Gót Nữ BIGGBEN Da Bò Cao 5 Phân DCG83,399000.0,500000.0,101000.0,5.0,1,9460,,https://tiki.vndep-cao-got-nu-biggben-da-bo-cao-5-phan-dcg83-p273280745.html?spid=273280755,dép cao gót nữ biggben
273279396,Dép Cao Gót Nữ BIGGBEN Da Bò Cao 6 Phân DCG80,399000.0,500000.0,101000.0,0.0,0,9460,,https://tiki.vndep-cao-got-nu-biggben-da-bo-cao-6-phan-dcg80-p273279396.html?spid=273279402,dép cao gót nữ biggben
273061510,Giày Đế Xuồng Nữ BIGGBEN Da Bò Thật Cao 5 Phân SDX58,319000.0,400000.0,81000.0,0.0,0,9460,,https://tiki.vngiay-de-xuong-nu-biggben-da-bo-that-cao-5-phan-sdx58-p273061510.html?spid=273061520,giày đế xuồng nữ
270119659,Dép Nữ Quai Ngang Đế Xuồng HÀ NAM Da Bò Thật Thời Trang Cao Cấp 4cm DNU2181,380000.0,380000.0,0.0,0.0,0,93132,,https://tiki.vndep-nu-quai-ngang-de-xuong-4cm-ha-nam-da-bo-thoi-trang-cao-cap-dnu2181-p270119659.html?spid=270119689,dép nữ quai ngang đế xuồng
269959766,"Dép sức khỏe nữ Revitalign Seaside Flip Pink - Dép kẹp đệm mềm, giảm đau bàn chân",1995000.0,1995000.0,0.0,0.0,0,302,,https://tiki.vndep-suc-khoe-nu-revitalign-seaside-flip-pink-dep-kep-dem-mem-giam-dau-ban-chan-p269959766.html?spid=269959774,dép sức khỏe nữ
262581799,Giày Sandal Nữ Kẹp Da Bò Thật BIGGBEN Cao Cấp SDN91,299000.0,450000.0,151000.0,4.0,1,9460,,https://tiki.vngiay-sandal-nu-kep-da-bo-that-biggben-cao-cap-sdn91-p262581799.html?spid=262581809,giày sandal nữ kẹp
262473173,Giày Sandal Cao Gót BIGGBEN Da Bò Thật Cao 4 Phân SDCG91,329000.0,450000.0,121000.0,0.0,0,9460,,https://tiki.vngiay-sandal-cao-got-biggben-da-bo-that-cao-4-phan-sdcg91-p262473173.html?spid=262473177,giày sandal cao gót biggben
262304359,Dép Xỏ Ngón Nữ Da Bò Thật BIGGBEN Cao 5 Phân DXN45,339000.0,450000.0,111000.0,0.0,0,9460,,https://tiki.vndep-xo-ngon-nu-da-bo-that-biggben-cao-5-phan-dxn45-p262304359.html?spid=262304375,dép xỏ ngón nữ
252596105,"Giày búp bê trơn da bò mũi vuông Trường Hải có 2 màu xanh ,đen GBB115",285000.0,285000.0,0.0,5.0,1,11395,,https://tiki.vngiay-bup-be-tron-da-bo-mui-vuong-truong-hai-co-2-mau-xanh-den-gbb115-p252596105.html?spid=252596113,giày búp bê trơn da bò
195552603,Giày Đế Xuồng Nữ Da Bò Thật BIGGBEN Đế Cao 5cm SDX41,349000.0,400000.0,51000.0,0.0,0,9460,,https://tiki.vngiay-de-xuong-nu-da-bo-that-biggben-de-cao-5cm-sdx41-p195552603.html?spid=195552607,giày đế xuồng nữ
182707692,"Kệ ruột Giày, Dép SH03 dày 2mm, ngang 3cm (10)",127000.0,127000.0,0.0,0.0,0,4405,,https://tiki.vncombo-10-ke-ruot-giay-dep-sh03-day-2mm-ngang-30mm-trong-p182707692.html?spid=182707693,kệ ruột giày dép sh03
101051723,Giày Mọi Nữ  Da BòSiêu Dễ Thương 21452,469000.0,469000.0,0.0,0.0,0,87241,,https://tiki.vngiay-moi-nu-da-bosieu-de-thuong-21452-p101051723.html?spid=101051735,giày nữ da bòsiêu dễ thương
86860057,Giày Sandal Cao Gót Da Bò BIGGBEN Cao 5 Phân SDCG60,279000.0,550000.0,271000.0,5.0,12,9460,,https://tiki.vngiay-sandal-cao-got-da-bo-biggben-cao-5-phan-c-p86860057.html?spid=86860059,giày sandal cao gót da bò
76384643,Dép Sục Nữ BIGGBEN Da Bò Cao Cấp SBN33,329000.0,400000.0,71000.0,5.0,5,9460,,https://tiki.vndep-suc-nu-biggben-da-bo-cao-cap-sbn33-p76384643.html?spid=76384653,dép sục nữ biggben
72303328,Dép nữ quai ngang 1 bản da bò đế đúc cao cấp Trường Hải QNN01261,214000.0,214000.0,0.0,5.0,8,11395,,https://tiki.vndep-nu-quai-ngang-1-ban-da-bo-de-duc-cao-cap-truong-hai-qnn01261-p72303328.html?spid=72303336,dép nữ quai ngang
72037829,Giày sức khỏe nữ Aetrex Lyla Bronze - Giày bít da đệm mềm chống đau chân,3495000.0,3495000.0,0.0,0.0,0,302,,https://tiki.vngiay-suc-khoe-nu-aetrex-lyla-bronze-fb104-p72037829.html?spid=72037838,giày sức khỏe nữ
59233669,Giày Búp Bê Nữ Da Bò Thật HÀ NAM Cao Cấp BBN2020,268000.0,268000.0,0.0,4.5,14,93132,,https://tiki.vngiay-bup-be-nu-da-bo-that-cao-cap-bbn2020-p59233669.html?spid=59233675,giày búp bê nữ da bò
52274758,Giày Sandal Nữ Cao Gót BIGGBEN Da Bò Thật SDCG41,379000.0,400000.0,21000.0,4.6,13,9460,,https://tiki.vngiay-sandal-nu-cao-got-biggben-da-bo-that-sdcg41-p52274758.html?spid=52274768,giày sandal nữ cao gót
279132804,"Giày nữ mũi nhọn, quai sau ROSATA RO742 - 4p - Đen, Kem - BKSTORE",390000.0,390000.0,0.0,0.0,0,44660,,https://tiki.vngiay-nu-mui-nhon-quai-sau-rosata-ro742-4p-den-kem-bkstore-p279132804.html?spid=279132808,giày nữ mũi nhọn quai sau
278978430,Giày Sandal Cao Gót Da Bò BIGGBEN Cao 8 Phân SDCG153,500000.0,500000.0,0.0,0.0,0,9460,,https://tiki.vngiay-sandal-cao-got-da-bo-biggben-cao-8-phan-sdcg153-p278978430.html?spid=278978436,giày sandal cao gót da bò
278903236,Sandal cao gót nữ quai ngang đính hạt ROSATA RO715 -8p- Vàng đồng - BKSTORE,399000.0,399000.0,0.0,0.0,0,44660,,https://tiki.vnsandal-cao-got-nu-quai-ngang-dinh-hat-rosata-ro715-8p-vang-dong-bkstore-p278903236.html?spid=278903246,sandal cao gót nữ quai ngang
278899911,Dép cao gót nữ quai ngang ROSATA RO712 - 8p - Đen - BKSTORE,399000.0,399000.0,0.0,0.0,0,44660,,https://tiki.vndep-cao-got-nu-quai-ngang-rosata-ro712-8p-den-bkstore-p278899911.html?spid=278899915,dép cao gót nữ quai ngang
278673705,"Sandal nữ quai mảnh, đế cách điệu ROSATA RO741 - 5p - Đen, Nâu - BKSTORE",399000.0,399000.0,0.0,0.0,0,44660,,https://tiki.vnsandal-nu-quai-manh-de-cach-dieu-rosata-ro741-5p-den-nau-bkstore-p278673705.html?spid=278673719,sandal nữ quai mảnh đế cách
278242271,"Dép nữ xỏ ngón, quai chéo ROSATA RO728 - 3p - Đen, Bạc - BKSTORE",380000.0,380000.0,0.0,0.0,0,44660,,https://tiki.vndep-nu-xo-ngon-quai-cheo-rosata-ro728-3p-den-bac-bkstore-p278242271.html?spid=278242273,dép nữ xỏ ngón quai
278096792,DÉP QUAI BẢNG 8CM PABNO PN22020,335000.0,335000.0,0.0,0.0,0,49994,,https://tiki.vndep-quai-bang-8cm-pabno-pn22020-p278096792.html?spid=278096802,dép quai bảng
277943646,"Dép nữ quai chéo, gót nhọn ROSATA RO721 - 7p - Đen, Kem - BKSTORE",380000.0,380000.0,0.0,0.0,0,44660,,https://tiki.vndep-nu-quai-cheo-got-nhon-rosata-ro721-7p-den-kem-bkstore-p277943646.html?spid=277943664,dép nữ quai chéo gót
277940996,"Dép quai ngang sức khỏe nữ Revitalign Fusion Zest Black - đế đúc EVA nguyên khối, nâng vòm giảm đau chân",1595000.0,1595000.0,0.0,0.0,0,302,,https://tiki.vndep-quai-ngang-suc-khoe-nu-revitalign-fusion-zest-black-p277940996.html?spid=277941000,dép quai ngang sức
277533021,"Giày nữ đế xuồng, mũi nhọn, phối màu ROSATA RO692 - 4p - Be - BKSTORE",380000.0,380000.0,0.0,0.0,0,44660,,https://tiki.vngiay-nu-de-xuong-mui-nhon-phoi-mau-rosata-ro692-4p-be-bkstore-p277533021.html?spid=277533023,giày nữ đế xuồng mũi nhọn phối
277531960,"Dép nữ quai ngang đính hạt, gót nhọn ROSATA RO679 - 6p - Đen, Bạc - BKSTORE",399000.0,399000.0,0.0,0.0,0,44660,,https://tiki.vndep-nu-quai-ngang-dinh-hat-got-nhon-rosata-ro679-6p-den-bac-bkstore-p277531960.html?spid=277531968,dép nữ quai ngang đính
277531678,"Sandal nữ quai sau, đế xuồng ROSATA RO678 -5p- Đen, Be - BKSTORE",390000.0,390000.0,0.0,0.0,0,44660,,https://tiki.vnsandal-nu-quai-sau-de-xuong-rosata-ro678-5p-den-be-bkstore-p277531678.html?spid=277531684,sandal nữ quai sau đế
277531308,Giày bệt nữ quai chun sau ROSATA RO676 - 2p - Trắng - HÀNG VIỆT NAM - BKSTORE,380000.0,380000.0,0.0,0.0,0,44660,,https://tiki.vngiay-bet-nu-quai-chun-sau-rosata-ro676-2p-trang-hang-viet-nam-bkstore-p277531308.html?spid=277531318,giày bệt nữ quai chun sau
277438406,"Sandal nữ quai chéo đế xuồng ROSATA RO666 -5p- Đen, Bạc - BKSTORE",380000.0,380000.0,0.0,0.0,0,44660,,https://tiki.vnsandal-nu-quai-cheo-de-xuong-rosata-ro666-5p-den-bac-bkstore-p277438406.html?spid=277438420,sandal nữ quai chéo đế xuồng
277438317,Dép cao gót nữ quai ngang đế xuồng ROSATA RO664 - 6p - HÀNG VIỆT NAM - BKSTORE,380000.0,380000.0,0.0,5.0,1,44660,,https://tiki.vndep-cao-got-nu-quai-ngang-de-xuong-rosata-ro664-6p-hang-viet-nam-bkstore-p277438317.html?spid=277438341,dép cao gót nữ quai ngang
277411745,"Giày cao gót nữ bít mũi, hở gót, da bóng ROSATA RO654 - 9p - Đen, Vàng - HÀNG VIỆT NAM - BKSTORE",450000.0,450000.0,0.0,0.0,0,44660,,https://tiki.vngiay-cao-got-nu-bit-mui-ho-got-da-bong-rosata-ro654-9p-den-vang-hang-viet-nam-bkstore-p277411745.html?spid=277411749,giày cao gót nữ bít
276671412,Giày Sandal 2 quai mảnh đá7F PABNO PN22008,345000.0,345000.0,0.0,0.0,0,49994,,https://tiki.vngiay-sandal-2-quai-manh-da7f-pabno-pn22008-p276671412.html?spid=276671420,giày sandal quai đá7f
275234480,Giày Đế Xuồng Nơ Khóa 4P PABNO PN17016,345000.0,345000.0,0.0,0.0,0,49994,,https://tiki.vngiay-de-xuong-no-khoa-4p-pabno-pn17016-p275234480.html?spid=275234498,giày đế xuồng nơ
273691586,"Giày sandal rọ, quai dán, đế xuồng ROSATA RO570 cao 6p - đen, chì - HÀNG VIỆT NAM - BKSTORE",450000.0,450000.0,0.0,0.0,0,44660,,https://tiki.vngiay-sandal-ro-quai-dan-de-xuong-rosata-ro570-cao-6p-den-chi-hang-viet-nam-bkstore-p273691586.html?spid=273691590,giày sandal rọ quai dán
273533435,"Set 2 Miếng Lót Gót Giày Chống Rộng, Chống Nhấc Gót và Bảo Vệ Gót Tránh Trầy Xước - HÀNG CHÍNH HÃNG MINIIN",19000.0,19000.0,0.0,0.0,0,134678,,https://tiki.vnset-2-mieng-lot-got-giay-chong-rong-chong-nhac-got-va-bao-ve-got-tranh-tray-xuoc-hang-chinh-hang-miniin-p273533435.html?spid=273533437,set
273440449,Sandal thể thao Bitis nữ (35-40),435000.0,435000.0,0.0,5.0,1,174218,,https://tiki.vnsandal-the-thao-bitis-nu-35-40-p273440449.html?spid=273440463,sandal thể thao bitis nữ
271793104,"Lót giày nữ Aetrex Compete Flat and Low Arch L420 - Lót giày cho chân vòm thấp, vòm bẹt đạt tiêu chuẩn y khoa",1695000.0,1695000.0,0.0,0.0,0,302,,https://tiki.vnlot-giay-nu-aetrex-compete-flat-and-low-arch-l420-lot-giay-cho-chan-vom-thap-vom-bet-dat-tieu-chuan-y-khoa-p271793104.html?spid=271793108,lót giày nữ aetrex
263276244,Chuck Taylor Classic White High | Giày Converse Vải Màu Trắng Cổ Cao M7650C,1550000.0,1550000.0,0.0,0.0,0,77420,,https://tiki.vnchuck-taylor-classic-white-high-giay-con-vai-mau-trang-co-cao-p263276244.html?spid=270694362,chuck taylor classic white
207360110,Giày thể thao nữ phong cách mới – GNU1015,330000.0,660000.0,330000.0,0.0,0,975,,https://tiki.vngiay-the-thao-nu-phong-cach-moi-gnu1015-p207360110.html?spid=207360116,giày thể thao nữ phong cách
195547325,Giày Sandal Nữ Da Bò Thật BIGGBEN Cao Cấp SDN85,319000.0,350000.0,31000.0,5.0,2,9460,,https://tiki.vngiay-sandal-nu-da-bo-that-biggben-cao-cap-sdn85-p195547325.html?spid=195547343,giày sandal nữ da bò
194187097,Giày sandal gót vuông quai ngang đính xoan cao cấp (giao hỏa tốc - ping - bảo hành 1 năm ),350000.0,350000.0,0.0,0.0,0,300310,,https://tiki.vngiay-sandal-got-vuong-quai-ngang-dinh-xoan-cao-cap-giao-hoa-toc-freeshipping-bao-hanh-1-nam-p194187097.html?spid=194187143,giày sandal gót vuông quai ngang
194186908,giày cao gót đan dây siêu cá tính ( free shipping - giao hỏa tốc 2h - bảo hành 1 năm ),440000.0,440000.0,0.0,0.0,0,300310,,https://tiki.vngiay-cao-got-dan-day-sieu-ca-tinh-free-shipping-giao-hoa-toc-2h-bao-hanh-1-nam-p194186908.html?spid=194186918,giày cao gót đan dây siêu
192643040,Giày Thể Thao Nữ Biti's Hunter X LITEPLEX DSWH09800,961000.0,961000.0,0.0,0.0,0,174218,,https://tiki.vngiay-the-thao-nu-biti-s-hunter-x-liteplex-dswh09800-p192643040.html?spid=192643070,giày thể thao nữ biti
155751800,Giày sandal gót trụ da thật cao cấp ROSATA RO310 cao 8.5p mũi nhọn - BKSTORE,490000.0,490000.0,0.0,0.0,0,44660,,https://tiki.vngiay-sandal-got-tru-da-that-cao-cap-rosata-ro310-cao-8-5p-mui-nhon-den-do-hang-viet-nam-bkstore-p155751800.html?spid=155751819,giày sandal gót trụ
129566952,"HJ7941-42-43 - Giày nữ Huy Hoàng da bò 5 phân màu da, đen, nâu đất",363300.0,519000.0,155700.0,0.0,0,223818,,https://tiki.vnhj7941-42-43-giay-nu-huy-hoang-da-bo-5-phan-mau-da-den-nau-dat-p129566952.html?spid=129566974,hj7941 43 giày nữ
129521137,"HJ7938-39-40 - Giày nữ Huy Hoàng da bò 3 phân màu da, đen, nâu đất",349300.0,499000.0,149700.0,0.0,0,223818,,https://tiki.vnhj7938-39-40-giay-nu-huy-hoang-da-bo-3-phan-mau-da-den-nau-dat-p129521137.html?spid=129521165,hj7938 39 giày nữ
129425425,"HJ7905-06-07-08 - Giày nữ búp bê Huy Hoàng da bò màu da, đen, nâu, xanh đậm",342300.0,489000.0,146700.0,0.0,0,223818,,https://tiki.vnhj7905-06-07-08-giay-nu-bup-be-huy-hoang-da-bo-mau-da-den-nau-xanh-dam-p129425425.html?spid=129425459,hj7905 06 07 08
127379464,Xịt Khử Mùi Hôi Chuyện Dụng Chính Hãng Dincox X Matteo,60000.0,60000.0,0.0,5.0,8,150940,,https://tiki.vnxit-khu-mui-hoi-chuyen-dung-chinh-hang-dincox-x-matteo-p127379464.html?spid=127379480,xịt khử mùi hôi
44573495,Dép nữ Huy Hoàng da trăn màu nguyên thủy HT7304,499000.0,699000.0,200000.0,0.0,0,1867,,https://tiki.vndep-nu-huy-hoang-da-tran-mau-nguyen-thuy-ht7304-p44573495.html?spid=44573507,dép nữ huy hoàng da
