product_id,name,price,original_price,discount,rating,review_count,inventory_status,url,product_type
112084937,"Dây Da Đồng Hồ Nam, 100% Da Bò Thật, Kiểu Dáng Vintage Phẳng Mỏng, Mặt Lót Chống Thấm Mồ Hôi, Tích Hợp Lớp Gia Cố Chống Giãn Đặc Biệt, Phụ Kiện Khóa và Chốt Bằng Thép Không Gỉ 316L - Thương Hiệu SAIGIO",1000000.0,1000000.0,0.0,4.8,4,,https://tiki.vnday-da-dong-ho-nam-100-da-bo-that-kieu-dang-vintage-phang-mong-mat-lot-chong-tham-mo-hoi-tich-hop-lop-gia-co-chong-gian-dac-biet-phu-kien-khoa-va-chot-bang-thep-khong-gi-316l-thuong-hieu-saigio-p112084937.html?spid=119229276,dây da đồng hồ nam
106966720,"Dây Da Đồng Hồ Cổ Điển, Chất Liệu Da Bò Thật 100%, Mặt Lót Chống Thấm Mồ Hôi, Tích Hợp Lớp Gia Cố Chống Giãn Đặc Biệt, Phụ Kiện Khóa và Chốt Bằng Thép Không Gỉ 316L, Nhiều Màu, Nhiều Size - Hàng Chính Hãng SAIGIO",1200000.0,1200000.0,0.0,4.8,15,,https://tiki.vnday-dong-ho-da-bo-that-100-kieu-co-dien-cao-cap-sang-trong-mat-lot-chong-tham-mo-hoi-tich-hop-lop-gia-co-chong-gian-dac-biet-phu-kien-khoa-va-chot-bang-thep-khong-gi-316l-nhieu-mau-nhieu-size-hang-chinh-hang-saigio-p106966720.html?spid=123850497,dây da đồng hồ cổ điển
159298167,"Dây Đồng Hồ Da Bò Cao Cấp, Kiểu Dáng Cổ Điển - Chỉ Trắng, Mặt Lót Chống Thấm Mồ Hôi, Tích Hợp Lớp Gia Cố Chống Giãn Đặc Biệt, Phụ Kiện Khóa và Chốt Bằng Thép Không Gỉ 316L - Hàng Chính Hãng SAIGIO",1200000.0,1200000.0,0.0,5.0,1,,https://tiki.vnday-dong-ho-da-bo-cao-cap-kieu-dang-co-dien-chi-trang-mat-lot-chong-tham-mo-hoi-tich-hop-lop-gia-co-chong-gian-dac-biet-phu-kien-khoa-va-chot-bang-thep-khong-gi-316l-hang-chinh-hang-saigio-p159298167.html?spid=159298183,dây đồng hồ da bò cao cấp
111696638,"Dây Da Đồng Hồ Cao Cấp - Sang Trọng, Chất Liệu Da Bê EPSOM Thuộc Thảo Mộc - Nhập Khẩu Từ Châu Âu, Mặt Lót Chống Thấm Mồ Hôi, Tích Hợp Lớp Gia Cố Chống Giãn Đặc Biệt và Chốt Thông Minh, Kiểu Dáng Cổ Điển Phẳng Mỏng",1900000.0,1900000.0,0.0,5.0,3,,https://tiki.vnsaigio-day-da-dong-ho-cao-cap-sang-trong-chat-lieu-da-be-epsom-thuoc-thao-moc-nhap-khau-tu-chau-au-mat-lot-chong-tham-mo-hoi-tich-hop-lop-gia-co-chong-gian-dac-biet-va-chot-thong-minh-kieu-dang-co-dien-phang-mong-p111696638.html?spid=155162812,dây da đồng hồ cao cấp
111306433,"Dây Da Đồng Hồ Cổ Điển, 100% Da Bò Thật, Kiểu Dáng Phẳng Mỏng, Mặt Lót Chống Thấm Mồ Hôi, Tích Hợp Lớp Gia Cố Chống Giãn Đặc Biệt, Phụ Kiện Khóa và Chốt Bằng Thép Không Gỉ 316L - Hàng Chính Hãng SAIGIO",1000000.0,1000000.0,0.0,4.8,10,,https://tiki.vnday-da-dong-ho-co-dien-100-da-bo-that-kieu-dang-phang-mong-mat-lot-chong-tham-mo-hoi-tich-hop-lop-gia-co-chong-gian-dac-biet-phu-kien-khoa-va-chot-bang-thep-khong-gi-316l-hang-chinh-hang-saigio-p111306433.html?spid=130405221,dây da đồng hồ cổ điển
276640745,Dây đeo cho Amazfit T-Rex 3/ T-Rex 2 (DREX3),150000.0,150000.0,0.0,3.5,2,,https://tiki.vnday-deo-cho-amazfit-t-rex-3-drex3-p276640745.html?spid=276640749,dây đeo amazfit t
275747384,Dây cho Samsung Watch Ultra/ Ultra 2025 (DSU),130000.0,130000.0,0.0,0.0,0,,https://tiki.vnday-samsung-watch-7-ultra-47mm-ds7u-p275747384.html?spid=276101468,dây samsung watch ultra
275603828,Lắc Tay Con Mèo Siêu Cute - Đến Với Thế Giới Của Những Chú Mèo Dễ Thương,31500.0,45000.0,13500.0,0.0,0,,https://tiki.vnlac-tay-con-meo-sieu-de-thuong-p275603828.html?spid=275603829,lắc tay mèo siêu cute
275299250,Dây da cho Redmi Watch 5/ 4/ MI Band 8 Pro/ Band 9 Pro - Dây da + Silicone (DDMI5),189000.0,189000.0,0.0,5.0,1,,https://tiki.vnday-da-redmi-watch-4-mi-band-8-pro-day-da-silicone-ddmi4-p275299250.html?spid=275823587,dây da redmi watch
273933960,Dây Thép cho Redmi Watch 5/ 4 (DTMI4),149000.0,149000.0,0.0,4.6,5,,https://tiki.vnday-thep-cho-redmi-watch-4-dtmi4-p273933960.html?spid=275822696,dây thép redmi watch
107959904,"Dây Da Đồng Hồ Cao Cấp - Sang Trọng, Chất Liệu Da Bê EPSOM Nhập Khẩu Từ Pháp, Tiêu chuẩn Châu Âu, Mặt Lót Chống Thấm Mồ Hôi, Tích Hợp Lớp Gia Cố Chống Giãn Đặc Biệt và Chốt Thông Minh Mới Nhất - Hàng Chính Hãng SAIGIO",2100000.0,2100000.0,0.0,5.0,1,,https://tiki.vnday-da-dong-ho-cao-cap-sang-trong-chat-lieu-da-be-epsom-nhap-khau-tu-phap-tieu-chuan-chau-au-mat-lot-chong-tham-mo-hoi-tich-hop-lop-gia-co-chong-gian-dac-biet-va-chot-thong-minh-moi-nhat-hang-chinh-hang-saigio-p107959904.html?spid=118723081,dây da đồng hồ cao cấp
13443032,Đồng hồ nam dây kim loại Casio MTP-V001D-1BUDF,722420.0,881000.0,158580.0,4.5,2,,https://tiki.vndong-ho-nam-day-kim-loai-casio-mtp-v001d-1budf-p13443032.html?spid=54019704,đồng hồ nam dây kim loại
160424898,"Dây Đồng Hồ Da Bò Cao Cấp, Kiểu VINTAGE THREAD Phẳng Mỏng, Mặt Lót Chống Thấm Mồ Hôi, Tích Hợp Lớp Gia Cố Chống Giãn Đặc Biệt, Phụ Kiện Khóa và Chốt Bằng Thép Không Gỉ 316L - Hàng Chính Hãng SAIGIO",1000000.0,1000000.0,0.0,5.0,3,,https://tiki.vnday-dong-ho-da-bo-cao-cap-kieu-vintage-thread-phang-mong-mat-lot-chong-tham-mo-hoi-tich-hop-lop-gia-co-chong-gian-dac-biet-phu-kien-khoa-va-chot-bang-thep-khong-gi-316l-hang-chinh-hang-saigio-p160424898.html?spid=160424910,dây đồng hồ da bò cao cấp
157417398,"Dây Đồng Hồ Da Bò Cao Cấp, Kiểu Dáng Cổ Điển - Phẳng Mỏng - Chỉ Trắng, Mặt Lót Chống Thấm Mồ Hôi, Tích Hợp Lớp Gia Cố Chống Giãn Đặc Biệt, Phụ Kiện Khóa và Chốt Bằng Thép Không Gỉ 316L - Hàng Chính Hãng SAIGIO",1000000.0,1000000.0,0.0,5.0,1,,https://tiki.vnday-dong-ho-da-bo-cao-cap-kieu-dang-co-dien-phang-mong-chi-trang-mat-lot-chong-tham-mo-hoi-tich-hop-lop-gia-co-chong-gian-dac-biet-phu-kien-khoa-va-chot-bang-thep-khong-gi-316l-hang-chinh-hang-saigio-p157417398.html?spid=157417402,dây đồng hồ da bò cao cấp
102394016,Đồng Hồ Nam Chính Hãng Casio MTP-V001L-1B Dây Da,657900.0,774000.0,116100.0,4.5,2,,https://tiki.vndong-ho-nam-chinh-hang-casio-mtp-v001l-1b-day-da-p102394016.html?spid=102394017,đồng hồ nam hãng casio
273921518,Dây Redmi Watch 5/ 4/ Band 8 Pro/ Band 9 Pro (DMI4),120000.0,120000.0,0.0,5.0,2,,https://tiki.vnday-redmi-watch-4-band-8-pro-dmi4-p273921518.html?spid=275822655,dây redmi watch
272962220,[For Huawei GT4 ] Kính cường lực bảo vệ màn hình cho Huawei Watch GT4 46mm và 41mm,30000.0,30000.0,0.0,5.0,1,,https://tiki.vnfor-huawei-gt4-kinh-cuong-luc-bao-ve-man-hinh-cho-huawei-watch-gt4-46mm-va-41mm-p272962220.html?spid=272962226,kính cường lực bảo vệ màn hình
272123738,Dây đeo cho Samsung Watch 7/ FE/ 6/ 6 Classic/ 5/ 5 Pro/ 4/ 4 Classic/ 3 41/ 45mm/ Active 2/ Active/ Gear S3 (DC),139000.0,139000.0,0.0,0.0,0,,https://tiki.vnday-deo-samsung-watch-6-6-classic-5-5-pro-4-4-classic-3-41-45mm-active-2-active-gear-s3-dc-p272123738.html?spid=272123786,dây đeo samsung watch
272123027,Dây đeo cho Garmin Forerunner 570/ 165/ 265/ 265S/ 255/255S/ 245/ 645/Vivomove/ Vivoactive 3/4/ 5/ 6/ 2S/3S/4S/ Venu 2/3/ SQ2 (DC),139000.0,139000.0,0.0,4.0,2,,https://tiki.vnday-deo-cho-garmin-forerunner-965-965s-265-265s-255-255s-245-645-vivomove-vivoactive-3-4-2s-3s-4s-venu-2-sq2-dc-p272123027.html?spid=272123093,dây đeo garmin forerunner
272091220,"Cuộn Dây Thun CO GIÃN màu Nâu chuyên xỏ vòng đeo tay hạt chuỗi  Dây này là dây thun chuyên xỏ vòng chuỗi màu Nâu, có đủ màu Anh Chị đang đeo chuỗi muốn thay dây khác cho vòng thì đặt cuộn Thun chỉ này nhé",63000.0,90000.0,27000.0,5.0,1,,https://tiki.vncuon-day-thun-co-gian-mau-nau-chuyen-xo-vong-deo-tay-hat-chuoi-day-nay-la-day-thun-chuyen-xo-vong-chuoi-mau-nau-co-du-mau-anh-chi-dang-deo-chuoi-muon-thay-day-khac-cho-vong-thi-dat-cuon-thun-chi-nay-nhe-p272091220.html?spid=272091234,cuộn dây thun co giãn màu
103824006,Đồng Hồ Đeo Tay Nữ Chính Hãng Casio LW-204-4ADF Dây Nhựa,902000.0,1168000.0,266000.0,4.8,4,,https://tiki.vndong-ho-deo-tay-nu-chinh-hang-casio-lw-204-4adf-day-nhua-p103824006.html?spid=103824007,đồng hồ đeo tay nữ
13403838,Đồng hồ nam dây da Casio MTP-1381L-7AVDF,1893000.0,1893000.0,0.0,4.5,2,,https://tiki.vndong-ho-nam-day-da-casio-mtp-1381l-7avdf-p13403838.html?spid=42101454,đồng hồ nam dây da
42263650,Đồng hồ nữ Casio LRW-200H-4E3VDF dây nhựa,832300.0,1015000.0,182700.0,5.0,3,,https://tiki.vndong-ho-nu-casio-lrw-200h-4e3vdf-day-nhua-p42263650.html?spid=42263651,đồng hồ nữ casio lrw
278975057,"Vòng tay chuỗi Cẩm Thạch Huyết size 5.5 li phong cách đeo quấn 3 vòng phối charm bướm, ngọc jasper, có thể làm vòng cổ",800000.0,800000.0,0.0,0.0,0,,https://tiki.vnvong-tay-chuoi-cam-thach-huyet-size-5-5-li-phong-cach-deo-quan-3-vong-phoi-charm-buom-ngoc-jasper-co-the-lam-vong-co-hoa-minh-gem-p278975057.html?spid=278975058,vòng tay chuỗi cẩm thạch huyết size
12274959,Đồng hồ nữ dây nhựa Casio LRW-200H-4E2VDR,832300.0,1015000.0,182700.0,5.0,1,,https://tiki.vndong-ho-nu-day-nhua-casio-lrw-200h-4e2vdr-p12274959.html?spid=96597813,đồng hồ nữ dây nhựa
271012889,Dây đeo cho Redmi Watch 3 Active (DMI3A),120000.0,120000.0,0.0,5.0,7,,https://tiki.vnday-deo-cho-redmi-watch-3-active-lite-dmili3-p271012889.html?spid=271012893,dây đeo redmi watch
249683978,Dây đồng hồ cho Redmi Watch 3 (DMI3),120000.0,120000.0,0.0,4.1,8,,https://tiki.vnday-dong-ho-redmi-watch-3-dmili3-p249683978.html?spid=249683990,dây đồng hồ redmi watch
249272851,Đồng Hồ Trẻ Em Thể Thao Cao Cấp Chính hãng MR 8212 - KHÔNG VÔ NƯỚC (Kèm video),150000.0,150000.0,0.0,4.3,8,,https://tiki.vndong-ho-tre-em-the-thao-cao-cap-chinh-hang-mr-8212-khong-vo-nuoc-kem-video-p249272851.html?spid=249272853,đồng hồ trẻ em thể thao cao cấp
248426957,Dây đeo dành cho Garmin Forerunner 570/ 165/ 55/ 645/ 255/ 245/ Venu 2/ SQ 2/ SQ/ Vivoactive 6/ 5/ 4/ 3 (DB),130000.0,130000.0,0.0,4.5,2,,https://tiki.vnforerunner-55-645-255-245-venu-2-db-p248426957.html?spid=248426963,dây đeo dành garmin
202203813,Pin CR2032 Nhật Bản Hàng Cao Cấp 3V Date 2032,30000.0,30000.0,0.0,4.5,2,,https://tiki.vnpin-cr2032-nhat-ban-hang-cao-cap-3v-date-2032-p202203813.html?spid=202203824,pin cr2032 nhật bản hàng
188482266,Dây Đeo SILICON dành Cho Huawei band 7 Chất Lượng cao,65000.0,65000.0,0.0,4.7,3,,https://tiki.vnday-deo-silicon-danh-cho-huawei-band-7-chat-luong-cao-p188482266.html?spid=188482331,dây đeo silicon dành
180976743,Vòng tay titan unisex mẫu mới hot trend,98000.0,98000.0,0.0,0.0,0,,https://tiki.vnvong-tay-titan-unisex-mau-moi-hot-trend-p180976743.html?spid=180976747,vòng tay titan unisex mẫu
170496556,Vòng đeo tay chuỗi hạt 108 hạt gỗ đỏ hồng phong thủy niệm Phật,37800.0,54000.0,16200.0,5.0,3,,https://tiki.vnvong-deo-tay-chuoi-hat-108-hat-go-do-hong-phong-thuy-niem-phat-p170496556.html?spid=170496557,vòng đeo tay chuỗi
160419283,Dây Đeo Đồng Hồ Thép Không Gỉ Đúc Đặc Có Đầu Bo Cong Size 20mm 22mm,160000.0,160000.0,0.0,5.0,9,,https://tiki.vnday-deo-dong-ho-thep-khong-gi-duc-dac-co-dau-bo-cong-size-20mm-22mm-p160419283.html?spid=179721928,dây đeo đồng hồ thép
153920719,Vòng Tay sừng giúp tĩnh tâm (Đủ Size & màu) BH612 - Sức Khỏe Bình An - may mắn - Tài Lộc - độc lạ,56000.0,56000.0,0.0,0.0,0,,https://tiki.vnvong-tay-sung-giup-tinh-tam-du-size-mau-bh612-suc-khoe-binh-an-may-man-tai-loc-doc-la-p153920719.html?spid=153993178,vòng tay sừng giúp tĩnh tâm
150602678,Dây đeo Xiaomi Redmi Watch 2 Lite (DMILI2),120000.0,120000.0,0.0,4.6,28,,https://tiki.vnday-deo-xiaomi-redmi-watch-2-lite-dmili2-p150602678.html?spid=150602682,dây đeo xiaomi redmi
139106571,"Ốp bảo vệ cho Apple Watch series 11/ 10/ 9/ 8/ 7/ 6/ 5/ SE - dẻo, trong suốt",40000.0,40000.0,0.0,0.0,0,,https://tiki.vnop-apple-watch-series-7-6-5-se-deo-trong-suot-p139106571.html?spid=139106581,ốp bảo vệ apple watch
137941919,"Dây đeo Xiaomi Miband 6, Mi band 5 - chính hãng Mijobs",40000.0,40000.0,0.0,4.1,34,,https://tiki.vnday-deo-xiaomi-miband-6-mi-band-5-chinh-hang-mijobs-p137941919.html?spid=137941935,dây đeo xiaomi miband
137524509,Dây đeo cho Mi Watch/ S2 Pro/ S1/ S1 Active/ LS05/ RT LS05S/ LS02 (DSG),140000.0,140000.0,0.0,4.0,1,,https://tiki.vnday-deo-mi-watch-ls05-rt-ls05s-ls02-chat-silicone-p137524509.html?spid=137524513,dây đeo
106392888,Bút tra dầu đồng hồ cơ bản,24999.0,24999.0,0.0,0.0,0,,https://tiki.vnbut-tra-dau-dong-ho-co-ban-p106392888.html?spid=192898619,bút tra dầu đồng hồ cơ bản
106391936,Dây đồng hồ cao su đầu bo ôm size 20,250000.0,250000.0,0.0,0.0,0,,https://tiki.vnday-dong-ho-cao-su-dau-bo-om-size-20-p106391936.html?spid=106391967,dây đồng hồ cao su đầu
106391491,Bàn xoay điện 6 chấu lên cót đồng hồ cơ khí,580000.0,580000.0,0.0,3.7,3,,https://tiki.vnban-xoay-dien-6-chau-len-cot-dong-ho-co-khi-p106391491.html?spid=106391504,bàn xoay điện chấu
73867696,Vòng Tay Tropicana Phối Charm Swarovski Cá Ngũ Sắc,1810000.0,1810000.0,0.0,5.0,2,,https://tiki.vnvong-tay-charm-swarovski-ca-ngu-sac-p73867696.html?spid=73867698,vòng tay tropicana phối charm swarovski
70203275,"Dây đồng hồ da bò trơn, mềm Italy nhiều size tặng chốt và dụng cụ tháo lắp",130000.0,130000.0,0.0,4.7,73,,https://tiki.vnday-da-dong-ho-da-bo-italy-mem-cao-cap-nhieu-kich-co-nam-nu-tang-chot-gan-va-dung-cu-thao-lap-tai-nha-de-dang-p70203275.html?spid=70203283,dây đồng hồ da bò trơn
69640768,Dây Chuyền Nam Bạc Ta  Bạc Hiểu Minh DBN043,2055000.0,2055000.0,0.0,4.8,4,,https://tiki.vnday-chuyen-nam-bac-hieu-minh-dbn043-bac-ta-trong-luong-3-chi-2-p69640768.html?spid=69640769,dây chuyền nam bạc bạc hiểu
68785171,Nhẫn nữ titan không đen bản nhỏ one love,37800.0,54000.0,16200.0,4.6,62,,https://tiki.vnnhan-nu-titan-khong-den-ban-nho-one-love-1-chiec-p68785171.html?spid=68785189,nhẫn nữ titan đen
65384695,Nhẫn nam nữ titant bản nhỏ không đen 1 hạt đá đơn giản,52000.0,52000.0,0.0,5.0,1,,https://tiki.vnnhan-nam-nu-titant-ban-nho-khong-den-1-hat-da-don-gian-p65384695.html?spid=65384703,nhẫn nam nữ titant bản
54925075,"Dây đồng hồ da bò loại mỏng, trơn mờ",130000.0,130000.0,0.0,4.5,36,,https://tiki.vnday-dong-ho-da-bo-loai-mong-tron-mo-p54925075.html?spid=68918081,dây đồng hồ da bò loại
52469205,Bông tai nam kẹp vành không cần bấm lỗ có nhiều mẫu lựa chọn,24500.0,35000.0,10500.0,4.7,215,,https://tiki.vnbong-tai-nam-kep-vanh-khong-can-bam-lo-co-nhieu-mau-lua-chon-p52469205.html?spid=52469211,tai nam kẹp vành cần
52468633,Bông tai nam châm đính đá nhiều màu lựa chọn,35000.0,35000.0,0.0,4.6,7,,https://tiki.vnbong-tai-nam-cham-dinh-da-nhieu-mau-lua-chon-p52468633.html?spid=52468707,tai nam châm đính đá
21754311,Dây Da Đồng Hồ Đủ Size - Tặng kèm Chốt và Dụng cụ thay dây,42000.0,42000.0,0.0,4.7,430,,https://tiki.vnday-da-dong-ho-du-size-tang-kem-chot-va-dung-cu-thay-day-p21754311.html?spid=21754319,dây da đồng hồ đủ
20876296,Vòng điều hòa huyết áp Nhật Bản - ND001,182850.0,345000.0,162150.0,0.0,0,,https://tiki.vnvong-dieu-hoa-huyet-ap-nhat-ban-nd001-p20876296.html?spid=186743399,vòng điều hòa huyết áp
20102436,Bông tai nam châm,20000.0,20000.0,0.0,4.5,26,,https://tiki.vnbong-tai-nam-cham-p20102436.html?spid=20102474,tai nam
15421345,Nhẫn xoay Bát Nhã Tâm Kinh khắc chữ Vạn - Nhẫn phong thủy Hán ngữ may mắn bình an Ri99,49000.0,49000.0,0.0,4.2,48,,https://tiki.vnnhan-xoay-bat-nha-tam-kinh-khac-chu-van-nhan-phong-thuy-han-ngu-may-man-binh-an-ri99-p15421345.html?spid=44435123,nhẫn xoay bát nhã tâm kinh khắc
749583,Bông Tai Khuyên Tròn Winwinshop88 BT233 (12mm) – Bạc,31500.0,35000.0,3500.0,4.2,6,,https://tiki.vnbong-tai-khuyen-tron-winwinshop88-bt233-12mm-bac-p749583.html?spid=44336730,bông tai khuyên tròn winwinshop88
278851082,Đồng hồ đeo tay Omega C503 Máy cơ hàng chính hãng,680000.0,680000.0,0.0,4.0,1,,https://tiki.vndong-ho-deo-tay-omega-c503-may-co-hang-chinh-hang-p278851082.html?spid=278851083,đồng hồ đeo tay omega
278851058,Đồng hồ đeo tay Omega C543 Máy cơ hàng chính hãng,750000.0,750000.0,0.0,0.0,0,,https://tiki.vndong-ho-deo-tay-omega-c543-may-co-hang-chinh-hang-p278851058.html?spid=278851059,đồng hồ đeo tay omega
278641672,"Máy xay thịt gia đình, máy đùn thịt công nghiệp, nhồi thịt, hàng nga siêu bền.",998000.0,998000.0,0.0,0.0,0,,https://tiki.vnmay-xay-thit-gia-dinh-may-dun-thit-cong-nghiep-nhoi-thit-hang-nga-sieu-ben-p278641672.html?spid=278641673,máy xay thịt gia đình
278456363,"Xay thịt , xay cua quay tay cỡ đại máy 12 bằng Nhôm cao cấp siêu bền",359000.0,359000.0,0.0,0.0,0,,https://tiki.vnxay-thit-xay-cua-quay-tay-co-dai-may-12-bang-nhom-cao-cap-sieu-ben-p278456363.html?spid=278456364,xay thịt xay cua
278220969,Dây cho Redmi Watch 5/ 4/ MI Band 8 Pro/ 9 Pro - Chất silicone (DMI5),139000.0,139000.0,0.0,5.0,1,,https://tiki.vnday-cho-redmi-watch-5-4-mi-band-8-pro-9-pro-chat-silicone-dmi5-p278220969.html?spid=278221057,dây redmi watch
20847299,Vòng điều hoà huyết áp nhật bản - TM02,201400.0,380000.0,178600.0,4.0,1,,https://tiki.vnvong-dieu-hoa-huyet-ap-nhat-ban-tm02-p20847299.html?spid=127368547,vòng điều hòa huyết áp
277822784,"Vỉ 10 Viên Pin Cúc Áo LR41 (AG3), LR44 (AG13), LR1130 (AG10) Chính Hãng TMI Giá Rẻ Date 4 Năm Thiết Bị Điện Tử, Dụng Cụ, Gia Dụng",16000.0,16000.0,0.0,0.0,0,,https://tiki.vnvi-10-vien-pin-cuc-ao-lr41-ag3-lr44-ag13-lr1130-ag10-chinh-hang-tmi-gia-re-date-4-nam-thiet-bi-dien-tu-dung-cu-gia-dung-p277822784.html?spid=277822872,vỉ
275024600,Dây da cho Huawei Watch 5/ 4/ 4 Pro/ 3/ 3 Pro/ GT6/ GT5/ GT4/ GT3/ GT3 Pro/ GT2/ Buds/ GT/ GT Runner/ GT2e (DDB),250000.0,250000.0,0.0,0.0,0,,https://tiki.vnday-da-huawei-watch-4-4-pro-3-3-pro-gt4-gt3-gt3-pro-gt2-buds-gt-gt-runner-gt2e-ddb-p275024600.html?spid=276061749,dây da huawei watch
274866257,Dây đeo Samsung Watch 7/ FE/ 6/ 6 Classic/ 5/ 5 Pro/ 4/ 4 Classic/ 3 41/ 45mm/ Active 2/ Active/ Gear S3 (D165),149000.0,149000.0,0.0,0.0,0,,https://tiki.vnday-deo-samsung-watch-6-6-classic-5-5-pro-4-4-classic-3-41-45mm-active-2-active-gear-s3-d165-p274866257.html?spid=275823408,dây đeo samsung watch
274865545,Dây đồng hồ cho Garmin Forerunner 570/ 165/ 265/ 265S/ 255/ 255S/ 245/ 645/ Vivoactive 6/ 5/ 4/ 3/ 2S/ 3S/ 4S/ Venu 3/ 2/ 2S (D165),149000.0,149000.0,0.0,0.0,0,,https://tiki.vnday-dong-ho-garmin-forerunner-165-265-265s-255-255s-245-645-vivoactive-5-4-3-2s-3s-4s-venu-2-2s-d165-p274865545.html?spid=275822881,dây đồng hồ garmin forerunner
272042407,Dầu tra bảo dưỡng đồng hồ,28900.0,28900.0,0.0,0.0,0,,https://tiki.vndau-tra-bao-duong-dong-ho-p272042407.html?spid=272042409,dầu tra bảo dưỡng đồng hồ
271343637,Dây đeo cho Oppo Band (DOPB),49000.0,49000.0,0.0,5.0,2,,https://tiki.vnday-deo-cho-oppo-band-dopb-p271343637.html?spid=271343641,dây đeo oppo
252608995,Dây đeo cho Amazfit GTS 2/ 2e/ 3/ 4/ 2 mini/ 4 mini/ Active/ Active 2/ Bip 3/ 3 Pro (DSG),140000.0,140000.0,0.0,3.3,3,,https://tiki.vnday-deo-cho-amazfit-gts-2-2e-3-4-2-mini-4-mini-bip-3-3-pro-dsg-p252608995.html?spid=252608999,dây đeo amazfit gts
244170573,Dây Đồng Hồ Da Cá Sấu Đen Size 14/16/18/20/22/24/26mm - Dây Đeo Da Cá Sấu Thật 100% - Bảo Hành 12 Tháng,840000.0,840000.0,0.0,4.7,3,,https://tiki.vnday-dong-ho-da-ca-sau-den-size-14-16-18-20-22-24-26mm-day-deo-da-ca-sau-that-100-bao-hanh-12-thang-p244170573.html?spid=244170593,dây đồng hồ da cá sấu
243091786,Dây đeo cho Xiaomi Watch 2 Pro/ S1/ S1 Active/ S3/ S4/ Mi Watch (DN),109000.0,109000.0,0.0,4.2,5,,https://tiki.vnday-deo-cho-xiaomi-watch-s1-s1-active-mi-watch-dn-p243091786.html?spid=243091794,dây đeo xiaomi watch
229697033,Miband 7 Pro - Dây Đeo Silicon Cho Xiaomi Miband 7 Pro,39000.0,39000.0,0.0,5.0,2,,https://tiki.vnmiband-7-pro-day-deo-silicon-cho-xiaomi-miband-7-pro-p229697033.html?spid=229697056,miband pro dây đeo
208644838,Dây đồng hồ smartwatch silicon size dây 20mm và 22mm,165000.0,165000.0,0.0,4.8,8,,https://tiki.vnday-dong-ho-smartwatch-silicon-size-day-20mm-va-22mm-p208644838.html?spid=208644904,dây đồng hồ smartwatch silicon
206123256,Đồng hồ nam chống nước DIZIZID chính hãng dây da cao cấp - Chạy full 6 kim và lịch ngày - Chống nước tốt - Kim dạ quang - Tặng kèm pin dự phòng DZDT69,699000.0,1398000.0,699000.0,0.0,0,,https://tiki.vndong-ho-nam-chong-nuoc-dizizid-chinh-hang-day-da-cao-cap-chay-full-6-kim-va-lich-ngay-chong-nuoc-tot-kim-da-quang-tang-kem-pin-du-phong-dzdt69-p206123256.html?spid=207984367,đồng hồ nam chống nước
194449182,"[5 Mét] Dây Cước Co Giãn Trong Suốt USA Magicline Dùng Xỏ Vòng Tay, Chuỗi Hạt, Trang Sức Lõi 0.6MM/ 0.7MM /0.8MM/1MM - Bead Art",18000.0,20000.0,2000.0,4.3,4,,https://tiki.vn5-met-day-cuoc-co-gian-trong-suot-usa-magicline-dung-xo-vong-tay-chuoi-hat-trang-suc-loi-0-6mm-0-7mm-0-8mm-1mm-bead-art-p194449182.html?spid=247943315,dây cước co giãn suốt
188378647,Pin CR2032 Nhật Bản 3V Date 2032 Hàng Cao Cấp,30000.0,30000.0,0.0,4.7,13,,https://tiki.vnpin-cr2032-panasonic-3v-hang-chinh-hang-1-vien-p188378647.html?spid=188378649,pin cr2032 nhật bản v
188377253,"Pin LR41 / AG3 / L736F Maxell Nhật Bản 1,5V Vỉ 10 Viên",55000.0,55000.0,0.0,5.0,5,,https://tiki.vnvi-pin-cuc-ao-maxell-lr41-ag3-l736f-nhat-ban-1-5v-p188377253.html?spid=188377254,pin lr41 ag3 l736f
180591123,Đồng Hồ Casio Nam AE-1500WH-1AVDF - Dây Nhựa - Pin 10 Năm - Chống Nước 100M,1399000.0,1399000.0,0.0,0.0,0,,https://tiki.vndong-ho-casio-nam-ae-1500wh-1avdf-day-nhua-pin-10-nam-chong-nuoc-100m-p180591123.html?spid=180591124,đồng hồ casio nam ae
153066111,5 Viên Pin Đồng Hồ SR626 / SR621 / SR716 / SR521 / SR616 / SR516 / SR721 / SR920 / SR927 Maxell Chính Hãng,77000.0,80000.0,3000.0,4.1,14,,https://tiki.vn5-vien-pin-dong-ho-sr626-sr621-sr716-sr521-sr616-sr516-sr721-sr920-sr927-maxell-chinh-hang-p153066111.html?spid=153066125,
150213047,Dây đeo Huawei Watch GT4 46mm/ GT3 42/ 46mm/ GT Runner (DG),180000.0,180000.0,0.0,4.5,17,,https://tiki.vnday-deo-huawei-watch-gt3-42-46mm-gt-runner-dg-p150213047.html?spid=150213049,dây đeo huawei watch
150205193,Dây đeo Huawei Watch 5/ 4/ 4 Pro/ 3/ 3 Pro/ GT6/ GT5/ GT4/ GT3/ GT2/ GT2e/ GT2 Pro/ GT (DG),180000.0,180000.0,0.0,4.6,5,,https://tiki.vnday-deo-huawei-watch-3-3-pro-gt2-gt2e-gt2-pro-gt-dg-p150205193.html?spid=150205214,dây đeo huawei watch
143839272,Dây đồng hồ nam da đà điểu Bụi Leather D104 - Da thật khâu tay thủ công cao cấp - Bảo hành 12 tháng,350000.0,350000.0,0.0,4.5,37,,https://tiki.vnday-dong-ho-nam-da-da-dieu-bui-leather-d104-da-that-khau-tay-thu-cong-cao-cap-bao-hanh-12-thang-p143839272.html?spid=143839292,dây đồng hồ nam da
106390136,Bộ Dụng Cụ Sửa Đồng Hồ Túi Da Phiên Bản Mới Nhất Chuyên Sửa Đồng Hồ Chuyên Nghiệp,299000.0,299000.0,0.0,5.0,1,,https://tiki.vnbo-dung-cu-sua-dong-ho-tui-da-phien-ban-moi-nhat-chuyen-sua-dong-ho-chuyen-nghiep-p106390136.html?spid=106390148,dụng cụ sửa đồng hồ túi
74853731,Dây Da Thay Thế Dành Cho Đồng Hồ Fossil Casio Samsung Huawei Da Bò Thật Dây Handmade,200000.0,200000.0,0.0,4.7,82,,https://tiki.vnday-da-thay-the-danh-cho-dong-ho-fossil-casio-samsung-huawei-da-bo-that-day-handmade-tang-kem-chot-va-dung-cu-thay-p74853731.html?spid=74853755,dây da thay thế dành
73914995,"Vỉ pin đồng hồ phổ thông AG4 - 626 - 377A ( 1 vỉ 10 viên pin),phù hợp cho nhiều loại đồng hồ phổ thông hoặc đồ chơi.",12000.0,12000.0,0.0,5.0,17,,https://tiki.vnvi-pin-dong-ho-pho-thong-ag4-626-377a-1-vi-10-vien-pin-phu-hop-cho-nhieu-loai-dong-ho-pho-thong-hoac-do-choi-p73914995.html?spid=84997622,vỉ pin đồng hồ phổ thông
73273801,Dây chuyền vòng cổ nữ phối đồ công sở dạ tiệc dạ hội đẹp nhiều mẫu,140000.0,140000.0,0.0,5.0,2,,https://tiki.vnday-chuyen-vong-co-nu-phoi-do-cong-so-da-tiec-da-hoi-dep-nhieu-mau-p73273801.html?spid=73273809,dây chuyền vòng cổ nữ phối
72095605,Pin Đồng hồ đeo tay Maxell SR621SW 1.55V 364 vỉ 5 viên,53000.0,53000.0,0.0,5.0,119,,https://tiki.vnpin-dong-ho-deo-tay-maxell-sr621sw-1-55v-364-vi-5-vien-p72095605.html?spid=72095606,pin đồng hồ đeo tay
68081563,Nhẫn nam nhẫn nữ nhẫn cặp vonfram,59000.0,59000.0,0.0,5.0,2,,https://tiki.vnnhan-nam-nhan-nu-vonfram-1-chiec-p68081563.html?spid=196906114,nhẫn nam nhẫn nữ nhẫn
55468694,Bông tai nữ sang trọng,55300.0,79000.0,23700.0,4.5,6,,https://tiki.vnbong-tai-nu-sang-trong-p55468694.html?spid=55468695,tai nữ sang trọng
55383228, Vòng lắc tay chân bạc nữ hạt châu to phong cách Hàn Quốc tặng ảnh Vcone,69000.0,69000.0,0.0,4.6,7,,https://tiki.vnvong-lac-tay-chan-bac-nu-hat-chau-to-phong-cach-han-quoc-tang-anh-vcone-p55383228.html?spid=93828954,vòng lắc tay chân bạc
54856711,1 vỉ 10 viên pin đồng hồ đeo tay,13000.0,13000.0,0.0,4.5,22,,https://tiki.vn1-vi-10-vien-pin-dong-ho-deo-tay-p54856711.html?spid=65760710,vỉ
54846480,Vòng Tay Trầm Hương 108 Hạt (Nam) Từ Trầm Tốc Lào Tự Nhiên,159000.0,159000.0,0.0,5.0,2,,https://tiki.vnvong-tay-tram-huong-108-hat-nam-tu-tram-toc-lao-tu-nhien-p54846480.html?spid=77619547,vòng tay trầm hương hạt trầm tốc
51477227,Vòng tay nam cá tính,42000.0,60000.0,18000.0,4.3,3,,https://tiki.vnvong-tay-nam-ca-tinh-p51477227.html?spid=51477229,vòng tay nam cá tính
45063285,Vòng Tay Nữ Bọng Khóa Gài Mạ Vàng  24K ( 01 Vòng )  - MS  120.20.11,245000.0,245000.0,0.0,0.0,0,,https://tiki.vnvong-tay-nu-01-vong-bong-khoa-gai-ma-vang-24k-ms-120-20-11-p45063285.html?spid=75483288,vòng tay nữ bọng khóa
37156749,Bông Tai Nam Loại Kẹp Không Cần Bấm Lỗ Tai Hình Thánh Giá Chất Liệu Thép Titan Không Đen Không Dị Ứng TT 1370 - 1 cặp,38500.0,55000.0,16500.0,5.0,24,,https://tiki.vnbong-tai-nam-loai-kep-khong-can-bam-lo-tai-hinh-thanh-gia-chat-lieu-thep-titan-khong-den-khong-di-ung-tt-1370-1-cap-p37156749.html?spid=83431856,bông tai nam loại kẹp
23154961,SỢI DÂY TRÒN  NỮ ĐEO CỔ VỚI MẶT PHẬT CÁC LOẠI KHOEN CHẮC ĐẸP ,90000.0,90000.0,0.0,4.3,3,,https://tiki.vnsoi-day-tron-nu-deo-co-voi-mat-phat-cac-loai-khoen-chac-dep-p23154961.html?spid=32226237,sợi dây tròn nữ
278105246,Đồng Hồ Nam Phong Cách Doanh Nhân - Lịch Mặt Trời - Chạy Đủ 6 Kim - Hàng Chính Hãng,600000.0,600000.0,0.0,0.0,0,,https://tiki.vndong-ho-nam-phong-cach-dong-ho-deo-tay-day-silicon-cung-cap-chay-pin-p278105246.html?spid=278105247,đồng hồ nam phong cách doanh nhân lịch
277406353,"Vỉ 10 Viên Pin LR41 (AG3), LR44 (AG13), LR1130 (AG10) Hàng Cao Cấp Nhật Bản",40000.0,40000.0,0.0,0.0,0,,https://tiki.vnvi-10-vien-pin-lr41-ag3-lr44-ag13-lr1130-ag10-hang-cao-cap-nhat-ban-p277406353.html?spid=277406363,vỉ
275894043,Dây đeo Đồng hồ nam nữ Khóa bướm Chất liệu Thép không gỉ size 22mm Phù hợp cho Đồng hồ AMA H10 và các Đồng hồ khác có cùng Kích thước Hàng nhập khẩu,70000.0,70000.0,0.0,5.0,2,,https://tiki.vnday-deo-dong-ho-nam-nu-khoa-buom-chat-lieu-thep-khong-gi-size-22mm-phu-hop-cho-dong-ho-ama-h10-va-cac-dong-ho-khac-co-cung-kich-thuoc-hang-nhap-khau-p275894043.html?spid=275894045,dây đeo đồng hồ nam nữ
275009119,"Mặt dây chuyền Phật A di đà đá xanh 2.2 x 3.6cm ( size trung ) kèm vòng cổ dây dù xanh lá + móc inox, Phật bản mệnh",100000.0,100000.0,0.0,0.0,0,,https://tiki.vnmat-day-chuyen-phat-a-di-da-da-xanh-2-2-x-3-6cm-size-trung-kem-vong-co-day-du-xanh-la-moc-inox-phat-ban-menh-p275009119.html?spid=275009219,mặt dây chuyền phật a di đà
274635040,Dây đeo Xiaomi Watch 2/ Watch S3 (DGNT),99000.0,99000.0,0.0,0.0,0,,https://tiki.vnday-deo-xiaomi-watch-2-watch-s3-dgnt-p274635040.html?spid=275822827,dây đeo xiaomi watch
274634471,Dây Garmin Forerunner 165/ 165 Music (DC),139000.0,139000.0,0.0,0.0,0,,https://tiki.vnday-garmin-forerunner-165-165-music-dc-p274634471.html?spid=275822813,dây garmin forerunner 165
273303827,"Nhẫn Nam, Nữ, Chất liệu đá Thạch Anh Thật, đẹp xuất sắc",264470.0,499000.0,234530.0,5.0,1,,https://tiki.vnnhan-nam-nu-chat-lieu-da-thach-anh-that-dep-xuat-sac-p273303827.html?spid=273303894,nhẫn nam nữ chất liệu đá thạch
272123890,Dây đeo cho Huawei Watch 5/ 4/ 4 Pro/ 3/ 3 Pro/ GT6/ GT4/ GT5/ GT3/ GT3 Pro/ GT2/ Buds/ GT/ GT Runner/ GT2e (DC),139000.0,139000.0,0.0,5.0,1,,https://tiki.vnday-deo-huawei-watch-4-4-pro-3-3-pro-gt4-gt3-gt3-pro-gt2-buds-gt-gt-runner-gt2e-dc-p272123890.html?spid=272123934,dây đeo huawei watch
272123425,Dây đeo cho Amazfit GTR 4/ 3/ 3 Pro/ 2/ 2e/ Active/ GTS 4/ 3/ 2/ 2 mini/ 4 mini/ Bip 6/ Bip 5/ Bip 3/ Bip 3 Pro/ Bip U/ Redmi Watch 5 Active/ 5 Lite/ Cheetah/ Befit (DC),139000.0,139000.0,0.0,5.0,1,,https://tiki.vnday-deo-amazfit-gtr-4-3-3-pro-2-2e-gts-4-3-2-2-mini-4-mini-bip-5-3-3-pro-bip-u-cheetah-dc-p272123425.html?spid=272123439,dây đeo amazfit gtr
260939911,"Pin CR2032 Hàng Nhật Bản Cao Cấp, Pin Chìa Khoá Xe Máy, Ô tô, PC [Viên Rời",30000.0,30000.0,0.0,5.0,2,,https://tiki.vnpin-cr2032-hang-nhat-ban-cao-cap-pin-chia-khoa-xe-may-o-to-pc-vien-roi-p260939911.html?spid=260939913,pin cr2032 hàng nhật bản
253098741,"Dây đeo cho Miband 8/ Miband 9/ Miband 10 - Dây thép, khóa nam châm (DTMB8)",149000.0,149000.0,0.0,4.8,5,,https://tiki.vnday-deo-cho-miband-8-day-thep-khoa-nam-cham-dtmb8-p253098741.html?spid=253098743,dây đeo miband miband
249307634,Đồng Hồ Thể Thao Cao Cấp MR 8222 Chính Hãng KHÔNG VÔ NƯỚC Đồng Hồ Điện Tử Dành Cho Bé Trai Bé Gái,159000.0,159000.0,0.0,0.0,0,,https://tiki.vndong-ho-the-thao-cao-cap-mr-8222-chinh-hang-khong-vo-nuoc-dong-ho-dien-tu-danh-cho-be-trai-be-gai-p249307634.html?spid=249307644,đồng hồ thể thao cao cấp mr
239711504,Dây Đeo Cao Su Thay Thế Cho Xiaomi Miband 7 Pro,50000.0,50000.0,0.0,5.0,3,,https://tiki.vnday-deo-cao-su-thay-the-cho-xiaomi-miband-7-pro-p239711504.html?spid=239711596,dây đeo cao su thay thế
229696838,Dây và Ốp TPU bảo vệ cho đồng hồ Xiaomi Miband 7 Pro,68000.0,68000.0,0.0,4.5,6,,https://tiki.vnday-va-op-tpu-bao-ve-cho-dong-ho-xiaomi-miband-7-pro-p229696838.html?spid=229696846,dây ốp tpu bảo vệ đồng hồ
216450935,Pin Renata SR621SW 364 Thuỵ Sĩ Viên Rời Cho Đồng Hồ Đeo Tay,30000.0,30000.0,0.0,5.0,3,,https://tiki.vnpin-renata-sr621sw-364-thuy-si-vien-roi-cho-dong-ho-deo-tay-p216450935.html?spid=216450937,pin renata sr621sw 364
206127045,Đồng hồ nam chống nước DIZIZID chính hãng - Dây thép đúc đặc - Chạy full 6 kim và lịch ngày - Tặng kèm pin dự phòng DZT88,699000.0,1398000.0,699000.0,0.0,0,,https://tiki.vndong-ho-nam-chong-nuoc-dizizid-chinh-hang-day-thep-duc-dac-chay-full-6-kim-va-lich-ngay-tang-kem-pin-du-phong-dzt88-p206127045.html?spid=207997535,đồng hồ nam chống nước
205702135,Dây đeo cho Apple Watch 11/ 10/ 9/ 8/ 7/ 6/ 5/ 4/ 3/ SE/ Ultra/ Ultra 2/ ultra 3 (DAWB),150000.0,150000.0,0.0,5.0,4,,https://tiki.vnday-deo-apple-watch-8-7-6-5-4-3-se-ultra-dawb-p205702135.html?spid=205702229,dây đeo apple watch
203506621,HỘP XOAY ĐỒNG HỒ CƠ TỦ ĐỨNG Mẫu tủ đứng xoay 1 đồng hồ cao cấp,969000.0,969000.0,0.0,0.0,0,,https://tiki.vnhop-xoay-dong-ho-co-tu-dung-mau-tu-dung-xoay-1-dong-ho-cao-cap-p203506621.html?spid=203506622,hộp xoay đồng hồ cơ tủ
196207561,Miband 7 - Dây đeo kim loại thép lưới Xiaomi Mi band 7,99000.0,99000.0,0.0,0.0,0,,https://tiki.vnmiband-7-day-deo-kim-loai-thep-luoi-xiaomi-mi-band-7-p196207561.html?spid=196207591,miband dây đeo kim loại
192986084,Pin CR1620 Maxell 3V Hàng Chính Hãng Made in Japan 1 Viên,24000.0,24000.0,0.0,5.0,5,,https://tiki.vnpin-cr1620-maxell-3v-hang-chinh-hang-made-in-japan-1-vien-p192986084.html?spid=192986097,pin cr1620 maxell
184417199,Đồng Hồ Nam OLEVS-2858 Mặt Tròn Mạ Vàng 18k Chống Nước Chạy Đủ 6 Kim Có Ô Lịch Ngày Khóa Bướm Có Hộp In Logo Chính Hãng,1500000.0,1500000.0,0.0,4.5,16,,https://tiki.vndong-ho-nam-olevs-2858-mat-tron-ma-vang-18k-chong-nuoc-chay-du-6-kim-co-o-lich-ngay-khoa-buom-co-hop-in-logo-chinh-hang-p184417199.html?spid=184417205,đồng hồ nam olevs 2858
176073859,Dây silicon ngàm cong dành cho đồng hồ Samsung Galaxy Watch 4 40mm & Watch 4 44 mm,80000.0,80000.0,0.0,4.7,17,,https://tiki.vnday-silicon-ngam-cong-danh-cho-dong-ho-samsung-galaxy-watch-4-40mm-watch-4-44-mm-p176073859.html?spid=176073872,dây silicon ngàm cong
176072237,Dây da đồng hồ dành cho Samsung galaxy watch 3 41 / 45mm,200000.0,200000.0,0.0,4.2,5,,https://tiki.vnday-da-dong-ho-danh-cho-samsung-galaxy-watch-3-41-45mm-p176072237.html?spid=176072255,dây da đồng hồ dành
82412853,Dây Da Đồng Hồ Size 18mm 20mm 22mm Da Bò thật,110000.0,110000.0,0.0,4.8,27,,https://tiki.vnday-da-dong-ho-size-18mm-20mm-22mm-da-bo-that-p82412853.html?spid=82412997,dây da đồng hồ size
82412738,Dây Lưới Đồng Hồ Size 22mm 20mm 18mm 16mm 14mm 12mm,130000.0,130000.0,0.0,4.8,13,,https://tiki.vnday-luoi-dong-ho-size-22mm-20mm-18mm-16mm-14mm-12mm-p82412738.html?spid=82412967,dây lưới đồng hồ size
74234330,Đồng Hồ Nam OLEVS-2871 Phong Cách Doanh Nhân - Lịch Trăng Sao - Chạy Đủ 6 Kim - Hàng Chính Hãng,790000.0,790000.0,0.0,4.6,136,,https://tiki.vndong-ho-nam-olevs-2871-phong-cach-doanh-nhan-lich-trang-sao-chay-du-6-kim-hang-chinh-hang-p74234330.html?spid=74234334,đồng hồ nam olevs 2871 phong cách
72095740,Pin Đồng hồ đeo tay Maxell SR920SW 1.55V 371 vỉ 5 viên,85000.0,85000.0,0.0,5.0,70,,https://tiki.vnpin-dong-ho-deo-tay-maxell-sr920sw-1-55v-371-vi-5-vien-p72095740.html?spid=72095741,pin đồng hồ đeo tay
68234937,Dây Da Đồng hồ Cá sấu Xuất Khẩu [Tặng kèm Hộp gỗ và Dụng cụ,150000.0,150000.0,0.0,4.5,23,,https://tiki.vnday-da-dong-ho-ca-sau-xuat-khau-tang-kem-hop-go-va-dung-cu-p68234937.html?spid=68234949,dây da đồng hồ cá sấu
67173628,Pin Đồng hồ đeo tay Maxell SR626SW 1.55V 377,55000.0,55000.0,0.0,0.0,0,,https://tiki.vnpin-dong-ho-deo-tay-maxell-sr626sw-1-55v-377-p67173628.html?spid=158604774,pin đồng hồ đeo tay
53537146,Vòng Tay Trầm Hương 108 Hạt 100% Trầm Tốc Lào XMOC,200000.0,200000.0,0.0,2.3,3,,https://tiki.vnvong-tay-tram-huong-108-hat-100-tram-toc-lao-xmoc-p53537146.html?spid=82372631,vòng tay trầm hương hạt trầm tốc
52061924,Vòng tay may măn vòng tay cặp nam nữ,56000.0,80000.0,24000.0,4.5,15,,https://tiki.vnvong-tay-may-man-vong-tay-cap-nam-nu-p52061924.html?spid=52061926,vòng tay may măn vòng tay
51852914,Vòng cổ gốm Vintage hoa 3D thời trang VGOM35,45000.0,45000.0,0.0,5.0,3,,https://tiki.vnvong-co-gom-vintage-hoa-3d-thoi-trang-vgom35-p51852914.html?spid=51852918,vòng cổ gốm vintage
51852604,Vòng tay gốm thời trang 3D vintage hoa cát tường VGOM38,39000.0,39000.0,0.0,3.0,2,,https://tiki.vnvong-tay-gom-thoi-trang-3d-vintage-hoa-cat-tuong-vgom38-p51852604.html?spid=51852605,vòng tay gốm thời trang d
41563695,Bông Tai Nam Hình Tròn Chất Liệu Thép Titan Không Rỉ TT 0956 - 1 Cặp,27300.0,39000.0,11700.0,4.5,74,,https://tiki.vnbong-tai-nam-hinh-tron-chat-lieu-thep-titan-khong-ri-tt-0956-1-cap-p41563695.html?spid=49695908,tai nam hình tròn chất liệu
23287268,	 2 CUỘN THUN CO GIÃN MÀU XANH DƯƠNG VÀ ĐEN HOẶC NÂU ĐEN XỎ CHUYÊN XỎ VÒNG TAY BẰNG ĐÁ NAM NỮ,46000.0,46000.0,0.0,4.7,3,,https://tiki.vn2-cuon-thun-co-gian-mau-xanh-duong-va-den-hoac-nau-den-xo-chuyen-xo-vong-tay-bang-da-nam-nu-p23287268.html?spid=49184481,
10588582,Bông tai nụ ngọc trai chonmua365,20300.0,29000.0,8700.0,4.5,41,,https://tiki.vnbong-tai-nu-ngoc-trai-phong-cach-han-quoc-p10588582.html?spid=44396557,tai ngọc trai
7796951,Dây đồng hồ thép không gỉ dây mesh cao cấp YE-008,130000.0,130000.0,0.0,4.7,225,,https://tiki.vnday-dong-ho-thep-khong-gi-day-mesh-cao-cap-ye-008-p7796951.html?spid=56089915,dây đồng hồ thép gỉ
279069689,Đồng hồ đeo tay Omega B501 Máy PiN hàng chính hãng,310000.0,310000.0,0.0,0.0,0,,https://tiki.vndong-ho-deo-tay-omega-b501-may-pin-hang-chinh-hang-p279069689.html?spid=279069690,đồng hồ đeo tay omega
278634283,Đồng hồ đeo tay Casio nam MRW-230H-1E2VDF,1249680.0,1524000.0,274320.0,0.0,0,,https://tiki.vndong-ho-deo-tay-casio-nam-mrw-230h-1e2vdf-p278634283.html?spid=278634284,đồng hồ đeo tay casio
278565031,Nhẫn Nam Nữ Cao Cấp Titan Đính Đá Lấp Lánh Thời Trang Thép Không Gỉ  trangsucpt - Nhẫn Dring PTNNA29 - M3 LƯỚI TRẮNG,107000.0,107000.0,0.0,0.0,0,,https://tiki.vnnhan-nam-nu-cao-cap-titan-dinh-da-lap-lanh-thoi-trang-thep-khong-gi-trangsucpt-nhan-dring-ptnna29-p278565031.html?spid=278565075,nhẫn nam nữ cao cấp titan
278430971,"Máy nước nóng trực tiếp có cài đặt nhiệt độ, làm nóng tức thì, hàng thái lan siêu bền(TẶNG ÁT CHỐNG GIẬT)",1239000.0,1239000.0,0.0,0.0,0,,https://tiki.vnmay-nuoc-nong-truc-tiep-co-cai-dat-nhiet-do-lam-nong-tuc-thi-hang-thai-lan-sieu-ben-tang-at-chong-giat-p278430971.html?spid=278430972,máy nước nóng trực tiếp
275308088,Dây cho Huawei Watch Fit 3/ Fit 4/ Fit 4 Pro - Chất Silicone (DFIT3),125000.0,125000.0,0.0,0.0,0,,https://tiki.vnday-huawei-watch-fit-3-chat-silicone-dfit3-p275308088.html?spid=275823625,dây huawei watch fit
274171040,Khay xoay 3 đồng hồ ,550000.0,550000.0,0.0,0.0,0,,https://tiki.vnkhay-xoay-3-dong-ho-p274171040.html?spid=274171041,khay xoay đồng hồ
273682725,[BH 2 Năm Động Cơ] Hộp Đựng Đồng Hồ Cơ 4 Xoay Và 6 Trưng Bày Da,1350000.0,1350000.0,0.0,0.0,0,,https://tiki.vnhop-dung-dong-ho-co-4-xoay-va-6-trung-bay-da-p273682725.html?spid=273682729,hộp đựng đồng hồ cơ
270751693,"Cuộn Dây Thun CO GIÃN màu Đen xỏ vòng hạt chuỗi Dây này là dây thun chuyên xỏ vòng chuỗi màu Đen, có đủ màu Anh Chị đang đeo chuỗi muốn thay dây khác cho vòng thì đặt cuộn Thun chỉ này nhé",45000.0,90000.0,45000.0,5.0,3,,https://tiki.vncuon-day-thun-co-gian-mau-den-xo-vong-hat-chuoi-day-nay-la-day-thun-chuyen-xo-vong-chuoi-mau-den-co-du-mau-anh-chi-dang-deo-chuoi-muon-thay-day-khac-cho-vong-thi-dat-cuon-thun-chi-nay-nhe-p270751693.html?spid=270751694,cuộn dây thun co giãn màu
249307527,Đồng Hồ Trẻ Em Cao Cấp Chính Hãng MR 8217 Chính Hãng Không Vô Nước Đồng Hồ Điện Tử Thể Thao Cho Bé Trai Bé Gái,159000.0,159000.0,0.0,0.0,0,,https://tiki.vndong-ho-tre-em-cao-cap-chinh-hang-mr-8217-chinh-hang-khong-vo-nuoc-dong-ho-dien-tu-the-thao-cho-be-trai-be-gai-p249307527.html?spid=249307533,đồng hồ trẻ em cao cấp hãng
249307008,Đồng Hồ Thể Thao Cao Cấp MINGRUI 8560 Chính Hãng KHÔNG VÔ NƯỚC Dành Cho Bé Trai Bé Gái,159000.0,159000.0,0.0,0.0,0,,https://tiki.vndong-ho-the-thao-cao-cap-mingrui-8560-chinh-hang-khong-vo-nuoc-danh-cho-be-trai-be-gai-p249307008.html?spid=249307014,đồng hồ thể thao cao cấp mingrui
249288616,Đồng Hồ Thể Thao Cao Cấp MR 8215 Chính Hãng KHÔNG VÔ NƯỚC Đồng Hồ Điện Tử Dành Cho Bé Trai Bé Gái,159000.0,159000.0,0.0,4.5,2,,https://tiki.vndong-ho-the-thao-cao-cap-mr-8215-chinh-hang-khong-vo-nuoc-dong-ho-dien-tu-danh-cho-be-trai-be-gai-p249288616.html?spid=249288626,đồng hồ thể thao cao cấp mr
248799865,Đồng hồ trẻ em thể thao Chính Hãng MR 8206 - KHÔNG VÔ NƯỚC (Kèm video),159000.0,159000.0,0.0,0.0,0,,https://tiki.vndong-ho-tre-em-the-thao-chinh-hang-mr-8206-khong-vo-nuoc-kem-video-p248799865.html?spid=248799871,đồng hồ trẻ em thể thao hãng
243091216,Dây đeo dành cho Huawei Watch GT6/ GT5/ GT4/ GT3/ GT5 Pro/ GT3 Pro/ 5/ 4/ 4 Pro/ 3/ 3 Pro/ GT2/ GT Runner/ Oppo Watch X2 mini - Chất Nylon (DN),109000.0,109000.0,0.0,5.0,1,,https://tiki.vnday-deo-huawei-watch-gt3-gt3-pro-3-3-pro-gt2-gt-runner-chat-nylon-dn-p243091216.html?spid=278408845,dây đeo dành huawei
201282410,Vỉ 5 Viên Pin Đồng Hồ SR626SW / 377 Maxell Nhật Bản 1.55V Cho Đồng Hồ Đeo Tay,55000.0,55000.0,0.0,5.0,5,,https://tiki.vnvi-5-vien-pin-dong-ho-sr626sw-377-maxell-nhat-ban-1-55v-cho-dong-ho-deo-tay-p201282410.html?spid=205509981,vỉ
193777383,Dây Da Đồng Hồ ZRC Pháp Dòng BOSTON Da Bò Đen Vân Sần,323000.0,380000.0,57000.0,0.0,0,,https://tiki.vnday-da-dong-ho-zrc-phap-dong-boston-da-bo-den-van-san-p193777383.html?spid=193777385,dây da đồng hồ zrc pháp
183037703,Dây Đeo Đồng Hồ Size Nữ 12mm 14mm 16mm 18mm Da Bò Mềm,120000.0,120000.0,0.0,5.0,1,,https://tiki.vnday-deo-dong-ho-size-nu-12mm-14mm-16mm-18mm-da-bo-mem-p183037703.html?spid=183037731,dây đeo đồng hồ size
176072794,Dây thể thao silicon thời trang dành cho các loại smartwatch có dây 20/22mm,80000.0,80000.0,0.0,5.0,1,,https://tiki.vnday-the-thao-silicon-thoi-trang-danh-cho-cac-loai-smartwatch-co-day-20-22mm-p176072794.html?spid=176072812,dây thể thao silicon thời trang
146845655,Hộp đồng hồ xoay . Hộp đựng đồng hồ cơ quay tự động bọc da PU cao cấp,450000.0,450000.0,0.0,4.5,20,,https://tiki.vnhop-dong-ho-xoay-hop-dung-dong-ho-co-quay-tu-dong-boc-da-pu-cao-cap-p146845655.html?spid=252390093,hộp đồng hồ xoay hộp
138800863,Dây đeo Samsung Watch 46mm (DSK-2),120000.0,120000.0,0.0,5.0,1,,https://tiki.vnday-deo-samsung-watch-46mm-p138800863.html?spid=138800869,dây đeo samsung watch
107803074,"Vòng Tay Hoa Sen Trầm Hương kết dây chỉ đỏ may mắn, bình an",150000.0,150000.0,0.0,0.0,0,,https://tiki.vnvong-tay-hoa-sen-tram-huong-ket-day-chi-do-may-man-binh-an-p107803074.html?spid=278093274,vòng tay hoa sen trầm hương
106966720,"Dây Da Đồng Hồ Cổ Điển, Chất Liệu Da Bò Thật 100%, Mặt Lót Chống Thấm Mồ Hôi, Khóa Bằng Thép Không Gỉ 316L, Nhiều Màu, Nhiều Size - Hàng Chính Hãng SAIGIO",1200000.0,1200000.0,0.0,4.8,15,,https://tiki.vnday-dong-ho-da-bo-that-100-kieu-co-dien-cao-cap-sang-trong-mat-lot-chong-tham-mo-hoi-tich-hop-lop-gia-co-chong-gian-dac-biet-phu-kien-khoa-va-chot-bang-thep-khong-gi-316l-nhieu-mau-nhieu-size-hang-chinh-hang-saigio-p106966720.html?spid=106966736,dây da đồng hồ cổ điển
106393684,(TẶNG CHỐT VÀ DỤNG CỤ THAY DÂY) Dây Đồng hồ Kim Loại Đúc Đầu cong đầu ôm,150000.0,150000.0,0.0,5.0,1,,https://tiki.vntang-chot-va-dung-cu-thay-day-day-dong-ho-kim-loai-duc-dau-cong-dau-om-p106393684.html?spid=106393739,dây đồng hồ kim loại đúc
106393132,GHẾ ĐẾ GIỮ SỬA CHỮA ĐỒNG HỒ,29000.0,29000.0,0.0,4.0,1,,https://tiki.vnghe-de-giu-sua-chua-dong-ho-p106393132.html?spid=106393151,ghế đế giữ sửa chữa
106392171,Bộ dụng cụ tháo nhổ lắp kim đồng hồ chuyên nghiệp,160000.0,160000.0,0.0,5.0,3,,https://tiki.vnbo-dung-cu-thao-nho-lap-kim-dong-ho-chuyen-nghiep-p106392171.html?spid=106392188,dụng cụ tháo nhổ lắp
105219280,Bông tai đá tròn,45500.0,65000.0,19500.0,4.5,17,,https://tiki.vnbong-tai-da-tron-p105219280.html?spid=105219284,tai đá tròn
95289197,Đồng Hồ Nữ Casio LTP-2088D-1A2V Dây Kim Loại - Chống Nước Tốt,2127200.0,2659000.0,531800.0,0.0,0,,https://tiki.vndong-ho-nu-casio-ltp-2088d-1a2v-day-kim-loai-chong-nuoc-tot-p95289197.html?spid=95289198,đồng hồ nữ casio ltp
84842838,Cuộn Bọc Chống Xước Đồng Hồ - Trang Sức Loại Ngắn - Kích Thước Cao 5cm Và Dài 50m,102000.0,120000.0,18000.0,0.0,0,,https://tiki.vncuon-boc-chong-xuoc-dong-ho-trang-suc-loai-ngan-kich-thuoc-cao-5cm-va-dai-50m-p84842838.html?spid=84842839,cuộn bọc chống xước
69459352,Hoa Tai Nữ Bạc Hiểu Minh HT182 bạc ý,626250.0,626250.0,0.0,0.0,0,,https://tiki.vnhoa-tai-nu-bac-hieu-minh-ht182-bac-y-p69459352.html?spid=69459353,hoa tai nữ bạc hiểu
48179077,Đồng Hồ Nam SRwatch SG1071.1202TE - Sapphire - 40mm - Quartz (Pin) - Dây kim loại,1850000.0,1850000.0,0.0,4.0,2,,https://tiki.vndong-ho-srwatch-nam-sg1071-1202te-40-mm-quartz-pin-day-kim-loai-p48179077.html?spid=48179080,đồng hồ nam srwatch sg1071
48174019,Đồng Hồ SRWATCH Nam SG1071.1201TE - 40 mm - Quartz (Pin) - Dây kim loại,2000000.0,2000000.0,0.0,0.0,0,,https://tiki.vndong-ho-srwatch-nam-sg1071-1201te-40-mm-quartz-pin-day-kim-loai-p48174019.html?spid=48174020,đồng hồ srwatch nam sg1071
48174003,Đồng Hồ Nam SRwatch SG1071.1101TE - Sapphire - 40mm - Quartz (Pin) - Dây kim loại,1400000.0,1400000.0,0.0,4.0,1,,https://tiki.vndong-ho-srwatch-nam-sg1071-1101te-40-mm-quartz-pin-day-kim-loai-p48174003.html?spid=48174004,đồng hồ nam srwatch sg1071
46301639,Nhẫn Nam Chữ Tài Mạ Vàng 18k - Tặng Kèm Hộp Trang Sức,49820.0,94000.0,44180.0,5.0,3,,https://tiki.vnnhan-nam-chu-tai-ma-vang-18k-tang-kem-hop-trang-suc-p46301639.html?spid=197829649,nhẫn nam chữ tài mạ
31710376, Mặt dây chuyền Phật Bà Quan Thế Âm Ruby tự nhiên kiểm định,3090000.0,3090000.0,0.0,0.0,0,,https://tiki.vnmat-day-chuyen-phat-ba-quan-the-am-ruby-tu-nhien-kiem-dinh-p31710376.html?spid=31710382,mặt dây chuyền phật quan thế
11592633,Đồng Hồ Nữ Dây Thép Julius JA-878 JU1084 (2.3cm),1255000.0,1255000.0,0.0,0.0,0,,https://tiki.vndong-ho-nu-day-thep-julius-ja-878-ju1084-2-3cm-p11592633.html?spid=17356338,đồng hồ nữ dây thép julius
5046203,Đồng Hồ Nam Dây Nhựa Casio STANDARD AE-1200WH-1BV,1115200.0,1360000.0,244800.0,0.0,0,,https://tiki.vndong-ho-nam-day-nhua-casio-standard-ae-1200wh-1bv-p5046203.html?spid=102001986,đồng hồ nam dây nhựa
4898457,Đồng Hồ Nữ Dây Nhựa Casio LRW-200H-3CVDF - Trắng Xanh,832300.0,1015000.0,182700.0,5.0,1,,https://tiki.vndong-ho-nu-day-nhua-casio-lrw-200h-3cvdf-trang-xanh-p4898457.html?spid=45338366,đồng hồ nữ dây nhựa
3965991,Đồng Hồ Casio Nữ Dây Thép LA670WEM-7DF,1718000.0,1718000.0,0.0,4.0,1,,https://tiki.vndong-ho-casio-nu-day-thep-la670wem-7df-p3965991.html?spid=96596480,đồng hồ casio nữ dây thép
279069651,Đồng hồ đeo tay Omega B511  Máy PiN hàng chính hãng,380000.0,380000.0,0.0,0.0,0,,https://tiki.vndong-ho-deo-tay-omega-b511-may-pin-hang-chinh-hang-p279069651.html?spid=279069652,đồng hồ đeo tay omega
278563574,Nhẫn Nam Nữ Cao Cấp Titan Đính Đá Lấp Lánh Thời Trang Thép Không Gỉ trangsucpt - Nhẫn Dring PTNNA29,107000.0,107000.0,0.0,0.0,0,,https://tiki.vnnhan-nam-nu-cao-cap-titan-dinh-da-lap-lanh-thoi-trang-thep-khong-gi-trangsucpt-nhan-dring-ptnna29-p278563574.html?spid=278572186,nhẫn nam nữ cao cấp titan
278401631,Dây nylon cho Huawei Watch Fit 4/ Fit 4 Pro/ Fit 3 (DNFIT4),149000.0,149000.0,0.0,0.0,0,,https://tiki.vnday-nylon-cho-huawei-watch-fit-4-fit-4-pro-fit-3-dnfit4-p278401631.html?spid=278813628,dây nylon huawei watch
278380673,Máy xay thịt đa năng bằng tay cỡ đại bằng Nhôm cao cấp siêu bền,333900.0,333900.0,0.0,0.0,0,,https://tiki.vnmay-xay-thit-da-nang-bang-tay-co-dai-bang-nhom-cao-cap-sieu-ben-p278380673.html?spid=278380675,máy xay thịt đa năng
277426795,Lắc Tay Bạc Nữ Kiểu Xoắn Kép Mix Charm Xinh BẠC HIỂU MINH LTU653,1438750.0,1438750.0,0.0,0.0,0,,https://tiki.vnlac-tay-bac-nu-kieu-xoan-kep-mix-charm-xinh-bac-hieu-minh-ltu653-p277426795.html?spid=277426797,lắc tay bạc nữ
274598199,Dây Samsung Galaxy Fit 3 - chất silicone (DSFIT3),120000.0,120000.0,0.0,5.0,1,,https://tiki.vnday-samsung-galaxy-fit-3-chat-silicone-dsfit3-p274598199.html?spid=275822799,dây samsung galaxy fit
274402284,Đồng hồ điện tử nam Casio WS-1700H-5AVDF dây nhựa,1221800.0,1490000.0,268200.0,0.0,0,,https://tiki.vndong-ho-dien-tu-nam-casio-ws-1700h-5avdf-day-nhua-p274402284.html?spid=274402285,đồng hồ điện tử nam casio
253241515,Dây Đeo SILICON khoá đen dành Cho Samsung Watch 3 45mm,90000.0,90000.0,0.0,5.0,1,,https://tiki.vnday-deo-silicon-khoa-den-danh-cho-samsung-watch-3-45mm-p253241515.html?spid=253241528,dây đeo silicon khóa
253182937,Dây đồng hồ Da Cá Sấu Đen Size 12/13/14/15/16/17/18/19/20/21/22/23/24/25/26mm - Dây Đeo Da Cá Sấu Thật 100% - Bảo Hành 12 Tháng,690000.0,690000.0,0.0,0.0,0,,https://tiki.vnday-dong-ho-da-ca-sau-den-size-12-13-14-15-16-17-18-20-21-22-23-24-25-26mm-day-deo-da-ca-sau-that-100-bao-hanh-12-thang-p253182937.html?spid=253183035,dây đồng hồ da cá sấu
221267660,Đồng Hồ Thông Minh AMA Q19 có Camera Kép Xoay 360 Chống thấm nước Chuẩn IP 67 Hàng nhập khẩu,551000.0,551000.0,0.0,4.7,39,,https://tiki.vndong-ho-thong-minh-ama-q19-camera-kep-xoay-360-chong-tham-nuoc-chuan-ip-67-hang-chinh-hang-p221267660.html?spid=229747928,đồng hồ thông minh ama q19
206123811,Đồng hồ cơ nam tự động DIZIZID Automatic chính hãng - Dây da cao cấp - Chống nước tốt - Thiết kế dải ngân hà dạ quang chuyển động độc đáo DZCTD99,1390000.0,2780000.0,1390000.0,4.0,3,,https://tiki.vndong-ho-co-nam-tu-dong-dizizid-automatic-chinh-hang-day-da-cao-cap-chong-nuoc-tot-thiet-ke-dai-ngan-ha-da-quang-chuyen-dong-doc-dao-dzctd99-p206123811.html?spid=207998348,đồng hồ cơ nam tự động dizizid
202525810,Đồng Hồ Casio MQ-24UC-2BDF Dây Nhựa Chính Hãng,591360.0,704000.0,112640.0,0.0,0,,https://tiki.vndong-ho-casio-mq-24uc-2bdf-day-nhua-chinh-hang-p202525810.html?spid=202525811,đồng hồ casio mq uc bdf
201081908,"Đồng hồ thông minh trẻ em KT18 WONLEX , 4G Android , gọi video , định vi GPS , WIFI",1295000.0,1295000.0,0.0,4.3,3,,https://tiki.vndong-ho-tre-em-kt18-wonlex-goi-video-dinh-vi-gps-p201081908.html?spid=201081912,đồng hồ thông minh trẻ em kt18
199011567,Dây đồng hồ da bò nhiều size màu cam HJ8106-20-34,74500.0,149000.0,74500.0,0.0,0,,https://tiki.vnday-dong-ho-da-bo-nhieu-size-mau-cam-hj8106-20-34-p199011567.html?spid=199011577,dây đồng hồ da bò nhiều
188482223,Dây silicon dành cho các loại Đồng hồ size 22mm,165000.0,165000.0,0.0,4.8,4,,https://tiki.vnday-silicon-danh-cho-cac-loai-dong-ho-size-22mm-p188482223.html?spid=188482297,dây silicon dành
176545152,Đồng Hồ Nam Dây Da Casio Standard Anh Khuê MTP-1375L-7AVDF,1940000.0,2452000.0,512000.0,0.0,0,,https://tiki.vndong-ho-nam-day-da-casio-standard-anh-khue-mtp-1375l-7avdf-p176545152.html?spid=176545153,đồng hồ nam dây da
174256016,(Có sẵn)(Tặng Hộp+Pin) Đồng Hồ Nữ Doukou Ulzzang Mặt Vuông Nhỏ Dây Da Nhiều Màu Cao Cấp Đẹp Rẻ Ring House,125000.0,125000.0,0.0,5.0,1,,https://tiki.vnco-san-tang-hop-pin-dong-ho-nu-doukou-ulzzang-mat-vuong-nho-day-da-nhieu-mau-cao-cap-dep-re-ring-house-p174256016.html?spid=174256029,đồng hồ nữ doukou ulzzang
150172424,Dây đeo Samsung Watch 3/ Active 2 40/ 44mm/ Watch 46mm (DG),180000.0,180000.0,0.0,5.0,1,,https://tiki.vnday-deo-samsung-watch-3-active-2-40-44mm-watch-46mm-dg-p150172424.html?spid=150172426,dây đeo samsung watch
150150734,Dây đeo cho Garmin Forerunner 570/ 165/ 55/ 245/ 255/ 645/ Venu 2/ SQ 2/ SQ/ Vivoactive 5/ 4/ 3 (DG),180000.0,180000.0,0.0,4.3,17,,https://tiki.vnday-deo-garmin-forerunner-55-945-245-venu-2-fenix-6-dg-p150150734.html?spid=150150762,dây đeo garmin forerunner
149507598,Dây đeo cho Xiaomi Mi Watch/ S2 Pro/ S1/ S1 Active/ Haylou Solar LS05/ RT LS05S/ RT2 LS10 (DGT),115000.0,115000.0,0.0,5.0,1,,https://tiki.vnday-deo-xiaomi-mi-watch-haylou-solar-ls05-rt-ls05s-dgt-p149507598.html?spid=149507622,dây đeo xiaomi watch
130969514,Vòng Tay May Mắn Đá Mã Não Đỏ Đậm Đẹp  size 10mm 18 Hạt  Nữ mạng Hỏa mạng Thổ ạ Màu Đỏ là màu Chiến Thắng ạ,123160.0,139000.0,15840.0,0.0,0,,https://tiki.vnvong-tay-may-man-da-ma-nao-do-dam-dep-size-10mm-18-hat-nu-mang-hoa-mang-tho-a-mau-do-la-mau-chien-thang-a-p130969514.html?spid=276599726,vòng tay may mắn đá mã não
116480731,Khuyên tai nam đơn giản,46000.0,46000.0,0.0,0.0,0,,https://tiki.vnkhuyen-tai-nam-don-gian-p116480731.html?spid=116480753,khuyên tai nam đơn giản
116308981,Khuyên tai nam,40000.0,40000.0,0.0,0.0,0,,https://tiki.vnkhuyen-tai-nam-p116308981.html?spid=116308995,khuyên tai nam
116245693,Khuyên tai nam nữ titan thép không gỉ unisex tuỳ chọn mẫu,40000.0,40000.0,0.0,5.0,2,,https://tiki.vnkhuyen-tai-nam-nu-titan-thep-khong-gi-unisex-tuy-chon-mau-p116245693.html?spid=116245709,khuyên tai nam nữ titan
106391055,Máy treo tường Đồng hồ Nhật,135000.0,135000.0,0.0,4.5,4,,https://tiki.vnmay-treo-tuong-dong-ho-nhat-p106391055.html?spid=106391084,máy treo tường đồng hồ
106390567,Gói gioăng đáy đồng hồ dùng trong sửa chữa đồng hồ,20000.0,20000.0,0.0,5.0,3,,https://tiki.vngoi-gioang-day-dong-ho-dung-trong-sua-chua-dong-ho-p106390567.html?spid=106390596,gói gioăng đáy đồng hồ
97903859,Hộp Đựng Đồng Hồ Cơ 4 Xoay Và 6 Trưng Bày Da Cao Cấp,1290000.0,1290000.0,0.0,4.6,20,,https://tiki.vnhop-dung-dong-ho-co-4-xoay-va-6-trung-bay-da-cao-cap-p97903859.html?spid=97903865,hộp đựng đồng hồ cơ
73753409,Bông tai hoa cúc,52500.0,75000.0,22500.0,5.0,2,,https://tiki.vnbong-tai-hoa-cuc-p73753409.html?spid=73815565,tai
69568653,Vòng Tay Lắc Tay Nam Bạc Ta Mắt Xích Size L Nam Tính BẠC HIỂU MINH LTN001,4527500.0,4527500.0,0.0,0.0,0,,https://tiki.vnlac-tay-nam-bac-hieu-minh-ltn001-1-cay-1-p69568653.html?spid=69568654,vòng tay lắc tay nam bạc
59400987,Vòng cổ dây chuyền tim tim,92000.0,92000.0,0.0,0.0,0,,https://tiki.vnvong-co-day-chuyen-tim-tim-p59400987.html?spid=59400988,vòng cổ dây chuyền tim
36394298,"KHUYÊN TRÒN TRƠN, loại DÀY chuẩn, titan không gỉ, unisex, bông tai nam",24500.0,35000.0,10500.0,4.6,14,,https://tiki.vnkhuyen-tron-tron-loai-day-chuan-titan-khong-gi-unisex-bong-tai-nam-p36394298.html?spid=77769638,khuyên tròn trơn loại
23414383,VÒNG TỲ HƯU HÚT TÀI LỘC 14LY ĐÁ MẮT HỔ  MÀU XANH,775200.0,1360000.0,584800.0,0.0,0,,https://tiki.vnvong-ty-huu-hut-tai-loc-14ly-da-mat-ho-mau-xanh-den-da-thien-nhien-nam-menh-thuy-moc-cung-sanh-p23414383.html?spid=23414384,vòng tỳ hưu hút tài lộc
22372058,Đồng Hồ Nam Dây Nhựa Casio MW-240-7EVDF,560280.0,667000.0,106720.0,0.0,0,,https://tiki.vndong-ho-nam-day-nhua-casio-mw-240-7evdf-p22372058.html?spid=45338950,đồng hồ nam dây nhựa
21370995,VÒNG ĐIỀU HÒA HUYẾT ÁP NHẬT BẢN - ND35,188150.0,355000.0,166850.0,3.0,2,,https://tiki.vnvong-dieu-hoa-huyet-ap-nhat-ban-nd35-p21370995.html?spid=127551158,vòng điều hòa huyết áp
15572496,Vòng tay chuỗi hạt - đá mã não nâu sọc 10 ly VMANSHVT1 - vòng đeo tay phong thủy,196900.0,196900.0,0.0,0.0,0,,https://tiki.vnvong-tay-chuoi-hat-da-ma-nao-nau-soc-10-ly-vmanshvt1-vong-deo-tay-phong-thuy-p15572496.html?spid=15572497,vòng tay chuỗi hạt đá
15467874,Vòng tay phong thủy đá mắt hổ vàng nâu cho người mệnh Kim Thổ VT48,123160.0,139000.0,15840.0,2.3,3,,https://tiki.vnvong-tay-phong-thuy-da-mat-ho-vang-nau-cho-nguoi-menh-kim-tho-vt48-p15467874.html?spid=16833798,vòng tay phong thủy đá mắt
13897518,Đồng hồ nữ dây da Casio LTP-V001L-1BUDF,664700.0,782000.0,117300.0,4.3,3,,https://tiki.vndong-ho-nu-day-da-casio-ltp-v001l-1budf-p13897518.html?spid=41480560,đồng hồ nữ dây da
6019497,Vòng tay chuỗi hạt trụ rồng gỗ hoàng đàn TRVCT11,264000.0,264000.0,0.0,0.0,0,,https://tiki.vnvong-tay-chuoi-hat-tru-rong-go-hoang-dan-trvct11-p6019497.html?spid=6019499,vòng tay chuỗi hạt trụ
279028425,Thảm Ngải Cứu Gối Ngải Cứu Đông Y Hỗ Trợ Giảm Đau Nhức Xương Khớp Giúp Ngủ Ngon Hỗ Trợ Tuần Hoàn Máu chống đột quỵ,369000.0,369000.0,0.0,0.0,0,,https://tiki.vntham-ngai-cuu-goi-ngai-cuu-dong-y-ho-tro-giam-dau-nhuc-xuong-khop-giup-ngu-ngon-ho-tro-tuan-hoan-mau-chong-dot-quy-p279028425.html?spid=279028426,thảm ngải cứu gối ngải cứu
278948498,Mặt dây chuyền kiểu ngài Di Lặc đá Mã Não A size 27x30mm hoan hỉ phong thuỷ tài lộc,330000.0,330000.0,0.0,0.0,0,,https://tiki.vnmat-day-chuyen-kieu-ngai-di-lac-da-ma-nao-a-size-27x30mm-hoan-hi-phong-thuy-tai-loc-hmc0239-hoa-minh-gem-p278948498.html?spid=278950804,mặt dây chuyền kiểu ngài
278213410,Dây cho Miband 10/ 9/ 8 - chất silicone (DMB8),79000.0,79000.0,0.0,0.0,0,,https://tiki.vnday-cho-miband-10-9-8-chat-silicone-dmb8-p278213410.html?spid=278315397,dây miband
277723307,Đồng hồ nữ SRwatch SL3004.4602CV,1250000.0,1250000.0,0.0,0.0,0,,https://tiki.vndong-ho-nu-srwatch-sl3004-4602cv-p277723307.html?spid=277723308,đồng hồ nữ srwatch sl3004
276032925,Đồng hồ nữ SRwatch SL5011.6402BL,3850000.0,3850000.0,0.0,0.0,0,,https://tiki.vndong-ho-nu-srwatch-sl5011-6402bl-p276032925.html?spid=276032926,đồng hồ nữ srwatch sl5011
275754243,Đồng Hồ Thời Trang Nam Movado Máy Pin Bold Evolution 3601087 40mm,21385000.0,21385000.0,0.0,0.0,0,,https://tiki.vndong-ho-thoi-trang-nam-movado-may-pin-bold-evolution-3601087-40mm-p275754243.html?spid=275754244,đồng hồ thời trang nam movado
275416538,Lắc Tay Nam Bạc 925 Kiểu Mắt Xích Vuông Nam Tính Đơn Giản BẠC HIỂU MINH LTN041,3047500.0,3047500.0,0.0,0.0,0,,https://tiki.vnlac-tay-nam-bac-925-kieu-mat-xich-vuong-nam-tinh-don-gian-bac-hieu-minh-ltn041-p275416538.html?spid=275416539,lắc tay nam bạc 925
273640446,Vòng Tay Nam Màu Trắng khắc chữ Vàng sáng đẹp Size hạt 16mm gồm 13 hạt đúng cung sanh hợp Các Anh mạng Kim mạng Thủy đeo may mắn ạ,380000.0,760000.0,380000.0,0.0,0,,https://tiki.vnvong-tay-nam-mau-trang-khac-chu-vang-sang-dep-size-hat-16mm-gom-13-hat-dung-cung-sanh-hop-cac-anh-mang-kim-mang-thuy-deo-may-man-a-p273640446.html?spid=273640447,vòng tay nam màu trắng khắc
271330812,Dây đeo cho Miband 8/ Miband 9/ Miband 10 - Mijobs (DMJ8),55000.0,55000.0,0.0,4.5,8,,https://tiki.vnday-deo-miband-8-chinh-hang-mijobs-dmj8-p271330812.html?spid=271330816,dây đeo miband miband
263962076,Dây đeo đồng hồ Tissot - Dây Đeo Đồng Hồ Da Bò Italy Màu Đen Thay Thế Dành Cho Tissot Size 19/20/21/22mm - Chất Liệu Da Cá Sấu Cao Cấp Tương Thích Tất Cả Các Phiên Bản Đồng Hồ Tissot - Bảo Hành 12 Tháng,690000.0,690000.0,0.0,0.0,0,,https://tiki.vnday-deo-dong-ho-tissot-day-deo-dong-ho-da-bo-italy-mau-den-thay-the-danh-cho-tissot-size-19-20-21-22mm-chat-lieu-da-ca-sau-cao-cap-tuong-thich-tat-ca-cac-phien-ban-dong-ho-tissot-bao-hanh-12-thang-p263962076.html?spid=263962104,dây đeo đồng hồ tissot
253230460,Dây đeo đồng hồ da bò màu nâu  Size 14/15/16/17/18/19/20/21/22/23/24/25/26mm - Dây đồng hồ da bò Thật 100% - Bảo Hành 12 Tháng,449000.0,449000.0,0.0,0.0,0,,https://tiki.vnday-deo-dong-ho-da-bo-mau-nau-size-14-15-16-17-18-19-20-21-22-23-24-25-26mm-day-dong-ho-da-bo-that-100-bao-hanh-12-thang-p253230460.html?spid=253230484,dây đeo đồng hồ da bò
243095146,Dây đeo cho Huawei Watch GT6/ GT5/ GT4/ GT3/ GT3 Pro/ 5/ 4/ 4 Pro/ 3/ 3 Pro/ GT Runner/ GT2e/ GT2/ GT2 Pro (DB),130000.0,130000.0,0.0,4.5,2,,https://tiki.vnday-deo-huawei-watch-gt3-gt3-pro-3-3-pro-gt-runner-gt2e-gt2-gt2-pro-db-p243095146.html?spid=243095228,dây đeo huawei watch
225918317,Đồng Hồ Nữ Julius Hàn Quốc JA-979,589000.0,589000.0,0.0,0.0,0,,https://tiki.vndong-ho-nu-julius-han-quoc-ja-979-p225918317.html?spid=225918319,đồng hồ nữ julius hàn quốc
221045309,￼Hộp Đựng Đồng Hồ Cơ Xoay Mẫu Mới Chất Liệu Gỗ Phủ Sơn PU Cao Cấp,680000.0,680000.0,0.0,0.0,0,,https://tiki.vnhop-dung-dong-ho-co-xoay-mau-moi-chat-lieu-go-phu-son-pu-cao-cap-p221045309.html?spid=217201416,hộp đựng đồng hồ cơ xoay
212262813,Đồng hồ nam nữ Baishuns 2209SC Siêu Sang Kính Sapphire chống xước chống nước tuyệt đối - Tặng kèm hộp đựng và pin,249000.0,249000.0,0.0,0.0,0,,https://tiki.vndong-ho-nam-nu-baishuns-2209sc-sieu-sang-kinh-sapphire-chong-xuoc-chong-nuoc-tuyet-doi-tang-kem-hop-dung-va-pin-p212262813.html?spid=212262825,đồng hồ nam nữ baishuns 2209
197654041,[ FREESHIP ] Đồng Hồ Casio Nam WS-1400H-1AV Chính Hãng,1047140.0,1277000.0,229860.0,0.0,0,,https://tiki.vnfreeship-dong-ho-casio-nam-ws-1400h-1av-chinh-hang-p197654041.html?spid=197654042,đồng hồ casio nam ws
176072767,Dây Đeo SILICON dành Cho Huawei Watch Fit Chất Lượng cao,100000.0,100000.0,0.0,4.3,3,,https://tiki.vnday-deo-silicon-danh-cho-huawei-watch-fit-chat-luong-cao-p176072767.html?spid=176072773,dây đeo silicon dành
166135890,"Chuỗi hạt phong thủy Gỗ Linh thảo phách, hương thơm nào ngạt, Kèm hộp đựng lót gấm",131440.0,248000.0,116560.0,0.0,0,,https://tiki.vnvong-tay-phong-thuy-huong-duoc-chat-lieu-go-hoa-thach-phong-cach-phat-giao-uop-huong-duoc-giup-thu-gian-ngu-ngon-mang-lai-binh-an-va-may-man-kem-hop-dung-cam-tu-lot-lua-p166135890.html?spid=166135892,chuỗi hạt phong thủy gỗ
151951218,"VÒNG CỔ INOX TÊN, DÂY CHUYỀN TÊN",27999.0,27999.0,0.0,4.7,6,,https://tiki.vnvong-co-inox-ten-day-chuyen-ten-p151951218.html?spid=151952254,vòng cổ inox tên
135897574,"Dây đeo Xiaomi Mi Watch - Dây thép, khóa nam châm",150000.0,150000.0,0.0,5.0,1,,https://tiki.vnday-deo-xiaomi-mi-watch-day-thep-khoa-nam-cham-p135897574.html?spid=135897590,dây đeo xiaomi watch
134412128,Dây cho Huawei Watch 5/ 4/ 4 Pro/ 3/ 3 Pro/ GT6/ GT5/ GT4/ GT3/ GT2 Pro/ GT2 46mm/ GT/ GT2E/ GS Pro/ Magic (DSG),140000.0,140000.0,0.0,4.8,5,,https://tiki.vnday-huawei-watch-3-3-pro-gt2-pro-gt2-46mm-gs-pro-magic-p134412128.html?spid=134412140,dây huawei watch
118787623,Dây Da Đồng Hồ Daniel Sheffield Tặng kèm Hộp gỗ,180000.0,180000.0,0.0,5.0,9,,https://tiki.vnday-da-dong-ho-daniel-sheffield-tang-kem-hop-go-p118787623.html?spid=118787649,dây da đồng hồ daniel
92817188, Khuyên Tai Nam Không Cần Bấm Lỗ - Bông Tai Kẹp Titan,22400.0,25000.0,2600.0,4.6,18,,https://tiki.vnkhuyen-tai-nam-khong-can-bam-lo-bong-tai-kep-titan-p92817188.html?spid=102050799,khuyên tai nam cần bấm
87621644,Nhẫn Vàng Trắng 14K Đính Kim Cương,4950000.0,4950000.0,0.0,5.0,2,,https://tiki.vnnhan-vang-trang-14k-dinh-kim-cuong-p87621644.html?spid=87621650,nhẫn vàng trắng k
84450667, Đồng hồ nữ Julius chính hãng Hàn Quốc Ja-787 Ju1125 dây da (5 màu),989000.0,989000.0,0.0,5.0,2,,https://tiki.vndong-ho-nu-julius-chinh-hang-han-quoc-ja-787-ju1125-day-da-5-mau-p84450667.html?spid=84450698,đồng hồ nữ julius hãng
84449736, Đồng hồ nữ Julius Hàn Quốc JA-1248 dây thép (Nhiều màu),1490000.0,1490000.0,0.0,0.0,0,,https://tiki.vndong-ho-nu-julius-han-quoc-ja-1248-day-thep-nhieu-mau-p84449736.html?spid=84449740,đồng hồ nữ julius hàn quốc
82412877,Combo 4 Chốt gắn dây và 1 Dụng Cụ Tháo lắp 2 đầu,10000.0,10000.0,0.0,5.0,4,,https://tiki.vncombo-4-chot-gan-day-va-1-dung-cu-thao-lap-2-dau-p82412877.html?spid=82413019,combo chốt gắn dây
74278029,Vòng đeo tay ổ khoá nam nữ,81000.0,81000.0,0.0,0.0,0,,https://tiki.vnvong-deo-tay-o-khoa-nam-nu-p74278029.html?spid=74278030,vòng đeo tay ổ khóa
68427641,Dây Da Đồng hồ Da Bò thật Size Nữ Nhiều Màu [Tặng Hộp Gỗ,110000.0,110000.0,0.0,4.5,101,,https://tiki.vnday-da-dong-ho-da-bo-that-size-nu-nhieu-mau-tang-hop-go-p68427641.html?spid=68427647,dây da đồng hồ da bò
51715125,Đồng Hồ Nam Bulova Dây Thép Không Gỉ 98B334 - Mặt Xanh,9600000.0,9600000.0,0.0,0.0,0,,https://tiki.vndong-ho-nam-bulova-day-thep-khong-gi-98b334-mat-xanh-p51715125.html?spid=51715126,đồng hồ nam bulova dây thép
51475007,Vòng tay nam,60000.0,60000.0,0.0,4.2,11,,https://tiki.vnvong-tay-nam-p51475007.html?spid=51475013,vòng tay nam
46242432,Dây chuyền nam,31500.0,45000.0,13500.0,4.0,43,,https://tiki.vnday-chuyen-nam-p46242432.html?spid=46242436,dây chuyền nam
40850439,Bông Tai Nam Mặt Tròn Đen Chất Liệu Thép Titan Không Rỉ TT 1684 - 1 Cặp,45430.0,64900.0,19470.0,4.5,2,,https://tiki.vnbong-tai-nam-mat-tron-den-chat-lieu-thep-titan-khong-ri-tt-1684-1-cap-p40850439.html?spid=76454922,bông tai nam mặt tròn
40398326,Nhẫn Nữ Đính1 Viên Đá Chìm Chất Liệu Thép Titan Ko Rỉ Ko Dị Ứng TT 0411,38500.0,55000.0,16500.0,4.6,36,,https://tiki.vnnhan-nu-dinh1-vien-da-chim-chat-lieu-thep-titan-ko-ri-ko-di-ung-tt-0411-p40398326.html?spid=80973237,nhẫn nữ đính1 viên đá
35610505,Nhẫn nữ trăng sao vòng mở free size nữ tính NN06,35000.0,35000.0,0.0,5.0,3,,https://tiki.vnnhan-nu-trang-sao-vong-mo-free-size-nu-tinh-nn06-p35610505.html?spid=35610507,nhẫn nữ trăng sao vòng
25061926,Bộ trang sức 4 món kiểu bi mạ vàng 18k,330000.0,330000.0,0.0,0.0,0,,https://tiki.vnbo-trang-suc-4-mon-kieu-bi-ma-vang-18k-p25061926.html?spid=75483496,trang sức món kiểu bi mạ
4898391,Đồng Hồ Nam Dây Nhựa Casio MQ-24-7B3LDF - Đen,412440.0,491000.0,78560.0,4.0,1,,https://tiki.vndong-ho-nam-day-nhua-casio-mq-24-7b3ldf-den-p4898391.html?spid=41960254,đồng hồ nam dây nhựa
278911025,"Vòng tay chuỗi Mắt Hổ Vàng Tâm 108 hạt size 6 li An Lạc, phối charm ngôi sao, hoa mai và hồ lô chữ Phúc | Hoa Minh Gem",740000.0,740000.0,0.0,0.0,0,,https://tiki.vnvong-tay-chuoi-mat-ho-vang-tam-108-hat-size-6-li-an-lac-phoi-charm-ngoi-sao-hoa-mai-va-ho-lo-chu-phuc-hoa-minh-gem-p278911025.html?spid=278911026,vòng tay chuỗi mắt hổ
278879708,"Vòng tay phong thủy đá Mắt Hổ vàng nâu size 8 li 10 li chất 5A trong, bóng ánh lụa cực đẹp phong thủy tài lộc",360000.0,360000.0,0.0,0.0,0,,https://tiki.vnvong-tay-phong-thuy-da-mat-ho-vang-nau-size-8-li-10-li-chat-5a-trong-bong-anh-lua-cuc-dep-phong-thuy-tai-loc-hoa-minh-gem-p278879708.html?spid=278880946,vòng tay phong thủy đá mắt
278877454,"Vòng đá Mắt Hổ Đỏ Nâu kiểu bánh xe loại 5A size 10 li phong thủy tài lộc phong cách đỉnh đạc vòng tay nam, vòng tay nữ",500000.0,500000.0,0.0,0.0,0,,https://tiki.vnvong-da-mat-ho-do-nau-kieu-banh-xe-loai-5a-phong-thuy-tai-loc-phong-cach-dinh-dac-vong-tay-nam-vong-tay-nu-hop-menh-hoa-tho-p278877454.html?spid=278877465,vòng đá mắt hổ
278534081,"Dây Da Đồng Hồ Đeo Tay Chốt Gắn Thông Minh Cho Fossil, DW, Smartwatch",150000.0,150000.0,0.0,0.0,0,,https://tiki.vnday-da-dong-ho-deo-tay-chot-gan-thong-minh-cho-fossil-dw-smartwatch-p278534081.html?spid=278534095,dây da đồng hồ đeo
278247673,ĐỒNG HỒ THỂ THAO SUUNTO RUN - Viền THÉP - CÓ ĐỊNH VỊ GPS - Siêu mỏng nhẹ - với hơn 34 môn thể thao khác,6589000.0,6589000.0,0.0,0.0,0,,https://tiki.vndong-ho-the-thao-suunto-run-vien-thep-co-dinh-vi-gps-sieu-mong-nhe-voi-hon-34-mon-the-thao-khac-p278247673.html?spid=278247682,đồng hồ thể thao suunto run viền
277604054,"Mặt dây chuyền hồ ly 9 đuôi đá phong thủy NHASAN quyến rũ, may mắn và tài lộc, đá tự nhiên 100",1399000.0,1399000.0,0.0,0.0,0,,https://tiki.vnmat-day-chuyen-ho-ly-9-duoi-da-phong-thuy-nhasan-quyen-ru-may-man-va-tai-loc-da-tu-nhien-100-p277604054.html?spid=277604056,mặt dây chuyền hồ ly
276500623,Dây cho Huawei Watch GT6/ GT5 41mm/ GT5 Pro 42mm/ Oppo Watch X2 mini (DT5-18),139000.0,139000.0,0.0,5.0,1,,https://tiki.vnday-cho-huawei-watch-gt5-41mm-gt5-pro-42mm-dt5-18-p276500623.html?spid=276500655,dây huawei watch gt6
276024280,"Dây chuyền cỏ 4 lá may mắn đẹp ,  dây chuyền nữ",81950.0,90000.0,8050.0,0.0,0,,https://tiki.vnday-chuyen-co-4-la-may-man-dep-day-chuyen-nu-p276024280.html?spid=276024282,dây chuyền cỏ lá may mắn
275947411,Dây chuyền nữ bằng thép không gỉ hình cặp bướm thời trang phong cách retro,81950.0,90000.0,8050.0,0.0,0,,https://tiki.vnday-chuyen-nu-bang-thep-khong-gi-hinh-cap-buom-thoi-trang-phong-cach-retro-p275947411.html?spid=275947413,dây chuyền nữ thép gỉ hình
274418166,Nhẫn Vàng 14K Đính Đá Citrine và 38 Viên Kim Cương Tấm - MOON Jewelry,11880000.0,11880000.0,0.0,0.0,0,,https://tiki.vnnhan-vang-14k-dinh-da-citrine-va-38-vien-kim-cuong-tam-moon-jewelry-p274418166.html?spid=274418168,nhẫn vàng k đính
272915939,Nhẫn Đôi Bạc 925 Olwen Đính Đá Cao Cấp,477220.0,477220.0,0.0,0.0,0,,https://tiki.vnnhan-doi-bac-925-olwen-dinh-da-cao-cap-p272915939.html?spid=272915943,nhẫn bạc 925 olwen
270732225,"Dây Truyền, Vòng Cổ Nam Đơn Bạc Ta Chính Hãng Bạc Hiểu Minh DBN080",9142500.0,9142500.0,0.0,0.0,0,,https://tiki.vnday-truyen-vong-co-nam-don-bac-ta-chinh-hang-bac-hieu-minh-dbn080-p270732225.html?spid=270732226,dây truyền vòng cổ
253409543,Dây đồng hồ da cá sấu thật,200000.0,220000.0,20000.0,0.0,0,,https://tiki.vnday-dong-ho-da-ca-sau-that-p253409543.html?spid=253409545,dây đồng hồ da cá sấu
252637738,Dây đồng hồ cho Amazfit GTR 4/ 3/ 3 Pro/ GTR 2/ 2e/ GTR/ GTR mini (DT),115000.0,115000.0,0.0,1.0,1,,https://tiki.vnday-dong-ho-cho-amazfit-gtr-4-3-3-pro-gtr-2-2e-gtr-gtr-mini-dt-p252637738.html?spid=252637756,dây đồng hồ amazfit gtr
249306451,Đồng hồ trẻ em thể thao cao cấp MR 8540 - KHÔNG VÔ NƯỚC (kèm video),159000.0,159000.0,0.0,5.0,1,,https://tiki.vndong-ho-tre-em-the-thao-cao-cap-mr-8540-khong-vo-nuoc-kem-video-p249306451.html?spid=249306453,đồng hồ trẻ em thể thao cao cấp
243093087,Dây đeo cho Samsung Watch 7/ 6/ 6 Classic/ 5/ 5 Pro/ 4/ 4 Classic/ 3/ Active 2/ 1/ Gear S3 (DN),109000.0,109000.0,0.0,5.0,1,,https://tiki.vnday-deo-samsung-watch-5-5-pro-4-4-classic-3-active-2-1-gear-s3-dn-p243093087.html?spid=243093095,dây đeo samsung watch
223876301,"Vòng tay gỗ đàn hương khắc Bát Nhã Tâm Kinh - 12 hạt, 20mm - MS02",149000.0,149000.0,0.0,0.0,0,,https://tiki.vnvong-tay-go-dan-huong-khac-bat-nha-tam-kinh-12-hat-20mm-ms02-p223876301.html?spid=223876304,vòng tay gỗ hương khắc bát nhã
207932292,Chuỗi Trầm Hương May Mắn ATC 77049 108 Hạt 06mm,1650000.0,1650000.0,0.0,0.0,0,,https://tiki.vnchuoi-tram-huong-may-man-atc-77049-108-hat-06mm-p207932292.html?spid=207932293,chuỗi trầm hương may mắn atc
188482161,Dây Đeo SILICON dành Cho Huawei GT3PRO 46mm Chất Lượng cao,95000.0,95000.0,0.0,5.0,4,,https://tiki.vnday-deo-silicon-danh-cho-huawei-gt3pro-46mm-chat-luong-cao-p188482161.html?spid=188482173,dây đeo silicon dành
173691120,Hộp Đựng Đồng Hồ Mắt Kính Và Trang Sức SAIKE SAIKE S630 Vỏ Gỗ,850000.0,850000.0,0.0,0.0,0,,https://tiki.vnhop-dung-dong-ho-mat-kinh-va-trang-suc-saike-saike-s630-vo-go-p173691120.html?spid=173691121,hộp đựng đồng hồ mắt kính
167012200,Nhẫn Vàng 14K Đính Topaz và 38 Viên Kim Cương Tấm,13680000.0,13680000.0,0.0,0.0,0,,https://tiki.vnnhan-vang-14k-dinh-topaz-va-38-vien-kim-cuong-tam-p167012200.html?spid=274373569,nhẫn vàng k đính
143960604,Dây đồng hồ da bò Vintage Bụi Leather D111 - Da thật khâu tay thủ công cao cấp - Bảo hành 12 tháng,206000.0,206000.0,0.0,4.5,156,,https://tiki.vnday-dong-ho-da-bo-vintage-bui-leather-d111-da-that-khau-tay-thu-cong-cao-cap-bao-hanh-12-thang-p143960604.html?spid=143960608,dây đồng hồ da bò vintage
137831158,Dây đeo cho Apple Watch series 11/ 10/ 9/ 8/ 7/ 6/ 5/ 4/ 3/ SE/ Ultra/ Ultra 2 / Ultra 3 (DAWB),150000.0,150000.0,0.0,4.7,7,,https://tiki.vnday-deo-apple-watch-series-7-6-5-4-3-se-p137831158.html?spid=137831190,dây đeo apple watch
134582783,Dây đồng hồ cho Samsung Watch 3/ Watch 4/ Watch 4 Classic/ 5/ 5 Pro/ 6/ 6 Classic/ 7/ FE (DSK),110000.0,110000.0,0.0,4.0,3,,https://tiki.vnday-samsung-watch-3-watch-4-watch-4-classic-chinh-hang-sikai-p134582783.html?spid=134582803,dây đồng hồ samsung watch
106394081,Dây đồng hồ kim loại inox đúc 5 hạt đúc đặc đầu ôm và đầu bằng,199500.0,199500.0,0.0,4.3,10,,https://tiki.vnday-dong-ho-kim-loai-inox-duc-5-hat-duc-dac-dau-om-va-dau-bang-p106394081.html?spid=106394129,dây đồng hồ kim loại inox
106392676,(TẶNG KÈM CHỐT VÀ DỤNG CỤ THAY DÂY) Dây đồng hồ kim loại đúc đặc size 19mm 21mm,160000.0,160000.0,0.0,4.8,5,,https://tiki.vntang-kem-chot-va-dung-cu-thay-day-day-dong-ho-kim-loai-duc-dac-size-19mm-21mm-p106392676.html?spid=184062409,dây đồng hồ kim loại đúc
92872088,Charm bạc dây xích trang trí - Ngọc Quý Gemstones,400000.0,400000.0,0.0,4.0,1,,https://tiki.vncharm-bac-day-xich-trang-tri-ngoc-quy-gemstones-p92872088.html?spid=92872089,charm bạc dây xích trang trí
82832880,Dây Thép Đồng Hồ 2 Trong 1 Thép Đặc Không Gỉ [Tặng Chốt + Dụng cụ tháo lắp,160000.0,160000.0,0.0,4.7,30,,https://tiki.vnday-thep-dong-ho-2-trong-1-thep-dac-khong-gi-tang-chot-dung-cu-thao-lap-p82832880.html?spid=208103966,dây thép đồng hồ
74627629,"Combo Vòng đeo tay Ngọc Trai nuôi cấy tự nhiên, Mixed màu, hạt bầu dục, 5-7li, freesize, Kèm Bản PHOTOCOPY Giấy KIỂM ĐỊNH, hộp đựng lót Nhung gấm",238000.0,238000.0,0.0,5.0,1,,https://tiki.vncombo-vong-deo-tay-ngoc-trai-nuoi-cay-tu-nhien-mixed-mau-hat-bau-duc-5-7li-freesize-kem-hop-dung-lot-nhung-gam-p74627629.html?spid=74627630,combo vòng đeo tay
73295562,Bông tai đá pha lê tròn tòng teng S925,52500.0,75000.0,22500.0,5.0,1,,https://tiki.vnbong-tai-da-pha-le-tron-tong-teng-s925-p73295562.html?spid=73295563,tai đá pha lê tròn tòng teng
59494030,Vòng điều hòa huyết áp nhật bản cao cấp,399000.0,399000.0,0.0,0.0,0,,https://tiki.vnvong-dieu-hoa-huyet-ap-nhat-ban-cao-cap-p59494030.html?spid=59494031,vòng điều hòa huyết áp nhật bản
50295247,"Mặt dây chuyền Phật Bà Quan Âm ngọc Jade, size nhỏ 1.5 x 2.5cm - Đá Non Nước",194000.0,194000.0,0.0,0.0,0,,https://tiki.vnmat-day-chuyen-phat-ba-quan-am-ngoc-jade-size-nho-1-5-x-2-5cm-da-non-nuoc-p50295247.html?spid=54617252,mặt dây chuyền phật quan âm ngọc
45211717,Đồng hồ nữ Julius Hàn Quốc ja-1209C,1199000.0,1199000.0,0.0,0.0,0,,https://tiki.vndong-ho-nu-julius-han-quoc-ja-1209-nhieu-mau-p45211717.html?spid=67430579,đồng hồ nữ julius hàn quốc
35613215,Nhẫn tai mèo vòng mở free size dễ thương cho bạn nữ NN09 - Mẫu 1,25000.0,25000.0,0.0,3.8,13,,https://tiki.vnnhan-tai-meo-vong-mo-free-size-de-thuong-cho-ban-nu-nn09-p35613215.html?spid=35613217,nhẫn tai mèo vòng mở
34157921,Dây chuyền nơ cách điệu nữ tính,102000.0,102000.0,0.0,0.0,0,,https://tiki.vnday-chuyen-no-cach-dieu-nu-tinh-p34157921.html?spid=34157926,dây chuyền nơ cách điệu nữ
25932750,Dây đồng hồ nam nữ Huy Hoàng da bò size lớn màu nâu đất HT8130,249000.0,249000.0,0.0,4.6,5,,https://tiki.vnday-dong-ho-nam-nu-huy-hoang-da-bo-size-lon-mau-nau-dat-ht8130-p25932750.html?spid=25932752,dây đồng hồ nam nữ huy hoàng
16962732,Mặt dây chuyền Phật Bà Quan Âm ngọc cẩm thạch,900000.0,900000.0,0.0,0.0,0,,https://tiki.vnmat-day-chuyen-phat-ba-quan-am-ngoc-cam-thach-p16962732.html?spid=278095630,mặt dây chuyền phật quan âm ngọc
15050908,Đồng Hồ Nam Julius JA-1104MB - Vàng,979000.0,979000.0,0.0,5.0,1,,https://tiki.vndong-ho-nam-julius-ja-1104mb-vang-p15050908.html?spid=60990833,đồng hồ nam julius ja
7860547,Đồng Hồ Nam Casio Dây Da MTP-1370L-1AVDF,1465340.0,1787000.0,321660.0,5.0,2,,https://tiki.vndong-ho-nam-casio-day-da-mtp-1370l-1avdf-p7860547.html?spid=103825074,đồng hồ nam casio dây
278877642,"Vòng tay phong thủy đá Mắt Hổ Vàng Nâu/đen size 12 li loại 5A vip, phong thủy mệnh Thổ Kim",400000.0,400000.0,0.0,0.0,0,,https://tiki.vnvong-tay-phong-thuy-chuoi-mat-ho-vang-nau-den-12-li-loai-5a-vip-phong-thuy-menh-tho-kim-hoa-minh-gem-p278877642.html?spid=278877643,vòng tay phong thủy đá mắt
278446317,Keo dán sắt siêu dính AB tuýt lớn 100gram - keo vá vết nứt vết thủng kim loại và mọi chất liệu siêu chắc,169000.0,169000.0,0.0,0.0,0,,https://tiki.vnkeo-dan-sat-sieu-dinh-ab-tuyt-lon-100gram-keo-va-vet-nut-vet-thung-kim-loai-va-moi-chat-lieu-sieu-chac-p278446317.html?spid=278446318,keo dán sắt siêu dính
278096884,Ốp bảo vệ cho Amazfit Bip 6,80000.0,80000.0,0.0,0.0,0,,https://tiki.vnop-bao-ve-cho-amazfit-bip-6-p278096884.html?spid=278170295,ốp bảo vệ amazfit bip
277488404,Dây Chuyền Nam Bạc Ta S925 Bạc Hiểu Minh DBN086,4526250.0,4526250.0,0.0,0.0,0,,https://tiki.vnday-chuyen-nam-bac-ta-bac-hieu-minh-dbn086-p277488404.html?spid=277488405,dây chuyền nam bạc s925
274659373,Vòng tay Nữ Đá Aqua xanh da trời tự nhiên đẹp size hạt 9mm XANH NHẸ NỮ MỆNH THUỶ MỘC Hỏa  đeo hợp tuổi hợp mệnh tốt công việc làm ăn tốt sức khỏe công việc ạ,699000.0,1398000.0,699000.0,0.0,0,,https://tiki.vnvong-tay-nu-da-aqua-xanh-da-troi-tu-nhien-dep-size-hat-9mm-xanh-nhe-nu-menh-thuy-moc-hoa-deo-hop-tuoi-hop-menh-tot-cong-viec-lam-an-tot-suc-khoe-cong-viec-a-p274659373.html?spid=274659374,vòng tay nữ đá aqua
274591383,VÒNG BẢ ĐÁ AQUAMARINE,6000000.0,6000000.0,0.0,0.0,0,,https://tiki.vnvo-ng-ba-da-aquamarine-p274591383.html?spid=274591391,vo ng đa
274590675,Vòng bản thạch anh Hồng,3500000.0,3500000.0,0.0,0.0,0,,https://tiki.vnvo-ng-ba-n-tha-ch-anh-ho-ng-p274590675.html?spid=274590678,vo ng n tha ch
273363524,Đồng Hồ Nam Citizen Tsuyosa Dây Thép Không Gỉ Máy Cơ-Automatic NJ0151-88L - Mặt Xanh (Sapphire),11236500.0,12485000.0,1248500.0,0.0,0,,https://tiki.vndong-ho-nam-citizen-tsuyosa-day-thep-khong-gi-may-co-automatic-nj0151-88l-mat-xanh-sapphire-p273363524.html?spid=273363525,đồng hồ nam citizen tsuyosa
273282561,Cáp sạc cho Xiaomi Watch 2 Pro/ S4/ S3/ S2 (CMI2P),119000.0,119000.0,0.0,0.0,0,,https://tiki.vncap-sac-cho-xiaomi-watch-2-pro-cmi2p-p273282561.html?spid=273282562,cáp sạc xiaomi watch
263953973,Dây đeo đồng hồ Tissot - Dây Đeo Đồng Hồ Da Cá Sấu Nâu Chỉ Trắng Thay Thế Dành Cho Tissot Size 19/20/21/22mm - Chất Liệu Da Cá Sấu Cao Cấp Tương Thích Tất Cả Các Phiên Bản Đồng Hồ Tissot - Bảo Hành 12 Tháng,990000.0,990000.0,0.0,0.0,0,,https://tiki.vnday-deo-dong-ho-tissot-day-deo-dong-ho-da-ca-sau-nau-chi-trang-thay-the-danh-cho-tissot-size-19-20-21-22mm-chat-lieu-da-ca-sau-cao-cap-tuong-thich-tat-ca-cac-phien-ban-dong-ho-tissot-bao-hanh-12-thang-p263953973.html?spid=263953989,dây đeo đồng hồ tissot
225917878,Đồng Hồ Julius Nữ Hàn Quốc JA-1209,1199000.0,1199000.0,0.0,0.0,0,,https://tiki.vndong-ho-julius-nu-han-quoc-ja-1209-p225917878.html?spid=225917892,đồng hồ julius nữ hàn quốc
221699757,Dây chuyền phong thủy mặt Phật - Chuỗi hạt đeo cổ mặt Phật bản mệnh tựa lá đề (Màu hổ phách),129000.0,129000.0,0.0,5.0,1,,https://tiki.vnday-chuyen-phong-thuy-mat-phat-chuoi-hat-deo-co-mat-phat-ban-menh-tua-la-de-mau-ho-phach-p221699757.html?spid=221699761,dây chuyền phong thủy mặt phật
201477847,"[Mệnh Thủy, Mộc] Bộ Vòng Chuỗi, Tràng Hạt 108 Hạt 6 Ly Đá Thạch Anh Xanh Dương Charm Hoa Sen Inox - Tràng Chuỗi Niệm Phật - An Yên - Thịnh Vượng - May Mắn - Tài Lộc - Bình An",229000.0,229000.0,0.0,0.0,0,,https://tiki.vnmenh-thuy-moc-bo-vong-chuoi-trang-hat-108-hat-6-ly-da-thach-anh-xanh-duong-charm-hoa-sen-inox-trang-chuoi-niem-phat-an-yen-thinh-vuong-may-man-tai-loc-binh-an-p201477847.html?spid=201477853,vòng chuỗi tràng hạt
193771613,Dây Da Đồng Hồ ZRC Pháp Dòng SCREEN Da Bê Màu Nâu Vàng,297500.0,350000.0,52500.0,0.0,0,,https://tiki.vnday-da-dong-ho-zrc-phap-dong-screen-da-be-mau-nau-vang-p193771613.html?spid=193771617,dây da đồng hồ zrc pháp
185679707,VÒNG TAY HUYẾT ÁP NHẬT BẢN,3890000.0,3890000.0,0.0,0.0,0,,https://tiki.vnvong-tay-huyet-ap-nhat-ban-p185679707.html?spid=185679708,vòng tay huyết áp nhật bản
176073994,Dây đồng hồ cao su silicon cao dấp dành cho Samsung Galaxy watch 3 45mm,70000.0,70000.0,0.0,4.8,5,,https://tiki.vnday-dong-ho-cao-su-silicon-cao-dap-danh-cho-samsung-galaxy-watch-3-45mm-p176073994.html?spid=176074032,dây đồng hồ cao su silicon
144367849,Dây AW da bò Saffiano Bụi Leather D117- Da thật khâu tay thủ công cao cấp - chính hãng,341000.0,341000.0,0.0,5.0,15,,https://tiki.vnday-apple-watch-da-bo-saffiano-bui-leather-d117-da-that-khau-tay-thu-cong-cao-cap-bao-hanh-12-thang-p144367849.html?spid=144367887,dây aw da bò saffiano
144191864,Dây đồng hồ dành cho AW Da bò thật khâu tay thủ công cao cấp  D106 - Đen,327000.0,327000.0,0.0,4.8,13,,https://tiki.vnday-apple-watch-da-bo-that-khau-tay-thu-cong-cao-cap-bui-leather-d106-bao-hanh-12-thang-p144191864.html?spid=144191882,dây đồng hồ dành aw
143829162,Dây đồng hồ da bò Bụi Leather D101- Da thật khâu tay thủ công cao cấp - Bảo hành 12 tháng,196000.0,196000.0,0.0,4.6,41,,https://tiki.vnday-dong-ho-da-bo-bui-leather-d101-da-that-khau-tay-thu-cong-cao-cap-bao-hanh-12-thang-p143829162.html?spid=143829174,dây đồng hồ da bò bụi
136818299,Dây Xiaomi Mi Watch Lite - Chất silicone,90000.0,90000.0,0.0,4.5,13,,https://tiki.vnday-xiaomi-mi-watch-lite-chat-silicone-p136818299.html?spid=136818309,dây xiaomi watch lite
124249151,Tovit thay dây Hublot và thay dây đồng hồ,29999.0,29999.0,0.0,0.0,0,,https://tiki.vntovit-thay-day-hublot-va-thay-day-dong-ho-p124249151.html?spid=192897197,tovit thay dây hublot
119443415,"Dây đồng hồ Huy Hoàng da bò size 12, 14 màu đen, nâu đất, xanh lá, nâu đỏ HT8101-02-03-04",89500.0,179000.0,89500.0,0.0,0,,https://tiki.vnhh8101-02-03-04-day-dong-ho-huy-hoang-da-bo-size-12-14-mau-den-nau-dat-xanh-la-nau-do-p119443415.html?spid=119443417,dây đồng hồ huy hoàng da
116645818,Khuyên tai titan đinh đơn giản,35000.0,35000.0,0.0,0.0,0,,https://tiki.vnkhuyen-tai-titan-dinh-don-gian-p116645818.html?spid=116645822,khuyên tai titan đinh đơn giản
106391733,"(KHUYẾN MẠI GIÁ CỰC SHOCK) Dây da đồng hồ cực mềm, dây chống nước chính hãng Italy đủ size 12 đến 20mm",228000.0,228000.0,0.0,4.5,2,,https://tiki.vnkhuyen-mai-gia-cuc-shock-day-da-dong-ho-cuc-mem-day-chong-nuoc-chinh-hang-italy-du-size-12-den-20mm-p106391733.html?spid=106391848,dây da đồng hồ cực
93604495, Tặng HộpVòng Tay Chuỗi Tràng Hạt 108 6mm Trầm Tốc Việt - Trầm Hương Tự Nhiên,245000.0,245000.0,0.0,5.0,1,,https://tiki.vntang-hopvong-tay-chuoi-trang-hat-108-6mm-tram-toc-viet-tram-huong-tu-nhien-p93604495.html?spid=103964602,tặng hộpvòng tay chuỗi tràng
72460746,Combo bộ trang sức bi mạ 18k cao cấp H575,295000.0,295000.0,0.0,3.5,2,,https://tiki.vncombo-bo-trang-suc-bi-ma-18k-cao-cap-h575-p72460746.html?spid=75483501,combo trang sức bi mạ k
71174163,Bông tai khuyên tai nam nữ titan sáng tạo độc đáo unisex,66000.0,66000.0,0.0,0.0,0,,https://tiki.vnbong-tai-khuyen-tai-nam-nu-titan-sang-tao-doc-dao-unisex-p71174163.html?spid=71174165,tai khuyên tai nam nữ titan
68247057,Dây Và Mặt Dây Chuyền Bạc Hiểu Minh DMD209P hồ ly,607500.0,607500.0,0.0,0.0,0,,https://tiki.vnday-va-mat-day-chuyen-bac-hieu-minh-dmd209p-ho-ly-p68247057.html?spid=68247058,dây mặt dây chuyền bạc
66721943,Vòng tay thép titan châu Âu và Mỹ hip-hop nam nữ,92000.0,92000.0,0.0,0.0,0,,https://tiki.vnvong-tay-thep-titan-chau-au-va-my-hip-hop-nam-nu-p66721943.html?spid=66721944,vòng tay thép titan châu âu
59151678,Vòng cổ titan unisex cá tính,88000.0,88000.0,0.0,0.0,0,,https://tiki.vnvong-co-titan-unisex-ca-tinh-p59151678.html?spid=59151684,vòng cổ titan unisex cá
58244944,VÒNG TAY HUYẾT ÁP NHẬT BẢN-HÀNG NHẬP KHẨU,529000.0,529000.0,0.0,4.7,15,,https://tiki.vnvong-tay-huyet-ap-nhat-ban-hang-nhap-khau-p58244944.html?spid=58245124,vòng tay huyết áp nhật bản hàng
35610341,Nhẫn nữ nơ xinh xắn NN03,35000.0,35000.0,0.0,5.0,3,,https://tiki.vnnhan-nu-no-xinh-xan-nn03-p35610341.html?spid=35610343,nhẫn nữ nơ xinh xắn
35547618,Nhẫn nữ thời trang siêu xinh cho bạn nữ,35000.0,35000.0,0.0,4.5,37,,https://tiki.vnnhan-nu-thoi-trang-sieu-xinh-cho-ban-nu-p35547618.html?spid=35547630,nhẫn nữ thời trang siêu xinh
27733854,Cài áo hoa,29000.0,29000.0,0.0,3.8,5,,https://tiki.vncai-ao-hoa-p27733854.html?spid=27733862,cài áo hoa
21711615,Bộ trang sức nữ LuxJy Jewelry S3083,7950000.0,7950000.0,0.0,0.0,0,,https://tiki.vnbo-trang-suc-nu-luxjy-jewelry-s3083-p21711615.html?spid=21711616,trang sức nữ luxjy jewelry
19883880,Đồng Hồ Nữ Citizen Đính Kim Cương Dây Thép Không Gỉ EM0430-85N - Mặt Xà Cừ (Sapphire),8000000.0,8000000.0,0.0,5.0,1,,https://tiki.vndong-ho-nu-citizen-dinh-kim-cuong-day-thep-khong-gi-em0430-85n-mat-xa-cu-sapphire-p19883880.html?spid=52352924,đồng hồ nữ citizen đính
15780943,"Mặt dây chuyền Phật A Di Đà - đá mắt hổ 5cm - tuổi Tuất, Hợi",299000.0,299000.0,0.0,5.0,1,,https://tiki.vnmat-day-chuyen-phat-a-di-da-da-mat-ho-5cm-tuoi-tuat-hoi-p15780943.html?spid=15780944,mặt dây chuyền phật a di đà
8317419,Đồng Hồ Nam Citizen Dây Thép Không Gỉ AP1050-56E - Mặt Đen (Sapphire),13885000.0,13885000.0,0.0,0.0,0,,https://tiki.vndong-ho-nam-citizen-day-thep-khong-gi-ap1050-56e-mat-den-sapphire-p8317419.html?spid=8317420,đồng hồ nam citizen dây thép
6139921,"Vòng tay chuỗi hạt Mã Não Đỏ 14 ly 14 hạt - hợp mệnh Hỏa, mệnh Thổ",242000.0,242000.0,0.0,0.0,0,,https://tiki.vnvong-tay-chuoi-hat-ma-nao-do-14-ly-14-hat-p6139921.html?spid=6139923,vòng tay chuỗi hạt mã
6019255,"Vòng Tay Laliz Mệnh Hỏa , Thổ Đá Thạch Anh Tím Charm Bạc Con Cá - TAR.22",820000.0,820000.0,0.0,0.0,0,,https://tiki.vnvong-tay-laliz-menh-hoa-tho-da-thach-anh-tim-charm-bac-con-ca-tar-22-p6019255.html?spid=6188115,vòng tay laliz mệnh hỏa thổ đá
278979931,Đồng Hồ Nam Citizen Tsuyosa Dây Thép Không Gỉ Máy Cơ-Automatic NJ0152-51X - Mặt Xanh (Sapphire),12946500.0,14385000.0,1438500.0,0.0,0,,https://tiki.vndong-ho-nam-citizen-tsuyosa-day-thep-khong-gi-may-co-automatic-nj0152-51x-mat-xanh-sapphire-p278979931.html?spid=278979932,đồng hồ nam citizen tsuyosa
278949004,"Mặt dây chuyền đá Mã Não hoa đào tự nhiên kiểu giọt nước 25x17.7mm, thời trang tài lộc không kén mệnh",300000.0,300000.0,0.0,0.0,0,,https://tiki.vnmat-day-chuyen-da-ma-nao-hoa-dao-tu-nhien-kieu-giot-nuoc-25x17-7mm-thoi-trang-tai-loc-khong-ken-menh-hmc0248-hoa-minh-gem-p278949004.html?spid=278950756,mặt dây chuyền đá mã não
278898938,"Vòng tay đá Pietersite ""Giông Bão"" thiên nhiên size 7 li hợp mệnh Thủy Mộc",550000.0,550000.0,0.0,0.0,0,,https://tiki.vnvong-tay-da-pietersite-giong-bao-thien-nhien-size-7-li-hop-menh-thuy-moc-hoa-minh-gem-p278898938.html?spid=278905092,vòng tay đá pietersite
278851000,Đồng hồ đeo tay nữ OMEGA B403 MÁY PIN Hàng chính hãng,290000.0,290000.0,0.0,0.0,0,,https://tiki.vndong-ho-deo-tay-hu-omega-b403-may-pin-hang-chinh-hxng-p278851000.html?spid=278851001,đồng hồ đeo tay nữ
278534476,"Lắc tay nam, nữ kiểu lặc cực đẹp, đầy cá tính Phụ Kiện Chain Titan Lịch",10000.0,10000.0,0.0,0.0,0,,https://tiki.vnlac-tay-nam-nu-kieu-lac-cuc-dep-day-ca-tinh-phu-kien-chain-titan-lich-p278534476.html?spid=278535788,lắc tay nam nữ kiểu
276798782,[BH 2 năm động cơ] Hộp Xoay 3 đồng hồ gỗ Saike nền nỉ,1450000.0,1450000.0,0.0,0.0,0,,https://tiki.vnbh-2-nam-dong-co-hop-xoay-3-dong-ho-go-saike-nen-ni-p276798782.html?spid=276798783,hộp xoay đồng hồ gỗ
271876526,Mặt Dây Chuyền Vàng 14K đính Đá CZ cao cấp - MOON Jewelry,1550000.0,1550000.0,0.0,0.0,0,,https://tiki.vnmat-day-chuyen-vang-14k-dinh-da-cz-cao-cap-moon-jewelry-p271876526.html?spid=271876532,mặt dây chuyền vàng k
271299443,Đồng Hồ Casio Nam W-218H-1BV Chính Hãng,907000.0,907000.0,0.0,0.0,0,,https://tiki.vndong-ho-casio-nam-w-218h-1bv-chinh-hang-p271299443.html?spid=271299444,đồng hồ casio nam w
270222704,Set 5  Cái Vòng Cổ Choker Ren Phong Cách Hàn Quốc Thời Trang Cho Nữ,79000.0,89000.0,10000.0,0.0,0,,https://tiki.vnset-5-cai-vong-co-choker-ren-phong-cach-han-quoc-thoi-trang-cho-nu-p270222704.html?spid=270222705,set
263899272,Dây đeo đồng hồ Tissot - Dây Đeo Đồng Hồ Da Cá Sấu Vàng Thay Thế Dành Cho Tissot Size 19/20/21/22mm - Chất Liệu Da Cá Sấu Cao Cấp Tương Thích Tất Cả Các Phiên Bản Đồng Hồ Tissot - Bảo Hành 12 Tháng,990000.0,990000.0,0.0,0.0,0,,https://tiki.vnday-deo-dong-ho-tissot-day-deo-dong-ho-da-ca-sau-vang-thay-the-danh-cho-tissot-size-19-20-21-22mm-chat-lieu-da-ca-sau-cao-cap-tuong-thich-tat-ca-cac-phien-ban-dong-ho-tissot-bao-hanh-12-thang-p263899272.html?spid=263899276,dây đeo đồng hồ tissot
252612179,Dây đeo cho Xiaomi Mi Watch/ 2 Pro/ S1/ S1 Active/ S3/ S4 47mm (DSK),110000.0,110000.0,0.0,0.0,0,,https://tiki.vnday-deo-xiaomi-mi-watch-s1-s1-active-dsk-p252612179.html?spid=252612182,dây đeo xiaomi watch
251404255,"Dây Đồng Hồ Da Bò Italy Cao Cấp Màu Nâu Size 14/16/18/20/22/24/26mm - Dây Da Đồng Hồ Da Bò Thật 100%, Bảo Hành 12T",640000.0,640000.0,0.0,0.0,0,,https://tiki.vnday-dong-ho-da-bo-italy-cao-cap-mau-nau-size-14-16-18-20-22-24-26mm-day-da-dong-ho-da-bo-that-100-bao-hanh-12t-p251404255.html?spid=251404275,dây đồng hồ da bò italy
249307790,Đồng Hồ Trẻ Em Thể thao Mingrui Chính Hãng MR 8857 - KHÔNG VÔ NƯỚC (Kèm video),180000.0,180000.0,0.0,5.0,1,,https://tiki.vndong-ho-tre-em-the-thao-mingrui-chinh-hang-mr-8857-khong-vo-nuoc-kem-video-p249307790.html?spid=249307794,đồng hồ trẻ em thể thao mingrui
242778439,"Vòng tay phong thủy bạch ngọc bồ đề làm từ hạt bồ đề Nepal, hộ mệnh trừ tà giúp tài lộc, kèm túi nhung cung hỷ",157940.0,298000.0,140060.0,4.0,4,,https://tiki.vnvong-tay-phong-thuy-bach-ngoc-bo-de-lam-tu-hat-bo-de-nepal-ho-menh-tru-ta-giup-tai-loc-p242778439.html?spid=242778451,vòng tay phong thủy bạch ngọc bồ đề
205989795,"Đồng hồ nam dây da DIZIZID chính hãng mặt vuông cá tính, Chạy full 6 kim và lịch ngày, Kim dạ quang cao cấp, Chống nước cực tốt, Tặng kèm pin dự phòng DZBD79",999000.0,1998000.0,999000.0,0.0,0,,https://tiki.vndong-ho-nam-day-da-dizizid-chinh-hang-mat-vuong-ca-tinh-chay-full-6-kim-va-lich-ngay-kim-da-quang-cao-cap-chong-nuoc-cuc-tot-tang-kem-pin-du-phong-dzbd79-p205989795.html?spid=207997501,đồng hồ nam dây da
202525922,Đồng Hồ Casio MQ-24UC-3BDF Dây Nhựa Chính Hãng,598400.0,704000.0,105600.0,0.0,0,,https://tiki.vndong-ho-casio-mq-24uc-3bdf-day-nhua-chinh-hang-p202525922.html?spid=202525923,đồng hồ casio mq uc bdf
196549700,Dây chuyền Swarovski Trái Tim Ánh Pha Lê,1120000.0,1120000.0,0.0,4.0,1,,https://tiki.vnday-chuyen-charm-trai-tim-anh-pha-le-vc-5226663-p196549700.html?spid=196549701,dây chuyền swarovski trái tim ánh
196207981,Dây đồng hồ silicon 22mm thời trang dành cho GT2 46mm / GT2 pro 46mm,90000.0,90000.0,0.0,5.0,7,,https://tiki.vnday-dong-ho-silicon-22mm-thoi-trang-danh-cho-gt2-46mm-gt2-pro-46mm-p196207981.html?spid=196208009,dây đồng hồ silicon mm
193910175,Dây Da Đồng Hồ ZRC Pháp Dòng CHELSEA Da Bò Dập Vân Cá Sấu Đen,340000.0,400000.0,60000.0,0.0,0,,https://tiki.vnday-da-dong-ho-zrc-phap-dong-chelsea-da-bo-dap-van-ca-sau-den-p193910175.html?spid=193910179,dây da đồng hồ zrc pháp
144366976,Dây đồng hồ dành cho AW da bò Vintage D116 - Hàng khâu tay thủ công cao cấp,341000.0,341000.0,0.0,4.7,40,,https://tiki.vnday-apple-watch-da-bo-vintage-bui-leather-d116-hang-khau-tay-thu-cong-cao-cap-bao-hanh-12-thang-p144366976.html?spid=144366994,dây đồng hồ dành aw
144365757,Dây đồng hồ dành cho AW da đà điểu D109 - Da thật khâu tay thủ công cao cấp,354000.0,354000.0,0.0,4.2,13,,https://tiki.vnday-apple-watch-da-da-dieu-bui-leather-d109-da-that-khau-tay-thu-cong-cao-cap-bao-hanh-12-thang-p144365757.html?spid=144365763,dây đồng hồ dành aw
131396302,Đồng hồ thời trang nữ Lupai kèm lắc tay,210000.0,210000.0,0.0,0.0,0,,https://tiki.vndong-ho-thoi-trang-nu-lupai-kem-lac-tay-p131396302.html?spid=131396305,đồng hồ thời trang nữ lupai
114956848,"Đồng Hồ Nam Olevs 9915 Mạ Vàng Phong Cách Sang Trọng, Chạy Đủ 6 Kim, Dây Da, Có Dạ Quang và Lịch Ngày - Hàng Chính Hãng",569000.0,569000.0,0.0,4.7,25,,https://tiki.vndong-ho-nam-olevs-9915-ma-vang-phong-cach-sang-trong-chay-du-6-kim-day-da-co-da-quang-va-lich-ngay-hang-chinh-hang-p114956848.html?spid=114956852,đồng hồ nam olevs 9915
108262738,Dây Chuyền Swarovski Pave Trái Tim Tím Lấp Lánh,1095000.0,1095000.0,0.0,4.0,1,,https://tiki.vnday-chuyen-swarovski-pave-trai-tim-tim-lap-lanh-p108262738.html?spid=108262739,dây chuyền swarovski pave trái tim
102552161,Bông tai hoa lá con ong tươi tắn S925,62300.0,89000.0,26700.0,3.0,1,,https://tiki.vnbong-tai-hoa-la-con-ong-tuoi-tan-s925-p102552161.html?spid=102552162,bông tai hoa lá
98115997,Đồng Hồ Nam Citizen Dây Thép Không Gỉ AK5006-58A - Mặt Trắng,5485000.0,5485000.0,0.0,0.0,0,,https://tiki.vndong-ho-nam-citizen-day-thep-khong-gi-ak5006-58a-mat-trang-p98115997.html?spid=98115998,đồng hồ nam citizen dây thép
92984745,"Combo Vòng đeo tay sức khỏe từ tính, gắn hạt Germanium, Hỗ trợ: ổn định huyết áp, Chống ngáy, Giảm cân..., Cỡ vòng 21cm, Kèm hộp đựng lót Nhung Nỉ",298000.0,298000.0,0.0,3.3,6,,https://tiki.vncombo-vong-deo-tay-suc-khoe-tu-tinh-gan-hat-germanium-ho-tro-on-dinh-huyet-ap-chong-ngay-giam-can-co-vong-21cm-kem-hop-dung-lot-nhung-ni-p92984745.html?spid=92984751,combo vòng đeo tay
73466214,Mặt Dây Chuyền Phật QUAN ÂM size Lớn Cao 58mm x Ngang 30mm x Sâu 11mm Chất Liệu 100% Đá Mắt Hổ Vàng Nâu Tự Nhiên Nam mệnh Kim Thổ Thủy,528000.0,960000.0,432000.0,0.0,0,,https://tiki.vnmat-day-chuyen-phat-quan-am-size-lon-cao-58mm-x-ngang-30mm-x-sau-11mm-chat-lieu-100-da-mat-ho-vang-nau-tu-nhien-nam-menh-kim-tho-thuy-p73466214.html?spid=73466215,mặt dây chuyền phật quan âm size
70841244,3 CUỘN THUN CO GIÃN XỎ VÒNG TAY BẰNG ĐÁ MÀU TRẮNG NÂU ĐEN,44100.0,63000.0,18900.0,4.7,97,,https://tiki.vn3-cuon-thun-co-gian-xo-vong-tay-bang-da-mau-trang-nau-den-p70841244.html?spid=70841245,
56736904,Combo 10 vòng tay silicon chú giải thoát Mật Tông,99000.0,99000.0,0.0,3.7,3,,https://tiki.vncombo-10-vong-tay-chu-giai-thoat-mat-tong-p56736904.html?spid=56736905,combo vòng tay silicon giải thoát
54687717,Dây Đồng Hồ Da Bò Tặng Kèm Chốt và Dụng cụ,130000.0,130000.0,0.0,4.6,154,,https://tiki.vnday-dong-ho-da-bo-cao-cap-tang-kem-chot-va-dung-cu-p54687717.html?spid=54687735,dây đồng hồ da bò tặng
52060568,Vòng tay may mắn vòng tay cặp nam nữ nhịp tim,52500.0,75000.0,22500.0,4.6,18,,https://tiki.vnvong-tay-may-man-vong-tay-cap-nam-nu-nhip-tim-p52060568.html?spid=52060572,vòng tay may mắn vòng tay nam nữ
36551068,Hộp Đựng Trang Sức Kèm Sáp Thơm Hoa Hồng Quà Tặng Dành Cho Người Thương,168000.0,168000.0,0.0,5.0,11,,https://tiki.vnhop-dung-trang-suc-kem-sap-thom-hoa-hong-qua-tang-danh-cho-nguoi-thuong-p36551068.html?spid=36551072,hộp đựng trang sức kèm
19402085,Đồng Hồ Nữ Citizen Đính Kim Cương Dây Thép Không Gỉ EW5492-53P - Mặt Vàng (Sapphire),19500000.0,19500000.0,0.0,0.0,0,,https://tiki.vndong-ho-nu-citizen-dinh-kim-cuong-day-thep-khong-gi-ew5492-53p-mat-vang-sapphire-p19402085.html?spid=19402086,đồng hồ nữ citizen đính
13619815,Đồng hồ nam dây nhựa Casio MW-240-2BVDF,565320.0,673000.0,107680.0,0.0,0,,https://tiki.vndong-ho-nam-day-nhua-casio-mw-240-2bvdf-p13619815.html?spid=42106666,đồng hồ nam dây nhựa
11574772,Đồng hồ Nữ dây kim loại SRWatch SL5521.1301,2950000.0,2950000.0,0.0,0.0,0,,https://tiki.vndong-ho-nu-day-kim-loai-srwatch-sl5521-1301-p11574772.html?spid=44450798,đồng hồ nữ dây kim loại
10131230,Bộ 2 bông tai Titan kẹp vành không cần bấm lỗ xỏ lỗ,23400.0,26000.0,2600.0,5.0,7,,https://tiki.vnbo-2-bong-tai-titan-kep-vanh-khong-can-bam-lo-xo-lo-p10131230.html?spid=45801784,bộ
7863532,Đồng Hồ Nam Casio Dây Kim Loại MTP-1302D-1A2VDF,1262000.0,1595000.0,333000.0,5.0,1,,https://tiki.vndong-ho-nam-casio-day-kim-loai-mtp-1302d-1a2vdf-p7863532.html?spid=44832878,đồng hồ nam casio dây
458765,Đồng Hồ Nữ Citizen Dây Thép Không Gỉ FE1081-59E - Mặt Đen,5880000.0,5880000.0,0.0,0.0,0,,https://tiki.vndong-ho-nu-citizen-day-thep-khong-gi-fe1081-59e-mat-den-p458765.html?spid=19686840,đồng hồ nữ citizen dây thép
278979417,Đồng hồ đeo tay cơ Rolex C626 Hàng chính hãng,850000.0,850000.0,0.0,0.0,0,,https://tiki.vndong-ho-deo-tay-co-rolex-c626-hang-chinh-hang-p278979417.html?spid=278979418,đồng hồ đeo tay cơ rolex
278979377,Đồng Hồ cơ Tissot CT393 Hàng chính hãng,550000.0,550000.0,0.0,0.0,0,,https://tiki.vndong-ho-co-tissot-ct393-p278979377.html?spid=278979378,đồng hồ cơ tissot ct393 hàng
278634287,Đồng hồ đeo tay Casio nam MRW-230H-1E3VDF,1249680.0,1524000.0,274320.0,0.0,0,,https://tiki.vndong-ho-deo-tay-casio-nam-mrw-230h-1e3vdf-p278634287.html?spid=278634288,đồng hồ đeo tay casio
278563537,Nhẫn titan nam - Nhẫn nam inox trơn nhiều màu cao cấp thời trang thép không gỉ trangsucpt,24000.0,24000.0,0.0,4.0,1,,https://tiki.vnnhan-titan-nam-nhan-nam-inox-tron-nhieu-mau-cao-cap-thoi-trang-thep-khong-gi-trangsucpt-p278563537.html?spid=278563783,nhẫn titan nam nhẫn
278436003,"Camera Hành Trình Chống Nước Chống Rung 4K Sports Ultra HD DV Gắn Mũ Bảo Hiểm, Tay xe, gắn gương",679000.0,679000.0,0.0,0.0,0,,https://tiki.vncamera-hanh-trinh-chong-nuoc-chong-rung-4k-sports-ultra-hd-dv-gan-mu-bao-hiem-tay-xe-gan-guong-p278436003.html?spid=278436004,camera hành trình chống nước
278431015,(CÓ CHỈNH NHIỆT ĐỘ ) máy nước nóng trực tiếp tại vòi làm nóng siêu nhanh trong 3 giây,1199000.0,1199000.0,0.0,0.0,0,,https://tiki.vnco-chinh-nhiet-do-may-nuoc-nong-truc-tiep-tai-voi-lam-nong-sieu-nhanh-trong-3-giay-p278431015.html?spid=278431016,máy nước nóng trực tiếp
277393833,[BH 2 Năm Động Cơ] Hộp Đồng Hồ Cơ 6 Xoay + 6 Tĩnh Vỏ Da Sần Dày Có Đèn Led,1850000.0,1850000.0,0.0,0.0,0,,https://tiki.vnbh-2-nam-dong-co-hop-dong-ho-co-6-xoay-6-tinh-vo-da-san-day-co-den-led-p277393833.html?spid=277393834,hộp đồng hồ cơ xoay
276621477,Đồng Hồ GPS Thể Thao COROS PACE Pro,9990000.0,9990000.0,0.0,0.0,0,,https://tiki.vndong-ho-gps-the-thao-coros-pace-pro-p276621477.html?spid=276621481,đồng hồ gps thể thao coros
276238073,Dây Đồng Hồ Da Cá Sấu ORIENT Màu Xanh Navy Chỉ Trắng,950000.0,950000.0,0.0,0.0,0,,https://tiki.vnday-dong-ho-da-ca-sau-orient-mau-xanh-navy-chi-trang-p276238073.html?spid=276238087,dây đồng hồ da cá sấu
276033194,Đồng hồ nữ SRwatch SL5009.4502BL,4250000.0,4250000.0,0.0,0.0,0,,https://tiki.vndong-ho-nu-srwatch-sl5009-4502bl-p276033194.html?spid=276033196,đồng hồ nữ srwatch sl5009
273550174,Set Dây Chuyền Vàng 14K Mặt Trái Tim - MOON Jewelry,4750000.0,4750000.0,0.0,0.0,0,,https://tiki.vnset-day-chuyen-vang-14k-mat-trai-tim-moon-jewelry-p273550174.html?spid=273550176,set dây chuyền vàng k
272370871,Đồng hồ điện tử nam Casio W-218H-1AVDF dây nhựa,743740.0,907000.0,163260.0,0.0,0,,https://tiki.vndong-ho-dien-tu-nam-casio-w-218h-1avdf-day-nhua-p272370871.html?spid=272370872,đồng hồ điện tử nam casio
249262734,Dây Đồng Hồ Đeo Tay Daniel_Watch Da Bò Màu Nâu Đậm Tặng Kèm Hộp Gỗ và Phụ kiện,180000.0,180000.0,0.0,5.0,1,,https://tiki.vnday-dong-ho-deo-tay-daniel_watch-da-bo-mau-nau-dam-tang-kem-hop-go-va-phu-kien-p249262734.html?spid=249262760,dây đồng hồ đeo tay
216450181,Pin Renata 377 SR626SW Thuỵ Sĩ Viên Rời Cho Đồng Hồ Đeo Tay,30000.0,30000.0,0.0,4.0,1,,https://tiki.vnpin-renata-377-sr626sw-chinh-hang-thuy-si-vien-roi-cho-dong-ho-deo-tay-p216450181.html?spid=216450183,pin renata 377 sr626sw
214810063,Hộp Lắc Đồng Hồ Cơ SAIKE SAIKE S4603 Mẫu 4 Xoay 6 Tĩnh Vỏ Da Đà Điểu Cao Cấp,1450000.0,1450000.0,0.0,0.0,0,,https://tiki.vnhop-lac-dong-ho-co-saike-saike-s4603-mau-4-xoay-6-tinh-vo-da-da-dieu-cao-cap-p214810063.html?spid=214810064,hộp lắc đồng hồ cơ saike
212250348,"Đồng Hồ Nam Nữ Baishuns 544 chống nước tuyệt đối, Kính Sapphire chống xước vô cùng đẹp đẽ, chống nước tuyệt đối",249000.0,249000.0,0.0,0.0,0,,https://tiki.vndong-ho-nam-nu-baishuns-544-chong-nuoc-tuyet-doi-kinh-sapphire-chong-xuoc-vo-cung-dep-de-chong-nuoc-tuyet-doi-p212250348.html?spid=212250360,đồng hồ nam nữ baishuns 544
196960790,Đồng Hồ Casio W-218HC-8AVDF Dây Nhựa Nam Mặt Vuông,769440.0,916000.0,146560.0,5.0,1,,https://tiki.vndong-ho-casio-w-218hc-8avdf-day-nhu-a-nam-ma-t-vuong-p196960790.html?spid=196960792,đồng hồ casio w 218
196675525,Đồng Hồ Casio Nữ LTP-V002L-1B3 Chính Hãng ,752640.0,896000.0,143360.0,0.0,0,,https://tiki.vndong-ho-casio-nu-ltp-v002l-1b3-chinh-hang-p196675525.html?spid=196675526,đồng hồ casio nữ ltp
196207664,Dây Silicon khóa đen Xiaomi Miwatch,95000.0,95000.0,0.0,0.0,0,,https://tiki.vnday-silicon-khoa-den-xiaomi-miwatch-p196207664.html?spid=196207745,dây silicon khóa đen
193773967,Dây Da Đồng Hồ ZRC Pháp Dòng MONTEVIDEO Da Bê Dập Vân Kỳ Đà Đen Cỡ 20mm,527000.0,620000.0,93000.0,0.0,0,,https://tiki.vnday-da-dong-ho-zrc-phap-dong-montevideo-da-be-dap-van-ky-da-den-co-20mm-p193773967.html?spid=193773968,dây da đồng hồ zrc pháp
192986067,Vỉ 5 Viên Pin SR621SW / 364 / G1 Maxell Nhật Bản Cho Đồng Hồ Đeo Tay Có Tem Chống Giả Hàng Công Ty Nhập Khẩu,65000.0,65000.0,0.0,5.0,4,,https://tiki.vnvi-5-vien-pin-sr621sw-364-g1-maxell-nhat-ban-cho-dong-ho-deo-tay-co-tem-chong-gia-hang-cong-ty-nhap-khau-p192986067.html?spid=192986068,vỉ
186090104,Dây Da Đồng Hồ Size 18mm 20mm 22mm Da Bò [Tặng Hộp Gỗ + Phụ Kiện,110000.0,110000.0,0.0,5.0,1,,https://tiki.vnday-da-dong-ho-size-18mm-20mm-22mm-da-bo-that-p186090104.html?spid=186090109,dây da đồng hồ size
177896546,Dây Đeo SILICON dành Cho Xiaomi Miwatch Color Sport Chất Lượng cao,95000.0,95000.0,0.0,0.0,0,,https://tiki.vnday-deo-silicon-danh-cho-xiaomi-miwatch-color-sport-chat-luong-cao-p177896546.html?spid=177896550,dây đeo silicon dành
161522918,Dây Đeo SILICON dành Cho Samsung Galaxy watch 3 45 mm Chất Lượng cao,95000.0,95000.0,0.0,0.0,0,,https://tiki.vnday-deo-silicon-danh-cho-samsung-galaxy-watch-3-45-mm-chat-luong-cao-p161522918.html?spid=161522968,dây đeo silicon dành
161522858,Dây Milanese thép 22mm dây Xiaomi Miwatch Color Sport,99000.0,99000.0,0.0,0.0,0,,https://tiki.vnday-milanese-thep-22mm-day-xiaomi-miwatch-color-sport-p161522858.html?spid=161522880,dây milanese thép mm
144084918,Dây đồng hồ nam da Saffiano Bụi Leather D112 - Da bò thật khâu tay thủ công cao cấp - Bảo Hành 12 tháng,321000.0,321000.0,0.0,4.5,37,,https://tiki.vnday-dong-ho-nam-da-saffiano-bui-leather-d112-da-bo-that-khau-tay-thu-cong-cao-cap-bao-hanh-12-thang-p144084918.html?spid=144084924,dây đồng hồ nam da
136364000,Khuyên tai bạc 925 thiết kế nối tiếp nhau trẻ trung mới lạ độc đáo lấp lánh long lanh Dế Bạc - K6012,199000.0,199000.0,0.0,0.0,0,,https://tiki.vnkhuyen-tai-bac-925-thiet-ke-noi-tiep-nhau-tre-trung-moi-la-doc-dao-lap-lanh-long-lanh-de-bac-k6012-p136364000.html?spid=136364007,khuyên tai bạc 925 thiết kế
127567569,"Vòng tay huyết áp Nhật bản, Nữ, Dài 21cm, rộng 0.7cm, mẫu Tahoma-007, Kèm hộp đựng Crown.X",407040.0,768000.0,360960.0,3.5,2,,https://tiki.vnvong-tay-huyet-ap-nhat-ban-nu-dai-21cm-rong-0-7cm-mau-tahoma-007-kem-hop-dung-crown-x-p127567569.html?spid=127567571,vòng tay huyết áp nhật bản nữ dài
76103245,Đồng hồ nữ Julius Hàn Quốc JA-544 dây da mặt oval (nhiều màu),890000.0,890000.0,0.0,5.0,2,,https://tiki.vndong-ho-nu-julius-han-quoc-ja-544-day-da-mat-oval-nhieu-mau-p76103245.html?spid=76103251,đồng hồ nữ julius hàn quốc
63213891,Đồng hồ nam dây thép không gỉ SRWATCH SG3006.1202CV,1120000.0,1120000.0,0.0,0.0,0,,https://tiki.vndong-ho-nam-day-thep-khong-gi-srwatch-sg3006-1202cv-p63213891.html?spid=66545009,đồng hồ nam dây thép gỉ
54859508,Nhẫn chỉ trơn khắc 9999 mạ 24k cao cấp,55300.0,79000.0,23700.0,4.5,16,,https://tiki.vnnhan-chi-tron-khac-9999-ma-24k-cao-cap-p54859508.html?spid=74210522,nhẫn trơn khắc 9999 mạ
51724424,Đồng Hồ Nam Bulova Dây Da 97F55 - Mặt Đen ,4900000.0,4900000.0,0.0,0.0,0,,https://tiki.vndong-ho-nam-bulova-day-da-97f55-mat-den-p51724424.html?spid=51724425,đồng hồ nam bulova dây
42551668,Đồng Hồ Nam SRwatch SG5841.1402 - Sapphire - 39mm - Quartz (Pin) - Dây kim loại,3050000.0,3050000.0,0.0,0.0,0,,https://tiki.vndong-ho-srwatch-nam-sg5841-1402-39-mm-quartz-pin-day-kim-loai-p42551668.html?spid=42551669,đồng hồ nam srwatch sg5841
33630695,Vòng tay chỉ đỏ con mèo may mắn,20300.0,29000.0,8700.0,5.0,31,,https://tiki.vnvong-tay-chi-do-con-meo-may-man-p33630695.html?spid=33630696,vòng tay đỏ con mèo may mắn
29138413,Bông tai nam độc lạ,24500.0,35000.0,10500.0,4.7,31,,https://tiki.vnbong-tai-nam-doc-la-p29138413.html?spid=29138423,bông tai nam độc lạ
13630093,Đồng hồ nam dây nhựa Casio W-218H-4BVDF,751120.0,916000.0,164880.0,5.0,1,,https://tiki.vndong-ho-nam-day-nhua-casio-w-218h-4bvdf-p13630093.html?spid=95218005,đồng hồ nam dây nhựa
11123060,Đồng Hồ Citizen Nam Cơ-Automatic Dây Cao Su NY0083-14X - Mặt Nâu Đỏ,8900000.0,8900000.0,0.0,0.0,0,,https://tiki.vndong-ho-nam-citizen-day-cao-su-ny0083-14x-mat-nau-p11123060.html?spid=11123061,đồng hồ citizen nam cơ automatic
10577694,Đồng hồ Casio nữ dây da LTP-V006GL-7BUDF (25mm),917580.0,1119000.0,201420.0,0.0,0,,https://tiki.vndong-ho-casio-nu-day-da-ltp-v006gl-7budf-25mm-p10577694.html?spid=41343537,đồng hồ casio nữ dây
5197453,Đá Moissanite diamond 5ly,1125000.0,1125000.0,0.0,0.0,0,,https://tiki.vnda-moissanite-diamond-5ly-p5197453.html?spid=109709502,đá moissanite diamond
278877627,"Vòng tay phong thủy đá Mắt Hổ vàng nâu tự nhiên kiểu bánh xe loại 5A size hạt 10 li, tài lộc vượng phát vòng tay nam vòng tay nữ",500000.0,500000.0,0.0,0.0,0,,https://tiki.vnvong-tay-phong-thuy-da-mat-ho-vang-nau-kieu-banh-xe-loai-5a-tai-loc-vuong-phat-hoa-minh-gem-p278877627.html?spid=278877628,vòng tay phong thủy đá mắt
278851157,Đồng hồ đeo tay Omega B391 Máy Pin Hàng chính hãng,280000.0,280000.0,0.0,0.0,0,,https://tiki.vndong-ho-deo-tay-omega-b391-may-pin-hang-chinh-hang-p278851157.html?spid=278851158,đồng hồ đeo tay omega
278535126,Vòng tay nam - Lắc tay nam titan cao cấp đẹp sang trọng inox ziczac vuông trangsucpt cỡ 9mm PTLTNA79,191000.0,191000.0,0.0,0.0,0,,https://tiki.vnvong-tay-nam-lac-tay-nam-titan-cao-cap-dep-sang-trong-inox-ziczac-vuong-trangsucpt-co-9mm-ptltna79-p278535126.html?spid=278535409,vòng tay nam lắc tay
278456458,Đèn Pha Led Bi Cầu Mini T90 PRO 12000LM 120w Siêu Sáng Chân H4 Gắn Ô tô và Xe Máy Bảo Hành 12 Tháng,399000.0,399000.0,0.0,0.0,0,,https://tiki.vnden-pha-led-bi-cau-mini-t90-pro-12000lm-120w-sieu-sang-chan-h4-gan-o-to-va-xe-may-bao-hanh-12-thang-p278456458.html?spid=278456459,đèn pha led bi cầu mini
278116917,Đồng hồ nữ Julius Hàn Quốc JA-953 bảo hành 12 tháng,890000.0,890000.0,0.0,0.0,0,,https://tiki.vndong-ho-nu-julius-han-quoc-ja-953-bao-hanh-12-thang-p278116917.html?spid=278116919,đồng hồ nữ julius hàn quốc
275168446,￼Hộp Xoay Đồng Hồ Cơ Dành Cho 3 Chiếc Chất Liệu Da,550000.0,550000.0,0.0,5.0,2,,https://tiki.vnhop-xoay-dong-ho-co-danh-cho-3-chiec-chat-lieu-da-p275168446.html?spid=275168447,hộp xoay đồng hồ cơ
274865999,Dây đeo cho Huawei Watch 5/ 4/ 4 Pro/ 3/ 3 Pro/ GT6/ GT5/ GT4/ GT3/ GT3 Pro/ GT2/ Buds/ GT/ GT Runner/ GT2e (D165),149000.0,149000.0,0.0,0.0,0,,https://tiki.vnday-deo-cho-huawei-watch-4-4-pro-3-3-pro-gt4-gt3-gt3-pro-gt2-buds-gt-gt-runner-gt2e-d165-p274865999.html?spid=275823119,dây đeo huawei watch
274535263,Đồng hồ nam SRWATCH Skeleton SG19193.4902,7450000.0,7450000.0,0.0,0.0,0,,https://tiki.vndong-ho-nam-srwatch-skeleton-sg19193-4902-p274535263.html?spid=274535264,đồng hồ nam srwatch skeleton
274402301,Đồng hồ nam Casio MTP-V002D-1BUDF,902160.0,1074000.0,171840.0,0.0,0,,https://tiki.vndong-ho-nam-casio-mtp-v002d-1budf-p274402301.html?spid=274402302,đồng hồ nam casio mtp
272124558,Dây đeo cho Xiaomi Watch S2/ S1/ S1 Active/ S1 Pro/ Mi Watch/ Haylou LS05/ RT/ RT2/ RT3/ Befit B3/ B4/ Sporty 2/ 2 Pro (DC),139000.0,139000.0,0.0,5.0,1,,https://tiki.vnday-deo-xiaomi-watch-s1-s1-active-s1-pro-mi-watch-haylou-ls05-rt-rt2-rt3-befit-b3-b4-sporty-2-2-pro-dc-p272124558.html?spid=272124598,dây đeo xiaomi watch
271590435,Dây Thép cho Redmi Watch 3 Active (DTMI3A),149000.0,149000.0,0.0,0.0,0,,https://tiki.vnday-thep-redmi-watch-3-active-lite-dtmi3a-p271590435.html?spid=271590439,dây thép redmi watch
252632740,Dây đồng hồ cho Amazfit Active/ Active 2/ GTS 4/ 3/ GTS/ 2/ 2e/ 2 mini/ 4 mini/ Bip 3/ 3 Pro/ Bip U (DGNT),99000.0,99000.0,0.0,5.0,3,,https://tiki.vnday-dong-ho-cho-amazfit-gts-4-3-gts-2-2e-2-mini-4-mini-bip-3-3-pro-bip-u-dgnt-p252632740.html?spid=252632764,dây đồng hồ amazfit active
251407298,"Dây Đồng Hồ Da Bò Italy Cao Cấp Màu Trắng Size 14/16/18/20/22mm - Dây Da Đồng Hồ Da Bò Thật 100%, Bảo Hành 12T",640000.0,640000.0,0.0,0.0,0,,https://tiki.vnday-dong-ho-da-bo-italy-cao-cap-mau-trang-size-14-16-18-20-22mm-day-da-dong-ho-da-bo-that-100-bao-hanh-12t-p251407298.html?spid=251407312,dây đồng hồ da bò italy
225918089,Đồng Hồ Nữ Julius Hàn Quốc JA-703,552000.0,552000.0,0.0,0.0,0,,https://tiki.vndong-ho-nu-julius-han-quoc-ja-703-p225918089.html?spid=225918096,đồng hồ nữ julius hàn quốc
206596115,ĐỒNG HỒ NAM CƠ TỰ ĐỘNG CHÍNH HÃNG AOKULASIC DÂY THÉP ĐÚC ĐẶC KHÓA BƯỚM KÍNH SAPHIRE - CÓ LỊCH NGÀY AOK69,1390000.0,2780000.0,1390000.0,5.0,1,,https://tiki.vndong-ho-nam-co-tu-dong-chinh-hang-aokulasic-day-thep-duc-dac-khoa-buom-kinh-saphire-co-lich-ngay-aok69-p206596115.html?spid=206629003,đồng hồ nam cơ tự động hãng
199043878,Dây đồng hồ da bò nhiều size màu nâu đen HJ8112-26-40,89500.0,179000.0,89500.0,5.0,1,,https://tiki.vnday-dong-ho-da-bo-nhieu-size-mau-nau-den-hj8112-26-40-p199043878.html?spid=199043890,dây đồng hồ da bò nhiều
191453328,Pin Nhật Maxell SR621SW / SR621 / 621 / 364 / AG1 / LR621 Chính Hãng 1 Viên,15000.0,15000.0,0.0,0.0,0,,https://tiki.vnpin-nhat-maxell-sr621sw-sr621-621-364-ag1-lr621-chinh-hang-1-vien-p191453328.html?spid=199562637,pin nhật maxell sr621sw
183561854,Vòng tay lắc tay chuỗi hạt phong cách Hàn Quốc khí chất,85000.0,85000.0,0.0,0.0,0,,https://tiki.vnvong-tay-lac-tay-chuoi-hat-phong-cach-han-quoc-khi-chat-p183561854.html?spid=183561855,vòng tay lắc tay chuỗi
177896565,Dây đồng hồ caosu silicon size dây 20/22mm,95000.0,95000.0,0.0,4.7,11,,https://tiki.vnday-dong-ho-caosu-silicon-size-day-20-22mm-p177896565.html?spid=177896597,dây đồng hồ caosu silicon
154073615,Set Dây Chuyền Vàng 14K Đính Đá CZ,9750000.0,9750000.0,0.0,0.0,0,,https://tiki.vnset-day-chuyen-vang-14k-dinh-da-cz-p154073615.html?spid=154073616,set dây chuyền vàng k
153584092,"Khuyên tai, Bông tai Thời Trang Hàn Quốc Mạ Bạc 925 Hình Tròn Cao Cấp Cho Nữ",44000.0,44000.0,0.0,0.0,0,,https://tiki.vnkhuyen-tai-bong-tai-thoi-trang-han-quoc-ma-bac-925-hinh-tron-cao-cap-cho-nu-p153584092.html?spid=153584096,khuyên tai bông tai thời trang
149495852,Dây đeo Huawei Watch GT3/ GT2/ GT2 Pro/ GT2e/ GT Runner (DGT),115000.0,115000.0,0.0,4.8,4,,https://tiki.vnday-deo-huawei-watch-gt3-gt2-gt2-pro-gt2e-gt-runner-dgt-p149495852.html?spid=149495900,dây đeo huawei watch
147796030,Đồng Hồ Nam Dây Nhựa Casio G-Shock GA-900AS-7ADR Chính Hãng  - GA-900AS-7A,4960000.0,4960000.0,0.0,5.0,1,,https://tiki.vndong-ho-nam-day-nhua-casio-g-shock-ga-900as-7adr-chinh-hang-ga-900as-7a-p147796030.html?spid=147796031,đồng hồ nam dây nhựa
145763626,"10 Viên Pin Cúc Áo LR41 - AG3 - L736 Vinnic 1,5V",18000.0,18000.0,0.0,5.0,2,,https://tiki.vnpin-lr41-ag3-l736f-vi-10-vien-pin-cuc-ao-vinnic-p145763626.html?spid=145763627,
109473288,Đồng Hồ Điện Tử Nữ Casio LA-20WH-1A Dây Nhựa,656880.0,782000.0,125120.0,0.0,0,,https://tiki.vndong-ho-dien-tu-nu-casio-la-20wh-1a-day-nhua-p109473288.html?spid=109473289,đồng hồ điện tử nư casio la
80946681,Vòng tay hạt đậu đỏ - Hồng đậu - tình yêu nồng thắm kèm hộp sang trọng,49000.0,49000.0,0.0,5.0,8,,https://tiki.vnvong-tay-hat-dau-do-hong-dau-tinh-yeu-nong-tham-kem-hop-sang-trong-p80946681.html?spid=80946685,hạt đậu đỏ hồng đậu
59748549,Dây chuyền thời trang nữ titan không gỉ ấn tượng,129000.0,129000.0,0.0,0.0,0,,https://tiki.vnday-chuyen-thoi-trang-nu-titan-khong-gi-an-tuong-p59748549.html?spid=59748550,dây chuyền thời trang nữ titan
51104756,Dây chuyền nam tính thời trang vĩnh viễn không đen,52430.0,74900.0,22470.0,4.6,34,,https://tiki.vnday-chuyen-nam-tinh-thoi-trang-vinh-vien-khong-den-p51104756.html?spid=51104766,dây chuyền nam tính thời trang vĩnh viễn
29796798,Khuyên tai sợi xích dài mix hình chữ nhật cá tính phong cách kpop (1 chiếc),60000.0,60000.0,0.0,0.0,0,,https://tiki.vnkhuyen-tai-soi-xich-dai-mix-hinh-chu-nhat-ca-tinh-phong-cach-kpop-1-chiec-p29796798.html?spid=34913936,khuyên tai sợi xích
29787258,"Bộ chocker dự tiệc 2 món sang trọng, quý phái",112000.0,112000.0,0.0,0.0,0,,https://tiki.vnbo-chocker-du-tiec-2-mon-sang-trong-quy-phai-p29787258.html?spid=29787259,chocker dự tiệc món
24185501,CHIẾC VÒNG VÒNG ĐEO TAY SIZE 14LY GỒM 14 HẠT ĐÁ CẨM THẠCH NAM MỆNH MỘC MỆNH HỎA,275000.0,275000.0,0.0,0.0,0,,https://tiki.vnchiec-vong-vong-deo-tay-size-14ly-gom-14-hat-da-cam-thach-nam-menh-moc-menh-hoa-p24185501.html?spid=79321876,vòng vòng đeo tay size
19761006,TOURMALINE MÀU TỰ NHIÊN KIỂU HẠT TRÒN TRÒN NỮ TẤT CẢ CÁC MỆNH,638000.0,1160000.0,522000.0,0.0,0,,https://tiki.vntourmaline-mau-tu-nhien-kieu-hat-tron-tron-nu-tat-ca-cac-menh-p19761006.html?spid=19761007,tourmaline màu tự nhiên kiểu
12737657,Vòng tay nam nữ 108 hạt 6 ly gỗ đàn hương,59500.0,85000.0,25500.0,4.6,28,,https://tiki.vnvong-tay-nam-nu-108-hat-6-ly-go-dan-huong-p12737657.html?spid=76551678,vòng tay nam nữ hạt ly
12402345,Đồng hồ nữ dây nhựa Casio LW-200-7AVDF,889700.0,1085000.0,195300.0,0.0,0,,https://tiki.vndong-ho-nu-day-nhua-casio-lw-200-7avdf-p12402345.html?spid=41403884,đồng hồ nữ dây nhựa
11581877,Vòng cổ mặt gỗ hoàng đàn phật - Thiên Thủ Thiên Nhãn - tuổi Tý,163900.0,163900.0,0.0,0.0,0,,https://tiki.vnvong-co-mat-go-hoang-dan-phat-thien-thu-thien-nhan-tuoi-ty-p11581877.html?spid=11581878,vòng cổ mặt gỗ hoàng phật
10933205,Vòng cổ choker tattoo V48,16000.0,16000.0,0.0,5.0,2,,https://tiki.vnvong-co-choker-tattoo-v48-p10933205.html?spid=10933206,vòng cổ choker tattoo
7810491,Đồng hồ nam dây thép phiên bản đặc biệt đổi màu G70802.204.212,1250000.0,1250000.0,0.0,3.7,3,,https://tiki.vndong-ho-nam-day-thep-phien-ban-dac-biet-doi-mau-g70802-204-212-p7810491.html?spid=51246604,đồng hồ nam dây thép phiên bản
1046516,Đồng Hồ Nữ Dây Da Casio LTP-1094Q-7B6RDF (24mm) - Nâu,880680.0,1074000.0,193320.0,4.8,6,,https://tiki.vndong-ho-nu-day-da-casio-ltp-1094q-7b6rdf-24mm-nau-p1046516.html?spid=41345411,đồng hồ nữ dây da
749594,Bông Tai Khuyên Tròn Winwinshop88 BT233 (16mm) – Bạc,15000.0,15000.0,0.0,1.0,1,,https://tiki.vnbong-tai-khuyen-tron-winwinshop88-bt233-16mm-bac-p749594.html?spid=7298081,bông tai khuyên tròn winwinshop88
749578,Bông Tai Hình Tròn Winwinshop88 BT129 (8mm) - Đen,35000.0,35000.0,0.0,0.0,0,,https://tiki.vnbong-tai-hinh-tron-winwinshop88-bt129-8mm-den-p749578.html?spid=7256103,bông tai hình tròn winwinshop88
278949593,"Mặt dây chuyền bạc đính đá hình hoa mai 8 cánh xinh xắn, bạc nguyên chất",300000.0,300000.0,0.0,0.0,0,,https://tiki.vnmat-day-chuyen-bac-dinh-da-hinh-hoa-mai-8-canh-xinh-xan-bac-nguyen-chat-osc0254-hoa-minh-gem-p278949593.html?spid=278949594,mặt dây chuyền bạc đính
278943391,Vòng tay dây cáp đỏ phối lu thống Cẩm Thạch xanh lý táo size 9x18 li phong thủy may mắn,680000.0,680000.0,0.0,0.0,0,,https://tiki.vnvong-tay-day-cap-do-phoi-lu-thong-cam-thach-xanh-ly-tao-size-9x18-li-phong-thuy-may-man-hoa-minh-gem-p278943391.html?spid=278943392,vòng tay dây cáp đỏ phối lu thống
278905160,"Nhẫn đá Mã Não trắng độ dày 6 li, size 6-7, đường kính 16.5-17mm, phong thủy mệnh Kim mệnh Thủy | Hoa Minh Gem",189000.0,189000.0,0.0,0.0,0,,https://tiki.vnnhan-da-ma-nao-trang-do-day-6-li-size-6-7-duong-kinh-16-5-17mm-phong-thuy-menh-kim-menh-thuy-hoa-minh-gem-p278905160.html?spid=278943068,nhẫn đá mã não trắng độ
278883976,Vòng tay đá Mắt Hổ vàng nâu size 14x10 li chất 4A kiểu lu thống phối xen kẽ viên mắt hổ tròn,480000.0,480000.0,0.0,0.0,0,,https://tiki.vnvong-tay-da-mat-ho-vang-nau-size-14x10-li-chat-4a-kieu-lu-thong-phoi-xen-ke-vien-mat-ho-tron-khong-ken-menh-hoa-minh-gem-p278883976.html?spid=278884279,vòng tay đá mắt hổ
278536636,Dây chuyền nam titan cao cấp thời trang inox thép không gỉ kiểu bông dừa trangsucpt 7mm PTDCNA170,80000.0,80000.0,0.0,0.0,0,,https://tiki.vnday-chuyen-nam-titan-cao-cap-thoi-trang-inox-thep-khong-gi-kieu-bong-dua-trangsucpt-7mm-ptdcna170-p278536636.html?spid=278537889,dây chuyền nam titan cao cấp thời trang
278438155,"đèn trợ sáng bi cầu mini 3 chế độ siêu sáng , hàng nguồn nhôm loại tốt",259000.0,259000.0,0.0,0.0,0,,https://tiki.vnden-tro-sang-bi-cau-mini-3-che-do-sieu-sang-hang-nguon-nhom-loai-tot-p278438155.html?spid=278438157,đèn trợ sáng mini chế độ
274865814,Dây đeo Amazfit GTR 4/ 3/ 3 Pro/ 2/ 2e/ Active/ Active 2/ Edge/ GTS 4/ 3/ 2/ Bip 6/ 5/ 3/ 3 Pro/ Redmi Watch 5 Active/ 5 Lite/ Bip U/ Cheetah/ Balance (D165),149000.0,149000.0,0.0,5.0,1,,https://tiki.vnday-deo-amazfit-gtr-4-3-3-pro-2-2e-active-edge-gts-4-3-2-bip-5-3-3-pro-bip-u-cheetah-balance-d165-p274865814.html?spid=275823018,dây đeo amazfit gtr
271003379,Ốp bảo vệ cho Redmi Watch 3 Active/ Lite - Chất PC + kính cường lực (OCLMI3A),120000.0,120000.0,0.0,5.0,1,,https://tiki.vnop-bao-ve-cho-redmi-watch-3-active-lite-chat-pc-kinh-cuong-luc-oclmili3-p271003379.html?spid=271003381,ốp bảo vệ redmi watch
247439268,Vòng Gỗ Cẩm Đỏ Đỏ Đốt Trúc TOKDODO Đủ Size,50000.0,50000.0,0.0,0.0,0,,https://tiki.vnvong-go-cam-do-do-dot-truc-tokdodo-du-size-p247439268.html?spid=247439276,vòng gỗ cẩm đỏ đỏ
239712320,Dây Đeo Cao Su Thay Thế Cho Xiaomi Miband 5 và Miband 6 Chất Lượng cao,30000.0,30000.0,0.0,5.0,2,,https://tiki.vnday-deo-cao-su-thay-the-cho-xiaomi-miband-5-va-miband-6-chat-luong-cao-p239712320.html?spid=239712340,dây đeo cao su thay thế
216451054,Pin Renata SR920SW 371 Thuỵ Sĩ Viên Rời Cho Đồng Hồ Đeo Tay,30000.0,30000.0,0.0,4.7,3,,https://tiki.vnpin-renata-sr920sw-371-thuy-si-vien-roi-cho-dong-ho-deo-tay-p216451054.html?spid=216451056,pin renata sr920sw 371
205723021,Pin Maxell Nhật Bản SR726SW / 397 (Viên Lẻ) Hàng Chính Hãng Made in Japan,45000.0,45000.0,0.0,5.0,1,,https://tiki.vnpin-maxell-nhat-ban-sr726sw-397-vien-le-hang-chinh-hang-made-in-japan-p205723021.html?spid=205723023,pin maxell nhật bản sr726sw
197654545,[ FREESHIP ] Đồng Hồ Casio Nam WS-1400H-1BV Chính Hãng,1047140.0,1277000.0,229860.0,0.0,0,,https://tiki.vnfreeship-dong-ho-casio-nam-ws-1400h-1bv-chinh-hang-p197654545.html?spid=197654547,đồng hồ casio nam ws
196675531,Đồng Hồ Casio nam W-218HD-1AV Dây Kim Loại Mặt Vuông,1189820.0,1451000.0,261180.0,0.0,0,,https://tiki.vndong-ho-casio-nam-w-218hd-1av-day-kim-loai-ma-t-vuong-p196675531.html?spid=196675532,đồng hồ casio nam w
182744755,Pin Đồng Hồ Đeo Tay 1 Viên Maxell Nhật Bản Nhiều Cỡ Lựa Chọn,20000.0,20000.0,0.0,0.0,0,,https://tiki.vnpin-dong-ho-deo-tay-1-vien-maxell-nhat-ban-nhieu-co-lua-chon-p182744755.html?spid=182744769,pin đồng hồ đeo tay
134677518,Dây đeo cho Samsung Watch 7/ FE/ 6/ 6 Classic/ 5/ 5 Pro/ Watch 4/ Watch 4 Classic (DSG),140000.0,140000.0,0.0,4.8,4,,https://tiki.vnday-samsung-watch-4-watch-4-classic-chat-silicone-p134677518.html?spid=134677531,dây đeo samsung watch
116409360,Vòng tay Thạch Anh Mắt Hổ vàng nâu 12mm cao cấp chuẩn 5A,640000.0,640000.0,0.0,0.0,0,,https://tiki.vnvong-tay-thach-anh-mat-ho-vang-nau-12mm-cao-cap-chuan-5a-p116409360.html?spid=116409361,vòng tay thạch mắt hổ
115790177,Khuyên tai thần tượng KPOP unisex kiểu dáng punk rock 1 CHIẾC,44000.0,44000.0,0.0,0.0,0,,https://tiki.vnkhuyen-tai-than-tuong-kpop-unisex-kieu-dang-punk-rock-1-chiec-p115790177.html?spid=115790181,khuyên tai thần tượng kpop
115552275,Khuyên tai nam nhiều mẫu KPOP hot hit,30000.0,30000.0,0.0,0.0,0,,https://tiki.vnkhuyen-tai-nam-nhieu-mau-kpop-hot-hit-p115552275.html?spid=115552289,khuyên tai nam nhiều mẫu
112811574,VÒNG TAY HUYẾT ÁP,1789000.0,1789000.0,0.0,0.0,0,,https://tiki.vnvong-tay-huyet-ap-p112811574.html?spid=112811575,vòng tay
106393307,(TẶNG KÈM CHỐT VÀ DỤNG CỤ THAY DÂY) Dây đúc đồng hồ inox không rỉ 7 mắt đủ size 18mm 19mm 20mm 21mm 22mm,220000.0,220000.0,0.0,3.0,2,,https://tiki.vntang-kem-chot-va-dung-cu-thay-day-day-duc-dong-ho-inox-khong-ri-7-mat-du-size-18mm-19mm-20mm-21mm-22mm-p106393307.html?spid=106393403,dây đúc đồng hồ inox
106390163,"Dụng cụ tháo và lắp dây da, dây inox hai đầu chuyên nghiệp",55000.0,55000.0,0.0,5.0,1,,https://tiki.vndung-cu-thao-va-lap-day-da-day-inox-hai-dau-chuyen-nghiep-p106390163.html?spid=106390168,dụng cụ tháo lắp dây
100306632,Vòng Gỗ Trắc Hai Màu TOKDODO Vân Đặc Biệt VIP ( Hàng Nguyên Khối Không Ghép ),80000.0,80000.0,0.0,5.0,5,,https://tiki.vnvong-go-trac-hai-mau-tokdodo-van-dac-biet-vip-p100306632.html?spid=100306634,vòng gỗ trắc màu
94904921,Dây Chuyền Pha Lê Swarovski Ngôi Sao May Mắn,1719000.0,1719000.0,0.0,0.0,0,,https://tiki.vnday-chuyen-swarovski-ngoi-sao-may-man-p94904921.html?spid=94904922,dây chuyền pha lê swarovski ngôi sao
82952411,"Combo Vòng đeo tay Ngọc Trai Nuôi cấy tự nhiên đính đá Cẩm Thạch, KÈM BẢN PHOTOCOPY GIẤY KIỂM ĐỊNH, KÈM HỘP CUNG HỶ LÓT NHUNG, ĐÍNH HOA HỒNG",288000.0,288000.0,0.0,4.7,3,,https://tiki.vncombo-vong-deo-tay-ngoc-trai-nuoi-cay-tu-nhien-dinh-da-cam-thach-kem-ban-photocopy-giay-kiem-dinh-kem-hop-cung-hy-lot-nhung-dinh-hoa-hong-p82952411.html?spid=82952415,combo vòng đeo tay
72006539,Pin CR2032 Maxell Lithium 3V vỉ 5 viên,16800.0,16800.0,0.0,4.5,2,,https://tiki.vnpin-cr2032-maxell-lithium-3v-vi-5-vien-p72006539.html?spid=143339420,pin cr2032 maxell lithium
70663549,"Bộ Vòng đeo tay phong Thủy Gỗ Đàn Hương Lụa Vàng Tự Nhiên Ấn Độ, Kèm Hộp đựng lót nhung nỉ",145750.0,275000.0,129250.0,4.3,3,,https://tiki.vnbo-vong-deo-tay-phong-thuy-go-dan-huong-lua-vang-tu-nhien-an-do-kem-hop-dung-lot-nhung-ni-p70663549.html?spid=70663557,vòng đeo tay phong thủy
67608977,Bông tai tròn tua rua BTS tích hợp xỏ lỗ- kẹp vành 1 ĐÔI,92000.0,92000.0,0.0,0.0,0,,https://tiki.vnbong-tai-tron-tua-rua-bts-tich-hop-xo-lo-kep-vanh-1-doi-p67608977.html?spid=67608978,bông tai tròn tua rua bts tích
66892949,Đôi bông tai unisex BTS cá tính hiện đại,102000.0,102000.0,0.0,0.0,0,,https://tiki.vndoi-bong-tai-unisex-bts-ca-tinh-hien-dai-p66892949.html?spid=66892950,
44152821,Vòng Tay Trầm Hương Nam - 108 Hạt,120000.0,120000.0,0.0,4.6,5,,https://tiki.vnvong-tay-tram-huong-nam-108-hat-p44152821.html?spid=57044350,vòng tay trầm hương nam hạt
37769268,Bông Tai Nam Khoen Tròn Sơn Tùng Chất Liệu Thép Titan Ko Rỉ Ko Dị Ứng TT 0861 - 1 cặp,24500.0,35000.0,10500.0,4.7,75,,https://tiki.vnbong-tai-nam-khoen-tron-son-tung-chat-lieu-thep-titan-ko-ri-ko-di-ung-tt-0861-1-cap-p37769268.html?spid=46598989,tai nam khoen tròn sơn tùng
35393100,Set 12 bông tai nữ đá nụ xinh xắn,21000.0,21000.0,0.0,4.8,4,,https://tiki.vnset-12-bong-tai-nu-da-nu-xinh-xan-p35393100.html?spid=55096740,set
27733472,Vòng điều hoà huyết áp cải thiện sức khỏe FCM001 - Hàng nhập khẩu,198750.0,375000.0,176250.0,0.0,0,,https://tiki.vnvong-dieu-hoa-huyet-ap-cai-thien-suc-khoe-fcm001-hang-nhap-khau-p27733472.html?spid=127369434,vòng điều hòa huyết áp
25883195,Dây đồng hồ nam nữ Huy Hoàng da bò size nhỏ màu nâu đỏ-HT8104,89500.0,179000.0,89500.0,5.0,1,,https://tiki.vnday-dong-ho-nam-nu-huy-hoang-da-bo-size-nho-mau-nau-do-ht8104-p25883195.html?spid=25883203,dây đồng hồ nam nữ huy hoàng
25532657,Vòng Tay Đá Thạch Anh Đen Charm Bạc 925 Cầu,561000.0,561000.0,0.0,0.0,0,,https://tiki.vnvong-tay-da-thach-anh-den-charm-bac-925-cau-p25532657.html?spid=25532666,vòng tay đá thạch đen charm
19902207,Sợi Dây To Nam Đeo Cổ Với Mặt Phật Các Loại Khoen Chắc Đẹp Dài 24cm Dây Dầy 4mm,320000.0,320000.0,0.0,5.0,1,,https://tiki.vnsoi-day-to-nam-deo-co-voi-mat-phat-cac-loai-khoen-chac-dep-dai-24cm-day-day-4mm-p19902207.html?spid=19902208,sợi dây to nam
15069279,Combo 2 sợi dây vòng cổ cao su - xanh dương + vàng DCSXDV1,108900.0,108900.0,0.0,0.0,0,,https://tiki.vncombo-2-soi-day-vong-co-cao-su-xanh-duong-vang-dcsxdv1-p15069279.html?spid=15069280,combo sợi dây vòng
11405391,Vòng cổ choker tattoo V68 ren đen cá tính,16000.0,16000.0,0.0,0.0,0,,https://tiki.vnvong-co-choker-tattoo-v68-ren-den-ca-tinh-p11405391.html?spid=11405392,vòng cổ choker tattoo v68
10739029,"Vòng tay đá thạch anh đen khắc kinh phật mix charm cung hoàng đạo MS224 -M-8, Vòng tay phong thủy hợp mệnh Thủy, Mộc, Thổ cho nam và nữ",145000.0,145000.0,0.0,0.0,0,,https://tiki.vnvong-tay-da-thach-anh-den-khac-kinh-phat-mix-charm-cung-hoang-dao-ms224-vong-tay-phong-thuy-hop-menh-thuy-moc-tho-cho-nam-va-nu-p10739029.html?spid=84792844,vòng tay đá thạch đen khắc kinh phật
6415061,"Vòng đeo cổ phật A Di Đà đá mắt hổ 3.8cm - Phật bản mệnh tuổi Tuất, Hợi - Mặt phật size nhỏ",250000.0,250000.0,0.0,0.0,0,,https://tiki.vnvong-deo-co-a-di-da-da-mat-ho-3-8cm-p6415061.html?spid=6415063,vòng đeo cổ phật a di đà
278883998,Vòng chuỗi tay đá Cẩm Thạch tự nhiên lên bông trơn size hạt 8 li rất đẹp không kén mệnh,450000.0,450000.0,0.0,0.0,0,,https://tiki.vnvong-chuoi-tay-da-cam-thach-thien-nhien-len-bong-tron-size-8-li-khong-ken-menh-hoa-minh-gem-p278883998.html?spid=278885727,vòng chuỗi tay đá
277499464,Dây cho Garmin Fenix 8/E/ 7/ 7S/ 6/ 6S/ 5/ 5S/ 3/ Quatix 7/ Instinct 3/ 2/ 2S/ Forerunner 970/ 965/ 955/945/935/745 - Quickfit (DGM5),210000.0,210000.0,0.0,0.0,0,,https://tiki.vnday-garmin-fenix-8-e-7-7s-6-6s-5-5s-3-quatix-7-instinct-3-2-2s-forerunner-965-955-945-935-quickfit-dgm5-p277499464.html?spid=277510330,dây garmin fenix e
275517849,Bông tai hình Hoa Hồng phong cách vitage tiểu thư cho nữ,76000.0,76000.0,0.0,0.0,0,,https://tiki.vnbong-tai-hinh-hoa-hong-phong-cach-vitage-tieu-thu-cho-nu-p275517849.html?spid=275517850,bông tai hình hoa hồng phong cách
275193999,Hộp đựng đồng hồ gỗ Songmics 2 tầng - Đẳng cấp châu Âu Hàng chính hãng,1590000.0,1590000.0,0.0,5.0,1,,https://tiki.vnhop-dung-dong-ho-go-songmics-2-tang-dang-cap-chau-au-hang-chinh-hang-p275193999.html?spid=275194000,hộp đựng đồng hồ gỗ
274161790,"Dây Đeo Đồng Hồ COROS PACE 3, APEX 2 Pro,...22mm - Silicon",780000.0,780000.0,0.0,5.0,1,,https://tiki.vnhang-chinh-hang-day-deo-dong-ho-coros-pace-3-apex-2-pro-22mm-silicon-p274161790.html?spid=274161798,dây đeo đồng hồ coros
272390631,Đồng hồ Nam Citizen Quartz BI1032-58L 42mm,3660000.0,3660000.0,0.0,0.0,0,,https://tiki.vndong-ho-nam-citizen-quartz-bi1032-58l-42mm-p272390631.html?spid=272390632,đồng hồ nam citizen quartz
271617094,"Dây Thép cho MI Band 8 Pro/ Band 9 Pro/ Redmi Watch 5/ 4 - Dây Thép, khóa nam châm (DTB8P)",130000.0,130000.0,0.0,5.0,2,,https://tiki.vnday-thep-cho-mi-band-8-pro-day-thep-khoa-nam-cham-dtb8p-p271617094.html?spid=271617100,dây thép
270772685,"Cuộn Dây Thun CO GIÃN màu Trắng xỏ vòng hạt chuỗi Dây này là dây thun chuyên xỏ vòng chuỗi màu Trắng, có đủ màu Anh Chị đang đeo chuỗi muốn thay dây khác cho vòng thì đặt cuộn Thun chỉ này nhé ",63000.0,90000.0,27000.0,5.0,1,,https://tiki.vncuon-day-thun-co-gian-mau-trang-xo-vong-hat-chuoi-day-nay-la-day-thun-chuyen-xo-vong-chuoi-mau-trang-co-du-mau-anh-chi-dang-deo-chuoi-muon-thay-day-khac-cho-vong-thi-dat-cuon-thun-chi-nay-nhe-p270772685.html?spid=270772686,cuộn dây thun co giãn màu
229696872,Dây đồng hồ silicon khoá nam châm dành cho Xiaomi Miwatch / S1 / S1 Active,125000.0,125000.0,0.0,5.0,6,,https://tiki.vnday-dong-ho-silicon-khoa-nam-cham-danh-cho-xiaomi-miwatch-s1-s1-active-p229696872.html?spid=229696940,dây đồng hồ silicon khóa nam châm
216104520,"Dây Đồng Hồ Da Bò Italy Cao Cấp Màu Đen Size 15/17/19/21/23/25mm - Dây Da Đồng Hồ Da Bò Thật 100%, Bảo Hành 12T",640000.0,640000.0,0.0,4.0,2,,https://tiki.vnday-dong-ho-da-bo-italy-cao-cap-mau-den-size-15-17-19-21-23-25mm-day-da-dong-ho-da-bo-that-100-bao-hanh-12t-p216104520.html?spid=242099019,dây đồng hồ da bò italy
212489482,Hộp Xoay Đồng Hồ Cơ SAIKE SAIKE S4602 Mẫu 4 Xoay 6 Tĩnh Vỏ Da Cá Sấu Màu Đen Sang Trọng,1450000.0,1450000.0,0.0,5.0,2,,https://tiki.vnhop-xoay-dong-ho-co-saike-saike-s4602-mau-4-xoay-6-tinh-vo-da-ca-sau-mau-den-sang-trong-p212489482.html?spid=212489483,hộp xoay đồng hồ cơ saike
208411904,Dây Đeo Đồng Hồ Da Bò Thật Hai Mặt Size 21mm 19mm 24mm Tặng Kèm Hộp Chốt Dụng cụ,200000.0,200000.0,0.0,4.5,4,,https://tiki.vnday-deo-dong-ho-da-bo-that-hai-mat-size-21mm-19mm-24mm-tang-kem-hop-chot-dung-cu-p208411904.html?spid=208411950,dây đeo đồng hồ da bò
203506595,HỘP XOAY ĐỒNG HỒ CƠ TỦ ĐỨNG Mẫu tủ đứng xoay 2 đồng hồ cao cấp,1359000.0,1359000.0,0.0,5.0,1,,https://tiki.vnhop-xoay-dong-ho-co-tu-dung-mau-tu-dung-xoay-2-dong-ho-cao-cap-p203506595.html?spid=203506596,hộp xoay đồng hồ cơ tủ
193911023,Dây Da Đồng Hồ ZRC Pháp Dòng BOSTON Da Bò Nâu Vân Sần,323000.0,380000.0,57000.0,0.0,0,,https://tiki.vnday-da-dong-ho-zrc-phap-dong-boston-da-bo-nau-van-san-p193911023.html?spid=193911025,dây da đồng hồ zrc pháp
189618741,Vòng Tay Đá Thạch Anh Tóc Đỏ,750000.0,750000.0,0.0,0.0,0,,https://tiki.vnvong-tay-da-thach-anh-toc-do-p189618741.html?spid=189618743,vòng tay đá thạch tóc đỏ
179774913,Đồng Hồ Casio W-218HC-4AVDF Dây Nhựa Màu Hồng - Mặt Vuông - WR50M,751120.0,916000.0,164880.0,0.0,0,,https://tiki.vndong-ho-casio-w-218hc-4avdf-day-nhua-mau-hong-mat-vuong-wr50m-p179774913.html?spid=179774914,đồng hồ casio w 218
176661061,Vòng Tay  Lắc Tay Nữ Bạc 925 Chữ X Đính Đá Nhân Tạo BẠC HIỂU MINH LTU556,590000.0,590000.0,0.0,0.0,0,,https://tiki.vnvong-tay-lac-tay-nu-bac-925-chu-x-dinh-da-nhan-tao-bac-hieu-minh-ltu556-p176661061.html?spid=176661062,vòng tay lắc tay nữ
176071770,Dây đồng hồ cao su silicon cao dấp dành cho Xiaomi Mi watch,70000.0,70000.0,0.0,4.6,7,,https://tiki.vnday-dong-ho-cao-su-silicon-cao-dap-danh-cho-xiaomi-mi-watch-p176071770.html?spid=176071836,dây đồng hồ cao su silicon
134441706,Dây đồng hồ Haylou Solar LS05/ RT LS05S/ Mi Watch (DGNT),99000.0,99000.0,0.0,4.8,5,,https://tiki.vnday-dong-ho-haylou-solar-ls05-rt-ls05s-mi-watch-day-silicone-p134441706.html?spid=134441734,dây đồng hồ haylou solar
115126012,"Hộp Đựng Đồng Hồ , Trang Sức 10 ngăn PaKaSa Loại Lớn 20 x 25 x 8 cm - Hàng Chính Hãng",203669.0,310000.0,106331.0,5.0,5,,https://tiki.vnhop-dung-dong-ho-trang-suc-10-ngan-pakasa-loai-lon-20-x-25-x-8-cm-hang-chinh-hang-p115126012.html?spid=115126014,hộp đựng đồng hồ trang sức
106391533,(TẶNG CHỐT VÀ DỤNG CỤ THAY DÂY)Dây đồng hồ da các màu đủ size đảm bảo ảnh thật và giá rẻ nhất thị trường,120000.0,120000.0,0.0,4.8,9,,https://tiki.vntang-chot-va-dung-cu-thay-day-day-dong-ho-da-cac-mau-du-size-dam-bao-anh-that-va-gia-re-nhat-thi-truong-p106391533.html?spid=106391973,dây đồng hồ da màu
106390176,Dây Đồng Hồ Cao Su Mềm Chống Nước Thay Thế Cho Đồng Hồ Đeo Tay,65000.0,65000.0,0.0,4.8,33,,https://tiki.vnday-dong-ho-cao-su-mem-chong-nuoc-thay-the-cho-dong-ho-deo-tay-p106390176.html?spid=106390237,dây đồng hồ cao su mềm
106276518,Đồng Hồ Nam Chính Hãng Casio AE-1200WHB-1BVDF Dây Nhựa,1151000.0,1455000.0,304000.0,0.0,0,,https://tiki.vndong-ho-nam-chinh-hang-casio-ae-1200whb-1bvdf-day-nhua-p106276518.html?spid=106276519,đồng hồ nam hãng casio
102758347,Bông tai ngọc trai phụ kiện xinh ,66500.0,95000.0,28500.0,3.0,2,,https://tiki.vnbong-tai-ngoc-trai-phu-kien-xinh-p102758347.html?spid=102758348,tai ngọc trai phụ kiện xinh
96028380,MẶT DÂY CHUYỀN KINH LUÂN ĐEO CỔ BẰNG ĐỒNG,350000.0,350000.0,0.0,0.0,0,,https://tiki.vnmat-day-chuyen-kinh-luan-deo-co-bang-dong-p96028380.html?spid=96028381,mặt dây chuyền kinh luân đeo
93819008,"Dây Thun Co Giản, Dây Cước Đàn Hồi Xỏ Chuỗi Hạt size 1mm dài 100m",47600.0,68000.0,20400.0,4.7,40,,https://tiki.vnday-thun-co-gian-day-cuoc-dan-hoi-xo-chuoi-hat-size-1mm-dai-100m-p93819008.html?spid=102751078,dây thun co giản dây
70120955,Vòng tay chuỗi đá phong thủy mắt hổ đỏ tỳ hưu,85000.0,85000.0,0.0,0.0,0,,https://tiki.vnvong-tay-chuoi-da-phong-thuy-mat-ho-do-ty-huu-p70120955.html?spid=157996155,vòng tay chuỗi đá phong thủy
66792697,CHIẾC VÒNG TAY NỮ LÝ SỊN SAO 55MM HÀNG CAO CẤP 100% CẨM THẠCH THIÊN NHIÊN XANH NGỌC ĐẬM VÂN RẤT SANG NỮ 55KG ĐẾN 65KG,2750000.0,5000000.0,2250000.0,0.0,0,,https://tiki.vnchiec-vong-tay-nu-ly-sin-sao-55mm-hang-cao-cap-100-cam-thach-thien-nhien-xanh-ngoc-dam-van-rat-sang-nu-55kg-den-65kg-p66792697.html?spid=66792698,vòng tay nữ lý sịn 55
58007416,"Đồng hồ đeo tay Nam hiệu JONAS & VERUS Y01646-Q3.GGWBG, Máy Pin (Quartz), Kính Sapphire, Dây Lưới thép không gỉ 316L",3150000.0,3150000.0,0.0,0.0,0,,https://tiki.vndong-ho-deo-tay-nam-hieu-jonas-verus-y01646-q3-ggwbg-may-pin-quartz-kinh-sapphire-day-luoi-thep-khong-gi-316l-p58007416.html?spid=58007417,đồng hồ đeo tay nam hiệu
52270521,Dây đồng hồ thép đúc không gỉ cao cấp YE-003,160000.0,160000.0,0.0,4.7,11,,https://tiki.vnday-dong-ho-thep-duc-khong-gi-cao-cap-ye-003-p52270521.html?spid=87213299,dây đồng hồ thép đúc
50274187,Dây Chuyền Nam Đốt Tròn Trúc Mạ Vàng Không Bay Màu + TẶNG LÁ BỒ ĐỀ MAY MẮN TÀI LỘC ĐỂ VÍ ĐIỆN THOẠI,199000.0,199000.0,0.0,4.0,1,,https://tiki.vnday-chuyen-nam-dot-tron-truc-ma-vang-khong-bay-mau-tang-la-bo-de-may-man-tai-loc-de-vi-dien-thoai-p50274187.html?spid=50274188,dây chuyền nam đốt tròn trúc mạ
34512247,Vòng tay điều hòa huyết áp bằng thép Titan - Hàng nhập khẩu,258640.0,488000.0,229360.0,0.0,0,,https://tiki.vnvong-tay-dieu-hoa-huyet-ap-bang-thep-titan-hang-nhap-khau-p34512247.html?spid=127551159,vòng tay điều hòa huyết áp
33008321,Đồng Hồ Nữ Julius Star Hàn Quốc JS-031 Mặt Kính Sapphire Dây Da,1999000.0,1999000.0,0.0,0.0,0,,https://tiki.vndong-ho-nu-julius-star-han-quoc-js-031-mat-kinh-sapphire-day-da-p33008321.html?spid=41097953,đồng hồ nữ julius star
32910830,Bông tai hạt đá,52500.0,75000.0,22500.0,5.0,2,,https://tiki.vnbong-tai-hat-da-p32910830.html?spid=72885538,tai hạt đá
14791322,Đồng hồ Casio nam dây da MTP-VT01L-1BUDF (40mm),1047000.0,1277000.0,230000.0,4.3,3,,https://tiki.vndong-ho-casio-nam-day-da-mtp-vt01l-1budf-40mm-p14791322.html?spid=101939115,đồng hồ casio nam dây
14035390,Dây đeo đồng hồ kim loại dạng bấm khóa thép không gỉ Size20mm-22mm,130000.0,130000.0,0.0,4.2,11,,https://tiki.vnday-deo-dong-ho-kim-loai-dang-bam-khoa-thep-khong-gi-p14035390.html?spid=66577655,dây đeo đồng hồ kim loại
11336478,Đồng hồ unisex Casio A158WA-1DF,802000.0,1014000.0,212000.0,4.8,4,,https://tiki.vndong-ho-unisex-casio-a158wa-1df-p11336478.html?spid=42264239,đồng hồ unisex casio a158wa
10568633,Mặt Đại Thế Chí Bồ Tát - thạch anh đen 4.3cm - tuổi Ngọ,130900.0,130900.0,0.0,0.0,0,,https://tiki.vnmat-dai-the-chi-bo-tat-thach-anh-den-4-3cm-tuoi-ngo-p10568633.html?spid=10568634,mặt đại thế chí bồ tát thạch đen
8708512,Mặt Phật Thiên Thủ Thiên Nhãn thạch anh xanh 4.3cm,130900.0,130900.0,0.0,0.0,0,,https://tiki.vnmat-phat-thien-thu-thien-nhan-thach-anh-xanh-4-3cm-p8708512.html?spid=8708513,mặt phật thiên thủ thiên nhãn thạch
888045,Bông Tai Kim Cương Nhân Tạo Gix Jewelry GE000003 - Trắng,490000.0,490000.0,0.0,0.0,0,,https://tiki.vnbong-tai-kim-cuong-nhan-tao-gix-jewelry-ge000003-trang-p888045.html?spid=946993,tai kim cương nhân tạo gix
278953742,"Mặt dây xoàn Nam Phi xanh lá bọc xoàn size 8x10 li kiều diễm, sang trọng",330000.0,330000.0,0.0,0.0,0,,https://tiki.vnmat-day-xoan-nam-phi-xanh-la-boc-xoan-size-8x10-li-os16702f-hoa-minh-gem-p278953742.html?spid=278953743,mặt dây xoàn nam phi xanh
278943411,Mặt dây chuyền cụ Tỳ Hưu Kim Tài Lộc chất đá Mắt Hổ đỏ nâu tự nhiên size 16.8x29mm,255000.0,255000.0,0.0,0.0,0,,https://tiki.vnkem-day-mat-day-chuyen-cu-ty-huu-kim-tai-loc-chat-da-mat-ho-do-nau-tu-nhien-size-16-8x29mm-c0188-hoa-minh-gem-p278943411.html?spid=278943412,mặt dây chuyền cụ tỳ hưu
278898476,"Vòng tay đá Thạch Anh Tóc Vàng tự nhiên VVIP kiểu lu thống size 7.5x8 li phong cách đẳng cấp, sang trọng",1800000.0,1800000.0,0.0,0.0,0,,https://tiki.vnvong-tay-da-thach-anh-toc-vang-tu-nhien-vvip-kieu-lu-thong-size-7-5x8-li-phong-cach-dang-cap-sang-trong-hoa-minh-gem-p278898476.html?spid=278943092,vòng tay đá thạch tóc vàng
278851155,Đồng hồ đeo tay Omega B713 Máy Pin Hàng chính hãng,320000.0,320000.0,0.0,0.0,0,,https://tiki.vndong-ho-deo-tay-omega-b713-may-pin-hang-chinh-hang-p278851155.html?spid=278851156,đồng hồ đeo tay omega
278634274,Đồng hồ đeo tay Casio LF-30W-2ADF chính hãng,966780.0,1179000.0,212220.0,0.0,0,,https://tiki.vndong-ho-deo-tay-casio-lf-30w-2adf-chinh-hang-p278634274.html?spid=278634275,đồng hồ đeo tay casio
278458715,Đồng hồ thông minh Amazfit Balance 2 A2430 - Hàng chính hãng,7990000.0,7990000.0,0.0,0.0,0,,https://tiki.vndong-ho-thong-minh-amazfit-balance-2-a2430-hang-chinh-hang-p278458715.html?spid=278458716,đồng hồ thông minh amazfit balance
277512389,Đồng hồ nam SRwatch SG88804.1202AT,5350000.0,5350000.0,0.0,0.0,0,,https://tiki.vndong-ho-nam-srwatch-sg88804-1202at-p277512389.html?spid=277512390,đồng hồ nam srwatch sg88804
277393824,[BH 2 Năm Động Cơ] Hộp Đồng Hồ Cơ 3 Xoay + 3 Tĩnh Vỏ Gỗ Sơn Vân Gỗ Mun Có Đèn Led,1550000.0,1550000.0,0.0,0.0,0,,https://tiki.vnbh-2-nam-dong-co-hop-dong-ho-co-3-xoay-3-tinh-vo-go-son-van-go-mun-co-den-led-p277393824.html?spid=277393825,hộp đồng hồ cơ xoay
276392644,Dây cho Garmin Fenix 8/ 7/ 7S/ 6/ 6S/ 5/ 5S/ 3/ Quatix 7/ Instinct 2/ 2S/ Forerunner 970/ 965/ 955/ 945/ 935/ 745 (DGM4),199000.0,199000.0,0.0,4.5,5,,https://tiki.vnday-garmin-fenix-8-7-7s-6-6s-5-5s-3-quatix-7-instinct-2-2s-forerunner-965-955-945-935-dgm4-p276392644.html?spid=276408433,dây garmin fenix
275584885,Vòng đeo tay đá cẩm thạch cho Nữ  - VT088,110000.0,110000.0,0.0,3.0,2,,https://tiki.vnvong-deo-tay-da-cam-thach-cho-nu-vt088-p275584885.html?spid=275584895,vòng đeo tay đá
274535023,Đồng hồ nữ SRWATCH SL3003.4102CV,1050000.0,1050000.0,0.0,0.0,0,,https://tiki.vndong-ho-nu-srwatch-sl3003-4102cv-p274535023.html?spid=274535024,đồng hồ nữ srwatch sl3003
274524418,Nhẫn vàng 14KR đính đá chủ Amethyst thiên nhiên - MOON Jewelry,7950000.0,7950000.0,0.0,0.0,0,,https://tiki.vnnhan-vang-14kr-dinh-da-chu-amethyst-thien-nhien-moon-jewelry-p274524418.html?spid=274524422,nhẫn vàng kr đính
274032962,"Dây Đeo Đồng Hồ COROS PACE 3, APEX 2 Pro,...22mm - Nylon",780000.0,780000.0,0.0,5.0,1,,https://tiki.vnhang-chinh-hang-day-deo-dong-ho-coros-pace-3-apex-2-pro-22mm-nylon-p274032962.html?spid=274032970,dây đeo đồng hồ coros
272248550,Hộp đựng đồng hồ cơ xoay 2 chiếc có đèn LED nhiều chế độ xoay,850000.0,850000.0,0.0,0.0,0,,https://tiki.vnhop-dung-dong-ho-co-xoay-2-chiec-co-den-led-nhieu-che-do-xoay-p272248550.html?spid=272248554,hộp đựng đồng hồ cơ xoay
271779831,Đồng Hồ Nữ JA-1395 Julius Hàn Quốc Dây Da,1379000.0,1379000.0,0.0,0.0,0,,https://tiki.vndong-ho-nu-ja-1395-julius-han-quoc-day-da-p271779831.html?spid=271779835,đồng hồ nữ ja 1395
248901461,Dây Đeo Đồng Hồ Vải Dù Nato - Dây Đồng Hồ Nam 18mm 20mm 22mm,64999.0,64999.0,0.0,2.8,5,,https://tiki.vnday-deo-dong-ho-vai-du-nato-day-dong-ho-nam-18mm-20mm-22mm-p248901461.html?spid=254074829,dây đeo đồng hồ vải
242783557,"Tràng hạt bạch ngọc bồ đề làm từ hạt bồ đề Nepal, hộ mệnh trừ tà giúp tài lộc hanh thông, kèm túi nhung cung hỷ",210940.0,398000.0,187060.0,0.0,0,,https://tiki.vntrang-hat-bach-ngoc-bo-de-lam-tu-hat-bo-de-nepal-ho-menh-tru-ta-giup-tai-loc-hanh-thong-kem-tui-nhung-cung-hy-p242783557.html?spid=242783571,tràng hạt bạch ngọc bồ đề
203214526,"Dây cước thun xỏ vòng xâu vòng cước chun làm vòng tattoo choker, thắt vòng đan dây xỏ chuỗi",10000.0,10000.0,0.0,5.0,14,,https://tiki.vnday-cuoc-thun-xo-vong-xau-vong-cuoc-chun-lam-vong-tattoo-choker-that-vong-dan-day-xo-chuoi-p203214526.html?spid=203214530,dây cước thun xỏ
193773853,Dây Da Đồng Hồ ZRC Pháp Dòng SCREEN Da Bê Màu Đen,282625.0,332500.0,49875.0,0.0,0,,https://tiki.vnday-da-dong-ho-zrc-phap-dong-screen-da-be-mau-den-p193773853.html?spid=193773859,dây da đồng hồ zrc pháp
176463801,Đồng Hồ Nam Casio MTP-V006L-1BUDF Dây Da Đen,824100.0,1005000.0,180900.0,0.0,0,,https://tiki.vndong-ho-nam-casio-mtp-v006l-1budf-day-da-den-p176463801.html?spid=176463802,đồng hồ nam casio mtp
176074309,Dây đồng hồ cao su silicon cao dấp dành cho Samsung Galaxy watch 3 45mm - Khóa đen,95000.0,95000.0,0.0,4.7,11,,https://tiki.vnday-dong-ho-cao-su-silicon-cao-dap-danh-cho-samsung-galaxy-watch-3-45mm-khoa-den-p176074309.html?spid=176074330,dây đồng hồ cao su silicon
176073667,Dây đồng hồ cao su Sikai cao cấp 22mm,70000.0,70000.0,0.0,4.8,12,,https://tiki.vnday-dong-ho-cao-su-sikai-cao-cap-22mm-p176073667.html?spid=176073691,dây đồng hồ cao su sikai
158594762,Đồng Hồ Nam Dây Thép Casio Standard MTP-VC01D-8EUDF Chính Hãng - MTP-VC01D-8E,1874000.0,1874000.0,0.0,0.0,0,,https://tiki.vndong-ho-nam-day-thep-casio-standard-mtp-vc01d-8eudf-chinh-hang-mtp-vc01d-8e-p158594762.html?spid=158594763,đồng hồ nam dây thép casio
137836531,Dây đeo Samsung Watch 4/ Watch 4 Classic (DGNT),99000.0,99000.0,0.0,4.5,4,,https://tiki.vnday-deo-samsung-watch-4-watch-4-classic-p137836531.html?spid=137836547,dây đeo samsung watch
136368496,Vòng lắc tay hạt sang trọng,30000.0,30000.0,0.0,5.0,1,,https://tiki.vnvong-lac-tay-hat-sang-trong-p136368496.html?spid=136368588,vòng lắc tay hạt
136363976,Khuyên tai bạc ý 925 móc 2 lá đặc có gân độc lạ Dế Bạc - K5247-3,135000.0,135000.0,0.0,0.0,0,,https://tiki.vnkhuyen-tai-bac-y-925-moc-2-la-dac-co-gan-doc-la-de-bac-k5247-3-p136363976.html?spid=136363978,khuyên tai bạc ý 925
89993203,"Vòng Tay Cẩm Thạch, Đá Chalcedony tự nhiên Miến Điện, đẹp long lanh",348000.0,348000.0,0.0,5.0,1,,https://tiki.vncombo-vong-deo-tay-cam-thach-chat-lieu-ngoc-ma-nao-van-may-dong-da-chalcedony-co-ni-5-5cm-kem-ban-photocoy-giay-kiem-dinh-kem-tui-dung-song-hy-bang-nhung-tuyet-ma-crown-x-436b-02-p89993203.html?spid=89993205,vòng tay cẩm thạch đá chalcedony
88916832,nhẫn vàng 18k đính đá,5228800.0,5228800.0,0.0,0.0,0,,https://tiki.vnnhan-vang-18k-dinh-da-p88916832.html?spid=88916833,nhẫn vàng k đính
82412636,Dây Da Đồng Hồ Da Bò Italy Mềm,110000.0,110000.0,0.0,4.1,9,,https://tiki.vnday-da-dong-ho-da-bo-italy-mem-tang-kem-chot-gan-va-dung-cu-thao-lap-p82412636.html?spid=82412714,dây da đồng hồ da bò
67545906,VÒNG TAY NỮ LÝ SƠN THỦY SAO 50MM HÀNG MỚI XANH BÔNG ĐẬM ĐẸP ĐÁ CẨM THẠCH TỰ NHIÊN NỮ 48KG -56KG,2750000.0,5000000.0,2250000.0,0.0,0,,https://tiki.vnvong-tay-nu-ly-son-thuy-sao-50mm-hang-moi-xanh-bong-dam-dep-da-cam-thach-tu-nhien-nu-48kg-56kg-p67545906.html?spid=67545907,vòng tay nữ lý sơn thủy
56949274,Nhẫn bạc nữ đơn giản đan hoa văn cao cấp Gix Jewel N25,580000.0,580000.0,0.0,0.0,0,,https://tiki.vnnhan-bac-nu-don-gian-dan-hoa-van-cao-cap-gix-jewel-n25-p56949274.html?spid=56949282,nhẫn bạc nữ đơn giản
54815750,Vòng Tay Trầm Hương 108 Hạt Từ Trầm Tốc Lào Tự Nhiên,94000.0,94000.0,0.0,4.7,19,,https://tiki.vnvong-tay-tram-huong-108-hat-nu-tu-tram-toc-lao-tu-nhien-p54815750.html?spid=58176214,vòng tay trầm hương hạt trầm tốc
52136047,Nhẫn nam đen trắng,37800.0,42000.0,4200.0,5.0,16,,https://tiki.vnnhan-nam-den-trang-p52136047.html?spid=52136049,nhẫn nam đen trắng
48178750,Đồng Hồ Nam SRwatch SG1071.1401TE - Sapphire - 40mm - Quartz (Pin) - Dây kim loại,1950000.0,1950000.0,0.0,0.0,0,,https://tiki.vndong-ho-srwatch-nam-sg1071-1401te-40-mm-quartz-pin-day-kim-loai-p48178750.html?spid=137537445,đồng hồ nam srwatch sg1071
37139753,Bông Tai Nam Nữ 1 Hạt Đá  Chất Liệu Thép Titan Không Đen Không Dị Ứng TT 1689,27930.0,39900.0,11970.0,4.5,70,,https://tiki.vnbong-tai-nam-nu-1-hat-da-chat-lieu-thep-titan-khong-den-khong-di-ung-tt-1689-p37139753.html?spid=73598980,tai nam nữ hạt đá
21712999,Bộ trang sức nữ LuxJy Jewelry S3080,8000000.0,8000000.0,0.0,0.0,0,,https://tiki.vnbo-trang-suc-nu-luxjy-jewelry-s3080-p21712999.html?spid=21713000,trang sức nữ luxjy jewelry
20364668,Đồng Hồ Nam CASIO AE-1100W-1AVDF Chính Hãng,1108640.0,1352000.0,243360.0,0.0,0,,https://tiki.vndong-ho-nam-casio-ae-1100w-1avdf-chinh-hang-p20364668.html?spid=72805561,đồng hồ nam casio ae
7804969,Bộ 2 bông tai nam inox khuyên tròn 10mm BT233,24500.0,35000.0,10500.0,4.7,58,,https://tiki.vnbong-tai-nam-inox-khuyen-tron-10mm-bt233-2-chiec-p7804969.html?spid=20394212,bộ bông tai nam inox
4898383,Đồng Hồ Nam Dây Nhựa Casio MQ-24-1BLDF - Đen,412440.0,491000.0,78560.0,5.0,2,,https://tiki.vndong-ho-nam-day-nhua-casio-mq-24-1bldf-den-p4898383.html?spid=54023378,đồng hồ nam dây nhựa
278897136,ĐỒNG ĐỒNG HỒ SUUNTO VERTICAL 2 - TITANIUM - Đồng hồ thể thao GPS với hơn 115 chế độ thể thao,21990000.0,21990000.0,0.0,0.0,0,,https://tiki.vndong-dong-ho-suunto-vertical-2-titanium-dong-ho-the-thao-gps-voi-hon-115-che-do-the-thao-p278897136.html?spid=278897138,đồng hồ suunto vertical
277393700,[BH 2 Năm Động Cơ] HỘP XOAY 4 ĐỒNG HỒ CƠ DÁNG ĐỨNG,1900000.0,1900000.0,0.0,5.0,1,,https://tiki.vnbh-2-nam-dong-co-hop-xoay-4-dong-ho-co-dang-dung-p277393700.html?spid=277393701,hộp xoay đồng hồ cơ dáng
277005473,Đồng hồ nam SRwatch SG7008.1402GM,4150000.0,4150000.0,0.0,0.0,0,,https://tiki.vndong-ho-nam-srwatch-sg7008-1402gm-p277005473.html?spid=277005474,đồng hồ nam srwatch
276674361,Bông Tai Ngọc Trai FW Baroque UK Style (Wave Circle) - MOON Jewelry,2250000.0,2250000.0,0.0,0.0,0,,https://tiki.vnbong-tai-ngoc-trai-fw-baroque-uk-style-wave-circle-mooon-jewelry-p276674361.html?spid=276674362,bông tai ngọc trai fw
276642440,Set Dây Chuyền Ngọc Trai FW Thiết Kế UK Style (Wave Mother of Pearl) - MOON Jewelry,2650000.0,2650000.0,0.0,0.0,0,,https://tiki.vnset-day-chuyen-ngoc-trai-fw-thiet-ke-uk-style-wave-mother-of-pearl-moon-jewelry-p276642440.html?spid=276642441,set dây chuyền ngọc trai fw
276085721,"Pin Tiểu 2A 3A Con Ó Chính Hãng, Bin Đồng Hồ, Pin Xe Đồ Chơi Chất Lượng Cao (Có Hàng Sẵn) (Xả Rẻ Lấy 5*)",6000.0,6000.0,0.0,0.0,0,,https://tiki.vnpin-tieu-2a-3a-con-o-chinh-hang-bin-dong-ho-pin-xe-do-choi-chat-luong-cao-co-hang-san-xa-re-lay-5-p276085721.html?spid=276085732,pin tiểu a a
276033368,Đồng hồ nữ SRwatch SL5009.4402BL,4250000.0,4250000.0,0.0,0.0,0,,https://tiki.vndong-ho-nu-srwatch-sl5009-4402bl-p276033368.html?spid=276033369,đồng hồ nữ srwatch sl5009
275401759,DÂY ĐEO SUUNTO 24MM ATHLETIC 3 SILICONE STRAP THAY THẾ ĐỒNG HỒ SUUNTO 9 / SPARTAN SPORT / SUUNTO 7,1050000.0,1050000.0,0.0,0.0,0,,https://tiki.vnday-deo-suunto-24mm-athletic-3-silicone-strap-thay-the-dong-ho-suunto-9-spartan-sport-suunto-7-p275401759.html?spid=275401764,dây đeo suunto mm
275307962,Dây cho Huawei Watch Fit 3/ Fit 4/ Fit 4 Pro - Chất Nylon (DNFIT3),120000.0,120000.0,0.0,5.0,3,,https://tiki.vnday-huawei-watch-fit-3-chat-nylon-dnfit3-p275307962.html?spid=275823607,dây huawei watch fit
274866435,Dây cho Xiaomi Watch 2/2 Pro/S3/ S1/S1 Active/S1 Pro/Mi Watch/ Haylou LS05/ RT/ RT2/ RT3/ Befit B3/ B4/ Sporty 2/ 2 Pro (D165),149000.0,149000.0,0.0,0.0,0,,https://tiki.vnday-cho-xiaomi-watch-2-2-pro-s3-s1-s1-active-s1-pro-mi-watch-haylou-ls05-rt-rt2-rt3-befit-b3-b4-sporty-2-2-pro-d165-p274866435.html?spid=275823537,dây xiaomi watch
274529489,Hộp đựng trang sức cao cấp MOON Jewelry,90000.0,90000.0,0.0,0.0,0,,https://tiki.vnhop-dung-trang-suc-cao-cap-moon-jewelry-p274529489.html?spid=274529491,hộp đựng trang sức cao cấp
274168042,Đồng hồ Thể Thao Suunto RACE  Viền Titanium - SS050932000 - SS050933000,14016500.0,16490000.0,2473500.0,0.0,0,,https://tiki.vndong-ho-the-thao-suunto-race-vien-titanium-ss050932000-ss050933000-p274168042.html?spid=274168046,đồng hồ thể thao suunto race
273682676,[BH 2 Năm Động Cơ] Hộp Đựng Đồng Hồ Cơ 4 Xoay Và 6 Trưng Bày Gỗ Sơn Bóng,1450000.0,1450000.0,0.0,0.0,0,,https://tiki.vnhop-dung-dong-ho-co-4-xoay-va-6-trung-bay-go-son-bong-p273682676.html?spid=273682680,hộp đựng đồng hồ cơ
273551677,"Pin CR2016 Hàng Nhật Bản Cao Cấp, Pin Cmos Cho Chìa Khoá Xe Máy, Ô tô, Thiết Bị Điện Tử",30000.0,30000.0,0.0,0.0,0,,https://tiki.vnpin-cr2016-hang-nhat-ban-cao-cap-pin-cmos-cho-chia-khoa-xe-may-o-to-thiet-bi-dien-tu-p273551677.html?spid=273551679,pin cr2016 hàng nhật bản
272368523,Đồng hồ Nam Citizen Quartz BI5110-54X 41mm,5085000.0,5085000.0,0.0,0.0,0,,https://tiki.vndong-ho-nam-citizen-quartz-bi5110-54x-41mm-p272368523.html?spid=272368524,đồng hồ nam citizen quartz
253236766,Dây đeo đồng hồ da bò màu trắng Size 14/15/16/17/18/19/20/21/22mm - Dây đồng hồ da bò Thật 100% - Bảo Hành 12 Tháng,449000.0,449000.0,0.0,5.0,3,,https://tiki.vnday-deo-dong-ho-da-bo-mau-trang-size-14-15-16-17-18-19-20-21-22mm-day-dong-ho-da-bo-that-100-bao-hanh-12-thang-p253236766.html?spid=253236768,dây đeo đồng hồ da bò
253193806,Vòng Cẩm Thạch tự nhiên Sịn Vip Lý Kết I Ni 55mm x chột 8mm Xanh Lý tươi trắng đều Bóng Tuyệt Đẹp Sang trọng Vòng kiểm định P No 192553 đẹp sang lắm Nữ 55kg - 64kg đeo ạ,6800000.0,13600000.0,6800000.0,0.0,0,,https://tiki.vnvong-cam-thach-tu-nhien-sin-vip-ly-ket-i-ni-55mm-x-chot-8mm-mau-xanh-ly-tuoi-trang-deu-bong-tuyet-dep-sang-trong-vong-kiem-dinh-p-no-192553-dep-sang-lam-nu-55kg-64kg-deo-a-p253193806.html?spid=253193807,vòng cẩm thạch tự nhiên sịn
252632376,Dây đeo cho Huawei Watch GT6/ GT5/ GT4/ 5/ 4/ 4 Pro/ 3/ 3 Pro/ GT3/ GT3 Pro/ GT Runner/ GT3 SE/ GT2 (DT),130000.0,130000.0,0.0,1.0,1,,https://tiki.vnday-deo-cho-huawei-watch-3-3-pro-gt3-gt3-pro-gt-runner-gt3-se-gt2-dt-p252632376.html?spid=252632400,dây đeo huawei watch
249947043,Dây đồng hồ Handmade Da Cá Sấu Navy Chỉ Trắng Size 20/22mm - Dây Đeo Da Cá Sấu Thật 100% - Bảo Hành 12 Tháng,840000.0,840000.0,0.0,5.0,2,,https://tiki.vnday-dong-ho-handmade-da-ca-sau-navy-chi-trang-size-20-22mm-day-deo-da-ca-sau-that-100-bao-hanh-12-thang-p249947043.html?spid=249947053,dây đồng hồ handmade da
248869277,"Hoa Tai , Bông Tai Nữ Bạc 925 Bông Tuyết Đính Đá Đính Đá Bạc Hiểu Minh HT368",737500.0,737500.0,0.0,0.0,0,,https://tiki.vnhoa-tai-bong-tai-nu-bac-925-bong-tuyet-dinh-da-dinh-da-bac-hieu-minh-ht368-p248869277.html?spid=248869278,hoa tai bông tai nữ bạc
247300938,Nhẫn Ngọc Bích Canada thiên nhiên - MOON Jewelry,1550000.0,1550000.0,0.0,0.0,0,,https://tiki.vnnhan-ngoc-bich-canada-thien-nhien-moon-jewelry-p247300938.html?spid=247300941,nhẫn ngọc bích canada
242106273,"Dây Đồng Hồ Da Bò Italy Cao Cấp Màu Nâu Size 15/17/19/21/23/25mm - Dây Da Đồng Hồ Da Bò Thật 100%, Bảo Hành 12T",640000.0,640000.0,0.0,4.0,1,,https://tiki.vnday-dong-ho-da-bo-italy-cao-cap-mau-nau-size-15-17-19-21-23-25mm-day-da-dong-ho-da-bo-that-100-bao-hanh-12t-p242106273.html?spid=242106301,dây đồng hồ da bò italy
193776897,Dây Da Đồng Hồ ZRC Pháp Dòng YAOUNDE Đen Da Bò Dập Vân Cá Sấu Mỏng,416500.0,490000.0,73500.0,0.0,0,,https://tiki.vnday-da-dong-ho-zrc-phap-dong-yaounde-den-da-bo-dap-van-ca-sau-mong-p193776897.html?spid=193776903,dây da đồng hồ zrc pháp
144973698,"Lắc tay ngọc trai thật, Kiểu Hàn Quốc, hạt dẹt, cỡ hạt 6-8li, Trọng lượng 40-42 Carat, Kèm bản Photo CHỨNG THƯ GIÁM ĐỊNH TẠI SACOMBANK - Bản full mã số, Kèm hộp đựng Cẩm Tú",288000.0,288000.0,0.0,0.0,0,,https://tiki.vnlac-tay-ngoc-trai-that-kieu-han-quoc-hat-det-co-hat-6-8li-trong-luong-40-42-carat-kem-ban-photo-chung-thu-giam-dinh-tai-sacombank-ban-full-ma-so-kem-hop-dung-cam-tu-p144973698.html?spid=144973702,lắc tay ngọc trai kiểu
143838450,Dây đồng hồ nam da cá sấu đốt tre Bụi Leather D103 - Hàng khâu tay thủ công cao cấp - Bảo hành 12 tháng,320000.0,320000.0,0.0,4.5,92,,https://tiki.vnday-dong-ho-nam-da-ca-sau-dot-tre-bui-leather-d103-hang-khau-tay-thu-cong-cao-cap-bao-hanh-12-thang-p143838450.html?spid=143838468,dây đồng hồ nam da
106396243,"Vòng tay hoa khô, vòng đeo tay Bangle bất diệt, dáng vòng Boho Vintage nhiều màu lựa chọn",29610.0,32900.0,3290.0,4.8,16,,https://tiki.vnvong-tay-hoa-kho-vong-deo-tay-bangle-bat-diet-dang-vong-boho-vintage-nhieu-mau-lua-chon-p106396243.html?spid=106396306,vòng tay hoa khô vòng
94982841,Lắc Tay Swarovski Qủa Cầu Pave Hồng,5540000.0,5540000.0,0.0,0.0,0,,https://tiki.vnlac-tay-swarovski-qua-cau-pave-hong-p94982841.html?spid=94982849,lắc tay swarovski quả
68581486,Lắc Tay Lắc Chân Trẻ Em Bạc Hiểu Minh LTE034,921250.0,921250.0,0.0,5.0,3,,https://tiki.vnlac-tay-lac-chan-tre-em-bac-hieu-minh-lte034-p68581486.html?spid=68581487,lắc tay lắc chân trẻ em
68428513,Dây Da Đồng hồ Size Nam Da Bò thật [Tặng Hộp Gỗ] - Hàng Việt Nam Xuất Khẩu,100000.0,100000.0,0.0,3.1,7,,https://tiki.vnday-da-dong-ho-size-nam-da-bo-that-tang-hop-go-hang-viet-nam-xuat-khau-p68428513.html?spid=169304043,dây da đồng hồ size nam
56027921,COMBO 3 HỘP GẤM ĐỰNG VÒNG TAY PHONG THỦY,95000.0,95000.0,0.0,0.0,0,,https://tiki.vncombo-3-hop-gam-dung-vong-tay-phong-thuy-p56027921.html?spid=56027922,combo hộp gấm đựng
54477965,Vòng tay phong thủy đá Thạch Anh Khói 8 ly,146300.0,209000.0,62700.0,4.6,7,,https://tiki.vnvong-tay-phong-thuy-da-thach-anh-khoi-8-ly-p54477965.html?spid=58920592,vòng tay phong thủy đá thạch khói
52136237,Nhẫn nam nhịp tim dạ quang,80000.0,80000.0,0.0,5.0,2,,https://tiki.vnnhan-nam-nhip-tim-da-quang-p52136237.html?spid=52136243,nhẫn nam nhịp tim
51715452,Đồng Hồ Nam Bulova Dây Thép Không Gỉ 98C127 - Mặt Trắng,8500000.0,8500000.0,0.0,0.0,0,,https://tiki.vndong-ho-nam-bulova-day-thep-khong-gi-98c127-mat-trang-p51715452.html?spid=51715453,đồng hồ nam bulova dây thép
26318814,Dây chuyền nam mạ vàng 24k ô vuông cá tính,70000.0,100000.0,30000.0,4.8,5,,https://tiki.vnday-chuyen-nam-ma-vang-24k-o-vuong-ca-tinh-p26318814.html?spid=102115731,dây chuyền nam mạ vàng
25925667,Dây đồng hồ nam nữ Huy Hoàng da bò màu nâu bạc HT8128,209000.0,209000.0,0.0,4.5,8,,https://tiki.vnday-dong-ho-nam-nu-huy-hoang-da-bo-mau-nau-bac-ht8128-p25925667.html?spid=25925669,dây đồng hồ nam nữ huy hoàng
8100605,Vòng Tay Phong Thủy Đá Mắt Hổ Xanh Lục,170000.0,170000.0,0.0,0.0,0,,https://tiki.vnvong-tay-phong-thuy-da-mat-ho-xanh-luc-p8100605.html?spid=142419359,vòng tay phong thủy đá mắt
8059605,Đồng Hồ Nam Citizen Dây Thép Không Gỉ BI5000-87E - Mặt Đen ,3755000.0,3755000.0,0.0,0.0,0,,https://tiki.vndong-ho-nam-citizen-day-thep-khong-gi-bi5000-87e-mat-den-p8059605.html?spid=10762213,đồng hồ nam citizen dây thép
4269519,Đồng Hồ Nam Dây Nhựa Casio STANDARD LW-203-1AV,911400.0,1085000.0,173600.0,0.0,0,,https://tiki.vndong-ho-nam-day-nhua-casio-standard-lw-203-1av-p4269519.html?spid=109505282,đồng hồ nam dây nhựa
3553633,Đồng Hồ Nam Dây Thép SRWATCH SG8702.1402 (39mm),3400000.0,3400000.0,0.0,0.0,0,,https://tiki.vndong-ho-nam-day-thep-srwatch-sg8702-1402-39mm-p3553633.html?spid=59086643,đồng hồ nam dây thép srwatch
278943401,Mặt dây chuyền đá Cẩm Thạch khắc hình hoa sen cực đẹp size 21 x 28.7mm,300000.0,300000.0,0.0,0.0,0,,https://tiki.vnmat-day-chuyen-da-cam-thach-khac-hinh-hoa-sen-cuc-dep-size-21-x-28-7mm-hoa-minh-gem-p278943401.html?spid=278943402,mặt dây chuyền đá cẩm thạch
278877638,Vòng tay chuỗi đá Mắt Hổ Chim Ưng size hạt 12 li loại 5A bóng đẹp không kén mệnh,400000.0,400000.0,0.0,0.0,0,,https://tiki.vnvong-tay-chuoi-mat-ho-chim-ung-size-hat-12-li-loai-5a-bong-dep-khong-ken-menh-hoa-minh-gem-p278877638.html?spid=278877639,vòng tay chuỗi đá mắt
277827677,Dây cho Huawei Band 10/ 9/ 8,120000.0,120000.0,0.0,0.0,0,,https://tiki.vnday-cho-huawei-band-10-9-8-p277827677.html?spid=277827839,dây huawei band
277512393,Đồng hồ nam SRwatch SG88804.1103AT,5150000.0,5150000.0,0.0,0.0,0,,https://tiki.vndong-ho-nam-srwatch-sg88804-1103at-p277512393.html?spid=277512394,đồng hồ nam srwatch sg88804
274505342,Vòng cổ Phiten pha lê - đá crystal necklace (5mm) AQ808051/AQ808053,12650000.0,12650000.0,0.0,0.0,0,,https://tiki.vnvong-co-phiten-crystal-necklace-5mm-aq808051-aq808053-p274505342.html?spid=274505686,vòng cổ phiten pha lê
270693251,"Cuộn Dây Thun CO GIÃN màu Vàng xỏ vòng hạt chuỗi Dây này là dây thun chuyên xỏ vòng chuỗi màu Vàng, có đủ màu .. Anh Chị đang đeo chuỗi muốn thay dây khác cho vòng thì đặt cuộn Thun chỉ này nhé",45000.0,90000.0,45000.0,5.0,2,,https://tiki.vncuon-day-thun-co-gian-mau-vang-xo-vong-hat-chuoi-day-nay-la-day-thun-chuyen-xo-vong-chuoi-mau-vang-co-du-mau-anh-chi-dang-deo-chuoi-muon-thay-day-khac-cho-vong-thi-dat-cuon-thun-chi-nay-nhe-p270693251.html?spid=270693252,cuộn dây thun co giãn màu
253220156,Dây đeo đồng hồ da bò màu Đen Size 12/13/14/15/16/17/18/19/20/21/22/23/24/25/26mm - Dây da bò Thật 100% - Bảo Hành 12 Tháng,449000.0,449000.0,0.0,0.0,0,,https://tiki.vnday-dong-ho-da-bo-mau-den-size-12-13-14-15-16-17-18-19-20-21-22-23-24-25-26mm-day-deo-da-bo-that-100-bao-hanh-12-thang-p253220156.html?spid=253220160,dây đeo đồng hồ da bò
252610805,Dây đeo cho Huawei Watch GT4/ 4/ 4 Pro/ 3/ 3 Pro/ GT2E/ GT/ GT2 Pro/ GT3/ GT3 Pro/ GS Pro (DGNT),99000.0,99000.0,0.0,0.0,0,,https://tiki.vnday-deo-cho-watch-3-3-pro-gt2e-gt-gt2-pro-gt3-gt3-pro-gs-pro-dgnt-p252610805.html?spid=252610851,dây đeo huawei watch
249263001,Dây Đeo Da Đồng Hồ Daniel_Watch Dập Vân Cá sấu Tặng Kèm Hộp Gỗ và Phụ kiện,180000.0,180000.0,0.0,0.0,0,,https://tiki.vnday-deo-da-dong-ho-daniel_watch-dap-van-ca-sau-tang-kem-hop-go-va-phu-kien-p249263001.html?spid=249263009,dây đeo da đồng hồ
215613939,Hộp Xoay Đồng Hồ Cơ 2 Ngăn SAIKE SAIKE S2004 Vỏ Gỗ Có Đèn LED - Tủ Đồng Hồ Cơ Xoay,1300000.0,1300000.0,0.0,5.0,1,,https://tiki.vnhop-xoay-dong-ho-co-2-ngan-saike-saike-s2004-vo-go-co-den-led-tu-dong-ho-co-xoay-p215613939.html?spid=215613940,hộp xoay đồng hồ cơ
214949887,Nhẫn Nam Bạc Ta Chữ Phúc BẠC HIỂU MINH NA616,1726250.0,1726250.0,0.0,0.0,0,,https://tiki.vnnhan-nam-bac-ta-chu-phuc-bac-hieu-minh-na616-p214949887.html?spid=214949888,nhẫn nam bạc chữ
193777270,Dây Da Đồng Hồ ZRC Pháp Dòng CHELSEA Da Bò Dập Vân Cá Sấu Nâu,340000.0,400000.0,60000.0,0.0,0,,https://tiki.vnday-da-dong-ho-zrc-phap-dong-chelsea-da-bo-dap-van-ca-sau-nau-p193777270.html?spid=193777276,dây da đồng hồ zrc pháp
189267344,"Nhẫn bạc basic Dế Bạc - N6065, N3049, N5183, N6068, N6067, N6066",169000.0,169000.0,0.0,0.0,0,,https://tiki.vnnhan-bac-basic-de-bac-n6065-n3049-n5183-n6068-n6067-n6066-p189267344.html?spid=189267381,nhẫn bạc basic dế
185897001,Vòng tay lắc tay ngọc trai tay mèo cute ấn tượng dành cho bạn nữ,79000.0,79000.0,0.0,0.0,0,,https://tiki.vnvong-tay-lac-tay-ngoc-trai-tay-meo-cute-an-tuong-danh-cho-ban-nu-p185897001.html?spid=185897002,vòng tay lắc tay ngọc
184786040,Lắc tay bạc lu thống ngọc xinh yêu tại Ruby Stone,1650000.0,1650000.0,0.0,0.0,0,,https://tiki.vnlac-tay-bac-lu-thong-ngoc-xinh-yeu-tai-ruby-stone-p184786040.html?spid=184786047,lắc tay bạc lu thống
184411913,Nhẫn titan cánh bướm độc đáo sáng tạo,59000.0,59000.0,0.0,0.0,0,,https://tiki.vnnhan-titan-canh-buom-doc-dao-sang-tao-p184411913.html?spid=184411915,nhẫn titan cánh bướm
177784557,Nhẫn nam nữ titan khắc chéo phong cách,80000.0,80000.0,0.0,0.0,0,,https://tiki.vnnhan-nam-nu-titan-khac-cheo-phong-cach-p177784557.html?spid=177784573,nhẫn nam nữ titan khắc chéo
170484968,Hộp đựng đồng hồ và trang sức 2 tầng SAIKE SAIKE mã S223 màu nâu,560000.0,560000.0,0.0,0.0,0,,https://tiki.vnhop-dung-dong-ho-va-trang-suc-2-tang-saike-ma-s223-mau-nau-p170484968.html?spid=170484969,hộp đựng đồng hồ trang sức
167496006,Dây thun Đỏ dẻo phối vòng tay hạt lu thống  Size dây đỏ 2mm   Nữ đã có hạt lu thống thì đây chính là sợi dây thun phối với hạt lu thống đeo xinh ạ,250000.0,250000.0,0.0,0.0,0,,https://tiki.vnday-thun-do-deo-phoi-vong-tay-hat-lu-thong-size-day-do-2mm-nu-da-co-hat-lu-thong-thi-day-chinh-la-soi-day-thun-phoi-voi-hat-lu-thong-deo-xinh-a-p167496006.html?spid=167496007,dây thun đỏ dẻo phối
164588131,Đồng Hồ Casio Nam G-Shock AWR-M100SAR-1ADR Năng Lượng Mặt Trời,3256500.0,5010000.0,1753500.0,0.0,0,,https://tiki.vndong-ho-casio-nam-g-shock-awr-m100sar-1adr-nang-luo-ng-ma-t-tro-i-p164588131.html?spid=164588132,đồng hồ casio nam
160671359,Vòng CẨM THẠCH Lý Đậm 48mm x dầy 7mm Vòng Màu Xanh Lý đậm đẹp nữ Tay nhỏ mệnh Mộc Hỏa Thủy hợp  đeo đẹp ạ Chất liệu đá cẩm thạch 35kg - 48kg ạ,650000.0,1300000.0,650000.0,0.0,0,,https://tiki.vnvong-cam-thach-ly-dam-48mm-x-day-7mm-vong-mau-xanh-ly-dam-dep-nu-tay-nho-menh-moc-hoa-thuy-hop-deo-dep-a-chat-lieu-da-cam-thach-35kg-48kg-a-p160671359.html?spid=160671360,vòng cẩm thạch lý đậm 48
160580932,Vòng Tay Chỉ Đỏ 1 Hạt Tròn,35000.0,35000.0,0.0,5.0,1,,https://tiki.vnvong-tay-chi-do-1-hat-tron-p160580932.html?spid=160580933,vòng tay đỏ hạt tròn
145092650,"Dây đồng hồ nato vải dù D121 cỡ 18mm; 20mm, 22mm thoải mái đi trời mưa, lắp cho dây đeo đồng hồ dw rolex hublot orient seiko casio",55000.0,55000.0,0.0,4.8,47,,https://tiki.vnday-dong-ho-nato-vai-du-d121-co-18mm-20mm-22mm-thoai-mai-di-troi-mua-lap-cho-day-deo-dong-ho-dw-rolex-hublot-orient-seiko-casio-p145092650.html?spid=145092706,dây đồng hồ nato vải
117036417,Vòng cổ dây chuyền bản to titan không rỉ,102000.0,102000.0,0.0,0.0,0,,https://tiki.vnvong-co-day-chuyen-ban-to-titan-khong-ri-p117036417.html?spid=117036418,vòng cổ dây chuyền bản
106392561,Dây đồng hồ kim loại dạng lưới mắt khúc khóa bướm,304000.0,304000.0,0.0,3.5,4,,https://tiki.vnday-dong-ho-kim-loai-dang-luoi-mat-khuc-khoa-buom-p106392561.html?spid=106392687,dây đồng hồ kim loại dạng
106392138,Dây đồng hồ da bò các màu đủ size 10 12 14 16 18 20 22,120000.0,120000.0,0.0,0.0,0,,https://tiki.vnday-dong-ho-da-bo-cac-mau-du-size-10-12-14-16-18-20-22-p106392138.html?spid=106392183,dây đồng hồ da bò màu
81504333,Đồng Hồ Đeo Tay Nữ Chính Hãng Q&Q - QC07J204Y - Thiết Kế Mặt Tròn Đính Đá,414000.0,580000.0,166000.0,5.0,1,,https://tiki.vndong-ho-deo-tay-nu-chinh-hang-q-q-qc07j204y-thiet-ke-mat-tron-dinh-da-p81504333.html?spid=81504336,đồng hồ đeo tay nữ
72093668,Pin Đồng hồ đeo tay Maxell SR927SW 1.55V 395 vỉ 5 viên,148000.0,148000.0,0.0,5.0,3,,https://tiki.vnpin-dong-ho-deo-tay-maxell-sr927sw-1-55v-395-vi-5-vien-p72093668.html?spid=114183048,pin đồng hồ đeo tay
68082497,Nhẫn nam titan mặt kim cương,80000.0,80000.0,0.0,4.0,1,,https://tiki.vnnhan-nam-titan-mat-kim-cuong-p68082497.html?spid=68082499,nhẫn nam titan mặt
56941277,Nhẫn bạc đẹp cho nữ đính đá Cz đỏ cao cấp tphcm Gix Jewel N14,780000.0,780000.0,0.0,0.0,0,,https://tiki.vnnhan-bac-dep-cho-nu-dinh-da-cz-do-cao-cap-tphcm-gix-jewel-n14-p56941277.html?spid=56941281,nhẫn bạc đẹp nữ
56383050,Đồng Hồ Pin Bỏ Túi Cổ Điển Retro Năm Tuổi 12 Con Giáp,123000.0,123000.0,0.0,4.6,14,,https://tiki.vndong-ho-pin-bo-tui-co-dien-retro-nam-tuoi-12-con-giap-tuoi-dan-ho-tang-kem-2-pin-p56383050.html?spid=57046068,đồng hồ pin bỏ túi cổ điển
52148545,Nhẫn nữ đeo ngón chỉ,80000.0,80000.0,0.0,3.6,7,,https://tiki.vnnhan-nu-deo-ngon-chi-p52148545.html?spid=52148553,nhẫn nữ đeo ngón
32691638,VÒNG HUYẾT ÁP NHẬT BẢN - ND38,299000.0,299000.0,0.0,0.0,0,,https://tiki.vnvong-huyet-ap-nhat-ban-nd38-p32691638.html?spid=197850126,vòng huyết áp nhật bản
29138431,Bông tai nam,34300.0,35000.0,700.0,4.5,14,,https://tiki.vnbong-tai-nam-p29138431.html?spid=29138439,tai nam
24597332,VÒNG CẨM THẠCH TỰ NHIÊN TRLÝ N54 MÀU TRẮNG CẨM THẠCH 1 XÍU XÍU XANH LÁ NHẸ ĐÚNG ĐẸP BÓNG MƯỚT NỮ 52kg Đến 58kg ,1450000.0,2900000.0,1450000.0,0.0,0,,https://tiki.vnvong-cam-thach-tu-nhien-trly-n54-mau-trang-cam-thach-1-xiu-xiu-xanh-la-nhe-dung-dep-bong-muot-nu-52kg-den-58kg-p24597332.html?spid=24597333,vòng cẩm thạch tự nhiên trlý
16931764,Nhẫn nam nữ bát nhã tâm kinh trì chú khai quang N6,45000.0,45000.0,0.0,4.5,51,,https://tiki.vnnhan-nam-nu-bat-nha-tam-kinh-tri-chu-khai-quang-n6-p16931764.html?spid=52048183,nhẫn nam nữ bát nhã tâm
10787668,Dây da đồng hồ nam nữ da bò thật dập vân cá sấu bền đẹp,42000.0,42000.0,0.0,4.5,39,,https://tiki.vnday-da-dong-ho-nam-nu-da-bo-that-dap-van-ca-sau-ben-dep-p10787668.html?spid=68248606,dây da đồng hồ nam nữ
5466951,Đá Moissanite diamond 6ly,1000000.0,1000000.0,0.0,0.0,0,,https://tiki.vnda-moissanite-diamond-6ly-p5466951.html?spid=109709584,đá moissanite diamond ly
2024251,Dây Đồng Hồ Da Đà Điểu Size Lớn Huy Hoàng HT8410 - Nâu Đất,164500.0,329000.0,164500.0,5.0,1,,https://tiki.vnday-dong-ho-da-da-dieu-size-lon-huy-hoang-ht8410-nau-dat-p2024251.html?spid=2025293,dây đồng hồ da đà điểu
1385505,Đồng Hồ Nam Bulova Dây Da 98A165 - Mặt Trắng,14985000.0,14985000.0,0.0,0.0,0,,https://tiki.vndong-ho-nam-bulova-day-da-98a165-mat-trang-p1385505.html?spid=51724434,đồng hồ nam bulova dây
278943407,"Charm bạc Hoa Minh Gem kiểu hình trăng sao đính đá lấp lánh, mặt dây chuyền charm tòng teng xinh xắn",198000.0,198000.0,0.0,0.0,0,,https://tiki.vncharm-bac-hoa-minh-gem-kieu-hinh-trang-sao-dinh-da-lap-lanh-mat-day-chuyen-charm-tong-teng-xinh-xan-c0101-p278943407.html?spid=278943408,charm bạc hoa minh gem kiểu
278534989,Dây chuyền nam titan cao cấp đẹp sang trọng inox thép không gỉ lặc trangsucpt kích cỡ 7mm PTDCNA0,40000.0,40000.0,0.0,0.0,0,,https://tiki.vnday-chuyen-nam-titan-cao-cap-dep-sang-trong-inox-thep-khong-gi-lac-trangsucpt-kich-co-7mm-ptdcna0-p278534989.html?spid=278535664,dây chuyền nam titan cao cấp đẹp
278443836,"máy Xông Tinh Dầu phun sương tạo ẩm ,Máy khuếch tán tinh dầu dùng làm phòng ngủ dung tích Dung Tích LỚN 2L",239000.0,239000.0,0.0,1.0,1,,https://tiki.vnmay-xong-tinh-dau-phun-suong-tao-am-may-khuech-tan-tinh-dau-dung-lam-phong-ngu-dung-tich-dung-tich-lon-2l-p278443836.html?spid=278443837,máy xông tinh dầu phun
278443493,Sơn Bạc Mạ Crom màu inox Sáng Bóng 350ml sơn chịu nhiệt sơn bô xe chuyên dụng,88000.0,88000.0,0.0,0.0,0,,https://tiki.vnson-bac-ma-crom-mau-inox-sang-bong-350ml-son-chiu-nhiet-son-bo-xe-chuyen-dung-p278443493.html?spid=278443494,sơn bạc mạ crom
273528017,HỘP XOAY CHÍNH HÃNG DRIKLUX T8 - XOAY 8 ĐỒNG HỒ,17650000.0,17650000.0,0.0,0.0,0,,https://tiki.vnhop-xoay-chinh-hang-driklux-t8-xoay-8-dong-ho-p273528017.html?spid=273541317,hộp xoay hãng driklux
271875767,VÒNG CHUỖI 18 LOẠI HẠT BỒ ĐỀ LA HÁN - VÒNG CHUỖI CỦA SỰ THỨC TỈNH,130000.0,130000.0,0.0,0.0,0,,https://tiki.vnvong-chuoi-18-loai-hat-bo-de-la-han-vong-chuoi-cua-su-thuc-tinh-p271875767.html?spid=271875768,vòng chuỗi loại hạt
262732964,Cáp sạc cho Realme Watch 3 Pro/ 2 Pro/ 2/ 3/ Band 2 - dây dài 1m,99000.0,99000.0,0.0,5.0,1,,https://tiki.vncap-sac-realme-watch-3-pro-2-pro-2-3-band-2-day-dai-1m-p262732964.html?spid=262732968,cáp sạc realme watch
261835000,Đồng hồ nữ SKAGEN HALD SKW2442,4950000.0,4950000.0,0.0,0.0,0,,https://tiki.vndong-ho-nu-skagen-hald-skw2442-p261835000.html?spid=261835003,đồng hồ nữ skagen hald
260669051,Vòng cổ ngọc bích quan âm,5000000.0,5000000.0,0.0,0.0,0,,https://tiki.vnvong-co-ngoc-bich-quan-am-p260669051.html?spid=260669052,vòng cổ ngọc bích quan
252637326,Dây đồng hồ cho Samsung Watch 7/ FE/ 6/ 6 Classic/ 5/ 5 Pro/ 4/ 4 Classic/ Active/ Active 2 40/ 44mm (DGNT-1),110000.0,110000.0,0.0,5.0,1,,https://tiki.vnday-dong-ho-cho-samsung-5-5-pro-4-4-classic-active-active-2-40-44mm-dgnt-1-p252637326.html?spid=252637384,dây đồng hồ samsung watch
208411953,Dây Đồng Hồ Da Cá Sấu Thật Màu Nâu Đen,150000.0,150000.0,0.0,0.0,0,,https://tiki.vnday-dong-ho-da-ca-sau-that-mau-nau-den-p208411953.html?spid=208411971,dây đồng hồ da cá sấu
207930195,Chuỗi Trầm Hương May Mắn ATC 72556 108 Hạt 07mm Chuỗi Trầm Phong Thuỷ ,2310000.0,2310000.0,0.0,0.0,0,,https://tiki.vnchuoi-tram-huong-may-man-atc-72556-108-hat-07mm-chuoi-tram-phong-thuy-p207930195.html?spid=207930197,chuỗi trầm hương may mắn atc
202461194, Dây đồng hồ da bò nhiều size màu đen HT8101-15-29,89500.0,179000.0,89500.0,0.0,0,,https://tiki.vnday-dong-ho-da-bo-nhieu-size-mau-den-ht8101-15-29-p202461194.html?spid=202461196,dây đồng hồ da bò nhiều
202047837,Đồng Hồ Nam Bering Automatic Màu Đen 13641-402,24463000.0,24463000.0,0.0,0.0,0,,https://tiki.vndong-ho-nam-bering-automatic-mau-den-13641-402-p202047837.html?spid=202047838,đồng hồ nam bering automatic
195028697,Bông Tai Khuyên Tai Bạc 925 Bông Tuyết BẠC HIỂU MINH HT354,670000.0,670000.0,0.0,5.0,1,,https://tiki.vnbong-tai-khuyen-tai-bac-925-bong-tuyet-bac-hieu-minh-ht354-p195028697.html?spid=195028698,bông tai khuyên tai bạc 925
186106275,Vòng Tay charm xinh đẹp 5 đồng tiền đá cẩm thạch tự nhiên Vòng tay phối charm hình Chú Ong Xinh xắn vòng màu vàng khoen rút xinh Nữ đeo dễ thương ạ,748000.0,1360000.0,612000.0,0.0,0,,https://tiki.vnvong-tay-charm-xinh-dep-5-dong-tien-da-cam-thach-tu-nhien-vong-tay-phoi-charm-hinh-chu-ong-xinh-xan-vong-mau-vang-khoen-rut-xinh-nu-deo-de-thuong-a-p186106275.html?spid=186106276,vòng tay charm xinh đẹp đồng tiền
183483352,"Chiếc Nhẫn Nam đá Mã Não Đen đk 20mm x cao 8,5mm x dầy 4mm Nhẫn phong thủy may mắn Hợp Nam mệnh Thủy mệnh Mộc Các Anh đeo ngón tay cái hay bất kỳ ngón tay nào ni đk lọt lòng 20mm shop giao bất kỳ ạ",273900.0,498000.0,224100.0,0.0,0,,https://tiki.vnchiec-nhan-nam-da-ma-nao-den-dk-20mm-x-cao-8-5mm-x-day-4mm-nhan-phong-thuy-may-man-hop-nam-menh-thuy-menh-moc-cac-anh-deo-ngon-tay-cai-hay-bat-ky-ngon-tay-nao-ni-dk-lot-long-20mm-shop-giao-bat-ky-a-p183483352.html?spid=183483353,nhẫn nam đá mã não
176505874,VÒNG TAY TỲ HƯU OM MANI PADME HUM MẠ BẠC THU HÚT TÀI LỘC,150000.0,150000.0,0.0,5.0,1,,https://tiki.vnvong-tay-ty-huu-om-mani-padme-hum-ma-bac-thu-hut-tai-loc-p176505874.html?spid=176505875,vòng tay tỳ hưu om mani
120656800,"HC8112-13-14 - Dây đồng hồ Huy Hoàng da bò size 12, 14 màu nâu đen, tím đậm, nâu bạc",179000.0,179000.0,0.0,0.0,0,,https://tiki.vnhp8112-13-14-day-dong-ho-huy-hoang-da-bo-size-12-14-mau-nau-den-tim-dam-nau-bac-p120656800.html?spid=120656808,hc8112 14 dây đồng hồ
116086511,Mặt Cẩm Thạch Di Lặc Sơn Thủy cao cấp chạm kiểu,2990000.0,2990000.0,0.0,0.0,0,,https://tiki.vnmat-cam-thach-di-lac-son-thuy-cao-cap-cham-kieu-p116086511.html?spid=116086512,mặt cẩm thạch di lặc sơn thủy
103824872,Đồng Hồ Đeo Tay Nữ Chính Hãng Casio LW-204-1ADF Dây Nhựa,924000.0,1168000.0,244000.0,5.0,1,,https://tiki.vndong-ho-deo-tay-nu-chinh-hang-casio-lw-204-1adf-day-nhua-p103824872.html?spid=103824873,đồng hồ đeo tay nữ
96776861,Vòng tay Đá Cẩm Thạch tự nhiên TRUNG SỊN 50mm x Dầy 8mm  XANH NGỌC NHẸ NHÀNG BÓNG ĐẸP Kèm Giấy Kiểm định Liulab No 476274  Hợp Nữ Mệnh Mộc Hỏa Thủy 50kg - 55kg đeo ạ,2145000.0,3900000.0,1755000.0,0.0,0,,https://tiki.vnvong-tay-da-cam-thach-tu-nhien-trung-sin-50mm-x-day-8mm-xanh-ngoc-nhe-nhang-bong-dep-kem-giay-kiem-dinh-liulab-no-476274-hop-nu-menh-moc-hoa-thuy-50kg-55kg-deo-a-p96776861.html?spid=96776862,vòng tay đá cẩm thạch tự nhiên
95180361,Vòng Gỗ Hóa Thạch Nam Đeo Tay Rất Đẹp Hiếm có hàng size 14mm  Vòng size 14ly gồm 14 hạt vào cung nam đeo được hết ạ Màu,540000.0,900000.0,360000.0,0.0,0,,https://tiki.vnvong-go-hoa-thach-nam-deo-tay-rat-dep-hiem-co-hang-size-14mm-vong-size-14ly-gom-14-hat-vao-cung-nam-deo-duoc-het-a-mau-nau-dam-van-go-tu-nhien-nam-deo-dep-sang-tay-tot-re-a-p95180361.html?spid=95180362,vòng gỗ hóa thạch nam
92970228,"Combo Vòng đeo tay chỉ đỏ đính 7 hạt Ngọc Cẩm Thạch thiên nhiên 100%, Chu vi vòng 22cm, thiết kế co giãn, Kèm bản Photocopy GIẤY KIỂM ĐỊNH CỦA SJC LAB (Full mã số), KÈM túi đựng Cung Hỷ",248000.0,248000.0,0.0,0.0,0,,https://tiki.vncombo-vong-deo-tay-chi-do-dinh-7-hat-ngoc-cam-thach-thien-nhien-100-chu-vi-vong-22cm-thiet-ke-co-gian-kem-ban-photocopy-giay-kiem-dinh-cua-sjc-lab-full-ma-so-kem-tui-dung-cung-hy-p92970228.html?spid=92970233,combo vòng đeo tay
92816303, Nhẫn nam nữ thời trang hợp kim titan khảm đen cực đẹp,37800.0,42000.0,4200.0,5.0,2,,https://tiki.vnnhan-nam-nu-thoi-trang-hop-kim-titan-kham-den-cuc-dep-p92816303.html?spid=148006040,nhẫn nam nữ thời trang hợp kim
72039599,Mặt Dây Chuyền Nam Bạc Hiểu Minh MDN025 nanh bạc bọc rồng,1248750.0,1248750.0,0.0,4.7,3,,https://tiki.vnmat-day-chuyen-nam-bac-hieu-minh-mdn025-nanh-bac-boc-rong-p72039599.html?spid=72039600,mặt dây chuyền nam bạc hiểu
60158401,Dây Chuyền Mặt Chày Kim Cang,160000.0,160000.0,0.0,0.0,0,,https://tiki.vnday-chuyen-mat-chay-kim-cang-p60158401.html?spid=60158402,dây chuyền mặt chày kim
57988184,"Đồng hồ đeo tay Nam hiệu JONAS & VERUS Y01646-Q3.BBBLL, Máy Pin (Quartz), Kính Sapphire, Dây da Italy",3402000.0,3402000.0,0.0,0.0,0,,https://tiki.vndong-ho-deo-tay-nam-hieu-jonas-verus-y01646-q3-bbbll-may-pin-quartz-kinh-sapphire-day-da-italy-p57988184.html?spid=57988185,đồng hồ đeo tay nam hiệu
57843305,"Đồng hồ đeo tay Nữ hiệu JONAS & VERUS X01856-Q3.PPWLH, Máy Pin (Quartz), Kính sapphire chống trầy xước, Dây Da Italy",2772000.0,2772000.0,0.0,0.0,0,,https://tiki.vndong-ho-deo-tay-nu-hieu-jonas-verus-x01856-q3-ppwlh-may-pin-quartz-kinh-sapphire-chong-tray-xuoc-day-da-italy-p57843305.html?spid=57843306,đồng hồ đeo tay nữ hiệu
56953844,Nhẫn bạc đính đá xuyến chi nữ cao cấp Gix Jewel N27,580000.0,580000.0,0.0,0.0,0,,https://tiki.vnnhan-bac-dinh-da-xuyen-chi-nu-cao-cap-gix-jewel-n27-p56953844.html?spid=56953846,nhẫn bạc đính đá xuyến
52136387,Nhẫn nam nữ dạ quang hình vương miện,79000.0,79000.0,0.0,4.0,3,,https://tiki.vnnhan-nam-nu-da-quang-hinh-vuong-mien-p52136387.html?spid=52136393,nhẫn nam nữ dạ quang hình
38329279,Lắc Tay Nữ Mạ Vàng 18 K Mẫu 152.20.09,240000.0,240000.0,0.0,0.0,0,,https://tiki.vnlac-tay-nu-ma-vang-18-k-mau-152-20-09-p38329279.html?spid=146648009,lắc tay nữ mạ
23187795,Bông tai châu đính đá gợn sóng,45000.0,45000.0,0.0,0.0,0,,https://tiki.vnbong-tai-chau-dinh-da-gon-song-p23187795.html?spid=23195970,tai châu đính đá gợn
22111652,Vòng tay Lu Thống ngọc cẩm thạch dát vàng 24k by Anqlo Lusso,405000.0,405000.0,0.0,5.0,1,,https://tiki.vnvong-tay-lu-thong-ngoc-cam-thach-by-anqlo-p22111652.html?spid=22111654,vòng tay lu thống ngọc cẩm thạch dát
20376364,Bông tai nam châm ngôi sao,20000.0,20000.0,0.0,4.0,8,,https://tiki.vnbong-tai-nam-cham-ngoi-sao-p20376364.html?spid=20376366,tai nam châm ngôi sao
15080466,Combo 2 sợi dây vòng cổ cao su - đen + xanh dương DCSEXD1,108900.0,108900.0,0.0,4.5,2,,https://tiki.vncombo-2-soi-day-vong-co-cao-su-den-xanh-duong-dcsexd1-p15080466.html?spid=15080467,combo sợi dây vòng
12294576,Đồng hồ nữ dây da Casio LTP-1094Q-7B4RDF,912900.0,1074000.0,161100.0,5.0,2,,https://tiki.vndong-ho-nu-day-da-casio-ltp-1094q-7b4rdf-p12294576.html?spid=41346822,đồng hồ nữ dây da
10933536,Vòng cổ choker tattoo V49,16000.0,16000.0,0.0,5.0,1,,https://tiki.vnvong-co-choker-tattoo-v49-p10933536.html?spid=10933537,vòng cổ choker tattoo
10574841,Mặt dây chuyền thạch anh tím Amethyst 2.5cm,824000.0,824000.0,0.0,0.0,0,,https://tiki.vnmat-day-chuyen-thach-anh-tim-amethyst-tu-nhien-kieu-giot-nuoc-p10574841.html?spid=10574843,mặt dây chuyền thạch tím
9731840,Bông Tai Nữ Bạc Hiểu Minh  HT070,420000.0,420000.0,0.0,0.0,0,,https://tiki.vnbong-tai-nu-bac-hieu-minh-ht070-p9731840.html?spid=9731841,bông tai nữ bạc hiểu
277512384,Đồng hồ nam SRwatch SG88804.1201AT,5350000.0,5350000.0,0.0,0.0,0,,https://tiki.vndong-ho-nam-srwatch-sg88804-1201at-p277512384.html?spid=277512385,đồng hồ nam srwatch sg88804
274505713,Đồng hồ nam SRWATCH SG7006.1202GM,3450000.0,3450000.0,0.0,0.0,0,,https://tiki.vndong-ho-nam-srwatch-sg7006-1202gm-p274505713.html?spid=274505714,đồng hồ nam srwatch
273382752,"Vòng tay nữ đá  kyanite tự nhiên hay đá Sapphire nước xanh dương Đậm bóng đẹp 8mm đẹp sang tốt sức khỏe , mang lại may mắn, tài lộc nữ mệnh Thủy mệnh Mộc đeo ạ",1080000.0,2160000.0,1080000.0,0.0,0,,https://tiki.vnvong-tay-nu-da-kyanite-tu-nhien-hay-da-sapphire-nuoc-xanh-duong-dam-bong-dep-8mm-dep-sang-tot-suc-khoe-mang-lai-may-man-tai-loc-nu-menh-thuy-menh-moc-deo-a-p273382752.html?spid=273382753,vòng tay nữ đá kyanite
271102526,Dây đeo cho Mi Watch/ Watch S2 Pro/ S1/ S1 Active (DSKG),189000.0,189000.0,0.0,0.0,0,,https://tiki.vnday-deo-cho-mi-watch-watch-s1-s1-active-dskg-p271102526.html?spid=271102536,dây đeo
263963681,Dây đeo đồng hồ Tissot - Dây Đeo Đồng Hồ Da Bò Italy Màu Xanh Navy Thay Thế Dành Cho Tissot Size 19/20/21/22mm - Chất Liệu Da Cá Sấu Cao Cấp Tương Thích Tất Cả Các Phiên Bản Đồng Hồ Tissot - Bảo Hành 12 Tháng,690000.0,690000.0,0.0,0.0,0,,https://tiki.vnday-deo-dong-ho-tissot-day-deo-dong-ho-da-bo-italy-mau-xanh-navy-thay-the-danh-cho-tissot-size-19-20-21-22mm-chat-lieu-da-ca-sau-cao-cap-tuong-thich-tat-ca-cac-phien-ban-dong-ho-tissot-bao-hanh-12-thang-p263963681.html?spid=263963689,dây đeo đồng hồ tissot
263576611,Dây đeo cho Amazfit GTR mini/ GTR 4/ 3/ 3 Pro/ 2/ 2e/ 1/ GTS 4/ 3 / 2/ 1/ Bip 3/ Bip U/ Bip 6/ Bip 5/ Redmi Watch 5 Active/ 5 Lite/ Mi Watch/ S2 Pro/ S1/ S1 Active/ S1 Pro/ Cheetah (DD),320000.0,320000.0,0.0,0.0,0,,https://tiki.vnday-deo-cho-amazfit-gtr-mini-gtr-4-3-3-pro-2-2e-1-gts-4-3-2-1-bip-3-bip-u-mi-watch-s1-s1-active-s1-pro-dd-p263576611.html?spid=263576619,dây đeo amazfit gtr
253236338,Dây đeo đồng hồ da bò màu đỏ Size 14/15/16/17/18/19/20/21/22mm - Dây đồng hồ da bò Thật 100% - Bảo Hành 12 Tháng,449000.0,449000.0,0.0,0.0,0,,https://tiki.vnday-deo-dong-ho-da-bo-mau-do-bo-size-14-15-16-17-18-19-20-21-22mm-day-dong-ho-da-bo-that-100-bao-hanh-12-thang-p253236338.html?spid=253236406,dây đeo đồng hồ da bò
253232795,Dây đeo đồng hồ da bò màu Xanh Navy Size 14/15/16/17/18/19/20/21/22mm - Dây đồng hồ da bò Thật 100% - Bảo Hành 12 Tháng,449000.0,449000.0,0.0,3.0,2,,https://tiki.vnday-deo-dong-ho-da-bo-mau-xanh-navy-size-14-15-16-17-18-19-20-21-22mm-day-dong-ho-da-bo-that-100-bao-hanh-12-thang-p253232795.html?spid=253232861,dây đeo đồng hồ da bò
251446936,"Dây Đồng Hồ Da Bò Italy Cao Cấp Màu Đỏ Size 14/16/18/20/22mm - Dây Da Đồng Hồ Da Bò Thật 100%, Bảo Hành 12T",640000.0,640000.0,0.0,0.0,0,,https://tiki.vnday-dong-ho-da-bo-italy-cao-cap-mau-do-size-14-16-18-20-22mm-day-da-dong-ho-da-bo-that-100-bao-hanh-12t-p251446936.html?spid=251446938,dây đồng hồ da bò italy
244174048,Dây Đồng Hồ Da Cá Sấu Nâu Size 14/16/18/20/22/24/26mm - Dây Đeo Da Cá Sấu Thật 100% - Bảo Hành 12 Tháng,840000.0,840000.0,0.0,0.0,0,,https://tiki.vnday-dong-ho-da-ca-sau-nau-size-14-16-18-20-22-24-26mm-day-deo-da-ca-sau-that-100-bao-hanh-12-thang-p244174048.html?spid=244174064,dây đồng hồ da cá sấu
242070392,Bông Tai Vàng 14KY Đính đá thiên nhiên - MOON Jewelry,2890000.0,2890000.0,0.0,0.0,0,,https://tiki.vnbong-tai-vang-14ky-dinh-da-thien-nhien-moon-jewelry-p242070392.html?spid=242070398,bông tai vàng ky
239711751,Dây sạc Miband 5,65000.0,65000.0,0.0,0.0,0,,https://tiki.vnday-sac-miband-5-p239711751.html?spid=239711792,dây sạc miband
209164439,VÒNG CHUỖI 108 HẠT BỒ ĐỀ KIM CANG TỰ NHIÊN MÀI NHẴN 8mm,280000.0,280000.0,0.0,0.0,0,,https://tiki.vnvong-chuoi-108-hat-bo-de-kim-cang-tu-nhien-mai-nhan-8mm-p209164439.html?spid=209164440,vòng chuỗi hạt bồ
208644765,Kính cường lực cho Garmin Fenix 6 / Fenix 6 Pro / Fenix 6 Shapphire,30000.0,30000.0,0.0,5.0,1,,https://tiki.vnkinh-cuong-luc-cho-garmin-fenix-6-fenix-6-pro-fenix-6-shapphire-p208644765.html?spid=208644786,kính cường lực garmin fenix
202047771,Đồng Hồ Nam Bering Classic Màu Đen 11939-229,11050000.0,11050000.0,0.0,0.0,0,,https://tiki.vndong-ho-nam-bering-classic-mau-den-11939-229-p202047771.html?spid=202047772,đồng hồ nam bering classic
196207445,Dây Đeo SILICON dành Cho Huawei Watch Fit 2 / WatchFit 2 Chất Lượng cao,100000.0,100000.0,0.0,5.0,1,,https://tiki.vnday-deo-silicon-danh-cho-huawei-watch-fit-2-watchfit-2-chat-luong-cao-p196207445.html?spid=196207478,dây đeo silicon dành
183560258,Set 2 vòng tay lắc tay titan thời trang cá tính,159000.0,159000.0,0.0,0.0,0,,https://tiki.vnset-2-vong-tay-lac-tay-titan-thoi-trang-ca-tinh-p183560258.html?spid=183560259,set vòng tay lắc tay
182985205,Bông tai khuyên tai nhỏ xinh phong cách Hàn Quốc,75000.0,75000.0,0.0,0.0,0,,https://tiki.vnbong-tai-khuyen-tai-nho-xinh-phong-cach-han-quoc-p182985205.html?spid=182985206,tai khuyên tai nhỏ xinh phong cách
179570595,"Dây chuyền mạ vàng 18K, kèm hộp đựng Van Tien",139000.0,139000.0,0.0,0.0,0,,https://tiki.vnday-chuyen-ma-vang-18k-kem-hop-dung-van-tien-p179570595.html?spid=179570599,dây chuyền mạ vàng k
171186056,"Mặt Dây Chuyền Mặt Nhẫn Đồng Tiền Mới màu Xanh Đậm Đẹp Đá Cẩm thạch xanh tự nhiên  Size nhỏ vừa đk 13,5mm x dầy 3mm  Nữ bọc vàng lên đeo đẹp lắm rất ý nghĩa đồng tiền may mắn tài lộc ạ",528940.0,998000.0,469060.0,0.0,0,,https://tiki.vnmat-day-chuyen-mat-nhan-dong-tien-moi-mau-xanh-dam-dep-da-cam-thach-xanh-tu-nhien-size-nho-vua-dk-13-5mm-x-day-3mm-nu-boc-vang-len-deo-dep-lam-rat-y-nghia-dong-tien-may-man-tai-loc-a-p171186056.html?spid=171186057,mặt dây chuyền mặt nhẫn
145763568,"10 Viên Pin Cúc Áo LR44 - AG13 - L1154 Vinnic 1,5V",20000.0,20000.0,0.0,5.0,7,,https://tiki.vnvi-10-vien-pin-cuc-ao-vinnic-lr44-ag13-a76-l1154f-357-p145763568.html?spid=145763574,
107480536,"Dụng Cụ Tháo Mắt Dây Đồng Hồ, Cắt Ngắn Dây, Đột Dây Đồng Hồ, Chất Liệu Nhựa ABS, Kim Bằng Thép Và Đồng, Đơn Giản Dễ Dùng",13999.0,13999.0,0.0,5.0,2,,https://tiki.vndung-cu-thao-mat-day-dong-ho-cat-ngan-day-dot-day-dong-ho-chat-lieu-nhua-abs-kim-bang-thep-va-dong-don-gian-de-dung-p107480536.html?spid=192896764,dụng cụ tháo mắt dây
106394182,Dây đồng hồ da bò thật nam nữ các màu,120000.0,120000.0,0.0,5.0,2,,https://tiki.vnday-dong-ho-da-bo-that-nam-nu-cac-mau-p106394182.html?spid=106394209,dây đồng hồ da bò nam nữ
106394067,Máy đồng hồ Miyota không lịch 3kim dùng chho đồng hồ đeo tay,65000.0,65000.0,0.0,4.0,1,,https://tiki.vnmay-dong-ho-miyota-khong-lich-3kim-dung-chho-dong-ho-deo-tay-p106394067.html?spid=106394075,máy đồng hồ miyota lịch
106055282,Nhẫn Bạc Ý Đính Đá Alpanite và CZ Blue,1150000.0,1150000.0,0.0,0.0,0,,https://tiki.vnnhan-bac-y-dinh-da-alpanite-va-cz-blue-p106055282.html?spid=106055283,nhẫn bạc ý đính đá
100118918,Đồng Hồ Điện Tử Nam Chính Hãng Casio W-216H-1AV Dây Nhựa,844200.0,1005000.0,160800.0,0.0,0,,https://tiki.vndong-ho-dien-tu-nam-chinh-hang-casio-w-216h-1av-day-nhua-p100118918.html?spid=100118919,đồng hồ điện tử nam hãng
77924739,BeCharm Pha Lê Lấp Lánh 4 Màu,999000.0,999000.0,0.0,5.0,1,,https://tiki.vncharm-swarovski-becharmed-pave-bead-pha-le-lap-lanh-p77924739.html?spid=77924743,becharm pha lê lấp lánh
73122969,Bông tai kẹp vành tai S925 đính đá ,75000.0,75000.0,0.0,4.6,12,,https://tiki.vnbong-tai-kep-vanh-tai-s925-dinh-da-p73122969.html?spid=73122970,bông tai kẹp vành tai s925
68777927,Đồng Hồ Cặp Đôi SRwatch SR3006.1202CV,2240000.0,2240000.0,0.0,0.0,0,,https://tiki.vndong-ho-cap-doi-srwatch-sr3006-1202cv-p68777927.html?spid=68777928,đồng hồ
68482212,DÂY CHUYỀN DÀI ĐEO CỔ ĐÁ CẨM THẠCH BÁNH XE  MÀU XANH ĐẬM NHẸ TỰ NHIÊN TRỒNG CỔ  Dài 32cmx dầy 6mm dài mặt trước ngực rất đẹp,890000.0,1780000.0,890000.0,0.0,0,,https://tiki.vnday-chuyen-dai-deo-co-da-cam-thach-banh-xe-mau-xanh-dam-nhe-tu-nhien-trong-co-dai-32cmx-day-6mm-dai-mat-truoc-nguc-rat-dep-p68482212.html?spid=68482213,dây chuyền dài đeo cổ
67016859,Lắc tay vòng tay cổ điển mix nhiều loại xích hợp kim titan không đen,78000.0,78000.0,0.0,0.0,0,,https://tiki.vnlac-tay-vong-tay-co-dien-mix-nhieu-loai-xich-hop-kim-titan-khong-den-p67016859.html?spid=67016860,lắc tay vòng tay cổ điển
56947735,Nhẫn bạc cao cấp nữ đẹp Gix Jewel N23,580000.0,580000.0,0.0,0.0,0,,https://tiki.vnnhan-bac-cao-cap-nu-dep-gix-jewel-n23-p56947735.html?spid=56947741,nhẫn bạc cao cấp nữ
51724439,Đồng Hồ Nam Bulova Dây Thép Không Gỉ 96A208 - Mặt Đen,13900000.0,13900000.0,0.0,0.0,0,,https://tiki.vndong-ho-nam-bulova-day-thep-khong-gi-96a208-mat-den-p51724439.html?spid=51724440,đồng hồ nam bulova dây thép
50486325,  VÒNG TAY MÃ NÃO BẢN HẸ TỨ QUÝ 55 VÂN VÂN VÀNG ĐEN XANH BÔNG ĐỀU CẢ VÒNG ĐẸP NỮ 54KG ĐẾN 64KG ĐEO ĐẸP CHÂT LIỆU ĐÁ MÃ NÃO TỨ QUÝ ,750000.0,1500000.0,750000.0,0.0,0,,https://tiki.vnvong-tay-ma-nao-ban-he-tu-quy-55-van-van-vang-den-xanh-bong-deu-ca-vong-dep-nu-54kg-den-64kg-deo-dep-chat-lieu-da-ma-nao-tu-quy-p50486325.html?spid=50486326,vòng tay mã não bản hẹ tứ quý
35546212,Bộ bông tai 7 đôi siêu dễ thương xinh xắn TIM01,52000.0,52000.0,0.0,0.0,0,,https://tiki.vnbo-bong-tai-7-doi-sieu-de-thuong-xinh-xan-tim01-p35546212.html?spid=35546214,bông tai
19722532,Đồng Hồ Nam Citizen Dây Thép Không Gỉ Máy Cơ-Automatic NH8375-82E - Mặt Đen,6100000.0,6100000.0,0.0,0.0,0,,https://tiki.vndong-ho-nam-citizen-day-thep-khong-gi-nh8375-82e-mat-den-p19722532.html?spid=19901653,đồng hồ nam citizen dây thép
13448980,Bông tai nam khoen tròn 12mm màu bạc,35910.0,39900.0,3990.0,5.0,5,,https://tiki.vnbong-tai-nam-khoen-tron-12mm-mau-bac-p13448980.html?spid=45846761,tai nam khoen tròn mm
7050847,Vòng Tay Gỗ Sưa Đỏ Đẳng Cấp,242000.0,242000.0,0.0,0.0,0,,https://tiki.vnvong-tay-go-sua-do-dang-cap-p7050847.html?spid=56709858,vòng tay gỗ sưa
5778967,Đá Moissanite diamond 7.2ly,1875000.0,1875000.0,0.0,0.0,0,,https://tiki.vnda-moissanite-diamond-7-2ly-p5778967.html?spid=109711791,đá moissanite diamond
1383125,Đồng Hồ Nam Citizen Dây Thép Không Gỉ BM7145-51E - Mặt Đen (Sapphire),9385000.0,9385000.0,0.0,0.0,0,,https://tiki.vndong-ho-nam-citizen-day-thep-khong-gi-bm7145-51e-mat-den-sapphire-p1383125.html?spid=13792851,đồng hồ nam citizen dây thép
278898425,Vòng tay Ngọc Hoà Điền xanh lá cây hạt vuông size 10 li đẹp VIP,680000.0,680000.0,0.0,0.0,0,,https://tiki.vnvong-tay-ngoc-hoa-dien-xanh-la-cay-hat-vuong-size-10-li-dep-hoa-minh-gem-p278898425.html?spid=278898923,vòng tay ngọc hòa điền xanh lá
278892468,mạch kích 24v lên 220v đóng trạm sạc đa năng siêu bền tải 750w,333900.0,333900.0,0.0,0.0,0,,https://tiki.vnmach-kich-24v-len-220v-dong-tram-sac-da-nang-sieu-ben-tai-750w-p278892468.html?spid=278892470,mạch kích v lên
278877636,"Vòng tay phong thủy chuỗi Mắt Hổ Đỏ Nâu chất 5A VIP size 12 li, hợp mệnh Hỏa Thổ",400000.0,400000.0,0.0,0.0,0,,https://tiki.vnvong-tay-phong-thuy-chuoi-mat-ho-do-nau-chat-5a-vip-size-12-li-hop-menh-hoa-tho-hoa-minh-gem-p278877636.html?spid=278877637,vòng tay phong thủy chuỗi mắt
278536718,Dây chuyền nam titan cao cấp sang trọng inox thép không gỉ hỏa tiển trơn trangsucpt cỡ 4mm PTDCNA14,50000.0,50000.0,0.0,0.0,0,,https://tiki.vnday-chuyen-nam-titan-cao-cap-sang-trong-inox-thep-khong-gi-hoa-tien-tron-trangsucpt-co-4mm-ptdcna14-p278536718.html?spid=278537298,dây chuyền nam titan cao cấp sang trọng
278421015,Vòng Chuỗi Nữ Đá Thạch Anh Trắng Tự Nhiên trong bóng đẹp size hạt 10mm Hợp Nữ mệnh Kim mệnh Thủy đeo đẹp xinh tay tốt cho sức khỏe công việc may mắn ạ,960000.0,960000.0,0.0,0.0,0,,https://tiki.vnvong-chuoi-nu-da-thach-anh-trang-tu-nhien-trong-bong-dep-size-hat-10mm-hop-nu-menh-kim-menh-thuy-deo-dep-xinh-tay-tot-cho-suc-khoe-cong-viec-may-man-a-p278421015.html?spid=278421016,vòng chuỗi nữ đá
278296337,"Dây chuyền bạc ý hình ngôi sao 5 cánh kết hợp hình mặt trăng đơn giản, phong cách Hàn Quốc, trẻ trung, nhẹ nhàng, phù hợp đi học, đi làm, đi chơi - HD99.2",547200.0,547200.0,0.0,0.0,0,,https://tiki.vnday-chuyen-bac-y-hinh-ngoi-sao-5-canh-ket-hop-mat-trang-don-gian-phong-cach-han-quoc-tre-trung-nhe-nhang-phu-hop-di-hoc-di-lam-di-choi-hd99-2-p278296337.html?spid=278296338,dây chuyền bạc ý hình ngôi sao
276233484,Hoa Tai Bạc Ta 925 Cỏ 4 Lá Đính Đá Bạc Hiểu Minh HT392,775000.0,775000.0,0.0,0.0,0,,https://tiki.vnhoa-tai-bac-ta-925-co-4-la-dinh-da-bac-hieu-minh-ht392-p276233484.html?spid=276233485,hoa tai bạc 925 cỏ
275067887,[BH 2 Năm Động Cơ] Hộp Đồng Hồ Cơ 6 Xoay + 6 Tĩnh SAIKE Vỏ Gỗ Sơn Vân Gỗ Mun Có Đèn Led,1950000.0,1950000.0,0.0,5.0,1,,https://tiki.vnhop-dong-ho-co-6-xoay-6-tinh-saike-vo-go-son-van-go-mun-co-den-led-p275067887.html?spid=275067888,hộp đồng hồ cơ xoay
270267544,DÂY CHUYỀN VÒNG CỔ THIÊN CHÂU DZI TÂY TẠNG 9 MẮT KÈM HỘP VÀ GIẤY CHỨNG NHẬN,350000.0,350000.0,0.0,0.0,0,,https://tiki.vnday-chuyen-vong-co-thien-chau-dzi-tay-tang-9-mat-kem-hop-va-giay-chung-nhan-p270267544.html?spid=270267545,dây chuyền vòng cổ thiên châu dzi
263049723,Đồng hồ nam SKAGEN SOL SOLAR-POWERED SKW6794,5110000.0,5110000.0,0.0,0.0,0,,https://tiki.vndong-ho-nam-skagen-sol-solar-powered-skw6794-p263049723.html?spid=263049724,đồng hồ nam skagen sol
255410238,"Vòng Tay, Lắc Tay Nữ Bạc 925 Dây Rút Đá Nhân Tạo Cao Cấp Bạc Hiểu Minh LTU583",1105000.0,1105000.0,0.0,0.0,0,,https://tiki.vnvong-tay-lac-tay-nu-bac-925-day-rut-da-nhan-tao-cao-cap-bac-hieu-minh-ltu583-p255410238.html?spid=255410239,vòng tay lắc tay nữ
251773046,Nhẫn Nam Bạc Ta Chữ Phúc Bạc Hiểu Minh NA618,1770000.0,1770000.0,0.0,0.0,0,,https://tiki.vnnhan-nam-bac-ta-chu-phuc-bac-hieu-minh-na618-p251773046.html?spid=251773047,nhẫn nam bạc chữ
195184374,Hoa Tai Bông Tai Khuyên Tai Nam Nữ - Hình Bông Hoa Đính Đá -Bạc Hiểu Minh HT338,518750.0,518750.0,0.0,0.0,0,,https://tiki.vnhoa-tai-bong-tai-khuyen-tai-nam-nu-hinh-bong-hoa-dinh-da-bac-hieu-minh-ht338-p195184374.html?spid=195184375,hoa tai bông tai khuyên tai
193685527,Dây chuyền vòng cổ thời trang mix hạt châu đơn giản cá tính punk rock Âu Mỹ,75600.0,75600.0,0.0,0.0,0,,https://tiki.vnday-chuyen-vong-co-thoi-trang-mix-hat-chau-don-gian-ca-tinh-punk-rock-au-my-p193685527.html?spid=193685531,dây chuyền vòng cổ thời trang
185898344,Vòng cổ dây chuyền ngọc trai nữ tính nhiều kiểu đeo đa phong cách,89000.0,89000.0,0.0,4.0,1,,https://tiki.vnvong-co-day-chuyen-ngoc-trai-nu-tinh-nhieu-kieu-deo-da-phong-cach-p185898344.html?spid=185898345,vòng cổ dây chuyền ngọc trai
179757191,Vòng Tay Gỗ Trầm Hương 108 Hạt - Size Hạt 8 Ly - Mùi Hương Thoang Thoảng - Vân Gỗ Tự Nhiên - Hình Ảnh Thực Tế Trong Mô Tả,182850.0,345000.0,162150.0,5.0,1,,https://tiki.vnvong-tay-go-tram-huong-108-hat-size-hat-8-ly-mui-huong-thoang-thoang-van-go-tu-nhien-hinh-anh-thuc-te-trong-mo-ta-p179757191.html?spid=197902154,vòng tay gỗ trầm hương hạt
143529003,"HJ8206-07-08-09 - Dây đồng hồ da cá sấu size 22, 24, 26 màu đen, nâu đỏ, vàng, nâu đất",174500.0,349000.0,174500.0,0.0,0,,https://tiki.vnhj8206-07-08-09-day-dong-ho-da-ca-sau-size-22-24-26-mau-den-nau-do-vang-nau-dat-p143529003.html?spid=143529021,hj8206 07 08 09
138674692,Dây Samsung Watch Active 1/ Active 2 size 40/ 44mm,99000.0,99000.0,0.0,0.0,0,,https://tiki.vnday-samsung-watch-active-1-active-2-size-40-44mm-p138674692.html?spid=138674694,dây samsung watch active
129211883,"HJ8129-30-31-32 - Dây đồng hồ Huy Hoàng da bò size 22, 24, 26 màu đen, nâu đất, xanh lá, nâu đỏ",89500.0,179000.0,89500.0,0.0,0,,https://tiki.vnhj8129-30-31-32-day-dong-ho-huy-hoang-da-bo-size-22-24-26-mau-den-nau-dat-xanh-la-nau-do-p129211883.html?spid=129211889,hj8129 31 dây đồng hồ
106391774,Dây Đồng Hồ HUBLOT Lót Da Lộn Nâu Vàng Case 38 Size Dây 15 - 23 - 20,150000.0,150000.0,0.0,4.5,6,,https://tiki.vnday-dong-ho-hublot-lot-da-lon-nau-vang-case-38-size-day-15-23-20-p106391774.html?spid=106391820,dây đồng hồ hublot lót da lộn
91474188,"Combo Nhẫn Xoàn, Hợp Nam Nữ Phong Phong cách Châu Âu, chất liệu hợp kim mạ vàng 7.999k, đính đá,  Kèm túi đựng Cung Hỷ",153000.0,153000.0,0.0,3.7,3,,https://tiki.vncombo-nhan-xoan-hop-nam-nu-phong-phong-cach-chau-au-chat-lieu-hop-kim-ma-vang-7-999k-dinh-da-kem-tui-dung-cung-hy-p91474188.html?spid=91474190,combo nhẫn xoàn hợp nam nữ
84073118,"Chuỗi trầm hương 108 hạt 6 ly, vòng đeo tay trầm hương may mắn",199000.0,199000.0,0.0,0.0,0,,https://tiki.vnchuoi-tram-huong-108-hat-6-ly-vong-deo-tay-tram-huong-may-man-p84073118.html?spid=98022572,chuỗi trầm hương hạt ly vòng
72135186,TẶNG NHẪN - Dây chuyền nam titan mạ vàng BHDC192- 4mm/5mm,142000.0,142000.0,0.0,5.0,11,,https://tiki.vntang-nhan-day-chuyen-nam-titan-ma-vang-bhdc192-4mm-5mm-p72135186.html?spid=72206821,tặng nhẫn dây chuyền nam titan
57843966,"Đồng hồ đeo tay Nữ hiệu JONAS & VERUS X01856-Q3.PPWLR, Máy Pin (Quartz), Kính sapphire chống trầy xước, Dây Da Italy",2772000.0,2772000.0,0.0,0.0,0,,https://tiki.vndong-ho-deo-tay-nu-hieu-jonas-verus-x01856-q3-ppwlr-may-pin-quartz-kinh-sapphire-chong-tray-xuoc-day-da-italy-p57843966.html?spid=57843967,đồng hồ đeo tay nữ hiệu
53089152,VÒNG ĐIỀU HÒA HUYẾT ÁP NHẬT BẢN - KA08,211311.0,398700.0,187389.0,0.0,0,,https://tiki.vnvong-dieu-hoa-huyet-ap-nhat-ban-ka08-p53089152.html?spid=275174203,vòng điều hòa huyết áp
52648580,Bông tai hoa cúc họa mi,75000.0,75000.0,0.0,0.0,0,,https://tiki.vnbong-tai-hoa-cuc-hoa-mi-p52648580.html?spid=73815464,tai hoa cúc họa
52468904,Bông tai nam châm - mẫu,30000.0,30000.0,0.0,4.3,3,,https://tiki.vnbong-tai-nam-cham-mau-ngoc-trai-dinh-da-den-dinh-da-trang-p52468904.html?spid=52469021,tai nam châm mẫu
34161165,Dây chuyền nam mạ vàng 24k D5,175000.0,175000.0,0.0,0.0,0,,https://tiki.vnday-chuyen-nam-ma-vang-24k-d5-p34161165.html?spid=171208414,dây chuyền nam mạ vàng
26618750,Vòng tay phong thủy đá mã não đỏ MS52-10MX,125000.0,125000.0,0.0,0.0,0,,https://tiki.vnvong-tay-phong-thuy-da-ma-nao-do-ms52mx-p26618750.html?spid=76197277,vòng tay phong thủy đá mã não
25729104,"Vòng tay Đá Thạch Anh Đen 8 ly - cẩn Tỳ Hưu Phong Thủy inox vàng VTAETHHKV8 - hợp mệnh Mộc, mệnh Thủy",176000.0,176000.0,0.0,0.0,0,,https://tiki.vnvong-tay-da-thach-anh-den-8-ly-can-ty-huu-phong-thuy-inox-vang-vtaethhkv8-hop-menh-moc-menh-thuy-p25729104.html?spid=25729110,vòng tay đá thạch đen ly cẩn
22198102,CHIẾC VÒNG THẠCH ANH ƯU LINH TRẮNG 14MM NAM MỆNH KIM THUỶ ĐÁ THIÊN NHIÊN ,299000.0,299000.0,0.0,0.0,0,,https://tiki.vnchiec-vong-thach-anh-uu-linh-trang-14mm-nam-menh-kim-thuy-da-thien-nhien-p22198102.html?spid=24556537,vòng thạch ưu linh trắng mm
20520264,Vòng tay phong thủy đá mắt hổ xanh lá MU343 Tỳ hưu vàng đổi màu mix hạt kim tiền,195000.0,195000.0,0.0,5.0,1,,https://tiki.vnvong-tay-phong-thuy-da-mat-ho-xanh-la-mu343-ty-huu-vang-doi-mau-mix-hat-kim-tien-p20520264.html?spid=78951730,vòng tay phong thủy đá mắt
17304230,Dây chuyền nam mạ Vàng 24k dây xoắn D9,126000.0,126000.0,0.0,3.7,3,,https://tiki.vnday-chuyen-nam-ma-vang-24k-day-xoan-d9-p17304230.html?spid=46231736,dây chuyền nam mạ vàng
15750489,Bông tai nữ trái châu mạ vàng 18k,93000.0,93000.0,0.0,0.0,0,,https://tiki.vnbong-tai-nu-trai-chau-ma-vang-18k-p15750489.html?spid=174253654,bông tai nữ trái châu mạ
14787183,"Dây vòng cổ Phật A Di Đà thạch anh đen 3.6cm DETEB7 - Phật bản mệnh tuổi Tuất, Hợi - Mặt size nhỏ",141900.0,141900.0,0.0,0.0,0,,https://tiki.vnday-vong-co-phat-a-di-da-thach-anh-den-3-6cm-deteb7-day-den-tuoi-tuat-hoi-p14787183.html?spid=14787184,dây vòng cổ phật a di đà
7143181,Vòng tay chuỗi hạt thạch anh đen khắc Phật chú 12 ly MSA119,220000.0,220000.0,0.0,0.0,0,,https://tiki.vnvong-tay-chuoi-hat-thach-anh-den-khac-phat-chu-12-ly-msa119-p7143181.html?spid=7143183,vòng tay chuỗi hạt thạch
6417471,Vòng tay chuỗi hạt đá thạch anh Đen 12 ly 15 hạt,196900.0,196900.0,0.0,0.0,0,,https://tiki.vnvong-tay-chuoi-hat-da-thach-anh-den-12-ly-15-hat-p6417471.html?spid=6417473,vòng tay chuỗi hạt đá
5412597,"[Mệnh Mộc, Hỏa] Vòng Tay Chuỗi Hạt Mã Não Tứ Quý 12 ly",196900.0,196900.0,0.0,0.0,0,,https://tiki.vnvong-tay-chuoi-hat-da-thach-anh-nau-xanh-12-ly-p5412597.html?spid=5412599,vòng tay chuỗi hạt mã não
5185099,Mặt Phật Như lai Đại nhật đen 5 cm kèm hộp nhung,159000.0,159000.0,0.0,0.0,0,,https://tiki.vnmat-phat-nhu-lai-dai-nhat-den-5-cm-kem-hop-nhung-p5185099.html?spid=5185101,mặt phật lai đại nhật đen
2416225,Đồng Hồ Nam Citizen Dây Thép Không Gỉ NH8350-83A - Mặt Trắng,5250000.0,5250000.0,0.0,0.0,0,,https://tiki.vndong-ho-nam-citizen-day-thep-khong-gi-nh8350-83a-mat-trang-p2416225.html?spid=2416227,đồng hồ nam citizen dây thép
278897127,ĐỒNG ĐỒNG HỒ SUUNTO VERTICAL 2 - THÉP - Đồng hồ thể thao GPS với hơn 115 chế độ thể thao,18990000.0,18990000.0,0.0,0.0,0,,https://tiki.vndong-dong-ho-suunto-vertical-2-thep-dong-ho-the-thao-gps-voi-hon-115-che-do-the-thao-p278897127.html?spid=278897129,đồng hồ suunto vertical thép
278244998,Mặt dây chuyền phật Bảo Bao đá cẩm thạch type A cầu bình an cho bé 27x18mm mệnh hỏa mộc - Ngọc Quý Gemstones,1280000.0,1280000.0,0.0,0.0,0,,https://tiki.vnmat-day-chuyen-phat-bao-bao-da-cam-thach-type-a-cau-binh-an-cho-be-27x18mm-menh-hoa-moc-ngoc-quy-gemstones-p278244998.html?spid=278245002,mặt dây chuyền phật bảo
275416700,"DÂY ĐEO đồng hồ SUUNTO SILICON 22MM ( Thích hợp cho Suunto5peak, Suunto9peak, Suunto9peakPRO, Vertical, Race, Coros ...)",1390000.0,1390000.0,0.0,0.0,0,,https://tiki.vnday-deo-dong-ho-suunto-silicon-22mm-thich-hop-cho-suunto5peak-suunto9peak-suunto9peakpro-vertical-race-coros-p275416700.html?spid=275416933,dây đeo đồng hồ suunto
274535232,Đồng hồ nam SRWATCH TE SG1903.1407TE,2250000.0,2250000.0,0.0,0.0,0,,https://tiki.vndong-ho-nam-srwatch-te-sg1903-1407te-p274535232.html?spid=274535233,đồng hồ nam srwatch te
274512323,Đồng hồ nam SRWATCH SG88802.1102AT,5150000.0,5150000.0,0.0,0.0,0,,https://tiki.vndong-ho-nam-srwatch-sg88802-1102at-p274512323.html?spid=274512324,đồng hồ nam srwatch sg88802
274501578,Vòng cổ Phiten Rakuwa wire extreme carbon TG794052/TG794152,4680000.0,4680000.0,0.0,0.0,0,,https://tiki.vnvong-co-phiten-rakuwa-wire-extreme-carbon-tg794052-tg794152-p274501578.html?spid=274501582,vòng cổ phiten rakuwa
272942685,Đôi Bông Tai Nữ Bạc 925 Olwen Đính Kim Cương Moissanite,805398.0,805398.0,0.0,0.0,0,,https://tiki.vndoi-bong-tai-nu-bac-925-olwen-dinh-kim-cuong-moissanite-p272942685.html?spid=272942687,
270906748,Đồng hồ Casio Nam AE-1200WHD-1AVDF – Kudomaxstore,1373000.0,1373000.0,0.0,0.0,0,,https://tiki.vndong-ho-casio-nam-ae-1200whd-1avdf-kudomaxstore-p270906748.html?spid=270906749,đồng hồ casio nam ae
263577537,Vòng Tay Phong Thủy Màu Trắng Không Charm,150000.0,150000.0,0.0,0.0,0,,https://tiki.vnvong-tay-phong-thuy-mau-trang-charm-bac-p263577537.html?spid=263585534,vòng tay phong thủy màu trắng
207400265,Nhẫn Nữ Bạc- Bảo Hành Vĩnh Viễn ( Hàng Chính Hãng ) Bạc Hiểu Minh NU093,370000.0,370000.0,0.0,0.0,0,,https://tiki.vnnhan-nu-bac-bao-hanh-vinh-vien-hang-chinh-hang-bac-hieu-minh-nu093-p207400265.html?spid=207400266,nhẫn nữ bạc bảo hành
204067022,Đồng hồ nữ đeo tay Doukou mới mặt chữ nhật chính hãng dây da đẹp giá rẻ Ring House,99000.0,99000.0,0.0,0.0,0,,https://tiki.vndong-ho-nu-deo-tay-doukou-moi-mat-chu-nhat-chinh-hang-day-da-dep-gia-re-ring-house-p204067022.html?spid=204067032,đồng hồ nữ đeo tay
203883205,Bông Tai Khuyên Tai Bạc 925 Hoa Mai Đính Đá  Trang Nhã Tinh Tế BẠC HIỂU MINH HT347,670000.0,670000.0,0.0,0.0,0,,https://tiki.vnbong-tai-khuyen-tai-bac-925-hoa-mai-dinh-da-trang-nha-tinh-te-bac-hieu-minh-ht347-p203883205.html?spid=203883206,bông tai khuyên tai bạc 925
176072939,Dây da đồng hồ 20mm dành cho Samsung galaxy watch 4,200000.0,200000.0,0.0,5.0,3,,https://tiki.vnday-da-dong-ho-20mm-danh-cho-samsung-galaxy-watch-4-p176072939.html?spid=176072947,dây da đồng hồ mm
175622050,"Mặt dây chuyền Mới Đẹp Bông Mai Xanh Lý đậm lam trắng bóng đẹp Đá cẩm thạch thiên nhiên Size 14mm x dầy 3mm Nữ bọc vàng làm mặt dây chuyền, mặt nhẫn đeo đẹp ạ",550000.0,1100000.0,550000.0,0.0,0,,https://tiki.vnmat-day-chuyen-moi-dep-bong-mai-xanh-ly-dam-lam-trang-bong-dep-da-cam-thach-thien-nhien-size-14mm-x-day-3mm-nu-boc-vang-lam-mat-day-chuyen-mat-nhan-deo-dep-a-p175622050.html?spid=175622051,mặt dây chuyền đẹp bông
145763567,Dây Mesh Lưới Cho Đồng Hồ Fossil Casio Samsung Huawei [Tặng Chốt thông minh & Dụng cụ tháo lắp,130000.0,130000.0,0.0,5.0,5,,https://tiki.vnday-dong-ho-luoi-mesh-size-22mm-20mm-18mm-16mm-14mm-12mm-p145763567.html?spid=145763581,dây mesh lưới đồng hồ
120036516,"Dây đồng hồ Huy Hoàng da đà điểu da bụng size 16, 18, 20 màu nâu đỏ HT8438",174300.0,249000.0,74700.0,5.0,1,,https://tiki.vnhp8438-day-dong-ho-huy-hoang-da-da-dieu-da-bung-size-16-18-20-mau-nau-do-p120036516.html?spid=120036520,dây đồng hồ huy hoàng da
116199745,Nhẫn bạc nam khắc chú,1580000.0,1580000.0,0.0,0.0,0,,https://tiki.vnnhan-bac-nam-khac-chu-p116199745.html?spid=116199753,nhẫn bạc nam khắc
103134752,dây da đồng hồ apple watch handmade cao cấp,549000.0,549000.0,0.0,0.0,0,,https://tiki.vnday-da-dong-ho-apple-watch-handmade-cao-cap-p103134752.html?spid=103134763,dây da đồng hồ apple
77516430,VÒNG TAY ĐÁ CẨM THẠCH MỚI TRẮNG LÝ 54  Size vòng 54mm x dầy 8mm  MÀU TRẮNG BÓNG CHẤM XANH LÝ NỮ 54kg đến 64kg Đeo,899000.0,1798000.0,899000.0,0.0,0,,https://tiki.vnvong-tay-da-cam-thach-moi-trang-ly-54-size-vong-54mm-x-day-8mm-mau-trang-bong-cham-xanh-ly-nu-54kg-den-64kg-deo-p77516430.html?spid=77516431,vòng tay đá cẩm thạch trắng lý
73172802,Dây Đồng Hồ Size 20mm Khóa Nam Châm Lưới Thép Thép Không Gỉ,99000.0,99000.0,0.0,4.0,4,,https://tiki.vnday-dong-ho-size-20mm-khoa-nam-cham-luoi-thep-thep-khong-gi-p73172802.html?spid=73172812,dây đồng hồ size mm
72521034,Nhẫn cặp nam nữ đính đá,81950.0,90000.0,8050.0,0.0,0,,https://tiki.vnnhan-cap-nam-nu-dinh-da-p72521034.html?spid=72521050,nhẫn nam nữ đính đá
72203781,Nhẫn nam nữ trắng đen viền nhỏ tinh tế,37800.0,42000.0,4200.0,5.0,1,,https://tiki.vnnhan-nam-nu-trang-den-vien-nho-tinh-te-p72203781.html?spid=72203789,nhẫn nam nữ trắng đen
57985159,"Đồng hồ đeo tay Nam hiệu JONAS & VERUS Y01563-A0.PPWLB, Máy Cơ (Automatic), Kính mo tráng sapphire, Dây da Italy",4788000.0,4788000.0,0.0,0.0,0,,https://tiki.vndong-ho-deo-tay-nam-hieu-jonas-verus-y01563-a0-ppwlb-may-co-automatic-kinh-mo-trang-sapphire-day-da-italy-p57985159.html?spid=57985160,đồng hồ đeo tay nam hiệu
57809841,"Vòng tay nữ Vip ĐẬU LÝ 50mm x độ dầy 8,2mm Đẹp nữ 50kg đến 55kg đeo màu Xanh Nhẹ Điểm Đậu Lý 100% đá cẩm thạch thiên nhiên",2750000.0,5000000.0,2250000.0,0.0,0,,https://tiki.vnvong-tay-dau-ly-50-dep-nu-50kg-den-62kg-deo-mau-xanh-nhe-diem-dau-ly-100-da-cam-thach-thien-nhien-p57809841.html?spid=57809842,vòng tay nữ đậu lý mm
55607299,"Combo Dây Chuyền Nam Nữ Mạ Vàng 18K, Dạng Mảnh, Dài 45cm, Cỡ 1,2li, Kèm Túi Nhung",129000.0,129000.0,0.0,3.4,15,,https://tiki.vncombo-day-chuyen-nam-nu-ma-vang-18k-dang-manh-dai-45cm-co-1-2li-kem-tui-nhung-p55607299.html?spid=55607301,combo dây chuyền nam nữ mạ
52147622,Nhẫn nam titant đính đá,36000.0,40000.0,4000.0,3.0,2,,https://tiki.vnnhan-nam-titant-dinh-da-p52147622.html?spid=52147630,nhẫn nam titant đính
52146516,Nhẫn nữ đính đá thạch anh tím,123160.0,139000.0,15840.0,4.3,3,,https://tiki.vnnhan-nu-dinh-da-thach-anh-tim-p52146516.html?spid=52146520,nhẫn nữ đính đá thạch
52146130,Nhẫn titant đính đá hình trái tim,123160.0,139000.0,15840.0,4.5,4,,https://tiki.vnnhan-titant-dinh-da-hinh-trai-tim-p52146130.html?spid=52146132,nhẫn titant đính đá hình
52144643,Nhẫn nữ đính đá xanh biển,123160.0,139000.0,15840.0,3.0,2,,https://tiki.vnnhan-nu-dinh-da-xanh-bien-p52144643.html?spid=52144651,nhẫn nữ đính đá
46156101,Đồng Hồ Nữ Julius Hàn Quốc JA-1112C Dây Da Màu Hồng,890000.0,890000.0,0.0,0.0,0,,https://tiki.vndong-ho-nu-julius-han-quoc-ja-1112c-day-da-mau-hong-p46156101.html?spid=75705352,đồng hồ nữ julius hàn quốc
25966581,Dây đồng hồ nam nữ Huy Hoàng da bò size lớn màu rêu HT8137,249000.0,249000.0,0.0,5.0,2,,https://tiki.vnday-dong-ho-nam-nu-huy-hoang-da-bo-size-lon-mau-reu-ht8137-p25966581.html?spid=25966583,dây đồng hồ nam nữ huy hoàng
23293168,VÒNG ĐÁ THIÊN NHIÊN MẮT HỔ,372000.0,600000.0,228000.0,0.0,0,,https://tiki.vnvong-da-thien-nhien-mat-ho-den-xanh-p23293168.html?spid=23293169,vòng đá thiên nhiên mắt
21714159,Mặt dây chuyền ngọc trai nữ LuxJy Jewelry P2024,10550000.0,10550000.0,0.0,0.0,0,,https://tiki.vnmat-day-chuyen-ngoc-trai-nu-luxjy-jewelry-p2024-p21714159.html?spid=21714160,mặt dây chuyền ngọc trai nữ
19713168,VÒNG ĐÁ MẮT HỔ ĐEN XANH TỰ NHIÊN SIZE 10MM NỮ MỆNH THỦY MỘC,385000.0,700000.0,315000.0,0.0,0,,https://tiki.vnvong-da-mat-ho-den-xanh-tu-nhien-size-10mm-nu-menh-thuy-moc-p19713168.html?spid=19713169,vòng đá mắt hổ
19664282,VÒNG TỲ HƯU HỒ LÔ BẠC 8MM ĐÁ MẮT HỔ ĐEN XANH NỮ MỆNH THỦY MỘC ĐÁ THIÊN NHIÊN,550000.0,550000.0,0.0,0.0,0,,https://tiki.vnvong-ty-huu-ho-lo-bac-8mm-da-mat-ho-den-xanh-nu-menh-thuy-moc-da-thien-nhien-p19664282.html?spid=19664283,vòng tỳ hưu hồ lô
3765909,Đồng hồ chính hãng Infantry Nam MWI2,780000.0,780000.0,0.0,5.0,1,,https://tiki.vndong-ho-chinh-hang-infantry-nam-mwi1-p3765909.html?spid=5056627,đồng hồ hãng infantry nam
1382989,Đồng Hồ Nam Citizen Dây Thép Không Gỉ NB0024-54A - Mặt Trắng (Sapphire),13900000.0,13900000.0,0.0,0.0,0,,https://tiki.vndong-ho-nam-citizen-day-thep-khong-gi-nb0024-54a-mat-trang-sapphire-p1382989.html?spid=19792140,đồng hồ nam citizen dây thép
890627,Đồng Hồ Nữ Citizen Dây Thép Không Gỉ EP5997-51A - Mặt Trắng (Sapphire),9560000.0,9560000.0,0.0,0.0,0,,https://tiki.vndong-ho-nu-citizen-day-thep-khong-gi-ep5997-51a-mat-trang-sapphire-p890627.html?spid=14409941,đồng hồ nữ citizen dây thép
458951,Đồng Hồ Nam Citizen Dây Thép Không Gỉ AW1010-57B - Mặt Trắng,5620000.0,5620000.0,0.0,0.0,0,,https://tiki.vndong-ho-nam-citizen-day-thep-khong-gi-aw1010-57b-mat-trang-p458951.html?spid=13349011,đồng hồ nam citizen dây thép
278429318,Đèn Trợ Sáng Bi Cầu BMU P66 55W/12.24V/DC Sáng 2 Màu Pha Laser,499000.0,499000.0,0.0,0.0,0,,https://tiki.vnden-tro-sang-bi-cau-bmu-p66-55w-12-24v-dc-sang-2-mau-pha-laser-p278429318.html?spid=278429319,đèn trợ sáng bmu p66
278305874,Ốp viền cho Samsung Watch 8/ 8 Classic - chất PC (OS8),109000.0,109000.0,0.0,0.0,0,,https://tiki.vnop-vien-cho-samsung-watch-8-8-classic-chat-pc-os8-p278305874.html?spid=278423353,ốp viền samsung watch
275308181,Dây Thép cho Huawei Watch Fit 3/ Fit 4/ Fit 4 Pro (DTFIT3),130000.0,130000.0,0.0,0.0,0,,https://tiki.vnday-thep-huawei-watch-fit-3-dtfit3-p275308181.html?spid=276090054,dây thép huawei watch fit
274402297,Đồng hồ điện tử nam Casio W-219HC-3BVDF dây nhựa,792120.0,966000.0,173880.0,0.0,0,,https://tiki.vndong-ho-dien-tu-nam-casio-w-219hc-3bvdf-day-nhua-p274402297.html?spid=274402298,đồng hồ điện tử nam casio
270679099,"Dụng Cụ Sửa Chữa Tháo Mắt, Tách Dây Đeo Đồng Hồ",25000.0,39000.0,14000.0,0.0,0,,https://tiki.vndung-cu-sua-chua-thao-mat-tach-day-deo-dong-ho-p270679099.html?spid=270679100,dụng cụ sửa chữa tháo mắt
253069205,Dây đeo cho Amazfit GTR 4/ 3/ 3 Pro/ 2/ 2e/1/ mini/ Active/ Active 2/ GTS 4/3/2/2e/2 mini/4 mini/ Bip 3/ Bip 5/Redmi Watch 5 Active/ 5 Lite/ Xiaomi Watch S2 Pro/ S1/ S1 Active/ Mi Watch/ Cheetah (DB),130000.0,130000.0,0.0,0.0,0,,https://tiki.vnday-deo-cho-amazfit-gtr-4-3-3-pro-2-2e-1-gts-4-3-2-2e-2-mini-4-mini-bip-3-xiaomi-watch-s1-s1-active-mi-watch-db-p253069205.html?spid=253069219,dây đeo amazfit gtr
248723319,"Khóa bướm, khóa đồng hồ cao cấp Bụi Leather P106 hai nút bấm bằng thép mạ tĩnh điện không rỉ",57000.0,57000.0,0.0,5.0,2,,https://tiki.vnkhoa-buom-khoa-dong-ho-cao-cap-bui-leather-p106-2-nut-bam-bang-thep-ma-tinh-dien-khong-ri-p248723319.html?spid=248723329,khóa bướm khóa đồng hồ
188482232,Bộ 5 miếng dán TPU Mềm Mại Bảo Vệ màn hình dành Cho Huawei Band 7,60000.0,60000.0,0.0,0.0,0,,https://tiki.vnbo-5-mieng-dan-tpu-mem-mai-bao-ve-man-hinh-danh-cho-huawei-band-7-p188482232.html?spid=188482244,bộ
184422334,Vòng tay kèm nhẫn cánh bướm 3D ấn tượng siêu cool,98500.0,98500.0,0.0,0.0,0,,https://tiki.vnvong-tay-kem-nhan-canh-buom-3d-an-tuong-sieu-cool-p184422334.html?spid=184422335,vòng tay kèm nhẫn cánh
184419138,Nhẫn đôi titan (1 chiếc 2 nhẫn),75000.0,75000.0,0.0,5.0,2,,https://tiki.vnnhan-doi-titan-1-chiec-2-nhan-p184419138.html?spid=184419139,nhẫn titan
174182172,Chuỗi Đeo Cổ Hạt Ngọc Trai 105 Hạt Ngọc Trai Thô Tự Nhiên Ngọc Trai CN2,890000.0,890000.0,0.0,5.0,1,,https://tiki.vnchuoi-deo-co-hat-ngoc-trai-105-hat-ngoc-trai-tho-tu-nhien-ngoc-trai-cn2-p174182172.html?spid=182834149,chuỗi đeo cổ hạt
163722055,"Lắc tay ngọc trai thật, Thiết kế kiểu Hàn, Mẫu con ong, sang trọng và quý phái, KÈM BẢN PHOTOCOPY GIẤY KIỂM ĐỊNH SẢN PHẨM MẪU, KÈM HỘP ĐỰNG HOA HỒNG",210940.0,398000.0,187060.0,0.0,0,,https://tiki.vnlac-tay-ngoc-trai-that-thiet-ke-kieu-han-sang-trong-va-quy-phai-kem-ban-photocopy-giay-kiem-dinh-san-pham-mau-kem-hop-dung-hoa-hong-p163722055.html?spid=163722056,lắc tay ngọc trai thiết kế
147369463,"Combo Vòng tay phong thủy gỗ Đàn Hương tự nhiên Ấn Độ, Kèm HỘP GỖ CUNG HỶ lót lụa",145220.0,274000.0,128780.0,5.0,2,,https://tiki.vncombo-vong-tay-phong-thuy-go-dan-huong-tu-nhien-an-do-kem-hop-go-cung-hy-lot-lua-p147369463.html?spid=147369473,combo vòng tay phong thủy gỗ
144355714,Dây đồng hồ dành cho AW da cá sấu đốt tre D108 - Da thật khâu tay thủ công cao cấp,368000.0,368000.0,0.0,4.8,12,,https://tiki.vnday-apple-watch-da-ca-sau-dot-tre-bui-leather-d108-da-that-khau-tay-thu-cong-cao-cap-bao-hanh-12-thang-p144355714.html?spid=144355780,dây đồng hồ dành aw
115872882,Khuyên tai vành tai 2 chỗ xỏ khuyên tai Hàn Quốc tua rua 1 Chiếc,65000.0,65000.0,0.0,5.0,4,,https://tiki.vnkhuyen-tai-vanh-tai-2-cho-xo-khuyen-tai-han-quoc-tua-rua-1-chiec-p115872882.html?spid=115872900,khuyên tai vành tai chỗ
115795738,Khuyên tai nam nữ unisex,46000.0,46000.0,0.0,0.0,0,,https://tiki.vnkhuyen-tai-nam-nu-unisex-p115795738.html?spid=115795742,khuyên tai nam nữ
107275783,Bông tai nữ đính đá nhiều mẫu sáng tạo thay đổi phong cách mỗi ngày,29000.0,29000.0,0.0,0.0,0,,https://tiki.vnbong-tai-nu-dinh-da-nhieu-mau-sang-tao-thay-doi-phong-cach-moi-ngay-p107275783.html?spid=107275795,bông tai nữ đính đá
106394555,Khoá bướm đồng hồ dùng cho dây da - Khóa chống hằn bấm mở bóng,85000.0,85000.0,0.0,5.0,2,,https://tiki.vnkhoa-buom-dong-ho-dung-cho-day-da-khoa-chong-han-bam-mo-bong-p106394555.html?spid=106394580,khóa bướm đồng hồ dùng
106392741,Dây đồng hồ vân cá sấu nam nữ các màu,120000.0,120000.0,0.0,5.0,1,,https://tiki.vnday-dong-ho-van-ca-sau-nam-nu-cac-mau-p106392741.html?spid=106392834,dây đồng hồ vân cá sấu
106390460,Dây đồng hồ Nam nữ size 12mm 14mm 16mm 18mm 20mm 22mm,47500.0,47500.0,0.0,4.0,7,,https://tiki.vnday-dong-ho-nam-nu-size-12mm-14mm-16mm-18mm-20mm-22mm-p106390460.html?spid=106390528,dây đồng hồ nam nữ size
104295061,Vòng Tay Đá Mắt Hổ Xanh Lục Cao Cấp Hạng A - Tâm Phong Thủy,250000.0,250000.0,0.0,5.0,1,,https://tiki.vnvong-tay-da-mat-ho-xanh-luc-cao-cap-hang-a-tam-phong-thuy-p104295061.html?spid=142419397,vòng tay đá mắt hổ
102088741,Vòng Tay Đá Mắt Hổ Xanh Lá Cho Người Mệnh Mộc Và Mệnh Hỏa,199000.0,199000.0,0.0,5.0,1,,https://tiki.vnvong-tay-da-mat-ho-xanh-la-cho-nguoi-menh-moc-va-menh-hoa-p102088741.html?spid=106967389,vòng tay đá mắt hổ
101778215,Vòng Tay Phong Thủy Đá Mã Nảo Đỏ Thiên Nhiên Cho Người Mệnh Hỏa Thổ Size 10li -  VTMNCT0002,380000.0,380000.0,0.0,0.0,0,,https://tiki.vnvong-tay-phong-thuy-da-ma-nao-do-thien-nhien-cho-nguoi-menh-hoa-tho-size-10li-vtmnct0002-p101778215.html?spid=109573539,vòng tay phong thủy đá mã nảo
92957862,"Combo Vòng đeo tay chỉ đỏ đính 5 hạt Ngọc Cẩm Thạch thiên nhiên 100%, Chu vi vòng 22cm, thiết kế co giãn, Kèm bản Photocopy GIẤY KIỂM ĐỊNH CỦA SJC LAB (Full mã số), KÈM túi đựng Cung Hỷ - MẪU CROWX.436B",188000.0,188000.0,0.0,5.0,1,,https://tiki.vncombo-vong-deo-tay-chi-do-dinh-5-hat-ngoc-cam-thach-thien-nhien-100-chu-vi-vong-22cm-thiet-ke-co-gian-kem-ban-photocopy-giay-kiem-dinh-cua-sjc-lab-full-ma-so-kem-tui-dung-cung-hy-mau-crowx-436b-p92957862.html?spid=92957881,combo vòng đeo tay
72103764,Bộ trang sức bi mạ 18k cao cấp H575,228000.0,228000.0,0.0,0.0,0,,https://tiki.vnbo-trang-suc-bi-ma-18k-cao-cap-h575-p72103764.html?spid=102846324,trang sức bi mạ k cao cấp
71509711,Vòng cổ dây chuyền ngọc trai mix hạt ấn tượng,185000.0,185000.0,0.0,0.0,0,,https://tiki.vnvong-co-day-chuyen-ngoc-trai-mix-hat-an-tuong-p71509711.html?spid=71509712,vòng cổ dây chuyền ngọc trai
70128921,Vòng tay chuỗi đá thạch anh tóc trắng-nhiều cỡ ly,139000.0,139000.0,0.0,3.6,8,,https://tiki.vnvong-tay-chuoi-da-thach-anh-toc-trang-nhieu-co-ly-p70128921.html?spid=205541964,vòng tay chuỗi đá thạch tóc
70120717,Vòng tay chuỗi đá mắt hổ tỳ hưu-nhiều cỡ ly,59000.0,59000.0,0.0,4.0,1,,https://tiki.vnvong-tay-chuoi-da-mat-ho-ty-huu-nhieu-co-ly-p70120717.html?spid=70120719,vòng tay chuỗi đá mắt
66944455,Vòng tay titan thép phong cách Hàn Quốc sành điệu,88000.0,88000.0,0.0,0.0,0,,https://tiki.vnvong-tay-titan-thep-phong-cach-han-quoc-sanh-dieu-p66944455.html?spid=66944461,vòng tay titan thép phong cách
60221985,Dây chuyền vòng cổ mix thanh và ngôi sao,160000.0,160000.0,0.0,0.0,0,,https://tiki.vnday-chuyen-vong-co-mix-thanh-va-ngoi-sao-p60221985.html?spid=60221986,dây chuyền vòng cổ mix thanh
60085996,Vòng cổ dây chuyền mix OT nhiều kiểu đa phong cách unisex cực cool,129000.0,129000.0,0.0,0.0,0,,https://tiki.vnvong-co-day-chuyen-mix-ot-nhieu-kieu-da-phong-cach-unisex-cuc-cool-p60085996.html?spid=60085998,vòng cổ dây chuyền mix ot
59412926,Dây chuyền thẻ bài sáng bóng không han gỉ phong cách unisex,102000.0,102000.0,0.0,5.0,4,,https://tiki.vnday-chuyen-the-bai-sang-bong-khong-han-gi-phong-cach-unisex-p59412926.html?spid=59412927,dây chuyền thẻ bài sáng
59273502,Dây chuyền ngọc trai đơn giản hạt chạy phong cách Hàn Quốc,118000.0,118000.0,0.0,0.0,0,,https://tiki.vnday-chuyen-ngoc-trai-don-gian-hat-chay-phong-cach-han-quoc-p59273502.html?spid=59273503,dây chuyền ngọc trai đơn giản hạt
35220777,Bộ trang sức nữ 2 món mặt tròn đính đá Huyền thoại biển xanh,159000.0,159000.0,0.0,4.0,2,,https://tiki.vnbo-trang-suc-nu-2-mon-mat-tron-dinh-da-huyen-thoai-bien-xanh-p35220777.html?spid=35220779,trang sức nữ
34601504,Bông tai nữ lá 5 thùy đính đá,143000.0,143000.0,0.0,0.0,0,,https://tiki.vnbong-tai-nu-la-phong-dinh-da-nu-tinh-p34601504.html?spid=34601508,tai nữ lá thùy
33801905,VÒNG TAY ĐÁ CẨM THẠCH NAM HẠT SIZE LỚN 20MM NAM MỆNH MỘC HOẢ MÀU,345000.0,345000.0,0.0,5.0,1,,https://tiki.vnvong-tay-da-cam-thach-nam-hat-size-lon-20mm-nam-menh-moc-hoa-mau-xanh-la-p33801905.html?spid=84429694,vòng tay đá cẩm thạch nam
31142817,Đồng Hồ Nam Citizen Pin-Quartz Dây Thép Không Gỉ AN8168-51H - Mặt,4985000.0,4985000.0,0.0,0.0,0,,https://tiki.vndong-ho-nam-citizen-day-thep-khong-gi-an8168-51h-mat-xam-p31142817.html?spid=31142818,đồng hồ nam citizen pin
15434577,Vòng Tay Phong Thủy Đá Thạch Anh Vàng,495000.0,495000.0,0.0,0.0,0,,https://tiki.vnvong-tay-phong-thuy-da-thach-anh-vang-p15434577.html?spid=186739583,vòng tay phong thủy đá thạch vàng
13011859,Vòng tay đá mắt hổ nâu mix tỳ hưu đổi màu theo nhiệt độ MS303 - 12li,245000.0,245000.0,0.0,1.0,1,,https://tiki.vnvong-tay-da-mat-ho-nau-mix-ty-huu-doi-mau-theo-nhiet-do-ms303-p13011859.html?spid=78952193,vòng tay đá mắt hổ nâu
749588,Bông Tai Khuyên Tròn Winwinshop88 BT233 (14mm) – Bạc,31500.0,35000.0,3500.0,0.0,0,,https://tiki.vnbong-tai-khuyen-tron-winwinshop88-bt233-14mm-bac-p749588.html?spid=44336750,bông tai khuyên tròn winwinshop88
278935788,"Vòng tay đá Mắt Hổ vàng nâu VIP 5A tự nhiên chuỗi 108 hạt size 6 li phối charm cát tường hoa mai bình an, lộc phát",860000.0,860000.0,0.0,0.0,0,,https://tiki.vnvong-tay-da-mat-ho-vang-nau-vip-5a-tu-nhien-chuoi-108-hat-size-6-li-phoi-charm-cat-tuong-hoa-mai-binh-an-loc-phat-hoa-minh-gem-p278935788.html?spid=278938045,vòng tay đá mắt hổ
278536898,"Vòng cổ nam -  titan unisex sợi mì, Vòng cổ titan lụa mỏng không phai màu không rỉ sét trangsucpt",90000.0,90000.0,0.0,0.0,0,,https://tiki.vnvong-co-nam-titan-unisex-soi-mi-vong-co-titan-lua-mong-khong-phai-mau-khong-ri-set-trangsucpt-p278536898.html?spid=278537494,vòng cổ nam titan unisex
278457282,"Dây đồng hồ Thép, khóa nam châm size 20/ 22mm",69000.0,69000.0,0.0,0.0,0,,https://tiki.vnday-dong-ho-thep-khoa-nam-cham-size-20-22mm-p278457282.html?spid=278457284,dây đồng hồ thép khóa
278244945,Mặt dây chuyền hạt đậu đá cẩm thạch type A 21x10mm mệnh hỏa mộc - Ngọc Quý Gemstones,980000.0,980000.0,0.0,0.0,0,,https://tiki.vnmat-day-chuyen-hat-dau-da-cam-thach-type-a-21x10mm-menh-hoa-moc-ngoc-quy-gemstones-p278244945.html?spid=278244946,mặt dây chuyền hạt đậu
275738628,Đồng Hồ Thời Trang Nam Bulova Marine Star Automatic 98A302 44mm,16385000.0,16385000.0,0.0,0.0,0,,https://tiki.vndong-ho-thoi-trang-nam-bulova-marine-star-automatic-98a302-44mm-p275738628.html?spid=275738629,đồng hồ thời trang nam bulova
275216627,Đồng Hồ Neos N-30724M Nam Dây Da 6 Kim Sapphire Chính Hãng Bảo Hành 5 Năm,3490000.0,3490000.0,0.0,0.0,0,,https://tiki.vndong-ho-neos-n-30724m-nam-day-da-6-kim-sapphire-chinh-hang-bao-hanh-5-nam-p275216627.html?spid=14875463,đồng hồ neos n
275012578,"Mặt dây chuyền Phật A di đà đá xanh 2.2 x 3.6cm ( size trung ) kèm vòng cổ hạt chuỗi đá đen + móc inox, Phật bản mệnh",130000.0,130000.0,0.0,0.0,0,,https://tiki.vnmat-day-chuyen-phat-a-di-da-da-xanh-2-2-x-3-6cm-size-trung-kem-vong-co-hat-chuoi-da-den-moc-inox-phat-ban-menh-p275012578.html?spid=275012628,mặt dây chuyền phật a di đà
274535021,Đồng hồ nữ SRWATCH SL3004.4601CV,1250000.0,1250000.0,0.0,0.0,0,,https://tiki.vndong-ho-nu-srwatch-sl3004-4601cv-p274535021.html?spid=274535022,đồng hồ nữ srwatch sl3004
273674149,"Dây Đeo Đồng Hồ COROS PACE 2, APEX 42mm,... - 20mm Nylon",780000.0,780000.0,0.0,0.0,0,,https://tiki.vnhang-chinh-hang-day-deo-dong-ho-coros-20mm-nylon-p273674149.html?spid=274837436,dây đeo đồng hồ coros
272390808,Đồng hồ Nữ Citizen Quartz EV0052-50E 36mm,3470000.0,3470000.0,0.0,0.0,0,,https://tiki.vndong-ho-nu-citizen-quartz-ev0052-50e-36mm-p272390808.html?spid=272390809,đồng hồ nữ citizen quartz
221232775,Mặt dây chuyền Nam to trạm rồng lượn nổi nhả ngọc đá ngọc cẩm thạch tự nhiên Size tròn to đường kính 53mm x dầy 6mm Màu xanh Ngọc Tươi bóng đẹp lắm luôn nam bọc vàng đeo với dây chuyền của mình thiệt đẹp lắm luôn nha ạ,1980000.0,3960000.0,1980000.0,0.0,0,,https://tiki.vnmat-day-chuyen-nam-to-tram-rong-luon-noi-nha-ngoc-da-ngoc-cam-thach-tu-nhien-size-tron-to-duong-kinh-53mm-x-day-6mm-mau-xanh-ngoc-tuoi-bong-dep-lam-luon-nam-boc-vang-deo-voi-day-chuyen-cua-minh-thiet-dep-lam-luon-nha-a-p221232775.html?spid=221232776,mặt dây chuyền nam to
216087658,Nhẫn Nữ Bạc Ta Hồ Ly Kim Tiền Đính Đá Bạc Hiểu Minh NU500,661250.0,661250.0,0.0,0.0,0,,https://tiki.vnnhan-nu-bac-ta-ho-ly-kim-tien-dinh-da-bac-hieu-minh-nu500-p216087658.html?spid=216087659,nhẫn nữ bạc hồ
203974022,"Bông tai, khuyên tai, hoa tai ngọc trai phong cách đơn giản nữ tính BẠC HIỂU MINH HT314",700000.0,700000.0,0.0,0.0,0,,https://tiki.vnbong-tai-khuyen-tai-hoa-tai-ngoc-trai-phong-cach-don-gian-nu-tinh-bac-hieu-minh-ht314-p203974022.html?spid=203974023,tai khuyên tai hoa tai ngọc trai
194498823,Nhíp bằng thép không gỉ sửa chữa thủ công Tiện ích DIY điện tử nhíp chính xác nhọn khuỷu tay nhọn miệng nhíp nhỏ,17000.0,17000.0,0.0,0.0,0,,https://tiki.vnnhip-bang-thep-khong-gi-sua-chua-thu-cong-tien-ich-diy-dien-tu-nhip-chinh-xac-nhon-khuyu-tay-nhon-mieng-nhip-nho-p194498823.html?spid=194498829,nhíp thép gỉ sửa chữa
192210274,"Hộp Đựng Đồng Hồ – 12 Ngăn, hộp đựng đồng hồ đa năng",400000.0,400000.0,0.0,0.0,0,,https://tiki.vnhop-dung-dong-ho-12-ngan-hop-dung-dong-ho-da-nang-p192210274.html?spid=192210276,hộp đựng đồng hồ ngăn
190551745,Pin Nhật Maxell SR927SW / SR927W / SR927 / 927 / 395 Chính Hãng 1 Viên,30000.0,30000.0,0.0,4.5,2,,https://tiki.vnpin-nhat-maxell-sr927sw-sr927w-sr927-927-395-chinh-hang-1-vien-p190551745.html?spid=199562660,pin nhật maxell sr927sw
190181201,Dây đeo cho Apple Watch series 11/ 10/ 9/ 8/ 7/ 6/ 5/ 4/ 3/ SE/ Ultra/ Ultra 2/ Ultra 3 49mm (DAWB),150000.0,150000.0,0.0,5.0,4,,https://tiki.vnday-deo-apple-watch-series-7-6-5-4-3-se-dawb-p190181201.html?spid=190181233,dây đeo apple watch
183720832,NHẪN RỒNG CÓ HỘP ĐỰNG SANG TRỌNG,150000.0,150000.0,0.0,0.0,0,,https://tiki.vnnhan-rong-co-hop-dung-sang-trong-p183720832.html?spid=183720833,nhẫn rồng có hộp
171821993,"Trang sức phối vòng tay Bông Hoa Cỏ 4 Lá Đá cẩm thạch VÀNG ANH ĐẬM đẹp Size bông 14mm x 6mm x lỗ đk 2mm Nữ mệnh Kim Thổ Thủy phối với Vòng đeo tay, làm mặt dây chuyền, mặt nhẫn đeo ạ",502740.0,798000.0,295260.0,0.0,0,,https://tiki.vntrang-suc-phoi-vong-tay-bong-hoa-co-4-la-da-cam-thach-vang-anh-dam-dep-size-bong-14mm-x-6mm-x-lo-dk-2mm-nu-menh-kim-tho-thuy-phoi-voi-vong-deo-tay-lam-mat-day-chuyen-mat-nhan-deo-a-p171821993.html?spid=171821994,trang sức phối vòng tay hoa
142768181,Mũ Tắm Trùm Tóc ĐỘI ĐẦU BẠN GÁI HOẠT HÌNH - Nón Tắm Hình Thú Tránh Ướt Tóc - Mũ Chụp Ủ Tóc Có Thun,17797.0,17797.0,0.0,5.0,1,,https://tiki.vnvideo-review-mu-tam-trum-toc-doi-dau-ban-gai-hoat-hinh-non-tam-hinh-thu-tranh-uot-toc-mu-chup-u-toc-co-thun-p142768181.html?spid=142768184,mũ tắm trùm tóc
120036317,"Dây đồng hồ Huy Hoàng da bò size 12, 14 màu rêu, xám, xanh da HT8109-10-11",89500.0,179000.0,89500.0,5.0,1,,https://tiki.vnhp8109-10-11-day-dong-ho-huy-hoang-da-bo-size-12-14-mau-reu-xam-xanh-da-p120036317.html?spid=120036321,dây đồng hồ huy hoàng da
109792177,Đồng Hồ Nam Casio STANDARD AE-1300WH-8AV Chính Hãng,1108640.0,1352000.0,243360.0,0.0,0,,https://tiki.vndong-ho-nam-casio-standard-ae-1300wh-8av-chinh-hang-p109792177.html?spid=109792178,đồng hồ nam casio standard
96318183,"Vòng Tay Đá Cẩm Thạch TR LÝ A 51mmx Dầy 6,5mm Kèm Giấy Kiểm định Liulab No 269469  Chất liệu đá cẩm thạch tự nhiên trắng Điểm Xanh Lý 1 Bên  Nữ cân nặng 50kg - 56kg đeo ạ",2106000.0,3900000.0,1794000.0,0.0,0,,https://tiki.vnvong-tay-da-cam-thach-tr-ly-a-51mmx-day-6-5mm-kem-giay-kiem-dinh-liulab-no-269469-chat-lieu-da-cam-thach-tu-nhien-trang-diem-xanh-ly-1-ben-nu-can-nang-50kg-56kg-deo-a-p96318183.html?spid=96318184,vòng tay đá cẩm thạch tr lý
91820606,Bông Tai Hoa Tai Bạc Hiểu Minh HT310 Hình Viên Kim Cương Phay Bạc Ta,477500.0,477500.0,0.0,0.0,0,,https://tiki.vnbong-tai-hoa-tai-bac-hieu-minh-ht310-hinh-vien-kim-cuong-phay-bac-ta-p91820606.html?spid=91820607,bông tai hoa tai bạc
87846024,nhẫn vàng 18k hình hermes đính đá,3250500.0,3250500.0,0.0,0.0,0,,https://tiki.vnnhan-vang-18k-hinh-hermes-dinh-da-p87846024.html?spid=87846025,nhẫn vàng k hình hermes
87834476,nhẫn vàng 18k hoa đính đá,5077500.0,5077500.0,0.0,0.0,0,,https://tiki.vnnhan-vang-18k-hoa-dinh-da-p87834476.html?spid=87834477,nhẫn vàng k hoa
68221931, NHẪN NAM TÀI LỘC BẰNG HỢP KIM ĐỒNG THAU CÓ HỘP ĐỰNG nhẫn chữ Tài,160000.0,160000.0,0.0,5.0,1,,https://tiki.vnnhan-nam-tai-loc-bang-dong-co-hop-dung-nhan-chu-tai-p68221931.html?spid=68221932,nhẫn nam tài lộc hợp kim
56049110,Combo 3 cái charm bạc hình vòng nguyệt quế treo - Ngọc Quý Gemstones,220000.0,220000.0,0.0,0.0,0,,https://tiki.vncombo-3-cai-charm-bac-hinh-vong-nguyet-que-treo-ngoc-quy-gemstones-p56049110.html?spid=56049111,combo
55022206,Lắc tay nam Hàn Quốc LT143 - Màu bạc,147000.0,147000.0,0.0,0.0,0,,https://tiki.vnlac-tay-nam-han-quoc-lt143-mau-bac-p55022206.html?spid=55022207,lắc tay nam hàn quốc
52468484,Bông tai nam châm nữ tính,20000.0,20000.0,0.0,4.5,2,,https://tiki.vnbong-tai-nam-cham-nu-tinh-p52468484.html?spid=52468490,tai nam châm nữ tính
52136286,Nhẫn dạ quang hình cặp đôi,80000.0,80000.0,0.0,4.7,14,,https://tiki.vnnhan-da-quang-hinh-cap-doi-p52136286.html?spid=52136288,nhẫn dạ quang hình cặp
49270254,Vòng tay phong thủy mạng kim mạng thổ - 10mm,49000.0,49000.0,0.0,0.0,0,,https://tiki.vnvong-tay-phong-thuy-da-thach-anh-vang-p49270254.html?spid=49270255,vòng tay phong thủy mạng kim mạng
39314633,Vòng Tay Nam Dây Cao Su Và Thép Titan Không Rỉ Ko Dị Ứng TT 1045,59500.0,85000.0,25500.0,3.0,2,,https://tiki.vnvong-tay-nam-day-cao-su-va-thep-titan-khong-ri-ko-di-ung-tt-1045-p39314633.html?spid=174153742,vòng tay nam dây cao su
26736320,BÔNG TAI CÚC TÒNG TENG NHỎ,75000.0,75000.0,0.0,4.0,4,,https://tiki.vnbong-tai-cuc-tong-teng-nho-p26736320.html?spid=73296251,bông tai cúc tòng teng
25058705,Nhẫn nam titanium phát sáng BHN78,80000.0,80000.0,0.0,4.3,8,,https://tiki.vnnhan-nam-titanium-phat-sang-bhn78-p25058705.html?spid=148673572,nhẫn nam titanium phát
19284754,Dây chuyền mặt Phật Quan Âm Bồ Tát - pha lê vàng DEQAFVL2,141900.0,141900.0,0.0,0.0,0,,https://tiki.vnday-chuyen-mat-phat-quan-am-bo-tat-pha-le-vang-deqafvl2-p19284754.html?spid=19284755,dây chuyền mặt phật quan âm bồ tát
14351563,Vòng Tay Đá Aquamarine Thiên Nhiên 8 ~ 14 Ly,882000.0,882000.0,0.0,0.0,0,,https://tiki.vnvong-tay-da-aquamarine-thien-nhien-8-14-ly-p14351563.html?spid=168611208,vòng tay đá aquamarine
13630030,Đồng hồ nam dây nhựa Casio W-218H-4B2VDF,751120.0,916000.0,164880.0,5.0,1,,https://tiki.vndong-ho-nam-day-nhua-casio-w-218h-4b2vdf-p13630030.html?spid=95222821,đồng hồ nam dây nhựa
11395984,Vòng cổ choker tattoo hoa lỗ đính hạt đen V52 thời trang,16000.0,16000.0,0.0,5.0,1,,https://tiki.vnvong-co-choker-tattoo-hoa-lo-dinh-hat-den-v52-thoi-trang-p11395984.html?spid=11395985,vòng cổ choker tattoo
278564559,Nhẫn inox phối xích xoay nam nữ nhiều màu cao cấp thời trang thép không gỉ trangsucpt khui bia,24000.0,24000.0,0.0,0.0,0,,https://tiki.vnnhan-inox-phoi-xich-xoay-nam-nu-nhieu-mau-cao-cap-thoi-trang-thep-khong-gi-trangsucpt-khui-bia-p278564559.html?spid=278571529,nhẫn inox phối xích xoay
278562414,"Nhẫn khắc tên riêng theo yêu cầu Titan không gỉ, điền tên cần khắc ở phần thêm ghi chú",129000.0,129000.0,0.0,0.0,0,,https://tiki.vnnhan-khac-ten-rieng-theo-yeu-cau-titan-khong-gi-dien-ten-can-khac-o-phan-them-ghi-chu-p278562414.html?spid=278562418,nhẫn khắc tên riêng theo
278228356,Bảo hành 2 năm Hộp xoay 1 đồng hồ Saike (Tặng củ adapter),969000.0,969000.0,0.0,0.0,0,,https://tiki.vnbao-hanh-2-nam-hop-xoay-1-dong-ho-saike-tang-cu-adapter-p278228356.html?spid=278228357,bảo hành năm hộp xoay
276180771,[BH 2 Năm Động Cơ] Hộp xoay 1 đồng hồ Saike +Tặng kèm Adapter,969000.0,969000.0,0.0,0.0,0,,https://tiki.vnhop-xoay-1-dong-ho-saike-tang-kem-adapter-p276180771.html?spid=276180772,hộp xoay đồng hồ saike
276032933,Đồng hồ nữ SRwatch SL5009.4602BL,4250000.0,4250000.0,0.0,0.0,0,,https://tiki.vndong-ho-nu-srwatch-sl5009-4602bl-p276032933.html?spid=276032934,đồng hồ nữ srwatch sl5009
275582007,SRWATCH Timepiece Lady SL1608.1101TE,1900000.0,1900000.0,0.0,0.0,0,,https://tiki.vnsrwatch-timepiece-lady-sl1608-1101te-p275582007.html?spid=275582008,srwatch timepiece lady sl1608
274499661,[MỚI] Vòng cổ Phiten Metax Rakuwa necklace Diamond cut TG899051/TG899053/TG899151/TG899153/TG89921/TG899253 - Bạc,7280000.0,7280000.0,0.0,0.0,0,,https://tiki.vnmoi-vong-co-phiten-metax-rakuwa-necklace-diamond-cut-tg899051-tg899053-tg899151-tg899153-tg89921-tg899253-p274499661.html?spid=274499672,vòng cổ phiten metax
272435797,️️Vòng tay phong thủy nữ đá thạch anh Vàng giác tự nhiên size vòng 10mm vòng màu vàng đẹp hợp nữ mệnh kim thổ thuỷ ạ,450000.0,900000.0,450000.0,0.0,0,,https://tiki.vnvong-tay-phong-thuy-nu-da-thach-anh-vang-giac-tu-nhien-size-vong-10mm-vong-mau-vang-dep-hop-nu-menh-kim-tho-thuy-a-p272435797.html?spid=272435798,vòng tay phong thủy nữ đá thạch
272042405,Dây đồng hồ thun 20mm màu bạc,39900.0,39900.0,0.0,0.0,0,,https://tiki.vnday-dong-ho-thun-20mm-mau-bac-p272042405.html?spid=272042406,dây đồng hồ thun mm
263952866,Dây đeo đồng hồ Tissot - Dây Đeo Đồng Hồ Da Cá Sấu Đen Chỉ Trắng Thay Thế Dành Cho Tissot Size 19/20/21/22mm - Chất Liệu Da Cá Sấu Cao Cấp Tương Thích Tất Cả Các Phiên Bản Đồng Hồ Tissot - Bảo Hành 12 Tháng,990000.0,990000.0,0.0,0.0,0,,https://tiki.vnday-deo-dong-ho-tissot-day-deo-dong-ho-da-ca-sau-den-chi-trang-thay-the-danh-cho-tissot-size-19-20-21-22mm-chat-lieu-da-ca-sau-cao-cap-tuong-thich-tat-ca-cac-phien-ban-dong-ho-tissot-bao-hanh-12-thang-p263952866.html?spid=263952888,dây đeo đồng hồ tissot
263366165,"VÒNG TAY DÂY NGŨ SẮC PHẬT BẢN MỆNH 12 CON GIÁP BÌNH AN , TÀI LỘC VÀ MAY MẮN",120000.0,120000.0,0.0,0.0,0,,https://tiki.vnvong-tay-day-ngu-sac-phat-ban-menh-12-con-giap-binh-an-tai-loc-va-may-man-p263366165.html?spid=263366181,vòng tay dây ngũ sắc phật bản mệnh
253185542,Dây đồng hồ Da Cá Sấu Nâu Size 12/13/14/15/16/17/18/19/20/21/22/23/24/25/26mm - Dây Đeo Da Cá Sấu Thật 100% - Bảo Hành 12 Tháng,690000.0,690000.0,0.0,5.0,4,,https://tiki.vnday-dong-ho-da-ca-sau-nau-size-12-13-14-15-16-17-18-20-21-22-23-24-25-26mm-day-deo-da-ca-sau-that-100-bao-hanh-12-thang-p253185542.html?spid=253185590,dây đồng hồ da cá sấu
253098501,Dây đeo cho Apple Watch series 10/ 9/ 8/ 7/ 6/ 5/ 4/ 3/ SE/ Ultra/ Ultra 2 (DKB),120000.0,120000.0,0.0,0.0,0,,https://tiki.vnday-deo-cho-apple-watch-series-8-7-6-5-4-3-se-ultra-dawkb-p253098501.html?spid=253098511,dây đeo apple watch
252676867,"Dây Đồng Hồ Thay Thế Dành Cho Apple Watch 48 Ultra 45/44/42mm - 41/40/38mm, Chất Liệu Da Cá Sấu Cao Cấp Màu Xanh Navy Tương Thích Các Phiên Bản Series 8/7/6/5/4/3/2/1/SE Bảo Hành 12 Tháng",890000.0,890000.0,0.0,0.0,0,,https://tiki.vnday-dong-ho-thay-the-danh-cho-apple-watch-48-ultra-45-44-42mm-41-40-38mm-chat-lieu-da-ca-sau-cao-cap-mau-xanh-navy-tuong-thich-cac-phien-ban-series-8-7-6-5-4-3-2-1-se-bao-hanh-12-thang-p252676867.html?spid=252676881,dây đồng hồ thay thế dành
252637593,Dây đeo cho Huawei Watch Fit new/ Fit - kèm dụng cụ tháo + 3 khóa gốc (DFIT),120000.0,120000.0,0.0,0.0,0,,https://tiki.vnday-deo-cho-huawei-watch-fit-new-fit-kem-dung-cu-thao-3-khoa-goc-dfit-p252637593.html?spid=252637671,dây đeo huawei watch
206140675,VÒNG TAY CHUỖI HẠT BỒ ĐỀ TINH NGUYỆT TỰ NHIÊN 5mm trắng,250000.0,250000.0,0.0,0.0,0,,https://tiki.vnvong-tay-chuoi-hat-bo-de-tinh-nguyet-tu-nhien-5mm-trang-p206140675.html?spid=206140676,vòng tay chuỗi hạt bồ đề tinh nguyệt
195952726,"Vòng phong thủy gỗ Mun Sừng đen bóng (đủ Size) dành cho người có địa vị, thăng tiến trong công việc (BH680)",79000.0,79000.0,0.0,0.0,0,,https://tiki.vnvong-phong-thuy-go-mun-sung-den-bong-du-size-danh-cho-nguoi-co-dia-vi-bh680-p195952726.html?spid=196051479,vòng phong thủy gỗ mun
190551312,1 Vỉ 5 Viên Pin Maxell Nhật Bản Cho Đồng Hồ Đeo Tay Nhiều Kích Cỡ SR621SW / SR626SW / SR920SW / SR521SW / SR927SW / SR721SW / SR616SW / SR512SW,75000.0,75000.0,0.0,0.0,0,,https://tiki.vn1-vi-5-vien-pin-maxell-nhat-ban-cho-dong-ho-deo-tay-nhieu-kich-co-p190551312.html?spid=199562523,vỉ
176073785,"22MM dây thể thao dành cho đồng hồ Samsung Gear, Huawei GT1/2",165000.0,165000.0,0.0,5.0,2,,https://tiki.vn22mm-day-the-thao-danh-cho-dong-ho-samsung-gear-huawei-gt1-2-p176073785.html?spid=176073804,mm dây thể thao dành
176073022,Đế Sạc Kèm Dây Cáp Usb cho đồng hồ Samsung galaxy watch 3 41/45mm chất lượng vượt trội,190000.0,190000.0,0.0,0.0,0,,https://tiki.vnde-sac-kem-day-cap-usb-cho-dong-ho-samsung-galaxy-watch-3-41-45mm-chat-luong-vuot-troi-p176073022.html?spid=176073031,đế sạc kèm dây cáp
171791622,Bộ Dây Da Thay Thế Cho Đồng Hồ Đeo Tay Nam Nữ Nhiều Size,130000.0,130000.0,0.0,5.0,2,,https://tiki.vnbo-day-da-thay-the-cho-dong-ho-deo-tay-nam-nu-nhieu-size-p171791622.html?spid=171791691,dây da thay thế đồng hồ đeo
132701877,[5 cái] Con đỉa dây đồng hồ - Phụ kiện dây đồng hồ silicone,65000.0,65000.0,0.0,4.8,9,,https://tiki.vn5-cai-con-dia-day-dong-ho-phu-kien-day-dong-ho-silicone-p132701877.html?spid=132701879,đỉa dây đồng hồ phụ kiện
116350354,Khuyên tai - bông tai nam nữ,46000.0,46000.0,0.0,0.0,0,,https://tiki.vnkhuyen-tai-bong-tai-nam-nu-p116350354.html?spid=116350366,khuyên tai bông tai
106393100,Dây Đồng Hồ Da Cá Sấu Thật 100% ảnh thật 100% có bảo hành,150000.0,150000.0,0.0,0.0,0,,https://tiki.vnday-dong-ho-da-ca-sau-that-100-anh-that-100-co-bao-hanh-p106393100.html?spid=106393140,dây đồng hồ da cá sấu
93017231,VÒNG TO LẮM TAY NAM GIẢ NGÀ HAY GỌI LÀ XƯƠNG MỸ NGHỆ BẢN TRƠN DẦY  VÒNG NI 72mm x CAO 22mm x DẦY 11mm  DÀNH CHO CÁC ANH NAM TAY LỚN 90kg-100kg ĐEO ĐẸP Ạ,350000.0,700000.0,350000.0,0.0,0,,https://tiki.vnvong-to-lam-tay-nam-gia-nga-hay-goi-la-xuong-my-nghe-ban-tron-day-vong-ni-72mm-x-cao-22mm-x-day-11mm-danh-cho-cac-anh-nam-tay-lon-90kg-100kg-deo-dep-a-p93017231.html?spid=93017236,vòng to tay nam
89429591,"Combo 2 Lắc tay Ngọc Lục bảo, Chất liệu Đá Thạch Anh Ngọc Lục (Quart Group), cỡ hạt 7-8li, Kèm bản Photocopy KIỂM ĐỊNH ĐÁ QUÝ TẠI SJC – MS G87695 -  kèm hộp đựng Hoa Hồng, mẫu CrownX.436B.2",328000.0,328000.0,0.0,3.3,3,,https://tiki.vncombo-2-lac-tay-ngoc-luc-bao-chat-lieu-da-thach-anh-ngoc-luc-quart-group-co-hat-7-8li-kem-ban-photocopy-kiem-dinh-da-quy-tai-sjc-ms-g87695-kem-hop-dung-hoa-hong-mau-crownx-436b-2-p89429591.html?spid=89429592,combo lắc tay ngọc lục
89154708,"Khuyên tai nam nữ đẹp, thời trang cá tính phong cách hiphop, thép titan siêu bền, không dị ứng, không gỉ",22500.0,25000.0,2500.0,0.0,0,,https://tiki.vnkhuyen-tai-nam-nu-dep-thoi-trang-ca-tinh-phong-cach-hiphop-thep-titan-sieu-ben-khong-di-ung-khong-gi-p89154708.html?spid=140940080,khuyên tai nam nữ đẹp
82412758,Dây Da Đồng hồ Cá sấu Xuất Khẩu,150000.0,150000.0,0.0,4.6,5,,https://tiki.vnday-da-dong-ho-ca-sau-xuat-khau-p82412758.html?spid=82412805,dây da đồng hồ cá sấu
68305260,Đôi bông tai dao tem thu hút trẻ trung,88000.0,88000.0,0.0,0.0,0,,https://tiki.vndoi-bong-tai-dao-tem-thu-hut-tre-trung-p68305260.html?spid=68305261,
57122320,"Đồng hồ đeo tay Nữ hiệu JONAS & VERUS X01646-Q3.PPWBP, Máy Pin (Quartz), Kính sappire chống trầy xước, Dây lưới thép không gỉ 316L",3150000.0,3150000.0,0.0,0.0,0,,https://tiki.vndong-ho-deo-tay-nu-hieu-jonas-verus-x01646-q3-ppwbp-may-pin-quartz-kinh-sappire-chong-tray-xuoc-day-luoi-thep-khong-gi-316l-p57122320.html?spid=57122321,đồng hồ đeo tay nữ hiệu
52152556,Chuỗi cổ C2004 LuxJy Jewelry,4500000.0,4500000.0,0.0,0.0,0,,https://tiki.vnchuoi-co-c2004-luxjy-jewelry-p52152556.html?spid=52152557,chuỗi cổ c2004 luxjy
49882760,Đồng Hồ Nam Bulova Dây Thép Không Gỉ 96M149 - Mặt Xanh,6700000.0,6700000.0,0.0,0.0,0,,https://tiki.vndong-ho-nam-bulova-day-thep-khong-gi-96m149-mat-xanh-p49882760.html?spid=49882761,đồng hồ nam bulova dây thép
29800349,Khuyên nam tam giác lỗ tròn nam tính,65000.0,65000.0,0.0,0.0,0,,https://tiki.vnkhuyen-nam-tam-giac-lo-tron-nam-tinh-p29800349.html?spid=29800350,khuyên nam tam giác lỗ tròn
27776770,Lắc tay - Tim đôi đá thạch anh tím,123160.0,149000.0,25840.0,0.0,0,,https://tiki.vnlac-tay-p27776770.html?spid=27776797,lắc tay tim đá
22100036,CHIẾC VÒNG ĐÁ THẠCH ANH TRẮNG THIÊN NHIÊN 10LY NỮ ĐEO XINH XẮN HỢP NỮ MỆNH  KIM THUỶ,495000.0,900000.0,405000.0,0.0,0,,https://tiki.vnchiec-vong-da-thach-anh-trang-thien-nhien-10ly-nu-deo-xinh-xan-hop-nu-menh-kim-thuy-p22100036.html?spid=22100037,vòng đá thạch trắng
20990643,Set 6 bông tai ONE WEEK mini thời trang nữ RA002,19500.0,19500.0,0.0,5.0,4,,https://tiki.vnset-6-bong-tai-one-week-mini-thoi-trang-nu-ra002-p20990643.html?spid=52260368,set
6463421,Vòng tay Handmade Ba hạt đá 5 mệnh ngũ hành Ancarat VT13,199000.0,199000.0,0.0,3.0,3,,https://tiki.vnvong-tay-handmade-ba-hat-da-5-menh-ngu-hanh-ancarat-vt13-p6463421.html?spid=6463465,vòng tay handmade hạt đá
1380271,Đồng Hồ Nam Bulova Dây Da 98A167 - Mặt Đen,6100000.0,6100000.0,0.0,0.0,0,,https://tiki.vndong-ho-nam-bulova-day-da-98a167-mat-den-p1380271.html?spid=51518204,đồng hồ nam bulova dây
278873434,đèn pin kéo dài đèn thoát hiểm chất liệu nhôm nguyên khối.,399000.0,399000.0,0.0,0.0,0,,https://tiki.vnden-pin-keo-dai-den-thoat-hiem-chat-lieu-nhom-nguyen-khoi-p278873434.html?spid=278873435,đèn pin kéo dài đèn thoát
278536756,Dây chuyền nam titan thép không gỉ inox cao cấp đẹp sang trọng ziczac dẹp trangsucpt cỡ 8mm PTDCNA23,77000.0,77000.0,0.0,0.0,0,,https://tiki.vnday-chuyen-nam-titan-thep-khong-gi-inox-cao-cap-dep-sang-trong-ziczac-dep-trangsucpt-co-8mm-ptdcna23-p278536756.html?spid=278537292,dây chuyền nam titan thép
278455985,Vòng Tay Nữ Bản Hẹ Đá Mã Não DuLong Trắng Xanh Rong Biển 3 bên cân xứng Trong Bóng Đẹp Ni 56mm Cao 10mm Dầy 7mm Món quà tặng Nữ 53kg - 58kg đeo tay xinh rẻ đẹp ý nghĩa ạ,1100000.0,1100000.0,0.0,0.0,0,,https://tiki.vnvong-tay-nu-ban-he-da-ma-nao-dulong-trang-xanh-rong-bien-3-ben-can-xung-trong-bong-dep-ni-56mm-cao-10mm-day-7mm-mon-qua-tang-nu-53kg-58kg-deo-tay-xinh-re-dep-y-nghia-a-p278455985.html?spid=278455986,vòng tay nữ bản hẹ
278446501,Sạc bình ắc quy 12V 24V 3Ah - 150Ah FOXSUR tự ngắt khi đầy chức năng bảo dưỡng phục hồi ắc quy bằng khử sunfat,479000.0,479000.0,0.0,0.0,0,,https://tiki.vnsac-binh-ac-quy-12v-24v-3ah-150ah-foxsur-tu-ngat-khi-day-chuc-nang-bao-duong-phuc-hoi-ac-quy-bang-khu-sunfat-p278446501.html?spid=278446502,sạc bình ắc quy v
278435802,"Máy Hút Chân Không Thực Phẩm Kèm Hàn Miệng Túi, Bảo Hành 2 Năm, Dụng Cụ Nhà Bếp",199000.0,199000.0,0.0,0.0,0,,https://tiki.vnmay-hut-chan-khong-thuc-pham-kem-han-mieng-tui-bao-hanh-2-nam-dung-cu-nha-bep-p278435802.html?spid=278435803,máy hút chân thực phẩm
276408522,Dây cho Huawei Watch Kids 4 Pro - kèm công cụ,149000.0,149000.0,0.0,5.0,1,,https://tiki.vnday-cho-huawei-watch-kids-4-pro-kem-cong-cu-p276408522.html?spid=276408540,dây huawei watch kids
275025533,Dây cho Garmin Forerunner 165/ 265/ 265S/ 255/ 255S/ 245/ 645/ Vivomove/ Vivoactive 5/ 4/3/2S/ 3S/4S/Venu 2/SQ (DDB),250000.0,250000.0,0.0,0.0,0,,https://tiki.vnday-dong-ho-garmin-forerunner-165-265-265s-255-255s-245-645-vivomove-vivoactive-5-4-3-2s-3s-4s-venu-2-sq-ddb-p275025533.html?spid=278423409,dây garmin forerunner 165
262732783,"Dây thép cho Huawei Band 10/ 9/ 8 - Thép, khóa nam châm (DTB8)",130000.0,130000.0,0.0,4.3,4,,https://tiki.vnday-thep-cho-huawei-band-8-thep-khoa-nam-cham-dtb8-p262732783.html?spid=262732785,dây thép huawei band
253241823,Dây Đeo SILICON khoá đen dành Cho Fossil Gen 5 44mm,90000.0,90000.0,0.0,0.0,0,,https://tiki.vnday-deo-silicon-khoa-den-danh-cho-fossil-gen-5-44mm-p253241823.html?spid=253241839,dây đeo silicon khóa
249650959,Vòng Tay Phong Thủy Trầm Hương Chuỗi Tràng 108 Hạt 6 Li Đeo Tay Mệnh Kim Mộc Thủy Hỏa Thổ,378000.0,378000.0,0.0,0.0,0,,https://tiki.vnvong-tay-phong-thuy-tram-huong-chuoi-trang-108-hat-6-li-deo-tay-menh-kim-moc-thuy-hoa-tho-p249650959.html?spid=254085777,vòng tay phong thủy trầm hương chuỗi tràng
201798472,"[Mệnh Hỏa, Thổ] Bộ Vòng Chuỗi, Tràng Hạt 108 Hạt 6 Ly Đá Thạch Anh Hồng Đào Charm Lục Tự Chân Ngôn - Tràng Chuỗi Niệm Phật - An Yên - Thịnh Vượng - May Mắn - Tài Lộc",199000.0,199000.0,0.0,0.0,0,,https://tiki.vnmenh-hoa-tho-bo-vong-chuoi-trang-hat-108-hat-6-ly-da-thach-anh-hong-dao-charm-luc-tu-chan-ngon-trang-chuoi-niem-phat-an-yen-thinh-vuong-may-man-tai-loc-p201798472.html?spid=201798474,vòng chuỗi tràng hạt
199011710,Dây đồng hồ da bò nhiều size màu kem HJ8107-21-35,89500.0,179000.0,89500.0,0.0,0,,https://tiki.vnday-dong-ho-da-bo-nhieu-size-mau-kem-hj8107-21-35-p199011710.html?spid=199011722,dây đồng hồ da bò nhiều
199011212, Dây đồng hồ da bò nhiều size màu nâu đỏ HJ8104-18-32,61000.0,61000.0,0.0,0.0,0,,https://tiki.vnday-dong-ho-da-bo-nhieu-size-mau-nau-do-hj8104-18-32-p199011212.html?spid=199011216,dây đồng hồ da bò nhiều
197900341,[Tuổi Mão] Mặt Dây Chuyền Phật Văn Thù Bồ Tát Đá Pha Lê Xanh Lá Size Nhỏ 3.6cm & Size Lớn 5cm - Tặng Kèm Móc Inox - Phong Thủy 868 - May Mắn - Bình An,79000.0,79000.0,0.0,0.0,0,,https://tiki.vntuoi-mao-mat-day-chuyen-phat-van-thu-bo-tat-da-pha-le-xanh-la-size-nho-3-6cm-size-lon-5cm-tang-kem-moc-inox-phong-thuy-868-may-man-binh-an-p197900341.html?spid=197900345,mặt dây chuyền phật văn thù
197575813,[Tuổi Dậu] Mặt Dây Chuyền Phật Bất Động Minh Vương Đá Mã Não Đỏ Size Nhỏ 3.6cm & Size Lớn 4.5cm- Tặng Kèm Móc Inox - Phong Thủy 868 - May Mắn - Bình An,200000.0,200000.0,0.0,0.0,0,,https://tiki.vntuoi-dau-mat-day-chuyen-phat-bat-dong-minh-vuong-da-ma-nao-do-size-nho-3-6cm-size-lon-4-5cm-tang-kem-moc-inox-phong-thuy-868-may-man-binh-an-p197575813.html?spid=197575817,mặt dây chuyền phật bất động minh
185590628,Lắc tay kiêm lắc chân nữ hoạ tiết xương cá độc đáo,75000.0,75000.0,0.0,0.0,0,,https://tiki.vnlac-tay-kiem-lac-chan-nu-hoa-tiet-xuong-ca-doc-dao-p185590628.html?spid=185590630,lắc tay kiêm lắc
183288345,Dây chuyền vòng cổ nam nữ titan không gỉ nhiều mẫu,109000.0,109000.0,0.0,0.0,0,,https://tiki.vnday-chuyen-vong-co-nam-nu-titan-khong-gi-nhieu-mau-p183288345.html?spid=183288353,dây chuyền vòng cổ nam nữ
174155667,Vòng cổ hợp kim 3 lớp sang trọng nổi bật,150000.0,150000.0,0.0,0.0,0,,https://tiki.vnvong-co-hop-kim-3-lop-sang-trong-noi-bat-p174155667.html?spid=174155668,vòng cổ hợp kim lớp
147729250,Dây đeo Huawei Watch GT4 46mm/ GT3 42/ 46mm/ GT Runner (DSG),140000.0,140000.0,0.0,3.8,9,,https://tiki.vnday-deo-huawei-watch-gt3-42-46mm-gt-runner-dsg-p147729250.html?spid=147729260,dây đeo huawei watch
133105341,"Dây Samsung Watch Active/ Active 2 - Dây thép, khóa nam châm",139000.0,139000.0,0.0,5.0,1,,https://tiki.vnday-samsung-watch-active-active-2-day-thep-khoa-nam-cham-p133105341.html?spid=133105343,dây samsung watch active
117062740,Dây chuyền vòng cổ titan cá tính,77000.0,77000.0,0.0,0.0,0,,https://tiki.vnday-chuyen-vong-co-titan-ca-tinh-p117062740.html?spid=117062741,dây chuyền vòng cổ titan cá
107338668,Hộp Đựng Đồng Hồ Cơ 4 Xoay Và 6 Trưng Bày Gỗ Cao Cấp,1360000.0,1360000.0,0.0,4.7,3,,https://tiki.vnhop-dung-dong-ho-co-4-xoay-va-6-trung-bay-go-cao-cap-p107338668.html?spid=111717749,hộp đựng đồng hồ cơ
82412659,Dây Đồng Hồ Size 20mm 22mm Khóa Nam Châm Lưới Thép Thép Không Gỉ,69900.0,69900.0,0.0,0.0,0,,https://tiki.vnday-dong-ho-size-20mm-22mm-khoa-nam-cham-luoi-thep-thep-khong-gi-p82412659.html?spid=192583824,dây đồng hồ size mm
76400040,"Vòng tay phong thủy đá mắt cọp vàng 14 ly, vòng tay chuỗi đá",120000.0,120000.0,0.0,4.7,3,,https://tiki.vnvong-tay-phong-thuy-da-mat-cop-vang-14-ly-vong-tay-chuoi-da-p76400040.html?spid=83765697,vòng tay phong thủy đá mắt
73286189,"Bộ Trang sức mạ vàng 18K, Phong cách châu Âu, Kiểu lặc dẹp, kèm hộp đựng lót nhung gấm",139000.0,139000.0,0.0,4.0,4,,https://tiki.vnbo-trang-suc-ma-vang-18k-phong-cach-chau-au-kieu-lac-dep-kem-hop-dung-lot-nhung-gam-p73286189.html?spid=73286193,trang sức mạ vàng k
72744882,Dây da đồng hồ SEN Apple Watch size 38/40 - CHÍNH HÃNG KHACTEN.COM,850000.0,850000.0,0.0,5.0,5,,https://tiki.vnday-da-dong-ho-sen-apple-watch-size-38-40-chinh-hang-khacten-com-p72744882.html?spid=91373940,dây da đồng hồ sen
59410536,Vòng cổ dây chuyền titan thép không gỉ hot trend giới trẻ mẫu mới,77000.0,77000.0,0.0,0.0,0,,https://tiki.vnvong-co-day-chuyen-titan-thep-khong-gi-hot-trend-gioi-tre-mau-moi-p59410536.html?spid=59410538,vòng cổ dây chuyền titan
59397102,Khuyên tai bông tai khắc Joker phong cách bụi không cần xỏ lỗ,65000.0,65000.0,0.0,5.0,1,,https://tiki.vnkhuyen-tai-bong-tai-khac-joker-phong-cach-bui-khong-can-xo-lo-p59397102.html?spid=59397104,khuyên tai bông tai khắc joker
58953876,Vòng đeo tay titan mix ổ khoá độc đáo,92000.0,92000.0,0.0,0.0,0,,https://tiki.vnvong-deo-tay-titan-mix-o-khoa-doc-dao-p58953876.html?spid=58953877,vòng đeo tay titan
46629197,Bông tai nam Thánh giá mẫu cổ,31500.0,35000.0,3500.0,4.8,12,,https://tiki.vnbong-tai-nam-thanh-gia-mau-co-p46629197.html?spid=46629199,tai nam thánh giá mẫu
31832067,Nhẫn nam chữ phát may mắn mạ vàng 24k EKP415AD,54060.0,102000.0,47940.0,0.0,0,,https://tiki.vnnhan-nam-chu-phat-may-man-ma-vang-24k-ekp415ad-p31832067.html?spid=197901379,nhẫn nam chữ phát
29934857,Vòng tay đá mắt hổ,170000.0,170000.0,0.0,5.0,3,,https://tiki.vnvong-tay-da-mat-ho-nau-do-16-li-p29934857.html?spid=155700839,vòng tay đá mắt hổ
23592415,"Vòng đeo tay mã não đỏ 14 ly cẩn hạt Phật A Di Đà inox đen VMNONLE14 - hợp mệnh Hỏa, mệnh Thổ",242000.0,242000.0,0.0,0.0,0,,https://tiki.vnvong-deo-tay-ma-nao-do-14-ly-can-hat-phat-a-di-da-inox-den-vmnonle14-hop-menh-hoa-menh-tho-p23592415.html?spid=23592416,vòng đeo tay mã não
20276214,Đồng Hồ Nam Citizen Dây Thép Không Gỉ BN0191-80L - Mặt Xanh,10900000.0,10900000.0,0.0,0.0,0,,https://tiki.vndong-ho-nam-citizen-day-thep-khong-gi-bn0191-80l-mat-xanh-p20276214.html?spid=20276215,đồng hồ nam citizen dây thép
14791304,Đồng hồ Casio nam dây thép MTP-VT01D-1BUDF (4mmm),1136520.0,1386000.0,249480.0,0.0,0,,https://tiki.vndong-ho-casio-nam-day-thep-mtp-vt01d-1budf-4mmm-p14791304.html?spid=45338788,đồng hồ casio nam dây thép
13861023,Dây chuyền nam mạ vàng  24k - 053,220000.0,220000.0,0.0,0.0,0,,https://tiki.vnday-chuyen-nam-ma-vang-24k-053-p13861023.html?spid=75483436,dây chuyền nam mạ vàng
12696850,Vòng Tay Nữ Mã Não Leo Store,180000.0,180000.0,0.0,0.0,0,,https://tiki.vnvong-tay-nu-ma-nao-leo-store-do-cam-5cm-p12696850.html?spid=179890806,vòng tay nữ mã não leo
12381550,Đồng hồ nữ Q&Q Citizen  QA17J202Y dây sắt,524000.0,690000.0,166000.0,0.0,0,,https://tiki.vndong-ho-nu-q-q-citizen-qa17j202y-day-sat-p12381550.html?spid=12381551,đồng hồ nữ q q
9666672,Mặt dây chuyền Đại Thế Chí Bồ Tát thủy tinh xanh lá 3.6cm - phật bản mệnh tuổi Ngọ - Mặt size nhỏ,79000.0,79000.0,0.0,0.0,0,,https://tiki.vnmat-phat-dai-the-chi-thuy-tinh-xanh-la-3-6cm-p9666672.html?spid=9666673,mặt dây chuyền đại thế chí bồ tát
5762025,Vòng tay chuỗi hạt gỗ Đàn hương đen 12 ly 18 hạt,143000.0,143000.0,0.0,0.0,0,,https://tiki.vnvong-tay-chuoi-hat-go-dan-huong-den-12-ly-18-hat-p5762025.html?spid=5762027,vòng tay chuỗi hạt gỗ
278989318,Đồng hồ đeo tay HUBLOT C416 Cơ Hàng chính hãng,1190000.0,1190000.0,0.0,0.0,0,,https://tiki.vndong-ho-deo-tay-hublot-c416-co-hang-chinh-hang-p278989318.html?spid=278989319,đồng hồ đeo tay hublot
278981115,Đồng hồ đeo tay LONGINES BL41 chạy pin hàng chính hãng,490000.0,490000.0,0.0,0.0,0,,https://tiki.vndong-ho-deo-tay-longines-bl41-chay-pin-hang-chinh-hang-p278981115.html?spid=278981116,đồng hồ đeo tay longines bl41
278953759,"Mặt dây đá Cẩm Thạch ngọc lam tròn chạm hoa đường kính 34mm phong cách thanh lịch, cổ điển không kén mệnh",350000.0,350000.0,0.0,0.0,0,,https://tiki.vnmat-day-da-cam-thach-ngoc-lam-tron-cham-hoa-duong-kinh-34mm-phong-cach-thanh-lich-co-dien-khong-ken-menh-hoa-minh-gem-p278953759.html?spid=278953760,mặt dây đá cẩm thạch
278943093,Vòng dây cáp phối lu thống Cẩm Thạch hoa bay chạm vân mây size 12x17mm phong thủy may mắn,520000.0,520000.0,0.0,0.0,0,,https://tiki.vnvong-day-cap-phoi-lu-thong-cam-thach-hoa-bay-cham-van-may-size-12x17mm-phong-thuy-may-man-hoa-minh-gem-p278943093.html?spid=278943342,vòng dây cáp phối lu thống cẩm thạch
278898395,Vòng tay phong thủy đá Mã Não tứ quý trơn size hạt 10 li,250000.0,250000.0,0.0,0.0,0,,https://tiki.vnvong-tay-phong-thuy-da-ma-nao-tu-quy-tron-size-hat-10-li-hoa-minh-gem-p278898395.html?spid=278898909,vòng tay phong thủy đá mã não
278889559,Vòng tay đá Thạch Anh Tóc tam tài size 9 li Thạch Anh Tóc Đỏ Thạch Anh Tóc Vàng Thạch Anh Tóc Xanh,750000.0,750000.0,0.0,0.0,0,,https://tiki.vnvong-tay-da-thach-anh-toc-tam-tai-size-9-li-thach-anh-toc-do-thach-anh-toc-vang-thach-anh-toc-xanh-hoa-minh-gem-p278889559.html?spid=278896602,vòng tay đá thạch tóc tam tài size
278881011,"Vòng tay đá Mắt Hổ size 14 li kiểu mắt đại bàng 5A VIP tự nhiên không kén mệnh, phong cách bản lĩnh chững chạc vòng tay nam",580000.0,580000.0,0.0,0.0,0,,https://tiki.vnvong-tay-da-mat-ho-size-14-li-kieu-mat-dai-bang-5a-vip-tu-nhien-khong-ken-menh-phong-cach-ban-linh-chung-chac-vong-tay-nam-hoa-minh-gem-p278881011.html?spid=278881012,vòng tay đá mắt hổ
278878778,Vòng tay đá Cẩm Thạch Lý Táo size 14 li vòng tay phong thủy không kén mệnh,500000.0,500000.0,0.0,0.0,0,,https://tiki.vnvong-tay-nam-cam-thach-ly-tao-size-14-li-vong-tay-phong-thuy-khong-ken-menh-hoa-minh-gem-p278878778.html?spid=278878779,vòng tay đá cẩm thạch lý táo size
278851015,Đồng hồ đeo tay Omega C553 Máy cơ Hàng chính hãng,690000.0,690000.0,0.0,0.0,0,,https://tiki.vndong-ho-deo-tay-omega-c553-may-co-hang-chinh-hang-p278851015.html?spid=278851016,đồng hồ đeo tay omega
278435534,"Loa Bluetooth Không Dây A2 Loa mini có LED Siêu Bass,Dáng Dài Dành Cho Điện Thoại, Máy Tính",299000.0,299000.0,0.0,0.0,0,,https://tiki.vnloa-bluetooth-khong-day-a2-loa-mini-co-led-sieu-bass-da-ng-da-i-da-nh-cho-die-n-thoa-i-ma-y-tinh-bao-hanh-12-thang-p278435534.html?spid=278435535,loa bluetooth dây a2
278296577,"Sợi dây chuyền này có thiết kế tinh tế với mặt hình hoa vuông bo tròn, khảm trắng sang trọng, phù hợp đi chơi, đi làm, đi học, phong cách Hàn Quốc - 59050.2",1900224.0,1900224.0,0.0,0.0,0,,https://tiki.vnsoi-day-chuyen-nay-co-thiet-ke-tinh-te-voi-mat-hinh-hoa-vuong-bo-tron-kham-trang-sang-trong-phu-hop-di-choi-di-lam-di-hoc-phong-cach-han-quoc-59050-2-p278296577.html?spid=278296578,sợi dây chuyền có thiết kế
276074195,Dây chuyền mặt phật ngọc,75000.0,75000.0,0.0,5.0,1,,https://tiki.vnday-chuyen-mat-phat-ngoc-p276074195.html?spid=276074196,dây chuyền mặt phật
275753118,Đồng Hồ Thời Trang Nam Movado Automatic Museum Classic 0607474 40mm,28685000.0,28685000.0,0.0,0.0,0,,https://tiki.vndong-ho-thoi-trang-nam-movado-automatic-museum-classic-0607474-40mm-p275753118.html?spid=275753119,đồng hồ thời trang nam movado
274757484,Đồng hồ nữ SRWATCH Classy SL6657.4402,2250000.0,2250000.0,0.0,0.0,0,,https://tiki.vndong-ho-nu-srwatch-classy-sl6657-4402-p274757484.html?spid=274757485,đồng hồ nữ srwatch classy
274535078,Đồng hồ nam SRWATCH SG3004.4601CV,1250000.0,1250000.0,0.0,1.0,1,,https://tiki.vndong-ho-nam-srwatch-sg3004-4601cv-p274535078.html?spid=274535079,đồng hồ nam srwatch sg3004
206622209,Đồng Hồ Nam Cơ Tự Động AOKULASIC AUTOMATIC Dây Da Cao Cấp Thiết Kế Lộ Máy Nam Tính AOK79,2500.0,5000.0,2500.0,0.0,0,,https://tiki.vndong-ho-nam-co-tu-dong-aokulasic-automatic-day-da-cao-cap-thiet-ke-lo-may-nam-tinh-aok79-p206622209.html?spid=206953145,đồng hồ nam cơ tự động aokulasic
201282510,Vỉ 5 Viên Pin SR927SW / 395 / G7 Maxell Nhật Bản 1.55V Đồng Hồ Đeo Tay,140000.0,140000.0,0.0,5.0,1,,https://tiki.vnvi-5-vien-pin-sr927sw-395-g7-maxell-nhat-ban-1-55v-dong-ho-deo-tay-p201282510.html?spid=205510008,vỉ
201282396,Vỉ 5 Viên Pin SR621SW / 364 Maxell 1.55V Cho Đồng Hồ Đeo Tay,55000.0,55000.0,0.0,5.0,4,,https://tiki.vnvi-5-vien-pin-sr621sw-364-maxell-1-55v-cho-dong-ho-deo-tay-p201282396.html?spid=205510000,vỉ
192210281,"Hộp Đựng Đồng Hồ 2 & 3 Ngăn, hộp đựng đồng hồ đa năng",390000.0,390000.0,0.0,0.0,0,,https://tiki.vnhop-dung-dong-ho-2-3-ngan-hop-dung-dong-ho-da-nang-p192210281.html?spid=192210283,hộp đựng đồng hồ
179983703,Đồng Hồ Nữ Casio LTP-V002GL-1B Dây Da - Mặt Số Viền Mạ Vàng,807240.0,961000.0,153760.0,0.0,0,,https://tiki.vndong-ho-nu-casio-ltp-v002gl-1b-day-da-mat-so-vien-ma-vang-p179983703.html?spid=179983704,đồng hồ nữ casio ltp
179777373,Đồng Hồ Casio W-218HC-4A2VDF Dây Nhựa - Mặt Vuông - WR50M,751120.0,916000.0,164880.0,0.0,0,,https://tiki.vndong-ho-casio-w-218hc-4a2vdf-day-nhua-mat-vuong-wr50m-p179777373.html?spid=179777374,đồng hồ casio w 218
177787632,Vòng tay inox nam trơn hở hai đầu bản 6mm,84000.0,120000.0,36000.0,5.0,3,,https://tiki.vnvong-tay-inox-nam-tron-ho-hai-dau-ban-6mm-p177787632.html?spid=177787634,vòng tay inox nam trơn
176074513,Đế Sạc Kèm Dây Cáp Usb cho đồng hồ Xiaomi Mi watch Color chất lượng vượt trội,125000.0,125000.0,0.0,5.0,1,,https://tiki.vnde-sac-kem-day-cap-usb-cho-dong-ho-xiaomi-mi-watch-color-chat-luong-vuot-troi-p176074513.html?spid=176074517,đế sạc kèm dây cáp
175972553,Phụ kiện dây dù - Vòng cổ dây dù - Dây chuyền dây vải - Vòng cổ dây vải,45000.0,45000.0,0.0,4.8,6,,https://tiki.vnphu-kien-day-du-vong-co-day-du-day-chuyen-day-vai-vong-co-day-vai-p175972553.html?spid=175972557,phụ kiện dây vòng
148909765,Đồng Hồ Nam Citizen Dây Thép Không Gỉ NH7505-84E - Mặt Đen (Sapphire),9685000.0,9685000.0,0.0,0.0,0,,https://tiki.vndong-ho-nam-citizen-day-thep-khong-gi-nh7505-84e-mat-den-sapphire-p148909765.html?spid=148909766,đồng hồ nam citizen dây thép
147981048,Đồng Hồ Nam Citizen Dây Da BM8553-16A - Mặt Trắng,6885000.0,6885000.0,0.0,0.0,0,,https://tiki.vndong-ho-nam-citizen-day-da-bm8553-16a-mat-trang-p147981048.html?spid=147981049,đồng hồ nam citizen dây
118787616,20 Vỉ 200 Viên Pin Đồng hồ AG1 - LR621 - 364 - SR621 - 164,120000.0,120000.0,0.0,5.0,1,,https://tiki.vn20-vi-200-vien-pin-dong-ho-ag1-lr621-364-sr621-164-p118787616.html?spid=118787617,vỉ
106391138,Dụng cụ tháo lắp dây đồng hồ 6 đầu thay thế,49000.0,49000.0,0.0,4.3,6,,https://tiki.vndung-cu-thao-lap-day-dong-ho-6-dau-thay-the-p106391138.html?spid=106391157,dụng cụ tháo lắp dây
95547219,Vòng tay phong thủy Pietersite Nâu Vàng VIP 15mm,6900000.0,6900000.0,0.0,0.0,0,,https://tiki.vnvong-tay-phong-thuy-pietersite-nau-vang-vip-15mm-p95547219.html?spid=95547220,vòng tay phong thủy pietersite nâu
95280773,Đồng Hồ Nữ Casio LTP-1215A-1B3D Dây Kim Loại - Có Lịch Ngày,1064360.0,1298000.0,233640.0,0.0,0,,https://tiki.vndong-ho-nu-casio-ltp-1215a-1b3d-day-kim-loai-co-lich-ngay-p95280773.html?spid=95280774,đồng hồ nữ casio ltp
73247642,Mặt Dây Chuyền ĐỒNG ĐIẾU KIỂU TRÒN GIỮA TO ĐÁ Cẩm Thạch Tự Nhiên  Size 29mm x Dầy 7mm x Đk tròn bên trong 12mm  MÀU XANH NGỌC CẨM THẠCH LÊN XANH LÁ ĐẬM ĐẸP Nữ làm mặt Dây Chuyền KIỂU Đeo Đẹp ạ,650000.0,1300000.0,650000.0,0.0,0,,https://tiki.vnmat-day-chuyen-dong-dieu-kieu-tron-giua-to-da-cam-thach-tu-nhien-size-29mm-x-day-7mm-x-dk-tron-ben-trong-12mm-mau-xanh-ngoc-cam-thach-len-xanh-la-dam-dep-nu-lam-mat-day-chuyen-kieu-deo-dep-a-p73247642.html?spid=73247643,mặt dây chuyền đồng điếu kiểu
68396643,Đồng hồ Cặp Dây Da SRWATCH SG3003.4102CV-SL3003.4102CV,1530000.0,1530000.0,0.0,0.0,0,,https://tiki.vndong-ho-cap-day-da-srwatch-sg3003-4102cv-sl3003-4102cv-p68396643.html?spid=68773728,đồng hồ dây da srwatch
51993284,Đồng hồ nữ Kingnuos cao cấp mặt đính đá dây thép không gỉ thời trang Ý,150000.0,150000.0,0.0,4.0,1,,https://tiki.vndong-ho-nu-kingnuos-cao-cap-mat-dinh-da-day-thep-khong-gi-thoi-trang-y-p51993284.html?spid=51993285,đồng hồ nữ kingnuos cao cấp
42105547,Đồng hồ nam Casio F-200W-2BDF dây nhựa,634680.0,774000.0,139320.0,4.7,7,,https://tiki.vndong-ho-nam-casio-f-200w-2bdf-day-nhua-p42105547.html?spid=42105548,đồng hồ nam casio f
41420250,Đồng hồ Unisex Casio MQ-24-1ELDF dây nhựa,403200.0,480000.0,76800.0,5.0,4,,https://tiki.vndong-ho-unisex-casio-mq-24-1eldf-day-nhua-p41420250.html?spid=41420251,đồng hồ unisex casio mq
26230723,Dây đồng hồ kim loại 22 mm,99000.0,99000.0,0.0,2.0,5,,https://tiki.vnday-dong-ho-kim-loai-22-mm-p26230723.html?spid=26300001,dây đồng hồ kim loại
7799222,Dây đồng hồ da bò chống nước cao cấp YE-009,42000.0,42000.0,0.0,4.5,313,,https://tiki.vnday-dong-ho-da-bo-chong-nuoc-cao-cap-ye-009-p7799222.html?spid=56089446,dây đồng hồ da bò chống
6278579,Vòng tay chuỗi hạt đá hình bầu 10mm kèm hộp gỗ,200000.0,200000.0,0.0,0.0,0,,https://tiki.vnvong-tay-chuoi-hat-da-hinh-bau-10mm-kem-hop-go-p6278579.html?spid=6278581,vòng tay chuỗi hạt đá
4898407,Đồng Hồ Nam Dây Nhựa Casio MQ-24-7ELDF - Đen,408000.0,480000.0,72000.0,4.6,5,,https://tiki.vndong-ho-nam-day-nhua-casio-mq-24-7eldf-den-p4898407.html?spid=54024075,đồng hồ nam dây nhựa
458326,Đồng Hồ Nam Citizen Dây Vải Nato BM8475-00F - Mặt Xám,6885000.0,6885000.0,0.0,5.0,1,,https://tiki.vndong-ho-nam-citizen-day-vai-nato-bm8475-00f-mat-xam-p458326.html?spid=13959061,đồng hồ nam citizen dây
278948476,"Mặt dây chuyền đá Mã Não A Phật Bà Quan Âm size 36.8x21mm phong thái từ bi, điềm nhiên may mắn",380000.0,380000.0,0.0,0.0,0,,https://tiki.vnmat-day-chuyen-da-ma-nao-a-phat-ba-quan-am-size-36-8x21mm-phong-thai-tu-bi-diem-nhien-may-man-hmc0238-hoa-minh-gem-p278948476.html?spid=278949589,mặt dây chuyền đá mã não
278932471,"Vòng tay chuỗi 108 hạt Cẩm Thạch Sơn Thủy size 6 li phối charm hoa sen mã não, phong thủy bình an may mắn không kén mệnh",680000.0,680000.0,0.0,0.0,0,,https://tiki.vnvong-tay-chuoi-108-hat-cam-thach-son-thuy-size-6-li-phoi-charm-hoa-sen-ma-nao-phong-thuy-binh-an-may-man-khong-ken-menh-hoa-minh-gem-p278932471.html?spid=278938093,vòng tay chuỗi hạt cẩm thạch
278879702,Quạt Sưởi Gốm Ceramic 2000W Dáng Đứng Cao Cấp 2025 Có Tiếng Việt 3 Chế Độ Gió An Toàn Tiết Kiệm Điện,779000.0,779000.0,0.0,0.0,0,,https://tiki.vnquat-suoi-gom-ceramic-2000w-dang-dung-cao-cap-2025-co-tieng-viet-3-che-do-gio-an-toan-tiet-kiem-dien-p278879702.html?spid=278879703,quạt sưởi gốm ceramic
278851087,Đồng hồ đeo tay Omega B581 Máy Pin Hàng chính ahnxg,250000.0,250000.0,0.0,0.0,0,,https://tiki.vndong-ho-deo-tay-omega-b581-may-pin-hang-chinh-ahnxg-p278851087.html?spid=278851088,đồng hồ đeo tay omega
278566871,ĐÈN TRỢ SÁNG XE MÁY L6X BMI SIÊU SÁNG SIÊU GOM LẮP CÁC XE HÀNG ĐẸP LOẠI TỐT,239000.0,239000.0,0.0,0.0,0,,https://tiki.vnden-tro-sang-xe-may-l6x-bmi-sieu-sang-sieu-gom-lap-cac-xe-hang-dep-loai-tot-p278566871.html?spid=278566872,đèn trợ sáng xe máy l6x
278429347,"Máy xay Nghiền Đa Năng Bột Siêu Mịn Siêu Khỏe, Máy Xay Bột Khô  Công Suất 3000w",998000.0,998000.0,0.0,0.0,0,,https://tiki.vnmay-xay-nghien-da-nang-bot-sieu-min-sieu-khoe-may-xay-bot-kho-cong-suat-3000w-p278429347.html?spid=278429348,máy xay nghiền đa năng bột
278429252,"Đèn LED Pha Bi Cầu W2F BMA , 50W Chân H4 Lắp như zin Các Dòng Xe Máy, Ô Tô , đèn sài được cả điện máy và điện bìnhCó Trợ Pha Laser",299000.0,299000.0,0.0,0.0,0,,https://tiki.vnde-n-led-pha-bi-ca-u-w2f-bma-50w-chan-h4-la-p-nhu-zin-ca-c-do-ng-xe-ma-y-o-to-den-sai-duoc-ca-dien-may-va-dien-binhco-tro-pha-laser-p278429252.html?spid=278429253,đe n led pha bi
276514156,Đồng hồ nữ Julius JA-1436 xinh xắn - Donghohanquocvn,1590000.0,1590000.0,0.0,5.0,1,,https://tiki.vndong-ho-nu-julius-ja-1436-xinh-xan-p276514156.html?spid=276514158,đồng hồ nữ julius ja
276120169,"Hộp trang sức nam, đồng hồ, bút kí nam",850000.0,850000.0,0.0,0.0,0,,https://tiki.vnhop-trang-suc-nam-dong-ho-but-ki-nam-p276120169.html?spid=276120170,hộp trang sức nam đồng hồ
275806171,Đồng Hồ Thời Trang Nam Bulova Jet Star 262kHz 96B401 40mm,15685000.0,15685000.0,0.0,0.0,0,,https://tiki.vndong-ho-thoi-trang-nam-bulova-jet-star-262khz-96b401-40mm-p275806171.html?spid=275806172,đồng hồ thời trang nam bulova
275754152,Đồng Hồ Thời Trang Nam Movado Máy Pin Museum Classic 0607271 40mm,23185000.0,23185000.0,0.0,0.0,0,,https://tiki.vndong-ho-thoi-trang-nam-movado-may-pin-museum-classic-0607271-40mm-p275754152.html?spid=275754154,đồng hồ thời trang nam movado
275530104,Lắc Tay Nam Nữ Bạc Thái S99 Chú Đại Bi Hoa Sen BẠC HIỂU MINH LTU612,7153750.0,7153750.0,0.0,0.0,0,,https://tiki.vnkieng-tay-lac-tay-nu-bac-thai-hinh-hoa-sen-bac-hieu-minh-ltu612-p275530104.html?spid=275530105,lắc tay nam nữ bạc thái
274719355,Dây chuyền mặt Phật phật Phật A Di Đà - Phật bản mệnh người tuổi Hợi - MV03,99000.0,99000.0,0.0,0.0,0,,https://tiki.vnday-chuyen-mat-phat-phat-phat-a-di-da-phat-ban-menh-nguoi-tuoi-hoi-mv03-p274719355.html?spid=274719356,dây chuyền mặt phật phật phật
274525195,Đồng hồ nam SRWATCH SG3008.4101CV,1050000.0,1050000.0,0.0,0.0,0,,https://tiki.vndong-ho-nam-srwatch-sg3008-4101cv-p274525195.html?spid=274525196,đồng hồ nam srwatch sg3008
274402303,Đồng hồ nam Casio Gshock GMA-S140NC-5A2DR,2654600.0,4084000.0,1429400.0,0.0,0,,https://tiki.vndong-ho-nam-casio-gshock-gma-s140nc-5a2dr-p274402303.html?spid=274402304,đồng hồ nam casio gshock
273816082,Tủ Đồng Hồ Cơ Lên Cót SAIKE SAIKE S6024 Mẫu 6 Xoay Vỏ Gỗ - Có Đèn Led - Nắp Cảm Biến,1600000.0,1600000.0,0.0,0.0,0,,https://tiki.vntu-dong-ho-co-len-cot-saike-saike-s6024-mau-6-xoay-vo-go-co-den-led-nap-cam-bien-p273816082.html?spid=273816083,tủ đồng hồ cơ lên
262434056,Vòng tay nam mã não tây tạng đỏ kiểu Vòng hạt thống 17mm phối hạt tròn mix đồng tiền đỏ đen vào Nam mệnh hoả mệnh thổ đeo hợp đẹp ạ,550000.0,1100000.0,550000.0,0.0,0,,https://tiki.vnvong-tay-nam-ma-nao-tay-tang-do-kieu-vong-hat-lu-17mm-phoi-hat-tron-mix-dong-tien-do-den-vao-nam-menh-hoa-menh-tho-deo-hop-dep-a-p262434056.html?spid=262434057,vòng tay nam mã não tây tạng
257770026,Hộp Đựng Đồng Hồ Cơ Xoay Mẫu Mới Chất Liệu Gỗ Phủ Sơn PU Cao Cấp,450000.0,450000.0,0.0,4.0,1,,https://tiki.vnhop-dung-dong-ho-co-xoay-mau-moi-chat-lieu-go-phu-son-pu-cao-cap-p257770026.html?spid=257770032,hộp đựng đồng hồ cơ xoay
255410145,"Vòng Tay, Lắc Tay Nữ Bạc Nguyên Chất S99 Trơn Xoắn Bản Đặc Bóng Đẹp Bạc Hiểu Minh LTU582",2376250.0,2376250.0,0.0,0.0,0,,https://tiki.vnvong-tay-lac-tay-nu-bac-nguyen-chat-s99-tron-xoan-ban-dac-bong-dep-bac-hieu-minh-ltu582-p255410145.html?spid=255410146,vòng tay lắc tay nữ
253194295,Dây Đeo đồng hồ Da Cá Sấu Đen Chỉ Trắng Size 19/20/21/22 - Dây Đeo Da Cá Sấu Thật 100% - Bảo Hành 12 Tháng,690000.0,690000.0,0.0,5.0,1,,https://tiki.vnday-dong-ho-da-ca-sau-den-chi-trang-size-19-20-21-22-day-deo-da-ca-sau-that-100-bao-hanh-12-thang-cho-duyet-cho-duyet-p253194295.html?spid=253194299,dây đeo đồng hồ da
252389733,Vòng tay nữ đá cẩm thạch tự nhiên Ngọc Lý Đẹp 54mm x cọng 8mm Màu Xanh Lý tươi sáng bóng mượt đẹp Nữ 53kg - 60kg đeo Vòng hợp nữ mệnh Mộc mệnh Hỏa mệnh Thủy ạ,1100000.0,2200000.0,1100000.0,0.0,0,,https://tiki.vnvong-tay-nu-da-cam-thach-tu-nhien-ngoc-ly-dep-54mm-x-cong-8mm-mau-xanh-ly-tuoi-sang-bong-muot-dep-nu-53kg-60kg-deo-vong-hop-nu-menh-moc-menh-hoa-menh-thuy-a-p252389733.html?spid=252389734,vòng tay nữ đá cẩm thạch
243046652,Vòng Gỗ Bách Xanh - Vòng Tay Phong Thuỷ ( Kèm Hộp Gấm ) - Mian .vn,130000.0,260000.0,130000.0,0.0,0,,https://tiki.vnvong-go-bach-xanh-vong-tay-phong-thuy-kem-hop-gam-p243046652.html?spid=243046654,vòng gỗ bách xanh vòng tay
222694846,Đồng hồ nam Stuhrling Imperia Quartz Chronograph,5890000.0,5890000.0,0.0,0.0,0,,https://tiki.vndong-ho-nam-stuhrling-imperia-quartz-chronograph-p222694846.html?spid=222694847,đồng hồ nam stuhrling imperia
143657782,"HJ8409-10-11-15 - Dây đồng hồ da đà điểu size 22, 24, 26 màu đen, nâu đất, vàng, nâu đỏ",239000.0,239000.0,0.0,0.0,0,,https://tiki.vnhj8409-10-11-15-day-dong-ho-da-da-dieu-size-22-24-26-mau-den-nau-dat-vang-nau-do-p143657782.html?spid=143657788,hj8409
138375047,Dây đeo Samsung Watch 3 41/ 45mm,190000.0,190000.0,0.0,2.5,2,,https://tiki.vnday-deo-samsung-watch-3-41-45mm-p138375047.html?spid=138375071,dây đeo samsung watch
136364113,Khuyên tai bạc 925 Mặt Trời toả nắng 7 đá chủ long lanh lung linh lấp lánh nổi bật Dế Bạc - K5824,220000.0,220000.0,0.0,0.0,0,,https://tiki.vnkhuyen-tai-bac-925-mat-troi-toa-nang-7-da-chu-long-lanh-lung-linh-lap-lanh-noi-bat-de-bac-k5824-p136364113.html?spid=136364116,khuyên tai bạc 925 mặt trời
116203605,Nhẫn trang sức phong cách tôn giáo cho nam,990000.0,990000.0,0.0,0.0,0,,https://tiki.vnnhan-trang-suc-phong-cach-ton-giao-cho-nam-p116203605.html?spid=116203609,nhẫn trang sức phong cách tôn giáo
106393846,Bộ dụng cụ Tháo mắt dây đồng hồ Inox tại nhà loại 1 cực tiện lợi 12 món kèm ảnh - clip thật 100%,145000.0,145000.0,0.0,0.0,0,,https://tiki.vnbo-dung-cu-thao-mat-day-dong-ho-inox-tai-nha-loai-1-cuc-tien-loi-12-mon-kem-anh-clip-that-100-p106393846.html?spid=106393873,dụng cụ tháo mắt dây
106393801,GIÁ HỦY DIỆT Dây đồng hồ HUBLOT cao su vân hạt case 42 size dây 19 - 25 - 22,150000.0,150000.0,0.0,5.0,3,,https://tiki.vngia-huy-diet-day-dong-ho-hublot-cao-su-van-hat-case-42-size-day-19-25-22-p106393801.html?spid=106393820,giá hủy diệt dây
106392024,Khoá bướm dây inox đồng hồ,60000.0,60000.0,0.0,0.0,0,,https://tiki.vnkhoa-buom-day-inox-dong-ho-p106392024.html?spid=106392083,khóa bướm dây inox
59383817,Đồng hồ unisex dây kim loại Casio Standard chính hãng A700W-1ADF,1136520.0,1386000.0,249480.0,0.0,0,,https://tiki.vndong-ho-unisex-day-kim-loai-casio-standard-chinh-hang-a700w-1adf-p59383817.html?spid=96594709,đồng hồ unisex dây kim loại
59154532,Lắc tay vòng tay ngôi sao unisex,88000.0,88000.0,0.0,0.0,0,,https://tiki.vnlac-tay-vong-tay-ngoi-sao-unisex-p59154532.html?spid=59154533,lắc tay vòng tay ngôi sao
54621061,VÒNG HUYẾT ÁP NHẬT BẢN - QA6,429000.0,429000.0,0.0,5.0,2,,https://tiki.vnvong-huyet-ap-nhat-ban-qa6-p54621061.html?spid=56669345,vòng huyết áp nhật bản
50273788,Dây Chuyền Đeo Cổ Nam Mạ Vàng 18K + TẶNG LÁ BỒ ĐỀ MAY MẮN TÀI LỘC ĐỂ VÍ ĐIỆN THOẠI,224000.0,224000.0,0.0,0.0,0,,https://tiki.vnday-chuyen-deo-co-nam-ma-vang-18k-tang-la-bo-de-may-man-tai-loc-de-vi-dien-thoai-p50273788.html?spid=75431989,dây chuyền đeo cổ nam mạ
37521620,Vòng Tay Đá Mắt Hổ Xanh Lá Cho Mệnh Mộc và Mệnh Hỏa_Sezi 12li,174300.0,249000.0,74700.0,4.0,2,,https://tiki.vnvong-tay-da-mat-ho-xanh-la-cho-menh-moc-va-menh-hoa_sezi-12li-p37521620.html?spid=88100638,vòng tay đá mắt hổ
16874666,Lắc tay nam mạ vàng 24k sang trọng LT5,200000.0,200000.0,0.0,4.8,4,,https://tiki.vnlac-tay-nam-ma-vang-24k-sang-trong-lt5-p16874666.html?spid=146644176,lắc tay nam mạ
14439694,Đồng hồ nữ dây nhựa Casio LQ-139BMV-7ELDF,423360.0,504000.0,80640.0,5.0,2,,https://tiki.vndong-ho-nu-day-nhua-casio-lq-139bmv-7eldf-p14439694.html?spid=41944990,đồng hồ nữ dây nhựa
3554749,Đồng Hồ Nam Dây Thép SRWATCH SG8875.1402,5850000.0,5850000.0,0.0,0.0,0,,https://tiki.vndong-ho-nam-day-thep-srwatch-sg8875-1402-p3554749.html?spid=44180425,đồng hồ nam dây thép srwatch
278975062,"Vòng tay Thạch Anh Tóc Vàng thiên nhiên 6 li VIP quấn 3 vòng phối charm chiếc giày búp bê bạc ta chuẩn, hợp mệnh Kim Thổ",1888000.0,1888000.0,0.0,0.0,0,,https://tiki.vnvong-tay-thach-anh-toc-vang-thien-nhien-6-li-vip-quan-3-vong-phoi-charm-chiec-giay-bup-be-bac-ta-chuan-hop-menh-kim-tho-hoa-minh-gem-p278975062.html?spid=279005800,vòng tay thạch tóc vàng
276032930,Đồng hồ nữ SRwatch SL5009.6102BL,4450000.0,4450000.0,0.0,0.0,0,,https://tiki.vndong-ho-nu-srwatch-sl5009-6102bl-p276032930.html?spid=276032931,đồng hồ nữ srwatch sl5009
275753008,Đồng Hồ Thời Trang Nam Movado Máy Pin Museum Classic 0607199 40mm,21285000.0,21285000.0,0.0,0.0,0,,https://tiki.vndong-ho-thoi-trang-nam-movado-may-pin-museum-classic-0607199-40mm-p275753008.html?spid=275753009,đồng hồ thời trang nam movado
275623071,"Vòng tay titan không gỉ đơn giản thời trang cho nữ, vòng tay nữ đẹp, vòng tay nữ sang trọng, vòng tay nữ phong cách thời trang",123160.0,139000.0,15840.0,0.0,0,,https://tiki.vnvong-tay-titan-khong-gi-don-gian-thoi-trang-cho-nu-vong-tay-nu-dep-vong-tay-nu-sang-trong-vong-tay-nu-phong-cach-thoi-trang-p275623071.html?spid=275623072,vòng tay titan gỉ đơn giản
275399642,DÂY ĐEO SUUNTO 24MM ATHLETIC 1 SILICON STRAP THAY THẾ ĐỒNG HỒ SUUNTO 9 / SUUNTO 7 / SPARTAN SPORT - WHITE,1290000.0,1290000.0,0.0,0.0,0,,https://tiki.vnday-deo-suunto-24mm-athletic-1-silicon-strap-thay-the-dong-ho-suunto-9-suunto-7-spartan-sport-white-p275399642.html?spid=275399644,dây đeo suunto mm
274535107,Đồng hồ nam SRWATCH SG1906.4601TE,2000000.0,2000000.0,0.0,0.0,0,,https://tiki.vndong-ho-nam-srwatch-sg1906-4601te-p274535107.html?spid=274535108,đồng hồ nam srwatch sg1906
274093874,Vòng Đeo Tay Điều Hòa Huyết Áp Nhật Bản,364640.0,688000.0,323360.0,0.0,0,,https://tiki.vnvong-deo-tay-dieu-hoa-huyet-ap-nhat-ban-p274093874.html?spid=274093882,vòng đeo tay điều
272383199,Đồng hồ Nam Citizen Eco-Drive BJ6501-01E 40.5mm,4885000.0,4885000.0,0.0,0.0,0,,https://tiki.vndong-ho-nam-citizen-eco-drive-bj6501-01e-40-5mm-p272383199.html?spid=272383200,đồng hồ nam citizen eco
272042529,Dụng cụ sửa chữa đồng hồ Vam mở đáy đồng hồ,148900.0,148900.0,0.0,0.0,0,,https://tiki.vndung-cu-sua-chua-dong-ho-vam-mo-day-dong-ho-p272042529.html?spid=272042531,dụng cụ sửa chữa đồng hồ vam
270695959,"Cuộn Dây Thun CO GIÃN màu Xanh Lá xỏ vòng hạt chuỗi                                   Dây này là dây thun chuyên xỏ vòng chuỗi màu Xanh Lá, có đủ màu .. Anh Chị đang đeo chuỗi muốn thay dây khác cho vòng thì đặt cuộn Thun chỉ này nhé",63000.0,90000.0,27000.0,0.0,0,,https://tiki.vncuon-day-thun-co-gian-mau-xanh-la-xo-vong-hat-chuoi-day-nay-la-day-thun-chuyen-xo-vong-chuoi-mau-xanh-la-co-du-mau-anh-chi-dang-deo-chuoi-muon-thay-day-khac-cho-vong-thi-dat-cuon-thun-chi-nay-nhe-p270695959.html?spid=270695960,cuộn dây thun co giãn màu
253194018,Dây đeo đồng hồ Da Cá Sấu Xanh Lá Size 19/20/21/22 - Dây Đeo Da Cá Sấu Thật 100% - Bảo Hành 12 Tháng,690000.0,690000.0,0.0,0.0,0,,https://tiki.vnday-dong-ho-da-ca-sau-xanh-la-size-19-20-21-22-day-deo-da-ca-sau-that-100-bao-hanh-12-thang-cho-duyet-p253194018.html?spid=253194020,dây đeo đồng hồ da
252305577,Vòng tay đá cẩm thạch tự nhiên Ngọc Đậu Lý A 54mm x cọng 8mm Màu Xanh Lý Đậu nhẹ tươi bóng mượt đẹp Nữ 53kg - 60kg đeo mệnh Mộc mệnh Hỏa mệnh Thủy ạ,1100000.0,2200000.0,1100000.0,0.0,0,,https://tiki.vnvong-tay-da-cam-thach-tu-nhien-ngoc-dau-ly-a-54mm-x-cong-8mm-mau-xanh-ly-dau-nhe-tuoi-bong-muot-dep-nu-53kg-60kg-deo-menh-moc-menh-hoa-menh-thuy-a-p252305577.html?spid=252305579,vòng tay đá cẩm thạch tự nhiên
248991723,NHẪN CHỮ OM CÓ THỂ XOAY TẶNG HỘP ĐỰNG,98000.0,98000.0,0.0,0.0,0,,https://tiki.vnnhan-chu-om-co-the-xoay-tang-hop-dung-p248991723.html?spid=248991724,nhẫn chữ om xoay tặng
208904899,"Vòng tay Cuff không đen, không rỉ - Lắc Tay Cặp Đôi Nam Nữ Titan",81950.0,85000.0,3050.0,5.0,2,,https://tiki.vnvong-tay-cuff-khong-den-khong-ri-lac-tay-cap-doi-nam-nu-titan-p208904899.html?spid=208904901,vòng tay cuff đen rỉ
202047833,Đồng Hồ Nam Bering Solar Màu Đen 14440-222,13213000.0,13213000.0,0.0,0.0,0,,https://tiki.vndong-ho-nam-bering-solar-mau-den-14440-222-p202047833.html?spid=202047836,đồng hồ nam bering solar
198192734,Lắc tay lắc chân vòng đeo tay cỏ 4 lá thời trang trend Hàn Quốc mới homie,98500.0,98500.0,0.0,0.0,0,,https://tiki.vnlac-tay-lac-chan-vong-deo-tay-co-4-la-thoi-trang-trend-han-quoc-moi-homie-p198192734.html?spid=198192736,lắc tay lắc chân
194784091,Giá Đỡ Đồng Hồ Đeo Tay Hộp Đựng Đồng Hồ Trong Suốt Chống Bụi Trang Trí Decor GDDH Office Chill,235000.0,235000.0,0.0,5.0,12,,https://tiki.vngia-do-dong-ho-deo-tay-hop-dung-dong-ho-trong-suot-chong-bui-trang-tri-decor-gddh-office-chill-p194784091.html?spid=194784099,giá đỡ đồng hồ đeo
194465471,Nhẫn Nam Bạc Hiểu Minh NA511 - Đá Xanh - Bảo Hành Vĩnh Viễn ( Hàng Chính Hãng ),1323750.0,1323750.0,0.0,0.0,0,,https://tiki.vnnhan-nam-bac-hieu-minh-na511-da-xanh-bao-hanh-vinh-vien-hang-chinh-hang-p194465471.html?spid=194465472,nhẫn nam bạc hiểu
191452145,Dây chuyền vòng cổ basic tua dài sexy,98500.0,98500.0,0.0,0.0,0,,https://tiki.vnday-chuyen-vong-co-basic-tua-dai-sexy-p191452145.html?spid=191452149,dây chuyền vòng cổ basic tua
188482384,Đế Sạc Kèm Dây Cáp Usb cho đồng hồ Xiaomi Miwatch Color / S1 Active chất lượng vượt trội,125000.0,125000.0,0.0,0.0,0,,https://tiki.vnde-sac-kem-day-cap-usb-cho-dong-ho-xiaomi-miwatch-color-s1-active-chat-luong-vuot-troi-p188482384.html?spid=188482450,đế sạc kèm dây cáp
186253069,Bộ trang sức 3 món vương miện vòng cổ và bông tai đính đá nữ hoàng trang điểm cô dâu (có loại bông tai cho người không có lỗ tai),415000.0,415000.0,0.0,0.0,0,,https://tiki.vnbo-trang-suc-3-mon-vuong-mien-vong-co-va-bong-tai-dinh-da-nu-hoang-trang-diem-co-dau-co-loai-bong-tai-cho-nguoi-khong-co-lo-tai-p186253069.html?spid=186253071,trang sức món vương miện vòng
184588464,VÒNG TAY HUYẾT ÁP CAO CẤP - DÂY 1.3 CM ,1190000.0,1190000.0,0.0,0.0,0,,https://tiki.vnvong-tay-huyet-ap-cao-cap-day-1-3-cm-p184588464.html?spid=184588465,vòng tay huyết áp cao cấp dây
182449962,Dây chuyền vàng 14k biểu tượng vô cực,2900000.0,2900000.0,0.0,0.0,0,,https://tiki.vnday-chuyen-vang-14k-bieu-tuong-vo-cuc-p182449962.html?spid=182449966,dây chuyền vàng k biểu tượng
179988527,Đồng Hồ Nữ Casio LTP-V002L-1BUDF Dây Da Màu Đen - Mặt Số Có Lịch Ngày,752640.0,896000.0,143360.0,0.0,0,,https://tiki.vndong-ho-nu-casio-ltp-v002l-1budf-day-da-mau-den-mat-so-co-lich-ngay-p179988527.html?spid=179988528,đồng hồ nữ casio ltp
176074055,Dây Milanese thép dây 20/22mm,99000.0,99000.0,0.0,0.0,0,,https://tiki.vnday-milanese-thep-day-20-22mm-p176074055.html?spid=176074067,dây milanese thép dây
128913780,"Vòng đeo tay huyết áp Nhật bản, dài 21cm, bản rộng 12li, kèm hộp đựng CrownX.436B lót nhung nỉ",298000.0,298000.0,0.0,3.7,6,,https://tiki.vnvong-deo-tay-huyet-ap-nhat-ban-dai-21cm-ban-rong-12li-kem-hop-dung-crownx-436b-lot-nhung-ni-p128913780.html?spid=128913790,vòng đeo tay huyết áp nhật bản
126700501,Dụng cụ tháo dây cho đồng hồ,37999.0,37999.0,0.0,1.0,1,,https://tiki.vndung-cu-thao-day-cho-dong-ho-p126700501.html?spid=192897250,dụng cụ tháo dây đồng hồ
112760355,VÒNG TAY HUYẾT ÁP ,1980000.0,1980000.0,0.0,0.0,0,,https://tiki.vnvong-tay-huyet-ap-p112760355.html?spid=112760357,vòng tay
106394091,Dụng cụ tháo mắt Tool (cắt mắt) dây đồng hồ kim loại ảnh thật 100% hàng loại 1,75000.0,75000.0,0.0,3.3,3,,https://tiki.vndung-cu-thao-mat-tool-cat-mat-day-dong-ho-kim-loai-anh-that-100-hang-loai-1-p106394091.html?spid=106394101,dụng cụ tháo mắt tool
97362205,"Hoa tai, bông tai, khuyên tai nam đính đá nam châm cá tính phong cách Hàn Quốc",30000.0,30000.0,0.0,5.0,1,,https://tiki.vnhoa-tai-bong-tai-khuyen-tai-nam-dinh-da-nam-cham-ca-tinh-phong-cach-han-quoc-p97362205.html?spid=145472536,hoa tai bông tai khuyên tai nam
73124689,Bông tai hình khối S925 nhỏ xinh,38500.0,55000.0,16500.0,4.0,1,,https://tiki.vnbong-tai-hinh-khoi-s925-nho-xinh-p73124689.html?spid=73124690,bông tai hình khối s925
69644738,Dây Chuyền Nam Bạc Hiểu Minh DBN035 Bạc Ta,2740000.0,2740000.0,0.0,4.5,2,,https://tiki.vnday-chuyen-nam-bac-hieu-minh-dbn035-bac-ta-p69644738.html?spid=69644739,dây chuyền nam bạc hiểu minh dbn035
34527100,Cài áo hoa lá ngọc trai đính đá cách điệu,143000.0,143000.0,0.0,0.0,0,,https://tiki.vncai-ao-hoa-la-ngoc-trai-dinh-da-cach-dieu-p34527100.html?spid=34527102,cài áo hoa lá
19728992,Đồng Hồ Nam Citizen Dây Da NH8360-12A - Mặt Trắng,5585000.0,5585000.0,0.0,0.0,0,,https://tiki.vndong-ho-nam-citizen-day-da-nh8360-12a-mat-trang-p19728992.html?spid=19900719,đồng hồ nam citizen dây
16209551,Đồng Hồ Nữ Hàn Quốc Dây Kim Loại Julius JA 1164,899000.0,899000.0,0.0,0.0,0,,https://tiki.vndong-ho-nu-han-quoc-day-kim-loai-julius-ja-1164-p16209551.html?spid=71177579,đồng hồ nữ hàn quốc dây
5468557,Đá Moissanite diamond 6.5ly,1800000.0,1800000.0,0.0,0.0,0,,https://tiki.vnda-moissanite-diamond-6-5ly-p5468557.html?spid=109711064,đá moissanite diamond
3594667,Đồng Hồ Nữ Srwatch SL1608.1101TE,1900000.0,1900000.0,0.0,0.0,0,,https://tiki.vndong-ho-nu-srwatch-sl1608-1101te-p3594667.html?spid=59020627,đồng hồ nữ srwatch sl1608
2571145,Nhẫn nam phong cách Hàn Quốc NN01,37800.0,42000.0,4200.0,4.5,4,,https://tiki.vnnhan-nam-phong-cach-han-quoc-nn01-p2571145.html?spid=45801778,nhẫn nam phong cách hàn quốc
278911034,"Vòng tay phong thủy đá Mặt Trời Sunstone chuỗi 108 hạt 6 li mix charm Cát Tường Bạch Ngọc, đá Cẩm Thạch bánh xe",780000.0,780000.0,0.0,0.0,0,,https://tiki.vnvong-tay-phong-thuy-da-mat-troi-sunstone-chuoi-108-hat-6-li-mix-charm-cat-tuong-bach-ngoc-da-cam-thach-banh-xe-hop-menh-hoa-tho-hoa-minh-gem-p278911034.html?spid=278935722,vòng tay phong thủy đá mặt trời
278898417,Vòng tay phong thủy đá Mã Não vân rồng vàng mật ong size hạt 10 li,250000.0,250000.0,0.0,0.0,0,,https://tiki.vnvong-tay-phong-thuy-da-ma-nao-van-rong-vang-mat-ong-size-hat-10-li-hop-menh-hoa-tho-hoac-kim-hoa-minh-gem-p278898417.html?spid=278898916,vòng tay phong thủy đá mã
278890851,Vòng tay đá Mắt Hổ tự nhiên đỏ nâu kiểu lu thống size 12x16mm phối xen kẽ viên tròn hợp mệnh Hỏa Thổ,540000.0,540000.0,0.0,0.0,0,,https://tiki.vnvong-tay-da-mat-ho-tu-nhien-do-nau-kieu-lu-thong-size-12x16mm-phoi-xen-ke-vien-tron-hop-menh-hoa-tho-hoa-minh-gem-p278890851.html?spid=278896640,vòng tay đá mắt hổ tự nhiên
278879695,"Vòng tay phong thủy đá Thạch Anh Dâu Xanh 6.6 li, hợp mệnh Mộc Hỏa",300000.0,300000.0,0.0,0.0,0,,https://tiki.vnvong-tay-phong-thuy-da-thach-anh-dau-xanh-6-6-li-hop-menh-moc-hoa-hoa-minh-gem-p278879695.html?spid=278882291,vòng tay phong thủy đá thạch dâu
278536778,Vòng Cổ Dây chuyền nam titan thép không gỉ cao cấp đẹp sang trọng ziczac trangsucpt cỡ 5mm PTDCNA25,403000.0,403000.0,0.0,0.0,0,,https://tiki.vnvong-co-day-chuyen-nam-titan-thep-khong-gi-cao-cap-dep-sang-trong-ziczac-trangsucpt-co-5mm-ptdcna25-p278536778.html?spid=278537374,vòng cổ dây chuyền nam
278456414,(CÓ CHỈNH NHIỆT ĐỘ )Máy làm nóng nước trực tiếp tại vòi bằng inox cao cấp kèm ổ điện chống giật,1199000.0,1199000.0,0.0,0.0,0,,https://tiki.vnco-chinh-nhiet-do-may-lam-nong-nuoc-truc-tiep-tai-voi-bang-inox-cao-cap-kem-o-dien-chong-giat-p278456414.html?spid=278456415,máy làm nóng nước
277393731,[BH 2 Năm Động Cơ] Hộp Đồng Hồ Cơ 6 Xoay + 6 Tĩnh Vỏ Gỗ Sơn Vân Gỗ Mun Có Đèn Led ,1950000.0,1950000.0,0.0,0.0,0,,https://tiki.vnbh-2-nam-dong-co-hop-dong-ho-co-6-xoay-6-tinh-vo-go-son-van-go-mun-co-den-led-p277393731.html?spid=277393732,hộp đồng hồ cơ xoay
274524162,Nhẫn vàng 14KR đính đá chủ Lemon Quartz và 32 viên kim cương tấm - MOON Jewelry,10350000.0,10350000.0,0.0,0.0,0,,https://tiki.vnnhan-vang-14kr-dinh-da-chu-lemon-quartz-va-32-vien-kim-cuong-tam-moon-jewelry-p274524162.html?spid=274524164,nhẫn vàng kr đính
274504610,Đồng hồ nam SRWATCH SG7004.1103GM,3450000.0,3450000.0,0.0,0.0,0,,https://tiki.vndong-ho-nam-srwatch-sg7004-1103gm-p274504610.html?spid=274504611,đồng hồ nam srwatch
270773102,"Cuộn Dây Thun CO GIÃN màu Đỏ xỏ vòng hạt chuỗi                                   Dây này là dây thun chuyên xỏ vòng chuỗi màu Đỏ, có đủ màu .. Anh Chị đang đeo chuỗi muốn thay dây khác cho vòng thì đặt cuộn Thun chỉ này nhé",49500.0,90000.0,40500.0,0.0,0,,https://tiki.vncuon-day-thun-co-gian-mau-do-xo-vong-hat-chuoi-day-nay-la-day-thun-chuyen-xo-vong-chuoi-mau-do-co-du-mau-anh-chi-dang-deo-chuoi-muon-thay-day-khac-cho-vong-thi-dat-cuon-thun-chi-nay-nhe-p270773102.html?spid=270773103,cuộn dây thun co giãn màu
262732732,Dây đeo cho Redmi Band 2/ Band 8 Active _ DRB2,59000.0,59000.0,0.0,5.0,1,,https://tiki.vnday-deo-redmi-band-2-drb2-p262732732.html?spid=262732755,dây đeo redmi band
260685604,vòng ltết dây ngọc bích,488888.0,488888.0,0.0,0.0,0,,https://tiki.vnvong-lu-thong-ngoc-bich-p260685604.html?spid=260685605,vòng ltết dây ngọc
260231310,Chuỗi Hạt Phong Thủy Gỗ Đàn Hương Xanh Argentina đính đá Chancedony giúp bạn may mắn trong tình yêu thăng hoa trong sự nghiệp.,131970.0,249000.0,117030.0,5.0,1,,https://tiki.vnchuoi-hat-phong-thuy-go-dan-huong-xanh-argentina-dinh-da-chancedony-giup-ban-may-man-trong-tinh-yeu-thang-hoa-trong-su-nghiep-p260231310.html?spid=260231312,chuỗi hạt phong thủy gỗ
229696751,Dây đồng hồ silicon 22mm dành cho Xiaomi Kieslect K11,65000.0,65000.0,0.0,5.0,1,,https://tiki.vnday-dong-ho-silicon-22mm-danh-cho-xiaomi-kieslect-k11-p229696751.html?spid=229696768,dây đồng hồ silicon mm
207168824,"Lắc tay ngọc trai thật, dành cho bạn gái văn phòng, Thiết kế tinh xảo, Kiểu dáng đơn giản , Kèm bản Photo chứng thư kiểm định tại SJC",142040.0,268000.0,125960.0,0.0,0,,https://tiki.vnlac-tay-ngoc-trai-that-danh-cho-ban-gai-van-phong-thiet-ke-tinh-xao-kieu-dang-don-gian-kem-ban-photo-chung-thu-kiem-dinh-tai-sjc-p207168824.html?spid=207168826,lắc tay ngọc trai dành
202907168,Đồng hồ nữ Julius JA-1349 dây thép mặt siêu mỏng - Đồng hồ nữ mặt chữ nhật,1390000.0,1390000.0,0.0,0.0,0,,https://tiki.vndong-ho-nu-julius-ja-1349-day-thep-mat-sieu-mong-dong-ho-nu-mat-chu-nhat-p202907168.html?spid=202907172,đồng hồ nữ julius ja
202047733,Đồng Hồ Nam Bering Solar Màu Xanh Dương 14440-227,13213000.0,13213000.0,0.0,0.0,0,,https://tiki.vndong-ho-nam-bering-solar-mau-xanh-duong-14440-227-p202047733.html?spid=202047734,đồng hồ nam bering solar
185846103,Dây chuyền hạt châu cho nữ,69000.0,69000.0,0.0,0.0,0,,https://tiki.vnday-chuyen-hat-chau-cho-nu-p185846103.html?spid=185846104,dây chuyền hạt châu nữ
174621278,VÒNG TAY GẬY NHƯ Ý TÔN NGỘ KHÔNG BẰNG ĐỒNG,150000.0,150000.0,0.0,2.0,1,,https://tiki.vnvong-tay-gay-nhu-y-ton-ngo-khong-bang-dong-p174621278.html?spid=174621279,vòng tay gậy ý tôn ngộ
161368554,Đồng Hồ Casio Nữ LWA-300HRG-5EVDF,1441000.0,1821000.0,380000.0,0.0,0,,https://tiki.vndong-ho-casio-nu-lwa-300hrg-5evdf-p161368554.html?spid=161368555,đồng hồ casio nữ lwa
136363810,Khuyên tai bạc 925 sao xanh thả xích độc đáo bắt mắt lung linh Dế Bạc - K5212,195000.0,195000.0,0.0,0.0,0,,https://tiki.vnkhuyen-tai-bac-925-sao-xanh-tha-xich-doc-dao-bat-mat-lung-linh-de-bac-k5212-p136363810.html?spid=136363815,khuyên tai bạc 925 xanh
136363739,Khuyên tai bạc 925 thiết kế bất đối xứng vòng tròn kết hợp thanh bạc cùng nụ đá cá tính mới lạ độc đáo Dế Bạc - K5723,220000.0,220000.0,0.0,0.0,0,,https://tiki.vnkhuyen-tai-bac-925-thiet-ke-bat-doi-xung-vong-tron-ket-hop-thanh-bac-cung-nu-da-ca-tinh-moi-la-doc-dao-de-bac-k5723-p136363739.html?spid=136363743,khuyên tai bạc 925 thiết kế
116103886,Dây da dành cho đồng hồ nam da bò thật Handmade,150000.0,150000.0,0.0,5.0,3,,https://tiki.vnday-da-danh-cho-dong-ho-nam-da-bo-that-handmade-p116103886.html?spid=116103896,dây da dành đồng hồ
111556254,Dây chuyền vòng cổ phi hành gia độc đáo hot trend unisex,77000.0,77000.0,0.0,0.0,0,,https://tiki.vnday-chuyen-vong-co-phi-hanh-gia-doc-dao-hot-trend-unisex-p111556254.html?spid=111556255,dây chuyền vòng cổ phi hành gia
101901359,Đồng Hồ Điện Tử Nữ Casio LA670WGA-6DF Dây Kim Loại,1276000.0,1595000.0,319000.0,0.0,0,,https://tiki.vndong-ho-dien-tu-nu-casio-la670wga-6df-day-kim-loai-p101901359.html?spid=101901360,đồng hồ điện tử nữ casio
84547076,Nhẫn Phong Thủy Cẩm Thạch Huyết  Kim Tiền Jewelry,153170.0,289000.0,135830.0,0.0,0,,https://tiki.vnnhan-phong-thuy-cam-thach-huyet-kim-tien-jewelry-p84547076.html?spid=276255775,nhẫn phong thủy cẩm thạch huyết kim
59496261,Dây chuyền nam nữ trái tim sáng bóng không gỉ,102000.0,102000.0,0.0,0.0,0,,https://tiki.vnday-chuyen-nam-nu-trai-tim-sang-bong-khong-gi-p59496261.html?spid=59496262,dây chuyền nam nữ trái tim sáng
59049725,Combo 6 đôi bông tai nụ thời trang nữ xinh đẹp cho bạn gái,66000.0,66000.0,0.0,4.6,7,,https://tiki.vncombo-6-doi-bong-tai-nu-thoi-trang-nu-xinh-dep-cho-ban-gai-p59049725.html?spid=59049741,combo
56074911,Vòng tay trầm hương 108 hạt 8 ly nam nữ,63000.0,90000.0,27000.0,4.0,3,,https://tiki.vnvong-tay-tram-huong-108-hat-8-ly-nam-nu-p56074911.html?spid=92679661,vòng tay trầm hương hạt ly
48430027,Vòng chuỗi đeo tay thạch anh xanh lá cắt giác 14 ly - Chuỗi hạt đeo tay đá phong thủy,260000.0,260000.0,0.0,0.0,0,,https://tiki.vnvong-chuoi-deo-tay-thach-anh-xanh-la-cat-giac-14-ly-chuoi-hat-deo-tay-da-phong-thuy-p48430027.html?spid=169411280,vòng chuỗi đeo tay
41384937,"VÁY NGỦ HAI DÂY CAO CẤP, VÁY NGỦ ĐẸP - XANH",223000.0,223000.0,0.0,0.0,0,,https://tiki.vnvay-ngu-hai-day-cao-cap-vay-ngu-dep-p41384937.html?spid=54768100,váy ngủ dây cao cấp
22028119,Lắc Tay Nam Thời Trang Mạ Vàng 24K LT8,145000.0,145000.0,0.0,4.6,10,,https://tiki.vnlac-tay-nam-thoi-trang-ma-vang-24k-lt8-p22028119.html?spid=75477208,lắc tay nam thời trang
19744203,Đồng Hồ Casio LW-203-2AVDF Dây Nhựa Màu Xanh - Tuổi Thọ Pin 10 Năm,889700.0,1085000.0,195300.0,0.0,0,,https://tiki.vndong-ho-casio-lw-203-2avdf-day-nhua-mau-xanh-tuoi-tho-pin-10-nam-p19744203.html?spid=41430963,đồng hồ casio lw 203
17010152,Dây chuyền nam mạ Vàng 24k phong cách Hàn Quốc D7,245000.0,245000.0,0.0,2.5,2,,https://tiki.vnday-chuyen-nam-ma-vang-24k-phong-cach-han-quoc-d7-p17010152.html?spid=17010154,dây chuyền nam mạ vàng
14439656,Đồng hồ nữ dây nhựa Casio LA-20WH-4ADF,656880.0,782000.0,125120.0,0.0,0,,https://tiki.vndong-ho-nu-day-nhua-casio-la-20wh-4adf-p14439656.html?spid=41487537,đồng hồ nữ dây nhựa
11815587,Vòng Tay Gỗ Sưa Dây 14mm,252000.0,252000.0,0.0,4.0,2,,https://tiki.vnvong-tay-go-sua-day-mau-tu-nhien-p11815587.html?spid=57549008,vòng tay gỗ sưa dây
9926190,Đồng hồ Julius dây da Hàn Quốc JA-1017D ( Màu,489000.0,489000.0,0.0,4.5,2,,https://tiki.vndong-ho-julius-day-da-han-quoc-ja-1017-p9926190.html?spid=24940120,đồng hồ julius dây da
8048674,"Mặt dây chuyền Phật A Di Đà thạch anh trắng 5cm - Phật bản mệnh tuổi Tuất, Hợi - Mặt phật size lớn",149000.0,149000.0,0.0,5.0,2,,https://tiki.vnmat-day-chuyen-phat-a-di-da-trang-5cm-p8048674.html?spid=8048675,mặt dây chuyền phật a di đà
3554747,Đồng Hồ Nam Dây Thép SRWATCH SG8875.1401,5000000.0,5000000.0,0.0,0.0,0,,https://tiki.vndong-ho-nam-day-thep-srwatch-sg8875-1401-p3554747.html?spid=59304071,đồng hồ nam dây thép srwatch
279069649,Đồng hồ đeo tay Omega B491 Máy PiN hàng chính hãng,280000.0,280000.0,0.0,0.0,0,,https://tiki.vndong-ho-deo-tay-omega-b491-may-pin-hang-chinh-hang-p279069649.html?spid=279069650,đồng hồ đeo tay omega
278049006,"Vòng thắt dây đồng điếu đá cẩm thạch 10mm mệnh hỏa, mộc - Ngọc Quý Gemstones",780000.0,780000.0,0.0,0.0,0,,https://tiki.vnvong-that-day-dong-dieu-da-cam-thach-10mm-menh-hoa-moc-ngoc-quy-gemstones-p278049006.html?spid=278049007,vòng thắt dây đồng
275159937,Đồng Hồ GPS Thể Thao COROS VERTIX 2S - Moon,18800000.0,18800000.0,0.0,0.0,0,,https://tiki.vndong-ho-gps-the-thao-coros-vertix-2s-moon-p275159937.html?spid=275159948,đồng hồ gps thể thao coros
274474016,Dây chuyền titanium Phiten titanium chain w adzuki 40+5cm XJE37500,4080000.0,4080000.0,0.0,0.0,0,,https://tiki.vnday-chuyen-titanium-phiten-titanium-chain-w-adzuki-40-5cm-xje37500-p274474016.html?spid=274474017,dây chuyền titanium phiten titanium
274005378,Vòng Đeo Tay Titanium Classic Art (Màu Bạc - Silver) - PROJECT V - Hiện Đại và Sức Khỏe - Hàng Chính Hãng,4550000.0,4550000.0,0.0,0.0,0,,https://tiki.vnvong-deo-tay-titanium-classic-art-mau-bac-silver-project-v-hien-dai-va-suc-khoe-hang-chinh-hang-p274005378.html?spid=274005379,vòng đeo tay titanium
273680014,Hộp đựng đồng hồ - Hộp đựng 12 đồng hồ 2 hàng bằng gỗ màu nâu,410000.0,410000.0,0.0,0.0,0,,https://tiki.vnhop-dung-dong-ho-hop-dung-12-dong-ho-2-hang-bang-go-mau-nau-p273680014.html?spid=273680015,hộp đựng đồng hồ hộp
273651321,Đồng Hồ GPS Thể Thao COROS APEX 2 - Black,9990000.0,9990000.0,0.0,0.0,0,,https://tiki.vndong-ho-gps-the-thao-coros-apex-2-den-p273651321.html?spid=273651322,đồng hồ gps thể thao coros
272386429,Đồng hồ Nam Citizen Quartz JM5460-51A 45mm,4500000.0,4500000.0,0.0,0.0,0,,https://tiki.vndong-ho-nam-citizen-quartz-jm5460-51a-45mm-p272386429.html?spid=272386430,đồng hồ nam citizen quartz
272368504,Đồng hồ Nữ Citizen Eco-Drive EM0491-81D 23.5mm,5485000.0,5485000.0,0.0,0.0,0,,https://tiki.vndong-ho-nu-citizen-eco-drive-em0491-81d-23-5mm-p272368504.html?spid=272368505,đồng hồ nữ citizen eco
272367675,MẶT DÂY CHUYỀN PHẬT QUAN ÂM NGHÌN TAY -THIÊN THỦ THIÊN NHÃN - PHẬT BẢN MỆNH TUỔI TÝ,120000.0,120000.0,0.0,0.0,0,,https://tiki.vnmat-day-chuyen-phat-quan-am-nghin-tay-thien-thu-thien-nhan-phat-ban-menh-tuoi-ty-p272367675.html?spid=272367676,mặt dây chuyền phật quan âm nghìn
270471050,Mặt Dây Chuyền Nam Mặt Phật Di Lặc Bạc Hiểu Minh MDN472,1627500.0,1627500.0,0.0,0.0,0,,https://tiki.vnmat-day-chuyen-nam-mat-phat-di-lac-bac-hieu-minh-mdn472-p270471050.html?spid=270471051,mặt dây chuyền nam mặt phật
263366241,VÒNG TAY - LẮC TAY ĐÁ NÚI LỬA KHẮC LỤC TỰ ĐẠI MINH CHÚ OM MANI PADME HUM,150000.0,150000.0,0.0,0.0,0,,https://tiki.vnvong-tay-lac-tay-da-nui-lua-khac-luc-tu-dai-minh-chu-om-mani-padme-hum-p263366241.html?spid=263366242,vòng tay lắc tay đá
261024182,Đồng hồ nam SKAGEN HAGEN SKW6335,5650000.0,5650000.0,0.0,0.0,0,,https://tiki.vndong-ho-nam-skagen-hagen-skw6335-p261024182.html?spid=261024183,đồng hồ nam skagen hagen
252637709,Dây đồng hồ cho Samsung Watch 6/ 6 Classic/ 5/ 5 Pro/ 4/ 4 Classic/ Active/ Active 2 (DSK-2),120000.0,120000.0,0.0,0.0,0,,https://tiki.vnday-dong-ho-cho-samsung-active-active-2-40-44mm-dsk-2-p252637709.html?spid=252637715,dây đồng hồ samsung watch
225910653,Dây chuyền mặt Phật Bất Động Minh Vương hoa sen bằng đồng - MV02,99000.0,99000.0,0.0,0.0,0,,https://tiki.vnday-chuyen-mat-phat-bat-dong-minh-vuong-hoa-sen-bang-dong-mv02-p225910653.html?spid=225910654,dây chuyền mặt phật bất động minh vương hoa
217186454,Dây Chuyền Vòng Cổ Nữ Bạc Ta Hình Cầu Đính Đá Sang Trọng BẠC HIỂU MINH DMD482,935000.0,935000.0,0.0,5.0,1,,https://tiki.vnday-chuyen-vong-co-nu-bac-ta-hinh-cau-dinh-da-sang-trong-bac-hieu-minh-dmd482-p217186454.html?spid=217186455,dây chuyền vòng cổ nữ bạc
207926855,Vòng Trầm Hương May Mắn ATC 75595 Hạt giọt nước Thanh Lịch,500000.0,500000.0,0.0,0.0,0,,https://tiki.vnvong-tram-huong-may-man-atc-75595-hat-giot-nuoc-thanh-lich-p207926855.html?spid=207926856,vòng trầm hương may mắn atc
206731116,"Dây Chuyền Ngọc Trai Nuôi Hạt Gạo 3-4 ly Nhỏ Nhắn, Vòng Cổ Choker Ngọc Trai Thật 100%, Đẹp Tự Nhiên 38cm- Bạc Hiểu Minh DMD474",1862500.0,1862500.0,0.0,0.0,0,,https://tiki.vnday-chuyen-ngoc-trai-nuoi-hat-gao-3-4-ly-nho-nhan-vong-co-choker-ngoc-trai-that-100-dep-tu-nhien-38cm-bac-hieu-minh-dmd474-p206731116.html?spid=206731117,dây chuyền ngọc trai nuôi hạt
202047815,Đồng Hồ Nam Bering Classic Màu Đen 11233-077,10400000.0,10400000.0,0.0,0.0,0,,https://tiki.vndong-ho-nam-bering-classic-mau-den-11233-077-p202047815.html?spid=202047816,đồng hồ nam bering classic
202047735,Đồng Hồ Nam Bering Classic Màu Xanh Dương 14240-303,9750000.0,9750000.0,0.0,0.0,0,,https://tiki.vndong-ho-nam-bering-classic-mau-xanh-duong-14240-303-p202047735.html?spid=202047736,đồng hồ nam bering classic
202047703,Đồng Hồ Nữ Bering Classic Màu Nâu 11927-262,8875000.0,8875000.0,0.0,0.0,0,,https://tiki.vndong-ho-nu-bering-classic-mau-nau-11927-262-p202047703.html?spid=202047704,đồng hồ nữ bering classic
199566601,VÒNG TAY CHUỖI HẠT ĐỐT TRÚC GỖ ĐÀN HƯƠNG VÀ DẠ QUANG,130000.0,130000.0,0.0,0.0,0,,https://tiki.vnvong-tay-chuoi-hat-dot-truc-go-dan-huong-va-da-quang-p199566601.html?spid=199566602,vòng tay chuỗi hạt đốt
198916878,Dây Chuyền Nam - Bảo Hành Vĩnh Viễn ( Hàng Chính Hãng ) Bạc Hiểu Minh DBN025,1480000.0,1480000.0,0.0,0.0,0,,https://tiki.vnday-chuyen-nam-bao-hanh-vinh-vien-hang-chinh-hang-bac-hieu-minh-dbn025-p198916878.html?spid=198916879,dây chuyền nam bảo hành vĩnh viễn
192913511,Vòng Tay Lắc Tay Nam Bạc Ta Bông Lúa - Xà Tích Loại To Nam Tính Bạc Hiểu Minh LTN032XL,4548750.0,4548750.0,0.0,0.0,0,,https://tiki.vnvong-tay-lac-tay-nam-bac-ta-bong-lua-xa-tich-loai-to-nam-tinh-bac-hieu-minh-ltn032xl-p192913511.html?spid=192913512,vòng tay lắc tay nam bạc
192721744,Nhẫn Nữ Bạc 925 Kiểu Trơn Đơn Giản Mảnh Mai Bạc Hiểu Minh NU487,555000.0,555000.0,0.0,0.0,0,,https://tiki.vnnhan-nu-bac-925-kieu-tron-don-gian-manh-mai-bac-hieu-minh-nu487-p192721744.html?spid=192721745,nhẫn nữ bạc 925
192705278,Nhẫn Nam Bạc Phong Cách Thượng Lưu Hột Đá Trắng Bạc Hiểu Minh NA582S,689000.0,689000.0,0.0,0.0,0,,https://tiki.vnnhan-nam-bac-phong-cach-thuong-luu-hot-da-trang-bac-hieu-minh-na582s-p192705278.html?spid=192705279,nhẫn nam bạc phong cách thượng lưu
145763553,"10 Viên Pin Cúc Áo G10 - LR54 - L1130 Vinnic 1,5V",20000.0,20000.0,0.0,0.0,0,,https://tiki.vn10-vien-pin-cuc-ao-g10-lr54-l1130-vinnic-1-5v-p145763553.html?spid=145763556,
136364157,Nhẫn bạc 999 kitty đáng yêu Dế Bạc - N5358-3,245000.0,245000.0,0.0,0.0,0,,https://tiki.vnnhan-bac-999-kitty-dang-yeu-de-bac-n5358-3-p136364157.html?spid=136364158,nhẫn bạc 999 kitty
115958711,Mặt Phật Di Lặc Cẩm Thạch xanh lí cao cấp,1250000.0,1250000.0,0.0,0.0,0,,https://tiki.vnmat-phat-di-lac-cam-thach-xanh-li-cao-cap-p115958711.html?spid=115958712,mặt phật di lặc cẩm thạch
112102418,"Combo lắc tay Hồ Ly, chất liệu Ngọc Trai thật, cấu trúc vân tay, Màu Trắng Ngà, hạt bầu dục 6li, kèm Giấy kiểm định sản phẩm mẫu tại SJC, Kèm hộp đựng Hoa Hồng – Mẫu Luxi green – CownX.03",298000.0,298000.0,0.0,5.0,1,,https://tiki.vncombo-lac-tay-ho-ly-chat-lieu-ngoc-trai-that-cau-truc-van-tay-mau-trang-nga-hat-bau-duc-6li-kem-giay-kiem-dinh-san-pham-mau-tai-sjc-kem-hop-dung-hoa-hong-mau-luxi-green-cownx-03-p112102418.html?spid=112102422,combo lắc tay hồ
93681489,Vòng tay Kyanite 6 mm + Hạc ,1700000.0,1700000.0,0.0,0.0,0,,https://tiki.vnvong-tay-kyanite-6-mm-hac-p93681489.html?spid=93681500,vòng tay kyanite mm
87828508,nhẫn vàng 18k mặt tròn hoa đính đá ,6964500.0,6964500.0,0.0,0.0,0,,https://tiki.vnnhan-vang-18k-mat-tron-hoa-dinh-da-p87828508.html?spid=87828509,nhẫn vàng k mặt
80947712,Vòng tay Om Mani Padme Hum khắc Bát nhã tâm kinh,80000.0,80000.0,0.0,5.0,1,,https://tiki.vnvong-tay-om-mani-padme-hum-khac-bat-nha-tam-kinh-p80947712.html?spid=80947713,vòng tay om mani padme
58923306,Vòng Tay Phong Thủy Ngọc Bích Canada (Phât Ngọc) VIP 7A Thiên Nhiên Mix Tỳ Hưu Cho Mạng Mộc - Hỏa,7000000.0,7000000.0,0.0,0.0,0,,https://tiki.vnvong-tay-phong-thuy-ngoc-bich-canada-phat-ngoc-vip-7a-thien-nhien-mix-ty-huu-cho-mang-moc-hoa-p58923306.html?spid=58923307,vòng tay phong thủy ngọc
58002781,"Đồng hồ đeo tay Nam hiệu JONAS & VERUS Y01646-Q3.BBXLB, Máy Pin (Quartz), Kính Sapphire, Dây da Italy",3150000.0,3150000.0,0.0,0.0,0,,https://tiki.vndong-ho-deo-tay-nam-hieu-jonas-verus-y01646-q3-bbxlb-may-pin-quartz-kinh-sapphire-day-da-italy-p58002781.html?spid=58002782,đồng hồ đeo tay nam hiệu
57136721,LẮC TAY NAM ĐẦU RỒNG KHẮC OM MANI PADME HUM BẰNG ĐỒNG ,220000.0,220000.0,0.0,4.5,2,,https://tiki.vnlac-tay-nam-dau-rong-khac-om-mani-padme-hum-bang-dong-p57136721.html?spid=57136722,lắc tay nam đầu
56957659,Combo 2 cái charm bạc thái hình ngựa kỳ lân treo - Ngọc Quý Gemstones,360000.0,360000.0,0.0,0.0,0,,https://tiki.vncombo-2-cai-charm-bac-thai-hinh-ngua-ky-lan-treo-ngoc-quy-gemstones-p56957659.html?spid=56957660,combo
56914728,Combo 6 cái charm bạc túi tiền xỏ ngang - Ngọc Quý Gemstones,200000.0,200000.0,0.0,5.0,1,,https://tiki.vncombo-6-cai-charm-bac-tui-tien-xo-ngang-ngoc-quy-gemstones-p56914728.html?spid=56914729,combo
55788755,Charm bạc thái con voi treo - Ngọc Quý Gemstones,220000.0,220000.0,0.0,5.0,1,,https://tiki.vncharm-bac-thai-con-voi-treo-ngoc-quy-gemstones-p55788755.html?spid=55788756,charm bạc thái voi treo
7802880,Bộ 2 bông tai nam inox khuyên tròn 14mm BT233,24500.0,35000.0,10500.0,4.6,77,,https://tiki.vnbong-tai-nam-inox-khuyen-tron-14mm-bt233-2-chiec-p7802880.html?spid=19359122,bộ bông tai nam inox
277426173,Dây Chuyền Bạc Nữ Đính Đá CZ Cao Cấp Dây Vuông Bạc Hiểu Minh DMD558,927500.0,927500.0,0.0,0.0,0,,https://tiki.vnday-chuyen-bac-nu-dinh-da-cz-cao-cap-day-vuong-bac-hieu-minh-dmd558-p277426173.html?spid=277426174,dây chuyền bạc nữ đính
277406365,"Combo Pin SmartKey CR2032 Nhật Bản Và Kìm Tách Remote SmartKey Tiện Dụng, Chống Trầy Xước",50000.0,50000.0,0.0,0.0,0,,https://tiki.vncombo-pin-smartkey-cr2032-nhat-ban-va-kim-tach-remote-smartkey-tien-dung-chong-tray-xuoc-p277406365.html?spid=277406367,combo pin smartkey cr2032
276801903,[BH 2 năm động cơ] Hộp Xoay 2 đồng hồ + Ngăn đựng trang sức Saike,1450000.0,1450000.0,0.0,0.0,0,,https://tiki.vnbh-2-nam-dong-co-hop-xoay-2-dong-ho-ngan-dung-trang-suc-saike-p276801903.html?spid=276801904,hộp xoay đồng hồ ngăn
275159736,Đồng Hồ GPS Thể Thao COROS VERTIX 2S - Space ,18800000.0,18800000.0,0.0,0.0,0,,https://tiki.vndong-ho-gps-the-thao-coros-vertix-2s-space-p275159736.html?spid=275159740,đồng hồ gps thể thao coros
274548507,Chuỗi Ngọc Trai nước mặn Akoya ánh xà cừ phớt vàng - Choker 3 tầng (kèm kiểm định),9500000.0,9500000.0,0.0,0.0,0,,https://tiki.vnchuoi-ngoc-trai-nuoc-man-akoya-anh-xa-cu-phot-vang-choker-3-tang-kem-kiem-dinh-p274548507.html?spid=274548508,chuỗi ngọc trai nước mặn akoya
274524409,Nhẫn vàng 14KR đính đá chủ Black Spinel và 6 viên kim cương tấm - MOON Jewelry,8850000.0,8850000.0,0.0,0.0,0,,https://tiki.vnnhan-vang-14kr-dinh-da-chu-black-spinel-va-6-vien-kim-cuong-tam-moon-jewelry-p274524409.html?spid=274524411,nhẫn vàng kr đính
274290991,Bông tai ruby kim cương thiên nhiên OW9,13697000.0,13697000.0,0.0,0.0,0,,https://tiki.vnbong-tai-ruby-kim-cuong-thien-nhien-ow9-p274290991.html?spid=274290992,bông tai ruby kim cương thiên nhiên
273916279,Lắc Ngọc Trai Nước Mặn Akoya ánh xà cừ trắng (LNT0037) - MOON Jewelry,1650000.0,1650000.0,0.0,0.0,0,,https://tiki.vnlac-ngoc-trai-nuoc-man-akoya-anh-xa-cu-trang-lnt0037-moon-jewelry-p273916279.html?spid=273916281,lắc ngọc trai nước mặn akoya
273651311,Đồng Hồ GPS Thể Thao COROS APEX 2 - Coral,9990000.0,9990000.0,0.0,0.0,0,,https://tiki.vndong-ho-gps-the-thao-coros-apex-2-do-san-ho-p273651311.html?spid=273651312,đồng hồ gps thể thao coros
272368538,Đồng hồ Nam Citizen Quartz BI5110-54M 41mm,5085000.0,5085000.0,0.0,0.0,0,,https://tiki.vndong-ho-nam-citizen-quartz-bi5110-54m-41mm-p272368538.html?spid=272368539,đồng hồ nam citizen quartz
252290125,VÒNG TAY CHUỖI GỖ LỤC ĐẠO MỘC LIÊN HOA 20ly TẶNG HỘP ĐỰNG,180000.0,180000.0,0.0,0.0,0,,https://tiki.vnvong-tay-chuoi-go-luc-dao-moc-lien-hoa-20ly-tang-hop-dung-p252290125.html?spid=252290126,vòng tay chuỗi gỗ lục đạo
225917932,Đồng Hồ Julius Nữ Hàn Quốc JA-1242,763000.0,763000.0,0.0,0.0,0,,https://tiki.vndong-ho-julius-nu-han-quoc-ja-1242-p225917932.html?spid=225917947,đồng hồ julius nữ hàn quốc
216905596,Vòng tay đá mã não Đỏ đậm Trắng Ni 56mm x cọng to 10mm Màu đỏ đậm trắng bóng 1 bên đẹp ạ Nữ 55kg - 63kg đeo xinh tay đẹp ạ,518960.0,998000.0,479040.0,0.0,0,,https://tiki.vnvong-tay-da-ma-nao-do-dam-trang-ni-56mm-x-cong-to-10mm-mau-do-dam-trang-bong-1-ben-dep-a-nu-55kg-63kg-deo-xinh-tay-dep-a-p216905596.html?spid=216905597,vòng tay đá mã não
207933405,Chuỗi Kỳ Nam Vân Hoa ATC 73881 108 Hạt 06mm Sang Trọng Đẳng Cấp,18377000.0,18377000.0,0.0,0.0,0,,https://tiki.vnchuoi-ky-nam-van-hoa-atc-73881-108-hat-06mm-sang-trong-dang-cap-p207933405.html?spid=207933406,chuỗi kỳ nam vân hoa
207931451,Chuỗi Trầm Hương May Mắn ATC 72501 120 Hạt 05mm,1972000.0,1972000.0,0.0,0.0,0,,https://tiki.vnchuoi-tram-huong-may-man-atc-72501-120-hat-05mm-p207931451.html?spid=207931452,chuỗi trầm hương may mắn atc
202612077,Dây chuyền nữ mạ 18k mặt trái tim đính đá đỏ - Ri1,145000.0,145000.0,0.0,0.0,0,,https://tiki.vnday-chuyen-nu-ma-18k-mat-trai-tim-dinh-da-do-ri1-p202612077.html?spid=202612086,dây chuyền nữ mạ k
186105346,Vòng Tay charm xinh đẹp 5 đồng tiền đá cẩm thạch tự nhiên Vòng phối charm hình bé thiên thần vòng màu vàng khoen rút xinh Nữ đeo dễ thương ạ,748000.0,1360000.0,612000.0,0.0,0,,https://tiki.vnvong-tay-charm-xinh-dep-5-dong-tien-da-cam-thach-tu-nhien-vong-phoi-charm-hinh-be-thien-than-vong-mau-vang-khoen-rut-xinh-nu-deo-de-thuong-a-p186105346.html?spid=186105347,vòng tay charm xinh đẹp đồng tiền
182971978,Vòng Tay Nữ đá ngọc cẩm thạch tự nhiên A Trắng Lý Sao 53mm x 7mm Trắng đậu lý nhẹ bóng 52kg - 58kg ạ,1850000.0,3700000.0,1850000.0,0.0,0,,https://tiki.vnvong-tay-nu-da-ngoc-cam-thach-tu-nhien-a-trang-ly-sao-53mm-x-7mm-trang-dau-ly-nhe-bong-52kg-58kg-a-p182971978.html?spid=182971979,vòng tay nữ đá ngọc
168222680,Nhẫn Hổ Phách Baltic Màu Vàng Bơ - Scandinavia,1050000.0,1050000.0,0.0,0.0,0,,https://tiki.vnnhan-ho-phach-baltic-mau-vang-bo-scandinavia-p168222680.html?spid=170943028,nhẫn hổ phách baltic màu
89353541,VÒNG TAY ĐÁ THẠCH ANH TÓC VÀNG TỰ NHIÊN SẠCH ĐẸP 108 HẠT  SIZE VÒNG 7MM 100% ĐÁ THIÊN NHIÊN  NỮ MỆNH KIM MỆNH THỔ MỆNH THỦY ĐEO KIỂU QUẤN TAY RẤT SANG RẤT XINH Ạ,3411200.0,6560000.0,3148800.0,0.0,0,,https://tiki.vnvong-tay-da-thach-anh-toc-vang-tu-nhien-sach-dep-108-hat-size-vong-7mm-100-da-thien-nhien-nu-menh-kim-menh-tho-menh-thuy-deo-kieu-quan-tay-rat-sang-rat-xinh-a-p89353541.html?spid=89353542,vòng tay đá thạch tóc vàng
87899404,nhẫn vàng 18k nữ hermes,3012000.0,3012000.0,0.0,0.0,0,,https://tiki.vnnhan-vang-18k-nu-hermes-p87899404.html?spid=87899405,nhẫn vàng k nữ
80947548,Vòng tay hoa Hồng gốm sứ,59000.0,59000.0,0.0,0.0,0,,https://tiki.vnvong-tay-hoa-hong-gom-su-p80947548.html?spid=80947555,vòng tay hoa hồng gốm
71959443,Vòng đeo tay trầm sánh chìm mùi thơm vĩnh viễn,704000.0,704000.0,0.0,0.0,0,,https://tiki.vnvong-deo-tay-tram-sanh-chim-mui-thom-vinh-vien-p71959443.html?spid=91853793,vòng đeo tay trầm sánh
59073418,Mặt dây chuyền thánh giá MDC292 màu bạc,153000.0,153000.0,0.0,0.0,0,,https://tiki.vnmat-day-chuyen-thanh-gia-mdc292-mau-bac-p59073418.html?spid=59073419,mặt dây chuyền thánh giá mdc292
58811116,Vòng đá Aquamarine ,714000.0,714000.0,0.0,0.0,0,,https://tiki.vnvong-da-aquamarine-p58811116.html?spid=72735582,vòng đá
57043546,Bông tai bạc nữ đá Cz oval đỏ minimalist tphcm Gix Jewel BT12,580000.0,580000.0,0.0,0.0,0,,https://tiki.vnbong-tai-bac-nu-da-cz-oval-do-minimalist-tphcm-gix-jewel-bt12-p57043546.html?spid=57043547,bông tai bạc nữ đá
56103031,Vòng tay thạch anh trắng Crystal Quartz tự nhiên,268000.0,268000.0,0.0,0.0,0,,https://tiki.vnvong-tay-thach-anh-trang-crystal-quartz-tu-nhien-p56103031.html?spid=56103033,vòng tay thạch trắng crystal quartz
55965182,Vòng Tay Trầm Hương Mix Đá Phong Thuỷ Mệnh Hoả Charm Bạc 925 Thuỷ Mệnh Hoả,599000.0,599000.0,0.0,0.0,0,,https://tiki.vnvong-tay-tram-huong-mix-da-phong-thuy-menh-hoa-charm-bac-925-thuy-menh-hoa-p55965182.html?spid=55965183,vòng tay trầm hương mix đá
55143697,Dây chuyền bạc mạ vàng 18k cầu vồng minimalist rainbow Gix Jewel DC29,1200000.0,1200000.0,0.0,0.0,0,,https://tiki.vnday-chuyen-bac-ma-vang-18k-cau-vong-minimalist-rainbow-gix-jewel-dc29-p55143697.html?spid=55143698,dây chuyền bạc mạ vàng
55059987,Vòng tay may mắn VT173,65000.0,65000.0,0.0,4.0,2,,https://tiki.vnvong-tay-may-man-vt173-p55059987.html?spid=55059988,vòng tay may mắn
52122739,CHIẾC NHẪN SIZE 20M CAO 9MM3 DẦY 3MM6 NAM MỘC HỎA MÀU NHÂN XANH TƯƠI ĐẸP,199000.0,199000.0,0.0,0.0,0,,https://tiki.vnchiec-nhan-size-20m-cao-9mm3-day-3mm6-nam-moc-hoa-mau-nhan-xanh-tuoi-dep-p52122739.html?spid=52122740,nhẫn size
48116774,Vòng tay gốm nhiều vòng phong cách phật giáo xuất Nhật VGOM19,42000.0,42000.0,0.0,4.3,9,,https://tiki.vnvong-tay-gom-nhieu-vong-phong-cach-phat-giao-xuat-nhat-vgom19-p48116774.html?spid=48122958,vòng tay gốm nhiều vòng
42551201,Đồng Hồ Nam SRwatch SG8702.1102 - Sapphire - 40mm - Quartz (Pin) - Dây kim loại,3200000.0,3200000.0,0.0,0.0,0,,https://tiki.vndong-ho-srwatch-nam-sg8702-1102-40-mm-quartz-pin-day-kim-loai-p42551201.html?spid=59020550,đồng hồ nam srwatch sg8702
31613571,Bộ trang sức ngọc dây 2 tầng BHB89,49999.0,49999.0,0.0,4.7,3,,https://tiki.vnbo-trang-suc-ngoc-day-2-tang-bhb89-p31613571.html?spid=91753121,bộ trang sức ngọc dây
17385860,Vòng thạch anh tóc vàng by Anqlo Lusso 9mm-4A,5600000.0,5600000.0,0.0,0.0,0,,https://tiki.vnvong-thach-anh-toc-vang-by-anqlo-lusso-9mm-4a-p17385860.html?spid=17385861,vòng thạch tóc vàng
16965762,VÒNG MẮT HỔ BẢN ĐẸP NAM MỆNH KIM THỔ 20MM ĐK 8MM ĐÁ THIÊN NHIÊN TAY NAM ĐEO ĐƯỢC HẾT,624000.0,960000.0,336000.0,1.0,1,,https://tiki.vnvong-mat-ho-ban-dep-nam-menh-kim-tho-20mm-dk-8mm-da-thien-nhien-tay-nam-deo-duoc-het-p16965762.html?spid=16965763,vòng mắt hổ bản đẹp
16275918,Vòng tay gỗ sưa đỏ 8ly,400000.0,400000.0,0.0,0.0,0,,https://tiki.vnvong-tay-go-sua-do-8ly-p16275918.html?spid=54388087,vòng tay gỗ sưa đỏ
10933528,Vòng cổ choker tattoo V45,16000.0,16000.0,0.0,4.8,5,,https://tiki.vnvong-co-choker-tattoo-v45-p10933528.html?spid=10933529,vòng cổ choker tattoo
3554857,Đồng Hồ Nữ Dây Da Tự Nhiên SRWATCH SL7542.6103,2400000.0,2400000.0,0.0,0.0,0,,https://tiki.vndong-ho-nu-day-da-tu-nhien-srwatch-sl7542-6103-p3554857.html?spid=59097999,đồng hồ nữ dây da
277417454,Nhẫn Nam Chạm Đầu Rồng Giả Ngà hay Xương Mỹ Nghệ màu trắng Ni to 22mm Cao 16mm Dầy 9mm Dành Cho Các Anh Nam đeo nhẫn ngón tay cái hay bất kỳ ngón tay nào ni lọt vừa tay là 22mm rẻ vẫn đẹp như thường ạ,250000.0,500000.0,250000.0,0.0,0,,https://tiki.vnnhan-nam-cham-dau-rong-gia-nga-hay-xuong-my-nghe-mau-trang-ni-to-22mm-cao-16mm-day-9mm-danh-cho-cac-anh-nam-deo-nhan-ngon-tay-cai-hay-bat-ky-ngon-tay-nao-ni-lot-vua-tay-la-22mm-re-van-dep-nhu-thuong-a-p277417454.html?spid=277417455,nhẫn nam chạm đầu
277005490,Đồng hồ nam SRwatch SG7007.4602GM,3650000.0,3650000.0,0.0,0.0,0,,https://tiki.vndong-ho-nam-srwatch-sg7007-4602gm-p277005490.html?spid=277005491,đồng hồ nam srwatch
277005486,Đồng hồ nam SRWATCH SG7008.1103GM,3750000.0,3750000.0,0.0,0.0,0,,https://tiki.vndong-ho-nam-srwatch-sg7008-1103gm-p277005486.html?spid=277005487,đồng hồ nam srwatch
275973569,Dây chuyền nữ mặt hồ lô phong thủy,81950.0,90000.0,8050.0,0.0,0,,https://tiki.vnday-chuyen-nu-mat-ho-lo-phong-thuy-p275973569.html?spid=275973571,dây chuyền nữ mặt hồ
274506066,Đồng hồ nam SRWATCH SG7006.1101GM,3250000.0,3250000.0,0.0,0.0,0,,https://tiki.vndong-ho-nam-srwatch-sg7006-1101gm-p274506066.html?spid=274506067,đồng hồ nam srwatch
249261875,Dây Đồng Hồ Đeo Tay Daniel_Watch Da Bò Màu Đen Trơn Tặng Kèm Hộp Gỗ và Phụ kiện,180000.0,180000.0,0.0,0.0,0,,https://tiki.vnday-dong-ho-deo-tay-daniel_watch-da-bo-mau-den-tron-tang-kem-hop-go-va-phu-kien-p249261875.html?spid=249261897,dây đồng hồ đeo tay
205817099,"Vòng Hổ Phách tự nhiên Size Nam 14,5mm Vòng Vip cao cấp sịn hiếm quá đẹp xuất sắc 14,5mm Đá Hổ Phách Màu Vàng Anh trong bắt ánh sáng ánh lên quá đẹp đẳng cấp sang luôn Vòng chuẩn hợp Nam mệnh Kim mệnh Thổ mệnh Thủy đeo ạ",6480000.0,12960000.0,6480000.0,0.0,0,,https://tiki.vnvong-ho-phach-tu-nhien-size-nam-14-5mm-vong-vip-cao-cap-sin-hiem-qua-dep-xuat-sac-14-5mm-da-ho-phach-mau-vang-anh-trong-bat-anh-sang-anh-len-qua-dep-dang-cap-sang-luon-vong-chuan-hop-nam-menh-kim-menh-tho-menh-thuy-deo-a-p205817099.html?spid=205817101,vòng hổ phách tự nhiên size
198195947,Dây chuyền mặt Phật Bản Mệnh hoa sen bằng đồng - MV02,99000.0,99000.0,0.0,5.0,2,,https://tiki.vnday-chuyen-mat-phat-ban-menh-hoa-sen-bang-dong-mv02-p198195947.html?spid=209612127,dây chuyền mặt phật bản mệnh hoa
180955250,"Vòng tay phong thủy may mắn Lu Charm Chất liệu hạt Đá Đào Hoa màu hồng vân tự nhiên Bóng đẹp dây đỏ may mắn có khoen chỉnh theo tay lớn nhỏ được hết ạ Nữ mệnh hỏa, mệnh thổ hợp vòng đeo tay xinh xắn, đẹp, may mắn tài lộc cho gia chủ ạ",580000.0,1160000.0,580000.0,0.0,0,,https://tiki.vnvong-tay-phong-thuy-may-man-lu-charm-chat-lieu-hat-da-dao-hoa-mau-hong-van-tu-nhien-bong-dep-day-do-may-man-co-khoen-chinh-theo-tay-lon-nho-duoc-het-a-nu-menh-hoa-menh-tho-hop-vong-deo-tay-xinh-xan-dep-may-man-tai-loc-cho-gia-chu-a-p180955250.html?spid=180955251,vòng tay phong thủy may mắn lu charm
180592864,Vòng Nam Mới đá casidon size  lớn 18mm Vòng đa sắc màu sáng bóng đẹp đeo sang tay ạ Nam tất cả các mệnh đeo hợp ạ,548900.0,998000.0,449100.0,0.0,0,,https://tiki.vnvong-nam-moi-da-casidon-size-lon-18mm-vong-da-sac-mau-sang-bong-dep-deo-sang-tay-a-nam-tat-ca-cac-menh-deo-hop-a-p180592864.html?spid=180592865,vòng nam đá casidon
172435730,Hộp Đựng Đồng Hồ Và Trang Sức SAIKE SAIKE S444 Da Carbon,330000.0,330000.0,0.0,0.0,0,,https://tiki.vnhop-dung-dong-ho-va-trang-suc-saike-saike-s444-da-carbon-p172435730.html?spid=172435731,hộp đựng đồng hồ trang sức
171997889,Bộ Trang sức Charm Vòng Tay gồm 5 đồng tiền may mắn tài lộc  Chất liệu đá cẩm thạch xanh Ngọc trắng tự nhiên bóng đẹp  Size hạt đk 9mm x đk cao 3mm x lỗ giữa đồng tiền 2mm nữ phối vòng tay và làm mặt dây chuyền đeo đẹp ạ,528940.0,998000.0,469060.0,0.0,0,,https://tiki.vnbo-trang-suc-charm-vong-tay-gom-5-dong-tien-may-man-tai-loc-chat-lieu-da-cam-thach-xanh-ngoc-trang-tu-nhien-bong-dep-size-hat-dk-9mm-x-dk-cao-3mm-x-lo-giua-dong-tien-2mm-nu-phoi-vong-tay-va-lam-mat-day-chuyen-deo-dep-a-p171997889.html?spid=171997901,trang sức charm vòng tay gồm
102759910,Bông tai phong cách hàn quốc phụ kiện xinh,62300.0,89000.0,26700.0,5.0,1,,https://tiki.vnbong-tai-phong-cach-han-quoc-phu-kien-xinh-p102759910.html?spid=102759911,bông tai phong cách hàn quốc phụ
98135360,Đồng Hồ Nữ Citizen Đính Kim Cương Dây Thép Không Gỉ EG7055-51E - Mặt Đen,8285000.0,8285000.0,0.0,0.0,0,,https://tiki.vndong-ho-nu-citizen-dinh-kim-cuong-day-thep-khong-gi-eg7055-51e-mat-den-p98135360.html?spid=98135361,đồng hồ nữ citizen đính
82413048,"Dây Đồng Hồ 22mm Cho Samsung Gear S3 Frontier Classic/Galaxy Watch 46mm, Huawei Watch 46mm",100000.0,100000.0,0.0,0.0,0,,https://tiki.vnday-dong-ho-22mm-cho-samsung-gear-s3-frontier-classic-galaxy-watch-46mm-huawei-watch-46mm-p82413048.html?spid=82413181,dây đồng hồ mm samsung
79947146,Vòng đẹp đá cẩm thạch tự nhiên TR LÝ SAO 47mm Chất liệu 100% đá cẩm thạch tự nhiên Size 47mm  MÀU TRẮNG LÊN XANH LÝ 1 BÊN SANG LẮM NỮ TAY NHỎ 35kg - 48kg đeo ạ,1850000.0,3700000.0,1850000.0,0.0,0,,https://tiki.vnvong-dep-da-cam-thach-tu-nhien-tr-ly-sao-47mm-chat-lieu-100-da-cam-thach-tu-nhien-size-47mm-mau-trang-len-xanh-ly-1-ben-sang-lam-nu-tay-nho-35kg-48kg-deo-a-p79947146.html?spid=79947147,vòng đẹp đá cẩm thạch
76292816,Vòng Tay Tropicana Phối Charm Swarovski Chim Cánh Cụt,3870000.0,3870000.0,0.0,5.0,1,,https://tiki.vnvong-tay-charm-swarovski-chim-canh-cut-p76292816.html?spid=76292824,vòng tay tropicana phối charm swarovski
74180612,MẶT NHẪN OVAL XANH NGỌC NHẸ TRẮNG TO ĐẸP  Size 22mm x N16mm x Dầy 4mm  Chất liệu ĐÁ CẨM THẠCH TỰ NHIÊN,440800.0,760000.0,319200.0,0.0,0,,https://tiki.vnmat-nhan-oval-xanh-ngoc-nhe-trang-to-dep-size-22mm-x-n16mm-x-day-4mm-chat-lieu-da-cam-thach-tu-nhien-p74180612.html?spid=74180613,mặt nhẫn oval xanh
73655774,Vòng chuỗi hạt đeo tay phong thủy cho nam nữ đá Obsidian phát lộc VT0009 - phát tài,59900.0,59900.0,0.0,5.0,18,,https://tiki.vnvong-chuoi-hat-deo-tay-phong-thuy-cho-nam-nu-da-obsidian-phat-loc-phat-tai-p73655774.html?spid=96777763,vòng chuỗi hạt đeo
73467310,"MẶT DÂY CHUYỀN PHẬT QUAN ÂM ĐÁ MẮT HỔ TỰ NHIÊN VÀNG NÂU Size Cao 45mm x Ngang 29,5mm x Sâu 7,5mm HỢP MỆNH KIM THỔ THỦY",454860.0,798000.0,343140.0,0.0,0,,https://tiki.vnmat-day-chuyen-phat-quan-am-da-mat-ho-tu-nhien-vang-nau-size-cao-45mm-x-ngang-29-5mm-x-sau-7-5mm-hop-menh-kim-tho-thuy-p73467310.html?spid=73467311,mặt dây chuyền phật quan âm đá
73467252,MẶT DÂY CHUYỀN PHẬT DI LẶC VUI ĐẦY TIỀN ĐÁ MẮT HỔ TỰ NHIÊN VÀNG NÂU  SIZE CAO 37MM X NGANG 34MM X SÂU 7MM  HỢP MỆNH KIM THỔ THỦY,438900.0,798000.0,359100.0,0.0,0,,https://tiki.vnmat-day-chuyen-phat-di-lac-vui-day-tien-da-mat-ho-tu-nhien-vang-nau-size-cao-37mm-x-ngang-34mm-x-sau-7mm-hop-menh-kim-tho-thuy-p73467252.html?spid=73467253,mặt dây chuyền phật di lặc
73121355,Bông tai ngọc trai đính đá S925,62300.0,89000.0,26700.0,4.8,4,,https://tiki.vnbong-tai-ngoc-trai-dinh-da-s925-p73121355.html?spid=73121356,bông tai ngọc trai đính
65580383,Vòng tay chỉ đỏ đính ngọc cầu an,17100.0,19000.0,1900.0,4.3,12,,https://tiki.vnvong-tay-chi-do-dinh-ngoc-cau-an-p65580383.html?spid=77050201,vòng tay đỏ đính ngọc
56307783,Vòng tay hoa khô nhiều màu,29610.0,32900.0,3290.0,4.0,2,,https://tiki.vnvong-tay-hoa-kho-nhieu-mau-p56307783.html?spid=56307784,vòng tay hoa khô nhiều
51720183,Đồng Hồ Nữ Bulova Đính Kim Cương Dây Thép Không Gỉ 98P170 - Mặt Xà Cừ (Sapphire),15685000.0,15685000.0,0.0,0.0,0,,https://tiki.vndong-ho-nu-bulova-dinh-kim-cuong-day-thep-khong-gi-98p170-mat-xa-cu-sapphire-p51720183.html?spid=51720184,đồng hồ nữ bulova đính
37737535,Bông Tai Nam Loại Kẹp Không Cần Bấm Lỗ Tai Kiểu Ngôi Sao Tòn Ten Chất Liệu Thép Titan Không Rỉ Không Dị Ứng TT 1802 - 1 cặp,41300.0,59000.0,17700.0,0.0,0,,https://tiki.vnbong-tai-nam-loai-kep-khong-can-bam-lo-tai-kieu-ngoi-sao-ton-ten-chat-lieu-thep-titan-khong-ri-khong-di-ung-tt-1802-1-cap-p37737535.html?spid=273608840,bông tai nam loại kẹp
24780634,VÒNG HUYẾT ÁP NHẬT BẢN - ND17,890000.0,890000.0,0.0,5.0,2,,https://tiki.vnvong-huyet-ap-nhat-ban-nd17-p24780634.html?spid=56584016,vòng huyết áp nhật bản
23420776,Vòng tay da nam,63530.0,65000.0,1470.0,4.5,2,,https://tiki.vnvong-tay-da-bo-hinh-dau-lau-p23420776.html?spid=23420778,vòng tay da nam
22072807,VÒNG HUYẾT ÁP NHẬT BẢN CAO CẤP - CC3,1390000.0,1390000.0,0.0,4.5,2,,https://tiki.vnvong-huyet-ap-nhat-ban-cao-cap-cc3-p22072807.html?spid=86981991,vòng huyết áp nhật bản cao cấp
19376936,VÒNG TAY MAY MẮN ĐÁ MẮT HỔ TỰ NHIÊN MÀU ĐEN XANH 8MM NỮ MỆNH THỦY VÀ MỆNH MỘC ,348000.0,580000.0,232000.0,0.0,0,,https://tiki.vnvong-tay-may-man-da-mat-ho-tu-nhien-mau-den-xanh-8mm-nu-menh-thuy-va-menh-moc-p19376936.html?spid=19376937,vòng tay may mắn đá mắt hổ
19252286,Vòng chuỗi hạt đeo tay gỗ 108 hạt phong thủy bình an,121000.0,121000.0,0.0,4.7,3,,https://tiki.vnvong-chuoi-hat-deo-tay-go-108-hat-phong-thuy-binh-an-p19252286.html?spid=66392646,vòng chuỗi hạt đeo
17388329,Vòng thạch anh tóc vàng by Anqlo Lusso 16mm-6A,16800000.0,16800000.0,0.0,5.0,1,,https://tiki.vnvong-thach-anh-toc-vang-by-anqlo-lusso-16mm-6a-p17388329.html?spid=17388330,vòng thạch tóc vàng
16968280,Chiếc Vòng Tay May Mắn Màu Đỏ Cam Đá Granet 8mm Tự Nhiên Nữ Mệnh Hoả Thổ,624000.0,1200000.0,576000.0,0.0,0,,https://tiki.vnchiec-vong-tay-may-man-mau-do-cam-da-granet-8mm-tu-nhien-nu-menh-hoa-tho-p16968280.html?spid=16968281,vòng tay may mắn màu đỏ
15801394,Vòng tay phong thủy đá đen nhám khắc kinh phật VT46,81950.0,90000.0,8050.0,4.6,7,,https://tiki.vnvong-tay-phong-thuy-da-den-nham-khac-kinh-phat-vt46-p15801394.html?spid=20639872,vòng tay phong thủy đá đen
14054459,Đồng Hồ Nam Citizen Dây Titanium BM7360-82E - Mặt Đen (Sapphire),9700000.0,9700000.0,0.0,0.0,0,,https://tiki.vndong-ho-nam-citizen-day-titanium-bm7360-82e-mat-den-sapphire-p14054459.html?spid=14054460,đồng hồ nam citizen dây
11050274,Vòng tay họa tiết rồng nam tính vtnu01,25130.0,35900.0,10770.0,4.0,30,,https://tiki.vnvong-tay-hoa-tiet-rong-nam-tinh-vtnu01-p11050274.html?spid=49247793,vòng tay họa tiết rồng nam
8425346,Đồng Hồ Nữ Citizen Đính Kim Cương Dây Thép Không Gỉ EM0640-82D - Mặt Xà Cừ (Sapphire),11785000.0,11785000.0,0.0,5.0,1,,https://tiki.vndong-ho-nu-citizen-dinh-kim-cuong-day-thep-khong-gi-em0640-82d-mat-xa-cu-sapphire-p8425346.html?spid=8425347,đồng hồ nữ citizen đính
8059464,Đồng Hồ Nam Citizen Dây Thép Không Gỉ AU1060-51E - Mặt Đen,6585000.0,6585000.0,0.0,0.0,0,,https://tiki.vndong-ho-nam-citizen-day-thep-khong-gi-au1060-51e-mat-den-p8059464.html?spid=13335252,đồng hồ nam citizen dây thép
3554899,Đồng Hồ Nữ Dây Thép SRWATCH SL8702.1102,3200000.0,3200000.0,0.0,0.0,0,,https://tiki.vndong-ho-nu-day-thep-srwatch-sl8702-1102-p3554899.html?spid=59021138,đồng hồ nữ dây thép srwatch
2821539,Đồng Hồ Nam Citizen Dây Thép Không Gỉ BJ6481-58A - Mặt Trắng,7800000.0,7800000.0,0.0,0.0,0,,https://tiki.vndong-ho-nam-citizen-day-thep-khong-gi-bj6481-58a-mat-trang-p2821539.html?spid=2821541,đồng hồ nam citizen dây thép
275950958,Nhẫn Nam Đá Mắt Hổ Vàng Nâu Tiger Eyes Tự Nhiên đậm bóng đẹp mới ni 20mm x Cao 12mm / 11mm dầy 4mm nam mệnh Kim mệnh Thổ mệnh Thủy đeo ni 20mm rẻ đẹp ạ,299000.0,598000.0,299000.0,5.0,1,,https://tiki.vnnhan-nam-da-mat-ho-vang-nau-tiger-eyes-tu-nhien-dam-bong-dep-moi-ni-20mm-x-cao-12mm-11mm-day-4mm-nam-menh-kim-menh-tho-menh-thuy-deo-ni-20mm-re-dep-a-p275950958.html?spid=275950959,nhẫn nam đá mắt
275678629,Khuyên Tai Vàng 14KY đính đá Tanzanite Aurora (V0180) - MOON Jewelry,2450000.0,2450000.0,0.0,0.0,0,,https://tiki.vnkhuyen-tai-vang-14ky-dinh-da-tanzanite-aurora-v0180-moon-jewelry-p275678629.html?spid=275678630,khuyên tai vàng ky
274598020,Dây Redmi Watch 5/ 4/ MI Band 8 Pro/ Band 9 Pro - Nylon (DNMI4),120000.0,120000.0,0.0,5.0,2,,https://tiki.vnday-redmi-watch-4-mi-band-8-pro-nylon-dnmi4-p274598020.html?spid=275822757,dây redmi watch
274153558,Nhẫn đính đá Amethyst thiên nhiên Free Size (N0589) - MOON Jewelry,990000.0,990000.0,0.0,0.0,0,,https://tiki.vnnhan-dinh-da-amethyst-thien-nhien-free-size-n0589-moon-jewelry-p274153558.html?spid=274153560,nhẫn đính đá amethyst
273982028,Lắc tay đính đá Diopside thiên nhiên (LB0171) - MOON Jewelry,2950000.0,2950000.0,0.0,0.0,0,,https://tiki.vnlac-tay-dinh-da-diopside-thien-nhien-lb0171-moon-jewelry-p273982028.html?spid=273982029,lắc tay đính đá
273680010,Hộp đựng đồng hồ - Hộp đựng 10 đồng hồ bằng gỗ màu nâu,370000.0,370000.0,0.0,0.0,0,,https://tiki.vnhop-dung-dong-ho-hop-dung-10-dong-ho-bang-go-mau-nau-p273680010.html?spid=273680011,hộp đựng đồng hồ hộp
272125743,"Chốt dây đeo đồng hồ cho dây có chiều ngang 18,19,20 mm",6000.0,6000.0,0.0,0.0,0,,https://tiki.vnchot-day-deo-dong-ho-cho-day-co-chieu-ngang-18-19-20-mm-p272125743.html?spid=272125762,chốt dây đeo đồng hồ
263963294,Dây đeo đồng hồ Tissot - Dây Đeo Đồng Hồ Da Bò Italy Màu Nâu Thay Thế Dành Cho Tissot Size 19/20/21/22mm - Chất Liệu Da Cá Sấu Cao Cấp Tương Thích Tất Cả Các Phiên Bản Đồng Hồ Tissot - Bảo Hành 12 Tháng,690000.0,690000.0,0.0,0.0,0,,https://tiki.vnday-deo-dong-ho-tissot-day-deo-dong-ho-da-bo-italy-mau-nau-thay-the-danh-cho-tissot-size-19-20-21-22mm-chat-lieu-da-ca-sau-cao-cap-tuong-thich-tat-ca-cac-phien-ban-dong-ho-tissot-bao-hanh-12-thang-p263963294.html?spid=263963304,dây đeo đồng hồ tissot
263914120,Dây đeo đồng hồ Tissot - Dây Đeo Đồng Hồ Da Cá Sấu Navy Thay Thế Dành Cho Tissot Size 19/20/21/22mm - Chất Liệu Da Cá Sấu Cao Cấp Tương Thích Tất Cả Các Phiên Bản Đồng Hồ Tissot - Bảo Hành 12 Tháng,990000.0,990000.0,0.0,0.0,0,,https://tiki.vnday-deo-dong-ho-tissot-day-deo-dong-ho-da-ca-sau-xam-thay-the-danh-cho-tissot-size-19-20-21-22mm-chat-lieu-da-ca-sau-cao-cap-tuong-thich-tat-ca-cac-phien-ban-dong-ho-tissot-bao-hanh-12-thang-p263914120.html?spid=263914139,dây đeo đồng hồ tissot
253241684,Dây silicon 22mm khoá nam châm màu đen dành cho đồng hồ BeFit Sporty 2 Pro 44.8mm,125000.0,125000.0,0.0,0.0,0,,https://tiki.vnday-silicon-22mm-khoa-nam-cham-mau-den-danh-cho-dong-ho-befit-sporty-2-pro-44-8mm-p253241684.html?spid=253241707,dây silicon mm khóa
253097768,Dây đeo cho Samsung Watch 7/ FE/ 6/ 6 Classic/ 5/ 5 Pro/ 4/ 4 Classic/ 3/ Active/ Active 2/ Gear S3 (DKB),140000.0,140000.0,0.0,5.0,1,,https://tiki.vnday-deo-samsung-watch-5-5-pro-4-4-classic-3-active-active-2-gear-s3-dkb-p253097768.html?spid=269985178,dây đeo samsung watch
250081115,"Dây Đồng Hồ Da Bò Italy Cao Cấp Màu Vàng Bò Size 14/16/18/20/22mm - Dây Da Đồng Hồ Da Bò Thật 100%, Bảo Hành 12T",640000.0,640000.0,0.0,5.0,1,,https://tiki.vnday-dong-ho-da-bo-italy-cao-cap-mau-vang-bo-size-14-16-18-20-22mm-day-da-dong-ho-da-bo-that-100-bao-hanh-12t-p250081115.html?spid=250081117,dây đồng hồ da bò italy
249884535,Dây đồng hồ Handmade Da Cá Sấu Đen Chỉ Trắng Size 20/22mm - Dây Đeo Da Cá Sấu Thật 100% - Bảo Hành 12 Tháng,840000.0,840000.0,0.0,0.0,0,,https://tiki.vnday-dong-ho-handmade-da-ca-sau-den-chi-trang-size-20-22mm-day-deo-da-ca-sau-that-100-bao-hanh-12-thang-p249884535.html?spid=249884547,dây đồng hồ handmade da
249674987,Dây Đồng Hồ Da Cá Sấu Vàng Cam Size 18/20/22mm - Dây Đeo Da Cá Sấu Thật 100% - Bảo Hành 12 Tháng,840000.0,840000.0,0.0,0.0,0,,https://tiki.vnday-dong-ho-da-ca-sau-vang-cam-size-18-20-22mm-day-deo-da-ca-sau-that-100-bao-hanh-12-thang-p249674987.html?spid=249674993,dây đồng hồ da cá sấu
247294350,Vòng Tay ngọc bích tự nhiên Canada - MOON Jewelry,2750000.0,2750000.0,0.0,0.0,0,,https://tiki.vnvong-tay-ngoc-bich-tu-nhien-canada-moon-jewelry-p247294350.html?spid=247294355,vòng tay ngọc bích tự nhiên
209889360,Trang sức bé gái vòng tay dây chuyền nhẫn hình mèo Kitty cầu vồng cho trẻ em bé gái,65000.0,65000.0,0.0,0.0,0,,https://tiki.vntrang-suc-be-gai-vong-tay-day-chuyen-nhan-hinh-meo-hello-kitty-cau-vong-cho-tre-em-be-gai-p209889360.html?spid=209889361,trang sức bé gái vòng tay
208645313,Dây đồng hồ silicon khóa đen dành cho Samsung galaxy watch 3 41mm / 45mm,95000.0,95000.0,0.0,0.0,0,,https://tiki.vnday-dong-ho-silicon-khoa-den-danh-cho-samsung-galaxy-watch-3-41mm-45mm-p208645313.html?spid=208645321,dây đồng hồ silicon khóa
193900464,Dây Da Đồng Hồ ZRC Pháp Dòng LEWIS Da Bò Màu Nâu Mỏng Cỡ 20mm,297500.0,350000.0,52500.0,0.0,0,,https://tiki.vnday-da-dong-ho-zrc-phap-dong-lewis-da-bo-mau-nau-mong-co-20mm-p193900464.html?spid=193900465,dây da đồng hồ zrc pháp
179781740,Đồng Hồ Casio W-218HC-2AVDF Dây Nhựa Nam - Mặt Vuông - WR50M,751120.0,916000.0,164880.0,4.0,1,,https://tiki.vndong-ho-casio-w-218hc-2avdf-day-nhua-nam-mat-vuong-wr50m-p179781740.html?spid=179781741,đồng hồ casio w 218
177628255,Hộp Đồng Hồ 10 Chiếc SAIKE SAIKE S101 Vỏ Gỗ Sơn Phủ Màu Đỏ Vân Gỗ,530000.0,530000.0,0.0,0.0,0,,https://tiki.vnhop-dong-ho-10-chiec-saike-saike-s101-vo-go-son-phu-mau-do-van-go-p177628255.html?spid=177628256,hộp đồng hồ
173613700,Hộp Đựng Đồng Hồ 12 Ngăn SAIKE SAIKE S120 Vỏ Gỗ Màu Đen Lót Nhung Màu Nâu,680000.0,680000.0,0.0,5.0,1,,https://tiki.vnhop-dung-dong-ho-12-ngan-saike-saike-s120-vo-go-mau-den-lot-nhung-mau-nau-p173613700.html?spid=173613701,hộp đựng đồng hồ ngăn
161544899,Dây Đồng Hồ Da Da Bò Thật - Dây Da Thay Thế Dành Cho Đồng Hồ Orient Tissot DW Fossil Casio Samsung Huawei - Tặng Kèm Hộp Gỗ và Phụ Kiện Thay Dây,395000.0,395000.0,0.0,0.0,0,,https://tiki.vnday-dong-ho-da-da-bo-that-day-da-thay-the-danh-cho-dong-ho-orient-tissot-dw-fossil-casio-samsung-huawei-tang-kem-hop-go-va-phu-kien-thay-day-p161544899.html?spid=161544911,dây đồng hồ da da bò
117348652,Cây Thay Dây Đồng Hồ Đa Năng Inox Trắng,14999.0,14999.0,0.0,0.0,0,,https://tiki.vncay-thay-day-dong-ho-da-nang-inox-trang-p117348652.html?spid=192897180,cây thay dây đồng hồ
106394244,Hộp ốc đáy đồng hồ các cỡ - ốc búa đồng hồ cơ các kích thước,100000.0,100000.0,0.0,5.0,2,,https://tiki.vnhop-oc-day-dong-ho-cac-co-oc-bua-dong-ho-co-cac-kich-thuoc-p106394244.html?spid=106394252,hộp ốc đáy đồng hồ
106393593,GIÁ HỦY DIỆT Dây đồng hồ HUBLOT nam cao su đen sọc case 42 size dây 19 - 25 - 22,150000.0,150000.0,0.0,3.0,3,,https://tiki.vngia-huy-diet-day-dong-ho-hublot-nam-cao-su-den-soc-case-42-size-day-19-25-22-p106393593.html?spid=106393621,giá hủy diệt dây
106393572,Combo cây thay dây đồng hồ + 4 chốt lò xo,30000.0,30000.0,0.0,0.0,0,,https://tiki.vncombo-cay-thay-day-dong-ho-4-chot-lo-xo-p106393572.html?spid=106393595,combo cây thay dây
106393169,Máy treo tường đồng hồ máy Đài Loan giật và trôi kèm bộ kim đồng hồ,30000.0,30000.0,0.0,0.0,0,,https://tiki.vnmay-treo-tuong-dong-ho-may-dai-loan-giat-va-troi-kem-bo-kim-dong-ho-p106393169.html?spid=106393208,máy treo tường đồng hồ
106393164,Dụng cụ mở case đồng hồ loại lớn,175000.0,175000.0,0.0,0.0,0,,https://tiki.vndung-cu-mo-case-dong-ho-loai-lon-p106393164.html?spid=106393189,dụng cụ mở case đồng hồ
106393058,"Kính lúp gắn mắt xịn dùng trong sửa chữa đồng hồ 5x,10x",120000.0,120000.0,0.0,4.8,4,,https://tiki.vnkinh-lup-gan-mat-xin-dung-trong-sua-chua-dong-ho-5x-10x-p106393058.html?spid=106393084,kính lúp gắn mắt
106392031,Dụng cụ đánh bóng dây đồng hồ kim loại và lau mặt số đồng hồ,120000.0,120000.0,0.0,0.0,0,,https://tiki.vndung-cu-danh-bong-day-dong-ho-kim-loai-va-lau-mat-so-dong-ho-p106392031.html?spid=106392049,dụng cụ đánh bóng dây
106391315,(TẶNG KÈM CHỐT VÀ DỤNG CỤ THAY DÂY) Dây đồng hồ inox không gỉ size 19mm dạng 5 mắt dây Tissot đầu ôm bo tròn,150000.0,150000.0,0.0,0.0,0,,https://tiki.vntang-kem-chot-va-dung-cu-thay-day-day-dong-ho-inox-khong-gi-size-19mm-dang-5-mat-day-tissot-dau-om-bo-tron-p106391315.html?spid=106391324,dây đồng hồ inox gỉ
106391140,Máy đồng hồ SL28 SL68 cho đồng hồ đeo tay,40000.0,40000.0,0.0,5.0,1,,https://tiki.vnmay-dong-ho-sl28-sl68-cho-dong-ho-deo-tay-p106391140.html?spid=106391193,máy đồng hồ sl28 sl68 đồng hồ
106390733,Dụng cụ giữ máy đồng hồ khi sửa chữa,170000.0,170000.0,0.0,0.0,0,,https://tiki.vndung-cu-giu-may-dong-ho-khi-sua-chua-p106390733.html?spid=106390747,dụng cụ giữ máy đồng hồ
102392796,Đồng Hồ Nữ Casio Chính Hãng LTP-VT01D-7B Dây Kim Loại,1136520.0,1386000.0,249480.0,5.0,2,,https://tiki.vndong-ho-nu-casio-chinh-hang-ltp-vt01d-7b-day-kim-loai-p102392796.html?spid=102392797,đồng hồ nữ casio hãng
58530502,Dây đồng hồ nibosi thép lưới khoá gài,130000.0,130000.0,0.0,5.0,5,,https://tiki.vnday-nibosi-luoi-khoa-gai-tang-chot-va-dung-cu-p58530502.html?spid=58530510,dây đồng hồ nibosi thép
57419406,VÒNG TAY HUYẾT ÁP  NHẬT BẢN-HÀNG NHẬP KHẨU,498998.0,498998.0,0.0,4.8,6,,https://tiki.vnvong-tay-huyet-ap-nhat-ban-hang-nhap-khau-p57419406.html?spid=57419408,vòng tay huyết áp nhật bản hàng
51852970,Vòng cổ gốm Vintage hoa 3D thời trang VGOM39,45000.0,45000.0,0.0,5.0,2,,https://tiki.vnvong-co-gom-vintage-hoa-3d-thoi-trang-vgom39-p51852970.html?spid=52051943,vòng cổ gốm vintage
11203699,Dây đồng hồ da cá sấu 2 mặt (Màu đen),130000.0,130000.0,0.0,4.5,25,,https://tiki.vnday-dong-ho-da-ca-sau-2-mat-mau-den-p11203699.html?spid=68236942,dây đồng hồ da cá sấu
277343014,Chiếc Nhẫn nữ mới đá cẩm thạch xanh lam ngọc tự nhiên  Nhẫn bản nhỏ Ni 16mm x cao 3mm  x dầy 2mm màu xanh nhẹ nhàng đều xuất sắc đem lại may mắn tài lộc rẻ đẹp dành cho các Chị em nữ đeo tay ngón bất kỳ nhẫn 16mm ạ,299000.0,598000.0,299000.0,0.0,0,,https://tiki.vnchiec-nhan-nu-moi-da-cam-thach-xanh-lam-ngoc-tu-nhien-nhan-ban-nho-ni-16mm-x-cao-3mm-x-day-2mm-mau-xanh-nhe-nhang-deu-xuat-sac-dem-lai-may-man-tai-loc-re-dep-danh-cho-cac-chi-em-nu-deo-tay-ngon-bat-ky-nhan-16mm-a-p277343014.html?spid=277343015,nhẫn nữ đá cẩm thạch
263576388,Dây đeo cho Huawei Watch 5/ 4/ 4 Pro/ 3/ 3 Pro/ GT6/ GT5/ GT4/ GT3/ GT3 Pro/ GT2/ Buds/ GT/ GT Runner/ GT2e (DD),320000.0,320000.0,0.0,3.0,1,,https://tiki.vnday-deo-cho-huawei-watch-4-4-pro-3-3-pro-gt3-gt3-pro-gt2-buds-gt-gt-runner-gt2e-dd-p263576388.html?spid=150034406,dây đeo huawei watch
263576273,Dây đeo cho Samsung Watch 5/ 5 Pro/ 4/ 4 Classic/ 3/ Active/ Active 2/ Gear S3 (DD),320000.0,320000.0,0.0,5.0,1,,https://tiki.vnday-deo-samsung-watch-5-5-pro-4-4-classic-3-active-active-2-gear-s3-dd-p263576273.html?spid=263576277,dây đeo samsung watch
194470285,Dây đeo cho Samsung Watch 7/ FE/ 6/ 6 Classic/ 5/ 5 Pro (DTC),169000.0,169000.0,0.0,0.0,0,,https://tiki.vnday-deo-samsung-watch-5-5-pro-dtc-p194470285.html?spid=194470287,dây đeo samsung watch
193321775,Vòng tay hạt cườm phản chiếu ánh sáng lấp lánh trong suốt xinh đẹp cho nàng,65000.0,65000.0,0.0,0.0,0,,https://tiki.vnvong-tay-hat-cuom-phan-chieu-anh-sang-lap-lanh-trong-suot-xinh-dep-cho-nang-p193321775.html?spid=193321776,vòng tay hạt cườm phản chiếu
191449607,Dây đeo cổ vòng cổ dây chuyền hạt thả sợi dài phối đầm áo khoét sâu hở vai,99500.0,99500.0,0.0,0.0,0,,https://tiki.vnday-deo-co-vong-co-day-chuyen-hat-tha-soi-dai-phoi-dam-ao-khoet-sau-ho-vai-p191449607.html?spid=191449608,dây đeo cổ vòng cổ
190602088,Dây đeo cho Redmi Watch 2 Lite thể thao 2 màu (DMILI2),149000.0,149000.0,0.0,5.0,1,,https://tiki.vnday-deo-redmi-watch-2-lite-the-thao-2-mau-dmili2-p190602088.html?spid=190602090,dây đeo redmi watch
184074740,Vòng tay nam nữ hợp thời trang phong cách Âu Mỹ,85000.0,85000.0,0.0,0.0,0,,https://tiki.vnvong-tay-nam-nu-hop-thoi-trang-phong-cach-au-my-p184074740.html?spid=184074741,vòng tay nam nữ hợp thời trang
184070369,Vòng tay lắc tay nam nữ trái tim tình bạn tình yêu,89000.0,89000.0,0.0,0.0,0,,https://tiki.vnvong-tay-lac-tay-nam-nu-trai-tim-tinh-ban-tinh-yeu-p184070369.html?spid=184070370,vòng tay lắc tay nam nữ
181096368,Dụng cụ ép đáy đồng hồ chất liệu cao câp - Phụ kiện đồng hồ,179000.0,179000.0,0.0,5.0,2,,https://tiki.vndung-cu-ep-day-dong-ho-chat-lieu-cao-cap-phu-kien-dong-ho-p181096368.html?spid=181096369,dụng cụ ép đáy đồng hồ
160096246,"Bông tai,Khuyên tai Dáng Tròn Cao Cấp Cho Nữ",44000.0,44000.0,0.0,0.0,0,,https://tiki.vnbong-tai-khuyen-tai-dang-tron-cao-cap-cho-nu-p160096246.html?spid=160096247,tai khuyên tai dáng tròn cao cấp
119420685,Vòng tay lắc tay xích titan belt bracelet,92000.0,92000.0,0.0,0.0,0,,https://tiki.vnvong-tay-lac-tay-xich-titan-belt-bracelet-p119420685.html?spid=119420686,vòng tay lắc tay xích
116320007,Khuyên tai BTS kẹp vành trên sành điệu,56000.0,56000.0,0.0,5.0,1,,https://tiki.vnkhuyen-tai-bts-kep-vanh-tren-sanh-dieu-p116320007.html?spid=116320011,khuyên tai bts kẹp vành
115796492,Khuyên tai nam nữ titan thép không gỉ,46000.0,46000.0,0.0,0.0,0,,https://tiki.vnkhuyen-tai-nam-nu-titan-thep-khong-gi-p115796492.html?spid=115796498,khuyên tai nam nữ titan
115670052,Khuyên tai phong cách Hàn Quốc 1 ĐÔI có loại không cần bấm lỗ xỏ lỗ,66000.0,66000.0,0.0,0.0,0,,https://tiki.vnkhuyen-tai-phong-cach-han-quoc-1-doi-co-loai-khong-can-bam-lo-xo-lo-p115670052.html?spid=115670054,khuyên tai phong cách hàn quốc
114537949,Khuyên tai bông tai quả tạ cúc tròn không gỉ unisex hot trend giới trẻ,40000.0,40000.0,0.0,5.0,1,,https://tiki.vnkhuyen-tai-bong-tai-qua-ta-cuc-tron-khong-gi-unisex-hot-trend-gioi-tre-p114537949.html?spid=114537951,khuyên tai bông tai quả tạ
106393955,Combo 5 bao bảo vệ đầu ngón tay bằng cao su,15000.0,15000.0,0.0,5.0,1,,https://tiki.vncombo-5-bao-bao-ve-dau-ngon-tay-bang-cao-su-p106393955.html?spid=106393970,combo bao bảo vệ đầu
106392571,Bộ dụng cụ sửa đồng hồ đeo tay 18 món,120000.0,120000.0,0.0,4.5,2,,https://tiki.vnbo-dung-cu-sua-dong-ho-deo-tay-18-mon-p106392571.html?spid=106392632,dụng cụ sửa đồng hồ đeo
106390188,Dụng Cụ Vam Mở Nắp Lưng Đồng Hồ Đeo Tay Đơn Giản - Dụng Cụ Sửa Chữa Đồng Hồ,45000.0,45000.0,0.0,4.2,15,,https://tiki.vndung-cu-vam-mo-nap-lung-dong-ho-deo-tay-don-gian-dung-cu-sua-chua-dong-ho-p106390188.html?spid=106390197,dụng cụ vam mở nắp
104421845,Bông tai hoa họa tiết sang trọng phụ kiện xinh - không dị ứng,59500.0,85000.0,25500.0,0.0,0,,https://tiki.vnbong-tai-hoa-hoa-tiet-sang-trong-phu-kien-xinh-khong-di-ung-p104421845.html?spid=104421846,bông tai hoa họa tiết
82473909,Bông tai nữ nơ ngũ sắc,64000.0,64000.0,0.0,0.0,0,,https://tiki.vnbong-tai-nu-no-ngu-sac-p82473909.html?spid=82473910,bông tai nữ nơ ngũ
82465302,Bông tai hoa tai chuỗi dài full đá móng vuốt sang chảnh,129000.0,129000.0,0.0,0.0,0,,https://tiki.vnbong-tai-hoa-tai-chuoi-dai-full-da-mong-vuot-sang-chanh-p82465302.html?spid=82465303,bông tai hoa tai chuỗi
72314625,Khuyên tai cánh bướm thả dây dáng dài nữ tính,102000.0,102000.0,0.0,0.0,0,,https://tiki.vnkhuyen-tai-canh-buom-tha-day-dang-dai-nu-tinh-p72314625.html?spid=72314629,khuyên tai cánh bướm thả
71949545,Bông tai hoa dây dáng dài thanh lịch sang trọng,65000.0,65000.0,0.0,0.0,0,,https://tiki.vnbong-tai-hoa-day-dang-dai-thanh-lich-sang-trong-p71949545.html?spid=71949547,bông tai hoa dây dáng
71509551,Vòng cổ ngọc trai titan đa phong cách ấn tượng,180000.0,180000.0,0.0,0.0,0,,https://tiki.vnvong-co-ngoc-trai-titan-da-phong-cach-an-tuong-p71509551.html?spid=71509552,vòng cổ ngọc trai titan
70211345,Khuyên tai ba lớp tích hợp vành tai- khuyên mũi kiểu dáng mới lạ sexy,143000.0,143000.0,0.0,0.0,0,,https://tiki.vnkhuyen-tai-ba-lop-tich-hop-vanh-tai-khuyen-mui-kieu-dang-moi-la-sexy-p70211345.html?spid=70211346,khuyên tai lớp tích hợp
68677718,Bông tai xích gấp nhiều lớp hot hit phiên bản xỏ lỗ móc,101000.0,101000.0,0.0,0.0,0,,https://tiki.vnbong-tai-xich-gap-nhieu-lop-hot-hit-phien-ban-xo-lo-moc-p68677718.html?spid=68677719,bông tai xích gấp nhiều
67242903,Bông tai unisex cực cool 1 chiếc,87000.0,87000.0,0.0,0.0,0,,https://tiki.vnbong-tai-unisex-cuc-cool-1-chiec-p67242903.html?spid=67242904,tai unisex cực cool
66877738,Dây chuyền kim loại xích chuỗi dài hot trend giới trẻ,80000.0,80000.0,0.0,0.0,0,,https://tiki.vnday-chuyen-kim-loai-xich-chuoi-dai-hot-trend-gioi-tre-p66877738.html?spid=66877739,dây chuyền kim loại xích chuỗi
66611527,Bông tai unisex ba điểm đeo dáng ôm thời trang bao ngầu,118000.0,118000.0,0.0,0.0,0,,https://tiki.vnbong-tai-unisex-ba-diem-deo-dang-om-thoi-trang-bao-ngau-p66611527.html?spid=66611528,bông tai unisex điểm đeo dáng
66575625,Đôi bông tai nam nữ cá tính táo bạo,123000.0,123000.0,0.0,0.0,0,,https://tiki.vndoi-bong-tai-nam-nu-ca-tinh-tao-bao-p66575625.html?spid=66575626,
60394507,Khuyên tai cá tính dáng dài sợi xích tua rua độc đáo,58000.0,58000.0,0.0,0.0,0,,https://tiki.vnkhuyen-tai-ca-tinh-dang-dai-soi-xich-tua-rua-doc-dao-p60394507.html?spid=60394509,khuyên tai cá tính dáng
59386442,Vòng cổ titan mix kim băng nhiều lớp cool ngầu đa phong cách,149000.0,149000.0,0.0,0.0,0,,https://tiki.vnvong-co-titan-mix-kim-bang-nhieu-lop-cool-ngau-da-phong-cach-p59386442.html?spid=59386443,vòng cổ titan mix kim
59343195,Bông tai thiết kế nữ xích mảnh dáng dài mix hạt châu và ngôi sao hi vọng ,98000.0,98000.0,0.0,0.0,0,,https://tiki.vnbong-tai-thiet-ke-nu-xich-manh-dang-dai-mix-hat-chau-va-ngoi-sao-hi-vong-p59343195.html?spid=59343196,bông tai thiết kế nữ
35024789,Bông tai nữ sao trên đá,143000.0,143000.0,0.0,5.0,1,,https://tiki.vnbong-tai-nu-sao-tren-da-p35024789.html?spid=35024791,bông tai nữ sao đá
34667393,Bông tai nữ dáng nơ khối cầu lấp lánh,139000.0,139000.0,0.0,1.0,1,,https://tiki.vnbong-tai-nu-dang-no-khoi-cau-lap-lanh-p34667393.html?spid=34667395,tai nữ dáng nơ khối
20139833,Nhẫn cặp trơn màu đen NC119 size 6,176000.0,176000.0,0.0,0.0,0,,https://tiki.vnnhan-cap-tron-mau-den-nc119-size-6-p20139833.html?spid=44891500,nhẫn trơn màu đen
17987143,Bông tai nam châm tam giác 9mm BNC17 (Màu đen),20000.0,20000.0,0.0,5.0,2,,https://tiki.vnbong-tai-nam-cham-tam-giac-9mm-bnc17-mau-den-p17987143.html?spid=23026969,tai nam châm tam giác mm
10750872,Vòng cổ đá Obsidian tự nhiên - vòng cổ phong thủy nam nữ,143000.0,143000.0,0.0,5.0,1,,https://tiki.vnvong-co-da-obsidian-tu-nhien-vong-co-phong-thuy-nam-nu-p10750872.html?spid=10750873,vòng cổ đá obsidian
7801790,Bộ 2 bông tai nam inox khuyên tròn 16mm BT233,31500.0,35000.0,3500.0,4.6,21,,https://tiki.vnbo-bong-tai-nam-inox-khuyen-tron-16mm-bt233-2-chiec-p7801790.html?spid=36391907,bộ bông tai nam inox
278814473,"Máy xay thịt gia đình, máy đùn thịt công nghiệp, nhồi thịt RAF hàng nga siêu bền",1156000.0,1156000.0,0.0,0.0,0,,https://tiki.vnmay-xay-thit-gia-dinh-may-dun-thit-cong-nghiep-nhoi-thit-raf-hang-nga-sieu-ben-p278814473.html?spid=278814474,máy xay thịt gia đình
278443330,"Máy lọc không khí ion âm chuyên dụng dành cho xe hơi, văn phòng khuếch tán tinh dầu hương thơm khử mùi hôi tặng sắp thơm",579000.0,579000.0,0.0,0.0,0,,https://tiki.vnmay-loc-khong-khi-ion-am-chuyen-dung-danh-cho-xe-hoi-van-phong-khuech-tan-tinh-dau-huong-thom-khu-mui-hoi-tang-sap-thom-p278443330.html?spid=278443331,máy lọc không khí ion âm
278431581,"Sạc bình acquy 12v và 24v tự ngắt khi đầy,Sạc bình ắc quy tự động nhận bình 12V/24V 400AH",399000.0,399000.0,0.0,0.0,0,,https://tiki.vnsac-binh-acquy-12v-va-24v-tu-ngat-khi-day-sac-binh-ac-quy-tu-dong-nhan-binh-12v-24v-400ah-p278431581.html?spid=278431582,sạc bình acquy v
278429289,Đèn pin đội đầu siêu sáng T998 chiếu xa 800m Chống nước mẫu mới 2025 đèn pin siêu khoẻ có thể sạc ngược cho điện thoại,179000.0,179000.0,0.0,0.0,0,,https://tiki.vnden-pin-doi-dau-sieu-sang-t998-chieu-xa-800m-chong-nuoc-mau-moi-2025-den-pin-sieu-khoe-co-the-sac-nguoc-cho-dien-thoai-p278429289.html?spid=278429290,đèn pin đội đầu sáng
278380709,chuông báo động chống trộm hồng ngoại sử dụng năng lượng mặt trời có đèn báo,399000.0,399000.0,0.0,0.0,0,,https://tiki.vnchuong-bao-dong-chong-trom-hong-ngoai-su-dung-nang-luong-mat-troi-co-den-bao-p278380709.html?spid=278380710,chuông báo động chống trộm
278380680,"Máy xay hạt khô, xay bột, gia vị cà phê đa năng,công suất 300w, lưỡi dao 8 cánh cực bén, chất liệu cối inox, bảo hành 12 tháng",269000.0,269000.0,0.0,0.0,0,,https://tiki.vnmay-xay-hat-kho-xay-bot-gia-vi-ca-phe-da-nang-cong-suat-300w-luoi-dao-8-canh-cuc-ben-chat-lieu-coi-inox-bao-hanh-12-thang-p278380680.html?spid=278380681,máy xay hạt khô
278052800,Ốp bảo vệ cho Huawei Watch Fit 4/ Fit 4 Pro - Chất PC + Kính cường lực (FIT4),90000.0,90000.0,0.0,5.0,1,,https://tiki.vnop-bao-ve-cho-huawei-watch-fit-4-fit-4-pro-chat-pc-kinh-cuong-luc-fit4-p278052800.html?spid=278095846,ốp bảo vệ huawei watch
274500049,Vòng cổ Phiten Rakuwa metax mirror ball TG808051/TG808052/TG808251/TG808252/TG808451/TG808452 - Đen,3960000.0,3960000.0,0.0,0.0,0,,https://tiki.vnvong-co-phiten-rakuwa-metax-mirror-ball-tg808051-tg808052-tg808251-tg808252-tg808451-tg808452-p274500049.html?spid=274500056,vòng cổ phiten rakuwa
243096191,Dây đeo dành cho Samsung Watch 7/ FE/ 6/ 6 Classic/ 5/ 5 Pro/ 4/ 4 Classic (DB),130000.0,130000.0,0.0,0.0,0,,https://tiki.vnday-deo-samsung-watch-5-5-pro-4-4-classic-db-p243096191.html?spid=243096207,dây đeo dành samsung
212263941,"Cặp Đồng Hồ Nam Nữ Baishuns Ftaky 544, Siêu Sang Kính Sapphire chống xước vô cùng đẹp đẽ, chống nước tuyệt đối - Hàng chính hãng",499000.0,499000.0,0.0,0.0,0,,https://tiki.vncap-dong-ho-nam-nu-baishuns-ftaky-544-sieu-sang-kinh-sapphire-chong-xuoc-vo-cung-dep-de-chong-nuoc-tuyet-doi-hang-chinh-hang-p212263941.html?spid=212263949,đồng hồ nam nữ baishuns ftaky
199569240,1 Đôi khuyên tai đeo tai nghe airpod phụ kiện đeo tai nghe không dây bluetooth chống rơi rớt thất lạc kẹp vành trên cá tính,65000.0,65000.0,0.0,0.0,0,,https://tiki.vn1-doi-khuyen-tai-deo-tai-nghe-airpod-phu-kien-deo-tai-nghe-khong-day-bluetooth-chong-roi-rot-that-lac-kep-vanh-tren-ca-tinh-p199569240.html?spid=199569241,
184617622,Nhẫn thời trang nam nữ cá tính unisex,65000.0,65000.0,0.0,0.0,0,,https://tiki.vnnhan-thoi-trang-nam-nu-ca-tinh-unisex-p184617622.html?spid=184617624,nhẫn thời trang nam nữ cá tính
175147128,Khuyên tai bông tai nụ đá nhành lá dáng dài nàng thơ,98000.0,98000.0,0.0,0.0,0,,https://tiki.vnkhuyen-tai-bong-tai-nu-da-nhanh-la-dang-dai-nang-tho-p175147128.html?spid=175147129,khuyên tai bông tai đá
174382843,Chuỗi Đeo Cổ Hạt Ngọc Trai 6Li Chuỗi 108 Hạt Ngọc Trai Tự Nhiên Cao Cấp,850000.0,850000.0,0.0,0.0,0,,https://tiki.vnchuoi-deo-co-hat-ngoc-trai-6li-chuoi-108-hat-ngoc-trai-tu-nhien-cao-cap-p174382843.html?spid=195275070,chuỗi đeo cổ hạt
149520845,Dây đeo Huawei Watch 5/ 4/ 4 Pro/ 3/ 3 Pro/ GT6/ GT5/ GT4/ GT3/ GT2/ GT (DGT),115000.0,115000.0,0.0,1.0,1,,https://tiki.vnday-deo-huawei-watch-3-3-pro-dgt-p149520845.html?spid=149520849,dây đeo huawei watch
109711138,Dây chuyền thời trang nữ cánh bướm nhỏ xinh,80000.0,80000.0,0.0,0.0,0,,https://tiki.vnday-chuyen-thoi-trang-nu-canh-buom-nho-xinh-p109711138.html?spid=109711139,dây chuyền thời trang nữ cánh
105803816,Vòng Tay Trầm Hương Cao Cấp Hạt Tròn Đơn 14mm Trầm Tốc Việt - Trầm Hương Tự Nhiên,450000.0,450000.0,0.0,5.0,1,,https://tiki.vnvong-tay-tram-huong-cao-cap-hat-tron-don-14mm-tram-toc-viet-tram-huong-tu-nhien-p105803816.html?spid=171865284,vòng tay trầm hương cao cấp hạt
75984546,Vòng đeo tay trầm hương thiên nhiên 108 hạt trầm 6ly cao cấp,275000.0,275000.0,0.0,3.3,4,,https://tiki.vnvong-deo-tay-tram-huong-thien-nhien-108-hat-tram-6ly-cao-cap-p75984546.html?spid=77651454,vòng đeo tay trầm hương
73998178,Vòng Tay Phong Thủy Nam Nữ - Vòng Tay Gỗ Đàn Hương 10mm,56000.0,80000.0,24000.0,4.7,7,,https://tiki.vnvong-tay-phong-thuy-nam-nu-vong-tay-go-dan-huong-10mm-p73998178.html?spid=103732112,vòng tay phong thủy nam nữ vòng tay
69764704,Vòng Trầm tốc tự nhiên 108 hạt size 6 ly,193000.0,193000.0,0.0,5.0,1,,https://tiki.vnvong-tram-toc-tu-nhien-108-hat-size-6-ly-p69764704.html?spid=84296998,vòng trầm tốc tự nhiên hạt
68989594,Bông tai Titan mặt dây chuyền kẹp xương tai cá tính unisex,118000.0,118000.0,0.0,0.0,0,,https://tiki.vnbong-tai-titan-mat-day-chuyen-kep-xuong-tai-ca-tinh-unisex-p68989594.html?spid=68989595,tai titan mặt dây chuyền kẹp
55727082,Chuỗi đá đeo tay đá mắt hổ vàng 14 ly - Vòng chuỗi đeo tay đá phong thủy,299000.0,299000.0,0.0,5.0,1,,https://tiki.vnchuoi-da-deo-tay-da-mat-ho-vang-14-ly-vong-chuoi-deo-tay-da-phong-thuy-p55727082.html?spid=182744877,chuỗi đá đeo tay
52578213,Bông tai nữ chạm mạ 18k cao cấp E920,83000.0,83000.0,0.0,4.7,6,,https://tiki.vnbong-tai-nu-cham-ma-18k-cao-cap-e920-p52578213.html?spid=75482997,tai nữ chạm mạ k
50349972,Dây Chuyền Mặt Rồng Tròn Ngọc Đỏ Mạ Vàng + TẶNG LÁ BỒ ĐỀ MAY MẮN TÀI LỘC ĐỂ VÍ ĐIỆN THOẠI,250000.0,250000.0,0.0,5.0,1,,https://tiki.vnday-chuyen-mat-rong-tron-ngoc-do-ma-vang-tang-la-bo-de-may-man-tai-loc-de-vi-dien-thoai-p50349972.html?spid=155644690,dây chuyền mặt rồng tròn ngọc
50275903,Dây Chuyền Nam Trẻ Trung Titan Mạ Vàng Trắng + TẶNG LÁ BỒ ĐỀ MAY MẮN TÀI LỘC ĐỂ VÍ ĐIỆN THOẠI,245000.0,245000.0,0.0,0.0,0,,https://tiki.vnday-chuyen-nam-tre-trung-titan-ma-vang-trang-tang-la-bo-de-may-man-tai-loc-de-vi-dien-thoai-p50275903.html?spid=150931777,dây chuyền nam trẻ trung titan
48279418,Bông tai nam kẹp vành cá tính không xỏ lỗ,45000.0,45000.0,0.0,0.0,0,,https://tiki.vnbong-tai-nam-kep-vanh-ca-tinh-khong-xo-lo-p48279418.html?spid=53011916,bông tai nam kẹp vành cá tính
45379886,Bông tai nam đá đỏ,31410.0,34900.0,3490.0,2.5,2,,https://tiki.vnbong-tai-mot-hat-da-mau-do-6mm-p45379886.html?spid=247222517,tai nam đá đỏ
43838403,Vòng tay trầm hương dành cho nam vân gỗ đẹp cao cấp-  Tâm An Nhiên,270000.0,270000.0,0.0,0.0,0,,https://tiki.vnvong-tay-tram-huong-danh-cho-nam-van-go-dep-cao-cap-tam-an-nhien-p43838403.html?spid=194179187,vòng tay trầm hương dành nam vân
38055479,Combo dây chuyền nam kiểu lặc mạ vàng 24k,396000.0,396000.0,0.0,0.0,0,,https://tiki.vncombo-day-chuyen-nam-kieu-lac-ma-vang-24k-p38055479.html?spid=75481678,combo dây chuyền nam kiểu
36014644,Bông tai nam màu trắng,20930.0,29900.0,8970.0,4.7,13,,https://tiki.vnbong-tai-nam-mau-trang-p36014644.html?spid=36014645,bông tai nam màu trắng
22939261,Dây Chuyền Mặt Báo Mạ Vàng 24k MD75,430000.0,430000.0,0.0,0.0,0,,https://tiki.vnday-chuyen-mat-bao-ma-vang-24k-md75-p22939261.html?spid=75478652,dây chuyền mặt báo mạ
20520285,"Vòng tay mã não đỏ MU357, Vòng tay phong thủy hợp mênh Hỏa, Thổ, Thủy cho nam và nữ",165000.0,165000.0,0.0,0.0,0,,https://tiki.vnvong-tay-ma-nao-do-mu357-vong-tay-phong-thuy-hop-menh-hoa-tho-thuy-cho-nam-va-nu-p20520285.html?spid=78952859,vòng tay mã não đỏ mu357
19810267,Vòng tay nam nữ 108 hạt 6 ly gỗ đàn hương da báo Vo8,70000.0,70000.0,0.0,4.8,4,,https://tiki.vnvong-tay-nam-nu-108-hat-6-ly-go-dan-huong-da-bao-vo8-p19810267.html?spid=86746704,vòng tay nam nữ hạt ly
19625893,Lắc tay nữ EK9067 cẩm thạch khúc mạ vàng 18k,199000.0,199000.0,0.0,4.5,4,,https://tiki.vnlac-tay-nu-ek9067-cam-thach-khuc-ma-vang-18k-p19625893.html?spid=76196773,lắc tay nữ ek9067
19293640,2 CUỘN THUN MÀU TRẮNG HỒNG XỎ VÒNG TAY BẰNG ĐÁ NAM NỮ,59000.0,59000.0,0.0,5.0,1,,https://tiki.vn2-cuon-thun-mau-trang-hong-xo-vong-tay-bang-da-nam-nu-p19293640.html?spid=49635991,
14993103,Lắc tay nữ bi xoàn  dát vàng 18k ,215000.0,215000.0,0.0,0.0,0,,https://tiki.vnlac-tay-nu-bi-xoan-dat-vang-18k-p14993103.html?spid=150333124,lắc tay nữ bi xoàn
13015840,Vòng tay đá ngọc Malaysia mix tỳ hưu đổi màu theo nhiệt độ MS306 - 8 li,145000.0,145000.0,0.0,4.5,2,,https://tiki.vnvong-tay-da-ngoc-malaysia-mix-ty-huu-doi-mau-theo-nhiet-do-ms306-p13015840.html?spid=79662244,vòng tay đá ngọc malaysia
12118645,Vòng tay Trầm hương 108 hạt- Gỗ Nghệ Thuật Kinh Bắc ( Size hạt 6mm ),199000.0,199000.0,0.0,0.0,0,,https://tiki.vnvong-tay-tram-huong-108-hat-go-nghe-thuat-kinh-bac-size-hat-6mm-p12118645.html?spid=103456496,vòng tay trầm hương hạt gỗ
7805205,Bộ Bông tai nam inox khuyên tròn 12mm BT321 (Màu Bạc) - 2 chiếc,27930.0,39900.0,11970.0,4.7,57,,https://tiki.vnbo-bong-tai-nam-inox-khuyen-tron-12mm-bt321-mau-bac-2-chiec-p7805205.html?spid=45016308,bông tai nam inox khuyên
278948443,Mặt dây chuyền bạc kiểu ngôi sao biển đính đá size 11.5mm,220000.0,220000.0,0.0,0.0,0,,https://tiki.vnmat-day-chuyen-bac-kieu-ngoi-sao-bien-dinh-da-size-11-5mm-c0111-hoa-minh-gem-p278948443.html?spid=278948444,mặt dây chuyền bạc kiểu
277717809,Dây đeo cho Huawei Watch Fit 3/ Fit 4/ Fit 4 Pro (DBFIT3),130000.0,130000.0,0.0,0.0,0,,https://tiki.vnday-deo-cho-huawei-watch-fit-3-dbfit3-p277717809.html?spid=277717813,dây đeo huawei watch
276527700,Hộp đựng trang sức Songmics JBC146BEV2 Hàng chính hãng,690000.0,690000.0,0.0,0.0,0,,https://tiki.vnhop-dung-trang-suc-songmics-jbc146bev2-hang-chinh-hang-p276527700.html?spid=276527701,hộp đựng trang sức songmics
273987269,"Mặt dây chuyền Phật Hư không tạng đá mắt hổ 2.2 x 3.6cm kèm vòng cổ dây dù nâu + móc inox, Phật bản mệnh",220000.0,220000.0,0.0,0.0,0,,https://tiki.vnmat-day-chuyen-phat-hu-khong-tang-da-mat-ho-2-2-x-3-6cm-kem-vong-co-day-du-nau-moc-inox-phat-ban-menh-p273987269.html?spid=273987270,mặt dây chuyền phật hư
201439887,"[Mệnh Hỏa, Thổ] Bộ Vòng Chuỗi, Tràng Hạt 108 Hạt 6 Ly Đá Thạch Anh Đỏ Charm Hoa Sen Inox - Tràng Chuỗi Niệm Phật - An Yên - Thịnh Vượng - May Mắn - Tài Lộc - Bình An",229000.0,229000.0,0.0,5.0,1,,https://tiki.vnmenh-hoa-tho-bo-vong-chuoi-trang-hat-108-hat-6-ly-da-thach-anh-do-charm-hoa-sen-inox-trang-chuoi-niem-phat-an-yen-thinh-vuong-may-man-tai-loc-binh-an-p201439887.html?spid=201439895,vòng chuỗi tràng hạt
158897712,"Khuyên tai, Bông tai hình bông hoa siêu dễ thương cho nữ",35000.0,36000.0,1000.0,0.0,0,,https://tiki.vnkhuyen-tai-bong-tai-hinh-bong-hoa-sieu-de-thuong-cho-nu-p158897712.html?spid=158897713,khuyên tai bông tai hình bông
143610189,"HJ8277-78-79-80 - Dây đồng hồ Huy Hoàng da cá sấu 2 mặt da size 16, 18, 20 màu đen, nâu đất, vàng bò, nâu đỏ",209500.0,419000.0,209500.0,0.0,0,,https://tiki.vnhj8277-78-79-80-day-dong-ho-huy-hoang-da-ca-sau-2-mat-da-size-16-18-20-mau-den-nau-dat-vang-bo-nau-do-p143610189.html?spid=143610209,hj8277 78 79 dây
120035226,"Dây đồng hồ Huy Hoàng da đà điểu da bụng size 22, 24, 26 màu đen HT8444",164500.0,329000.0,164500.0,0.0,0,,https://tiki.vnhp8444-day-dong-ho-huy-hoang-da-da-dieu-da-bung-size-22-24-26-mau-den-p120035226.html?spid=120035242,dây đồng hồ huy hoàng da
77679159,Vòng tay chuỗi hạt gỗ đàn hương may mắn 8 ly cho nam và nữ ,59500.0,85000.0,25500.0,4.2,12,,https://tiki.vnvong-tay-chuoi-hat-go-dan-huong-may-man-8-ly-cho-nam-va-nu-p77679159.html?spid=103677682,vòng tay chuỗi hạt gỗ
44123568,[HỎA TRẦM] Vòng Trầm Hương Đeo Tay Tốc Dó Vườn 108 Hạt,90000.0,90000.0,0.0,4.1,16,,https://tiki.vnvong-tram-huong-deo-tay-toc-do-vuon-108-hat-p44123568.html?spid=72627742,vòng trầm hương đeo tay tốc
36667148,Vòng Cổ - Kiềng Cưới Xi Vàng ( 01 Chiếc ) MS 195.20.09,450000.0,450000.0,0.0,4.0,1,,https://tiki.vnvong-co-kieng-cuoi-xi-vang-01-chiec-ms-195-20-09-p36667148.html?spid=146647197,vòng cổ kiềng cưới xi
35605737,VÒNG HUYẾT ÁP NHẬT BẢN - NN078,779000.0,779000.0,0.0,3.7,3,,https://tiki.vnvong-huyet-ap-nhat-ban-nn078-p35605737.html?spid=58245415,vòng huyết áp nhật bản
25038081,"Máy rửa siêu âm mini GTsonic X3 – dung tích 180ml, công nghệ sóng siêu âm hiện đại, làm sạch sâu và loại bỏ bụi bẩn hiệu quả cho trang sức, kính mắt, đồng hồ, dụng cụ nha khoa, linh kiện điện tử – Hàng chính hãng",921000.0,990000.0,69000.0,4.0,5,,https://tiki.vnmay-rua-dung-song-sieu-am-lam-sach-trang-suc-mini-gt-x3-180ml-hang-chinh-hang-p25038081.html?spid=25038082,máy rửa siêu âm mini
23633174,"Vòng đeo tay thạch anh tím 14 ly cẩn hạt Phật A Di Đà inox đen VTAINLE14 - hợp mệnh Hỏa, mệnh Thổ",218900.0,218900.0,0.0,0.0,0,,https://tiki.vnvong-deo-tay-thach-anh-tim-14-ly-can-hat-phat-a-di-da-inox-den-vtainle14-hop-menh-hoa-menh-tho-p23633174.html?spid=23633175,vòng đeo tay thạch
19560027,Dây chuyền mặt Quan Âm Bồ Tát - thạch anh đen ( 6cm x 4.5cm ) DEQAEL5,251900.0,251900.0,0.0,0.0,0,,https://tiki.vnday-chuyen-mat-quan-am-bo-tat-thach-anh-den-6cm-x-4-5cm-deqael5-p19560027.html?spid=19560028,dây chuyền mặt quan âm bồ tát thạch
16875010,Lắc tay nam mạ vàng 24k rồng vàng LT6,213490.0,213490.0,0.0,5.0,2,,https://tiki.vnlac-tay-nam-ma-vang-24k-rong-vang-lt6-p16875010.html?spid=16875011,lắc tay nam mạ
15068685,Combo 2 sợi dây vòng cổ cao su - xanh lá + nâu DCSXLN1,108900.0,108900.0,0.0,0.0,0,,https://tiki.vncombo-2-soi-day-vong-co-cao-su-xanh-la-nau-dcsxln1-p15068685.html?spid=15068686,combo sợi dây vòng
12475384,Mặt dây chuyền Phật Bất Động Minh Vương Đá Obsidian 3cm MPOB1 - phật bản mệnh tuổi Dậu - Mặt size nhỏ,75900.0,75900.0,0.0,0.0,0,,https://tiki.vnmat-phat-bat-dong-minh-vuong-da-obsidian-3cm-mpob1-tuoi-dau-p12475384.html?spid=12475385,mặt dây chuyền phật bất động minh
12276925,Đồng hồ nữ dây nhựa Casio LRW-200H-7BVDF,659000.0,659000.0,0.0,0.0,0,,https://tiki.vndong-ho-nu-day-nhua-casio-lrw-200h-7bvdf-p12276925.html?spid=74347479,đồng hồ nữ dây nhựa
11592847,Vòng cổ mặt gỗ hoàng đàn phật bản mệnh Văn Thù Bồ Tát MGPBM3,163900.0,163900.0,0.0,0.0,0,,https://tiki.vnvong-co-mat-go-hoang-dan-phat-ban-menh-van-thu-bo-tat-mgpbm3-p11592847.html?spid=11592848,vòng cổ mặt gỗ hoàng phật
10577678,Đồng hồ Casio nữ dây nhựa LQ-139BMV-1BLDF (26mm),423360.0,504000.0,80640.0,5.0,2,,https://tiki.vndong-ho-casio-nu-day-nhua-lq-139bmv-1bldf-26mm-p10577678.html?spid=45338308,đồng hồ casio nữ dây
10163049,Mặt dây chuyền phật Dược Sư Như Lai đá Obsidian xanh 4cm - vị Phật thầy thuốc,149000.0,149000.0,0.0,0.0,0,,https://tiki.vnmat-phat-duoc-su-da-obsidian-xanh-4cm-p10163049.html?spid=10163050,mặt dây chuyền phật dược sư
9860541,Mặt Phật Bồ tát Phổ hiền đá mắt hổ 3.6cm,219000.0,219000.0,0.0,0.0,0,,https://tiki.vnmat-phat-bo-tat-pho-hien-da-mat-ho-3-6cm-p9860541.html?spid=9860542,mặt phật bồ tát phổ hiền
9797601,"Mặt phật A Di Đà thủy tinh vàng 3.6cm - phật bản mệnh tuổi Tuất, Hợi",79000.0,79000.0,0.0,0.0,0,,https://tiki.vnmat-phat-a-di-da-thuy-tinh-vang-3-6cm-p9797601.html?spid=9797602,mặt phật a di đà thủy
9666621,Mặt phật Bất Động Minh Vương thủy tinh xanh lá size nhỏ 3.6cm - phật bản mệnh tuổi Dậu,79000.0,79000.0,0.0,0.0,0,,https://tiki.vnmat-phat-bat-dong-minh-vuong-thuy-tinh-xanh-la-3-6cm-p9666621.html?spid=9666622,mặt phật bất động minh vương thủy
9619945,Mặt phật Bất Động Minh Vương thủy tinh xanh dương 3.6cm - phật bản mệnh tuổi Dậu - mặt phật size nhỏ,79000.0,79000.0,0.0,0.0,0,,https://tiki.vnmat-phat-bat-dong-minh-vuong-thuy-tinh-xanh-duong-3-6cm-p9619945.html?spid=9619946,mặt phật bất động minh vương thủy
9616484,Mặt dây chuyền Văn Thù Bồ Tát thủy tinh tím 3.6cm - phật bản mệnh tuổi Mão - Mặt size nhỏ,79000.0,79000.0,0.0,0.0,0,,https://tiki.vnmat-phat-van-thu-bo-tat-thuy-tinh-tim-3-6cm-p9616484.html?spid=9616485,mặt dây chuyền văn thù bồ tát
8090936,Mặt Phật Hư Không Tạng Bồ Tát pha lê vàng 5cm,99000.0,99000.0,0.0,0.0,0,,https://tiki.vnmat-phat-hu-khong-tang-bo-tat-pha-le-vang-5cm-p8090936.html?spid=8090937,mặt phật hư tạng
8032590,Mặt Phật Đại Thế Chí Bồ Tát thạch anh trắng 4.3cm - phật bản mệnh tuổi Ngọ - Móc inox,152900.0,152900.0,0.0,0.0,0,,https://tiki.vnmat-phat-dai-the-chi-bo-tat-thach-anh-trang-4-3cm-p8032590.html?spid=8032592,mặt phật đại thế chí bồ tát
6715397,Dây vòng đeo cổ đá thạch anh trắng DHT1,108900.0,108900.0,0.0,3.0,1,,https://tiki.vnday-vong-deo-co-da-thach-anh-trang-dht1-p6715397.html?spid=6715399,dây vòng đeo cổ
6505841,Mặt dây chuyền tuổi Tý đá mắt hổ 3.6cm - Mặt size nhỏ,220000.0,220000.0,0.0,0.0,0,,https://tiki.vnmat-day-chuyen-tuoi-ty-da-mat-ho-p6505841.html?spid=6505843,mặt tuổi tý đá
6418639,Vòng tay chuỗi hạt đá thạch anh Đen 16 ly 13 hạt,240900.0,240900.0,0.0,5.0,1,,https://tiki.vnvong-tay-chuoi-hat-da-thach-anh-den-16-ly-13-hat-p6418639.html?spid=6418641,vòng tay chuỗi hạt đá
6361289,Vòng tay chuỗi hạt trụ rồng thần mộc,176000.0,176000.0,0.0,5.0,1,,https://tiki.vnvong-tay-chuoi-hat-tru-rong-than-moc-p6361289.html?spid=6361291,vòng tay chuỗi hạt trụ
6139639,Vòng tay chuỗi hạt mã não đỏ 12 ly 17 hạt,231000.0,231000.0,0.0,0.0,0,,https://tiki.vnvong-tay-chuoi-hat-ma-nao-do-12-ly-17-hat-p6139639.html?spid=6139641,vòng tay chuỗi hạt mã
6010295,"Vòng tay chuỗi hạt Đá Kim Sa Nâu 10 ly 18 hạt - hợp mệnh Kim, mệnh Thổ",198000.0,198000.0,0.0,0.0,0,,https://tiki.vnvong-tay-chuoi-hat-da-kim-sa-nau-10-ly-18-hat-p6010295.html?spid=6010297,vòng tay chuỗi hạt đá
5960903,"Mặt dây chuyền Phật A Di Đà thạch anh vàng 4.3cm - phật bản mệnh tuổi Tuất, Hợi",130900.0,130900.0,0.0,0.0,0,,https://tiki.vnmat-phat-a-di-da-thach-anh-vang-4-3cm-p5960903.html?spid=5960905,mặt dây chuyền phật a di đà
5941201,Vòng tay chuỗi hạt hoa sen gỗ trắc đỏ HSDCT38,308000.0,308000.0,0.0,3.0,1,,https://tiki.vnvong-tay-chuoi-hat-hoa-sen-go-trac-do-hsdct38-p5941201.html?spid=5941203,vòng tay chuỗi hạt hoa
5841161,"Vòng tay chuỗi hạt Cẩm Thạch Đông Ninh 8 ly 21 hạt - hợp mệnh Mộc, mệnh Hỏa",176000.0,176000.0,0.0,0.0,0,,https://tiki.vnvong-tay-chuoi-hat-cam-thach-dong-ninh-8-ly-22-hat-p5841161.html?spid=5841163,vòng tay chuỗi hạt cẩm thạch
5761941,Vòng tay chuỗi hạt gỗ Đàn hương đen 10 ly 19 hạt,126500.0,126500.0,0.0,0.0,0,,https://tiki.vnvong-tay-chuoi-hat-go-dan-huong-den-10-ly-19-hat-p5761941.html?spid=5761943,vòng tay chuỗi hạt gỗ
5480429,"Chuỗi đeo tay Thạch Anh Tím Sọc 8 ly 21 hạt - hợp mệnh Hỏa, mệnh Thổ",152900.0,152900.0,0.0,0.0,0,,https://tiki.vnvong-tay-chuoi-hat-da-thach-anh-tim-8-ly-22-hat-p5480429.html?spid=5480431,chuỗi đeo tay thạch
278905177,Nhẫn đá Mã Não vàng ngả xanh cốm VIP đẹp size lớn đường kính 19mm dày nhẫn 9 li big size nhẫn nam nhẫn nữ,210000.0,210000.0,0.0,0.0,0,,https://tiki.vnnhan-da-ma-nao-vang-nga-xanh-com-vip-dep-size-lon-duong-kinh-19mm-day-nhan-9-li-big-size-nhan-nam-nhan-nu-hoa-minh-gem-p278905177.html?spid=278907655,nhẫn đá mã não vàng
278898398,"Vòng tay đá Thạch Anh Ưu Linh tự nhiên hạt lu bo tròn size 9x10 li phong cách cá tính, thời trang không kén mệnh",450000.0,450000.0,0.0,0.0,0,,https://tiki.vnvong-tay-da-thach-anh-uu-linh-tu-nhien-hat-lu-bo-tron-size-9x10-li-phong-cach-ca-tinh-thoi-trang-khong-ken-menh-hoa-minh-gem-p278898398.html?spid=278898914,vòng tay đá thạch ưu linh tự nhiên
278880989,Vòng tay phong thủy đá Mã Não đen xám kiểu bánh xe size 8.3 li phong cách thời trang,300000.0,300000.0,0.0,0.0,0,,https://tiki.vnvong-tay-phong-thuy-da-ma-nao-den-xam-kieu-banh-xe-size-8-3-li-phong-cach-thoi-trang-hoa-minh-gem-p278880989.html?spid=278882328,vòng tay phong thủy đá mã não
278879713,"Vòng tay phong thủy kiểu bánh xe hạt 6.4 li ngũ hành đủ loại đá Lapis Lazuli thanh kim, Chalcedony, Thạch anh, Ngọc jasper không kén mệnh",300000.0,300000.0,0.0,0.0,0,,https://tiki.vnvong-tay-phong-thuy-kieu-banh-xe-hat-6-4-li-ngu-hanh-du-loai-da-lapis-lazuli-thanh-kim-chalcedony-thach-anh-ngoc-jasper-khong-ken-menh-hoa-minh-gem-p278879713.html?spid=278882313,vòng tay phong thủy kiểu bánh xe
263585390,"Vòng chuỗi đeo tay gỗ thủy tùng nâu 15 ly ( size lớn ) charm tỳ hưu và bi inox vàng, vòng tay chuỗi hạt",180000.0,180000.0,0.0,0.0,0,,https://tiki.vnvong-chuoi-deo-tay-go-thuy-tung-nau-15-ly-size-lon-charm-ty-huu-va-bi-inox-vang-vong-tay-chuoi-hat-p263585390.html?spid=263585391,vòng chuỗi đeo tay
253070197,Dây đeo cho Amazfit Active/ Active 2/ GTR mini/ GTR 4/ 3/ 3 Pro/ 2/ 2e/ 1/ GTS 4/ 3/ 2/ 2e/ 4 mini/ 2 mini/ Bip 3/ 3 Pro/ Bip U/ Bip 6/ Bip 5/ Redmi Watch 5/ Cheetah (DN),109000.0,109000.0,0.0,5.0,2,,https://tiki.vnday-deo-cho-amazfit-gtr-mini-gtr-4-3-3-pro-2-2e-1-gts-4-3-2-2e-4-mini-2-mini-bip-3-3-pro-bip-u-dn-p253070197.html?spid=253070219,dây đeo amazfit active
248428642,Dây đeo cho Garmin Forerunner 570/ 165/ 55/ 645/ 255/ 245/ Venu 2/ SQ 2/ SQ/ Vivoactive 6/ 5/ 4/ 3 (DN),109000.0,109000.0,0.0,5.0,1,,https://tiki.vnday-deo-forerunner-55-645-255-245-venu-2-dn-p248428642.html?spid=248428650,dây đeo garmin forerunner
242281976,Hạt Gỗ Bách Xanh 18Ly - Xâu Chuỗi Vòng Tay Vòng Cổ Tràng Hạt ( Gỗ Thơm ) - Mian .vn,44000.0,60000.0,16000.0,0.0,0,,https://tiki.vnhat-go-bach-xanh-18ly-xau-chuoi-vong-tay-vong-co-trang-hat-go-thom-p242281976.html?spid=242281978,hạt gỗ bách xanh ly xâu
212981915,Đồng Hồ Nam Citizen Dây Da Máy Cơ-Automatic NJ0100-03H - Mặt Xám,6685000.0,6685000.0,0.0,0.0,0,,https://tiki.vndong-ho-nam-citizen-day-da-may-co-automatic-nj0100-03h-mat-xam-p212981915.html?spid=212981916,đồng hồ nam citizen dây
201548787,"[Mệnh Thủy, Mộc] Bộ Vòng Chuỗi, Tràng Hạt 108 Hạt 6 Ly Đá Thạch Anh Xanh Dương Charm Phật A Di Đà Inox - Tràng Chuỗi Niệm Phật - An Yên - Thịnh Vượng - May Mắn - Tài Lộc - Bình An",229000.0,229000.0,0.0,0.0,0,,https://tiki.vnmenh-thuy-moc-bo-vong-chuoi-trang-hat-108-hat-6-ly-da-thach-anh-xanh-duong-charm-phat-a-di-da-inox-trang-chuoi-niem-phat-an-yen-thinh-vuong-may-man-tai-loc-binh-an-p201548787.html?spid=201548791,vòng chuỗi tràng hạt
201437102,"[Hợp Tất Cả Các Mệnh] Bộ Vòng Chuỗi, Tràng Hạt 108 Hạt 6 Ly Ngọc Phỉ Thúy Charm Hoa Sen Inox - Tràng Chuỗi Niệm Phật - An Yên - Thịnh Vượng - May Mắn - Tài Lộc - Bình An",229000.0,229000.0,0.0,0.0,0,,https://tiki.vnhop-tat-ca-cac-menh-bo-vong-chuoi-trang-hat-108-hat-6-ly-ngoc-phi-thuy-charm-hoa-sen-inox-trang-chuoi-niem-phat-an-yen-thinh-vuong-may-man-tai-loc-binh-an-p201437102.html?spid=201437110,vòng chuỗi tràng hạt
197637001,[Tuổi Ngọ] Mặt Dây Chuyền Phật Đại Thế Chí Bồ Tát Đá Mắt Hổ Size Nhỏ 3.6cm & Size Lớn 5cm - Tặng Kèm Móc Inox - Phong Thủy 868 - May Mắn - Bình An,199000.0,199000.0,0.0,0.0,0,,https://tiki.vntuoi-ngo-mat-day-chuyen-phat-dai-the-chi-bo-tat-da-mat-ho-size-nho-3-6cm-size-lon-5cm-tang-kem-moc-inox-phong-thuy-868-may-man-binh-an-p197637001.html?spid=197637003,mặt dây chuyền phật đại thế chí
194500884,Dụng cụ cạy nắp đáy đồng hồ - Dạng dao nhựa,15000.0,15000.0,0.0,5.0,2,,https://tiki.vndung-cu-cay-nap-day-dong-ho-dang-dao-nhua-p194500884.html?spid=194500885,dụng cụ cạy nắp đáy
150200405,Dây đeo Samsung Watch 6/ 6 Classic/ 5/ 5 Pro/ 4/ 4 Classic thể thao 2 màu (DG),180000.0,180000.0,0.0,5.0,3,,https://tiki.vnday-deo-samsung-watch-4-watch-4-classic-the-thao-2-mau-dg-p150200405.html?spid=150200421,dây đeo samsung watch
147344064,Nhẫn nữ đơn giản - Nhẫn nam nữ nhẫn cặp titan đơn giản trái tim,75000.0,75000.0,0.0,0.0,0,,https://tiki.vnnhan-nu-don-gian-nhan-nam-nu-nhan-cap-titan-don-gian-trai-tim-p147344064.html?spid=147344070,nhẫn nữ đơn giản nhẫn
134670126,"Dây Samsung Watch 4/ Watch 4 Classic - Dây thép, khóa nam châm",149000.0,149000.0,0.0,4.5,5,,https://tiki.vnday-samsung-watch-4-watch-4-classic-day-thep-khoa-nam-cham-p134670126.html?spid=134670137,dây samsung watch watch
99870574,Dây chuyền nam 4mm - vĩnh viễn không đen - dây chuyền chuẩn chất đàn ông,59500.0,85000.0,25500.0,5.0,13,,https://tiki.vnday-chuyen-nam-4mm-vinh-vien-khong-den-day-chuyen-chuan-chat-dan-ong-p99870574.html?spid=99870575,dây chuyền nam mm vĩnh viễn
95164456,Charm bạc gắn charm treo họa tiết hoa văn - Ngọc Quý Gemstones,1840000.0,1840000.0,0.0,0.0,0,,https://tiki.vncharm-bac-gan-charm-treo-hoa-tiet-hoa-van-ngoc-quy-gemstones-p95164456.html?spid=95164457,charm bạc gắn charm
73750380,"Vòng tay, lắc tay bạc, Phật Diện, Kiểu Cổ, phong cách phật giáo, kèm hộp đựng lót nhung",179000.0,179000.0,0.0,4.6,5,,https://tiki.vnvong-tay-lac-tay-bac-phat-dien-kieu-co-phong-cach-phat-giao-kem-hop-dung-lot-nhung-p73750380.html?spid=73750382,vòng tay lắc tay bạc
69568531,Lắc Tay Nam Bạc Hiểu Minh LTN006S 7.5 chỉ,2858750.0,2858750.0,0.0,0.0,0,,https://tiki.vnlac-tay-nam-bac-hieu-minh-ltn006s-7-5-chi-p69568531.html?spid=69568532,lắc tay nam bạc hiểu
56604342,Chuỗi tay Gỗ Hoàng Đàn 18 ly phối 6 bi charm Tỳ Hưu inox - Vòng size XXXL,220000.0,220000.0,0.0,0.0,0,,https://tiki.vnchuoi-tay-go-hoang-dan-18-ly-phoi-6-bi-charm-ty-huu-inox-vong-size-xxxl-p56604342.html?spid=56604356,chuỗi tay gỗ hoàng đàn
52107871,Đồng Hồ Nam Citizen Dây Cao Su NH8384-14E - Mặt Đen,6800000.0,6800000.0,0.0,0.0,0,,https://tiki.vndong-ho-nam-citizen-day-cao-su-nh8384-14e-mat-den-p52107871.html?spid=52107872,đồng hồ nam citizen dây
51521474,"Bông Tai Nam Châm (Phong Cách, Cá Tính, Nhiều Mẫu (Mẫu Ngẫu Nhiên)",20000.0,20000.0,0.0,0.0,0,,https://tiki.vnbong-tai-nam-cham-phong-cach-ca-tinh-nhieu-mau-mau-ngau-nhien-p51521474.html?spid=53051987,tai nam
38081624,Chuỗi hạt đeo tay Gỗ Thủy Tùng Nâu 15 ly - Vòng tay Phật A Di Đà inox vàng VGTTNNLVHB14 - Vòng đeo tay size lớn,209000.0,209000.0,0.0,0.0,0,,https://tiki.vnchuoi-hat-deo-tay-go-thuy-tung-nau-15-ly-vong-tay-phat-a-di-da-inox-vang-vgttnnlvhb14-vong-deo-tay-size-lon-p38081624.html?spid=38081626,chuỗi hạt đeo tay
16836381,Vòng tay nam nữ may mắn hút lộc ngọc tự nhiên hình trống chọn mã (Giao mầu theo tự nhiên) - CD11,35100.0,39000.0,3900.0,4.0,2,,https://tiki.vnvong-tay-nam-nu-may-man-hut-loc-ngoc-tu-nhien-hinh-trong-chon-ma-giao-mau-theo-tu-nhien-p16836381.html?spid=51111120,vòng tay nam nữ may mắn hút
14800331,Đồng hồ Casio nữ dây da LTP-VT01L-1BUDF (34mm),1085450.0,1277000.0,191550.0,3.0,2,,https://tiki.vndong-ho-casio-nu-day-da-ltp-vt01l-1budf-34mm-p14800331.html?spid=41485600,đồng hồ casio nữ dây
14080580,"Dây chuyền inox mặt Phật A Di Đà thạch anh đỏ 3.6cm DIVTOB7 - Phật bản mệnh tuổi Tuất, Hợi - Mặt size nhỏ",250000.0,250000.0,0.0,0.0,0,,https://tiki.vnday-chuyen-mat-phat-a-di-da-thach-anh-do-3-6cm-divtob7-day-inox-tuoi-tuat-hoi-p14080580.html?spid=14080581,dây chuyền inox mặt phật a
13195135,"Mặt Dây Chuyền Phật A Di Đà thạch anh xanh 3.6cm - phật bản mệnh tuổi Tuất, Hợi - mặt size nhỏ",109000.0,109000.0,0.0,0.0,0,,https://tiki.vnmat-day-chuyen-phat-a-di-da-thach-anh-xanh-3-6cm-mtxa7-tuoi-tuat-hoi-p13195135.html?spid=13195136,mặt dây chuyền phật a di đà
10162970,Vòng cổ dây dù phật Dược Sư Như Lai đá Obsidian xanh 4cm - vị Phật thầy thuốc,179000.0,179000.0,0.0,0.0,0,,https://tiki.vnmat-phat-duoc-su-da-obsidian-xanh-4-cm-kem-hop-nhung-p10162970.html?spid=10162971,vòng cổ dây phật dược sư
9957636,"Mặt dây chuyền Phật A Di Đà đá Obsidian size lớn 5cm - phật bản mệnh tuổi Tuất, Hợi",99000.0,99000.0,0.0,0.0,0,,https://tiki.vnmat-day-chuyen-phat-a-di-da-da-obsidian-5cm-p9957636.html?spid=9957637,mặt dây chuyền phật a di đà
9859481,Mặt Phật Đại Nhật như lai đá mắt hổ 3.6cm,219000.0,219000.0,0.0,4.7,3,,https://tiki.vnmat-phat-dai-nhat-nhu-lai-da-mat-ho-3-6cm-p9859481.html?spid=9859482,mặt phật đại nhật lai đá
9666769,"Mặt dây chuyền Phổ Hiền Bồ Tát thủy tinh xanh lá 3.6cm - phật bản mệnh tuổi Thìn, Tỵ - Mặt size nhỏ",79000.0,79000.0,0.0,0.0,0,,https://tiki.vnmat-phat-pho-hien-bo-tat-thuy-tinh-xanh-la-3-6cm-p9666769.html?spid=9666770,mặt dây chuyền phổ hiền bồ tát
9666253,Mặt dây chuyền Đại Thế Chí Bồ Tát thủy tinh xanh dương 3.6cm - phật bản mệnh tuổi Ngọ - Mặt size nhỏ,79000.0,79000.0,0.0,0.0,0,,https://tiki.vnmat-phat-dai-the-chi-thuy-tinh-xanh-duong-3-6cm-p9666253.html?spid=9666254,mặt dây chuyền đại thế chí bồ tát
9490406,Mặt phật Bất Động Minh Vương thủy tinh tím 3.6cm - phật bản mệnh tuổi Dậu - mặt phật size nhỏ,79000.0,79000.0,0.0,0.0,0,,https://tiki.vnmat-phat-bat-dong-minh-vuong-thuy-tinh-tim-3-6cm-p9490406.html?spid=9490407,mặt phật bất động minh vương thủy
8706319,"Mặt dây chuyền phật Như Lai Đại Nhật thạch anh xanh 4.3cm - phật bản mệnh tuổi Mùi, Thân",130900.0,130900.0,0.0,0.0,0,,https://tiki.vnmat-day-chuyen-nhu-lai-dai-nhat-xanh-4-3cm-p8706319.html?spid=8706320,mặt dây chuyền phật lai đại nhật
8579814,"Mặt Phật Bồ Tát Phổ Hiền thạch anh đen 3.6cm - Phật bản mệnh tuổi Thìn, Tỵ",109000.0,109000.0,0.0,4.0,1,,https://tiki.vnmat-phat-bo-tat-pho-hien-thach-anh-den-3-6cm-p8579814.html?spid=8579815,mặt phật bồ tát phổ
6714987,Dây vòng đeo cổ đá cẩm thạch Đông ninh DHG4,154000.0,154000.0,0.0,5.0,1,,https://tiki.vnday-vong-deo-co-da-cam-thach-dong-ninh-dhg4-p6714987.html?spid=6714989,dây vòng đeo cổ
6137469,Vòng tay chuỗi hạt mã não đỏ 10 ly 18 hạt,187000.0,187000.0,0.0,0.0,0,,https://tiki.vnvong-tay-chuoi-hat-ma-nao-do-10-ly-18-hat-p6137469.html?spid=6137471,vòng tay chuỗi hạt mã
5490821,"Vòng tay chuỗi hạt Thạch Anh Tím 10 ly 18 hạt - hợp mệnh Hỏa, mệnh Thổ",174900.0,174900.0,0.0,0.0,0,,https://tiki.vnvong-tay-chuoi-hat-da-thach-anh-tim-10-ly-18-hat-p5490821.html?spid=5490823,vòng tay chuỗi hạt thạch
278295973,"Lắc chân bạc Ý với thiết kế dạng chuỗi kép, điểm nổi bật là có nhiều mặt charm nhỏ rủ xuống, hình chiếc lá nhỏ được làm từ bạc trơn bóng. Các charm lá được phân bố đều trên chuỗi, phong cách cá tính, năng động - LM132.1",684000.0,684000.0,0.0,0.0,0,,https://tiki.vnlac-chan-bac-y-voi-thiet-ke-dang-chuoi-kep-diem-noi-bat-la-co-nhieu-mat-charm-nho-ru-xuong-hinh-chiec-la-nho-duoc-lam-tu-bac-tron-bong-cac-charm-la-duoc-phan-bo-deu-tren-chuoi-phong-cach-ca-tinh-nang-dong-lm132-1-p278295973.html?spid=278295974,lắc chân bạc ý thiết kế
278164431,"Chiếc Vòng Tay Đá Ngọc Cẩm Thạch Tự Nhiên Vip Lý Đẹp Ni 53mm x chột 8,2mm kiểm định kèm giấy chứng nhận P Lab Ni 296637 Màu Xanh Lý Tươi trắng xanh nhẹ bóng mượt sịn sang nữ 52kg - 60kg đeo ạ",5980000.0,11960000.0,5980000.0,0.0,0,,https://tiki.vnchiec-vong-tay-da-ngoc-cam-thach-tu-nhien-vip-ly-dep-ni-53mm-x-chot-8-2mm-kiem-dinh-kem-giay-chung-nhan-p-lab-ni-296637-mau-xanh-ly-tuoi-trang-xanh-nhe-bong-muot-sin-sang-nu-52kg-60kg-deo-a-p278164431.html?spid=278164432,vòng tay đá ngọc cẩm thạch
277632672,Charm bạc hình con bướm - Ngọc Quý Gemstones,32000.0,32000.0,0.0,0.0,0,,https://tiki.vncharm-bac-hinh-con-buom-ngoc-quy-gemstones-p277632672.html?spid=277632676,charm bạc hình bướm ngọc
275903695,"Lắc Tay, Vòng Tay Cho Bé Bạc Ta Nguyên Chất S99 Mèo Kitty Hồng Xinh Chính Hãng Bạc Hiểu Minh LTE555",1587500.0,1587500.0,0.0,0.0,0,,https://tiki.vnlac-tay-vong-tay-cho-be-bac-ta-nguyen-chat-s99-meo-kitty-hong-xinh-chinh-hang-bac-hieu-minh-lte555-p275903695.html?spid=275903696,lắc tay vòng tay bé
273528002,HỘP XOAY CHÍNH HÃNG DRIKLUX T6 - XOAY 6 ĐỒNG HỒ,15900000.0,15900000.0,0.0,0.0,0,,https://tiki.vnhop-xoay-chinh-hang-driklux-t6-xoay-6-dong-ho-p273528002.html?spid=273541315,hộp xoay hãng driklux
273042139,Vòng Tay Trầm Hương 108 Hạt Tròn 8 Ly 6 Ly Full Hộp Đẹp - Chính Hãng,109000.0,169000.0,60000.0,4.7,3,,https://tiki.vnvong-tay-tram-huong-108-hat-tron-8-ly-6-ly-full-hop-dep-chinh-hang-p273042139.html?spid=273042744,vòng tay trầm hương hạt tròn
272373329,Đồng hồ Nam Citizen Eco-Drive AW1620-81L 42mm,5380000.0,5380000.0,0.0,0.0,0,,https://tiki.vndong-ho-nam-citizen-eco-drive-aw1620-81l-42mm-p272373329.html?spid=272373330,đồng hồ nam citizen eco
272368697,Đồng hồ Nam Citizen Quartz Chronograph AN8206-53L 46.5mm,7185000.0,7185000.0,0.0,0.0,0,,https://tiki.vndong-ho-nam-citizen-quartz-chronograph-an8206-53l-46-5mm-p272368697.html?spid=272368698,đồng hồ nam citizen quartz
272125237,Vòng tay nữ moon vip quấn 3 vòng trắng ánh xanh nhẹ size hạt 5mm hợp nữ mệnh kim mệnh thuỷ đeo đẹp may mắn tốt sức khỏe công việc ạ,600000.0,600000.0,0.0,0.0,0,,https://tiki.vnvong-tay-nu-moon-vip-quan-3-vong-trang-anh-xanh-nhe-size-hat-5mm-hop-nu-menh-kim-menh-thuy-deo-dep-may-man-tot-suc-khoe-cong-viec-a-p272125237.html?spid=278059135,vòng tay nữ moon quấn
271674056,Dây Chuyền Bạc Nữ S925 Đá Thạch Anh Hồng BAC_NL12,100000.0,100000.0,0.0,0.0,0,,https://tiki.vnday-chuye-n-ba-c-da-tha-ch-anh-ho-ng-bac_nl12-p271674056.html?spid=271674057,dây chuyê n c
270831737,Đồng hồ Casio Nam MTP-1374L-7A - Kudomaxstore,2099000.0,2099000.0,0.0,0.0,0,,https://tiki.vndong-ho-casio-nam-mtp-1374l-7a-kudomaxstore-p270831737.html?spid=270831738,đồng hồ casio nam mtp
261023745,Đồng hồ nam SKAGEN JORN SKW6330,4650000.0,4650000.0,0.0,0.0,0,,https://tiki.vndong-ho-nam-skagen-jorn-skw6330-p261023745.html?spid=261023747,đồng hồ nam skagen jorn
252134936,Dây chuyền phong thủy bằng Tittan mặt hình hồ lô Tài Lộc - HL01,199000.0,199000.0,0.0,0.0,0,,https://tiki.vnday-chuyen-phong-thuy-bang-tittan-mat-hinh-ho-lo-tai-loc-hl01-p252134936.html?spid=252134938,dây chuyền phong thủy tittan mặt
247683670,Vòng tay nữ đá mắt mèo Xanh dương nhẹ bản hẹ to mới Ni 55mm x cao 20mm x dầy 7mm Nữ 50kg - 55kg đeo Vòng màu xanh dương bóng sáng đẹp rẻ lắm chuẩn hợp nữ mệnh thuỷ mệnh mộc ạ,522000.0,900000.0,378000.0,0.0,0,,https://tiki.vnvong-tay-nu-da-mat-meo-xanh-duong-nhe-ban-he-to-moi-ni-55mm-x-cao-20mm-x-day-7mm-nu-50kg-55kg-deo-vong-mau-xanh-duong-bong-sang-dep-re-lam-chuan-hop-nu-menh-thuy-menh-moc-a-p247683670.html?spid=247683671,vòng tay nữ đá mắt
215293977,Pin Smartkey CR2025 Nhật Bản Hàng Cao Cấp 3V Date 2031,30000.0,30000.0,0.0,0.0,0,,https://tiki.vnpin-smartkey-cr2025-nhat-ban-hang-cao-cap-3v-date-2031-p215293977.html?spid=215293979,pin smartkey cr2025 nhật bản
210126153,Đồng Hồ Nam Dây Da Orient Automatic RA-BA0006B00C,6000000.0,6000000.0,0.0,0.0,0,,https://tiki.vndong-ho-nam-day-da-orient-automatic-ra-ba0006b00c-p210126153.html?spid=210126154,đồng hồ nam dây da
192452465,Nhẫn Đôi Bạc Nhẫn Cặp Bạc - Em Còn Nhớ Hay Em Đã Quên - BẠC HIỂU MINH NC630,1163750.0,1163750.0,0.0,0.0,0,,https://tiki.vnnhan-doi-bac-nhan-cap-bac-em-con-nho-hay-em-da-quen-bac-hieu-minh-nc630-p192452465.html?spid=192452466,nhẫn bạc nhẫn bạc
155654429,Pin Đồng Hồ Renata 364- SR621SW- Vỉ 1 Viên,24000.0,24000.0,0.0,0.0,0,,https://tiki.vnpin-dong-ho-renata-364-sr621sw-vi-1-vien-p155654429.html?spid=216722817,pin đồng hồ renata 364
143275101,Bộ Trang Sức Ngọc Trai Trắng Bóng đẹp lắm ạ  Size hạt 8mm có khoen đẹp  Combo gồm cả vòng và Dây đeo cổ đẹp sang món quà ý nghĩa luôn ạ,1595000.0,2900000.0,1305000.0,0.0,0,,https://tiki.vnbo-trang-suc-ngoc-trai-trang-bong-dep-lam-a-size-hat-8mm-co-khoen-dep-combo-gom-ca-vong-va-day-deo-co-dep-sang-mon-qua-y-nghia-luon-a-p143275101.html?spid=143275102,trang sức ngọc trai trắng bóng
136363670,Khuyên tai bạc nơ trai duyên dáng Dế Bạc - K1064,250000.0,250000.0,0.0,0.0,0,,https://tiki.vnkhuyen-tai-bac-no-trai-duyen-dang-de-bac-k1064-p136363670.html?spid=136363673,khuyên tai bạc nơ trai duyên dáng
107803856,"Vòng Tay Trầm Hương phối Đá Tóc Vàng cùng charm bạc thái - bình an, may mắn, tài lộc",882000.0,882000.0,0.0,0.0,0,,https://tiki.vnvong-tay-tram-huong-phoi-da-toc-vang-cung-charm-bac-thai-binh-an-may-man-tai-loc-p107803856.html?spid=169225095,vòng tay trầm hương phối đá tóc
107802289,Lắc Tay Ngoc_Trai Mix Hoa Sen Trầm Hương Sánh Chìm - Lắc Bạc Ta Cao Cấp - Phù Hợp Tất Cả Các Mệnh,515000.0,515000.0,0.0,0.0,0,,https://tiki.vnlac-tay-ngoc_trai-mix-hoa-sen-tram-huong-sanh-chim-lac-bac-ta-cao-cap-phu-hop-tat-ca-cac-menh-p107802289.html?spid=169737423,lắc tay ngoc_trai mix
82821522,Vòng chuỗi đeo tay 108 hạt đá thạch anh tóc xanh tự nhiên Vòng size 6mm Chất liệu đá thiên nhiên đeo quấn vào tay kiểu vòng trẻ trung đẹp Hợp nữ mệnh mộc hỏa thủy ạ,1089000.0,1980000.0,891000.0,0.0,0,,https://tiki.vnvong-chuoi-deo-tay-108-hat-da-thach-anh-toc-xanh-tu-nhien-vong-size-6mm-chat-lieu-da-thien-nhien-deo-quan-vao-tay-kieu-vong-tre-trung-dep-hop-nu-menh-moc-hoa-thuy-a-p82821522.html?spid=82821523,vòng chuỗi đeo tay
80946679,Vòng tay dây ngũ sắc Tây Tạng màu đỏ phong thủy,39000.0,39000.0,0.0,0.0,0,,https://tiki.vnvong-tay-day-ngu-sac-tay-tang-mau-do-phong-thuy-p80946679.html?spid=80946683,vòng tay dây ngũ sắc tây tạng
69286291,Hoa Tai Nữ Bạc Hiểu Minh HT180S,480000.0,480000.0,0.0,0.0,0,,https://tiki.vnhoa-tai-nu-bac-hieu-minh-ht180s-p69286291.html?spid=69286292,hoa tai nữ bạc hiểu
68339117,"Combo Vòng đeo tay Phong Thủy Hạt Gỗ Trinh Nam (Phoebe zhennan), kèm hộp đựng lót lụa vàng",220000.0,220000.0,0.0,0.0,0,,https://tiki.vncombo-vong-deo-tay-phong-thuy-hat-go-trinh-nam-phoebe-zhennan-kem-hop-dung-lot-lua-vang-p68339117.html?spid=68339121,combo vòng đeo tay
57986974,"Đồng hồ đeo tay Nam hiệu JONAS & VERUS Y01563-A0.WWLBW, Máy Cơ (Automatic), Kính mo tráng sapphire, Dây Lưới thép không gỉ 316L",4788000.0,4788000.0,0.0,0.0,0,,https://tiki.vndong-ho-deo-tay-nam-hieu-jonas-verus-y01563-a0-wwlbw-may-co-automatic-kinh-mo-trang-sapphire-day-luoi-thep-khong-gi-316l-p57986974.html?spid=57986975,đồng hồ đeo tay nam hiệu
57937270,"Đồng hồ đeo tay Nam hiệu JONAS & VERUS Y01563-A0.PPLLL, Máy Cơ (Automatic), Kính Sapphire chống trầy xước, Dây da Italy",4788000.0,4788000.0,0.0,0.0,0,,https://tiki.vndong-ho-deo-tay-nam-hieu-jonas-verus-y01563-a0-pplll-may-co-automatic-kinh-sapphire-chong-tray-xuoc-day-da-italy-p57937270.html?spid=57937271,đồng hồ đeo tay nam hiệu
57440177,"Combo 2 cái Khoen bạc móc mặt dây chuyền phật, tỳ hưu, hồ ly - Ngọc Quý Gemstones",174000.0,174000.0,0.0,3.7,6,,https://tiki.vncombo-2-cai-khoen-bac-moc-mat-day-chuyen-phat-ty-huu-ho-ly-ngoc-quy-gemstones-p57440177.html?spid=57440181,combo
48065948,"Vòng tay inox ENDLESS LOVE Hàn Quốc thời trang, phong cách và sang trọng VT193 - Màu bạc",176000.0,176000.0,0.0,0.0,0,,https://tiki.vnvong-tay-inox-endless-love-han-quoc-thoi-trang-phong-cach-va-sang-trong-vt193-mau-bac-p48065948.html?spid=48065949,vòng tay inox endless love
37130504,Vòng trầm cao cấp 12 ly (100% gỗ trầm tự nhiên),3675000.0,3675000.0,0.0,0.0,0,,https://tiki.vnvong-tram-cao-cap-12-ly-100-go-tram-tu-nhien-p37130504.html?spid=75789691,vòng trầm cao cấp
25967755,Dây đồng hồ nam nữ Huy Hoàng da bò size lớn màu nâu đen HT8140,174300.0,249000.0,74700.0,4.7,3,,https://tiki.vnday-dong-ho-nam-nu-huy-hoang-da-bo-size-lon-mau-nau-den-ht8140-p25967755.html?spid=25967759,dây đồng hồ nam nữ huy hoàng
21271833,Vòng tay nam Obsidian Rainbow 8m + Lu Ngọc,550000.0,550000.0,0.0,0.0,0,,https://tiki.vnvo-ng-tay-nam-obsidian-rainbow-8m-lu-ngoc-p21271833.html?spid=21271834,vo ng tay nam
14936868,Đồng hồ Nữ dây da Srwatch SL2203.4502,2900000.0,2900000.0,0.0,0.0,0,,https://tiki.vndong-ho-nu-day-da-srwatch-sl2203-4502-p14936868.html?spid=59090826,đồng hồ nữ dây da
13816069,Vòng tay gỗ Trầm Hương AMAZ- Trầm Merauke 12ly,768000.0,768000.0,0.0,5.0,1,,https://tiki.vnvong-tay-go-tram-huong-tram-merauke-12ly-p13816069.html?spid=71019684,vòng tay gỗ trầm hương amaz
13625943,Set 3 đôi bông tai bóng tròn thời trang Hàn Quốc nhiều mầu có lựa chọn BT176,22000.0,22000.0,0.0,3.7,3,,https://tiki.vnset-3-doi-bong-tai-bong-tron-thoi-trang-han-quoc-nhieu-mau-co-lua-chon-bt176-p13625943.html?spid=26673818,set
4526387,Vòng cổ choker phối hạt trắng V26,16000.0,16000.0,0.0,0.0,0,,https://tiki.vnvong-co-choker-phoi-hat-trang-v26-p4526387.html?spid=4526389,vòng cổ choker phối hạt
3416933,Mặt Dây Chuyền Nữ Đá Quý LuxJy Jewelry P3031 - Trắng,3500000.0,3500000.0,0.0,0.0,0,,https://tiki.vnmat-day-chuyen-nu-da-quy-luxjy-jewelry-p3031-trang-p3416933.html?spid=3438097,mặt dây chuyền nữ đá
2987401,Bông Tai Đá Quý LuxJy Jewelry E1016,1050000.0,1050000.0,0.0,0.0,0,,https://tiki.vnbong-tai-da-quy-luxjy-jewelry-e1016-p2987401.html?spid=3003033,tai đá quý luxjy jewelry
277005502,Đồng hồ nam SRwatch SG7007.4102GM,3450000.0,3450000.0,0.0,0.0,0,,https://tiki.vndong-ho-nam-srwatch-sg7007-4102gm-p277005502.html?spid=277005503,đồng hồ nam srwatch
275989151,Vòng Thạch Anh Hồng Tự Nhiên Bản Hẹ Mới đẹp Ni 54mm Cao 12mm Dầy 8mm Màu Hồng tươi xinh bóng đẹp Nữ mệnh Hỏa mệnh Thổ tay vừa đeo 50kg - 54 kg ạ,850000.0,1700000.0,850000.0,0.0,0,,https://tiki.vnvong-thach-anh-hong-tu-nhien-ban-he-moi-dep-ni-54mm-cao-12mm-day-8mm-mau-hong-tuoi-xinh-bong-dep-nu-menh-hoa-menh-tho-tay-vua-deo-50kg-54-kg-a-p275989151.html?spid=275989152,vòng thạch hồng tự nhiên
274535234,Đồng hồ nam SRWATCH SG1903.1101TE,1850000.0,1850000.0,0.0,0.0,0,,https://tiki.vndong-ho-nam-srwatch-sg1903-1101te-p274535234.html?spid=274535235,đồng hồ nam srwatch sg1903
274512718,Đồng hồ nam SRWATCH SG88802.1401AT,5350000.0,5350000.0,0.0,0.0,0,,https://tiki.vndong-ho-nam-srwatch-sg88802-1401at-p274512718.html?spid=274512719,đồng hồ nam srwatch sg88802
274512608,Đồng Hồ GPS Thể Thao COROS APEX 2 - Dusty Pink,9990000.0,9990000.0,0.0,0.0,0,,https://tiki.vndong-ho-gps-the-thao-coros-apex-2-hong-phan-p274512608.html?spid=274512609,đồng hồ gps thể thao coros
274504918,Đồng hồ nam SRWATCH SG7004.1401GM,3650000.0,3650000.0,0.0,0.0,0,,https://tiki.vndong-ho-nam-srwatch-sg7004-1401gm-p274504918.html?spid=274504919,đồng hồ nam srwatch
273114494,Dây Miband 8/ Miband 9/ Miband 10 - thể thao 2 màu (DMB8),100000.0,100000.0,0.0,3.0,1,,https://tiki.vnday-miband-8-the-thao-2-mau-dmb8-p273114494.html?spid=275815379,dây miband miband miband
263567526,VÒNG CHUỖI GỖ LỤC ĐẠO MỘC LIÊN HOA 20ly KHẮC LỤC TỰ MINH CHÚ OM MANI PADME HUM,230000.0,230000.0,0.0,0.0,0,,https://tiki.vnvong-chuoi-go-luc-dao-moc-lien-hoa-20ly-khac-luc-tu-minh-chu-om-mani-padme-hum-p263567526.html?spid=263567527,vòng chuỗi gỗ lục đạo
225918124,Đồng Hồ Julius nữ Hàn Quốc JA-1211,980000.0,980000.0,0.0,0.0,0,,https://tiki.vndong-ho-julius-nu-han-quoc-ja-1211-p225918124.html?spid=225918137,đồng hồ julius nữ hàn quốc
215135944,Đồng hồ nam Thomas Earnshaw Sandy Point Skeleton,4500000.0,4500000.0,0.0,0.0,0,,https://tiki.vndong-ho-nam-thomas-earnshaw-sandy-point-skeleton-p215135944.html?spid=215135945,đồng hồ nam thomas earnshaw
202048049,Đồng Hồ Nữ Bering Solar Màu Trắng 14426-001,10400000.0,10400000.0,0.0,0.0,0,,https://tiki.vndong-ho-nu-bering-solar-mau-trang-14426-001-p202048049.html?spid=202048051,đồng hồ nữ bering solar
202047920,[Sản Phẩm Quà Tặng - Không Bán] Túi Bering,200000.0,200000.0,0.0,0.0,0,,https://tiki.vnsan-pham-qua-tang-khong-ban-tui-bering-p202047920.html?spid=202047924,túi
201226164,Pin CR2016 (Viên Lẻ) Maxell Nhật Bản 3V Hàng Chính Hãng Date 2031  Made in Japan,15000.0,15000.0,0.0,0.0,0,,https://tiki.vnpin-cr2016-vien-le-maxell-nhat-ban-3v-hang-chinh-hang-date-2031-made-in-japan-p201226164.html?spid=205510458,pin cr2016 maxell nhật bản
196873208,"VÒNG TAY TỲ HƯU BẰNG ĐỒNG TRỪ TÀ , MANG BÌNH AN , TÀI LỘC CHO NAM",250000.0,250000.0,0.0,0.0,0,,https://tiki.vnvong-tay-ty-huu-bang-dong-tru-ta-mang-binh-an-tai-loc-cho-nam-p196873208.html?spid=196873209,vòng tay tỳ hưu đồng trừ tà mang
148750669,"Vòng cẩm thạch Tự nhiên Tím A Trắng 49mm x 6,8mm  Vòng màu tím nhẹ trắng vòng đẹp  Nữ mệnh Kim Thủy 45kg - 50kg ạ",1024860.0,1798000.0,773140.0,0.0,0,,https://tiki.vnvong-cam-thach-tu-nhien-tim-a-trang-49mm-x-6-8mm-vong-mau-tim-nhe-trang-vong-dep-nu-menh-kim-thuy-45kg-50kg-a-p148750669.html?spid=148750670,vòng cẩm thạch tự nhiên tím
145114920,VÒNG TAY MAY MẮN DÂY NGŨ SẮC VÀ HẠT ĐỒNG PHẬT GIÁO TÂY TẠNG,120000.0,120000.0,0.0,0.0,0,,https://tiki.vnvong-tay-may-man-day-ngu-sac-va-hat-dong-phat-giao-tay-tang-p145114920.html?spid=145114921,vòng tay may mắn dây ngũ sắc hạt
142230267,Vòng cẩm thạch tự nhiên Lý A 51mm x 7mm  Màu Trắng Bóng 2 điểm xanh lý nhẹ đẹp sang  Nữ Mệnh Kim mệnh Thủy 50kg - 57kg ạ,899000.0,1798000.0,899000.0,0.0,0,,https://tiki.vnvong-cam-thach-tu-nhien-ly-a-51mm-x-7mm-mau-trang-bong-2-diem-xanh-ly-nhe-dep-sang-nu-menh-kim-menh-thuy-50kg-57kg-a-p142230267.html?spid=142230268,vòng cẩm thạch tự nhiên lý a
115935844,Mặt Phật Di lạc Cẩm Thạch Phỉ thúy cao cấp,2680000.0,2680000.0,0.0,0.0,0,,https://tiki.vnmat-phat-di-lac-cam-thach-phi-thuy-cao-cap-p115935844.html?spid=115935845,mặt phật di lạc cẩm thạch phỉ
105901346,Bông Tai Tropicana Đính Đá Swarovski Quyến Rũ,435000.0,435000.0,0.0,4.0,1,,https://tiki.vnbong-tai-chuoi-coc-swarovski-p105901346.html?spid=105901350,bông tai tropicana đính đá
82884131,Vòng TAY GỖ TRẦM HƯƠNG TỰ NHIÊN HẠT TRÒN SIZE 13MM CÓ 17 HẠT LỌT VÀO VÒNG CUNG SANH NAM ĐEO TỐT Ạ,456000.0,760000.0,304000.0,0.0,0,,https://tiki.vnvong-tay-go-tram-huong-tu-nhien-hat-tron-size-13mm-co-17-hat-lot-vao-vong-cung-sanh-nam-deo-tot-a-p82884131.html?spid=82884132,vòng tay gỗ trầm hương tự nhiên
73859577,Charm Pha Lê Swarovski Hình Con Cá,580000.0,580000.0,0.0,0.0,0,,https://tiki.vncharm-swarovski-con-ca-p73859577.html?spid=73859578,charm pha lê swarovski hình
73209284,"Combo Vòng đeo tay Quý Bà, Chất liệu đá Cẩm Thạch Tự Nhiên, Dòng Calcite, kèm GIẤY GÍAM ĐỊNH (bản PHOTOCOPY) Và hộp Gấm lót Nhung Lụa",307000.0,307000.0,0.0,4.5,10,,https://tiki.vncombo-vong-deo-tay-quy-ba-chat-lieu-da-cam-thach-tu-nhien-dong-calcite-kem-hop-gam-lot-nhung-lua-p73209284.html?spid=73209285,combo vòng đeo tay
72882780,Vòng tay 108 hạt trầm hương thiên nhiên - Phi Long,389000.0,389000.0,0.0,0.0,0,,https://tiki.vnvong-tay-108-hat-tram-huong-thien-nhien-phi-long-p72882780.html?spid=84285788,vòng tay hạt trầm hương thiên nhiên
70210390,VÒNG TAY ĐÁ CẨM THẠCH LÝ XANH SIZE 52MM NỮ MẠNG MỘC HỎA CÂN NẶNG 50KG - 57KG Ạ,650000.0,1300000.0,650000.0,0.0,0,,https://tiki.vnvong-tay-da-cam-thach-ly-xanh-size-52mm-nu-mang-moc-hoa-can-nang-50kg-57kg-a-p70210390.html?spid=70210391,vòng tay đá cẩm thạch lý xanh
69464499,Hoa Tai Nữ Bạc Hiểu Minh HT177 bông hoa,546250.0,546250.0,0.0,0.0,0,,https://tiki.vnhoa-tai-nu-bac-hieu-minh-ht177-bong-hoa-p69464499.html?spid=69464500,hoa tai nữ bạc hiểu
57989019,"Đồng hồ đeo tay Nam hiệu JONAS & VERUS Y01646-Q3.BBXBB, Máy Pin (Quartz), Kính Sapphire, Dây Lưới thép không gỉ 316L",3150000.0,3150000.0,0.0,0.0,0,,https://tiki.vndong-ho-deo-tay-nam-hieu-jonas-verus-y01646-q3-bbxbb-may-pin-quartz-kinh-sapphire-day-luoi-thep-khong-gi-316l-p57989019.html?spid=57989020,đồng hồ đeo tay nam hiệu
57087045,CHIẾC VÒNG CẨM THẠCH ĐẬU LÝ 51I XANH NGỌC TƯƠI ĐẸP NỮ Mệnh MỘC Mệnh HỎA 50Kg đến 59Kg Đeo,754000.0,1300000.0,546000.0,0.0,0,,https://tiki.vnchiec-vong-cam-thach-dau-ly-51i-xanh-ngoc-tuoi-dep-nu-menh-moc-menh-hoa-50kg-den-59kg-deo-p57087045.html?spid=57087046,vòng cẩm thạch đậu lý 51
56959921,Nhẫn bạc nữ rắn đuôi xoắn Gix Jewel N38,1200000.0,1200000.0,0.0,0.0,0,,https://tiki.vnnhan-bac-nu-ran-duoi-xoan-gix-jewel-n38-p56959921.html?spid=56959923,nhẫn bạc nữ rắn
56235262,Đồng hồ nữ Julius Star Hàn Quốc JS-046B mặt chữ nhật viền đính đá,1998000.0,1998000.0,0.0,0.0,0,,https://tiki.vndong-ho-nu-julius-star-han-quoc-js-046-mat-chu-nhat-vien-dinh-da-nhieu-mau-p56235262.html?spid=56235266,đồng hồ nữ julius star
55316516,Nhẫn bạc nữ lông vũ 925 mạ vàng hồng 18k tphcm Gix Jewel N05,580000.0,580000.0,0.0,0.0,0,,https://tiki.vnnhan-bac-nu-long-vu-925-ma-vang-hong-18k-tphcm-gix-jewel-n05-p55316516.html?spid=55316520,nhẫn bạc nữ lông vũ
55151233,Nhẫn kiểu nữ đẹp đá xanh nước biển bạc cao cấp Gix Jewel N04,580000.0,580000.0,0.0,0.0,0,,https://tiki.vnnhan-kieu-nu-dep-da-xanh-nuoc-bien-bac-cao-cap-gix-jewel-n04-p55151233.html?spid=55151239,nhẫn kiểu nữ đẹp
52295242,Đồng Hồ Nữ SRwatch SL1071.1201TE - Sapphire - 30mm - Quartz (Pin) - Dây kim loại,1850000.0,1850000.0,0.0,0.0,0,,https://tiki.vndong-ho-srwatch-sapphire-nu-sl1071-1201te-30mm-quartz-pin-day-kim-loai-p52295242.html?spid=52295245,đồng hồ nữ srwatch sl1071
52199062,Đồng Hồ Nữ SRwatch SL1071.1102TE Sapphire - 30mm - Quartz (Pin) - Dây kim loại,1800000.0,1800000.0,0.0,5.0,1,,https://tiki.vndong-ho-srwatch-sapphire-nu-sl1071-1102te-30mm-quartz-pin-day-kim-loai-p52199062.html?spid=52199064,đồng hồ nữ srwatch sl1071
52107764,CHIẾC NHẪN MÃ NÃO XANH NGỌC SIZE 19MM CAO 13MM7 NAM MỆNH MỘC MỆNH HỎA,199000.0,199000.0,0.0,0.0,0,,https://tiki.vnchiec-nhan-ma-nao-xanh-ngoc-size-19mm-cao-13mm7-nam-menh-moc-menh-hoa-p52107764.html?spid=52107765,nhẫn mã não xanh ngọc size
48404541,Đồng Hồ Cặp Đôi SRWATCH SG5521.1302 (28mm & 39mm) - Quartz (Pin) - Dây Kim Loại,5000000.0,5000000.0,0.0,0.0,0,,https://tiki.vndong-ho-cap-doi-srwatch-sg5521-1302-28mm-39mm-quartz-pin-day-kim-loai-p48404541.html?spid=48404542,đồng hồ
42194820,Bông Tai Nam Khuyên Tròn Thép Titan Không Rỉ TT 1037 - 1 Cặp,56000.0,56000.0,0.0,4.3,7,,https://tiki.vnbong-tai-nam-khuyen-tron-thep-titan-khong-ri-tt-1037-1-cap-p42194820.html?spid=66607728,tai nam khuyên tròn thép
11628800,Đồng hồ Nữ dây kim loại Srwatch SL5521.1301,2950000.0,2950000.0,0.0,0.0,0,,https://tiki.vndong-ho-nu-day-kim-loai-srwatch-sl5521-1301-p11628800.html?spid=59086737,đồng hồ nữ dây kim loại
276583236,Dây đeo cho Samsung Watch 7/ 6/ 5/ 4/ 3/ FE (DNC3),149000.0,149000.0,0.0,0.0,0,,https://tiki.vnday-cho-samsung-watch-7-6-5-4-3-fe-silicone-dnc3-p276583236.html?spid=276583330,dây đeo samsung watch
276008945,"Vòng tay titan đá mẫu siêu hot, vòng tay titan đơn giản kiểu mới",123160.0,135000.0,11840.0,0.0,0,,https://tiki.vnvong-tay-titan-da-mau-sieu-hot-vong-tay-titan-don-gian-kieu-moi-p276008945.html?spid=276008947,vòng tay titan đá mẫu
275585136,Vòng đeo tay hợp kim khắc Rồng - T0204,110000.0,110000.0,0.0,0.0,0,,https://tiki.vnvong-deo-tay-hop-kim-khac-rong-t0204-p275585136.html?spid=275585139,vòng đeo tay hợp kim khắc
274085905,Vòng tay gỗ Tử Đàn khắc chú Om Mani Padme Hum - MS02,159000.0,159000.0,0.0,0.0,0,,https://tiki.vnvong-tay-go-tu-dan-khac-chu-om-mani-padme-hum-ms02-p274085905.html?spid=274085907,vòng tay gỗ tử đàn khắc
263924938,Dây đeo đồng hồ Tissot - Dây Đeo Đồng Hồ Da Cá Sấu Xanh Lá Thay Thế Dành Cho Tissot Size 19/20/21/22mm - Chất Liệu Da Cá Sấu Cao Cấp Tương Thích Tất Cả Các Phiên Bản Đồng Hồ Tissot - Bảo Hành 12 Tháng,990000.0,990000.0,0.0,0.0,0,,https://tiki.vnday-deo-dong-ho-tissot-day-deo-dong-ho-da-ca-sau-xanh-la-thay-the-danh-cho-tissot-size-19-20-21-22mm-chat-lieu-da-ca-sau-cao-cap-tuong-thich-tat-ca-cac-phien-ban-dong-ho-tissot-bao-hanh-12-thang-p263924938.html?spid=263952503,dây đeo đồng hồ tissot
261835018,Đồng hồ nữ SKAGEN  817SSXC,6750000.0,6750000.0,0.0,0.0,0,,https://tiki.vndong-ho-nu-skagen-817ssxc-p261835018.html?spid=261835019,đồng hồ nữ skagen 817
253241736,Dây silicon khoá nam châm màu đen dành cho đồng hồ Vivowatch 5,115000.0,115000.0,0.0,0.0,0,,https://tiki.vnday-silicon-khoa-nam-cham-mau-den-danh-cho-dong-ho-vivowatch-5-p253241736.html?spid=253241747,dây silicon khóa nam
253190408,Dây đeo đồng hồ Da Cá Sấu Nâu Đỏ Size 19/20/21/22 - Dây Đeo Da Cá Sấu Thật 100% - Bảo Hành 12 Tháng,690000.0,690000.0,0.0,0.0,0,,https://tiki.vnday-dong-ho-da-ca-sau-nau-do-size-19-20-21-22-day-deo-da-ca-sau-that-100-bao-hanh-12-thang-p253190408.html?spid=253190430,dây đeo đồng hồ da
251532867,"Dây Đồng Hồ Da Bò Italy Cao Cấp Màu Xanh Navy Size 14/16/18/20/22/24mm - Dây Da Đồng Hồ Da Bò Thật 100%, Bảo Hành 12T",640000.0,640000.0,0.0,0.0,0,,https://tiki.vnday-dong-ho-da-bo-italy-cao-cap-mau-xanh-navy-size-14-16-18-20-22-24mm-day-da-dong-ho-da-bo-that-100-bao-hanh-12t-p251532867.html?spid=251532871,dây đồng hồ da bò italy
244177969,Dây Đồng Hồ Da Cá Sấu Navy Size 18/20/22/24/26mm - Dây Đeo Da Cá Sấu Thật 100% - Bảo Hành 12 Tháng,840000.0,840000.0,0.0,5.0,3,,https://tiki.vnday-dong-ho-da-ca-sau-navy-size-18-20-22-24-26mm-day-deo-da-ca-sau-that-100-bao-hanh-12-thang-p244177969.html?spid=244177979,dây đồng hồ da cá sấu
229697147,Dây vải nilon dành cho đồng hồ Amazfit GTR4 / GTS4 / GTR 4 / GTS 4,85000.0,85000.0,0.0,4.5,2,,https://tiki.vnday-vai-nilon-danh-cho-dong-ho-amazfit-gtr4-gts4-gtr-4-gts-4-p229697147.html?spid=229697227,dây vải nilon dành
214515827,Dây Đồng Hồ Da Cá Sấu Xanh Navy Size 15/17/19/21/23/25mm - Dây Đeo Da Cá Sấu Thật 100% - Bảo Hành 12 Tháng,840000.0,840000.0,0.0,5.0,2,,https://tiki.vnday-dong-ho-da-ca-sau-xanh-navy-size-15-17-19-21-23-25mm-day-deo-da-ca-sau-that-100-bao-hanh-12-thang-p214515827.html?spid=214515869,dây đồng hồ da cá sấu
208645385,Dây da đồng hồ dành cho Amazfit GTR4 / GTS4,195000.0,195000.0,0.0,0.0,0,,https://tiki.vnday-da-dong-ho-danh-cho-amazfit-gtr4-gts4-p208645385.html?spid=208645428,dây da đồng hồ dành
204810621,Vòng tay Nam Nữ đá Cẩm Thạch Đậu Lý QC size lớn 64mm x cọng 10mm Vòng màu xanh đậu lý bông bóng đẹp Anh Chị tay to Cân Nặng 73kg- 85kg đeo ạ,1490000.0,2980000.0,1490000.0,0.0,0,,https://tiki.vnvong-tay-nam-nu-da-cam-thach-dau-ly-qc-size-lon-64mm-x-cong-10mm-vong-mau-xanh-dau-ly-bong-bong-dep-anh-chi-tay-to-can-nang-73kg-85kg-deo-a-p204810621.html?spid=204810622,vòng tay nam nữ đá cẩm thạch
203472671,"Bộ lắc tay 4 viên đá cẩm thạch tự nhiên hạt tròn xoe đẹp Size hạt tròn Ngang 12mm x dầy 1,8mm Màu Xanh Ngọc nhẹ Nữ làm lắc tay vàng đeo đẹp món quà tặng Mẹ, tặng Vợ người thân ý nghĩa ạ",680000.0,1360000.0,680000.0,0.0,0,,https://tiki.vnbo-lac-tay-4-vien-da-cam-thach-tu-nhien-hat-tron-xoe-dep-size-hat-tron-ngang-12mm-x-day-1-8mm-mau-xanh-ngoc-nhe-nu-lam-lac-tay-vang-deo-dep-mon-qua-tang-me-tang-vo-nguoi-than-y-nghia-a-p203472671.html?spid=203472672,bộ lắc tay
201282448,Vỉ 5 Viên Pin SR521SW / 379 / G0 Maxell Nhật Bản 1.55V Cho Đồng Hồ Đeo Tay,65000.0,65000.0,0.0,0.0,0,,https://tiki.vnvi-5-vien-pin-sr521sw-379-g0-maxell-nhat-ban-1-55v-cho-dong-ho-deo-tay-p201282448.html?spid=205509954,vỉ
196207831,Kính cường lực 2.5D cho Huawei Watch GT3 46mm,60000.0,60000.0,0.0,0.0,0,,https://tiki.vnkinh-cuong-luc-2-5d-cho-huawei-watch-gt3-46mm-p196207831.html?spid=196207868,kính cường lực
177895790,Dây da hydrid ngàm cong 20mm dành cho Samsung galaxy watch 4,200000.0,200000.0,0.0,0.0,0,,https://tiki.vnday-da-hydrid-ngam-cong-20mm-danh-cho-samsung-galaxy-watch-4-p177895790.html?spid=177895829,dây da hydrid ngàm
167913206,"Vòng tay nữ đá cẩm thạch Đậu Nở Sao 52mm x 7,2mm  Màu Xanh đậu lá tươi nhẹ nhàng bóng đẹp  Nữ mệnh Mộc, Hỏa, Thủy 50kg-57kg đeo ạ",650000.0,1300000.0,650000.0,0.0,0,,https://tiki.vnvong-tay-nu-da-cam-thach-dau-no-sao-52mm-x-7-2mm-mau-xanh-dau-la-tuoi-nhe-nhang-bong-dep-nu-menh-moc-hoa-thuy-50kg-57kg-deo-a-p167913206.html?spid=167913207,vòng tay nữ đá cẩm thạch
167425678,Lắc tay đá viên Julius ES016,149000.0,149000.0,0.0,0.0,0,,https://tiki.vnlac-tay-da-vien-julius-es016-p167425678.html?spid=197624117,lắc tay đá viên julius
120035394,"Dây đồng hồ Huy Hoàng da bò size 22, 24, 26 màu rêu, xám, xanh da HT8137-38-39",249000.0,249000.0,0.0,0.0,0,,https://tiki.vnhp8137-38-39-day-dong-ho-huy-hoang-da-bo-size-22-24-26-mau-reu-xam-xanh-da-p120035394.html?spid=120035431,dây đồng hồ huy hoàng da
107183090,Vòng Cẩm Thạch Xanh Lý Đẹp 59mm x 8mm  nữ mạng Mộc mạng Hỏa  57kg - 69kg đeo ạ,676000.0,1300000.0,624000.0,0.0,0,,https://tiki.vnvong-cam-thach-xanh-ly-dep-59mm-x-8mm-nu-mang-moc-mang-hoa-57kg-69kg-deo-a-p107183090.html?spid=107183091,vòng cẩm thạch xanh lý đẹp
103735604,Vòng Tay Phong Thủy Nam Nữ - Vòng Tay Gỗ Đàn Hương 14mm,84000.0,120000.0,36000.0,5.0,3,,https://tiki.vnvong-tay-phong-thuy-nam-nu-vong-tay-go-dan-huong-14mm-p103735604.html?spid=103735605,vòng tay phong thủy nam nữ vòng tay
84285434,CHIẾC VÒNG TAY PHONG THỦY ĐÁ CẨM THẠCH CỒ ĐỎ  CỌNG TO SIZE 56MM X DẦY 9MM MÀU ĐỎ ĐẬM ĐẸP  NAM NỮ MỆNH HỎA THỔ 56kg đến 68kg Ạ,534600.0,990000.0,455400.0,0.0,0,,https://tiki.vnchiec-vong-tay-phong-thuy-da-cam-thach-co-do-cong-to-size-56mm-x-day-9mm-mau-do-dam-dep-nam-nu-menh-hoa-tho-56kg-den-68kg-a-p84285434.html?spid=84285435,vòng tay phong thủy đá cẩm thạch
82412819,Dây Đồng Hồ NIBOSI Lưới Hít Khóa Nam Châm,99000.0,99000.0,0.0,5.0,2,,https://tiki.vnday-dong-ho-nibosi-luoi-hit-khoa-nam-cham-p82412819.html?spid=82412953,dây đồng hồ nibosi lưới
75551211,Bông tai vành tai S925 ngôi sao chứng nhân mẫu hot 2021,27930.0,39900.0,11970.0,4.5,15,,https://tiki.vnbong-tai-vanh-tai-s925-ngoi-sao-chung-nhan-mau-hot-2021-p75551211.html?spid=75551215,bông tai vành tai s925 ngôi sao
73752844,Bông tai ngọc trai,81950.0,89000.0,7050.0,5.0,3,,https://tiki.vnbong-tai-ngoc-trai-p73752844.html?spid=73815338,bông tai ngọc trai
73296554,Bông kẹp vành tai S925 - 1 đôi,63530.0,69000.0,5470.0,0.0,0,,https://tiki.vnbong-kep-vanh-tai-s925-1-doi-p73296554.html?spid=73296555,bông kẹp vành tai s925
66119092,VÒNG TAY TRẦM HƯƠNG 108 HẠT-MAY MẮN TÀI LỘC,200000.0,200000.0,0.0,5.0,1,,https://tiki.vnvong-tay-tram-huong-108-hat-may-man-tai-loc-p66119092.html?spid=72628189,vòng tay trầm hương hạt may mắn
57668946,"Đồng hồ nữ hiệu Jonas & Verus R32.10.WBBW, Máy Pin (Quartz), Kính sapphire chống trầy xước, Dây lưới thép không gỉ 316L",3150000.0,3150000.0,0.0,0.0,0,,https://tiki.vndong-ho-nu-hieu-jonas-verus-r32-10-wbbw-may-pin-quartz-kinh-sapphire-chong-tray-xuoc-day-luoi-thep-khong-gi-316l-p57668946.html?spid=57668947,đồng hồ nữ hiệu jonas verus
52432630,Vòng tay lắc tay nữ titant sang trọng mẫu trái tim đôi love mỏ neo,81950.0,85000.0,3050.0,5.0,3,,https://tiki.vnvong-tay-lac-tay-nu-titant-sang-trong-mau-trai-tim-doi-love-mo-neo-p52432630.html?spid=52432632,vòng tay lắc tay nữ
52145833,Bông tai titant đá đa sắc,63000.0,90000.0,27000.0,3.7,21,,https://tiki.vnbong-tai-titant-da-da-sac-p52145833.html?spid=52153014,tai titant đá
52144917,Nhẫn nữ đính đá đa sắc,152150.0,179000.0,26850.0,4.5,2,,https://tiki.vnnhan-nu-dinh-da-da-sac-p52144917.html?spid=52144919,nhẫn nữ đính đá
52060975,Vòng tay may mắn nam nữ,63000.0,90000.0,27000.0,0.0,0,,https://tiki.vnvong-tay-may-man-nam-nu-p52060975.html?spid=52060979,vòng tay may mắn
25964607,Đồng Hồ Nam Citizen Dây Da NJ0110-18A - Mặt,6100000.0,6100000.0,0.0,0.0,0,,https://tiki.vndong-ho-nam-citizen-day-da-nj0110-18a-mat-trang-p25964607.html?spid=25964608,đồng hồ nam citizen dây
20281910,Đồng Hồ Nam Citizen World Time Eco-Drive BX1006-85E (41mm) - Dây Kim Loại - Kính Sapphire - Mặt Đen,12085000.0,12085000.0,0.0,0.0,0,,https://tiki.vndong-ho-nam-citizen-day-thep-khong-gi-bx1006-85e-mat-den-p20281910.html?spid=20281911,đồng hồ nam citizen world
13246837,Bông tai nam titan kẹp vành không cần bấm lỗ xỏ lỗ 2 chiếc,18200.0,26000.0,7800.0,4.5,82,,https://tiki.vnbong-tai-nam-titan-kep-vanh-khong-can-bam-lo-xo-lo-2-chiec-p13246837.html?spid=46054120,bông tai nam titan kẹp
9926102,Đồng hồ nữ  Julius JA-732A (trắng,477000.0,477000.0,0.0,0.0,0,,https://tiki.vndong-ho-nu-julius-ja-732-p9926102.html?spid=11375847,đồng hồ nữ julius ja
8059513,Đồng Hồ Nam Citizen Dây Thép Không Gỉ AW1370-51M - Mặt Xanh,4830000.0,4830000.0,0.0,0.0,0,,https://tiki.vndong-ho-nam-citizen-day-thep-khong-gi-aw1370-51m-mat-xanh-p8059513.html?spid=13441092,đồng hồ nam citizen dây thép
1385535,Đồng Hồ Nữ Bulova Dây Da 97L159 - Mặt Trắng,5500000.0,5500000.0,0.0,0.0,0,,https://tiki.vndong-ho-nu-bulova-day-da-97l159-mat-trang-p1385535.html?spid=51714710,đồng hồ nữ bulova dây
277387285,Nhẫn Càn Long Chạm Rồng Nam Giả Ngà hay Xương Mỹ Nghệ màu trắng Ni 22mm Cao 14mm Dầy 4mm Dành Cho Các Anh Nam đeo nhẫn ngón tay cái hay bất kỳ ngón tay nào ni lọt vừa tay là 22mm rẻ vẫn đẹp như thường ạ,250000.0,500000.0,250000.0,0.0,0,,https://tiki.vnnhan-can-long-cham-rong-nam-gia-nga-hay-xuong-my-nghe-mau-trang-ni-22mm-cao-14mm-day-4mm-danh-cho-cac-anh-nam-deo-nhan-ngon-tay-cai-hay-bat-ky-ngon-tay-nao-ni-lot-vua-tay-la-22mm-re-van-dep-nhu-thuong-a-p277387285.html?spid=277387286,nhẫn càn long chạm
276642328,Nhẫn Ngọc Trai FW Thiết Kế Cao Cấp UK Style (Ray of Sun Mother of Pearl) - MOON Jewelry,2350000.0,2350000.0,0.0,0.0,0,,https://tiki.vnnhan-ngoc-trai-fw-thiet-ke-cao-cap-uk-style-ray-of-sun-mother-of-pearl-moon-jewelry-p276642328.html?spid=276642330,nhẫn ngọc trai fw thiết kế
274524122,Nhẫn vàng 14KR đính đá chủ Citrine thiên nhiên và đá CZ - MOON Jewelry,7210000.0,7210000.0,0.0,0.0,0,,https://tiki.vnnhan-vang-14kr-dinh-da-chu-citrine-thien-nhien-va-da-cz-moon-jewelry-p274524122.html?spid=274524126,nhẫn vàng kr đính
274029467,Dây chuyền phong thủy mặt Phật Chuẩn Đề Bồ Tát bằng gỗ Đàn Hương - Phật Bản Mệnh Tuổi Tý - S1,350000.0,350000.0,0.0,0.0,0,,https://tiki.vnday-chuyen-phong-thuy-mat-phat-thien-thu-thien-nhan-bang-go-dan-huong-phat-ban-menh-tuoi-ty-s1-p274029467.html?spid=274029468,dây chuyền phong thủy mặt phật chuẩn
272399522,Dây da Đồng hồ Samsung size 20mm (dây Dùng cho được Active2/ watch 4/watch 5/watch 6) Hàng Chính hãng,49000.0,49000.0,0.0,0.0,0,,https://tiki.vnday-da-dong-ho-samsung-size-20mm-day-dung-cho-duoc-active2-watch-4-watch-5-watch-6-hang-chinh-hang-p272399522.html?spid=272399530,dây da đồng hồ samsung
272166497,Vòng Cẩm Thạch tự nhiên mới TR LÝ Sao IC 49mm x cọng 7mm Vòng màu trắng xanh lý đều bóng đẹp nữ tay nhỏ 40kg - 49kg đeo rẻ đẹp ạ,980000.0,1960000.0,980000.0,0.0,0,,https://tiki.vnvong-cam-thach-tu-nhien-moi-tr-ly-sao-ic-49mm-x-cong-7mm-vong-mau-trang-xanh-ly-deu-bong-dep-nu-tay-nho-40kg-49kg-deo-re-dep-a-p272166497.html?spid=272166498,vòng cẩm thạch tự nhiên tr lý
271426675,Đồng Hồ Casio Nam MDV-107D-3AV Chính Hãng,2918380.0,3559000.0,640620.0,0.0,0,,https://tiki.vndong-ho-casio-nam-mdv-107d-3av-chinh-hang-p271426675.html?spid=271426676,đồng hồ casio nam mdv
270481547,Dây đồng hồ cho Amazfit Active/ Active 2/ GTS 4/ 3/ 2/ 2e/ 2 mini/ 4 mini/ GTS/ Bip/ Bip U/ Bip U Pro (DGT),115000.0,115000.0,0.0,5.0,1,,https://tiki.vnday-dong-ho-cho-amazfit-gts-4-3-2-2e-2-mini-4-mini-gts-bip-bip-u-bip-u-pro-dgt-p270481547.html?spid=270481569,dây đồng hồ amazfit active
262732856,Cáp sạc dành cho Realme Band 2 - dây dài 1m (CRMB2),119000.0,119000.0,0.0,0.0,0,,https://tiki.vncap-sac-cho-realme-band-2-day-dai-1m-crmb2-p262732856.html?spid=262732857,cáp sạc dành realme
261837074,Đồng hồ nữ SKAGEN HALD SKW2443,5950000.0,5950000.0,0.0,0.0,0,,https://tiki.vndong-ho-nu-skagen-hald-skw2443-p261837074.html?spid=261837075,đồng hồ nữ skagen hald
193777464,Dây da đồng hồ ZRC Pháp dòng CHARLESTON da bê dập vân cá sấu đen size 20mm,501500.0,590000.0,88500.0,0.0,0,,https://tiki.vnday-da-dong-ho-zrc-phap-dong-charleston-da-be-dap-van-ca-sau-den-size-20mm-p193777464.html?spid=193777465,dây da đồng hồ zrc pháp
177027888,Bộ Lắc Tay Yên Ngựa Mới 4 viên Xanh Ngọc Tươi đều bóng đẹp  Size Dài 20mm x Ngang 9mm x cao 3mm Đá Ngọc Cẩm Thạch tự nhiên  Nữ mệnh mộc hỏa thủy bọc vàng đeo đẹp sang món quà tặng ý nghĩa gửi đến Mẹ và người thân ạ,638000.0,1160000.0,522000.0,0.0,0,,https://tiki.vnbo-lac-tay-yen-ngua-moi-4-vien-xanh-ngoc-tuoi-deu-bong-dep-size-dai-20mm-x-ngang-9mm-x-cao-3mm-da-ngoc-cam-thach-tu-nhien-nu-menh-moc-hoa-thuy-boc-vang-deo-dep-sang-mon-qua-tang-y-nghia-gui-den-me-va-nguoi-than-a-p177027888.html?spid=177027889,bộ lắc tay yên
174824464,Vòng đeo tay Nữ đá cẩm thạch tự nhiên T Lý Size 49mm x cọng 7mm Màu trắng sáng bóng xanh lý 3 chỗ đều quanh vòng rất đẹp Nữ cân Nặng 40kg-49kg đeo đẹp ạ,899000.0,1798000.0,899000.0,0.0,0,,https://tiki.vnvong-deo-tay-nu-da-cam-thach-tu-nhien-t-ly-size-49mm-x-cong-7mm-mau-trang-sang-bong-xanh-ly-3-cho-deu-quanh-vong-rat-dep-nu-can-nang-40kg-49kg-deo-dep-a-p174824464.html?spid=174824465,vòng đeo tay nữ
155929702,Đôi Bông Ngọc Trai trắng sáng 9mm bóng đẹp Size hạt 9mm ngọc trai cao cấp thiên nhiên mệnh Kim Thủy Nữ về bọc Vàng làm đôi bông tai vàng đeo cực kỳ xinh luôn ạ,1849000.0,3698000.0,1849000.0,0.0,0,,https://tiki.vndoi-bong-ngoc-trai-trang-sang-9mm-bong-dep-size-hat-9mm-ngoc-trai-cao-cap-thien-nhien-menh-kim-thuy-nu-ve-boc-vang-lam-doi-bong-tai-vang-deo-cuc-ky-xinh-luon-a-p155929702.html?spid=155929703,
120168894,Vòng tay gỗ Bách Xanh cổ thụ (BH622) Có mùi thơm ngọt - vân gỗ đẹp - Mang lại tài lộc bình an - Bracelet of HAHANCO,29000.0,29000.0,0.0,3.7,3,,https://tiki.vnvong-tay-go-to-hop-bach-co-thu-thom-ngot-van-go-dep-mang-lai-tai-loc-binh-an-don-50k-hahanco-p120168894.html?spid=153999294,vòng tay gỗ bách xanh cổ thụ
114912009,Bông tai khuyên tai tròn nam châm basic không cần bấm lỗ unisex,35000.0,35000.0,0.0,4.7,3,,https://tiki.vnbong-tai-khuyen-tai-tron-nam-cham-basic-khong-can-bam-lo-unisex-p114912009.html?spid=114912017,bông tai khuyên tai tròn nam châm
108597555,Khuyên tai  bông tai thời trang nữ đa phong cách thời trang fashion new hot hit,46000.0,46000.0,0.0,0.0,0,,https://tiki.vnkhuyen-tai-bong-tai-thoi-trang-nu-da-phong-cach-thoi-trang-fashion-new-hot-hit-p108597555.html?spid=108597591,khuyên tai bông tai thời trang
106393329,GIÁ HỦY DIỆT Dây đồng hồ HUBLOT nam da lộn màu đen case 42 size dây 19 - 25 - 22,150000.0,150000.0,0.0,5.0,3,,https://tiki.vngia-huy-diet-day-dong-ho-hublot-nam-da-lon-mau-den-case-42-size-day-19-25-22-p106393329.html?spid=106393351,giá hủy diệt dây
106391756,"Dụng cụ giữ ty, giữ tovit để mài dũa trong sửa chữa đồng hồ",95000.0,95000.0,0.0,0.0,0,,https://tiki.vndung-cu-giu-ty-giu-tovit-de-mai-dua-trong-sua-chua-dong-ho-p106391756.html?spid=106391778,dụng cụ giữ ty giữ tovit
106391246,Bộ dụng cụ tháo dây 2 đầu inox xịn hàng loại 1 kèm 4 đầu thay,50000.0,50000.0,0.0,0.0,0,,https://tiki.vnbo-dung-cu-thao-day-2-dau-inox-xin-hang-loai-1-kem-4-dau-thay-p106391246.html?spid=106391256,dụng cụ tháo dây đầu
106390917,Tặng Kèm Tovit Thay Dây đồng hồ Hublot cao su nữ màu thơm mùi vani 13-19-18,127500.0,127500.0,0.0,5.0,5,,https://tiki.vntang-kem-tovit-thay-day-dong-ho-hublot-cao-su-nu-mau-thom-mui-vani-13-19-18-p106390917.html?spid=106390994,tặng kèm tovit thay
106390617,Hạt đá đính thay cho các loại đồng hồ,20000.0,20000.0,0.0,0.0,0,,https://tiki.vnhat-da-dinh-thay-cho-cac-loai-dong-ho-p106390617.html?spid=106390647,hạt đá đính thay
97894870,Hộp đựng đồng hồ - Hộp đựng 6 đồng hồ bằng gỗ màu nâu,299000.0,299000.0,0.0,5.0,33,,https://tiki.vnhop-dung-dong-ho-hop-dung-6-dong-ho-bang-go-mau-nau-p97894870.html?spid=97894892,hộp đựng đồng hồ hộp
94829473,Mặt Dây Chuyền Vàng 14K Đính Đá Fianite Hình Trái Tim ,2850000.0,2850000.0,0.0,0.0,0,,https://tiki.vnmat-day-chuyen-vang-14k-dinh-da-fianite-hinh-trai-tim-p94829473.html?spid=94829474,mặt dây chuyền vàng k
77534226,"CHIẾC VÒNG TAY ĐÁ CẨM THẠCH MỚI TR LÝ A54 size 54mm x dầy 7,8mm  MÀU TRẮNG ÁNH XANH LÝ NHẸ ĐẸP  NỮ 54kg đến 64kg Đeo tay đẹp ạ",899000.0,1798000.0,899000.0,0.0,0,,https://tiki.vnchiec-vong-tay-da-cam-thach-moi-tr-ly-a54-size-54mm-x-day-7-8mm-mau-trang-anh-xanh-ly-nhe-dep-nu-54kg-den-64kg-deo-tay-dep-a-p77534226.html?spid=77534227,vòng tay đá cẩm thạch tr lý
66574220,Bông tai unisex phối kim băng phong cách đường phố,68000.0,68000.0,0.0,0.0,0,,https://tiki.vnbong-tai-unisex-phoi-kim-bang-phong-cach-duong-pho-p66574220.html?spid=66574221,tai unisex phối kim băng
65963263,Bông tai thả ba thanh unisex phong cách,87000.0,87000.0,0.0,0.0,0,,https://tiki.vnbong-tai-tha-ba-thanh-unisex-phong-cach-p65963263.html?spid=66090448,bông tai thả thanh unisex
59384417,Vòng cổ titan ổ khoá unisex,129000.0,129000.0,0.0,0.0,0,,https://tiki.vnvong-co-titan-o-khoa-unisex-p59384417.html?spid=59384418,vòng cổ titan ổ khóa
59374100,Vòng tay lắc tay titan không đen nam nữ hot,102000.0,102000.0,0.0,3.5,4,,https://tiki.vnvong-tay-lac-tay-titan-khong-den-nam-nu-hot-p59374100.html?spid=59374101,vòng tay lắc tay titan
59202754,"MẶT DÂY CHUYỀN ĐÁ THẠCH ANH ƯU LINH TỰ NHIÊN HÌNH GIỌT NƯỚC MÀU BÔNG TRẮNG VÀNG CAO 23,5MM ĐK 17,5MM",450000.0,450000.0,0.0,0.0,0,,https://tiki.vnmat-day-chuyen-da-thach-anh-uu-linh-tu-nhien-hinh-giot-nuoc-mau-bong-trang-vang-cao-23-5mm-dk-17-5mm-p59202754.html?spid=59202755,mặt dây chuyền đá thạch ưu linh
58992109,Vòng cổ dây chuyền nam nữ đa phong cách trẻ trung hot trend,149000.0,149000.0,0.0,0.0,0,,https://tiki.vnvong-co-day-chuyen-nam-nu-da-phong-cach-tre-trung-hot-trend-p58992109.html?spid=58992110,vòng cổ dây chuyền nam nữ
22070716,VÒNG HUYẾT ÁP NHẬT BẢN CAO CẤP - CC2,1190000.0,1190000.0,0.0,4.7,6,,https://tiki.vnvong-huyet-ap-nhat-ban-cao-cap-cc2-p22070716.html?spid=56584570,vòng huyết áp nhật bản cao cấp
20058763,Bông tai xoắn BHBT164,35910.0,39900.0,3990.0,5.0,2,,https://tiki.vnbong-tai-xoan-bhbt164-p20058763.html?spid=22195339,tai xoắn
19558307,"Mặt dây chuyền 3 vòng MDC346 (Màu bạc, xanh)",95000.0,95000.0,0.0,0.0,0,,https://tiki.vnmat-day-chuyen-3-vong-mdc346-mau-bac-xanh-p19558307.html?spid=44825512,mặt dây chuyền vòng
11193289,Đồng Hồ Nam Citizen Siêu Mỏng Dây Thép Không Gỉ AR3079-85E - Mặt Đen (Sapphire),13485000.0,13485000.0,0.0,0.0,0,,https://tiki.vndong-ho-nam-citizen-sieu-mong-day-thep-khong-gi-ar3079-85e-mat-den-sapphire-p11193289.html?spid=11193290,đồng hồ nam citizen mỏng
11097922,Mặt dây chuyền thánh giá MDC322 (Màu Đen),180000.0,180000.0,0.0,5.0,2,,https://tiki.vnmat-day-chuyen-thanh-gia-mdc322-mau-den-p11097922.html?spid=44825524,mặt dây chuyền thánh giá
9863893,Lắc tay nam inox Hàn Quốc LT154 (Màu Bạc),140000.0,140000.0,0.0,0.0,0,,https://tiki.vnlac-tay-nam-inox-han-quoc-lt154-mau-bac-p9863893.html?spid=53059837,lắc tay nam inox
2304273,Đồng Hồ Nam Citizen Dây Titanium AW2024-81A - Mặt Trắng (Sapphire),9550000.0,9550000.0,0.0,0.0,0,,https://tiki.vndong-ho-nam-citizen-day-titanium-aw2024-81a-mat-trang-sapphire-p2304273.html?spid=2304275,đồng hồ nam citizen dây
881892,Bộ 2 Bông Tai Hình Ngôi Sao Winwinshop88 BT184 - Đen,35550.0,39500.0,3950.0,0.0,0,,https://tiki.vnbo-2-bong-tai-hinh-ngoi-sao-winwinshop88-bt184-den-p881892.html?spid=45801840,bộ
278429334,Máy Nước Nóng Trực Tiếp Gắn Chậu gắn tường có bộ chống giật làm nóng 3s,499000.0,499000.0,0.0,0.0,0,,https://tiki.vnmay-nuoc-nong-truc-tiep-gan-chau-gan-tuong-co-bo-chong-giat-lam-nong-3s-p278429334.html?spid=278429338,máy nước nóng trực tiếp
278429326,Đèn pha LED T4s 3 màu | chíp led Cao cấp lắp zin sài được cả điện máy hàng loại 1 bảo hành 12 tháng,289000.0,289000.0,0.0,0.0,0,,https://tiki.vnden-pha-led-t4s-3-mau-chip-led-cao-cap-lap-zin-sai-duoc-ca-dien-may-hang-loai-1-bao-hanh-12-thang-p278429326.html?spid=278429327,đèn pha led t4s màu
278380715,"(CÓ CHỈNH NHIỆT ĐỘ) máy nước nóng trực tiếp tại vòi, tặng ổ cắm chống giật",1299000.0,1299000.0,0.0,0.0,0,,https://tiki.vnco-chinh-nhiet-do-may-nuoc-nong-truc-tiep-tai-voi-tang-o-cam-chong-giat-p278380715.html?spid=278380716,máy nước nóng trực tiếp
278370528,Mặt Dây Chuyền hay Mặt Nhẫn Túi Tiền Đá Cẩm Thạch Đỏ Cam Đậm Đẹp Size Dài 17mm Ngang 14mm Dầy 6mm Nữ lên trang sức đeo đẹp hợp mệnh hỏa mệnh thổ ạ,760000.0,760000.0,0.0,0.0,0,,https://tiki.vnmat-day-chuyen-hay-mat-nhan-tui-tien-da-cam-thach-do-cam-dam-dep-size-dai-17mm-ngang-14mm-day-6mm-nu-len-trang-suc-deo-dep-hop-menh-hoa-menh-tho-a-p278370528.html?spid=278370529,mặt dây chuyền mặt nhẫn túi
192302354,Dây chuyền vòng cổ mix hoa hạt ngọc trai nhỏ xinh đẹp choker ngọc trai sang chảnh sexy nữ tính,168000.0,168000.0,0.0,5.0,1,,https://tiki.vnday-chuyen-vong-co-mix-hoa-hat-ngoc-trai-nho-xinh-dep-choker-ngoc-trai-sang-chanh-sexy-nu-tinh-p192302354.html?spid=192302360,dây chuyền vòng cổ mix
192289687,Body chain chuỗi đeo vòng cổ body sexy mix hạt châu,278000.0,278000.0,0.0,0.0,0,,https://tiki.vnbody-chain-chuoi-deo-vong-co-body-sexy-mix-hat-chau-p192289687.html?spid=192289688,body chain chuỗi đeo
189587846,"Chuỗi hạt đeo tay niệm phật gỗ Đàn Hương Xanh Ấn độ, điêu khắc hình Phật, kèm hộp đựng Cẩm tú",115540.0,218000.0,102460.0,0.0,0,,https://tiki.vnchuoi-hat-deo-tay-niem-phat-go-dan-huong-xanh-an-do-dieu-khac-hinh-phat-kem-hop-dung-cam-tu-p189587846.html?spid=189587856,chuỗi hạt đeo tay niệm
174315518,Bộ trang sức cô dâu sang trọng quý phái dành cho nữ,224000.0,224000.0,0.0,0.0,0,,https://tiki.vnbo-trang-suc-co-dau-sang-trong-quy-phai-danh-cho-nu-p174315518.html?spid=174315519,trang sức cô dâu sang trọng quý phái
174097250,Bộ trang sức bông tai và dây chuyền đính đá cô dâu CD2202,198000.0,198000.0,0.0,0.0,0,,https://tiki.vnbo-trang-suc-bong-tai-va-day-chuyen-dinh-da-co-dau-cd2202-p174097250.html?spid=174097251,bộ trang sức bông tai dây chuyền
174017131,Bộ trang sức cô dâu hoạ tiết hoa và đá zircon sang trọng tinh tế,294000.0,294000.0,0.0,0.0,0,,https://tiki.vnbo-trang-suc-co-dau-hoa-tiet-hoa-va-da-zircon-sang-trong-tinh-te-p174017131.html?spid=174017132,trang sức cô dâu họa tiết hoa
127558248,"Vòng tay huyết áp nhật bản, dài 21cm, bản rộng 1.2cm, mẫu Tahoma-LXG005, Kèm hộp đựng Crown.X",407570.0,769000.0,361430.0,5.0,1,,https://tiki.vnvong-tay-huyet-ap-nhat-ban-dai-21cm-ban-rong-1-2cm-mau-tahoma-lxg005-kem-hop-dung-crown-x-p127558248.html?spid=127558250,vòng tay huyết áp nhật bản dài cm
106390688,Dây Đồng Hồ Vải Dù Zulu Nato size 18mm 20mm,63700.0,63700.0,0.0,4.2,18,,https://tiki.vnday-dong-ho-vai-du-zulu-nato-size-18mm-20mm-p106390688.html?spid=106390721,dây đồng hồ vải zulu
86143337,Nhẫn chuỗi xích titan nam nữ nhẫn đôi nhiều hoạ tiết punk rock,78000.0,78000.0,0.0,0.0,0,,https://tiki.vnnhan-chuoi-xich-titan-nam-nu-nhan-doi-nhieu-hoa-tiet-punk-rock-p86143337.html?spid=86143338,nhẫn chuỗi xích titan
70664508,"Bộ Vòng đeo tay phong Thủy Gỗ Đàn Hương Xanh Tự Nhiên Ấn Độ, Kèm Hộp đựng lót nhung nỉ",174370.0,329000.0,154630.0,3.7,3,,https://tiki.vnbo-vong-deo-tay-phong-thuy-go-dan-huong-xanh-tu-nhien-an-do-kem-hop-dung-lot-nhung-ni-p70664508.html?spid=70664514,vòng đeo tay phong thủy
70101454,Dây chuyền nam titan không rỉ siêu cool giới trẻ,129000.0,129000.0,0.0,0.0,0,,https://tiki.vnday-chuyen-nam-titan-khong-ri-sieu-cool-gioi-tre-p70101454.html?spid=70101455,dây chuyền nam titan rỉ siêu cool
68985571,Bông tai xỏ lỗ sụn tối giản tôn thần thái,56000.0,56000.0,0.0,0.0,0,,https://tiki.vnbong-tai-xo-lo-sun-toi-gian-ton-than-thai-p68985571.html?spid=68985572,bông tai xỏ lỗ sụn tối giản
67724492,Vòng cổ dây chuyền đồng xu đơn giản nhiều lớp đa phong cách,149000.0,149000.0,0.0,0.0,0,,https://tiki.vnvong-co-day-chuyen-dong-xu-don-gian-nhieu-lop-da-phong-cach-p67724492.html?spid=67724493,vòng cổ
66610228,Vòng tay lắc tay xích OT nhiều loại chain titan đa phong cách,88000.0,88000.0,0.0,0.0,0,,https://tiki.vnvong-tay-lac-tay-xich-ot-nhieu-loai-chain-titan-da-phong-cach-p66610228.html?spid=66610234,vòng tay lắc tay xích
63308212,Đôi bông tai nữ tạm giác phối xích mảnh đuôi hạt châu khí chất,102000.0,102000.0,0.0,0.0,0,,https://tiki.vndoi-bong-tai-nu-tam-giac-phoi-xich-manh-duoi-hat-chau-khi-chat-p63308212.html?spid=63308213,
60238497,Vòng cổ thời trang nam nữ titan thép mix vảy tròn,129000.0,129000.0,0.0,0.0,0,,https://tiki.vnvong-co-thoi-trang-nam-nu-titan-thep-mix-vay-tron-p60238497.html?spid=60238498,vòng cổ thời trang nam nữ
59483351,Vòng cổ và vòng tay ổ khoá cá tính quà tặng bạn bè người thân yêu,118000.0,118000.0,0.0,0.0,0,,https://tiki.vnvong-co-va-vong-tay-o-khoa-ca-tinh-qua-tang-ban-be-nguoi-than-yeu-p59483351.html?spid=59483353,vòng cổ vòng tay ổ khóa
59227456,Bông tai thiết kế ghim băng  siêu phẩm,58000.0,58000.0,0.0,0.0,0,,https://tiki.vnbong-tai-thiet-ke-ghim-bang-sieu-pham-p59227456.html?spid=59227460,bông tai thiết kế ghim
57776173,Dây chuyền vòng cổ nam nữ 2 tầng cá tính,98000.0,98000.0,0.0,0.0,0,,https://tiki.vnday-chuyen-vong-co-nam-nu-2-tang-ca-tinh-p57776173.html?spid=57776175,dây chuyền vòng cổ nam nữ
50370574,Dây Chuyền Đeo Cổ Nam Tính Báo Mạ Vàng 18K + TẶNG LÁ BỒ ĐỀ MAY MẮN TÀI LỘC ĐỂ VÍ ĐIỆN THOẠI,345000.0,345000.0,0.0,0.0,0,,https://tiki.vnday-chuyen-deo-co-nam-tinh-bao-ma-vang-18k-tang-la-bo-de-may-man-tai-loc-de-vi-dien-thoai-p50370574.html?spid=155645390,dây chuyền đeo cổ nam tính
49590815,"Vòng tay đá mã não đỏ dành cho nữ, hàng đẹp, đủ size",225000.0,225000.0,0.0,5.0,1,,https://tiki.vnvong-tay-da-ma-nao-do-danh-cho-nu-hang-dep-du-size-p49590815.html?spid=177017452,vòng tay đá mã não
46242612,Vòng tay nam phong thủy may mắn (đá Obsidian với tỳ hưu vàng),60000.0,60000.0,0.0,3.9,16,,https://tiki.vnvong-tay-nam-phong-thuy-may-man-da-obsidian-voi-ty-huu-vang-p46242612.html?spid=46242613,vòng tay nam phong thủy may mắn
44234227,CUỘN DÂY THUN CO GIÃN DẦY 1MM MÀU TÍM THAN NHẸ XỎ VÒNG TAY GỖ NAM ,65000.0,130000.0,65000.0,0.0,0,,https://tiki.vncuon-day-thun-co-gian-day-1mm-mau-tim-than-nhe-xo-vong-tay-go-nam-p44234227.html?spid=44234228,cuộn dây thun co giãn dầy
26678979,Vòng Tay Nữ Mạ Vàng 18K Kiểu Hạt Châu,135000.0,135000.0,0.0,0.0,0,,https://tiki.vnvong-tay-nu-ma-vang-18k-kieu-hat-chau-p26678979.html?spid=214150359,vòng tay nữ mạ vàng
22304867,Vòng Tay Mã Não Đen Khắc Thần Chú 10ly - Vòng tay phong thủy cho nam và nữ,77000.0,110000.0,33000.0,4.7,9,,https://tiki.vnvong-tay-ma-nao-den-khac-than-chu-10ly-vong-tay-phong-thuy-cho-nam-va-nu-p22304867.html?spid=59188400,vòng tay mã não đen khắc thần chú
19416866,2 CUỘN THUN CO GIÃN MÀU XANH LÁ VÀ ĐEN HOẶC NÂU ĐEN XỎ CHUYÊN XỎ VÒNG TAY BẰNG ĐÁ NAM NỮ ,90000.0,180000.0,90000.0,0.0,0,,https://tiki.vn2-cuon-thun-co-gian-mau-xanh-la-va-den-hoac-nau-den-xo-chuyen-xo-vong-tay-bang-da-nam-nu-p19416866.html?spid=19416867,
19252282,Vòng chuỗi hạt đeo tay gỗ niệm 108 hạt gỗ tự nhiên tràng hạt,195040.0,368000.0,172960.0,4.8,28,,https://tiki.vnvong-chuoi-hat-deo-tay-go-niem-108-hat-go-tu-nhien-trang-hat-p19252282.html?spid=45743820,vòng chuỗi hạt đeo
14345329,Vòng Tay Đá Mã Não Đốt Trúc - Vòng tay phong thủy - Lắc tay đá phong thủy - Mang lại may mắn,85000.0,85000.0,0.0,1.0,1,,https://tiki.vnvong-tay-da-ma-nao-dot-truc-vong-tay-phong-thuy-lac-tay-da-phong-thuy-mang-lai-may-man-p14345329.html?spid=14345333,vòng tay đá mã não
13119587,Bông tai nam Chữ Thập xỏ lỗ,31500.0,35000.0,3500.0,4.8,16,,https://tiki.vnbong-tai-nam-chu-thap-xo-lo-p13119587.html?spid=48534740,bông tai nam chữ thập xỏ
12960322,Vòng tay đá ngọc Malaysia mix tỳ hưu đổi màu theo nhiệt độ MS304 - 10 li,125000.0,125000.0,0.0,1.0,1,,https://tiki.vnvong-tay-da-ngoc-malaysia-mix-ty-huu-doi-mau-theo-nhiet-do-ms304-p12960322.html?spid=79662811,vòng tay đá ngọc malaysia
9850709,"Vòng tay đá thạch anh đen mix charm cung hoàng đạo MS214, Vòng tay phong thủy hợp mệnh Thủy, Mộc, Thổ cho nữ và nam",125000.0,125000.0,0.0,3.0,1,,https://tiki.vnvong-tay-da-thach-anh-den-mix-charm-cung-hoang-dao-ms214-vong-tay-phong-thuy-hop-menh-thuy-moc-tho-cho-nu-va-nam-p9850709.html?spid=90743339,vòng tay đá thạch đen mix
9420648,"Vòng tay đá mã não đỏ MS185, vòng tay phong thủy cho người mệnh hỏa, thổ, thủy nam và nữ",69000.0,69000.0,0.0,5.0,2,,https://tiki.vnvong-tay-da-ma-nao-do-ms185-vong-tay-phong-thuy-cho-nguoi-menh-hoa-tho-thuy-nam-va-nu-p9420648.html?spid=48915326,vòng tay đá mã não
9364346,"Vòng tay đá mã não đỏ mix tỳ hưu vàng MS52, vòng tay phong thủy cho người mệnh hỏa, thổ, thủy nam và nữ",100000.0,100000.0,0.0,0.0,0,,https://tiki.vnvong-tay-da-ma-nao-do-mix-ty-huu-vang-ms52-vong-tay-phong-thuy-cho-nguoi-menh-hoa-tho-thuy-nam-va-nu-p9364346.html?spid=84426443,vòng tay đá mã não
3594551,Đồng Hồ Nữ Srwatch SL1056.4101TE,1250000.0,1250000.0,0.0,0.0,0,,https://tiki.vndong-ho-nu-srwatch-sl1056-4101te-p3594551.html?spid=59100526,đồng hồ nữ srwatch sl1056
278949590,Mặt dây chuyền Cẩm Thạch trắng trái tim chạm hoa hồng size 22x24mm thanh lịch,220000.0,220000.0,0.0,0.0,0,,https://tiki.vnmat-day-chuyen-cam-thach-trang-trai-tim-cham-hoa-hong-size-22x24mm-thanh-lich-osc0252-hoa-minh-gem-p278949590.html?spid=278949591,mặt dây chuyền cẩm thạch trắng
278911027,"Vòng tay chuỗi 108 hạt Mã Não trắng 6 li phối đá Mã Não vàng, charm Thần Tài bạc xi vàng Bình An Tài Lộc",500000.0,500000.0,0.0,0.0,0,,https://tiki.vnvong-tay-chuoi-108-hat-ma-nao-trang-6-li-phoi-da-ma-nao-vang-charm-than-tai-bac-xi-vang-binh-an-tai-loc-hoa-minh-gem-p278911027.html?spid=278932459,vòng tay chuỗi hạt mã
278905183,Nhẫn đá cẩm thạch lam ngọc dày 4-5 li không kén mệnh,300000.0,300000.0,0.0,0.0,0,,https://tiki.vnnhan-da-cam-thach-lam-ngoc-day-4-5-li-khong-ken-menh-hoa-minh-gem-p278905183.html?spid=278932109,nhẫn đá cẩm thạch lam ngọc
243051631,VÒNG TAY NAM NỮ GỖ BÁCH XANH – VẬN TÀI – MAY MẮN ( Mian .vn),62000.0,120000.0,58000.0,0.0,0,,https://tiki.vnvong-tay-nam-nu-go-bach-xanh-van-tai-may-man-mian-vn-p243051631.html?spid=243051633,vòng tay nam nữ gỗ bách xanh
225911521,Dây chuyền mặt Phật Hư Không Tạng Bồ Tát hoa sen bằng đồng - MV02,99000.0,99000.0,0.0,0.0,0,,https://tiki.vnday-chuyen-mat-phat-hu-khong-tang-bo-tat-hoa-sen-bang-dong-mv02-p225911521.html?spid=225911522,dây chuyền mặt phật hư
201225928,"[Mệnh Hỏa, Thổ] Bộ Vòng Chuỗi, Tràng Hạt Phong Thủy 108 Hạt Đá Thạch Anh Tím Than 6 ly - Tràng Chuỗi Niệm Phật - An Yên - Thịnh Vượng - May Mắn - Tài Lộc",249000.0,249000.0,0.0,0.0,0,,https://tiki.vnmenh-hoa-tho-bo-vong-chuoi-trang-hat-phong-thuy-108-hat-da-thach-anh-tim-than-6-ly-trang-chuoi-niem-phat-an-yen-thinh-vuong-may-man-tai-loc-p201225928.html?spid=201225929,vòng chuỗi tràng hạt phong thủy
199045622, Dây đồng hồ da bò nhiều size màu nâu bạc HJ8114-28-42,89500.0,179000.0,89500.0,4.0,1,,https://tiki.vnday-dong-ho-da-bo-nhieu-size-mau-nau-bac-hj8114-28-42-p199045622.html?spid=199045636,dây đồng hồ da bò nhiều
199044927,Dây đồng hồ da bò nhiều size màu tím đậm HJ8113-27-41,74500.0,149000.0,74500.0,0.0,0,,https://tiki.vnday-dong-ho-da-bo-nhieu-size-mau-tim-dam-hj8113-27-41-p199044927.html?spid=199044933,dây đồng hồ da bò nhiều
160997035,Vòng Tay Trầm Hương 108 Hạt- Chuỗi Tràng Hạt - Trầm Hương Quảng Nam - Trầm Tốc Tự Nhiên - Size 8 ly,245000.0,245000.0,0.0,0.0,0,,https://tiki.vnvong-tay-tram-huong-108-hat-chuoi-trang-hat-tram-huong-quang-nam-tram-toc-tu-nhien-size-8-ly-p160997035.html?spid=183037384,vòng tay trầm hương hạt chuỗi
129210842,"HJ8115-16-17-18 - Dây đồng hồ Huy Hoàng da bò size 16, 18, 20 màu đen, nâu đất, xanh lá, nâu đỏ",104500.0,209000.0,104500.0,0.0,0,,https://tiki.vnhj8115-16-17-18-day-dong-ho-huy-hoang-da-bo-size-16-18-20-mau-den-nau-dat-xanh-la-nau-do-p129210842.html?spid=129210858,hj8115 17 dây đồng hồ
71958295,Vòng tràng hạt Trầm Tốc tự nhiên 108 hạt mùi thơm vĩnh viễn,225000.0,225000.0,0.0,2.0,1,,https://tiki.vnvong-trang-hat-tram-toc-tu-nhien-108-hat-mui-thom-vinh-vien-p71958295.html?spid=107953498,vòng tràng hạt trầm tốc
55729142,Chuỗi hạt đeo tay đá mắt hổ xanh đen 14 ly - Vòng chuỗi đeo tay đá phong thủy,260000.0,260000.0,0.0,4.0,1,,https://tiki.vnchuoi-hat-deo-tay-da-mat-ho-xanh-den-14-ly-vong-chuoi-deo-tay-da-phong-thuy-p55729142.html?spid=169411371,chuỗi hạt đeo tay
33424776,Dây chuyền nam mạ,285000.0,285000.0,0.0,0.0,0,,https://tiki.vnday-chuyen-nam-ma-vang-24k-p33424776.html?spid=75477034,dây chuyền nam
32190752,Bộ Vòng Xi Men Gồm 07 Chiếc Mạ Vàng 24K - MS.TH 116.22.08,240000.0,240000.0,0.0,5.0,1,,https://tiki.vnbo-vong-xi-men-gom-07-chiec-ma-vang-24k-ms-th-116-22-08-p32190752.html?spid=75483279,vòng xi men gồm
29938638,Vòng tay mã não,159000.0,159000.0,0.0,2.5,2,,https://tiki.vnvong-tay-ma-nao-do-18-li-p29938638.html?spid=34530607,vòng tay mã
25125692,Vòng tay chuỗi 108 Hạt Trầm Hương Sánh Ghép cho nam CMH01,230000.0,230000.0,0.0,0.0,0,,https://tiki.vnvong-tay-chuoi-108-hat-tram-huong-sanh-ghep-cho-nam-cmh01-p25125692.html?spid=94231227,vòng tay chuỗi hạt trầm hương
25001215,Lắc tay bi nữ dát,139000.0,139000.0,0.0,2.0,1,,https://tiki.vnlac-tay-bi-nu-dat-vang-18k-p25001215.html?spid=75483297,lắc tay bi nữ
20123436,Vòng tay đá mắt hổ nâu đỏ,199000.0,199000.0,0.0,0.0,0,,https://tiki.vnvong-tay-da-mat-ho-nau-do-p20123436.html?spid=189633230,vòng tay đá mắt hổ nâu
19374653,VÒNG 14mm ĐÁ MẮT HỔ VÀNG NÂU ĐẸP NAM MỆNH THỔ KIM  THUỶ ĐÁ TỰ NHIÊN,350000.0,350000.0,0.0,0.0,0,,https://tiki.vnvong-14mm-da-mat-ho-vang-nau-dep-nam-menh-tho-kim-thuy-da-tu-nhien-p19374653.html?spid=102629549,vòng mm đá mắt
19256917,Dây chuyền mặt Song Ngư - thạch anh đen DESNEL1,218900.0,218900.0,0.0,0.0,0,,https://tiki.vnday-chuyen-mat-song-ngu-thach-anh-den-desnel1-p19256917.html?spid=19256918,dây chuyền mặt ngư thạch đen
17010133,Dây chuyền nam mạ Vàng 24k phong cách Hàn Quốc D6,158000.0,158000.0,0.0,4.0,4,,https://tiki.vnday-chuyen-nam-ma-vang-24k-phong-cach-han-quoc-d6-p17010133.html?spid=75300985,dây chuyền nam mạ vàng
16836617,Vòng tay nam nữ bện chỉ đỏ bản to may mắn CD20,15400.0,22000.0,6600.0,4.3,6,,https://tiki.vnvong-tay-nam-nu-ben-chi-do-ban-to-may-man-cd20-p16836617.html?spid=52723918,vòng tay nam nữ bện đỏ bản
16520395,"Vòng tay mã não đỏ MS357, Vòng tay phong thủy hợp mênh Hỏa, Thổ, Thủy cho nam và nữ",145000.0,145000.0,0.0,0.0,0,,https://tiki.vnvong-tay-ma-nao-do-ms357-vong-tay-phong-thuy-hop-menh-hoa-tho-thuy-cho-nam-va-nu-p16520395.html?spid=192006015,vòng tay mã não đỏ ms357
13378352,Vòng tay gỗ trầm hương 108 hạt phong cách phật giáo,185000.0,185000.0,0.0,3.5,6,,https://tiki.vnchuoi-vong-tay-tram-huong-tu-nhien-cao-cap-108-hat-phong-cach-phat-giao-p13378352.html?spid=19772144,vòng tay gỗ trầm hương hạt
11450588,Vòng Cổ Mặt Gỗ Hoàng Đàn Khắc Hình Thần Tài MG36,141900.0,141900.0,0.0,0.0,0,,https://tiki.vnvong-co-mat-go-hoang-dan-khac-hinh-than-tai-mg36-p11450588.html?spid=11450589,vòng cổ mặt gỗ hoàng đàn
11445495,Vòng cổ mặt gỗ hoàng đàn Phật A di đà MG17,141900.0,141900.0,0.0,0.0,0,,https://tiki.vnvong-co-mat-go-hoang-dan-phat-a-di-da-mg17-p11445495.html?spid=11445496,vòng cổ mặt gỗ hoàng phật
11310490,"Vòng tay đá mã não đỏ mix hạt tròn MS228-U-8, Vòng tay phong thủy hợp mệnh Hỏa, Thổ, Thủy cho nam và nữ",125000.0,125000.0,0.0,5.0,1,,https://tiki.vnvong-tay-da-ma-nao-do-mix-hat-tron-ms228-vong-tay-phong-thuy-hop-menh-hoa-tho-thuy-p11310490.html?spid=81318026,vòng tay đá mã não
10565597,"Mặt dây chuyền Phật A Di Đà thạch anh đen 5cm - phật bản mệnh tuổi Tuất, Hợi - mặt phật size lớn",141900.0,141900.0,0.0,5.0,1,,https://tiki.vnmat-day-chuyen-phat-ban-menh-a-di-da-den-5cm-tuoi-tuat-hoi-p10565597.html?spid=10565598,mặt dây chuyền phật a di đà
9797835,Mặt phật Bất Động Minh Vương thủy tinh vàng size nhỏ 3.6cm - phật bản mệnh tuổi Dậu,79000.0,79000.0,0.0,0.0,0,,https://tiki.vnmat-phat-bat-dong-minh-vuong-thuy-tinh-vang-3-6cm-p9797835.html?spid=9797836,mặt phật bất động minh vương thủy
9666269,"Mặt phật Phổ Hiền Bồ Tát thủy tinh xanh dương 3.6cm - phật bản mệnh tuổi Thìn, Tỵ",79000.0,79000.0,0.0,0.0,0,,https://tiki.vnmat-phat-pho-hien-bo-tat-thuy-tinh-xanh-duong-3-6cm-p9666269.html?spid=9666270,mặt phật phổ hiền bồ tát
9589302,"Mặt phật A Di Đà pha lê tím 3.6cm kèm hộp nhung - Phật bản mệnh tuổi Tuất, Hợi - Mặt phật size nhỏ",99000.0,99000.0,0.0,0.0,0,,https://tiki.vnmat-phat-a-di-da-thuy-tinh-tim-3-6cm-kem-hop-nhung-p9589302.html?spid=9589303,mặt phật a di đà pha
9513040,"Mặt phật Như Lai Đại Nhật thủy tinh tím size nhỏ 3.6cm - phật bản mệnh tuổi Mùi, Thân",79000.0,79000.0,0.0,0.0,0,,https://tiki.vnmat-phat-nhu-lai-dai-nhat-thuy-tinh-tim-3-6cm-p9513040.html?spid=9513041,mặt phật lai đại nhật thủy
8240455,"Vòng cổ phật A Di Đà pha lê vàng 5cm - Phật bản mệnh tuổi Tuất, Hợi - Mặt phật size lớn",129000.0,129000.0,0.0,0.0,0,,https://tiki.vnvong-co-a-di-da-pha-le-vang-5cm-p8240455.html?spid=8240456,vòng cổ phật a di đà pha
7632233,Hạt chuỗi đeo tay Nam mộc 18 ly,176000.0,176000.0,0.0,0.0,0,,https://tiki.vnhat-chuoi-deo-tay-nam-moc-18-ly-p7632233.html?spid=7632234,hạt chuỗi đeo tay
6543567,Vòng tay Thạch Anh Đỏ mix Thạch Anh Đen 8 ly 22 hạt - Chuỗi đeo tay phong thủy - Chuỗi đeo tay size nhỏ,176000.0,176000.0,0.0,0.0,0,,https://tiki.vnvong-tay-chuoi-hat-da-thach-anh-do-den-8-ly-22-hat-p6543567.html?spid=6543569,vòng tay thạch đỏ mix thạch
6505439,Mặt dây chuyền tuổi Thìn đá mắt hổ,220000.0,220000.0,0.0,0.0,0,,https://tiki.vnmat-day-chuyen-tuoi-thin-da-mat-ho-p6505439.html?spid=6505441,mặt tuổi thìn đá
5525919,Vòng Tay Đá Mắt Hổ - Xanh Lá MS186 ( Size,249000.0,249000.0,0.0,0.0,0,,https://tiki.vnvong-tay-da-mat-ho-ms186-xanh-la-p5525919.html?spid=95442818,vòng tay đá mắt hổ
5490887,Vòng tay chuỗi hạt đá thạch anh tím 12 ly 16 hạt,196900.0,196900.0,0.0,0.0,0,,https://tiki.vnvong-tay-chuoi-hat-da-thach-anh-tim-12-ly-16-hat-p5490887.html?spid=5490889,vòng tay chuỗi hạt đá
5412629,"[Mệnh Mộc, Hỏa] Vòng Tay Chuỗi Hạt Mã Não Tứ Quý 16 Ly - Vòng Size Lớn",240900.0,240900.0,0.0,4.5,2,,https://tiki.vnvong-tay-chuoi-hat-da-thach-anh-nau-xanh-16-ly-p5412629.html?spid=5412631,vòng tay chuỗi hạt mã não
278975054,"Vòng tay Thạch anh Dâu Xanh 5 li quấn 3 phối bi kim tiền và móc trái tim đính đá, hợp Mệnh Mộc Hỏa",600000.0,600000.0,0.0,0.0,0,,https://tiki.vnvong-tay-thach-anh-dau-xanh-5-li-quan-3-phoi-bi-kim-tien-va-moc-trai-tim-dinh-da-hop-menh-moc-hoa-hoa-minh-gem-p278975054.html?spid=279005751,vòng tay thạch dâu xanh
278943100,Vòng tay dây cáp phối lu thống Hổ Phách size 10x16.9 li chạm khắc vân mây may mắn,600000.0,600000.0,0.0,0.0,0,,https://tiki.vnvong-tay-day-cap-phoi-lu-thong-ho-phach-size-10x16-9-li-cham-khac-van-may-may-man-hoa-minh-gem-p278943100.html?spid=278943353,vòng tay dây cáp phối lu thống hổ phách
278898941,"Vòng tay Ngọc Hòa Điền xanh nếp trong kiểu bánh xe size hạt 7.9 li phong cách độc đáo, sang trọng",750000.0,750000.0,0.0,0.0,0,,https://tiki.vnvong-tay-ngoc-hoa-dien-xanh-nep-trong-kieu-banh-xe-size-hat-7-9-li-phong-cach-doc-dao-sang-trong-hoa-minh-gem-p278898941.html?spid=278905137,vòng tay ngọc hòa điền xanh nếp
278883979,"Vòng tay phong thủy đá Mã Não ảo mộng (dreamy agate) kiểu lu thống dài size 8.3 x 16mm dài xen kẽ viên tròn, phong cách độc đáo thời trang",310000.0,310000.0,0.0,0.0,0,,https://tiki.vnvong-tay-phong-thuy-da-ma-nao-ao-mong-dreamy-agate-kieu-lu-thong-dai-size-8-3-x-16mm-dai-xen-ke-vien-tron-phong-cach-doc-dao-thoi-trang-hoa-minh-gem-p278883979.html?spid=278885294,vòng tay phong thủy đá mã não
278878803,"Vòng tay đá Thạch Anh Dâu Xanh size hạt 7.5 li, hợp mệnh Mộc Hỏa",400000.0,400000.0,0.0,0.0,0,,https://tiki.vnvong-tay-phong-thuy-da-thach-anh-dau-xanh-7-5-li-hop-menh-moc-hoa-hoa-minh-gem-p278878803.html?spid=278880421,vòng tay đá thạch dâu xanh
278534967,Lắc tay- Phụng- titan nữ không han gỉ LT04 Cao Su Phụ Kiện trang sứ c vòng,120000.0,120000.0,0.0,0.0,0,,https://tiki.vnlac-tay-phung-titan-nu-khong-han-gi-lt04-cao-su-phu-kien-trang-su-c-vong-p278534967.html?spid=278535880,lắc tay phụng titan
273682629,[BH 2 Năm Động Cơ] HỘP XOAY 4 ĐỒNG HỒ CƠ DÁNG NGANG,2120000.0,2120000.0,0.0,0.0,0,,https://tiki.vnhop-xoay-4-dong-ho-co-dang-ngang-p273682629.html?spid=273682630,hộp xoay đồng hồ cơ dáng
271324987,Đồng Hồ Nam Citizen Automatic NH9130-84A (40mm) - Cơ Lộ Máy - Dây Kim Loại - Kính Sapphire - Mặt Trắng,10585000.0,10585000.0,0.0,0.0,0,,https://tiki.vndong-ho-nam-citizen-automatic-nh9130-84a-40mm-co-lo-may-day-kim-loai-kinh-sapphire-mat-trang-p271324987.html?spid=271324988,đồng hồ nam citizen automatic
252850461,️️Vòng nữ đá mắt hổ bản khúc đẹp vàng tươi tự nhiên Size vòng freesize tầm Ni 53mm x cao 10mm x dầy 7mm Hợp mệnh kim mệnh thổ mệnh Thủy đeo may mắn xinh đẹp ạ,761600.0,1360000.0,598400.0,0.0,0,,https://tiki.vnvong-nu-da-mat-ho-ban-khuc-dep-vang-tuoi-tu-nhien-size-vong-freesize-tam-ni-53mm-x-cao-10mm-x-day-7mm-hop-menh-kim-menh-tho-menh-thuy-deo-may-man-xinh-dep-a-p252850461.html?spid=252850462,vòng nữ đá mắt
211948335,(3 cái) Nút che cổng sạc đồng hồ Garmin (NGM),35000.0,35000.0,0.0,5.0,2,,https://tiki.vn3-cai-nut-che-cong-sac-dong-ho-garmin-ngm-p211948335.html?spid=211948355,nút che cổng sạc
201252659,Pin Maxell Nhật Bản SR920SW / 371 / G6 (Viên Lẻ) Hàng Chính Hãng Made in Japan,25000.0,25000.0,0.0,5.0,4,,https://tiki.vnpin-maxell-nhat-ban-sr920sw-371-g6-vien-le-hang-chinh-hang-made-in-japan-p201252659.html?spid=205509068,pin maxell nhật bản sr920sw
197544630,[Tuổi Dậu] Mặt Dây Chuyền Phật Bất Động Minh Vương Đá Mắt Hổ Size Nhỏ 3.6cm & Size Lớn 5cm- Tặng Kèm Móc Inox - Phong Thủy 868 - May Mắn - Bình An,200000.0,200000.0,0.0,0.0,0,,https://tiki.vntuoi-dau-mat-day-chuyen-phat-bat-dong-minh-vuong-da-mat-ho-size-nho-3-6cm-size-lon-5cm-tang-kem-moc-inox-phong-thuy-868-may-man-binh-an-p197544630.html?spid=197544632,mặt dây chuyền phật bất động minh
174025251,Vòng tay ngọc cẩm thạch,300000.0,300000.0,0.0,0.0,0,,https://tiki.vnvong-tay-da-ct-p174025251.html?spid=174025252,vòng tay ngọc
147061294,Đồng Hồ Nam Citizen Dây Thép Không Gỉ AN8190-51A - Mặt Trắng,5885000.0,5885000.0,0.0,0.0,0,,https://tiki.vndong-ho-nam-citizen-day-thep-khong-gi-an8190-51a-mat-trang-p147061294.html?spid=147061295,đồng hồ nam citizen dây thép
96609033,Đồng Hồ Nữ Casio Chính Hãng Anh khuê LRW-200H-2E2V Dây Nhựa - Thương Hiệu Nhật Bản,832300.0,1015000.0,182700.0,0.0,0,,https://tiki.vndong-ho-nu-casio-chinh-hang-anh-khue-lrw-200h-2e2v-day-nhua-thuong-hieu-nhat-ban-p96609033.html?spid=96609034,đồng hồ nữ casio hãng
95170005,Charm bạc hoa mai 6 cánh xỏ ngang - Ngọc Quý Gemstones,440000.0,440000.0,0.0,0.0,0,,https://tiki.vncharm-bac-hoa-mai-6-canh-xo-ngang-ngoc-quy-gemstones-p95170005.html?spid=95170006,charm bạc hoa mai
94517970,Charm bạc túi tài lộc treo - Ngọc Quý Gemstones,2900000.0,2900000.0,0.0,5.0,1,,https://tiki.vncharm-bac-tui-tai-loc-treo-ngoc-quy-gemstones-p94517970.html?spid=94517972,charm bạc túi tài lộc
73881813,Charm bạc hình trụ lục tự minh chú - Ngọc Quý Gemstones,230000.0,230000.0,0.0,5.0,3,,https://tiki.vncharm-bac-hinh-tru-luc-tu-minh-chu-ngoc-quy-gemstones-p73881813.html?spid=73881819,charm bạc hình trụ lục
73422177,"Vòng Tay Ngọc Trai Thật, Phối bánh xe mạ vàng 18K, Kèm bản Photocopy giấy kiểm định tại SJC",388000.0,388000.0,0.0,4.5,37,,https://tiki.vncombo-vong-deo-tay-ngoc-trai-nuoi-cay-tu-nhien-cau-truc-van-tay-mau-trang-nga-phoi-banh-xe-chuong-ma-vang-18k-hat-trai-6li-kem-hop-lot-nhung-gam-p73422177.html?spid=73422178,vòng tay ngọc trai phối bánh xe
72183143,Đồng Hồ Citizen C7 Dây Thép Không Gỉ NH8395-77E - Mặt,9616500.0,10685000.0,1068500.0,0.0,0,,https://tiki.vndong-ho-citizen-c7-day-thep-khong-gi-nh8395-77e-mat-den-p72183143.html?spid=72183144,đồng hồ citizen c7 dây thép
40366933,Vòng Đeo Tay biến hình thú Twisty Petz quà tặng dễ thương - Lân (Màu Ngẫu Nhiên),30000.0,30000.0,0.0,5.0,1,,https://tiki.vnvong-deo-tay-hinh-thu-twisty-petz-qua-tang-de-thuong-huou-mau-ngau-nhien-p40366933.html?spid=40366934,vòng đeo tay biến hình
20276096,Đồng Hồ Nam Citizen Dây Thép Không Gỉ BN0190-82E - Mặt Đen,11985000.0,11985000.0,0.0,0.0,0,,https://tiki.vndong-ho-nam-citizen-day-thep-khong-gi-bn0190-82e-mat-den-p20276096.html?spid=20276097,đồng hồ nam citizen dây thép
19731197,Đồng Hồ Nam Citizen Dây Da NH8350-08B - Mặt Trắng ,6385000.0,6385000.0,0.0,4.0,1,,https://tiki.vndong-ho-nam-citizen-day-da-nh8350-08b-mat-trang-p19731197.html?spid=19831483,đồng hồ nam citizen dây
14800328,Đồng hồ nữ Casio dây da LTP-V006L-7BUDF (25mm),834150.0,1005000.0,170850.0,4.0,1,,https://tiki.vndong-ho-nu-casio-day-da-ltp-v006l-7budf-25mm-p14800328.html?spid=54022144,đồng hồ nữ casio dây
13985024,"Dây chuyền mặt Hư Không Tạng bồ tát - thạch anh xanh 5cm DITTXN6 - dây inox - tuổi Sửu, Dần",199000.0,199000.0,0.0,0.0,0,,https://tiki.vnday-chuyen-mat-hu-khong-tang-bo-tat-thach-anh-xanh-5cm-dittxn6-day-inox-tuoi-suu-dan-p13985024.html?spid=13985025,dây chuyền mặt hư tạng
9802845,"Mặt phật Hư Không Tạng thủy tinh vàng 3.6cm - phật bản mệnh tuổi Sửu, Dần - Móc inox",79000.0,79000.0,0.0,0.0,0,,https://tiki.vnmat-phat-hu-khong-tang-thuy-tinh-vang-3-6cm-p9802845.html?spid=9802846,mặt phật hư tạng
9666573,"Mặt phật A Di Đà thủy tinh xanh lá 3.6cm - Phật bản mệnh tuổi Tuất, Hợi - Mặt phật size nhỏ",79000.0,79000.0,0.0,0.0,0,,https://tiki.vnmat-phat-a-di-da-thuy-tinh-xanh-la-3-6cm-p9666573.html?spid=9666574,mặt phật a di đà thủy
8462288,Vòng đeo tay đá vân rồng 14 ly 15 hạt,229900.0,229900.0,0.0,0.0,0,,https://tiki.vnvong-deo-tay-da-van-rong-14-ly-15-hat-p8462288.html?spid=8462289,vòng đeo tay đá
8048729,"Mặt dây chuyền phật Như Lai Đại Nhật thạch anh trắng 5cm - phật bản mệnh tuổi Mùi, Thân",149000.0,149000.0,0.0,4.0,1,,https://tiki.vnmat-day-chuyen-nhu-lai-dai-nhat-trang-5cm-p8048729.html?spid=8048730,mặt dây chuyền phật lai đại nhật
7809362,Mặt Phật Văn Thù Bồ Tát thạch anh đỏ 3.6cm - Phật bản mệnh tuổi Mão,200000.0,200000.0,0.0,4.8,6,,https://tiki.vnmat-phat-van-thu-bo-tat-thach-anh-do-3-6cm-p7809362.html?spid=7809363,mặt phật văn thù bồ tát thạch đỏ
7801430,"Mặt Phật A Di Đà thạch anh đỏ 3.6cm - Phật bản mệnh tuổi Tuất, Hợi",200000.0,200000.0,0.0,5.0,1,,https://tiki.vnmat-phat-a-di-da-thach-anh-do-3-6-cm-p7801430.html?spid=7801431,mặt phật a di đà thạch
6714933,Dây vòng đeo cổ đá thạch anh trắng DHG1,108900.0,108900.0,0.0,0.0,0,,https://tiki.vnday-vong-deo-co-da-thach-anh-trang-dhg1-p6714933.html?spid=6714935,dây vòng đeo cổ
6418657,Vòng tay chuỗi hạt đá thạch anh Đen 16 ly 14 hạt,262900.0,262900.0,0.0,3.0,2,,https://tiki.vnvong-tay-chuoi-hat-da-thach-anh-den-16-ly-14-hat-p6418657.html?spid=6418659,vòng tay chuỗi hạt đá
5762017,Vòng tay chuỗi hạt gỗ Đàn hương đen 12 ly 17 hạt,154000.0,154000.0,0.0,0.0,0,,https://tiki.vnvong-tay-chuoi-hat-go-dan-huong-den-12-ly-17-hat-p5762017.html?spid=5762019,vòng tay chuỗi hạt gỗ
5761949,Vòng tay chuỗi hạt gỗ Đàn hương đen 10 ly 20 hạt,132000.0,132000.0,0.0,4.0,2,,https://tiki.vnvong-tay-chuoi-hat-go-dan-huong-den-10-ly-20-hat-p5761949.html?spid=5761951,vòng tay chuỗi hạt gỗ
5163297,"Mặt dây chuyền Phật A Di Đà đá mắt hổ 3.8cm - Phật bản mệnh tuổi Tuất, Hợi - Mặt size nhỏ",220000.0,220000.0,0.0,3.0,1,,https://tiki.vnmat-phat-a-di-da-da-mat-ho-3-8cm-p5163297.html?spid=5163299,mặt dây chuyền phật a di đà
278757803,Đồng Hồ Nam Citizen Dây Thép Không Gỉ AW0086-85L - Mặt Xanh (42mm),7585000.0,7585000.0,0.0,0.0,0,,https://tiki.vndong-ho-nam-citizen-day-thep-khong-gi-aw0086-85l-mat-xanh-42mm-p278757803.html?spid=278757804,đồng hồ nam citizen dây thép
274535074,Đồng hồ nam SRWATCH SG3004.4102CV,1050000.0,1050000.0,0.0,0.0,0,,https://tiki.vndong-ho-nam-srwatch-sg3004-4102cv-p274535074.html?spid=274535075,đồng hồ nam srwatch sg3004
274496788,Đồng hồ nam SRWATCH SG7004.1102GM,3450000.0,3450000.0,0.0,0.0,0,,https://tiki.vndong-ho-nam-srwatch-sg7004-1102gm-p274496788.html?spid=274496789,đồng hồ nam srwatch
273684261,Đồng Hồ Nam JA-1392M Julius Hàn Quốc Dây Da (4 Màu),1390000.0,1390000.0,0.0,0.0,0,,https://tiki.vndong-ho-nam-ja-1392m-julius-han-quoc-day-da-4-mau-p273684261.html?spid=274135207,đồng hồ nam ja
272386421,Đồng hồ Nữ Citizen Quartz ED8112-52A 38mm,4520000.0,4520000.0,0.0,0.0,0,,https://tiki.vndong-ho-nu-citizen-quartz-ed8112-52a-38mm-p272386421.html?spid=272386422,đồng hồ nữ citizen quartz
272163824,Đồng Hồ Unisex Dây Nhựa Casio G-Shock GA-2110SL-4A4DR Carbon Core | GA-2110SL-4A4,4763000.0,4763000.0,0.0,0.0,0,,https://tiki.vndong-ho-nam-day-nhua-casio-g-shock-ga-2110sl-4a4dr-carbon-core-p272163824.html?spid=272163825,đồng hồ unisex dây nhựa
271195072,VÒNG TAY GỖ ĐÀN HƯƠNG XANH ĐỔI MÀU VÀ HOA SEN GỖ HOÀNG DƯƠNG CÓ TUA RUA,130000.0,130000.0,0.0,0.0,0,,https://tiki.vnvong-tay-go-dan-huong-xanh-doi-mau-va-hoa-sen-go-hoang-duong-co-tua-rua-p271195072.html?spid=271195073,vòng tay gỗ hương xanh
262058677,VÒNG TAY CHUỖI HẠT BỒ ĐỀ KIM CANG 15 ly TÂY TẠNG,170000.0,170000.0,0.0,0.0,0,,https://tiki.vnvong-tay-chuoi-hat-bo-de-kim-cang-15-ly-tay-tang-p262058677.html?spid=262058678,vòng tay chuỗi hạt bồ
210126073,Đồng Hồ Nam Dây Da Orient Automatic RE-AT0006L,18860000.0,18860000.0,0.0,0.0,0,,https://tiki.vndong-ho-nam-day-da-orient-automatic-re-at0006l-p210126073.html?spid=210126074,đồng hồ nam dây da
202047714,Đồng Hồ Nam Bering Classic Màu Đen 11839-402,9313000.0,9313000.0,0.0,0.0,0,,https://tiki.vndong-ho-nam-bering-classic-mau-den-11839-402-p202047714.html?spid=202047716,đồng hồ nam bering classic
197861982,Hộp Đựng Đồng Hồ 10 Ngăn Bằng Gỗ Bọc Da Thời Trang 25x20x8cm,249000.0,249000.0,0.0,0.0,0,,https://tiki.vnhop-dung-dong-ho-10-ngan-bang-go-boc-da-thoi-trang-25x20x8cm-p197861982.html?spid=197861983,hộp đựng đồng hồ ngăn
197624873,Dây đeo dành cho Huawei Watch Fit 2 (DFIT2),120000.0,120000.0,0.0,5.0,2,,https://tiki.vnday-deo-huawei-watch-fit-2-dfit2-p197624873.html?spid=197624875,dây đeo dành huawei
193670834,Chuỗi hạt đeo cổ mặt Đức Phật Dược Sư tựa lá đề - CH01,120000.0,120000.0,0.0,0.0,0,,https://tiki.vnchuoi-hat-deo-co-mat-duc-phat-duoc-su-tua-la-de-ch01-p193670834.html?spid=193670838,chuỗi hạt đeo cổ mặt
184424457,Mặt dây chuyền Đồng Điếu A Đẹp  Đá Ngọc cẩm thạch tự nhiên trắng xanh lý đều đẹp  Size 32mm x dầy 6mm Nữ bọc vàng đeo đẹp sang may mắn tài lộc ạ,650000.0,1300000.0,650000.0,0.0,0,,https://tiki.vnmat-day-chuyen-dong-dieu-a-dep-da-ngoc-cam-thach-tu-nhien-trang-xanh-ly-deu-dep-size-32mm-x-day-6mm-nu-boc-vang-deo-dep-sang-may-man-tai-loc-a-p184424457.html?spid=184424458,mặt dây chuyền đồng điếu a
177454874,Đồng hồ nữ Julius star JS-062 dây đá có đính kim cương mũi giờ 12,2690000.0,2690000.0,0.0,0.0,0,,https://tiki.vndong-ho-nu-julius-star-js-062-day-da-co-dinh-kim-cuong-mui-gio-12-p177454874.html?spid=177454880,đồng hồ nữ julius star
174130626,Đôi bông tai Bông Hoa Mai 5 Cánh đều đẹp Đá Ngọc Cẩm Thạch Xanh Ngọc Đều tự nhiên Size 13mm x dầy 3mm Nữ bọc vàng đeo rất đẹp sang ạ,499000.0,998000.0,499000.0,0.0,0,,https://tiki.vndoi-bong-tai-bong-hoa-mai-5-canh-deu-dep-da-ngoc-cam-thach-xanh-ngoc-deu-tu-nhien-size-13mm-x-day-3mm-nu-boc-vang-deo-rat-dep-sang-a-p174130626.html?spid=174130627,bông tai bông hoa mai
171791601,"Dây Đồng Hồ 20mm Thép Lưới Nam Châm Cho Đồng Hồ Samsung Galaxy Watch Active 2, Active, Galaxy Watch 42mm",99000.0,99000.0,0.0,4.8,4,,https://tiki.vnday-dong-ho-20mm-thep-luoi-nam-cham-cho-dong-ho-samsung-galaxy-watch-active-2-active-galaxy-watch-42mm-p171791601.html?spid=171791611,dây đồng hồ mm thép
147888476,Đồng Hồ Nam Citizen Dây Thép Không Gỉ BM7466-81L - Mặt Xanh,7985000.0,7985000.0,0.0,0.0,0,,https://tiki.vndong-ho-nam-citizen-day-thep-khong-gi-bm7466-81l-mat-xanh-p147888476.html?spid=147888477,đồng hồ nam citizen dây thép
147344123,Nhẫn nữ con công,75000.0,75000.0,0.0,5.0,2,,https://tiki.vnnhan-nu-con-cong-p147344123.html?spid=147344127,nhẫn nữ công
120035595,"Dây đồng hồ Huy Hoàng da bò size 16, 18, 20 màu nâu đen, tím đậm, nâu bạc HT8126-27-28",146300.0,209000.0,62700.0,0.0,0,,https://tiki.vnhp8126-27-28-day-dong-ho-huy-hoang-da-bo-size-16-18-20-mau-nau-den-tim-dam-nau-bac-p120035595.html?spid=120035619,dây đồng hồ huy hoàng da
120035241,"Dây đồng hồ Huy Hoàng da bò size 16, 18, 20 màu nâu đất HT8116",146300.0,209000.0,62700.0,0.0,0,,https://tiki.vnhp8116-day-dong-ho-huy-hoang-da-bo-size-16-18-20-mau-nau-dat-p120035241.html?spid=120035266,dây đồng hồ huy hoàng da
79546490,"Combo Vòng tay Phong Thủy HẠT BỒ ĐỀ ĐẤT PHẬT, KÈM HỘP ĐỰNG LÓT NHUNG/LỤA, kèm vòng tay chỉ đỏ Thailand, mang lại bình an May Mắn",164000.0,164000.0,0.0,4.8,4,,https://tiki.vncombo-vong-tay-phong-thuy-hat-bo-de-dat-phat-kem-hop-dung-lot-nhung-lua-kem-vong-tay-chi-do-thailand-mang-lai-binh-an-may-man-p79546490.html?spid=79546494,combo vòng tay phong thủy hạt
75521826,"VÒNG TAY ĐÁ CẨM THẠCH TỰ NHIÊN BẢN VUÔNG XANH ĐẬM 50MM RẤT SANG ĐẸP  SIZE VÒNG 50MM BẢN CAO 10,5mm X DẦY 6mm  MÀU XANH BÔNG ĐẬM BÓNG ĐẸP LẮM NỮ 45kg - 52kg ĐEO Ạ",1850000.0,3700000.0,1850000.0,0.0,0,,https://tiki.vnvong-tay-da-cam-thach-tu-nhien-ban-vuong-xanh-dam-50mm-rat-sang-dep-size-vong-50mm-ban-cao-10-5mm-x-day-6mm-mau-xanh-bong-dam-bong-dep-lam-nu-45kg-52kg-deo-a-p75521826.html?spid=75521827,vòng tay đá cẩm thạch tự nhiên
73861219,Vòng Tay Tropicana Phối Charm Swarovski Ngôi Sao May Mắn,2755000.0,2755000.0,0.0,0.0,0,,https://tiki.vnvong-tay-charm-swarovski-ngoi-sao-may-man-p73861219.html?spid=73861223,vòng tay tropicana phối charm swarovski
73858950,Charm Pha Lê Swarovski  Trái Tim Tình Yêu,1252000.0,1252000.0,0.0,0.0,0,,https://tiki.vncharm-swarovski-trai-tim-manh-mai-p73858950.html?spid=73858951,charm pha lê swarovski trái tim
73858308,Charm Pha Lê Swarovski Chim Cánh Cụt,580000.0,580000.0,0.0,0.0,0,,https://tiki.vncharm-swarovski-chim-canh-cut-p73858308.html?spid=73858309,charm pha lê swarovski chim cánh
73747632,Bông tai dự tiệc sang trọng,81950.0,89000.0,7050.0,0.0,0,,https://tiki.vnbong-tai-du-tiec-sang-trong-p73747632.html?spid=73815487,tai dự tiệc sang trọng
73656184,Vòng chuỗi hạt đeo tay phong thủy đá Obsidian phát lộc phát tài dành cho nam nữ - VT0009,41930.0,59900.0,17970.0,4.3,3,,https://tiki.vnvong-chuoi-hat-deo-tay-phong-thuy-da-obsidian-phat-loc-phat-tai-danh-cho-nam-nu-p73656184.html?spid=97057737,vòng chuỗi hạt đeo
73294758,Lắc tay trăng sao S925,81950.0,84000.0,2050.0,0.0,0,,https://tiki.vnlac-tay-trang-sao-s925-p73294758.html?spid=73294759,lắc tay trăng sao
68774142,Đồng Hồ Cặp Đôi SRwatch SR3003.4602CV,2100000.0,2100000.0,0.0,0.0,0,,https://tiki.vndong-ho-cap-doi-srwatch-sr3003-4602cv-p68774142.html?spid=68774143,đồng hồ
52141396,Đồng Hồ Nam Citizen Dây Thép Không Gỉ BE9180-52A - Mặt Trắng,4285000.0,4285000.0,0.0,0.0,0,,https://tiki.vndong-ho-nam-citizen-day-thep-khong-gi-be9180-52a-mat-trang-p52141396.html?spid=52141397,đồng hồ nam citizen dây thép
52108465,Đồng Hồ Nam Citizen Dây Da NJ0100-38X - Mặt Xanh,6300000.0,6300000.0,0.0,0.0,0,,https://tiki.vndong-ho-nam-citizen-day-da-nj0100-38x-mat-xanh-p52108465.html?spid=52108466,đồng hồ nam citizen dây
51724426,Đồng Hồ Nữ Bulova Dây Thép Không Gỉ 97M115 - Mặt Vàng,9600000.0,9600000.0,0.0,0.0,0,,https://tiki.vndong-ho-nu-bulova-day-thep-khong-gi-97m115-mat-vang-p51724426.html?spid=51724427,đồng hồ nữ bulova dây thép
50696158,Vòng tay chỉ đỏ may mắn,31500.0,35000.0,3500.0,4.6,17,,https://tiki.vnvong-tay-chi-do-may-man-p50696158.html?spid=50696160,vòng tay đỏ may mắn
41556614,Bông Tai Nam Khuyên Tròn Chất Liệu Thép Titan Ko Rỉ TT 0850 - 1 Cặp,24500.0,35000.0,10500.0,4.5,38,,https://tiki.vnbong-tai-nam-khuyen-tron-chat-lieu-thep-titan-ko-ri-tt-0850-1-cap-p41556614.html?spid=46599002,tai nam khuyên tròn chất liệu
19769587,Đồng Hồ Nam Citizen Siêu Mỏng Dây Thép Không Gỉ AR3078-88E - Mặt Đen (Sapphire),13485000.0,13485000.0,0.0,0.0,0,,https://tiki.vndong-ho-nam-citizen-sieu-mong-day-thep-khong-gi-ar3078-88e-mat-den-sapphire-p19769587.html?spid=20418232,đồng hồ nam citizen mỏng
3052453,Đồng Hồ Nữ Dây Thép Mangosteen MS509E (Vàng),999000.0,999000.0,0.0,5.0,1,,https://tiki.vndong-ho-nu-day-thep-mangosteen-ms509e-vang-p3052453.html?spid=8250562,đồng hồ nữ dây thép mangosteen
2527811,Dây Đồng Hồ Da Đà Điểu Huy Hoàng HT8407 - Nâu Đỏ,249000.0,249000.0,0.0,4.6,5,,https://tiki.vnday-dong-ho-da-da-dieu-huy-hoang-ht8407-nau-do-p2527811.html?spid=2527823,dây đồng hồ da đà điểu
2172623,Đồng Hồ Nam Citizen Dây Titanium CA0650-82B - Mặt Trắng (Sapphire),12900000.0,12900000.0,0.0,0.0,0,,https://tiki.vndong-ho-nam-citizen-day-titanium-ca0650-82b-mat-trang-sapphire-p2172623.html?spid=2172625,đồng hồ nam citizen dây
469048,Đồng Hồ Nữ Dây Kim Loại Julius JA-426L - Bạc,590000.0,590000.0,0.0,0.0,0,,https://tiki.vndong-ho-nu-day-kim-loai-julius-ja-426l-bac-p469048.html?spid=2531669,đồng hồ nữ dây kim loại
275959258,Dây chuyền nữ cặp trái tim,81950.0,90000.0,8050.0,0.0,0,,https://tiki.vnday-chuyen-nu-cap-trai-tim-p275959258.html?spid=275959262,dây chuyền nữ trái tim
275949598,Dây chuyền nữ hoa hướng dương đá đính,81950.0,90000.0,8050.0,0.0,0,,https://tiki.vnday-chuyen-nu-hoa-huong-duong-da-dinh-p275949598.html?spid=275949599,dây chuyền nữ hoa hướng
275168435,￼Hộp Đồng Hồ Cơ Xoay Chất Liệu Gỗ Có Mặt Kính Và Đèn Led Dành Cho 3 Chiếc,1200000.0,1200000.0,0.0,0.0,0,,https://tiki.vnhop-dong-ho-co-xoay-chat-lieu-go-co-mat-kinh-va-den-led-danh-cho-3-chiec-p275168435.html?spid=275168436,hộp đồng hồ cơ xoay chất liệu
271350417,Dây đeo cho Samsung Watch 7/ FE/ 6/ 6 Classic/ 5/ 5 Pro/ 4/ 4 Classic/ 3 41mm - khóa đen (DDC),169000.0,169000.0,0.0,0.0,0,,https://tiki.vnday-deo-samsung-watch-6-6-classic-5-5-pro-4-4-classic-3-41mm-khoa-den-ddc-p271350417.html?spid=271350419,dây đeo samsung watch
263765122,Dây đeo đồng hồ Tissot - Dây Đeo Đồng Hồ Da Cá Sấu Nâu Thay Thế Dành Cho Tissot Size 19/20/21/22mm - Chất Liệu Da Cá Sấu Cao Cấp Tương Thích Tất Cả Các Phiên Bản Đồng Hồ Tissot - Bảo Hành 12 Tháng,990000.0,990000.0,0.0,0.0,0,,https://tiki.vnday-deo-dong-ho-tissot-day-deo-dong-ho-da-ca-sau-nau-thay-the-danh-cho-tissot-size-19-20-21-22mm-chat-lieu-da-ca-sau-cao-cap-tuong-thich-tat-ca-cac-phien-ban-dong-ho-tissot-bao-hanh-12-thang-p263765122.html?spid=263765130,dây đeo đồng hồ tissot
253241722,Bộ 5 miếng dán TPU Mềm Mại Bảo Vệ màn hình dành Cho Huawei Watch GT Cyber,50000.0,50000.0,0.0,0.0,0,,https://tiki.vnbo-5-mieng-dan-tpu-mem-mai-bao-ve-man-hinh-danh-cho-huawei-watch-gt-cyber-p253241722.html?spid=253241729,bộ
253212075,Dây Đeo đồng hồ Da Cá Sấu Navy Chỉ Trắng Size 19/20/21/22 - Dây Đeo Da Cá Sấu Thật 100% - Bảo Hành 12 Tháng,690000.0,690000.0,0.0,0.0,0,,https://tiki.vnday-deo-dong-ho-da-ca-sau-navy-chi-trang-size-19-20-21-22-day-deo-da-ca-sau-that-100-bao-hanh-12-thang-p253212075.html?spid=253212107,dây đeo đồng hồ da
253098787,(Tặng tua vit thay dây) Dây đồng hồ HUB size 42 Lót da vân các màu (19-25-22),145000.0,145000.0,0.0,0.0,0,,https://tiki.vntang-tua-vit-thay-day-day-dong-ho-hub-size-42-lot-da-van-cac-mau-19-25-22-p253098787.html?spid=253098788,dây đồng hồ hub size
239711959,Dây vải nilon cao dấp dành cho các loại đồng hồ cơ và smartwatch có size dây 20mm / 22mm,85000.0,85000.0,0.0,5.0,3,,https://tiki.vnday-vai-nilon-cao-dap-danh-cho-cac-loai-dong-ho-co-va-smartwatch-co-size-day-20mm-22mm-p239711959.html?spid=239712010,dây vải nilon cao dấp
239711807,Kính cường lực cho Garmin Fenix 6X Shapphire / Fenix 6X Pro Solar,30000.0,30000.0,0.0,0.0,0,,https://tiki.vnkinh-cuong-luc-cho-garmin-fenix-6x-shapphire-fenix-6x-pro-solar-p239711807.html?spid=239711832,kính cường lực garmin fenix
239711629,Dây Đeo Cao Su Thay Thế Cho Xiaomi Mi band 6 Siêu Mềm,30000.0,30000.0,0.0,0.0,0,,https://tiki.vnday-deo-cao-su-thay-the-cho-xiaomi-mi-band-6-sieu-mem-p239711629.html?spid=239711673,dây đeo cao su thay thế
208645108,Dây vải nilon cao dấp dành cho các loại smartwatch có size dây 20mm / 22mm,149000.0,149000.0,0.0,0.0,0,,https://tiki.vnday-vai-nilon-cao-dap-danh-cho-cac-loai-smartwatch-co-size-day-20mm-22mm-p208645108.html?spid=208645122,dây vải nilon cao dấp
208644688,Dây da hydrid dành cho Amazfit GTR4 / GTS4,195000.0,195000.0,0.0,0.0,0,,https://tiki.vnday-da-hydrid-danh-cho-amazfit-gtr4-gts4-p208644688.html?spid=208644757,dây da hydrid dành amazfit
196968301,Đồng Hồ Đeo Tay Casio Nam WS-1300H-2AV Chính Hãng,1136520.0,1386000.0,249480.0,0.0,0,,https://tiki.vndong-ho-deo-tay-casio-nam-ws-1300h-2av-chinh-hang-p196968301.html?spid=196968302,đồng hồ đeo tay casio
196207305,Miband 7 - Dây đeo Milanese thép lưới Xiaomi Mi band 7,99000.0,99000.0,0.0,4.8,6,,https://tiki.vnmiband-7-day-deo-milanese-thep-luoi-xiaomi-mi-band-7-p196207305.html?spid=196207347,miband dây đeo milanese
193777450,Dây Da Đồng Hồ ZRC Pháp Dòng TRENDY Da Cừu Đen Phẳng Mỏng,297500.0,350000.0,52500.0,0.0,0,,https://tiki.vnday-da-dong-ho-zrc-phap-dong-trendy-da-cuu-den-phang-mong-p193777450.html?spid=193777454,dây da đồng hồ zrc pháp
192986081,Pin CR1220 Maxell 3V Hàng Chính Hãng Made in Japan 1 Viên,24000.0,24000.0,0.0,4.7,7,,https://tiki.vnpin-cr1220-maxell-3v-hang-chinh-hang-made-in-japan-1-vien-p192986081.html?spid=192986092,pin cr1220 maxell
190551808,Pin Nhật Maxell SR616SW / SR616 / 321 Chính Hãng 1 Viên,25000.0,25000.0,0.0,4.8,5,,https://tiki.vnpin-nhat-maxell-sr616sw-sr616-321-chinh-hang-1-vien-p190551808.html?spid=190551809,pin nhật maxell sr616sw
176099221,Dây Xiaomi Mi Watch/ S2 Pro/ S1/ S1 Active/ Haylou LS02/ LS05/ RT LS05S/ RT2 LS10 (DS2),175000.0,175000.0,0.0,5.0,1,,https://tiki.vnday-xiaomi-mi-watch-s1-s1-active-haylou-ls02-ls05-rt-ls05s-rt2-ls10-ds2-p176099221.html?spid=176099227,dây xiaomi watch s2
144243404,Bộ Trang Sức Lắc Tay Gồm Dãy 7 Đồng Tiền Xanh lớn nhỏ đều quá đẹp  Chất liệu đá cẩm thạch tự nhiên mệnh mộc hỏa thủy  Nữ bọc vàng làm lắc tay đeo rất đẹp tuyệt vời ạ,980000.0,1960000.0,980000.0,0.0,0,,https://tiki.vnbo-trang-suc-lac-tay-gom-day-7-dong-tien-xanh-lon-nho-deu-qua-dep-chat-lieu-da-cam-thach-tu-nhien-menh-moc-hoa-thuy-nu-boc-vang-lam-lac-tay-deo-rat-dep-tuyet-voi-a-p144243404.html?spid=144243405,trang sức lắc tay gồm
141501978,"Bộ Trang Sức Ngọc Trai Cam Hồng Mới Bóng đẹp  Gồm Vòng tay và Dây Đeo Cổ size hạt 8mm chuỗi cổ dài 22cm ạ  Chất liệu Ngọc Trai Màu Cam Hồng Nhẹ Bóng Rất Đẹp rất xinh và Sang ạ Món Quà Ý nghĩa dành tặng Mẹ, Vợ, Chị Em luôn ạ",1450000.0,2900000.0,1450000.0,4.0,1,,https://tiki.vnbo-trang-suc-ngoc-trai-cam-hong-moi-bong-dep-gom-vong-tay-va-day-deo-co-size-hat-8mm-chuoi-co-dai-22cm-a-chat-lieu-ngoc-trai-mau-cam-hong-nhe-bong-rat-dep-rat-xinh-va-sang-a-mon-qua-y-nghia-danh-tang-me-vo-chi-em-luon-a-p141501978.html?spid=141501979,trang sức ngọc trai cam hồng bóng
132696550,[4 cái] Chốt thông minh cho dây đồng hồ,20000.0,20000.0,0.0,0.0,0,,https://tiki.vn4-cai-chot-thong-minh-cho-day-dong-ho-p132696550.html?spid=132696552,chốt thông minh dây đồng hồ
124275284,Vòng Đeo Tay May Mắn Sợi Chỉ Đỏ,45000.0,45000.0,0.0,0.0,0,,https://tiki.vnvong-deo-tay-may-man-soi-chi-do-p124275284.html?spid=124275416,vòng đeo tay may mắn
112724801,THÁO CHỐT ĐỒNG HỒ - THÁO LẮP ĐỒNG HỒ GIÁ RẺ,9999.0,9999.0,0.0,0.0,0,,https://tiki.vnthao-chot-dong-ho-thao-lap-dong-ho-gia-re-p112724801.html?spid=192897176,tháo chốt đồng hồ tháo
106394114,"Máy Miyota Super GM10 3 kim lịch 6h, lịch 3h cho đồng hồ đeo tay",95000.0,95000.0,0.0,0.0,0,,https://tiki.vnmay-miyota-super-gm10-3-kim-lich-6h-lich-3h-cho-dong-ho-deo-tay-p106394114.html?spid=106394143,máy miyota super gm10
106392655,LOẠI 1 Đế giữ vỏ đồng hồ khi sửa chữa loại TO,130000.0,130000.0,0.0,0.0,0,,https://tiki.vnloai-1-de-giu-vo-dong-ho-khi-sua-chua-loai-to-p106392655.html?spid=106392750,loại đế giữ vỏ
106392007,Kính lúp soi linh kiện có đèn led 20X dùng trong sửa chữa đồng hồ,110000.0,110000.0,0.0,4.0,2,,https://tiki.vnkinh-lup-soi-linh-kien-co-den-led-20x-dung-trong-sua-chua-dong-ho-p106392007.html?spid=106392035,kính lúp soi linh kiện
106391875,Khoá đồng hồ dây da không rỉ đủ size màu trắng đảm bảo chất lượng rẻ nhất thị trường,18000.0,18000.0,0.0,0.0,0,,https://tiki.vnkhoa-dong-ho-day-da-khong-ri-du-size-mau-trang-dam-bao-chat-luong-re-nhat-thi-truong-p106391875.html?spid=106391961,khóa đồng hồ dây da
106390694,"Combo dây đồng hồ, dụng cụ cắt dây, thay dây",190000.0,190000.0,0.0,3.7,3,,https://tiki.vncombo-day-dong-ho-dung-cu-cat-day-thay-day-p106390694.html?spid=106390845,combo dây đồng hồ dụng cụ
106390477,Dụng cụ cậy mở đáy đồng hồ áp suất thấp loại dài có tay cầm,110000.0,110000.0,0.0,0.0,0,,https://tiki.vndung-cu-cay-mo-day-dong-ho-ap-suat-thap-loai-dai-co-tay-cam-p106390477.html?spid=106390487,dụng cụ cậy mở đáy
106390113,Dây đông hồ inox đúc đặc không rỉ Cao Cấp ( tặng kèm dụng cụ thay dây),230000.0,230000.0,0.0,4.2,19,,https://tiki.vnday-dong-ho-inox-duc-dac-khong-ri-cao-cap-tang-kem-dung-cu-thay-day-p106390113.html?spid=106390224,dây đông hồ inox đúc
89883343,"Chuỗi tràng hạt đeo tay Trầm Hương thiên nhiên 8mm 108 hạt, thơm vĩnh viễn",658000.0,658000.0,0.0,0.0,0,,https://tiki.vnchuoi-trang-hat-deo-tay-tram-huong-thien-nhien-8mm-108-hat-thom-vinh-vien-p89883343.html?spid=91853715,chuỗi tràng hạt đeo
72182876,Đồng Hồ Citizen C7 Dây Thép Không Gỉ NH8394-70H - Mặt,9177000.0,9177000.0,0.0,5.0,1,,https://tiki.vndong-ho-citizen-c7-day-thep-khong-gi-nh8394-70h-mat-den-p72182876.html?spid=72182877,đồng hồ citizen c7 dây thép
58460113,Bông tai thời trang dáng dài hình vuông BT191,31000.0,31000.0,0.0,0.0,0,,https://tiki.vnbong-tai-thoi-trang-dang-dai-hinh-vuong-bt191-p58460113.html?spid=58460114,tai thời trang dáng dài hình vuông
54717885,Pin Đồng Hồ Maxell Nhiều Kích cỡ Vỉ 5 viên,55000.0,55000.0,0.0,4.8,50,,https://tiki.vnpin-dong-ho-maxell-5-vien-chinh-hang-p54717885.html?spid=54717887,pin đồng hồ maxell nhiều
46170009,Hộp Chốt lò xo dây đồng hồ 270 cái (8-25mm) Milliken,100000.0,100000.0,0.0,4.8,12,,https://tiki.vnhop-chot-lo-xo-day-dong-ho-270-cai-8-25mm-milliken-p46170009.html?spid=46170010,hộp chốt lò xo dây
13327053,Đồng Hồ Nam Citizen Dây Kim Loại Máy Eco-Drive AU1060-51A - Mặt Trắng,6585000.0,6585000.0,0.0,0.0,0,,https://tiki.vndong-ho-nam-citizen-day-thep-khong-gi-au1060-51a-mat-trang-p13327053.html?spid=13327054,đồng hồ nam citizen dây
10933526,Vòng cổ choker tattoo V38,16000.0,16000.0,0.0,0.0,0,,https://tiki.vnvong-co-choker-tattoo-v38-p10933526.html?spid=10933527,vòng cổ choker tattoo
4269471,Đồng Hồ Nữ Dây Nhựa Casio Trẻ trung LRW-200H-4CV,832300.0,1015000.0,182700.0,0.0,0,,https://tiki.vndong-ho-nam-day-nhua-casio-tre-trung-lrw-200h-4cv-p4269471.html?spid=106282677,đồng hồ nữ dây nhựa
2161457,Đồng Hồ Nam Citizen Dây Thép Không Gỉ AT2400-81A - Mặt Trắng (Sapphire),9500000.0,9500000.0,0.0,0.0,0,,https://tiki.vndong-ho-nam-citizen-day-thep-khong-gi-at2400-81a-mat-trang-sapphire-p2161457.html?spid=2161459,đồng hồ nam citizen dây thép
275747487,Ốp Samsung Watch 7 40/ 44mm - Chất PC + Kính cường lực (OCLS7),120000.0,120000.0,0.0,0.0,0,,https://tiki.vnop-samsung-watch-7-40-44mm-chat-pc-kinh-cuong-luc-ocls7-p275747487.html?spid=276061711,ốp samsung watch
272125618,"Thổi bụi đồng hồ, điện thoại, máy ảnh loại 1",38500.0,38500.0,0.0,0.0,0,,https://tiki.vnthoi-bui-dong-ho-dien-thoai-may-anh-loai-1-p272125618.html?spid=272125619,thổi bụi đồng hồ điện thoại
272125517,"Thổi bụi đồng hồ, điện thoại cơ bản cao cấp",19900.0,19900.0,0.0,5.0,1,,https://tiki.vnthoi-bui-dong-ho-dien-thoai-co-ban-cao-cap-p272125517.html?spid=272125518,thổi bụi đồng hồ điện thoại
271617365,Dây Thép cho Samsung Watch 6/ 6 Classic/ 5/ 5 Pro/ 4/ 4 Classic/ 3 41mm - khóa bấm (DTC),130000.0,130000.0,0.0,0.0,0,,https://tiki.vnday-thep-samsung-watch-6-6-classic-5-5-pro-4-4-classic-3-41mm-khoa-bam-dtc-p271617365.html?spid=271617369,dây thép samsung watch
270449511,"VÒNG TAY DÂY CHỈ ĐỎ CÁ CHÉP CÔNG DANH , THI CỬ THĂNG TIẾN , TÀI LỘC SUNG TÚC",130000.0,130000.0,0.0,5.0,1,,https://tiki.vnvong-tay-day-chi-do-ca-chep-cong-danh-thi-cu-thang-tien-tai-loc-sung-tuc-p270449511.html?spid=270449512,vòng tay dây đỏ cá chép
248902171,Nhíp gắp đầu nhọn đồng hồ - Dụng cụ sửa đồng hồ,14999.0,14999.0,0.0,0.0,0,,https://tiki.vnnhip-gap-dau-nhon-dong-ho-dung-cu-sua-dong-ho-p248902171.html?spid=254074803,nhíp gắp đầu nhọn
214810205,Hộp Đựng Đồng Hồ Cơ 2 Xoay SAIKE SAIKE S2001 Vỏ Da Carbon Màu Đen,820000.0,820000.0,0.0,0.0,0,,https://tiki.vnhop-dung-dong-ho-co-2-xoay-saike-saike-s2001-vo-da-carbon-mau-den-p214810205.html?spid=214810206,hộp đựng đồng hồ cơ
199896018,"Vòng cẩm thạch Mới Lý T 54mm x 7,2mm Vòng màu xanh nhẹ nhàng bóng đẹp nữ mệnh Mộc mệnh Hỏa mệnh Thủy ạ Nữ 53kg - 60kg đeo đẹp",650000.0,1300000.0,650000.0,0.0,0,,https://tiki.vnvong-cam-thach-moi-ly-t-54mm-x-7-2mm-vong-mau-xanh-nhe-nhang-bong-dep-nu-menh-moc-menh-hoa-menh-thuy-a-nu-53kg-60kg-deo-dep-p199896018.html?spid=199896019,vòng cẩm thạch lý t
192378960,Dây chuyền vòng cổ ngọc trai nữ tính nhiều mẫu hot tiểu thư phong cách Hàn Quốc nàng thơ nhẹ nhàng,89000.0,89000.0,0.0,0.0,0,,https://tiki.vnday-chuyen-vong-co-ngoc-trai-nu-tinh-nhieu-mau-hot-tieu-thu-phong-cach-han-quoc-nang-tho-nhe-nhang-p192378960.html?spid=192378962,dây chuyền vòng cổ ngọc trai
188941453,Vòng đeo tay ngọc trai abs thời trang sang chảnh nữ tính,98000.0,98000.0,0.0,0.0,0,,https://tiki.vnvong-deo-tay-ngoc-trai-abs-thoi-trang-sang-chanh-nu-tinh-p188941453.html?spid=188941454,vòng đeo tay ngọc trai
184910238,Bông tai nữ cánh bướm cá tính,79000.0,79000.0,0.0,0.0,0,,https://tiki.vnbong-tai-nu-canh-buom-ca-tinh-p184910238.html?spid=184910240,tai nữ cánh bướm cá tính
184419499,Nhẫn unisex titan không gỉ vòng mở freesize đa phong cách punk rock ( 2 chiếc),145000.0,145000.0,0.0,0.0,0,,https://tiki.vnnhan-unisex-titan-khong-gi-vong-mo-freesize-da-phong-cach-punk-rock-2-chiec-p184419499.html?spid=184419500,nhẫn unisex titan gỉ
184418451,Chuỗi disco kết hợp nhẫn punk sáng tạo vòng mở liền ngón phong cách Âu Mỹ,145000.0,145000.0,0.0,5.0,1,,https://tiki.vnchuoi-disco-ket-hop-nhan-punk-sang-tao-vong-mo-lien-ngon-phong-cach-au-my-p184418451.html?spid=184418452,chuỗi disco kết hợp nhẫn
178592689,Bộ trang sức cô dâu nổi bật,210000.0,210000.0,0.0,0.0,0,,https://tiki.vnbo-trang-suc-co-dau-noi-bat-p178592689.html?spid=178592690,trang sức cô dâu nổi bật
174843315,Bông tai nhành lá xinh đẹp,150000.0,150000.0,0.0,0.0,0,,https://tiki.vnbong-tai-nhanh-la-xinh-dep-p174843315.html?spid=174843316,bông tai nhành lá xinh đẹp
174247484,Bông tai đá nụ,150000.0,150000.0,0.0,0.0,0,,https://tiki.vnbong-tai-da-nu-p174247484.html?spid=174247485,tai đá
135111515,Tool Tháo Mắt Dây Đồng Hồ - DH01,12999.0,12999.0,0.0,0.0,0,,https://tiki.vntool-thao-mat-day-dong-ho-dh01-p135111515.html?spid=254074769,tool tháo mắt dây
120169709,"Vòng tay/vòng cổ 2 trong 1 với 108 hạt gỗ Bách Xanh (BH629) Mùi thơm dễ chịu, An Yên, May Mắn - Bracelet of HAHANCO",89000.0,89000.0,0.0,2.0,1,,https://tiki.vnvong-tay-vong-co-2-trong-1-voi-108-hat-go-to-hop-bach-thom-nuc-hahanco-p120169709.html?spid=154439555,vòng tay vòng cổ
120168617,Vòng Tay sừng bò Châu Phi màu vân nưa (BH612N) Giúp Tâm Bạn Tĩnh - Sức Khỏe Bình An - Tài Lộc - Bracelet of HAHANCO,85000.0,85000.0,0.0,0.0,0,,https://tiki.vnvong-tay-sung-van-nua-giup-tam-ban-tinh-suc-khoe-binh-an-tai-loc-hahanco-p120168617.html?spid=153595588,vòng tay sừng bò châu phi màu
115841929,Khuyên tai kẹp tai không cần bấm lỗ xỏ lỗ nhiều mẫu 1 CHIẾC,46000.0,46000.0,0.0,5.0,1,,https://tiki.vnkhuyen-tai-kep-tai-khong-can-bam-lo-xo-lo-nhieu-mau-1-chiec-p115841929.html?spid=115841951,khuyên tai kẹp tai cần
113407767,VÒNG TAY HUYẾT ÁP CAO CẤP,1890000.0,1890000.0,0.0,0.0,0,,https://tiki.vnvong-tay-huyet-ap-cao-cap-p113407767.html?spid=113407768,vòng tay huyết áp cao cấp
108174868,Khuyên tai bông tai thời trang nữ đính đá nhiều mẫu hot new trend,29000.0,29000.0,0.0,0.0,0,,https://tiki.vnkhuyen-tai-bong-tai-thoi-trang-nu-dinh-da-nhieu-mau-hot-new-trend-p108174868.html?spid=108174888,khuyên tai bông tai thời trang
106393881,Bơm bụi xịn dùng trong sửa chữa đồng hồ - Bơm bụi Đức - Thổi bụi,50000.0,50000.0,0.0,0.0,0,,https://tiki.vnbom-bui-xin-dung-trong-sua-chua-dong-ho-bom-bui-duc-thoi-bui-p106393881.html?spid=106393920,bơm bụi xịn dùng
106393742,Đầu thay dụng cụ tháo mắt dây đồng hồ kim loại,5000.0,5000.0,0.0,4.0,1,,https://tiki.vndau-thay-dung-cu-thao-mat-day-dong-ho-kim-loai-p106393742.html?spid=106393759,đầu thay dụng cụ tháo
99192684,"Vòng tay phong thủy Thạch Anh Tóc Đen Tự Nhiên VIP  Vòng size 6,8mm đẹp quấn 3 vòng tay kiểu bóng tay đẹp xinh  Hợp Nữ mệnh thủy mệnh mộc ạ",2138400.0,3960000.0,1821600.0,0.0,0,,https://tiki.vnvong-tay-phong-thuy-thach-anh-toc-den-tu-nhien-vip-vong-size-6-8mm-dep-quan-3-vong-tay-kieu-bong-tay-dep-xinh-hop-nu-menh-thuy-menh-moc-a-p99192684.html?spid=99192685,vòng tay phong thủy thạch tóc
68604894,Bông tai unisex hack thần thái cực đỉnh,95000.0,95000.0,0.0,0.0,0,,https://tiki.vnbong-tai-unisex-hack-than-thai-cuc-dinh-p68604894.html?spid=68604898,tai unisex hack thần thái
66594172,Vòng đeo tay xích dư thả hạt chuỗi chain titan,88000.0,88000.0,0.0,0.0,0,,https://tiki.vnvong-deo-tay-xich-du-tha-hat-chuoi-chain-titan-p66594172.html?spid=66594173,vòng đeo tay xích dư
59422010,Dây chuyền nam nữ mặt ổ khoá tròn bằng thép không gỉ,92000.0,92000.0,0.0,0.0,0,,https://tiki.vnday-chuyen-nam-nu-mat-o-khoa-tron-bang-thep-khong-gi-p59422010.html?spid=59422011,dây chuyền nam nữ mặt ổ khóa
59232212,Đôi bông tai thiết kế dao tem số lượng có hạn,60000.0,60000.0,0.0,0.0,0,,https://tiki.vndoi-bong-tai-thiet-ke-dao-tem-so-luong-co-han-p59232212.html?spid=59232214,bông tai thiết kế dao tem
58958692,Vòng đeo tay nam nữ mix hạt titan không đen,102000.0,102000.0,0.0,5.0,1,,https://tiki.vnvong-deo-tay-nam-nu-mix-hat-titan-khong-den-p58958692.html?spid=58958693,vòng đeo tay nam nữ
58953569,Dây chuyền mặt trăng,88000.0,88000.0,0.0,0.0,0,,https://tiki.vnday-chuyen-mat-trang-p58953569.html?spid=58953571,dây chuyền
54892693,Vòng Tay Trầm Hương 108 Hạt Sánh Chìm Tự Nhiên (Nữ),1620000.0,1620000.0,0.0,1.5,2,,https://tiki.vnvong-tay-tram-huong-108-hat-sanh-chim-tu-nhien-nu-p54892693.html?spid=77651452,vòng tay trầm hương hạt sánh
54849433,Vòng Tay Trầm Hương Hạt Tròn Đơn (Nữ) Từ Trầm Tốc Lào Tự Nhiên,264000.0,264000.0,0.0,0.0,0,,https://tiki.vnvong-tay-tram-huong-hat-tron-don-nu-tu-tram-toc-lao-tu-nhien-p54849433.html?spid=58175795,vòng tay trầm hương hạt tròn
41371714,dụng cụ tháo mắt dây đồng hồ,22998.0,22998.0,0.0,0.0,0,,https://tiki.vndung-cu-thao-mat-day-dong-ho-p41371714.html?spid=192897143,dụng cụ tháo mắt dây
35801380,Bộ trang sức họa tiết đuôi công đính đá dạ tiệc CD04,143000.0,143000.0,0.0,0.0,0,,https://tiki.vnbo-trang-suc-hoa-tiet-duoi-cong-dinh-da-da-tiec-cd04-p35801380.html?spid=35801382,trang sức họa tiết đuôi công đính
35129815,Bông tai hoa mai dáng dài nữ tính,112000.0,112000.0,0.0,5.0,1,,https://tiki.vnbong-tai-hoa-mai-dang-dai-nu-tinh-p35129815.html?spid=35129816,bông tai hoa mai dáng
7676312,Mặt dây chuyền thánh giá MDC333 - Màu Bạc Phối Đen (Dài 5.2 cm),190000.0,190000.0,0.0,0.0,0,,https://tiki.vnmat-day-chuyen-thanh-gia-mdc333-mau-bac-phoi-den-dai-5-2-cm-p7676312.html?spid=66116893,mặt dây chuyền thánh giá mdc333
278873445,"đèn pin tự vệ, thoát hiểm sáng mạnh, nhôm nguyên khối có thể kéo dài",379000.0,379000.0,0.0,0.0,0,,https://tiki.vnden-pin-tu-ve-thoat-hiem-sang-manh-nhom-nguyen-khoi-co-the-keo-dai-p278873445.html?spid=278873446,đèn pin tự vệ thoát hiểm sáng
278566877,"Tai Nghe Trợ Thính, Máy Trợ Thính Không Dây Có Sạc Cho Người Già Điếc Nặng có chỉnh âm lượng có khử ồn",399000.0,399000.0,0.0,0.0,0,,https://tiki.vntai-nghe-tro-thinh-may-tro-thinh-khong-day-co-sac-cho-nguoi-gia-diec-nang-co-chinh-am-luong-co-khu-on-p278566877.html?spid=278566878,tai nghe trợ thính máy
278562549,"Nhẫn nam nữ thép không gỉ thời trang, Nhẫn nam họa tiết đính đá lấp lánh phong cách thanh lịch",110000.0,110000.0,0.0,0.0,0,,https://tiki.vnnhan-nam-nu-thep-khong-gi-thoi-trang-nhan-nam-hoa-tiet-dinh-da-lap-lanh-phong-cach-thanh-lich-p278562549.html?spid=278562557,nhẫn nam nữ thép gỉ
278431615,Đèn pha LED T4s 3 màu chíp led taiwan Cao cấp lắp zin sài được cả điện máy hàng loại 1 bảo hành 12 tháng,339000.0,339000.0,0.0,0.0,0,,https://tiki.vnden-pha-led-t4s-3-mau-chip-led-taiwan-cao-cap-lap-zin-sai-duoc-ca-dien-may-hang-loai-1-bao-hanh-12-thang-p278431615.html?spid=278431616,đèn pha led t4s màu
278429343,UPS nguồn dự phòng đa năng chuyên dụng cho camera và bộ wifi gia đình có cổng USB 5v và chân cắm 9v - 12v,256000.0,256000.0,0.0,0.0,0,,https://tiki.vnups-nguon-du-phong-da-nang-chuyen-dung-cho-camera-va-bo-wifi-gia-dinh-co-cong-usb-5v-va-chan-cam-9v-12v-p278429343.html?spid=278429344,ups nguồn dự phòng đa năng
278380629,Máy sấy thực phẩm gia đình sấy khô siêu nhanh sấy khô hoa quả thịt cá tôm mực cực tiện,996000.0,996000.0,0.0,0.0,0,,https://tiki.vnmay-say-thuc-pham-gia-dinh-say-kho-sieu-nhanh-say-kho-hoa-qua-thit-ca-tom-muc-cuc-tien-p278380629.html?spid=278380630,máy sấy thực phẩm gia đình sấy
278042149,Vòng mân côi đá thạch anh ưu linh - Ngọc Quý Gemstones,1570000.0,1570000.0,0.0,0.0,0,,https://tiki.vnvong-man-coi-da-thach-anh-uu-linh-ngoc-quy-gemstones-p278042149.html?spid=278042150,vòng mân côi đá thạch ưu linh
277393989,[BH 2 Năm Động Cơ] Hộp Đồng Hồ Cơ 3 Xoay + 3 Tĩnh Vỏ Da Sần Dày Có Đèn Led,1400000.0,1400000.0,0.0,0.0,0,,https://tiki.vnbh-2-nam-dong-co-hop-dong-ho-co-3-xoay-3-tinh-vo-da-san-day-co-den-led-p277393989.html?spid=277393991,hộp đồng hồ cơ xoay
276642310,Nhẫn Ngọc Trai FW Thiết Kế Cao Cấp UK Style (Star Mother of Pearl) - MOON Jewelry,2350000.0,2350000.0,0.0,0.0,0,,https://tiki.vnnhan-ngoc-trai-fw-thiet-ke-cao-cap-uk-style-star-mother-of-pearl-moon-jewelry-p276642310.html?spid=276642312,nhẫn ngọc trai fw thiết kế
276371450,Vòng tay nữ mạ vàng các Chị về phối với hạt charm của mình đeo tay xinh lắm  ạ,218900.0,398000.0,179100.0,0.0,0,,https://tiki.vnvong-tay-nu-ma-vang-cac-chi-ve-phoi-voi-hat-charm-cua-minh-deo-tay-xinh-lam-a-p276371450.html?spid=276371451,vòng tay nữ mạ vàng
275747672,"Dây đeo dành cho Samsung Watch Ultra/ Ultra 2025 - Thép, khóa nam châm (DTSU)",149000.0,149000.0,0.0,5.0,1,,https://tiki.vnday-samsung-watch-7-ultra-thep-khoa-nam-cham-dts7u-p275747672.html?spid=276101500,dây đeo dành samsung
274970808,[BH 2 Năm Động Cơ] Hộp Đồng Hồ Cơ 3 Xoay + 3 Tĩnh SAIKE Vỏ Da Sần Dày Có Đèn Led,1400000.0,1400000.0,0.0,0.0,0,,https://tiki.vnhop-3-xoay-3-tinh-da-saike-p274970808.html?spid=274970809,hộp đồng hồ cơ xoay
271063619,Đồng Xu Đánh Gió Biểu Tượng Bác Hồ Bạc Ta Nguyên Chất S99 Chính Hãng Bạc Hiểu Minh XDG26,2226250.0,2226250.0,0.0,0.0,0,,https://tiki.vndong-xu-danh-gio-bieu-tuong-bac-ho-bac-ta-nguyen-chat-s99-chinh-hang-bac-hieu-minh-xdg26-p271063619.html?spid=271063620,đồng xu đánh gió
270472309,"Vòng tay Charm Đá Đào Hoa hồng tươi tự nhiên bóng đẹp phối dây đen may mắn có khoen chỉnh theo tay lớn nhỏ được Nữ mệnh hỏa, mệnh thổ đeo xinh tay may mắn tài lộc tốt công việc ạ",580000.0,1160000.0,580000.0,0.0,0,,https://tiki.vnvong-tay-charm-da-dao-hoa-hong-tuoi-tu-nhien-bong-dep-phoi-day-den-may-man-co-khoen-chinh-theo-tay-lon-nho-duoc-nu-menh-hoa-menh-tho-deo-xinh-tay-may-man-tai-loc-tot-cong-viec-a-p270472309.html?spid=270472310,vòng tay charm đá đào
261024247,Đồng hồ nam SKAGEN ANCHER SKW6322,5950000.0,5950000.0,0.0,0.0,0,,https://tiki.vndong-ho-nam-skagen-ancher-skw6322-p261024247.html?spid=261024249,đồng hồ nam skagen ancher
243096297,"Mặt Đá Ruby Tự Nhiên Mài Giác Tròn - Làm Mặt Dây Chuyền, Bông Tai, Nữ Trang, Trang Sức Legaxi",800000.0,800000.0,0.0,0.0,0,,https://tiki.vnmat-da-ruby-tu-nhien-mai-giac-tron-lam-mat-day-chuyen-bong-tai-nu-trang-trang-suc-legaxi-p243096297.html?spid=243096343,mặt đá ruby tự nhiên mài giác
225918163,Đồng Hồ Nữ Julius Hàn Quốc JA-585,943201.0,943201.0,0.0,0.0,0,,https://tiki.vndong-ho-nu-julius-han-quoc-ja-585-p225918163.html?spid=225918172,đồng hồ nữ julius hàn quốc
221512844,"Đôi bông tai mới bông hồng nổi cao sịn đẹp xanh Ngọc tươi size đk 9,5mm x Cao 5mm Chất liệu đá ngọc cẩm thạch tự nhiên xanh ngọc tươi đều sịn bóng mượt đẹp nữ về bọc vàng lên đeo sang lắm ạ",1360000.0,1360000.0,0.0,0.0,0,,https://tiki.vndoi-bong-tai-moi-bong-hong-noi-cao-sin-dep-xanh-ngoc-tuoi-size-dk-9-5mm-x-cao-5mm-chat-lieu-da-ngoc-cam-thach-tu-nhien-xanh-ngoc-tuoi-deu-sin-bong-muot-dep-nu-ve-boc-vang-len-deo-sang-lam-a-p221512844.html?spid=221512853,
202047865,Đồng Hồ Nữ Bering Solar Màu Đen 14631-166,10400000.0,10400000.0,0.0,0.0,0,,https://tiki.vndong-ho-nu-bering-solar-mau-den-14631-166-p202047865.html?spid=202047866,đồng hồ nữ bering solar
202047763,Đồng Hồ Nam Bering Ceramic Màu Đen 32339-782,15813000.0,15813000.0,0.0,0.0,0,,https://tiki.vndong-ho-nam-bering-ceramic-mau-den-32339-782-p202047763.html?spid=202047764,đồng hồ nam bering ceramic
193878943,Nhẫn Nam tay nhỏ và nữ Nhẫn Ni 17mm x cao 6mm x dầy 3mm Màu trắng Ngọc Ngà vân tự nhiên đẹp sang tay ạ,961200.0,1780000.0,818800.0,0.0,0,,https://tiki.vnnhan-nam-tay-nho-va-nu-nhan-ni-17mm-x-cao-6mm-x-day-3mm-mau-trang-ngoc-nga-van-tu-nhien-dep-sang-tay-a-p193878943.html?spid=193878944,nhẫn nam tay nhỏ
192708138,Nhẫn Nữ Bạc 925 Đá Nhỏ Giản Đơn Tinh Tế Bạc Hiểu Minh NU490,550000.0,550000.0,0.0,0.0,0,,https://tiki.vnnhan-nu-bac-925-da-nho-gian-don-tinh-te-bac-hieu-minh-nu490-p192708138.html?spid=192708139,nhẫn nữ bạc 925
176504922,MẶT DÂY CHUYỀN ĐÁ THANH TẨY 7 LUÂN XA NĂNG LƯỢNG TÍCH CỰC,170000.0,170000.0,0.0,0.0,0,,https://tiki.vnmat-day-chuyen-da-thanh-tay-7-luan-xa-nang-luong-tich-cuc-p176504922.html?spid=176504923,mặt dây chuyền đá thanh tẩy
136368998,Vòng tay chữ hạt nhựa đủ màu dây cước thun,5000.0,5000.0,0.0,5.0,2,,https://tiki.vnvong-tay-chu-hat-nhua-du-mau-day-cuoc-thun-p136368998.html?spid=136369072,vòng tay chữ hạt nhựa
108229793,Hoa tai kim cương trái tim tòn ten tròn đính tấm 4 chấu - DHT050,35999000.0,35999000.0,0.0,0.0,0,,https://tiki.vnhoa-tai-kim-cuong-trai-tim-ton-ten-tron-dinh-tam-4-chau-dht050-p108229793.html?spid=108229794,hoa tai kim cương trái tim
100605099,"Vòng Tay Phong Thủy May Mắn Đá Ngọc Hoà Điền TRẮNG Tự Nhiên  Size 9,5mm Màu Trắng Ngọc bóng đẹp  Nữ mệnh Kim mệnh Thủy ạ",456000.0,760000.0,304000.0,0.0,0,,https://tiki.vnvong-tay-phong-thuy-may-man-da-ngoc-hoa-dien-trang-tu-nhien-size-9-5mm-mau-trang-ngoc-bong-dep-nu-menh-kim-menh-thuy-a-p100605099.html?spid=100605101,vòng tay phong thủy may mắn đá
85254159,Vòng tay chuỗi hạt gỗ đàn hương - T021,132000.0,132000.0,0.0,0.0,0,,https://tiki.vnvong-tay-chuoi-hat-go-dan-huong-t021-p85254159.html?spid=85254216,vòng tay chuỗi hạt gỗ
76401112,"Vòng tay đá mã não đen 14 ly, vòng tay chuỗi hạt phong thủy",119000.0,119000.0,0.0,3.8,6,,https://tiki.vnvong-tay-da-ma-nao-den-14-ly-vong-tay-chuoi-hat-phong-thuy-p76401112.html?spid=76401113,vòng tay đá mã não
56997746,Nhẫn bạc nữ đẹp đính đá Cz xanh hạt dưa Gix Jewel N01,580000.0,580000.0,0.0,0.0,0,,https://tiki.vnnhan-bac-nu-dep-dinh-da-cz-xanh-hat-dua-gix-jewel-n01-p56997746.html?spid=56997754,nhẫn bạc nữ đẹp
56225775,Combo 2 cái charm bạc hình túi tiền mặt treo - Ngọc Quý Gemstones,300000.0,300000.0,0.0,0.0,0,,https://tiki.vncombo-2-cai-charm-bac-hinh-tui-tien-mat-treo-ngoc-quy-gemstones-p56225775.html?spid=56225776,combo
55330079,Nhẫn bạc nữ đẹp mạ vàng 18k đóa hoa hồng gắn đá sáng đẹp Gix Jewel N62,780000.0,780000.0,0.0,0.0,0,,https://tiki.vnnhan-bac-nu-dep-ma-vang-18k-doa-hoa-hong-gan-da-sang-dep-gix-jewel-n62-p55330079.html?spid=55330085,nhẫn bạc nữ đẹp
52153077,Dây chuyền xuyên ngọc Bạc N2001 LuxJy Jewelry,2150000.0,2150000.0,0.0,0.0,0,,https://tiki.vnday-chuyen-xuyen-ngoc-bac-n2001-luxjy-jewelry-p52153077.html?spid=52153078,dây chuyền xuyên ngọc bạc n2001
46628238,Bông tai nam Thánh giá,35000.0,35000.0,0.0,4.5,2,,https://tiki.vnbong-tai-nam-thanh-gia-p46628238.html?spid=46628240,tai nam
35525127,Nhẫn Nam Màu Đen Titan Cao Cấp TT 0849,81950.0,85000.0,3050.0,4.2,5,,https://tiki.vnnhan-nam-mau-den-titan-cao-cap-tt-0849-p35525127.html?spid=174304514,nhẫn nam màu đen
33139289,VÒNG ĐẸP THẠCH ANH TUYẾT MÀU SANG VIP 10mm ĐÁ THIÊN NHIÊN VIP1,800000.0,800000.0,0.0,0.0,0,,https://tiki.vnvong-dep-thach-anh-tuyet-mau-sang-vip-10mm-da-thien-nhien-vip1-p33139289.html?spid=33139290,vòng đẹp thạch tuyết màu
19275615,CUỘN DÂY THUN CO GIÃN TO DẦY 1MM ĐỂ XỎ VÒNG TAY BẰNG GỖ MÀU ĐEN,91000.0,130000.0,39000.0,4.0,8,,https://tiki.vncuon-day-thun-co-gian-to-day-1mm-de-xo-vong-tay-bang-go-mau-den-p19275615.html?spid=19275616,cuộn dây thun co giãn to dầy
17460909,Vòng tay mệnh đá pha lê mix charm hoa+ tim,1100000.0,1100000.0,0.0,4.0,1,,https://tiki.vnvong-tay-menh-da-pha-le-mix-charm-hoa-tim-p17460909.html?spid=17460910,vòng tay mệnh đá pha lê mix
12007411,Vòng tay mix hạt thủy tinh và pha lê Áo VT164,165000.0,165000.0,0.0,0.0,0,,https://tiki.vnvong-tay-mix-hat-thuy-tinh-va-pha-le-ao-vt164-p12007411.html?spid=12007425,vòng tay mix hạt thủy tinh
10598262,Bông tai nụ ngọc trai ngọt ngào SNFL,26100.0,29000.0,2900.0,4.5,4,,https://tiki.vnbong-tai-nu-ngoc-trai-ngot-ngao-p10598262.html?spid=44396556,tai ngọc trai ngọt ngào
2581505,Đồng Hồ Nam Citizen Dây Thép Không Gỉ NH7520-56E - Mặt Đen (Sapphire),7485000.0,7485000.0,0.0,0.0,0,,https://tiki.vndong-ho-nam-citizen-day-thep-khong-gi-nh7520-56e-mat-den-sapphire-p2581505.html?spid=2581507,đồng hồ nam citizen dây thép
278975040,Vòng tay Mã Não xanh ngọc jade 6 li quấn 3 mix Charm Cát Tường charm bướm xinh hợp mệnh Mộc Hỏa,450000.0,450000.0,0.0,0.0,0,,https://tiki.vnvong-tay-ma-nao-xanh-ngoc-jade-6-li-quan-3-mix-charm-cat-tuong-charm-buom-xinh-hop-menh-moc-hoa-hoa-minh-gem-p278975040.html?spid=279005699,vòng tay mã não xanh ngọc jade
278943403,Mặt dây chuyền kiểu hình thoi viền đính đá chất liệu bạc,145000.0,145000.0,0.0,0.0,0,,https://tiki.vnmat-day-chuyen-kieu-hinh-thoi-vien-dinh-da-c0113-hoa-minh-gem-p278943403.html?spid=278943404,mặt dây chuyền kiểu hình thoi
278938444,Vòng tay chuỗi 108 hạt Cẩm Thạch bạch ngọc nếp băng size hạt 5.5 li phối điếu cẩm thạch phong thủy tài lộc,888000.0,888000.0,0.0,0.0,0,,https://tiki.vnvong-tay-chuoi-108-hat-cam-thach-bach-ngoc-nep-bang-size-hat-5-5-li-phoi-dieu-cam-thach-phong-thuy-tai-loc-hoa-minh-gem-p278938444.html?spid=278939655,vòng tay chuỗi hạt cẩm thạch bạch ngọc
278884001,Vòng tay phong thủy đá Mã Não vân vỏ ốc VIP độc đáo có nhiều size hạt 8 li 10 li 12 li,380000.0,380000.0,0.0,0.0,0,,https://tiki.vnvong-tay-phong-thuy-da-ma-nao-van-vo-oc-vip-doc-dao-co-nhieu-size-hat-8-li-10-li-12-li-hoa-minh-gem-p278884001.html?spid=278893493,vòng tay phong thủy đá mã não vân
278883992,"Vòng tay phong thủy đá Mã Não cam dạng lu thống tròn bầu dục, xen kẽ viên tròn mã não",260000.0,260000.0,0.0,0.0,0,,https://tiki.vnvong-tay-phong-thuy-da-ma-nao-cam-dang-lu-thong-tron-bau-duc-vong-tay-menh-hoa-tho-hoa-minh-gem-p278883992.html?spid=278885724,vòng tay phong thủy đá mã não
278879700,"Vòng tay nam đá Mắt Hổ Vàng Tâm size 14 li chất 5A Vip phong cách lịch lãm, may mắn tài lộc",480000.0,480000.0,0.0,0.0,0,,https://tiki.vnvong-tay-nam-da-mat-ho-vang-tam-size-14-li-chat-5a-vip-phong-cach-lich-lam-may-man-tai-loc-khong-ken-menh-hoa-minh-gem-p278879700.html?spid=278879701,vòng tay nam đá mắt hổ
278879692,"Vòng tay phong thủy đá Thạch Anh trắng sữa hạt vuông size 8 li (hàng kinh tế) vòng tay mệnh Kim, Thủy",350000.0,350000.0,0.0,0.0,0,,https://tiki.vnvong-tay-phong-thuy-da-thach-anh-trang-hat-vuong-size-8-li-hang-kinh-te-hop-menh-kim-thuy-hoa-minh-gem-p278879692.html?spid=278880441,vòng tay phong thủy đá thạch
278878811,"Vòng tay phong thủy đá Mã Não đen onyx size 12 li hợp phong thủy mệnh Thủy, Mộc",350000.0,350000.0,0.0,0.0,0,,https://tiki.vnvong-tay-phong-thuy-da-ma-nao-den-onyx-size-12-li-phu-hop-phong-thuy-menh-thuy-moc-hoa-minh-gem-p278878811.html?spid=278879661,vòng tay phong thủy đá mã não
278536772,"Dây chuyền nam titan cao cấp thời trang thép không gỉ xoắn ốc cỡ inox wakaha,vn cỡ 6mm PTDCNA156",144000.0,144000.0,0.0,0.0,0,,https://tiki.vnday-chuyen-nam-titan-cao-cap-thoi-trang-thep-khong-gi-xoan-oc-co-inox-wakaha-vn-co-6mm-ptdcna156-p278536772.html?spid=278536773,dây chuyền nam titan cao cấp thời trang
278536631,Dây chuyền nam titan cao cấp đẹp sang trọng inox thép không gỉ trangsucpt cỡ 2mm màu trắng PTDCNA41,77000.0,77000.0,0.0,0.0,0,,https://tiki.vnday-chuyen-nam-titan-cao-cap-dep-sang-trong-inox-thep-khong-gi-trangsucpt-co-2mm-mau-trang-ptdcna41-p278536631.html?spid=278537911,dây chuyền nam titan cao cấp đẹp
278534914,Vòng tay Lắc tay nam titan thép không gỉ đẹp sang trọng inox ziczac vuông trangsucpt 5mm PTLTNA85,107000.0,107000.0,0.0,0.0,0,,https://tiki.vnvong-tay-lac-tay-nam-titan-thep-khong-gi-dep-sang-trong-inox-ziczac-vuong-trangsucpt-5mm-ptltna85-p278534914.html?spid=278535884,vòng tay lắc tay nam
278431219,Inverter chuyển đổi điện 12v lên 220v 1000w  CÔNG SUẤT ĐỦ có sạc ắc quy 10a 2IN1,1299000.0,1299000.0,0.0,0.0,0,,https://tiki.vninverter-chuyen-doi-dien-12v-len-220v-1000w-cong-suat-du-co-sac-ac-quy-10a-2in1-p278431219.html?spid=278431220,inverter chuyển đổi điện v
275400454,DÂY ĐEO MICROFIBER TEXTILE STRAP 24MM THAY THẾ ĐỒNG HỒ SUUNTO 9 SUUNTO 7  MÀU XÁM - ĐEN,1560000.0,1560000.0,0.0,0.0,0,,https://tiki.vnday-deo-microfiber-textile-strap-24mm-thay-the-dong-ho-suunto-9-suunto-7-mau-xam-den-p275400454.html?spid=275400458,dây đeo microfiber textile
274512187,Đồng hồ nam SRWATCH SG88882.1101SP,4150000.0,4150000.0,0.0,0.0,0,,https://tiki.vndong-ho-nam-srwatch-sg88882-1101sp-p274512187.html?spid=274512188,đồng hồ nam srwatch sg88882
243245812,Vòng Tay Chuỗi Niệm Phật 216 Hạt Gỗ Bách Xanh - Gỗ Thơm ( Mian .vn ),400000.0,800000.0,400000.0,0.0,0,,https://tiki.vnvong-tay-chuoi-niem-phat-216-hat-go-bach-xanh-go-thom-mian-vn-p243245812.html?spid=243245814,vòng tay chuỗi niệm phật 216
207722056,"Nhẫn xoay bát nhã tâm kinh luxi green, mạ vàng 24K, chất liệu Titanium, mạ vàng 24K, giúp vạn sự hanh thông, hộ mệnh, trừ t.à, kèm hộp đựng Vạn lộc",89040.0,168000.0,78960.0,0.0,0,,https://tiki.vnnhan-xoay-bat-nha-tam-kinh-luxi-green-ma-vang-24k-chat-lieu-titanium-ma-vang-24k-giup-van-su-hanh-thong-ho-menh-tru-t-a-kem-hop-dung-van-loc-p207722056.html?spid=207722060,nhẫn xoay bát nhã tâm
202461575, Dây đồng hồ da bò nhiều size màu nâu đất HT8102-16-30,89500.0,179000.0,89500.0,0.0,0,,https://tiki.vnday-dong-ho-da-bo-nhieu-size-mau-nau-dat-ht8102-16-30-p202461575.html?spid=202461577,dây đồng hồ da bò nhiều
199015327, Dây đồng hồ da bò nhiều size màu xám HJ8110-24-38,64500.0,129000.0,64500.0,0.0,0,,https://tiki.vnday-dong-ho-da-bo-nhieu-size-mau-xam-hj8110-24-38-p199015327.html?spid=199015329,dây đồng hồ da bò nhiều
199012062,Dây đồng hồ da bò nhiều size màu rêu HJ8109-23-37,89500.0,179000.0,89500.0,0.0,0,,https://tiki.vnday-dong-ho-da-bo-nhieu-size-mau-reu-hj8109-23-37-p199012062.html?spid=199012078,dây đồng hồ da bò nhiều
199011019,Dây đồng hồ da bò nhiều size màu xanh lá HJ8103-17-31,89500.0,179000.0,89500.0,0.0,0,,https://tiki.vnday-dong-ho-da-bo-nhieu-size-mau-xanh-la-hj8103-17-31-p199011019.html?spid=199011033,dây đồng hồ da bò nhiều
167120148,"Vòng tay bạch ngọc Luxi green, chất liệu đá Marble hoa thiên nhiên, KÈM BẢN PHOTO GIẤY KIỂM ĐỊNH SẢN PHẨM TẠI SJC",152640.0,288000.0,135360.0,1.0,1,,https://tiki.vnvong-tay-bach-ngoc-luxi-green-chat-lieu-da-marble-hoa-thien-nhien-kem-ban-photo-giay-kiem-dinh-san-pham-tai-sjc-p167120148.html?spid=167120152,vòng tay bạch ngọc luxi green
134409077,Dây đeo cho Samsung Watch 3 41/ 45mm/ Active/ Active 2 - Chất silicone (DGNT-1),110000.0,110000.0,0.0,0.0,0,,https://tiki.vnday-deo-samsung-watch-3-41-45mm-chat-silicone-p134409077.html?spid=252580550,dây đeo samsung watch
133039692,Dây đeo Samsung Watch 3/ Active 1/ 2/ 46mm (DSG),140000.0,140000.0,0.0,5.0,2,,https://tiki.vnday-deo-samsung-watch-3-active-1-2-46mm-chat-silicone-p133039692.html?spid=133039758,dây đeo samsung watch
120035991,"Dây đồng hồ da cá sấu Huy Hoàng size 16, 18, 20 màu đen, nâu đất, vàng, nâu đỏ HT8201-02-03-05",139500.0,279000.0,139500.0,5.0,4,,https://tiki.vnday-dong-ho-da-ca-sau-nhieu-mau-huy-hoang-hp8201-02-03-05-p120035991.html?spid=120035993,dây đồng hồ da cá sấu
76399445,"Vòng tay đá mắt cọp đỏ 16 ly, vòng tay chuỗi hạt đá phong thủy",160000.0,160000.0,0.0,0.0,0,,https://tiki.vnvong-tay-da-mat-cop-do-16-ly-vong-tay-chuoi-hat-da-phong-thuy-p76399445.html?spid=135291233,vòng tay đá mắt cọp
70093177,Vòng tay chuỗi đá mắt hổ đỏ-nhiều cỡ ly,49000.0,49000.0,0.0,3.5,2,,https://tiki.vnvong-tay-chuoi-da-mat-ho-do-nhieu-co-ly-p70093177.html?spid=70093179,vòng tay chuỗi đá mắt
59383403,Bộ trang sức cưới mạ 24k cao cấp P352A,619000.0,619000.0,0.0,2.0,1,,https://tiki.vnbo-trang-suc-cuoi-ma-24k-cao-cap-p352a-p59383403.html?spid=76196519,trang sức cưới mạ k cao cấp
59090154,"Set Vòng đeo tay Chuỗi Hạt Gỗ Mun Sừng, Kèm hộp đựng Gỗ lót lụa vàng",116600.0,220000.0,103400.0,4.7,3,,https://tiki.vnset-vong-deo-tay-chuoi-hat-go-mun-sung-kem-hop-dung-go-lot-lua-vang-p59090154.html?spid=59090158,set vòng đeo tay
42562858,Vòng tay hoa khô màu hồng,29610.0,32900.0,3290.0,5.0,6,,https://tiki.vnvong-tay-hoa-kho-mau-hong-p42562858.html?spid=42562864,vòng tay hoa khô màu
41789178,VÒNG TAY PHONG THUỶ ĐÁ CASIDON SIZE 14ly MÀU XANH ĐẬM NHẠT NAM Mệnh THUỶ MỘC HOẢ ĐÁ TỰ NHIÊN ,275000.0,275000.0,0.0,5.0,2,,https://tiki.vnvong-tay-phong-thuy-da-casidon-size-14ly-mau-xanh-dam-nhat-nam-menh-thuy-moc-hoa-da-tu-nhien-p41789178.html?spid=93837783,vòng tay phong thủy đá casidon
31135407,Vòng Đá Thạch Anh Tóc Vàng,1250000.0,1250000.0,0.0,0.0,0,,https://tiki.vnvong-da-thach-anh-toc-vang-p31135407.html?spid=181562180,vòng đá thạch tóc vàng
26142731,Dây chuyền nam inox cách điệu mạ vàng Hàn Quốc BHDC124,109000.0,109000.0,0.0,5.0,2,,https://tiki.vnday-chuyen-nam-inox-cach-dieu-ma-vang-han-quoc-bhdc124-p26142731.html?spid=46231628,dây chuyền nam inox cách điệu
24955584,Vòng tay trầm hương 108 hạt PVL14,99000.0,99000.0,0.0,4.5,2,,https://tiki.vnvong-tay-tram-huong-108-hat-pvl14-p24955584.html?spid=49636002,vòng tay trầm hương hạt
20107027,Vòng Tay Đá Thạch Anh Tóc Đen - 11mm - BATDV008,350000.0,350000.0,0.0,0.0,0,,https://tiki.vnvong-tay-da-thach-anh-toc-den-11mm-batdv008-p20107027.html?spid=76192607,vòng tay đá thạch tóc đen
19615161,Bông tai nữ mạ vàng  18k,84000.0,84000.0,0.0,3.0,1,,https://tiki.vnbong-tai-nu-ma-vang-18k-p19615161.html?spid=75615961,tai nữ mạ vàng k
15081806,Dây chuyền nam ống trúc mặt rồng ,328000.0,328000.0,0.0,0.0,0,,https://tiki.vnday-chuyen-nam-ong-truc-mat-rong-p15081806.html?spid=74979466,dây chuyền nam ống trúc
14733956,Dây chuyền  nữ mạ vàng ,134000.0,134000.0,0.0,0.0,0,,https://tiki.vnday-chuyen-nu-ma-vang-p14733956.html?spid=75483228,dây chuyền nữ mạ vàng
11458228,Vòng tay mã não xanh lục tự nhiên 11mm tặng hộp đựng phong thủy V5254,214000.0,214000.0,0.0,0.0,0,,https://tiki.vnvong-tay-ma-nao-xanh-luc-tu-nhien-11mm-tang-hop-dung-phong-thuy-v5254-p11458228.html?spid=95054830,vòng tay mã não xanh lục tự nhiên
11122751,Vòng đeo tay chuỗi hạt đá thạch anh Đen - Vòng đeo tay phong thủy dành cho nam,215000.0,215000.0,0.0,4.8,17,,https://tiki.vnvong-deo-tay-chuoi-hat-da-thach-anh-den-vong-deo-tay-phong-thuy-danh-cho-nam-p11122751.html?spid=83764698,vòng đeo tay chuỗi
8100686,Vòng Tay Phong Thủy Mắt Hổ Nâu Vàng Tỳ Hưu,100000.0,100000.0,0.0,3.5,6,,https://tiki.vnvong-tay-phong-thuy-mat-ho-nau-vang-ty-huu-p8100686.html?spid=25962681,vòng tay phong thủy mắt hổ nâu
278824721,Đồng Hồ Nam Citizen Đa Chức Năng Dây Thép Không Gỉ CB0150-62L - Mặt Xanh (Sapphire),19885000.0,19885000.0,0.0,0.0,0,,https://tiki.vndong-ho-nam-citizen-da-chuc-nang-day-thep-khong-gi-cb0150-62l-mat-xanh-sapphire-p278824721.html?spid=278824722,đồng hồ nam citizen đa chức năng
278534757,"Vòng đôi Khắc Tên theo yêu cầu, vòng nam nữ lắc ngắn, quà tặng tình yêu cho bạn trai bạn gái, bạc",506000.0,506000.0,0.0,0.0,0,,https://tiki.vnvong-doi-khac-ten-theo-yeu-cau-vong-nam-nu-lac-ngan-qua-tang-tinh-yeu-cho-ban-trai-ban-gai-bac-p278534757.html?spid=278535611,vòng khắc tên theo
275269173,Hộp đựng đồng hồ bọc da siêu sang Practical,1590000.0,1590000.0,0.0,0.0,0,,https://tiki.vnhop-dung-dong-ho-boc-da-sieu-sang-practical-p275269173.html?spid=275269174,hộp đựng đồng hồ bọc
263599707,"Vòng Đeo Tay Nam Nữ Gỗ Thơm Hạt 8mm, Vòng Tay Phong Thuỷ Vân Đẹp Mùi Hương Tự Nhiên | Mỹ Nghệ Phương Chi",80000.0,80000.0,0.0,0.0,0,,https://tiki.vnvong-deo-tay-nam-nu-go-thom-hat-10mm-vong-tay-phong-thuy-van-dep-mui-huong-tu-nhien-my-nghe-phuong-chi-p263599707.html?spid=274684456,vòng đeo tay nam nữ
222723309,Đồng Hồ Nam Citizen Tsuyosa Dây Thép Không Gỉ Máy Cơ-Automatic NJ0150-81A - Mặt Trắng (Sapphire),12785000.0,12785000.0,0.0,0.0,0,,https://tiki.vndong-ho-nam-citizen-day-thep-khong-gi-may-co-automatic-nj0150-81a-mat-trang-sapphire-p222723309.html?spid=222723311,đồng hồ nam citizen tsuyosa
199007435,"Vòng Đeo Cổ Dây Dù 3MM Size Nhỏ Nhiều Màu Bền Đẹp, Chắc Chắn",29000.0,29000.0,0.0,0.0,0,,https://tiki.vnvong-deo-co-day-du-3mm-size-nho-nhieu-mau-ben-dep-chac-chan-p199007435.html?spid=199007439,vòng đeo cổ dây
197417301,"[Tuổi Tuất, Hợi] Dây Chuyền Phật A Di Đà Mã Não Đỏ 3.6cm - Mặt Size Nhỏ - Tặng Kèm Móc Inox - Phong Thủy 868 - May Mắn - Bình An",220000.0,220000.0,0.0,0.0,0,,https://tiki.vntuoi-tuat-hoi-day-chuyen-phat-a-di-da-ma-nao-do-3-6cm-mat-size-nho-tang-kem-moc-inox-phong-thuy-868-may-man-binh-an-p197417301.html?spid=197417303,dây chuyền phật a di đà mã
196676235,Đồng Hồ Nam Citizen Dây Thép Không Gỉ BI5104-57E - Mặt Đen,5285000.0,5285000.0,0.0,0.0,0,,https://tiki.vndong-ho-nam-citizen-day-thep-khong-gi-bi5104-57e-mat-den-p196676235.html?spid=196676236,đồng hồ nam citizen dây thép
168276050,Dây đeo cho Amazfit GTR 4/ 3/ 3 Pro/ GTR 2/ 2e/ GTR 42/ 47mm/ Redmi Watch 5 Active/ 5 Lite (DG),180000.0,180000.0,0.0,5.0,1,,https://tiki.vnday-deo-amazfit-gtr-3-3-pro-gtr-2-2e-gtr-42-47mm-dg-p168276050.html?spid=211926158,dây đeo amazfit gtr
106392036,GIÁ HỦY DIỆT Dây đồng hồ HUBLOT nam lót da lộn Xám Tối Case 42 size dây 19 - 25 - 22,150000.0,150000.0,0.0,4.5,4,,https://tiki.vngia-huy-diet-day-dong-ho-hublot-nam-lot-da-lon-xam-toi-case-42-size-day-19-25-22-p106392036.html?spid=106392063,giá hủy diệt dây
36601837,"Vòng tay Thạch Anh Đen Khắc Lục Tự Kim Ngôn size 8 ly, 10 ly, 12 ly - Vòng tay Tỳ Hưu Đôi inox đen VTAEPVTHHEV8 - hợp mệnh Mộc, mệnh Thủy",209000.0,209000.0,0.0,0.0,0,,https://tiki.vnvong-tay-thach-anh-den-khac-luc-tu-kim-ngon-size-8-ly-10-ly-12-ly-vong-tay-ty-huu-doi-inox-den-vtaepvthhev8-hop-menh-moc-menh-thuy-p36601837.html?spid=36601839,vòng tay thạch đen khắc lục
25813758,Đồng Hồ Nam Citizen Dây Da AO3033-00L - Mặt Xanh (44mm),5785000.0,5785000.0,0.0,0.0,0,,https://tiki.vndong-ho-nam-citizen-day-da-ao3033-00l-mat-xanh-p25813758.html?spid=25813759,đồng hồ nam citizen dây
20880071,Vòng điều hòa huyết áp Nhật Bản - ND11,890000.0,890000.0,0.0,5.0,2,,https://tiki.vnvong-dieu-hoa-huyet-ap-nhat-ban-nd11-p20880071.html?spid=86980940,vòng điều hòa huyết áp
14654377,"Mặt Phật A Di Đà thạch anh đen 3.6cm - Phật bản mệnh tuổi Tuất, Hợi - mặt phật size nhỏ",109000.0,109000.0,0.0,0.0,0,,https://tiki.vnmat-phat-a-di-da-thach-anh-den-3-6cm-tuoi-tuat-hoi-p14654377.html?spid=14654378,mặt phật a di đà thạch
11546881,Vòng cổ mặt gỗ ngọc am khắc chữ Xuất Nhập Bình An MG102,141900.0,141900.0,0.0,0.0,0,,https://tiki.vnvong-co-mat-go-ngoc-am-khac-chu-xuat-nhap-binh-an-mg102-p11546881.html?spid=11546882,vòng cổ mặt gỗ
10565539,"Mặt dây chuyền Phật A Di Đà thạch anh đen 4.3cm - phật bản mệnh tuổi Tuất, Hợi",129000.0,129000.0,0.0,0.0,0,,https://tiki.vnmat-day-chuyen-phat-a-di-da-thach-anh-den-4-3cm-tuoi-tuat-hoi-p10565539.html?spid=10565540,mặt dây chuyền phật a di đà
9859451,Mặt Phật Bất động minh vương đá mắt hổ 3.6cm,219000.0,219000.0,0.0,0.0,0,,https://tiki.vnmat-phat-bat-dong-minh-vuong-da-mat-ho-3-6cm-p9859451.html?spid=9859452,mặt phật bất động minh vương đá
9859412,"Mặt Phật A Di Đà đá mắt hổ 3.6cm - Phật bản mệnh tuổi Tuất, Hợi - Mặt phật size nhỏ",220000.0,220000.0,0.0,0.0,0,,https://tiki.vnmat-phat-a-di-da-da-mat-ho-3-6cm-p9859412.html?spid=9859413,mặt phật a di đà đá
9666278,Mặt phật Thiên Thủ Thiên Nhãn thủy tinh xanh dương 3.6cm,79000.0,79000.0,0.0,0.0,0,,https://tiki.vnmat-phat-thien-thu-thien-nhan-thuy-tinh-xanh-duong-3-6cm-p9666278.html?spid=9666279,mặt phật thiên thủ thiên nhãn
9621123,"Mặt phật Như Lai Đại Nhật thủy tinh xanh dương 3.6cm - phật bản mệnh tuổi Mùi, Thân - mặt phật size nhỏ",79000.0,79000.0,0.0,0.0,0,,https://tiki.vnmat-phat-nhu-lai-dai-nhat-thuy-tinh-xanh-duong-3-6cm-p9621123.html?spid=9621124,mặt phật lai đại nhật thủy tinh
8702196,"Mặt dây chuyền Phật A Di Đà thạch anh xanh 4.3cm - phật bản mệnh tuổi Tuất, Hợi",130900.0,130900.0,0.0,0.0,0,,https://tiki.vnmat-phat-a-di-da-thach-anh-xanh-4-3cm-p8702196.html?spid=8702197,mặt dây chuyền phật a di đà
8576770,"Mặt Phật Hư Không Tạng thạch anh đen 3.6cm - phật bản mệnh tuổi Sửu, Dần - Móc inox",109000.0,109000.0,0.0,4.0,1,,https://tiki.vnmat-phat-hu-khong-tang-thach-anh-den-3-6cm-p8576770.html?spid=8576771,mặt phật hư tạng thạch
8549913,"Mặt dây chuyền phật A Di Đà thạch anh đen 3.6cm - phật bản mệnh tuổi Tuất, Hợi",109000.0,109000.0,0.0,5.0,1,,https://tiki.vnmat-day-chuyen-a-di-da-thach-anh-den-3-6-cm-p8549913.html?spid=8549914,mặt dây chuyền phật a di đà
8243525,"Dây chuyền phật A Di Đà pha lê tím 5cm - Phật bản mệnh tuổi Tuất, Hợi - Mặt phật size lớn",129000.0,129000.0,0.0,0.0,0,,https://tiki.vnday-chuyen-a-di-da-pha-le-tim-5cm-p8243525.html?spid=8243526,dây chuyền phật a di đà pha
7838443,Mặt Phật Bất động minh vương 5 cm đen,129000.0,129000.0,0.0,0.0,0,,https://tiki.vnmat-phat-bat-dong-minh-vuong-5-cm-den-p7838443.html?spid=7838444,mặt phật bất động minh vương
7803174,Bộ 2 bông tai nam inox khuyên tròn 12mm BT233,24500.0,35000.0,10500.0,4.6,48,,https://tiki.vnbong-tai-nam-inox-khuyen-tron-12mm-bt233-2-chiec-p7803174.html?spid=19641232,bộ bông tai nam inox
7801882,"Mặt Phật Như Lai Đại Nhật thạch anh đỏ 3.6cm - Phật bản mệnh tuổi Mùi, Thân",200000.0,200000.0,0.0,0.0,0,,https://tiki.vnmat-phat-nhu-lai-dai-nhat-thach-anh-do-3-6cm-p7801882.html?spid=7801883,mặt phật lai đại nhật thạch
7801497,"Mặt Phật A Di Đà thạch anh đỏ 3.6cm kèm hộp nhung - Phật bản mệnh tuổi Tuất, Hợi - Mặt size nhỏ",220000.0,220000.0,0.0,0.0,0,,https://tiki.vnmat-phat-a-di-da-thach-anh-do-3-6-cm-kem-hop-nhung-p7801497.html?spid=7801498,mặt phật a di đà thạch
6418807,Vòng tay chuỗi hạt đá thạch anh Đen 18 ly 14 hạt,306900.0,306900.0,0.0,5.0,1,,https://tiki.vnvong-tay-chuoi-hat-da-thach-anh-den-18-ly-14-hat-p6418807.html?spid=6418809,vòng tay chuỗi hạt đá
6416491,Vòng tay chuỗi hạt đá thạch anh Đen 6 ly 24 hạt,130900.0,130900.0,0.0,4.0,1,,https://tiki.vnvong-tay-chuoi-hat-da-thach-anh-den-6-ly-24-hat-p6416491.html?spid=6416493,vòng tay chuỗi hạt đá
6414997,"Mặt dây chuyền A Di Đà thạch anh trắng size nhỏ 3.6cm - Phật bản mệnh tuổi Tuất, Hợi",129000.0,129000.0,0.0,5.0,1,,https://tiki.vnmat-day-chuyen-a-di-da-thach-anh-trang-3-6-cm-p6414997.html?spid=6414999,mặt dây chuyền a di đà thạch
6394067,Vòng tay chuỗi hạt gỗ Huyết rồng 12 ly hồ lô ,132000.0,132000.0,0.0,0.0,0,,https://tiki.vnvong-tay-chuoi-hat-go-huyet-rong-12-ly-ho-lo-p6394067.html?spid=6394069,vòng tay chuỗi hạt gỗ
6330397,Vòng tay chuỗi hạt thạch anh đỏ 10 ly Thái tuế phù DTTH15,231000.0,231000.0,0.0,0.0,0,,https://tiki.vnvong-tay-chuoi-hat-thach-anh-do-10-ly-thai-tue-phu-dtth15-p6330397.html?spid=6330399,vòng tay chuỗi hạt thạch
5841977,Vòng tay chuỗi hạt cẩm thạch Đông ninh 12 ly 16 hạt,196900.0,196900.0,0.0,0.0,0,,https://tiki.vnvong-tay-chuoi-hat-cam-thach-dong-ninh-12-ly-16-hat-p5841977.html?spid=5841979,vòng tay chuỗi hạt cẩm thạch
5182525,Mặt dây chuyền Đại Thế Chí Bồ Tát đá mắt hổ 3.8cm,220000.0,220000.0,0.0,5.0,1,,https://tiki.vnmat-day-chuyen-dai-the-chi-bo-tat-da-mat-ho-3-8cm-p5182525.html?spid=5182527,mặt dây chuyền đại thế chí bồ tát
5175471,"Mặt dây chuyền phật A Di Đà thạch anh đen 5cm - phật bản mệnh tuổi Tuất, Hợi",129000.0,129000.0,0.0,5.0,3,,https://tiki.vnmat-day-chuyen-phat-ban-menh-a-di-da-5cm-p5175471.html?spid=5175473,mặt dây chuyền phật a di đà
5162147,"Mặt Phật A Di Đà đá thạch anh đen 4.3cm - phật bản mệnh tuổi Tuất, Hợi - Móc inox",130900.0,130900.0,0.0,0.0,0,,https://tiki.vnmat-phat-a-di-da-da-thach-anh-den-4-3-cm-p5162147.html?spid=5162149,mặt phật a di đà đá
5083645,"Chuỗi tay Tỳ Hưu inox - Chuỗi tay Thạch Anh Xanh Lá size 14 ly - hợp mệnh Hỏa, mệnh Mộc",240900.0,240900.0,0.0,0.0,0,,https://tiki.vnvong-tay-chuoi-hat-ty-huu-thach-anh-xanh-14-ly-th12-p5083645.html?spid=5083647,chuỗi tay tỳ hưu inox
4616179,Mặt Phật Bồ tát Phổ hiền đá thạch anh xanh 5cm,129000.0,129000.0,0.0,5.0,1,,https://tiki.vnmat-phat-bo-tat-pho-hien-da-thach-anh-xanh-5cm-p4616179.html?spid=4616181,mặt phật bồ tát phổ hiền
4615573,"Mặt dây chuyền Phật A Di Đà thạch anh xanh 5cm - phật bản mệnh tuổi Tuất, Hợi - mặt size lớn",141900.0,141900.0,0.0,5.0,1,,https://tiki.vnmat-day-chuyen-phat-a-di-da-thach-anh-xanh-5cm-tax1-p4615573.html?spid=4615575,mặt dây chuyền phật a di đà
278606376,"Mặt dây chuyền khóa như ý đá ruby Nam phi mệnh hỏa, thổ - Ngọc Quý Gemstones",1140000.0,1140000.0,0.0,0.0,0,,https://tiki.vnmat-day-chuyen-khoa-nhu-y-da-ruby-nam-phi-menh-hoa-tho-ngoc-quy-gemstones-p278606376.html?spid=278606380,mặt dây chuyền khóa ý
278536911,Dây chuyền nam nữ titan cao cấp đẹp sang trọng hỏa tiển trơn trangsucpt kích cỡ 2mm trắng PTDCNA12,127000.0,127000.0,0.0,0.0,0,,https://tiki.vnday-chuyen-nam-nu-titan-cao-cap-dep-sang-trong-hoa-tien-tron-trangsucpt-kich-co-2mm-trang-ptdcna12-p278536911.html?spid=278538245,dây chuyền nam nữ titan cao cấp
278536656,Dây chuyền nam titan cao cấp thời trang rẻ titan thép không gỉ bông dừa trangsucpt 6mm PTDCNA171,50000.0,50000.0,0.0,0.0,0,,https://tiki.vnday-chuyen-nam-titan-cao-cap-thoi-trang-re-titan-thep-khong-gi-bong-dua-trangsucpt-6mm-ptdcna171-p278536656.html?spid=278537798,dây chuyền nam titan cao cấp thời trang
278534869,"【Khắc tên ghi chú】Vòng tay, Vòng cổ nam nữ Cuba thép titan Khắ tuỳ chỉnh Lắc tay Dây chuyền",100000.0,100000.0,0.0,0.0,0,,https://tiki.vn1-chiec-khac-ten-ghi-chu-vong-tay-vong-co-nam-nu-cuba-thep-titan-kha-tuy-chinh-lac-tay-day-chuyen-p278534869.html?spid=278535557,khắc tên ghi chú vòng tay
278296523,"Dây chuyền bạc ý hoa 4 cánh đơn giản, phong cách Hàn Quốc, nhẹ nhàng, thanh lịch, phù hợp đi học, đi chơi, đi làm - 58238.2",1209600.0,1209600.0,0.0,0.0,0,,https://tiki.vnday-chuyen-bac-y-hoa-4-canh-don-gian-phong-cach-han-quoc-nhe-nhang-thanh-lich-phu-hop-di-hoc-di-choi-di-lam-58238-2-p278296523.html?spid=278296524,dây chuyền bạc ý hoa cánh
272383043,Đồng hồ Nữ Citizen Quartz ED8092-58D 35mm,5100000.0,5100000.0,0.0,0.0,0,,https://tiki.vndong-ho-nu-citizen-quartz-ed8092-58d-35mm-p272383043.html?spid=272383044,đồng hồ nữ citizen quartz
272374835,Đồng hồ Nữ Citizen Eco-Drive FE1081-08A 29.4mm,5220000.0,5220000.0,0.0,0.0,0,,https://tiki.vndong-ho-nu-citizen-eco-drive-fe1081-08a-29-4mm-p272374835.html?spid=272374836,đồng hồ nữ citizen eco
272369016,Đồng hồ Nữ Citizen Quartz EL3106-59L 31mm,5585000.0,5585000.0,0.0,0.0,0,,https://tiki.vndong-ho-nu-citizen-quartz-el3106-59l-31mm-p272369016.html?spid=272369017,đồng hồ nữ citizen quartz
262890977,Lắc Chân Nữ Chuông Nhỏ Bạc Ta Chính Hãng Bạc Hiểu Minh LC242,1028750.0,1028750.0,0.0,0.0,0,,https://tiki.vnlac-chan-nu-chuong-nho-bac-ta-chinh-hang-bac-hieu-minh-lc242-p262890977.html?spid=262890978,lắc chân nữ chuông
257613618,"Hoa Tai , Bông Tai Nữ Ngôi Sao Biển Bạc Hiểu Minh HT340X",526250.0,526250.0,0.0,0.0,0,,https://tiki.vnhoa-tai-bong-tai-nu-ngoi-sao-bien-bac-hieu-minh-ht340x-p257613618.html?spid=257613619,hoa tai bông tai nữ ngôi sao
242658074,"Vòng , Lắc Tay Nữ Bạc 925 Hoa 4 Cánh Đính Đá Cao Cấp Bạc Hiểu Minh LTU578",1105000.0,1105000.0,0.0,0.0,0,,https://tiki.vnvong-lac-tay-nu-bac-925-hoa-4-canh-dinh-da-cao-cap-bac-hieu-minh-ltu578-p242658074.html?spid=242658075,vòng lắc tay nữ
222681123,Dây Chuyền Vòng Cổ Nữ Bạc Ta Hoa 4 Cánh Đính Đá Cao Cấp BẠC HIỂU MINH DMD484,876250.0,876250.0,0.0,0.0,0,,https://tiki.vnday-chuyen-vong-co-nu-bac-ta-hoa-4-canh-dinh-da-cao-cap-bac-hieu-minh-dmd484-p222681123.html?spid=222681124,dây chuyền vòng cổ nữ bạc
217528546,Nhẫn Đôi Nhẫn Cặp Bạc Valentine Ring BẠC HIỂU MINH NC659,1095000.0,1095000.0,0.0,0.0,0,,https://tiki.vnnhan-doi-nhan-cap-bac-valentine-ring-bac-hieu-minh-nc659-p217528546.html?spid=217528547,nhẫn nhẫn bạc valentine
214010916,"Hình xăm dán vòng tay, cổ chân, cánh tay nam nữ tạm thời ánh kim vàng bạc tatoo thời trang đi biển Legaxi",12000.0,12000.0,0.0,0.0,0,,https://tiki.vnhinh-xam-dan-vong-tay-co-chan-canh-tay-nam-nu-tam-thoi-anh-kim-vang-bac-tatoo-thoi-trang-di-bien-legaxi-p214010916.html?spid=214010917,hình xăm dán vòng tay
203929719,VÒNG TAY CHUỖI HẠT BỒ ĐỀ TINH NGUYỆT TỰ NHIÊN 5mm PHỐI CHARM Tây Tạng,250000.0,250000.0,0.0,0.0,0,,https://tiki.vnvong-tay-chuoi-hat-bo-de-tinh-nguyet-tu-nhien-5mm-phoi-charm-tay-tang-p203929719.html?spid=203929720,vòng tay chuỗi hạt bồ đề tinh nguyệt
202736676,VÒNG tay Nam gỗ trầm hương Size vòng hạt 18mm Nam đeo đẹp có mùi thơm nhẹ nhàng rẻ đẹp ạ ,504000.0,900000.0,396000.0,0.0,0,,https://tiki.vnvong-tay-nam-go-tram-huong-size-vong-hat-18mm-nam-deo-dep-co-mui-thom-nhe-nhang-re-dep-a-p202736676.html?spid=202736679,vòng tay nam gỗ trầm hương
202047773,Đồng Hồ Nam Bering Classic Màu Xanh Dương 14533-307,11050000.0,11050000.0,0.0,0.0,0,,https://tiki.vndong-ho-nam-bering-classic-mau-xanh-duong-14533-307-p202047773.html?spid=202047774,đồng hồ nam bering classic
202047721,Đồng Hồ Nữ Bering Classic Màu Nâu 12034-265,8238000.0,8238000.0,0.0,0.0,0,,https://tiki.vndong-ho-nu-bering-classic-mau-nau-12034-265-p202047721.html?spid=202047722,đồng hồ nữ bering classic
196427090,Vòng Chỉ May Mắn Đính Bi Vàng 14K - MOON Jewelry,650000.0,650000.0,0.0,5.0,3,,https://tiki.vnstring-bracelet-2mm-bead-moon-jewelry-p196427090.html?spid=196427096,vòng may mắn đính bi vàng
194114084,Nhẫn Nữ Bạc kiểu hàn quốc đính đá hột đá đơn giản đẹp sang trọng trang sức BẠC HIỂU MINH NU089,506250.0,506250.0,0.0,0.0,0,,https://tiki.vnnhan-nu-bac-kieu-han-quoc-dinh-da-hot-da-don-gian-dep-sang-trong-trang-suc-bac-hieu-minh-nu089-p194114084.html?spid=194114085,nhẫn nữ bạc kiểu
193176737,Đồng Hồ Nữ Citizen Đính Kim Cương Dây Thép Không Gỉ EM0910-80N - Mặt Xà Cừ (Sapphire),10485000.0,10485000.0,0.0,5.0,1,,https://tiki.vndong-ho-nu-citizen-dinh-kim-cuong-day-thep-khong-gi-em0910-80n-mat-xa-cu-sapphire-p193176737.html?spid=193176738,đồng hồ nữ citizen đính
192332435,Nhẫn Đôi Bạc Nhẫn Cặp Bạc - Nữ Hoàng Trong Lòng Anh - BẠC HIỂU MINH NC649,995000.0,995000.0,0.0,0.0,0,,https://tiki.vnnhan-doi-bac-nhan-cap-bac-nu-hoang-trong-long-anh-bac-hieu-minh-nc649-p192332435.html?spid=192332436,nhẫn bạc nhẫn bạc
176504549,LẮC TAY NAM ĐẦU RỒNG ĐỐT TRÚC,180000.0,180000.0,0.0,0.0,0,,https://tiki.vnlac-tay-nam-dau-rong-dot-truc-p176504549.html?spid=176504550,lắc tay nam đầu
176072893,Dây Milanese thép dây Huawei GT3 42 mm/ GT3 46mm,99000.0,99000.0,0.0,4.0,6,,https://tiki.vnday-milanese-thep-day-huawei-gt3-42-mm-gt3-46mm-p176072893.html?spid=176072910,dây milanese thép dây
174024928,Nhẫn bạc hồ ly,525000.0,525000.0,0.0,0.0,0,,https://tiki.vnnhan-bac-ho-ly-p174024928.html?spid=174024931,nhẫn bạc hồ ly
174024866,Vòng tay đá quấn 3 vòng,1575000.0,1575000.0,0.0,0.0,0,,https://tiki.vnvong-tay-da-quan-3-vong-p174024866.html?spid=174024867,vòng tay đá quấn vòng
146364170, Charm bạc trắng xỏ ngang nhiều cạnh 11mm - Ngọc Quý Gemstones,640000.0,640000.0,0.0,0.0,0,,https://tiki.vncharm-bac-trang-xo-ngang-nhieu-canh-11mm-ngoc-quy-gemstones-p146364170.html?spid=146364171,charm bạc trắng xỏ
120656957,"Dây đồng hồ Huy Hoàng da cá sấu size 12, 14 màu xám HC8290",249000.0,249000.0,0.0,0.0,0,,https://tiki.vnday-dong-ho-huy-hoang-da-ca-sau-mau-xam-hp8290-p120656957.html?spid=120656974,dây đồng hồ huy hoàng da
109402923,Dây Và Mặt Dây Chuyền Nữ Bạc Hiểu Minh CC001.A - Chữ A  - Bảo Hành Vĩnh Viễn ( Hàng Chính Hãng ) ,642500.0,642500.0,0.0,5.0,1,,https://tiki.vnday-va-mat-day-chuyen-nu-bac-hieu-minh-cc001-a-chu-a-bao-hanh-vinh-vien-hang-chinh-hang-p109402923.html?spid=109402924,dây mặt dây chuyền nữ
107961516,Charm bạc hình búp bê treo - Ngọc Quý Gemstones,2500000.0,2500000.0,0.0,0.0,0,,https://tiki.vncharm-bac-hinh-bup-be-treo-ngoc-quy-gemstones-p107961516.html?spid=107961520,charm bạc hình búp bê treo
69470201,Hoa Tai Bạc Hiểu Minh HT184 Ngọc trai,672500.0,672500.0,0.0,5.0,2,,https://tiki.vnhoa-tai-bac-hieu-minh-ht184-ngoc-trai-p69470201.html?spid=69470202,hoa tai bạc hiểu minh ht184
57124067,"Đồng hồ đeo tay Nữ hiệu JONAS & VERUS X01646-Q3.PPWLR, Máy Pin (Quartz), Kính sappire chống trầy xước, Dây Da Italy",3150000.0,3150000.0,0.0,0.0,0,,https://tiki.vndong-ho-deo-tay-nu-hieu-jonas-verus-x01646-q3-ppwlr-may-pin-quartz-kinh-sappire-chong-tray-xuoc-day-da-italy-p57124067.html?spid=57124068,đồng hồ đeo tay nữ hiệu
57063505,Combo 2 cái charm bạc hình con tuần lộc treo - Ngọc Quý Gemstones,360000.0,360000.0,0.0,0.0,0,,https://tiki.vncombo-2-cai-charm-bac-hinh-con-tuan-loc-treo-ngoc-quy-gemstones-p57063505.html?spid=57063506,combo
56876954,Charm bạc chặn dài hình chữ hỷ - Ngọc Quý Gemstones,200000.0,200000.0,0.0,0.0,0,,https://tiki.vncharm-bac-chan-dai-hinh-chu-hy-ngoc-quy-gemstones-p56876954.html?spid=56876955,charm bạc chặn dài hình
56259142,Charm bạc treo hình gấu trúc treo - Ngọc Quý Gemstones,220000.0,220000.0,0.0,0.0,0,,https://tiki.vncharm-bac-treo-hinh-gau-truc-treo-ngoc-quy-gemstones-p56259142.html?spid=56259143,charm bạc treo hình gấu trúc
55780934,Charm bạc mặt dây chuyền hình phật treo - Ngọc Quý Gemstones,800000.0,800000.0,0.0,0.0,0,,https://tiki.vncharm-bac-mat-day-chuyen-hinh-phat-treo-ngoc-quy-gemstones-p55780934.html?spid=55780935,charm bạc mặt dây chuyền
52290460,NHẪN CẨM THẠCH TỰ NHIÊN  MÀU TRẮNG XANH BẢN CAO NI 20 ,450000.0,450000.0,0.0,0.0,0,,https://tiki.vnnhan-cam-thach-tu-nhien-mau-trang-xanh-ban-cao-ni-20-p52290460.html?spid=52290461,nhẫn cẩm thạch tự nhiên màu
16652917,Đồng Hồ Nam Citizen Dây Thép Không Gỉ NP1014-51E - Mặt Đen (Sapphire),13800000.0,13800000.0,0.0,0.0,0,,https://tiki.vndong-ho-nam-citizen-day-thep-khong-gi-np1014-51e-mat-den-sapphire-p16652917.html?spid=19986862,đồng hồ nam citizen dây thép
14253939,"Vòng tay mệnh mộc, hỏa đá thạch anh tóc xanh mix đá diopside + charm đồng tâm, lá LAT.95",1056000.0,1056000.0,0.0,0.0,0,,https://tiki.vnvong-tay-menh-moc-hoa-da-thach-anh-toc-xanh-mix-da-diopside-charm-dong-tam-la-lat-95-p14253939.html?spid=14253941,vòng tay mệnh mộc hỏa đá thạch
10806307,Mặt dây chuyền bạc 925 đính đá Garnet ngọc hồng lựu tự nhiên kiểu hoa MG11,515000.0,515000.0,0.0,0.0,0,,https://tiki.vnmat-day-chuyen-bac-925-dinh-da-garnet-ngoc-hong-luu-tu-nhien-kieu-hoa-mg11-p10806307.html?spid=10806309,mặt dây chuyền bạc 925
