id,name,price,original_price,discount,rating,review_count,seller_id,inventory_status,url
270880693,Ai Tăng Lương Cho Bạn? 3 Bí Quyết Đơn Giản Để Thăng Tiến Và Hạnh Phúc Trong Công Việc,169000.0,199000.0,30000.0,4.8,53,2953,,https://tiki.vnai-tang-luong-cho-ban-3-bi-quyet-don-gian-de-thang-tien-va-hanh-phuc-trong-cong-viec-p270880693.html?spid=270880694
278423155,"Sách Hồi Ức, Giấc Mơ, Suy Ngẫm - Hành Trình Vào Nội Tâm Của Carl Jung – Nơi Ký Ức, Giấc Mơ Và Triết Lý Giao Thoa",266800.0,345000.0,78200.0,5.0,68,1,,https://tiki.vnsach-hoi-uc-giac-mo-suy-ngam-hanh-trinh-vao-noi-tam-cua-carl-jung-noi-ky-uc-giac-mo-va-triet-ly-giao-thoa-p278423155.html?spid=278423156
271518926,Sách Dám bị ghét,83300.0,119000.0,35700.0,5.0,59,1,,https://tiki.vnsach-dam-bi-ghet-p271518926.html?spid=271518929
278398007,"Sách - Sống Đời Rủng Rỉnh Thong Dong - Quán Xuyến Chuyện Tiền Nong, Hướng Về An Tâm Tài Chính",169000.0,199000.0,30000.0,5.0,9,2953,,https://tiki.vnsach-song-doi-rung-rinh-thong-dong-quan-xuyen-chuyen-tien-nong-huong-ve-an-tam-tai-chinh-p278398007.html?spid=278398008
279116173,"Sách - Vì Sao Bạn Chưa Giàu? - Cẩm Nang Tài Chính Giúp Bạn Tiêu Xài Đúng Cách, Tiết Kiệm Khôn Ngoan Và Đầu Tư Hiệu Quả",199000.0,210000.0,11000.0,5.0,1,2953,,https://tiki.vnsach-vi-sao-ban-chua-giau-cam-nang-tai-chinh-giup-ban-tieu-xai-dung-cach-tiet-kiem-khon-ngoan-va-dau-tu-hieu-qua-p279116173.html?spid=279116174
279112904,Thám Tử Lừng Danh Conan - Tập 107,25000.0,25000.0,0.0,0.0,0,1,,https://tiki.vntham-tu-lung-danh-conan-tap-107-p279112904.html?spid=279112916
278997061,Sách Tô Màu Phát Triển Trí Não Bộ Cho Bé 1-5 Tuổi - [Từ Tập 11 - Tập 20] - Chọn Tập Lẻ,11200.0,16000.0,4800.0,0.0,0,1,,https://tiki.vnsach-to-mau-phat-trien-tri-nao-bo-cho-be-1-5-tuoi-tu-tap-11-tap-20-chon-tap-le-p278997061.html?spid=278997089
278949629,Vương quốc thất tịch,49300.0,58000.0,8700.0,5.0,2,1,,https://tiki.vnvuong-quoc-that-tich-p278949629.html?spid=278949632
278879928,Sách Nếu Như Không Thể Nói Nếu Như & Có Ai Giữ Giùm Những Lãng Quên & Thức Dậy Anh Vẫn Là Mơ - Tái Bản 2025,80850.0,105000.0,24150.0,5.0,11,1,,https://tiki.vnsach-neu-nhu-khong-the-noi-neu-nhu-co-ai-giu-gium-nhung-lang-quen-thuc-day-anh-van-la-mo-tai-ban-2025-p278879928.html?spid=278879977
278859517,Sách Thương Tiến Tửu,119400.0,179000.0,59600.0,5.0,11,1,,https://tiki.vnsach-thuong-tien-tuu-tap-7-p278859517.html?spid=278859568
278770759,Bộ sách truyện One Tale A Day 12 cuốn,298000.0,298000.0,0.0,5.0,1,363716,,https://tiki.vnbo-sach-truyen-one-tale-a-day-12-cuon-p278770759.html?spid=278770760
249178401,Nhân Chuỗi Cửa Hàng - 9 Bước Đóng Gói Và Xây Dựng Hệ Thống Chuỗi Tinh Gọn Theo Công Thức Cộng Trừ Nhân Chia,159000.0,199000.0,40000.0,5.0,63,2953,,https://tiki.vnnhan-chuoi-cua-hang-9-buoc-dong-goi-va-xay-dung-he-thong-chuoi-tinh-gon-theo-cong-thuc-cong-tru-nhan-chia-p249178401.html?spid=249178402
275813605,"Thiệp mừng phụ nữ 8/3, 20/10, SDstationery Dễ Thương Nhiệt Tình, cô gái Nam bộ, chữ nhật 14 x 10,8 cm",31900.0,31900.0,0.0,4.0,1,148,,https://tiki.vnthiep-mung-phu-nu-8-3-20-10-sdstationery-de-thuong-nhiet-tinh-co-gai-nam-bo-chu-nhat-14-x-10-8-cm-p275813605.html?spid=275813606
165188713,Kính lúp đọc dòng văn bản cầm tay có đèn Carson MagniLine MT-25 (3x /10x) - Hàng chính hãng,900000.0,900000.0,0.0,4.0,1,5629,,https://tiki.vnkinh-lup-doc-dong-van-ban-cam-tay-co-den-carson-magniline-mt-25-3x-10x-hang-chinh-hang-p165188713.html?spid=165188714
278451452,Sách Học Tĩnh Trong Một Thế Giới Ồn Ào,67200.0,96000.0,28800.0,5.0,1,1,,https://tiki.vnsach-hoc-tinh-trong-mot-the-gioi-on-ao-p278451452.html?spid=278451454
278856619,Sách Cô Bé Hàng Xóm Và Bốn Viên Kẹo (Nguyễn Nhật Ánh) - 2 phiên bản & quà tặng kèm,86000.0,115000.0,29000.0,5.0,44,1,,https://tiki.vnsach-co-be-hang-xom-va-bon-vien-keo-p278856619.html?spid=278856627
278838097,Sách Tính Bản Ác (M. Scott Peck) - Tuệ Tri,142000.0,185000.0,43000.0,4.7,19,1,,https://tiki.vnsach-tinh-ban-ac-p278838097.html?spid=278838098
278790552,Bộ Truyện One Piece [Chọn Tập Lẻ,28500.0,30000.0,1500.0,5.0,136,1,,https://tiki.vnbo-truyen-one-piece-chon-tap-le-p278790552.html?spid=278790687
278785576,Sách Dragon Ball - 7 Viên Ngọc Rồng [Chọn Tập Lẻ,28500.0,30000.0,1500.0,4.8,4,1,,https://tiki.vnsach-dragon-ball-7-vien-ngoc-rong-chon-tap-le-p278785576.html?spid=278785641
278777861,Bộ Sách Quiz! Khoa Học Kì Thú [Chọn Tập Lẻ,59000.0,75000.0,16000.0,0.0,0,1,,https://tiki.vnbo-sach-quiz-khoa-hoc-ki-thu-p278777861.html?spid=278826466
164436017,Combo 5-10-20 Bút Bi Thiên Long Metal Clip TL-036 đầu bi 1.0mm,75000.0,75000.0,0.0,4.3,18,64561,,https://tiki.vncombo-but-bi-thien-long-metal-clip-tl-036-dau-bi-1-0mm-p164436017.html?spid=164436023
115932722,Combo 5-10-20 Bút Bi Thiên Long TL-095 - Tự động thu ngòi khi cài vào túi áo,110000.0,110000.0,0.0,4.8,142,64561,,https://tiki.vncombo-5-10-20-but-bi-thien-long-tl-095-tu-dong-thu-ngoi-khi-cai-vao-tui-ao-p115932722.html?spid=116478967
217172780,Combo 20 Bút bi Thiên Long TL-089 ngòi 0.5mm mực xanh đỏ đen dạng bấm cò nơi cầm tay có tiết diện tam giác vừa vặn với tay,90000.0,90000.0,0.0,4.7,3,64561,,https://tiki.vncombo-20-cay-but-bi-thien-long-tl-089-p217172780.html?spid=217172782
104907762,Bút Bi Thiên Long TL-061 Mực Xanh/Đen/Đỏ,23000.0,23000.0,0.0,4.5,38,64561,,https://tiki.vnbut-bi-thien-long-tl-061-muc-xanh-den-do-p104907762.html?spid=104907770
217172748,Hộp 100 cây Ruột bút bi Thiên Long BPR-015- Dùng cho bút bi TL-079,250000.0,250000.0,0.0,4.7,7,64561,,https://tiki.vnhop-100-cay-ruot-but-bi-thien-long-bpr-015-dung-cho-but-bi-tl-079-p217172748.html?spid=217172750
278777851,Sách Ma Đạo Tổ Sư - Tái Bản 2025,126000.0,179000.0,53000.0,0.0,0,1,,https://tiki.vnsach-ma-dao-to-su-tai-ban-2025-p278777851.html?spid=278777815
278275166,Hoa Thơm Kiêu Hãnh (Chọn tập lẻ),48000.0,48000.0,0.0,5.0,9,1,,https://tiki.vnhoa-thom-kieu-hanh-p278275166.html?spid=279005480
278123405,Sobotei Dinh Thự Ma Ám (Chọn tập lẻ),40000.0,45000.0,5000.0,5.0,3,1,,https://tiki.vnsobotei-dinh-thu-ma-am-p278123405.html?spid=279041872
277599506,Sách Đôi mắt của Mona,236600.0,338000.0,101400.0,4.6,24,1,,https://tiki.vnsach-doi-mat-cua-mona-p277599506.html?spid=277599509
277397107,Sách Phía Đông Vườn Địa Đàng,303000.0,380000.0,77000.0,4.5,53,1,,https://tiki.vnsach-phia-dong-vuon-dia-dang-p277397107.html?spid=277397109
276960030,Sách Khi Mọi Điều Không Như Ý,70850.0,109000.0,38150.0,5.0,113,1,,https://tiki.vnsach-khi-moi-dieu-khong-nhu-y-p276960030.html?spid=276960033
276948798,"Sách Lên Đỉnh Núi Mở Tiệm Bánh Mì - Triết lí Wazawaza: Những con người hạnh phúc, 2 loại bánh mì, và doanh thu thường niên 300 triệu Yên",92400.0,120000.0,27600.0,4.8,87,1,,https://tiki.vnsach-len-dinh-nui-mo-tiem-banh-mi-triet-li-wazawaza-nhung-con-nguoi-hanh-phuc-2-loai-banh-mi-va-doanh-thu-thuong-nien-300-trieu-yen-p276948798.html?spid=276948799
276659602,Series các tập Claymore,38000.0,40000.0,2000.0,5.0,44,1,,https://tiki.vnclaymore-01-sat-thu-mat-bac-p276659602.html?spid=277975063
276425570,Thám Tử Lừng Danh Conan (Bản Nâng Cấp) - [Chọn Tập Lẻ,33250.0,35000.0,1750.0,5.0,7,1,,https://tiki.vntham-tu-lung-danh-conan-ban-nang-cap-p276425570.html?spid=278892509
274958445,Sách Vở bài tập Toán 2- tập hai- Chân Trời Sáng Tạo (Kèm Nilon bọc Sách),36000.0,36000.0,0.0,4.5,11,11216,,https://tiki.vnsach-vo-bai-tap-toan-2-tap-hai-chan-troi-sang-tao-p274958445.html?spid=274958446
274363543,Sách Con Đường Chẳng Mấy Ai Đi,115000.0,165000.0,50000.0,5.0,261,1,,https://tiki.vnsach-con-duong-chang-may-ai-di-p274363543.html?spid=274363544
273819808,Sách Tâm Lý Học Về Tiền,166300.0,239000.0,72700.0,4.8,3768,1,,https://tiki.vnsach-tam-ly-hoc-ve-tien-p273819808.html?spid=279134836
272404892,Sách Phụ nữ tỳ hư rất mau già,128000.0,165000.0,37000.0,5.0,10,1,,https://tiki.vnsach-phu-nu-ty-hu-rat-mau-gia-p272404892.html?spid=272404893
272367381,Sách Trốn Lên Mái Nhà Để Khóc,73150.0,95000.0,21850.0,5.0,147,1,,https://tiki.vnsach-tron-len-mai-nha-de-khoc-p272367381.html?spid=272367383
271162836,Sách Beartown 2: Chúng tôi đấu với các bạn,188000.0,225000.0,37000.0,5.0,106,1,,https://tiki.vnsach-beartown-2-chung-toi-dau-voi-cac-ban-p271162836.html?spid=271162837
263035841,Sách Vòng Quanh Thế Giới,9000.0,12000.0,3000.0,4.7,3,1,,https://tiki.vnsach-vong-quanh-the-gioi-p263035841.html?spid=277926166
253054602,Bong Bóng Số Tuổi Trang Trí Sinh Nhật Siêu Đáng Yêu,38000.0,38000.0,0.0,4.2,6,35488,,https://tiki.vnbong-bong-so-tuoi-trang-tri-sinh-nhat-sieu-dang-yeu-p253054602.html?spid=253054616
249876840,"Sách Beartown - Thị trấn nhỏ, giấc mơ lớn",176000.0,210000.0,34000.0,5.0,161,1,,https://tiki.vnsach-beartown-thi-tran-nho-giac-mo-lon-p249876840.html?spid=249876841
202879294,Sách Người Đàn Ông Mang Tên Ove (Tái Bản 2022),134000.0,160000.0,26000.0,5.0,491,1,,https://tiki.vnsach-nguoi-dan-ong-mang-ten-ove-tai-ban-2022-p202879294.html?spid=202879295
194960730,Sách Nỗi buồn chiến tranh,113000.0,130000.0,17000.0,5.0,338,1,,https://tiki.vnsach-noi-buon-chien-tranh-p194960730.html?spid=194960731
139303869,Sách Nghệ Thuật Tinh Tế Của Việc Đếch Quan Tâm (Tái Bản),96000.0,128000.0,32000.0,5.0,584,1,,https://tiki.vnsach-nghe-thuat-tinh-te-cua-viec-dech-quan-tam-tai-ban-p139303869.html?spid=139303870
107802183,Sách Sức Mạnh Tiềm Thức (Tái Bản) (Bìa Mềm),98560.0,128000.0,29440.0,5.0,973,1,,https://tiki.vnsach-suc-manh-tiem-thuc-tai-ban-bia-mem-p107802183.html?spid=107802184
101782486,"Sách Deep Work - Làm Ra Làm, Chơi Ra Chơi (Tái Bản)",119200.0,159000.0,39800.0,4.7,339,1,,https://tiki.vnsach-deep-work-lam-ra-lam-choi-ra-choi-tai-ban-p101782486.html?spid=101782488
95289208,Sách Người Bà Tài Giỏi Vùng Saga,96000.0,128000.0,32000.0,5.0,512,1,,https://tiki.vnsach-nguoi-ba-tai-gioi-vung-saga-p95289208.html?spid=95289212
82912488,Sách Từ Tốt Đến Vĩ Đại (Tái bản 2021),109000.0,130000.0,21000.0,5.0,1281,1,,https://tiki.vnsach-tu-tot-den-vi-dai-tai-ban-2021-p82912488.html?spid=88911710
52789367,Sách Nhà Giả Kim (Tái Bản),68200.0,95000.0,26800.0,5.0,6073,1,,https://tiki.vnsach-nha-gia-kim-tai-ban-2020-p52789367.html?spid=52789368
13446508,Sách Cánh Đồng Bất Tận (Tái Bản),79000.0,100000.0,21000.0,5.0,817,1,,https://tiki.vnsach-canh-dong-bat-tan-tai-ban-2019-p13446508.html?spid=13446509
13419678,Sách Đi Tìm Lẽ Sống (Tái Bản ),67760.0,88000.0,20240.0,4.8,2538,1,,https://tiki.vnsach-di-tim-le-song-tai-ban-p13419678.html?spid=13419679
540039,Sách Giáo Trình Chuẩn HSK 1 - Bài Học (Kèm file MP3),157000.0,198000.0,41000.0,4.8,960,1,,https://tiki.vnsach-giao-trinh-chuan-hsk-1-bai-hoc-kem-file-mp3-p540039.html?spid=262528
279152607,Sách - Bộ Ôn Luyện Trắc Nghiệm Thi Tốt Nghiệp Trung Học Phổ Thông 2026 ( Combo/Lẻ),55000.0,55000.0,0.0,0.0,0,354631,,https://tiki.vnsach-bo-on-luyen-trac-nghiem-thi-tot-nghiep-trung-hoc-pho-thong-2026-combo-le-p279152607.html?spid=279152629
278967562,Monster - Deluxe Edition –  [Chọn Tập Lẻ,118750.0,125000.0,6250.0,5.0,24,1,,https://tiki.vnmonster-deluxe-edition-chon-tap-le-p278967562.html?spid=278967565
278901566,Sách Đời Gió Bụi,168000.0,240000.0,72000.0,5.0,9,1,,https://tiki.vnsach-doi-gio-bui-p278901566.html?spid=278901596
278872177,Sách Báu Vật Của Đời,269000.0,390000.0,121000.0,5.0,19,1,,https://tiki.vnsach-bau-vat-cua-doi-p278872177.html?spid=278872178
278729078,Masamune Báo Thù [Chọn Tập Lẻ,36100.0,38000.0,1900.0,5.0,3,1,,https://tiki.vnmasamune-bao-thu-chon-tap-le-p278729078.html?spid=279082266
189940673,Sách Học Cách Học (Tái bản),119200.0,159000.0,39800.0,4.8,55,1,,https://tiki.vnsach-hoc-cach-hoc-tai-ban-p189940673.html?spid=189940674
278724728,Sách Giải Mã Tâm Lý Hành Vi Về Tiền,153000.0,239000.0,86000.0,5.0,16,1,,https://tiki.vnsach-giai-ma-tam-ly-hanh-vi-ve-tien-p278724728.html?spid=278724729
278691939,Sách Khi Đàn Sếu Bay Về Phương Nam,130130.0,169000.0,38870.0,5.0,1,1,,https://tiki.vnsach-khi-dan-seu-bay-ve-phuong-nam-p278691939.html?spid=278691940
278638861,Sách IELTS Writing: Viết Luận “Chất Như Nước Cất”,162000.0,219000.0,57000.0,5.0,2,1,,https://tiki.vnsach-ielts-writing-viet-luan-chat-nhu-nuoc-cat-p278638861.html?spid=278638863
278590521,Sách Agatha Christie - Kỳ Án Bảy Mặt Đồng Hồ,110000.0,132000.0,22000.0,5.0,8,1,,https://tiki.vnsach-agatha-christie-ky-an-bay-mat-dong-ho-p278590521.html?spid=278590524
278523761,Siêu Quậy Teppei Tập 1 – Tập 31,23000.0,25000.0,2000.0,5.0,10,1,,https://tiki.vnsieu-quay-teppei-tap-1-tap-31-p278523761.html?spid=278523772
278504736,Cánh Tư và Lửa Thép (Combo và Lẻ),264000.0,315000.0,51000.0,5.0,181,1,,https://tiki.vncanh-tu-fourth-wing-p278504736.html?spid=274468054
278496130,Thanh Gươm Diệt Quỷ - 6- Phán Xét Của Các Trụ Cột,24000.0,25000.0,1000.0,5.0,521,1,,https://tiki.vnthanh-guom-diet-quy-tap-1-tan-khoc-p278496130.html?spid=278496141
278275295,Sách Chiến Binh Cầu Vồng (Tái Bản),94500.0,135000.0,40500.0,4.6,412,1,,https://tiki.vnsach-chien-binh-cau-vong-tai-ban-p278275295.html?spid=278275298
277962612,Sách Thiên Quan Tứ Phúc,123900.0,169000.0,45100.0,5.0,27,1,,https://tiki.vnsach-thien-quan-tu-phuc-p277962612.html?spid=277962709
277671463,Tình Yêu Nhân Vật Phụ - Tập 1 (Tặng kèm Thiệp + Bookmark giấy),41000.0,45000.0,4000.0,5.0,8,1,,https://tiki.vntinh-yeu-nhan-vat-phu-p277671463.html?spid=277542475
276753420,"Set Bao Lì Xì Tết May Mắn Nhiều Mẫu Độc Lạ , Trend Mới Lạ",15000.0,30000.0,15000.0,5.0,1,137411,,https://tiki.vnset-bao-li-xi-tet-may-man-nhieu-mau-doc-la-trend-moi-la-p276753420.html?spid=276753424
276750755,Sách TỘI ÁC VÀ HÌNH PHẠT,320000.0,399000.0,79000.0,5.0,100,1,,https://tiki.vnsach-toi-ac-va-hinh-phat-p276750755.html?spid=278885238
276019606,Sách Không Gia Đình (Tái Bản),123000.0,175000.0,52000.0,5.0,178,1,,https://tiki.vnsach-khong-gia-dinh-tai-ban-p276019606.html?spid=278938671
272854044,Sách Tiếng Anh Giao Tiếp Bệnh Viện dành cho người mới bắt đầu - Tác giả BS. Đỗ Trung Kiên,149000.0,199000.0,50000.0,5.0,49,327437,,https://tiki.vnsach-tieng-anh-giao-tiep-benh-vien-danh-cho-nguoi-moi-bat-dau-tac-gia-bs-do-trung-kien-p272854044.html?spid=272854045
272447903,Sách Đừng nhặt bạn trai trong thùng rác,117600.0,169000.0,51400.0,5.0,50,1,,https://tiki.vnsach-dung-nhat-ban-trai-trong-thung-rac-p272447903.html?spid=276238502
271380890,Sách Đúng Việc,84000.0,125000.0,41000.0,5.0,971,1,,https://tiki.vnsach-dung-viec-p271380890.html?spid=271380893
263514100,Sách Liệu Pháp Chữa Bệnh - Khu Phản Xạ,105100.0,135000.0,29900.0,5.0,38,1,,https://tiki.vnsach-lieu-phap-chua-benh-khu-phan-xa-p263514100.html?spid=263514101
263419926,Sách Giải Phẫu Học Về Giãn Cơ,235800.0,305000.0,69200.0,4.7,36,1,,https://tiki.vnsach-giai-phau-hoc-ve-gian-co-p263419926.html?spid=263419929
225912339,Sách Chủ nghĩa khắc kỷ - phong cách sống bản lĩnh và bình thản (Tái Bản),100900.0,149000.0,48100.0,4.7,237,1,,https://tiki.vnsach-chu-nghia-khac-ky-phong-cach-song-ban-linh-va-binh-than-tai-ban-p225912339.html?spid=225912340
220665663,Sách 30 Tuổi - Mọi Thứ Chỉ Mới Bắt Đầu,103950.0,135000.0,31050.0,4.8,161,1,,https://tiki.vnsach-30-tuoi-moi-thu-chi-moi-bat-dau-p220665663.html?spid=220665664
210277880,Sách Con người và Biểu tượng - Man and his symbols,315000.0,450000.0,135000.0,4.8,226,1,,https://tiki.vnsach-con-nguoi-va-bieu-tuong-man-and-his-symbols-p210277880.html?spid=210277882
195291930,Sách Bốn Thỏa Ước,100100.0,130000.0,29900.0,5.0,277,1,,https://tiki.vnsach-bon-thoa-uoc-p195291930.html?spid=195291931
168662171,Sách Vừa Nhắm Mắt Vừa Mở Cửa Số,63000.0,75000.0,12000.0,5.0,193,1,,https://tiki.vnsach-vua-nham-mat-vua-mo-cua-so-p168662171.html?spid=168662172
140416370,Sách Flow - Dòng Chảy,175560.0,228000.0,52440.0,5.0,790,1,,https://tiki.vnsach-flow-dong-chay-p140416370.html?spid=140416372
124767703,Sách Cân Bằng Cảm Xúc Cả Lúc Bão Giông (Tặng Kèm Bookmark)(Tái Bản),80850.0,105000.0,24150.0,5.0,768,1,,https://tiki.vnsach-can-bang-cam-xuc-ca-luc-bao-giong-tang-kem-bookmark-tai-ban-p124767703.html?spid=124767706
90056907,Sách Khởi Nghiệp Tinh Gọn (The Lean Startup) (Tái Bản),123200.0,165000.0,41800.0,5.0,594,1,,https://tiki.vnsach-khoi-nghiep-tinh-gon-the-lean-startup-tai-ban-p90056907.html?spid=90056908
74021317,Sách Cây Cam Ngọt Của Tôi,70200.0,108000.0,37800.0,5.0,13502,1,,https://tiki.vnsach-cay-cam-ngot-cua-toi-p74021317.html?spid=74021318
8885995,Sách Sự Im Lặng Của Bầy Cừu (Tái Bản),105000.0,150000.0,45000.0,4.8,2750,1,,https://tiki.vnsach-su-im-lang-cua-bay-cuu-tai-ban-p8885995.html?spid=8885996
7982628,Sách Suối Nguồn (Tái Bản),319000.0,380000.0,61000.0,4.8,1495,1,,https://tiki.vnsach-suoi-nguon-tai-ban-p7982628.html?spid=7982629
4780917,Sách Người Đua Diều (Tái Bản 2018),90300.0,129000.0,38700.0,4.8,2722,1,,https://tiki.vnsach-nguoi-dua-dieu-tai-ban-2018-p4780917.html?spid=4781791
3954355,Sách Yêu Những Điều Không Hoàn Hảo,118300.0,169000.0,50700.0,5.0,4077,1,,https://tiki.vnsach-yeu-nhung-dieu-khong-hoan-hao-p3954355.html?spid=3955615
3304875,Sách Điều Kỳ Diệu Của Tiệm Tạp Hóa NAMIYA (Tái Bản),97300.0,139000.0,41700.0,5.0,4869,1,,https://tiki.vnsach-dieu-ky-dieu-cua-tiem-tap-hoa-namiya-tai-ban-p3304875.html?spid=3304877
1647103,Sách Bà Ngoại Tôi Gửi Lời Xin Lỗi,158000.0,190000.0,32000.0,4.8,114,1,,https://tiki.vnsach-ba-ngoai-toi-gui-loi-xin-loi-p1647103.html?spid=1647211
279120661,Sách Ảnh Hưởng Từ Sự Thiếu Vắng Người cha lên cuộc đời con gái,127200.0,159000.0,31800.0,0.0,0,1,,https://tiki.vnsach-anh-huong-tu-su-thieu-vang-nguoi-cha-len-cuoc-doi-con-gai-p279120661.html?spid=279120662
279072002,Đô La Mỹ Và Quyền Lực Thống Trị Toàn Cầu - Từ Quá Khứ Đến Tương lai - Paul Blustein - Omega Plus,205600.0,250000.0,44400.0,0.0,0,1,,https://tiki.vndo-la-my-va-quyen-luc-thong-tri-toan-cau-tu-qua-khu-den-tuong-lai-paul-blustein-p279072002.html?spid=279121131
278881187,Sách Nông Trường Kỳ Ảo,118000.0,179000.0,61000.0,3.0,1,1,,https://tiki.vnsach-nong-truong-ky-ao-tap-1-p278881187.html?spid=279004894
278872225,Sách Đàn Hương Hình,189000.0,260000.0,71000.0,4.5,13,1,,https://tiki.vnsach-dan-huong-hinh-p278872225.html?spid=278872226
278800709,Điểm Kỳ Dị Đã Cận Kề - Khi Con Người Hợp Nhất Với AI,189400.0,245000.0,55600.0,5.0,1,1,,https://tiki.vndiem-ky-di-da-can-ke-khi-con-nguoi-hop-nhat-voi-ai-p278800709.html?spid=278814823
278788244,Sách Dragon Quest - Cuộc Phiêu Lưu Của Dũng Sĩ Dai [Chọn Tập Lẻ,66000.0,69000.0,3000.0,5.0,6,1,,https://tiki.vnsach-dragon-quest-cuoc-phieu-luu-cua-dung-si-dai-chon-tap-le-p278788244.html?spid=279134900
278781472,Quy Luật Của Tiền,128880.0,179000.0,50120.0,0.0,0,1,,https://tiki.vnquy-luat-cua-tien-p278781472.html?spid=278781474
278756674,Sách Nisekoi - Cặp Đôi Giả Tạo,37000.0,40000.0,3000.0,5.0,3,1,,https://tiki.vnsach-nisekoi-cap-doi-gia-tao-p278756674.html?spid=278756677
278692091,Sách Giải Mã Kiểu Gắn Bó Của Bạn,119350.0,155000.0,35650.0,5.0,1,1,,https://tiki.vnsach-giai-ma-kieu-gan-bo-cua-ban-p278692091.html?spid=278692092
278516481,Sách Kiêu Hãnh Và Định Kiến,164000.0,215000.0,51000.0,4.8,13,1,,https://tiki.vnsach-kieu-hanh-va-dinh-kien-p278516481.html?spid=278516482
278492587,Sách Kính Vạn Hoa - Bộ 18 Tập [ Phiên Bản Mới,77400.0,86000.0,8600.0,5.0,16,1,,https://tiki.vnsach-kinh-van-hoa-bo-18-tap-phien-ban-moi-p278492587.html?spid=278492592
278194107,Sách Luyện Viết 214 Bộ Thủ Hán Tự Thông Dụng (Tập 1 + Tập 2),54400.0,68000.0,13600.0,0.0,0,1,,https://tiki.vnsach-luyen-viet-214-bo-thu-han-tu-thong-dung-tap-1-tap-2-p278194107.html?spid=278194478
278160412,Sách Nếp Nhà - Từ Gốc Rễ Đến Ngọn Gió,184030.0,239000.0,54970.0,5.0,4,1,,https://tiki.vnsach-nep-nha-tu-goc-re-den-ngon-gio-p278160412.html?spid=278160413
278110636,Sách Kẻ Trộm Cà Chua,72000.0,96000.0,24000.0,4.5,28,1,,https://tiki.vnsach-ke-trom-ca-chua-p278110636.html?spid=278110639
277938216,Sách Sống cuộc đời giàu có nhất của bạn (Robin Sharma),164000.0,200000.0,36000.0,5.0,17,1,,https://tiki.vnsach-song-cuoc-doi-giau-co-nhat-cua-ban-robin-sharma-p277938216.html?spid=277938219
277402962,ReLIFE,54000.0,75000.0,21000.0,5.0,3,1,,https://tiki.vnrelife-p277402962.html?spid=277402969
276968794,Truyện - Naruto - Chọn Lẻ Tập 1 - 25 - Masashi Kishimoto - NXB Kim Đồng,35000.0,35000.0,0.0,3.8,4,281062,,https://tiki.vntruyen-naruto-chon-le-tap-1-25-masashi-kishimoto-nxb-kim-dong-p276968794.html?spid=276968800
276912755,Sách Tiến hóa nội tâm cùng Carl Jung,148000.0,192000.0,44000.0,4.8,18,1,,https://tiki.vnsach-tien-hoa-noi-tam-cung-carl-jung-p276912755.html?spid=277459816
276471716,Sách Cách Sống,76500.0,99000.0,22500.0,4.8,314,1,,https://tiki.vnsach-cach-song-p276471716.html?spid=276471719
275178313,Sách Lười - Một lần Lười bằng Mười than thuốc bổ,115000.0,165000.0,50000.0,4.7,23,1,,https://tiki.vnsach-luoi-mot-lan-luoi-bang-muoi-than-thuoc-bo-p275178313.html?spid=275178315
274955702,Sách Vở bài tập Toán 1- tập hai- Chân Trời Sáng Tạo (Kèm Nilon bọc Sách),33000.0,33000.0,0.0,3.0,2,11216,,https://tiki.vnsach-vo-bai-tap-toan-1-tap-hai-chan-troi-sang-tao-p274955702.html?spid=274955703
274928291,Historie,44540.0,48000.0,3460.0,5.0,14,1,,https://tiki.vnhistorie-p274928291.html?spid=276285537
274844704,Sách Trong Đầu Có Giấu Con Voi,150000.0,215000.0,65000.0,4.8,31,1,,https://tiki.vnsach-trong-dau-co-giau-con-voi-p274844704.html?spid=274844705
273691914,Sách Trăm năm cô đơn,139300.0,199000.0,59700.0,4.7,26,1,,https://tiki.vnsach-tram-nam-co-don-p273691914.html?spid=273691915
273456914,Series các tập Hội con trai,14000.0,40000.0,26000.0,5.0,28,1,,https://tiki.vnseries-cac-tap-hoi-con-trai-p273456914.html?spid=273328580
273384981,"Sách Chánh Niệm, Hỷ Lạc, Giác Ngộ",137800.0,179000.0,41200.0,4.7,3,1,,https://tiki.vnsach-chanh-niem-hy-lac-giac-ngo-p273384981.html?spid=273384982
263070154,Sách Giải mã Hoóc-môn Dopamine,152460.0,198000.0,45540.0,4.8,330,1,,https://tiki.vnsach-giai-ma-hooc-mon-dopamine-p263070154.html?spid=263070155
212992705,Cuốn sách bạn ước cha mẹ mình từng đọc (Và con bạn sẽ vui nếu bạn đọc nó),101500.0,145000.0,43500.0,5.0,63,1,,https://tiki.vncuon-sach-ban-uoc-cha-me-minh-tung-doc-va-con-ban-se-vui-neu-ban-doc-no-p212992705.html?spid=212992706
207256575,Sách Định luật Murphy – Mọi bí mật tâm lý thao túng cuộc đời bạn,91630.0,119000.0,27370.0,4.8,624,1,,https://tiki.vnsach-dinh-luat-murphy-moi-bi-mat-tam-ly-thao-tung-cuoc-doi-ban-p207256575.html?spid=207256576
196280107,Nỗi Buồn Chiến Tranh (Tái Bản 2022),104000.0,130000.0,26000.0,4.8,35,53660,,https://tiki.vnnoi-buon-chien-tranh-tai-ban-2022-p196280107.html?spid=196280108
186286187,Sách Nhà Lãnh Đạo Không Chức Danh,87000.0,105000.0,18000.0,5.0,175,1,,https://tiki.vnsach-nha-lanh-dao-khong-chuc-danh-p186286187.html?spid=186286189
176909221,Sách Ngôi Nhà Bên Bờ Biển Xanh Thẳm,153230.0,199000.0,45770.0,5.0,524,1,,https://tiki.vnsach-ngoi-nha-ben-bo-bien-xanh-tham-p176909221.html?spid=176909223
170708233,Sách Thay Đổi Tí Hon - Hiệu Quả Bất Ngờ Atomic Habits (Tái Bản Lần 4),149000.0,189000.0,40000.0,4.8,881,1,,https://tiki.vnsach-thay-doi-ti-hon-hieu-qua-bat-ngo-atomic-habits-tai-ban-lan-4-p170708233.html?spid=170708234
165030729,Sách Những Kẻ Âu Lo,149000.0,180000.0,31000.0,5.0,176,1,,https://tiki.vnsach-nhung-ke-au-lo-p165030729.html?spid=165030730
73787185,Sách Những Tù Nhân Của Địa Lý,181300.0,259000.0,77700.0,4.8,4232,1,,https://tiki.vnsach-nhung-tu-nhan-cua-dia-ly-p73787185.html?spid=73787186
52329763,Sách Kafka bên bờ biển (Tái Bản 2020),131600.0,188000.0,56400.0,4.8,1218,1,,https://tiki.vnsach-kafka-ben-bo-bien-tai-ban-2020-p52329763.html?spid=52329766
13443886,Sách Giáo Trình Chuẩn HSK 3 Bài Học (Kèm file MP3) - Tái Bản,250000.0,288000.0,38000.0,4.8,340,1,,https://tiki.vnsach-giao-trinh-chuan-hsk-3-bai-hoc-kem-file-mp3-tai-ban-p13443886.html?spid=13443887
8885999,Sách Totto - Chan Bên Cửa Sổ (Tái Bản),84000.0,120000.0,36000.0,5.0,2107,1,,https://tiki.vnsach-totto-chan-ben-cua-so-tai-ban-p8885999.html?spid=8886000
7833728,Sách Dạy Con Làm Giàu (Tập 1) - Để Không Có Tiền Vẫn Tạo Ra Tiền - Cha Giàu Cha Nghèo (Tái Bản),67000.0,80000.0,13000.0,4.8,3580,1,,https://tiki.vnsach-day-con-lam-giau-tap-1-de-khong-co-tien-van-tao-ra-tien-cha-giau-cha-ngheo-tai-ban-p7833728.html?spid=7833729
750578,Sách Khi Hơi Thở Hóa Thinh Không,81700.0,109000.0,27300.0,4.7,2303,1,,https://tiki.vnsach-khi-hoi-tho-hoa-thinh-khong-p750578.html?spid=750581
279112733,Chánh niệm mỗi ngày - Ghi chép và thực tập theo những lời dạy của Thiền sư Nhất Hạnh,99999.0,99999.0,0.0,0.0,0,978,,https://tiki.vnchanh-niem-moi-ngay-ghi-chep-va-thuc-tap-theo-nhung-loi-day-cua-thien-su-nhat-hanh-p279112733.html?spid=279112734
278949619,Quý tộc nhà nông,55250.0,65000.0,9750.0,0.0,0,1,,https://tiki.vnquy-toc-nha-nong-01-tang-kem-the-bai-quy-toc-p278949619.html?spid=278949622
278892527,Sách Tokyo Aliens - [Chọn Tập Lẻ,38000.0,40000.0,2000.0,4.3,6,1,,https://tiki.vnsach-tokyo-aliens-chon-tap-le-p278892527.html?spid=279059329
278862220,Hoàng Đế Của Biển Cả - Hốt Tất Liệt Và Sự Hình Thành Của Nước Trung Hoa,211100.0,259000.0,47900.0,5.0,6,1,,https://tiki.vnhoang-de-cua-bien-ca-hot-tat-liet-va-su-hinh-thanh-cua-nuoc-trung-hoa-p278862220.html?spid=278931986
278756735,Sách Sự Thịnh Vượng Của Các Quốc Gia,385000.0,550000.0,165000.0,5.0,6,1,,https://tiki.vnsu-thinh-vuong-cua-cac-quoc-gia-p278756735.html?spid=278756736
278489414,Sách Tư Duy Hệ Thống,124900.0,159000.0,34100.0,5.0,5,1,,https://tiki.vnsach-tu-duy-he-thong-p278489414.html?spid=278489416
278445298,Slam Dunk - Deluxe Edition ( Các Tập Lẻ),57000.0,60000.0,3000.0,5.0,260,1,,https://tiki.vnslam-dunk-deluxe-edition-cac-tap-le-p278445298.html?spid=74381365
278159875,Sách Người Ăn Chay,115500.0,150000.0,34500.0,4.7,23,1,,https://tiki.vnsach-nguoi-an-chay-p278159875.html?spid=278159878
277923330,Sách Các triều đại Việt Nam,97000.0,138000.0,41000.0,5.0,2,1,,https://tiki.vnsach-cac-trieu-dai-viet-nam-p277923330.html?spid=277923331
277770425,"Sách Hồi Ký Nguyễn Thị Bình - Gia Đình, Bạn Bè và Đất Nước",148400.0,159000.0,10600.0,5.0,77,1,,https://tiki.vnsach-hoi-ky-nguyen-thi-binh-gia-dinh-ban-be-va-dat-nuoc-p277770425.html?spid=277770426
277591013,Bộ Truyện - Itto - Cơn lốc sân cỏ,166250.0,175000.0,8750.0,5.0,15,1,,https://tiki.vnbo-truyen-itto-con-loc-san-co-p277591013.html?spid=277591041
276833162,Sách Chuyện Con Mèo Dạy Hải Âu Bay,42000.0,60000.0,18000.0,5.0,2811,1,,https://tiki.vnsach-chuyen-con-meo-day-hai-au-bay-p276833162.html?spid=276833165
276313958,Sách Vẻ Đẹp Của Cảnh Sắc Tầm Thường,181700.0,235000.0,53300.0,5.0,62,1,,https://tiki.vnsach-ve-dep-cua-canh-sac-tam-thuong-p276313958.html?spid=276314045
276302840,Sách Cơ Thể Người,210800.0,299000.0,88200.0,5.0,13,1,,https://tiki.vnsach-co-the-nguoi-p276302840.html?spid=276302841
276159943,Sách NEXUS - Lược Sử Của Những Mạng Lưới Thông Tin Từ Thời Đại Đồ Đá Đến Trí Tuệ Nhân Tạo,251300.0,325000.0,73700.0,5.0,182,1,,https://tiki.vnsach-nexus-luoc-su-cua-nhung-mang-luoi-thong-tin-tu-thoi-dai-do-da-den-tri-tue-nhan-tao-p276159943.html?spid=276160116
275948240,Sách Same As Ever: Quy Luật Bất Biến Về Bản Chất Con Người Và Tâm Lý Làm Giàu,140000.0,219000.0,79000.0,4.7,48,1,,https://tiki.vnsach-same-as-ever-quy-luat-bat-bien-ve-ban-chat-con-nguoi-va-tam-ly-lam-giau-p275948240.html?spid=275948244
275406600,Sách Dẫn Dắt Một Bầy Sói Hay Chăn Một Đàn Cừu,126300.0,195000.0,68700.0,4.7,91,1,,https://tiki.vnsach-dan-dat-mot-bay-soi-hay-chan-mot-dan-cuu-p275406600.html?spid=275406603
275362670,Sakamoto Days Sát thủ huyền thoại [Chọn Tập Lẻ,38250.0,45000.0,6750.0,5.0,53,1,,https://tiki.vnsakamoto-days-01_sat-thu-huyen-thoai-tap-1-p275362670.html?spid=278747137
274858109,Sách giáo khoa Tiếng Việt 1- tập hai- Chân Trời Sáng Tạo (Kèm Nilon bọc Sách),43000.0,43000.0,0.0,5.0,2,11216,,https://tiki.vnsach-giao-khoa-tieng-viet-1-tap-hai-chan-troi-sang-tao-p274858109.html?spid=274858110
273717706,Sách Hiểu Về Bản Chất Con Người - Lý Luận Của Bậc Thầy Tâm Thần Học,99330.0,129000.0,29670.0,4.8,91,1,,https://tiki.vnsach-hieu-ve-ban-chat-con-nguoi-ly-luan-cua-bac-thay-tam-than-hoc-p273717706.html?spid=273717709
273596551,Sách Trắc ẩn với chính mình,110600.0,158000.0,47400.0,5.0,11,1,,https://tiki.vnsach-trac-an-voi-chinh-minh-p273596551.html?spid=273596552
271916321,"	 Sách Mùa hè không tên (Nguyễn Nhật Ánh) - Tặng kèm Bookmark, Tranh màu",109000.0,130000.0,21000.0,5.0,466,1,,https://tiki.vnsach-mua-he-khong-ten-nguyen-nhat-anh-tang-kem-bookmark-tranh-mau-cho-ca-2-phien-ban-tang-them-ngau-nhien-1-trong-2-lot-ly-cho-ban-bia-cung-p271916321.html?spid=271916323
271118010,Sách Giao Tiếp Bất Bạo Động (Nonviolent Communication),105000.0,155000.0,50000.0,5.0,137,1,,https://tiki.vnsach-giao-tiep-bat-bao-dong-nonviolent-communication-p271118010.html?spid=271118013
249875170,Sách Hai số phận (bìa cứng),202000.0,295000.0,93000.0,5.0,365,1,,https://tiki.vnsach-hai-so-phan-bia-cung-p249875170.html?spid=249875171
212597849,Bookmark kẹp sách giấy cứng,9000.0,9000.0,0.0,3.0,2,127920,,https://tiki.vnbookmark-kep-sach-giay-cung-p212597849.html?spid=212597850
194960744,Sách Đừng bao giờ đi ăn một mình,124000.0,145000.0,21000.0,5.0,61,1,,https://tiki.vnsach-dung-bao-gio-di-an-mot-minh-p194960744.html?spid=194960745
184419723,Sách Sapiens Lược Sử Loài Người (Tái Bản 2022),224200.0,299000.0,74800.0,5.0,430,1,,https://tiki.vnsach-sapiens-luoc-su-loai-nguoi-tai-ban-2022-p184419723.html?spid=184419726
179063564,Sách Tôi Tự Học,100000.0,120000.0,20000.0,4.8,278,1,,https://tiki.vnsach-toi-tu-hoc-p179063564.html?spid=179063565
177637709,Sách Làm Chủ Bình Minh - Sống Đời Xuất Chúng - CLB 5 Giờ Sáng (Robin Sharma),159000.0,185000.0,26000.0,5.0,168,1,,https://tiki.vnsach-lam-chu-binh-minh-song-doi-xuat-chung-clb-5-gio-sang-robin-sharma-p177637709.html?spid=58444775
143226165,Sách Cẩm Nang Khám Phá Cơ Thể Người (Tặng Kèm Bookmark),76230.0,99000.0,22770.0,4.8,244,1,,https://tiki.vnsach-cam-nang-kham-pha-co-the-nguoi-tang-kem-bookmark-p143226165.html?spid=143226167
143226162,Sách Tỷ Phú Bán Giày (Tái Bản),122900.0,159000.0,36100.0,4.8,125,1,,https://tiki.vnsach-ty-phu-ban-giay-tai-ban-p143226162.html?spid=143226164
79672197,Sách Bí Mật Của May Mắn (Khổ Nhỏ)(Tái Bản),34650.0,45000.0,10350.0,5.0,533,1,,https://tiki.vnsach-bi-mat-cua-may-man-kho-nho-tai-ban-p79672197.html?spid=79672198
57325187,Sách Người Giàu Có Nhất Thành Babylon (Tái Bản 2020),75460.0,98000.0,22540.0,5.0,2553,1,,https://tiki.vnsach-nguoi-giau-co-nhat-thanh-babylon-tai-ban-2020-p57325187.html?spid=57325188
48481763,Sách Thiên Nga Đen (Tái Bản 2020),231200.0,299000.0,67800.0,4.8,658,1,,https://tiki.vnsach-thien-nga-den-tai-ban-2020-p48481763.html?spid=48481764
42230121,Sách Hiểu Về Trái Tim (Tái Bản 2019) - Minh Niệm,154000.0,158000.0,4000.0,5.0,3737,1,,https://tiki.vnsach-hieu-ve-trai-tim-tai-ban-2019-minh-niem-p42230121.html?spid=42230122
35191892,Sách 21 Bài Học Cho Thế Kỷ 21,165200.0,236000.0,70800.0,4.6,1836,1,,https://tiki.vnsach-21-bai-hoc-cho-the-ky-21-p35191892.html?spid=35191894
3639597,Sách Bước Chậm Lại Giữa Thế Gian Vội Vã (Tái Bản),70000.0,100000.0,30000.0,4.8,4045,1,,https://tiki.vnsach-buoc-cham-lai-giua-the-gian-voi-va-tai-ban-p3639597.html?spid=3718337
1080002,Sách Boxset Harry Potter - Tiếng Việt (Trọn Bộ 7 Tập),1473000.0,1750000.0,277000.0,4.7,1597,1,,https://tiki.vnsach-boxset-harry-potter-tieng-viet-tron-bo-7-tap-p1080002.html?spid=1080024
544731,Sách Giáo Trình Chuẩn HSK 2 - Bài Học (Kèm file MP3),165000.0,198000.0,33000.0,5.0,470,1,,https://tiki.vnsach-giao-trinh-chuan-hsk-2-bai-hoc-kem-file-mp3-p544731.html?spid=268145
540040,Sách Giáo Trình Chuẩn HSK 1 - Bài Tập (Kèm file MP3),132000.0,158000.0,26000.0,4.8,636,1,,https://tiki.vnsach-giao-trinh-chuan-hsk-1-bai-tap-kem-file-mp3-p540040.html?spid=262529
279106083,Sách Thám tử ẩm thực Kamogawa,91000.0,110000.0,19000.0,5.0,10,1,,https://tiki.vnsach-tham-tu-am-thuc-kamogawa-p279106083.html?spid=279106227
278959496,KHI TÁCH CÀ PHÊ CÒN CHƯA NGUỘI - Toshikazu Kawaguchi – Bảo Chương dịch – NXB Trẻ,118000.0,145000.0,27000.0,4.8,6,1,,https://tiki.vnkhi-tach-ca-phe-con-chua-nguoi-toshikazu-kawaguchi-bao-chuong-dich-nxb-tre-p278959496.html?spid=278964950
278949727,Sách Nợ - DEBT,175000.0,245000.0,70000.0,5.0,3,1,,https://tiki.vnsach-no-debt-p278949727.html?spid=278949728
278948895,Tuyển Tập Kiệt Tác Fujiko F Fujio - F The Best [Tặng Kèm Set Sticker Khổ Lớn],190000.0,200000.0,10000.0,4.8,12,1,,https://tiki.vntuyen-tap-kiet-tac-fujiko-f-fujio-f-the-best-tang-kem-set-sticker-kho-lon-p278948895.html?spid=278948896
278945891,Không Ngủ Ở SAINT PETERSBURG (Du ký trải nghiệm du lịch),83900.0,108000.0,24100.0,5.0,3,1,,https://tiki.vnkhong-ngu-o-saint-petersburg-du-ky-trai-nghiem-du-lich-p278945891.html?spid=278945894
278860287,Sách Nguyễn Nhật Ánh - Cô Bé Hàng Xóm Và Bốn Viên Kẹo - Tặng Kèm Random 1 Trong 4 Mẫu Bookmark + Sticker,95400.0,115000.0,19600.0,4.7,19,53660,,https://tiki.vnsach-co-be-hang-xom-va-bon-vien-keo-tang-kem-random-1-trong-4-mau-bookmark-sticker-p278860287.html?spid=278860288
278814636,Sách Iruma Giá Đáo! [Chọn Tập Lẻ,23750.0,25000.0,1250.0,5.0,5,1,,https://tiki.vnsach-iruma-gia-dao-chon-tap-le-p278814636.html?spid=279082229
278603968,Rồng & Tắc Kè Hoa - Tập 5 (Tặng Kèm STANDEE PVC),53000.0,55000.0,2000.0,0.0,0,1,,https://tiki.vnrong-tac-ke-hoa-p278603968.html?spid=278819322
278445037,"Yêu Ôi Là ""Eo",47000.0,50000.0,3000.0,5.0,2,1,,https://tiki.vnyeu-oi-la-eo-p278445037.html?spid=278710792
278377639,Sách Sứ Mệnh Hail Mary – Project Hail Mary,160930.0,209000.0,48070.0,5.0,33,1,,https://tiki.vnsach-su-menh-hail-mary-project-hail-mary-p278377639.html?spid=278377641
278123404,Vùng Đất Xa Xăm,86000.0,90000.0,4000.0,4.7,15,1,,https://tiki.vnvung-dat-xa-xam-p278123404.html?spid=278684598
277816221,Sách Seneca: Suy Ngẫm Về Tri Thức Và Đức Hạnh,111000.0,159000.0,48000.0,5.0,4,1,,https://tiki.vnsach-seneca-suy-ngam-ve-tri-thuc-va-duc-hanh-p277816221.html?spid=277816222
277585868,"Sách Thế Mạnh Tuổi Trung Niên- Tìm kiếm thành công, hạnh phúc và mục đích cao đẹp ở nửa phần đời còn lại",152460.0,198000.0,45540.0,5.0,10,1,,https://tiki.vnsach-the-manh-tuoi-trung-nien-tim-kiem-thanh-cong-hanh-phuc-va-muc-dich-cao-dep-o-nua-phan-doi-con-lai-p277585868.html?spid=277585871
277539447,Sách Về với gia đình,72000.0,100000.0,28000.0,5.0,7,1,,https://tiki.vnsach-ve-voi-gia-dinh-p277539447.html?spid=277561680
277384364,Hồ Sơ Mật The Top Secret Season 0,51000.0,55000.0,4000.0,5.0,17,1,,https://tiki.vnho-so-mat-the-top-secret-season-0-p277384364.html?spid=278684518
277228103,Sách Husky Và Sư Tôn Mèo Trắng Của Hắn,123900.0,169000.0,45100.0,5.0,9,1,,https://tiki.vnsach-husky-va-su-ton-meo-trang-cua-han-p277228103.html?spid=278093885
276933761,Combo Giáo Trình Chuẩn HSK 5 Tập 2 - Sách Bài Học và Bài tập (Bộ 2 cuốn),383000.0,466000.0,83000.0,0.0,0,1,,https://tiki.vncombo-giao-trinh-chuan-hsk-5-tap-2-sach-bai-hoc-va-bai-tap-bo-2-cuon-p276933761.html?spid=276949263
276823777,Sách Tại sao các quốc gia thất bại,248000.0,310000.0,62000.0,5.0,58,1,,https://tiki.vnsach-tai-sao-cac-quoc-gia-that-bai-p276823777.html?spid=276823778
276641698,Tiệm sách của nàng (Nguyễn Nhật Ánh),96000.0,125000.0,29000.0,5.0,104,1,,https://tiki.vntiem-sach-cua-nang-nguyen-nhat-anh-p276641698.html?spid=276641700
276388548,Sách Tư Duy Nhanh Và Chậm (Tái Bản),208000.0,269000.0,61000.0,4.7,226,1,,https://tiki.vnsach-tu-duy-nhanh-va-cham-tai-ban-p276388548.html?spid=214186190
276174669,Sách Sát Thủ Chim Én - Thảm Án Giữa Nấm Mồ Hạt Nhân Chernobyl,206900.0,250000.0,43100.0,5.0,9,1,,https://tiki.vnsach-sat-thu-chim-en-tham-an-giua-nam-mo-hat-nhan-chernobyl-p276174669.html?spid=276174671
275793457,Sách Méthode Rose - Phương pháp hồng năm thứ nhất với đàn piano - Giáo trình dạy piano nổi tiếng của Pháp - File Audio đánh mẫu tặng kèm trên website,155000.0,195000.0,40000.0,5.0,82,1,,https://tiki.vnsach-methode-rose-phuong-phap-hong-1-nam-thu-nhat-voi-dan-piano-giao-trinh-day-piano-noi-tieng-cua-phap-p275793457.html?spid=275515021
274327420,Sách Khoa học khám phá: Giai điệu dây và bản giao hưởng của vũ trụ,153000.0,190000.0,37000.0,4.8,12,1,,https://tiki.vnsach-khoa-hoc-kham-pha-giai-dieu-day-va-ban-giao-huong-cua-vu-tru-p274327420.html?spid=274327421
273114488,Sách Tư Duy Ngược,116200.0,179000.0,62800.0,4.6,82,1,,https://tiki.vnsach-tu-duy-nguoc-p273114488.html?spid=273114489
271782878,Hananoi và Triệu chứng tình yêu,39000.0,40000.0,1000.0,5.0,60,1,,https://tiki.vnhananoi-va-trieu-chung-tinh-yeu-p271782878.html?spid=271782881
271379451,Sách Lý Thuyết Trò Chơi,116200.0,179000.0,62800.0,4.7,479,1,,https://tiki.vnsach-ly-thuyet-tro-choi-p271379451.html?spid=271379452
261982682,Sách Cuộc cách mạng Glucose,122000.0,158000.0,36000.0,5.0,106,1,,https://tiki.vnsach-cuoc-cach-mang-glucose-p261982682.html?spid=261982684
217173376,Bút dạ quang 2 đầu Thiên Long HL-03 - Bút Highlight siêu đẹp,12000.0,12000.0,0.0,5.0,10,64561,,https://tiki.vnbut-da-quang-thien-long-hl-03-2-dau-but-but-highlight-sieu-dep-p217173376.html?spid=217173382
214186194,Sách Trí Tuệ Do Thái (Tái Bản),146100.0,189000.0,42900.0,4.8,141,1,,https://tiki.vnsach-tri-tue-do-thai-tai-ban-p214186194.html?spid=214186195
214186191,Sách Những Kẻ Xuất Chúng (Tái Bản),119200.0,159000.0,39800.0,4.7,115,1,,https://tiki.vnsach-nhung-ke-xuat-chung-tai-ban-p214186191.html?spid=214186193
198571360,Tokyo Revengers - Tập 5,125000.0,160000.0,35000.0,4.8,313,1,,https://tiki.vntokyo-revengers-tap-5-p198571360.html?spid=198571366
198089172,"Giấy ghi chú đánh dấu / giấy phân trang / giấy đánh dấu trang trong suốt cho học sinh, văn phòng",30000.0,30000.0,0.0,5.0,63,267978,,https://tiki.vngiay-ghi-chu-danh-dau-giay-phan-trang-giay-danh-dau-trang-trong-suot-cho-hoc-sinh-van-phong-p198089172.html?spid=198089184
195801321,Sách The One Thing - Điều Ý Nghĩa Nhất (Tái Bản 2022),76800.0,119000.0,42200.0,4.7,112,1,,https://tiki.vnsach-the-one-thing-dieu-y-nghia-nhat-tai-ban-2022-p195801321.html?spid=195801322
132366458,Sách Hướng Dẫn Chẩn Đoán Tâm Lý Tâm Thần Theo DSM-5,201000.0,240000.0,39000.0,5.0,35,1,,https://tiki.vnsach-huong-dan-chan-doan-tam-ly-tam-than-theo-dsm-5-p132366458.html?spid=132366459
106362865,Sách - Lão tử đạo đức kinh,67600.0,99000.0,31400.0,4.7,68,1,,https://tiki.vnsach-lao-tu-dao-duc-kinh-p106362865.html?spid=127524527
76305756,Sách Quê Hương Tôi - Tùy Bút (Tái Bản),102200.0,146000.0,43800.0,4.8,29,1,,https://tiki.vnsach-que-huong-toi-tuy-but-tai-ban-p76305756.html?spid=76305757
51903728,Sách Ngôi Nhà Quái Dị (Agatha Christie)(Tái Bản 2020),74000.0,95000.0,21000.0,5.0,372,1,,https://tiki.vnsach-ngoi-nha-quai-di-agatha-christie-tai-ban-2020-p51903728.html?spid=51903729
40933969,Sách Một Đời Quản Trị (Tái Bản),167000.0,200000.0,33000.0,5.0,529,1,,https://tiki.vnsach-mot-doi-quan-tri-tai-ban-p40933969.html?spid=40933970
833434,Sách Trang Tử Tinh Hoa,60000.0,75000.0,15000.0,4.8,52,1,,https://tiki.vnsach-trang-tu-tinh-hoa-p833434.html?spid=833438
279154150,Quán cơm Tỳ Hưu - Chỉ có vào không có ra (Tập 3),142000.0,178000.0,36000.0,5.0,2,1,,https://tiki.vnquan-com-ty-huu-chi-co-vao-khong-co-ra-tap-3-p279154150.html?spid=279154155
279001756,Sách Dấu Ấn Hoàng Gia - Tập 39,28500.0,30000.0,1500.0,0.0,0,1,,https://tiki.vnsach-dau-an-hoang-gia-tap-39-p279001756.html?spid=279001758
278972871,Sách Dấu Ấn Hung Tàn,159200.0,199000.0,39800.0,0.0,0,1,,https://tiki.vnsach-dau-an-hung-tan-p278972871.html?spid=278972873
278951868,Sách Như Chiếc Lá Gần Rơi,76000.0,95000.0,19000.0,0.0,0,1,,https://tiki.vnsach-nhu-chiec-la-gan-roi-p278951868.html?spid=278951869
278892518,Sách Chàng Đầu Gấu Và Cô Nàng Khiếm Thị [Chọn Tập Lẻ,42750.0,45000.0,2250.0,0.0,0,1,,https://tiki.vnsach-chang-dau-gau-va-co-nang-khiem-thi-tap-1-tang-kem-standee-bap-benh-p278892518.html?spid=279082233
278874643,Sách Đại Pháp Sư Của Thư Viện [Chọn Tập Lẻ,42000.0,45000.0,3000.0,0.0,0,1,,https://tiki.vnsach-dai-phap-su-cua-thu-vien-chon-tap-le-p278874643.html?spid=278874660
278863032,Sách Dương Mưu,134000.0,219000.0,85000.0,4.0,4,1,,https://tiki.vnsach-duong-muu-p278863032.html?spid=278863033
278802196,Sam Altman - Người Kiến Tạo Cuộc Chơi AI Toàn Cầu ,192500.0,249000.0,56500.0,5.0,4,1,,https://tiki.vnsam-altman-nguoi-kien-tao-cuoc-choi-ai-toan-cau-p278802196.html?spid=278858195
278788044,Sách BEASTARS [Chọn Tập Lẻ,33600.0,35000.0,1400.0,5.0,3,1,,https://tiki.vnsach-beastars-chon-tap-le-p278788044.html?spid=278788047
278737606,Osho Calendar 2026 - Hành Trình 53 Tuần Tỉnh Thức Cùng Osho,120400.0,139000.0,18600.0,5.0,1,1,,https://tiki.vnosho-calendar-2026-hanh-trinh-53-tuan-tinh-thuc-cung-osho-p278737606.html?spid=278737607
278729070,Sách Chu Du Ẩm Thực Tại Dị Giới Với Kĩ Năng Không Tưởng - Sui Phiêu Lưu Ký  [Chọn Tập Lẻ,33000.0,35000.0,2000.0,5.0,6,1,,https://tiki.vnchu-du-am-thuc-tai-di-gioi-voi-ki-nang-khong-tuong-sui-phieu-luu-ky-tap-1-tang-kem-bookmark-p278729070.html?spid=278729075
278690049,"Sách Giáo Trình Destination Grammar & Vocabulary B1, B2, C1&C2 (Phân Loại Lẻ)",147740.0,178000.0,30260.0,4.5,4,1,,https://tiki.vnsach-giao-trinh-destination-grammar-vocabulary-b1-b2-c1-c2-kem-dap-an-phan-loai-le-p278690049.html?spid=278746460
278316450,Sách Em Bé Và Tôi ( Chọn Tập Lẻ),71250.0,75000.0,3750.0,5.0,7,1,,https://tiki.vnem-be-va-toi-tap-1-tang-kem-special-jacket-p278316450.html?spid=278860198
278249906,Sách Kết Thúc Chỉ Là Khởi Đầu,245000.0,350000.0,105000.0,5.0,3,1,,https://tiki.vnsach-ket-thuc-chi-la-khoi-dau-p278249906.html?spid=278249908
278106055,Sách - Ma quỷ trong tâm ta - 9 thực nghiệm 5 bức thư làm lành tâm trí - Phan Đăng,150000.0,150000.0,0.0,5.0,3,2704,,https://tiki.vnsach-ma-quy-trong-tam-ta-9-thuc-nghiem-5-buc-thu-lam-lanh-tam-tri-phan-dang-p278106055.html?spid=278106056
276922095,Sách Thế Hệ Lo Âu,147000.0,229000.0,82000.0,4.7,46,1,,https://tiki.vnsach-the-he-lo-au-p276922095.html?spid=276922096
276718105,Sách Ngữ Pháp Tiếng Anh Tối Giản dành cho người mới bắt đầu - Tác giả BS. Đỗ Trung Kiên,99000.0,196000.0,97000.0,5.0,29,327437,,https://tiki.vnsach-ngu-phap-tieng-anh-toi-gian-danh-cho-nguoi-moi-bat-dau-tac-gia-bs-do-trung-kien-p276718105.html?spid=276718106
276379811,Series các tập WIND BREAKER,42000.0,45000.0,3000.0,5.0,32,1,,https://tiki.vnseries-cac-tap-wind-breaker-p276379811.html?spid=276379814
275702538,Sách Chat GPT Thực Chiến,112300.0,169000.0,56700.0,4.7,196,1,,https://tiki.vnsach-chat-gpt-thuc-chien-p275702538.html?spid=275702540
275620970,Sách 360 Động từ bất quy tắc & Cách dùng các thì trong tiếng Anh,22000.0,30000.0,8000.0,5.0,1,1,,https://tiki.vnsach-360-dong-tu-bat-quy-tac-cach-dung-cac-thi-trong-tieng-anh-p275620970.html?spid=275620971
275044457,Sách 38 lá thư Rockefeller gửi cho con trai,136000.0,175000.0,39000.0,5.0,44,1,,https://tiki.vnsach-38-la-thu-rockefeller-gui-cho-con-trai-p275044457.html?spid=275044458
274031576,Series các tập ATTACK ON TITAN,44000.0,48000.0,4000.0,5.0,111,1,,https://tiki.vnseries-cac-tap-attack-on-titan-p274031576.html?spid=274801607
272449818,Sách MANIFEST – 7 Bước Để Thay Đổi Cuộc Đời Bạn Mãi Mãi,83930.0,109000.0,25070.0,5.0,151,1,,https://tiki.vnsach-manifest-7-buoc-de-thay-doi-cuoc-doi-ban-mai-mai-p272449818.html?spid=272449819
271219230,Sách Chiến tranh không có một khuôn mặt phụ nữ (Tái bản),144000.0,180000.0,36000.0,4.8,105,1,,https://tiki.vnsach-chien-tranh-khong-co-mot-khuon-mat-phu-nu-tai-ban-p271219230.html?spid=271219231
249875142,Sách Piano cho thiếu nhi - Tuyển tập 220 tiểu phẩm nổi tiếng (Phần 1) - File audio đàn mẫu tất cả các tiểu phẩm - Có thể luyện tập trên đàn organ - File audio tặng kèm trên website,114000.0,145000.0,31000.0,5.0,7,1,,https://tiki.vnsach-piano-cho-thieu-nhi-tuyen-tap-220-tieu-pham-noi-tieng-phan-1-file-audio-dan-mau-tat-ca-cac-tieu-pham-co-the-luyen-tap-tren-dan-organ-file-audio-tang-kem-tren-website-p249875142.html?spid=249875143
215902943,Viết bi bấm kim loại F301 PASTEL 1.0mm Zebra - Nhật [Chính Hãng] - mực xanh,48000.0,48000.0,0.0,0.0,0,116663,,https://tiki.vnviet-bi-bam-kim-loai-f301-pastel-1-0mm-zebra-nhat-chinh-hang-muc-xanh-p215902943.html?spid=215902953
212212206,Sách Y học dinh dưỡng - Những điều bác sĩ không nói với bạn,132000.0,189000.0,57000.0,5.0,39,1,,https://tiki.vnsach-y-hoc-dinh-duong-nhung-dieu-bac-si-khong-noi-voi-ban-p212212206.html?spid=212212209
207754093,Sách Bàn Cờ Lớn,113200.0,159000.0,45800.0,4.8,71,1,,https://tiki.vnsach-ban-co-lon-p207754093.html?spid=207754095
155550591,Sách Dinh Dưỡng Học Bị Thất Truyền - Dinh Dưỡng Đẩy Lùi Bệnh Tật,139000.0,178000.0,39000.0,5.0,386,1,,https://tiki.vnsach-dinh-duong-hoc-bi-that-truyen-dinh-duong-day-lui-benh-tat-p155550591.html?spid=155550593
114937969,Sách Rừng Nauy (Tái Bản),126000.0,180000.0,54000.0,5.0,1145,1,,https://tiki.vnsach-rung-nauy-tai-ban-p114937969.html?spid=114937971
91947689,Sách 7 Thói Quen Hiệu Quả (The 7 Habits Of Highly Effective People) - Stephen R. Covey - PACE Books,169200.0,250000.0,80800.0,5.0,993,1,,https://tiki.vnsach-7-thoi-quen-hieu-qua-the-7-habits-of-highly-effective-people-stephen-r-covey-pace-books-p91947689.html?spid=91947690
76175345,Sách Ăn Theo Nhóm Máu,153800.0,199000.0,45200.0,4.8,140,1,,https://tiki.vnsach-an-theo-nhom-mau-p76175345.html?spid=76175346
32490132,Sách Một Đời Như Kẻ Tìm Đường,141000.0,175000.0,34000.0,4.8,613,1,,https://tiki.vnsach-mot-doi-nhu-ke-tim-duong-p32490132.html?spid=32490133
15267827,Sách Hoàng Tử Bé (Tái Bản),60200.0,75000.0,14800.0,5.0,3523,1,,https://tiki.vnsach-hoang-tu-be-tai-ban-2019-p15267827.html?spid=15267828
12053550,Sách Feynman Chuyện Thật Như Đùa (Tái Bản),177000.0,220000.0,43000.0,4.8,160,1,,https://tiki.vnsach-feynman-chuyen-that-nhu-dua-tai-ban-p12053550.html?spid=12053551
11951795,Sách Những Bí Ẩn Của Tay Phải Và Tay Trái,232000.0,276000.0,44000.0,4.7,64,1,,https://tiki.vnsach-nhung-bi-an-cua-tay-phai-va-tay-trai-p11951795.html?spid=11951796
8886007,Sách Ngàn Mặt Trời Rực Rỡ (Tái Bản),112000.0,160000.0,48000.0,4.8,1380,1,,https://tiki.vnsach-ngan-mat-troi-ruc-ro-tai-ban-p8886007.html?spid=8886008
3859125,Sách Ngũ Luân Thư (Tái Bản 2018),89200.0,119000.0,29800.0,4.7,156,1,,https://tiki.vnsach-ngu-luan-thu-tai-ban-2018-p3859125.html?spid=3916755
1534613,Sách Giáo Trình Chuẩn HSK 5 Bài Học (Tập 1),228000.0,278000.0,50000.0,4.8,334,1,,https://tiki.vnsach-giao-trinh-chuan-hsk-5-bai-hoc-tap-1-p1534613.html?spid=1534711
997535,Sách Gọi Em Bằng Tên Anh - Call Me By Your Name,92000.0,115000.0,23000.0,4.8,837,1,,https://tiki.vnsach-goi-em-bang-ten-anh-call-me-by-your-name-p997535.html?spid=1002143
279135162,Sách - Muôn Hạng Dân Bắc Kỳ,92250.0,123000.0,30750.0,0.0,0,1,,https://tiki.vnsach-muon-hang-dan-bac-ky-p279135162.html?spid=279135167
279001755,Sách Thủy Cung Đáy Biển Magmell [ Chọn Tập Lẻ,38000.0,40000.0,2000.0,0.0,0,1,,https://tiki.vnsach-thuy-cung-day-bien-magmell-chon-tap-le-p279001755.html?spid=279001762
278971098,Lịch Sử Các Dân Tộc A-Rập - Công Trình Kinh Điển Về 13 Thế Kỷ Lịch Sử & Văn Minh A-Rập - Albert Hourani,374900.0,499000.0,124100.0,0.0,0,1,,https://tiki.vnlich-su-cac-dan-toc-a-rap-cong-trinh-kinh-dien-ve-13-the-ky-lich-su-van-minh-a-rap-albert-hourani-p278971098.html?spid=278994913
278890155,Cell - Xung Động Diệt Vong (Stephen King),236880.0,329000.0,92120.0,5.0,1,185035,,https://tiki.vncell-xung-dong-diet-vong-stephen-king-p278890155.html?spid=278890156
278837736,Lý Thuyết Trò Chơi Tài Chính,155100.0,229000.0,73900.0,4.5,2,1,,https://tiki.vnly-thuyet-tro-choi-tai-chinh-p278837736.html?spid=278837737
278626139,Sách Agatha Christie. Vụ Mưu Sát Ngài Edgware,107000.0,135000.0,28000.0,5.0,10,1,,https://tiki.vnsach-agatha-christie-vu-muu-sat-ngai-edgware-p278626139.html?spid=278626142
278591040,Sách Hiểu Về ADHD - Vượt Qua Thách Thức Và Phát Triển Cùng Rối Loạn Tăng Động Giảm Chú Ý,160930.0,209000.0,48070.0,4.8,13,1,,https://tiki.vnsach-hieu-ve-adhd-vuot-qua-thach-thuc-va-phat-trien-cung-roi-loan-tang-dong-giam-chu-y-p278591040.html?spid=278591041
278035545,Sách Tư Duy Đầu Tư - Tiền Đẻ Ra Tiền,165000.0,239000.0,74000.0,4.6,13,1,,https://tiki.vnsach-tu-duy-dau-tu-tien-de-ra-tien-p278035545.html?spid=278035546
277967046,Sách - Combo 2 Cuốn: Thuyết Âm Mưu + Thuyết Dương Mưu - SBOOKS,165900.0,236000.0,70100.0,4.8,5,10684,,https://tiki.vnsach-combo-2-cuon-thuyet-am-muu-thuyet-duong-muu-sbooks-p277967046.html?spid=277967047
277726531,Sách Hoàng Đế Nội Kinh Tố Vấn,468000.0,580000.0,112000.0,4.7,15,1,,https://tiki.vnsach-hoang-de-noi-kinh-to-van-p277726531.html?spid=277726534
277413592,Sách Khó Dỗ Dành - Combo 2 Tập (Tái Bản 2025),273750.0,365000.0,91250.0,5.0,5,1,,https://tiki.vnbo-sach-kho-do-danh-p277413592.html?spid=277413711
277024165,Sách Trò Chơi Quyền Lực,133000.0,189000.0,56000.0,4.8,41,1,,https://tiki.vnsach-tro-choi-quyen-luc-p277024165.html?spid=277024166
276981105,Sách - Dược Sư Tự Sự - Light Novel - Chọn Lẻ 7 Tập - Natsu Hyuuga & Touko Shino - Kim Đồng,110000.0,110000.0,0.0,5.0,12,281062,,https://tiki.vnsach-duoc-su-tu-su-light-novel-chon-le-5-tap-natsu-hyuuga-touko-shino-kim-dong-p276981105.html?spid=276981107
276933752,Combo Giáo Trình Chuẩn HSK 3 - Sách Bài Học và Bài tập (Bộ 2 cuốn),393000.0,476000.0,83000.0,5.0,2,1,,https://tiki.vncombo-giao-trinh-chuan-hsk-3-sach-bai-hoc-va-bai-tap-bo-2-cuon-p276933752.html?spid=276949259
275300064,Bộ Sách Ngụ Ngôn Triết Học,14700.0,15000.0,300.0,0.0,0,1,,https://tiki.vnbo-sach-ngu-ngon-triet-hoc-p275300064.html?spid=275306710
275264393,Sách Chia sẻ từ trái tim,129360.0,168000.0,38640.0,5.0,158,1,,https://tiki.vnsach-chia-se-tu-trai-tim-p275264393.html?spid=275264394
275237444,Sách Phạm Xuân Ẩn - Tên người như cuộc đời - TB2024,94000.0,120000.0,26000.0,5.0,34,1,,https://tiki.vnsach-pham-xuan-an-ten-nguoi-nhu-cuoc-doi-tb2024-p275237444.html?spid=275237445
275140709,Sách SỨC MẠNH CỦA EQ- Đánh thức trí tuệ cảm xúc - Làm chủ ngôn ngữ - Thu phục lòng người,77220.0,99000.0,21780.0,4.8,17,1,,https://tiki.vnsach-suc-manh-cua-eq-danh-thuc-tri-tue-cam-xuc-lam-chu-ngon-ngu-thu-phuc-long-nguoi-p275140709.html?spid=275140711
274242104,Sách Bắt trẻ đồng xanh,70000.0,100000.0,30000.0,4.8,13,1,,https://tiki.vnsach-bat-tre-dong-xanh-p274242104.html?spid=274242105
273746688,Sách Địa Cầu Online,163700.0,199000.0,35300.0,4.8,20,1,,https://tiki.vnsach-dia-cau-online-p273746688.html?spid=275406101
249875150,Sách Hai số phận (bìa mềm),179000.0,255000.0,76000.0,5.0,199,1,,https://tiki.vnsach-hai-so-phan-bia-mem-p249875150.html?spid=249875152
243097256,Sách Giận - Thích Nhất Hạnh,113000.0,135000.0,22000.0,5.0,217,1,,https://tiki.vnsach-gian-thich-nhat-hanh-p243097256.html?spid=243097257
217172960,Bút lông bảng Thiên Long WB-03,9100.0,9100.0,0.0,0.0,0,64561,,https://tiki.vnbut-long-bang-thien-long-wb-03-p217172960.html?spid=217172962
206784512,Sách Cây Brooklyn Xanh Biếc,187000.0,269000.0,82000.0,4.5,18,1,,https://tiki.vnsach-cay-brooklyn-xanh-biec-p206784512.html?spid=206784513
196150482,Sách Người nuôi ong thành Aleppo - The beekeeper of Aleppo (Aspen Words Literary Prize Winner),126000.0,168000.0,42000.0,5.0,70,1,,https://tiki.vnsach-nguoi-nuoi-ong-thanh-aleppo-the-beekeeper-of-aleppo-aspen-words-literary-prize-winner-p196150482.html?spid=196150483
195662905,Sách Circe,179000.0,200000.0,21000.0,4.8,63,1,,https://tiki.vnsach-circe-p195662905.html?spid=195662907
195545304,Sách Khéo Ăn Nói Sẽ Có Được Thiên Hạ,85000.0,130000.0,45000.0,4.8,154,1,,https://tiki.vnsach-kheo-an-noi-se-co-duoc-thien-ha-p195545304.html?spid=195545306
191782162,Sách Trên Đường Băng (Tony Buổi Sáng),80000.0,105000.0,25000.0,5.0,165,1,,https://tiki.vnsach-tren-duong-bang-tony-buoi-sang-p191782162.html?spid=191782164
187827445,Sách Lược Sử Thời Gian,92000.0,115000.0,23000.0,5.0,158,1,,https://tiki.vnsach-luoc-su-thoi-gian-p187827445.html?spid=187827446
137161811,Bút gel bấm ngòi 0.5mm nhiều màu Deli - Độ dài mực lên tới 1000m - 12 màu mực - 1 chiếc - EG118,9000.0,16200.0,7200.0,5.0,823,113115,,https://tiki.vnbut-gel-bam-0-5mm-nhieu-mau-deli-1-chiec-do-dai-muc-len-toi-1000m-den-nau-do-xanh-duong-xanh-la-tim-cam-eg118-p137161811.html?spid=137162299
120219394,Sách Tôi Nói Gì Khi Nói Về Chạy Bộ,64400.0,92000.0,27600.0,5.0,617,1,,https://tiki.vnsach-toi-noi-gi-khi-noi-ve-chay-bo-p120219394.html?spid=120219395
117238177,Sách Thư Viện Nửa Đêm,105000.0,150000.0,45000.0,5.0,1954,1,,https://tiki.vnsach-thu-vien-nua-dem-p117238177.html?spid=117238178
112825941,Sách Sự An Ủi Của Triết Học,94500.0,135000.0,40500.0,4.8,163,1,,https://tiki.vnsach-su-an-ui-cua-triet-hoc-p112825941.html?spid=112825942
111537683,Sách Và Rồi Chẳng Còn Ai (Agatha Christie),86000.0,110000.0,24000.0,5.0,462,1,,https://tiki.vnsach-va-roi-chang-con-ai-agatha-christie-p111537683.html?spid=111537684
75307228,Sách OSHO Yêu - Being In Love - Yêu Trong Tỉnh Thức,129360.0,168000.0,38640.0,5.0,2141,1,,https://tiki.vnsach-osho-yeu-being-in-love-yeu-trong-tinh-thuc-p75307228.html?spid=75307229
59262880,Sách Người Bán Hàng Vĩ Đại Nhất Thế Giới (Tái Bản 2020),113960.0,148000.0,34040.0,4.8,980,1,,https://tiki.vnsach-nguoi-ban-hang-vi-dai-nhat-the-gioi-tai-ban-2020-p59262880.html?spid=59262881
57354850,Sách Những Con Chim Ẩn Mình Chờ Chết (Tái Bản 2020),134000.0,160000.0,26000.0,5.0,172,1,,https://tiki.vnsach-nhung-con-chim-an-minh-cho-chet-tai-ban-2020-p57354850.html?spid=57354851
54266567,Sách Nghĩ Giàu Và Làm Giàu (Bìa Mềm),84700.0,110000.0,25300.0,5.0,1850,1,,https://tiki.vnsach-nghi-giau-va-lam-giau-bia-mem-p54266567.html?spid=54266568
9948009,Sách Dám Hạnh Phúc,87500.0,125000.0,37500.0,4.8,554,1,,https://tiki.vnsach-dam-hanh-phuc-p9948009.html?spid=9948010
8835159,Sách Đời Ngắn Đừng Ngủ Dài (Tái Bản),68000.0,85000.0,17000.0,4.8,3175,1,,https://tiki.vnsach-doi-ngan-dung-ngu-dai-tai-ban-p8835159.html?spid=8835160
279063977,Sách Người Bố Cá Gai Của Tôi (Bố con cá gai Phần 2),105000.0,150000.0,45000.0,5.0,1,1,,https://tiki.vnsach-nguoi-bo-ca-gai-cua-toi-p279063977.html?spid=279063978
279056228,Truyện Kiều Hội Bản Nguyễn Du - Bản Nôm Của Hoàng Gia Triều Nguyễn,225700.0,299000.0,73300.0,5.0,1,1,,https://tiki.vntruyen-kieu-hoi-ban-nguyen-du-ban-nom-cua-hoang-gia-trieu-nguyen-p279056228.html?spid=279056252
278890179,LORENZO DE’ MEDICI: Cuộc Đời Rực Rỡ Và Thời Đại Dữ Dội - Miles J. Unger,298500.0,386000.0,87500.0,0.0,0,1,,https://tiki.vnlorenzo-de-medici-cuoc-doi-ruc-ro-va-thoi-dai-du-doi-miles-j-unger-p278890179.html?spid=278994893
278756930,Sách Bóc Dán Sử Dụng Nhiều Lần - Dán Hình Công Chúa,63700.0,79000.0,15300.0,0.0,0,1,,https://tiki.vnboc-dan-su-dung-nhieu-lan-dan-hinh-cong-chua-p278756930.html?spid=278756995
278747047,Sự Thịnh Vượng Của Các Quốc Gia (Có chữ kí của dịch giả),478800.0,659000.0,180200.0,2.8,4,1,,https://tiki.vnsu-thinh-vuong-cua-cac-quoc-gia-co-chu-ki-cua-dich-gia-p278747047.html?spid=278747048
278707611,Sách Tô Màu - Tớ Là Họa Sĩ,14000.0,20000.0,6000.0,4.0,6,1,,https://tiki.vnsach-to-mau-to-la-hoa-si-p278707611.html?spid=278707616
278684154,Nữ Binh Thần Tốc,40000.0,45000.0,5000.0,5.0,2,1,,https://tiki.vnnu-binh-than-toc-p278684154.html?spid=279005454
278668649,Sách Sống Đời Giản Dị,56000.0,70000.0,14000.0,5.0,4,1,,https://tiki.vnsach-song-doi-gian-di-p278668649.html?spid=278668650
278637425,Sách Mượn Gà Đẻ Trứng,122200.0,189000.0,66800.0,4.8,5,1,,https://tiki.vnsach-muon-ga-de-trung-p278637425.html?spid=278637426
278445062,Sách Thuyết Mặc Kệ Họ,144760.0,188000.0,43240.0,5.0,14,1,,https://tiki.vnsach-thuyet-mac-ke-ho-p278445062.html?spid=278445063
278070702,Sách Anh Em Bình Thường - Trận Chiến Đi Trước Một Bước,49000.0,75000.0,26000.0,0.0,0,1,,https://tiki.vnsach-anh-em-binh-thuong-p278070702.html?spid=278070864
277998254,Sách Agatha Christie. Án mạng vùng Lưỡng Hà,109000.0,130000.0,21000.0,5.0,11,1,,https://tiki.vnsach-agatha-christie-an-mang-vung-luong-ha-p277998254.html?spid=277998255
277499663,Sách NVIDIA Cỗ Máy Tư Duy Vĩ Đại,167000.0,249000.0,82000.0,5.0,12,1,,https://tiki.vnsach-nvidia-co-may-tu-duy-vi-dai-p277499663.html?spid=277499664
276642618,Sách Tuần Làm Việc 4 Giờ (Tái Bản),103000.0,139000.0,36000.0,4.8,423,1,,https://tiki.vnsach-tuan-lam-viec-4-gio-tai-ban-p276642618.html?spid=276642621
275613236,Sách 25 Độ Âm,118500.0,158000.0,39500.0,4.8,92,1,,https://tiki.vnsach-25-do-am-p275613236.html?spid=275613239
275218105,Sách Hạnh Phúc Mỗi Ngày,98560.0,128000.0,29440.0,4.8,9,1,,https://tiki.vnsach-hanh-phuc-moi-ngay-p275218105.html?spid=275218108
274546151,Sách Thư cho em,98000.0,140000.0,42000.0,5.0,185,1,,https://tiki.vnsach-thu-cho-em-p274546151.html?spid=274546152
272000024,Sách MBA bằng hình (Trọn gói hai năm kiến thức quản trị kinh doanh qua trực quan sinh động),132300.0,189000.0,56700.0,5.0,256,1,,https://tiki.vnsach-mba-bang-hinh-tron-goi-hai-nam-kien-thuc-quan-tri-kinh-doanh-qua-truc-quan-sinh-dong-p272000024.html?spid=272000026
271495378,Sách How Brands Grow - Con Đường Tăng Trưởng Thương Hiệu (Những Sự Thật Về Tiếp Thị Chưa Từng Được Khám Phá),178800.0,249000.0,70200.0,5.0,7,1,,https://tiki.vnsach-how-brands-grow-con-duong-tang-truong-thuong-hieu-nhung-su-that-ve-tiep-thi-chua-tung-duoc-kham-pha-p271495378.html?spid=271495379
270660514,Sách Nghệ Thuật Quyến Rũ,192000.0,265000.0,73000.0,4.8,400,1,,https://tiki.vnsach-nghe-thuat-quyen-ru-p270660514.html?spid=270660517
270469914,Sách Sĩ Số Lớp Vắng 0,78540.0,102000.0,23460.0,5.0,84,1,,https://tiki.vnsach-si-so-lop-vang-0-p270469914.html?spid=270469915
270442396,Sách Đồ Giải Kinh Lạc Huyệt Vị Cơ Thể (Tái Bản) - Bìa Mềm,95000.0,129000.0,34000.0,4.7,6,1,,https://tiki.vnsach-do-giai-kinh-lac-huyet-vi-co-the-tai-ban-bia-mem-p270442396.html?spid=270442397
262590428,Sách Búp Sen Xanh,57000.0,72000.0,15000.0,5.0,275,1,,https://tiki.vnsach-bup-sen-xanh-p262590428.html?spid=262590431
253471984,Sách Tây du ký (bìa cứng) (trọn bộ 2 tập),310200.0,420000.0,109800.0,4.8,17,1,,https://tiki.vnsach-tay-du-ky-bia-cung-tron-bo-2-tap-p253471984.html?spid=253471985
253398071,Sách Thần Thoại Hy Lạp,227000.0,295000.0,68000.0,4.8,27,1,,https://tiki.vnsach-than-thoai-hy-lap-p253398071.html?spid=253398072
243006533,Sách Britt-Marie Đã Ở Đây (Fredrid Backman),139000.0,165000.0,26000.0,5.0,75,1,,https://tiki.vnsach-britt-marie-da-o-day-fredrid-backman-p243006533.html?spid=243006534
205942263,Sách Tận Hưởng Hành Trình Nuôi Con Sữa Mẹ,92400.0,132000.0,39600.0,4.8,66,1,,https://tiki.vnsach-tan-huong-hanh-trinh-nuoi-con-sua-me-p205942263.html?spid=205942266
185909452,Sách Điệp Viên Hoàn Hảo X6 (Bìa Mềm),137060.0,178000.0,40940.0,5.0,154,1,,https://tiki.vnsach-diep-vien-hoan-hao-x6-bia-mem-p185909452.html?spid=185909453
155463021,Sách Hành Trình Nuôi Con Mang Thai - Cẩm Nang Thai Sản Đầy Đủ Nhất,496800.0,699000.0,202200.0,4.8,81,1,,https://tiki.vnsach-hanh-trinh-nuoi-con-mang-thai-cam-nang-thai-san-day-du-nhat-p155463021.html?spid=155463023
147920903,Sách Một Thoáng Ta Rực Rỡ Ở Nhân Gian,94500.0,135000.0,40500.0,4.8,2082,1,,https://tiki.vnsach-mot-thoang-ta-ruc-ro-o-nhan-gian-p147920903.html?spid=147920904
87391039,Sách Thuật Yêu Đương (Tái Bản),98000.0,120000.0,22000.0,5.0,230,1,,https://tiki.vnsach-thuat-yeu-duong-tai-ban-p87391039.html?spid=87391040
77982982,Sách Trí Tuệ Xúc Cảm,153800.0,199000.0,45200.0,4.8,368,1,,https://tiki.vnsach-tri-tue-xuc-cam-p77982982.html?spid=77982983
50322710,Sách 48 Nguyên Tắc Chủ Chốt Của Quyền Lực (Tái Bản 2020),167000.0,200000.0,33000.0,5.0,970,1,,https://tiki.vnsach-48-nguyen-tac-chu-chot-cua-quyen-luc-tai-ban-2020-p50322710.html?spid=51830751
19588948,Sách Tâm Lý Dân Tộc An Nam,81700.0,109000.0,27300.0,4.5,211,1,,https://tiki.vnsach-tam-ly-dan-toc-an-nam-p19588948.html?spid=19588949
17493916,Sách Luyện Nói Tiếng Trung Quốc Cấp Tốc Cho Người Bắt Đầu - Tập 1 (Kèm file MP3) (Tái Bản),139000.0,168000.0,29000.0,5.0,83,1,,https://tiki.vnsach-luyen-noi-tieng-trung-quoc-cap-toc-cho-nguoi-bat-dau-tap-1-kem-file-mp3-tai-ban-p17493916.html?spid=17493917
3644267,Sách Đặc Quyền Của Gái Hư,62780.0,86000.0,23220.0,4.6,603,1,,https://tiki.vnsach-dac-quyen-cua-gai-hu-p3644267.html?spid=3644269
1699251,Sách 15 Nguyên Tắc Vàng Về Phát Triển Bản Thân (Tái Bản),122900.0,159000.0,36100.0,4.8,128,1,,https://tiki.vnsach-15-nguyen-tac-vang-ve-phat-trien-ban-than-tai-ban-p1699251.html?spid=1702521
1362559,"Sách Cổ Phiếu Thường, Lợi Nhuận Phi Thường (Tái Bản)",153800.0,199000.0,45200.0,4.6,457,1,,https://tiki.vnsach-co-phieu-thuong-loi-nhuan-phi-thuong-tai-ban-p1362559.html?spid=1362561
1256319,Sách Phù Thủy Sàn Chứng Khoán,144300.0,199000.0,54700.0,4.7,110,1,,https://tiki.vnsach-phu-thuy-san-chung-khoan-p1256319.html?spid=1270191
447343,Sách Đỏ Và Đen,99000.0,125000.0,26000.0,4.7,47,1,,https://tiki.vnsach-do-va-den-p447343.html?spid=154091
279149136,Sách Caraval,135000.0,189000.0,54000.0,5.0,2,1,,https://tiki.vnsach-caraval-p279149136.html?spid=279149154
279120666,Sách - Đừng Động Vào Cún Con (Tập 1),143000.0,179000.0,36000.0,0.0,0,1,,https://tiki.vnsach-dung-dong-vao-cun-con-tap-1-p279120666.html?spid=279120874
278777913,Sách Ai Nói Wibu Không Thể Kết Hôn! - Tập 1,151200.0,189000.0,37800.0,5.0,3,1,,https://tiki.vnsach-ai-noi-wibu-khong-the-ket-hon-p278777913.html?spid=278781569
278704632,Sách Có Người Đợi Cơm,83930.0,109000.0,25070.0,0.0,0,1,,https://tiki.vnsach-co-nguoi-doi-com-p278704632.html?spid=278704633
278694957,Sách Thành Phố Và Những Bức Tường Bất Định,217000.0,310000.0,93000.0,5.0,10,1,,https://tiki.vnsach-thanh-pho-va-nhung-buc-tuong-bat-dinh-p278694957.html?spid=278694959
278630608,Sách - Tư Duy Nhanh Và Chậm - Thinking Fast And Slow - Khổ Nhỏ,134500.0,179000.0,44500.0,0.0,0,1,,https://tiki.vnsach-tu-duy-nhanh-va-cham-thinking-fast-and-slow-kho-nho-p278630608.html?spid=278824260
278598564,Sách Quản Trị Hiệu Suất Cao - Bí Quyết Tối Ưu Năng Suất Mọi Đội Nhóm - Andrew S.Grove,118200.0,169000.0,50800.0,5.0,4,1,,https://tiki.vnsach-quan-tri-hieu-suat-cao-bi-quyet-toi-uu-nang-suat-moi-doi-nhom-andrew-s-grove-p278598564.html?spid=278638956
278475152,Sách Thiên Văn Học Trực Quan,416300.0,500000.0,83700.0,5.0,2,1,,https://tiki.vnsach-thien-van-hoc-truc-quan-p278475152.html?spid=278475155
278445092,Sách OSHO - Tỉnh Thức,98560.0,128000.0,29440.0,0.0,0,1,,https://tiki.vnsach-osho-tinh-thuc-p278445092.html?spid=278445094
278159885,Sách Thiết Kế Hệ Thống Học Máy,262500.0,375000.0,112500.0,5.0,18,1,,https://tiki.vnsach-thiet-ke-he-thong-hoc-may-p278159885.html?spid=278159887
277923352,Sách Hỏi đáp nhanh trí,51000.0,78000.0,27000.0,0.0,0,1,,https://tiki.vnsach-hoi-dap-nhanh-tri-p277923352.html?spid=277923445
276886135,Sách Quản Lý Nghiệp (Tái Bản),46000.0,69000.0,23000.0,5.0,160,1,,https://tiki.vnsach-quan-ly-nghiep-p276886135.html?spid=276886138
276509013,Sách Những Điều Đáng Làm Tạo Ra Sản Phẩm Đáng Giá,194000.0,249000.0,55000.0,4.5,2,1,,https://tiki.vnsach-nhung-dieu-dang-lam-tao-ra-san-pham-dang-gia-p276509013.html?spid=276509015
275946537,Sách Sổ Tay Tâm Lý Học: 100 Khám Phá Cơ Bản Về Tâm Trí Con Người,76000.0,95000.0,19000.0,3.8,4,1,,https://tiki.vnsach-so-tay-tam-ly-hoc-100-kham-pha-co-ban-ve-tam-tri-con-nguoi-p275946537.html?spid=275946544
275794409,Sách Khắc đi… Khắc đến… Hồi ký Xuân Phượng,109000.0,150000.0,41000.0,4.8,21,1,,https://tiki.vnsach-khac-di-khac-den-hoi-ky-xuan-phuong-p275794409.html?spid=275794410
275087003,Sách Trò Chơi Tâm Lý,147000.0,209000.0,62000.0,5.0,9,1,,https://tiki.vnsach-tro-choi-tam-ly-p275087003.html?spid=275087006
274802547,Sách Tư Duy Phản Biện,75800.0,109000.0,33200.0,5.0,7,1,,https://tiki.vnsach-tu-duy-phan-bien-p274802547.html?spid=274802551
274728364,Sách Đại Việt Sử Ký Toàn Thư,198000.0,275000.0,77000.0,4.8,115,1,,https://tiki.vnsach-dai-viet-su-ky-toan-thu-p274728364.html?spid=274728367
274458341,Sách Độ nhiễu: Sai lầm trong phán đoán,198000.0,245000.0,47000.0,5.0,46,1,,https://tiki.vnsach-do-nhieu-sai-lam-trong-phan-doan-p274458341.html?spid=274458342
270504803,Sách 4 Nguyên Tắc Thực Thi (The 4 Disciplines Of Execution),154700.0,205000.0,50300.0,5.0,24,1,,https://tiki.vnsach-4-nguyen-tac-thuc-thi-the-4-disciplines-of-execution-p270504803.html?spid=270504806
247843970,Sách Trở nên phi thường - Becoming Supernatural - Happy Live,349000.0,349000.0,0.0,5.0,57,7446,,https://tiki.vntro-nen-phi-thuong-becoming-supernatural-p247843970.html?spid=247843972
209605868,Sách Gieo mầm nhân cách - TÀI TRÍ,23300.0,32000.0,8700.0,5.0,1,1,,https://tiki.vnsach-gieo-mam-nhan-cach-tai-tri-p209605868.html?spid=209605869
205819593,Tình Đầu Nhạt Phai - Tập 1,47800.0,58000.0,10200.0,5.0,118,1,,https://tiki.vntinh-dau-nhat-phai-tap-1-p205819593.html?spid=205819597
201845361,"Sách Súng, Vi Trùng Và Thép (Tái bản)",254200.0,339000.0,84800.0,5.0,138,1,,https://tiki.vnsach-sung-vi-trung-va-thep-tai-ban-p201845361.html?spid=201845365
176824194,Sách Tinh Thần Tự Lực (Tái Bản),118200.0,175000.0,56800.0,5.0,74,1,,https://tiki.vnsach-tinh-than-tu-luc-tai-ban-p176824194.html?spid=176824197
157244522,Sách Văn Minh Đông Phương Và Tây Phương (Ts Thu Giang Nguyễn Duy Cần)(Tái Bản),50000.0,60000.0,10000.0,5.0,49,1,,https://tiki.vnsach-van-minh-dong-phuong-va-tay-phuong-ts-thu-giang-nguyen-duy-can-tai-ban-p157244522.html?spid=157244523
139567621,Sách Thức Tỉnh Mục Đích Sống (Tái Bản),113960.0,148000.0,34040.0,5.0,304,1,,https://tiki.vnsach-thuc-tinh-muc-dich-song-tai-ban-p139567621.html?spid=139567623
130230756,Combo Trọn Bộ 31 Tập: Siêu Quậy Teppei,721000.0,775000.0,54000.0,5.0,85,1,,https://tiki.vncombo-tron-bo-31-tap-sieu-quay-teppei-p130230756.html?spid=130230757
107026335,Sách Trắng,55300.0,79000.0,23700.0,4.8,100,1,,https://tiki.vnsach-trang-p107026335.html?spid=107026336
57815506,Sách Tư Duy Ngược Dịch Chuyển Thế Giới,137060.0,178000.0,40940.0,4.8,418,1,,https://tiki.vnsach-tu-duy-nguoc-dich-chuyen-the-gioi-p57815506.html?spid=57815507
49002497,Sách Tâm Bệnh Học,122000.0,145000.0,23000.0,5.0,189,1,,https://tiki.vnsach-tam-benh-hoc-p49002497.html?spid=49002498
37887031,Sách Hiểu Nghèo Thoát Nghèo (Tái Bản),137000.0,160000.0,23000.0,4.8,180,1,,https://tiki.vnsach-hieu-ngheo-thoat-ngheo-tai-ban-p37887031.html?spid=37887032
17336364,Sách Phía Sau Nghi Can X (Tái Bản 2019),90300.0,129000.0,38700.0,4.8,3557,1,,https://tiki.vnsach-phia-sau-nghi-can-x-tai-ban-2019-p17336364.html?spid=17336365
14683301,Sách 420 Câu Đố Vui Thông Minh (Tái Bản),60060.0,78000.0,17940.0,4.7,396,1,,https://tiki.vnsach-420-cau-do-vui-thong-minh-tai-ban-p14683301.html?spid=14683302
14655136,Sách GOTH - Những Kẻ Hắc Ám ( Tái Bản 2019 ),96600.0,138000.0,41400.0,4.7,354,1,,https://tiki.vnsach-goth-nhung-ke-hac-am-tai-ban-2019-p14655136.html?spid=14655137
10866303,Sách Agatha Christie - Vụ Ám Sát Ông Roger Ackroyd (Tái Bản),124000.0,150000.0,26000.0,4.8,201,1,,https://tiki.vnsach-agatha-christie-vu-am-sat-ong-roger-ackroyd-tai-ban-p10866303.html?spid=10866304
10005245,Sách Đàn Ông Sao Hỏa Đàn Bà Sao Kim,149000.0,188000.0,39000.0,4.8,4231,1,,https://tiki.vnsach-dan-ong-sao-hoa-dan-ba-sao-kim-p10005245.html?spid=10005246
8121460,Sách Giáo Trình Hán Ngữ 1 - Tập 1 - Quyển Thượng (Phiên Bản Mới),109650.0,129000.0,19350.0,4.8,1911,1,,https://tiki.vnsach-giao-trinh-han-ngu-1-tap-1-quyen-thuong-phien-ban-moi-p8121460.html?spid=8121461
509829,Giấy Double A A4 DL70,99000.0,100000.0,1000.0,4.8,311,53660,,https://tiki.vngiay-double-a-a4-dl70-p509829.html?spid=32223634
503787,Sách SPECIALIZED English For Tourims (Kèm CD),255000.0,320000.0,65000.0,4.5,4,1,,https://tiki.vnsach-specialized-english-for-tourims-kem-cd-p503787.html?spid=219597
279165270,"Sách Hẹn Gặp Lại, Quốc Vương Của Tôi - Tập 6",179000.0,179000.0,0.0,5.0,2,1,,https://tiki.vnsach-hen-gap-lai-quoc-vuong-cua-toi-tap-6-p279165270.html?spid=279165317
278892853,Sách Con Người Biết Nói Dối Còn Vật Chứng Thì Không,151200.0,189000.0,37800.0,0.0,0,1,,https://tiki.vnsach-con-nguoi-biet-noi-doi-con-vat-chung-thi-khong-p278892853.html?spid=278892854
278749397,Sách Vang Bóng Một Thời - Ấn Bản Đặc Biệt 20 Năm Thành Lập Nhã Nam - Bìa Cứng,269100.0,299000.0,29900.0,5.0,3,1,,https://tiki.vnvang-bong-mot-thoi-sach-ban-dac-biet-20-nam-p278749397.html?spid=278749398
278731398,Gặp Anh Của Thời Niên Thiếu,157600.0,199000.0,41400.0,5.0,3,1,,https://tiki.vngap-anh-cua-thoi-nien-thieu-p278731398.html?spid=278732353
278710197,Rắc Rối Đáng Yêu - Love☆Com,47000.0,50000.0,3000.0,5.0,6,1,,https://tiki.vnrac-roi-dang-yeu-love-com-p278710197.html?spid=278877376
278491439,Sách Luận Về Chiến Tranh,113000.0,145000.0,32000.0,4.8,4,1,,https://tiki.vnsach-luan-ve-chien-tranh-p278491439.html?spid=278491441
278451455,Sách Hoàng Đế Xứ Gladness - Ocean Vuong,175000.0,250000.0,75000.0,5.0,15,1,,https://tiki.vnsach-hoang-de-xu-gladness-ocean-vuong-p278451455.html?spid=278451456
278296233,Sách Những Ngày Ấu Thơ Thương Nhớ,107000.0,116000.0,9000.0,5.0,3,1,,https://tiki.vnsach-nhung-ngay-au-tho-thuong-nho-p278296233.html?spid=278296234
278275160,Sách Agatha Christie. Tấm gương nứt vỡ: Một vụ án của Jane Marple,99000.0,125000.0,26000.0,5.0,14,1,,https://tiki.vnsach-agatha-christie-tam-guong-nut-vo-mot-vu-an-cua-jane-marple-p278275160.html?spid=278275162
278230910,Sách Bách Khoa Toàn Thư Tìm Hiểu Về Trái Đất,90800.0,129000.0,38200.0,0.0,0,1,,https://tiki.vnsach-bach-khoa-toan-thu-tim-hieu-ve-trai-dat-p278230910.html?spid=278231028
278229572,"Hẹn Gặp Lại, Quốc Vương Của Tôi - Tập 3",155000.0,179000.0,24000.0,5.0,8,1,,https://tiki.vnhen-gap-lai-quoc-vuong-cua-toi-tap-3-p278229572.html?spid=278229665
278155114,Sách Bánh Vẽ - Cháo Gà Cho Tâm Hồn,68530.0,89000.0,20470.0,5.0,3,1,,https://tiki.vnsach-banh-ve-chao-ga-cho-tam-hon-p278155114.html?spid=278155116
278090753,"Sách Rich habits, poor habits: Sự khác biệt giữa người giàu và người nghèo",145000.0,188000.0,43000.0,4.8,89,1,,https://tiki.vnsach-rich-habits-poor-habits-su-khac-biet-giua-nguoi-giau-va-nguoi-ngheo-p278090753.html?spid=58935257
277809376,Sách Tư duy dã tràng - Tim trí giao tranh,135000.0,160000.0,25000.0,5.0,36,1,,https://tiki.vnsach-tu-duy-da-trang-tim-tri-giao-tranh-p277809376.html?spid=277809378
277728224,"Sách Nói Chuyện Là Bản Năng, Giữ Miệng Là Tu Dưỡng, Im Lặng Là Trí Tuệ",130000.0,189000.0,59000.0,4.8,457,1,,https://tiki.vnsach-noi-chuyen-la-ban-nang-giu-mieng-la-tu-duong-im-lang-la-tri-tue-p277728224.html?spid=212356653
277361266,Sách Nông sản Việt Nam và Thế giới,98560.0,128000.0,29440.0,4.3,6,1,,https://tiki.vnsach-nong-san-viet-nam-va-the-gioi-p277361266.html?spid=277361267
277344222,Sách ANIMAL STICKER - Động vật đáng yêu - Bóc dán hình phát triển IQ-EQ-CQ,31800.0,45000.0,13200.0,0.0,0,1,,https://tiki.vnsach-animal-sticker-dong-vat-dang-yeu-boc-dan-hinh-phat-trien-iq-eq-cq-p277344222.html?spid=277344858
276828245,"Sách Tu thân, Rèn tâm, Luyện trí",125900.0,179000.0,53100.0,5.0,3,1,,https://tiki.vnsach-tu-than-ren-tam-luyen-tri-p276828245.html?spid=276828246
276660934,Sách Cuốn theo chiều gió (Tiểu thuyết đoạt giải Pulitzer 1937),314000.0,395000.0,81000.0,4.7,23,1,,https://tiki.vnsach-cuon-theo-chieu-gio-tieu-thuyet-doat-giai-pulitzer-1937-p276660934.html?spid=276660935
276598456,Thám Tử Lừng Danh Conan - Tập 104,24800.0,25000.0,200.0,5.0,11,53660,,https://tiki.vntham-tu-lung-danh-conan-tap-104-p276598456.html?spid=276598457
276418968,Sách Ngôi Nhà Kỳ Quái 2,145000.0,186000.0,41000.0,5.0,25,1,,https://tiki.vnsach-ngoi-nha-ky-quai-2-p276418968.html?spid=276418971
275599939,Sách Sưởi Ấm Mặt Trời: Tập 2 Của Cây Cam Ngọt,112000.0,160000.0,48000.0,5.0,163,1,,https://tiki.vnsach-suoi-am-mat-troi-tap-2-cua-cay-cam-ngot-p275599939.html?spid=275599940
274960014,Sách Vở bài tập Toán 3- tập hai- Chân Trời Sáng Tạo (Kèm Nilon bọc Sách),35000.0,35000.0,0.0,4.8,4,11216,,https://tiki.vnsach-vo-bai-tap-toan-3-tap-hai-chan-troi-sang-tao-p274960014.html?spid=274960015
273787209,Sách Mã gien tội ác (Phần tiếp theo của hội chứng E),188300.0,269000.0,80700.0,5.0,19,1,,https://tiki.vnsach-ma-gien-toi-ac-phan-tiep-theo-cua-hoi-chung-e-p273787209.html?spid=273787210
270529639,Sách Cơn lốc quản trị - Ba trụ cột của văn hóa doanh nghiệp,117000.0,140000.0,23000.0,5.0,92,1,,https://tiki.vnsach-con-loc-quan-tri-ba-tru-cot-cua-van-hoa-doanh-nghiep-p270529639.html?spid=270529640
205148094,Sách Cánh Cửa Mở Rộng -Thần Thoại Sisyphus,79000.0,95000.0,16000.0,5.0,60,1,,https://tiki.vnsach-canh-cua-mo-rong-than-thoai-sisyphus-p205148094.html?spid=205148095
199728540,Bút mực gel 0.5mm / bút bi nước / Bút mực khô nhanh/ Bút ghi chép cơ bản nhiều màu lựa chọn – Mực Đen/ Xanh/ Đỏ,15000.0,15000.0,0.0,5.0,71,267978,,https://tiki.vnbut-muc-gel-0-5mm-but-bi-nuoc-but-muc-kho-nhanh-but-ghi-chep-co-ban-nhieu-mau-lua-chon-muc-den-xanh-do-p199728540.html?spid=276192470
179721624,Bút Bi Thiên Long TL-08,30000.0,30000.0,0.0,5.0,25,64561,,https://tiki.vnbut-bi-thien-long-tl-08-p179721624.html?spid=179721632
86517373,Sách Khoa Học Về Nấu Ăn - The Science Of Cooking,245000.0,350000.0,105000.0,4.8,1379,1,,https://tiki.vnsach-khoa-hoc-ve-nau-an-the-science-of-cooking-p86517373.html?spid=86517374
80657321,Sách Cơ Thể Tự Chữa Lành: Phục Hồi Tuyến Giáp,140000.0,180000.0,40000.0,5.0,589,1,,https://tiki.vnsach-co-the-tu-chua-lanh-phuc-hoi-tuyen-giap-p80657321.html?spid=80657322
77225336,Sách Miếng Ngon Hà Nội (Việt Nam Danh Tác),53900.0,70000.0,16100.0,4.8,223,1,,https://tiki.vnsach-mieng-ngon-ha-noi-viet-nam-danh-tac-p77225336.html?spid=77225337
76776245,Sách Nghệ Thuật Tư Duy Phản Biện,84900.0,129000.0,44100.0,4.8,734,1,,https://tiki.vnsach-nghe-thuat-tu-duy-phan-bien-p76776245.html?spid=76776246
49910019,Sách Bác Sĩ Riêng Của Bé Yêu - Chào Con! Ba Mẹ Đã Sẵn Sàng (Tái Bản),77000.0,95000.0,18000.0,5.0,632,1,,https://tiki.vnsach-bac-si-rieng-cua-be-yeu-chao-con-ba-me-da-san-sang-tai-ban-p49910019.html?spid=49910020
32802803,Sách Quản Trị Nhân Sự Đúng,207600.0,279000.0,71400.0,4.8,148,1,,https://tiki.vnsach-quan-tri-nhan-su-dung-p32802803.html?spid=32802804
10920495,Sách Dế Mèn Phiêu Lưu Ký,135000.0,150000.0,15000.0,5.0,49,53660,,https://tiki.vnsach-de-men-phieu-luu-ky-p10920495.html?spid=20488929
10392851,Sách Tôi Thấy Hoa Vàng Trên Cỏ Xanh,127000.0,150000.0,23000.0,5.0,882,1,,https://tiki.vnsach-toi-thay-hoa-vang-tren-co-xanh-p10392851.html?spid=39152601
1864759,Giáo Trình HSK 3 - Sách Bài Tập (Kèm MP3),152000.0,188000.0,36000.0,5.0,264,1,,https://tiki.vngiao-trinh-hsk-3-sach-bai-tap-kem-mp3-p1864759.html?spid=1865571
1750249,Sách Phân Tích Chứng Khoán,374200.0,499000.0,124800.0,4.7,607,1,,https://tiki.vnsach-phan-tich-chung-khoan-p1750249.html?spid=1750251
1453497,Sách Succeed In Cambridge English - Flyers (Kèm CD Hoặc File MP3),233000.0,268000.0,35000.0,4.8,82,1,,https://tiki.vnsach-succeed-in-cambridge-english-flyers-kem-cd-hoac-file-mp3-p1453497.html?spid=1453689
279160074,Tuổi Trẻ Xuân Bính Ngọ 2026,52500.0,52500.0,0.0,0.0,0,186778,,https://tiki.vntuoi-tre-xuan-binh-ngo-2026-p279160074.html?spid=279160075
278959516,KHI LỜI NÓI DỐI CÒN CHƯA LỘ DIỆN  - Toshikazu Kawaguchi – Khuê Tú dịch – NXB Trẻ,97000.0,120000.0,23000.0,4.8,5,1,,https://tiki.vnkhi-loi-noi-doi-con-chua-lo-dien-toshikazu-kawaguchi-khue-tu-dich-nxb-tre-p278959516.html?spid=278964949
278500643,Sách Động Từ Bất Quy Tắc & Ngữ Pháp Tiếng Anh Căn Bản,13860.0,18000.0,4140.0,5.0,2,1,,https://tiki.vnsach-dong-tu-bat-quy-tac-ngu-phap-tieng-anh-can-ban-p278500643.html?spid=278500647
278385057,Combo 5/10/20 Bút Gel Thiên Long Doraemon GEL-012/DO ngòi 0.5mm mực xanh/đỏ/đen/tím thân bút in hình nhân vật Doraemon,47500.0,47500.0,0.0,5.0,1,64561,,https://tiki.vncombo-5-10-20-but-gel-thien-long-doraemon-gel-012-do-ngoi-0-5mm-muc-xanh-do-den-tim-than-but-in-hinh-nhan-vat-doraemon-p278385057.html?spid=217172435
278275283,Sách 451 Độ F,84000.0,120000.0,36000.0,4.8,497,1,,https://tiki.vnsach-451-do-f-p278275283.html?spid=278275286
278241324,"Sách Kỹ năng đầu đời - Ở nhà một mình - Bài học tự bảo vệ - Top 10 kỹ năng tự vệ cho trẻ, đảm bảo an toàn bản thân",14200.0,21000.0,6800.0,0.0,0,1,,https://tiki.vnsach-ky-nang-dau-doi-top-10-ky-nang-tu-ve-cho-tre-dam-bao-an-toan-ban-than-8-quyen-p278241324.html?spid=278241382
278192546,Sách 200 Bài Học Vỡ Lòng Chứng Khoán Cho Nhà Đầu Tư FO,183200.0,229000.0,45800.0,4.7,3,1,,https://tiki.vnsach-200-bai-hoc-vo-long-chung-khoan-cho-nha-dau-tu-fo-p278192546.html?spid=278192547
278159882,Sách Phong Cách Nvidia,175000.0,250000.0,75000.0,5.0,7,1,,https://tiki.vnsach-phong-cach-nvidia-p278159882.html?spid=278159886
278159167,"Vui Đọc Truyện, Khéo Tay Tô - Truyện Cổ Tích Về Các Nàng Công Chúa",12000.0,20000.0,8000.0,0.0,0,1,,https://tiki.vnvui-doc-truyen-kheo-tay-to-truyen-co-tich-ve-cac-nang-cong-chua-p278159167.html?spid=278159171
278151943,Sách Brain Games - Thử Thách Logic - 100+ Câu Đố Để Trẻ Giỏi Suy Luận,59400.0,79000.0,19600.0,0.0,0,1,,https://tiki.vnsach-brain-games-thu-thach-logic-100-cau-do-de-tre-gioi-suy-luan-p278151943.html?spid=278377935
278118434,Sách 10 Vạn Câu Hỏi Vì Sao - Siêu Nhí Hỏi Nhà Khoa Học Trả Lời (Bộ 6 quyển),45000.0,64000.0,19000.0,5.0,4,1,,https://tiki.vnsach-10-van-cau-hoi-vi-sao-sieu-nhi-hoi-nha-khoa-hoc-tra-loi-bo-6-quyen-p278118434.html?spid=278118459
277420884,Sách Tính ưu việt của hoài nghi - Từ vật lý lượng tử đến biến đổi khí hậu: khoa học vế sự bất định giúp chúng ta hiểu về thế giới hỗn độn,131000.0,160000.0,29000.0,5.0,4,1,,https://tiki.vnsach-tinh-uu-viet-cua-hoai-nghi-tu-vat-ly-luong-tu-den-bien-doi-khi-hau-khoa-hoc-ve-su-bat-dinh-giup-chung-ta-hieu-ve-the-gioi-hon-don-p277420884.html?spid=277420886
277138921,Sách 50 câu hỏi về nhân sinh quan,138600.0,180000.0,41400.0,5.0,6,1,,https://tiki.vnsach-50-cau-hoi-ve-nhan-sinh-quan-p277138921.html?spid=277138922
276462110,Sách - Một số Chuyên đề Tổ hợp - Dành cho Học sinh Trung học cơ sở,250000.0,250000.0,0.0,5.0,1,156095,,https://tiki.vnsach-mot-so-chuyen-de-to-hop-danh-cho-hoc-sinh-trung-hoc-co-so-p276462110.html?spid=276462111
276107155,Sách Lịch sử Việt Nam bằng hình - Gần 2000 minh họa tranh ảnh và bản đồ,752000.0,900000.0,148000.0,4.8,49,1,,https://tiki.vnsach-lich-su-viet-nam-bang-hinh-gan-2000-minh-hoa-tranh-anh-va-ban-do-p276107155.html?spid=276107156
275923492,Sách Đứa Trẻ Được Nuôi Trong Chuồng Chó,221760.0,288000.0,66240.0,5.0,26,1,,https://tiki.vnsach-dua-tre-duoc-nuoi-trong-chuong-cho-p275923492.html?spid=275923493
275620664,Sách giáo khoa Toán 9- Tập một- Chân Trời Sáng Tạo (Kèm Nilon bọc Sách),28000.0,28000.0,0.0,5.0,3,11216,,https://tiki.vnsach-giao-khoa-toan-9-tap-mot-chan-troi-sang-tao-p275620664.html?spid=275620665
275138977,Sách Thời Niên Thiếu Của Pháp Y Tống Từ - Quyển Thượng,145900.0,199000.0,53100.0,4.8,36,1,,https://tiki.vnsach-thoi-nien-thieu-cua-phap-y-tong-tu-quyen-thuong-p275138977.html?spid=275139148
275043092,Sách Đầu Tư Vào Vàng - Khoản Đầu Tư Tuyệt Đối An Toàn Thiết Yếu Cho Mỗi Danh Mục Đầu Tư (Jonathan Spall),119000.0,159000.0,40000.0,4.6,16,1,,https://tiki.vnsach-dau-tu-vao-vang-khoan-dau-tu-tuyet-doi-an-toan-thiet-yeu-cho-moi-danh-muc-dau-tu-jonathan-spall-p275043092.html?spid=275303053
274242094,Sách Ông già và biển cả,35000.0,50000.0,15000.0,5.0,4,1,,https://tiki.vnsach-ong-gia-va-bien-ca-p274242094.html?spid=274242095
273787454,Thám Tử Lừng Danh Conan Tập 102,24000.0,25000.0,1000.0,5.0,44,1,,https://tiki.vntham-tu-lung-danh-conan-tap-102-p273787454.html?spid=273787457
272129446,Sách AI - Công Cụ Nâng Cao Hiệu Suất Công Việc,113700.0,169000.0,55300.0,4.0,16,1,,https://tiki.vnsach-ai-cong-cu-nang-cao-hieu-suat-cong-viec-p272129446.html?spid=272129447
217268891,Sách Bí Quyết Hội Họa - Vẽ Tranh Phong Cảnh,75000.0,95000.0,20000.0,4.7,14,1,,https://tiki.vnsach-bi-quyet-hoi-hoa-ve-tranh-phong-canh-p217268891.html?spid=217268892
199040299,Sách Dân Chủ Và Giáo Dục,225800.0,285000.0,59200.0,4.6,15,1,,https://tiki.vnsach-dan-chu-va-giao-duc-p199040299.html?spid=199040300
198572118,Sách 39 Cuộc Đối Thoại Cho Người Trẻ,146000.0,150000.0,4000.0,5.0,32,1,,https://tiki.vnsach-39-cuoc-doi-thoai-cho-nguoi-tre-p198572118.html?spid=198572120
198208145,Sách Nguyên tắc 50 - Không sợ hãi (Tái Bản 2022),110000.0,130000.0,20000.0,5.0,40,1,,https://tiki.vnsach-nguyen-tac-50-khong-so-hai-tai-ban-2022-p198208145.html?spid=198208146
195545307,Sách - Khéo Ăn Nói Sẽ Có Được Thiên Hạ (Bìa Cứng),114000.0,150000.0,36000.0,4.8,18,1,,https://tiki.vnsach-kheo-an-noi-se-co-duoc-thien-ha-bia-cung-p195545307.html?spid=195545308
191782142,Sách Điều Vĩ Đại Đời Thường,74000.0,92000.0,18000.0,5.0,36,1,,https://tiki.vnsach-dieu-vi-dai-doi-thuong-p191782142.html?spid=191782143
184790643,Sách Nền kinh Tế Trải Nghiệm,225900.0,299000.0,73100.0,4.7,14,1,,https://tiki.vnsach-nen-kinh-te-trai-nghiem-p184790643.html?spid=184790644
174605333,Sách Châu Phi Nghìn Trùng (Tái Bản),123700.0,165000.0,41300.0,5.0,110,1,,https://tiki.vnsach-chau-phi-nghin-trung-tai-ban-p174605333.html?spid=174605337
170708219,Sách Đừng Bao Giờ Chia Đôi Lợi Ích Trong Mọi Cuộc Đàm Phán,138400.0,179000.0,40600.0,4.8,114,1,,https://tiki.vnsach-dung-bao-gio-chia-doi-loi-ich-trong-moi-cuoc-dam-phan-p170708219.html?spid=170708221
129355968,Sách Bùng Nổ Bộ Não Với Siêu Phương Pháp Huấn Luyện Silva,98000.0,169000.0,71000.0,5.0,79,1,,https://tiki.vnsach-bung-no-bo-nao-voi-sieu-phuong-phap-huan-luyen-silva-p129355968.html?spid=129355969
76013378,Sách Storytelling With Data - Kể Chuyện Thông Qua Dữ Liệu (Cuốn Cẩm Nang Hướng Dẫn Trực Quan Hóa Dữ Liệu),204000.0,319000.0,115000.0,5.0,1934,1,,https://tiki.vnsach-storytelling-with-data-ke-chuyen-thong-qua-du-lieu-cuon-cam-nang-huong-dan-truc-quan-hoa-du-lieu-p76013378.html?spid=76013379
72615305,Sách Gia Tộc Morgan - Một Triều Đại Ngân Hàng Mỹ Và Sự Trỗi Dậy Của Nền Tài Chính Hiện Đại,385800.0,499000.0,113200.0,4.8,306,1,,https://tiki.vnsach-gia-toc-morgan-mot-trieu-dai-ngan-hang-my-va-su-troi-day-cua-nen-tai-chinh-hien-dai-p72615305.html?spid=73436602
68059466,Sách Tư Duy Đặt Cược: Quyết Định Sáng Suốt Hơn Khi Không Có Đủ Thông Tin,113000.0,130000.0,17000.0,4.8,63,1,,https://tiki.vnsach-tu-duy-dat-cuoc-quyet-dinh-sang-suot-hon-khi-khong-co-du-thong-tin-p68059466.html?spid=68059467
55957270,Sách Hoa Trôi Trên Sóng Nước (Tái Bản 2020) - Nguyên Phong,75460.0,98000.0,22540.0,4.8,402,1,,https://tiki.vnsach-hoa-troi-tren-song-nuoc-tai-ban-2020-nguyen-phong-p55957270.html?spid=57487634
30757177,Sách Bản Chất Của Người,90300.0,129000.0,38700.0,4.7,141,1,,https://tiki.vnsach-ban-chat-cua-nguoi-p30757177.html?spid=30757179
12377498,Sách Bố Con Cá Gai (Tái Bản),77000.0,110000.0,33000.0,5.0,1311,1,,https://tiki.vnsach-bo-con-ca-gai-tai-ban-p12377498.html?spid=12377499
9687403,"Sách The Book Of Leadership - Dẫn Dắt Bản Thân, Đội Nhóm Và Tổ Chức Vươn Xa",176000.0,250000.0,74000.0,4.8,583,1,,https://tiki.vnsach-the-book-of-leadership-dan-dat-ban-than-doi-nhom-va-to-chuc-vuon-xa-p9687403.html?spid=9687404
924313,Sách Tuyển Tập Thơ Văn Hồ Chí Minh,48100.0,72000.0,23900.0,4.8,54,1,,https://tiki.vnsach-tuyen-tap-tho-van-ho-chi-minh-p924313.html?spid=10102403
279134994,Thám Tử Ấm Thực Kamogawa - NXB Trẻ,91300.0,110000.0,18700.0,0.0,0,189565,,https://tiki.vntham-tu-am-thuc-kamogawa-nxb-tre-p279134994.html?spid=279134995
279093667,Sách Kim Vân Kiều (Nguyễn Du) - Bìa Cứng,184000.0,230000.0,46000.0,0.0,0,1,,https://tiki.vnsach-kim-van-kieu-nguyen-du-p279093667.html?spid=279093671
278998287,Sách Những Chủ Nhật Của Một Thị Dân Paris,90300.0,129000.0,38700.0,4.5,2,1,,https://tiki.vnsach-nhung-chu-nhat-cua-mot-thi-dan-paris-p278998287.html?spid=278998288
278856949,Sách Tỷ Phú Nhà Bên Làm Gì Sau 5 Giờ Chiều?,75000.0,95000.0,20000.0,0.0,0,1,,https://tiki.vnsach-ty-phu-nha-ben-lam-gi-sau-5-gio-chieu-p278856949.html?spid=278856950
278727719,Giải Mã Tâm Lý Hành Vi Về Tiền,172080.0,239000.0,66920.0,5.0,1,185035,,https://tiki.vngiai-ma-tam-ly-hanh-vi-ve-tien-p278727719.html?spid=278727720
278192559,Sách Dịch Vụ Vượt Mong Đợi,137830.0,179000.0,41170.0,5.0,4,1,,https://tiki.vnsach-dich-vu-vuot-mong-doi-p278192559.html?spid=278192560
277857896,Sách Gen Alpha Và Rối Loạn Lo Âu,138000.0,219000.0,81000.0,5.0,1,1,,https://tiki.vnsach-gen-alpha-va-roi-loan-lo-au-p277857896.html?spid=277857897
276933744,Combo Giáo Trình Chuẩn HSK 1 - Sách Bài Học và Bài tập (Bộ 2 cuốn),284700.0,356000.0,71300.0,4.5,11,1,,https://tiki.vncombo-giao-trinh-chuan-hsk-1-sach-bai-hoc-va-bai-tap-bo-2-cuon-p276933744.html?spid=276949257
276886061,Sách Hạnh Phúc Cầm Tay,76800.0,99000.0,22200.0,5.0,297,1,,https://tiki.vnsach-hanh-phuc-cam-tay-p276886061.html?spid=276886064
276586979,Giáo trình tiếng Hoa đương đại - sách bài tập + sách tập viết (1-3),112000.0,138000.0,26000.0,0.0,0,1,,https://tiki.vngiao-trinh-tieng-hoa-duong-dai-sach-bai-tap-sach-tap-viet-1-3-p276586979.html?spid=276586981
276230746,Hirayasumi – Những Tháng Ngày Chơi Vơi (Tập 2),63000.0,68000.0,5000.0,5.0,12,1,,https://tiki.vnhirayasumi-nhung-thang-ngay-choi-voi-tap-2-p276230746.html?spid=276230750
274958310,Sách Vở bài tập Tiếng Việt 4- tập hai- Chân Trời Sáng Tạo (Kèm Nilon bọc Sách),35000.0,35000.0,0.0,5.0,2,11216,,https://tiki.vnsach-vo-bai-tap-tieng-viet-4-tap-hai-chan-troi-sang-tao-p274958310.html?spid=274958311
274761882,Sách Thời khắc còn lại,132000.0,155000.0,23000.0,5.0,14,1,,https://tiki.vnsach-thoi-khac-con-lai-p274761882.html?spid=274761884
273958138,Sách Nỗi Đau Này Không Thuộc Về Bạn,144760.0,188000.0,43240.0,5.0,6,1,,https://tiki.vnsach-noi-dau-nay-khong-thuoc-ve-ban-p273958138.html?spid=273958140
273279860,Gọt Bút Chì Điện Tự Động Deli Kèm Sticker Dễ Thương - 3 Chế Độ Tiện Lợi An Toàn Trẻ Nhỏ Học Sinh Văn Phòng Bút Chì Gỗ 2B,394200.0,394200.0,0.0,4.5,2,113115,,https://tiki.vngot-but-chi-dien-tu-dong-deli-kem-sticker-de-thuong-3-che-do-tien-loi-an-toan-tre-nho-hoc-sinh-van-phong-but-chi-go-2b-p273279860.html?spid=273279862
273103346,Sách Hannibal: Kẻ Thù Vĩ Đại Nhất Của La Mã,125000.0,189000.0,64000.0,5.0,22,1,,https://tiki.vnsach-hannibal-ke-thu-vi-dai-nhat-cua-la-ma-p273103346.html?spid=273103349
272557048,Từ điển Anh Việt 75000 từ,62000.0,80000.0,18000.0,0.0,0,1,,https://tiki.vntu-dien-anh-viet-75000-tu-p272557048.html?spid=272557050
271411085,"Sách Nói Sao Cho Trẻ Chịu Nghe, Nghe Sao Cho Trẻ Chịu Nói (TB)",200000.0,225000.0,25000.0,5.0,2,1,,https://tiki.vnsach-noi-sao-cho-tre-chiu-nghe-nghe-sao-cho-tre-chiu-noi-tb-p271411085.html?spid=271411086
249854319,Combo  sách cờ vua 1-2-3,375000.0,375000.0,0.0,5.0,3,57650,,https://tiki.vncombo-sach-co-vua-1-2-3-p249854319.html?spid=249854320
210765544,Sách Chú heo Giáng Sinh,126000.0,150000.0,24000.0,4.6,9,1,,https://tiki.vnsach-chu-heo-giang-sinh-p210765544.html?spid=210765552
208561144,"Hộp đựng bút, khay bút 4 NGĂN để bàn kim loại đa năng - màu đen Legaxi",72000.0,72000.0,0.0,5.0,8,3196,,https://tiki.vnhop-dung-but-khay-but-4-ngan-de-ban-kim-loai-da-nang-mau-den-legaxi-p208561144.html?spid=208561146
206266518,KỸ NĂNG GIẢI QUYẾT VẤN ĐỀ,190000.0,190000.0,0.0,4.7,31,33067,,https://tiki.vnky-nang-giai-quyet-van-de-p206266518.html?spid=206266519
198197156,Sách Kiểm Soát Chi Phí Mua Hàng Và Quản Lí Nhà Cung Cấp,153900.0,220000.0,66100.0,5.0,35,1,,https://tiki.vnsach-kiem-soat-chi-phi-mua-hang-va-quan-li-nha-cung-cap-p198197156.html?spid=198197157
179952621,Sách Hành Trình Tarot (Tái Bản 2022),129000.0,149000.0,20000.0,5.0,204,1,,https://tiki.vnsach-hanh-trinh-tarot-tai-ban-2022-p179952621.html?spid=179952623
160370177,Không Ai Qua Sông (Tập Truyện Ngắn Nguyễn Ngọc Tư)(Tái Bản),83000.0,100000.0,17000.0,5.0,30,1,,https://tiki.vnkhong-ai-qua-song-tap-truyen-ngan-nguyen-ngoc-tu-tai-ban-p160370177.html?spid=160370178
157056276,"Băng Keo Nano Dán 2 Mặt Trong Suốt - Băng Dính  Đa Năng - Dán Tường Treo Đồ, Treo Tranh Ảnh, Cố Định Vật,...Hàng Cao Cấp Chính Hãng MINIIN",19000.0,19000.0,0.0,4.8,35,134678,,https://tiki.vnbang-keo-nano-dan-2-mat-trong-suot-bang-dinh-da-nang-dan-tuong-treo-do-treo-tranh-anh-co-dinh-vat-hang-cao-cap-chinh-hang-miniin-p157056276.html?spid=157056278
150783204,Combo 10 miếng dán keo 2 mặt xốp siêu dính,15000.0,15000.0,0.0,4.7,96,17480,,https://tiki.vncombo-10-mieng-dan-keo-2-mat-xop-sieu-dinh-p150783204.html?spid=150783210
111290700,Sách Bố Già (Bìa Cứng) (Tái Bản),250000.0,250000.0,0.0,5.0,106,53660,,https://tiki.vnsach-bo-gia-bia-cung-tai-ban-p111290700.html?spid=114435914
103511949,Sách Đạo Của Vật Lý (Tái Bản),198000.0,199000.0,1000.0,5.0,86,1,,https://tiki.vnsach-dao-cua-vat-ly-tai-ban-p103511949.html?spid=103511950
90985718,"Sách Càng Mạnh Mẽ, Càng Dịu Dàng (Tái Bản)",94710.0,123000.0,28290.0,5.0,264,1,,https://tiki.vnsach-cang-manh-me-cang-diu-dang-tai-ban-p90985718.html?spid=90985719
86270920,Sách Trang Tử Tinh Hoa (Thu Giang Nguyễn Duy Cần )(Tái Bản),63000.0,75000.0,12000.0,4.8,86,1,,https://tiki.vnsach-trang-tu-tinh-hoa-thu-giang-nguyen-duy-can-tai-ban-p86270920.html?spid=86270921
75948573,Sách Những Quy Tắc Tư Duy,104200.0,139000.0,34800.0,4.8,27,1,,https://tiki.vnsach-nhung-quy-tac-tu-duy-p75948573.html?spid=75948575
66619715,Sách Vị Tu Sĩ Bán Chiếc Ferrari (Tái Bản),75460.0,98000.0,22540.0,4.8,952,1,,https://tiki.vnsach-vi-tu-si-ban-chiec-ferrari-tai-ban-p66619715.html?spid=66619716
52788074,Sách Khu Vườn Mùa Hạ (Tái Bản 2020),59500.0,85000.0,25500.0,5.0,208,1,,https://tiki.vnsach-khu-vuon-mua-ha-tai-ban-2020-p52788074.html?spid=52788075
44251089,Sách Văn Học Trong Nhà Trường : Thơ Nguyến Khuyến,35000.0,38000.0,3000.0,5.0,49,1,,https://tiki.vnsach-van-hoc-trong-nha-truong-tho-nguyen-khuyen-p44251089.html?spid=44251090
7718737,Sách Nghệ Thuật Tư Duy Rành Mạch (Tái Bản),103600.0,148000.0,44400.0,4.8,1040,1,,https://tiki.vnsach-nghe-thuat-tu-duy-ranh-mach-tai-ban-p7718737.html?spid=7718738
2987221,Sách Giáo Trình Chuẩn YCT 2 (Kèm file MP3),99308.0,148000.0,48692.0,4.8,88,1,,https://tiki.vnsach-giao-trinh-chuan-yct-2-kem-file-mp3-p2987221.html?spid=2987565
1702825,Sách Hóa Thân (Tái Bản),37800.0,54000.0,16200.0,4.8,195,1,,https://tiki.vnsach-hoa-than-tai-ban-p1702825.html?spid=1702827
1699263,Sách Sinh Ra Để Chạy,141200.0,188000.0,46800.0,4.7,233,1,,https://tiki.vnsach-sinh-ra-de-chay-p1699263.html?spid=1702533
715475,Sách Bridge - Giáo Trình Tiếng Trung Quốc: Trình Độ Trung Cấp – Tập 2 (Không Kèm Đĩa CD),76000.0,98000.0,22000.0,4.5,70,1,,https://tiki.vnsach-bridge-giao-trinh-tieng-trung-quoc-trinh-do-trung-cap-tap-2-khong-kem-dia-cd-p715475.html?spid=716984
279134997,Thám Tử Ẩm Thực Kamogawa 2: Tiệm Ăn Hoài Niệm - NXB Trẻ,91300.0,110000.0,18700.0,0.0,0,189565,,https://tiki.vntham-tu-am-thuc-kamogawa-2-tiem-an-hoai-niem-nxb-tre-p279134997.html?spid=279134998
279085489,"Sách Cao thủ chia tiền - Chia việc, Tiền lớn không đến từ nỗ lực, mà đến từ cách chia",159000.0,159000.0,0.0,0.0,0,161423,,https://tiki.vnsach-cao-thu-chia-tien-chia-viec-tien-lon-khong-den-tu-no-luc-ma-den-tu-cach-chia-p279085489.html?spid=279085490
279018386,"Móc Khóa Linh Vật Ngựa Cõng Vàng Thần Tài 2026, Charm Ngựa Nhồi Bông Trang Trí Balo Túi Xách Quà Tặng Mang Lại May Mắn",95000.0,95000.0,0.0,0.0,0,115414,,https://tiki.vnmoc-khoa-linh-vat-ngua-cong-vang-than-tai-2026-charm-ngua-nhoi-bong-trang-tri-balo-tui-xach-qua-tang-mang-lai-may-man-p279018386.html?spid=279018388
278949866,GIÓ VẪN THỔI QUA RỪNG NHIỆT ĐỚI – Dương Bình Nguyên  – NXB Công An Nhân Dân,115000.0,115000.0,0.0,0.0,0,223928,,https://tiki.vngio-van-thoi-qua-rung-nhiet-doi-duong-binh-nguyen-nxb-cong-an-nhan-dan-p278949866.html?spid=278949867
278944943,Thoát Bẫy Thao Túng Tiền Bạc,106000.0,169000.0,63000.0,0.0,0,1,,https://tiki.vnthoat-bay-thao-tung-tien-bac-p278944943.html?spid=278944944
278813668,Người Giáo Viên Tàn Nhẫn,128000.0,189000.0,61000.0,4.7,6,1,,https://tiki.vnnguoi-giao-vien-tan-nhan-p278813668.html?spid=278813669
278787943,Bội Ước,131300.0,168000.0,36700.0,0.0,0,1,,https://tiki.vnboi-uoc-p278787943.html?spid=278787944
278777911,Dinh Dưỡng Cho Người Lo Âu,136000.0,189000.0,53000.0,0.0,0,1,,https://tiki.vndinh-duong-cho-nguoi-lo-au-p278777911.html?spid=278777912
278678211,Sách Sống Khỏe Từ A Đến Z - Dinh Dưỡng Lành Mạnh,44900.0,60000.0,15100.0,0.0,0,1,,https://tiki.vnsach-song-khoe-tu-a-den-z-dinh-duong-lanh-manh-p278678211.html?spid=278678213
278315209,Thám Tử Lừng Danh Conan Vs. Tổ Chức Áo Đen - Tập 1,34300.0,35000.0,700.0,4.8,39,1,,https://tiki.vntham-tu-lung-danh-conan-vs-to-chuc-ao-den-p278315209.html?spid=2610741
278148874,Sách - Bảng Động Từ Bất Quy Tắc Trong Tiếng Anh,10000.0,10000.0,0.0,5.0,1,53660,,https://tiki.vnsach-bang-dong-tu-bat-quy-tac-trong-tieng-anh-p278148874.html?spid=278148876
278103698,Thánh Địa Khủng Long,51000.0,55000.0,4000.0,5.0,3,1,,https://tiki.vnthanh-dia-khung-long-p278103698.html?spid=278103718
277993499,Sách Bách Trí Minh Đạo - Trí tuệ xử thế - Làm nên đại sự,121000.0,160000.0,39000.0,0.0,0,1,,https://tiki.vnsach-bach-tri-minh-dao-p277993499.html?spid=277993640
277759473,Sách Life 3.0 – Loài Người Trong Kỷ Nguyên Trí Tuệ Nhân Tạo,133000.0,199000.0,66000.0,5.0,6,1,,https://tiki.vnsach-life-3-0-loai-nguoi-trong-ky-nguyen-tri-tue-nhan-tao-p277759473.html?spid=277759474
276938748,Sách Người Ưu Tú Nhất Chính Là Bản Thân Bạn: Hành Trình Khám Phá Bản Thân Cùng Socrates - Bizbooks,133000.0,168000.0,35000.0,0.0,0,1,,https://tiki.vnsach-nguoi-uu-tu-nhat-chinh-la-ban-than-ban-hanh-trinh-kham-pha-ban-than-cung-socrates-bizbooks-p276938748.html?spid=277459824
276933748,Combo Giáo Trình Chuẩn HSK 2 - Sách Bài Học và Bài tập (Bộ 2 cuốn),316000.0,386000.0,70000.0,5.0,2,1,,https://tiki.vncombo-giao-trinh-chuan-hsk-2-sach-bai-hoc-va-bai-tap-bo-2-cuon-p276933748.html?spid=276949258
276613280,Sách Tục Ngữ Phong Dao (Theo bản in của Mặc Lâm năm 1967),105700.0,145000.0,39300.0,5.0,1,1,,https://tiki.vnsach-tuc-ngu-phong-dao-theo-ban-in-cua-mac-lam-nam-1967-p276613280.html?spid=276613282
276353086,"Sách Lật Tẩy Kẻ Nói Dối: Vén Màn Sự Thật, Nhìn Thấu Điều Kẻ Khác Đang Che Giấu",83930.0,109000.0,25070.0,5.0,2,1,,https://tiki.vnsach-lat-tay-ke-noi-doi-ven-man-su-that-nhin-thau-dieu-ke-khac-dang-che-giau-p276353086.html?spid=276353087
275900290,Sách Cẩm Nang Tư Duy Học Tập Và Nghiên Cứu,29900.0,40000.0,10100.0,4.6,50,1,,https://tiki.vnsach-cam-nang-tu-duy-hoc-tap-va-nghien-cuu-p275900290.html?spid=275900293
275899500,Miền Xanh Thẳm (Tủ Sách Vàng - Tác Phẩm Chọn Lọc Dành Cho Thiếu Nhi) [Tái Bản 2024],74000.0,80000.0,6000.0,5.0,1,1,,https://tiki.vnmien-xanh-tham-tu-sach-vang-tac-pham-chon-loc-danh-cho-thieu-nhi-tai-ban-2024-p275899500.html?spid=275899501
272111582,Sách Người Tính Không Bằng Drama Tính,73920.0,96000.0,22080.0,5.0,17,1,,https://tiki.vnsach-nguoi-tinh-khong-bang-drama-tinh-p272111582.html?spid=272111584
271950414,Sách Romeo Và Juliet,44660.0,58000.0,13340.0,4.7,15,1,,https://tiki.vnsach-romeo-va-juliet-p271950414.html?spid=271950416
271495368,"Sách How Brands Grow - Con Đường Tăng Trưởng Thương Hiệu Phần 2 (Những Nghiên Cứu Từ Các Thị Trường Mới Nổi, Dịch Vụ, Hàng Tiêu Dùng Lâu Bền, B2B Và Nhãn Hàng Xa Xỉ)",193100.0,249000.0,55900.0,5.0,2,1,,https://tiki.vnsach-how-brands-grow-con-duong-tang-truong-thuong-hieu-phan-2-nhung-nghien-cuu-tu-cac-thi-truong-moi-noi-dich-vu-hang-tieu-dung-lau-ben-b2b-va-nhan-hang-xa-xi-p271495368.html?spid=271495371
271495367,Sách Bẫy hạnh phúc,179600.0,239000.0,59400.0,5.0,33,1,,https://tiki.vnsach-bay-hanh-phuc-p271495367.html?spid=271495370
271414262,Sách Chuyến phiêu lưu kỳ diệu của Edward Tulane,64400.0,92000.0,27600.0,5.0,14,1,,https://tiki.vnsach-chuyen-phieu-luu-ky-dieu-cua-edward-tulane-p271414262.html?spid=271414263
262664014,Combo Doraemon Truyện Ngắn,209000.0,220000.0,11000.0,5.0,28,1,,https://tiki.vncombo-doraemon-truyen-ngan-p262664014.html?spid=262664016
251547360,Sách Bách khoa thư về giải tỏa mệt mỏi ở phụ nữ,108000.0,159000.0,51000.0,4.8,12,1,,https://tiki.vnsach-bach-khoa-thu-ve-giai-toa-met-moi-o-phu-nu-p251547360.html?spid=251547361
247442509,Combo Thám Tử Lừng Danh Conan Hoạt Hình Màu: Cầu Thủ Ghi Bàn Số 11 (2 Cuốn) [Tái Bản 2023],115200.0,120000.0,4800.0,0.0,0,1,,https://tiki.vncombo-tham-tu-lung-danh-conan-hoat-hinh-mau-cau-thu-ghi-ban-so-11-2-cuon-tai-ban-2023-p247442509.html?spid=247442510
206678865,Sách Dám Nghĩ Lại,129360.0,168000.0,38640.0,5.0,146,1,,https://tiki.vnsach-dam-nghi-lai-p206678865.html?spid=206678866
204631110,Giấy gói quà / giấy quà tặng/ giấy bao tập cao cấp,25000.0,25000.0,0.0,4.8,43,267978,,https://tiki.vngiay-goi-qua-giay-qua-tang-giay-bao-tap-cao-cap-p204631110.html?spid=271150989
202879282,Sách Timmy Failure: Lỗi Lầm La Liệt,88000.0,115000.0,27000.0,4.5,8,1,,https://tiki.vnsach-timmy-failure-loi-lam-la-liet-p202879282.html?spid=202879283
178294073,Trading in The Zone - Thực Hành Kiểm Soát Cảm Xúc bằng Tâm Lý Học Hành Vi trong Đầu Tư và Giao Dịch,295000.0,295000.0,0.0,4.8,223,68619,,https://tiki.vntrading-in-the-zone-thuc-hanh-kiem-soat-cam-xuc-bang-tam-ly-hoc-hanh-vi-trong-dau-tu-va-giao-dich-p178294073.html?spid=178294074
113530805,Sách Tuổi Trẻ Đáng Giá Bao Nhiêu (Tái Bản),75600.0,108000.0,32400.0,4.8,1529,1,,https://tiki.vnsach-tuoi-tre-dang-gia-bao-nhieu-tai-ban-p113530805.html?spid=113530807
107802188,Sách Bí Mật Tư Duy Triệu Phú (Tái Bản),83160.0,108000.0,24840.0,5.0,334,1,,https://tiki.vnsach-bi-mat-tu-duy-trieu-phu-tai-ban-p107802188.html?spid=107802190
89402951,Sách Giáo Trình Chuẩn HSK 4 - Tập 1 Bài Học (Quét Mã QR Để Nghe File MP3)(Tái Bản),180000.0,228000.0,48000.0,4.6,70,1,,https://tiki.vnsach-giao-trinh-chuan-hsk-4-tap-1-bai-hoc-quet-ma-qr-de-nghe-file-mp3-tai-ban-p89402951.html?spid=89402952
85923342,Sách Minh Triết Trong Ăn Uống Của Phương Đông (Tái Bản),129360.0,168000.0,38640.0,5.0,280,1,,https://tiki.vnsach-minh-triet-trong-an-uong-cua-phuong-dong-tai-ban-p85923342.html?spid=85923343
52124332,Combo Thám Tử Lừng Danh Conan Tập 81 - 90 (Bộ 10 cuốn),240000.0,250000.0,10000.0,5.0,196,1,,https://tiki.vncombo-tham-tu-lung-danh-conan-tap-81-90-bo-10-cuon-p52124332.html?spid=58806034
19662184,Sách Một Lít Nước Mắt (Tái Bản 2019),68600.0,98000.0,29400.0,4.8,481,1,,https://tiki.vnsach-mot-lit-nuoc-mat-tai-ban-2019-p19662184.html?spid=19662185
4371159,Sách Nhân Tố Enzyme (Trọn Bộ 4 Cuốn) - Tái Bản,319200.0,446000.0,126800.0,4.5,67,1,,https://tiki.vnsach-nhan-to-enzyme-tron-bo-4-cuon-tai-ban-p4371159.html?spid=4371357
279143614,Sách Hiểu thuật ngữ kinh tế để nắm bắt biến động thời cuộc,141000.0,170000.0,29000.0,0.0,0,1,,https://tiki.vnsach-hieu-thuat-ngu-kinh-te-de-nam-bat-bien-dong-thoi-cuoc-p279143614.html?spid=279143616
278971262,Sách Sức Mạnh Của Kỷ Luật Bản Thân,97020.0,126000.0,28980.0,0.0,0,1,,https://tiki.vnsach-suc-manh-cua-ky-luat-ban-than-p278971262.html?spid=278971263
278880909,Chủng Tộc Và Lịch Sử - Claude Lévi-Strauss - Omega Plus,96600.0,125000.0,28400.0,5.0,2,1,,https://tiki.vnchung-toc-va-lich-su-claude-levi-strauss-omega-plus-p278880909.html?spid=278949482
278723588,Sách How To Be Free - Để Được Tự Do,70000.0,100000.0,30000.0,0.0,0,1,,https://tiki.vnsach-how-to-be-free-de-duoc-tu-do-p278723588.html?spid=278723592
278275156,Chào Mừng Bạn Đến Hiệu Sách Hyunam-dong,133000.0,190000.0,57000.0,5.0,6,1,,https://tiki.vnchao-mung-ban-den-hieu-sach-hyunam-dong-p278275156.html?spid=278275158
278089743,Sách Good Energy - Năng Lượng Tốt,154500.0,229000.0,74500.0,5.0,12,1,,https://tiki.vnsach-good-energy-nang-luong-tot-p278089743.html?spid=278089744
278064377,Sách Tĩnh Lặng Là Dáng Vẻ Đẹp Nhất Của Bạn,76230.0,99000.0,22770.0,5.0,5,1,,https://tiki.vnsach-tinh-lang-la-dang-ve-dep-nhat-cua-ban-p278064377.html?spid=278064378
278054810,Sách Khu Vườn Dối Trá - Kim Jin Yeong,109340.0,142000.0,32660.0,0.0,0,1,,https://tiki.vnsach-khu-vuon-doi-tra-kim-jin-yeong-p278054810.html?spid=278054811
277827033,Sách Lần Đầu Làm Mẹ - Tổng Hợp Những Kiến Thức Mới Nhất Về Mang Thai Và Sinh Nở,230200.0,299000.0,68800.0,4.8,435,1,,https://tiki.vnsach-lan-dau-lam-me-tong-hop-nhung-kien-thuc-moi-nhat-ve-mang-thai-va-sinh-no-p277827033.html?spid=277827036
277742362,"Hộp 100 Đầu Lọc Thuốc L.á Thanh Lọc Bảo Vệ Sức Khoẻ, Kèm 4 Đầu Chuyển Loại Vừa & Nhỏ",97000.0,97000.0,0.0,0.0,0,361537,,https://tiki.vnhop-100-dau-loc-thuoc-l-a-thanh-loc-bao-ve-suc-khoe-kem-4-dau-chuyen-loai-vua-nho-p277742362.html?spid=278525709
277483610,Sách Atlas Thế Giới – Tập Bản Đồ Tương Tác: Ngắm Lục Địa – Chạm Núi Sông – Nhớ Địa Danh,300300.0,330000.0,29700.0,4.0,2,1,,https://tiki.vnsach-atlas-the-gioi-tap-ban-do-tuong-tac-ngam-luc-dia-cham-nui-song-nho-dia-danh-p277483610.html?spid=277483611
275354839,"Sách Stop Overthinking - Sống Tự Do, Không Âu Lo - 7 Bước Loại Bỏ Suy Nghĩ Tiêu Cực Và Bắt Đầu Suy Nghĩ Tích Cực",64600.0,95000.0,30400.0,5.0,24,53660,,https://tiki.vnstop-overthinking-song-tu-do-khong-au-lo-7-buoc-loai-bo-suy-nghi-tieu-cuc-va-bat-dau-suy-nghi-tich-cuc-p275354839.html?spid=275354840
275243836,Bộ sách Thám tử Sherlock Nhí,30000.0,38000.0,8000.0,5.0,2,1,,https://tiki.vnbo-sach-tham-tu-sherlock-nhi-p275243836.html?spid=275244201
275075617,Bạch Tuyết Tóc Đỏ Tập 12,28500.0,30000.0,1500.0,5.0,2,1,,https://tiki.vnbach-tuyet-toc-do-tap-12-p275075617.html?spid=275075619
274845339,Sách Đắc Nhân Tâm,56200.0,86000.0,29800.0,4.8,12,1,,https://tiki.vnsach-dac-nhan-tam-p274845339.html?spid=274845341
274546134,Sách Mèo chiến binh 6 - Thời khắc tăm tối,112000.0,160000.0,48000.0,5.0,5,1,,https://tiki.vnsach-meo-chien-binh-6-thoi-khac-tam-toi-p274546134.html?spid=274546135
274545381,Sách Số Đỏ,51000.0,65000.0,14000.0,5.0,10,1,,https://tiki.vnsach-so-do-p274545381.html?spid=274545384
274069251,Sách Sổ tay ăn dặm của mẹ,82600.0,118000.0,35400.0,5.0,6,1,,https://tiki.vnsach-so-tay-an-dam-cua-me-p274069251.html?spid=274069256
272349560,Sách IELTS Writing Journey - From Basics To Band 6.0,199430.0,259000.0,59570.0,5.0,75,1,,https://tiki.vnsach-ielts-writing-journey-from-basics-to-band-6-0-p272349560.html?spid=272349562
270847918,Sách Lời Thú Tội Mới Của Một Sát Thủ Kinh Tế,163700.0,245000.0,81300.0,4.7,530,1,,https://tiki.vnsach-loi-thu-toi-moi-cua-mot-sat-thu-kinh-te-p270847918.html?spid=270847921
263109178,Sách Những Tấm Lòng Cao Cả (Bìa Cứng) (Tái Bản),92000.0,135000.0,43000.0,4.8,4,1,,https://tiki.vnsach-nhung-tam-long-cao-ca-bia-cung-tai-ban-p263109178.html?spid=263109180
241748808,Sách Giáo Trình Chuẩn HSK 1 Bài Học (Quét Mã QR Để Nghe File Mp3),165000.0,198000.0,33000.0,5.0,17,1,,https://tiki.vnsach-giao-trinh-chuan-hsk-1-bai-hoc-quet-ma-qr-de-nghe-file-mp3-p241748808.html?spid=241748809
205004676,Sách Tri thức trong lòng bàn tay - Bách khoa thiếu nhi Vũ trụ (bìa cứng) - tái bản,77300.0,110000.0,32700.0,0.0,0,1,,https://tiki.vnsach-tri-thuc-trong-long-ban-tay-bach-khoa-thieu-nhi-vu-tru-bia-cung-tai-ban-p205004676.html?spid=205004677
199547425,Sách Kỷ Luật Tự Giác - Thói Quen Của Người Thành Công (Tái Bản),114800.0,159000.0,44200.0,4.6,16,1,,https://tiki.vnsach-ky-luat-tu-giac-thoi-quen-cua-nguoi-thanh-cong-tai-ban-p199547425.html?spid=199547426
195954735,Sách Tam Tự Kinh (bìa mềm) - tái bản,80800.0,110000.0,29200.0,5.0,17,1,,https://tiki.vnsach-tam-tu-kinh-bia-mem-tai-ban-p195954735.html?spid=195954736
181699634,Sách Tổng Thống K. Thứ Tư,143000.0,200000.0,57000.0,4.8,64,1,,https://tiki.vnsach-tong-thong-k-thu-tu-p181699634.html?spid=181699635
157240665,"Ra Bờ Suối Ngắm Hoa Kèn Hồng (Truyện Dài-Nguyễn Nhật Ánh) - Bìa Mềm (Màu Hồng) (Tặng Kèm Bookmark Bồi Hai Mặt, Thiệp Trái Tim In Bài Thơ Của Tác Giả)",118000.0,145000.0,27000.0,5.0,2113,1,,https://tiki.vnra-bo-suoi-ngam-hoa-ken-hong-truyen-dai-nguyen-nhat-anh-p157240665.html?spid=157240667
143186001,Sách Chiến Thắng Con Quỷ Trong Bạn - Bí Quyết Tự Do Và Thành Công (Tái Bản),84000.0,145000.0,61000.0,4.8,374,1,,https://tiki.vnsach-chien-thang-con-quy-trong-ban-bi-quyet-tu-do-va-thanh-cong-tai-ban-p143186001.html?spid=143186002
129381385,Cuốn Sách Tranh Đầu Tiên Về Cơ Thể (Ehon Nhật Bản),79800.0,99000.0,19200.0,5.0,13,1,,https://tiki.vncuon-sach-tranh-dau-tien-ve-co-the-ehon-nhat-ban-p129381385.html?spid=129381387
113655308,Giáo Trình Kinh Tế Chính Trị Mác – Lênin (Dành Cho Bậc Đại Học Hệ Không Chuyên Lý Luận Chính Trị) - Bộ mới năm 2021,48000.0,48000.0,0.0,5.0,417,197,,https://tiki.vngiao-trinh-kinh-te-chinh-tri-mac-lenin-danh-cho-bac-dai-hoc-he-khong-chuyen-ly-luan-chinh-tri-bo-moi-nam-2021-p113655308.html?spid=113655309
108327033,Sách Cẩm Nang Đầu Tư Và Quản Lý Tài Chính Cá Nhân,126700.0,169000.0,42300.0,4.8,43,1,,https://tiki.vnsach-cam-nang-dau-tu-va-quan-ly-tai-chinh-ca-nhan-p108327033.html?spid=108327035
91343714,Sách Toàn Chức Cao Thủ (Tập 2),150800.0,209000.0,58200.0,4.7,80,1,,https://tiki.vnsach-toan-chuc-cao-thu-tap-2-p91343714.html?spid=91343715
53728878,Sách Tối Đa Hóa Hiệu Suất Công Việc – Việc 12 Tháng Làm Trong 12 Tuần,134000.0,169000.0,35000.0,4.7,180,1,,https://tiki.vnsach-toi-da-hoa-hieu-suat-cong-viec-viec-12-thang-lam-trong-12-tuan-p53728878.html?spid=54056505
12138656,Sách Nghệ Thuật Tư Duy Chiến Lược,179200.0,239000.0,59800.0,4.8,210,1,,https://tiki.vnsach-nghe-thuat-tu-duy-chien-luoc-p12138656.html?spid=12138657
11368965,Combo Giáo Trình Chuẩn HSK 1 - Bài Học (Kèm 1 MP3) và Giáo Trình Chuẩn HSK 1 - Bài Tập (Kèm 1 MP3) ( Tặng Kèm Viết ),320400.0,356000.0,35600.0,5.0,673,7734,,https://tiki.vncombo-giao-trinh-chuan-hsk-1-bai-hoc-kem-1-mp3-va-giao-trinh-chuan-hsk-1-bai-tap-kem-1-mp3-tang-kem-viet-p11368965.html?spid=11368966
3048355,Sách Nhà (Tái Bản),83930.0,109000.0,25070.0,4.8,441,1,,https://tiki.vnsach-nha-tai-ban-p3048355.html?spid=3070291
2812299,Sách Tiếng Nhật Cho Mọi Người - Sơ Cấp 1 - Bản Dịch Và Giải Thích Ngữ Pháp - Tiếng Việt (Bản Mới),83000.0,100000.0,17000.0,4.8,484,1,,https://tiki.vnsach-tieng-nhat-cho-moi-nguoi-so-cap-1-ban-dich-va-giai-thich-ngu-phap-tieng-viet-ban-moi-p2812299.html?spid=2812673
803663,Sách Miền Hoang Tưởng,53000.0,75000.0,22000.0,4.8,56,1,,https://tiki.vnsach-mien-hoang-tuong-p803663.html?spid=803665
605949,Sách Thực Hành Phiên Dịch Anh-Việt Việt-Anh,162000.0,198000.0,36000.0,5.0,14,1,,https://tiki.vnsach-thuc-hanh-phien-dich-anh-viet-viet-anh-p605949.html?spid=606110
435811,Sách Sinh Học Phân Tử Của Tế Bào (Tập 3): Cấu Trúc Và Chức Năng Của Tế Bào,291000.0,340000.0,49000.0,5.0,19,1,,https://tiki.vnsach-sinh-hoc-phan-tu-cua-te-bao-tap-3-cau-truc-va-chuc-nang-cua-te-bao-p435811.html?spid=141031
279063436,Người phụ tá,158000.0,158000.0,0.0,0.0,0,86794,,https://tiki.vnnguoi-phu-ta-p279063436.html?spid=279063437
279004939,Sách - Liệu Pháp Sức Khỏe Ung Thư ( Nowlife chính hãng),240000.0,240000.0,0.0,0.0,0,336121,,https://tiki.vnsach-lieu-phap-suc-khoe-ung-thu-nowlife-chinh-hang-p279004939.html?spid=279004940
278802389,Sách Ta Là Chúa Tể Độc Ác Của Đế Quốc Liên Thiên Hà (Tập 1),131000.0,149000.0,18000.0,5.0,2,1,,https://tiki.vnsach-ta-la-chua-te-doc-ac-cua-de-quoc-lien-thien-ha-tap-1-p278802389.html?spid=278802613
278791942,Sách Tôi Có Triệu Chứng Kém Yêu Ư?,67000.0,88000.0,21000.0,0.0,0,1,,https://tiki.vnsach-toi-co-trieu-chung-kem-yeu-u-p278791942.html?spid=278791944
278668664,Tâm lý học giáo dục,195000.0,195000.0,0.0,0.0,0,86794,,https://tiki.vntam-ly-hoc-giao-duc-p278668664.html?spid=278668665
278128905,Công chúa Cherry - Công viên thú cưng - Sách bóc dán sticker cho bé gái,32000.0,39000.0,7000.0,5.0,2,1,,https://tiki.vncong-chua-cherry-sach-boc-dan-sticker-cho-be-gai-p278128905.html?spid=278128915
278111429,Sách Ngữ Pháp Và Bài Tập Tổng Hợp HSK3 + HSKK Sơ Cấp,119350.0,155000.0,35650.0,5.0,5,1,,https://tiki.vnsach-ngu-phap-va-bai-tap-tong-hop-hsk3-hskk-so-cap-p278111429.html?spid=278111430
278073999,"Sách Sadie - Nếu Cô Chết, Sự Thật Sẽ Bị Chôn Vùi",134750.0,175000.0,40250.0,0.0,0,1,,https://tiki.vnsach-sadie-neu-co-chet-su-that-se-bi-chon-vui-p278073999.html?spid=278074003
276902193,"Combo 10 Thẻ Ghi Nhớ Đánh Dấu Gắn Móc Chìa Khóa, Vali, Hành Lý Tiện Dụng Màu Ngẫu Nhiên",80000.0,80000.0,0.0,0.0,0,353491,,https://tiki.vncombo-10-the-ghi-nho-danh-dau-gan-moc-chia-khoa-vali-hanh-ly-tien-dung-mau-ngau-nhien-p276902193.html?spid=276902194
276684423,BlueLock - Tập 21,35000.0,35000.0,0.0,0.0,0,53660,,https://tiki.vnbluelock-tap-21-p276684423.html?spid=276684425
276508158,Sách Vở bài tập Toán 5- tập hai- Chân Trời Sáng Tạo (Kèm Nilon bọc Sách),36000.0,36000.0,0.0,5.0,7,11216,,https://tiki.vnsach-vo-bai-tap-toan-5-tap-hai-chan-troi-sang-tao-p276508158.html?spid=276508159
276377313,"Sách Bà tóc tím, nhà tiên tri và gã ngốc chống lại tận thế (Jonas Jonasson)",181000.0,215000.0,34000.0,4.8,18,1,,https://tiki.vnsach-ba-toc-tim-nha-tien-tri-va-ga-ngoc-chong-lai-tan-the-jonas-jonasson-p276377313.html?spid=276377314
275814020,Osho - Luận Về Cuộc Đời - 365 Ngày Khai Sáng Tâm Hồn,115200.0,115200.0,0.0,0.0,0,355362,,https://tiki.vnosho-luan-ve-cuoc-doi-365-ngay-khai-sang-tam-hon-p275814020.html?spid=275814021
275396866,Sách Tố Thư,304500.0,400000.0,95500.0,5.0,17,1,,https://tiki.vnsach-to-thu-p275396866.html?spid=275396867
275300184,Tranh Truyện Lịch Sử Việt Nam,14112.0,14700.0,588.0,5.0,2,1,,https://tiki.vntranh-truyen-lich-su-viet-nam-p275300184.html?spid=275303249
275052244,Sách giáo khoa Toán 3- tập hai- Kết Nối Tri Thức Với Cuộc Sống (Kèm Nilon bọc Sách),29000.0,29000.0,0.0,1.0,1,11216,,https://tiki.vnsach-giao-khoa-toan-3-tap-hai-ket-noi-tri-thuc-voi-cuoc-song-p275052244.html?spid=275052245
273844978,Sách Thao Túng Tâm Lý,116800.0,169000.0,52200.0,4.7,1427,1,,https://tiki.vnsach-thao-tung-tam-ly-p273844978.html?spid=167940011
273708791,Sách Não trái - não phải: Và cách chúng ảnh hưởng đến hành vi hằng ngày của chúng ta,126000.0,158000.0,32000.0,5.0,1,1,,https://tiki.vnsach-nao-trai-nao-phai-va-cach-chung-anh-huong-den-hanh-vi-hang-ngay-cua-chung-ta-p273708791.html?spid=273708792
273534078,Sách Quản Trị Bằng Văn Hóa,198000.0,250000.0,52000.0,5.0,63,1,,https://tiki.vnsach-quan-tri-bang-van-hoa-p273534078.html?spid=273534079
273346856,Sách Một Đời Được Mất,107030.0,139000.0,31970.0,4.8,111,1,,https://tiki.vnsach-mot-doi-duoc-mat-p273346856.html?spid=273346970
272853946,Sách Boxset 5 tiểu thuyết của Mario Puzo,543000.0,665000.0,122000.0,5.0,3,1,,https://tiki.vnsach-boxset-5-tieu-thuyet-cua-mario-puzo-p272853946.html?spid=272853947
272269839,Sách Đã chơi phải thắng - Cách xây dựng chiến lược thành công,130000.0,150000.0,20000.0,4.8,13,1,,https://tiki.vnsach-da-choi-phai-thang-cach-xay-dung-chien-luoc-thanh-cong-p272269839.html?spid=272269840
272000019,Sách Gan ơi là gan,89600.0,128000.0,38400.0,5.0,34,1,,https://tiki.vnsach-gan-oi-la-gan-p272000019.html?spid=272000021
271121222,"Sách Vườn Hoa Mạt Dược Ký Sự - Tái Hiện Kỳ Án, Hé Mở Góc Tối (Phần 2)",122430.0,159000.0,36570.0,5.0,27,1,,https://tiki.vnsach-vuon-hoa-mat-duoc-ky-su-tai-hien-ky-an-he-mo-goc-toi-phan-2-p271121222.html?spid=271121223
270837142,Cuốn Sách Đầu Tiên Của Bé  - Chuẩn bị tới trường  - Dành Cho Bé Từ 3-5 Tuổi,84900.0,119000.0,34100.0,5.0,2,1,,https://tiki.vncuon-sach-dau-tien-cua-be-chuan-bi-toi-truong-danh-cho-be-tu-3-5-tuoi-p270837142.html?spid=270837143
270790318,Doraemon Plus Tập 2,21600.0,22000.0,400.0,4.8,70,1,,https://tiki.vndoraemon-plus-tap-2-p270790318.html?spid=270790321
270234757,Sách Xứ Sở Miên Man,176000.0,220000.0,44000.0,5.0,158,1,,https://tiki.vnsach-xu-so-mien-man-p270234757.html?spid=270234760
253361068,Sách Chuyện Nghề Viết Và Góc Khuất Cuộc Đời Của Ông Hoàng Kinh Dị,150600.0,219000.0,68400.0,5.0,6,1,,https://tiki.vnsach-chuyen-nghe-viet-va-goc-khuat-cuoc-doi-cua-ong-hoang-kinh-di-p253361068.html?spid=253361069
252908567,Sách Trí Tuệ Cổ Xưa Cho Lối Sống Hiện Đại,89400.0,149000.0,59600.0,5.0,4,1,,https://tiki.vnsach-tri-tue-co-xua-cho-loi-song-hien-dai-p252908567.html?spid=252908568
195954721,Sách Thiên Tự Văn (Bìa Mềm) - Tái Bản,66800.0,95000.0,28200.0,5.0,10,1,,https://tiki.vnsach-thien-tu-van-bia-mem-tai-ban-p195954721.html?spid=195954722
195545362,Sách Tắt Đèn,38400.0,50000.0,11600.0,4.7,18,1,,https://tiki.vnsach-tat-den-p195545362.html?spid=195545363
189940682,Sách Hãy Sống Cuộc Đời Như Bạn Muốn (Tái bản),68000.0,99000.0,31000.0,4.8,6,1,,https://tiki.vnsach-hay-song-cuoc-doi-nhu-ban-muon-tai-ban-p189940682.html?spid=189940683
186290796,Sách Còn chút gì để nhớ (Tái Bản 2022),35000.0,43000.0,8000.0,5.0,130,1,,https://tiki.vnsach-con-chut-gi-de-nho-tai-ban-2022-p186290796.html?spid=186290799
165956557,Sách Thời Thơ Ấu (Bìa Mềm) - Tái Bản,63700.0,85000.0,21300.0,4.8,12,1,,https://tiki.vnsach-thoi-tho-au-bia-mem-tai-ban-p165956557.html?spid=165956558
75996801,Sách Charlie Và Nhà Máy Sô Cô La (Tái Bản 2021),47000.0,60000.0,13000.0,5.0,146,1,,https://tiki.vnsach-charlie-va-nha-may-so-co-la-tai-ban-2021-p75996801.html?spid=75996802
74416876,Sách Luyện Giải Bộ Đề Bồi Dưỡng Học Sinh Giỏi Tiếng Anh Lớp 6,64000.0,89000.0,25000.0,5.0,73,1,,https://tiki.vnsach-luyen-giai-bo-de-boi-duong-hoc-sinh-gioi-tieng-anh-lop-6-p74416876.html?spid=74416877
55298780,Sách Chúng Tôi Thời Hậu Chiến,104500.0,139000.0,34500.0,4.8,28,1,,https://tiki.vnsach-chung-toi-thoi-hau-chien-p55298780.html?spid=55298781
17336360,Sách Lolita (Tái Bản 2019),115500.0,150000.0,34500.0,4.7,874,1,,https://tiki.vnsach-lolita-tai-ban-2019-p17336360.html?spid=17336361
14683083,Sách Nhượng Quyền Khỏi Nghiệp - Con Đường Ngắn Để Bước Ra Thế Giới (Tái Bản),133000.0,160000.0,27000.0,4.8,89,1,,https://tiki.vnsach-nhuong-quyen-khoi-nghiep-con-duong-ngan-de-buoc-ra-the-gioi-tai-ban-p14683083.html?spid=14683084
14053722,Sách Tam Thể 2  - Khu Rừng Đen Tối,157500.0,225000.0,67500.0,4.7,230,1,,https://tiki.vnsach-tam-the-khu-rung-den-toi-p14053722.html?spid=14053723
279134324,Khi Ai Cũng Biết Rằng Ai Cũng Biết,172900.0,229000.0,56100.0,0.0,0,1,,https://tiki.vnkhi-ai-cung-biet-rang-ai-cung-biet-p279134324.html?spid=279160922
279106087,Sách Cảo thơm. Việt điện u linh tập (bìa cứng),257000.0,310000.0,53000.0,5.0,3,1,,https://tiki.vnsach-cao-thom-viet-dien-u-linh-tap-bia-cung-p279106087.html?spid=279106092
279022922,Sách - Những Ngày Thường Bất Ổn Của Yano - Tập 4 - Tặng Kèm Thiệp Kéo,43600.0,45000.0,1400.0,0.0,0,53660,,https://tiki.vnsach-nhung-ngay-thuong-bat-on-cua-yano-tap-4-tang-kem-thiep-keo-p279022922.html?spid=279022923
278791364,Sách Quái Vật Ickabog,152000.0,180000.0,28000.0,4.8,9,1,,https://tiki.vnsach-quai-vat-ickabog-p278791364.html?spid=278791365
278758299,Sách - Sự hình thành và phát triển khái niệm Niết bàn trong Phật giáo,114730.0,149000.0,34270.0,0.0,0,101957,,https://tiki.vnsach-su-hinh-thanh-va-phat-trien-khai-niem-niet-ban-trong-phat-giao-p278758299.html?spid=278758300
278723602,Thời Trang Anime (100+ Stickers Dễ Thương) - Sách Bóc Dán Sticker Thời Trang Cho Bé Gái,36900.0,48000.0,11100.0,0.0,0,1,,https://tiki.vnthoi-trang-anime-100-stickers-de-thuong-sach-boc-dan-sticker-thoi-trang-cho-be-gai-p278723602.html?spid=278723628
278632669,Sách Nhiệt Đới Buồn,239200.0,270000.0,30800.0,5.0,1,1,,https://tiki.vnsach-nhiet-doi-buon-p278632669.html?spid=278632670
278160686,Sự Biến Mất Của Nghi Thức - Byung-chul Han,122000.0,159000.0,37000.0,5.0,3,4413,,https://tiki.vnsu-bien-mat-cua-nghi-thuc-byung-chul-han-p278160686.html?spid=278160687
278045496,Sách - Trong Gia Đình - Chính Thông,78000.0,78000.0,0.0,0.0,0,281062,,https://tiki.vnsach-trong-gia-dinh-chinh-thong-p278045496.html?spid=278045497
277878231,Lương Xuân Nhị,850000.0,850000.0,0.0,0.0,0,211810,,https://tiki.vnluong-xuan-nhi-p277878231.html?spid=277878232
277447087,Dấu Ấn Hoàng Gia Tập 18,29400.0,30000.0,600.0,5.0,4,1,,https://tiki.vndau-an-hoang-gia-tap-18-p277447087.html?spid=277447088
277228157,Sách Nguyễn Văn Hầu - Những tác phẩm khảo cứu (Trọn bộ 6 cuốn),391000.0,520000.0,129000.0,4.7,7,1,,https://tiki.vnsach-nguyen-van-hau-nhung-tac-pham-khao-cuu-tron-bo-6-cuon-p277228157.html?spid=277228158
274949834,Sách Chữa Bệnh Cao Huyết Áp Và Biến Chứng - Khí Công Y Đạo TB,60000.0,85000.0,25000.0,0.0,0,1,,https://tiki.vnsach-chua-benh-cao-huyet-ap-va-bien-chung-khi-cong-y-dao-tb-p274949834.html?spid=274949835
274554776,Sách Hồ Sơ Tâm Lý Phạm Tội – Tập 4,201000.0,229000.0,28000.0,4.6,19,1,,https://tiki.vnsach-ho-so-tam-ly-pham-toi-tap-4-p274554776.html?spid=274554777
271798394,Sách Em Tập Vẽ Và Tô Màu,30500.0,40000.0,9500.0,0.0,0,1,,https://tiki.vnsach-em-tap-ve-va-to-mau-p271798394.html?spid=271798397
271270153,"Sách Đầu tư bất động sản khôn ngoan - Bắt đầu nhỏ, sinh lời lớn",155000.0,199000.0,44000.0,5.0,3,1,,https://tiki.vnsach-dau-tu-bat-dong-san-khon-ngoan-bat-dau-nho-sinh-loi-lon-p271270153.html?spid=271270155
271087665,Sách Phân Tích Dòng Tiền Trong Đầu Tư Bất Động Sản,136200.0,195000.0,58800.0,4.6,19,1,,https://tiki.vnsach-phan-tich-dong-tien-trong-dau-tu-bat-dong-san-p271087665.html?spid=271087666
270287127,"Bơm nhiệt (Nguyên lý làm việc, ứng dụng trong sưởi ấm, đun nước nóng, hút ẩm, sấy lạnh và các ứng dụng khác) tái bản mới nhất 2025",126000.0,126000.0,0.0,5.0,1,5280,,https://tiki.vnbom-nhiet-nguyen-ly-lam-viec-ung-dung-trong-suoi-am-dun-nuoc-nong-hut-am-say-lanh-va-cac-ung-dung-khac-p270287127.html?spid=270287129
209605866,Sách Gieo mầm nhân cách - TỬ TẾ,22900.0,32000.0,9100.0,5.0,3,1,,https://tiki.vnsach-gieo-mam-nhan-cach-tu-te-p209605866.html?spid=209605867
208206806,Sách Hackers IELTS Listening (Tái bản),148500.0,209000.0,60500.0,3.8,5,1,,https://tiki.vnsach-hackers-ielts-listening-tai-ban-p208206806.html?spid=208206807
205986062,Sách Barca - Lionel Messi Và Sự Thăng Trầm Của Câu Lạc Bộ Bóng Đá Vĩ Đại Nhất Thế Giới,191000.0,230000.0,39000.0,5.0,14,1,,https://tiki.vnsach-barca-lionel-messi-va-su-thang-tram-cua-cau-lac-bo-bong-da-vi-dai-nhat-the-gioi-p205986062.html?spid=205986064
205581885,Sách Ba người thầy vĩ đại (Tái bản),88900.0,115000.0,26100.0,5.0,233,1,,https://tiki.vnsach-ba-nguoi-thay-vi-dai-tai-ban-p205581885.html?spid=205581886
200694865,Kingdom - Tập 36,44000.0,45000.0,1000.0,5.0,41,1,,https://tiki.vnkingdom-tap-36-p200694865.html?spid=200694867
179735872,Sách Tâm Lý Dành Cho Người Nhạy Cảm,71200.0,89000.0,17800.0,4.8,254,1,,https://tiki.vnsach-tam-ly-danh-cho-nguoi-nhay-cam-p179735872.html?spid=179735873
173090922,Phát triển trí tuệ (145 câu đố) - Bộ sách Rèn luyện trí thông minh - Dành cho trẻ 4-5 tuổi ,46152.0,46152.0,0.0,4.6,20,116922,,https://tiki.vnphat-trien-tri-tue-145-cau-do-bo-sach-ren-luyen-tri-thong-minh-danh-cho-tre-4-5-tuoi-p173090922.html?spid=173090923
157255752,Sách Sức Mạnh Của Hiện Tại (Tái Bản),129360.0,168000.0,38640.0,5.0,296,1,,https://tiki.vnsach-suc-manh-cua-hien-tai-tai-ban-p157255752.html?spid=157255753
148802194,Sách Bản Đồ Các Ngày,134750.0,175000.0,40250.0,4.8,164,1,,https://tiki.vnsach-ban-do-cac-ngay-p148802194.html?spid=148802199
145634336,Sách Tâm Tư Của Bạch Tuộc,155000.0,179000.0,24000.0,5.0,9,1,,https://tiki.vnsach-tam-tu-cua-bach-tuoc-p145634336.html?spid=145634337
137694321,Sách Đệ Tử Quy (Tái Bản),63000.0,98000.0,35000.0,4.8,50,1,,https://tiki.vnsach-de-tu-quy-tai-ban-p137694321.html?spid=137694322
129584708,Mô Phỏng Hệ Thống Truyền Thông ,100000.0,100000.0,0.0,0.0,0,197,,https://tiki.vnmo-phong-he-thong-truyen-thong-p129584708.html?spid=135545761
114895657,Sách ( Combo 6 cuốn ): Sống Sót Nơi Công Sở - English Business ,709900.0,1064000.0,354100.0,0.0,0,1,,https://tiki.vnsach-combo-6-cuon-song-sot-noi-cong-so-english-business-p114895657.html?spid=278105182
70521004,Dr.SLUMP Ultimate Edition - Tập 3,59000.0,60000.0,1000.0,5.0,222,1,,https://tiki.vndr-slump-ultimate-edition-tap-3-p70521004.html?spid=70521005
59258215,Sách Phương Pháp Nuôi Dạy Con Trai (Tái Bản 2020),37400.0,48000.0,10600.0,4.8,24,1,,https://tiki.vnsach-phuong-phap-nuoi-day-con-trai-tai-ban-2020-p59258215.html?spid=59258216
57702490,Hộp Khay Ống Đựng Cắm Bút Kim Loại Để Bàn,165000.0,165000.0,0.0,4.8,45,3196,,https://tiki.vnhop-khay-ong-dung-cam-but-kim-loai-de-ban-p57702490.html?spid=57702493
54614797,"Sách Có Một Ngày, Bố Mẹ Sẽ Già Đi",85000.0,92000.0,7000.0,4.8,2449,1,,https://tiki.vnsach-co-mot-ngay-bo-me-se-gia-di-p54614797.html?spid=54614798
42619671,Dấu Ngày-Tháng-Năm Liền Mực có chữ NSX hoặc HSD -COLOP S120P,239000.0,239000.0,0.0,3.9,18,3644,,https://tiki.vndau-ngay-thang-nam-lien-muc-co-chu-nsx-hoac-hsd-colop-s120p-p42619671.html?spid=42619682
25747641,Sách ABC For KIDS – Bé Vui Học Tiếng Anh Thử Tài Đoán Chữ Alphabet ( Quyển 2),18000.0,24000.0,6000.0,0.0,0,1,,https://tiki.vnsach-abc-for-kids-be-vui-hoc-tieng-anh-thu-tai-doan-chu-alphabet-quyen-2-p25747641.html?spid=25747642
2496281,Sách Đồi Gió Hú (Tái Bản),84000.0,120000.0,36000.0,4.8,636,1,,https://tiki.vnsach-doi-gio-hu-tai-ban-p2496281.html?spid=2496329
549775,Sách Tiếng Anh Dành Cho Giới Bác Sĩ & Y Tá,164000.0,198000.0,34000.0,4.7,31,1,,https://tiki.vnsach-tieng-anh-danh-cho-gioi-bac-si-y-ta-p549775.html?spid=274275
437697,Sách Tomato TOEIC Compact Part 1 & 2 (Kèm CD),150290.0,226000.0,75710.0,4.7,9,1,,https://tiki.vnsach-tomato-toeic-compact-part-1-2-kem-cd-p437697.html?spid=143165
279145183,BÁO VĂN NGHỆ – Số 5 – Ra ngày 31/1/2026 Năm thứ 79,35000.0,35000.0,0.0,0.0,0,223928,,https://tiki.vnbao-van-nghe-so-5-ra-ngay-31-1-2026-nam-thu-79-p279145183.html?spid=279145184
279133012,Sách - Mặc Tử,60000.0,75000.0,15000.0,0.0,0,53660,,https://tiki.vnsach-mac-tu-p279133012.html?spid=279133013
278843834,Sách Giải Mã Tính Cách Thần Kinh - Ranh Giới Giữa Bình Thường Và Bất Thường,83930.0,109000.0,25070.0,0.0,0,1,,https://tiki.vnsach-giai-ma-tinh-cach-than-kinh-ranh-gioi-giua-binh-thuong-va-bat-thuong-p278843834.html?spid=278843836
278031021,Dấu Ấn Hoàng Gia - Tập 24,29400.0,30000.0,600.0,5.0,4,1,,https://tiki.vndau-an-hoang-gia-tap-24-p278031021.html?spid=278031023
277922914,Sách Tâm Lý Khác Biệt Giữa Đàn Ông Và Phụ Nữ,101470.0,139000.0,37530.0,5.0,1,1,,https://tiki.vnsach-tam-ly-khac-biet-giua-dan-ong-va-phu-nu-p277922914.html?spid=277922915
277920158,Sách Những Chuyện Lạ Về Cá [ Tái Bản Kỉ niệm 100 năm ],28000.0,35000.0,7000.0,5.0,2,1,,https://tiki.vnsach-nhung-chuyen-la-ve-ca-tai-ban-ki-niem-100-nam-p277920158.html?spid=277920165
275974945,Sách Hướng Dẫn Sử Dụng Cơn Giận,103200.0,129000.0,25800.0,5.0,2,1,,https://tiki.vnsach-huong-dan-su-dung-con-gian-p275974945.html?spid=275974946
275300223,Sách Danh Nhân Khoa Học Việt Nam,24000.0,30000.0,6000.0,0.0,0,1,,https://tiki.vnsach-danh-nhan-khoa-hoc-viet-nam-p275300223.html?spid=275306615
274802797,"Sách Vũ Trụ Kì Diệu - Nhà Thám Hiểm Nhí - Rất Nhiều Thông Tin Thú Vị, Chờ Các Bé Khám Phá",76300.0,98000.0,21700.0,5.0,1,1,,https://tiki.vnsach-vu-tru-ki-dieu-nha-tham-hiem-nhi-rat-nhieu-thong-tin-thu-vi-cho-cac-be-kham-pha-p274802797.html?spid=274802799
274619111,TÂM LÝ HỌC PHÁT TRIỂN,165000.0,165000.0,0.0,0.0,0,164156,,https://tiki.vntam-ly-hoc-phat-trien-p274619111.html?spid=274619112
274363795,Sách Tiền & Luật Hấp Dẫn,110000.0,138000.0,28000.0,5.0,2,1,,https://tiki.vnsach-tien-luat-hap-dan-p274363795.html?spid=274363796
273817384,Hồn Thiêng Sông Núi - Tác Giả Hoàng Tiến (PN),98000.0,98000.0,0.0,0.0,0,326534,,https://tiki.vnhon-thieng-song-nui-p273817384.html?spid=277167367
270469826,"Giáo trình ""Lý thuyết thống kê"" (dùng cho các trường cao đẳng, trung cấp chuyên nghiệp khối kinh tế)",29000.0,29000.0,0.0,0.0,0,5280,,https://tiki.vngiao-trinh-ly-thuyet-thong-ke-dung-cho-cac-truong-cao-dang-trung-cap-chuyen-nghiep-khoi-kinh-te-p270469826.html?spid=270469827
253473926,100 Từ Vựng Đầu Tiên - Bộ Sách Từ Vựng Đầu Đời Cho Bé,84900.0,109000.0,24100.0,4.0,1,1,,https://tiki.vn100-tu-vung-dau-tien-bo-sach-tu-vung-dau-doi-cho-be-p253473926.html?spid=253473927
251255497,Doraemon - Chú Mèo Máy Đến Từ Tương Lai Tập 32 (Tái Bản),21600.0,22000.0,400.0,5.0,1,1,,https://tiki.vndoraemon-chu-meo-may-den-tu-tuong-lai-tap-32-tai-ban-2023-p251255497.html?spid=251255498
249220419,Combo 2 Tác Phẩm Của Jack Weatherford: Lịch Sử Tiền Tệ + Những Món Quà Của Người Da Đỏ - Phanbook - Tặng Kèm Bookmark Bamboo Books,531000.0,531000.0,0.0,0.0,0,281062,,https://tiki.vncombo-2-tac-pham-cua-jack-weatherford-lich-su-tien-te-nhung-mon-qua-cua-nguoi-da-do-phanbook-tang-kem-bookmark-bamboo-books-p249220419.html?spid=249220420
200765426,Sách ​Tâm Tình Với Đất Mẹ (Tái Bản),77000.0,100000.0,23000.0,5.0,15,1,,https://tiki.vnsach-tam-tinh-voi-dat-me-tai-ban-p200765426.html?spid=200765427
189170188,Sách B1 Preliminary - 8 practice tests (Quét mã MP3 để nghe file),196800.0,328000.0,131200.0,5.0,3,1,,https://tiki.vnsach-b1-preliminary-8-practice-tests-quet-ma-mp3-de-nghe-file-p189170188.html?spid=189170189
170966264,Ehon Nhật Bản - Tay Xinh Đâu Nhỉ (Tái Bản 2019),29000.0,29000.0,0.0,3.0,1,217563,,https://tiki.vnehon-nhat-ban-tay-xinh-dau-nhi-tai-ban-2019-p170966264.html?spid=170966265
168780451,"Thị Trường, Nhà Nước Và Người Dân: Kinh Tế Học Về Chính Sách Công",257000.0,268000.0,11000.0,5.0,1,1,,https://tiki.vnthi-truong-nha-nuoc-va-nguoi-dan-kinh-te-hoc-ve-chinh-sach-cong-p168780451.html?spid=168780452
162100190,5 Phút Truyện Kể Cho Bé Trước Khi Ngủ- Trung Thực (Tái Bản),46400.0,60000.0,13600.0,4.7,7,1,,https://tiki.vn5-phut-truyen-ke-cho-be-truoc-khi-ngu-trung-thuc-tai-ban-p162100190.html?spid=162100194
153521908,Sách Napoleon - Nghệ Thuật Quân Sự Và Quyền Lực Đích Thực,286600.0,345000.0,58400.0,5.0,23,1,,https://tiki.vnsach-napoleon-nghe-thuat-quan-su-va-quyen-luc-dich-thuc-p153521908.html?spid=153521909
153521900,Sách Những Cuốn Sổ Tay Của Leonardo Da Vinci,287000.0,345000.0,58000.0,5.0,16,1,,https://tiki.vnsach-nhung-cuon-so-tay-cua-leonardo-da-vinci-p153521900.html?spid=153521901
134025399,"Combo 3 cuốn sách về kiến thức thực phẩm lành cho cơ thể: EAT CLEAN + Green Smoothies - Giảm Cân, Làm Đẹp Da, Tăng Cường Sức Đề Kháng Với 7 Ngày Uống Sinh Tố Xanh+ Cơ Thể Tự Chữa Lành: Nước Ép Cần Tây",451500.0,451500.0,0.0,4.0,1,9988,,https://tiki.vncombo-3-cuon-sach-ve-kien-thuc-thuc-pham-lanh-cho-co-the-eat-clean-green-smoothies-gia-m-can-la-m-de-p-da-tang-cuo-ng-su-c-de-kha-ng-vo-i-7-nga-y-uo-ng-sinh-to-xanh-co-the-tu-chua-lanh-nuoc-ep-can-tay-p134025399.html?spid=134025400
81323246,Sách 90-20-30 90 Bài Học Vỡ Lòng Về Ý Tưởng Và Câu Chữ (Bản Đen Trắng),150150.0,195000.0,44850.0,5.0,1422,1,,https://tiki.vnsach-90-20-30-90-bai-hoc-vo-long-ve-y-tuong-va-cau-chu-ban-den-trang-p81323246.html?spid=81323247
74684484,Sách Marketing Vô Thức - Cơ Chế Khoa Học Đằng Sau Quyết Định Mua Hàng (Gồm 2 Phần),250250.0,325000.0,74750.0,5.0,207,1,,https://tiki.vnsach-marketing-vo-thuc-co-che-khoa-hoc-dang-sau-quyet-dinh-mua-hang-gom-2-phan-p74684484.html?spid=74684485
69107154,Sách Hải Thượng Sinh Minh Nguyệt (Tặng Kèm Postcard + Bookmark),69700.0,96000.0,26300.0,4.8,372,1,,https://tiki.vnsach-hai-thuong-sinh-minh-nguyet-tang-kem-postcard-bookmark-p69107154.html?spid=69107155
58710928,American English File: Level 1: Students Book With Online Practice - 3rd Edition,270400.0,294000.0,23600.0,5.0,11,53660,,https://tiki.vnamerican-english-file-level-1-students-book-with-online-practice-3rd-edition-p58710928.html?spid=58710929
57350382,Sách TOEIC Upgrade (Tặng Kèm CD),183260.0,238000.0,54740.0,4.8,81,1,,https://tiki.vnsach-toeic-upgrade-tang-kem-cd-p57350382.html?spid=57350383
57037220,Sách Nhóc Nicolas: Những Chuyện Chưa Kể - Tập 1 (Tái Bản),110600.0,158000.0,47400.0,5.0,138,1,,https://tiki.vnsach-nhoc-nicolas-nhung-chuyen-chua-ke-tap-1-tai-ban-2020-p57037220.html?spid=57037221
28292286,Combo 30 Chủ Đề Từ Vựng Tiếng Anh (2 Tập),294000.0,380000.0,86000.0,5.0,1265,1,,https://tiki.vncombo-30-chu-de-tu-vung-tieng-anh-2-tap-p28292286.html?spid=28292287
24602605,Dịch học Ngũ Linh - Tác giả Cao Từ Linh,250000.0,250000.0,0.0,4.8,25,10821,,https://tiki.vndich-hoc-ngu-linh-tac-gia-cao-tu-linh-p24602605.html?spid=24602606
21281264,Đàn Ông Sao Hỏa Đàn Bà Sao Kim (Tặng kèm Bookmark Happy Life),135000.0,135000.0,0.0,0.0,0,105486,,https://tiki.vndan-ong-sao-hoa-dan-ba-sao-kim-tang-kem-bookmark-happy-life-p21281264.html?spid=56266599
20822929,Combo Sách Hay Của Nguyễn Nhật Ánh: Có Hai Con Mèo Ngồi Bên Cửa Sổ + Con Chó Nhỏ Mang Giỏ Hoa Hồng - (Tặng Kèm Postcard Greenlife),180000.0,180000.0,0.0,4.6,14,7734,,https://tiki.vncombo-sach-hay-cua-nguyen-nhat-anh-co-hai-con-meo-ngoi-ben-cua-so-con-cho-nho-mang-gio-hoa-hong-tang-kem-postcard-greenlife-p20822929.html?spid=96729882
19761828,Sách Từ Ba Tư Đến Bắc Mỹ,94000.0,94000.0,0.0,4.8,5,3860,,https://tiki.vnsach-tu-ba-tu-den-bac-my-p19761828.html?spid=33519976
10411544,Combo Giáo Trình Hán Ngữ Boya Sơ Cấp 2 + Sách Bài Tập Đáp Án (Tái Bản - Kèm App),227960.0,278000.0,50040.0,5.0,151,1,,https://tiki.vncombo-giao-trinh-han-ngu-boya-so-cap-2-sach-bai-tap-dap-an-tai-ban-kem-app-p10411544.html?spid=10411545
8470208,Sách Tương Tác - Sách Chiếu Bóng - Cinema Book - Rạp Chiếu Phim Trong Sách - Các Loài Động Vật Nuôi,101000.0,126000.0,25000.0,4.7,36,1,,https://tiki.vnsach-tuong-tac-sach-chieu-bong-cinema-book-rap-chieu-phim-trong-sach-cac-loai-dong-vat-nuoi-p8470208.html?spid=8470209
2633647,Sách Dạy Trẻ Không Ngang Ngược 2 - Thỏ Trắng Thích Đánh Răng (Tái Bản 2018),28900.0,35000.0,6100.0,3.7,3,1,,https://tiki.vnsach-day-tre-khong-ngang-nguoc-2-tho-trang-thich-danh-rang-tai-ban-2018-p2633647.html?spid=2650089
801580,Kim Bấm Số 3 Baoke SN24-6,14000.0,14000.0,0.0,4.0,1,3644,,https://tiki.vnkim-bam-so-3-baoke-sn24-6-p801580.html?spid=74324487
582518,Sách TS Thu Giang - Lão Tử Đạo Đức Kinh,126950.0,126950.0,0.0,4.8,24,26874,,https://tiki.vnsach-ts-thu-giang-lao-tu-dao-duc-kinh-p582518.html?spid=14194279
279160134,Sách Thần Thật Là Yếu Đuối – Tập 2,165000.0,208000.0,43000.0,5.0,9,1,,https://tiki.vnsach-than-that-la-yeu-duoi-tap-2-p279160134.html?spid=279160176
279094415,Phù Sinh Lục Ký (2026),120000.0,150000.0,30000.0,0.0,0,48569,,https://tiki.vnphu-sinh-luc-ky-2026-p279094415.html?spid=279094417
279023281,Sách Ngôi Nhà Mặt Trời Mọc (Tập 1),170050.0,179000.0,8950.0,5.0,3,1,,https://tiki.vnsach-ngoi-nha-mat-troi-moc-tap-1-p279023281.html?spid=279023290
278998893,"Sách Hẹn Gặp Lại, Quốc Vương Của Tôi (Tập 5)",170050.0,179000.0,8950.0,0.0,0,1,,https://tiki.vnsach-hen-gap-lai-quoc-vuong-cua-toi-tap-5-p278998893.html?spid=278998930
278963850,Kính Vạn Hoa Bộ Kỉ Niệm 30 Năm - Tặng Kèm 01 Sổ Tay Kính Vạn Hoa,189000.0,240000.0,51000.0,5.0,2,1,,https://tiki.vnkinh-van-hoa-bo-ki-niem-30-nam-tang-kem-p278963850.html?spid=278963996
278682221,Sách Giả Đứng Đắn - Tập 1,148000.0,185000.0,37000.0,5.0,10,1,,https://tiki.vnsach-gia-dung-dan-tap-1-p278682221.html?spid=278682253
278568322,Sách Marketing Metrics,175200.0,239000.0,63800.0,5.0,3,1,,https://tiki.vnsach-marketing-metrics-p278568322.html?spid=278568323
278138751,Sách trò chơi bóc dán,29000.0,36000.0,7000.0,0.0,0,1,,https://tiki.vnsach-tro-choi-boc-dan-cam-xuc-con-trung-sach-boc-dan-sticker-cho-be-p278138751.html?spid=278138766
278094949,Sách Giải Thích Ngữ Pháp Tiếng Anh (Ấn Phẩm Mới),146300.0,190000.0,43700.0,5.0,13,1,,https://tiki.vnsach-giai-thich-ngu-phap-tieng-anh-an-pham-moi-p278094949.html?spid=278094950
278073997,Sách Cảo Thơm - Nam Ông Mộng Lục (Bìa Cứng),208000.0,250000.0,42000.0,4.8,6,1,,https://tiki.vnsach-cao-thom-nam-ong-mong-luc-bia-cung-p278073997.html?spid=278074000
277920150,Sách Rừng Đêm Xào Xạc [ Tái Bản Kỉ niệm 100 năm ],40000.0,50000.0,10000.0,4.5,6,1,,https://tiki.vnsach-rung-dem-xao-xac-tai-ban-ki-niem-100-nam-p277920150.html?spid=277920151
277348449,MƯA ĐỎ - Chu Lai - Vietnambook,148000.0,205000.0,57000.0,5.0,129,197,,https://tiki.vnmua-do-chu-lai-vietnambook-p277348449.html?spid=277531526
277319564,"Sách BỘ NÃO ĐAU BUỒN – Vượt Qua Mất Mát, Tìm Lại Yêu Thương – TS.Mary-Frances O'Connor – Nguyễn Tấn Khiêm dịch – NXB Trẻ",74100.0,130000.0,55900.0,5.0,2,1,,https://tiki.vnsach-bo-nao-dau-buon-vuot-qua-mat-mat-tim-lai-yeu-thuong-ts-mary-frances-o-connor-nguyen-tan-khiem-dich-nxb-tre-p277319564.html?spid=277348315
277314375,Sách Điếm Đến Của Cuộc Đời,89200.0,119000.0,29800.0,5.0,7,1,,https://tiki.vnsach-diem-den-cua-cuoc-doi-p277314375.html?spid=277314377
276755239,Combo Sách tô màu Capybara - Ngôi nhà hạnh phúc và Trái tim mặt trời (2 Cuốn),99000.0,130000.0,31000.0,5.0,2,1,,https://tiki.vncombo-sach-to-mau-capybara-ngoi-nha-hanh-phuc-va-trai-tim-mat-troi-2-cuon-p276755239.html?spid=276755243
276649996,Sách Sức Mạnh Của Niềm Tin,153000.0,225000.0,72000.0,5.0,3,1,,https://tiki.vnsach-suc-manh-cua-niem-tin-p276649996.html?spid=276649997
275243138,Sách Rèn Luyện Tư Duy Phản Biện,88000.0,139000.0,51000.0,4.8,4843,1,,https://tiki.vnsach-ren-luyen-tu-duy-phan-bien-p275243138.html?spid=275243141
274761752,Sách Cái Tôi Chưa Khai Phá,63175.0,93000.0,29825.0,5.0,8,1,,https://tiki.vnsach-cai-toi-chua-khai-pha-p274761752.html?spid=274761753
272123977,Sách Khoa Học Về Tập Kháng Lực,245000.0,350000.0,105000.0,5.0,58,1,,https://tiki.vnsach-khoa-hoc-ve-tap-khang-luc-p272123977.html?spid=272123978
270677763,Sách chuyển động - First stories - Công chúa tóc mây - Rapunzel,90800.0,119000.0,28200.0,0.0,0,1,,https://tiki.vnsach-chuyen-dong-first-stories-cong-chua-toc-may-rapunzel-p270677763.html?spid=270677768
242425015,Sách Không Bao Giờ Là Thất Bại! Tất Cả Là Thử Thách (Bìa Mềm),160160.0,208000.0,47840.0,4.8,36,1,,https://tiki.vnsach-khong-bao-gio-la-that-bai-tat-ca-la-thu-thach-bia-mem-p242425015.html?spid=242425016
219148748,Sách Chú bé mang Pyjama sọc,68530.0,89000.0,20470.0,5.0,157,1,,https://tiki.vnsach-chu-be-mang-pyjama-soc-p219148748.html?spid=219148749
209891492,Sách Những Người Hàng Xóm - Bản Thường - Bìa Mềm (Tặng kèm Bookmark + Thẻ treo),85000.0,110000.0,25000.0,5.0,517,1,,https://tiki.vnsach-nhung-nguoi-hang-xom-p209891492.html?spid=209891494
201592117,Vớ (Tất) Nhung Đỏ Thêu Chữ Merry Christmas Trang Trí Cây Thông Noel Giáng Sinh,28500.0,30000.0,1500.0,4.8,24,17480,,https://tiki.vnvo-tat-nhung-do-theu-chu-merry-christmas-trang-tri-cay-thong-noel-giang-sinh-p201592117.html?spid=201592121
192475873,Sách Để Con Được Ốm,84000.0,120000.0,36000.0,5.0,108,1,,https://tiki.vnsach-de-con-duoc-om-p192475873.html?spid=192475880
187824773,Tướng Về Hưu Và Những Truyện Khác (Bản Đặc Biệt),311000.0,360000.0,49000.0,5.0,48,1,,https://tiki.vntuong-ve-huu-va-nhung-truyen-khac-ban-dac-biet-p187824773.html?spid=187824774
186876107,Sách Cởi Trói Linh Hồn (Tái bản 2022),95480.0,124000.0,28520.0,5.0,47,1,,https://tiki.vnsach-coi-troi-linh-hon-tai-ban-2022-p186876107.html?spid=186876108
166446371,Kingdom 21,44000.0,45000.0,1000.0,5.0,37,1,,https://tiki.vnkingdom-21-p166446371.html?spid=166446372
100347901,Sách Tam Thể 1 (Tái Bản),129500.0,185000.0,55500.0,5.0,244,1,,https://tiki.vnsach-tam-the-1-tai-ban-p100347901.html?spid=100347902
94173458,Sách Khuyến Học (Tái Bản),56000.0,80000.0,24000.0,5.0,747,1,,https://tiki.vnsach-khuyen-hoc-tai-ban-p94173458.html?spid=94173459
75813201,Sách Không Đến Một (Tái Bản - Bìa Cam),91000.0,110000.0,19000.0,5.0,326,1,,https://tiki.vnsach-khong-den-mot-tai-ban-bia-cam-p75813201.html?spid=75813202
69764533,"Sách Anh Là Chú Rể, Em Là Cô Dâu",121500.0,270000.0,148500.0,5.0,43,1,,https://tiki.vnsach-anh-la-chu-re-em-la-co-dau-p69764533.html?spid=69764535
55302745,Sách Dòng Tiền Gắn Liền Lợi Nhuận,153800.0,199000.0,45200.0,4.8,273,1,,https://tiki.vnsach-dong-tien-gan-lien-loi-nhuan-p55302745.html?spid=55302746
45663008,Sách Ngày Xưa Có Một Con Bò…(Tái Bản),59000.0,70000.0,11000.0,4.8,1023,1,,https://tiki.vnsach-ngay-xua-co-mot-con-bo-tai-ban-p45663008.html?spid=45663009
19824204,Combo Doraemon Truyện Ngắn (45 Tập) - Tái Bản,940000.0,990000.0,50000.0,4.8,569,1,,https://tiki.vncombo-doraemon-truyen-ngan-45-tap-tai-ban-p19824204.html?spid=19824205
16284286,Sách Tuổi Thơ Dữ Dội - Tập 1 (Tái Bản),58000.0,80000.0,22000.0,5.0,352,1,,https://tiki.vnsach-tuoi-tho-du-doi-tap-1-tai-ban-p16284286.html?spid=16284287
9729890,Sách Tam Quốc Diễn Nghĩa - Bộ 3 Tập (Tái bản ),308000.0,390000.0,82000.0,4.8,83,1,,https://tiki.vnsach-tam-quoc-dien-nghia-bo-3-tap-tai-ban-p9729890.html?spid=9729891
8886001,Sách Giết Con Chim Nhại (Tái Bản),101500.0,145000.0,43500.0,4.8,1557,1,,https://tiki.vnsach-giet-con-chim-nhai-tai-ban-p8886001.html?spid=8886002
437454,Sách TOEIC Icon - L/C Basic (Kèm CD),125000.0,168000.0,43000.0,5.0,38,1,,https://tiki.vnsach-toeic-icon-l-c-basic-kem-cd-p437454.html?spid=142902
347334,Sách Có Hai Con Mèo Ngồi Bên Cửa Sổ,80000.0,100000.0,20000.0,4.7,1341,1,,https://tiki.vnsach-co-hai-con-meo-ngoi-ben-cua-so-p347334.html?spid=39001
278894190,Sách Bạch Dạ Truy Hung (Tập 1 + Tập 2),156750.0,209000.0,52250.0,5.0,4,1,,https://tiki.vnsach-bach-da-truy-hung-tap-1-tap-2-p278894190.html?spid=278894384
278882493,Sách - Về miền bí ẩn: Chuyến phiêu lưu của một cuộc đời phi thường (Nhã Nam HCM),144500.0,170000.0,25500.0,0.0,0,331008,,https://tiki.vnsach-ve-mien-bi-an-chuyen-phieu-luu-cua-mot-cuoc-doi-phi-thuong-nha-nam-hcm-p278882493.html?spid=278882495
278873317,Combo 2 cuốn Mạc Ngôn: ĐÀN HƯƠNG HÌNH + BÁU VẬT CỦA ĐỜI – Bìa cứng – Tác giả đoạt giải Nobel văn chương 2012 – Trần Đình Hiến dịch – Huy Hoàng Bookstore,545000.0,650000.0,105000.0,0.0,0,1,,https://tiki.vncombo-2-cuon-mac-ngon-dan-huong-hinh-bau-vat-cua-doi-bia-cung-tac-gia-doat-giai-nobel-van-chuong-2012-tran-dinh-hien-dich-huy-hoang-bookstore-p278873317.html?spid=278901701
278857023,Sách NXB Trẻ - Cô Bé Hàng Xóm Và Bốn Viên Kẹo,115000.0,115000.0,0.0,5.0,1,189565,,https://tiki.vnsach-nxb-tre-co-be-hang-xom-va-bon-vien-keo-p278857023.html?spid=278857033
278856940,Agatha Christie. Bí Mật Dinh Thự Chimneys,126000.0,160000.0,34000.0,5.0,10,1,,https://tiki.vnagatha-christie-bi-mat-dinh-thu-chimneys-p278856940.html?spid=278856944
278851381,Sách Đêm Cho Chuột: Tuyển Tập Những Vụ Án Kì Ảo Của Mikihiko Renjo,89250.0,119000.0,29750.0,5.0,2,1,,https://tiki.vnsach-dem-cho-chuot-tuyen-tap-nhung-vu-an-ki-ao-cua-mikihiko-renjo-p278851381.html?spid=278851692
278810625,Sách Lịch Sử Thế Giới Vô Hình,369600.0,480000.0,110400.0,4.3,7,1,,https://tiki.vnsach-lich-su-the-gioi-vo-hinh-p278810625.html?spid=278810627
278777846,Lịch Cát Tường Bính Ngọ 2026,85000.0,118000.0,33000.0,4.0,1,1,,https://tiki.vnlich-cat-tuong-binh-ngo-2026-p278777846.html?spid=278777847
278706881,Itto - Sóng Gió Cầu Trường - [Tái Bản 2025,23750.0,25000.0,1250.0,5.0,9,1,,https://tiki.vnitto-song-gio-cau-truong-tai-ban-2025-p278706881.html?spid=278706960
278275212,Bộ Sách Phiêu Lưu Cùng STEM - Điều Tra Hiện Trường - Những Khám Phá Ly Kỳ,49000.0,60000.0,11000.0,0.0,0,1,,https://tiki.vnbo-sach-phieu-luu-cung-stem-p278275212.html?spid=278275226
278055600,Sách 13 Bài Giảng Của Giáo Tiến Về Quản Trị Và Lãnh Đạo,195000.0,286000.0,91000.0,4.7,24,1,,https://tiki.vnsach-13-bai-giang-cua-giao-tien-ve-quan-tri-va-lanh-dao-p278055600.html?spid=278055601
277384161,Hế lô Nyao,32000.0,35000.0,3000.0,5.0,8,1,,https://tiki.vnhe-lo-nyao-p277384161.html?spid=277384164
276883579,Sống Sáng - Phan Việt - Sáng Books,200000.0,200000.0,0.0,5.0,54,356985,,https://tiki.vnsong-sang-dong-sach-sang-phan-viet-sang-books-p276883579.html?spid=276886801
276624530,Nhìn kỹ! Thấy rõ! - Sihananda Bhikkhu - Sáng Books,100000.0,100000.0,0.0,5.0,13,356985,,https://tiki.vnnhin-ky-thay-ro-sihananda-bhikkhu-sang-books-p276624530.html?spid=276624531
276526058,Sách Jane Eyre,163000.0,225000.0,62000.0,5.0,33,1,,https://tiki.vnsach-jane-eyre-p276526058.html?spid=275185547
276524232,Bộ sách thiếu nhi: Làm chủ cảm xúc,29260.0,38000.0,8740.0,5.0,6,1,,https://tiki.vnbo-sach-thieu-nhi-lam-chu-cam-xuc-p276524232.html?spid=276524429
275925573,Bộ Truyện Tranh Dấu Ấn Hoàng Gia [ Nữ Hoàng Ai Cập ] - (Chọn Tập Lẻ),28000.0,30000.0,2000.0,5.0,66,1,,https://tiki.vnbo-truyen-tranh-dau-an-hoang-gia-p275925573.html?spid=278892515
275905148,Sách Nâng Cao Tần Số Năng Lượng Cá Nhân,118000.0,179000.0,61000.0,5.0,27,1,,https://tiki.vnsach-nang-cao-tan-so-nang-luong-ca-nhan-p275905148.html?spid=275905152
275212810,Sách MBA CƠ BẢN - Khóa Học Quản Trị Kinh Doanh Cấp Tốc Cho Người Bận Rộn - Tom Gorman (bìa mềm),208000.0,269000.0,61000.0,5.0,20,1,,https://tiki.vnsach-mba-co-ban-khoa-hoc-quan-tri-kinh-doanh-cap-toc-cho-nguoi-ban-ron-tom-gorman-bia-mem-p275212810.html?spid=275860915
274649745,Sách Luật Tâm Thức – Vũ Trụ Nhất Nguyên Luận,230400.0,288000.0,57600.0,4.7,126,1,,https://tiki.vnsach-luat-tam-thuc-vu-tru-nhat-nguyen-luan-p274649745.html?spid=274650071
274545439,Sách An Lạc Từng Bước Chân,82100.0,109000.0,26900.0,4.6,14,1,,https://tiki.vnsach-an-lac-tung-buoc-chan-p274545439.html?spid=274545468
274170471,Con Đường Chẳng Mấy Ai Đi,128700.0,165000.0,36300.0,5.0,60,53660,,https://tiki.vncon-duong-chang-may-ai-di-p274170471.html?spid=274170472
273486371,Sách Bí Mật Của Rừng,34650.0,45000.0,10350.0,4.8,16,1,,https://tiki.vnsach-bi-mat-cua-rung-p273486371.html?spid=273486372
273219497,Series các tập Moriarty the patriot,41000.0,45000.0,4000.0,5.0,58,1,,https://tiki.vnseries-cac-tap-moriarty-the-patriot-p273219497.html?spid=275190481
270114030,Combo sách - Biến Mọi Thứ Thành Tiền - Quyển 1+2 - Nguyễn Anh Dũng - SBOOKS,276000.0,276000.0,0.0,4.5,101,10684,,https://tiki.vncombo-sach-bien-moi-thu-thanh-tien-quyen-1-2-nguyen-anh-dung-sbooks-p270114030.html?spid=270114031
262977989,Kế Toán Vỉa Hè - Thực Hành Báo Cáo Tài Chính Căn Bản Từ Quầy Bán Nước Chanh,169000.0,199000.0,30000.0,5.0,278,2953,,https://tiki.vnke-toan-via-he-thuc-hanh-bao-cao-tai-chinh-can-ban-tu-quay-ban-nuoc-chanh-p262977989.html?spid=262977990
252857451,Sách Sự Trả Thù Của Địa Lý,231000.0,339000.0,108000.0,4.8,29,1,,https://tiki.vnsach-su-tra-thu-cua-dia-ly-p252857451.html?spid=252857454
248541389,"Sách Sư Phạm Khai Phóng - Thế Giới, Việt Nam & Tôi",177800.0,225000.0,47200.0,5.0,114,1,,https://tiki.vnsach-su-pham-khai-phong-the-gioi-viet-nam-toi-p248541389.html?spid=248541390
229714486,Sách Giải Trí Đến Chết,125900.0,179000.0,53100.0,4.7,111,1,,https://tiki.vnsach-giai-tri-den-chet-p229714486.html?spid=229714488
205010302,Sách Đọc vị bất kỳ ai - Để không bị lợi dụng (Tái bản),75600.0,89000.0,13400.0,5.0,79,1,,https://tiki.vnsach-doc-vi-bat-ky-ai-de-khong-bi-loi-dung-tai-ban-p205010302.html?spid=205010303
190238356,Sách Kỷ Luật Bản Thân,122300.0,189000.0,66700.0,4.7,232,1,,https://tiki.vnsach-ky-luat-ban-than-p190238356.html?spid=190238357
147058065,Sách Phi Lý Trí - Khám Phá Những Động Lực Vô Hình Ẩn Sau Những Quyết Định Của Con Người ( Tái Bản),119300.0,169000.0,49700.0,4.8,236,1,,https://tiki.vnsach-phi-ly-tri-kham-pha-nhung-dong-luc-vo-hinh-an-sau-nhung-quyet-dinh-cua-con-nguoi-tai-ban-p147058065.html?spid=147058066
73207240,Sách Xa Ngoài Kia Nơi Loài Tôm Hát - Where The Crawdads Sing,138000.0,165000.0,27000.0,5.0,731,1,,https://tiki.vnsach-xa-ngoai-kia-noi-loai-tom-hat-where-the-crawdads-sing-p73207240.html?spid=73523598
72459686,Sách How Psychology Works - Hiểu Hết Về Tâm Lý Học,248500.0,355000.0,106500.0,4.8,3432,1,,https://tiki.vnsach-how-psychology-works-hieu-het-ve-tam-ly-hoc-p72459686.html?spid=72459687
21367457,Sách Tôn Tử Binh Pháp ( Tái Bản ),61600.0,88000.0,26400.0,4.8,861,1,,https://tiki.vnsach-ton-tu-binh-phap-tai-ban-p21367457.html?spid=21367458
19274771,Sách Chuỗi Án Mạng A.B.C (Tái Bản),86000.0,105000.0,19000.0,5.0,661,1,,https://tiki.vnsach-chuoi-an-mang-a-b-c-tai-ban-p19274771.html?spid=19274772
14684952,Sách Khu Vườn Bí Mật (Tái Bản),81200.0,116000.0,34800.0,4.8,513,1,,https://tiki.vnsach-khu-vuon-bi-mat-tai-ban-p14684952.html?spid=14684953
10866297,Sách Các Cuộc Chiến Tranh Tiền Tệ (Tái Bản),134000.0,160000.0,26000.0,4.8,115,1,,https://tiki.vnsach-cac-cuoc-chien-tranh-tien-te-tai-ban-p10866297.html?spid=10866298
6770925,Sách Nhà Đầu Tư Thông Minh - Phương Pháp Đầu Tư Giá Trị,196000.0,280000.0,84000.0,5.0,1,1,,https://tiki.vnsach-nha-dau-tu-thong-minh-phuong-phap-dau-tu-gia-tri-p6770925.html?spid=127539642
565647,Big Book Of The Body – Cuốn Sách Khổng Lồ Về Cơ Thể Người,168000.0,168000.0,0.0,4.7,22,109134,,https://tiki.vnbig-book-of-the-body-cuon-sach-khong-lo-ve-co-the-nguoi-p565647.html?spid=93343225
278968568,Sách - Chú Giải Đa Âm về Chân Lý và Phương Pháp của Gadamer - IRED Books,254600.0,360000.0,105400.0,0.0,0,1,,https://tiki.vnsach-chu-giai-da-am-ve-chan-ly-va-phuong-phap-cua-gadamer-ired-books-p278968568.html?spid=278973452
278944496,Sách Kẻ Thù Vừa Ngọt Vừa Bám Người (Tập 1),116250.0,155000.0,38750.0,0.0,0,1,,https://tiki.vnsach-ke-thu-vua-ngot-vua-bam-nguoi-tap-1-p278944496.html?spid=278944542
278901562,"Sách Ngẩng Đầu Là Nắng, Cúi Đầu Là Hoa",107030.0,139000.0,31970.0,0.0,0,1,,https://tiki.vnsach-ngang-dau-la-nang-cui-dau-la-hoa-p278901562.html?spid=278901563
278885728,Sách EQ Cao - Sức Mạnh Của Điềm Tĩnh Và Thấu Hiểu,76230.0,99000.0,22770.0,0.0,0,1,,https://tiki.vnsach-eq-cao-suc-manh-cua-diem-tinh-va-thau-hieu-p278885728.html?spid=278885729
278874555,Bộ Truyện MASHLE [Chọn Tập Lẻ,28500.0,30000.0,1500.0,0.0,0,1,,https://tiki.vnbo-truyen-mashle-chon-tap-le-p278874555.html?spid=278874558
278872157,Sách Về Miền Bí Ẩn,119000.0,170000.0,51000.0,5.0,1,1,,https://tiki.vnsach-ve-mien-bi-an-p278872157.html?spid=278872158
278872151,Sách Lũng Tây Nổi Gió,191730.0,249000.0,57270.0,5.0,9,1,,https://tiki.vnsach-lung-tay-noi-gio-p278872151.html?spid=278872154
278777892,Những Kẻ Ngược Đời,150400.0,209000.0,58600.0,5.0,6,1,,https://tiki.vnnhung-ke-nguoc-doi-p278777892.html?spid=278777895
278160056,One Piece - Tập 107 (Bản Bìa Áo): “Anh Hùng Huyền Thoại”,29400.0,30000.0,600.0,5.0,9,1,,https://tiki.vnone-piece-tap-107-ban-bia-ao-anh-hung-huyen-thoai-p278160056.html?spid=278160061
278138785,Sách Những kiến thức đầu đời cho bé,17700.0,25000.0,7300.0,0.0,0,1,,https://tiki.vnsach-nhung-kien-thuc-dau-doi-cho-be-p278138785.html?spid=278138791
277165432,"Sách Hành Lang Hẹp - Nhà Nước, Xã Hội Và Vận Mệnh Của Tự Do",277900.0,397000.0,119100.0,5.0,35,1,,https://tiki.vnsach-hanh-lang-hep-nha-nuoc-xa-hoi-va-van-menh-cua-tu-do-p277165432.html?spid=277174313
276944781,Sách Công Cụ Của Những Người Khổng Lồ,332000.0,395000.0,63000.0,5.0,10,1,,https://tiki.vnsach-cong-cu-cua-nhung-nguoi-khong-lo-p276944781.html?spid=277347896
276931147,Sách Khi Vây Quang Ta Là Những Người Ái Kỷ,120200.0,159000.0,38800.0,3.0,2,1,,https://tiki.vnsach-khi-vay-quang-ta-la-nhung-nguoi-ai-ky-p276931147.html?spid=276931148
276912320,Sách Đời bừng sáng khi ta biết lãng quên,70000.0,100000.0,30000.0,4.6,11,1,,https://tiki.vnsach-doi-bung-sang-khi-ta-biet-lang-quen-p276912320.html?spid=276912321
276451290,Sách Ông Trăm Tuổi Trèo Qua Cửa Sổ Và Biến Mất (Tái Bản) - 2024,159000.0,190000.0,31000.0,4.8,1487,1,,https://tiki.vnsach-ong-tram-tuoi-treo-qua-cua-so-va-bien-mat-tai-ban-p276451290.html?spid=8835166
274999671,Sách Vở bài tập Mĩ Thuật 1- Chân Trời Sáng Tạo (Kèm Nilon bọc Sách),23000.0,23000.0,0.0,4.8,5,11216,,https://tiki.vnsach-vo-bai-tap-mi-thuat-1-chan-troi-sang-tao-p274999671.html?spid=274999672
274853780,Sách giáo khoa Toán 4- tập hai- Chân Trời Sáng Tạo (Kèm Nilon bọc Sách),33000.0,33000.0,0.0,0.0,0,11216,,https://tiki.vnsach-giao-khoa-toan-4-tap-hai-chan-troi-sang-tao-p274853780.html?spid=274853781
273691900,Sách Rập rờn cánh hạc,56000.0,80000.0,24000.0,5.0,9,1,,https://tiki.vnsach-rap-ron-canh-hac-p273691900.html?spid=273691901
273316208,Sách Nguyên Lý 80/20 - Bí Quyết Làm Ít Được Nhiều (Tái Bản,111000.0,135000.0,24000.0,4.7,353,1,,https://tiki.vnsach-nguyen-ly-80-20-bi-quyet-lam-it-duoc-nhieu-p273316208.html?spid=273316211
272353239,Sách Tang lễ của người An Nam – Nghiên cứu dân tộc học về tín ngưỡng cổ truyền,248500.0,355000.0,106500.0,5.0,18,1,,https://tiki.vnsach-tang-le-cua-nguoi-an-nam-nghien-cuu-dan-toc-hoc-ve-tin-nguong-co-truyen-p272353239.html?spid=272353241
262338107,Hoàng Tử Bé (Song Ngữ Việt-Anh),63200.0,79000.0,15800.0,4.7,35,53660,,https://tiki.vnhoang-tu-be-song-ngu-viet-anh-p262338107.html?spid=262338108
214599046,Sách Sao Ta Làm Điều Ta Làm,129360.0,168000.0,38640.0,5.0,18,1,,https://tiki.vnsach-sao-ta-lam-dieu-ta-lam-p214599046.html?spid=214599047
204000450,Combo Sách Giáo Trình Chuẩn HSK 1 - Sách Bài Học Và Bài Tập (Bộ 2 Cuốn),284800.0,356000.0,71200.0,5.0,96,53660,,https://tiki.vncombo-sach-giao-trinh-chuan-hsk-1-sach-bai-hoc-va-bai-tap-bo-2-cuon-p204000450.html?spid=204000451
190601856,Sách Tâm,67700.0,89000.0,21300.0,5.0,41,1,,https://tiki.vnsach-tam-p190601856.html?spid=190601859
190335975,Combo 2 cuốn Truyện Dành Cho Thiếu Nhi : Tuổi Thơ Dữ Dội - Tập 1 + 2 (Tái Bản),115000.0,160000.0,45000.0,5.0,156,1,,https://tiki.vncombo-2-cuon-truyen-danh-cho-thieu-nhi-tuoi-tho-du-doi-tap-1-2-tai-ban-p190335975.html?spid=273817532
187827003,Sách Không Diệt Không Sinh Đừng Sợ Hãi (TB5),84700.0,110000.0,25300.0,5.0,1859,1,,https://tiki.vnsach-khong-diet-khong-sinh-dung-so-hai-tb5-p187827003.html?spid=187827005
184419720,Sách Tâm Lý Học Đám Đông (Tái Bản 2022),111700.0,149000.0,37300.0,4.5,40,1,,https://tiki.vnsach-tam-ly-hoc-dam-dong-tai-ban-2022-p184419720.html?spid=184419721
109017985,"Sách Thiên Tài Bên Trái, Kẻ Điên Bên Phải (Tái Bản)",137830.0,179000.0,41170.0,4.8,5490,1,,https://tiki.vnsach-thien-tai-ben-trai-ke-dien-ben-phai-tai-ban-p109017985.html?spid=109017987
100395623,Sách Bước Đi Ngẫu Nhiên Trên Phố Wall (Tái Bản),186700.0,249000.0,62300.0,4.8,278,1,,https://tiki.vnsach-buoc-di-ngau-nhien-tren-pho-wall-tai-ban-p100395623.html?spid=100395624
77109209,Sách Nghệ Thuật Đánh Cắp Ý Tưởng (10 Bí Mật Không Ai Nói Với Bạn Về Sáng Tạo),69000.0,99000.0,30000.0,4.8,508,1,,https://tiki.vnsach-nghe-thuat-danh-cap-y-tuong-10-bi-mat-khong-ai-noi-voi-ban-ve-sang-tao-p77109209.html?spid=77109210
74277389,Combo 4 Cuốn: Bộ Tuyển Tập Truyện Hay Dành Cho Thiếu Nhi (Tái Bản),147840.0,192000.0,44160.0,4.8,138,1,,https://tiki.vncombo-4-cuon-bo-tuyen-tap-truyen-hay-danh-cho-thieu-nhi-tai-ban-p74277389.html?spid=74277390
68585265,Sách Vòng Quanh Thế Giới: Trung Quốc (Tái Bản 2020),11000.0,12000.0,1000.0,0.0,0,1,,https://tiki.vnsach-vong-quanh-the-gioi-trung-quoc-tai-ban-2020-p68585265.html?spid=68585267
66067655,Sách Trải Nghiệm Khách Hàng Xuất Sắc,192500.0,250000.0,57500.0,5.0,952,1,,https://tiki.vnsach-trai-nghiem-khach-hang-xuat-sac-p66067655.html?spid=66067656
49883392,Combo Thám Tử Lừng Danh Conan Tập 01 - 10 (Bộ 10 cuốn),237000.0,250000.0,13000.0,5.0,227,1,,https://tiki.vncombo-tham-tu-lung-danh-conan-tap-01-10-bo-10-cuon-p49883392.html?spid=58806025
36363381,Sách Sao Chúng Ta Lại Ngủ,186750.0,249000.0,62250.0,4.8,376,1,,https://tiki.vnsach-sao-chung-ta-lai-ngu-p36363381.html?spid=36363382
24490036,Sách Tại Sao Phương Tây Vượt Trội,351000.0,468000.0,117000.0,4.7,433,1,,https://tiki.vnsach-tai-sao-phuong-tay-vuot-troi-p24490036.html?spid=24490037
10866305,Sách Tư Duy Pháp Lý Của Luật Sư (Tái Bản),217000.0,260000.0,43000.0,5.0,148,1,,https://tiki.vnsach-tu-duy-phap-ly-cua-luat-su-tai-ban-p10866305.html?spid=10866306
7369223,Sách Cho Tôi Xin Một Vé Đi Tuổi Thơ,71000.0,90000.0,19000.0,4.8,1702,1,,https://tiki.vnsach-cho-toi-xin-mot-ve-di-tuoi-tho-bia-mem-tai-ban-p7369223.html?spid=7369225
509618,Combo Dragon Ball (Trọn Bộ 42 Tập),1149000.0,1255000.0,106000.0,4.8,451,1,,https://tiki.vncombo-dragon-ball-tron-bo-42-tap-p509618.html?spid=226387
377644,Sách Chờ Đến Mẫu Giáo Thì Đã Muộn,55100.0,69000.0,13900.0,4.7,715,1,,https://tiki.vnsach-cho-den-mau-giao-thi-da-muon-p377644.html?spid=76206
279167412,Sách - Đặc nhiệm chống lừa đảo (Thường Thư Hân) (Nhã Nam HCM),280500.0,330000.0,49500.0,0.0,0,331008,,https://tiki.vnsach-dac-nhiem-chong-lua-dao-thuong-thu-han-nha-nam-hcm-p279167412.html?spid=279167413
279078944,Sách - Astro Boy - Atom Cậu Bé Tay Sắt - Chuyện Xưa Chuyện Nay - Tặng Kèm Bookmark,74200.0,75000.0,800.0,5.0,2,53660,,https://tiki.vnsach-astro-boy-atom-cau-be-tay-sat-chuyen-xua-chuyen-nay-tang-kem-bookmark-p279078944.html?spid=279078945
279019397,Khoa học khám phá. Nguồn gốc thời gian: Lý thuyết cuối cùng của Stephen Hawking,183000.0,210000.0,27000.0,0.0,0,1,,https://tiki.vnkhoa-hoc-kham-pha-nguon-goc-thoi-gian-ly-thuyet-cuoi-cung-cua-stephen-hawking-p279019397.html?spid=279019399
278979188,Sách Án Mạng Trong Thư Viện - Bí ẩn lời chỉ điểm đẫm máu,143200.0,179000.0,35800.0,5.0,1,1,,https://tiki.vnsach-an-mang-trong-thu-vien-bi-an-loi-chi-diem-dam-mau-p278979188.html?spid=278979202
278972915,Sách Vương Hồng Sển - Tự vị tiếng nói miền Nam (Bìa cứng),509000.0,630000.0,121000.0,0.0,0,1,,https://tiki.vnsach-vuong-hong-sen-tu-vi-tieng-noi-mien-nam-bia-cung-p278972915.html?spid=278972916
278968288,Spy X Family – Tập 13 [Tặng Kèm Standee PVC],29000.0,30000.0,1000.0,5.0,1,1,,https://tiki.vnspy-x-family-tap-13-tang-kem-standee-pvc-p278968288.html?spid=278968289
278814620,Sách Shangri-La Frontier ~ Thợ Săn Game Rác Khiêu Chiến Game Thần Thánh [Chọn Tập Lẻ,37000.0,40000.0,3000.0,0.0,0,1,,https://tiki.vnsach-shangri-la-frontier-tho-san-game-rac-khieu-chien-game-than-thanh-chon-tap-le-p278814620.html?spid=278814623
278756939,Sách Hiệu Sách Thất Lạc,164500.0,235000.0,70500.0,5.0,1,1,,https://tiki.vnhieu-sach-that-lac-p278756939.html?spid=278756943
278599451,Sách - Giải Mã Marketing Hiện Đại - Những Khám Phá Mới Nhất Về Khoa Học Marketing Bài Học Từ Các Thương Hiệu Thành Công Nhất Thế Giới,199000.0,249000.0,50000.0,5.0,7,2953,,https://tiki.vnsach-giai-ma-marketing-hien-dai-nhung-kham-pha-moi-nhat-ve-khoa-hoc-marketing-bai-hoc-tu-cac-thuong-hieu-thanh-cong-nhat-the-gioi-p278599451.html?spid=278599452
278277956,Sách Hồ Sơ Mật Pháp Y – Nhân Chứng Vắng Mặt Tại Hiện Trường,119350.0,155000.0,35650.0,5.0,3,1,,https://tiki.vnsach-ho-so-mat-phap-y-nhan-chung-vang-mat-tai-hien-truong-p278277956.html?spid=278277957
278024735,Sách Ehon Song ngữ Anh - Việt: Kĩ Năng Sống - Miu Bé Nhỏ - Phần 3 - Lẻ Tùy Chọn (1-6 tuổi),36500.0,39000.0,2500.0,0.0,0,145228,,https://tiki.vnsach-ehon-song-ngu-anh-viet-ki-nang-song-miu-be-nho-phan-3-le-tuy-chon-1-6-tuoi-p278024735.html?spid=278029284
276463059,"Bìa còng bật A4 5cm-7cm, File càng cua nhẫn chất liệu nhựa PP thương hiệu AO+, màu ON (WB235/WB237)",82800.0,82800.0,0.0,0.0,0,208359,,https://tiki.vnbia-cong-bat-a4-5cm-7cm-file-cang-cua-nhan-chat-lieu-nhua-pp-thuong-hieu-ao-mau-on-wb235-wb237-p276463059.html?spid=276463061
275041762,Bộ sách Harry Potter - Tiếng Việt - Khổ nhỏ - Tập 6 - Harry Potter và Hoàng tử lai (set 4 cuốn),144650.0,263000.0,118350.0,5.0,76,1,,https://tiki.vnbo-sach-harry-potter-tieng-viet-kho-nho-p275041762.html?spid=275041949
274858838,Sách giáo khoa Tiếng Việt 2- tập hai- Chân Trời Sáng Tạo (Kèm Nilon bọc Sách),41000.0,41000.0,0.0,5.0,3,11216,,https://tiki.vnsach-giao-khoa-tieng-viet-2-tap-hai-chan-troi-sang-tao-p274858838.html?spid=274858839
274842313,[MỚI] Bút Sơn Acrylic Marker Deli THÊM 80% MỰC - 12/24/36/48/64 Màu Tô Trên Mọi Chất Liệu DIY Vẽ Giày Vải Chai Lọ Nhựa,70200.0,70200.0,0.0,5.0,36,113115,,https://tiki.vnmoi-but-son-acrylic-marker-deli-them-80-muc-12-24-36-48-64-mau-to-tren-moi-chat-lieu-diy-ve-giay-vai-chai-lo-nhua-p274842313.html?spid=274842325
273691916,Sách Việt Nam phong tục,76300.0,109000.0,32700.0,5.0,2,1,,https://tiki.vnsach-viet-nam-phong-tuc-p273691916.html?spid=273691917
273464121,Sách Lũ Trẻ Đường Tàu,75800.0,109000.0,33200.0,4.7,26,1,,https://tiki.vnsach-lu-tre-duong-tau-p273464121.html?spid=273464122
273383957,Sách TIỂU SỬ ELON MUSK - Bản thường: Bìa cứng áo ôm,374200.0,499000.0,124800.0,4.8,79,1,,https://tiki.vnsach-tieu-su-elon-musk-p273383957.html?spid=273384043
273079628,Sách Phép Lạ Của Sự Tỉnh Thức,64000.0,79000.0,15000.0,5.0,129,1,,https://tiki.vnsach-phep-la-cua-su-tinh-thuc-p273079628.html?spid=273079631
272648555,Sách Án Mạng Trong Thủy Cung – Bí Ẩn Cây Lau Nhà Màu Vàng,134250.0,179000.0,44750.0,4.6,10,1,,https://tiki.vnsach-an-mang-trong-thuy-cung-bi-an-cay-lau-nha-mau-vang-p272648555.html?spid=272648562
272059114,Bí Thuật Dưỡng Sinh Của Vua Càn Long - Vanlangbooks,60000.0,60000.0,0.0,5.0,3,150,,https://tiki.vnbi-thuat-duong-sinh-cua-vua-can-long-vanlangbooks-p272059114.html?spid=272059116
270546273,Combo Tư Duy Ngược + Tư Duy Mở (Nguyễn Anh Dũng) SBOOKS ,276000.0,276000.0,0.0,4.7,203,10684,,https://tiki.vncombo-tu-duy-nguoc-tu-duy-mo-nguyen-anh-dung-sbooks-p270546273.html?spid=270546274
270206359,Chữ Hiếu Trong Nền Văn Hóa Trung Hoa - Vanlangbooks,80000.0,80000.0,0.0,5.0,3,150,,https://tiki.vnchu-hieu-trong-nen-van-hoa-trung-hoa-p270206359.html?spid=270206360
252561538,Sách 24 giờ,82000.0,94500.0,12500.0,0.0,0,1,,https://tiki.vnsach-24-gio-p252561538.html?spid=252561556
216090603,"Sách Lỗ Ban Kinh toàn thư (Tác phẩm kinh điển về thuật chọn ngày tốt, phong thuỷ kiến trúc Trung Hoa cổ đại)(bìa cứng)",186900.0,250000.0,63100.0,4.7,18,1,,https://tiki.vnsach-lo-ban-kinh-toan-thu-tac-pham-kinh-dien-ve-thuat-chon-ngay-tot-phong-thuy-kien-truc-trung-hoa-co-dai-bia-cung-p216090603.html?spid=216090606
196515659,Sách Harry Potter Và Chiếc Cốc Lửa (Tái Bản 2022),261000.0,310000.0,49000.0,4.8,88,1,,https://tiki.vnsach-harry-potter-va-chiec-coc-lua-tai-ban-2022-p196515659.html?spid=196515663
195623885,Truyện tranh tuổi thần tiên - Nhổ củ cải,10000.0,15000.0,5000.0,5.0,1,1,,https://tiki.vntruyen-tranh-tuoi-than-tien-nho-cu-cai-p195623885.html?spid=195623887
195623862,Truyện tranh tuổi thần tiên - Món quà của cô giáo,10100.0,15000.0,4900.0,4.5,4,1,,https://tiki.vntruyen-tranh-tuoi-than-tien-mon-qua-cua-co-giao-p195623862.html?spid=195623868
191781262,Sách Người dám cho đi,54000.0,65000.0,11000.0,5.0,15,1,,https://tiki.vnsach-nguoi-dam-cho-di-p191781262.html?spid=191781264
190861557,Sách Yêu Những Ngày Nắng Chẳng Ghét Những Ngày Mưa,46200.0,132000.0,85800.0,5.0,929,1,,https://tiki.vnsach-yeu-nhung-ngay-nang-chang-ghet-nhung-ngay-mua-p190861557.html?spid=190861559
189940724,Sách Triệu Phú Khu Ổ Chuột,118300.0,169000.0,50700.0,5.0,105,1,,https://tiki.vnsach-trieu-phu-khu-o-chuot-p189940724.html?spid=189940725
185909446,Sách Sức Mạnh Của Sự Tử Tế,60060.0,78000.0,17940.0,4.7,23,1,,https://tiki.vnsach-suc-manh-cua-su-tu-te-p185909446.html?spid=185909447
160269222,Bút gel Pentel Energel BL417 ngòi 0.7mm khô nhanh mực đẹp nhiều màu tiện lợi,23900.0,23900.0,0.0,5.0,27,258745,,https://tiki.vnbut-ky-muc-gel-nhat-ban-pentel-energel-bl417-ngoi-0-7mm-12-mau-muc-p160269222.html?spid=160269277
138226289,Sách Storytelling With Data: Let’S Practice! - Thực Hành Kể Chuyện Thông Qua Dữ Liệu!,281000.0,399000.0,118000.0,5.0,330,1,,https://tiki.vnsach-storytelling-with-data-let-s-practice-thuc-hanh-ke-chuyen-thong-qua-du-lieu-p138226289.html?spid=138226290
104074997,Sách Kỹ Năng Bán Hàng Tuyệt Đỉnh,92400.0,120000.0,27600.0,5.0,301,1,,https://tiki.vnsach-ky-nang-ban-hang-tuyet-dinh-p104074997.html?spid=104074998
77962818,Sổ Ghi Chép Mục Tiêu Kế Hoạch Sổ Tay My Day My Lifetv,30000.0,30000.0,0.0,4.7,7,83592,,https://tiki.vnso-ghi-chep-muc-tieu-ke-hoach-so-tay-my-day-my-lifetv-p77962818.html?spid=112634293
76526976,Sách Chế Độ Ăn Trường Thọ,99000.0,139000.0,40000.0,4.8,62,1,,https://tiki.vnsach-che-do-an-truong-tho-p76526976.html?spid=76526977
56207383,Sách Đồng Tiền Lên Ngôi: Lịch Sử Tài Chính Thế Giới,184900.0,259000.0,74100.0,4.8,306,1,,https://tiki.vnsach-dong-tien-len-ngoi-lich-su-tai-chinh-the-gioi-p56207383.html?spid=56207384
52805060,Sách Chúa Ruồi - Tiểu Thuyết (Nobel Văn Chương 1983)(Tái Bản 2020),61600.0,88000.0,26400.0,4.8,931,1,,https://tiki.vnsach-chua-ruoi-tieu-thuyet-nobel-van-chuong-1983-tai-ban-2020-p52805060.html?spid=52805061
48362502,Sách Sang Chấn Tâm Lý - Hiểu Để Chữa Lành,269500.0,350000.0,80500.0,5.0,802,1,,https://tiki.vnsach-sang-chan-tam-ly-hieu-de-chua-lanh-p48362502.html?spid=48362503
279135160,Sách - Phép Thờ Cúng Của Người An Nam,127500.0,170000.0,42500.0,4.0,1,1,,https://tiki.vnsach-phep-tho-cung-cua-nguoi-an-nam-p279135160.html?spid=279135164
279066628,Sách - Họ và tên - Một lịch sử nhìn từ danh tính người Việt (Bìa mềm) (Trần Quang Đức) (Nhã Nam HCM),279650.0,329000.0,49350.0,0.0,0,331008,,https://tiki.vnsach-ho-va-ten-mot-lich-su-nhin-tu-danh-tinh-nguoi-viet-bia-mem-tran-quang-duc-nha-nam-hcm-p279066628.html?spid=279066629
279023134,Sách Trước Khi Chúng Ta Ngỏ Lời Yêu Nhau,125000.0,139000.0,14000.0,0.0,0,1,,https://tiki.vnsach-truoc-khi-chung-ta-ngo-loi-yeu-nhau-p279023134.html?spid=279023166
278972919,Sách 99% thiên kiến,111000.0,120000.0,9000.0,0.0,0,1,,https://tiki.vnsach-99-thien-kien-p278972919.html?spid=278972920
278904275,Việt Nam - Những Tiếng Vọng Từ Quá Khứ,116500.0,155000.0,38500.0,5.0,2,1,,https://tiki.vnviet-nam-nhung-tieng-vong-tu-qua-khu-p278904275.html?spid=278917099
278899345,60 bí quyết vẽ sơn dầu,252000.0,320000.0,68000.0,0.0,0,1,,https://tiki.vn60-bi-quyet-ve-son-dau-p278899345.html?spid=278933295
278865564,Sách Unibooks - Bộ Lược sử kinh tế học lầy lội - Khủng hoảng dạy cho ta những gì,148570.0,179000.0,30430.0,0.0,0,1,,https://tiki.vnsach-unibooks-bo-luoc-su-kinh-te-hoc-lay-loi-khung-hoang-day-cho-ta-nhung-gi-p278865564.html?spid=279056250
278788075,Sách Những Ngày Thường Bất Ổn Của Yano [Chọn Tập Lẻ,43200.0,43200.0,0.0,5.0,2,1,,https://tiki.vnsach-nhung-ngay-thuong-bat-on-cua-yano-chon-tap-le-p278788075.html?spid=278874566
278777896,Hồi Đó Chúng Ta Là Những Kẻ Ngốc,154500.0,219000.0,64500.0,5.0,8,1,,https://tiki.vnhoi-do-chung-ta-la-nhung-ke-ngoc-p278777896.html?spid=278777897
278763936,Sách 100 Truyền Thuyết Đô Thị Kinh Dị Đài Loan,114730.0,149000.0,34270.0,4.7,9,1,,https://tiki.vnsach-100-truyen-thuyet-do-thi-kinh-di-dai-loan-p278763936.html?spid=278763939
278607288,Bất Khuất - William Faulkner,144000.0,180000.0,36000.0,5.0,1,48569,,https://tiki.vnbat-khuat-william-faulkner-p278607288.html?spid=278607289
277998048,Combo Doraemon Plus,146000.0,154000.0,8000.0,5.0,6,1,,https://tiki.vncombo-doraemon-plus-p277998048.html?spid=277998051
277837132,Sách Những Chủ nhật tháng Tám,77000.0,110000.0,33000.0,4.7,6,1,,https://tiki.vnsach-nhung-chu-nhat-thang-tam-p277837132.html?spid=277837133
276933755,Combo Giáo Trình Chuẩn HSK 4 Tập 1 - Sách Bài Học và Bài tập (Bộ 2 cuốn),313000.0,376000.0,63000.0,5.0,2,1,,https://tiki.vncombo-giao-trinh-chuan-hsk-4-tap-1-sach-bai-hoc-va-bai-tap-bo-2-cuon-p276933755.html?spid=276949260
276886071,Sách Kiếp Nào Ta Cũng Tìm Thấy Nhau: Câu Chuyện Về Những Linh Hồn Tri Kỷ Vĩnh Viễn Không Chia Lìa,99300.0,129000.0,29700.0,5.0,764,1,,https://tiki.vnsach-kiep-nao-ta-cung-tim-thay-nhau-cau-chuyen-ve-nhung-linh-hon-tri-ky-vinh-vien-khong-chia-lia-p276886071.html?spid=276886074
275868849,Sách Liễu Phàm Tứ Huấn,63200.0,79000.0,15800.0,5.0,18,1,,https://tiki.vnsach-lieu-pham-tu-huan-p275868849.html?spid=275869437
275676836,Sách Phản biện như một chuyên gia - Lập luận sắc bén và tư duy hiệu quả,101000.0,130000.0,29000.0,5.0,22,1,,https://tiki.vnsach-phan-bien-nhu-mot-chuyen-gia-lap-luan-sac-ben-va-tu-duy-hieu-qua-p275676836.html?spid=275676837
274873108,Sách giáo khoa Toán 6- tập hai- Chân Trời Sáng Tạo (Kèm Nilon bọc Sách),35000.0,35000.0,0.0,5.0,2,11216,,https://tiki.vnsach-giao-khoa-toan-6-tap-hai-chan-troi-sang-tao-p274873108.html?spid=274873109
274599269,"Sách Nơi Nào Có Mẹ, Nơi Ấy Là Nhà",67500.0,90000.0,22500.0,5.0,16,1,,https://tiki.vnsach-noi-nao-co-me-noi-ay-la-nha-p274599269.html?spid=274599608
274163660,Sách Thẻ Điểm Cân Bằng - The Balanced Scorecard,168000.0,225000.0,57000.0,5.0,101,1,,https://tiki.vnsach-the-diem-can-bang-the-balanced-scorecard-p274163660.html?spid=274163663
273708851,"Sách Lập trình não bộ: Làm chủ trí nhớ, sự tập trung, cảm xúc và giải phóng thiên tài bên trong bạn",147000.0,208000.0,61000.0,4.3,9,1,,https://tiki.vnsach-lap-trinh-nao-bo-lam-chu-tri-nho-su-tap-trung-cam-xuc-va-giai-phong-thien-tai-ben-trong-ban-p273708851.html?spid=273708852
273134763,Sách The Luxury Strategy: Chiến Lược Xa Xỉ - Phá Vỡ Quy Luật Tiếp Thị Để Xây Dựng Thương Hiệu Xa Xỉ,262200.0,349000.0,86800.0,4.6,10,1,,https://tiki.vnsach-the-luxury-strategy-chien-luoc-xa-xi-pha-vo-quy-luat-tiep-thi-de-xay-dung-thuong-hieu-xa-xi-p273134763.html?spid=273134764
272349551,Sách Cú hích - Phiên bản cuối cùng (Tái bản),152460.0,198000.0,45540.0,5.0,9,1,,https://tiki.vnsach-cu-hich-phien-ban-cuoi-cung-tai-ban-p272349551.html?spid=272349554
203093928,Sách Việt Nam Phong Tục (Bìa Mềm) - Tái Bản,67700.0,105000.0,37300.0,5.0,14,1,,https://tiki.vnsach-viet-nam-phong-tuc-bia-mem-tai-ban-p203093928.html?spid=203093929
202661687,Sách Sông Đông Êm Đềm (Trọn Bộ 2 Tập),390000.0,550000.0,160000.0,4.8,59,1,,https://tiki.vnsach-song-dong-em-dem-tron-bo-2-tap-p202661687.html?spid=202661688
199030585,Sách Search Inside Yourself – Tìm kiếm bên trong bạn (Tái bản),118800.0,179000.0,60200.0,4.7,107,1,,https://tiki.vnsach-search-inside-yourself-tim-kiem-ben-trong-ban-tai-ban-p199030585.html?spid=199030586
187001113,"Giấy bọc sách vở / Giấy gói quà / giấy bao tập / giấy bao vở học sinh, sinh viên size A4, B5, A5 cao cấp – 24 cuốn",88000.0,88000.0,0.0,4.8,33,267978,,https://tiki.vngiay-boc-sach-vo-giay-goi-qua-giay-bao-tap-giay-bao-vo-hoc-sinh-sinh-vien-size-a4-b5-a5-cao-cap-24-cuon-p187001113.html?spid=187001121
179063952,Sách Khi Mọi Điểm Tựa Đều Mất,83160.0,108000.0,24840.0,5.0,149,1,,https://tiki.vnsach-khi-moi-diem-tua-deu-mat-p179063952.html?spid=179063955
174444166,Sách Cẩm Nang Diện Chẩn – Phương Pháp Đơn Giản Áp Dụng Tại Gia,159100.0,209000.0,49900.0,5.0,71,1,,https://tiki.vnsach-cam-nang-dien-chan-phuong-phap-don-gian-ap-dung-tai-gia-p174444166.html?spid=174444170
161426354,Sách Netflix - Phá Bỏ Nguyên Tắc Để Bứt Phá,172000.0,198000.0,26000.0,5.0,67,1,,https://tiki.vnsach-netflix-pha-bo-nguyen-tac-de-but-pha-p161426354.html?spid=161426355
159050447,Sách Trí Tuệ Tài Chính - Dành Cho Nhà Quản Lý Không Chuyên Về Tài Chính (Tái bản),147000.0,229000.0,82000.0,4.6,52,1,,https://tiki.vnsach-tri-tue-tai-chinh-danh-cho-nha-quan-ly-khong-chuyen-ve-tai-chinh-tai-ban-p159050447.html?spid=159050448
116406726,Sách Chữa Lành Đứa Trẻ Bên Trong Bạn (Tái Bản),81900.0,139000.0,57100.0,4.6,16,1,,https://tiki.vnsach-chua-lanh-dua-tre-ben-trong-ban-tai-ban-p116406726.html?spid=116406727
80417215,Sách Việt Nam Sử Lược (Bìa Mềm) (Tái Bản),117300.0,160000.0,42700.0,5.0,35,1,,https://tiki.vnsach-viet-nam-su-luoc-bia-mem-tai-ban-p80417215.html?spid=80417216
77149524,Sách Range - Hiểu Sâu Biết Rộng Kiểu Gì Cũng Thắng,128600.0,179000.0,50400.0,4.8,299,1,,https://tiki.vnsach-range-hieu-sau-biet-rong-kieu-gi-cung-thang-p77149524.html?spid=77605332
74488127,Kỹ Thuật Kiến Trúc Cảnh Quan (Sách Màu),327000.0,350000.0,23000.0,5.0,166,1,,https://tiki.vnky-thuat-kien-truc-canh-quan-sach-mau-p74488127.html?spid=74488128
73166878,Sách Tái Tạo Mô Hình Kinh Doanh Hiệu Quả,109200.0,149000.0,39800.0,5.0,17,1,,https://tiki.vnsach-tai-tao-mo-hinh-kinh-doanh-hieu-qua-p73166878.html?spid=73166880
57771444,Sách Cộng Hòa (Plato),219600.0,299000.0,79400.0,5.0,19,1,,https://tiki.vnsach-cong-hoa-plato-p57771444.html?spid=127524914
50414368,Sách Án Mạng Mười Một Chữ,77000.0,110000.0,33000.0,4.8,1364,1,,https://tiki.vnsach-an-mang-muoi-mot-chu-p50414368.html?spid=50414369
20444622,Sách Cẩm Nang Cấu Trúc Tiếng Anh,76000.0,98000.0,22000.0,4.8,2689,1,,https://tiki.vnsach-cam-nang-cau-truc-tieng-anh-p20444622.html?spid=29878198
3082815,Tự Truyện Benjamin Franklin (Tái Bản),77800.0,109000.0,31200.0,4.8,592,1,,https://tiki.vntu-truyen-benjamin-franklin-tai-ban-p3082815.html?spid=3083073
279082449,"Go Global - Cẩm Nang Sống, Làm Việc Và Tỏa Sáng Toàn Cầu",264960.0,288000.0,23040.0,0.0,0,57167,,https://tiki.vngo-global-cam-nang-song-lam-viec-va-toa-sang-toan-cau-p279082449.html?spid=279082450
279059191,GIẢNG LUẬN TỒN TẠI VÀ HƯ VÔ,360000.0,360000.0,0.0,0.0,0,329027,,https://tiki.vngiang-luan-ton-tai-va-hu-vo-p279059191.html?spid=279059192
278968566,Sách - Chân lý và Phương pháp - Hans-Georg Gadamer - IRED Books,420000.0,600000.0,180000.0,0.0,0,1,,https://tiki.vnsach-chan-ly-va-phuong-phap-hans-georg-gadamer-ired-books-p278968566.html?spid=278973451
278948843,Marriagetoxin - Mai Mối Cho Độc Sư [ Chọn Tập Lẻ,38000.0,40000.0,2000.0,0.0,0,1,,https://tiki.vnmarriagetoxin-mai-moi-cho-doc-su-chon-tap-le-p278948843.html?spid=279112737
278761161,Sách - Giấc Mơ Kangaroo,235600.0,259000.0,23400.0,5.0,1,53660,,https://tiki.vnsach-giac-mo-kangaroo-p278761161.html?spid=278761162
278749523,Ngũ Hành Của Tôi Thiếu Em,124600.0,124600.0,0.0,5.0,7,1,,https://tiki.vnngu-hanh-cua-toi-thieu-em-p278749523.html?spid=279004969
278491445,Sách Kinh tế Việt Nam: Thăng trầm và đột phá,243000.0,270000.0,27000.0,5.0,3,1,,https://tiki.vnsach-kinh-te-viet-nam-thang-tram-va-dot-pha-p278491445.html?spid=278491446
278384122,"Combo 5/10/20 Bút Gel xóa được Thiên Long Mazzic TP-GELE01 ngòi 0.5mm mực xanh/đen/tím bút viết trơn mượt, có gôm trên nắp",57750.0,57750.0,0.0,5.0,1,64561,,https://tiki.vncombo-5-10-20-but-gel-xoa-duoc-thien-long-mazzic-tp-gele01-ngoi-0-5mm-muc-xanh-den-tim-but-viet-tron-muot-co-gom-tren-nap-p278384122.html?spid=278384128
278231055,Sách Lại chuyện xóm gà - Pitikok và,35000.0,50000.0,15000.0,1.0,1,1,,https://tiki.vnsach-pitikok-lai-chuyen-xom-ga-8-quyen-p278231055.html?spid=278231076
278170006,Sách Cội Rễ (Bìa Mềm),292600.0,380000.0,87400.0,5.0,13,1,,https://tiki.vnsach-coi-re-bia-mem-p278170006.html?spid=278170007
278159097,Sách Totto-Chan Bên Cửa Sổ - Những Chuyện Tiếp Theo,108500.0,155000.0,46500.0,5.0,21,1,,https://tiki.vnsach-totto-chan-ben-cua-so-nhung-chuyen-tiep-theo-p278159097.html?spid=278159098
277992334,Sách Cuộc Chiến Kim Loại Hiếm,176800.0,248000.0,71200.0,5.0,19,1,,https://tiki.vnsach-cuoc-chien-kim-loai-hiem-p277992334.html?spid=277992337
277842134,Sách Lịch Sử Mỹ Thuật Trung Hoa - Truyền Thống Thẩm Mỹ Và Di Sản Nghệ Thuật Qua 5000 Năm - Dương Kỳ - Omega Plus,388900.0,568000.0,179100.0,4.8,15,1,,https://tiki.vnsach-lich-su-my-thuat-trung-hoa-truyen-thong-tham-my-va-di-san-nghe-thuat-qua-5000-nam-duong-ky-omega-plus-p277842134.html?spid=277921702
277393740,Sách Bán Chạy Như Điên,239000.0,239000.0,0.0,4.3,6,333663,,https://tiki.vnsach-ban-chay-nhu-dien-p277393740.html?spid=277393741
277381902,Sách Tiếng gọi chân trời - Nguyễn Ngọc Tư,75000.0,95000.0,20000.0,5.0,40,1,,https://tiki.vnsach-tieng-goi-chan-troi-nguyen-ngoc-tu-p277381902.html?spid=277381904
276233708,"Tính cách quyết định số phận, khí chất thay đổi cuộc đời",177600.0,222000.0,44400.0,4.5,2,255104,,https://tiki.vntinh-cach-quyet-dinh-so-phan-khi-chat-thay-doi-cuoc-doi-p276233708.html?spid=276233709
275243821,Sách 1 thắng 9 bại - Câu chuyện khởi nghiệp và gây dựng thương hiệu của ông chủ UNIQLO - tỷ phú giàu nhất Nhật Bản,108000.0,120000.0,12000.0,5.0,17,1,,https://tiki.vnsach-1-thang-9-bai-cau-chuyen-khoi-nghiep-va-gay-dung-thuong-hieu-cua-ong-chu-uniqlo-ty-phu-giau-nhat-nhat-ban-p275243821.html?spid=275243824
274960240,Sách Vở bài tập Toán 4- tập hai- Chân Trời Sáng Tạo (Kèm Nilon bọc Sách),35000.0,35000.0,0.0,5.0,3,11216,,https://tiki.vnsach-vo-bai-tap-toan-4-tap-hai-chan-troi-sang-tao-p274960240.html?spid=274960241
272349567,Sách Kẻ thua cuộc giỏi nhất sẽ giành chiến thắng,145000.0,188000.0,43000.0,5.0,4,1,,https://tiki.vnsach-ke-thua-cuoc-gioi-nhat-se-gianh-chien-thang-p272349567.html?spid=272349568
263514080,Sách Bá Tước Monte Cristo (Bìa Cứng) - Tái Bản,194300.0,265000.0,70700.0,4.8,23,1,,https://tiki.vnsach-ba-tuoc-monte-cristo-bia-cung-tai-ban-p263514080.html?spid=263514081
263068391,Sách Faust - Johann WolfGang Von Goethe,140000.0,200000.0,60000.0,5.0,40,1,,https://tiki.vnsach-faust-johann-wolfgang-von-goethe-p263068391.html?spid=263068393
249875509,Sách Sherlock Holmes Trọn Bộ 3 Tập,351000.0,450000.0,99000.0,4.7,37,1,,https://tiki.vnsach-sherlock-holmes-tron-bo-3-tap-p249875509.html?spid=249875511
249160355,Sách Dưới Cánh Cửa Thầm Thì,153230.0,199000.0,45770.0,5.0,118,1,,https://tiki.vnsach-duoi-canh-cua-tham-thi-p249160355.html?spid=249160357
214199407,Sách Bốn Ngọn Gió - The Four Winds,215000.0,285000.0,70000.0,4.8,61,1,,https://tiki.vnsach-bon-ngon-gio-the-four-winds-p214199407.html?spid=214199408
196411152,"Sách The Mountain Is You - Nếu Không Giải Quyết Vấn Đề, Bạn Sẽ Trở Thành Vấn Đề",117000.0,148000.0,31000.0,4.6,69,1,,https://tiki.vnsach-the-mountain-is-you-neu-khong-giai-quyet-van-de-ban-se-tro-thanh-van-de-p196411152.html?spid=196411154
188940817,Sách Vị Thần Của Những Quyết Định,73000.0,79000.0,6000.0,4.8,1210,1,,https://tiki.vnsach-vi-than-cua-nhung-quyet-dinh-p188940817.html?spid=188940819
170706996,Sách Điểm Bùng Phát ( Tái Bản),134000.0,179000.0,45000.0,4.6,48,1,,https://tiki.vnsach-diem-bung-phat-tai-ban-p170706996.html?spid=170706997
138107485,Sách Mặt Dày Tâm Đen (Tái Bản),130130.0,169000.0,38870.0,4.8,364,1,,https://tiki.vnsach-mat-day-tam-den-tai-ban-p138107485.html?spid=138107487
127649070,Sách Thay Đổi Câu Hỏi Thay Đổi Cuộc Đời,62700.0,85000.0,22300.0,5.0,24,1,,https://tiki.vnsach-thay-doi-cau-hoi-thay-doi-cuoc-doi-p127649070.html?spid=127649073
100958457,Sách Gieo Trồng Hạnh Phúc (Tái Bản),66000.0,89000.0,23000.0,5.0,383,1,,https://tiki.vnsach-gieo-trong-hanh-phuc-tai-ban-p100958457.html?spid=100958460
90480255,Sách - Lão Tử Đạo Đức kinh - Nguyễn Hiến Lê ( Tuyển Tập Bách Gia Tranh Minh),127000.0,179000.0,52000.0,5.0,73,1,,https://tiki.vnsach-lao-tu-dao-duc-kinh-nguyen-hien-le-tuyen-tap-bach-gia-tranh-minh-p90480255.html?spid=127524852
73521489,Sách Vượt Qua Bản Ngã - Chiến Thắng Kẻ Thù Lớn Nhất Của Bạn,110300.0,149000.0,38700.0,4.8,62,1,,https://tiki.vnsach-vuot-qua-ban-nga-chien-thang-ke-thu-lon-nhat-cua-ban-p73521489.html?spid=73521490
52413566,Sách Bước Đệm Vững Chắc Vào Đời - Bác Sĩ Riêng Của Bé Yêu (Tái Bản 2020),75000.0,92000.0,17000.0,5.0,119,1,,https://tiki.vnsach-buoc-dem-vung-chac-vao-doi-bac-si-rieng-cua-be-yeu-tai-ban-2020-p52413566.html?spid=52413567
49747007,Sách Hai Mặt Của Gia Đình,99330.0,129000.0,29670.0,4.8,1908,1,,https://tiki.vnsach-hai-mat-cua-gia-dinh-p49747007.html?spid=49747008
40933971,Sách Một Đời Thương Thuyết (Tái Bản),112000.0,135000.0,23000.0,5.0,386,1,,https://tiki.vnsach-mot-doi-thuong-thuyet-tai-ban-p40933971.html?spid=40933972
15592539,Sách Vững Tâm Bền Chí Ắt Thành Công,108000.0,159000.0,51000.0,4.6,106,1,,https://tiki.vnsach-vung-tam-ben-chi-at-thanh-cong-p15592539.html?spid=15592541
12533371,Sách Đạo Đức Kinh,70700.0,99000.0,28300.0,4.8,109,1,,https://tiki.vnsach-dao-duc-kinh-p12533371.html?spid=12533372
10397241,Sách Chữa Lành Nỗi Đau,83160.0,108000.0,24840.0,4.8,335,1,,https://tiki.vnsach-chua-lanh-noi-dau-p10397241.html?spid=10397242
10118600,Sách Thương Lượng Không Nhân Nhượng,100200.0,149000.0,48800.0,4.5,35,1,,https://tiki.vnsach-thuong-luong-khong-nhan-nhuong-p10118600.html?spid=10118601
595751,Sách Giáo Trình Chuẩn HSK 4 Bài Tập (Tập 2),134000.0,158000.0,24000.0,4.8,143,1,,https://tiki.vnsach-giao-trinh-chuan-hsk-4-bai-tap-tap-2-p595751.html?spid=595761
279064195,Sách Tư Duy Trắng Và Đen - Tuệ Tri,148000.0,185000.0,37000.0,5.0,1,1,,https://tiki.vnsach-tu-duy-trang-va-den-tue-tri-p279064195.html?spid=279064209
278959512,Sách - Tuyển Tập Kiệt Tác Fujiko F Fujio - F The Best - Tặng Kèm Set Sticker Khổ Lớn,194000.0,200000.0,6000.0,5.0,4,53660,,https://tiki.vnsach-tuyen-tap-kiet-tac-fujiko-f-fujio-f-the-best-tang-kem-set-sticker-kho-lon-p278959512.html?spid=278959513
278959401,Sách - Chân lý và Phương pháp (Wahrheit und Methode) - Hans-Georg Gadamer - IRED Books,540000.0,600000.0,60000.0,5.0,1,73105,,https://tiki.vnsach-chan-ly-va-phuong-phap-wahrheit-und-methode-hans-georg-gadamer-ired-books-p278959401.html?spid=278959402
278917017,Sách Kỷ Luật Không Phải Cuộc Chiến Với Bản Thân,99330.0,129000.0,29670.0,0.0,0,1,,https://tiki.vnsach-ky-luat-khong-phai-cuoc-chien-voi-ban-than-p278917017.html?spid=278917018
278820598,Bộ luật tố tụng hình sự (hiện hành),132000.0,132000.0,0.0,4.8,6,124753,,https://tiki.vnbo-luat-to-tung-hinh-su-hien-hanh-sua-doi-bo-sung-nam-2021-p278820598.html?spid=273586984
278747062,Liệu Hoa Có Nở,89600.0,109000.0,19400.0,5.0,2,1,,https://tiki.vnlieu-hoa-co-no-p278747062.html?spid=278747065
278575755,Sách Ai Đó - Tập 1,178000.0,199000.0,21000.0,4.8,17,1,,https://tiki.vnsach-ai-do-tap-1-p278575755.html?spid=278575811
278497819,Sách - Combo 6c Phương Pháp Sơ Cấp,100000.0,100000.0,0.0,3.0,1,329603,,https://tiki.vnsach-combo-6c-phuong-phap-so-cap-p278497819.html?spid=278497831
278474664,Sách Hồ Chí Minh - Tiểu Sử Bằng Hình (Gần 700 Tranh Ảnh Và Bản Đồ),567000.0,680000.0,113000.0,5.0,2,1,,https://tiki.vnsach-ho-chi-minh-tieu-su-bang-hinh-gan-700-tranh-anh-va-ban-do-p278474664.html?spid=278474665
278294156,Sách Frank Và Red,145530.0,189000.0,43470.0,4.6,11,1,,https://tiki.vnsach-frank-va-red-p278294156.html?spid=278294157
278065905,Sách Cẩm Nang Đọc Tác Phẩm Triết Học Kinh Điển - Khác Biệt Và Lặp Lại Của Gilles Deleuze / Về Văn Pháp Học Của Jacques Derrida / Phê Phán Lý Tính Thuần Túy Của Immanuel Kant,158000.0,195000.0,37000.0,5.0,4,1,,https://tiki.vnsach-cam-nang-doc-tac-pham-triet-hoc-kinh-dien-khac-biet-va-lap-lai-cua-gilles-deleuze-ve-van-phap-hoc-cua-jacques-derrida-phe-phan-ly-tinh-thuan-tuy-cua-immanuel-kant-p278065905.html?spid=278066041
278059479,Sách Nghĩ khác - Làm khác,137800.0,179000.0,41200.0,5.0,17,1,,https://tiki.vnsach-nghi-khac-lam-khac-p278059479.html?spid=277607922
277914851,Bộ 3 Sách Song Ngữ: Lời thì thầm trong tổ ấm + Lời thì thầm với cha + Lời thì thầm với mẹ - Đầy Đủ File Nghe,427000.0,594000.0,167000.0,4.6,11,360665,,https://tiki.vnbo-3-sach-song-ngu-loi-thi-tham-trong-to-am-loi-thi-tham-voi-cha-loi-thi-tham-voi-me-day-du-file-nghe-p277914851.html?spid=277914852
277499422,Sách 5 Bài Học Của Ben Hogan: Những Nguyên Tắc Cơ Bản Hiện Đại Của Golf,296000.0,399000.0,103000.0,5.0,1,1,,https://tiki.vnsach-5-bai-hoc-cua-ben-hogan-nhung-nguyen-tac-co-ban-hien-dai-cua-golf-p277499422.html?spid=278094039
277444127,Sách Tiền Đẻ Ra Tiền: Đầu Tư Tài Chính Thông Minh,124700.0,124700.0,0.0,4.8,592,1,,https://tiki.vnsach-tien-de-ra-tien-dau-tu-tai-chinh-thong-minh-p277444127.html?spid=277444130
277357535,Sách Hành Trình Của Linh Hồn,114200.0,169000.0,54800.0,5.0,389,1,,https://tiki.vnsach-hanh-trinh-cua-linh-hon-p277357535.html?spid=277357538
277348561,"Sách Giỏi nhìn người, khéo bắt chuyện",124000.0,163000.0,39000.0,5.0,2,1,,https://tiki.vnsach-gioi-nhin-nguoi-kheo-bat-chuyen-p277348561.html?spid=277348563
276928994,Bộ Sách Móng Vuốt Quạ Đen,98000.0,100000.0,2000.0,5.0,22,1,,https://tiki.vnbo-sach-mong-vuot-qua-den-p276928994.html?spid=276930831
276586971,Giáo trình tiếng Hoa đương đại - sách bài học (1-1),187000.0,208000.0,21000.0,5.0,3,1,,https://tiki.vngiao-trinh-tieng-hoa-duong-dai-sach-bai-hoc-1-1-p276586971.html?spid=276586973
276289473,Sách Triết lý của Inamori Kazuo Chúng ta sống vì điều gì?,87000.0,105000.0,18000.0,5.0,7,1,,https://tiki.vnsach-triet-ly-cua-inamori-kazuo-chung-ta-song-vi-dieu-gi-p276289473.html?spid=276289475
276231114,Sách Logistics và Quản trị chuỗi cung ứng,381150.0,495000.0,113850.0,5.0,8,1,,https://tiki.vnsach-logistics-va-quan-tri-chuoi-cung-ung-p276231114.html?spid=276231116
276079779,Sách Sự Thật Trần Trụi Về Thống Kê,174000.0,229000.0,55000.0,4.7,14,1,,https://tiki.vnsach-su-that-tran-trui-ve-thong-ke-p276079779.html?spid=276079781
276076848,Sách Trò Chơi Của Những Kẻ Hiểu Luật,124600.0,179000.0,54400.0,4.6,47,1,,https://tiki.vnsach-tro-choi-cua-nhung-ke-hieu-luat-p276076848.html?spid=276166952
275903077,Sách - Diễn Cầm Tam Thế Diễn Nghĩa - Sách Tử Vi - Dương Công Hầu,299000.0,299000.0,0.0,3.3,4,354035,,https://tiki.vndien-cam-tam-the-dien-p275903077.html?spid=275903078
275279887,Bộ sách Chuyện ở Rừng Hạnh Phúc,20000.0,25000.0,5000.0,0.0,0,1,,https://tiki.vnbo-sach-chuyen-o-rung-hanh-phuc-p275279887.html?spid=275280594
274163649,Sách Bản Đồ Chiến Lược,170200.0,235000.0,64800.0,5.0,17,1,,https://tiki.vnsach-ban-do-chien-luoc-p274163649.html?spid=274163652
272962574,Hộp 12 Kẹp Bướm Deli Kẹp Tài Liêu Giấy Tờ Văn Phòng Phẩm Học Sinh Văn Phòng Nhiều Kích Thước Nhỏ Gọn Tiện Lợi Giá Rẻ,21600.0,21600.0,0.0,5.0,3,113115,,https://tiki.vnhop-12-kep-buom-deli-kep-tai-lieu-giay-to-van-phong-pham-hoc-sinh-van-phong-nhieu-kich-thuoc-nho-gon-tien-loi-gia-re-p272962574.html?spid=214824016
263084725,"Beartown - Thị Trấn Nhỏ, Giấc Mơ Lớn",178500.0,210000.0,31500.0,5.0,6,53660,,https://tiki.vnbeartown-thi-tran-nho-giac-mo-lon-p263084725.html?spid=263084726
213701365,Sách Lời Tiên Tri Celestine,190960.0,248000.0,57040.0,5.0,75,1,,https://tiki.vnsach-loi-tien-tri-celestine-p213701365.html?spid=213701366
196001721,Sách Sự Trỗi Dậy Và Suy Tàn Của Các Cường Quốc ( Tái bản),400000.0,567000.0,167000.0,4.8,123,1,,https://tiki.vnsach-su-troi-day-va-suy-tan-cua-cac-cuong-quoc-tai-ban-p196001721.html?spid=196001723
117595535,Sách Kẻ Ngoại Cuộc,105000.0,150000.0,45000.0,4.8,387,1,,https://tiki.vnsach-ke-ngoai-cuoc-p117595535.html?spid=117595539
113540577,Sách Anne Tóc Đỏ Dưới Chái Nhà Xanh,99360.0,138000.0,38640.0,5.0,382,1,,https://tiki.vnsach-anne-toc-do-duoi-chai-nha-xanh-p113540577.html?spid=113540579
52691750,Sách Tự Do Đầu Tiên & Cuối Cùng,137060.0,178000.0,40940.0,5.0,211,1,,https://tiki.vnsach-tu-do-dau-tien-cuoi-cung-p52691750.html?spid=52691751
52584834,Sách Tư Duy Hệ Thống Trong Công Việc,60500.0,89000.0,28500.0,4.7,721,1,,https://tiki.vnsach-tu-duy-he-thong-trong-cong-viec-p52584834.html?spid=52584835
52329765,Sách Biên Niên Ký Chim Vặn Dây Cót (Tái Bản 2020),196350.0,255000.0,58650.0,4.8,652,1,,https://tiki.vnsach-bien-nien-ky-chim-van-day-cot-tai-ban-2020-p52329765.html?spid=52329767
40933973,Sách Dịch Kinh Tường Giải (Di Cảo): Quyển Thượng (Tái Bản),286000.0,340000.0,54000.0,5.0,239,1,,https://tiki.vnsach-dich-kinh-tuong-giai-di-cao-quyen-thuong-tai-ban-p40933973.html?spid=40933974
14643411,Sách Điều Kỳ Diệu (Tái Bản),148000.0,180000.0,32000.0,4.8,283,1,,https://tiki.vnsach-dieu-ky-dieu-tai-ban-p14643411.html?spid=14643412
11371249,Sách Chuyện Con Mèo Và Con Chuột Bạn Thân Của Nó - Tái Bản,36400.0,52000.0,15600.0,5.0,727,1,,https://tiki.vnsach-chuyen-con-meo-va-con-chuot-ban-than-cua-no-tai-ban-p11371249.html?spid=11371250
9810500,Sách Từ Câu Sai Đến Câu Hay,108000.0,150000.0,42000.0,5.0,56,1,,https://tiki.vnsach-tu-cau-sai-den-cau-hay-p9810500.html?spid=9810501
5067155,Sách Nhật Ký Anne Frank (Tái Bản),90860.0,118000.0,27140.0,4.8,182,1,,https://tiki.vnsach-nhat-ky-anne-frank-tai-ban-p5067155.html?spid=5411129
279143666,Sách Người Bình Thường Tập Lớn,73600.0,92000.0,18400.0,0.0,0,1,,https://tiki.vnsach-nguoi-binh-thuong-tap-lon-p279143666.html?spid=279143668
279093674,Sách HỌ VÀ TÊN (Một lịch sử nhìn từ danh tính người Việt),230300.0,329000.0,98700.0,0.0,0,1,,https://tiki.vnsach-ho-va-ten-mot-lich-su-nhin-tu-danh-tinh-nguoi-viet-p279093674.html?spid=279093680
279062721,ẢO ẢNH TRONG XÃ HỘI – DƯ THỪA KẾT NỐI - Đinh Đức Hoàng (Hoàng Hối Hận) - Riobook,195000.0,195000.0,0.0,0.0,0,223928,,https://tiki.vnao-anh-trong-xa-hoi-du-thua-ket-noi-dinh-duc-hoang-hoang-hoi-han-riobook-p279062721.html?spid=279062722
278957136,Sách - MASHLE - Tập 14 - Lance Crown Và Dot Barrett - Tặng Kèm Postcard,29400.0,30000.0,600.0,0.0,0,53660,,https://tiki.vnsach-mashle-tap-14-lance-crown-va-dot-barrett-tang-kem-postcard-p278957136.html?spid=278957137
278948838,"Orange - Lá Thư Từ Tương Lai - Tập 7: Gửi Đến Cậu, Người Vô Cùng Quan Trọng [Tặng Kèm Postcard]",34000.0,36000.0,2000.0,0.0,0,1,,https://tiki.vnorange-la-thu-tu-tuong-lai-tap-7-gui-den-cau-nguoi-vo-cung-quan-trong-tang-kem-postcard-p278948838.html?spid=278948841
278894059,"Sách Mình Chia Tay Rồi, Có Nhớ Không?",70840.0,92000.0,21160.0,0.0,0,1,,https://tiki.vnsach-minh-chia-tay-roi-co-nho-khong-p278894059.html?spid=278894060
278870046,Sách - Dấu Ấn Hoàng Gia - Tập 36 - Tặng Kèm Postcard,29700.0,30000.0,300.0,0.0,0,53660,,https://tiki.vnsach-dau-an-hoang-gia-tap-36-tang-kem-postcard-p278870046.html?spid=278870047
278860628,Sách - Combo Sách Lược Sử Kinh Tế Học Lầy Lội - Khủng Hoảng Dạy Cho Ta Những Gì? - Tập 1 + Tập 2 (Bộ 2 Tập),314100.0,408000.0,93900.0,0.0,0,53660,,https://tiki.vnsach-combo-sach-luoc-su-kinh-te-hoc-lay-loi-khung-hoang-day-cho-ta-nhung-gi-tap-1-tap-2-bo-2-tap-p278860628.html?spid=278860629
278695573,Sách Chuyến Bay Tử Thần,185500.0,265000.0,79500.0,0.0,0,1,,https://tiki.vnsach-chuyen-bay-tu-than-p278695573.html?spid=278695574
278636619,Sách Biệt Thự Cô Lập Trên Núi Tuyết,119000.0,170000.0,51000.0,5.0,6,1,,https://tiki.vnsach-biet-thu-co-lap-tren-nui-tuyet-p278636619.html?spid=278636623
278567932,Sách Than Ấm Bừng Lên,79000.0,105000.0,26000.0,4.0,5,1,,https://tiki.vnsach-than-am-bung-len-p278567932.html?spid=278568181
278403959,Sách Triết Học Về Cái Chết,210000.0,300000.0,90000.0,5.0,11,1,,https://tiki.vnsach-triet-hoc-ve-cai-chet-p278403959.html?spid=278403960
278377762,Thám Tử Lừng Danh Conan - Tập 106,24000.0,25000.0,1000.0,4.7,15,1,,https://tiki.vntham-tu-lung-danh-conan-tap-106-p278377762.html?spid=278377806
278004511,Sách Chiến Tranh Tiền Tệ - Phần 1 - Ai Thực Sự Là Người Giàu Nhất Thế Giới,144000.0,185000.0,41000.0,5.0,797,1,,https://tiki.vnsach-chien-tranh-tien-te-phan-1-ai-thuc-su-la-nguoi-giau-nhat-the-gioi-p278004511.html?spid=278004514
277361862,Sách Kỹ thuật đặt câu lệnh cho ChatGPT,124600.0,179000.0,54400.0,5.0,20,1,,https://tiki.vnsach-ky-thuat-dat-cau-lenh-cho-chatgpt-p277361862.html?spid=277361864
276501728,Who? Chuyện Kể Về Danh Nhân Thế Giới - KĐ,55000.0,55000.0,0.0,0.0,0,34429,,https://tiki.vnwho-chuyen-ke-ve-danh-nhan-the-gioi-kd-p276501728.html?spid=276501756
276344688,Sách Tham vọng vĩ đại: 6 nguyên tắc điều hướng tham vọng để có một cuộc sống tốt đẹp hơn,126000.0,158000.0,32000.0,5.0,7,1,,https://tiki.vnsach-tham-vong-vi-dai-6-nguyen-tac-dieu-huong-tham-vong-de-co-mot-cuoc-song-tot-dep-hon-p276344688.html?spid=276344690
275882938,Sách Văn học kinh điển. Suy đồi và sụp đổ,124000.0,160000.0,36000.0,5.0,12,1,,https://tiki.vnsach-van-hoc-kinh-dien-suy-doi-va-sup-do-p275882938.html?spid=275882943
275303225,"Sách English Collocations In News - Đọc Tin Không “Vấp""",119200.0,169000.0,49800.0,4.8,12,1,,https://tiki.vnsach-english-collocations-in-news-doc-tin-khong-vap-p275303225.html?spid=275844817
274926108,"Bút Bi Nước Mực Gel 10 Màu Chính Hãng Deli, Ngòi 0.5mm Mực Trơn Tru Nét Đều Nhanh Khô Trang Trí Vở Viết",16200.0,16200.0,0.0,4.8,13,113115,,https://tiki.vnbut-bi-nuoc-muc-gel-10-mau-chinh-hang-deli-ngoi-0-5mm-muc-tron-tru-net-deu-nhanh-kho-trang-tri-vo-viet-p274926108.html?spid=274926254
274668055,Sách Cuộc chiến vi mạch,210000.0,300000.0,90000.0,4.8,17,1,,https://tiki.vnsach-cuoc-chien-vi-mach-p274668055.html?spid=274668057
274315616,Sách Thiên nhiên muôn màu - STEM,36000.0,45000.0,9000.0,0.0,0,1,,https://tiki.vnsach-thien-nhien-muon-mau-stem-p274315616.html?spid=274363533
273355948,Sách Bình Minh U Uẩn,89600.0,109000.0,19400.0,5.0,21,1,,https://tiki.vnsach-binh-minh-u-uan-p273355948.html?spid=273355951
273119845,Sách Ông Trùm Cuối Cùng (Mario Puzo),109000.0,150000.0,41000.0,4.8,357,1,,https://tiki.vnsach-ong-trum-cuoi-cung-mario-puzo-p273119845.html?spid=238701
270835318,Sách 7 Chiến Lược Để Sống Sung Túc & Hạnh Phúc,75460.0,98000.0,22540.0,5.0,14,1,,https://tiki.vnsach-7-chien-luoc-de-song-sung-tuc-hanh-phuc-p270835318.html?spid=270835319
269992031,Sách Lũ trẻ đường tàu,59500.0,85000.0,25500.0,5.0,16,1,,https://tiki.vnsach-lu-tre-duong-tau-p269992031.html?spid=269992033
262875319,Sách Bé học - bé chơi - Tô màu vương quốc khủng long,17000.0,20000.0,3000.0,0.0,0,1,,https://tiki.vnsach-be-hoc-be-choi-to-mau-vuong-quoc-khung-long-p262875319.html?spid=262875326
247446852,Sách Sức Hút Của Sự Điềm Tĩnh,91630.0,119000.0,27370.0,4.8,72,1,,https://tiki.vnsach-suc-hut-cua-su-diem-tinh-p247446852.html?spid=247446854
206840682,Sách Quyền Lực Của Địa Lý - The Power Of Geography,201600.0,280000.0,78400.0,5.0,388,1,,https://tiki.vnsach-quyen-luc-cua-dia-ly-the-power-of-geography-p206840682.html?spid=206840683
195624160,Sách Thai Giáo Theo Chuyên Gia - 280 Ngày Mỗi Ngày Đọc 1 Trang,89400.0,115000.0,25600.0,4.8,72,1,,https://tiki.vnsach-thai-giao-theo-chuyen-gia-280-ngay-moi-ngay-doc-1-trang-p195624160.html?spid=195624161
194104226,"Sách Mô Hình Can Thiệp Sớm Denver Cho Trẻ Tự Kỷ - Thúc Đẩy Kỹ Năng Ngôn Ngữ, Học Tập Và Tương Tác",169000.0,210000.0,41000.0,5.0,22,1,,https://tiki.vnsach-mo-hinh-can-thiep-som-denver-cho-tre-tu-ky-thuc-day-ky-nang-ngon-ngu-hoc-tap-va-tuong-tac-p194104226.html?spid=194104227
160664938,Cứ an nhiên rồi sẽ bình yên (tái bản 2022),95000.0,95000.0,0.0,5.0,3,101957,,https://tiki.vncu-an-nhien-roi-se-binh-yen-tai-ban-2022-p160664938.html?spid=160664939
132366463,Sách 33 Chiến Lược Của Chiến Tranh (Tái Bản),172000.0,215000.0,43000.0,4.8,70,1,,https://tiki.vnsach-33-chien-luoc-cua-chien-tranh-tai-ban-p132366463.html?spid=132366464
113655001,Giáo Trình Triết Học Mác – Lênin (Dành Cho Bậc Đại Học Hệ Không Chuyên Lý Luận Chính Trị) - Bộ mới năm 2021,78000.0,78000.0,0.0,5.0,693,197,,https://tiki.vngiao-trinh-triet-hoc-mac-lenin-danh-cho-bac-dai-hoc-he-khong-chuyen-ly-luan-chinh-tri-bo-moi-nam-2021-p113655001.html?spid=113655002
92571387,Sách Buông Bỏ Buồn Buông (Tái Bản),75460.0,98000.0,22540.0,5.0,59,1,,https://tiki.vnsach-buong-bo-buon-buong-tai-ban-p92571387.html?spid=92571391
92492870,Combo 6 Cuốn Ehon Nhật Bản : Ai Ở Sau Lưng Bạn Thế (Tái Bản),164000.0,234000.0,70000.0,5.0,287,1,,https://tiki.vncombo-6-cuon-ehon-nhat-ban-ai-o-sau-lung-ban-the-tai-ban-p92492870.html?spid=92492871
82996522,Sách Tư Bản Thế Kỷ 21,231000.0,300000.0,69000.0,4.8,257,1,,https://tiki.vnsach-tu-ban-the-ky-21-p82996522.html?spid=82996523
50475521,Sách Đánh Thức Con Người Phi Thường Trong Bạn,129360.0,168000.0,38640.0,5.0,905,1,,https://tiki.vnsach-danh-thuc-con-nguoi-phi-thuong-trong-ban-bia-mem-tai-ban-2020-p50475521.html?spid=50475522
44433397,"Sách Yêu Mình Trước Đã, Yêu Đời Để Sau",83930.0,109000.0,25070.0,4.8,699,1,,https://tiki.vnsach-yeu-minh-truoc-da-yeu-doi-de-sau-p44433397.html?spid=44433399
3608623,Sách Bí Mật Của Phan Thiên Ân,69000.0,69000.0,0.0,4.8,2444,7446,,https://tiki.vnsach-bi-mat-cua-phan-thien-an-p3608623.html?spid=3679501
279160705,Sách - Series Ẩm thực qua tranh (Nhã Nam Official),128000.0,160000.0,32000.0,0.0,0,344082,,https://tiki.vnsach-series-am-thuc-qua-tranh-nha-nam-official-p279160705.html?spid=279160717
279124245,Sách - Thám Tử Lừng Danh Conan - Tập 107,24700.0,25000.0,300.0,5.0,1,53660,,https://tiki.vnsach-tham-tu-lung-danh-conan-tap-107-p279124245.html?spid=279124246
279063682,Sách Ma Đạo Tổ Sư (Tập 10),178000.0,179000.0,1000.0,5.0,2,1,,https://tiki.vnsach-ma-dao-to-su-tap-10-p279063682.html?spid=279064101
279049276,Thiệp Chúc Mừng Năm Mới Meggy's Choice - Happy New Year,10000.0,10000.0,0.0,0.0,0,1308,,https://tiki.vnthiep-chuc-mung-nam-moi-meggy-s-choice-happy-new-year-p279049276.html?spid=279049278
279026812,Sách - Ảo ảnh trong xã hội dư thừa kết nối,195000.0,195000.0,0.0,0.0,0,324959,,https://tiki.vnsach-ao-anh-trong-xa-hoi-du-thua-ket-noi-p279026812.html?spid=279026813
278969234,"Sách - Tri thức văn hóa cổ truyền Việt Nam - Tác giả Pierre Huard, Maurice Durand - Tritthuctrebooks - Khổ sách 16*24cm",239200.0,299000.0,59800.0,0.0,0,1565,,https://tiki.vnsach-tri-thuc-van-hoa-co-truyen-viet-nam-tac-gia-pierre-huard-maurice-durand-tritthuctrebooks-kho-sach-16-24cm-p278969234.html?spid=278969235
278969071,Sách - 60 Đề Minh Họa Tốt Nghiệp THPT 2026 - Môn Toán,156000.0,200000.0,44000.0,0.0,0,53660,,https://tiki.vnsach-60-de-minh-hoa-tot-nghiep-thpt-2026-mon-toan-p278969071.html?spid=278969072
278961233,"Bao Lì Xì Gieo Quẻ Mẫu Mới, Bộ 12 quẻ rút thăm xin quẻ Cực Xịn",79000.0,79000.0,0.0,5.0,1,35488,,https://tiki.vnbao-li-xi-gieo-que-mau-moi-bo-12-que-rut-tham-xin-que-cuc-xin-p278961233.html?spid=272998190
278749217,Đợi Khi Tôi Có Tội (Đinh Mặc),115000.0,169000.0,54000.0,4.8,114,1,,https://tiki.vndoi-khi-toi-co-toi-dinh-mac-p278749217.html?spid=278749222
278680907,Sách Cẩm Nang Sinh Tồn - Những Kỹ Năng Thoát Hiểm Cần Phải Biết Trước Khi Quá Muộn,130130.0,169000.0,38870.0,4.8,5,1,,https://tiki.vnsach-cam-nang-sinh-ton-nhung-ky-nang-thoat-hiem-can-phai-biet-truoc-khi-qua-muon-p278680907.html?spid=278680908
278487727,Sách Tiểu Thuyết Lịch Sử: Vạn Xuân,221500.0,275000.0,53500.0,0.0,0,1,,https://tiki.vnsach-tieu-thuyet-lich-su-van-xuan-p278487727.html?spid=278487738
278280528,Sách Từ Điển Bằng Hình Cho Bé,22200.0,28000.0,5800.0,0.0,0,1,,https://tiki.vnsach-tu-dien-bang-hinh-cho-be-p278280528.html?spid=278280532
278241131,Sách Công Viên Khủng Long 1 sao - dán hình phát triển IQ - EQ - CQ,26800.0,39000.0,12200.0,0.0,0,1,,https://tiki.vnsach-cong-vien-khung-long-dan-hinh-phat-trien-iq-eq-cq-p278241131.html?spid=278241237
278138552,Sách Trò chơi thoát hiểm,39000.0,70000.0,31000.0,0.0,0,1,,https://tiki.vnsach-tro-choi-thoat-hiem-p278138552.html?spid=278138556
278122197,Sách Tàng Long Quyết,135000.0,209000.0,74000.0,5.0,3,1,,https://tiki.vnsach-tang-long-quyet-p278122197.html?spid=278122265
277921614,[Sách] Tuyển tập Chekhov - Anton Chekhov - Sách Tao Đàn,304000.0,380000.0,76000.0,5.0,3,48569,,https://tiki.vnsach-tuyen-tap-chekhov-anton-chekhov-sach-tao-dan-p277921614.html?spid=277921615
277664553,Sách Hoàng Đế Nội Kinh - Linh Khu,397000.0,488000.0,91000.0,5.0,15,1,,https://tiki.vnsach-hoang-de-noi-kinh-linh-khu-p277664553.html?spid=277664562
277543284,Kotaro sống một mình,45000.0,48000.0,3000.0,5.0,11,1,,https://tiki.vnkotaro-song-mot-minh-p277543284.html?spid=277543287
277412034,Sách Song Ngữ Lời Thì Thầm Trong Tổ Ấm - Whispers In The Home - Chính Hãng + Mã File Nghe,198000.0,198000.0,0.0,5.0,36,360665,,https://tiki.vnloi-thi-tham-trong-to-am-whispers-in-the-home-sach-song-ngu-anh-viet-p277412034.html?spid=277412035
277041586,Sách Dopamine detox: Thanh lọc tâm trí để tập trung vào những điều quan trọng nhất - Thibaut Meurisse,61000.0,61000.0,0.0,0.0,0,124753,,https://tiki.vnsach-dopamine-detox-thanh-loc-tam-tri-de-tap-trung-vao-nhung-dieu-quan-trong-nhat-p277041586.html?spid=277041587
276497195,Sách Con Đường Chuyển Hóa - 50 Bài giảng về con đường chân chánh - Thầy Thích Pháp Hòa,144760.0,188000.0,43240.0,5.0,35,1,,https://tiki.vnsach-con-duong-chuyen-hoa-50-bai-giang-ve-con-duong-chan-chanh-thay-thich-phap-hoa-p276497195.html?spid=276497196
276159903,Sách Sapiens Lược Sử Loài Người Bằng Tranh - Tập 3: Những Chủ Nhân Của Lịch Sử,281000.0,399000.0,118000.0,4.8,17,1,,https://tiki.vnsach-sapiens-luoc-su-loai-nguoi-bang-tranh-tap-3-nhung-chu-nhan-cua-lich-su-p276159903.html?spid=276159905
276077657,Sách Năm Điều Ước Của Ông Murray Mcbride,111200.0,139000.0,27800.0,4.7,34,1,,https://tiki.vnsach-nam-dieu-uoc-cua-ong-murray-mcbride-p276077657.html?spid=276077658
275874243,Bộ sách Góc Nhìn Sử Việt: Cao Bá Quát/Việt Hoa Bang Giao Sử/Bánh Xe Khứ Quốc/Giọt Máu Sau Cùng/Lương Ngọc Quyến/Nguyễn Tri Phương,51600.0,69000.0,17400.0,5.0,1,1,,https://tiki.vnbo-sach-goc-nhin-su-viet-cao-ba-quat-viet-hoa-bang-giao-su-banh-xe-khu-quoc-giot-mau-sau-cung-luong-ngoc-quyen-nguyen-tri-phuong-p275874243.html?spid=275874535
275836583,Sách - Thư viện từ vựng đầu đời cho bé - Song ngữ Việt - Anh cho trẻ 3 - 9 tuổi - Đinh Tị Books,57200.0,59000.0,1800.0,0.0,0,190089,,https://tiki.vnsach-thu-vien-tu-vung-dau-doi-cho-be-song-ngu-viet-anh-cho-tre-3-9-tuoi-dinh-ti-books-p275836583.html?spid=275836593
273029241,Sách Quyền Lực Đích Thực,113000.0,140000.0,27000.0,5.0,66,1,,https://tiki.vnsach-quyen-luc-dich-thuc-p273029241.html?spid=275337002
205814313,Viết Gel Sarasa Clip Vintage 0.5mm - Zebra Nhật Bản,37000.0,37000.0,0.0,5.0,1,116663,,https://tiki.vnviet-gel-sarasa-clip-vintage-0-5mm-zebra-nhat-ban-p205814313.html?spid=205814322
204051994,Sách Ngôi nhà kỳ quái,109000.0,138000.0,29000.0,5.0,171,1,,https://tiki.vnsach-ngoi-nha-ky-quai-p204051994.html?spid=204051995
191977198,Bộ sách 8 cuốn thiếu nhi Gieo những mầm xanh (Cuốn lẻ),40500.0,45000.0,4500.0,5.0,1,670,,https://tiki.vnbo-sach-8-cuon-thieu-nhi-gieo-nhung-mam-xanh-cuon-le-va-combo-p191977198.html?spid=191977200
186290806,Sách Bong Bóng Lên Trời (Tái Bản 2022),30000.0,38000.0,8000.0,5.0,30,1,,https://tiki.vnsach-bong-bong-len-troi-tai-ban-2022-p186290806.html?spid=186290807
170490702,Sách Tư Duy Kế Toán Phải Có Trong Kinh Doanh,77800.0,105000.0,27200.0,4.8,31,1,,https://tiki.vnsach-tu-duy-ke-toan-phai-co-trong-kinh-doanh-p170490702.html?spid=170490703
166437164,TÂY DU KÝ - Truyện Tranh (Trọn bộ 21 Quyển),484000.0,968000.0,484000.0,4.3,11,48511,,https://tiki.vntay-du-ky-truyen-tranh-tron-bo-21-quyen-p166437164.html?spid=166437165
165150439,Sách TalMud - Tinh Hoa Trí Tuệ Do Thái (Tái Bản),86000.0,110000.0,24000.0,4.8,237,1,,https://tiki.vnsach-talmud-tinh-hoa-tri-tue-do-thai-tai-ban-p165150439.html?spid=165150440
158641027,Sách Kẻ Nhắc Tuồng (Tái Bản),118000.0,199000.0,81000.0,5.0,189,1,,https://tiki.vnsach-ke-nhac-tuong-tai-ban-p158641027.html?spid=158641030
152740748,Sách Lối Sống Tối Giản Của Người Nhật (Tái Bản),107400.0,139000.0,31600.0,4.8,364,1,,https://tiki.vnsach-loi-song-toi-gian-cua-nguoi-nhat-tai-ban-p152740748.html?spid=152740749
72540051,Sách Người Thông Minh Giải Quyết Vấn Đề Như Thế Nào (Tái Bản 2020),52360.0,68000.0,15640.0,5.0,104,1,,https://tiki.vnsach-nguoi-thong-minh-giai-quyet-van-de-nhu-the-nao-tai-ban-2020-p72540051.html?spid=72540052
66712456,Sách Trở Về Không - Trải Nghiệm Ho'oponopono - Thực Hiện Hóa Những Phép Màu Trong Cuộc Sống,140000.0,159000.0,19000.0,5.0,894,1,,https://tiki.vnsach-tro-ve-khong-trai-nghiem-ho-oponopono-thuc-hien-hoa-nhung-phep-mau-trong-cuoc-song-p66712456.html?spid=66712457
54748899,Sách Muôn Kiếp Nhân Sinh (Bìa Mềm) - Nguyên Phong,129360.0,168000.0,38640.0,4.8,5345,1,,https://tiki.vnsach-muon-kiep-nhan-sinh-bia-mem-nguyen-phong-p54748899.html?spid=54748900
50723822,Sách Con Đường Đi Đến Thành Công Bằng Sự Tử Tế (Tái Bản 2020),56000.0,70000.0,14000.0,4.8,304,1,,https://tiki.vnsach-con-duong-di-den-thanh-cong-bang-su-tu-te-tai-ban-2020-p50723822.html?spid=51830753
1006197,Sách Lý Gia Thành – “Ông Chủ Của Những Ông Chủ” Trong Giới Kinh Doanh Hồng Kông (Tái Bản),90600.0,139000.0,48400.0,4.7,90,1,,https://tiki.vnsach-ly-gia-thanh-ong-chu-cua-nhung-ong-chu-trong-gioi-kinh-doanh-hong-kong-tai-ban-p1006197.html?spid=1007175
279081834,"Sách GO GLOBAL - Cẩm Nang Sống, Làm Việc & Tỏa Sáng Toàn Cầu – Nguyễn Phi Vân",230400.0,288000.0,57600.0,0.0,0,1,,https://tiki.vngo-global-cam-nang-song-lam-viec-toa-sang-toan-cau-nguyen-phi-van-p279081834.html?spid=279081835
278998895,Sách Thần Thật Là Yếu Đuối (Tập 1),172000.0,208000.0,36000.0,4.8,9,1,,https://tiki.vnsach-than-that-la-yeu-duoi-tap-1-p278998895.html?spid=278998932
278968251,Hàng Xóm Của Tôi TOTORO (Truyện tranh màu) - [Chọn Tập Lẻ,75000.0,75000.0,0.0,5.0,3,1,,https://tiki.vnhang-xom-cua-toi-totoro-truyen-tranh-mau-chon-tap-le-p278968251.html?spid=279180521
278895130,Sách - Chiến Lược Vượt Trội Thực Thi Xuất Sắc - Tích Hợp OKRs Và KPI Trong Quản Trị Doanh Nghiệp,179000.0,199000.0,20000.0,5.0,4,2953,,https://tiki.vnsach-chien-luoc-vuot-troi-thuc-thi-xuat-sac-tich-hop-okrs-va-kpi-trong-quan-tri-doanh-nghiep-p278895130.html?spid=278895131
278895074,Sách Data & AI thực chiến với Excel & Power BI,239000.0,239000.0,0.0,0.0,0,1674,,https://tiki.vnsach-data-ai-thuc-chien-voi-excel-power-bi-p278895074.html?spid=278895075
278892522,Sách Ác Nữ Nửa Vời - Truyền Kì Hoán Hồn Đổi Xác (Truyện Tranh) [Chọn Tập Lẻ,42000.0,45000.0,3000.0,5.0,2,1,,https://tiki.vnsach-ac-nu-nua-voi-truyen-ki-hoan-hon-doi-xac-truyen-tranh-tap-1-tang-postcard-standee-be-hinh-p278892522.html?spid=278786970
278686259,Giấc Mơ Kangaroo (Hồi Ức) - Nguyễn Văn Tuấn,204500.0,259000.0,54500.0,5.0,6,4413,,https://tiki.vngiac-mo-kangaroo-hoi-uc-nguyen-van-tuan-p278686259.html?spid=278686260
278637446,Sách Vương Hồng Sển - Tả Quân Lê Và Tuồng San Hậu - Di Cảo (Bìa Cứng),149000.0,190000.0,41000.0,4.7,3,1,,https://tiki.vnsach-vuong-hong-sen-ta-quan-le-va-tuong-san-hau-di-cao-bia-cung-p278637446.html?spid=278637447
278636878,Sách Cội Nguồn Của Hạnh Phúc,129360.0,168000.0,38640.0,0.0,0,1,,https://tiki.vnsach-coi-nguon-cua-hanh-phuc-p278636878.html?spid=278636880
278526486,Sách Codename Anastasia – Mật Danh Anastasia – Tập 1,180000.0,225000.0,45000.0,4.8,21,1,,https://tiki.vnsach-codename-anastasia-mat-danh-anastasia-tap-1-p278526486.html?spid=278526502
278487516,Sách Ván Cờ Bất Tử,137830.0,179000.0,41170.0,5.0,4,1,,https://tiki.vnsach-van-co-bat-tu-p278487516.html?spid=278487518
278101299,Sách Nhật Kí Đi Học Của Mike,31000.0,45000.0,14000.0,0.0,0,1,,https://tiki.vnsach-nhat-ki-di-hoc-cua-mike-p278101299.html?spid=278101306
277585864,Sách Co - Intellgence - Trí Tuệ Đồng Hành - Kỷ nguyên sống và làm việc cùng AI,142500.0,190000.0,47500.0,4.8,9,1,,https://tiki.vnsach-co-intellgence-tri-tue-dong-hanh-ky-nguyen-song-va-lam-viec-cung-ai-p277585864.html?spid=277585865
277482522,NVIDIA Cỗ Máy Tư Duy Vĩ Đại,179280.0,249000.0,69720.0,5.0,3,127920,,https://tiki.vnnvidia-co-may-tu-duy-vi-dai-p277482522.html?spid=277484664
276933747,Combo Giáo Trình Chuẩn YCT 1 - Sách Bài Học và Bài tập (Bộ 2 cuốn),171000.0,206000.0,35000.0,5.0,1,1,,https://tiki.vncombo-giao-trinh-chuan-yct-1-sach-bai-hoc-va-bai-tap-bo-2-cuon-p276933747.html?spid=276949265
274238676,Sách Hòn Đá Mù – Medusa Những Chuyện Chưa Kể,119250.0,159000.0,39750.0,4.7,7,1,,https://tiki.vnsach-hon-da-mu-medusa-nhung-chuyen-chua-ke-p274238676.html?spid=274238677
273688229,Trăm Năm Cô Đơn,187000.0,199000.0,12000.0,5.0,20,53660,,https://tiki.vntram-nam-co-don-p273688229.html?spid=273688230
273549047,Sách Thiết Kế Lấy Người Dùng Làm Trung Tâm,140400.0,199000.0,58600.0,4.7,262,1,,https://tiki.vnsach-thiet-ke-lay-nguoi-dung-lam-trung-tam-p273549047.html?spid=273549050
273375302,Sách ÉMILE hay Là Về Giáo Dục,295000.0,365000.0,70000.0,5.0,8,1,,https://tiki.vnsach-emile-hay-la-ve-giao-duc-p273375302.html?spid=273375303
273375300,Sách Quản Trị Bán Hàng Hiệu Quả,164100.0,225000.0,60900.0,5.0,1,1,,https://tiki.vnsach-quan-tri-ban-hang-hieu-qua-p273375300.html?spid=273375301
272454779,Trốn Lên Mái Nhà Để Khóc - Tặng Kèm Bookmark,82600.0,95000.0,12400.0,5.0,18,53660,,https://tiki.vntron-len-mai-nha-de-khoc-tang-kem-bookmark-p272454779.html?spid=272454780
272301561,Tủ Sách Thiếu Nhi Kinh Điển Heidi - Cuốn Sách Dành Cho Trẻ Em Và Những Ai Yêu Trẻ Em,86900.0,118000.0,31100.0,5.0,35,1,,https://tiki.vntu-sach-thieu-nhi-kinh-dien-heidi-cuon-sach-danh-cho-tre-em-va-nhung-ai-yeu-tre-em-p272301561.html?spid=272301565
272226138,Sách Homo Deus Lược Sử Tương Lai,157500.0,225000.0,67500.0,4.7,24,1,,https://tiki.vnsach-homo-deus-luoc-su-tuong-lai-p272226138.html?spid=272226140
271433576,Giao Tiếp Bất Bạo Động - Ngôn Ngữ Của Lòng Trắc Ẩn,127100.0,155000.0,27900.0,5.0,5,53660,,https://tiki.vngiao-tiep-bat-bao-dong-ngon-ngu-cua-long-trac-an-p271433576.html?spid=271433577
262797664,Sách Như Ta Là,67760.0,88000.0,20240.0,5.0,15,1,,https://tiki.vnsach-nhu-ta-la-p262797664.html?spid=262797665
262301191,Combo Muôn Kiếp Nhân Sinh 3 Tập,503580.0,654000.0,150420.0,5.0,116,1,,https://tiki.vncombo-muon-kiep-nhan-sinh-3-tap-p262301191.html?spid=262301194
243006523,Sách Harry Potter Và Hội Phượng Hoàng - Tập 5,334000.0,385000.0,51000.0,4.8,50,1,,https://tiki.vnsach-harry-potter-va-hoi-phuong-hoang-tap-5-p243006523.html?spid=243006524
216437675,Sách TIẾN TRÌNH THÀNH NHÂN (TÁI BẢN),101650.0,155000.0,53350.0,5.0,28,1,,https://tiki.vnsach-tien-trinh-thanh-nhan-tai-ban-p216437675.html?spid=216437677
192737090,Quả cầu học sinh do Việt Nam sản xuất,125000.0,125000.0,0.0,4.5,14,3644,,https://tiki.vnqua-dia-cau-hoc-sinh-do-viet-nam-san-xuat-p192737090.html?spid=278063711
190843478,COMBO 4 - (TRÍ TUỆ CỦA NGƯỜI XƯA - ĐẠO LÝ NGƯỜI XƯA - HIỂU NGƯỜI để DÙNG NGƯỜI - CỔ HỌC TINH HOA) - MINH TRIẾT PHƯƠNG ĐÔNG,350000.0,590000.0,240000.0,4.7,292,10684,,https://tiki.vncombo-4-tri-tue-cua-nguoi-xua-dao-ly-nguoi-xua-hieu-nguoi-de-dung-nguoi-co-hoc-tinh-hoa-minh-triet-phuong-dong-p190843478.html?spid=190843479
189643105,Sách Không Phải Sói Nhưng Cũng Đừng Là Cừu -Tặng kèm bookmark 2 mặt,99840.0,128000.0,28160.0,4.8,1510,1,,https://tiki.vnsach-khong-phai-soi-nhung-cung-dung-la-cuu-tang-kem-bookmark-2-mat-p189643105.html?spid=189643110
127991078,Sách Mẫu Thượng Ngàn (Tiểu Thuyết)(Tái Bản),210000.0,300000.0,90000.0,4.8,32,1,,https://tiki.vnsach-mau-thuong-ngan-tieu-thuyet-tai-ban-p127991078.html?spid=127991080
116397449,Sách Người Tình Sputnik,67200.0,96000.0,28800.0,5.0,296,1,,https://tiki.vnsach-nguoi-tinh-sputnik-p116397449.html?spid=116397451
113530800,Sách Vụ Án,68600.0,98000.0,29400.0,4.8,106,1,,https://tiki.vnsach-vu-an-p113530800.html?spid=113530802
104314401,Sách Bí Mật Của May Mắn (Khổ Lớn) (Tái Bản),52360.0,68000.0,15640.0,4.8,543,1,,https://tiki.vnsach-bi-mat-cua-may-man-kho-lon-tai-ban-p104314401.html?spid=104314402
84970841,Sách Men Chase Women Choose - Chuyện Tình Yêu Bạn Biết Được Bao Nhiêu?,83930.0,109000.0,25070.0,5.0,726,1,,https://tiki.vnsach-men-chase-women-choose-chuyen-tinh-yeu-ban-biet-duoc-bao-nhieu-p84970841.html?spid=84970842
77774625,"Sách Nghệ Thuật Tập Trung - Nâng Cao Năng Suất, Tối Ưu Thời Gian, Hiệu Quả Bất Ngờ",76230.0,99000.0,22770.0,4.8,1770,1,,https://tiki.vnsach-nghe-thuat-tap-trung-nang-cao-nang-suat-toi-uu-thoi-gian-hieu-qua-bat-ngo-p77774625.html?spid=77774626
62373313,Sách Những Đòn Tâm Lý Trong Thuyết Phục,171700.0,229000.0,57300.0,4.8,140,1,,https://tiki.vnsach-nhung-don-tam-ly-trong-thuyet-phuc-p62373313.html?spid=62373314
22634335,Sách Kỹ Năng Quản Lý Nhân Sự Chuyên Nghiệp,114000.0,169000.0,55000.0,4.8,349,1,,https://tiki.vnsach-ky-nang-quan-ly-nhan-su-chuyen-nghiep-p22634335.html?spid=22634336
2430425,Lốc 5 Ream Giấy In Photo A4 Excel DL 70gsm,305000.0,305000.0,0.0,4.7,57,171392,,https://tiki.vnloc-5-ream-giay-in-photo-a4-excel-dl-70gsm-p2430425.html?spid=87924778
278951870,Sách Đôi Bạn Cùng Tiến (Tập 2),164000.0,205000.0,41000.0,0.0,0,1,,https://tiki.vnsach-doi-ban-cung-tien-tap-2-p278951870.html?spid=278952053
278948837,Boxset Orange - Lá Thư Từ Tương Lai [Tặng Kèm Set 8 Postcard],299250.0,315000.0,15750.0,4.3,3,1,,https://tiki.vnboxset-orange-la-thu-tu-tuong-lai-tang-kem-set-8-postcard-p278948837.html?spid=278948840
278944390,Ngựa Bon - Yukio Mishima,264000.0,380000.0,116000.0,0.0,0,1,,https://tiki.vnngua-bon-yukio-mishima-p278944390.html?spid=278945271
278871138,Tuổi Trẻ cười số 21 phát hành ngày 15-11-2025,14500.0,14500.0,0.0,0.0,0,186778,,https://tiki.vntuoi-tre-cuoi-so-21-phat-hanh-ngay-15-11-2025-p278871138.html?spid=278871139
278791330,Sách 10 Câu Chuyện Ma Hay Nhất Mọi Thời Đại,78000.0,95000.0,17000.0,0.0,0,1,,https://tiki.vnsach-10-cau-chuyen-ma-hay-nhat-moi-thoi-dai-p278791330.html?spid=278791331
278703784,Sách Tư Duy Học IELTS Đúng Từ Đầu,152460.0,198000.0,45540.0,5.0,2,1,,https://tiki.vnsach-tu-duy-hoc-ielts-dung-tu-dau-p278703784.html?spid=278703786
278682565,Sách 6 Vật Liệu Định Hình Văn Minh Nhân Loại,204000.0,299000.0,95000.0,5.0,4,1,,https://tiki.vnsach-6-vat-lieu-dinh-hinh-van-minh-nhan-loai-p278682565.html?spid=278682568
278680994,Bookmark Hội Sách Tiki,20000.0,25000.0,5000.0,5.0,1,1,,https://tiki.vnbookmark-hoi-sach-tiki-p278680994.html?spid=278680997
278138366,Bé điểm danh nào! Vâng!​ - Tủ sách Ehon cho bé,48300.0,69000.0,20700.0,0.0,0,1,,https://tiki.vntu-sach-ehon-cho-be-p278138366.html?spid=278138371
278089762,Sách Đại Địa Chấn Kinh Tế,144760.0,188000.0,43240.0,5.0,2,1,,https://tiki.vnsach-dai-dia-chan-kinh-te-p278089762.html?spid=278089763
277997247,Sách Ba Đứa Trẻ Và Người Thủ Thư Tốt Bụng,123510.0,179000.0,55490.0,5.0,15,1,,https://tiki.vnsach-ba-dua-tre-va-nguoi-thu-thu-tot-bung-p277997247.html?spid=277997248
277923284,Sách Hóa Giải Nghiệp Quả Tổ Tiên,111000.0,148000.0,37000.0,5.0,3,1,,https://tiki.vnsach-hoa-giai-nghiep-qua-to-tien-p277923284.html?spid=277923285
277891027,Sách - Khoá Học Cấp Tốc Về Tư Bản Và Tiền Bạc - Bài Học Từ Thành Phố Đắt Đỏ Nhất Thế Giới,149000.0,199000.0,50000.0,4.7,15,2953,,https://tiki.vnsach-khoa-hoc-cap-toc-ve-tu-ban-va-tien-bac-bai-hoc-tu-thanh-pho-dat-do-nhat-the-gioi-p277891027.html?spid=277891028
277384188,3x3 Eyes - Cô bé ba mắt,86000.0,90000.0,4000.0,5.0,5,1,,https://tiki.vn3x3-eyes-co-be-ba-mat-p277384188.html?spid=276933636
277008730,Sách Bá tước Monte Cristo,181000.0,235000.0,54000.0,4.7,19,1,,https://tiki.vnsach-ba-tuoc-monte-cristo-p277008730.html?spid=277008731
276933583,Sách Cuốn Theo Chiều Gió,184000.0,265000.0,81000.0,4.8,45,1,,https://tiki.vnsach-cuon-theo-chieu-gio-p276933583.html?spid=276933586
276497168,Sách Nghĩ nhanh nói khéo: Hướng dẫn cách phản ứng thông minh trong mọi tình huống,150000.0,189000.0,39000.0,5.0,3,1,,https://tiki.vnsach-nghi-nhanh-noi-kheo-huong-dan-cach-phan-ung-thong-minh-trong-moi-tinh-huong-p276497168.html?spid=276497171
276375319,Sách Ngữ pháp không tẻ nhạt,222000.0,278000.0,56000.0,5.0,1,1,,https://tiki.vnsach-ngu-phap-khong-te-nhat-p276375319.html?spid=276375320
275705688,Sách Làm Sạch Mạch Và Máu (Tái Bản),81900.0,109000.0,27100.0,4.7,104,1,,https://tiki.vnsach-lam-sach-mach-va-mau-tai-ban-p275705688.html?spid=275705691
274845354,Sách Sapiens - Lược Sử Loài Người (Bản Bỏ Túi),122900.0,159000.0,36100.0,5.0,94,1,,https://tiki.vnsach-sapiens-luoc-su-loai-nguoi-ban-bo-tui-p274845354.html?spid=274845356
274323956,Sách Nghìn Lẻ Một Đêm (Bìa Cứng),201600.0,275000.0,73400.0,4.8,65,1,,https://tiki.vnsach-nghin-le-mot-dem-bia-cung-p274323956.html?spid=274323960
273524646,Sách Anna Karenina - Tập 1,129500.0,185000.0,55500.0,5.0,14,1,,https://tiki.vnsach-anna-karenina-tap-1-p273524646.html?spid=273524648
205001886,Sách Lý Gia Thành - Thành Công Không Phải Ngẫu Nhiên,107100.0,145000.0,37900.0,4.8,38,1,,https://tiki.vnsach-ly-gia-thanh-thanh-cong-khong-phai-ngau-nhien-p205001886.html?spid=205001888
203958084,Sách 7 Thói Quen của Bạn Trẻ Thành Đạt (Khổ Lớn) (Tái Bản),113960.0,148000.0,34040.0,5.0,39,1,,https://tiki.vnsach-7-thoi-quen-cua-ban-tre-thanh-dat-kho-lon-tai-ban-p203958084.html?spid=203958086
197588263,Sách Tô Màu Phát Triển Não Bộ Cho Bé 1-5 Tuổi Tập 5,11200.0,16000.0,4800.0,5.0,6,1,,https://tiki.vnsach-to-mau-phat-trien-nao-bo-cho-be-1-5-tuoi-tap-5-p197588263.html?spid=197588265
182972777,Sách Rồng Đỏ,103950.0,135000.0,31050.0,4.8,86,1,,https://tiki.vnsach-rong-do-p182972777.html?spid=182972778
173481363,Sách Bách Khoa Tri Thức Cho Trẻ Em,227000.0,280000.0,53000.0,5.0,26,1,,https://tiki.vnsach-bach-khoa-tri-thuc-cho-tre-em-p173481363.html?spid=173481364
157579054,Sách Các Vấn Đề Của Triết Học (The Problems Of Philosophy)(Tái Bản),64700.0,85000.0,20300.0,5.0,46,1,,https://tiki.vnsach-cac-van-de-cua-triet-hoc-the-problems-of-philosophy-tai-ban-p157579054.html?spid=157579055
147988185,"Combo 2 Cuốn ""Hiểu Hết"" : How Business Works - Hiểu Hết Về Kinh Doanh + How Money Works - Hiểu Hết Về Tiền",497000.0,710000.0,213000.0,4.8,204,1,,https://tiki.vncombo-2-cuon-hieu-het-how-business-works-hieu-het-ve-kinh-doanh-how-money-works-hieu-het-ve-tien-p147988185.html?spid=147988187
138269668,Từ Điển Tiếng Việt (Hoàng Phê)(Tái Bản),520000.0,590000.0,70000.0,4.8,267,1,,https://tiki.vntu-dien-tieng-viet-hoang-phe-tai-ban-p138269668.html?spid=138269670
97561438,Sách Thế Giới Quả Là Rộng Lớn Và Có Rất Nhiều Việc Phải Làm (Tái Bản),103500.0,139000.0,35500.0,4.8,170,1,,https://tiki.vnsach-the-gioi-qua-la-rong-lon-va-co-rat-nhieu-viec-phai-lam-tai-ban-p97561438.html?spid=97561439
77437951,Sách Chuyện Nhỏ Sài Gòn Bao Nhớ,97000.0,125000.0,28000.0,5.0,276,1,,https://tiki.vnsach-chuyen-nho-sai-gon-bao-nho-p77437951.html?spid=77437952
49649751,Sách Ngàn Năm Chờ Đợi - Diệp Lạc Vô Tâm,35700.0,45000.0,9300.0,4.8,239,1,,https://tiki.vnsach-ngan-nam-cho-doi-diep-lac-vo-tam-p49649751.html?spid=58338609
47799400,Sách Ô Tô Tiến Lên Phía Trước,40000.0,40000.0,0.0,0.0,0,1,,https://tiki.vnsach-o-to-tien-len-phia-truoc-p47799400.html?spid=47799402
33543689,Sách Lịch Sử Quân Sự - Bách Khoa Thư Các Loại Vũ Khí Định Hình Thế Giới,445000.0,550000.0,105000.0,4.8,272,1,,https://tiki.vnsach-lich-su-quan-su-bach-khoa-thu-cac-loai-vu-khi-dinh-hinh-the-gioi-p33543689.html?spid=33543690
14645351,Sách Cuộc Đời Của Pi,97300.0,139000.0,41700.0,5.0,257,1,,https://tiki.vnsach-cuoc-doi-cua-pi-p14645351.html?spid=14645352
11336581,Sách Rich Habits - Thói Quen Thành Công Của Những Triệu Phú Tự Thân,126000.0,158000.0,32000.0,4.7,634,1,,https://tiki.vnsach-rich-habits-thoi-quen-thanh-cong-cua-nhung-trieu-phu-tu-than-p11336581.html?spid=11336582
4059683,"Sách Đất Gia Định Xưa, Bến Nghé Xưa, Người Sài Gòn",92000.0,118000.0,26000.0,5.0,67,1,,https://tiki.vnsach-dat-gia-dinh-xua-ben-nghe-xua-nguoi-sai-gon-p4059683.html?spid=4060643
1667307,Sách Quân Vương – Thuật Cai Trị (Tái Bản),81700.0,109000.0,27300.0,4.8,374,1,,https://tiki.vnsach-quan-vuong-thuat-cai-tri-tai-ban-p1667307.html?spid=1667625
595726,Sách Giáo Trình Chuẩn HSK 4 Bài Học (Tập 2),192000.0,238000.0,46000.0,5.0,294,1,,https://tiki.vnsach-giao-trinh-chuan-hsk-4-bai-hoc-tap-2-p595726.html?spid=595744
279056293,Kỹ Thuật Phân Tích Và Đầu Tư Cổ Phiếu Thực Chiến,138900.0,195000.0,56100.0,3.0,2,1,,https://tiki.vnky-thuat-phan-tich-va-dau-tu-co-phieu-thuc-chien-p279056293.html?spid=279056294
279023139,Sách Tâm Lý Học Cá Nhân - Thấu hiểu bản chất con người và sống cuộc đời viên mãn,120000.0,139000.0,19000.0,0.0,0,1,,https://tiki.vnsach-tam-ly-hoc-ca-nhan-thau-hieu-ban-chat-con-nguoi-va-song-cuoc-doi-vien-man-p279023139.html?spid=279023140
279016727,Từ Đối Đầu Sang Hoà Hợp - Bệnh Thận Mạn - Ăn Đúng Thay Vì Ăn Kiêng - Đặng Ngọc Hùng - Omega Plus ,165700.0,195000.0,29300.0,0.0,0,1,,https://tiki.vntu-doi-dau-sang-hoa-hop-benh-than-man-an-dung-thay-vi-an-kieng-dang-ngoc-hung-omega-plus-p279016727.html?spid=279057830
278979103,Hướng Dẫn Chế Độ Kế Toán Doanh Nghiệp (Theo Thông Tư 99/2025/TT-BTC) Có Ví Dụ Minh Họa,595000.0,595000.0,0.0,4.7,3,10560,,https://tiki.vnhuong-dan-che-do-ke-toan-doanh-nghiep-theo-thong-tu-99-2025-tt-btc-co-vi-du-minh-hoa-p278979103.html?spid=278979104
278945831,Thiên Sứ Nhà Bên – (Bản Phổ Thông) [chọn Tập Lẻ,87000.0,95000.0,8000.0,5.0,1,1,,https://tiki.vnthien-su-nha-ben-tap-9-ban-pho-thong-tang-bookmark-p278945831.html?spid=278945834
278874699,Sách Ninja Rantaro - Tập 65,37000.0,40000.0,3000.0,0.0,0,1,,https://tiki.vnsach-ninja-rantaro-tap-65-p278874699.html?spid=278874700
278819420,Sách Hà Nội 1987,252000.0,360000.0,108000.0,0.0,0,1,,https://tiki.vnsach-ha-noi-1987-p278819420.html?spid=278819421
278816201,Bộ Sách Nhẩn Nha Với Trà,97000.0,139000.0,42000.0,0.0,0,1,,https://tiki.vnbo-sach-nhan-nha-voi-tra-p278816201.html?spid=278816296
278759320,Sách Những Chú Mèo Nơi Thị Trấn Ulthar - Tuyển Tập H. P. Lovecraft,31000.0,40000.0,9000.0,0.0,0,1,,https://tiki.vnsach-nhung-chu-meo-noi-thi-tran-ulthar-tuyen-tap-h-p-lovecraft-p278759320.html?spid=278759322
278756480,Sách Dấu Ấn Hoàng Gia - Tập 34,29400.0,30000.0,600.0,5.0,2,1,,https://tiki.vnsach-dau-an-hoang-gia-tap-34-p278756480.html?spid=278756482
278638428,Dấu Ấn Hoàng Gia – Tập 32,28000.0,30000.0,2000.0,5.0,3,1,,https://tiki.vndau-an-hoang-gia-tap-32-p278638428.html?spid=278638432
278612144,Sách Hợp Táng Án - Na Đa,142450.0,185000.0,42550.0,5.0,7,1,,https://tiki.vnsach-hop-tang-an-na-da-p278612144.html?spid=278612147
278377760,Dấu Ấn Hoàng Gia - Tập 28,28000.0,30000.0,2000.0,5.0,4,1,,https://tiki.vndau-an-hoang-gia-tap-28-p278377760.html?spid=278377764
278003909,Sách Kỳ Án Pháp Y – Truy Tìm Bằng Chứng: Lời Thì Thầm Của Tử Thi,96250.0,125000.0,28750.0,5.0,4,1,,https://tiki.vnsach-ky-an-phap-y-truy-tim-bang-chung-loi-thi-tham-cua-tu-thi-p278003909.html?spid=278003910
277281568,"Sách Biểu tượng, phù hiệu và đồ thờ của người An Nam",103950.0,135000.0,31050.0,5.0,10,1,,https://tiki.vnsach-bieu-tuong-phu-hieu-va-do-tho-cua-nguoi-an-nam-p277281568.html?spid=277281572
276430699,Sách Bức Xúc Không Làm Ta Vô Can,91600.0,119000.0,27400.0,5.0,9,1,,https://tiki.vnsach-buc-xuc-khong-lam-ta-vo-can-p276430699.html?spid=276430700
276361235,Sách Chính Bắc (Discover Your True North) - Khám Phá Ra “Chiếc La Bàn Nội Tâm” Của Chính Mình Để Dẫn Dắt Bản Thân Nhằm Trở Thành Nhà Lãnh Đạo Đích Thực,180000.0,225000.0,45000.0,5.0,52,1,,https://tiki.vnsach-chinh-bac-discover-your-true-north-kham-pha-ra-chiec-la-ban-noi-tam-cua-chinh-minh-de-dan-dat-ban-than-nham-tro-thanh-nha-lanh-dao-dich-thuc-p276361235.html?spid=276361238
274557870,Sách Tần Số Năng Lượng,85800.0,129000.0,43200.0,3.0,2,1,,https://tiki.vnsach-tan-so-nang-luong-p274557870.html?spid=274557871
274404957,Sách Montessori – Phương Pháp Giáo Dục Toàn Diện Cho Trẻ 0-6 Tuổi,93000.0,149000.0,56000.0,5.0,399,1,,https://tiki.vnsach-montessori-phuong-phap-giao-duc-toan-dien-cho-tre-0-6-tuoi-p274404957.html?spid=274404961
274315608,Sách Agatha Christie. Những quân bài trên mặt bàn,94000.0,130000.0,36000.0,5.0,56,1,,https://tiki.vnsach-agatha-christie-nhung-quan-bai-tren-mat-ban-p274315608.html?spid=274315610
273524641,Sách Anna Karenina - Tập 2,115500.0,165000.0,49500.0,4.8,12,1,,https://tiki.vnsach-anna-karenina-tap-2-p273524641.html?spid=273524644
272421625,Sách Mặt Lợi Của Góc Tối,85150.0,131000.0,45850.0,5.0,10,1,,https://tiki.vnsach-mat-loi-cua-goc-toi-p272421625.html?spid=272421626
271784299,Sách Nhà Lãnh Đạo Tương Lai (Tái Bản),154000.0,200000.0,46000.0,5.0,27,1,,https://tiki.vnsach-nha-lanh-dao-tuong-lai-tai-ban-p271784299.html?spid=271784300
271135861,Beartown 2 - Chúng Tôi Đấu Với Các Bạn,191200.0,225000.0,33800.0,0.0,0,53660,,https://tiki.vnbeartown-2-chung-toi-dau-voi-cac-ban-p271135861.html?spid=271135862
199692508,"Basic Economics: Kinh tế học cơ bản, a bờ cờ, kinh tế học nhập môn cho nhà đầu tư",569000.0,569000.0,0.0,5.0,223,7446,,https://tiki.vnbasic-economics-kinh-te-hoc-co-ban-a-bo-co-kinh-te-hoc-nhap-mon-cho-nha-dau-tu-p199692508.html?spid=199692509
193605374,Sách Làm Sao Để Che Giấu Một Đế Quốc - How To Hide An Empire,134550.0,299000.0,164450.0,5.0,38,1,,https://tiki.vnsach-lam-sao-de-che-giau-mot-de-quoc-how-to-hide-an-empire-p193605374.html?spid=193605375
187843292,Sách Hoa trên mộ Algernon,115500.0,150000.0,34500.0,4.7,81,1,,https://tiki.vnsach-hoa-tren-mo-algernon-p187843292.html?spid=187843294
180226005,Sách English Grammar In Use - 136 Đề Mục Ngữ Pháp Tiếng Anh (Bản Màu),125200.0,165000.0,39800.0,5.0,68,1,,https://tiki.vnsach-english-grammar-in-use-136-de-muc-ngu-phap-tieng-anh-ban-mau-p180226005.html?spid=180226006
161633750,Sách Bí Ẩn Nữ Tính,154600.0,199000.0,44400.0,5.0,29,1,,https://tiki.vnsach-bi-an-nu-tinh-p161633750.html?spid=161633751
161008715,Sách Power Vs Force - Trường Năng Lượng Và Những Nhân Tố Quyết Định Hành Vi Của Con Người (Tái Bản),120000.0,179000.0,59000.0,5.0,595,1,,https://tiki.vnsach-power-vs-force-truong-nang-luong-va-nhung-nhan-to-quyet-dinh-hanh-vi-cua-con-nguoi-tai-ban-p161008715.html?spid=161008716
111285062,Sách Đắc Nhân Tâm (Bìa Mềm)(Tái Bản),66220.0,86000.0,19780.0,4.8,1093,1,,https://tiki.vnsach-dac-nhan-tam-bia-mem-tai-ban-p111285062.html?spid=111285063
67249173,BAO THƯ TRẮNG A4 - 25X35CM - LOẠI TỐT (GIẤY DÀY) - 100 CÁI/ XẤP - NẮP KHÔNG KEO,130000.0,130000.0,0.0,4.6,26,140258,,https://tiki.vnbao-thu-trang-a4-25x35cm-loai-tot-giay-day-100-cai-xap-nap-khong-keo-p67249173.html?spid=74677298
57211757,Sách Utopia - Địa đàng trần gian (Tái Bản 2020),49000.0,70000.0,21000.0,5.0,243,1,,https://tiki.vnsach-utopia-dia-dang-tran-gian-tai-ban-2020-p57211757.html?spid=57211758
50269973,Sách Biểu Tượng Thất Truyền (Tái Bản 2020),160000.0,239000.0,79000.0,4.8,379,1,,https://tiki.vnsach-bieu-tuong-that-truyen-tai-ban-2020-p50269973.html?spid=50269974
26222263,Sách Phương Pháp Hồng - Năm Thứ Hai Với Đàn Piano,129000.0,165000.0,36000.0,5.0,299,1,,https://tiki.vnsach-phuong-phap-hong-nam-thu-hai-voi-dan-piano-p26222263.html?spid=26222264
21853767,Sách Tiếng Gọi Của Hoang Dã (Tái Bản 2019),35200.0,50000.0,14800.0,4.7,31,1,,https://tiki.vnsach-tieng-goi-cua-hoang-da-tai-ban-2019-p21853767.html?spid=21853768
21031780,Sách Pháo Đài Số ( Tái Bản ),134500.0,219000.0,84500.0,4.7,436,1,,https://tiki.vnsach-phao-dai-so-tai-ban-p21031780.html?spid=21031781
1085104,Sách Nghệ Thuật Đàm Phán Đỉnh Cao,115200.0,149000.0,33800.0,4.5,23,1,,https://tiki.vnsach-nghe-thuat-dam-phan-dinh-cao-p1085104.html?spid=1085218
543243,Sách Bé Tập Kể Chuyện - Cậu Bé Mũi Dài,13000.0,15000.0,2000.0,4.3,13,1,,https://tiki.vnsach-be-tap-ke-chuyen-cau-be-mui-dai-p543243.html?spid=266358
543026,Sách Bé Học Lễ Giáo - Bubu Tập 01: Bubu Trung Thực,14000.0,15000.0,1000.0,4.8,9,1,,https://tiki.vnsach-be-hoc-le-giao-bubu-tap-01-bubu-trung-thuc-p543026.html?spid=266107
279134968,Komi - Nữ Thần Sợ Giao Tiếp - Tập 26 [Tặng Kèm Special Cover],29000.0,30000.0,1000.0,0.0,0,1,,https://tiki.vnkomi-nu-than-so-giao-tiep-tap-26-tang-kem-special-cover-p279134968.html?spid=279134971
279022916,Sách - Dragon Quest - Cuộc Phiêu Lưu Của Dũng Sĩ Dai - Tập 10 - Kị Sĩ Rồng V - Tặng Kèm Postcard,66900.0,69000.0,2100.0,0.0,0,53660,,https://tiki.vnsach-dragon-quest-cuoc-phieu-luu-cua-dung-si-dai-tap-10-ki-si-rong-v-tang-kem-postcard-p279022916.html?spid=279022917
279012039,Bộ Sách Tác Giả Phạm Duy Nghĩa: Phương Pháp Nghiên Cứu Luật Học + Đại Cương Pháp Luật Và Quản Trị Rủi Ro Pháp Lý (Combo/Lẻ Tuỳ Chọn),101000.0,119000.0,18000.0,0.0,0,111899,,https://tiki.vnbo-sach-tac-gia-pham-duy-nghia-phuong-phap-nghien-cuu-luat-hoc-dai-cuong-phap-luat-va-quan-tri-rui-ro-phap-ly-combo-le-tuy-chon-p279012039.html?spid=279012041
278971265,Sách Sự Dung Dị Của Ngôn Từ,88000.0,109000.0,21000.0,0.0,0,1,,https://tiki.vnsach-su-dung-di-cua-ngon-tu-p278971265.html?spid=278971266
278894450,"Sách-Lịch vạn sự Bính Ngọ 2026-Chọn ngày lành tháng tốt, lịch tết 2026",26500.0,39000.0,12500.0,0.0,0,178049,,https://tiki.vnsach-lich-van-su-binh-ngo-2026-chon-ngay-lanh-thang-tot-lich-tet-2026-p278894450.html?spid=278894451
278843832,Sách Con Cái Chúng Ta Đều Tốt,160160.0,208000.0,47840.0,0.0,0,1,,https://tiki.vnsach-con-cai-chung-ta-deu-tot-p278843832.html?spid=278843833
278837636,Luận Kết Cục Trông Mặt Mà Bắt Hình Dong,133200.0,133200.0,0.0,5.0,2,1,,https://tiki.vnluan-ket-cuc-trong-mat-ma-bat-hinh-dong-p278837636.html?spid=278837843
278636624,Sách Bóng Ma Nơi Đường Ngang,127400.0,182000.0,54600.0,5.0,2,1,,https://tiki.vnsach-bong-ma-noi-duong-ngang-p278636624.html?spid=278636625
278311177,Sách Bản Du Ca Cuối Cùng (Tái Bản),80000.0,110000.0,30000.0,5.0,35,1,,https://tiki.vnsach-ban-du-ca-cuoi-cung-tai-ban-p278311177.html?spid=278311180
278029707,Sách Ăn Dặm Kiểu Nhật,162700.0,219000.0,56300.0,5.0,180,1,,https://tiki.vnsach-an-dam-kieu-nhat-p278029707.html?spid=278029710
278025225,Sách Bách gia tranh minh - Hàn Phi Tử,110000.0,139000.0,29000.0,5.0,2,1,,https://tiki.vnsach-bach-gia-tranh-minh-han-phi-tu-p278025225.html?spid=278025226
277977440,"Sách - Sức Hút Của Sự Tử Tế - Sống Nhân Ái, Tâm Thư Thái",57800.0,85000.0,27200.0,0.0,0,53660,,https://tiki.vnsach-suc-hut-cua-su-tu-te-song-nhan-ai-tam-thu-thai-p277977440.html?spid=277977441
276829543,Sách Lược Sử Âm Nhạc,146300.0,209000.0,62700.0,5.0,7,1,,https://tiki.vnsach-luoc-su-am-nhac-p276829543.html?spid=276829544
275945034,Sách Tương lai của địa lý,175000.0,250000.0,75000.0,5.0,45,1,,https://tiki.vnsach-tuong-lai-cua-dia-ly-p275945034.html?spid=275945037
275354843,"Phương Pháp Học Tập Feynman - 5 Bước Giúp Bạn Học Nhanh, Nhớ Lâu, Tiến Bộ Vượt Bậc",93800.0,136000.0,42200.0,5.0,21,53660,,https://tiki.vnphuong-phap-hoc-tap-feynman-5-buoc-giup-ban-hoc-nhanh-nho-lau-tien-bo-vuot-bac-p275354843.html?spid=275354844
275278631,Sách Vải tiến Trường An,104300.0,149000.0,44700.0,4.8,13,1,,https://tiki.vnsach-vai-tien-truong-an-p275278631.html?spid=275278632
274458938,Sách Khoa học khám phá: Sức mạnh vô hạn - Giải tích toán khám phá bí mật của Vũ trụ như thế nào?,204000.0,250000.0,46000.0,4.8,27,1,,https://tiki.vnsach-khoa-hoc-kham-pha-suc-manh-vo-han-giai-tich-toan-kham-pha-bi-mat-cua-vu-tru-nhu-the-nao-p274458938.html?spid=274458939
273732354,Sách - 38 Bức Thư Rockefeller Gửi Cho Con Trai - SBOOKS,99000.0,138000.0,39000.0,5.0,34,10684,,https://tiki.vnsach-38-buc-thu-rockefeller-gui-cho-con-trai-sbooks-p273732354.html?spid=273732365
273059015,Sách 500 bài thuốc hay chữa bệnh theo kinh nghiệm dân gian,62700.0,90000.0,27300.0,4.6,22,1,,https://tiki.vnsach-500-bai-thuoc-hay-chua-benh-theo-kinh-nghiem-dan-gian-p273059015.html?spid=273059029
272599100,Combo (10 Tập): Truyện tranh song ngữ Việt-Anh cho bé,110000.0,150000.0,40000.0,5.0,7,1,,https://tiki.vncombo-10-tap-truyen-tranh-song-ngu-viet-anh-cho-be-p272599100.html?spid=272599101
270734741,Sách Điều cơ thể muốn bạn lắng nghe,93000.0,125000.0,32000.0,5.0,3,1,,https://tiki.vnsach-dieu-co-the-muon-ban-lang-nghe-p270734741.html?spid=270734743
253284237,Sách Phong thủy nhà ở - Bí mật giúp gia chủ đón tài rước lộc,135000.0,168000.0,33000.0,4.3,4,1,,https://tiki.vnsach-phong-thuy-nha-o-bi-mat-giup-gia-chu-don-tai-ruoc-loc-p253284237.html?spid=253284238
249374002,Sách Hãy Chăm Sóc Mẹ,74200.0,106000.0,31800.0,5.0,92,1,,https://tiki.vnsach-hay-cham-soc-me-p249374002.html?spid=249374003
248798962,"Sách Phá bỏ thói quen, đánh thức chính mình - Breaking the Habit of Being Yourself - Happy Live",299000.0,299000.0,0.0,5.0,33,7446,,https://tiki.vnthay-doi-thoi-quen-danh-thuc-chinh-minh-breaking-the-habit-of-being-yourself-p248798962.html?spid=248798964
207968695,Sách Chủ nghĩa Tư bản và Tự do – Capitalism and Freedom,140000.0,200000.0,60000.0,4.8,107,1,,https://tiki.vnsach-chu-nghia-tu-ban-va-tu-do-capitalism-and-freedom-p207968695.html?spid=207968696
206675362,Sách Nâng Cao Tần Số Rung Động Mỗi Ngày: Khám Phá Cách Năng Lượng Vận Hành,110000.0,135000.0,25000.0,4.5,2,1,,https://tiki.vnsach-nang-cao-ta-n-so-rung-do-ng-mo-i-nga-y-kha-m-pha-ca-ch-nang-luo-ng-va-n-ha-nh-p206675362.html?spid=206675363
202895291,Sách Lịch Sử Cái Đẹp,412300.0,589000.0,176700.0,4.7,118,1,,https://tiki.vnsach-lich-su-cai-dep-p202895291.html?spid=202895293
195573547,Sách Lén Nhặt Chuyện Đời,68800.0,85000.0,16200.0,5.0,20,53660,,https://tiki.vnlen-nhat-chuyen-doi-p195573547.html?spid=195573548
192125806,Sách Dạy con làm giàu - Tập 11 - Trường dạy kinh doanh cho những người thích giúp đỡ người khác (Tái Bản 2022),62000.0,80000.0,18000.0,5.0,57,1,,https://tiki.vnsach-day-con-lam-giau-tap-11-truong-day-kinh-doanh-cho-nhung-nguoi-thich-giup-do-nguoi-khac-tai-ban-2022-p192125806.html?spid=192125807
191148802,Sách Tâm lý học giao tiếp,120015.0,189000.0,68985.0,4.7,19,1,,https://tiki.vnsach-tam-ly-hoc-giao-tiep-p191148802.html?spid=191148803
174842858,Sách Sức Mạnh Của Ngôn Từ (Tái Bản 2022),83160.0,108000.0,24840.0,5.0,313,1,,https://tiki.vnsach-suc-manh-cua-ngon-tu-tai-ban-2022-p174842858.html?spid=174842859
106863963,Sách Tâm Lý Học - Phác Họa Chân Dung Kẻ Phạm Tội,111650.0,145000.0,33350.0,4.8,6150,1,,https://tiki.vnsach-tam-ly-hoc-phac-hoa-chan-dung-ke-pham-toi-p106863963.html?spid=106863965
73222800,Sách Nghĩ Giàu Và Làm Giàu (Khổ Nhỏ),83160.0,108000.0,24840.0,4.7,370,1,,https://tiki.vnsach-nghi-giau-va-lam-giau-kho-nho-p73222800.html?spid=73222801
68585576,"Sách Càng Kỷ Luật, Càng Tự Do",103000.0,119000.0,16000.0,4.8,3587,1,,https://tiki.vnsach-cang-ky-luat-cang-tu-do-p68585576.html?spid=68585577
54053152,"Sách Kiếm Tiền Thời Khủng Hoảng - Thoát Khỏi Các Trò Lừa Đảo Khi Thị Trường Chứng Khoán, Bất Động Sản Và Tài Chính Suy Thoái (Tái Bản 2020)",156600.0,209000.0,52400.0,4.8,115,1,,https://tiki.vnsach-kiem-tien-thoi-khung-hoang-thoat-khoi-cac-tro-lua-dao-khi-thi-truong-chung-khoan-bat-dong-san-va-tai-chinh-suy-thoai-tai-ban-2020-p54053152.html?spid=54053153
42189706,Sách Những Bộ Óc Và Những Ý Tưởng Vĩ Đại Nhất Mọi Thời Đại (The Greatest minds and ideas of all time) - Bertrand Russell - IRED Books,81000.0,115000.0,34000.0,4.5,24,1,,https://tiki.vnsach-nhung-bo-oc-va-nhung-y-tuong-vi-dai-nhat-moi-thoi-dai-the-greatest-minds-and-ideas-of-all-time-bertrand-russell-ired-books-p42189706.html?spid=42189707
8021467,"Combo 4 cuốn: Chuyện con mèo dạy hải âu bay, Chuyện con mèo con chuột và bạn thân của nó, Chuyện con ốc sên, Chuyện chú chó tên là trung thành",148400.0,212000.0,63600.0,5.0,56,1,,https://tiki.vncombo-4-cuon-chuyen-con-meo-day-hai-au-bay-chuyen-con-meo-con-chuot-va-ban-than-cua-no-chuyen-con-oc-sen-chuyen-chu-cho-ten-la-trung-thanh-p8021467.html?spid=127539209
5914507,Sách Quân Vương (Tái Bản),56000.0,80000.0,24000.0,4.8,350,1,,https://tiki.vnsach-quan-vuong-tai-ban-p5914507.html?spid=5914769
638185,Sách Tự Học Đột Phá - Kĩ Năng Viết Lại Câu Tiếng Anh,102000.0,139000.0,37000.0,4.8,306,1,,https://tiki.vnsach-tu-hoc-dot-pha-ki-nang-viet-lai-cau-tieng-anh-p638185.html?spid=638186
279106110,Sách Tư duy kiểu “Cáo” – Ra quyết định bằng trí tuệ thực tiễn,83000.0,100000.0,17000.0,0.0,0,1,,https://tiki.vnsach-tu-duy-kieu-cao-ra-quyet-dinh-bang-tri-tue-thuc-tien-p279106110.html?spid=279106111
279105485,Sách Nhâm Nhi Tết Bính Ngọ,171000.0,202600.0,31600.0,0.0,0,1,,https://tiki.vnsach-nham-nhi-tet-binh-ngo-p279105485.html?spid=279105486
278969065,Sách - 60 Đề Minh Họa Tốt Nghiệp THPT 2026 - Môn Vật Lí,156000.0,200000.0,44000.0,0.0,0,53660,,https://tiki.vnsach-60-de-minh-hoa-tot-nghiep-thpt-2026-mon-vat-li-p278969065.html?spid=278969067
278949525,Sách Stem Quanh Em - Các trò chơi thực hành,40000.0,59000.0,19000.0,0.0,0,1,,https://tiki.vnsach-stem-quanh-em-cac-tro-choi-thuc-hanh-p278949525.html?spid=278949530
278948832,Dấu Ấn Hoàng Gia - Tập 38,29000.0,30000.0,1000.0,0.0,0,1,,https://tiki.vndau-an-hoang-gia-tap-38-p278948832.html?spid=278948833
278723553,Sách How To Have A Life - Để Sống Trên Đời,56000.0,80000.0,24000.0,0.0,0,1,,https://tiki.vnsach-how-to-have-a-life-de-song-tren-doi-p278723553.html?spid=278723555
278706972,Combo Itto – Sóng Gió Cầu Trường (26 Tập),605000.0,650000.0,45000.0,5.0,5,1,,https://tiki.vncombo-itto-song-gio-cau-truong-26-tap-p278706972.html?spid=278706973
278612145,Sách Bất Khuất,129000.0,180000.0,51000.0,4.8,4,1,,https://tiki.vnsach-bat-khuat-p278612145.html?spid=278612148
278598025,Dấu Ấn Hoàng Gia - Tập 31 (Tặng Kèm Postcard),28000.0,30000.0,2000.0,5.0,2,1,,https://tiki.vndau-an-hoang-gia-tap-31-tang-kem-postcard-p278598025.html?spid=278598028
278438165,Em Đến Cùng Mưa - With You And The Rain (Các Tập Lẻ),36800.0,38000.0,1200.0,5.0,1,1,,https://tiki.vntruyen-tranh-em-den-cung-mua-with-you-and-the-rain-cac-tap-le-p278438165.html?spid=278438168
278279755,Sách Khu Vườn Bí Mật,80000.0,110000.0,30000.0,5.0,7,1,,https://tiki.vnsach-khu-vuon-bi-mat-p278279755.html?spid=278279756
278128886,Sách Hilda và người khổng lồ nửa đêm,65000.0,80000.0,15000.0,0.0,0,1,,https://tiki.vnsach-hilda-va-p278128886.html?spid=278128900
277808996,Sách Toán học - Khái lược những tư tưởng lớn,369000.0,450000.0,81000.0,5.0,4,1,,https://tiki.vnsach-toan-hoc-khai-luoc-nhung-tu-tuong-lon-p277808996.html?spid=277808997
276919300,Sách Con Đường Chính Trực,152460.0,198000.0,45540.0,5.0,6,1,,https://tiki.vnsach-con-duong-chinh-truc-p276919300.html?spid=276919301
276584845,Sách Nơi Khu Rừng Chạm Tới Những Vì Sao,140000.0,195000.0,55000.0,4.7,605,1,,https://tiki.vnsach-noi-khu-rung-cham-toi-nhung-vi-sao-p276584845.html?spid=276584848
276509018,Sách Hồi Ức Về Một Thiên Tài Đầu Tư Chứng Khoán,144300.0,199000.0,54700.0,4.0,1,1,,https://tiki.vnsach-hoi-uc-ve-mot-thien-tai-dau-tu-chung-khoan-p276509018.html?spid=276509021
276354289,Sách Karma - Luật Nhân Quả,130500.0,185000.0,54500.0,4.0,5,1,,https://tiki.vnsach-karma-luat-nhan-qua-p276354289.html?spid=276354292
276273595,Gachiakuta - Tập 3,45000.0,45000.0,0.0,5.0,3,53660,,https://tiki.vngachiakuta-tap-3-p276273595.html?spid=276273596
276016557,Nhóc Miko! Cô Bé Nhí Nhảnh - Tập 38,24800.0,25000.0,200.0,5.0,9,53660,,https://tiki.vnnhoc-miko-co-be-nhi-nhanh-tap-38-p276016557.html?spid=276016558
275587683,Sách PHÉP MÀU MAGIE,190000.0,268000.0,78000.0,5.0,9,1,,https://tiki.vnsach-phep-mau-magie-p275587683.html?spid=275587685
273787649,Nina Ở Thị Trấn Cao Nguyên,36480.0,38000.0,1520.0,5.0,5,1,,https://tiki.vnnina-o-thi-tran-cao-nguyen-p273787649.html?spid=274136449
273326845,Sách Huấn luyện não bộ học siêu tốc,104000.0,138000.0,34000.0,5.0,1,1,,https://tiki.vnsach-huan-luyen-nao-bo-hoc-sieu-toc-p273326845.html?spid=273326847
272058579,Sách Basic Ielts Listening (Quét Mã QR Để Nghe File MP3),155000.0,188000.0,33000.0,4.5,11,1,,https://tiki.vnsach-basic-ielts-listening-quet-ma-qr-de-nghe-file-mp3-p272058579.html?spid=272058580
242424349,Chainsaw Man - Tập 8,31000.0,45000.0,14000.0,5.0,39,1,,https://tiki.vnchainsaw-man-tap-8-p242424349.html?spid=242424350
216225856,Bút Bi Nước Mực Gel Ngòi 0.5mm Deli - Thiết Kế Vỏ Trong Suốt Dành Cho Văn Phòng Học Sinh - S60-ST S101,4000.0,7200.0,3200.0,4.6,7,113115,,https://tiki.vnbut-bi-nuoc-muc-gel-ngoi-0-5mm-deli-thiet-ke-vo-trong-suot-danh-cho-van-phong-hoc-sinh-s60-st-s101-p216225856.html?spid=216225890
211924953,Sách Flowers In The Attic – Những Mùa Hoa Ngang Qua Ô Cửa,150000.0,250000.0,100000.0,5.0,9,1,,https://tiki.vnsach-flowers-in-the-attic-nhung-mua-hoa-ngang-qua-o-cua-p211924953.html?spid=211924954
205574133,Sách Nhân Duyên Tiền Kiếp,140700.0,195000.0,54300.0,4.8,165,1,,https://tiki.vnsach-nhan-duyen-tien-kiep-p205574133.html?spid=205574134
192909292,Sách Án Mạng Trên Chuyến Tàu Tốc Hành Phương Đông,87000.0,120000.0,33000.0,5.0,130,1,,https://tiki.vnsach-an-mang-tren-chuyen-tau-toc-hanh-phuong-dong-p192909292.html?spid=192909295
187843291,Sách Nhật ký Đặng Thùy Trâm,63000.0,90000.0,27000.0,5.0,147,1,,https://tiki.vnsach-nhat-ky-dang-thuy-tram-p187843291.html?spid=187843293
162834879,Sách Nguyên Lý Marketing,724200.0,999000.0,274800.0,5.0,77,1,,https://tiki.vnsach-nguyen-ly-marketing-p162834879.html?spid=162834880
103379147,Sách Bạch Dạ Hành (Tái Bản),164500.0,235000.0,70500.0,4.8,1202,1,,https://tiki.vnsach-bach-da-hanh-tai-ban-p103379147.html?spid=103379149
52785564,Sách Dịch Hạch (Nobel Văn Chương 1957),112000.0,160000.0,48000.0,4.6,618,1,,https://tiki.vnsach-dich-hach-nobel-van-chuong-1957-p52785564.html?spid=52785565
49460092,Sách Hệ Miễn Dịch: Khám Phá Cơ Chế Tự Phòng Chữa Bệnh Của Cơ Thể Người,114600.0,149000.0,34400.0,4.8,278,1,,https://tiki.vnsach-he-mien-dich-kham-pha-co-che-tu-phong-chua-benh-cua-co-the-nguoi-p49460092.html?spid=49460093
34709040,Bộ 10 Bút lông bảng Thiên Long WB-02,72000.0,72000.0,0.0,4.6,145,64561,,https://tiki.vnbo-10-but-long-bang-thien-long-wb-02-p34709040.html?spid=34709047
22880036,Cambridge English Movers 1 for Revised Exam from 2018 Student's Book,130100.0,143000.0,12900.0,5.0,99,53660,,https://tiki.vncambridge-english-movers-1-for-revised-exam-from-2018-student-s-book-p22880036.html?spid=22880037
20917699,Sách Làm Sao Học Ít Hiểu Nhiều,98560.0,128000.0,29440.0,4.8,550,1,,https://tiki.vnsach-lam-sao-hoc-it-hieu-nhieu-p20917699.html?spid=20917700
17493918,Sách Luyện Nói Tiếng Trung Quốc Cấp Tốc Cho Người Bắt Đầu - Tập 2 (Kèm file MP3) (Tái Bản),163000.0,188000.0,25000.0,5.0,110,1,,https://tiki.vnsach-luyen-noi-tieng-trung-quoc-cap-toc-cho-nguoi-bat-dau-tap-2-kem-file-mp3-tai-ban-p17493918.html?spid=17493919
11508322,Sách Nội Tình Của Ngoại Tình,169400.0,220000.0,50600.0,4.8,327,1,,https://tiki.vnsach-noi-tinh-cua-ngoai-tinh-p11508322.html?spid=11508323
11478941,Combo Đội Quân Doraemon (6 Tập) - Tái Bản 2019,125000.0,132000.0,7000.0,5.0,162,1,,https://tiki.vncombo-doi-quan-doraemon-6-tap-tai-ban-2019-p11478941.html?spid=11478942
1533427,Sách Trật Tự Thế Giới (Tái Bản),183700.0,245000.0,61300.0,4.8,126,1,,https://tiki.vnsach-trat-tu-the-gioi-tai-ban-p1533427.html?spid=1534497
279106124,Sách Thuyền buồm Đông Dương,124000.0,150000.0,26000.0,0.0,0,1,,https://tiki.vnsach-thuyen-buom-dong-duong-p279106124.html?spid=279106125
278859676,Sách Ung Thư Không Phải Là Bệnh,146100.0,189000.0,42900.0,0.0,0,1,,https://tiki.vnsach-ung-thu-khong-phai-la-benh-tai-ban-p278859676.html?spid=207400599
278819547,Mini fashion show (Lẻ/Combo),20800.0,29000.0,8200.0,0.0,0,1,,https://tiki.vnmini-fashion-show-le-combo-p278819547.html?spid=278819598
278813662,Lập Kế Hoạch Tài Chính Gia Đình,137100.0,195000.0,57900.0,5.0,1,1,,https://tiki.vnlap-ke-hoach-tai-chinh-gia-dinh-p278813662.html?spid=278813663
278776960,(Ấn bản kỷ niệm) PHẠM XUÂN ẨN – Tên Tên Người Như Cuộc Đời - Kiseki,199000.0,199000.0,0.0,5.0,1,223928,,https://tiki.vnan-ban-ky-niem-pham-xuan-an-ten-ten-nguoi-nhu-cuoc-doi-kiseki-p278776960.html?spid=278776961
278238291,Sách Luận Cương Người Liên Bang,239000.0,299000.0,60000.0,4.5,2,1,,https://tiki.vnsach-luan-cuong-nguoi-lien-bang-p278238291.html?spid=278238294
278138647,Sợi len đỏ và 100 chú mèo - Tủ sách nuôi dưỡng tâm hồn,46200.0,66000.0,19800.0,0.0,0,1,,https://tiki.vntu-sach-nuoi-duong-tam-hon-p278138647.html?spid=278138668
278129101,Sách Gieo Mầm Yêu Thương,61900.0,78000.0,16100.0,5.0,1,1,,https://tiki.vnsach-gieo-mam-yeu-thuong-p278129101.html?spid=278129110
278129058,"Sách Đỏ, đỏ, đen, đen - Mình cùng vui chơi nhé!",119000.0,170000.0,51000.0,0.0,0,1,,https://tiki.vnsach-minh-cung-vui-choi-nhe-p278129058.html?spid=278129061
277995420,Sách Điềm Tĩnh Và Nóng Giận,99330.0,129000.0,29670.0,4.8,1149,1,,https://tiki.vnsach-diem-tinh-va-nong-gian-p277995420.html?spid=277995423
277587069,Sách Ai Sợ Ai,173250.0,225000.0,51750.0,4.6,5,1,,https://tiki.vnsach-ai-so-ai-p277587069.html?spid=277587095
276914773,Bút Chì Phác Thảo Dmast Cao Cấp Chuyên Nghiệp Deli - Độ Cứng Từ 2H - 8B - Vẽ Tranh Mỹ Thuật Họa Chân Dung Độ Đậm Chuẩn,6000.0,10800.0,4800.0,0.0,0,113115,,https://tiki.vnbut-chi-phac-thao-dmast-cao-cap-chuyen-nghiep-deli-do-cung-tu-2h-8b-ve-tranh-my-thuat-hoa-chan-dung-do-dam-chuan-p276914773.html?spid=276914815
276810789,Sách Những Câu Chuyện Kể Hay Nhất Trong Kinh Thánh,346500.0,450000.0,103500.0,5.0,8,1,,https://tiki.vnsach-nhung-cau-chuyen-ke-hay-nhat-trong-kinh-thanh-p276810789.html?spid=276810790
275105974,Sách Từng Bước Nở Hoa Sen,75460.0,98000.0,22540.0,5.0,853,1,,https://tiki.vnsach-tung-buoc-no-hoa-sen-p275105974.html?spid=275105977
274875183,Chuyên Gia Được Trả Lương Cao - Vanlangbooks,98000.0,98000.0,0.0,0.0,0,150,,https://tiki.vnchuyen-gia-duoc-tra-luong-cao-vanlangbooks-p274875183.html?spid=274875193
274858820,DengPan - Giáo Trình Hán Ngữ Trung Cấp (Tập 1) (Tặng kèm Bài Nghe Online),120000.0,120000.0,0.0,5.0,3,177335,,https://tiki.vndengpan-giao-trinh-han-ngu-trung-cap-tap-1-tang-kem-bai-nghe-online-p274858820.html?spid=274858821
274545380,Sách Chỉ tại axit uric,124000.0,165000.0,41000.0,4.8,23,1,,https://tiki.vnsach-chi-ta-i-axit-uric-p274545380.html?spid=274545383
273691872,Sách 1Q84 (Tập 1),157850.0,205000.0,47150.0,5.0,7,1,,https://tiki.vnsach-1q84-tap-1-p273691872.html?spid=273691875
273202452,Sách Quản trị Inamori: Mỗi nhân viên đều đóng vai trò chính,88000.0,110000.0,22000.0,5.0,8,1,,https://tiki.vnsach-quan-tri-inamori-moi-nhan-vien-deu-dong-vai-tro-chinh-p273202452.html?spid=273202453
255352519,Một Lược Sử Về Vạn Vật - Ken Wilber,288500.0,395000.0,106500.0,5.0,7,4413,,https://tiki.vnmot-luoc-su-ve-van-vat-ken-wilber-p255352519.html?spid=255352520
204078065,Sách Thuật Thao Túng - Góc Tối Ẩn Sau Mỗi Câu Nói,107030.0,139000.0,31970.0,4.8,320,1,,https://tiki.vnsach-thuat-thao-tung-goc-toi-an-sau-moi-cau-noi-p204078065.html?spid=204078066
197901949,"Giấy note trong suốt / giấy ghi nhớ / Giấy ghi chú giấy nhắn TRONG SUỐT cho học sinh, văn phòng - nhiều màu/mẫu",45000.0,45000.0,0.0,4.8,47,267978,,https://tiki.vngiay-note-trong-suot-giay-ghi-nho-giay-ghi-chu-giay-nhan-trong-suot-cho-hoc-sinh-van-phong-nhieu-mau-mau-p197901949.html?spid=197901985
191148972,Sách Những Chiếc Cầu Ở Quận Madisson (Tái Bản Lần 3),74000.0,89000.0,15000.0,4.8,23,1,,https://tiki.vnsach-nhung-chiec-cau-o-quan-madisson-tai-ban-lan-3-p191148972.html?spid=191148975
188930494,Người Bà Tài Giỏi Vùng Saga – Tập 4,47800.0,52000.0,4200.0,4.8,96,1,,https://tiki.vnnguoi-ba-tai-gioi-vung-saga-tap-4-p188930494.html?spid=188930495
181122317,Sách Chân Trần Chí Thép (Tái Bản 2022),129360.0,168000.0,38640.0,5.0,41,1,,https://tiki.vnsach-chan-tran-chi-thep-tai-ban-2022-p181122317.html?spid=181122318
161310103,Sách Từ Vựng IELTS 8.0 - Từ Vựng Đắt Để Đạt Điểm Cao 4 Kỹ Năng,101000.0,135000.0,34000.0,5.0,558,1,,https://tiki.vnsach-tu-vung-ielts-8-0-tu-vung-dat-de-dat-diem-cao-4-ky-nang-p161310103.html?spid=161310104
155463025,Sách Nghệ Thuật Bán Hàng Bậc Cao - Bí Quyết Chốt Deal Mọi Thời Đại (Khổ Lớn)(Tái Bản),152460.0,198000.0,45540.0,5.0,135,1,,https://tiki.vnsach-nghe-thuat-ban-hang-bac-cao-bi-quyet-chot-deal-moi-thoi-dai-kho-lon-tai-ban-p155463025.html?spid=155463026
135754407,Sách Tam Quốc Diễn Nghĩa (6 Tập) (Tái Bản),413000.0,540000.0,127000.0,5.0,42,1,,https://tiki.vnsach-tam-quoc-dien-nghia-6-tap-tai-ban-p135754407.html?spid=135754408
124767704,Sách Bạn Đắt Giá Bao Nhiêu? (Tái Bản),107030.0,139000.0,31970.0,5.0,399,1,,https://tiki.vnsach-ban-dat-gia-bao-nhieu-tai-ban-p124767704.html?spid=124767705
111582638,Sách Trang Tử Nam Hoa Kinh (Thu Giang Nguyễn Duy Cần) (Tái Bản),130000.0,150000.0,20000.0,4.8,116,1,,https://tiki.vnsach-trang-tu-nam-hoa-kinh-thu-giang-nguyen-duy-can-tai-ban-p111582638.html?spid=111582639
100384412,Sách Vô Cùng Tàn Nhẫn Vô Cùng Yêu Thương (Tái Bản),134400.0,189000.0,54600.0,5.0,155,1,,https://tiki.vnsach-vo-cung-tan-nhan-vo-cung-yeu-thuong-tai-ban-p100384412.html?spid=100384414
90866359,Sách Phật Học Tinh Hoa (Tái Bản),63000.0,75000.0,12000.0,5.0,197,1,,https://tiki.vnsach-phat-hoc-tinh-hoa-tai-ban-p90866359.html?spid=90866360
79110444,Sách Hướng Dẫn Nhịn Ăn Khoa Học,126000.0,179000.0,53000.0,4.8,89,1,,https://tiki.vnsach-huong-dan-nhin-an-khoa-hoc-p79110444.html?spid=79110446
55589742,Sách Bài Học Diệu Kỳ Từ Chiếc Xe Rác (Khổ Lớn) (Tái Bản),83160.0,108000.0,24840.0,4.8,289,1,,https://tiki.vnsach-bai-hoc-dieu-ky-tu-chiec-xe-rac-kho-lon-tai-ban-p55589742.html?spid=55589743
50301393,Sách Thành Công Và May Mắn: Vận May Và Chuyện Hoang Đường Về Tài Năng,87000.0,105000.0,18000.0,4.7,22,1,,https://tiki.vnsach-thanh-cong-va-may-man-van-may-va-chuyen-hoang-duong-ve-tai-nang-p50301393.html?spid=50301394
48629553,Sách Con Chó Nhỏ Mang Giỏ Hoa Hồng (Tái Bản),79000.0,95000.0,16000.0,4.8,465,1,,https://tiki.vnsach-con-cho-nho-mang-gio-hoa-hong-tai-ban-p48629553.html?spid=48629554
24951095,Sách Mắt Biếc (Tái Bản 2019),90000.0,110000.0,20000.0,4.8,2969,1,,https://tiki.vnsach-mat-biec-tai-ban-2019-p24951095.html?spid=24951097
17477287,Sách Vũ Trụ Từ Hư Không,108400.0,145000.0,36600.0,4.8,86,1,,https://tiki.vnsach-vu-tru-tu-hu-khong-p17477287.html?spid=17477288
1864757,Giáo Trình HSK 3 - Sách Bài Học (Kèm MP3),250000.0,288000.0,38000.0,4.8,142,1,,https://tiki.vngiao-trinh-hsk-3-sach-bai-hoc-kem-mp3-p1864757.html?spid=1865565
1826115,Sách Những Bài Học Đầu Tư Từ Warren Buffett,129300.0,199000.0,69700.0,4.8,129,1,,https://tiki.vnsach-nhung-bai-hoc-dau-tu-tu-warren-buffett-p1826115.html?spid=1826621
279122419,Sách - Thám Tử Lừng Danh Conan - Tập 107 - Bản Đặc Biệt - Tặng Kèm Standee Acrylic,99000.0,100000.0,1000.0,5.0,1,53660,,https://tiki.vnsach-tham-tu-lung-danh-conan-tap-107-ban-dac-biet-tang-kem-standee-acrylic-p279122419.html?spid=279122420
279112486,Sách - Mã Tiểu Dã - Vừa Chạy Vừa Khóc - Bìa Cứng - Tặng Kèm 1 Sticker A5 Nhựa Cán Kim Tuyến + 1 Standee Bìa Cứng + 2 Card Bo Góc,147800.0,159000.0,11200.0,0.0,0,53660,,https://tiki.vnsach-ma-tieu-da-vua-chay-vua-khoc-bia-cung-tang-kem-1-sticker-a5-nhua-can-kim-tuyen-1-standee-bia-cung-2-card-bo-goc-p279112486.html?spid=279112487
279112380,Sách - Spy X Family - Tập 14 - Tặng Kèm Standee PVC,29700.0,30000.0,300.0,0.0,0,53660,,https://tiki.vnsach-spy-x-family-tap-14-tang-kem-standee-pvc-p279112380.html?spid=279112381
278943222,SET 60 Bao Lì Xì Tết 2026 Cao Cấp – Họa Tiết Hoa Vàng Sang Trọng – Bộ Lì Xì Tết Đỏ May Mắn - HÀNG CHÍNH HÃNG MINIIN,39000.0,39000.0,0.0,5.0,2,134678,,https://tiki.vnset-60-bao-li-xi-tet-2026-cao-cap-hoa-tiet-hoa-vang-sang-trong-bo-li-xi-tet-do-may-man-hang-chinh-hang-miniin-p278943222.html?spid=278943224
278874149,Tư duy và phương pháp bán hàng đột phá | Strikingly Different Selling,149300.0,200000.0,50700.0,0.0,0,1,,https://tiki.vntu-duy-va-phuong-phap-ban-hang-dot-pha-strikingly-different-selling-p278874149.html?spid=278874154
278569950,Sách Tiểu Thuyết Trung Quốc - Xương Rồng Đốt Rương - Vĩ Ngư - Phuc Minh Books,230400.0,230400.0,0.0,0.0,0,116426,,https://tiki.vnsach-tieu-thuyet-trung-quoc-xuong-rong-dot-ruong-vi-ngu-p278569950.html?spid=278569960
278242201,Truyện tranh khoa học về các loài côn trùng,38000.0,58000.0,20000.0,0.0,0,1,,https://tiki.vntruyen-tranh-khoa-hoc-ve-cac-loai-con-trung-p278242201.html?spid=278242438
278229660,Sách 12 Nguyên Tắc Quản Trị Kinh Doanh Của Inamori,90000.0,110000.0,20000.0,0.0,0,1,,https://tiki.vnsach-12-nguyen-tac-quan-tri-kinh-doanh-cua-inamori-p278229660.html?spid=278229662
278158397,Sách Thế Giới Diệu Kì Của Peppa Pig (18 quyển),20000.0,29000.0,9000.0,0.0,0,1,,https://tiki.vnsach-the-gioi-dieu-ki-cua-peppa-pig-18-quyen-p278158397.html?spid=278158448
278130272,Sách Lâu Đài Khoa Học Của Em,27000.0,30000.0,3000.0,0.0,0,1,,https://tiki.vnsach-lau-dai-khoa-hoc-cua-em-p278130272.html?spid=278130400
278128847,Sách Cổ Tích Gần Nhà - Giấc Mơ Học Bơi Của Bé Cá Con,47000.0,68000.0,21000.0,0.0,0,1,,https://tiki.vnsach-co-tich-gan-nha-p278128847.html?spid=278130681
277966396,"Sách - Combo Tri Thức Trong Lòng Bàn Tay - Bách Khoa Thiếu Nhi (Trọn Bộ 9 Cuốn) - Lẻ, Tùy Chọn",100000.0,100000.0,0.0,0.0,0,329603,,https://tiki.vnsach-combo-tri-thuc-trong-long-ban-tay-bach-khoa-thieu-nhi-tron-bo-9-cuon-le-tuy-chon-p277966396.html?spid=277966410
277381898,Sách Nhà tài phiệt cuối cùng,114000.0,135000.0,21000.0,5.0,5,1,,https://tiki.vnsach-nha-tai-phiet-cuoi-cung-p277381898.html?spid=277381901
276944034,Truyện - Dragon Ball Full Color - Phần Một - Thời Niên Thiếu Của Son Goku - Chọn Lẻ 8 Tập - Akira Toriyama - Kim Đồng,84000.0,84000.0,0.0,0.0,0,281062,,https://tiki.vntruyen-dragon-ball-full-color-phan-mot-thoi-nien-thieu-cua-son-goku-chon-le-8-tap-akira-toriyama-kim-dong-p276944034.html?spid=276944044
276921545,Sách Chữa Lành Từ Tâm,110700.0,159000.0,48300.0,5.0,1,1,,https://tiki.vnsach-chua-lanh-tu-tam-p276921545.html?spid=276921546
276376944,"Bộ sách Khơi gợi trí tưởng tượng và sáng tạo - Nàng kỳ lân lạc mất chiếc sừng - Tình bạn, lòng tốt và sự lan tỏa cái đẹp",22000.0,32000.0,10000.0,0.0,0,1,,https://tiki.vnbo-sach-khoi-goi-tri-tuong-tuong-va-sang-tao-p276376944.html?spid=276377073
275243823,Bộ sách Sống đẹp mỗi ngày,46500.0,75000.0,28500.0,5.0,2,1,,https://tiki.vnbo-sach-song-dep-moi-ngay-p275243823.html?spid=275244124
273355439,Sách Chuyện Kể Thành Ngữ,86000.0,94000.0,8000.0,5.0,30,1,,https://tiki.vnsach-chuyen-ke-thanh-ngu-p273355439.html?spid=273355442
271414259,Sách Cuộc đời và số phận,322000.0,460000.0,138000.0,5.0,28,1,,https://tiki.vnsach-cuoc-doi-va-so-phan-p271414259.html?spid=271414261
271278938,Sách AI 2041 - 10 Viễn cảnh cho tương lai,229460.0,298000.0,68540.0,5.0,55,1,,https://tiki.vnsach-ai-2041-10-vien-canh-cho-tuong-lai-p271278938.html?spid=271278939
270113247,"Sách Tự học nhạc lý cơ bản (Phương pháp trình bày khoa học - Diễn giải tỉ mỉ, chi tiết - Nhiều ví dụ minh họa cụ thể - Bài tập thực hành phong phú) (Tái bản có bổ sung sửa chữa)",106000.0,135000.0,29000.0,5.0,19,1,,https://tiki.vnsach-tu-hoc-nhac-ly-co-ban-phuong-phap-trinh-bay-khoa-hoc-dien-giai-ti-mi-chi-tiet-nhieu-vi-du-minh-hoa-cu-the-bai-tap-thuc-hanh-phong-phu-tai-ban-co-bo-sung-sua-chua-p270113247.html?spid=270113248
267208813,Sách Tuổi Thơ Dữ Dội - Tập 2,58000.0,80000.0,22000.0,5.0,378,1,,https://tiki.vnsach-tuoi-tho-du-doi-tap-2-p267208813.html?spid=267208816
212330085,Combo Tâm lý chứng khoán (Tâm lý thị trường chứng khoán + Lý thuyết Dow - Khoa học đầu cơ chứng khoán),80850.0,105000.0,24150.0,4.6,16,1,,https://tiki.vncombo-tam-ly-chung-khoan-tam-ly-thi-truong-chung-khoan-ly-thuyet-dow-khoa-hoc-dau-co-chung-khoan-p212330085.html?spid=212330086
198618640,Sách - Lẻ 1 cuốn Ehon Nhật Bản (Âm Thanh + Màu Sắc + Hình Ảnh) dành cho bé 0-6 tuổi,37000.0,37000.0,0.0,0.0,0,265811,,https://tiki.vnsach-le-1-cuon-ehon-nhat-ban-am-thanh-mau-sac-hinh-anh-danh-cho-be-0-6-tuoi-p198618640.html?spid=248915281
183539219,Sách Thằng Huyện Con Hầu,76000.0,89000.0,13000.0,5.0,172,1,,https://tiki.vnsach-thang-huyen-con-hau-p183539219.html?spid=183539220
177117482,Sách Giáo Trình Chuẩn HSK 6 - Tập 1 Bài Học,252000.0,298000.0,46000.0,5.0,4,1,,https://tiki.vnsach-giao-trinh-chuan-hsk-6-tap-1-bai-hoc-p177117482.html?spid=177117483
176909246,Sách Bí Quyết Bấm Huyệt Chữa Bệnh,137060.0,178000.0,40940.0,4.8,109,1,,https://tiki.vnsach-bi-quyet-bam-huyet-chua-benh-p176909246.html?spid=176909247
172154901,Ngày Tháng Năm,96000.0,120000.0,24000.0,5.0,30,48569,,https://tiki.vnngay-thang-nam-p172154901.html?spid=172154902
171549946,Sách Ngồi Khóc Trên Cây,112000.0,130000.0,18000.0,5.0,94,1,,https://tiki.vnsach-ngoi-khoc-tren-cay-p171549946.html?spid=171549948
170098856,Sách Đi Vòng Thế Giới Vẫn Quanh Một Người,88000.0,96000.0,8000.0,4.8,149,1,,https://tiki.vnsach-di-vong-the-gioi-van-quanh-mot-nguoi-p170098856.html?spid=170098860
153518797,Sách Tôi Đi Học - Nguyễn Ngọc Ký (Tái Bản),58520.0,76000.0,17480.0,4.8,32,1,,https://tiki.vnsach-toi-di-hoc-nguyen-ngoc-ky-tai-ban-p153518797.html?spid=153518798
128656374,Combo 5-10-20 Bút Bi Thiên Long TL-093,20000.0,20000.0,0.0,5.0,169,64561,,https://tiki.vncombo-5-10-20-but-bi-thien-long-tl-093-p128656374.html?spid=128656382
73717906,Sách Khởi Nghiệp Công Nghệ - Máu Bẩn,186100.0,239000.0,52900.0,4.6,57,1,,https://tiki.vnsach-khoi-nghiep-cong-nghe-mau-ban-p73717906.html?spid=73717907
72308265,Sách Hoa Vẫn Nở Mỗi Ngày,180180.0,234000.0,53820.0,4.8,962,1,,https://tiki.vnsach-hoa-van-no-moi-ngay-p72308265.html?spid=72308266
27594632,Sách Đẹp Và Buồn,92400.0,132000.0,39600.0,4.6,585,1,,https://tiki.vnsach-dep-va-buon-p27594632.html?spid=27594633
11885886,Sách Triết Học Kant,158000.0,195000.0,37000.0,4.8,105,1,,https://tiki.vnsach-triet-hoc-kant-p11885886.html?spid=11885887
10277496,Sách Những Người Thích Đùa (Tái Bản),52500.0,75000.0,22500.0,5.0,36,1,,https://tiki.vnsach-nhung-nguoi-thich-dua-tai-ban-p10277496.html?spid=10277497
10192047,Sách Hình Ảnh Của Bạn Đáng Giá Triệu Đô ( Tái Bản 2019),85000.0,120000.0,35000.0,4.7,233,1,,https://tiki.vnsach-hinh-anh-cua-ban-dang-gia-trieu-do-tai-ban-2019-p10192047.html?spid=10867647
3644653,Sách Những Tấm Lòng Cao Cả (Tái Bản),57000.0,86000.0,29000.0,4.7,78,1,,https://tiki.vnsach-nhung-tam-long-cao-ca-tai-ban-p3644653.html?spid=3644655
2987223,Sách Giáo Trình Chuẩn YCT 3 (Kèm file MP3),131000.0,148000.0,17000.0,5.0,58,1,,https://tiki.vnsach-giao-trinh-chuan-yct-3-kem-file-mp3-p2987223.html?spid=2987567
279076767,Sách Dọc Đường 3,144200.0,206000.0,61800.0,0.0,0,1,,https://tiki.vnsach-doc-duong-3-p279076767.html?spid=279076768
278880406,"Sách Jun Phạm - Có Ai Giữ Giùm Những Lãng Quên (Tái Bản 2025) - Tặng Kèm Bookmark - Tiểu thuyết Việt Nam, truyện ngắn",106900.0,115000.0,8100.0,0.0,0,53660,,https://tiki.vnsach-co-ai-giu-gium-nhung-lang-quen-tai-ban-2025-tang-kem-bookmark-p278880406.html?spid=278880407
278874592,Bộ luật Dân sự (hiện hành),91000.0,91000.0,0.0,5.0,8,124753,,https://tiki.vnbo-luat-dan-su-hien-hanh-p278874592.html?spid=278874595
278842435,Nguyên Lý Design Thị Giác (Sách Màu - Bìa Cứng) - Nguyễn Hồng Hưng,727000.0,855000.0,128000.0,5.0,1,4413,,https://tiki.vnnguyen-ly-design-thi-giac-sach-mau-bia-cung-nguyen-hong-hung-p278842435.html?spid=278842436
278690058,"Combo 3 Cuốn Destination Grammar & Vocabulary B1, B2, C1&C2 (Kèm Đáp Án)",496000.0,615000.0,119000.0,0.0,0,1,,https://tiki.vncombo-3-cuo-n-destination-grammar-vocabulary-b1-b2-c1-c2-kem-dap-an-p278690058.html?spid=278690059
278521784,Sách Chung Một Ngôi Nhà - Atlas 54 Dân Tộc Việt Nam,237000.0,300000.0,63000.0,5.0,3,1,,https://tiki.vnsach-chung-mot-ngoi-nha-atlas-54-dan-toc-viet-nam-p278521784.html?spid=278521787
278492655,Sách Kính Vạn Hoa - Bộ 9 Tập,118000.0,135000.0,17000.0,5.0,16,1,,https://tiki.vnsach-kinh-van-hoa-bo-9-tap-p278492655.html?spid=278492672
278293499,Sách Nghề Viết Tiểu Thuyết,109200.0,156000.0,46800.0,5.0,14,1,,https://tiki.vnsach-nghe-viet-tieu-thuyet-p278293499.html?spid=278293500
277938212,Sách Uy thế lượng tử. Cuộc cách mạng máy tính lượng tử sẽ làm thay đổi tất cả như thế nào,171000.0,215000.0,44000.0,5.0,3,1,,https://tiki.vnsach-uy-the-luong-tu-cuoc-cach-mang-may-tinh-luong-tu-se-lam-thay-doi-tat-ca-nhu-the-nao-p277938212.html?spid=277938213
277587065,Sách 365 Ngày Ký Họa 5 Giây Vẽ Tất Tần Tật Mọi Thứ Trên Đời,116200.0,149000.0,32800.0,4.5,8,1,,https://tiki.vnsach-365-ngay-ky-hoa-5-giay-ve-tat-tan-tat-moi-thu-tren-doi-p277587065.html?spid=277587067
277357548,Sách Ikigai – Đi Tìm Lý Do Thức Dậy Mỗi Sáng,76500.0,99000.0,22500.0,4.8,111,1,,https://tiki.vnsach-ikigai-di-tim-ly-do-thuc-day-moi-sang-p277357548.html?spid=277357551
277228145,Sách Ăn gì không già: Phương pháp khoa học để khỏe mạnh hơn khi già đi,298000.0,370000.0,72000.0,5.0,9,1,,https://tiki.vnsach-an-gi-khong-gia-phuong-phap-khoa-hoc-de-khoe-manh-hon-khi-gia-di-p277228145.html?spid=277228147
277228004,Sách Mã nguồn: Khởi đầu của tôi - Bill Gates,157500.0,225000.0,67500.0,5.0,28,1,,https://tiki.vnsach-ma-nguon-khoi-dau-cua-toi-bill-gates-p277228004.html?spid=277228005
276777219,Sách Chăm Sóc Bản Thân Thật Sự,113960.0,148000.0,34040.0,5.0,11,1,,https://tiki.vnsach-cham-soc-ban-than-that-su-p276777219.html?spid=276777220
276016553,Gachiakuta - Tập 1,44500.0,45000.0,500.0,5.0,1,53660,,https://tiki.vngachiakuta-tap-1-p276016553.html?spid=276016554
275909699,Sách Bắt Đầu Với Câu Hỏi Tại Sao - Nghệ Thuật Truyền Cảm Hứng Trong Kinh Doanh,99000.0,129000.0,30000.0,4.8,497,1,,https://tiki.vnsach-bat-dau-voi-cau-hoi-tai-sao-nghe-thuat-truyen-cam-hung-trong-kinh-doanh-p275909699.html?spid=275909706
275875006,Sách Tăng Tốc Bán Hàng Bằng SPIN,98000.0,139000.0,41000.0,4.5,46,1,,https://tiki.vnsach-tang-toc-ban-hang-bang-spin-p275875006.html?spid=275875009
275569214,Sách Osho - Bản Ngã,103000.0,139000.0,36000.0,4.5,2,1,,https://tiki.vnsach-osho-ban-nga-p275569214.html?spid=275569215
275305960,Thị Trấn Mèo - Tập 9 - Tặng Kèm Postcard,64600.0,68000.0,3400.0,5.0,6,53660,,https://tiki.vnthi-tran-meo-tap-9-tang-kem-postcard-p275305960.html?spid=275305961
275190399,Sách Phương Pháp Ăn Uống Cải Thiện Lưu Thông Máu,75800.0,99000.0,23200.0,5.0,187,1,,https://tiki.vnsach-phuong-phap-an-uong-cai-thien-luu-thong-mau-p275190399.html?spid=275190402
274242080,Sách Khoa học về giấc ngủ,210000.0,300000.0,90000.0,5.0,9,1,,https://tiki.vnsach-khoa-hoc-ve-giac-ngu-p274242080.html?spid=274242083
273744610,Sách Tết Việt,123500.0,159000.0,35500.0,4.5,5,1,,https://tiki.vnsach-tet-viet-p273744610.html?spid=273744769
260819797,"Sách Khoa Học Về Chạy Bộ - Phân Tích Kỹ Thuật, Phòng Ngừa Chấn Thương, Đổi Mới Cách Tập Luyện",245000.0,350000.0,105000.0,5.0,91,1,,https://tiki.vnsach-khoa-hoc-ve-chay-bo-phan-tich-ky-thuat-phong-ngua-chan-thuong-doi-moi-cach-tap-luyen-p260819797.html?spid=260819798
216203823,"Sách Bản Đồ Thế Giới Cà Phê - Từ Hạt Đến Pha Chế - Khám Phá , Giải Thích Và Thưởng Thức Cà Phê",258300.0,369000.0,110700.0,5.0,83,1,,https://tiki.vnsach-ban-do-the-gioi-ca-phe-tu-hat-den-pha-che-kham-pha-giai-thich-va-thuong-thuc-ca-phe-p216203823.html?spid=216203825
213674075,Kiến Trúc Hiện Đại Miền Nam Việt Nam (Sách Màu - Bìa Mềm),600000.0,600000.0,0.0,5.0,1,1,,https://tiki.vnkien-truc-hien-dai-mien-nam-viet-nam-sach-mau-bia-mem-p213674075.html?spid=213674077
195545266,Sách Hài Hước Một Chút Thế Giới Sẽ Khác Đi,62300.0,80000.0,17700.0,4.7,31,1,,https://tiki.vnsach-hai-huoc-mot-chut-the-gioi-se-khac-di-p195545266.html?spid=195545267
138504579,Combo 4 Cuốn: Bộ Sách Tinh Hoa Đạo Học Đông Phương (Bìa Cứng - Mạ Vàng),1186500.0,1695000.0,508500.0,4.5,25,1,,https://tiki.vncombo-4-cuon-bo-sach-tinh-hoa-dao-hoc-dong-phuong-bia-cung-ma-vang-p138504579.html?spid=138504580
127564524,Sách Nghìn Lẻ Một Đêm (Tái Bản),794000.0,990000.0,196000.0,4.8,194,1,,https://tiki.vnsach-nghin-le-mot-dem-tai-ban-p127564524.html?spid=127564526
113655533,Giáo Trình Chủ Nghĩa Xã Hội Khoa Học (Dành Cho Bậc Đại Học Hệ Không Chuyên Lý Luận Chính Trị) - Bộ mới năm 2021,46000.0,46000.0,0.0,5.0,373,197,,https://tiki.vngiao-trinh-chu-nghia-xa-hoi-khoa-hoc-danh-cho-bac-dai-hoc-he-khong-chuyen-ly-luan-chinh-tri-bo-moi-nam-2021-p113655533.html?spid=113655534
99511241,Sách Kẻ Khôn Đi Lối Khác - The Third Door (Tái bản 2021),124300.0,189000.0,64700.0,4.8,47,1,,https://tiki.vnsach-ke-khon-di-loi-khac-the-third-door-tai-ban-2021-p99511241.html?spid=127524789
81884465,Sách Tất Cả Chúng Ta Đều Hành Xử Cảm Tính (Tái Bản),189000.0,220000.0,31000.0,5.0,5,1,,https://tiki.vnsach-tat-ca-chung-ta-deu-hanh-xu-cam-tinh-tai-ban-p81884465.html?spid=81884472
75813207,Sách Dịch Tượng Luận - Tử Vi Bí Kiếp (Di Cảo),311000.0,360000.0,49000.0,5.0,242,1,,https://tiki.vnsach-dich-tuong-luan-tu-vi-bi-kiep-di-cao-p75813207.html?spid=75813208
74341297,Sách Không Sợ Chậm Chỉ Sợ Dừng,99330.0,129000.0,29670.0,5.0,2976,1,,https://tiki.vnsach-khong-so-cham-chi-so-dung-p74341297.html?spid=74217683
38436486,Sách Chuộc Tội,83160.0,125000.0,41840.0,5.0,136,1,,https://tiki.vnsach-chuoc-toi-p38436486.html?spid=38436487
16084263,Sách Tri Thức Về Vạn Vật - Một Thế Giới Trực Quan Chưa Từng Thấy,429000.0,699000.0,270000.0,4.7,732,1,,https://tiki.vnsach-tri-thuc-ve-van-vat-mot-the-gioi-truc-quan-chua-tung-thay-p16084263.html?spid=16084264
10581200,Sách Dế Mèn Phiêu Lưu Ký (Tái Bản),39000.0,50000.0,11000.0,5.0,1312,1,,https://tiki.vnsach-de-men-phieu-luu-ky-tai-ban-p10581200.html?spid=10581201
10227722,Sách 45 Giây Tạo Nên Thay Đổi - Thấu Hiểu Tiếp Thị Mạng Lưới,66000.0,80000.0,14000.0,4.8,501,1,,https://tiki.vnsach-45-giay-tao-nen-thay-doi-thau-hieu-tiep-thi-mang-luoi-p10227722.html?spid=10227723
3876677,Sách Hỏa Ngục,164000.0,239000.0,75000.0,4.7,312,1,,https://tiki.vnsach-hoa-nguc-p3876677.html?spid=3876679
970417,Sách Cây Chuối Non Đi Giày Xanh - Bìa Mềm - Bản Thông Thường,88000.0,110000.0,22000.0,4.8,864,1,,https://tiki.vnsach-cay-chuoi-non-di-giay-xanh-bia-mem-p970417.html?spid=962355
555504,Sách Đắc Nhân Tâm (Bìa Cứng) (Tái Bản),83160.0,108000.0,24840.0,4.8,1957,1,,https://tiki.vnsach-dac-nhan-tam-bia-cung-tai-ban-p555504.html?spid=288002
278917412,365 Ngày Ký Họa - 5 Giây Vẽ Tất Tần Tật Mọi Thứ Trên Đời,117700.0,149000.0,31300.0,5.0,1,53660,,https://tiki.vn365-ngay-ky-hoa-5-giay-ve-tat-tan-tat-moi-thu-tren-doi-p278917412.html?spid=278917413
278901500,Sách Hạt Tử Thần,206500.0,295000.0,88500.0,0.0,0,1,,https://tiki.vnsach-hat-tu-than-p278901500.html?spid=278901501
278864827,Sách - MASHLE - Tập 13 - Rayne Ames Và Thương Thủ Mạnh Nhất - Tặng Kèm Card Nhựa,29700.0,30000.0,300.0,0.0,0,53660,,https://tiki.vnsach-mashle-tap-13-rayne-ames-va-thuong-thu-manh-nhat-tang-kem-card-nhua-p278864827.html?spid=278864828
278853203,Sách - Hướng Dẫn Ôn Thi Tốt Nghiệp Trung Học Phổ Thông Các Môn Năm Học 2025 - 2026 (Tùy Chọn),85000.0,85000.0,0.0,0.0,0,329603,,https://tiki.vnsach-huong-dan-on-thi-tot-nghiep-trung-hoc-pho-thong-cac-mon-nam-hoc-2025-2026-tuy-chon-p278853203.html?spid=278853211
278814503,Sách Bảng Xếp Hạng Quân Vương [Chọn Tập Lẻ,42000.0,45000.0,3000.0,0.0,0,1,,https://tiki.vnsach-bang-xep-hang-quan-vuong-chon-tap-le-p278814503.html?spid=278756490
278788776,Combo sản phẩm sách bìa mềm 2 cuốn Bộ Thôi Lão Đạo Bắt Yêu và Thôi Lão Đạo Truyền kỳ,431200.0,539000.0,107800.0,5.0,1,88677,,https://tiki.vncombo-san-pham-sach-2-cuon-bo-thoi-lao-dao-bat-yen-va-thoi-lao-dao-yeu-truyen-ky-p278788776.html?spid=278788777
278636704,Sách Mưa Ở Kiếp Sau,108000.0,150000.0,42000.0,4.8,4,1,,https://tiki.vnsach-mua-o-kiep-sau-p278636704.html?spid=278636705
278619742,Sách Danh Tác Thế Giới Lầy Lội,145600.0,208000.0,62400.0,0.0,0,1,,https://tiki.vnsach-danh-tac-the-gioi-lay-loi-p278619742.html?spid=278619744
278468956,"Bộ Luật Tố Tụng Dân Sự ( Sửa Đổi, Bổ Sung Năm 2025)",95000.0,95000.0,0.0,5.0,1,10803,,https://tiki.vnbo-luat-to-tung-dan-su-sua-doi-bo-sung-nam-2025-p278468956.html?spid=278468957
278401982,"Sách Lựa Chọn, Thiết Kế Và Nuôi Sống Trải Nghiệm Khách Hàng",130130.0,169000.0,38870.0,5.0,2,1,,https://tiki.vnsach-lua-chon-thiet-ke-va-nuoi-song-trai-nghiem-khach-hang-p278401982.html?spid=278403904
277857892,Sách Come As You Are – Tâm Lý Học Tình Dục,153000.0,219000.0,66000.0,3.5,2,1,,https://tiki.vnsach-come-as-you-are-tam-ly-hoc-tinh-duc-p277857892.html?spid=277857893
277717626,Sách Không Ai Cản Được AI - Hiểu AI từ căn góc để phát triển sự nghiệp,112000.0,149000.0,37000.0,5.0,3,1,,https://tiki.vnsach-khong-ai-can-duoc-ai-hieu-ai-tu-can-goc-de-phat-trien-su-nghiep-p277717626.html?spid=277717627
277684246,"Sách Thánh đế, thánh đạo - Lời Phật dạy trực chỉ đến giải thoát",156000.0,229000.0,73000.0,5.0,1,1,,https://tiki.vnsach-thanh-de-thanh-dao-loi-phat-day-truc-chi-den-giai-thoat-p277684246.html?spid=277933362
277135732,Sách Ngày Ấy Buông Tay Hóa Ra Là Chuyện Tốt,84000.0,105000.0,21000.0,5.0,2,1,,https://tiki.vnsach-ngay-ay-buong-tay-hoa-ra-la-chuyen-tot-p277135732.html?spid=277135734
276756378,"Sách Các Triết Gia Thế Tục - Cuộc Đời, Thời Đại Và Tư Tưởng Của Các Nhà Kinh Tế Vĩ Đại",208000.0,299000.0,91000.0,4.8,11,1,,https://tiki.vnsach-cac-triet-gia-the-tuc-cuoc-doi-thoi-dai-va-tu-tuong-cua-cac-nha-kinh-te-vi-dai-p276756378.html?spid=276756379
276619206,Sách Có Một Mùa Hè Chưa Từng Lãng Quên,96000.0,120000.0,24000.0,0.0,0,1,,https://tiki.vnsach-co-mot-mua-he-chua-tung-lang-quen-p276619206.html?spid=276619207
275605160,Sách giáo khoa Toán 12- Tập hai- Chân Trời Sáng Tạo (Kèm Nilon bọc Sách),29000.0,29000.0,0.0,4.5,2,11216,,https://tiki.vnsach-giao-khoa-toan-12-tap-hai-chan-troi-sang-tao-p275605160.html?spid=275605161
274455494,Sách Storytelling With You – Kể Chuyện Từ Chính Bạn,273000.0,379000.0,106000.0,5.0,6,1,,https://tiki.vnsach-storytelling-with-you-ke-chuyen-tu-chinh-ban-p274455494.html?spid=274455495
273572930,Sách The Land Of Charm - Picture Atlas Of Vietnam - Đất Nước Gấm Hoa (English Version),276000.0,350000.0,74000.0,4.3,3,1,,https://tiki.vnsach-the-land-of-charm-picture-atlas-of-vietnam-dat-nuoc-gam-hoa-english-version-p273572930.html?spid=273572931
273321955,Thám Tử Lừng Danh Conan Tập 101,23750.0,25000.0,1250.0,5.0,69,1,,https://tiki.vntham-tu-lung-danh-conan-tap-101-p273321955.html?spid=273321956
253058430,Sách Hơi Thở Nuôi Dưỡng Hơi Thở Trị Liệu (Tbl7),162000.0,199000.0,37000.0,5.0,15,1,,https://tiki.vnsach-hoi-tho-nuoi-duong-hoi-tho-tri-lieu-tbl7-p253058430.html?spid=253058431
241899647,Sách Thuật Quản Lý Thời Gian,64600.0,99000.0,34400.0,5.0,8,1,,https://tiki.vnsach-thuat-quan-ly-thoi-gian-p241899647.html?spid=241899651
217180731,Combo 5 Bút chì gỗ Thiên Long GP-018- Độ cứng 2B,30000.0,30000.0,0.0,5.0,1,64561,,https://tiki.vncombo-5-but-chi-go-thien-long-gp-018-do-cung-2b-p217180731.html?spid=217180732
208560326,Sách Ước Mơ Của Bạn Nhất Định Thành Hiện Thực,67000.0,80000.0,13000.0,5.0,25,1,,https://tiki.vnsach-uoc-mo-cua-ban-nhat-dinh-thanh-hien-thuc-p208560326.html?spid=208560331
207427386,Sách Meta Human - Siêu Nhân Loại - Mở khóa tiềm năng vô hạn trong bạn,220000.0,239000.0,19000.0,4.7,15,1,,https://tiki.vnsach-meta-human-sieu-nhan-loai-mo-khoa-tiem-nang-vo-han-trong-ban-p207427386.html?spid=207427387
204771704,Sách Bé tô màu - Động vật,9900.0,15000.0,5100.0,5.0,3,1,,https://tiki.vnsach-be-to-mau-dong-vat-p204771704.html?spid=204771705
175147117,Sách Bài Tập Bổ Trợ Và Nâng Cao Tiếng Anh Lớp 6 Tập 2 (Có Đáp Án),80700.0,109000.0,28300.0,5.0,11,1,,https://tiki.vnsach-bai-tap-bo-tro-va-nang-cao-tieng-anh-lop-6-tap-2-co-dap-an-p175147117.html?spid=175147118
175146839,Sách Chuông Nguyện Hồn Ai (Bìa Cứng),110800.0,150000.0,39200.0,5.0,50,1,,https://tiki.vnsach-chuong-nguyen-hon-ai-bia-cung-p175146839.html?spid=175146840
170352966,Sách Trí Tuệ Gia Đình Từ Vị Tu Sĩ Bán Đi Chiếc Ferrari,112000.0,130000.0,18000.0,5.0,53,1,,https://tiki.vnsach-tri-tue-gia-dinh-tu-vi-tu-si-ban-di-chiec-ferrari-p170352966.html?spid=170352975
158745336,"Sách Xé Vài Trang Thanh Xuân, Đổi Lấy Một Bản Thân Nỗ Lực",104000.0,138000.0,34000.0,5.0,12,1,,https://tiki.vnsach-xe-vai-trang-thanh-xuan-doi-lay-mot-ban-than-no-luc-p158745336.html?spid=158745339
100347907,Sách Drama Nuôi Tôi Lớn Loài Người Dạy Tôi Khôn,88000.0,99000.0,11000.0,5.0,909,1,,https://tiki.vnsach-drama-nuoi-toi-lon-loai-nguoi-day-toi-khon-p100347907.html?spid=100347909
94159126,Sách Tám Chiều Kích Trưởng Thành,103950.0,135000.0,31050.0,5.0,89,1,,https://tiki.vnsach-tam-chieu-kich-truong-thanh-p94159126.html?spid=94159127
87118123,Sách Yêu Thương Và Bảo Vệ Hành Tinh Xanh - Trái Đất - Ngôi Nhà Lớn Của Chúng Ta,12000.0,15000.0,3000.0,4.0,4,1,,https://tiki.vnsach-yeu-thuong-va-bao-ve-hanh-tinh-xanh-trai-dat-ngoi-nha-lon-cua-chung-ta-p87118123.html?spid=87118124
84950232,Sách Hoa Sen Trên Tuyết (Tái Bản),75460.0,98000.0,22540.0,5.0,222,1,,https://tiki.vnsach-hoa-sen-tren-tuyet-tai-ban-p84950232.html?spid=84950233
76014598,Sách Blue Ocean Strategy - Chiến Lược Đại Dương Xanh (Bìa Cứng) (Tái Bản),179200.0,239000.0,59800.0,5.0,302,1,,https://tiki.vnsach-blue-ocean-strategy-chien-luoc-dai-duong-xanh-bia-cung-tai-ban-p76014598.html?spid=76014599
56609155,Sách Trường Ca Achilles (Quà Tặng Kèm: 01 Bookmark + 01 Phụ Lục),146600.0,156000.0,9400.0,5.0,201,53660,,https://tiki.vnsach-truong-ca-achilles-qua-tang-kem-01-bookmark-01-phu-luc-p56609155.html?spid=57165185
52749673,CẨM NANG MUA BÁN ĐẤT,98000.0,98000.0,0.0,4.5,240,82348,,https://tiki.vncam-nang-mua-ban-dat-p52749673.html?spid=52749674
36425573,Kinh Dịch Đạo Của Người Quân Tử (Nguyễn Hiến Lê - Tái Bản 2018) (Tặng kèm Bookmark PL),204000.0,204000.0,0.0,5.0,1,25243,,https://tiki.vnkinh-dich-dao-cua-nguoi-quan-tu-nguyen-hien-le-tai-ban-2018-tang-kem-bookmark-pl-p36425573.html?spid=48434758
8155348,Sách Da Thịt Trong Cuộc Chơi,139000.0,199000.0,60000.0,4.7,150,1,,https://tiki.vnsach-da-thit-trong-cuoc-choi-p8155348.html?spid=8155349
335337,Sách Tôi Tài Giỏi - Bạn Cũng Thế,135500.0,135500.0,0.0,4.8,157,9988,,https://tiki.vnsach-toi-tai-gioi-ban-cung-the-p335337.html?spid=6123707
279135169,Sách - Theo Dòng,51000.0,68000.0,17000.0,5.0,1,1,,https://tiki.vnsach-theo-dong-p279135169.html?spid=279135173
279122174,Đồng hành là lời tỏ tình chân thành nhất,68000.0,85000.0,17000.0,0.0,0,1,,https://tiki.vndong-hanh-la-loi-to-tinh-chan-thanh-nhat-p279122174.html?spid=279122179
279069973,Sách Sương mù (Tập 1),143000.0,179000.0,36000.0,0.0,0,1,,https://tiki.vnsach-suong-mu-tap-1-p279069973.html?spid=279070002
279017948,Sách - Quý Tộc Nhà Nông - Tập 2,63000.0,65000.0,2000.0,0.0,0,53660,,https://tiki.vnsach-quy-toc-nha-nong-tap-2-p279017948.html?spid=279017949
278997895,Sách Cờ Đỏ Cờ Xanh,161000.0,230000.0,69000.0,0.0,0,1,,https://tiki.vnsach-co-do-co-xanh-p278997895.html?spid=278997897
278997105,Sách Bác Sĩ An tử,237300.0,339000.0,101700.0,5.0,1,1,,https://tiki.vnsach-bac-si-an-tu-p278997105.html?spid=278997106
278968247,Dược Sư Tự Sự - Tập 8 [Tặng Kèm Bookmark + Set 04 Khánh Treo],105000.0,125000.0,20000.0,0.0,0,1,,https://tiki.vnduoc-su-tu-su-tap-8-tang-kem-bookmark-set-04-khanh-treo-p278968247.html?spid=278968248
278894290,Lịch Treo Tường Thám Tử Lừng Danh Conan 2026,52000.0,60000.0,8000.0,0.0,0,1,,https://tiki.vnlich-treo-tuong-tham-tu-lung-danh-conan-2026-p278894290.html?spid=278894291
278819560,"600 Câu Hỏi Dùng Cho Sát Hạch, Cấp Giấy Phép Lái Xe Cơ Giới Đường Bộ (Bản mới nhất - Cục cảnh sát giao thông)",46400.0,65000.0,18600.0,0.0,0,1,,https://tiki.vn600-cau-hoi-dung-cho-sat-hach-cap-giay-phep-lai-xe-co-gioi-duong-bo-ban-moi-nhat-cuc-canh-sat-giao-thong-p278819560.html?spid=278819562
278819422,Sách Mê Cung Cô Độc,119000.0,170000.0,51000.0,5.0,1,1,,https://tiki.vnsach-me-cung-co-doc-p278819422.html?spid=278819423
278729130,Thần Thoại Và Truyền Thuyết,339500.0,485000.0,145500.0,0.0,0,1,,https://tiki.vnthan-thoai-va-truyen-thuyet-p278729130.html?spid=278729131
278725899,Hậu Khoa Cử - Nam Tính Và Thẩm Mỹ Hiện Đại Ở Việt Nam Thời Thuộc Địa,140700.0,199000.0,58300.0,0.0,0,1,,https://tiki.vnhau-khoa-cu-nam-tinh-va-tham-my-hien-dai-o-viet-nam-thoi-thuoc-dia-p278725899.html?spid=278791954
278723591,Sách Continental Saigon – Từ Hào Quang Đế Quốc Đến Giấc Mộng Đông Dương Tan Vỡ,277000.0,339000.0,62000.0,5.0,2,1,,https://tiki.vnsach-continental-saigon-tu-hao-quang-de-quoc-den-giac-mong-dong-duong-tan-vo-p278723591.html?spid=278723595
278682211,Sách Vị Ngây Thơ,127050.0,165000.0,37950.0,4.6,7,1,,https://tiki.vnsach-vi-ngay-tho-p278682211.html?spid=278682214
278637278,Sách - Kiếm tiền xuyên biên giới từ Youtube - Hướng dẫn + kinh nghiệm thực chiến,180000.0,180000.0,0.0,4.0,1,272268,,https://tiki.vnsach-kiem-tien-xuyen-bien-gioi-tu-youtube-huong-dan-kinh-nghiem-thuc-chien-p278637278.html?spid=278707892
278070727,Sách Cuộc Đời Của Nấm - Entangled Life (New York Times Bestseller),125000.0,168000.0,43000.0,4.8,4,1,,https://tiki.vnsach-cuoc-doi-cua-nam-entangled-life-new-york-times-bestseller-p278070727.html?spid=278070728
276451695,Sách The Nickle Boys - Cuộc Đào Thoát,136200.0,195000.0,58800.0,5.0,8,1,,https://tiki.vnsach-the-nickle-boys-cuoc-dao-thoat-p276451695.html?spid=276451697
276396477,Sách Thưa ngoại con mới về,97000.0,105000.0,8000.0,5.0,25,1,,https://tiki.vnsach-thua-ngoai-con-moi-ve-p276396477.html?spid=276398520
276353084,Sách Người Ếch - Kẻ Giết Người Hàng Loạt,141000.0,157000.0,16000.0,5.0,40,1,,https://tiki.vnsach-nguoi-ech-ke-giet-nguoi-hang-loat-p276353084.html?spid=276353085
275332762,Sách Lịch Sử Chữ Quốc Ngữ,188900.0,268000.0,79100.0,5.0,42,1,,https://tiki.vnsach-lich-su-chu-quoc-ngu-p275332762.html?spid=275332763
275206732,Sách Bí Hội Thứ Chín - Ninth House,169000.0,220000.0,51000.0,5.0,3,1,,https://tiki.vnsach-bi-hoi-thu-chin-ninth-house-p275206732.html?spid=275206734
274557169,Python: Thuật toán & Cấu trúc dữ liệu. Bài tập và lời giải. Volume 1. ,250000.0,250000.0,0.0,4.8,16,126889,,https://tiki.vnpython-thuat-toan-cau-truc-du-lieu-bai-tap-va-loi-giai-volume-1-p274557169.html?spid=274557170
273952861,Sách Chất Xúc Tác Thay Đổi Tâm Trí Bất Kỳ Ai,124600.0,179000.0,54400.0,5.0,1,1,,https://tiki.vnsach-chat-xuc-tac-thay-doi-tam-tri-bat-ky-ai-p273952861.html?spid=273952862
272422879,Truyện Ehon bé 3-4-5 tuổi - Bộ 5 cuốn Phát triển sáng tạo,255000.0,255000.0,0.0,5.0,13,872,,https://tiki.vnsach-ehon-phat-trien-sang-tao-cho-be-3-6-tuoi-combo-sang-tao-tranh-truyen-ehon-nhat-ban-cho-be-p272422879.html?spid=272422880
269897426,Sách Verity - Bí mật bị chôn vùi,137200.0,195000.0,57800.0,4.7,31,1,,https://tiki.vnsach-verity-bi-mat-bi-chon-vui-p269897426.html?spid=269897427
248755023,Sách Thú Tội,69300.0,99000.0,29700.0,4.8,59,1,,https://tiki.vnsach-thu-toi-p248755023.html?spid=248755027
248656092,Sách Sức Mạnh Của Việc Đặt Câu Hỏi Đúng,74500.0,99000.0,24500.0,5.0,1,1,,https://tiki.vnsach-suc-manh-cua-viec-dat-cau-hoi-dung-p248656092.html?spid=248656093
204317934,Sách 1111 - Nhật Ký Sáu Vạn Dặm Trên Yên Xe Cà Tàng,273000.0,325000.0,52000.0,5.0,273,1,,https://tiki.vnsach-1111-nhat-ky-sau-van-dam-tren-yen-xe-ca-tang-p204317934.html?spid=204317935
198127380,Sách Harry Potter và Hội Phượng Hoàng - Bản Màu Bìa Cứng,1252000.0,1500000.0,248000.0,4.8,142,1,,https://tiki.vnsach-harry-potter-va-hoi-phuong-hoang-ban-mau-bia-cung-p198127380.html?spid=198127381
177117486,Sách Nửa Kia Biệt Tích,144000.0,185000.0,41000.0,5.0,120,1,,https://tiki.vnsach-nua-kia-biet-tich-p177117486.html?spid=177117494
175798776,Sách Kochland - Đế Chế Koch,385800.0,499000.0,113200.0,4.8,54,1,,https://tiki.vnsach-kochland-de-che-koch-p175798776.html?spid=175798777
131843989,Sách Bên Kia Đường Có Đứa Dở Hơi (Tái Bản),59600.0,79000.0,19400.0,5.0,85,1,,https://tiki.vnsach-ben-kia-duong-co-dua-do-hoi-tai-ban-p131843989.html?spid=131843990
126743461,Sách 30 Phút Ăn Chay: Cẩm Nang Dinh Dưỡng Thuần Thực Vật,131000.0,199000.0,68000.0,4.7,38,1,,https://tiki.vnsach-30-phut-an-chay-cam-nang-dinh-duong-thuan-thuc-vat-p126743461.html?spid=126743465
105663942,Sách Hành Trình Về Phương Đông (Tái Bản 2021),90860.0,118000.0,27140.0,5.0,500,1,,https://tiki.vnsach-hanh-trinh-ve-phuong-dong-tai-ban-2021-p105663942.html?spid=127538916
104769768,Máy Tính CASIO FX580VN X-PK (Màu,744000.0,840000.0,96000.0,5.0,884,1,,https://tiki.vnmay-tinh-casio-fx580vn-x-p104769768.html?spid=104769772
69624539,Sách Khoa Học Về Yoga,210000.0,300000.0,90000.0,4.8,413,1,,https://tiki.vnsach-khoa-hoc-ve-yoga-p69624539.html?spid=69624541
50277621,Vua Gia Long (Sách Tham Khảo),122900.0,159000.0,36100.0,4.7,243,1,,https://tiki.vnvua-gia-long-sach-tham-khao-p50277621.html?spid=50277622
5852521,Combo Cà Phê Cùng Tony và Trên Đường Băng,177000.0,210000.0,33000.0,5.0,1992,1,,https://tiki.vncombo-ca-phe-cung-tony-va-tren-duong-bang-p5852521.html?spid=9365728
1681461,Sách Sự Va Chạm Giữa Các Nền Văn Minh Và Sự Tái Lập Trật Tự Thế Giới (Tái Bản 2018),216700.0,289000.0,72300.0,5.0,105,1,,https://tiki.vnsach-su-va-cham-giua-cac-nen-van-minh-va-su-tai-lap-trat-tu-the-gioi-tai-ban-2018-p1681461.html?spid=1681463
520330,Sách Đất Máu Sicily (Mario Puzo),94000.0,120000.0,26000.0,4.8,436,1,,https://tiki.vnsach-dat-mau-sicily-mario-puzo-p520330.html?spid=238688
278947811,Tạp chí Kiến Trúc và Đời Sống số 234 (Tháng 12-2025)_ Kiểm soát chi phí khi xây nhà,35800.0,35800.0,0.0,5.0,2,134516,,https://tiki.vntap-chi-kien-truc-va-doi-song-so-234-thang-12-2025-_-kiem-soat-chi-phi-khi-xay-nha-p278947811.html?spid=278947812
278937441,Sách Lịch sử Việt Nam bằng tranh - Tây Sơn khởi nghiệp (Bản màu),54000.0,65000.0,11000.0,0.0,0,1,,https://tiki.vnsach-lich-su-viet-nam-bang-tranh-tay-son-khoi-nghiep-ban-mau-p278937441.html?spid=278937446
278903287,Sách - Dấu Ấn Hoàng Gia - Tập 37,29400.0,30000.0,600.0,5.0,1,53660,,https://tiki.vnsach-dau-an-hoang-gia-tap-37-p278903287.html?spid=278903288
278893206,Bộ Sách 8 Cuốn Kinh Điển Của Peter Drucker - Tinh Hoa Quản Lý Hiện Đại,1317100.0,1850000.0,532900.0,0.0,0,1,,https://tiki.vnbo-sach-8-cuon-kinh-dien-cua-peter-drucker-tinh-hoa-quan-ly-hien-dai-p278893206.html?spid=278893210
278760131,Sách giáo khoa Khoa Học Tự Nhiên 8- Chân Trời Sáng Tạo (Kèm Nilon bọc Sách),46000.0,46000.0,0.0,5.0,3,11216,,https://tiki.vnsach-giao-khoa-khoa-hoc-tu-nhien-8-chan-troi-sang-tao-kem-nilon-boc-sach-p278760131.html?spid=278760132
278713612,Sách - Những Mô Hình Tư Duy Vĩ Đại - Những Nguyên Tắc Tư Duy Cốt Lõi,103500.0,150000.0,46500.0,5.0,2,53660,,https://tiki.vnsach-nhung-mo-hinh-tu-duy-vi-dai-nhung-nguyen-tac-tu-duy-cot-loi-p278713612.html?spid=278713613
278698572,Sách Oxford Learner’s Pocket Phrasal Verbs And Idioms,115370.0,139000.0,23630.0,5.0,1,1,,https://tiki.vnsach-oxford-learner-s-pocket-phrasal-verbs-and-idioms-p278698572.html?spid=278698577
278489406,Sách Tôi Thấy Hoa Vàng Trên Cỏ Xanh (Khổ Nhỏ),66300.0,80000.0,13700.0,0.0,0,1,,https://tiki.vnsach-toi-thay-hoa-vang-tren-co-xanh-kho-nho-p278489406.html?spid=278489409
278160712,Sách Hãy Khiến Tương Lai Biết Ơn Vì Hiện Tại Bạn Đã Cố Gắng Hết Mình (Tặng Kèm: 01 Bookmark),83930.0,109000.0,25070.0,5.0,2507,1,,https://tiki.vnsach-hay-khien-tuong-lai-biet-on-vi-hien-tai-ban-da-co-gang-het-minh-tang-kem-01-bookmark-p278160712.html?spid=278160715
278116070,Sách - Nghệ Thuật Tư Duy Đỉnh Cao - Nhà Xuất Bản Dân Trí,129000.0,129000.0,0.0,4.0,2,354035,,https://tiki.vnsach-nghe-thuat-tu-duy-dinh-cao-nha-xuat-ban-dan-tri-p278116070.html?spid=278116071
277912060,Sách Tư Duy Phản Biện Như Một Luật Sư - Đừng Để Tư Duy Phản Biện Chỉ Là Kỹ Năng Xa Xỉ - Alpha Books,90900.0,119000.0,28100.0,5.0,3,1,,https://tiki.vnsach-tu-duy-phan-bien-nhu-mot-luat-su-dung-de-tu-duy-phan-bien-chi-la-ky-nang-xa-xi-alpha-books-p277912060.html?spid=277921704
277441653,Sách Hết Nước Chấm,254600.0,339000.0,84400.0,5.0,3,1,,https://tiki.vnsach-het-nuoc-cham-p277441653.html?spid=277441654
277168610,Sách Suleiman vĩ đại (Triều đại hoàng kim của đế quốc Ottoman),210000.0,289000.0,79000.0,5.0,7,1,,https://tiki.vnsach-suleiman-vi-dai-trieu-dai-hoang-kim-cua-de-quoc-ottoman-p277168610.html?spid=277168611
277041317,"Sách Stop Overthinking - Sống Tự Do, Không Âu Lo - 7 Bước Loại Bỏ Suy Nghĩ Tiêu Cực Và Bắt Đầu Suy Nghĩ Tích Cực : Loại bỏ bệnh lo âu và suy nghĩ quá nhiều",97000.0,97000.0,0.0,5.0,4,124753,,https://tiki.vnsach-overthinking-loai-bo-benh-lo-au-va-suy-nghi-qua-nhieu-p277041317.html?spid=277041318
276653138,Sách Gia Đình Song Ngữ - 365 ngày cả nhà cùng nói tiếng Anh như người bản ngữ,121000.0,168000.0,47000.0,4.8,5,1,,https://tiki.vnsach-gia-dinh-song-ngu-365-ngay-ca-nha-cung-noi-tieng-anh-nhu-nguoi-ban-ngu-p276653138.html?spid=276653373
276302714,Sách Đi Vẽ,139900.0,180000.0,40100.0,0.0,0,1,,https://tiki.vnsach-di-ve-p276302714.html?spid=276302716
275452687,"Sách Harry Potter - Boxset 30 Cuốn, Trọn bộ 7 tập - Khổ nhỏ",1496000.0,1850000.0,354000.0,5.0,14,1,,https://tiki.vnsach-harry-potter-boxset-30-cuon-tron-bo-7-tap-kho-nho-p275452687.html?spid=276280374
274099740,Sách Classic - Công chúa nhỏ,80000.0,100000.0,20000.0,4.7,3,1,,https://tiki.vnsach-classic-cong-chua-nho-p274099740.html?spid=274099741
273476675,Sách Xoắn ốc vô hình,107800.0,140000.0,32200.0,5.0,27,1,,https://tiki.vnsach-xoan-oc-vo-hinh-p273476675.html?spid=273476676
271516488,Sách Ngôi Trường Mọi Khi,88000.0,110000.0,22000.0,4.8,164,1,,https://tiki.vnsach-ngoi-truong-moi-khi-p271516488.html?spid=8835147
267340202,Sách Hoàng đế trạch kinh(bìa cứng),239700.0,310000.0,70300.0,5.0,7,1,,https://tiki.vnsach-hoang-de-trach-kinh-bia-cung-p267340202.html?spid=267340204
254078276,Sách Từ Tâm trí đến Vật chất - Mind to Matter - Happy Live,299000.0,299000.0,0.0,5.0,14,7446,,https://tiki.vntu-tam-tri-den-vat-chat-mind-to-matter-p254078276.html?spid=254078278
212213018,Sách Thọ mai gia lễ (phong tục dân gian về tục cưới hỏi ma chay của người Việt Nam),40900.0,55000.0,14100.0,4.7,15,1,,https://tiki.vnsach-tho-mai-gia-le-phong-tuc-dan-gian-ve-tuc-cuoi-hoi-ma-chay-cua-nguoi-viet-nam-p212213018.html?spid=212213019
186290824,Sách Hạ đỏ (Tái Bản 2022),32000.0,38000.0,6000.0,5.0,85,1,,https://tiki.vnsach-ha-do-tai-ban-2022-p186290824.html?spid=186290825
176824195,"Sách Cách Quản Trị Của Amazon (Working Backwards: Insights, Stories, And Secrets From Inside Amazon)",159500.0,205000.0,45500.0,5.0,36,1,,https://tiki.vnsach-cach-quan-tri-cua-amazon-working-backwards-insights-stories-and-secrets-from-inside-amazon-p176824195.html?spid=176824196
174449882,Sách “Lần Đầu Làm Sếp” – (Your First Leadership Job),142200.0,195000.0,52800.0,5.0,19,1,,https://tiki.vnsach-lan-dau-lam-sep-your-first-leadership-job-p174449882.html?spid=174449883
170706974,Sách Lãnh Đạo Giỏi Hỏi Câu Hỏi Hay (Tái Bản),141700.0,189000.0,47300.0,5.0,22,1,,https://tiki.vnsach-lanh-dao-gioi-hoi-cau-hoi-hay-tai-ban-p170706974.html?spid=170706976
168293381,Sách Oliver Twist (Tái Bản),113000.0,150000.0,37000.0,5.0,10,1,,https://tiki.vnsach-oliver-twist-tai-ban-p168293381.html?spid=168293383
168234704,Sách Cách Trở Thành Một Người Khắc Kỷ,107000.0,125000.0,18000.0,5.0,20,1,,https://tiki.vnsach-cach-tro-thanh-mot-nguoi-khac-ky-p168234704.html?spid=168234705
105614684,Bút gel 0.5mm Deli nhiều màu lựa chọn - Bút bi nước -  1 chiếc - Mực đỏ / Xanh / Đen - A116,8000.0,12600.0,4600.0,4.8,503,113115,,https://tiki.vnbut-gel-0-5mm-deli-nhieu-mau-lua-chon-but-bi-nuoc-1-chiec-muc-do-xanh-den-a116-p105614684.html?spid=105614691
78975583,Có Một Con Mọt Sách (Tái Bản),44660.0,58000.0,13340.0,5.0,30,1,,https://tiki.vnco-mot-con-mot-sach-tai-ban-p78975583.html?spid=78975584
34745639,Lĩnh Nam Chích Quái (Tái Bản 2019),332500.0,350000.0,17500.0,4.8,22,53660,,https://tiki.vnlinh-nam-chich-quai-tai-ban-2019-p34745639.html?spid=34745640
32921595,"Sách Sổ Tay Học Nhanh , Toàn Diện Kiến Thức Và Dạng Bài Hóa Học Lớp 8 - 9",55000.0,68000.0,13000.0,4.8,373,1,,https://tiki.vnsach-so-tay-hoc-nhanh-toan-dien-kien-thuc-va-dang-bai-hoa-hoc-lop-8-9-p32921595.html?spid=32921596
16391543,Sách Cha Voi - Dạy Con Nên Người Ở Thời Đại Số,115500.0,150000.0,34500.0,5.0,301,1,,https://tiki.vnsach-cha-voi-day-con-nen-nguoi-o-thoi-dai-so-p16391543.html?spid=16391544
13407561,Sách Hachiko - Chú Chó Đợi Chờ (Bìa Mềm) (Tái Bản 2019),58000.0,60000.0,2000.0,5.0,559,1,,https://tiki.vnsach-hachiko-chu-cho-doi-cho-bia-mem-tai-ban-2019-p13407561.html?spid=13407562
8818431,Sách Set 3 cuốn Ehon Chơi cùng cáo Ken - Ehon Nhật Bản cho bé 0-6 tuổi phát triển ngôn ngữ,90090.0,117000.0,26910.0,5.0,68,1,,https://tiki.vnsach-set-3-cuon-ehon-choi-cung-cao-ken-ehon-nhat-ban-cho-be-0-6-tuoi-phat-trien-ngon-ngu-p8818431.html?spid=73921341
7496289,Sách Sơn Nam - Lịch Sử Khẩn Hoang Miền Nam (Tái Bản),96000.0,115000.0,19000.0,4.8,95,1,,https://tiki.vnsach-son-nam-lich-su-khan-hoang-mien-nam-tai-ban-p7496289.html?spid=7496291
6926849,Sách Mindmap English Grammar - Ngữ Pháp Tiếng Anh Bằng Sơ Đồ Tư Duy,157700.0,190000.0,32300.0,4.8,1897,1,,https://tiki.vnsach-mindmap-english-grammar-ngu-phap-tieng-anh-bang-so-do-tu-duy-p6926849.html?spid=6926851
5402867,Sách Thuật Quản Lý Bán Hàng (Tái Bản),65000.0,99000.0,34000.0,5.0,24,1,,https://tiki.vnsach-thuat-quan-ly-ban-hang-tai-ban-p5402867.html?spid=5402893
1337733,Sách 100 Bí Ẩn Đáng Kinh Ngạc Về Khoa Học (USBORNE - 100 Things To Know About Science),83900.0,100000.0,16100.0,5.0,209,1,,https://tiki.vnsach-100-bi-an-dang-kinh-ngac-ve-khoa-hoc-usborne-100-things-to-know-about-science-p1337733.html?spid=1338991
279106126,Sách Y học & Sức khỏe. Vì đâu mà ta bệnh? Gốc rễ của hầu hết các bệnh mãn tính và cách chống lại bệnh,129000.0,155000.0,26000.0,5.0,1,1,,https://tiki.vnsach-y-hoc-suc-khoe-vi-dau-ma-ta-benh-goc-re-cua-hau-het-cac-benh-man-tinh-va-cach-chong-lai-benh-p279106126.html?spid=279106128
279059437,Astro Boy - Atom Cậu Bé Tay Sắt - Chuyện Xưa Chuyện Nay [Tặng Kèm Bookmark],71000.0,75000.0,4000.0,0.0,0,1,,https://tiki.vnastro-boy-atom-cau-be-tay-sat-chuyen-xua-chuyen-nay-tang-kem-bookmark-p279059437.html?spid=279059438
278969091,Sách - 100 Đề Minh Họa Thi Vào 10 - Môn Toán,150000.0,200000.0,50000.0,0.0,0,53660,,https://tiki.vnsach-100-de-minh-hoa-thi-vao-10-mon-toan-p278969091.html?spid=278969092
278817070,Sách Đâu Đó Ngoài Khơi Xa - Phần Tiếp Theo Của Ngôi Nhà Bên Bờ Biển Xanh Thẳm,176330.0,229000.0,52670.0,0.0,0,1,,https://tiki.vnsach-dau-do-ngoai-khoi-xa-phan-tiep-theo-cua-ngoi-nha-ben-bo-bien-xanh-tham-p278817070.html?spid=278817072
278791943,Sách Nhiệt Độ Cơ Thể Của Ác Ma - Tập 1,184030.0,239000.0,54970.0,0.0,0,1,,https://tiki.vnsach-nhiet-do-co-the-cua-ac-ma-tap-1-p278791943.html?spid=278791950
278636879,Sách Viết & Sống,129360.0,168000.0,38640.0,0.0,0,1,,https://tiki.vnsach-viet-song-p278636879.html?spid=278636881
278469816,Cú Đấm Phúc Âm,53000.0,55000.0,2000.0,5.0,10,1,,https://tiki.vncu-dam-phuc-am-p278469816.html?spid=278279858
278138310,Sách EQ-IQ Giúp Trẻ Làm Chủ Cảm Xúc,25400.0,32000.0,6600.0,0.0,0,1,,https://tiki.vnsach-eq-iq-giup-tre-lam-chu-cam-xuc-p278138310.html?spid=278138465
278017053,Sách - Kinh Tế Học Vĩ Mô,259200.0,288000.0,28800.0,5.0,4,53660,,https://tiki.vnsach-kinh-te-hoc-vi-mo-p278017053.html?spid=278017054
277923262,Sách Trò chuyện với hoa thủy tiên và...,118000.0,145000.0,27000.0,4.5,2,1,,https://tiki.vnsach-tro-chuyen-voi-hoa-thuy-tien-va-p277923262.html?spid=277923263
277776208,Sách Khúc Ca Của Tế Bào - Khám Phá Phần Tử Cơ Bản Của Sinh Vật Và Con Người Mới - Siddhartha Mukherjee (Omega Plus),269000.0,359000.0,90000.0,5.0,12,1,,https://tiki.vnsach-khuc-ca-cua-te-bao-kham-pha-phan-tu-co-ban-cua-sinh-vat-va-con-nguoi-moi-siddhartha-mukherjee-omega-plus-p277776208.html?spid=277837447
277742612,Sách Người Mẹ,132100.0,189000.0,56900.0,5.0,7,1,,https://tiki.vnsach-nguoi-me-p277742612.html?spid=277742613
277596870,Sách Fear - Sợ Hãi (Hóa Giải Sợ Hãi Bằng Tình Thương),80000.0,119000.0,39000.0,5.0,531,1,,https://tiki.vnsach-fear-so-hai-hoa-giai-so-hai-bang-tinh-thuong-p277596870.html?spid=277596873
277410869,Sách Vẻ đẹp của cuộc sống - Nhật ký của Krishnamurti,97300.0,139000.0,41700.0,5.0,7,1,,https://tiki.vnsach-ve-dep-cua-cuoc-song-nhat-ky-cua-krishnamurti-p277410869.html?spid=277410870
277164024,Sách Đất đai (Ham muốn sở hữu định hình thế giới hiện Đại),203000.0,290000.0,87000.0,5.0,17,1,,https://tiki.vnsach-dat-dai-ham-muon-so-huu-dinh-hinh-the-gioi-hien-dai-p277164024.html?spid=277164030
276933577,Từ Điển Tiếng Việt Dành Cho Học Sinh (Khổ Nhỏ),42000.0,65000.0,23000.0,5.0,49,1,,https://tiki.vntu-dien-tieng-viet-danh-cho-hoc-sinh-kho-nho-p276933577.html?spid=276933580
276799236,Sách A Knight of the Seven Kingdoms – Hiệp Sĩ Bảy Vương Quốc,155600.0,229000.0,73400.0,5.0,3,1,,https://tiki.vnsach-a-knight-of-the-seven-kingdoms-hiep-si-bay-vuong-quoc-p276799236.html?spid=276799237
276546963,Sách Agatha Christie. Tuyển tập kỳ án của Poirot,87000.0,105000.0,18000.0,5.0,38,1,,https://tiki.vnsach-agatha-christie-tuyen-tap-ky-an-cua-poirot-p276546963.html?spid=276546969
276231113,Sách Lộ Trình Học Tiếng Anh Cho Người Mất Gốc - The English Journey,152460.0,198000.0,45540.0,5.0,18,1,,https://tiki.vnsach-lo-trinh-hoc-tieng-anh-cho-nguoi-mat-goc-the-english-journey-p276231113.html?spid=276231115
275251743,Sách giáo khoa Địa Lí 10- Kết Nối Tri Thức Với Cuộc Sống (Kèm Nilon bọc Sách),35000.0,35000.0,0.0,5.0,4,11216,,https://tiki.vnsach-giao-khoa-dia-li-10-ket-noi-tri-thuc-voi-cuoc-song-p275251743.html?spid=275251744
275104696,"Sách Điều gì đó ẩn sâu, Thế giới lượng tử và Không-thời gian đột sinh",179000.0,220000.0,41000.0,5.0,19,1,,https://tiki.vnsach-dieu-gi-do-an-sau-the-gioi-luong-tu-va-khong-thoi-gian-dot-sinh-p275104696.html?spid=275104698
273899200,Sách 10 vạn câu hỏi vì sao - Trọn bộ 5 tập,250000.0,315000.0,65000.0,4.7,1730,1,,https://tiki.vnsach-10-van-cau-hoi-vi-sao-tron-bo-5-tap-p273899200.html?spid=273899203
273457383,Sách Thép đã tôi thế đấy (Bản dịch đầy đủ nhất) - Bìa cứng,116700.0,150000.0,33300.0,4.5,41,1,,https://tiki.vnsach-thep-da-toi-the-day-ban-dich-day-du-nhat-bia-cung-p273457383.html?spid=273457386
271317433,Sách Collins Reading for IELTS (Tái bản 2023),122300.0,144000.0,21700.0,4.7,14,1,,https://tiki.vnsach-collins-reading-for-ielts-tai-ban-2023-p271317433.html?spid=271317436
271122419,"Sách PACE Books - Tâm thức lãnh đạo (The Mind Of The Leader) - Rasmus Hougaard, Jacqueline Carter",152300.0,205000.0,52700.0,5.0,84,1,,https://tiki.vnsach-pace-books-tam-thuc-lanh-dao-the-mind-of-the-leader-rasmus-hougaard-jacqueline-carter-p271122419.html?spid=271122422
249960247,Sách Tiếng Anh Y Khoa dành cho người mới bắt đầu - Tác giả BS. Đỗ Trung Kiên (Tái bản mới nhất 2026),149000.0,199000.0,50000.0,5.0,190,327437,,https://tiki.vnsach-tieng-anh-y-khoa-danh-cho-nguoi-moi-bat-dau-tac-gia-bs-do-trung-kien-p249960247.html?spid=249960248
194103345,Sách Đại Việt sử ký toàn thư (Boxset 2 Quyển),1963000.0,2500000.0,537000.0,4.6,31,1,,https://tiki.vnsach-dai-viet-su-ky-toan-thu-boxset-2-quyen-p194103345.html?spid=194103346
191148988,Sách Đèn Không Hắt Bóng (Tái Bản Lần 8),197000.0,219000.0,22000.0,5.0,51,1,,https://tiki.vnsach-den-khong-hat-bong-tai-ban-lan-8-p191148988.html?spid=191148989
188930500,Người Bà Tài Giỏi Vùng Saga – Tập 5,51000.0,52000.0,1000.0,5.0,83,1,,https://tiki.vnnguoi-ba-tai-gioi-vung-saga-tap-5-p188930500.html?spid=188930501
170094972,Sách Vì Sao Phật Giáo Giàu Chân Lý,200200.0,260000.0,59800.0,4.8,106,1,,https://tiki.vnsach-vi-sao-phat-giao-giau-chan-ly-p170094972.html?spid=170094973
132355740,Sách Hành Trình Theo Chân Bác (DSHCM)(Tái Bản),107000.0,125000.0,18000.0,5.0,30,1,,https://tiki.vnsach-hanh-trinh-theo-chan-bac-dshcm-tai-ban-p132355740.html?spid=132355741
114447395,Sách Mùa Thu Của Cây Dương,52500.0,75000.0,22500.0,5.0,119,1,,https://tiki.vnsach-mua-thu-cua-cay-duong-p114447395.html?spid=114447396
109765020,Sách Siddhartha (Tái Bản 2021),50400.0,72000.0,21600.0,5.0,148,1,,https://tiki.vnsach-siddhartha-tai-ban-2021-p109765020.html?spid=127539240
109298270,Sách Cẩm Nang Con Gái (Tái Bản),63000.0,68000.0,5000.0,4.8,99,1,,https://tiki.vnsach-cam-nang-con-gai-tai-ban-p109298270.html?spid=109298271
87120332,Sách Yêu Thương Và Bảo Vệ Hành Tinh Xanh - Hệ Sinh Thái Mạng Lưới Của Sự Sống,13000.0,15000.0,2000.0,5.0,5,1,,https://tiki.vnsach-yeu-thuong-va-bao-ve-hanh-tinh-xanh-he-sinh-thai-mang-luoi-cua-su-song-p87120332.html?spid=87120334
77112144,Sách Keep It Up Tập Viết Chữ Hán - Học Tiếng Trung Cho Người Mới Bắt Đầu,45000.0,59000.0,14000.0,4.8,172,1,,https://tiki.vnsach-keep-it-up-tap-viet-chu-han-hoc-tieng-trung-cho-nguoi-moi-bat-dau-p77112144.html?spid=77112146
68823440,Sách Doanh Nghiệp Tự Hành (Tái Bản 2020),107400.0,139000.0,31600.0,4.7,36,1,,https://tiki.vnsach-doanh-nghiep-tu-hanh-tai-ban-2020-p68823440.html?spid=68823441
63473605,"Sách Ho’Oponopono: Sống Như Người Hawaii – Chấp Nhận, Biết Ơn Và Tha Thứ",84200.0,109000.0,24800.0,5.0,816,1,,https://tiki.vnsach-ho-oponopono-song-nhu-nguoi-hawaii-chap-nhan-biet-on-va-tha-thu-p63473605.html?spid=63473608
54002545,Sách Muôn Màu Lập Luận,84000.0,110000.0,26000.0,4.8,45,1,,https://tiki.vnsach-muon-mau-lap-luan-p54002545.html?spid=54002546
14684312,Sách Dấn Thân (Tái Bản),88000.0,112000.0,24000.0,5.0,641,1,,https://tiki.vnsach-dan-than-tai-ban-p14684312.html?spid=14684313
279083136,Sổ Tay Của Một Cô Gái Có Phẩm Giá,68800.0,86000.0,17200.0,0.0,0,1,,https://tiki.vnso-tay-cua-mot-co-gai-co-pham-gia-p279083136.html?spid=279083138
278979899,Combo Phương Pháp Nghiên Cứu Luật Học + Đại Cương Pháp Luật Và Quản Trị Rủi Ro Pháp Lý - Phạm Duy Nghĩa ,207000.0,244000.0,37000.0,0.0,0,111899,,https://tiki.vncombo-phuong-phap-nghien-cuu-luat-hoc-dai-cuong-phap-luat-va-quan-tri-rui-ro-phap-ly-pham-duy-nghia-p278979899.html?spid=278979900
278961379,KỸ THUẬT AI: XÂY DỰNG ỨNG DỤNG VỚI MÔ HÌNH NỀN TẢNG - CHIP HUYEN - Dịch giả: Lê Thành Hưng - Times Book,555000.0,555000.0,0.0,0.0,0,223928,,https://tiki.vnky-thuat-ai-xay-dung-ung-dung-voi-mo-hinh-nen-tang-chip-huyen-dich-gia-le-thanh-hung-times-book-p278961379.html?spid=278961380
278948458,Sách Vòng Lặp Thứ 7 Của Tiểu Thư Phản Diện - Cuộc Sống Hôn Nhân Tự Tại Giữa Lòng Địch Quốc (Chọn Tập Lẻ),49000.0,50000.0,1000.0,0.0,0,1,,https://tiki.vnsach-vong-lap-thu-7-cua-tieu-thu-phan-dien-cuoc-song-hon-nhan-tu-tai-giua-long-dich-quoc-9-chon-tap-le-p278948458.html?spid=278860680
278917025,"Sách Màu Của Tết - Kể Chuyện Tết Xưa, Tô Màu Tết Nay ( Sách Thiếu Nhi - Tô Màu)",44250.0,59000.0,14750.0,0.0,0,1,,https://tiki.vnsach-mau-cua-tet-ke-chuyen-tet-xua-to-mau-tet-nay-sach-thieu-nhi-to-mau-p278917025.html?spid=278917026
278898435,Sách Cherry Magic - Tập 15,100000.0,109000.0,9000.0,5.0,4,1,,https://tiki.vnsach-cherry-magic-tap-15-p278898435.html?spid=278898554
278713778,"Sách - Những Mô Hình Tư Duy Vĩ Đại - Hiểu Đơn Giản Hệ Thống, Toán Học Để Giải Quyết Mọi Vấn Đề Trong Cuộc Sống",134500.0,195000.0,60500.0,0.0,0,53660,,https://tiki.vnsach-nhung-mo-hinh-tu-duy-vi-dai-hieu-don-gian-he-thong-toan-hoc-de-giai-quyet-moi-van-de-trong-cuoc-song-p278713778.html?spid=278713779
278632673,Sách Pháp Lý Cho Doanh Nhân,146100.0,189000.0,42900.0,0.0,0,1,,https://tiki.vnsach-phap-ly-cho-doanh-nhan-p278632673.html?spid=278632674
278457519,Chuyện Hồi Đó - Đỗ Hồng Ngọc,315000.0,315000.0,0.0,0.0,0,197,,https://tiki.vnchuyen-hoi-do-do-hong-ngoc-p278457519.html?spid=278458684
278128192,Sổ Da A5/A6/A7 Sổ Tay Bìa Da Kẻ Ngang Deli - 300 Trang Giấy Dày Chất Lượng Chống Nước Quà Tặng Sang Trọng,55000.0,99000.0,44000.0,0.0,0,113115,,https://tiki.vnso-da-a5-a6-a7-so-tay-bia-da-ke-ngang-deli-300-trang-giay-day-chat-luong-chong-nuoc-qua-tang-sang-trong-p278128192.html?spid=278129294
278090763,Combo 3 Cuốn Bộ Sách: Nuôi Con Không Phải Là Cuộc Chiến 2,366000.0,477000.0,111000.0,5.0,288,1,,https://tiki.vncombo-3-cuon-bo-sach-nuoi-con-khong-phai-la-cuoc-chien-2-p278090763.html?spid=278090766
276912267,"Sách Giữa Muôn Vàn Ngã Rẽ Của Cuộc Đời, Tôi Vẫn Chọn Làm Một Người Kiêu Hãnh",100000.0,109000.0,9000.0,5.0,7,1,,https://tiki.vnsach-giua-muon-van-nga-re-cua-cuoc-doi-toi-van-chon-lam-mot-nguoi-kieu-hanh-p276912267.html?spid=276912268
276286331,Sách Kỹ Năng Giao Tiếp EQ Cao - Người Khác Đối Xử Với Bạn Thế Nào Là Do Bạn Quyết Định,103200.0,129000.0,25800.0,5.0,5,1,,https://tiki.vnsach-ky-nang-giao-tiep-eq-cao-nguoi-khac-doi-xu-voi-ban-the-nao-la-do-ban-quyet-dinh-p276286331.html?spid=276286333
275703757,Sách Mẹ Nhật Thai Giáo,67700.0,89000.0,21300.0,5.0,6,1,,https://tiki.vnsach-me-nhat-thai-giao-p275703757.html?spid=275703760
275612371,Gôm tẩy không bụi mịn - Strive Dust Free Thiên Long E-035 - Chứa ion bạc kháng khuẩn,6500.0,6500.0,0.0,0.0,0,64561,,https://tiki.vngom-tay-khong-bui-min-strive-dust-free-thien-long-e-035-chua-ion-bac-khang-khuan-p275612371.html?spid=275612372
275611112,Sách Chinh phục hạnh phúc,82600.0,118000.0,35400.0,4.8,6,1,,https://tiki.vnsach-chinh-phuc-hanh-phuc-p275611112.html?spid=275611113
275335272,Những giấc mơ ở hiệu sách Morisaki tập 2,80500.0,115000.0,34500.0,5.0,31,1,,https://tiki.vnnhung-giac-mo-o-hieu-sach-morisaki-tap-2-p275335272.html?spid=275335275
273476667,Sách Văn minh Việt Nam,96600.0,138000.0,41400.0,5.0,5,1,,https://tiki.vnsach-van-minh-viet-nam-p273476667.html?spid=273476668
272405380,Sách Bên Kia Vùng Biển Sáng Trăng,157680.0,219000.0,61320.0,4.5,2,1,,https://tiki.vnsach-ben-kia-vung-bien-sang-trang-p272405380.html?spid=272405385
271950437,Sách Những Lối Đi Dưới Hàng Cây Tăm Tối,59500.0,85000.0,25500.0,5.0,6,1,,https://tiki.vnsach-nhung-loi-di-duoi-hang-cay-tam-toi-p271950437.html?spid=271950438
271808190,Sách Bức Tranh Kỳ Quái,124000.0,165000.0,41000.0,4.8,53,1,,https://tiki.vnsach-buc-tranh-ky-quai-p271808190.html?spid=271808191
262590381,Sách Huệ Tím [Tác Phẩm Chọn Lọc - Văn Học Đức,41400.0,45000.0,3600.0,4.8,28,1,,https://tiki.vnsach-hue-tim-tac-pham-chon-loc-van-hoc-duc-p262590381.html?spid=262590384
253129523,Atomic Habits - Thay Đổi Tí Hon Hiệu Quả Bất Ngờ (Tái Bản 2023),164400.0,189000.0,24600.0,4.8,85,53660,,https://tiki.vnatomic-habits-thay-doi-ti-hon-hieu-qua-bat-ngo-tai-ban-2023-p253129523.html?spid=253129524
253057679,Sách Bản đồ tâm hồn con người của Jung,176400.0,189000.0,12600.0,5.0,14,1,,https://tiki.vnsach-ban-do-tam-hon-con-nguoi-cua-jung-p253057679.html?spid=253057680
252880099,Khoa Học Tự Nhiên 6 (Kết Nối Tri Thức) (2023),27000.0,27000.0,0.0,5.0,1,53660,,https://tiki.vnkhoa-hoc-tu-nhien-6-ket-noi-tri-thuc-2023-p252880099.html?spid=252880100
216226699,Sách Thành Cát Tư Hãn Và Sự Hình Thành Của Thế Giới Hiện Đại,166300.0,229000.0,62700.0,5.0,29,1,,https://tiki.vnsach-thanh-cat-tu-han-va-su-hinh-thanh-cua-the-gioi-hien-dai-p216226699.html?spid=216226701
216090608,Sách Bẫy Ngụy Biện Trong Tư Duy Phản Biện,74000.0,99000.0,25000.0,4.6,8,1,,https://tiki.vnsach-bay-nguy-bien-trong-tu-duy-phan-bien-p216090608.html?spid=216090609
204771676,Sách Ngôi nhà trông về phía biển & chuyện ngày sau,207000.0,265000.0,58000.0,5.0,71,1,,https://tiki.vnsach-ngoi-nha-trong-ve-phia-bien-chuyen-ngay-sau-p204771676.html?spid=204771677
204761686,"LỊCH BLOC 2025 TUANVIET BOOKS - Block lịch kích cỡ (24x35cm, 20.5x30.5cm, 17x24cm, 10x14.5cm) - Mẫu ngẫu nhiên",350000.0,350000.0,0.0,5.0,44,116922,,https://tiki.vnlich-bloc-2023-tuanviet-books-block-lich-kich-co-24x35cm-20-5x30-5cm-17x24cm-10x14-5cm-mau-ngau-nhien-p204761686.html?spid=204761698
200938543,Sách Bán Khống (Tái bản 2022),134200.0,179000.0,44800.0,5.0,10,1,,https://tiki.vnsach-ban-khong-tai-ban-2022-p200938543.html?spid=200938544
185409955,Bút Bi Xanh Ngòi 0.7 Đầu Bấm Deli - Vỏ Nhựa Màu Sắc Xinh Xắn Cute Macaron Pastel Viết Siêu Mượt - Phù Hợp Văn Phòng Học Sinh Ghi Chép Sổ Tay - EQ03330,9000.0,9000.0,0.0,5.0,36,113115,,https://tiki.vncombo-5-10-20-but-bi-xanh-ngoi-0-7-dau-bam-deli-vo-nhua-mau-sac-xinh-xan-cute-macaron-pastel-viet-sieu-muot-phu-hop-van-phong-hoc-sinh-ghi-chep-so-tay-eq03330-p185409955.html?spid=185409963
184782104,Sách Cha Mẹ Độc Hại (Tái Bản),129360.0,168000.0,38640.0,5.0,125,1,,https://tiki.vnsach-cha-me-doc-hai-tai-ban-p184782104.html?spid=184782105
168662558,Sách CCMR. Phải Trái Đúng Sai,141000.0,155000.0,14000.0,5.0,236,1,,https://tiki.vnsach-ccmr-phai-trai-dung-sai-p168662558.html?spid=168662559
114046590,Sách Chân Dung Của Dorian Gray,97020.0,126000.0,28980.0,4.8,351,1,,https://tiki.vnsach-chan-dung-cua-dorian-gray-p114046590.html?spid=114046591
94173462,Sách Muôn Kiếp Nhân Sinh 2,206360.0,268000.0,61640.0,5.0,5753,1,,https://tiki.vnsach-muon-kiep-nhan-sinh-2-p94173462.html?spid=94173463
78975610,Sách Siêu Tập Trung (Tái Bản),107800.0,140000.0,32200.0,4.8,245,1,,https://tiki.vnsach-sieu-tap-trung-tai-ban-p78975610.html?spid=78975611
58390336,Python cơ bản,125000.0,125000.0,0.0,4.8,909,126889,,https://tiki.vnpython-co-ban-p58390336.html?spid=58390337
52798281,"Sách Phương Pháp Giáo Dục Sớm Montessori Cho Trẻ Từ
0 – 3 Tuổi",72600.0,99000.0,26400.0,4.8,319,1,,https://tiki.vnsach-phuong-phap-giao-duc-som-montessori-cho-tre-tu-0-3-tuoi-p52798281.html?spid=52798282
1954475,Sách Cách Chinh Phục Toán Và Khoa Học,125700.0,169000.0,43300.0,4.6,151,1,,https://tiki.vnsach-cach-chinh-phuc-toan-va-khoa-hoc-p1954475.html?spid=1954579
464132,Truyện Kiều,25000.0,35000.0,10000.0,5.0,214,1,,https://tiki.vntruyen-kieu-p464132.html?spid=172950
279059440,Doraemon Movie Story Màu: Nobita Và Đảo Giấu Vàng,33250.0,35000.0,1750.0,0.0,0,1,,https://tiki.vndoraemon-movie-story-mau-nobita-va-dao-giau-vang-p279059440.html?spid=279059441
279017094,Sách - Hủy Diệt Và Cứu Rỗi,126100.0,145000.0,18900.0,0.0,0,53660,,https://tiki.vnsach-huy-diet-va-cuu-roi-p279017094.html?spid=279017095
278851379,Sách Bí Quyết Học Nhanh Nhớ Lâu 214 Bộ Thủ Tiếng Trung,60830.0,79000.0,18170.0,5.0,1,1,,https://tiki.vnsach-bi-quyet-hoc-nhanh-nho-lau-214-bo-thu-tieng-trung-p278851379.html?spid=278851380
278749486,Sách Ngàn Năm Áo Mũ - Ấn Bản Đặc Biệt 20 Năm Thành Lập Nhã Nam - Bìa Cứng,495200.0,619000.0,123800.0,0.0,0,1,,https://tiki.vnngan-nam-ao-mu-sach-ban-dac-biet-20-nam-p278749486.html?spid=278749488
278638933,Sách Vực Thẳm,145530.0,189000.0,43470.0,5.0,7,1,,https://tiki.vnsach-vuc-tham-p278638933.html?spid=278638936
278632667,Sách Tăng Trưởng Phi Tuyến Tính - Sự Trỗi Dậy Của Geely,195000.0,259000.0,64000.0,5.0,1,1,,https://tiki.vnsach-tang-truong-phi-tuyen-tinh-su-troi-day-cua-geely-p278632667.html?spid=278632668
278596729,Sách - Dấu Ấn Hoàng Gia - Tập 29,29400.0,30000.0,600.0,0.0,0,53660,,https://tiki.vnsach-dau-an-hoang-gia-tap-29-p278596729.html?spid=278596730
278567955,Sách Rồng Ngầm Trường An,154100.0,219000.0,64900.0,5.0,3,1,,https://tiki.vnsach-rong-ngam-truong-an-p278567955.html?spid=278567956
278521559,Sách Ruột Khỏe Tâm An - Mối Liên Hệ Lý Thú Giữa Hệ Vi Sinh Đường Ruột Và Cảm Xúc Của Bạn,89600.0,128000.0,38400.0,4.3,3,1,,https://tiki.vnsach-ruot-khoe-tam-an-moi-lien-he-ly-thu-giua-he-vi-sinh-duong-ruot-va-cam-xuc-cua-ban-p278521559.html?spid=278521560
276960027,Sách Báo Cáo Pháp Y,167860.0,218000.0,50140.0,5.0,6,1,,https://tiki.vnsach-bao-cao-phap-y-p276960027.html?spid=276960029
274730563,Sách Thơ Tố Hữu,46000.0,55000.0,9000.0,5.0,6,1,,https://tiki.vnsach-tho-to-huu-p274730563.html?spid=274730565
274566783,Sách Siêu Nhí Hỏi Nhà Khoa Học Trả Lời - 100 Bí Ẩn Mọi Đứa Trẻ Đều Muốn Hỏi Một Nhà Khoa Học,203600.0,299000.0,95400.0,4.8,1392,1,,https://tiki.vnsach-sieu-nhi-hoi-nha-khoa-hoc-tra-loi-100-bi-an-moi-dua-tre-deu-muon-hoi-mot-nha-khoa-hoc-p274566783.html?spid=274566786
273524657,Sách Charlotte và Wilbur,49000.0,70000.0,21000.0,5.0,7,1,,https://tiki.vnsach-charlotte-va-wilbur-p273524657.html?spid=273524658
272226135,Đại Nam Dị Truyện,97300.0,139000.0,41700.0,5.0,13,1,,https://tiki.vndai-nam-di-truyen-p272226135.html?spid=272226137
271317275,Sách Ghi Chép Pháp Y – Khi Tử Thi Biết Nói,96250.0,125000.0,28750.0,5.0,162,1,,https://tiki.vnsach-ghi-chep-phap-y-khi-tu-thi-biet-noi-p271317275.html?spid=271317276
271075257,Sách Giáo Khoa Lịch Sử 10 (Kết Nối) (Chuẩn),16000.0,16000.0,0.0,3.0,1,53660,,https://tiki.vnlich-su-10-ket-noi-2023-p271075257.html?spid=271075259
270677472,Sách Ấm áp tình bạn Ngỗng phiêu lưu ký,26000.0,35000.0,9000.0,5.0,4,1,,https://tiki.vnsach-am-ap-tinh-ban-ngong-phieu-luu-ky-p270677472.html?spid=270677488
270660251,Sách Who? Chuyện Kể Về Danh Nhân Thế Giới - J. K. Rowling,54000.0,55000.0,1000.0,4.8,148,1,,https://tiki.vnsach-who-chuyen-ke-ve-danh-nhan-the-gioi-j-k-rowling-p270660251.html?spid=270660254
270442370,Sách Bản Đồ Tâm Thức,118900.0,169000.0,50100.0,4.5,13,1,,https://tiki.vnsach-ban-do-tam-thuc-p270442370.html?spid=270442371
263697837,Sách Who? Chuyện Kể Về Danh Nhân Thế Giới - Maria Montessori,58000.0,60000.0,2000.0,5.0,158,1,,https://tiki.vnsach-who-chuyen-ke-ve-danh-nhan-the-gioi-maria-montessori-p263697837.html?spid=263697840
253145850,"Bộ 4 tẩu thuốc nhựa dẻo cực đẹp, gắn thuốc điếu, Shop Thành Nhi STN706",35000.0,35000.0,0.0,0.0,0,124840,,https://tiki.vnbo-4-tau-thuoc-nhua-deo-cuc-dep-gan-thuoc-dieu-shop-thanh-nhi-stn706-p253145850.html?spid=253145852
199177647,Sách Hoa Súng Đen,104300.0,149000.0,44700.0,4.8,67,1,,https://tiki.vnsach-hoa-sung-den-p199177647.html?spid=199177648
197587864,Sách Những chuyện tình thế kỷ mới,145600.0,208000.0,62400.0,5.0,41,1,,https://tiki.vnsach-nhung-chuyen-tinh-the-ky-moi-p197587864.html?spid=197587867
196001718,Sách Tư Trị Thông Giám Tập 1 (Tái bản),203000.0,269000.0,66000.0,4.7,19,1,,https://tiki.vnsach-tu-tri-thong-giam-tap-1-tai-ban-p196001718.html?spid=196001719
192173848,A2 Flyers 4 Authentic Practice Tests: Student's Book Without Answers With Audio - FAHASA Reprint Edition,158300.0,174000.0,15700.0,5.0,16,53660,,https://tiki.vna2-flyers-4-authentic-practice-tests-student-s-book-without-answers-with-audio-fahasa-reprint-edition-p192173848.html?spid=192173849
181699638,Sách Đất Tiền Đất Bạc,109000.0,150000.0,41000.0,4.7,86,1,,https://tiki.vnsach-dat-tien-dat-bac-p181699638.html?spid=181699639
173865570,Một Cuốn Sách Về Chủ Nghĩa Tối Giản (Tái bản 2022),129000.0,129000.0,0.0,5.0,655,277908,,https://tiki.vnmot-cuon-sach-ve-chu-nghia-toi-gian-tai-ban-2022-p173865570.html?spid=173865571
154245455,Combo 2 Cuốn Nghiền Từ Vựng Tiếng Anh: Học Qua Gốc Từ Bằng Hình Ảnh - Gốc Từ Là Bí Quyết Để Ghi Nhớ Hàng Nghìn Từ Vựng,211000.0,270000.0,59000.0,5.0,297,1,,https://tiki.vncombo-2-cuon-nghien-tu-vung-tieng-anh-hoc-qua-goc-tu-bang-hinh-anh-goc-tu-la-bi-quyet-de-ghi-nho-hang-nghin-tu-vung-p154245455.html?spid=154245456
138934626,"Sách Phi Châu Thịnh Vượng - Lịch Sử 5.000 Năm Của Sự Giàu Có, Tham Vọng Và Nỗ Lực",342300.0,489000.0,146700.0,4.8,90,1,,https://tiki.vnsach-phi-chau-thinh-vuong-lich-su-5-000-nam-cua-su-giau-co-tham-vong-va-no-luc-p138934626.html?spid=138934627
130233544,Sách Mèo Và Triết Lý Nhân Sinh - Mèo Đã Dạy Chúng Ta Điều Gì Về Cuộc Sống,135000.0,209000.0,74000.0,4.8,522,1,,https://tiki.vnsach-meo-va-triet-ly-nhan-sinh-meo-da-day-chung-ta-dieu-gi-ve-cuoc-song-p130233544.html?spid=130233546
103550551,Sách Hung Khí Hoàn Mỹ,105000.0,150000.0,45000.0,4.8,543,1,,https://tiki.vnsach-hung-khi-hoan-my-p103550551.html?spid=103550552
93249197,Sách 22 Quy Luật Bất Biến Trong Marketing,60060.0,78000.0,17940.0,4.8,107,1,,https://tiki.vnsach-22-quy-luat-bat-bien-trong-marketing-p93249197.html?spid=127538948
75615221,Combo 3 Cuốn Sách Ehon: Ai Giấu Cái Gì Đó (Dành Cho Trẻ Từ 0 - 4 Tuổi),90090.0,117000.0,26910.0,5.0,267,1,,https://tiki.vncombo-3-cuon-sach-ehon-ai-giau-cai-gi-do-danh-cho-tre-tu-0-4-tuoi-p75615221.html?spid=75615222
54624820,Sách Sức Mạnh Của Tĩnh Lặng (Tái Bản 2020),52360.0,68000.0,15640.0,4.8,414,1,,https://tiki.vnsach-suc-manh-cua-tinh-lang-tai-ban-2020-p54624820.html?spid=54624821
53703869,Cuốn Sách Đầy Đủ Và Chi Tiết Nhất Về Dân Tộc Do Thái: Lịch Sử Do Thái,322400.0,439000.0,116600.0,5.0,33,1,,https://tiki.vncuon-sach-day-du-va-chi-tiet-nhat-ve-dan-toc-do-thai-lich-su-do-thai-p53703869.html?spid=58932969
50215275,Nhóc Miko! Cô Bé Nhí Nhảnh - Tập 20 (Tái Bản 2020),19400.0,25000.0,5600.0,4.8,85,1,,https://tiki.vnnhoc-miko-co-be-nhi-nhanh-tap-20-tai-ban-2020-p50215275.html?spid=53867087
21129748,Sách Ngoảnh Lại Đã Một Đời,102700.0,139000.0,36300.0,4.8,174,1,,https://tiki.vnsach-ngoanh-lai-da-mot-doi-p21129748.html?spid=21129752
2542273,Sách Những Bố Già Châu Á (Tái Bản 2018),141400.0,199000.0,57600.0,4.6,35,1,,https://tiki.vnsach-nhung-bo-gia-chau-a-tai-ban-2018-p2542273.html?spid=2567535
542936,Sách Bé Học Lễ Giáo - Bubu Tập 26: Bubu Bị Cảm (Tái Bản),13000.0,15000.0,2000.0,4.7,7,1,,https://tiki.vnsach-be-hoc-le-giao-bubu-tap-26-bubu-bi-cam-tai-ban-p542936.html?spid=266012
441373,Sách Những Cuộc Phiêu Lưu Của Tom Sawyer (Đinh Tị),65700.0,89000.0,23300.0,4.5,101,1,,https://tiki.vnsach-nhung-cuoc-phieu-luu-cua-tom-sawyer-dinh-ti-p441373.html?spid=147214
279023066,Bao lì xì chúc mừng năm mới LX2,30000.0,30000.0,0.0,0.0,0,105,,https://tiki.vnbao-li-xi-chuc-mung-nam-moi-lx2-p279023066.html?spid=279023068
278884119,Lịch Bàn 2026 - Gieo Mầm Yêu Thương,272000.0,299000.0,27000.0,0.0,0,53660,,https://tiki.vnlich-ban-2026-gieo-mam-yeu-thuong-p278884119.html?spid=278884120
278859733,Sách Nước Ép Trị Liệu Và Chế Độ Ăn Theo Phương Pháp Cơ Thể Tự Chữa Lành,147500.0,199000.0,51500.0,5.0,313,1,,https://tiki.vnsach-nuoc-ep-tri-lieu-va-che-do-an-theo-phuong-phap-co-the-tu-chua-lanh-p278859733.html?spid=178483640
278682879,Tớ Là Mèo Pusheen - Tập 3 – Cẩm Nang Tất Tần Tật Của Pusheen [Tặng Kèm Bảng Sticker + Mini Clearfile],63000.0,80000.0,17000.0,5.0,1,1,,https://tiki.vnto-la-meo-pusheen-tap-3-cam-nang-tat-tan-tat-cua-pusheen-tang-kem-bang-sticker-mini-clearfile-p278682879.html?spid=278682882
278443308,Sách Hậu Lê Thống Chí (Theo Bản In Của Nhà In Trường Xuân Năm 1950),77300.0,110000.0,32700.0,5.0,2,1,,https://tiki.vnsach-hau-le-thong-chi-theo-ban-in-cua-nha-in-truong-xuan-nam-1950-p278443308.html?spid=278443312
278440165,Sách Năng Lực Không Bận Tâm,76230.0,99000.0,22770.0,0.0,0,1,,https://tiki.vnsach-nang-luc-khong-ban-tam-p278440165.html?spid=278440166
278380028,Sách Zookiz Và Trường Khoa Học Bí Ẩn,60000.0,65000.0,5000.0,0.0,0,1,,https://tiki.vnsach-zookiz-va-truong-khoa-hoc-bi-an-p278380028.html?spid=278380176
277750399,Sách Tự Học Siêu Tốc – Digital SAT Total Prep,488100.0,699000.0,210900.0,4.0,4,1,,https://tiki.vnsach-tu-hoc-sieu-toc-digital-sat-total-prep-p277750399.html?spid=277750400
277717783,Sách Cách Ứng Xử Thông Minh Và Thanh Lịch Của Phụ Nữ Nhật,83930.0,109000.0,25070.0,5.0,1,1,,https://tiki.vnsach-cach-ung-xu-thong-minh-va-thanh-lich-cua-phu-nu-nhat-p277717783.html?spid=277717785
277521192,Sách Mật Mã 6:20,194800.0,279000.0,84200.0,5.0,8,1,,https://tiki.vnsach-mat-ma-6-20-p277521192.html?spid=277553078
276976913,Sách Không có đá quá mềm - Tinh thần con người là không thể bẻ gãy,82000.0,98000.0,16000.0,4.8,4,1,,https://tiki.vnsach-khong-co-da-qua-mem-tinh-than-con-nguoi-la-khong-the-be-gay-p276976913.html?spid=277174345
276655583,Dấu Ấn Hoàng Gia Tập 12,29400.0,30000.0,600.0,5.0,9,1,,https://tiki.vndau-an-hoang-gia-tap-12-p276655583.html?spid=276655585
275243828,Sách Khoa học Khám phá. Bạn mãi trẻ,198000.0,260000.0,62000.0,4.8,4,1,,https://tiki.vnsach-khoa-hoc-kham-pha-ban-mai-tre-p275243828.html?spid=275243831
274948226,"Dạy Con Trong ""Hoang Mang"" - Tập 1 (Tái Bản 2024)",142800.0,168000.0,25200.0,5.0,5,53660,,https://tiki.vnday-con-trong-hoang-mang-tap-1-tai-ban-2024-p274948226.html?spid=274948227
274791118,Sách Ôm Giữ Không Gian - Nghệ Thuật Yêu Thương Không Phán Xét,232000.0,269000.0,37000.0,0.0,0,1,,https://tiki.vnsach-om-giu-khong-gian-nghe-thuat-yeu-thuong-khong-phan-xet-p274791118.html?spid=278427184
274320365,Hán Việt Tự Điển (Vàng),136700.0,185000.0,48300.0,5.0,1,1,,https://tiki.vnhan-viet-tu-dien-vang-p274320365.html?spid=274320366
273418280,Sách Nhập Vai Thám Tử,99330.0,129000.0,29670.0,4.8,34,1,,https://tiki.vnsach-nhap-vai-tham-tu-p273418280.html?spid=273418281
270466770,Sách Sống Như Những Cái Cây - Những Bài Học Nhỏ Để Có Nguồn Hạnh Phúc Bất Tận,64000.0,70000.0,6000.0,5.0,286,1,,https://tiki.vnsach-song-nhu-nhung-cai-cay-nhung-bai-hoc-nho-de-co-nguon-hanh-phuc-bat-tan-p270466770.html?spid=270466773
263068035,Sách Nuôi con không phải cuộc chiến (Tái bản),103000.0,129000.0,26000.0,4.8,13,1,,https://tiki.vnsach-nuoi-con-khong-phai-cuoc-chien-tai-ban-p263068035.html?spid=263068037
243223577,Khởi Nghiệp Kinh Doanh Cà Phê - 8 Bước Xây Dựng Thành Công Từ Con Số 0 - Bí Quyết Mở Quán Cafe Đông Khách,169000.0,199000.0,30000.0,4.8,72,2953,,https://tiki.vnkhoi-nghiep-kinh-doanh-ca-phe-8-buoc-xay-dung-thanh-cong-tu-con-so-0-bi-quyet-mo-quan-cafe-dong-khach-p243223577.html?spid=243223578
242725109,Sách Bồ Công Anh,82000.0,118000.0,36000.0,5.0,39,1,,https://tiki.vnsach-bo-cong-anh-p242725109.html?spid=242725110
212213039,Sách Kỷ Luật Bản Thân: Thói Quen Của Kẻ Mạnh,122000.0,169000.0,47000.0,4.8,30,1,,https://tiki.vnsach-ky-luat-ban-than-thoi-quen-cua-ke-manh-p212213039.html?spid=212213040
205610621,Sách Năng đoạn kim cương (Tái bản),133000.0,199000.0,66000.0,0.0,0,1,,https://tiki.vnsach-nang-doan-kim-cuong-tai-ban-p205610621.html?spid=205610622
199927557,Sách Văn Minh Vật Chất Của Người Việt (Bìa Cứng),300300.0,390000.0,89700.0,5.0,31,1,,https://tiki.vnsach-van-minh-vat-chat-cua-nguoi-viet-bia-cung-p199927557.html?spid=199927558
199547421,Sách Càng Độc Lập Càng Cao Quý (Tái bản),109200.0,149000.0,39800.0,4.6,44,1,,https://tiki.vnsach-cang-doc-lap-cang-cao-quy-tai-ban-p199547421.html?spid=199547422
196932335,Sách Đi khi ta còn trẻ,84000.0,120000.0,36000.0,4.8,74,1,,https://tiki.vnsach-di-khi-ta-con-tre-p196932335.html?spid=196932338
195623886,"Truyện tranh tuổi thần tiên - Cáo, thỏ và gà trống",11800.0,15000.0,3200.0,4.5,2,1,,https://tiki.vntruyen-tranh-tuoi-than-tien-cao-tho-va-ga-trong-p195623886.html?spid=195623891
184629090,Sách Lấy Nước Đường Xa,73800.0,99000.0,25200.0,5.0,47,1,,https://tiki.vnsach-lay-nuoc-duong-xa-bia-cung-p184629090.html?spid=184629091
163902730,Sách Tam Quốc Di Sự,76500.0,170000.0,93500.0,5.0,12,1,,https://tiki.vnsach-tam-quoc-di-su-p163902730.html?spid=163902731
161383835,Sách Nhân Tố Enzyme - Minh Họa (Tái Bản),74200.0,99000.0,24800.0,5.0,11,1,,https://tiki.vnsach-nhan-to-enzyme-minh-hoa-tai-ban-p161383835.html?spid=161383836
152046709,Sách Kĩ Năng Xã Hội Cho Học Sinh Tiểu Học - Tư Duy Tích Cực,81700.0,86000.0,4300.0,5.0,8,1,,https://tiki.vnsach-ki-nang-xa-hoi-cho-hoc-sinh-tieu-hoc-tu-duy-tich-cuc-p152046709.html?spid=152046710
111285054,Sách Quẳng Gánh Lo Đi & Vui Sống (Tái Bản),66220.0,86000.0,19780.0,5.0,245,1,,https://tiki.vnsach-quang-ganh-lo-di-vui-song-tai-ban-p111285054.html?spid=111285055
90866363,Sách Thanh Dạ Văn Chung (Tái Bản),42000.0,50000.0,8000.0,5.0,61,1,,https://tiki.vnsach-thanh-da-van-chung-tai-ban-p90866363.html?spid=90866364
79104678,Sách Những Bộ Óc Vĩ Đại Thần Đồng Âm Nhạc Mozart,41500.0,65000.0,23500.0,4.3,3,1,,https://tiki.vnsach-nhung-bo-oc-vi-dai-than-dong-am-nhac-mozart-p79104678.html?spid=79104679
74460137,Sách Bí Quyết Áp Dụng 7 Thói Quen Của Bạn Trẻ Thành Đạt (Khổ Nhỏ) (Tái Bản 2020),83160.0,108000.0,24840.0,4.8,408,1,,https://tiki.vnsach-bi-quyet-ap-dung-7-thoi-quen-cua-ban-tre-thanh-dat-kho-nho-tai-ban-2020-p74460137.html?spid=74460138
22881835,Cambridge English Flyers 1 for Revised Exam from 2018 Student's Book,135800.0,143000.0,7200.0,4.7,107,53660,,https://tiki.vncambridge-english-flyers-1-for-revised-exam-from-2018-student-s-book-p22881835.html?spid=22881836
21435658,Sách Mèo Chiến Binh - Bí Mật Rừng Sâu,75600.0,108000.0,32400.0,4.7,33,1,,https://tiki.vnsach-meo-chien-binh-bi-mat-rung-sau-p21435658.html?spid=21435659
10371573,Sách PACE Books - Thách thức sáng tạo (The Innovator's Dilemma) - Clayton M. Christensen,113000.0,155000.0,42000.0,4.5,11,1,,https://tiki.vnsach-pace-books-thach-thuc-sang-tao-the-innovator-s-dilemma-clayton-m-christensen-p10371573.html?spid=10371574
3717993,Sách Kỷ Luật Tích Cực Trong Lớp Học,62700.0,82000.0,19300.0,5.0,102,1,,https://tiki.vnsach-ky-luat-tich-cuc-trong-lop-hoc-p3717993.html?spid=3717995
1443167,Sách Phương Pháp Ăn Dặm Bé Chỉ Huy (Baby Led-Weaning) (Tái Bản),77300.0,99000.0,21700.0,4.7,274,1,,https://tiki.vnsach-phuong-phap-an-dam-be-chi-huy-baby-led-weaning-ta-i-ban-p1443167.html?spid=1444479
279160732,Kinh tế Sài Gòn Xuân Bính Ngọ 2026,75000.0,75000.0,0.0,5.0,3,311829,,https://tiki.vnkinh-te-sai-gon-xuan-binh-ngo-2026-p279160732.html?spid=279160733
279160125,Sách Người Tuyết Của Em Có Thể Sống Được Bao Lâu? - Tập 1,151000.0,189000.0,38000.0,5.0,2,1,,https://tiki.vnsach-nguoi-tuyet-cua-em-co-the-song-duoc-bao-lau-tap-1-p279160125.html?spid=279160669
279154998,Sách - Luận Kết Cục Trông Mặt Mà Bắt Hình Dong - Tập 3,164500.0,189000.0,24500.0,0.0,0,53660,,https://tiki.vnsach-luan-ket-cuc-trong-mat-ma-bat-hinh-dong-tap-3-p279154998.html?spid=279154999
279055641,"Set Lì Xì Ngựa Thêu In Bìa Đẹp, Bao lì xì Tết Bính Ngọ 2026, Loại Dày Sắc Nét",49000.0,75000.0,26000.0,0.0,0,115414,,https://tiki.vnset-li-xi-ngua-tho-cam-gia-theu-in-bia-dep-bao-li-xi-tet-binh-ngo-2026-loai-day-sac-net-p279055641.html?spid=279055645
278860289,Sách Nguyễn Nhật Ánh - Cô Bé Hàng Xóm Và Bốn Viên Kẹo - Bìa Cứng - Tặng Kèm Random 1 Trong 4 Mẫu Bookmark + Sticker + Sổ Vẽ,160000.0,200000.0,40000.0,5.0,12,53660,,https://tiki.vnsach-co-be-hang-xom-va-bon-vien-keo-bia-cung-tang-kem-random-1-trong-4-mau-bookmark-sticker-so-ve-p278860289.html?spid=278860290
278843762,Di Sản Tư tưởng Ả Rập Trong Dòng Chảy Lịch Sử Nhân Loại,171700.0,230000.0,58300.0,5.0,1,1,,https://tiki.vndi-san-tu-tuong-a-rap-trong-dong-chay-lich-su-nhan-loai-p278843762.html?spid=278843763
278842696,Dị Văn Lục,128000.0,209000.0,81000.0,5.0,3,1,,https://tiki.vndi-van-luc-p278842696.html?spid=278842697
278757338,Sách - Nhà Giả Kim - Ấn Bản Đặc Biệt 20 Năm Thành Lập Nhã Nam - Bìa Cứng,239400.0,269000.0,29600.0,4.7,6,53660,,https://tiki.vnsach-nha-gia-kim-an-ban-dac-biet-20-nam-thanh-lap-nha-nam-bia-cung-p278757338.html?spid=278757341
278749480,Sách Văn Minh Việt Nam - Ấn Bản Đặc Biệt 20 Năm Thành Lập Nhã Nam - Bìa Cứng,258480.0,359000.0,100520.0,0.0,0,1,,https://tiki.vnvan-minh-viet-nam-sach-ban-dac-biet-20-nam-p278749480.html?spid=278749482
278721323,Sách - Dấu Ấn Hoàng Gia - Tập 33,29800.0,30000.0,200.0,0.0,0,53660,,https://tiki.vnsach-dau-an-hoang-gia-tap-33-p278721323.html?spid=278721325
278520574,Dấu Ấn Hoàng Gia - Tập 30,28000.0,30000.0,2000.0,5.0,2,1,,https://tiki.vndau-an-hoang-gia-tap-30-p278520574.html?spid=278520577
278468121,Sách liệu pháp dinh dưỡng cho mọi loại bệnh ( chính hãng Nowlife),240000.0,250000.0,10000.0,5.0,19,336065,,https://tiki.vnsach-lieu-phap-dinh-duong-cho-moi-loai-benh-chinh-hang-nowlife-p278468121.html?spid=278468122
278314458,Thám Tử Lừng Danh Conan - Tuyển Tập Đặc Biệt: Những Câu Chuyện Lãng Mạn,43900.0,45000.0,1100.0,4.8,91,1,,https://tiki.vntham-tu-lung-danh-conan-tuyen-tap-dac-biet-nhung-cau-chuyen-lang-man-p278314458.html?spid=278314461
278029138,Sách Takenote: Từ vựng HSK 1-2-3 Tiếng Trung,54000.0,68000.0,14000.0,0.0,0,1,,https://tiki.vnsach-takenote-tu-vung-hsk-1-2-3-tieng-trung-p278029138.html?spid=278130536
278016081,Sách Lời Nguyền Chân Ái,137830.0,179000.0,41170.0,4.5,9,1,,https://tiki.vnsach-loi-nguyen-chan-ai-p278016081.html?spid=278016082
277916772,Bộ sách -  Gieo mầm nhân cách ( Tủ tế nhưng đừng dại khờ + Đắc nhân tâm cho trẻ),250000.0,250000.0,0.0,5.0,1,336065,,https://tiki.vnbo-sach-gieo-mam-nhan-cach-tu-te-nhung-dung-dai-kho-dac-nhan-tam-cho-tre-p277916772.html?spid=277916773
277568532,Sách Thầy Cúng Kể Chuyện Trừ Tà – Tổng Hợp 100 Câu Chuyện Ma Quái,122430.0,159000.0,36570.0,5.0,1,1,,https://tiki.vnsach-thay-cung-ke-chuyen-tru-ta-tong-hop-100-cau-chuyen-ma-quai-p277568532.html?spid=277568534
277381977,Sách Việt Nam Sử Luận - Góc Nhìn Đa Chiều,167000.0,210000.0,43000.0,5.0,2,1,,https://tiki.vnsach-viet-nam-su-luan-goc-nhin-da-chieu-p277381977.html?spid=277459802
275625701,Sách Tinh Hoa Kinh Tế Học,471200.0,595000.0,123800.0,5.0,190,1,,https://tiki.vnsach-tinh-hoa-kinh-te-hoc-p275625701.html?spid=275625704
275524304,Sách Quy Tắc Số 1 - Chiến Lược Đơn Giản Để Đầu Tư Hiệu Quả Chỉ Với 15 Phút Mỗi Tuần (Phil Town),153900.0,199000.0,45100.0,4.2,5,1,,https://tiki.vnsach-quy-tac-so-1-chien-luoc-don-gian-de-dau-tu-hieu-qua-chi-voi-15-phut-moi-tuan-phil-town-p275524304.html?spid=275850079
275240057,Hạnh Phúc Mỗi Ngày,102400.0,128000.0,25600.0,0.0,0,2918,,https://tiki.vnhanh-phuc-moi-ngay-p275240057.html?spid=275240058
274537552,Sách Who? Chuyện Kể Về Danh Nhân Thế Giới - Antoni Gaudi,58000.0,60000.0,2000.0,0.0,0,1,,https://tiki.vnsach-who-chuyen-ke-ve-danh-nhan-the-gioi-antoni-gaudi-p274537552.html?spid=274537553
273356637,Sách Bác Hana,81700.0,109000.0,27300.0,5.0,69,1,,https://tiki.vnsach-bac-hana-p273356637.html?spid=273356638
262525581,Sách Nắng Xuyên Qua Vòm Lá,183900.0,249000.0,65100.0,4.7,13,1,,https://tiki.vnsach-nang-xuyen-qua-vom-la-p262525581.html?spid=262525583
253468343,"Sách Tắt Đèn (In Theo Bản Của Nhà In Mai Lĩnh Hà Nội,1939)",50500.0,70000.0,19500.0,0.0,0,1,,https://tiki.vnsach-tat-den-in-theo-ban-cua-nha-in-mai-linh-ha-noi-1939-p253468343.html?spid=253468344
208198125,"Sách Dầu Mỏ, Tiền Bạc Và Quyền Lực (BC)",412000.0,599000.0,187000.0,4.7,39,1,,https://tiki.vnsach-dau-mo-tien-bac-va-quyen-luc-bc-p208198125.html?spid=208198126
199030589,Sách Nhỏ là đẹp,130600.0,169000.0,38400.0,5.0,21,1,,https://tiki.vnsach-nho-la-dep-p199030589.html?spid=199030590
195623935,Truyện tranh tuổi thần tiên - Đàn ngỗng trời,10800.0,15000.0,4200.0,5.0,2,1,,https://tiki.vntruyen-tranh-tuoi-than-tien-dan-ngong-troi-p195623935.html?spid=195623936
188534650,Sách 7 Phương Pháp Đầu Tư Warren Buffett,112500.0,169000.0,56500.0,4.7,14,1,,https://tiki.vnsach-7-phuong-phap-dau-tu-warren-buffett-p188534650.html?spid=188534651
185873053,Sách Bàn Về Tự Do (Tái Bản),122800.0,155000.0,32200.0,4.8,37,1,,https://tiki.vnsach-ban-ve-tu-do-tai-ban-p185873053.html?spid=185873056
185242029,Sách Vũ Điệu Quỷ Satan,110600.0,158000.0,47400.0,5.0,51,1,,https://tiki.vnsach-vu-dieu-quy-satan-p185242029.html?spid=185242030
179372235,Sách Câu Chuyện Nghệ Thuật (Tái bản),875200.0,1199000.0,323800.0,5.0,31,1,,https://tiki.vnsach-cau-chuyen-nghe-thuat-tai-ban-p179372235.html?spid=179372236
125528587,"Sách Thần Với Chả Thoại (Những Câu Chuyện ""Mệt Mỏi"" Về Các Vị Thần)",111000.0,159000.0,48000.0,4.8,242,1,,https://tiki.vnsach-than-voi-cha-thoai-nhung-cau-chuyen-met-moi-ve-cac-vi-than-p125528587.html?spid=125528588
121185870,Sách Và Rồi Núi Vọng,126000.0,180000.0,54000.0,5.0,274,1,,https://tiki.vnsach-va-roi-nui-vong-p121185870.html?spid=121185873
100376369,Sách Đứa Con Gái Hoang Đàng - Hai Số Phận - Phần II,143000.0,209000.0,66000.0,4.6,878,1,,https://tiki.vnsach-dua-con-gai-hoang-dang-hai-so-phan-phan-ii-p100376369.html?spid=100376370
91553053,Sách Tiểu Sử Các Quốc Gia Qua Góc Nhìn Lầy Lội,150500.0,215000.0,64500.0,5.0,71,1,,https://tiki.vnsach-tieu-su-cac-quoc-gia-qua-goc-nhin-lay-loi-p91553053.html?spid=91553054
75627527,Tối đa hóa hiệu suất công việc - Việc 12 tháng làm trong 12 tuần,119990.0,169000.0,49010.0,5.0,2,361459,,https://tiki.vntoi-da-hoa-hieu-suat-cong-viec-viec-12-thang-lam-trong-12-tuan-p75627527.html?spid=277775256
74620371,Sách Toát Yếu Đông Dược Diễn Ca,121600.0,179000.0,57400.0,4.7,29,1,,https://tiki.vnsach-toat-yeu-dong-duoc-dien-ca-p74620371.html?spid=74620372
47142043,Sách 2000 Từ Vựng Cần Thiết Cho Kỳ Thi Năng Lực Nhật Ngữ N3,91300.0,110000.0,18700.0,5.0,1,189565,,https://tiki.vnsach-2000-tu-vung-can-thiet-cho-ky-thi-nang-luc-nhat-ngu-n3-p47142043.html?spid=161425952
46755077,Sách Vòng Quanh Thế Giới - Canada,9000.0,12000.0,3000.0,0.0,0,1,,https://tiki.vnsach-vong-quanh-the-gioi-canada-p46755077.html?spid=46755078
279113063,BÁO VĂN NGHỆ – SỐ TẾT BÍNH NGỌ 2026 – Năm thứ 79 – Số 6 + 7 +8 – Kèm phụ bản 10 TRUYỆN NGẮN ẤN TƯỢNG 2025 – Báo Văn Nghệ,159000.0,159000.0,0.0,0.0,0,223928,,https://tiki.vnbao-van-nghe-so-tet-binh-ngo-2026-nam-thu-79-so-6-7-8-kem-phu-ban-10-truyen-ngan-an-tuong-2025-bao-van-nghe-p279113063.html?spid=279113064
278801855,Tâm lý Trị liệu Hiện sinh - Irvin D. Yalom,403750.0,403750.0,0.0,5.0,3,1032,,https://tiki.vntam-ly-tri-lieu-hien-sinh-irvin-d-yalom-p278801855.html?spid=278801856
278765968,Sách Không Ngọt Bằng Em - Combo 2 Tập,290000.0,329000.0,39000.0,0.0,0,1,,https://tiki.vnsach-khong-ngot-bang-em-combo-2-tap-p278765968.html?spid=278765970
278619827,Sách Bí Mật Của Thiên Thần,129500.0,185000.0,55500.0,4.8,6,1,,https://tiki.vnsach-bi-mat-cua-thien-than-p278619827.html?spid=278619829
278377687,Sách - Thám Tử Lừng Danh Conan - Tập 106,24200.0,25000.0,800.0,4.8,6,53660,,https://tiki.vnsach-tham-tu-lung-danh-conan-tap-106-p278377687.html?spid=278377688
278154870,Sách The Wager: Hải Trình Nghiệt Ngã,125000.0,168000.0,43000.0,5.0,6,1,,https://tiki.vnsach-the-wager-hai-trinh-nghiet-nga-p278154870.html?spid=278154871
278055541,Sách AI Trong Lĩnh Vực Kinh Tế Và Tài Chính,349000.0,495000.0,146000.0,4.2,6,1,,https://tiki.vnsach-ai-trong-linh-vuc-kinh-te-va-tai-chinh-p278055541.html?spid=278055542
277836621,Sách - Ở Đây Có Một Con Én,86100.0,99000.0,12900.0,5.0,1,53660,,https://tiki.vnsach-o-day-co-mot-con-en-p277836621.html?spid=277836624
277622005,Sách Boxset Cá Voi Đêm Bão Và Những Câu Chuyện Khác (5 Cuốn),205000.0,260000.0,55000.0,5.0,9,1,,https://tiki.vnsach-boxset-ca-voi-dem-bao-va-nhung-cau-chuyen-khac-5-cuon-p277622005.html?spid=277622008
276562878,Sách Bông hồng vàng & Bình minh mưa,153000.0,195000.0,42000.0,5.0,8,1,,https://tiki.vnsach-bong-hong-vang-binh-minh-mua-p276562878.html?spid=276562879
276525609,Sách Việt Nam danh tác - Những ngọn gió Hua Tát,103950.0,135000.0,31050.0,5.0,2,1,,https://tiki.vnsach-viet-nam-danh-tac-nhung-ngon-gio-hua-tat-p276525609.html?spid=276525614
276497151,Sách Càng kiên định càng thành công: 12 phẩm chất rèn luyện tâm trí vững vàng để hoàn thành xuất sắc mọi việc,134000.0,168000.0,34000.0,0.0,0,1,,https://tiki.vnsach-cang-kien-dinh-cang-thanh-cong-12-pham-chat-ren-luyen-tam-tri-vung-vang-de-hoan-thanh-xuat-sac-moi-viec-p276497151.html?spid=276497155
276074174,Bộ sách Hỏi đáp lịch sử Việt Nam (Từ khởi thủy đến nay) Combo 10 cuốn và lẻ,99000.0,130000.0,31000.0,5.0,7,1,,https://tiki.vnbo-sach-hoi-dap-lich-su-viet-nam-tu-khoi-thuy-den-nay-p276074174.html?spid=276074735
275948805,Sách Quản Trị Dự Án,211000.0,285000.0,74000.0,4.8,8,1,,https://tiki.vnsach-quan-tri-du-an-p275948805.html?spid=275948807
275853526,Sách Nam Hoa Kinh,104200.0,139000.0,34800.0,4.8,12,1,,https://tiki.vnsach-nam-hoa-kinh-p275853526.html?spid=275853527
274828146,Sách Tên của đóa hồng ( Tái Bản),154000.0,220000.0,66000.0,5.0,6,1,,https://tiki.vnsach-ten-cua-doa-hong-tai-ban-p274828146.html?spid=274828150
274136484,Dược Sư Tự Sự (Light Novel) - Tập 3,115000.0,125000.0,10000.0,4.6,30,1,,https://tiki.vnduoc-su-tu-su-light-novel-p274136484.html?spid=263401196
263049497,Sách Những Nỗi Buồn Cũng Cần Được Yêu Thương - Tô Bình Yên Vẽ Hạnh Phúc 2,106260.0,138000.0,31740.0,4.8,72,1,,https://tiki.vnsach-nhung-noi-buon-cung-can-duoc-yeu-thuong-to-binh-yen-ve-hanh-phuc-2-p263049497.html?spid=263049499
262550907,Hơn cả hạnh phúc - Minh triết Phật giáo và chủ nghĩa Khắc kỷ  trong một kỷ nguyên đầy hoài nghi,129000.0,129000.0,0.0,5.0,3,101957,,https://tiki.vnhon-ca-hanh-phuc-minh-triet-phat-giao-va-chu-nghia-khac-ky-trong-mot-ky-nguyen-day-hoai-nghi-p262550907.html?spid=262550908
252138287,Sách 7 Cảm Xúc Lớn – Để Tâm An Giữa Bộn Bề Bất Ổn,107030.0,139000.0,31970.0,5.0,6,1,,https://tiki.vnsach-7-cam-xuc-lon-de-tam-an-giua-bon-be-bat-on-p252138287.html?spid=252138288
215123449,Sách Trí tuệ cổ xưa - Tất cả các loại nghiệp,155000.0,235000.0,80000.0,4.7,37,1,,https://tiki.vnsach-tri-tue-co-xua-tat-ca-cac-loai-nghiep-p215123449.html?spid=215123450
197587865,Sách Bách hóa giấc mơ của ngài Dollargut,100100.0,130000.0,29900.0,5.0,144,1,,https://tiki.vnsach-bach-hoa-giac-mo-cua-ngai-dollargut-p197587865.html?spid=197587866
195545504,Sách Nhật Ký Trong Tù,56000.0,80000.0,24000.0,5.0,54,1,,https://tiki.vnsach-nhat-ky-trong-tu-p195545504.html?spid=195545505
195545270,Sách Đời Thừa,32800.0,42000.0,9200.0,4.7,16,1,,https://tiki.vnsach-doi-thua-p195545270.html?spid=195545271
191077718,Sách Chiêm Tinh Học Ứng Dụng,210000.0,350000.0,140000.0,4.8,28,1,,https://tiki.vnsach-chiem-tinh-hoc-ung-dung-p191077718.html?spid=191077719
190707634,Sách Chết giữa mùa hè,173000.0,235000.0,62000.0,4.7,46,1,,https://tiki.vnsach-chet-giua-mua-he-p190707634.html?spid=190707636
176906754,Sách Inspired - Kiến Tạo Sản Phẩm Công Nghệ Chiếm Trọn Trái Tim Người Dùng,227150.0,295000.0,67850.0,4.8,76,1,,https://tiki.vnsach-inspired-kien-tao-san-pham-cong-nghe-chiem-tron-trai-tim-nguoi-dung-p176906754.html?spid=176906755
176560456,Sách “Kinh Nghiệm Và Giáo Dục” (Experience And Education),63000.0,85000.0,22000.0,4.8,21,1,,https://tiki.vnsach-kinh-nghiem-va-giao-duc-experience-and-education-p176560456.html?spid=176560457
167047227,Thủy Hử - Truyện tranh (Trọn bộ 20 quyển),484000.0,968000.0,484000.0,4.8,10,48511,,https://tiki.vnthuy-hu-truyen-tranh-tron-bo-20-quyen-p167047227.html?spid=167047228
111579995,Sách Nghệ Thuật Kiêng Khem Tin Tức - Bí Kíp Sinh Tồn Thời Kỹ Thuật Số,70400.0,128000.0,57600.0,5.0,67,1,,https://tiki.vnsach-nghe-thuat-kieng-khem-tin-tuc-bi-kip-sinh-ton-thoi-ky-thuat-so-p111579995.html?spid=111579999
99089541,Kim Vân Kiều (Bìa Giấy Dó Quét Điệp + Giấy Mỹ Thuật Cao Cấp + Tặng Kèm Phụ Bản Tranh),384000.0,549000.0,165000.0,4.5,5,143529,,https://tiki.vnkim-van-kieu-bia-giay-do-quet-diep-giay-my-thuat-cao-cap-tang-kem-phu-ban-tranh-p99089541.html?spid=99089542
60808684,Truyện Thạch Yêu,52200.0,116000.0,63800.0,4.8,28,1,,https://tiki.vntruyen-thach-yeu-p60808684.html?spid=60808685
57707233,Sách Chủ Nghĩa Tối Giản - Hãy Sống Một Cuộc Sống Có Ý Nghĩa (Tái bản 2020),102400.0,139000.0,36600.0,4.6,45,1,,https://tiki.vnsach-chu-nghia-toi-gian-hay-song-mot-cuoc-song-co-y-nghia-tai-ban-2020-p57707233.html?spid=57707234
56377195,Sách Hiệu Ứng Cánh Bướm (Tái Bản 2020),73700.0,99000.0,25300.0,4.1,62,1,,https://tiki.vnsach-hieu-ung-canh-buom-tai-ban-2020-p56377195.html?spid=56377196
51574033,Sách Tây Du Ký Trọn Bộ 4 Tập,356320.0,524000.0,167680.0,4.7,186,48511,,https://tiki.vnsach-tay-du-ky-tron-bo-4-tap-p51574033.html?spid=51574034
22881852,English Grammar in Use Book w Ans,200500.0,218000.0,17500.0,5.0,2624,53660,,https://tiki.vnenglish-grammar-in-use-book-w-ans-p22881852.html?spid=22881853
10379313,Sách Columbus: Bốn Chuyến Hải Hành (1492-1504),220600.0,289000.0,68400.0,4.6,135,1,,https://tiki.vnsach-columbus-bon-chuyen-hai-hanh-1492-1504-p10379313.html?spid=10379314
6010325,Sách Dưới Bóng Những Cô Gái Đương Hoa,125300.0,179000.0,53700.0,4.7,74,1,,https://tiki.vnsach-duoi-bong-nhung-co-gai-duong-hoa-p6010325.html?spid=6010327
5154511,Sách Bà Nội Găngxtơ (Tái Bản),68600.0,98000.0,29400.0,5.0,551,1,,https://tiki.vnsach-ba-noi-gangxto-tai-ban-p5154511.html?spid=5154513
3014291,Máy Tính Khoa Học Casio FX-580VN X,752000.0,840000.0,88000.0,4.8,5653,1,,https://tiki.vnmay-tinh-khoa-hoc-casio-fx-580vn-x-p3014291.html?spid=3014293
279058986,Sách - Vẻ Đẹp Của Kẻ Chán Chường (Bán Tự Truyện) - Nguyễn Ngọc Thuần,118500.0,152000.0,33500.0,0.0,0,53660,,https://tiki.vnsach-ve-dep-cua-ke-chan-chuong-p279058986.html?spid=279058987
279005999,Sách - Hàng Xóm Của Tôi Totoro - Truyện Tranh Màu - Tập 2 - Tặng Kèm Photostrip,74200.0,75000.0,800.0,0.0,0,53660,,https://tiki.vnsach-hang-xom-cua-toi-totoro-truyen-tranh-mau-tap-2-tang-kem-photostrip-p279005999.html?spid=279006000
278880965,Sách Sống Đời Hạnh Phúc,114730.0,149000.0,34270.0,0.0,0,1,,https://tiki.vnsach-song-doi-hanh-phuc-p278880965.html?spid=278880966
278669278,Sách Nhẹ Nhàng Mà Sống,123000.0,148000.0,25000.0,5.0,1,1,,https://tiki.vnsach-nhe-nhang-ma-song-p278669278.html?spid=278669281
278377768,One Piece - Tập 108: “Thà Chết Còn Hơn,23750.0,25000.0,1250.0,5.0,4,1,,https://tiki.vnone-piece-tap-108-tha-chet-con-hon-p278377768.html?spid=278377780
278116066,Sách - Nam Dược Thần Hiệu (Tân Biên),300000.0,300000.0,0.0,5.0,1,354035,,https://tiki.vnsach-nam-duoc-than-hieu-tan-bien-p278116066.html?spid=278116067
278110637,Sách Biết Để Làm Gì,121000.0,135000.0,14000.0,5.0,1,1,,https://tiki.vnsach-biet-de-lam-gi-p278110637.html?spid=278110685
278108564,Tạp chí Kiến Trúc và Đời Sống số 228 (Tháng 6-2025) - Làm nhà: Vai trò của gia chủ,35800.0,35800.0,0.0,5.0,2,134516,,https://tiki.vntap-chi-kien-truc-va-doi-song-so-228-thang-6-2025-lam-nha-vai-tro-cua-gia-chu-p278108564.html?spid=278108565
278089760,Sách Những Khối Óc Sáng Chói Của Kay,32000.0,40000.0,8000.0,5.0,4,1,,https://tiki.vnsach-nhung-khoi-oc-sang-choi-cua-kay-p278089760.html?spid=278089761
277973805,Tiểu Thuyết Doraemon - Nobita Và Cuộc Phiêu Lưu Vào Thế Giới Trong Tranh,52200.0,60000.0,7800.0,5.0,1,1,,https://tiki.vntieu-thuyet-doraemon-nobita-va-cuoc-phieu-luu-vao-the-gioi-trong-tranh-p277973805.html?spid=277973806
277770730,Sách The Mindful Body - Sức mạnh tâm trí,169400.0,220000.0,50600.0,5.0,3,1,,https://tiki.vnsach-the-mindful-body-suc-manh-tam-tri-p277770730.html?spid=277770731
277599507,Sách Người đàn ông ấy,118300.0,169000.0,50700.0,5.0,2,1,,https://tiki.vnsach-nguoi-dan-ong-ay-p277599507.html?spid=277599508
277526020,Sách Tuyển chọn chuyên đề Hình học - Trọng tâm dành cho THCS - Thi vào lớp 10 và 10 chuyên - Nội dung định hướng từ cơ bản đến nâng cao,120000.0,159000.0,39000.0,3.0,2,1,,https://tiki.vnsach-tuyen-chon-chuyen-de-hinh-hoc-trong-tam-danh-cho-thcs-thi-vao-lop-10-va-10-chuyen-noi-dung-dinh-huong-tu-co-ban-den-nang-cao-p277526020.html?spid=277526021
277444558,Sách OSHO - Đường Vào Thiền,113960.0,148000.0,34040.0,1.0,1,1,,https://tiki.vnsach-osho-duong-vao-thien-p277444558.html?spid=277444559
277045721,Sách Án Mạng Trong Lớp Học,131100.0,195000.0,63900.0,4.7,6,1,,https://tiki.vnsach-an-mang-trong-lop-hoc-p277045721.html?spid=277045722
275245071,Sách Những tấm lòng cao cả,82000.0,115000.0,33000.0,5.0,11,1,,https://tiki.vnsach-nhung-tam-long-cao-ca-p275245071.html?spid=275245072
274970379,Sách 1000 Bộ Não,144900.0,189000.0,44100.0,5.0,1,1,,https://tiki.vnsach-1000-bo-nao-p274970379.html?spid=274970383
274455492,"Combo 3 cuốn: Storytelling With You (Kể Chuyện Thông Qua Dữ Liệu, Thực Hành Kể Chuyện Thông Qua Dữ Liệu, Kể Chuyện Từ Chính Bạn)",790000.0,1097000.0,307000.0,4.5,2,1,,https://tiki.vncombo-3-cuon-storytelling-with-you-ke-chuyen-thong-qua-du-lieu-thuc-hanh-ke-chuyen-thong-qua-du-lieu-ke-chuyen-tu-chinh-ban-p274455492.html?spid=274455493
274028810,Thám Tử Lừng Danh Conan - Tập 102,25000.0,25000.0,0.0,5.0,2,229023,,https://tiki.vntham-tu-lung-danh-conan-tap-102-p274028810.html?spid=274028811
273822776,Sách Nghệ thuật du ngoạn,117600.0,168000.0,50400.0,5.0,4,1,,https://tiki.vnsach-nghe-thuat-du-ngoan-p273822776.html?spid=273822777
273448677,Sách Kỷ Luật Tích Cực Dành Cho Trẻ Mẫu Giáo,169600.0,212000.0,42400.0,5.0,1,1,,https://tiki.vnsach-ky-luat-tich-cuc-danh-cho-tre-mau-giao-p273448677.html?spid=273448678
272829533,Giáo trình luật dân sự 1 (Phần chung),115000.0,115000.0,0.0,5.0,2,156095,,https://tiki.vngiao-trinh-luat-dan-su-1-phan-chung-p272829533.html?spid=272829534
272227226,Sách Mỗi Ngày 10 Phút Thì Thầm Với Con- Những Câu Chuyện Thai Giáo Hay Nhất Thế GiớI,103400.0,145000.0,41600.0,4.3,7,1,,https://tiki.vnsach-moi-ngay-10-phut-thi-tham-voi-con-nhung-cau-chuyen-thai-giao-hay-nhat-the-gioi-p272227226.html?spid=272227229
203231461,Sách SIGNS Thông Điệp Bí Ẩn Từ Vũ Trụ,99330.0,129000.0,29670.0,5.0,54,1,,https://tiki.vnsach-signs-thong-diep-bi-an-tu-vu-tru-p203231461.html?spid=203231462
171556602,Sách 2030: Những Xu Hướng Lớn Sẽ Định Hình Thế Giới Tương Lai (Tái Bản Lần 1),181000.0,209000.0,28000.0,5.0,246,1,,https://tiki.vnsach-2030-nhung-xu-huong-lon-se-dinh-hinh-the-gioi-tuong-lai-tai-ban-lan-1-p171556602.html?spid=171556603
167301575,Sách Khí Chất Bao Nhiêu Hạnh Phúc Bấy Nhiêu (Tái Bản 2022),111200.0,139000.0,27800.0,4.7,162,1,,https://tiki.vnsach-khi-chat-bao-nhieu-hanh-phuc-bay-nhieu-tai-ban-2022-p167301575.html?spid=165711007
167210779,Sách Quyền Lực,108500.0,155000.0,46500.0,5.0,154,1,,https://tiki.vnsach-quyen-luc-p167210779.html?spid=167210780
162100197,Sách Nam Cao - Sống Mòn (Bìa Cứng) (Tái Bản),69900.0,98000.0,28100.0,5.0,20,1,,https://tiki.vnsach-nam-cao-song-mon-bia-cung-tai-ban-p162100197.html?spid=162100198
156824943,Sách Mindhunter – Kẻ Săn Suy Nghĩ (Tặng kèm bookmark),111650.0,145000.0,33350.0,5.0,201,1,,https://tiki.vnsach-mindhunter-ke-san-suy-nghi-tang-kem-bookmark-p156824943.html?spid=156824944
80142837,Sách Hackers IELTS Basic- Listening,160300.0,229000.0,68700.0,4.8,326,1,,https://tiki.vnsach-hackers-ielts-basic-listening-p80142837.html?spid=80142838
76837849,Sách Cái Ác - Một Thách Thức Đối Với Tiết Học Và Thần Học,86400.0,92000.0,5600.0,4.8,25,53660,,https://tiki.vnsach-cai-ac-mot-thach-thuc-doi-voi-tiet-hoc-va-than-hoc-p76837849.html?spid=78957110
76278485,Sách Ảo Dạ (Tái Bản),137830.0,179000.0,41170.0,4.8,239,1,,https://tiki.vnsach-ao-da-tai-ban-p76278485.html?spid=76278486
57110087,Siêu Cò – How To Be A Power Connector,249000.0,249000.0,0.0,4.8,2250,7446,,https://tiki.vnsieu-co-how-to-be-a-power-connector-p57110087.html?spid=57110088
55505747,Combo Sách Ehon Nhật Bản: Chúng Mình Lớn Rồi (Set 4 Cuốn Nuôi Dưỡng Tâm Hồn Trẻ Từ 3-6 Tuổi / Ehon Cùng Con Lớn Khôn),120120.0,156000.0,35880.0,5.0,405,1,,https://tiki.vncombo-sach-ehon-nhat-ban-chung-minh-lon-roi-set-4-cuon-nuoi-duong-tam-hon-tre-tu-3-6-tuoi-ehon-cung-con-lon-khon-p55505747.html?spid=58267828
52004412,Sách D. Trump - Nghệ Thuật Đàm Phán (Tái bản 2020),86000.0,109000.0,23000.0,4.8,512,1,,https://tiki.vnsach-d-trump-nghe-thuat-dam-phan-tai-ban-2020-p52004412.html?spid=52004413
49026028,Sách Cô Gái Dưới Tầng Hầm,102000.0,150000.0,48000.0,4.8,50,1,,https://tiki.vnsach-co-gai-duoi-tang-ham-p49026028.html?spid=49026030
48210076,Sách Thí Nghiệm Đầu Hàng – Hành Trình Tuân Theo Sự Hoàn Hảo Của Dòng Đời,73500.0,105000.0,31500.0,5.0,8,1,,https://tiki.vnsach-thi-nghiem-dau-hang-hanh-trinh-tuan-theo-su-hoan-hao-cua-dong-doi-p48210076.html?spid=48210077
3640421,Sách Đắc Nhân Tâm - Bản Dịch Gốc Từ Nguyễn Hiến Lê (Tặng Kèm Audio Book),69000.0,90000.0,21000.0,4.7,965,1,,https://tiki.vnsach-dac-nhan-tam-ban-dich-goc-tu-nguyen-hien-le-tang-kem-audio-book-p3640421.html?spid=3643135
555338,Sách Sức Mạnh Thuyết Phục (Tái Bản),126700.0,169000.0,42300.0,3.0,4,1,,https://tiki.vnsach-suc-manh-thuyet-phuc-tai-ban-p555338.html?spid=287811
279112898,One Piece Magazine - Tập 5 [Tặng Kèm Tờ Truy Nã Zoro],124000.0,130000.0,6000.0,0.0,0,1,,https://tiki.vnone-piece-magazine-tap-5-tang-kem-to-truy-na-zoro-p279112898.html?spid=279112900
279094502,Con Gái Của Thời Gian (2026),144000.0,180000.0,36000.0,5.0,1,48569,,https://tiki.vncon-gai-cua-thoi-gian-2026-p279094502.html?spid=279094503
279008817,Sách - Hành Trình Yêu Thương - Nhật Kí Thiện Nhân (Tái Bản 2025),76500.0,90000.0,13500.0,0.0,0,53660,,https://tiki.vnsach-hanh-trinh-yeu-thuong-nhat-ki-thien-nhan-tai-ban-2025-p279008817.html?spid=279008818
278880969,Sách Khi Người EQ Cao Yêu,96250.0,125000.0,28750.0,0.0,0,1,,https://tiki.vnsky-sach-khi-nguoi-eq-cao-yeu-p278880969.html?spid=278880970
278844158,Giáo Trình Pháp Luật An Sinh Xã Hội (Tái bản lần 2),125000.0,125000.0,0.0,5.0,1,197,,https://tiki.vngiao-trinh-phap-luat-an-sinh-xa-hoi-tai-ban-lan-2-p278844158.html?spid=278844159
278830759,Sách - Quiz! Khoa Học Kì Thú - Nhà Sáng Tạo Nội Dung Youtube,68200.0,75000.0,6800.0,0.0,0,53660,,https://tiki.vnsach-quiz-khoa-hoc-ki-thu-nha-sang-tao-noi-dung-youtube-p278830759.html?spid=278830760
278806527,Sách Thần Long Kích Thủy – Lịch Sử Thuyền Chiến Việt Nam,228000.0,235000.0,7000.0,5.0,1,1,,https://tiki.vnsach-than-long-kich-thuy-lich-su-thuyen-chien-viet-nam-p278806527.html?spid=278806530
278489407,Sách Chúc Một Ngày Tốt Lành (Khổ Nhỏ),32500.0,40000.0,7500.0,5.0,1,1,,https://tiki.vnsach-chuc-mot-ngay-tot-lanh-kho-nho-p278489407.html?spid=278489410
278159115,Bộ sách English Zoo -Song Ngữ Anh -Việt,61000.0,95000.0,34000.0,0.0,0,1,,https://tiki.vnenglish-zoo-song-ngu-anh-viet-p278159115.html?spid=278159131
278090771,Combo 4 Cuốn Bộ Sách: Nuôi Con Không Phải Là Cuộc Chiến,454200.0,606000.0,151800.0,5.0,254,1,,https://tiki.vncombo-4-cuon-bo-sach-nuoi-con-khong-phai-la-cuoc-chien-p278090771.html?spid=278090774
276415767,"Tranh Cát 3D Chuyển Động Tranh Cát Chảy Hình Tròn Làm Quà Tặng Trang Trí Bàn Làm Việc Tinh Tế, Sang Trọng",389000.0,389000.0,0.0,5.0,4,35488,,https://tiki.vntranh-cat-3d-chuyen-dong-tranh-cat-chay-hinh-tron-lam-qua-tang-trang-tri-ban-lam-viec-tinh-te-sang-trong-p276415767.html?spid=278856186
276280442,Sách Carrie - Vũ hội đẫm máu,112420.0,146000.0,33580.0,4.6,5,1,,https://tiki.vnsach-carrie-vu-hoi-dam-mau-p276280442.html?spid=276280443
276274418,"Giá đựng tài liệu 3 ngăn kèm khay để bút Việt Nhật , Khay đựng hồ sơ tài liệu văn phòng để bàn - Hàng Việt Nam",93450.0,178000.0,84550.0,5.0,3,137411,,https://tiki.vngia-dung-tai-lieu-3-ngan-kem-khay-de-but-viet-nhat-khay-dung-ho-so-tai-lieu-van-phong-de-ban-hang-viet-nam-p276274418.html?spid=276274420
274557494,Sách IELTS Writing Journey: Elevate To Band 8.0,184030.0,239000.0,54970.0,5.0,33,1,,https://tiki.vnsach-ielts-writing-journey-elevate-to-band-8-0-p274557494.html?spid=274557495
273691882,Sách Bốn nghìn tuần - Quản lý thời gian khi cuộc đời là hữu hạn,110600.0,158000.0,47400.0,5.0,6,1,,https://tiki.vnsach-bon-nghin-tuan-quan-ly-thoi-gian-khi-cuoc-doi-la-huu-han-p273691882.html?spid=273691884
273322817,Những Truyện Hay Viết Cho Thiếu Nhi - Vũ Hùng,80750.0,85000.0,4250.0,5.0,27,1,,https://tiki.vnnhung-truyen-hay-viet-cho-thieu-nhi-vu-hung-p273322817.html?spid=273322820
270963491,Lời Thú Tội Của Một Sát Thủ Kinh Tế - Bìa Cứng (Tái Bản 2023),200900.0,245000.0,44100.0,5.0,6,53660,,https://tiki.vnloi-thu-toi-cua-mot-sat-thu-kinh-te-bia-cung-tai-ban-2023-p270963491.html?spid=270963492
270883256,Sách Nguyên tắc khoái lạc,110600.0,158000.0,47400.0,5.0,7,1,,https://tiki.vnsach-nguyen-tac-khoai-lac-p270883256.html?spid=270883257
263067664,Sách Chat GPT,124800.0,169000.0,44200.0,4.8,16,1,,https://tiki.vnsach-chat-gpt-p263067664.html?spid=263067665
252880140,Toán 1 - Tập 1 (Kết Nối Tri Thức) (2023),14000.0,14000.0,0.0,0.0,0,53660,,https://tiki.vntoan-1-tap-1-ket-noi-tri-thuc-2023-p252880140.html?spid=252880141
252040645,Từ Điển Anh - Việt 70000 Từ,90000.0,90000.0,0.0,5.0,3,150,,https://tiki.vntu-dien-anh-viet-70000-tu-p252040645.html?spid=253179847
252011898,Sách Proust Có Thể Thay Đổi Cuộc Đời Bạn Như Thế Nào,83160.0,108000.0,24840.0,3.0,1,1,,https://tiki.vnsach-proust-co-the-thay-doi-cuoc-doi-ban-nhu-the-nao-p252011898.html?spid=252011899
200935032,"Màu Acrylic 100ml Cao Cấp Dạng Hũ Finenolo Deli - Tô Đất Sét, Đất Nặn Tự Khô, Vẽ Túi Vải Tote, Quần Áo DIY, Giày, Tranh Tường, Đa Chất Liệu, Tươi Sáng, Nhanh Khô - Nhiều Màu Sắc",21000.0,41400.0,20400.0,5.0,101,113115,,https://tiki.vnmau-acrylic-100ml-cao-cap-dang-hu-finenolo-deli-to-dat-set-dat-nan-tu-kho-ve-tui-vai-tote-quan-ao-diy-giay-tranh-tuong-da-chat-lieu-tuoi-sang-nhanh-kho-nhieu-mau-sac-p200935032.html?spid=200935038
195881360,Sách CUỘC ĐỜI PHÍA TRƯỚC,129360.0,168000.0,38640.0,5.0,18,1,,https://tiki.vnsach-cuoc-doi-phia-truoc-p195881360.html?spid=195881361
187824619,Sách Công Dân Toàn Cầu - Công Dân Vũ Trụ,75000.0,90000.0,15000.0,5.0,65,1,,https://tiki.vnsach-cong-dan-toan-cau-cong-dan-vu-tru-p187824619.html?spid=187824620
186329455,Sách Nhà Đầu Tư Lão Luyện Và Thị Trường Chứng Khoán Việt Nam,221000.0,335000.0,114000.0,1.0,1,1,,https://tiki.vnsach-nha-dau-tu-lao-luyen-va-thi-truong-chung-khoan-viet-nam-p186329455.html?spid=278094008
181122325,Sách Thai Giáo (Tái Bản 2022),127000.0,148000.0,21000.0,5.0,16,1,,https://tiki.vnsach-thai-giao-tai-ban-2022-p181122325.html?spid=181122326
173515991,Sách Lược Sử Ngôn Ngữ - Chuyện Kể Về Phát Minh Vĩ Đại Nhất Của Loài Người,184600.0,239000.0,54400.0,4.8,39,1,,https://tiki.vnsach-luoc-su-ngon-ngu-chuyen-ke-ve-phat-minh-vi-dai-nhat-cua-loai-nguoi-p173515991.html?spid=173515992
172206434,Sách Huyền Thuật Và Các Đạo Sĩ Tây Tạng (Tái Bản),83160.0,108000.0,24840.0,5.0,104,1,,https://tiki.vnsach-huyen-thuat-va-cac-dao-si-tay-tang-tai-ban-p172206434.html?spid=172206435
170352285,Sách Vương Hồng Sển - Chuyện Cũ Ở Sốc-Trăng - Di Cảo - Tập 2,185000.0,220000.0,35000.0,5.0,14,1,,https://tiki.vnsach-vuong-hong-sen-chuyen-cu-o-soc-trang-di-cao-tap-2-p170352285.html?spid=170352298
101548454,Sách Smart IELTS Vocabulary & Grammar,241000.0,288000.0,47000.0,4.8,35,1,,https://tiki.vnsach-smart-ielts-vocabulary-grammar-p101548454.html?spid=101548455
76388962,"Sách Chúng Ta Rồi Sẽ Hạnh Phúc, Theo Những Cách Khác Nhau [Tặng Kèm: 01 Bookmark]",86000.0,98000.0,12000.0,4.8,1862,1,,https://tiki.vnsach-chung-ta-roi-se-hanh-phuc-theo-nhung-cach-khac-nhau-tang-kem-01-bookmark-p76388962.html?spid=76388963
74992393,Sách Lời Tự Thú Của Một Bậc Thầy Định Giá - Cách Giá Cả Tác Động Lên Mọi Thứ,153800.0,199000.0,45200.0,5.0,72,1,,https://tiki.vnsach-loi-tu-thu-cua-mot-bac-thay-dinh-gia-cach-gia-ca-tac-dong-len-moi-thu-p74992393.html?spid=74992395
74332658,Sách The Way To Be Thankful (Song Ngữ Anh - Việt),53900.0,70000.0,16100.0,4.8,88,1,,https://tiki.vnsach-the-way-to-be-thankful-song-ngu-anh-viet-p74332658.html?spid=74332659
73553837,Sách Ngọc Sáng Trong Hoa Sen (Tái Bản 2020),112000.0,128000.0,16000.0,5.0,131,1,,https://tiki.vnsach-ngoc-sang-trong-hoa-sen-tai-ban-2020-p73553837.html?spid=73553839
32219488,Sách Doanh Nghiệp Của Thế Kỷ 21 (Tái Bản 2019),85000.0,100000.0,15000.0,4.8,488,1,,https://tiki.vnsach-doanh-nghiep-cua-the-ky-21-tai-ban-2019-p32219488.html?spid=33095730
1000276,Sách Phát Triển Kỹ Năng Lãnh Đạo (Tái Bản),134200.0,179000.0,44800.0,4.8,103,1,,https://tiki.vnsach-phat-trien-ky-nang-lanh-dao-tai-ban-p1000276.html?spid=1000374
480059,Sách Lược Sử Nước Việt Bằng Tranh,111000.0,140000.0,29000.0,4.6,12,1,,https://tiki.vnsach-luoc-su-nuoc-viet-bang-tranh-p480059.html?spid=192431
474541,Sách Bé Học Lễ Giáo - Bubu Tập 22: Bubu Thích Khủng Long (Tái Bản),10900.0,15000.0,4100.0,5.0,5,1,,https://tiki.vnsach-be-hoc-le-giao-bubu-tap-22-bubu-thich-khung-long-tai-ban-p474541.html?spid=184503
279134432,Sách - Lược Sử Kinh Tế,95400.0,106000.0,10600.0,0.0,0,53660,,https://tiki.vnsach-luoc-su-kinh-te-p279134432.html?spid=279134433
278972913,Sách Thước đo nào cho cuộc đời bạn?,98000.0,105000.0,7000.0,0.0,0,1,,https://tiki.vnsach-thuoc-do-nao-cho-cuoc-doi-ban-p278972913.html?spid=278972914
277870020,Sách Vở bài tập Toán 2- tập hai- Kết Nối Tri Thức Với Cuộc Sống (Kèm bìa nilong bao sách),31000.0,31000.0,0.0,0.0,0,11216,,https://tiki.vnsach-vo-bai-tap-toan-2-tap-hai-ket-noi-tri-thuc-voi-cuoc-song-kem-bia-nilong-bao-sach-p277870020.html?spid=277870021
277591307,Bộ Sách - Vòng Quanh Thế Giới,11800.0,12000.0,200.0,0.0,0,1,,https://tiki.vnbo-sach-vong-quanh-the-p277591307.html?spid=277591345
277316232,Sách - Hiền Tài Thay Đổi Quốc Gia - SBOOKS,99000.0,138000.0,39000.0,0.0,0,10684,,https://tiki.vnsach-hien-tai-thay-doi-quoc-gia-sbooks-p277316232.html?spid=277316233
276948023,Sách 50 Đề Minh Hoạ Lớp 9 ôn thi vào 10 Sở GD & ĐT Hà Nội Môn Toán Học - Moonbook,150000.0,200000.0,50000.0,5.0,2,175064,,https://tiki.vnsach-50-de-minh-hoa-lop-9-on-thi-vao-10-so-gd-dt-ha-noi-mon-toan-hoc-moonbook-p276948023.html?spid=276948024
276593758,Combo Chia Sẻ Từ Trái Tim + Con Đường Chuyển Hoá - Thích Pháp Hòa (Bộ 2 Cuốn)  - FN,274120.0,356000.0,81880.0,5.0,9,1,,https://tiki.vncombo-chia-se-tu-trai-tim-con-duong-chuyen-hoa-thich-phap-hoa-bo-2-cuon-fn-p276593758.html?spid=276931697
276559173,Sách 80 Ngày Vòng Quanh Thế Giới,85000.0,108000.0,23000.0,0.0,0,1,,https://tiki.vnsach-80-ngay-vong-quanh-the-gioi-p276559173.html?spid=276559176
276353077,Sách Cùng Cha Mẹ Già Đi,95200.0,119000.0,23800.0,5.0,9,1,,https://tiki.vnsach-cung-cha-me-gia-di-p276353077.html?spid=276353079
276026956,Sách - Liệu pháp hệ thống gia đình nội tâm: Trân trọng các phần tâm trí trong bạn,119000.0,119000.0,0.0,0.0,0,101957,,https://tiki.vnsach-lieu-phap-he-thong-gia-dinh-noi-tam-tran-trong-cac-phan-tam-tri-trong-ban-p276026956.html?spid=276026957
275878745,Từ Cuốn Sách Mở Ra,48000.0,50000.0,2000.0,0.0,0,1,,https://tiki.vntu-cuon-sach-mo-ra-p275878745.html?spid=275878752
275759854,Sách giáo khoa Chuyên Đề Học Tập Sinh Học 11- Kết Nối Tri Thức Với Cuộc Sống (Kèm Nilon bọc Sách),23000.0,23000.0,0.0,3.0,2,11216,,https://tiki.vnsach-giao-khoa-chuyen-de-hoc-tap-sinh-hoc-11-ket-noi-tri-thuc-voi-cuoc-song-p275759854.html?spid=275759855
275607421,Sách giáo khoa Chuyên đề học tập Lịch Sử 12- Chân Trời Sáng Tạo (Kèm Nilon bọc Sách),23000.0,23000.0,0.0,5.0,1,11216,,https://tiki.vnsach-giao-khoa-chuyen-de-hoc-tap-lich-su-12-chan-troi-sang-tao-p275607421.html?spid=275607422
275300077,Bộ Sách Danh Tác Muôn Thuở - Ngựa Ô Yêu Dấu Hay Quyển Sách Viết Bằng Ngôn Ngữ Loài Ngựa,47500.0,50000.0,2500.0,0.0,0,1,,https://tiki.vnbo-sach-danh-tac-muon-thuo-p275300077.html?spid=275303193
275148257,Good Strategy Bad Strategy - Chiến Lược Tốt Và Chiến Lược Tồi - Giã Từ Những Ý Niệm Viển Vông Và Định Nghĩa Lại Về Chiến Lược,175000.0,219000.0,44000.0,5.0,5,7247,,https://tiki.vngood-strategy-bad-strategy-chien-luoc-tot-va-chien-luoc-toi-gia-tu-nhung-y-niem-vien-vong-va-dinh-nghia-lai-ve-chien-luoc-p275148257.html?spid=275152225
274853710,Sách Lộ Trình Chuyển Đổi Số Doanh Nghiệp,204000.0,285000.0,81000.0,5.0,5,1,,https://tiki.vnsach-lo-trinh-chuyen-doi-so-doanh-nghiep-p274853710.html?spid=274853711
274612420,Sách Hiểu Về Trà,103500.0,139000.0,35500.0,5.0,7,1,,https://tiki.vnsach-hieu-ve-tra-p274612420.html?spid=274612422
271218673,Sách Lắng Nghe Thấu Cảm,96000.0,149000.0,53000.0,5.0,1,1,,https://tiki.vnsach-lang-nghe-thau-cam-p271218673.html?spid=271218676
270113245,Sách Giáo trình C++ và lập trình hướng đối tượng,148000.0,195000.0,47000.0,4.7,21,1,,https://tiki.vnsach-giao-trinh-c-va-lap-tri-nh-huong-doi-tuong-p270113245.html?spid=270113246
247291050,"Combo Luyện viết chữ từ vựng Tiếng Anh theo chương trình sách giáo khoa 1,2,3 (3 Cuốn)",66000.0,85000.0,19000.0,5.0,4,1,,https://tiki.vncombo-luyen-viet-chu-tu-vung-tieng-anh-theo-chuong-trinh-sach-giao-khoa-1-2-3-3-cuon-p247291050.html?spid=247291051
204810323,Niềm vui của đứa trẻ khác biệt,195000.0,195000.0,0.0,5.0,15,67440,,https://tiki.vnniem-vui-cua-dua-tre-khac-biet-p204810323.html?spid=204810324
202007364,Sách Tiếng Việt Giàu Đẹp - Vẻ Đẹp Ngôn Ngữ Vẻ Đẹp Văn Chương,71000.0,90000.0,19000.0,4.7,10,1,,https://tiki.vnsach-tieng-viet-giau-dep-ve-dep-ngon-ngu-ve-dep-van-chuong-p202007364.html?spid=202007365
200771984,Sách Đố Bạn Tìm Được Tôi – Chiếc Nhẫn Bí Ẩn,36400.0,52000.0,15600.0,5.0,1,1,,https://tiki.vnsach-do-ban-tim-duoc-toi-chiec-nhan-bi-an-p200771984.html?spid=200771986
197656321,Sách Kết Thúc Bán Hàng Đòn Quyết Định (Tái bản 2022),74000.0,109000.0,35000.0,5.0,6,1,,https://tiki.vnsach-ket-thuc-ban-hang-don-quyet-dinh-tai-ban-2022-p197656321.html?spid=197656322
195954729,Sách Bảy Thực Hành Thiết Yếu Của Lãnh Đạo Tỉnh Thức,137000.0,185000.0,48000.0,4.7,7,1,,https://tiki.vnsach-bay-thuc-hanh-thiet-yeu-cua-lanh-dao-tinh-thuc-p195954729.html?spid=195954731
195801687,Sách Đường Đến Nhân Cách,187000.0,225000.0,38000.0,4.8,15,1,,https://tiki.vnsach-duong-den-nhan-cach-p195801687.html?spid=195801689
195623864,Truyện tranh tuổi thần tiên - Chú thỏ tinh khôn,11000.0,15000.0,4000.0,5.0,2,1,,https://tiki.vntruyen-tranh-tuoi-than-tien-chu-tho-tinh-khon-p195623864.html?spid=195623869
186880666,Sách Lược Sử Vạn Vật (Tái bản),211100.0,299000.0,87900.0,5.0,18,1,,https://tiki.vnsach-luoc-su-van-vat-tai-ban-p186880666.html?spid=186880667
164336677,Sách Những Lá Thư Từ Tây Ban Nha,36000.0,80000.0,44000.0,5.0,17,1,,https://tiki.vnsach-nhung-la-thu-tu-tay-ban-nha-p164336677.html?spid=164336679
162528739,Giải mã hành vi DISC: Bạn thuộc kiểu lãnh đạo nào trong 8 nhóm hành vi?,118400.0,148000.0,29600.0,0.0,0,12954,,https://tiki.vngiai-ma-hanh-vi-disc-ban-thuoc-kieu-lanh-dao-nao-trong-8-nhom-hanh-vi-p162528739.html?spid=162528740
82384950,Thần Đồng Đất Việt 72 - Phò Mã Tí Hon,9900.0,10000.0,100.0,5.0,23,53660,,https://tiki.vnthan-dong-dat-viet-72-pho-ma-ti-hon-p82384950.html?spid=82384951
74174356,Sách Bí Mật Của Hạnh Phúc (Khổ Nhỏ)(Tái Bản),52360.0,68000.0,15640.0,4.8,17,1,,https://tiki.vnsach-bi-mat-cua-hanh-phuc-kho-nho-tai-ban-p74174356.html?spid=74174357
73687713,Sách Hagakure - Luận Đàm Về Cốt Tủy Võ Sĩ Đạo,74250.0,135000.0,60750.0,4.8,60,1,,https://tiki.vnsach-hagakure-luan-dam-ve-cot-tuy-vo-si-dao-p73687713.html?spid=73687714
73356673,Sách Sử Ký III - Thế Gia,166600.0,238000.0,71400.0,4.7,82,1,,https://tiki.vnsach-su-ky-iii-the-gia-p73356673.html?spid=73356674
57503149,"Sách Đường Mây Trong 
Cõi Mộng",113960.0,148000.0,34040.0,5.0,293,1,,https://tiki.vnsach-duong-may-trong-coi-mong-p57503149.html?spid=57503150
41593625,Sách Nghệ Thuật Đào Tạo Cấp Quản Lý Của Toyota,75200.0,94000.0,18800.0,5.0,64,1,,https://tiki.vnsach-nghe-thuat-dao-tao-cap-quan-ly-cua-toyota-p41593625.html?spid=41593626
31587465,Sách The Art Of Thinking Clearly,243000.0,270000.0,27000.0,4.6,24,53660,,https://tiki.vnsach-the-art-of-thinking-clearly-p31587465.html?spid=31516430
10638286,Sách Bác Sĩ Tốt Nhất Là Chính Mình (Tập 9),38000.0,45000.0,7000.0,5.0,8,1,,https://tiki.vnsach-bac-si-tot-nhat-la-chinh-minh-tap-9-p10638286.html?spid=10638287
1864761,Giáo Trình HSK 2 - Sách Bài Tập (Kèm MP3),152000.0,188000.0,36000.0,4.8,209,1,,https://tiki.vngiao-trinh-hsk-2-sach-bai-tap-kem-mp3-p1864761.html?spid=1865573
1387543,Sách Nhật Bản Duy Tân 30 Năm (Tái Bản 2018),113900.0,145000.0,31100.0,4.5,22,1,,https://tiki.vnsach-nhat-ban-duy-tan-30-nam-tai-ban-2018-p1387543.html?spid=1389521
279083145,Sách Kẻ Thù Vừa Ngọt Vừa Bám Người (Tập 2),138500.0,155000.0,16500.0,0.0,0,1,,https://tiki.vnsach-ke-thu-vua-ngot-vua-bam-nguoi-tap-2-p279083145.html?spid=279083204
279005003,"Sách Tô Màu ""Xứ Sở Miên Man""",82000.0,99000.0,17000.0,0.0,0,1,,https://tiki.vnsach-to-mau-xu-so-mien-man-p279005003.html?spid=279005005
278997892,Sách Kim Vân Kiều - Thanh Tâm Tài Tử,166600.0,238000.0,71400.0,0.0,0,1,,https://tiki.vnsach-kim-van-kieu-p278997892.html?spid=278997893
278967980,Triết học nghệ thuật - Một trong những công trình kinh điển về mỹ học,145000.0,145000.0,0.0,0.0,0,259784,,https://tiki.vntriet-hoc-nghe-thuat-mot-trong-nhung-cong-trinh-kinh-dien-ve-my-hoc-p278967980.html?spid=278967981
278952179,Kẻ Tử Tế Độc Hại,134000.0,209000.0,75000.0,0.0,0,1,,https://tiki.vnke-tu-te-doc-hai-p278952179.html?spid=278952180
278872464,Sách Con hủi (Bìa cứng),172000.0,245000.0,73000.0,5.0,20,1,,https://tiki.vnsach-con-hui-bia-cung-p278872464.html?spid=278872467
278590520,Sách Vũ Trụ Tuần Hoàn: Vượt Khỏi Big Bang – Viết Lại Lịch Sử Vũ Trụ,163000.0,190000.0,27000.0,5.0,3,1,,https://tiki.vnsach-vu-tru-tuan-hoan-vuot-khoi-big-bang-viet-lai-lich-su-vu-tru-p278590520.html?spid=278590523
278196123,Sách - Sắc Lời Đắc Thế - Lĩnh Hội Nghệ Thuật Đối Thoại Bậc Thầy,148000.0,148000.0,0.0,3.0,2,354035,,https://tiki.vnsach-sac-loi-dac-the-linh-hoi-nghe-thuat-doi-thoai-bac-thay-p278196123.html?spid=278196124
278116017,Sách - Khơi Dậy Khả Năng Lãnh Đạo Cho Trẻ - Phương Pháp Hướng Dẫn Trẻ Trở Nên Xuất Sắc Hơn - Nhà Xuất Bản Dân Trí,186000.0,186000.0,0.0,4.5,2,354035,,https://tiki.vnsach-khoi-day-kha-nang-lanh-dao-cho-tre-phuong-phap-huong-dan-tre-tro-nen-xuat-sac-hon-nha-xuat-ban-dan-tri-p278116017.html?spid=278116023
278054829,"Sách Việt Nam Văn Hóa Sử Cương (In Theo Bản Năm 1938, Quan Hải Tùng Thư)",105800.0,150000.0,44200.0,0.0,0,1,,https://tiki.vnsach-viet-nam-van-hoa-su-cuong-in-theo-ban-nam-1938-quan-hai-tung-thu-p278054829.html?spid=278054831
277922893,Sách Cửa Tiệm Chỉ Mở Vào Ngày Mưa,112420.0,146000.0,33580.0,4.8,6,1,,https://tiki.vnsach-cua-tiem-chi-mo-vao-ngay-mua-p277922893.html?spid=277922894
277742607,Sách Bách Khoa Toàn Thư – Siêu Nhí Khám Phá Khoa Học Tương Lai,206700.0,299000.0,92300.0,0.0,0,1,,https://tiki.vnsach-bach-khoa-toan-thu-sieu-nhi-kham-pha-khoa-hoc-tuong-lai-p277742607.html?spid=277742609
277567451,Bảy cuộc khủng hoảng định hình toàn cầu hóa (Sách tham khảo) - bản in 2025,255000.0,255000.0,0.0,0.0,0,259784,,https://tiki.vnbay-cuoc-khung-hoang-dinh-hinh-toan-cau-hoa-sach-tham-khao-ban-in-2025-p277567451.html?spid=277603821
277425002,Sách Án Mạng Giữa Không Trung (Agatha Christie) - NXB Trẻ,101000.0,125000.0,24000.0,5.0,17,1,,https://tiki.vnsach-an-mang-giua-khong-trung-agatha-christie-nxb-tre-p277425002.html?spid=277554851
277256424,Sách Tối Ưu Doanh Nghiệp Đột Phá Cùng Bussines Coach,206100.0,289000.0,82900.0,5.0,2,1,,https://tiki.vnsach-toi-uu-doanh-nghiep-dot-pha-cung-bussines-coach-p277256424.html?spid=277256428
277138904,Sách EQ đỉnh cao,221760.0,288000.0,66240.0,5.0,9,1,,https://tiki.vnsach-eq-dinh-cao-p277138904.html?spid=277138905
277041576,"Sách Phương pháp học tập Feynman: 5 bước giúp bạn học nhanh, nhớ lâu, tiến bộ vượt bậc - Âm Hồng Tín, Lý Vĩ",138000.0,138000.0,0.0,5.0,3,124753,,https://tiki.vnsach-phuong-phap-hoc-tap-feynman-5-buoc-giup-ban-hoc-nhanh-nho-lau-tien-bo-vuot-bac-p277041576.html?spid=277041577
277004603,Sách - Thám Tử Lừng Danh Conan - Tập 105,24800.0,25000.0,200.0,4.7,6,53660,,https://tiki.vnsach-tham-tu-lung-danh-conan-tap-105-p277004603.html?spid=277004604
275023306,Phong Thần Diễn Nghĩa Tập 2 [Tặng Kèm Card Bát Quái PVC],69000.0,70000.0,1000.0,5.0,3,1,,https://tiki.vnphong-than-dien-nghia-tap-2-tang-kem-card-bat-quai-pvc-p275023306.html?spid=275023307
274807855,Sách To Do List - Phương Pháp Lập Kế Hoạch Công Việc Và Quản Lý Thời Gian Hiệu Quả,97000.0,149000.0,52000.0,0.0,0,1,,https://tiki.vnsach-to-do-list-phuong-phap-lap-ke-hoach-cong-viec-va-quan-ly-thoi-gian-hieu-qua-p274807855.html?spid=274807857
273636652,Sách Thép đã tôi thế đấy,131000.0,168000.0,37000.0,4.8,20,1,,https://tiki.vnsach-thep-da-toi-the-day-p273636652.html?spid=273636653
273059057,Sách GLOBAL SUCCESS - BÀI TẬP TIẾNG ANH LỚP 8 Tập 2 (Có đáp án),62700.0,85000.0,22300.0,4.8,5,1,,https://tiki.vnsach-global-success-bai-tap-tieng-anh-lop-8-tap-2-co-dap-an-p273059057.html?spid=273059058
260811707,Sách Muôn Kiếp Nhân Sinh 3 (Bìa Mềm),167860.0,218000.0,50140.0,5.0,627,1,,https://tiki.vnsach-muon-kiep-nhan-sinh-3-bia-mem-p260811707.html?spid=260811708
249019188,Combo (4 tập): Truyện kể bốn mùa - Nhím con ham học hỏi,109700.0,134000.0,24300.0,5.0,1,1,,https://tiki.vncombo-4-tap-truyen-ke-bon-mua-nhim-con-ham-hoc-hoi-p249019188.html?spid=249019190
214493577,Sách 100 Nhà Khoa Học Vĩ Đại Thay Đổi Thế Giới,155600.0,205000.0,49400.0,4.8,6,1,,https://tiki.vnsach-100-nha-khoa-hoc-vi-dai-thay-doi-the-gioi-p214493577.html?spid=214493580
213913989,Sách Vòng Quanh Thế Giới: Cu Ba,9000.0,12000.0,3000.0,0.0,0,1,,https://tiki.vnsach-vong-quanh-the-gioi-cu-ba-p213913989.html?spid=213913991
203864188,Tủ Sách Đời Người: Ngôn Sứ,73800.0,99000.0,25200.0,4.7,20,1,,https://tiki.vntu-sach-doi-nguoi-ngon-su-p203864188.html?spid=203864194
195954693,Sách Đời Sống Bí Ẩn Của Khoa Học,158700.0,215000.0,56300.0,5.0,4,1,,https://tiki.vnsach-doi-song-bi-an-cua-khoa-hoc-p195954693.html?spid=195954694
191410857,Sách Chữa Lành Sau Sang Chấn,169400.0,220000.0,50600.0,5.0,8,1,,https://tiki.vnsach-chua-lanh-sau-sang-chan-p191410857.html?spid=191410858
168650335,Tiếng Hoa Dành Cho Trẻ Em - Tập 3,24000.0,24000.0,0.0,5.0,1,44,,https://tiki.vntieng-hoa-danh-cho-tre-em-tap-3-p168650335.html?spid=168650336
112110014,Sách TÂM LÝ HỌC ỨNG DỤNG,82700.0,129000.0,46300.0,4.8,699,1,,https://tiki.vnsach-tam-ly-hoc-ung-dung-p112110014.html?spid=112733081
78015041,Sách Học Viện - The Institute,215700.0,299000.0,83300.0,4.7,656,1,,https://tiki.vnsach-hoc-vien-the-institute-stephen-king-p78015041.html?spid=78015043
63554358,Combo Thám Tử Lừng Danh Conan: Hoa Hướng Dương Trong Biển Lửa (2 Tập),117000.0,120000.0,3000.0,4.7,45,1,,https://tiki.vncombo-tham-tu-lung-danh-conan-hoa-huong-duong-trong-bien-lua-2-tap-p63554358.html?spid=63554359
53545654,Sách Titan – Gia Tộc Rockefeller,324300.0,499000.0,174700.0,4.7,229,1,,https://tiki.vnsach-titan-gia-toc-rockefeller-p53545654.html?spid=53545655
34340291,Sách Não Bộ Kể Gì Về Bạn,111700.0,149000.0,37300.0,4.7,567,1,,https://tiki.vnsach-nao-bo-ke-gi-ve-ban-p34340291.html?spid=34340292
10678954,"Sách Full bộ Ehon Nhật Bản cho bé 0-6 tuổi thông minh, sáng tạo",300300.0,390000.0,89700.0,4.8,1086,1,,https://tiki.vnsach-full-bo-ehon-nhat-ban-cho-be-0-6-tuoi-thong-minh-sang-tao-p10678954.html?spid=35226140
10118594,Sách Cẩm Nang Scrum,150200.0,199000.0,48800.0,4.5,42,1,,https://tiki.vnsach-cam-nang-scrum-p10118594.html?spid=10118595
4175505,Sách Anne Tóc Đỏ Ở Đảo Hoàng Tử Edward (Tái Bản 2018),84000.0,120000.0,36000.0,5.0,52,1,,https://tiki.vnsach-anne-toc-do-o-dao-hoang-tu-edward-tai-ban-2018-p4175505.html?spid=4175507
2438599,"Sách Em Vốn Thích Cô Độc, Cho Đến Khi Có Anh",79800.0,108000.0,28200.0,4.1,208,1,,https://tiki.vnsach-em-von-thich-co-doc-cho-den-khi-co-anh-p2438599.html?spid=2439767
279165272,Sách Cô Hướng Dẫn Viên Ở Bách Hóa Bắc Cực,79000.0,88000.0,9000.0,0.0,0,1,,https://tiki.vnsach-co-huong-dan-vien-o-bach-hoa-bac-cuc-p279165272.html?spid=279165311
279116573,Sách YouTube AI Thực Chiến – Xây Dựng & Vận Hành Kênh YouTube Hiệu Quả Với AI,219000.0,219000.0,0.0,0.0,0,1674,,https://tiki.vnsach-youtube-ai-thuc-chien-xay-dung-van-hanh-kenh-youtube-hieu-qua-voi-ai-p279116573.html?spid=279116574
279078946,Sách - Tokyo Aliens - Tập 4 - Tặng Kèm Postcard,39600.0,40000.0,400.0,5.0,1,53660,,https://tiki.vnsach-tokyo-aliens-tap-4-tang-kem-postcard-p279078946.html?spid=279078947
279066321,HỌ VÀ TÊN – Một Lịch Sử Nhìn Từ Danh Tính Người Việt – Trần Quang Đức – Nhã Nam,313000.0,313000.0,0.0,0.0,0,223928,,https://tiki.vnho-va-ten-mot-lich-su-nhin-tu-danh-tinh-nguoi-viet-tran-quang-duc-nha-nam-p279066321.html?spid=279066322
278814488,Truyện Astro Boy - Atom Cậu Bé Tay Sắt [Chọn Tập Lẻ,57000.0,60000.0,3000.0,5.0,5,1,,https://tiki.vnastro-boy-atom-cau-be-tay-sat-tap-7-tang-kem-bookmark-p278814488.html?spid=278706880
278813765,Sách  Tư Duy Màu Sắc Trong Thiết Kế - Hướng Dẫn Dùng Màu Sắc Trong Thiết Kế Đồ Họa - SKU: 9786320200535 Nhà sản xuất: Artbook - là một cẩm nang thiết yếu dành cho các nhà thiết kế đồ họa muốn làm chủ việc sử dụng màu sắc trong các dự án chuyên nghiệp.,500000.0,500000.0,0.0,0.0,0,305,,https://tiki.vnsach-tu-duy-mau-sac-trong-thiet-ke-huong-dan-dung-mau-sac-trong-thiet-ke-do-hoa-sku-9786320200535-nha-san-xuat-artbook-la-mot-cam-nang-thiet-yeu-danh-cho-cac-nha-thiet-ke-do-hoa-muon-lam-chu-viec-su-dung-mau-sac-trong-cac-du-an-chuyen-nghiep-p278813765.html?spid=278813766
278737349,Sách - Giáo Trình Triết Học Mác - Lênin (Dành Cho Bậc Đại Học Hệ Không Chuyên Lý Luận Chính Trị),77200.0,78000.0,800.0,5.0,1,53660,,https://tiki.vnsach-giao-trinh-triet-hoc-mac-lenin-danh-cho-bac-dai-hoc-he-khong-chuyen-ly-luan-chinh-tri-p278737349.html?spid=278737350
278637952,Sách - Kinh Tế Học Vi Mô,241200.0,268000.0,26800.0,5.0,4,53660,,https://tiki.vnsach-kinh-te-hoc-vi-mo-p278637952.html?spid=278637953
278060959,Sách - Combo 10 Quyển Ehon Phát Triển Tư Duy Cho Bé 0 - 6 Tuổi - Song Ngữ Việt Anh,180000.0,180000.0,0.0,0.0,0,356255,,https://tiki.vnsach-combo-10-quyen-ehon-phat-trien-tu-duy-cho-be-0-6-tuoi-song-ngu-viet-anh-p278060959.html?spid=278060964
278059447,Sắc màu Nhật Bản – Yoko Nagasawa & Tomoko Everson,250000.0,250000.0,0.0,0.0,0,215592,,https://tiki.vnsac-mau-nhat-ban-yoko-nagasawa-tomoko-everson-p278059447.html?spid=278059448
278051301,Sách - Tri Thức Và Trưởng Thành,159200.0,183000.0,23800.0,5.0,1,53660,,https://tiki.vnsach-tri-thuc-va-truong-thanh-p278051301.html?spid=278051302
277988644,Hộp sách Nước non vạn dặm - Trọn bộ 5 tập,763500.0,1018000.0,254500.0,3.0,1,112977,,https://tiki.vnhop-sach-nuoc-non-van-dam-tron-bo-5-tap-p277988644.html?spid=277988645
277966976,Sách - Thuyết Dương Mưu (Tác Giả - Mặc Am) - SBOOKS,89000.0,118000.0,29000.0,0.0,0,10684,,https://tiki.vnsach-thuyet-duong-muu-tac-gia-mac-am-sbooks-p277966976.html?spid=277966977
277837134,Sách Mặt trời vẫn mọc,105000.0,150000.0,45000.0,4.8,4,1,,https://tiki.vnsach-mat-troi-van-moc-p277837134.html?spid=277837135
275927640,Sách Nguyễn Ngọc Tư. Ngày mai của những ngày mai,96000.0,120000.0,24000.0,5.0,14,1,,https://tiki.vnsach-nguyen-ngoc-tu-ngay-mai-cua-nhung-ngay-mai-p275927640.html?spid=275927685
275452244,Sách Trường An 12 Canh Giờ (Tập 2),159200.0,199000.0,39800.0,5.0,12,1,,https://tiki.vnsach-truong-an-12-canh-gio-tap-2-p275452244.html?spid=275452305
275243125,Sách 100 Kỹ Năng Sinh Tồn,74000.0,99000.0,25000.0,4.8,458,1,,https://tiki.vnsach-100-ky-nang-sinh-ton-p275243125.html?spid=59010154
274969764,Sách Lãnh Đạo: 6 Chiến Lược Gia Kiệt Xuất Định Hình Thế Giới,307600.0,399000.0,91400.0,4.5,7,1,,https://tiki.vnsach-lanh-dao-6-chien-luoc-gia-kiet-xuat-dinh-hinh-the-gioi-p274969764.html?spid=274969767
274853702,Sách Tri Thức Khách Quan,237000.0,345000.0,108000.0,4.8,6,1,,https://tiki.vnsach-tri-thuc-khach-quan-p274853702.html?spid=274853703
274668059,Sách Thực hành khắc kỷ,83160.0,108000.0,24840.0,5.0,8,1,,https://tiki.vnsach-thuc-hanh-khac-ky-p274668059.html?spid=274668061
273596561,Sách Ngày cuối cùng của người bị kết án,66500.0,95000.0,28500.0,5.0,2,1,,https://tiki.vnsach-ngay-cuoi-cung-cua-nguoi-bi-ket-an-p273596561.html?spid=273596562
273219043,Sách Tuổi 20 - Những Năm Tháng Quyết Định Cuộc Đời Bạn,80800.0,109000.0,28200.0,4.7,120,1,,https://tiki.vnsach-tuoi-20-nhung-nam-thang-quyet-dinh-cuoc-doi-ban-p273219043.html?spid=273219046
271337381,Sách World Religions - Tôn Giáo Thế Giới,331100.0,430000.0,98900.0,4.8,66,1,,https://tiki.vnsach-world-religions-ton-gia-o-the-gio-i-p271337381.html?spid=271337382
263980370,Sách Chết cho màu cờ - Quyền lực và chính trị của những lá cờ,147000.0,210000.0,63000.0,5.0,83,1,,https://tiki.vnsach-chet-cho-mau-co-quyen-luc-va-chinh-tri-cua-nhung-la-co-p263980370.html?spid=263980372
263387398,Sách Lịch Sử Triết Học Phương Tây 1 - Triết Học Cổ Đại,196350.0,255000.0,58650.0,4.8,16,1,,https://tiki.vnsach-lich-su-triet-hoc-phuong-tay-1-triet-hoc-co-dai-p263387398.html?spid=263387403
252882507,Tiếng Việt 3/2 (Kết Nối) (2023),18200.0,18200.0,0.0,0.0,0,53660,,https://tiki.vntieng-viet-3-2-ket-noi-2023-p252882507.html?spid=252882508
242734893,Sách Bạn là Nhà Giả Dược: Khám phá sức mạnh của tiềm thức - You Are the Placebo: Making Your Mind Matter - Happy Live,349000.0,349000.0,0.0,5.0,60,7446,,https://tiki.vnnha-gia-duoc-kham-pha-suc-manh-cua-tiem-thuc-you-are-the-placebo-making-your-mind-matter-p242734893.html?spid=242738195
192733741,Sách Mùi hương - Tái Bản,80500.0,115000.0,34500.0,5.0,47,1,,https://tiki.vnsach-mui-huong-tai-ban-p192733741.html?spid=192733742
188535523,Sách Trà Hoa Nữ (Bìa Cứng) - Tái Bản,76800.0,115000.0,38200.0,5.0,53,1,,https://tiki.vnsach-tra-hoa-nu-bia-cung-tai-ban-p188535523.html?spid=188535524
150838230,Sách Everybody Writes - Ai Rồi Cũng Viết (Cuốn Cẩm Nang Giúp Bạn Viết Content “Chất Như Nước Cất”),130300.0,179000.0,48700.0,5.0,85,1,,https://tiki.vnsach-everybody-writes-ai-roi-cung-viet-cuon-cam-nang-giup-ban-viet-content-chat-nhu-nuoc-cat-p150838230.html?spid=150838231
145288026,Sách Chia Rẽ - Tại Sao Chúng Ta Đang Sống Trong Thời Đại Của Những Bức Tường,175000.0,250000.0,75000.0,5.0,426,1,,https://tiki.vnsach-chia-re-tai-sao-chung-ta-dang-song-trong-thoi-dai-cua-nhung-buc-tuong-p145288026.html?spid=145288028
138934620,Sách Red Nile - Tiểu Sử Của Dòng Sông Vĩ Đại Nhất Thế Giới,279300.0,399000.0,119700.0,4.8,114,1,,https://tiki.vnsach-red-nile-tieu-su-cua-dong-song-vi-dai-nhat-the-gioi-p138934620.html?spid=138934621
127844385,Sách Kiêu Hãnh Và Định Kiến (Tái Bản),105000.0,150000.0,45000.0,4.8,588,1,,https://tiki.vnsach-kieu-hanh-va-dinh-kien-tai-ban-p127844385.html?spid=127844386
106863962,Sách Bên Rặng Tuyết Sơn - Nguyên Phong (Tái Bản),90860.0,118000.0,27140.0,5.0,278,1,,https://tiki.vnsach-ben-rang-tuyet-son-nguyen-phong-tai-ban-p106863962.html?spid=106863964
92859060,Sách Tam Thể 3 - Tử Thần Sống Mãi,248500.0,355000.0,106500.0,4.8,305,1,,https://tiki.vnsach-tam-the-3-tu-than-song-mai-p92859060.html?spid=92859061
55605170,Sách Cơ Thể Tự Chữa Lành: Thực Phẩm Thay Đổi Cuộc Sống,140000.0,185000.0,45000.0,4.8,1075,1,,https://tiki.vnsach-co-the-tu-chua-lanh-thuc-pham-thay-doi-cuoc-song-p55605170.html?spid=55605171
53789573,Sách Bến Xe (Tái Bản 2020),59200.0,76000.0,16800.0,5.0,94,53660,,https://tiki.vnsach-ben-xe-tai-ban-2020-p53789573.html?spid=53924618
33492447,Sách Mục Tiêu,177000.0,229000.0,52000.0,4.7,133,1,,https://tiki.vnsach-muc-tieu-p33492447.html?spid=33492448
3608625,Sách Payback Time - Ngày Đòi Nợ,299000.0,299000.0,0.0,4.8,4449,7446,,https://tiki.vnsach-payback-time-ngay-doi-no-p3608625.html?spid=3679503
543206,Sách Không Gia Đình (Bìa Cứng),95000.0,136000.0,41000.0,4.3,9,1,,https://tiki.vnsach-khong-gia-dinh-bia-cung-p543206.html?spid=266316
279106469,Sách Chuyện Kinh Dị Hằng Đêm,151200.0,189000.0,37800.0,0.0,0,1,,https://tiki.vnsach-chuyen-kinh-di-hang-dem-p279106469.html?spid=279106470
279106076,Sách Tháp Nhốt Vong,196000.0,209000.0,13000.0,0.0,0,1,,https://tiki.vnsach-thap-nhot-vong-p279106076.html?spid=279106079
279085441,"ĐƠN VỊ HÀNH CHÍNH VIỆT NAM SAU SẮP XẾP VÀ VẬN HÀNH CHÍNH QUYỀN ĐỊA PHƯƠNG HAI CẤP – Nguyễn Thái Bình, Trương Hải Long – NXB CTQG Sự thật",161000.0,161000.0,0.0,0.0,0,223928,,https://tiki.vndon-vi-hanh-chinh-viet-nam-sau-sap-xep-va-van-hanh-chinh-quyen-dia-phuong-hai-cap-nguyen-thai-binh-truong-hai-long-nxb-ctqg-su-that-p279085441.html?spid=279085442
279078940,Sách - Marriagetoxin - Mai Mối Cho Độc Sư - Tập 3 - Tặng Kèm Card PVC,39600.0,40000.0,400.0,0.0,0,53660,,https://tiki.vnsach-marriagetoxin-mai-moi-cho-doc-su-tap-3-tang-kem-card-pvc-p279078940.html?spid=279078941
278945703,Nhà Giáo Trẻ Và Những Câu Chuyện Nghề,80800.0,109000.0,28200.0,0.0,0,1,,https://tiki.vnnha-giao-tre-va-nhung-cau-chuyen-nghe-p278945703.html?spid=278945704
278876687,Combo Darwin’s Game – Trò Chơi Tiến Hóa (Tập 1+2),111200.0,139000.0,27800.0,0.0,0,1,,https://tiki.vncombo-darwin-s-game-tro-choi-tien-hoa-tap-1-2-p278876687.html?spid=278876786
278874642,Sách Huyết Quỷ Hỗn Chiến - Tập 14,34300.0,35000.0,700.0,4.0,1,1,,https://tiki.vnsach-huyet-quy-hon-chien-tap-14-p278874642.html?spid=278874645
278872176,Sách Hirayasumi – Những Tháng Ngày Chơi Vơi (Tập 7),60000.0,68000.0,8000.0,0.0,0,1,,https://tiki.vnsach-hirayasumi-nhung-thang-ngay-choi-voi-tap-7-p278872176.html?spid=278872179
278861446,Sách Lòng Tham & Lý Trí: Những Quan Sát Về Tâm Lý Qua 25 Năm Người Việt Đầu Tư Chứng Khoán,299000.0,299000.0,0.0,0.0,0,10872,,https://tiki.vnsach-long-tham-ly-tri-nhung-quan-sat-ve-tam-ly-qua-25-nam-nguoi-viet-dau-tu-chung-khoan-p278861446.html?spid=278861447
278724201,Sách Thói Quen Của Người Trung Quốc,104000.0,139000.0,35000.0,0.0,0,1,,https://tiki.vnsach-thoi-quen-cua-nguoi-trung-quoc-bia-cung-p278724201.html?spid=278724202
278706982,Dấu Ấn Hoàng Gia - Tập 33,29400.0,30000.0,600.0,5.0,5,1,,https://tiki.vndau-an-hoang-gia-tap-33-p278706982.html?spid=278706983
278703579,Sách Giáo Trình Hán Ngữ Phiên Bản 3 (Phân Loại Lẻ),118150.0,139000.0,20850.0,0.0,0,1,,https://tiki.vnsach-giao-trinh-han-ngu-phien-ban-3-phan-loai-le-p278703579.html?spid=278703594
278249910,Sách Ma Trùng,91000.0,130000.0,39000.0,5.0,6,1,,https://tiki.vnsach-ma-trung-p278249910.html?spid=278249968
278227238,Sách Hồi ức Quảng Trị,94500.0,104000.0,9500.0,5.0,1,1,,https://tiki.vnsach-hoi-uc-quang-tri-p278227238.html?spid=278618568
278101824,Sách Thuyền,94000.0,128000.0,34000.0,4.6,17,1,,https://tiki.vnsach-thuyen-p278101824.html?spid=278101825
277420881,Khu tập thể đường tàu (Truyện vừa),145000.0,175000.0,30000.0,0.0,0,1,,https://tiki.vnkhu-tap-the-duong-tau-truyen-vua-p277420881.html?spid=277420882
277281579,Sách Thân gửi sở thú - Tái Bản 2025,63000.0,90000.0,27000.0,0.0,0,1,,https://tiki.vnsach-than-gui-so-thu-tai-ban-2025-p277281579.html?spid=277281581
276375291,"Sách Data Analysis Chính Hãng, Bộ 2 Cuốn Từ Cơ Bản Đến Nâng Cao, Có Tặng Kèm Video Hướng Dẫn",379000.0,536000.0,157000.0,4.2,24,353716,,https://tiki.vnsach-data-analysis-chinh-hang-bo-2-cuon-tu-co-ban-den-nang-cao-co-tang-kem-video-huong-dan-p276375291.html?spid=276375292
275610636,Combo Sách Giáo Trình Chuẩn YCT 3 - Sách Bài Học + Sách Bài Tập (Bộ 2 Cuốn),191800.0,234000.0,42200.0,5.0,2,53660,,https://tiki.vncombo-sach-giao-trinh-chuan-yct-3-sach-bai-hoc-sach-bai-tap-bo-2-cuon-p275610636.html?spid=275610637
275507494,Sách Giáo Khoa Toán 5 - Tập 2 (Kết Nối) (Chuẩn),18000.0,18000.0,0.0,0.0,0,53660,,https://tiki.vntoan-5-tap-2-ket-noi-chuan-p275507494.html?spid=275507495
274940704,Combo Sách Tư Duy Ngược + Tư Duy Mở (Bộ 2 Cuốn),221600.0,277000.0,55400.0,4.5,17,53660,,https://tiki.vncombo-sach-tu-duy-nguoc-tu-duy-mo-bo-2-cuon-p274940704.html?spid=274940705
274802601,"Sách Nhân Sinh Dù Rộng Lớn, Muôn Kiếp Vẫn Gặp Người",123510.0,179000.0,55490.0,5.0,4,1,,https://tiki.vnsach-nhan-sinh-du-rong-lon-muon-kiep-van-gap-nguoi-p274802601.html?spid=274246574
273822794,Sách Sau động đất,77000.0,110000.0,33000.0,5.0,14,1,,https://tiki.vnsach-sau-dong-dat-p273822794.html?spid=273822795
273713463,Sách BỆNH CỦA THỜI THỨC ĂN TIỆN LỢI,124000.0,158000.0,34000.0,5.0,5,1,,https://tiki.vnsach-benh-cua-thoi-thuc-an-tien-loi-p273713463.html?spid=273713464
273612269,Sách Ghi Chép Pháp Y – Những Thi Thể Không Hoàn Chỉnh,100100.0,130000.0,29900.0,5.0,37,1,,https://tiki.vnsach-ghi-chep-phap-y-nhung-thi-the-khong-hoan-chinh-p273612269.html?spid=273612270
273359952,"Sách - Chánh niệm, Hỷ lạc và Giác ngộ - Thái Hà Books",179000.0,179000.0,0.0,5.0,3,101957,,https://tiki.vnsach-chanh-niem-hy-lac-va-giac-ngo-thai-ha-books-p273359952.html?spid=273359953
270745659,Sách Rèn Luyện Tư Duy Hệ Thống Trong Công Việc,88600.0,129000.0,40400.0,4.8,13,1,,https://tiki.vnsach-ren-luyen-tu-duy-he-thong-trong-cong-viec-p270745659.html?spid=270745660
263272708,Kinh doanh chuyên môn của chính mình - Kế hoạch cho sự nghiệp tự chủ và bền vững,245000.0,245000.0,0.0,4.8,26,324959,,https://tiki.vnkinh-doanh-chuyen-mon-cua-chinh-minh-ke-hoach-cho-su-nghiep-tu-chu-va-ben-vung-p263272708.html?spid=263272709
209605870,Sách Gieo mầm nhân cách - CHIA SẺ,23000.0,32000.0,9000.0,5.0,1,1,,https://tiki.vnsach-gieo-mam-nhan-cach-chia-se-p209605870.html?spid=209605871
190707626,Sách Và Khi Tro Bụi (tái bản),83000.0,120000.0,37000.0,5.0,16,1,,https://tiki.vnsach-va-khi-tro-bui-tai-ban-p190707626.html?spid=190707627
185067342,Sách Tô Bình Yên Vẽ Hạnh Phúc (Tái Bản),67760.0,88000.0,20240.0,5.0,416,1,,https://tiki.vnsach-to-binh-yen-ve-hanh-phuc-tai-ban-p185067342.html?spid=185067343
170708229,Sách Buổi Sáng Diệu Kỳ,87900.0,119000.0,31100.0,5.0,32,1,,https://tiki.vnsach-buoi-sang-dieu-ky-p170708229.html?spid=170708230
164583219,Sách Lời Hiệu Triệu Của Cthulhu (Tuyển Tập H.P.Lovecraft) – Tặng Kèm Postcard,62000.0,80000.0,18000.0,5.0,37,1,,https://tiki.vnsach-loi-hieu-trieu-cua-cthulhu-tuyen-tap-h-p-lovecraft-tang-kem-postcard-p164583219.html?spid=164583220
139979518,Sách Phụng Sự Để Dẫn Đầu (Tái Bản),105600.0,139000.0,33400.0,5.0,5,1,,https://tiki.vnsach-phung-su-de-dan-dau-tai-ban-p139979518.html?spid=139979519
113656685,Giáo Trình Triết Học Mác – Lênin (Dành Cho Bậc Đại Học Hệ Chuyên Lý Luận Chính Trị) - Bộ mới năm 2021,107000.0,107000.0,0.0,5.0,44,197,,https://tiki.vngiao-trinh-triet-hoc-mac-lenin-danh-cho-bac-dai-hoc-he-chuyen-ly-luan-chinh-tri-bo-moi-nam-2021-p113656685.html?spid=113656686
69644748,Sách Thiền Sư Và Em Bé 5 Tuổi,92400.0,120000.0,27600.0,5.0,787,1,,https://tiki.vnsach-thien-su-va-em-be-5-tuoi-p69644748.html?spid=69644749
44335819,Sách Suy tưởng - Blaise Pascal - IRED Books,134800.0,175000.0,40200.0,5.0,11,1,,https://tiki.vnsach-suy-tuong-blaise-pascal-ired-books-p44335819.html?spid=44335820
14136016,"Sách Phía Nam Biên Giới, Phía Tây Mặt Trời (Tái Bản)",75460.0,98000.0,22540.0,5.0,605,1,,https://tiki.vnsach-phia-nam-bien-gioi-phia-tay-mat-troi-tai-ban-p14136016.html?spid=14674575
9948023,Sách Của Chuột Và Người,60200.0,86000.0,25800.0,4.8,259,1,,https://tiki.vnsach-cua-chuot-va-nguoi-p9948023.html?spid=9948024
1747365,Sách 50 Điều Trường Học Không Dạy Bạn Và 20 Điều Cần Làm Trước Khi Rời Ghế Nhà Trường (Tái Bản),96000.0,149000.0,53000.0,4.5,22,1,,https://tiki.vnsach-50-dieu-truong-hoc-khong-day-ban-va-20-dieu-can-lam-truoc-khi-roi-ghe-nha-truong-tai-ban-p1747365.html?spid=1748345
279149600,Tạp chí Kiến Trúc và Đời Sống số Xuân Bính Ngọ (Tháng 2&3-2026) _ Không Gian Quá Vãng,60000.0,60000.0,0.0,0.0,0,134516,,https://tiki.vntap-chi-kien-truc-va-doi-song-so-xuan-binh-ngo-thang-2-3-2026-_-khong-gian-qua-vang-p279149600.html?spid=279149601
279008841,Sách - Ở Đây Có Một Con Én - Tập 2,89100.0,99000.0,9900.0,0.0,0,53660,,https://tiki.vnsach-o-day-co-mot-con-en-tap-2-p279008841.html?spid=279008842
278996250,Sách - Beastars - Tập 6,34600.0,35000.0,400.0,5.0,1,53660,,https://tiki.vnsach-beastars-tap-6-p278996250.html?spid=278996251
278916855,Sách Chill Dad - Bí kíp làm cha nhẹ tênh cho những người đàn ông bận rộn - TH199,169000.0,169000.0,0.0,5.0,1,344279,,https://tiki.vnsach-chill-dad-bi-kip-lam-cha-nhe-tenh-cho-nhung-nguoi-dan-ong-ban-ron-th199-p278916855.html?spid=278916856
278785247,Sách Trò Chơi Giải Mã Ác Mộng,134250.0,179000.0,44750.0,4.0,4,1,,https://tiki.vnsach-tro-choi-giai-ma-ac-mong-p278785247.html?spid=278785282
278756737,Sách Trưởng Tộc,167200.0,209000.0,41800.0,0.0,0,1,,https://tiki.vntruong-toc-p278756737.html?spid=278756738
278756720,Sách Tủ Sách Sáng Tạo - Bóc Dán Sử Dụng Nhiều Lần,56000.0,79000.0,23000.0,0.0,0,1,,https://tiki.vntu-sach-sang-tao-boc-dan-su-dung-nhieu-lan-p278756720.html?spid=278757420
278751167,Tạp chí Kiến Trúc và Đời Sống số 232 (Tháng 10-2025)_Gu chủ nhà và phong cách kiến trúc sư,35800.0,35800.0,0.0,0.0,0,134516,,https://tiki.vntap-chi-kien-truc-va-doi-song-so-232-thang-10-2025-_gu-chu-nha-va-phong-cach-kien-truc-su-p278751167.html?spid=278751168
278714884,Sách - Naruto - Tập 57 - Naruto Xung Trận…!! (Tái Bản 2025),29800.0,30000.0,200.0,0.0,0,53660,,https://tiki.vnsach-naruto-tap-57-naruto-xung-tran-tai-ban-2025-p278714884.html?spid=278714885
278599745,Sách PDCA – Lập kế hoạch thực chiến quản lý rủi ro và tối ưu hiệu suất,116000.0,179000.0,63000.0,5.0,3,1,,https://tiki.vnsach-pdca-lap-ke-hoach-thuc-chien-quan-ly-rui-ro-va-toi-uu-hieu-suat-p278599745.html?spid=278599747
278562102,"Sách Luật Thuế - Thuế Giá Trị Gia Tăng, Thu Nhập Doanh Nghiệp, Thuế Thu Nhập Cá Nhân (V2619T)",495000.0,495000.0,0.0,0.0,0,6818,,https://tiki.vnsach-luat-thue-thue-gia-tri-gia-tang-thu-nhap-doanh-nghiep-thue-thu-nhap-ca-nhan-v2619t-p278562102.html?spid=278562103
278423556,Sách Trở Về Từ Cõi Chết,129360.0,168000.0,38640.0,5.0,1,1,,https://tiki.vnsach-tro-ve-tu-coi-chet-p278423556.html?spid=278423557
278229658,Sách Người Lạ Với Chính Ta,162000.0,188000.0,26000.0,5.0,2,1,,https://tiki.vnsach-nguoi-la-voi-chinh-ta-p278229658.html?spid=278229659
278158582,Sách 10 Vạn Câu Hỏi Vì Sao,26300.0,38000.0,11700.0,0.0,0,1,,https://tiki.vnsach-10-van-cau-hoi-vi-sao-danh-cho-thieu-nhi-p278158582.html?spid=278158584
278094943,Sách Con Rối Hát Ngoài Rừng Xa,83300.0,119000.0,35700.0,0.0,0,1,,https://tiki.vnsach-con-roi-hat-ngoai-rung-xa-p278094943.html?spid=278094944
277963704,Sách Cơ Thể Mình Là Của Mình,48300.0,69000.0,20700.0,0.0,0,1,,https://tiki.vnsach-co-the-minh-la-cua-minh-p277963704.html?spid=277963705
277316439,Sách Nghệ Thuật Sống Hạnh Phúc Dưới Góc Nhìn Khoa Học,146300.0,190000.0,43700.0,5.0,5,1,,https://tiki.vnsach-nghe-thuat-song-hanh-phuc-duoi-goc-nhin-khoa-hoc-p277316439.html?spid=277316440
277138923,Sách Phân tích dữ liệu trong Marketing,454300.0,590000.0,135700.0,5.0,6,1,,https://tiki.vnsach-phan-tich-du-lieu-trong-marketing-p277138923.html?spid=277138924
276598478,Build - Những Điều Đáng Làm Tạo Ra Sản Phẩm Đáng Giá,224100.0,249000.0,24900.0,5.0,1,53660,,https://tiki.vnbuild-nhung-dieu-dang-lam-tao-ra-san-pham-dang-gia-p276598478.html?spid=276598479
275928713,Sách Đọc Vị Mọi Vấn Đề Của Trẻ - Giải Mã Mọi Vấn Đề Về Nuôi Con Nhỏ: Ăn - Ngủ - Kỷ Luật Hành Vi,184000.0,239000.0,55000.0,5.0,588,1,,https://tiki.vnsach-doc-vi-moi-van-de-cua-tre-giai-ma-moi-van-de-ve-nuoi-con-nho-an-ngu-ky-luat-hanh-vi-p275928713.html?spid=275928716
275756749,Sách Hồi ký 50 năm mê hát - Năm mươi năm Cải lương,190000.0,230000.0,40000.0,4.8,4,1,,https://tiki.vnsach-hoi-ky-50-nam-me-hat-nam-muoi-nam-cai-luong-p275756749.html?spid=275756750
275606952,Tiếng Anh Lớp 5 - Global Success - Sách Học Sinh - Tập 2,37000.0,37000.0,0.0,4.0,1,229023,,https://tiki.vntieng-anh-lop-5-global-success-sach-hoc-sinh-tap-2-p275606952.html?spid=275606953
274952050,Chúc mừng năm mới - Sách tranh ehon Gấu con Kuma - Những chuyện nhỏ hàng ngày,42000.0,59000.0,17000.0,5.0,2,1,,https://tiki.vnchuc-mung-nam-moi-sach-tranh-ehon-gau-con-kuma-nhung-chuyen-nho-hang-ngay-p274952050.html?spid=274952053
273787211,Bếp sách làng Soyang,94500.0,135000.0,40500.0,0.0,0,1,,https://tiki.vnbep-sach-lang-soyang-p273787211.html?spid=273787213
273135160,Sách Định Vị,141400.0,199000.0,57600.0,4.7,133,1,,https://tiki.vnsach-dinh-vi-p273135160.html?spid=273135163
270463602,Shin - Cậu Bé Bút Chì Tập 1,24500.0,25000.0,500.0,5.0,22,1,,https://tiki.vnshin-cau-be-but-chi-tap-1-p270463602.html?spid=270463605
251395985,Sách Vũ trụ,127289.0,179000.0,51711.0,5.0,14,1,,https://tiki.vnsach-vu-tru-p251395985.html?spid=251395986
209605860,Sách Gieo mầm nhân cách - ĐOÀN KẾT,22900.0,32000.0,9100.0,5.0,1,1,,https://tiki.vnsach-gieo-mam-nhan-cach-doan-ket-p209605860.html?spid=209605861
208198129,Sách Kỹ Năng Tư Duy Phản Biện,102300.0,139000.0,36700.0,4.6,11,1,,https://tiki.vnsach-ky-nang-tu-duy-phan-bien-p208198129.html?spid=208198130
200780130,Người bà tài giỏi vùng Saga – Tập 9,47800.0,52000.0,4200.0,5.0,206,1,,https://tiki.vnnguoi-ba-tai-gioi-vung-saga-tap-9-p200780130.html?spid=200780131
197657913,Những Giấc Mơ Ở Hiệu Sách Morisaki,52500.0,75000.0,22500.0,5.0,92,1,,https://tiki.vnnhung-giac-mo-o-hieu-sach-morisaki-p197657913.html?spid=197657916
192397601,Hỏi - Đáp Môn Kinh Tế Chính Trị Mác - Lênin (Dùng cho bậc đại học hệ chuyên và không chuyên lý luận chính trị),124000.0,124000.0,0.0,5.0,1,259784,,https://tiki.vnhoi-dap-mon-kinh-te-chinh-tri-mac-lenin-dung-cho-bac-dai-hoc-he-chuyen-va-khong-chuyen-ly-luan-chinh-tri-p192397601.html?spid=278808246
157019802,Thiệp chúc mừng sinh nhật 12x12 SDstationery SN3 PASTEL BLUE họa tiết cầu vòng màu xanh pastel trẻ trung tươi tắn,64800.0,64800.0,0.0,5.0,8,148,,https://tiki.vnthiep-chuc-mung-sinh-nhat-12x12-sdstationery-sn3-pastel-blue-hoa-tiet-cau-vong-mau-xanh-pastel-tre-trung-tuoi-tan-p157019802.html?spid=157019804
131144753,Sách Nhà Lãnh Đạo 360 Độ (Tái Bản),134200.0,179000.0,44800.0,5.0,47,1,,https://tiki.vnsach-nha-lanh-dao-360-do-tai-ban-p131144753.html?spid=131144754
100105844,Lo Âu Xã Hội (Tủ Sách Thực Hành Tâm Lý Học Đời Sống),64000.0,88000.0,24000.0,4.8,41,1,,https://tiki.vnlo-au-xa-hoi-tu-sach-thuc-hanh-tam-ly-hoc-doi-song-p100105844.html?spid=100105845
85396173,Sách Dự Án Kỳ Lân,141980.0,229000.0,87020.0,4.8,77,1,,https://tiki.vnsach-du-an-ky-lan-p85396173.html?spid=85396174
68392386,Sách Stephen Hawking - Trả Lời Ngắn Gọn Những Câu Hỏi Lớn,69000.0,90000.0,21000.0,5.0,304,1,,https://tiki.vnsach-stephen-hawking-tra-loi-ngan-gon-nhung-cau-hoi-lon-p68392386.html?spid=68392388
55119185,Sách Nghĩ Giàu và Làm Giàu (Bìa Cứng) (Tái Bản 2020),129360.0,168000.0,38640.0,4.8,389,1,,https://tiki.vnsach-nghi-giau-va-lam-giau-bia-cung-tai-ban-2020-p55119185.html?spid=55119186
46723657,Sách Cẩm Nang Mở Nhà Hàng,141400.0,199000.0,57600.0,4.8,117,1,,https://tiki.vnsach-cam-nang-mo-nha-hang-p46723657.html?spid=46723661
316175,Sách Khoa Học Khám Phá - Niềm Vui Khám Phá,91000.0,110000.0,19000.0,4.2,5,1,,https://tiki.vnsach-khoa-hoc-kham-pha-niem-vui-kham-pha-p316175.html?spid=2842
