id,name,price,original_price,discount,rating,review_count,seller_id,inventory_status,url
43131407,Lò Nướng Không Khí Lock&Lock EJF691 (10 Lít) - Hàng Chính Hãng,2546000.0,6225000.0,3679000.0,4.5,650,1,,https://tiki.vnlo-nuong-khong-khi-lock-lock-ejf691-10-lit-hang-chinh-hang-p43131407.html?spid=43131408
134333384,Máy đánh trứng Lock&Lock Hand Mixer EJM501DGRY 250-300W - Hàng chính hãng,445550.0,1054000.0,608450.0,4.8,268,1,,https://tiki.vnmay-danh-trung-lock-lock-hand-mixer-ejm501dgry-250-300w-hang-chinh-hang-p134333384.html?spid=134333385
118137722,Bàn ủi hơi nước cầm tay Lock&Lock ENI223WHT 1600W - Hàng chính hãng,814000.0,1629000.0,815000.0,4.3,494,1,,https://tiki.vnban-ui-hoi-nuoc-cam-tay-lock-lock-eni223wht-1600w-hang-chinh-hang-p118137722.html?spid=118137723
113457048,Nồi chiên không dầu LocknLock EJF284BLK (5.5 Lít) - Hàng chính hãng,2163000.0,5355000.0,3192000.0,4.7,392,1,,https://tiki.vnnoi-chien-khong-dau-locknlock-ejf284blk-5-5-lit-hang-chinh-hang-p113457048.html?spid=113457049
271356501,"Bếp hồng ngoại mini Locknlock Mini infrared cooker EJI136IVY - Phù hợp tất cả loại nồi có đường kính 14cm - Mặt bếp bằng kính - Tự động tắt - 220V, 50Hz, 1300W - Hàng chính hãng",1042000.0,1912000.0,870000.0,4.6,11,1,,https://tiki.vnbep-hong-ngoai-mini-locknlock-mini-infrared-cooker-eji136ivy-phu-hop-tat-ca-loai-noi-co-duong-kinh-14cm-mat-bep-bang-kinh-tu-dong-tat-220v-50hz-1300w-hang-chinh-hang-p271356501.html?spid=271356502
278899137,Bếp từ đôi Hafele HS-I5521FG - 536.66.850 Hàng Chính Hãng,2927000.0,5990000.0,3063000.0,0.0,0,1,,https://tiki.vnbep-tu-doi-hafele-hs-i5521fg-536-66-850-hang-chinh-hang-p278899137.html?spid=278899138
278755966,Máy đánh sữa tạo bọt chạy pin Elmich MFE9137 - Hàng chính hãng,180000.0,462000.0,282000.0,4.3,6,1,,https://tiki.vnmay-danh-sua-tao-bot-chay-pin-elmich-mfe9137-hang-chinh-hang-p278755966.html?spid=278755967
278720408,"Nồi cơm điện Elmich 1.8L RCE9250, Công nghệ ủ nhiệt 3D - Hàng chính hãng",840000.0,2100000.0,1260000.0,0.0,0,1,,https://tiki.vnnoi-com-dien-elmich-1-8l-rce9250-cong-nghe-u-nhiet-3d-hang-chinh-hang-p278720408.html?spid=278720428
278669378,"Nồi chiên không dầu Bear QZG-J15M1 (AF-4H15K), Dung tích 5 lít, Công suất 1500W Hàng Chính Hãng",815000.0,1340000.0,525000.0,0.0,0,1,,https://tiki.vnnoi-chien-khong-dau-bear-qzg-j15m1-dung-tich-5-lit-cong-suat-1500w-hang-chinh-hang-p278669378.html?spid=278669379
277933360,Nồi lẩu điện BEAR 1.2L công suất 500W DRG-Z12K1 (MC-4H12J) - Hàng Chính Hãng,300000.0,496000.0,196000.0,5.0,1,1,,https://tiki.vnnoi-lau-dien-bear-1-2l-cong-suat-500w-drg-z12k1-mc-4h12j-p277933360.html?spid=277933361
271421398,Nồi cơm điện mini LocknLock EJR314IVY (300W) - Hàng chính hãng,1235850.0,2247000.0,1011150.0,4.8,38,1,,https://tiki.vnnoi-com-dien-mini-locknlock-ejr314ivy-300w-hang-chinh-hang-p271421398.html?spid=271421399
82605430,Khay Silicone Dành Cho Nồi Chiên Không Dầu Và Lò Vi Sóng Lock&Lock CKB003BLU - Màu,157000.0,354000.0,197000.0,4.8,288,1,,https://tiki.vnkhay-silicone-danh-cho-noi-chien-khong-dau-va-lo-vi-song-lock-lock-ckb003-hang-chinh-hang-p82605430.html?spid=82605603
36627517,Bếp Hồng Ngoại Lock&Lock EJI421 (2000W) - Hàng Chính Hãng,1322000.0,2421000.0,1099000.0,4.6,607,1,,https://tiki.vnbep-hong-ngoai-lock-lock-eji421-2000w-hang-chinh-hang-p36627517.html?spid=36627518
48025254,Máy Xay Sinh Tố Lock&Lock EJM436MIT (250W - 600ml) - Hàng chính hãng,619400.0,1014000.0,394600.0,4.5,424,1,,https://tiki.vnmay-xay-sinh-to-lock-lock-ejm436-250w-600ml-hang-chinh-hang-p48025254.html?spid=48025262
187345103,"Máy hút bụi không dây Lock&lock ENV356GRY đa năng cầm tay 3 trong 1 (lau sàn, hút bụi, hút bụi giường nệm), động cơ BLDC - Hàng chính hãng",5993000.0,10915000.0,4922000.0,4.5,67,1,,https://tiki.vnmay-hut-bui-khong-day-lock-lock-env356gry-da-nang-cam-tay-3-trong-1-lau-san-hut-bui-hut-bui-giuong-nem-dong-co-bldc-ha-ng-chi-nh-ha-ng-p187345103.html?spid=184063679
277809791,Máy xay sinh tố cầm tay 400ml Elmich BLE9215 - Hàng chính hãng,440000.0,1214000.0,774000.0,4.5,7,1,,https://tiki.vnmay-xay-sinh-to-cam-tay-400ml-elmich-ble9215-p277809791.html?spid=277812081
277780931,Bàn là hơi nước cầm tay Elmich SIE9161 / SIE9163 / SIE9164 - Hàng chính hãng,840000.0,2134000.0,1294000.0,4.8,8,1,,https://tiki.vnban-la-hoi-nuoc-cam-tay-elmich-sie9161-sie9163-sie9164-p277780931.html?spid=277780938
276388764,"Lò vi sóng Toshiba MWP-MM20P(WH) - Dung tích 20 lít, 5 mức công suất, Kết hợp chống thấm 3 lớp, Kháng khuẩn bên trong lò - Hàng chính hãng",1266000.0,1890000.0,624000.0,5.0,8,1,,https://tiki.vnlo-vi-song-toshiba-mwp-mm20p-wh-dung-tich-20-lit-5-muc-cong-suat-ket-hop-chong-tham-3-lop-khang-khuan-ben-trong-lo-hang-chinh-hang-p276388764.html?spid=276388765
275515112,Nồi áp suất Elmich PCE-1805 dung tích 2.5L - Hàng Chính Hãng,966000.0,2477000.0,1511000.0,4.8,218,1,,https://tiki.vnnoi-ap-suat-elmich-pce-1805-dung-tich-2-5l-hang-chinh-hang-p275515112.html?spid=193570412
275512795,"Nồi áp suất cơ Elmich 5L PCE-8792, công suất lớn 1000W, dung tích 5L, tuyệt đối an toàn với van xả tự động được thiết kế trên nắp nồi, bảo hành 24 tháng, đổi trả 12 tháng - Hàng chính hãng",1680000.0,4541000.0,2861000.0,4.8,10,1,,https://tiki.vnnoi-ap-suat-co-elmich-5l-pce-8792-hang-chinh-hang-p275512795.html?spid=275512796
242747639,"Nồi điện đa năng Locknlock Electric multi pot EJP436IVY 220V, 50Hz, 600W, 1.5L- Màu ngà - Hàng chính hãng",632700.0,1224000.0,591300.0,4.8,143,1,,https://tiki.vnnoi-dien-da-nang-locknlock-electric-multi-pot-ejp436ivy-220v-50hz-600w-1-5l-mau-nga-hang-chinh-hang-p242747639.html?spid=242747640
205251409,Nồi cơm điện Locknlock EJR346BLK (Giữ ấm 24h - 5 chế độ nấu - lòng nồi chống dính) 1.2 Lít - Black - Hàng chính hãng,1111500.0,2145000.0,1033500.0,4.6,186,1,,https://tiki.vnnoi-com-dien-locknlock-ejr346blk-giu-am-24h-5-che-do-nau-long-noi-chong-dinh-1-2-lit-black-hang-chinh-hang-p205251409.html?spid=205251422
185860447,Nồi điện đa năng LocknLock 2 trong 1 nướng lẩu tối ưu 4 chế độ nhiệt (4 Lít)- EJP544WHT - Hàng chính hãng,1257800.0,2426000.0,1168200.0,5.0,223,1,,https://tiki.vnnoi-dien-da-nang-locknlock-2-trong-1-nuong-lau-toi-uu-4-che-do-nhiet-4-lit-ejp544wht-ha-ng-chi-nh-ha-ng-p185860447.html?spid=185860448
54716577,Bình Đun Siêu Tốc 2 Lớp Lock&amp;Lock EJK738BLK (1.7L),454100.0,879000.0,424900.0,4.7,2147,1,,https://tiki.vnbinh-dun-sieu-toc-2-lop-lock-lock-ejk738blk-1-7l-hang-chinh-hang-p54716577.html?spid=54716579
262733056,Máy Sấy Tóc LocknLock - Đen ENA146BLK 2000-2300W - Hàng chính hãng,743000.0,1365000.0,622000.0,4.8,980,1,,https://tiki.vnmay-say-toc-lock-lock-ena136-2000-2200w-hang-chinh-hang-p262733056.html?spid=56811575
275512782,"Máy xay thịt, xay thực phẩm cho bé Elmich CHE-8665, 6 lưỡi inox 304 xay nhanh, nhuyễn mịn, đảo trộn đồng đều các loại thực phẩm, an toàn tuyệt đối với trẻ nhỏ - Hàng chính hãng",482000.0,1268000.0,786000.0,5.0,22,1,,https://tiki.vnmay-xay-thuc-pham-cho-be-elmich-che-8665-hang-chinh-hang-p275512782.html?spid=275513113
275494225,Nồi chiên không dầu Philips 6.2 lít NA230/00  - Hàng chính hãng,2023000.0,2999000.0,976000.0,5.0,14,1,,https://tiki.vnnoi-chien-khong-dau-philips-6-2-lit-na230-00-hang-chinh-hang-p275494225.html?spid=275494228
274962252,"Lẩu điện Kangaroo KG40EH1, dung tích 4L, công suất 1300W, cấu trúc đĩa truyền nhiệt giúp truyền nhiệt nhanh và đều, an toàn tự ngắt khi quá nhiệt  - Hàng chính hãng",611000.0,937000.0,326000.0,5.0,4,1,,https://tiki.vnlau-dien-kangaroo-kg40eh1-hang-chinh-hang-p274962252.html?spid=274962253
274962250,"Lẩu điện Kangaroo KG50EH1, dung tích 5L, công suất 1500W, cấu trúc đĩa truyền nhiệt giúp truyền nhiệt nhanh và đều - Hàng chính hãng",735000.0,1250000.0,515000.0,5.0,5,1,,https://tiki.vnlau-dien-kangaroo-kg50eh1-hang-chinh-hang-p274962250.html?spid=274962251
274554505,"Máy sấy tóc công nghệ ion Elmich HDE-8591, công suất 1900W, tay cầm gấp gọn tiện dụng, sấy ion với mật độ lên tới 1,2 triệu ion/m3 kèm lực gió khỏe - Hàng Chính Hãng",699000.0,1776000.0,1077000.0,5.0,20,1,,https://tiki.vnmay-say-toc-cong-nghe-ion-elmich-hde-8591-cong-suat-1900w-tay-cam-gap-gon-tien-dung-say-ion-voi-mat-do-len-toi-1-2-trieu-ion-m3-kem-luc-gio-khoe-hang-chinh-hang-p274554505.html?spid=274660829
273707841,Máy sưởi gốm Elmich THE-3938 - Hàng Chính Hãng,614000.0,1561000.0,947000.0,5.0,1,1,,https://tiki.vnmay-suoi-gom-elmich-the-3938-hang-chinh-hang-p273707841.html?spid=273720447
273705605,Máy Sấy Tóc Công Suất Lớn 2200W Tặng Kèm 5 Phụ Kiện - Hàng chính hãng,155000.0,155000.0,0.0,0.0,0,115414,,https://tiki.vnmay-say-toc-cong-suat-lon-2200w-tang-kem-luoc-5-phu-kien-p273705605.html?spid=273705606
273640530,Máy sấy tóc Elmich HDE-1812 - Hàng Chính Hãng,300000.0,829000.0,529000.0,5.0,10,1,,https://tiki.vnmay-say-toc-elmich-hde-1812-hang-chinh-hang-p273640530.html?spid=273953686
273561794,"Nồi nấu chậm, nấu cháo, chưng yến 1L Elmich SCE-8524OL - Hàng Chính Hãng",545000.0,1557000.0,1012000.0,5.0,88,1,,https://tiki.vnnoi-nau-cham-1l-elmich-sce-8524ol-hang-chinh-hang-p273561794.html?spid=273594901
273549576,Máy hút bụi không dây Elmich VCE-3927 - Hàng Chính Hãng,3398000.0,5900000.0,2502000.0,4.5,2,1,,https://tiki.vnmay-hut-bui-khong-day-elmich-vce-3927-hang-chinh-hang-p273549576.html?spid=273608343
273358997,Bếp điện từ Elmich ICE 3879 - Hàng Chính Hãng,1120000.0,3111000.0,1991000.0,5.0,34,1,,https://tiki.vnbep-dien-tu-elmich-ice-3879-hang-chinh-hang-p273358997.html?spid=273463944
273358116,Máy sấy tóc Elmich HDE 1823 - Hàng Chính Hãng,395000.0,1005000.0,610000.0,4.8,42,1,,https://tiki.vnmay-say-toc-elmich-hde-1823-hang-chinh-hang-p273358116.html?spid=273463947
273310816,Máy Vắt Cam Lock&Lock EJJ231 (40W) - Hàng chính hãng,274000.0,499000.0,225000.0,4.7,3894,1,,https://tiki.vnmay-vat-cam-lock-lock-ejj231-40w-hang-chinh-hang-p273310816.html?spid=273310819
271199618,Máy xay sinh tố cầm tay Elmich BLE 3889 (55W) - Hàng chính hãng,500000.0,1316000.0,816000.0,4.1,16,1,,https://tiki.vnmay-xay-sinh-to-cam-tay-elmich-ble-3889-55w-hang-chinh-hang-p271199618.html?spid=271199619
271199608,"Máy làm sữa hạt Elmich CBE 3904 OL, công suất 800W, 7 chế độ nấu được thiết lập sẵn, lưỡi dao 3 tầng 8 cánh giúp xay nhuyễn - Hàng chính hãng",1588000.0,4146000.0,2558000.0,4.8,94,1,,https://tiki.vnmay-lam-sua-hat-elmich-cbe-3904-ol-800w-hang-chinh-hang-p271199608.html?spid=271199609
263967937,Máy pha cà phê Bear SB-CF06A - Hàng chính hãng,452000.0,850000.0,398000.0,4.8,47,1,,https://tiki.vnmay-pha-ca-phe-bear-sb-cf06a-hang-chinh-hang-p263967937.html?spid=270701841
263079162,Máy Lọc Không Khí Philips AC0650 (39m2) - Hàng Chính Hãng,2197000.0,2899000.0,702000.0,5.0,9,1,,https://tiki.vnmay-loc-khong-khi-philips-ac0650-39m2-hang-chinh-hang-p263079162.html?spid=263079164
221044081,Máy Hút Bụi Cầm Tay Không Dây Sử Dụng Pin Sạc DAMAS DA113C - Hút bụi khô và nước tiện dụng - Sử dụng cho gia đình và xe hơi - Công suất mạnh mẽ lên tới 120W - Hàng Chính Hãng,389000.0,690000.0,301000.0,4.5,153,44857,,https://tiki.vnmay-hut-bui-cam-tay-khong-day-su-dung-pin-sac-damas-da113c-hang-chinh-hang-p221044081.html?spid=221044085
194479731,Bàn ủi hơi nước Philips DST8041/80 (3000W) - Hàng Chính Hãng,3411000.0,4199000.0,788000.0,5.0,10,1,,https://tiki.vnban-ui-hoi-nuoc-philips-dst8041-80-3000w-hang-chinh-hang-p194479731.html?spid=194479733
176150377,Máy sấy tóc SUNHOUSE SHD2313 (1000W) - Hàng chính hãng,226000.0,667000.0,441000.0,4.7,26,1,,https://tiki.vnmay-say-toc-sunhouse-shd2313-1000w-hang-chinh-hang-p176150377.html?spid=271066549
134550148,Nồi cơm điện tử Elmich RCE-1789 (1.2 Lít) - Hàng chính hãng,1136000.0,2913000.0,1777000.0,4.8,58,1,,https://tiki.vnnoi-com-dien-tu-elmich-rce-1789-1-2-lit-hang-chinh-hang-p134550148.html?spid=134550149
110255220,Ấm đun nước siêu tốc Elmich Smartcook ICS-3859 (1.7 Lít) - Hàng chính hãng,341000.0,943000.0,602000.0,4.8,323,1,,https://tiki.vnam-dun-nuoc-sieu-toc-elmich-smartcook-ics-3859-1-7-lit-hang-chinh-hang-p110255220.html?spid=120765268
81676555,Bàn Ủi Hơi Nước Philips STH3010/70 (1000W) - Hàng Chính Hãng,826000.0,1399000.0,573000.0,4.7,197,1,,https://tiki.vnban-ui-hoi-nuoc-philips-sth3010-70-1000w-hang-chinh-hang-p81676555.html?spid=81676556
59479717,Máy sấy tóc Philips BHC010/10 - Hàng Chính Hãng,320000.0,455000.0,135000.0,4.8,368,1,,https://tiki.vnmay-say-toc-philips-bhc010-10-hang-chinh-hang-p59479717.html?spid=59479718
20366631,Bàn Ủi Hơi Nước Sunhouse SHD2063P (1600W) – Hàng Chính Hãng,260000.0,703000.0,443000.0,4.2,385,1,,https://tiki.vnban-ui-hoi-nuoc-sunhouse-shd2063p-1600w-hang-chinh-hang-p20366631.html?spid=24411504
2407197,Lò Vi Sóng Có Nướng Sharp R-G322VN-S (23L) - Hàng chính hãng,2125000.0,3500000.0,1375000.0,4.6,51,1,,https://tiki.vnlo-vi-song-co-nuong-sharp-r-g322vn-s-23l-hang-chinh-hang-p2407197.html?spid=2412461
2365901,Nồi Cơm Nắp Gài Toshiba RC-10JFM(H)VN (1L) - Hàng chính hãng,501000.0,660000.0,159000.0,4.5,644,1,,https://tiki.vnnoi-com-nap-gai-toshiba-rc-10jfm-h-vn-1l-hang-chinh-hang-p2365901.html?spid=2365903
900800,Nồi Cơm Điện Tử Kangaroo KG596 (1.5 Lít) - Vàng đồng - Hàng chính hãng,1188000.0,2300000.0,1112000.0,4.5,26,1,,https://tiki.vnnoi-com-dien-tu-kangaroo-kg596-1-5-lit-vang-dong-hang-chinh-hang-p900800.html?spid=911206
392067,Bàn Ủi Khô Philips HD1172/01 (1000W) - Hàng chính hãng,295000.0,389000.0,94000.0,4.6,1462,1,,https://tiki.vnban-ui-kho-philips-hd1172-01-1000w-hang-chinh-hang-p392067.html?spid=92969
262733056,Máy Sấy Tóc LocknLock - Trắng ENA136WHT 2000-2200W - Hàng chính hãng,471000.0,865000.0,394000.0,4.8,980,1,,https://tiki.vnmay-say-toc-lock-lock-ena136-2000-2200w-hang-chinh-hang-p262733056.html?spid=56811573
4701559,Ấm Điện Thủy Tinh Siêu Tốc Có Điều Chỉnh Nhiệt Độ Lock&Lock EJK341 (1.8L) - Hàng chính hãng,684950.0,1323000.0,638050.0,4.7,2667,1,,https://tiki.vnam-dien-thuy-tinh-sieu-toc-co-dieu-chinh-nhiet-do-lock-lock-ejk341-1-8l-hang-chinh-hang-p4701559.html?spid=4701561
278898964,"Ấm Đun Siêu Tốc HAFELE T-602C - 535.43.732 - 1,7L Hàng Chính Hãng",602000.0,1123000.0,521000.0,4.8,4,1,,https://tiki.vnam-dun-sieu-toc-hafele-t-602c-535-43-732-1-7l-hang-chinh-hang-p278898964.html?spid=278898965
278893174,Máy sưởi gốm Elmich CHE-8645 - Hàng Chính Hãng,796000.0,2078000.0,1282000.0,4.0,1,1,,https://tiki.vnmay-suoi-gom-elmich-che-8645-hang-chinh-hang-p278893174.html?spid=278893175
278849267,Máy vắt cam tự động Bear CZJ-A04B1 (JU-4H04X) - Hàng Chính Hãng,271000.0,480000.0,209000.0,0.0,0,1,,https://tiki.vnmay-vat-cam-tu-dong-bear-czj-a04b1-ju-4h04x-hang-chinh-hang-p278849267.html?spid=278849268
278848802,Máy xay thịt đa năng Bear QSJ-E03B2 (CH-5H03P42) - 1.8 Lít -Hàng Chính Hãng,328000.0,540000.0,212000.0,0.0,0,1,,https://tiki.vnmay-xay-thit-da-nang-bear-qsj-e03b2-ch-5h03p42-2-lit-hang-chinh-hang-p278848802.html?spid=278848803
278730303,Máy Làm Sữa Hạt Daewoo DWSM-1310 1L Hàng Chính Hãng,768000.0,1490000.0,722000.0,5.0,1,1,,https://tiki.vnmay-lam-sua-hat-daewoo-dwsm-1310-1l-hang-chinh-hang-p278730303.html?spid=278730304
278669360,"Nồi cơm điện 1.2L (0.3L gạo) Bear DFB-S12E6 (RC-5H12F), 300W Hàng Chính Hãng",510000.0,890000.0,380000.0,5.0,1,1,,https://tiki.vnnoi-com-dien-1-2l-bear-dfb-s12e6-rc-5h12f-300w-hang-chinh-hang-p278669360.html?spid=278669361
278669100,"Nồi cơm điện 1,5L Bear DFB-J40Q5 (RC-4H40Y) Hàng Chính Hãng",1077000.0,1850000.0,773000.0,5.0,1,1,,https://tiki.vnnoi-com-dien-1-5l-bear-dfb-j40q5-rc-4h40y-p278669100.html?spid=278669101
277933543,Nồi hấp điện BEAR 3 tầng 12L công suất 800W Xanh Lá (EFS-4H27E / DZG-CA2G2) - Hàng Chính Hãng,815000.0,1394000.0,579000.0,4.5,2,1,,https://tiki.vnnoi-hap-dien-bear-3-tang-12l-cong-suat-800w-efs-4h27e-dzg-ca2g2-p277933543.html?spid=277933544
277812127,Nồi lẩu mini đa năng 1.5l Elmich MPE-9121 - Hàng chính hãng,478000.0,1292000.0,814000.0,5.0,3,1,,https://tiki.vnnoi-lau-mini-da-nang-1-5l-elmich-mpe-9121-p277812127.html?spid=277812140
277810122,Ấm đun nước siêu tốc Elmich 1.8L KEE-8457 - Hàng chính hãng,635000.0,990000.0,355000.0,0.0,0,1,,https://tiki.vnam-dun-nuoc-sieu-toc-elmich-1-8l-kee-8457-p277810122.html?spid=277836456
276946161,Lõi lọc nước số 2 Kangaroo Extra - Hàng chính hãng,68000.0,110000.0,42000.0,5.0,1,1,,https://tiki.vnloi-loc-nuoc-so-2-kangaroo-extra-hang-chinh-hang-p276946161.html?spid=276946162
275513556,"Ấm đun siêu tốc Daewoo 1L DWK-GN10LCD Hàng Chính Hãng chỉnh nhiều mức nhiệt, bảo hành 2 năm",839000.0,1390000.0,551000.0,4.7,10,1,,https://tiki.vnam-dun-sieu-toc-daewoo-1l-dwk-gn10lcd-chinh-nhieu-muc-nhiet-co-che-do-giu-nhiet-bao-hanh-2-nam-p275513556.html?spid=275714254
275481664,Máy tỉa lông mũi Enchen EN005 Bỏ túi tiện lợi Dễ dàng làm sạch nhanh - Hàng chính hãng,99000.0,129000.0,30000.0,4.5,10,312964,,https://tiki.vnmay-tia-long-mui-enchen-en005-bo-tui-tien-loi-de-dang-lam-sach-nhanh-hang-chinh-hang-p275481664.html?spid=275481665
275401155,"Máy làm sữa hạt Elmich CBE-8720, công suất xay 300W, công suất nấu 500W, dung tích xay nóng 600ml và xay lạnh 800ml, lưỡi dao với 10 cánh giúp xay nhuyễn, nhỏ gọn, dễ dàng lưu trữ và sử dụng - Hàng chính hãng",1263000.0,3414000.0,2151000.0,4.3,10,1,,https://tiki.vnmay-lam-sua-hat-elmich-cbe-8720-hang-chinh-hang-p275401155.html?spid=275401159
274566884,Máy nướng kẹp bánh mỳ 3 trong 1 Elmich SME-8578 - Hàng Chính Hãng,539000.0,1486000.0,947000.0,5.0,1,1,,https://tiki.vnmay-nuong-kep-banh-my-3-trong-1-elmich-sme-8578-hang-chinh-hang-p274566884.html?spid=274661193
273905992,Lò vi sóng Toshiba MM-EM25PE(BM) 25 lít - Hàng Chính Hãng,1990000.0,2690000.0,700000.0,5.0,2,1,,https://tiki.vnlo-vi-song-toshiba-mm-em25pe-bm-25-lit-hang-chinh-hang-p273905992.html?spid=275581124
272555420,Máy làm sữa hạt Elmich CBE 3902 (Mới) - Hàng Chính Hãng,2118000.0,5113000.0,2995000.0,4.5,12,1,,https://tiki.vnmay-lam-sua-hat-elmich-cbe-3902-moi-hang-chinh-hang-p272555420.html?spid=273180207
271289099,"Máy Làm Sữa Hạt, Máy Nấu Sữa Hạt OSTMARS Hàng Chính Hãng MINIIN 800ml - 8 Chức Năng Xay Nấu Tiện Lợi",369000.0,369000.0,0.0,4.5,40,134678,,https://tiki.vnma-y-la-m-su-a-ha-t-ma-y-na-u-su-a-ha-t-ostmars-hang-chinh-hang-miniin-800ml-8-chuc-nang-xay-nau-tien-loi-p271289099.html?spid=262023793
271199622,Máy xay sinh tố cầm tay Elmich BLE 3890 (55W) - Hàng chính hãng,500000.0,1250000.0,750000.0,4.7,27,1,,https://tiki.vnmay-xay-sinh-to-cam-tay-elmich-ble-3890-55w-hang-chinh-hang-p271199622.html?spid=271199623
270484841,"Máy đánh bọt cafe cầm tay Lebenlang LBL4583, sạc điện tiện lợi, công suất 10W,  hàng chính hãng - bảo hành 2 năm",430000.0,430000.0,0.0,4.7,40,134974,,https://tiki.vnmay-danh-bot-cafe-cam-tay-lebenlang-lbl4583-sac-dien-tien-loi-cong-suat-10w-hang-chinh-hang-bao-hanh-2-nam-p270484841.html?spid=270484843
208201618,Bàn ủi hơi nước Philips DST1040/30 2000W mặt đế chống dính - Hàng Chính Hãng,522000.0,669000.0,147000.0,5.0,17,1,,https://tiki.vnban-ui-hoi-nuoc-philips-dst1040-30-2000w-mat-de-chong-dinh-hang-chinh-hang-p208201618.html?spid=208201619
188042106,Bàn ủi hơi nước cầm tay PHILIPS STH1000/10 (900W) - Hàng Chính Hãng,674000.0,999000.0,325000.0,4.8,66,1,,https://tiki.vnban-ui-hoi-nuoc-cam-tay-philips-sth1000-10-900w-hang-chinh-hang-p188042106.html?spid=188042109
178462960,Máy Sấy tóc Philips - HP8108/00 - Dễ dàng sấy - Tạo nhiều kiểu tóc - Chính hãng,252000.0,339000.0,87000.0,5.0,25,1,,https://tiki.vnmay-say-toc-dryer-philips-hp8108-p178462960.html?spid=273904302
155065478,"Máy Hút Bụi Cầm Tay Không Dây 9000Pa, Hút Bụi Ô Tô, Giường Nệm, Sofa, Laptop - HÀNG CHÍNH HÃNG",289000.0,289000.0,0.0,4.5,126,154892,,https://tiki.vnmay-hut-bui-cam-tay-khong-day-9000pa-hut-bui-o-to-giuong-nem-sofa-laptop-hang-chinh-hang-p155065478.html?spid=155065479
143116407,"Máy phun sương xông tinh dầu tạo ẩm Rhino H901 dung tích 420ml, nhỏ gọn, không gây tiếng ồn, tích hợp đèn ngủ RGB nhiều màu, có chế độ tự ngắt - Hàng chính hãng",92070.0,93000.0,930.0,4.7,93,125741,,https://tiki.vnmay-phun-suong-xong-tinh-dau-tao-am-rhino-h901-dung-tich-420ml-nho-gon-khong-gay-tieng-on-tich-hop-den-ngu-rgb-nhieu-mau-co-che-do-tu-ngat-hang-chinh-hang-p143116407.html?spid=143116411
107137543,Bếp Từ Đơn Elmich ICE-1828OL (2100W) - Hàng Chính Hãng,1059000.0,2765000.0,1706000.0,4.8,182,1,,https://tiki.vnbep-tu-don-elmich-ice-1828ol-2100w-hang-chinh-hang-p107137543.html?spid=107137544
103692716,Nồi Cơm Điện Tử Toshiba RC-10NMFVN (WT) (1 Lít) - Hàng Chính Hãng,2127000.0,2650000.0,523000.0,4.8,195,1,,https://tiki.vnnoi-com-dien-tu-toshiba-rc-10nmfvn-wt-1-lit-hang-chinh-hang-p103692716.html?spid=71432
88962147,Máy Hút Bụi Có Hộc Chứa Philips XB2023/01 (1800W) - Hàng Chính Hãng,1813000.0,2749000.0,936000.0,5.0,38,1,,https://tiki.vnmay-hut-bui-co-hoc-chua-philips-xb2023-01-hang-chinh-hang-p88962147.html?spid=88962148
34281542,Quạt Đứng Toshiba F-LSA10(K)VN (50W) - Hàng Chính Hãng,889000.0,1230000.0,341000.0,4.7,651,1,,https://tiki.vnquat-dung-toshiba-f-lsa10-k-vn-50w-hang-chinh-hang-p34281542.html?spid=34281543
22526374,Máy sấy tóc Daewoo QL-5923 (1800W) - Hàng chính hãng,296000.0,431200.0,135200.0,5.0,2,1,,https://tiki.vnmay-say-toc-daewoo-ql-5923-1800w-hang-chinh-hang-p22526374.html?spid=22526375
22526353,Máy hút bụi cầm tay Daewoo DWX-E620P (P) (600W) - Hàng chính hãng,610000.0,1090000.0,480000.0,4.5,80,1,,https://tiki.vnmay-hut-bui-cam-tay-daewoo-dwx-e620p-p-600w-hang-chinh-hang-p22526353.html?spid=22526355
10131404,Máy lọc không khí Sharp FP-J40E-W (23W) - Hàng chính hãng,3665000.0,4215000.0,550000.0,4.7,1208,1,,https://tiki.vnmay-loc-khong-khi-sharp-fp-j40e-w-23w-hang-chinh-hang-p10131404.html?spid=10131488
3577985,Quạt Đứng Toshiba F- LSA20(W)VN (60W) - Trắng - Hàng chính hãng,1186000.0,1590000.0,404000.0,4.7,706,1,,https://tiki.vnquat-dung-toshiba-f-lsa20-w-vn-60w-trang-hang-chinh-hang-p3577985.html?spid=3577987
3480333,Bình Đun Siêu Tốc 2 lớp Lock&Lock EJK738WHT (1.7 Lít) - Trắng - Hàng chính hãng,578550.0,879000.0,300450.0,4.6,2552,1,,https://tiki.vnbinh-dun-sieu-toc-2-lop-lock-lock-ejk738wht-1-7-lit-trang-hang-chinh-hang-p3480333.html?spid=3480335
2138075,Máy Lọc Không Khí Sharp FP-J30E-A (50W)- Hàng chính hãng,2079000.0,2400000.0,321000.0,4.8,1356,1,,https://tiki.vnmay-loc-khong-khi-sharp-fp-j30e-a-50w-hang-chinh-hang-p2138075.html?spid=2138077
1695751,Máy Sấy Tóc Philips BHC010/00 - Hàng Chính Hãng,306000.0,455000.0,149000.0,4.8,740,1,,https://tiki.vnmay-say-toc-philips-bhc010-00-hang-chinh-hang-p1695751.html?spid=1730375
444297,Máy Xay Thịt Philips HR1393 (0.7 Lít) - Hàng chính hãng,570000.0,899000.0,329000.0,4.5,432,1,,https://tiki.vnmay-xay-thit-philips-hr1393-0-7-lit-hang-chinh-hang-p444297.html?spid=150677
278144578,Quạt sạc mini cầm tay Sunhouse SHD7109 - Hàng chính hãng,109000.0,376000.0,267000.0,5.0,1,1,,https://tiki.vnqua-t-sa-c-mini-ca-m-tay-sunhouse-shd7109-p278144578.html?spid=278144579
277809787,Nồi cơm điện cao cấp Elmich 1.8L RCE-9132 - Hàng chính hãng,960000.0,2318000.0,1358000.0,5.0,1,1,,https://tiki.vnnoi-com-dien-cao-cap-elmich-1-8l-rce-9132-p277809787.html?spid=277809788
277809676,"Máy xay thịt Elmich MCE8584B, dung tích 2L - Hàng chính hãng",875000.0,2414000.0,1539000.0,5.0,1,1,,https://tiki.vnmay-xay-thit-elmich-mce8584b-dung-tich-2l-p277809676.html?spid=277809702
277723177,Máy sấy bát Elmich DDE-3907 - Hàng chính hãng,2216000.0,5989000.0,3773000.0,5.0,4,1,,https://tiki.vnmay-say-bat-elmich-dde-3907-p277723177.html?spid=277723178
277613191,"Máy cạo râu Enchen Mini X {New 2025} 15 lưỡi dao tự mài, đầu cạo 3D kháng nước toàn thân pin trâu - Hàng chính hãng",259000.0,390000.0,131000.0,5.0,2,312964,,https://tiki.vnmay-cao-rau-enchen-mini-x-new-2025-15-luoi-dao-tu-mai-dau-cao-3d-khang-nuoc-toan-than-pin-trau-hang-chinh-hang-p277613191.html?spid=277613192
277568569,Giá Đựng Inox 24 Xiên Hình Tròn Dọc Cho Nồi Chiên Không Dầu - Chất Liệu Thép Không Gỉ - HÀNG CHÍNH HÃNG MINIIN,59000.0,59000.0,0.0,4.5,2,134678,,https://tiki.vngia-dung-inox-24-xien-hinh-tron-doc-cho-noi-chien-khong-dau-chat-lieu-thep-khong-gi-hang-chinh-hang-miniin-p277568569.html?spid=277568570
275494237,Nồi chiên không dầu Philips 6.2 lít NA130/00  - Hàng chính hãng,1459000.0,2099000.0,640000.0,4.8,21,1,,https://tiki.vnnoi-chien-khong-dau-philips-6-2-lit-na130-00-hang-chinh-hang-p275494237.html?spid=275494238
274966790,Bếp điện từ đơn model KG18IC1 - Hàng chính hãng,938000.0,1450000.0,512000.0,5.0,1,1,,https://tiki.vnbep-dien-tu-don-model-kg18ic1-hang-chinh-hang-p274966790.html?spid=274966793
274793000,Bình đun siêu tốc Philips 1.7 lít HD9395/90 - Hàng chính hãng,979000.0,1399000.0,420000.0,4.5,11,1,,https://tiki.vnbinh-dun-sieu-toc-philips-1-7-lit-hd9395-90-hang-chinh-hang-p274793000.html?spid=275655335
274561520,Vỉ nướng điện gấp gọn Elmich EGE-8579 - Hàng Chính Hãng,1199000.0,2895000.0,1696000.0,4.3,4,1,,https://tiki.vnvi-nuong-dien-gap-gon-elmich-ege-8579-hang-chinh-hang-p274561520.html?spid=274660827
273363958,Máy Hút Thổi Bụi Không Dây MK367 kèm phụ kiện hút bụi - Hàng chính hãng,474050.0,499000.0,24950.0,4.8,9,160749,,https://tiki.vnmay-hut-thoi-bui-khong-day-mk367-kem-phu-kien-hut-bui-p273363958.html?spid=273363959
272428559,Ấm siêu tốc Elmich KEE 8457 - Hàng Chính Hãng,658000.0,1588000.0,930000.0,4.1,14,1,,https://tiki.vnam-sieu-toc-elmich-kee-8457-hang-chinh-hang-p272428559.html?spid=273180210
199739900,"Bàn Ủi Hơi Nước Trụ Đứng Philips STE3170 /80 Có Cầu Ủi StyleBoard nghiêng, Premium (2000W) - Hàng Chính Hãng",2390000.0,5259000.0,2869000.0,4.3,4,1,,https://tiki.vnban-ui-hoi-nuoc-tru-dung-philips-ste3170-80-co-cau-ui-styleboard-nghieng-premium-2000w-hang-chinh-hang-p199739900.html?spid=199739902
198927622,Bộ Lọc Hepa Máy Hút Bụi DAMAS D610W- Hàng chính hãng,89000.0,150000.0,61000.0,4.8,23,44857,,https://tiki.vnbo-loc-hepa-may-hut-bui-damas-d610w-hang-chinh-hang-p198927622.html?spid=198927623
198650660,"Máy tỉa lông mũi, lông tai Philips NT3650 - Hàng Chính Hãng",533000.0,713000.0,180000.0,5.0,10,138278,,https://tiki.vnmay-tia-long-mui-long-tai-philips-nt3650-hang-chinh-hang-p198650660.html?spid=201437617
194479732,Nồi Chiên Không Dầu Philips HD9280 /90 Essential size XL Digital Connected - Hàng Chính Hãng,2864000.0,4999000.0,2135000.0,5.0,38,1,,https://tiki.vnnoi-chien-khong-dau-philips-hd9280-90-essential-size-xl-digital-connected-hang-chinh-hang-p194479732.html?spid=194479734
178462936,Máy cạo râu du lịch Philips PQ206,338000.0,465000.0,127000.0,4.8,18,1,,https://tiki.vnmay-cao-rau-du-lich-philips-pq206-p178462936.html?spid=274180081
162841495,Máy cạo râu khô và ướt Philips S1103/02 - Hàng Chính Hãng,587000.0,935000.0,348000.0,4.8,110,1,,https://tiki.vnmay-cao-rau-kho-va-uot-philips-s1103-02-hang-chinh-hang-p162841495.html?spid=162841496
162540539,"Bộ 3 Lõi lọc nước số 1,2,3 hàng chính hãng Karofi",109000.0,109000.0,0.0,4.5,18,55218,,https://tiki.vnbo-3-loi-loc-nuoc-so-1-2-3-hang-chinh-hang-karofi-p162540539.html?spid=191418725
161017652,Máy Hút Bụi Cầm Tay Không Dây Sử Dụng Pin Sạc DAMAS Vacuum Cleaner D610W - Hàng Chính Hãng,579000.0,950000.0,371000.0,4.6,432,44857,,https://tiki.vnmay-hut-bui-cam-tay-khong-day-su-dung-pin-sac-damas-vacuum-cleaner-d610w-hang-chinh-hang-p161017652.html?spid=161017653
147356517,Máy Xay Sinh Tố PHILIPS HR2041/10 450W - Hàng Chính Hãng,575000.0,859000.0,284000.0,4.5,82,1,,https://tiki.vnmay-xay-sinh-to-philips-hr2041-10-450w-hang-chinh-hang-p147356517.html?spid=147356518
130315236,Máy Làm sữa Chua 3 Nút Tự Động Yogurt Maker Nhật - Làm Sữa Chua Tại Nhà Đơn Giản - Hàng Chính Hãng MINIIN,274000.0,274000.0,0.0,4.8,4,134678,,https://tiki.vnmay-lam-sua-chua-3-nut-tu-dong-yogurt-maker-nhat-lam-sua-chua-tai-nha-don-gian-hang-chinh-hang-miniin-p130315236.html?spid=130315237
126795031,Bàn ủi hơi nước cầm tay STH3020/10 (1000W) - Hàng chính hãng ,1065000.0,1529000.0,464000.0,4.7,79,1,,https://tiki.vnban-ui-hoi-nuoc-cam-tay-sth3020-10-hang-chinh-hang-p126795031.html?spid=126795032
88206665,"Máy Sấy Tóc Philips BHD350/10 - Công Suất 2100W, 3 Chế Độ Sấy, ION - Hàng Chính Hãng",620000.0,955000.0,335000.0,4.8,105,1,,https://tiki.vnmay-say-toc-philips-bhd350-10-cong-suat-2100w-3-che-do-say-ion-hang-chinh-hang-p88206665.html?spid=88206666
72825272,Máy Hút Bụi Cầm Tay Không Dây Damas XC628 - Chính Hãng,439000.0,850000.0,411000.0,4.5,2564,44857,,https://tiki.vnmay-hut-bui-cam-tay-khong-day-damas-xc628-chinh-hang-p72825272.html?spid=72825416
68771348,Nồi Cơm Điện Mini Lock&Lock EJR426 Dung Tích 0.8 lít (Hàng chính hãng),629000.0,699000.0,70000.0,5.0,2,6201,,https://tiki.vnnoi-com-dien-mini-lock-lock-ejr426-dung-tich-0-8-lit-hang-chinh-hang-p68771348.html?spid=251880143
58057114,Máy xay sinh tố Philips HR2223/00 - Hàng Chính Hãng,1432000.0,1950000.0,518000.0,4.5,825,1,,https://tiki.vnmay-xay-sinh-to-philips-hr2223-00-hang-chinh-hang-p58057114.html?spid=58057115
57878964,Nồi cơm cao tần Toshiba RC-10IX1PV (1 Lít)- Hàng Chính Hãng,2350000.0,2990000.0,640000.0,4.7,392,1,,https://tiki.vnnoi-com-cao-tan-toshiba-rc-10ix1pv-1-lit-hang-chinh-hang-p57878964.html?spid=58437310
52293499,Máy Cạo Râu Xiaomi Enchen BlackStone 3 - Hàng Nhập Khẩu,359000.0,490000.0,131000.0,4.7,76,129537,,https://tiki.vnmay-cao-rau-xiaomi-enchen-blackstone-3-hang-nhap-khau-p52293499.html?spid=181454309
46117734,"Máy Xông Tinh Dầu Đuổi Muỗi Bạch Tuyết | Giúp Phun Sương, Xông Phòng | Tặng 3 Chai Tinh Dầu Kobi Sả Chanh + Bạc Hà + Oải Hương Nhập Khẩu Ấn Độ",718000.0,718000.0,0.0,4.8,5,5321,,https://tiki.vnmay-tao-am-phun-suong-bach-tuyet-tang-3-chai-tinh-dau-kobi-sa-chanh-bac-ha-oai-huong-nhap-khau-an-do-xong-phong-30m2-p46117734.html?spid=46117735
26078293,Quạt đứng Toshiba F-LSA10(H)VN (50W) - Xám - Hàng chính hãng,899000.0,1230000.0,331000.0,4.7,254,1,,https://tiki.vnquat-dung-toshiba-f-lsa10-h-vn-50w-xam-hang-chinh-hang-p26078293.html?spid=34240151
22526356,Ca nấu mì Daewoo DEN-M550 (0.7L) - Hàng chính hãng,250000.0,399000.0,149000.0,4.5,130,1,,https://tiki.vnca-nau-mi-daewoo-den-m550-0-7l-hang-chinh-hang-p22526356.html?spid=22526357
11295059,Bình Đun Siêu Tốc Electrolux EEK-1303K (1.5L) - Hàng chính hãng,501000.0,590000.0,89000.0,4.7,488,1,,https://tiki.vnbinh-dun-sieu-toc-electrolux-eek-1303k-1-5l-hang-chinh-hang-p11295059.html?spid=59417223
2635459,Quạt Treo Tường Toshiba F-WSA20(H)VN (55W) - Xám - Hàng chính hãng,1040000.0,1220000.0,180000.0,4.5,387,1,,https://tiki.vnquat-treo-tuong-toshiba-f-wsa20-h-vn-55w-xam-hang-chinh-hang-p2635459.html?spid=2635461
1826511,Nồi Cơm Điện Nắp Gài Sharp KS-19TJVST (1.8 Lít) - Hàng chính hãng,626000.0,700000.0,74000.0,4.5,345,1,,https://tiki.vnnoi-com-dien-nap-gai-sharp-ks-19tjvst-1-8-lit-hang-chinh-hang-p1826511.html?spid=1827415
973082,Quạt Hút Thông Gió Senko H150 (30W) - Trắng - Hàng Chính Hãng,293000.0,293000.0,0.0,4.0,3,187775,,https://tiki.vnquat-hut-thong-gio-senko-h150-30w-trang-hang-chinh-hang-p973082.html?spid=101853973
973080,Quạt Hút Thông Gió Senko H250 40W - Hàng Chính Hãng,318000.0,318000.0,0.0,4.8,21,187775,,https://tiki.vnquat-hut-thong-gio-senko-h250-40w-hang-chinh-hang-p973080.html?spid=101849018
658090,Quạt Treo Tường 2 Dây Senko TC16 - Hàng Chính Hãng,405000.0,405000.0,0.0,4.8,33,187775,,https://tiki.vnquat-treo-tuong-2-day-senko-tc16-hang-chinh-hang-p658090.html?spid=101846011
630207,Bình Đun Siêu Tốc Sunhouse HTD1088 (1.8 lít) - Hàng chính hãng,148000.0,486000.0,338000.0,4.5,1033,1,,https://tiki.vnbinh-dun-sieu-toc-sunhouse-htd1088-1-8-lit-hang-chinh-hang-p630207.html?spid=630208
279003921,Máy Sưởi Tay Mini Cầm Tay Làm Ấm Nhanh Sạc USB Mức Độ Nhiệt Tùy Chỉnh Tiện Dụng Văn Phòng Du Lịch Phượt Dã Ngoại – Hàng Nhập Khẩu,160000.0,160000.0,0.0,0.0,0,353491,,https://tiki.vnmay-suoi-tay-mini-cam-tay-lam-am-nhanh-sac-usb-2-muc-do-nhiet-tuy-chinh-tien-dung-van-phong-du-lich-phuot-da-ngoai-hang-nhap-khau-p279003921.html?spid=278807070
278992468,Máy xay thịt đa năng Philips HR1501/00 1 lít - Hàng chính hãng,790000.0,790000.0,0.0,0.0,0,1,,https://tiki.vnmay-xay-thit-da-nang-philips-hr1501-00-1-lit-hang-chinh-hang-p278992468.html?spid=278992469
278939301,"Máy Sấy Tóc Ion Âm 2 Chiều GDV Nóng Lạnh Chăm Sóc Tóc Tốc Độ, Có 3 Chế Độ Sấy, Tặng Kèm Đầu Sấy Tạo Kiểu - Màu Ngẫu Nhiên - Hàng Chính Hãng",320000.0,320000.0,0.0,0.0,0,11119,,https://tiki.vnmay-say-toc-ion-am-2-chieu-gdv-nong-lanh-cham-soc-toc-toc-do-co-3-che-do-say-day-dai-2-5m-tang-kem-dau-say-tao-kieu-mau-ngau-nhien-hang-chinh-hang-p278939301.html?spid=278939302
278213719,Máy tỉa lông mũi - Hàng Nhập Khẩu,100000.0,100000.0,0.0,0.0,0,353491,,https://tiki.vnmay-cao-rau-kho-p278213719.html?spid=278213720
277984129,"Máy Phun Sương Besti BTY01 Cao Cấp - Tạo Ẩm Không Khí Và Giữ Ẩm Da 420ml - Thiết Kế Nhỏ Gọn, Không Gây Tiếng Ồn - Máy Tạo Ẩm Không Gian Thư Giãn Tích Hợp Đèn Ngủ RGB Nhiều Màu Để Bàn Tiện Lợi, Có Chế Độ Tự Ngắt Khi Hết Nước - Hàng Chính Hãng - Màu Trắng",139000.0,139000.0,0.0,4.3,16,277179,,https://tiki.vnmay-phun-suong-besti-bty01-cao-cap-tao-am-khong-khi-va-giu-am-da-420ml-thiet-ke-nho-gon-khong-gay-tieng-on-may-tao-am-khong-gian-thu-gian-tich-hop-den-ngu-rgb-nhieu-mau-de-ban-tien-loi-co-che-do-tu-ngat-khi-het-nuoc-hang-chinh-hang-p277984129.html?spid=177714086
277974332, Máy xay sinh tố mini 2 bình Häfele HS-B061MX 535.43.293 - Hàng chính hãng,767000.0,1290000.0,523000.0,0.0,0,1,,https://tiki.vnmay-xay-sinh-to-mini-2-binh-h-fele-hs-b061mx-535-43-293-p277974332.html?spid=278899438
277812146,Bếp điện từ Elmich ICE-3879 - Hàng chính hãng,1120000.0,3027000.0,1907000.0,5.0,1,1,,https://tiki.vnbep-dien-tu-elmich-ice-3879-p277812146.html?spid=277812166
277506590,Nồi cơm nắp rời Toshiba 1.8 lít RC-18MH2PV(F) - Hàng chính hãng,519000.0,690000.0,171000.0,5.0,2,1,,https://tiki.vnnoi-com-nap-roi-toshiba-1-8-lit-rc-18mh2pv-f-p277506590.html?spid=277506591
277449296,Máy Sưởi Dầu Tiross 11 thanh TS9217 (2200W) - Hàng chính hãng,2399000.0,2399000.0,0.0,0.0,0,99996,,https://tiki.vnmay-suoi-dau-tiross-11-thanh-ts9217-2200w-bao-hanh-chinh-hang-p277449296.html?spid=277449297
276448871,Bếp từ đôi Elmich ICE-3496 - Hàng chính hãng,4000000.0,11040000.0,7040000.0,3.0,2,1,,https://tiki.vnbep-tu-doi-elmich-ice-3496-p276448871.html?spid=276448872
276235555,Nồi điện đa năng Bear DRG-P16M2 (MC-4H16U) 1.6L ( 700W) - Hàng chính hãng,384000.0,899000.0,515000.0,5.0,1,1,,https://tiki.vnnoi-dien-da-nang-bear-drg-p16m2-1-6l-700w-hang-chinh-hang-p276235555.html?spid=276235558
275813799,Nồi nấu cháo chưng yến 1 Lít Mishio MK383 - Hàng chính hãng,454350.0,699000.0,244650.0,0.0,0,160749,,https://tiki.vnnoi-nau-chao-chung-yen-1-lit-mishio-mk383-hang-chinh-hang-p275813799.html?spid=275813800
275541785,"Nồi Cơm Điện Hàn Quốc SHARP 1L-1.2L-1.8L, Nồi Nhỏ Cao Cấp Dành Cho Sinh Viên - Hàng nhập khẩu, giao mầu ngẫu nhiên",345000.0,345000.0,0.0,4.5,4,247324,,https://tiki.vnnoi-com-dien-han-quoc-sharp-1l-1-2l-1-8l-noi-nho-cao-cap-danh-cho-sinh-vien-giao-mau-ngau-nhien-p275541785.html?spid=275541809
275494235,Bàn ủi hơi nước cầm tay Philips STH3000/20  - Hàng chính hãng,628000.0,1239000.0,611000.0,0.0,0,1,,https://tiki.vnban-ui-hoi-nuoc-cam-tay-philips-sth3000-20-hang-chinh-hang-p275494235.html?spid=275494236
275426507,Nhiệt Kế Đo Nhiệt Độ Thức Ăn - Hàng chính hãng ,59000.0,118000.0,59000.0,5.0,3,137411,,https://tiki.vnnhiet-ke-do-nhiet-do-thuc-an-hang-chinh-hang-p275426507.html?spid=275426508
275271268,Máy Xay Tiêu Hạt Cafe Hạt Khô Gia Vị Đa Năng Công Suất 250W 8 Lưỡi Dao Cực Bén Chất Liệu Cối Inox - Hàng nhập khẩu,155000.0,195000.0,40000.0,5.0,1,115414,,https://tiki.vnmay-xay-tieu-hat-cafe-hat-kho-gia-vi-da-nang-cong-suat-300w-8-luoi-dao-cuc-ben-chat-lieu-coi-inox-p275271268.html?spid=275271269
274890373,"Quạt treo tường điện tử Mitomo FTT-60AE NEW 2024, có điều khiễn từ xa, hẹn giờ hàng chính hãng - Bảo hành 2 năm",769000.0,1299000.0,530000.0,5.0,3,123800,,https://tiki.vnquat-treo-tuong-dien-tu-mitomo-ftt-60ae-new-2024-co-dieu-khien-tu-xa-hen-gio-hang-chinh-hang-bao-hanh-2-nam-p274890373.html?spid=274890374
272939869,"Máy cạo râu Philips S3608/10 , bảo hành 2 năm",1217000.0,1855000.0,638000.0,4.6,7,1,,https://tiki.vnmay-cao-rau-philips-s3608-10-bao-hanh-2-nam-p272939869.html?spid=273866572
270839966,Nồi cơm điện tử áp suất Cuckoo 1.08 lít CRP-R0600F màu đen - Bản Quốc Tế tiếng Anh - Hàng chính hãng,3312000.0,4890000.0,1578000.0,5.0,2,1,,https://tiki.vnnoi-com-dien-tu-ap-suat-cuckoo-1-08-lit-crp-r0600f-mau-den-ban-quoc-te-tieng-anh-hang-chinh-hang-p270839966.html?spid=270976833
270663529,Máy Sấy Tóc Ionity Panasonic EH-NE66-K645- Hàng chính hãng,816000.0,940000.0,124000.0,4.5,4,1,,https://tiki.vnmay-say-toc-ionity-panasonic-eh-ne66-k645-hang-chinh-hang-p270663529.html?spid=270975142
214847042,"Bộ 3 Lõi lọc nước Karofi 1,2,3 dùng cho máy lọc nước RO - Hàng Chính Hãng",160000.0,160000.0,0.0,4.6,5,11119,,https://tiki.vnbo-3-loi-loc-nuoc-karofi-1-2-3-dung-cho-may-loc-nuoc-ro-p214847042.html?spid=245776332
206952529,Tông đơ tạo kiểu đa năng Philips MG3730 - Hàng Chính Hãng,764000.0,1039000.0,275000.0,3.0,2,1,,https://tiki.vntong-do-tao-kieu-da-nang-philips-mg3730-hang-chinh-hang-p206952529.html?spid=244132852
198961119,Tông Đơ Cắt Tóc Chuyên Nghiệp Không Dây DAMAS DH6820G - Hàng Chính Hãng,329000.0,590000.0,261000.0,4.8,172,44857,,https://tiki.vntong-do-cat-toc-chuyen-nghiep-khong-day-damas-dh6820g-hang-chinh-hang-p198961119.html?spid=198961121
186349365,Lõi lọc không khí Xiaomi Xiaomi Mi Air Purifier Filter Có chip RFID - Hàng chính hãng,659000.0,659000.0,0.0,5.0,5,290542,,https://tiki.vnloi-loc-khong-khi-xiaomi-xiaomi-mi-air-purifier-filter-co-chip-rfid-hang-chinh-hang-p186349365.html?spid=186349369
186318183,Bếp điện từ Elmich ICE-3874 2100W Hàng Chính Hãng,1059000.0,2623000.0,1564000.0,4.8,16,1,,https://tiki.vnbep-dien-tu-elmich-ice-3874-2100w-hang-chinh-hang-p186318183.html?spid=193900402
173550857,"Máy ép chậm Elmich JEE - 1855OL, công suất 240W, ống tiếp nguyên liệu rộng 83mm, độ ồn cực thấp 55 dB - Hàng chính hãng (New)",1932000.0,5520000.0,3588000.0,4.6,126,1,,https://tiki.vnmay-ep-cham-elmich-jee-1855ol-hang-chinh-hang-new-p173550857.html?spid=173550860
173425151,"Nồi Nấu Chậm 0,8L Bear SUBE001 Đa Năng Nấu Cháo, Chưng Yến Bản Quốc Tế - Hàng Chính Hãng",426000.0,790000.0,364000.0,5.0,22,1,,https://tiki.vnnoi-nau-cham-0-8l-bear-sube001-da-nang-nau-chao-chung-yen-ban-quoc-te-hang-chinh-hang-p173425151.html?spid=253360318
120824825,Nồi cơm điện Cuckoo 1.08L CR-0671 - Lòng nồi chống dính - Tiết kiệm điện - Hàng chính hãng Cuckoo Vina,999000.0,1180000.0,181000.0,4.5,27,29960,,https://tiki.vnnoi-com-dien-cuckoo-1-08l-cr-0671-long-noi-chong-dinh-tiet-kiem-dien-hang-chinh-hang-cuckoo-vina-p120824825.html?spid=120824826
88999771,Vòi Máy Lọc Nước RO Karofi SL-D031 - Inox 304 - Hàng chính hãng,240000.0,240000.0,0.0,4.5,20,11119,,https://tiki.vnvoi-may-loc-nuoc-ro-karofi-sl-d031-inox-304-hang-chinh-hang-p88999771.html?spid=116391718
71196779,"Nồi nấu cháo chậm, ninh hầm cách thuỷ BEAR SUBE002 1.6L (kèm 2 thố nhỏ 0.5L và lồng hấp) - Hàng chính hãng",740000.0,1350000.0,610000.0,5.0,27,1,,https://tiki.vnnoi-nau-chao-cham-ninh-ham-cach-thuy-bear-sube002-1-6l-kem-2-tho-nho-0-5l-va-long-hap-hang-chinh-hang-p71196779.html?spid=253360707
58047274,Bình đun siêu tốc Toshiba 1.7 lít KT-17SH2NV - HÀNG CHÍNH HÃNG,460000.0,590000.0,130000.0,4.7,388,1,,https://tiki.vnbinh-dun-sieu-toc-toshiba-1-7-lit-kt-17sh2nv-hang-chinh-hang-p58047274.html?spid=58342170
52050272,Lò Vi Sóng Toshiba ER-SM20(W1)VN (20 Lít) - Hàng Chính Hãng,1650000.0,2199000.0,549000.0,4.7,47,1,,https://tiki.vnlo-vi-song-toshiba-er-sm20-w1-vn-hang-chinh-hang-p52050272.html?spid=56379728
2365981,Nồi Cơm Nắp Gài Toshiba RC-18JFM(H)VN (1.8L) - Hàng chính hãng,606000.0,800000.0,194000.0,4.5,142,1,,https://tiki.vnnoi-com-nap-gai-toshiba-rc-18jfm-h-vn-1-8l-hang-chinh-hang-p2365981.html?spid=2365983
923595,Vỉ Nướng Điện Lock&Lock EJG221 (1300W) - Hàng Chính Hãng,961400.0,1859000.0,897600.0,4.6,1319,1,,https://tiki.vnvi-nuong-dien-lock-lock-ejg221-1300w-hang-chinh-hang-p923595.html?spid=924433
790397,Máy Đánh Trứng Daewoo DWHM-318 (150W) - Hàng chính hãng,227000.0,439000.0,212000.0,4.5,185,1,,https://tiki.vnmay-danh-trung-daewoo-dwhm-318-150w-hang-chinh-hang-p790397.html?spid=1062342
689250,Ấm Đun Siêu Tốc LocknLock EJK418SLV - Hàng Chính Hãng,590000.0,998000.0,408000.0,5.0,5,88331,,https://tiki.vnam-dun-sieu-toc-lock-ejk418slv-hang-chinh-hang-p689250.html?spid=49728774
595750,Cây Nước Nóng Lạnh Sunhouse SHD9602 - Hàng chính hãng,1714000.0,4475000.0,2761000.0,3.5,116,1,,https://tiki.vncay-nuoc-nong-lanh-sunhouse-shd9602-hang-chinh-hang-p595750.html?spid=595794
533336,Bếp Hồng Ngoại Sunhouse SHD6014Đ - Đen - Hàng chính hãng,746000.0,2282000.0,1536000.0,4.8,8,1,,https://tiki.vnbe-p-ho-ng-ngoa-i-sunhouse-shd6014d-den-hang-chinh-hang-p533336.html?spid=254371
278966292,Máy sấy tóc 1600W Philips BHD321/50 - Hàng chính hãng,832000.0,995000.0,163000.0,0.0,0,1,,https://tiki.vnmay-say-toc-1600w-philips-bhd321-50-hang-chinh-hang-p278966292.html?spid=278966293
278851915,Máy xay sinh tố Bear SB-MX04X - Hàng Chính Hãng,465000.0,900000.0,435000.0,0.0,0,1,,https://tiki.vnmay-xay-sinh-to-bear-sb-mx04x-hang-chinh-hang-p278851915.html?spid=278851916
278683564,Máy Làm Sữa Hạt Kuchenzimmer 1.2 L - 012423 - Hàng chính hãng,1743000.0,2570000.0,827000.0,0.0,0,1,,https://tiki.vnmay-lam-sua-hat-kuchenzimmer-1-2-l-012423-hang-chinh-hang-p278683564.html?spid=278683565
278683333,Máy hút bụi giường nệm diệt khuẩn UV Kuchenzimmer - 013758 - Hàng chính hãng,1367000.0,2016000.0,649000.0,0.0,0,1,,https://tiki.vnmay-hut-bui-giuong-nem-diet-khuan-uv-kuchenzimmer-013758-p278683333.html?spid=278683334
278141018,Ấm siêu tốc thủy tinh 1.7L Daewoo DWK-GL1803 thiết kế vỏ sò đèn LED độc đáo - Hàng chính hãng,599000.0,599000.0,0.0,0.0,0,1,,https://tiki.vnam-sieu-toc-thuy-tinh-1-7l-daewoo-dwk-gl1803-thiet-ke-vo-so-den-led-doc-dao-hang-chinh-hang-p278141018.html?spid=278141019
278051838,Quạt cầm tay mini Kachi MK400 pin khoẻ 100 cấp độ gió - Hàng chính hãng Hàng nhập khẩu,161850.0,249000.0,87150.0,4.0,2,160749,,https://tiki.vnquat-cam-tay-mini-kachi-mk400-pin-khoe-100-ca-p-do-gio-ha-ng-chi-nh-ha-ng-hang-nhap-khau-p278051838.html?spid=277539840
277821434,"Máy sấy tóc ion âm LocknLock hair dryer đầu sấy từ 360 độ, chức năng tự làm sạch - ENA316GRY - Hàng chính hãng",1538050.0,2961000.0,1422950.0,5.0,1,1,,https://tiki.vnmay-say-toc-ion-am-locknlock-hair-dryer-dau-say-tu-360-do-chuc-nang-tu-lam-sach-ena316gry-hang-chinh-hang-p277821434.html?spid=277821438
277564309,"Nồi Cơm Điện Đa Năng 1.2L – Nấu Cơm, Hầm Cháo, Hấp, Xào, Luộc Siêu Tiện Lợi - HÀNG CHÍNH HÃNG MINIIN",299000.0,299000.0,0.0,0.0,0,134678,,https://tiki.vnnoi-com-dien-da-nang-1-2l-nau-com-ham-chao-hap-xao-luoc-sieu-tien-loi-hang-chinh-hang-miniin-p277564309.html?spid=277564310
277482653,"Nồi Lẩu Điện Mini Đa Năng 1.5L, Ca Nấu Mì, Cốc Ăn Lẩu Cô Đơn 500W, Chống Dính Vân Đá - HÀNG CHÍNH HÃNG MINIIN",67000.0,67000.0,0.0,4.0,1,134678,,https://tiki.vnnoi-lau-dien-mini-da-nang-1-5l-ca-nau-mi-coc-an-lau-co-don-500w-chong-dinh-van-da-hang-chinh-hang-miniin-p277482653.html?spid=277482655
277452903,"Qrachic - máy hút bụi cầm tay không dây gia đình thông mình dùng pin hai chế độ hút công nghệ hút xoáy cyclonic dùng vệ sinh nhà cửa, xe hơi đa năng không tiếng ồn máy chạy êm hàng chính hãng",990000.0,990000.0,0.0,0.0,0,353625,,https://tiki.vnqrachic-may-hut-bui-cam-tay-khong-day-gia-dinh-thong-minh-dung-pin-hai-che-do-hut-cong-nghe-hut-xoay-cyclonic-dung-ve-sinh-nha-cua-xe-hoi-da-nang-khong-tieng-on-may-chay-em-hang-chinh-hang-p277452903.html?spid=277452909
277437663,"Máy Duỗi, Ép, Uốn Tóc Đa Năng 2 Trong 1 Cao Cấp Besti- Kết Hợp Duỗi, Uốn, Tạo Kiểu Tóc Thông Minh - Dùng Cho Salon Tóc & Tại Nhà - Hàng Chính Hãng",100000.0,100000.0,0.0,0.0,0,143736,,https://tiki.vnmay-duoi-ep-uon-toc-da-nang-2-trong-1-cao-cap-besti-ket-hop-duoi-uon-ta-o-kie-u-to-c-thong-minh-dung-cho-salon-toc-tai-nha-hang-chinh-hang-p277437663.html?spid=277437665
276895951,Nồi Cơm Điện NK Media MD-NC3079 3 Lít - Màu Ngẫu Nhiên - Hàng Chính Hãng,595000.0,595000.0,0.0,1.0,1,11119,,https://tiki.vnnoi-com-dien-nk-media-md-nc3079-3-lit-mau-ngau-nhien-hang-chinh-hang-p276895951.html?spid=276895952
276835593,"Máy hút ẩm mini H2102 để bàn, hạn chế ẩm mốc khử khuẩn bảo vệ sức khỏe gia đình, dung tích 1000ml - Hàng nhập khẩu",837000.0,837000.0,0.0,0.0,0,173338,,https://tiki.vnmay-hut-am-mini-h2102-de-ban-han-che-am-moc-khu-khuan-bao-ve-suc-khoe-gia-dinh-dung-tich-1000ml-hang-nhap-khau-p276835593.html?spid=276835595
276562673,Bàn Ủi Hơi Nước Cầm Tay PHILIPS STH5030/20 - Hàng chính hãng,1318000.0,1699000.0,381000.0,0.0,0,1,,https://tiki.vnban-ui-hoi-nuoc-cam-tay-philips-sth5030-20-hang-chinh-hang-p276562673.html?spid=276562674
276555318,"Robot Hút Bụi Lau Nhà, Máy Hút Bụi Thông Minh ES300, thông minh điều khiển qua APP điện thoại Tự ĐộngHàng Nhập Khẩu",699000.0,699000.0,0.0,0.0,0,137089,,https://tiki.vnrobot-hut-bui-lau-nha-may-hut-bui-thong-minh-es300-thong-minh-dieu-khien-qua-app-dien-thoai-tu-donghang-nhap-khau-p276555318.html?spid=276555319
276257532,Nồi Hấp 2 Tầng Cách Thủy Đa Năng Đường Kính 28 cm - Hàng Chính Hãng,95000.0,95000.0,0.0,0.0,0,106295,,https://tiki.vnnoi-hap-2-tang-cach-thuy-da-nang-duong-kinh-28-cm-hang-chinh-hang-p276257532.html?spid=276257533
275942868,Nồi Chiên Hơi Nước OLIVO SF16 PRO - Dung Tích 16L - Phụ Kiện Trục Xiên Quay - Công Suất 2800W- Phiên bản 2025- Hàng Chính Hãng,4990000.0,4990000.0,0.0,5.0,3,308020,,https://tiki.vnnoi-chien-hoi-nuoc-olivo-sf16-pro-dung-tich-16l-phu-kien-truc-xien-quay-cong-suat-2800w-p275942868.html?spid=275942935
275842336,Máy pha cà phê Philips HD7432 Hàng chính hãng,1280000.0,1280000.0,0.0,1.0,1,20256,,https://tiki.vnmay-pha-ca-phe-philips-hd7432-hang-chinh-hang-p275842336.html?spid=275842337
275583053,Máy Hút Bụi Cầm Tay Không Dây 9baby - Hàng Chính Hãng,375000.0,450000.0,75000.0,5.0,2,236185,,https://tiki.vnmay-hut-bui-cam-tay-khong-day-9baby-chinh-hang-p275583053.html?spid=275590012
275512780,"Máy ép chậm Elmich JEE-8758, công suất 240W, bảo toàn dưỡng chất, giữ trọn hương vị, ép kiệt bã tới 98% - Hàng Chính Hãng",2807000.0,7797000.0,4990000.0,4.0,4,1,,https://tiki.vnmay-ep-cham-elmich-jee-8758-240w-hang-chinh-hang-p275512780.html?spid=275513154
274987524,Nồi áp suất Bear SB-AS25L 2.5L (600W) - Hàng chính hãng,1243000.0,2350000.0,1107000.0,5.0,2,1,,https://tiki.vnnoi-ap-suat-bear-sb-as25l-2-5l-600w-hang-chinh-hang-p274987524.html?spid=274987526
273708230,Máy sưởi gốm Elmich CHE 3937 - Hàng Chính Hãng,1624000.0,4021000.0,2397000.0,5.0,5,1,,https://tiki.vnmay-suoi-gom-elmich-che-3937-hang-chinh-hang-p273708230.html?spid=273720446
273134297,ẤM SIÊU TỐC BEAR 1.5L - HÀNG CHÍNH HÃNG,497000.0,545000.0,48000.0,0.0,0,96269,,https://tiki.vnam-sieu-toc-bear-1-5l-hang-chinh-hang-p273134297.html?spid=273134311
270297454,"Máy Hút Chân Không Thực Phẩm TT68 Không Kén Túi, Ép Chân Không Khô và Ướt, Hàng Chính Hãng",1590000.0,1590000.0,0.0,5.0,1,179711,,https://tiki.vnmay-hut-chan-khong-thuc-pham-tt68-khong-ken-tui-ep-chan-khong-kho-va-uot-hang-chinh-hang-p270297454.html?spid=270297455
242295745,"Màng RO Karofi 100GDP Purifim - USA - Hàng chính hãng - Sản xuất tại Mỹ Loại bỏ hơn 99% clo, dầu, virus, vi khuẩn, amip, asen...",720000.0,720000.0,0.0,0.0,0,11119,,https://tiki.vnmang-ro-karofi-100gdp-purifim-usa-hang-chinh-hang-san-xuat-tai-my-loai-bo-hon-99-clo-dau-virus-vi-khuan-amip-asen-p242295745.html?spid=252862361
215536057,"Quạt Sạc Tích Điện Để Bàn Đa Năng COMET CRF1406 6W, 3 Cấp Độ Gió, Có Đèn LED, 2 pin rời 18650 Lithium 1200mAh Để Bàn Văn Phòng - Hàng chính hãng",419000.0,459000.0,40000.0,4.5,5,324274,,https://tiki.vnquat-sac-tich-dien-de-ban-da-nang-comet-crf1406-6w-3-cap-do-gio-co-den-led-2-pin-roi-18650-lithium-1200mah-de-ban-van-phong-hang-chinh-hang-p215536057.html?spid=215536058
203434408,Máy làm - nướng bánh sandwich hotdog waffle Tiross TS9656 - 3 trong 1 - 1200W - Hàng chính hãng,2240000.0,2240000.0,0.0,0.0,0,11119,,https://tiki.vnmay-lam-nuong-banh-sandwich-hotdog-waffle-tiross-ts9656-3-trong-1-1200w-hang-chinh-hang-p203434408.html?spid=249521283
198512336,"Bộ van chia nước đầu vào, khóa cấp nước ren ngoài 21 (1/2'') ra dây 10 (3/8’’) hoặc dây 6 (1/4’’) - nhựa || Hàng chính hãng",45000.0,45000.0,0.0,5.0,1,8413,,https://tiki.vnbo-van-chia-nuoc-dau-vao-khoa-cap-nuoc-ren-ngoai-21-ra-day-10-3-8-hoac-day-6-1-4-nhua-p198512336.html?spid=198512344
192879243,"Nồi áp suất nấu bếp từ , bếp ga FUJIKA 4L-5L-7L HÀNG CHÍNH HÃNG",375000.0,375000.0,0.0,4.5,24,297289,,https://tiki.vnnoi-ap-suat-nau-bep-tu-bep-ga-fujika-4l-5l-7l-p192879243.html?spid=270924090
162027350,(Sôi Nhanh) Ấm Bình Đun Nước Sôi Siêu Tốc KhoNCC Hàng Chính Hãng - Lõi Inox 2 Lớp Cách Nhiệt An Toàn - Dung Tích Lớn 2.5 Lít - Công Nghệ Tiết Kiệm Điện - KLM-ADSTTL-2L5D (Nhiều Màu - ngẫu nhiên),218000.0,218000.0,0.0,4.8,4,762,,https://tiki.vnsoi-nhanh-am-binh-dun-nuoc-soi-sieu-toc-khoncc-hang-chinh-hang-loi-inox-2-lop-cach-nhiet-an-toan-dung-tich-lon-2-5-lit-cong-nghe-tiet-kiem-dien-klm-adsttl-2l5d-nhieu-mau-ngau-nhien-p162027350.html?spid=162027351
141052302,"Nồi Lẩu Điện Mini Đa Năng 28CM, Chống Dính Vân Đá Cao Cấp Công Suất 1000W - Bếp Lẩu Tiện Dụng 3 Nấc Nhiệt Kèm Giá Hấp-Hàng Loại 1 Chính hãng MINIIN",199000.0,199000.0,0.0,4.5,65,134678,,https://tiki.vnnoi-lau-dien-mini-da-nang-28cm-chong-dinh-van-da-cao-cap-cong-suat-1000w-bep-lau-tien-dung-3-nac-nhiet-kem-gia-hap-hang-loai-1-chinh-hang-miniin-p141052302.html?spid=141052306
112695131,Ấm Đun Nước DeLonghi KBOT2001.BG - Hàng Chính Hãng,3790000.0,3790000.0,0.0,0.0,0,20256,,https://tiki.vnam-dun-nuoc-delonghi-kbot2001-hang-chinh-hang-p112695131.html?spid=191326447
87649567,"Máy hút bụi khô và ướt HiClean HC15P (dung tích 15L, 1500W) - Hàng chính hãng",1803000.0,1803000.0,0.0,4.5,11,1764,,https://tiki.vnmay-hut-bui-kho-va-uot-hiclean-hc15p-dung-tich-15l-1500w-hang-chinh-hang-p87649567.html?spid=87649570
70818712,Máy Sấy Tóc Panasonic EH-ND21-P645 - Hàng Chính Hãng,482000.0,529000.0,47000.0,4.6,18,1,,https://tiki.vnmay-say-toc-panasonic-eh-nd21-p645-hang-chinh-hang-p70818712.html?spid=57881
66727944,Máy xay sinh tố cầm tay Philips HR2537 (650W) - Hàng chính hãng,1319000.0,1689000.0,370000.0,4.8,304,1,,https://tiki.vnmay-xay-sinh-to-cam-tay-philips-hr2537-650w-hang-chinh-hang-p66727944.html?spid=69999958
46107000,Bàn ủi hơi nước bình treo công nghiệp Silver Star EZ-300 - Hàng Chính Hãng,1600000.0,1600000.0,0.0,5.0,5,857,,https://tiki.vnban-ui-binh-nuoc-treo-ez-300-silver-star-hang-chinh-hang-p46107000.html?spid=46107001
37896877,"Máy hút bụi Đệm, Giường Deerma CM800 - hàng chính hãng",790000.0,890000.0,100000.0,4.6,33,129537,,https://tiki.vnmay-hut-bui-dem-giuong-deerma-cm800-hang-chinh-hang-p37896877.html?spid=99852143
34281272,Máy Xay Sinh Tố Toshiba BL-70PR1NV (700W - 1.5 Lít) - Hàng Chính Hãng,1390000.0,1390000.0,0.0,4.7,186,1,,https://tiki.vnmay-xay-sinh-to-toshiba-bl-70pr1nv-700w-1-5-lit-hang-chinh-hang-p34281272.html?spid=34281273
15708406,"Ấm Siêu Sắc Thuốc Điện Tự Động Gốm Bát Tràng Bảo Long Phú Vinh Cao Cấp PV-386H (3,2 lít) - Màu Ngẫu Nhiên - Hàng Chính Hãng",280000.0,280000.0,0.0,3.7,15,11119,,https://tiki.vnam-sieu-sac-thuoc-dien-tu-dong-gom-bat-trang-bao-long-phu-vinh-cao-cap-pv-386h-3-2-lit-mau-ngau-nhien-hang-chinh-hang-p15708406.html?spid=15708407
1037608,Máy Hút Bụi Philips FC9351 (1900W) - Đỏ - Hàng chính hãng,2526000.0,3649000.0,1123000.0,4.8,78,1,,https://tiki.vnmay-hut-bui-philips-fc9351-1900w-do-hang-chinh-hang-p1037608.html?spid=1065438
278899481,Máy Vắt Nước Cam HAFELE GS-401 - 535.43.089 - 100W Hàng Chính Hãng,548000.0,1236000.0,688000.0,0.0,0,1,,https://tiki.vnmay-vat-nuoc-cam-hafele-gs-401-535-43-089-100w-hang-chinh-hang-p278899481.html?spid=278899482
278842532,Nồi Hấp điện 3 Tầng MAGIC A-61 Hàng chính hãng,790000.0,790000.0,0.0,0.0,0,20256,,https://tiki.vnnoi-hap-dien-3-tang-magic-a-61-hang-chinh-hang-p278842532.html?spid=278842533
278730816,BÀN ỦI KHÔ PHILIPS DST0520/20 - Hàng chính hãng,232000.0,399000.0,167000.0,5.0,1,1,,https://tiki.vnban-ui-kho-philips-dst0520-20-hang-chinh-hang-p278730816.html?spid=278730817
278721763,Máy hút bụi cầm tay gia đình Deerma DEM-DX700 Pro (New) 18.000Pa Hàng chính hãng,990000.0,990000.0,0.0,0.0,0,20256,,https://tiki.vnmay-hut-bui-cam-tay-gia-dinh-deerma-dem-dx700-pro-new-18-000pa-hang-chinh-hang-p278721763.html?spid=278721764
278141162,Ấm siêu tốc inox 304 cao cấp đảm bảo an toàn 1.8L Daewoo DWK-S1805 đế xoay 360 độ - Hàng chính hãng BH 2 năm - Hàng chính hãng,246000.0,369000.0,123000.0,5.0,2,1,,https://tiki.vnam-sieu-toc-inox-304-cao-cap-dam-bao-an-toan-1-8l-daewoo-dwk-s1805-de-xoay-360-do-hang-chinh-hang-p278141162.html?spid=278141163
277966210,"[Hàng Chính Hãng] Bàn Ủi Khô Panasonic NI-317TVRA/XRA – Mặt Đế Chống Dính, Ủi Mượt Mọi Vải",430000.0,430000.0,0.0,0.0,0,184067,,https://tiki.vnhang-chinh-hang-ban-ui-kho-panasonic-ni-317tvra-xra-mat-de-chong-dinh-ui-muot-moi-vai-p277966210.html?spid=278687962
277735852,"Quạt Tích Điện Mini Cầm Tay 638 – Màn Hình LED, 100 Tốc Độ Gió, Pin 4000mAh Siêu Mát - HÀNG CHÍNH HÃNG MINIIN",157000.0,157000.0,0.0,4.5,6,134678,,https://tiki.vnquat-tich-dien-mini-cam-tay-638-man-hinh-led-100-toc-do-gio-pin-4000mah-sieu-mat-hang-chinh-hang-miniin-p277735852.html?spid=277735862
277396597,Combo 10 Đôi Đũa 3 Sọc Mạ Vàng Hình Cô Gái Nhật Bản Kháng Khuẩn Chịu Nhiệt - Hàng chính hãng,43540.0,60000.0,16460.0,4.0,1,132026,,https://tiki.vncombo-10-doi-dua-3-soc-ma-vang-hinh-co-gai-nhat-ban-khang-khuan-chiu-nhiet-hang-chinh-hang-p277396597.html?spid=277396598
276946145,Lõi lọc nước số 1 Kangaroo Extra - Hàng chính hãng,38000.0,70000.0,32000.0,4.7,3,1,,https://tiki.vnloi-loc-nuoc-so-1-kangaroo-extra-p276946145.html?spid=276946146
276448859,Máy làm sữa hạt Elmich CBE-8650 - Hàng chính hãng,1353000.0,3268000.0,1915000.0,4.8,5,1,,https://tiki.vnmay-lam-sua-hat-elmich-cbe-8650-p276448859.html?spid=276448863
276381100,"Nồi cơm điện nắp rời Russell Hobbs 1,8 lít 19750-56 Cook Home Hàng chính hãng",2790000.0,2790000.0,0.0,0.0,0,20256,,https://tiki.vnnoi-com-dien-nap-roi-russell-hobbs-1-8-lit-19750-56-cook-home-p276381100.html?spid=276381101
276242922,Máy Sưởi Bear Quạt Sưởi Máy Sưởi Gốm Để Bàn Máy Sưởi Mini Quạt Sưởi Ấm Phòng Ngủ Tiết Kiệm Điện Làm Ấm Nhanh DNQ - E04Q1,650000.0,650000.0,0.0,0.0,0,125761,,https://tiki.vnmay-suoi-gom-bear-quat-suoi-gom-de-ban-quat-suoi-mini-nong-nhanh-khong-gay-kho-da-tiet-kiem-dien-dnq-e04q1-hang-chinh-hang-p276242922.html?spid=276242923
276235667,Nồi hấp hơi nước BEAR 6L 2 tầng (EFS-4H60V / DZG-C60Q8) - Hàng Chính Hãng,505000.0,1190000.0,685000.0,5.0,2,1,,https://tiki.vnnoi-hap-hoi-nuoc-bear-6l-2-tang-efs-4h60v-dzg-c60q8-p276235667.html?spid=276235668
276227417,Set 3 Lõi Lọc CASO 1861 cho bình thủy điện Hàng chính hãng,650000.0,650000.0,0.0,0.0,0,20256,,https://tiki.vnset-3-loi-loc-caso-1861-cho-binh-thuy-dien-hang-chinh-hang-p276227417.html?spid=276227418
276104798,Máy hút bụi Xiaomi Vacuum Cleaner G20 Lite - Hàng Chính Hãng,2190000.0,2190000.0,0.0,0.0,0,290542,,https://tiki.vnmay-hut-bui-xiaomi-vacuum-cleaner-g20-lite-hang-chinh-hang-p276104798.html?spid=278055277
274455553,Máy tỉa lông mũi Magic B-50 - Hàng chính hãng,230000.0,590000.0,360000.0,5.0,4,1,,https://tiki.vnmay-tia-long-mui-magic-b-50-hang-chinh-hang-p274455553.html?spid=274455554
274073273,Đèn Sưởi Nhà Tắm Klopper 01 (2 Bóng) - Hàng Chính Hãng,250000.0,250000.0,0.0,4.0,1,11119,,https://tiki.vnden-suoi-nha-tam-klopper-01-2-bong-hang-chinh-hang-p274073273.html?spid=274073274
273167415,Máy nướng bánh mì 2 ngăn  hàng nhập khẩu chính hãng,989000.0,989000.0,0.0,0.0,0,40615,,https://tiki.vnmay-nuong-banh-mi-toaster-2-ngan-p273167415.html?spid=273167421
272396618,Bình thuỷ điện Tiger PDR-S40W 4.0 lít HÀNG CHÍNH HÃNG,2990000.0,2990000.0,0.0,0.0,0,18190,,https://tiki.vnbinh-thuy-dien-tiger-pdr-s40w-4-0-lit-hang-nhap-khau-p272396618.html?spid=272396619
263396168,"Quạt hơi nước tích điện Half Horse, xoay 180 pin 2500 mAh, thời gian sử dụng 6 tiếng, hàng chính hãng",289000.0,540000.0,251000.0,5.0,3,211062,,https://tiki.vnquat-hoi-nuoc-cam-tay-de-ban-tich-hop-pin-sac-half-horse-fs31-2-quat-co-che-do-quay-hang-chinh-hang-p263396168.html?spid=276611098
263079168,Bàn Ủi Hơi Nước Philips DST5040/80 (2600W) - Hàng Chính Hãng,1389000.0,1899000.0,510000.0,5.0,9,1,,https://tiki.vnban-ui-hoi-nuoc-philips-dst5040-80-2600w-hang-chinh-hang-p263079168.html?spid=263079169
251916359,Lõi Lọc Nước Sunhouse Số 4 SHRLL4 - Hàng chính hãng,229000.0,229000.0,0.0,4.7,3,55218,,https://tiki.vnloi-loc-nuoc-sunhouse-so-4-shrll4-hang-chinh-hang-p251916359.html?spid=251906362
205514048,Phụ Kiện - Lưỡi Dao Cạo Râu 3 Lưỡi Thay Thế Cho Máy Cạo Râu MiNi 3 Lưỡi Công Nghệ Nhật Bản,35000.0,35000.0,0.0,5.0,2,241398,,https://tiki.vnphu-kien-luoi-dao-cao-rau-3-luoi-thay-the-cho-may-cao-rau-mini-3-luoi-cong-nghe-nhat-ban-p205514048.html?spid=205514049
201518244,"Máy làm sữa hạt, xay và nấu đa năng Tefal BL967B66 1300W 1.75L - BH 2 năm - Hàng Chính Hãng",2950000.0,2950000.0,0.0,0.0,0,20256,,https://tiki.vnmay-lam-sua-hat-xay-va-nau-da-nang-tefal-bl967b66-1300w-1-75l-bh-2-nam-hang-chinh-hang-p201518244.html?spid=214920658
201375392,"Máy Hút Chân Không Thực Phẩm Vacumm Sealer Đa Năng Hàn Miệng Túi Cao Cấp – Chế Độ Hút Khô, Ướt, Thịt & Chế Độ Hút, Seal Thủ Công Cho Thực Phẩm Rau Củ Quả. Hạt, Bột, Mềm Tùy Chọn. Hàng Chính Hãng ",880000.0,880000.0,0.0,4.6,37,160175,,https://tiki.vnmay-hut-chan-khong-thuc-pham-vacumm-sealer-da-nang-han-mieng-tui-cao-cap-hut-do-kho-mem-dau-mo-hat-thit-rau-cu-qua-hang-chinh-hang-p201375392.html?spid=201375393
180350497,Nồi áp suất điện ARBER ASĐN06SMD hàng chính hãng,1499000.0,1499000.0,0.0,0.0,0,1957,,https://tiki.vnnoi-ap-suat-dien-asdn06smd-hang-chinh-hang-bao-hanh-12-thang-p180350497.html?spid=180350498
177482641,Bộ Lọc Hepa Cho Máy Hút Bụi DAMAS XC628 - Hàng chính hãng,79000.0,150000.0,71000.0,4.7,24,44857,,https://tiki.vnbo-loc-hepa-cho-may-hut-bui-damas-xc628-hang-chinh-hang-p177482641.html?spid=177482642
174666584,"Máy Uốn Tóc, Máy Ép Tóc, Duỗi Tóc Đa Năng Kiểu Hàn Quốc DAMAS DH6120 - Thiết kế với 4 mức nhiệt tùy chỉnh phù hợp với nhiều loại tóc khác nhau giúp duỗi thẳng, làm xoăn tóc chuẩn Salon ngay tại nhà mà không cần phải ra cửa tiệm - Hàng Chính Hãng",245000.0,450000.0,205000.0,4.7,118,44857,,https://tiki.vnmay-uon-toc-may-ep-toc-duoi-toc-da-nang-kieu-han-quoc-damas-dh6120-thiet-ke-voi-4-muc-nhiet-tuy-chinh-phu-hop-voi-nhieu-loai-toc-khac-nhau-giup-duoi-thang-lam-xoan-toc-chuan-salon-ngay-tai-nha-ma-khong-can-phai-ra-cua-tiem-hang-chinh-hang-p174666584.html?spid=174666585
162841493,Máy cạo râu khô và ướt Philips S1301/02 - Hàng Chính Hãng,745000.0,1155000.0,410000.0,5.0,41,1,,https://tiki.vnmay-cao-rau-kho-va-uot-philips-s1301-02-hang-chinh-hang-p162841493.html?spid=162841494
147352661,Bàn ủi hơi nước cầm tay PHILIPS DST3040/70 2600W - Hàng Chính Hãng,1261000.0,1699000.0,438000.0,5.0,56,1,,https://tiki.vnban-ui-hoi-nuoc-cam-tay-philips-dst3040-70-2600w-hang-chinh-hang-p147352661.html?spid=147352664
100947678,MÁY XAY ÉP ĐA NĂNG KHALUCK KL-360 HÀNG CHÍNH HÃNG,1120000.0,1120000.0,0.0,4.1,7,16654,,https://tiki.vnmay-xay-ep-da-nang-khaluck-kl-360-p100947678.html?spid=100947680
50430996,Máy uốn tóc lõi đồng cao cấp có chỉnh nhiệt đủ trục xoay 360 độ,345000.0,345000.0,0.0,5.0,2,108287,,https://tiki.vnmay-uon-toc-loi-dong-cao-cap-co-chinh-nhiet-du-truc-xoay-360-do-p50430996.html?spid=77548230
46825222,Nồi hầm dưỡng sinh KG3SC1 (3 Lít) - Hàng chính hãng,888000.0,3220000.0,2332000.0,4.1,15,1,,https://tiki.vnnoi-ham-duong-sinh-kg3sc1-hang-chinh-hang-p46825222.html?spid=137743103
20659766,Bếp Gas Mini Cao Cấp NaMilux PL-1911PF-Hàng Chính Hãng (Giao Màu Ngẫu Nhiên),299000.0,299000.0,0.0,5.0,1,69337,,https://tiki.vnbep-gas-mini-cao-cap-namilux-na-1911pf-hang-chinh-hang-giao-mau-ngau-nhien-p20659766.html?spid=149500873
16063637,Ấm điện siêu tốc Aidi 304 ST-08 (1.5 lít) - Màu Ngẫu Nhiên - Hàng Chính Hãng,150000.0,150000.0,0.0,0.0,0,11119,,https://tiki.vnam-dien-sieu-toc-aidi-304-st-08-1-5-lit-hang-chinh-hang-p16063637.html?spid=16063638
11446586,Quạt bàn mini Senko cao cấp ( Màu ngẫu nhiên ) - Hàng chính hãng,250000.0,250000.0,0.0,5.0,3,187775,,https://tiki.vnquat-ban-mini-senko-cao-cap-mau-ngau-nhien-hang-chinh-hang-p11446586.html?spid=102103581
1695753,Máy Sấy Tóc Philips HP8108/00 - Hàng Chính Hãng,255000.0,291000.0,36000.0,4.8,207,138278,,https://tiki.vnmay-say-toc-philips-hp8108-00-hang-chinh-hang-p1695753.html?spid=58472904
729881,Quạt Gió Nhỏ Lifan GN-4 - Xám - Hàng Chính Hãng,195000.0,195000.0,0.0,4.6,5,187775,,https://tiki.vnquat-gio-nho-lifan-gn-4-xam-hang-chinh-hang-p729881.html?spid=106301840
394854,Máy Vắt Cam Philips HR2738/00 25W - Hàng chính hãng,532000.0,659000.0,127000.0,4.7,1147,1,,https://tiki.vnmay-vat-cam-philips-hr2738-00-25w-hang-chinh-hang-p394854.html?spid=96204
392857,Bình Đun Siêu Tốc Philips HD9316 (1.7L) - Hàng chính hãng,966000.0,1249000.0,283000.0,4.6,128,1,,https://tiki.vnbinh-dun-sieu-toc-philips-hd9316-1-7l-hang-chinh-hang-p392857.html?spid=93848
278917216,Nồi nấu chậm Elmich 2.5L SCE0429 - Hàng chính hãng,1015000.0,2725000.0,1710000.0,0.0,0,1,,https://tiki.vnnoi-nau-cham-elmich-2-5l-sce0429-hang-chinh-hang-p278917216.html?spid=278917217
278755975,Máy xay tỏi ớt mini Elmich PBE9220 - Hàng chính hãng,344000.0,897000.0,553000.0,0.0,0,1,,https://tiki.vnmay-xay-toi-ot-mini-elmich-pbe9220-hang-chinh-hang-p278755975.html?spid=278755976
278669511,"Nồi chiên không dầu Bear QZG-P15R8 (AF-4H15L), Dung tích 5L, Công suất 1500W Hàng Chính Hãng",1010000.0,1820000.0,810000.0,0.0,0,1,,https://tiki.vnnoi-chien-khong-dau-bear-qzg-p15r8-dung-tich-5l-cong-suat-1500w-hang-chinh-hang-p278669511.html?spid=278669512
278141165,"Bếp Từ Đơn Daewoo DWI-1505B, 8 chế độ cài sẵn 1500w - Hàng chính hãng",508000.0,799000.0,291000.0,0.0,0,1,,https://tiki.vnbep-tu-don-daewoo-dwi-1505b-8-che-do-cai-san-1500w-hang-chinh-hang-p278141165.html?spid=278141167
277809673,Máy xay thịt Elmich MCE8586 dung tích 2L - Hàng chính hãng,695000.0,1931000.0,1236000.0,4.8,4,1,,https://tiki.vnmay-xay-thit-elmich-mce8586-dung-tich-2l-p277809673.html?spid=277809675
277741836,Nồi lẩu điện Elmich MPE-9177 - Hàng chính hãng,900000.0,2349000.0,1449000.0,5.0,3,1,,https://tiki.vnnoi-lau-dien-elmich-mpe-9177-hang-chinh-hang-p277741836.html?spid=277741837
277512229,Nồi cơm điện Kangaroo 1 lít KGRC10M1 - Hàng chính hãng,518000.0,890000.0,372000.0,5.0,2,1,,https://tiki.vnnoi-com-dien-kangaroo-1-lit-kgrc10m1-hang-chinh-hang-p277512229.html?spid=277512230
277498233,"Dụng Cụ Làm Ruốc, Bóc Tỏi Đa Năng Silicon – Phụ Kiện Hỗ Trợ Máy Xay Thịt, Làm Chà Bông Loại 2L 3L - HÀNG CHÍNH HÃNG MINIIN",29000.0,29000.0,0.0,5.0,1,134678,,https://tiki.vndung-cu-lam-ruoc-boc-toi-da-nang-silicon-phu-kien-ho-tro-may-xay-thit-lam-cha-bong-loai-2l-3l-hang-chinh-hang-miniin-p277498233.html?spid=277498234
276946180,Lõi lọc nước số 3 Kangaroo Extra - Hàng chính hãng,40000.0,99000.0,59000.0,0.0,0,1,,https://tiki.vnloi-loc-nuoc-so-3-kangaroo-extra-hang-chinh-hang-p276946180.html?spid=276946181
276640374,"Máy Hút Bụi Cầm Tay Mini Tamashiho Nhật Bản 120W - Lực Hút 9000Pa, Bộ Lọc HEPA, Pin 4000mAh, Đa Chức Năng, HÀNG CHÍNH HÃNG MINIIN",199000.0,199000.0,0.0,1.0,1,134678,,https://tiki.vnmay-hut-bui-cam-tay-mini-tamashiho-nhat-ban-120w-luc-hut-9000pa-bo-loc-hepa-pin-4000mah-da-chuc-nang-chinh-hang-miniin-p276640374.html?spid=276640375
276448865,Nồi cơm điện Elmich 1.2L RCE-9126 - Hàng chính hãng,688000.0,1900000.0,1212000.0,3.7,3,1,,https://tiki.vnnoi-com-dien-elmich-1-2l-rce-9126-p276448865.html?spid=276448868
276424012,Nồi chiên không dầu Philips 4.2 lít NA120/00 - Hàng chính hãng,1181000.0,1899000.0,718000.0,5.0,4,1,,https://tiki.vnnoi-chien-khong-dau-philips-4-2-lit-na120-00-hang-chinh-hang-p276424012.html?spid=276424013
276235568,"Bình trà đa năng Bear YSH-D15V7 (HK-5H15N21) 1,5 lít - Hàng nội địa - Hàng chính hãng",468000.0,990000.0,522000.0,5.0,1,1,,https://tiki.vnbinh-tra-da-nang-bear-ysh-d15v7-1-5-lit-hang-chinh-hang-p276235568.html?spid=276235572
275793114,Ấm siêu tốc Elmich KEE 8456 AW - Hàng chính hãng,880000.0,2429000.0,1549000.0,4.8,31,1,,https://tiki.vnam-sieu-toc-elmich-kee-8456-hang-chinh-hang-p275793114.html?spid=273180211
275548932,[Hàng chính hãng] Dung dịch vệ sinh máy pha cà phê DeLonghi EcoDecalk (100ml/ 500ml),412500.0,412500.0,0.0,5.0,1,355771,,https://tiki.vndung-dich-ve-sinh-may-pha-ca-phe-delonghi-ecodecalk-100ml-500ml-p275548932.html?spid=275549049
275494239,Bàn ủi hơi nước đứng Philips STE1020/40  - Hàng chính hãng,1224000.0,1790000.0,566000.0,0.0,0,1,,https://tiki.vnban-ui-hoi-nuoc-dung-philips-ste1020-40-hang-chinh-hang-p275494239.html?spid=275494240
275494224,Nồi chiên không dầu Philips 4.2 lít NA220/00  - Hàng chính hãng,1721000.0,2399000.0,678000.0,5.0,3,1,,https://tiki.vnnoi-chien-khong-dau-philips-4-2-lit-na220-00-hang-chinh-hang-p275494224.html?spid=275494227
275481653,Tông đơ cắt tóc đa chức năng Enchen Beardo2 chất liệu thép không gỉ nhiều cữ linh hoạt - Hàng chính hãng,390000.0,390000.0,0.0,4.6,9,312964,,https://tiki.vntong-do-cat-toc-da-chuc-nang-enchen-beardo2-chat-lieu-thep-khong-gi-nhieu-cu-linh-hoat-hang-chinh-hang-p275481653.html?spid=275481654
273953170,Máy sấy tóc Elmich Ion HDE-1822 - Hàng Chính Hãng,795000.0,2149000.0,1354000.0,4.3,11,1,,https://tiki.vnmay-say-toc-elmich-hde-1822-hang-chinh-hang-p273953170.html?spid=273953861
273634419,Nồi cơm điện tử Elmich 0.8L RCE-3915 - Hàng Chính Hãng,999000.0,2778000.0,1779000.0,5.0,18,1,,https://tiki.vnnoi-com-dien-tu-elmich-0-8l-rce-3915-hang-chinh-hang-p273634419.html?spid=273634746
273609531,Nồi áp suất điện đa năng Elmich 6L PCE 1809OL - Hàng Chính Hãng,1588000.0,4037000.0,2449000.0,4.7,19,1,,https://tiki.vnnoi-ap-suat-dien-da-nang-elmich-6l-pce-1809ol-hang-chinh-hang-p273609531.html?spid=273767907
273498519,Túi đựng máy hút bụi cầm tay mini DAMAS XC628 / DA113C - Hàng chính hãng,68000.0,100000.0,32000.0,0.0,0,44857,,https://tiki.vntui-dung-may-hut-bui-cam-tay-mini-damas-xc628-da113c-p273498519.html?spid=273498520
273391119,"Chăn điện, đệm điện, nệm điện sưởi Hanil hàn quốc chất liệu cotton - Hàng chính hãng (Giao màu ngẫu nhiên)",775200.0,850000.0,74800.0,0.0,0,96269,,https://tiki.vnchan-dien-dem-dien-nem-dien-suoi-hanil-han-quoc-chat-lieu-cotton-hang-chinh-hang-giao-mau-ngau-nhien-p273391119.html?spid=273391120
262016335,"Chỉ thêu Cotton mã chuẩn theo DMC, các mã từ 3705 đến 3799",5000.0,5000.0,0.0,4.0,1,274258,,https://tiki.vnchi-theu-cotton-dmc-p262016335.html?spid=262016353
186278651,Máy Ép Chậm Elmich JEE-3898 200W - Hàng Chính Hãng,1941000.0,4934000.0,2993000.0,4.5,89,1,,https://tiki.vnmay-ep-cham-elmich-jee-3898-200w-hang-chinh-hang-p186278651.html?spid=190593272
174523824,Máy sấy tóc Panasonic EH-ND65-K645 – Công suất tương đương 2300W – Sấy nóng lạnh – Đầu sấy tạo kiểu 11mm – Hàng chính hãng,658000.0,750000.0,92000.0,5.0,11,1,,https://tiki.vnmay-say-toc-panasonic-eh-nd65-k645-cong-suat-tuong-duong-2300w-say-nong-lanh-dau-say-tao-kieu-11mm-hang-chinh-hang-p174523824.html?spid=270975144
159885560,Máy Xay Sinh Tố Philips HR2041/30 (450W) - Hàng Chính Hãng,999000.0,999000.0,0.0,3.0,1,1,,https://tiki.vnmay-xay-sinh-to-philips-hr2041-30-450w-hang-chinh-hang-p159885560.html?spid=159885562
147352662,Bình Đun Thủy Tinh PHILIPS HD9339/80 1.7lít - Hàng Chính Hãng,1003000.0,1299000.0,296000.0,5.0,28,1,,https://tiki.vnbinh-dun-thuy-tinh-philips-hd9339-80-1-7lit-hang-chinh-hang-p147352662.html?spid=147352663
126979953,Máy sấy tóc Philips BHD510/00 - Hàng Chính Hãng,1106000.0,1555000.0,449000.0,4.8,90,1,,https://tiki.vnmay-say-toc-philips-bhd510-00-hang-chinh-hang-p126979953.html?spid=126979954
105602373,Lon gas chuyên dụng Namilux - HÀNG CHÍNH HÃNG NAMILUX (MP),32000.0,32000.0,0.0,5.0,44,69337,,https://tiki.vnlon-gas-chuyen-dung-namilux-hang-chinh-hang-namilux-mp-p105602373.html?spid=153494969
64239886,Máy xay sinh tố cầm tay Philips HR2534 (650W) - Hàng chính hãng,795000.0,989000.0,194000.0,5.0,190,1,,https://tiki.vnmay-xay-sinh-to-cam-tay-philips-hr2534-650w-hang-chinh-hang-p64239886.html?spid=70817473
57899819,Nồi cơm cao tần Toshiba RC-18IX1PV (1.8 Lít) - Hàng Chính Hãng,2641000.0,3390000.0,749000.0,4.7,668,1,,https://tiki.vnnoi-com-cao-tan-toshiba-rc-18ix1pv-1-8-lit-hang-chinh-hang-p57899819.html?spid=58437311
50247154,Lõi lọc nước Toshiba F-1643-C1 - Hàng chính hãng,180500.0,219000.0,38500.0,5.0,67,1,,https://tiki.vnloi-loc-nuoc-toshiba-f-1643-c1-hang-chinh-hang-p50247154.html?spid=58342175
35216213,Máy cạo râu Xiaomi Enchen BlackStone - Hàng Nhập Khẩu,229000.0,290000.0,61000.0,4.7,131,129537,,https://tiki.vnmay-cao-rau-xiaomi-enchen-blackstone-hang-nhap-khau-p35216213.html?spid=181454465
31276266,Máy Hút Bụi Mini Cầm Tay DEERMA - Hàng Chính Hãng,559000.0,690000.0,131000.0,5.0,2,312964,,https://tiki.vnmay-hut-bui-mini-cam-tay-deerma-hang-chinh-hang-p31276266.html?spid=246855367
22526350,Ấm siêu tốc Daewoo DEK-MF180 (2.0L) - Hàng chính hãng,386000.0,759000.0,373000.0,4.6,14,1,,https://tiki.vnam-sieu-toc-daewoo-dek-mf180-2-0l-hang-chinh-hang-p22526350.html?spid=22526351
20831639," Bộ lõi lọc nước Kangaroo số 1, 2, 3 Hàng chính hãng",91000.0,91000.0,0.0,4.3,12,1957,,https://tiki.vnbo-loi-loc-nuoc-kangaroo-so-1-2-3-hang-chinh-hang-p20831639.html?spid=32563101
14678375,Quạt đứng Toshiba F-LSD10(W)VN (30W) - Hàng chính hãng,1712000.0,2290000.0,578000.0,4.7,808,1,,https://tiki.vnquat-dung-toshiba-f-lsd10-w-vn-30w-hang-chinh-hang-p14678375.html?spid=14678376
8420020,Nồi Cơm Điện Kangaroo KG822 (1.2L) - Hàng chính hãng,711000.0,1160000.0,449000.0,4.6,253,1,,https://tiki.vnnoi-com-dien-kangaroo-kg822-1-2l-hang-chinh-hang-p8420020.html?spid=8680475
973084,Quạt Hút Thông Gió Âm Trần Senko HT250 (40W) - Hàng Chính Hãng,318000.0,318000.0,0.0,5.0,10,187775,,https://tiki.vnquat-hut-thong-gio-am-tran-senko-ht250-40w-hang-chinh-hang-p973084.html?spid=101853291
279131917,Bếp điện từ Elmich ICE 3879 - Hàng Chính Hãng (Giao màu ngẫu nhiên),1909000.0,1909000.0,0.0,0.0,0,1,,https://tiki.vnbep-dien-tu-elmich-ice-3879-hang-chinh-hang-giao-mau-ngau-nhien-p279131917.html?spid=279131918
278899036,Ấm Đun Nước Siêu Tốc Hafele HS-K1707DX - 535.44.170 - 1.7L Hàng Chính Hãng,690000.0,1590000.0,900000.0,0.0,0,1,,https://tiki.vnam-dun-nuoc-sieu-toc-hafele-hs-k1707dx-535-44-170-1-7l-hang-chinh-hang-p278899036.html?spid=278899037
278849129,Máy làm sữa hạt Bear DJJ-D06W5 (SMM-4H06S)  - 1 Lít - Hàng Chính Hãng,919000.0,1490000.0,571000.0,5.0,1,1,,https://tiki.vnmay-lam-sua-hat-bear-djj-d06w5-smm-4h06s-1-lit-hang-chinh-hang-p278849129.html?spid=278849130
278755995,Máy lọc không khí Elmich APE9323 - Hàng chính hãng,2032000.0,5166000.0,3134000.0,0.0,0,1,,https://tiki.vnmay-loc-khong-khi-elmich-ape9323-hang-chinh-hang-p278755995.html?spid=278755997
278755969,"Nồi cơm điện Elmich RCE9258, dung tích 1.2L - Hàng chính hãng",881000.0,2381000.0,1500000.0,5.0,1,1,,https://tiki.vnnoi-com-dien-elmich-rce9258-dung-tich-1-2l-hang-chinh-hang-p278755969.html?spid=278755972
278634767,Ấm pha trà Bear 1.5L HK-5H15L96 Hàng chính hãng,790000.0,790000.0,0.0,5.0,1,20256,,https://tiki.vnam-pha-tra-bear-1-5l-hk-5h15l96-hang-chinh-hang-p278634767.html?spid=278634768
278091359,Quạt Đứng Philips CX1220/00 - Hàng Chính Hãng,983000.0,1229000.0,246000.0,5.0,1,1,,https://tiki.vnquat-dung-philips-cx1220-00-hang-chinh-hang-p278091359.html?spid=278091360
277809785,Lò chiên không dầu cao cấp 12L Elmich AFE-9158 - Hàng chính hãng,2365000.0,6392000.0,4027000.0,5.0,1,1,,https://tiki.vnlo-chien-khong-dau-cao-cap-12l-elmich-afe-9158-p277809785.html?spid=277809786
277508748,"Máy Xay Thịt Đa Năng 500W, 4 Lưỡi Dao, Dung Tích 3.5L – Xay Nhanh, Tiện Lợi - HÀNG CHÍNH HÃNG MINIIN",249000.0,249000.0,0.0,5.0,1,134678,,https://tiki.vnmay-xay-thit-da-nang-500w-4-luoi-dao-dung-tich-3-5l-xay-nhanh-tien-loi-hang-chinh-hang-miniin-p277508748.html?spid=277508749
277343008,Máy hút chân không bảo quản thực phẩm AL-13834 dùng cho gia đình - Hàng chính hãng,399000.0,445000.0,46000.0,0.0,0,108828,,https://tiki.vnmay-hut-chan-khong-bao-quan-thuc-pham-al-13834-khong-ken-tui-hang-chinh-hang-p277343008.html?spid=277343009
277030113,"Nồi cơm điện 1,5L Kangaroo KGRC15M2BE - Hàng chính hãng",769000.0,1290000.0,521000.0,4.5,2,1,,https://tiki.vnnoi-com-dien-1-5l-kangaroo-kgrc15m2be-hang-chinh-hang-p277030113.html?spid=277030114
276405961,Nồi Hấp Bear Nồi Hấp Điện 3 tầng Nồi Lẩu Điện Kèm Hấp Đa Năng Cảm Ứng Hấp Lẩu Hầm Healthy Tiết Kiệm Điện DZG-P20W7 - Hàng chính hãng,1288000.0,2450000.0,1162000.0,0.0,0,1,,https://tiki.vnnoi-hap-bear-noi-hap-dien-3-tang-noi-lau-dien-kem-hap-da-nang-cam-ung-hap-lau-ham-healthy-tiet-kiem-dien-dzg-p20w7-hang-chinh-hang-p276405961.html?spid=276405962
276235553,Máy xay đa năng 600ml BEAR QSJ- B02X5 (CH-4H02X),363000.0,799000.0,436000.0,5.0,1,1,,https://tiki.vnmay-xay-da-nang-600ml-bear-qsj-b02x5-ch-4h02x-p276235553.html?spid=276235556
276031804,NỒI CƠM ĐIỆN 1.8L SUNHOUSE SHD8611R (700W) - Hàng chính hãng,595000.0,1974000.0,1379000.0,5.0,3,1,,https://tiki.vnnoi-com-dien-1-8l-sunhouse-shd8611r-700w-hang-chinh-hang-p276031804.html?spid=276031805
275494230,Bàn ủi hơi nước cầm tay Philips STH3010/30  - Hàng chính hãng,808000.0,1299000.0,491000.0,5.0,2,1,,https://tiki.vnban-ui-hoi-nuoc-cam-tay-philips-sth3010-30-hang-chinh-hang-p275494230.html?spid=275494232
275481655,"Máy cạo râu Enchen Mini 6, lưỡi dao kép tự mài siêu mỏng, chống nước IPX7 cạo khô và ước, pin trâu - Hàng chính hãng",229000.0,290000.0,61000.0,4.3,7,312964,,https://tiki.vnmay-cao-rau-enchen-mini-6-luoi-dao-kep-tu-mai-sieu-mong-chong-nuoc-ipx7-cao-kho-va-uoc-pin-trau-hang-chinh-hang-p275481655.html?spid=275481656
275481464,Máy Cạo Râu Enchen BlackStone3 hệ thống thông minh ESM cạo râu khô và ướt - Hàng chính hãng,339000.0,490000.0,151000.0,4.7,9,312964,,https://tiki.vnmay-cao-rau-enchen-blackstone3-he-thong-thong-minh-esm-cao-rau-kho-va-uot-hang-chinh-hang-p275481464.html?spid=275481465
275376449,"Nồi điện, lẩu điện, chảo điện mini đa năng 2L gián hấp chiên xào (kèm khay hấp và tay cầm) - Hàng chính hãng",250000.0,350000.0,100000.0,5.0,7,236185,,https://tiki.vnnoi-dien-lau-dien-chao-dien-mini-da-nang-2l-gian-hap-chien-xao-kem-khay-hap-va-tay-cam-hang-chinh-hang-p275376449.html?spid=275376450
275114937,Máy Sấy Tóc SEKA SK2200 - Hàng Chính Hãng,111000.0,111000.0,0.0,5.0,2,11119,,https://tiki.vnmay-say-toc-seka-sk2200-hang-chinh-hang-p275114937.html?spid=275114940
275106463,"Quạt cầm tay mini siêu mát Rhino F401 tích điện với 5 mức độ gió, kèm đế, dây treo, lượng pin cao - Hàng chính hãng",105000.0,105000.0,0.0,0.0,0,125741,,https://tiki.vnquat-cam-tay-mini-sieu-mat-rhino-f401-tich-dien-voi-5-muc-do-gio-kem-de-day-treo-luong-pin-cao-hang-chinh-hang-p275106463.html?spid=275100919
275068671,Bếp đôi điện từ Sunhouse SHB82032-EC - Hàng chính hãng,3581000.0,9600000.0,6019000.0,5.0,7,1,,https://tiki.vnbep-doi-dien-tu-sunhouse-shb82032-ec-hang-chinh-hang-p275068671.html?spid=275068672
274965977,"Nồi cơm điện tử Kangaroo 1.8L model KG18DR12, dung tích 1.8L, công suất 760W, công nghệ nấu 1D, thực hiện đa dạng món ăn với 10 chức năng cài đặt sẵn - Hàng chính hãng",1221000.0,2520000.0,1299000.0,4.8,5,1,,https://tiki.vnnoi-com-dien-tu-1-8l-model-kg18dr12-hang-chinh-hang-p274965977.html?spid=274965980
274455555,Máy cạo râu khô và ướt Magic B-63- Hàng chính hãng,356000.0,990000.0,634000.0,4.5,8,1,,https://tiki.vnmay-cao-rau-magic-b-63-hang-chinh-hang-p274455555.html?spid=274455556
188997052,"Máy Cạo Râu Mini Đa Năng Nhật Bản, Dao Cạo Râu Điện Khô Sử Dụng Lưỡi Dao Cạo Râu 3 Cạnh Không Trầy Xước",190000.0,190000.0,0.0,3.9,7,241398,,https://tiki.vnmay-cao-rau-mini-da-nang-nhat-ban-dao-cao-rau-dien-kho-su-dung-luoi-dao-cao-rau-3-canh-khong-tray-xuoc-p188997052.html?spid=188997056
188131691,"Bút TDS thử nước sạch, Dụng cụ kiểm tra chất lượng nước, độ cứng của nước - Hàng Chính Hãng",120000.0,120000.0,0.0,4.7,7,279168,,https://tiki.vnbut-tds-thu-nuoc-sach-dung-cu-kiem-tra-chat-luong-nuoc-do-cung-cua-nuoc-bao-hanh-chinh-hang-1-nam-hang-chinh-hang-p188131691.html?spid=188131692
171686480,Máy sấy tóc Philips BHC010 - Hàng chính hãng,499000.0,549000.0,50000.0,5.0,2,162514,,https://tiki.vnmay-say-toc-philips-bhc010-hang-chinh-hang-p171686480.html?spid=171686482
147356515,Bàn ủi hơi nước cầm tay PHILIPS DST3030/70 2400W - Hàng Chính Hãng,831000.0,1199000.0,368000.0,4.6,22,1,,https://tiki.vnban-ui-hoi-nuoc-cam-tay-philips-dst3030-70-2400w-hang-chinh-hang-p147356515.html?spid=147356516
122646060,Bếp Hồng Ngoại Đơn Kangaroo KG20IFP1 (2000W) - Hàng Chính Hãng,590000.0,1010000.0,420000.0,4.8,79,1,,https://tiki.vnbep-hong-ngoai-don-kangaroo-kg20ifp1-2000w-hang-chinh-hang-p122646060.html?spid=122646062
65221065,Máy hút chân không tự động không kén túi P290B Hàng Nhập Khẩu,2590000.0,2590000.0,0.0,4.7,75,179711,,https://tiki.vnmay-hut-chan-khong-tu-dong-khong-ken-tui-p290b-hang-nhap-khau-p65221065.html?spid=93225609
48537880,Ấm Siêu Tốc Inox SUNHOUSE HAPPY TIME HTD1055 (1.5L) - Hàng Chính Hãng,154000.0,408000.0,254000.0,4.7,2495,1,,https://tiki.vnam-sieu-toc-inox-sunhouse-happy-time-htd1055-1-5l-hang-chinh-hang-p48537880.html?spid=48537881
48462032,Nồi Cơm Điện Lock&Lock EJR431 Dung Tích 1 lít (Hàng Chính Hãng),669000.0,899000.0,230000.0,4.6,58,6201,,https://tiki.vnnoi-com-dien-lock-lock-ejr431-dung-tich-1-lit-hang-chinh-hang-p48462032.html?spid=55770873
36785535,Bếp Từ Đơn Lock&Lock EJI411 (2000W) - Hàng Chính Hãng,1251150.0,2412000.0,1160850.0,4.7,805,1,,https://tiki.vnbep-tu-don-lock-lock-eji411-2000w-hang-chinh-hang-p36785535.html?spid=36785536
8420018,Máy Xay Sinh Tố Đa Năng Kangaroo KG3B6M - Hàng chính hãng,533000.0,1170000.0,637000.0,3.7,3,1,,https://tiki.vnmay-xay-sinh-to-da-nang-kangaroo-kg3b6m-hang-chinh-hang-p8420018.html?spid=8680490
3916645,Lò Vi Sóng Sharp R-202VN-S (20L) - Bạc - Hàng chính hãng,1526000.0,1690000.0,164000.0,4.6,88,1,,https://tiki.vnlo-vi-song-sharp-r-202vn-s-20l-bac-hang-chinh-hang-p3916645.html?spid=7759834
1037610,Máy Hút Bụi Philips FC9350 (1800W) - Đen - Hàng chính hãng,1941000.0,3309000.0,1368000.0,4.5,35,1,,https://tiki.vnmay-hut-bui-philips-fc9350-1800w-den-hang-chinh-hang-p1037610.html?spid=1065436
447313,Máy Cạo Râu Panasonic  ES-SL41-R453,1343000.0,1550000.0,207000.0,4.7,3,1,,https://tiki.vnmay-cao-rau-panasonic-pacr-es-sl41-s453-p447313.html?spid=154061
414764,Lò Vi Sóng Sharp R-205VN(S) - 20L - Hàng chính hãng,1512000.0,1690000.0,178000.0,4.7,1210,1,,https://tiki.vnlo-vi-song-sharp-r-205vn-s-20l-hang-chinh-hang-p414764.html?spid=117842
392729,Máy Ép Trái Cây Philips HR1811 (300W) - Trắng Xanh - Hàng chính hãng,844000.0,1449000.0,605000.0,4.5,370,1,,https://tiki.vnmay-ep-trai-cay-philips-hr1811-300w-trang-xanh-hang-chinh-hang-p392729.html?spid=93711
278990619,Bàn ủi hơi nước Philips DST2010/20 2000W - Hàng chính hãng,699000.0,699000.0,0.0,0.0,0,1,,https://tiki.vnban-ui-hoi-nuoc-philips-dst2010-20-2000w-hang-chinh-hang-p278990619.html?spid=278990621
278966307,Máy tạo kiểu râu khô Philips BT3206/14 - Hàng chính hãng,655000.0,655000.0,0.0,5.0,1,1,,https://tiki.vnmay-tao-kieu-rau-kho-philips-bt3206-14-hang-chinh-hang-p278966307.html?spid=278966308
278872428,Tủ sấy quần áo Elmich CDE-8641 - Hàng Chính Hãng,1358000.0,3482000.0,2124000.0,5.0,1,1,,https://tiki.vntu-say-quan-ao-elmich-cde-8641-hang-chinh-hang-p278872428.html?spid=278872437
278843296,Nồi Lẩu Điện Đa Năng Magic A-041 Hàng chính hãng,689000.0,689000.0,0.0,0.0,0,20256,,https://tiki.vnnoi-lau-dien-da-nang-magic-a-041-hang-chinh-hang-p278843296.html?spid=278843297
278755955,Ấm siêu tốc Elmich KEE9140PG - Hàng chính hãng,676000.0,1814000.0,1138000.0,0.0,0,1,,https://tiki.vnam-sieu-toc-elmich-kee9140pg-hang-chinh-hang-p278755955.html?spid=278755956
278755423,Máy lọc không khí Elmich APE9325 - Hàng chính hãng,3186000.0,8316000.0,5130000.0,0.0,0,1,,https://tiki.vnmay-loc-khong-khi-elmich-ape9325-hang-chinh-hang-p278755423.html?spid=278755424
278681004,Máy xay sinh tố cầm tay Elmich 1000ml BLE9184 - Hàng chính hãng,648000.0,990000.0,342000.0,0.0,0,1,,https://tiki.vnmay-xay-sinh-to-cam-tay-elmich-1000ml-ble9184-hang-chinh-hang-p278681004.html?spid=278681005
278469183,"Nồi Chiên Hấp Đa Năng OLIVO SF20 PRO - Dung tích vượt trội 20L, Ứng dụng công nghệ hiện đại bậc nhất - 70 Chế Độ Cài Sẵn- Hàng Chính Hãng",6390000.0,6390000.0,0.0,0.0,0,308020,,https://tiki.vnnoi-chien-hap-da-nang-olivo-sf20-pro-dung-tich-vuot-troi-20l-ung-dung-cong-nghe-hien-dai-bac-nhat-70-che-do-cai-san-hang-chinh-hang-p278469183.html?spid=278469184
277520301,Tủ Sấy Quần Áo Đạt Tường DTSQA-C01 - Màu Ngẫu Nhiên - Hàng Chính Hãng,1000000.0,1000000.0,0.0,0.0,0,11119,,https://tiki.vntu-say-quan-ao-dat-tuong-dtsqa-c01-mau-ngau-nhien-hang-chinh-hang-p277520301.html?spid=277520302
276613272,Bàn Là Ủi Áo Quần Hơi Nước Cầm Tay Tiện Lợi Loại 1 Hàng Chính Hãng - Là Được Tất Cả Loại Vải- Gấp Gọn Tiện Dụng,349000.0,349000.0,0.0,4.5,2,158877,,https://tiki.vnban-la-ui-ao-quan-hoi-nuoc-cam-tay-tien-loi-loai-1-hang-chinh-hang-la-duoc-tat-ca-loai-vai-gap-gon-tien-dung-p276613272.html?spid=275428227
276480851,"Ấm đun siêu tốc Locknlock Glass electric kettle EJK256BLK - 220-240V, 50-60Hz, 1850-2200W, Dung tích 1.8L- Màu đen - Hàng chính hãng",520600.0,924000.0,403400.0,4.7,7,1,,https://tiki.vnam-dun-sieu-toc-locknlock-glass-electric-kettle-ejk256blk-220-240v-50-60hz-1850-2200w-dung-tich-1-8l-mau-den-p276480851.html?spid=276480852
276309059,"Máy sưởi gốm có phun sương tạo ẩm không khô da KORENO, quạt sưởi ấm không đốt oxi đổ tự ngắt tiết kiệm điện hàng chính hãng",1850000.0,1850000.0,0.0,5.0,2,297289,,https://tiki.vnmay-suoi-gom-co-phun-suong-tao-am-khong-kho-da-koreno-quat-suoi-am-khong-dot-oxi-do-tu-ngat-tiet-kiem-dien-hang-chinh-hang-p276309059.html?spid=276309060
274106659,Nồi Cơm Điện Tử Mini Philips HD3170/66 - 600W - 0.85 Lít - Hàng Chính Hãng,910000.0,1290000.0,380000.0,4.8,8,1,,https://tiki.vnnoi-com-dien-tu-mini-philips-hd3170-66-600w-0-85-lit-hang-chinh-hang-p274106659.html?spid=275126343
274069716,Nồi áp suất điện tử Elmich PCE-8571 - Hàng chính hãng,1588000.0,4383000.0,2795000.0,3.9,11,1,,https://tiki.vnnoi-ap-suat-dien-tu-elmich-pce-8571-p274069716.html?spid=274069773
273640582,Máy sấy tóc Elmich HDE-1813 - Hàng Chính Hãng,278000.0,772000.0,494000.0,5.0,4,1,,https://tiki.vnmay-say-toc-elmich-hde-1813-hang-chinh-hang-p273640582.html?spid=273953688
273582203,Bếp Nướng Điện DAMAS Electric Grill DK 7558 - Công suất 1500W mạnh mẽ - Thiết kế rãnh thoát dầu mỡ tiện dụng - Lớp phủ chống dính Greblon từ Đức - Hàng chính hãng,339000.0,590000.0,251000.0,4.3,12,44857,,https://tiki.vnbep-nuong-dien-damas-electric-grill-dk-7558-cong-suat-1500w-manh-me-thiet-ke-co-ranh-thoat-dau-mo-tien-dung-cong-nghe-phu-chong-dinh-da-lop-greblon-tu-duc-hang-chinh-hang-p273582203.html?spid=273582204
248703712,"Máy pha cà phê mini Bear, máy pha cafe mini tự động dung tích 600ml, Anh Lam Store - Hàng chính hãng",533500.0,550000.0,16500.0,3.8,5,236185,,https://tiki.vnmay-pha-ca-phe-mini-bear-may-pha-cafe-mini-tu-dong-dung-tich-600ml-anh-lam-store-p248703712.html?spid=273818850
220700757,Nồi Cơm Điện Tử Sharp KS-COM183MV-WH 1.8L -Hàng Chính Hãng,1074000.0,1300000.0,226000.0,0.0,0,1,,https://tiki.vnnoi-com-dien-tu-sharp-ks-com183mv-wh-1-8l-chinh-hang-p220700757.html?spid=225916368
215890753,"Combo 2 bộ lọc thô 123 + 2 lõi số 1 (4 lõi số 1, 2 lõi số 2, 2 lõi số 3) cho máy Kangaroo hàng chính hãng",127000.0,127000.0,0.0,4.8,23,55218,,https://tiki.vncombo-2-bo-loc-tho-123-2-loi-so-1-4-loi-so-1-2-loi-so-2-2-loi-so-3-cho-may-kangaroo-hang-chinh-hang-p215890753.html?spid=215890757
210298125,Combo 3 lõi số 1 - Công nghệ vi lọc Karofi hàng chính hãng,160000.0,160000.0,0.0,5.0,3,11119,,https://tiki.vncombo-3-loi-so-1-cong-nghe-vi-loc-karofi-hang-chinh-hang-p210298125.html?spid=215286179
209408812,Quạt Điện Đứng Senko L1638 - Giao Màu Ngẫu Nhiên - Hàng Chính Hãng,378000.0,378000.0,0.0,0.0,0,187775,,https://tiki.vnquat-dien-dung-senko-l1638-giao-mau-ngau-nhien-hang-chinh-hang-p209408812.html?spid=262695613
208619044,Ấm Siêu Tốc 2 Lớp Cuckoo MINIIN- Ấm Đun Nước Siêu Tốc Công Suất Lớn 1500W Dung Tích 2.5L - Hàng Chính Hãng Loại 1,129000.0,129000.0,0.0,4.0,17,134678,,https://tiki.vnam-sieu-toc-2-lop-cuckoo-miniin-am-dun-nuoc-sieu-toc-cong-suat-lon-1500w-dung-tich-2-5l-binh-dun-sieu-toc-p208619044.html?spid=208619048
188996248,"Máy Cạo Râu Mini Bỏ Túi Cao Cấp, 3 Lưỡi Siêu Nhỏ Gọn Công Nghệ Nhật Bản, Siêu Bén, Siêu An Toàn, Công Suất Lớn",190000.0,190000.0,0.0,4.5,18,241398,,https://tiki.vnmay-cao-rau-mini-bo-tui-cao-cap-3-luoi-sieu-nho-gon-cong-nghe-nhat-ban-sieu-ben-sieu-an-toan-cong-suat-lon-p188996248.html?spid=188996254
186349231,Lõi lọc không khí Xiaomi Smart Air Purifier 4 Lite FILTER (BỘ LỌC) - Hàng chính hãng,790000.0,790000.0,0.0,0.0,0,290542,,https://tiki.vnloi-loc-khong-khi-xiaomi-4-lite-mi-air-purifier-khang-khuan-m17-flp-gl-chinh-hang-p186349231.html?spid=186349238
185549901,Quạt lỡ Senko LTS1636 Đen Cam - Hàng Chính Hãng,452000.0,452000.0,0.0,5.0,1,187775,,https://tiki.vnquat-lo-senko-lts1636-den-cam-hang-chinh-hang-p185549901.html?spid=195971121
147903536,Bếp Từ Đơn Sunhouse SHD6803 (2000W) - Kèm Nồi Lẩu - Hàng Chính Hãng,863000.0,2436000.0,1573000.0,4.7,492,1,,https://tiki.vnbe-p-tu-don-sunhouse-shd6803-1800w-kem-noi-lau-hang-chinh-hang-p147903536.html?spid=147903538
140864366,Nồi chiên không dầu kết hợp áp suất đa năng Elmich AFE-1808 - Hàng chính hãng,2118000.0,5244000.0,3126000.0,5.0,6,1,,https://tiki.vnnoi-chien-khong-dau-ket-hop-ap-suat-da-nang-elmich-afe-1808-hang-chinh-hang-p140864366.html?spid=145206264
116254794,Tông đơ Cắt Tóc Trẻ Em Jichen - Hàng Chính Hãng,117000.0,117000.0,0.0,5.0,13,173338,,https://tiki.vntong-do-cat-toc-chinh-hang-jichen-tong-do-jichen-tong-do-hot-toc-tre-em-dung-cu-cat-toc-tai-nha-p116254794.html?spid=137519097
101361524,Bộ 3 lõi lọc thô Korihome gồm 2 Sediment và 1 Pre carbon - Hàng chính Hãng,305000.0,305000.0,0.0,4.7,18,55218,,https://tiki.vnbo-3-loi-loc-tho-korihome-gom-2-sediment-va-1-pre-carbon-hang-chinh-hang-p101361524.html?spid=101361525
48962414,Lò Vi Sóng Sharp R-208VN-WS (20L) - Hàng Chính Hãng,1490000.0,1750000.0,260000.0,4.7,368,1,,https://tiki.vnlo-vi-song-sharp-r-208vn-ws-20l-hang-chinh-hang-p48962414.html?spid=48962415
4534531,Máy Làm Sữa Chua Lock&Lock EJY110SLV (1000ml) - Hàng chính hãng,376000.0,691000.0,315000.0,4.5,902,1,,https://tiki.vnmay-lam-sua-chua-lock-lock-ejy110slv-1000ml-hang-chinh-hang-p4534531.html?spid=4534533
4526261,Quạt đứng Senko DTS1607 - Hàng chính hãng,485000.0,485000.0,0.0,5.0,144,187775,,https://tiki.vnquat-dung-senko-dts1607-hang-chinh-hang-p4526261.html?spid=101857898
650250,Máy Hấp Thực Phẩm Magic Korea A64 (5.0 Lít) - Hàng chính hãng,353000.0,499000.0,146000.0,4.5,1680,1,,https://tiki.vnmay-hap-thuc-pham-magic-korea-a64-5-0-lit-hang-chinh-hang-p650250.html?spid=650370
530774,Bếp Hồng Ngoại Sunhouse SHD6011 (2000W) - Đen- hàng chính hãng,546000.0,1857000.0,1311000.0,4.7,2725,1,,https://tiki.vnbep-hong-ngoai-sunhouse-shd6011-2000w-den-hang-chinh-hang-p530774.html?spid=251421
526678,Máy May Brother JA1400 (50W) - Hàng chính hãng,3090000.0,3090000.0,0.0,5.0,7,153,,https://tiki.vnmay-may-brother-ja1400-50w-hang-chinh-hang-p526678.html?spid=28415143
506949,Máy Vắt Sổ Brother 2104D - Trắng - Hàng chính hãng,7899000.0,7899000.0,0.0,4.6,12,40780,,https://tiki.vnmay-vat-so-brother-2104d-trang-hang-chinh-hang-p506949.html?spid=15315795
468656,Bình Thủy Điện Tử Panasonic NC-EG4000CSY 4L - Hàng chính hãng,2076000.0,2500000.0,424000.0,4.7,200,1,,https://tiki.vnbinh-thuy-dien-tu-panasonic-nc-eg4000csy-4l-hang-chinh-hang-p468656.html?spid=178085
449508,Bếp Hồng Ngoại Cảm Ứng Sunhouse SHD6005 (Kèm Vỉ Nướng) - Hàng chính hãng,693000.0,2125000.0,1432000.0,4.5,19,1,,https://tiki.vnbe-p-ho-ng-ngoa-i-ca-m-u-ng-sunhouse-shd6005-ke-m-vi-nuo-ng-hang-chinh-hang-p449508.html?spid=156520
447316,Máy Cạo Râu Panasonic PACR-ES534DP527 - Hàng Chính Hãng,213000.0,250000.0,37000.0,4.5,93,1,,https://tiki.vnmay-cao-rau-panasonic-pacr-es534dp527-hang-chinh-hang-p447316.html?spid=154064
374118,Nồi Cơm Điện Tử Cuckoo CR-0631F (1L) - Hàng Chính Hãng,2155000.0,2989000.0,834000.0,4.7,113,1,,https://tiki.vnnoi-com-dien-tu-cuckoo-cr-0631f-1l-hang-chinh-hang-p374118.html?spid=72160
278989381,"Nồi Nấu Chậm 1,6L Bear SUBE002 Đa Năng Bản Tiếng Viết - Hồng - Hàng Chính Hãng",740000.0,1350000.0,610000.0,0.0,0,1,,https://tiki.vnnoi-nau-cham-1-6l-bear-sube002-da-nang-ban-tieng-viet-hong-hang-chinh-hang-p278989381.html?spid=278989382
278856227,[GIFT] Hộp sấy giày LG PDKACC01.ASTD - Hàng chính hãng,990000.0,990000.0,0.0,0.0,0,1,,https://tiki.vngift-gift-hop-say-giay-lg-pdkacc01-astd-hang-chinh-hang-p278856227.html?spid=278856228
278843300,"Lò vi sóng Toshiba MW2-MM20P(BK) - Dung tích 20 lít, 5 mức công suất, Kết hợp chống thấm 3 lớp, Kháng khuẩn bên trong lò - Hàng chính hãng",1890000.0,1890000.0,0.0,0.0,0,1,,https://tiki.vnlo-vi-song-toshiba-mw2-mm20p-bk-dung-tich-20-lit-5-muc-cong-suat-ket-hop-chong-tham-3-lop-khang-khuan-ben-trong-lo-hang-chinh-hang-p278843300.html?spid=278843301
278755962,Ấm siêu tốc Elmich KEE9141WG - Hàng chính hãng,653000.0,1765000.0,1112000.0,0.0,0,1,,https://tiki.vnam-sieu-toc-elmich-kee9141wg-hang-chinh-hang-p278755962.html?spid=278755964
278398511,"Lẩu điện mini đa năng Sunhouse SHD4516, SHD4517 - Đa năng 4in1 - Lòng nồi inox 304 - Tích hợp tay cầm - Gia nhiệt trực tiếp - Hàng chính hãng",371000.0,1075000.0,704000.0,0.0,0,1,,https://tiki.vnlau-dien-mini-da-nang-sunhouse-shd4516-shd4517-da-nang-4in1-long-noi-inox-304-tich-hop-tay-cam-gia-nhiet-truc-tiep-hang-chinh-hang-p278398511.html?spid=278398513
278097488,"Nồi chiên không dầu thế hệ mới dung tích lớn, công suất 1500W - Hàng nhập khẩu",575000.0,650000.0,75000.0,5.0,1,236185,,https://tiki.vnnoi-chien-khong-dau-the-he-moi-dung-tich-lon-cong-suat-1500w-hang-nhap-khau-p278097488.html?spid=278097494
277809683,Máy xay làm sữa hạt Elmich CBE-8974 - Hàng chính hãng,2103000.0,5258000.0,3155000.0,0.0,0,1,,https://tiki.vnmay-xay-lam-sua-hat-elmich-cbe-8974-p277809683.html?spid=277809684
276744176,Nồi chiên hơi nước TAPUHO TSF16 COLOR bản đặc biệt - Hàng Chính Hãng,5380000.0,5380000.0,0.0,5.0,2,308020,,https://tiki.vnnoi-chien-hoi-nuoc-tapuho-tsf16-color-ban-dac-biet-hang-chinh-hang-p276744176.html?spid=276744177
275782890,Máy làm sữa hạt Hafele HS-B151NW - HÀNG CHÍNH HÃNG - 535.43.485,1475000.0,2390000.0,915000.0,0.0,0,1,,https://tiki.vnmay-lam-sua-hat-hafele-hs-b151nw-535-43-485-p275782890.html?spid=278899427
275613083,"Quạt điện lửng Mitomo FCE-60HEV, công suất 60W mạnh mẽ, động cơ dây đồng - hàng chính hãng bảo hành 2 năm",759000.0,1255000.0,496000.0,5.0,1,123800,,https://tiki.vnquat-dien-lung-mitomo-fce-60hev-cong-suat-60w-manh-me-dong-co-day-dong-hang-chinh-hang-bao-hanh-2-nam-p275613083.html?spid=275613084
275513384,"Ấm đun siêu tốc Daewoo 1.7L DWK-17DGT Hàng Chính Hãng điều khiển cảm ứng, chỉnh nhiều mức nhiệt, bảo hành 2 năm",562000.0,990000.0,428000.0,5.0,13,1,,https://tiki.vnam-dun-sieu-toc-daewoo-1-7l-dwk-17dgt-dieu-khien-cam-ung-chinh-nhieu-muc-nhiet-bao-hanh-2-nam-p275513384.html?spid=275714255
275300741,[Hàng chính hãng] Máy pha cà phê espresso DeLonghi Stilosa EC230.BK,3490000.0,6150109.0,2660109.0,4.0,1,355771,,https://tiki.vnhang-chinh-hang-may-pha-ca-phe-espresso-delonghi-stilosa-ec230-bk-p275300741.html?spid=275300742
275271315,Máy Xay Hạt Tiêu Hạt Cafe Hạt Khô Gia Vị Đa Năng Công Suất 250w 8 Lưỡi Dao Cực Bén Chất Liệu Cối Inox - Hàng Nhập Khẩu,155000.0,175000.0,20000.0,4.5,9,108828,,https://tiki.vnmay-xay-hat-tieu-hat-cafe-hat-kho-gia-vi-da-nang-cong-suat-300w-8-luoi-dao-cuc-ben-chat-lieu-coi-inox-hang-nhap-khau-p275271315.html?spid=275271316
274851787,Bếp điện từ Smaragd MUNICH Hàng chính hãng,3890000.0,3890000.0,0.0,0.0,0,20256,,https://tiki.vnbep-dien-tu-smaragd-munich-hang-chinh-hang-p274851787.html?spid=274851788
274324174,Lò vi sóng cơ không nướng Sharp R-211TV-SL 21 lít - Hàng chính hãng - Bảo hành 12 tháng,1673000.0,2090000.0,417000.0,5.0,2,1,,https://tiki.vnlo-vi-song-co-khong-nuong-sharp-r-211tv-sl-21-lit-hang-chinh-hang-bao-hanh-12-thang-p274324174.html?spid=275821483
263079158,Máy Đánh Trứng Philips HR3745/00 (450W) - Hàng Chính Hãng,1193000.0,1499000.0,306000.0,5.0,1,1,,https://tiki.vnmay-danh-trung-philips-hr3745-00-450w-hang-chinh-hang-p263079158.html?spid=263079159
260224713,Nồi cơm điện cao tần Daewoo DWRC-G411IH 1.8L lòng nồi cực dày - Hàng chính hãng,1881000.0,2990000.0,1109000.0,3.0,2,1,,https://tiki.vnnoi-com-dien-cao-tan-1-8l-daewoo-dwrc-g411ih-cong-suat-1200w-bao-hanh-1-nam-p260224713.html?spid=275498402
253414577,"Máy sấy tóc Philips BHD308/10 - Sấy khô tóc mạnh mẽ - Chính hãng, bảo hành 2 năm",577000.0,835000.0,258000.0,0.0,0,1,,https://tiki.vnmay-say-toc-philips-bhd308-10-say-kho-toc-manh-me-chinh-hang-bao-hanh-2-nam-p253414577.html?spid=273866574
253133968,"Nồi Chưng Yến Tiềm Thuốc Bắc, Nấu Cháo Bear SUBE002 Gồm 3 Thố Và Khay Hấp Dung Tích 1.6 Lít Công Suất 200 W - Hàng Chính Hãng",990000.0,990000.0,0.0,0.0,0,20256,,https://tiki.vnnoi-chung-yen-noi-tiem-thuoc-bac-noi-nau-chao-cham-bear-sube002-gom-3-tho-va-khay-hap-dung-tich-1-6-lit-cong-suat-200-w-hang-chinh-hang-p253133968.html?spid=275584883
242657514,"Lẩu điện Sunhouse SHD4528, Công suất 1200W, Dung tích 3.5 lít, Lòng nồi inox phủ chống dính cao cấp, Bảo hành 12 tháng",490000.0,1703000.0,1213000.0,4.5,5,1,,https://tiki.vnlau-dien-sunhouse-shd4528-cong-suat-1200w-dung-tich-3-5-lit-long-noi-inox-phu-chong-dinh-cao-cap-bao-hanh-12-thang-p242657514.html?spid=272452658
201622469,Máy pha cà phê tự động Bear CF-B02V1 - Hàng chính hãng,1017000.0,1900000.0,883000.0,4.6,16,1,,https://tiki.vnmay-pha-ca-phe-tu-dong-bear-cf-b02v1-hang-chinh-hang-p201622469.html?spid=263202981
199739899,Máy Lọc Không Khí Philips AC0850 /20 (20W) - Hàng Chính Hãng,4590000.0,4590000.0,0.0,4.8,5,1,,https://tiki.vnmay-loc-khong-khi-philips-ac0850-20-20w-hang-chinh-hang-p199739899.html?spid=199739901
165927311,Nồi Điện Đa Năng BEAR DHG-C40M1 4L Nấu Siêu Nhanh Cao Cấp Công Suất 1500W - Hàng Chính Hãng,961000.0,1800000.0,839000.0,5.0,2,1,,https://tiki.vnnoi-dien-da-nang-bear-dhg-c40m1-4l-nau-sieu-nhanh-cao-cap-cong-suat-1500w-hang-chinh-hang-p165927311.html?spid=270748957
163825318,Máy Xay Thịt 2 Lưỡi Dao Kép DAMAS KF-260 (2 Lít - 300W) - Hàng Chính Hãng,429000.0,800000.0,371000.0,4.7,69,44857,,https://tiki.vnmay-xay-thit-2-luoi-dao-kep-damas-kf-260-2-lit-300w-hang-chinh-hang-p163825318.html?spid=163825319
162870017,Quạt treo tường Kangaroo KG724 - Hàng chính hãng,930000.0,1400000.0,470000.0,3.7,3,1,,https://tiki.vnquat-treo-tuong-kangaroo-kg724-hang-chinh-hang-p162870017.html?spid=162870018
162838903,Máy ép tóc Philips HP8401/00 - Hàng Chính Hãng,488000.0,685000.0,197000.0,4.8,16,1,,https://tiki.vnmay-ep-toc-philips-hp8401-00-hang-chinh-hang-p162838903.html?spid=162838904
102551598,Quạt Sạc Tích Điện Sunhouse SHD7223 (24W) - Hàng Chính Hãng,1346000.0,4568000.0,3222000.0,4.5,19,1,,https://tiki.vnquat-sac-tich-dien-sunhouse-shd7223-24w-hang-chinh-hang-p102551598.html?spid=174052940
57588481,Nồi Điện Đa Năng Lock&Lock EJP116BLK (0.8 Lít) - Hàng Chính Hãng,533000.0,979000.0,446000.0,4.7,1395,1,,https://tiki.vnnoi-dien-da-nang-lock-lock-ejp116blk-0-8-lit-hang-chinh-hang-p57588481.html?spid=57588482
48962562,Máy Vắt Cam SHARP EJ-J256-WH - Hàng Chính Hãng,248000.0,249000.0,1000.0,4.7,215,1,,https://tiki.vnmay-vat-cam-sharp-ej-j256-wh-hang-chinh-hang-p48962562.html?spid=48962563
36626940,Nồi Chiên Không Dầu Điện Tử Lock&Lock EJF357BLK (5.2 Lít) - Hàng Chính Hãng,2150000.0,5215000.0,3065000.0,4.7,6563,1,,https://tiki.vnnoi-chien-khong-dau-dien-tu-lock-lock-ejf357blk-5-2-lit-hang-chinh-hang-p36626940.html?spid=36626941
33414955,Tông đơ cắt tóc xiaomi Enchen Boost phiên bản mới 2020 hàng chính hãng,265000.0,265000.0,0.0,4.6,538,16996,,https://tiki.vntong-do-cat-toc-xiaomi-enchen-boost-phien-ban-moi-2019-hang-chinh-hang-p33414955.html?spid=33415100
22526340,Nồi chiên không dầu Daewoo DEF-DM555 (2.6L) - Hàng chính hãng,990000.0,2190000.0,1200000.0,4.5,10,1,,https://tiki.vnnoi-chien-khong-dau-daewoo-def-dm555-2-6l-hang-chinh-hang-p22526340.html?spid=22526341
13441909,Nồi áp suất PHILIPS HD2103/66 - Hàng Nhập Khẩu,1580000.0,2209000.0,629000.0,4.3,8,1,,https://tiki.vnnoi-ap-suat-philips-hd2103-66-hang-nhap-khau-p13441909.html?spid=42090821
9483224,"Combo 3 lõi lọc nước Karofi 1,2,3 chính hãng",122000.0,122000.0,0.0,4.8,101,55218,,https://tiki.vncombo-3-loi-loc-nuoc-karofi-1-2-3-chinh-hang-p9483224.html?spid=38572025
6768703,Nồi Cơm Điện Nắp Gài Sunhouse SHD8217W (1.2L) - Hàng chính hãng,538000.0,1769000.0,1231000.0,4.7,161,1,,https://tiki.vnnoi-com-dien-nap-gai-sunhouse-shd8217w-1-2l-hang-chinh-hang-p6768703.html?spid=6768705
2635471,Quạt Đứng Toshiba F-LSD10(H)VN (30W) - Xám - Hàng chính hãng,1665000.0,2290000.0,625000.0,4.5,372,1,,https://tiki.vnquat-dung-toshiba-f-lsd10-h-vn-30w-xam-hang-chinh-hang-p2635471.html?spid=2635473
1941995,Lò Nướng Sharp EO-A323RCSV-ST (32L) - Hàng Chính Hãng,1854000.0,2520000.0,666000.0,4.5,142,1,,https://tiki.vnlo-nuong-sharp-eo-a323rcsv-st-32l-hang-chinh-hang-p1941995.html?spid=1941997
811792,Nồi Cơm Điện Đa Năng Sunhouse SHD8602 (1.8L) – Trắng- Hàng chính hãng,499000.0,1528000.0,1029000.0,3.7,38,1,,https://tiki.vnnoi-com-dien-da-nang-sunhouse-shd8602-1-8l-trang-hang-chinh-hang-p811792.html?spid=1113744
444408,Nồi Áp Suất Điện Tử Philips HD2136 (5 Lít) - Hàng Chính Hãng,2729000.0,2729000.0,0.0,4.7,341,1,,https://tiki.vnnoi-ap-suat-dien-tu-philips-hd2136-5-lit-hang-chinh-hang-p444408.html?spid=150797
278848911,Nồi lẩu nướng điện đa năng 4L Bear DHG- C40W2 (HP-4H40D) - Hàng Chính Hãng,847000.0,1520000.0,673000.0,0.0,0,1,,https://tiki.vnnoi-lau-nuong-dien-da-nang-4l-bear-dhg-c40w2-hp-4h40d-hang-chinh-hang-p278848911.html?spid=278848912
278817809,Lò vi sóng Sharp R-2030E- CH 20 lít - 5 mức công suất 800W - Hàng Chính Hãng,1323000.0,1990000.0,667000.0,5.0,2,1,,https://tiki.vnlo-vi-song-sharp-r-2030e-ch-20-lit-5-muc-cong-suat-800w-hang-chinh-hang-p278817809.html?spid=278817810
278755963,Máy xay sinh tố Elmich BLE8764 - Hàng chính hãng,775000.0,2039000.0,1264000.0,0.0,0,1,,https://tiki.vnmay-xay-sinh-to-elmich-ble8764-hang-chinh-hang-p278755963.html?spid=278755965
278731325,Nồi cơm điện Philips Series 1000 HD3008/30 - Hàng chính hãng,980000.0,980000.0,0.0,0.0,0,1,,https://tiki.vnnoi-com-dien-philips-series-1000-hd3008-30-hang-chinh-hang-p278731325.html?spid=278731326
278704276,Bình đun siêu tốc Braun WK1100BK - Hàng chính hãng ,677000.0,999000.0,322000.0,0.0,0,1,,https://tiki.vnbinh-dun-sieu-toc-braun-wk1100bk-hang-chinh-hang-p278704276.html?spid=278704277
278113671,"Quạt Tích Điện Mini Cầm Tay Teement , Màn Hình Led, 100 Tốc Độ Gió ,cầm Tay Thông Minh, Màn Hình Hiển Thị Kỹ Thuật Số, Pin 2000mah Siêu Mát - Hàng Chính Hãng",220000.0,220000.0,0.0,4.3,4,277179,,https://tiki.vnquat-tich-dien-mini-cam-tay-teement-man-hinh-led-100-toc-do-gio-cam-tay-thong-minh-man-hinh-hien-thi-ky-thuat-so-pin-2000mah-sieu-mat-hang-chinh-hang-p278113671.html?spid=278113673
277933416,Nồi điện đa năng BEAR DHG-C40V2 (HP-4H40F) - Hàng chính hãng,630000.0,1021000.0,391000.0,0.0,0,1,,https://tiki.vnnoi-dien-da-nang-bear-dhg-c40v2-hang-chinh-hang-p277933416.html?spid=277933417
277810126,Ấm đun nước siêu tốc Elmich KEE9144 - Hàng chính hãng,615000.0,990000.0,375000.0,0.0,0,1,,https://tiki.vnam-dun-nuoc-sieu-toc-elmich-kee9144-p277810126.html?spid=277810128
277619365,Tăm nước Xiaomi Water Flosser 2 - GiaPhucStore | Hàng Nhập Khẩu,890000.0,890000.0,0.0,0.0,0,34716,,https://tiki.vntam-nuoc-xiaomi-water-flosser-2-giaphucstore-hang-nhap-khau-p277619365.html?spid=277619366
276850079,Ấm Siêu Tốc 2.5L GUGKDD GD-ST20 - Màu Ngẫu Nhiên - Hàng Chính Hãng,120000.0,120000.0,0.0,0.0,0,11119,,https://tiki.vnam-sieu-toc-2-5l-gugkdd-gd-st20-mau-ngau-nhien-hang-chinh-hang-p276850079.html?spid=276850081
276568878,"Máy làm sữa hạt Joyoung JSM-135 - Dung tích 1.2L, Công suất 400W, chữ tiếng Việt - Hàng chính hãng",1092000.0,1990000.0,898000.0,0.0,0,1,,https://tiki.vnmay-lam-sua-hat-joyoung-jsm-135-dung-tich-1-2l-cong-suat-400w-chu-tieng-viet-hang-chinh-hang-p276568878.html?spid=279071461
276075547,Máy Hút Bụi Philips FC9570/01 - Hàng chính hãng,3312000.0,3990000.0,678000.0,5.0,1,1,,https://tiki.vnmay-hut-bui-philips-fc9570-01-hang-chinh-hang-p276075547.html?spid=276075548
275494221,Nồi chiên không dầu Philips 9 lít NA352/00 - 02 ngăn riêng biệt  - Hàng chính hãng,4236000.0,5349000.0,1113000.0,0.0,0,1,,https://tiki.vnnoi-chien-khong-dau-philips-9-lit-na352-00-02-ngan-rieng-biet-hang-chinh-hang-p275494221.html?spid=275494222
275348694,"Máy bơm , hút chân không 2 chức năng bơm và hút tiện lợi . Máy bơm phao , bóng , ghế , nệm hơi..vv.Máy hút chân không chăn màng , quần áo , gấu bông dùng điện 220V - Hàng chính hãng",103530.0,170000.0,66470.0,5.0,1,137411,,https://tiki.vnmay-bom-hut-chan-khong-2-chuc-nang-bom-va-hut-tien-loi-may-bom-phao-bong-ghe-nem-hoi-vv-may-hut-chan-khong-chan-mang-quan-ao-gau-bong-dung-dien-220v-hang-chinh-hang-p275348694.html?spid=275348696
274958810,"Nồi cơm điện mini 0.6L Bianco LocknLock EJR314IVY, Hàng chính hãng, Đa chức năng, Phủ men sứ, Nấu nhanh - JoyMall",2022300.0,2247000.0,224700.0,5.0,1,38510,,https://tiki.vnnoi-com-dien-mini-0-6l-bianco-locknlock-ejr314ivy-hang-chinh-hang-da-chuc-nang-phu-men-su-nau-nhanh-joymall-p274958810.html?spid=274958812
274371719,Máy cạo râu mini xiaomi enchen mini 6 phiên bản mới 2024 - Hàng nhập khẩu,229000.0,290000.0,61000.0,4.6,45,129537,,https://tiki.vnmay-cao-rau-mini-xiaomi-enchen-mini-6-phien-ban-moi-2024-hang-nhap-khau-p274371719.html?spid=274371720
274150453,Nồi cơm điện tử đa năng Lock&Lock EJR316BLK 1.5 lít - Hàng chính hãng,900000.0,900000.0,0.0,5.0,1,184067,,https://tiki.vnnoi-com-dien-tu-da-nang-lock-lock-ejr316blk-1-5-lit-hang-chinh-hang-p274150453.html?spid=274150454
272270655,"HÀNG CHÍNH HÃNG - Máy pha cà phê espresso bán tự động, thương hiệu Mỹ HiBREW cao cấp - H11",3659000.0,3659000.0,0.0,5.0,1,208147,,https://tiki.vnhang-chinh-hang-may-pha-ca-phe-espresso-ban-tu-dong-thuong-hieu-my-hibrew-cao-cap-h11-p272270655.html?spid=272270656
270179301,Máy pha cà phê Zamboo ZB-55CFD - Hàng chính hãng,555000.0,555000.0,0.0,0.0,0,168717,,https://tiki.vnmay-pha-ca-phe-zamboo-zb-55cfd-hang-chinh-hang-p270179301.html?spid=270179302
263580135,Bếp điện từ Elmich ICE-1832,1136000.0,2913000.0,1777000.0,5.0,5,1,,https://tiki.vnbep-dien-tu-elmich-ice-1831-p263580135.html?spid=273597331
263274096,"Nồi Lẩu 2 Ngăn Bear Đa Năng Nhiều Chế Độ Nấu Lẩu Hầm Ninh Chiên Rán Xào Chống Dính Cực Tốt Kháng Khuẩn 99,99% - SB NL60U HÀNG CHÍNH HÃNG",961000.0,1850000.0,889000.0,5.0,5,1,,https://tiki.vnnoi-lau-2-ngan-bear-da-nang-nhieu-che-do-nau-lau-ham-ninh-chien-ran-xao-chong-dinh-cuc-tot-khang-khuan-99-99-sb-nl60u-hang-chinh-hang-p263274096.html?spid=270701832
249205974,"Máy Cạo Râu Mini, Xoay 360 Độ Chống Nước , Sạc USB Siêu Nhanh, Máy Cạo Râu Nam Bỏ Túi Tiện Dụng - HÀNG CHÍNH HÃNG MINIIN",75000.0,75000.0,0.0,4.0,5,134678,,https://tiki.vnmay-cao-rau-mini-xoay-360-do-chong-nuoc-sac-usb-sieu-nhanh-may-cao-rau-nam-bo-tui-tien-dung-hang-chinh-hang-miniin-p249205974.html?spid=249205975
247717569,Lò vi sóng Panasonic NN-SM33NBYUE Dung tích 25L - Hàng chính hãng,2661000.0,3550000.0,889000.0,0.0,0,1,,https://tiki.vnlo-vi-song-panasonic-nn-sm33nbyue-dung-tich-25l-hang-chinh-hang-p247717569.html?spid=270172786
227543350,Máy ép chậm Magic Eco AC-132 - Hàng chính hãng,1179000.0,3190000.0,2011000.0,4.5,4,1,,https://tiki.vnmay-ep-cham-magic-eco-ac-132-hang-chinh-hang-p227543350.html?spid=101470877
213599719,Nồi Cơm Điện Tử Tiger JBV-S10W - 1L - Hàng Chính Hãng,2290000.0,2290000.0,0.0,4.0,1,18190,,https://tiki.vnnoi-com-dien-tu-tiger-jbv-s10w-1l-hang-chinh-hang-p213599719.html?spid=213599720
204415586,Nồi cơm điện tử Kangaroo 1.8 lít KG18DR7 - Hàng chính hãng,880000.0,1175000.0,295000.0,5.0,3,1,,https://tiki.vnnoi-com-dien-tu-kangaroo-1-8-lit-kg18dr7-hang-chinh-hang-p204415586.html?spid=275973093
196837733,Máy xay thực phẩm đa năng 3in1 Magic Eco AC-16 (2.0 Lít) - Hàng chính hãng,777000.0,1990000.0,1213000.0,4.7,3,1,,https://tiki.vnmay-xay-thuc-pham-da-nang-3in1-magic-eco-ac-16-2-0-lit-ha-ng-chi-nh-ha-ng-p196837733.html?spid=196837734
188189693,Bộ lọc nước tại vòi Philips AWP3753 - Hàng Chính Hãng,1299000.0,1325000.0,26000.0,4.7,10,291872,,https://tiki.vnbo-loc-nuoc-tai-voi-philips-awp3753-hang-chinh-hang-p188189693.html?spid=188189694
170658293,Máy cắt tỉa lông mũi Panasonic ER-GN30-K453 - Hàng chính hãng,469000.0,469000.0,0.0,4.7,12,162514,,https://tiki.vnmay-cat-tia-long-mui-panasonic-er-gn30-k453-hang-chinh-hang-p170658293.html?spid=170658294
147356513,Máy Xay Sinh Tố PHILIPS HR2041/50 450W - Hàng Chính Hãng,823000.0,1099000.0,276000.0,4.8,29,1,,https://tiki.vnmay-xay-sinh-to-philips-hr2041-50-450w-hang-chinh-hang-p147356513.html?spid=147356514
112291534,Lõi Lọc RO Số 4 màng FILMTEC Mỹ- Hàng Chính Hãng,339000.0,339000.0,0.0,3.5,2,55218,,https://tiki.vnloi-loc-ro-so-4-mang-filmtec-my-hang-chinh-hang-p112291534.html?spid=222454577
105186425,Lò Vi Sóng Cơ Sharp R-G225VN-BK (20 Lít) - Hàng Chính Hãng,1606000.0,1790000.0,184000.0,5.0,3,1,,https://tiki.vnlo-vi-song-co-sharp-r-g225vn-bk-20-lit-hang-chinh-hang-p105186425.html?spid=105186428
71111211,TÔNG ĐƠ CẮT TÓC CHUYÊN NGHIỆP KEMEI- KM 809A,316000.0,316000.0,0.0,4.7,22,173338,,https://tiki.vntong-do-cat-toc-chuyen-nghiep-kemei-km-809a-p71111211.html?spid=124905219
67012257,Máy xay sinh tố cầm tay Philips HR2531/00 (650W) - Hàng chính hãng,684000.0,799000.0,115000.0,4.8,280,1,,https://tiki.vnmay-xay-sinh-to-cam-tay-philips-hr2531-00-650w-hang-chinh-hang-p67012257.html?spid=70358250
52574340,Bộ lọc nước  - lõi lọc nước trực tiếp tại vòi Bộ lọc nước  - Lõi lọc thay thế,90000.0,90000.0,0.0,4.5,54,8413,,https://tiki.vnbo-loc-nuoc-nuoc-truc-tiep-tai-voi-hang-chinh-hang-p52574340.html?spid=52574344
52189605,LÕI LỌC TOSHIBA F-1643-RO - hàng chính hãng,933000.0,960000.0,27000.0,5.0,24,1,,https://tiki.vnloi-loc-toshiba-f-1643-ro-hang-chinh-hang-p52189605.html?spid=58342176
36994841,Máy Xay Sinh Tố Toshiba MX-60T(H) (600W - 1.5 Lít) - Hàng Chính Hãng,614000.0,890000.0,276000.0,4.6,533,1,,https://tiki.vnmay-xay-sinh-to-toshiba-mx-60t-h-600w-1-5-lit-hang-chinh-hang-p36994841.html?spid=36994842
7756048,Lõi lọc Karofi số 4 (Màng lọc RO) - Hàng chính hãng,339000.0,339000.0,0.0,4.8,6,55218,,https://tiki.vnloi-loc-karofi-so-4-mang-loc-ro-hang-chinh-hang-p7756048.html?spid=103900584
3619821,Máy cạo râu Panasonic ES6850 - Hàng Chính Hãng,247000.0,255000.0,8000.0,4.5,146,107444,,https://tiki.vnmay-cao-rau-panasonic-es6850-hang-chinh-hang-p3619821.html?spid=49334047
1826509,Nồi Cơm Điện Nắp Gài Sharp KS-19TJVBC (1.8L) - Hàng Chính Hãng,599000.0,700000.0,101000.0,3.3,8,1,,https://tiki.vnnoi-com-dien-nap-gai-sharp-ks-19tjv-bc-1-8l-hang-chinh-hang-p1826509.html?spid=1827413
278991273,Bàn ủi hơi nước Philips DST2030/90 2000W - Hàng chính hãng,1029000.0,1029000.0,0.0,0.0,0,1,,https://tiki.vnban-ui-hoi-nuoc-philips-dst2030-90-2000w-hang-chinh-hang-p278991273.html?spid=278991274
278966316,Nồi cơm nắp gài Philips 1.8 lít HD3213/31 - Hàng chính hãng,1599000.0,1599000.0,0.0,0.0,0,1,,https://tiki.vnnoi-com-nap-gai-philips-1-8-lit-hd3213-31-hang-chinh-hang-p278966316.html?spid=278966317
278900473,Máy ép trái cây Hafele GS-353 - 535.43.086 Hàng Chính Hãng,815000.0,1690000.0,875000.0,5.0,2,1,,https://tiki.vnmay-ep-trai-cay-hafele-gs-353-535-43-086-hang-chinh-hang-p278900473.html?spid=278900474
278841041,"Quạt Sạc Cầm Tay Mini Siêu Mát Teement, Sạc Nhanh, Màn Hình Led Sang Trọng, 100 Chế Độ Gió - Hàng Chính Hãng",180000.0,180000.0,0.0,5.0,1,277179,,https://tiki.vnquat-sac-cam-tay-mini-sieu-mat-teement-sac-nhanh-man-hinh-led-sang-trong-100-che-do-gio-hang-chinh-hang-p278841041.html?spid=278841043
278764661,"Máy duỗi tóc không dây, tấm phủ nhiệt ceramic LocknLock 15W - Màu tím - ENA224PUP - Hàng chính hãng",648000.0,1190000.0,542000.0,0.0,0,1,,https://tiki.vnmay-duoi-toc-khong-day-tam-phu-nhiet-ceramic-locknlock-15w-mau-tim-ena224pup-hang-chinh-hang-p278764661.html?spid=278764662
278680941,Bếp điện từ Elmich ICE-9180L (Phiên bản nâng cấp 3 của bếp ICE-3878OL) - Hàng chính hãng,1026000.0,2700000.0,1674000.0,0.0,0,1,,https://tiki.vnbep-dien-tu-elmich-ice-9180l-phien-ban-nang-cap-3-cua-bep-ice-3878ol-hang-chinh-hang-p278680941.html?spid=278680942
278141016,"Bếp Đôi Điện Từ Hồng Ngoại Daewoo DWHB-3801C, mặt kính pha lê bóng 3800W, phù hợp mọi loại nồi - Hàng chính hãng",5990000.0,5990000.0,0.0,0.0,0,1,,https://tiki.vnbep-doi-dien-tu-hong-ngoai-daewoo-dwhb-3801c-mat-kinh-pha-le-bong-3800w-phu-hop-moi-loai-noi-hang-chinh-hang-p278141016.html?spid=278141017
277836134,Ấm đun siêu tốc 5 mức nhiệt LocknLock Smart glow glass electric kettle 1.7L EJK276GRY - Hàng chính hãng,1026000.0,1512000.0,486000.0,5.0,3,1,,https://tiki.vnam-dun-sieu-toc-5-muc-nhiet-locknlock-smart-glow-glass-electric-kettle-1-7l-ejk276gry-p277836134.html?spid=277836135
276962350,Máy Ép Tóc Uốn Tóc Duỗi Tóc  Mini Tiện Lợi - Hàng chính hãng (Giao Màu Ngẫu Nhiên),59590.0,118000.0,58410.0,5.0,4,137411,,https://tiki.vnmay-ep-toc-uon-toc-duoi-toc-mini-tien-loi-hang-chinh-hang-giao-mau-ngau-nhien-p276962350.html?spid=275529710
276614395,"Máy bơm , hút chân không 2 chức năng sử dụng nguồn điện 220v công suất 50w tiện dụng cho gia đình - Hàng chính hãng",79000.0,79000.0,0.0,5.0,2,158877,,https://tiki.vnmay-bom-hut-chan-khong-2-chuc-nang-su-dung-nguon-dien-220v-cong-suat-50w-tien-dung-cho-gia-dinh-hang-chinh-hang-p276614395.html?spid=275349017
276018364,"Máy Làm Sữa Hạt, Máy Nấu Sữa Hạt, Phiên Bản TIẾNG VIỆT, Dung Tích 800ml Với 8 Chế Độ Tiện Lợi - Hàng Nhập Khẩu",444000.0,444000.0,0.0,0.0,0,78619,,https://tiki.vnmay-lam-sua-hat-may-nau-sua-hat-phien-ban-tieng-viet-dung-tich-800ml-voi-8-che-do-tien-loi-hang-nhap-khau-p276018364.html?spid=276018365
275938494,Ấm pha trà siêu tốc Bear SB-PT15K - Hàng Chính Hãng,829000.0,829000.0,0.0,5.0,1,173925,,https://tiki.vnbinh-pha-tra-giu-nhiet-bear-sb-pt15k-p275938494.html?spid=275938499
275847974,"Máy ép chậm Elmich JEE-8769, công suất 200W, tốc độ quay 65 vòng/phút, độ ồn thấp dưới 62db  - Hàng chính hãng",1674000.0,4292000.0,2618000.0,5.0,4,1,,https://tiki.vnmay-ep-cham-elmich-jee-8769-p275847974.html?spid=275847975
275294279,Máy Xay Thịt Đa Năng Cối Inox 2 Lít Dao Thép 4 Lưỡi,195000.0,195000.0,0.0,4.3,3,108828,,https://tiki.vnmay-xay-thit-da-nang-coi-inox-2-lit-dao-thep-4-luoi-sieu-khoe-p275294279.html?spid=275294280
275063209,Bếp từ đơn Hafele HS-I2711B 536.61.890 | Công suất 2000W |  HÀNG CHÍNH HÃNG,885000.0,1490000.0,605000.0,0.0,0,1,,https://tiki.vnbep-tu-don-hafele-hs-i2711b-536-61-890-p275063209.html?spid=278899378
274883949,Máy đánh trứng Taurus Prima 300W Hàng chính hãng,690000.0,690000.0,0.0,0.0,0,20256,,https://tiki.vnmay-danh-trung-taurus-prima-300w-hang-chinh-hang-p274883949.html?spid=274883950
274801306,Nồi cơm điện tử đa năng 3L Bear SB-NC30B - Hàng chính hãng,1017000.0,1890000.0,873000.0,5.0,3,1,,https://tiki.vnnoi-com-dien-tu-da-nang-3l-bear-sb-nc30b-hang-chinh-hang-p274801306.html?spid=274801307
274360642,Máy Hút Bụi Lau Nhà Roborock F25 RT Gập Nghiêng 180° - Hàng Chính Hãng,10999000.0,10999000.0,0.0,5.0,1,193366,,https://tiki.vnmay-hut-bui-khong-day-lau-san-kho-va-uot-roborock-dyad-cong-suat-500w-ap-suat-13-000-pa-hang-chinh-hang-p274360642.html?spid=183082211
273902133,"Máy hút chân không thực phẩm gia đình, bảo quản hàn miệng túi, hút khô ướt mềm, tặng kèm 10 túi hút chân không - Hàng chính hãng",137445.0,208000.0,70555.0,4.3,10,137411,,https://tiki.vnmay-hut-chan-khong-thuc-pham-gia-dinh-bao-quan-han-mieng-tui-hut-kho-uot-mem-tang-kem-10-tui-hut-chan-khong-hang-chinh-hang-p273902133.html?spid=273902134
273262929,Máy xay sinh tố đa năng Sunhouse SHD5114 (450W) - Hàng chính hãng,488000.0,1474000.0,986000.0,5.0,11,1,,https://tiki.vnmay-xay-sinh-to-da-nang-sunhouse-shd5114-450w-hang-chinh-hang-p273262929.html?spid=273262930
273093744,Bộ lõi lọc nước Karofi gồm màng RO và bộ chức năng Karofi dùng cho máy lọc nước Karofi - Hàng chính hãng,1032000.0,1032000.0,0.0,0.0,0,55218,,https://tiki.vnbo-loi-loc-nuoc-karofi-gom-mang-ro-va-bo-chuc-nang-karofi-dung-cho-may-loc-nuoc-karofi-hang-chinh-hang-p273093744.html?spid=273093750
272416557,Bàn là hơi nước Elmich SIE-3438 - Hàng Chính Hãng,448000.0,1170000.0,722000.0,5.0,1,1,,https://tiki.vnban-la-hoi-nuoc-elmich-sie-3438-hang-chinh-hang-p272416557.html?spid=273180205
263586550,Máy làm sữa hạt Elmich CBE3902 mẫu mới 2023 điều khiển cảm ứng - Hàng chính hãng,2045000.0,5113000.0,3068000.0,5.0,16,1,,https://tiki.vnmay-lam-sua-hat-elmich-cbe3902-mau-moi-2023-dieu-khien-cam-ung-hang-chinh-hang-p263586550.html?spid=271272256
260571097,Nồi cơm điện đa chức năng Daewoo DWRC-210MW 1 Lít lòng nồi phủ Ceramic - Hàng chính hãng,996000.0,1890000.0,894000.0,0.0,0,1,,https://tiki.vnnoi-com-dien-da-chuc-nang-0-8l-daewoo-dwrc-210mw-cong-suat-400w-bao-hanh-12-thang-hang-chinh-hang-p260571097.html?spid=275498400
219456567,"Máy Hút Bụi Cầm Tay Mini Không Dây Deli - Làm Sạch Cho Ô Tô, Đồ Dùng Trong Gia Đình Góc Học Tập Giường Tủ Hộc Nhỏ - Nhỏ Gọn, Dễ Sử Dụng - Hàng Chính Hãng - DL8080 DL8081",693000.0,693000.0,0.0,5.0,1,113115,,https://tiki.vnmay-hut-bui-cam-tay-mini-khong-day-deli-lam-sach-cho-o-to-do-dung-trong-gia-dinh-nho-gon-de-su-dung-dl8080-dl8081-p219456567.html?spid=219456571
216206792,"Máy Hút Bụi Cầm Tay Không Dây Damas DA113C - Lực Hút Mạnh Mẽ 16000PA - Đa Năng Hút Bụi Khô Và Ướt - Máy Hút Bụi Ô Tô, Hút Bụi Gia Đình - Hàng Chính Hãng",409000.0,700000.0,291000.0,4.6,45,92468,,https://tiki.vnmay-hut-bui-cam-tay-khong-day-damas-d113c-luc-hut-manh-me-16000pa-chuc-nang-hut-bui-kho-va-uot-may-hut-bui-o-to-may-hut-bui-gia-dinh-hang-chinh-hang-p216206792.html?spid=216329146
213710700,Máy xay ăn dặm 0.6L Bear QSJ-D02Q1. HÀNG CHÍNH HÃNG,443000.0,820000.0,377000.0,3.7,3,1,,https://tiki.vnmay-xay-an-dam-0-6l-bear-qsj-d02q1-hang-chinh-hang-p213710700.html?spid=270701843
204663250,"Nồi cơm điện tử Cuckoo 1.08L CR-0680F đa chức năng, thiết kế hiện đại - Bảo hành 2 năm - Hàng chính hãng Cuckoo",1090000.0,1790000.0,700000.0,5.0,2,29960,,https://tiki.vnnoi-com-dien-tu-cuckoo-1-08l-cr-0680f-da-chuc-nang-thiet-ke-hien-dai-bao-hanh-2-nam-hang-chinh-hang-cuckoo-p204663250.html?spid=204663251
197746155,Nồi hấp đa năng Morphy Richards MR1168 - Hàng chính hãng,1174000.0,1174000.0,0.0,0.0,0,208147,,https://tiki.vnnoi-hap-da-nang-morphy-richards-mr1168-hang-chinh-hang-p197746155.html?spid=197746163
140100998,Máy sấy tóc Panasonic ND11 - Hàng chính hãng,290000.0,290000.0,0.0,3.5,2,184067,,https://tiki.vnmay-say-toc-panasonic-nd11-hang-chinh-hang-p140100998.html?spid=170775873
132847950,Bếp Gas Dương Đôi Kangaroo KG8G1C - Hàng Chính Hãng,588000.0,1140000.0,552000.0,4.8,27,1,,https://tiki.vnbep-gas-duong-doi-kangaroo-kg8g1c-hang-chinh-hang-p132847950.html?spid=132847952
68258241,Máy hút bụi cầm tay Deerma DX115C (600W) - Hàng Chính Hãng,549000.0,690000.0,141000.0,4.0,4,312964,,https://tiki.vnmay-hut-bui-cam-tay-deerma-dx115c-600w-hang-chinh-hang-p68258241.html?spid=208286362
50820169,Bếp đơn hồng ngoại Iruka I-110 - Hàng chính hãng,2049000.0,2990000.0,941000.0,4.6,20,1,,https://tiki.vnbep-don-hong-ngoai-iruka-i-110-hang-chinh-hang-p50820169.html?spid=50820170
44636690,Bàn ủi hơi nước Panasonic NI-M300TVRA - Mặt bàn ủi Titan chống dính - Chống đóng cặn - Tự ngắt khi đến nhiệt độ đã chọn - Hàng Chính Hãng - Tím,537000.0,680000.0,143000.0,0.0,0,1,,https://tiki.vnban-ui-hoi-nuoc-panasonic-ni-m300tvra-hang-chinh-hang-p44636690.html?spid=76008203
14078166,Máy Lọc Không Khí Panasonic F-P15EHA - Hàng Chính Hãng,2490000.0,2490000.0,0.0,0.0,0,184067,,https://tiki.vnmay-loc-khong-khi-panasonic-f-p15eha-hang-chinh-hang-p14078166.html?spid=182130667
2001089,Bếp Gas Dương Kính Sunhouse SHB3365 - Hàng chính hãng,836000.0,836000.0,0.0,4.7,48,133145,,https://tiki.vnbep-gas-duong-ki-nh-sunhouse-shb3365-hang-chinh-hang-p2001089.html?spid=58009581
1953341,Máy Sấy Tóc Sunhouse SHD2306 - Đen,218000.0,750000.0,532000.0,4.6,74,1,,https://tiki.vnmay-say-toc-sunhouse-shd2306-den-p1953341.html?spid=1953343
658087,Quạt treo tường SENKO T1882 - Hàng Chính Hãng,485000.0,485000.0,0.0,4.0,1,187775,,https://tiki.vnquat-treo-tuong-senko-t1882-hang-chinh-hang-p658087.html?spid=101857964
392839,Bình Đun Siêu Tốc Philips HD9303 (1.2 Lít) - Hàng chính hãng,506000.0,630000.0,124000.0,4.6,235,1,,https://tiki.vnbinh-dun-sieu-toc-philips-hd9303-1-2-lit-hang-chinh-hang-p392839.html?spid=93827
279071499,Ấm đun siêu tốc Joyoung JEK-588 Hàng Chính Hãng,515000.0,899000.0,384000.0,0.0,0,1,,https://tiki.vnam-dun-sieu-toc-joyoung-jek-588-hang-chinh-hang-p279071499.html?spid=279071500
279071474,Ấm đun siêu tốc Joyoung JEK-188 Hàng Chính Hãng,396000.0,590000.0,194000.0,0.0,0,1,,https://tiki.vnam-dun-sieu-toc-joyoung-jek-188-hang-chinh-hang-p279071474.html?spid=279071475
278941689,"Nồi Nấu Chậm 2L Elmich SCE-8525: Chuyên Gia Nấu Cháo, Kho Cá, Chưng Yến - Hàng chính hãng",945000.0,1350000.0,405000.0,0.0,0,125683,,https://tiki.vnnoi-nau-cham-2l-elmich-sce-8525-chuyen-gia-nau-chao-kho-ca-chung-yen-hang-chinh-hang-p278941689.html?spid=278941690
278917493,"Máy Lọc Nước Wells New Mini, Thiết Kế Nhỏ Gọn, Tankless Không Bình Chứa, Lọc Đa Tầng, Không dùng điện - Hàng chính hãng",3409000.0,5990000.0,2581000.0,0.0,0,1,,https://tiki.vnmay-loc-nuoc-wells-new-mini-thiet-ke-nho-gon-tankless-khong-binh-chua-loc-da-tang-khong-dung-dien-hang-chinh-hang-p278917493.html?spid=278917496
278850217,Máy xay cầm tay Bear SB-MX04K - Hàng Chính Hãng,499000.0,950000.0,451000.0,0.0,0,1,,https://tiki.vnmay-xay-cam-tay-bear-sb-mx04k-hang-chinh-hang-p278850217.html?spid=278850218
278755427,Máy hút bụi gia đình Elmich VCE9303 - Hàng chính hãng,2747000.0,6868000.0,4121000.0,0.0,0,1,,https://tiki.vnmay-hut-bui-gia-dinh-elmich-vce9303-hang-chinh-hang-p278755427.html?spid=278755428
278682949,Máy Xay Sinh Tố Công Nghiệp Saiko BLG-2800 PRO (2600W) Hàng chính hãng,3390000.0,3390000.0,0.0,0.0,0,20256,,https://tiki.vnmay-xay-sinh-to-cong-nghiep-saiko-blg-2800-pro-2600w-hang-chinh-hang-p278682949.html?spid=278682950
278528811,"Máy đánh bọt cafe cầm tay LBL4583, pin sạc tiện lợi 10W, bảo hành 2 năm",444000.0,555000.0,111000.0,5.0,1,125683,,https://tiki.vnmay-danh-bot-cafe-cam-tay-lbl4583-pin-sac-tien-loi-10w-bao-hanh-2-nam-p278528811.html?spid=278528825
277869798,"Máy luộc trứng Silvercrest 450W (đen, trắng) Hàng chính hãng",990000.0,990000.0,0.0,0.0,0,20256,,https://tiki.vnmay-luoc-trung-silvercrest-450w-den-trang-hang-chinh-hang-p277869798.html?spid=277869799
277459155,Quạt sạc cầm tay gấp gọn JisuLife Life 7 - dung lượng 3600-5000mAh - Hàng chính hãng,564000.0,564000.0,0.0,5.0,2,120134,,https://tiki.vnquat-sac-cam-tay-gap-gon-jisulife-life-7-dung-luong-3600-5000mah-hang-chinh-hang-p277459155.html?spid=277459159
277401088,"Máy Đánh Sữa, Cà Phê, Trứng, Socola, Matcha Tạo Bọt Sử Dụng Dây Sạc Điện - HÀNG CHÍNH HÃNG MINIIN",129000.0,129000.0,0.0,5.0,1,134678,,https://tiki.vnmay-danh-sua-ca-phe-trung-socola-matcha-tao-bot-su-dung-day-sac-dien-hang-chinh-hang-miniin-p277401088.html?spid=277401089
276933721,Bếp Điện Từ Đôi SRAPP SH-BT408 - Hàng Chính Hãng,2550000.0,2550000.0,0.0,0.0,0,11119,,https://tiki.vnbep-dien-tu-doi-srapp-sh-bt408-hang-chinh-hang-p276933721.html?spid=276933722
276902170,"Ấm Siêu Tốc 2 Lớp 2,5L NK Media MD-ST255  - Màu Ngẫu Nhiên - Hàng Chính Hãng",179000.0,179000.0,0.0,5.0,1,11119,,https://tiki.vnam-sieu-toc-2-lop-2-5l-nk-media-md-st255-mau-ngau-nhien-hang-chinh-hang-p276902170.html?spid=276902171
276801668,"Bộ máy pha cà phê CF08 xay hạt cà phê, lấy nước nóng, đánh bọt sữa độc lập, toàn diện DIY chức năng, hàng chính hãng",10690000.0,10690000.0,0.0,0.0,0,179711,,https://tiki.vnbo-may-pha-ca-phe-cf08-xay-hat-ca-phe-lay-nuoc-nong-danh-bot-sua-doc-lap-toan-dien-diy-chuc-nang-hang-chinh-hang-p276801668.html?spid=276801670
276796838,"Máy Sưởi Gốm Mini Cho Nhân Viên Văn Phòng Làm Ấm Nơi làm việc phòng ngủ nhà tắm phòng học - Máy Êm Ấm Áp - Quạt Sưởi Ấm Mini Công Suất Max 400W Du Lịch Phượt Dã Ngoại Máy sưởi ấm cho phòng ngủ, quạt sưởi gốm nóng nhanh an toàn cho trẻ em - Hàng Nhập Khẩu",300000.0,300000.0,0.0,5.0,1,353491,,https://tiki.vnmay-suoi-mini-cho-nhan-vien-van-phong-lam-am-noi-lam-viec-phong-ngu-nha-tam-phong-hoc-may-em-am-ap-quat-suoi-am-mini-cong-suat-max-400w-du-lich-phuot-da-ngoai-p276796838.html?spid=276796839
276448883,Nồi cơm điện Elmich 1.8L RCE-9128 - Hàng chính hãng,1285000.0,3108000.0,1823000.0,5.0,1,1,,https://tiki.vnnoi-com-dien-elmich-1-8l-rce-9128-p276448883.html?spid=276448884
276319339,"Máy tạo bọt cafe, sữa, đánh trứng mini cầm tay MFB1501D kích thước nhỏ gọn, tiện dụng - Hàng Nhập Khẩu",179000.0,179000.0,0.0,3.8,5,97441,,https://tiki.vnmay-tao-bot-cafe-sua-danh-trung-mini-cam-tay-mfb1501d-kich-thuoc-nho-gon-tien-dung-hang-nhap-khau-p276319339.html?spid=276319340
276061466,"Máy cạo râu Enchen Mini 6s, Cạo râu khô & ướt nút cảm ứng, Đầu cạo nổi 28 lưỡi dao kép tự mài - Hàng chính hãng",259000.0,349000.0,90000.0,5.0,1,312964,,https://tiki.vnmay-cao-rau-enchen-mini-6s-cao-rau-kho-uot-nut-cam-ung-dau-cao-noi-28-luoi-dao-kep-tu-mai-hang-chinh-hang-p276061466.html?spid=276061467
276035076,Bàn là hơi nước cầm tay Sunhouse SHD2176 (1000W)- Hàng chính hãng,579000.0,1846000.0,1267000.0,4.0,2,1,,https://tiki.vnban-la-hoi-nuoc-cam-tay-sunhouse-shd2176-1000w-hang-chinh-hang-p276035076.html?spid=276035077
274557828,Máy tạo ẩm thông minh Elmich HE-8583 - Hàng Chính Hãng,1490000.0,3889000.0,2399000.0,5.0,3,1,,https://tiki.vnmay-tao-am-thong-minh-elmich-he-8583-hang-chinh-hang-p274557828.html?spid=274660826
272944273,"Máy cạo râu khô và ướt Philips X5006,  bảo hành  2 năm, Hàng chính hãng",1571000.0,2655000.0,1084000.0,5.0,1,1,,https://tiki.vnmay-cao-rau-kho-va-uot-philips-x5006-bao-hanh-2-nam-hang-chinh-hang-p272944273.html?spid=273866573
272411945,Máy phun sương tạo ẩm Half Horse Jellyfish JS025 nhỏ gọn trang nhã. Hàng chính hãng,109000.0,200000.0,91000.0,4.5,2,211062,,https://tiki.vnmay-phun-suong-tao-am-half-horse-jellyfish-js025-nho-gon-trang-nha-hang-chinh-hang-p272411945.html?spid=272998403
270441219,Nồi Áp Suất Đa Năng Philips HD2237/66 (6 L) 1300W lớp tráng ProCeramic+- Hàng Chính Hãng,2310000.0,3259000.0,949000.0,3.4,7,1,,https://tiki.vnnoi-ap-suat-da-nang-philips-hd2237-66-6-l-1300w-lop-trang-proceramic-hang-chinh-hang-p270441219.html?spid=270441220
253103696,"Bộ lõi lọc nước Sunhouse từ 01-09 gồm: Lõi lọc nước 123, Lõi lọc nước RO, 05 lõi lọc chức năng 56789, Hàng chính hãng",871000.0,871000.0,0.0,5.0,3,55218,,https://tiki.vnbo-loi-loc-nuoc-sunhouse-tu-01-09-gom-loi-loc-nuoc-123-loi-loc-nuoc-ro-05-loi-loc-chuc-nang-56789-hang-chinh-hang-p253103696.html?spid=253103700
185411212,Máy Uốc Tóc Đa Năng Kết Hợp Duỗi Và Là Tóc 3 in 1 Damas D6120 - Thiết Kế Sang Trọng Cao Cấp Với 4 Mức Tạo Kiểu Thông Minh - Hàng Chính Hãng,289000.0,400000.0,111000.0,4.6,10,92468,,https://tiki.vnmay-uoc-toc-ket-hop-duoi-va-la-toc-3-in-1-damas-d6120-thiet-ke-sang-trong-cao-cap-voi-4-muc-tao-kieu-thong-minh-hang-chinh-hang-p185411212.html?spid=185411213
171953442,Bàn Ủi Du Lịch Mini Gấp Gọn - Máy Là Hơi Nước Nhỏ Gọn Cực Tiện Lợi - HÀNG LOẠI 1 - Chính Hãng MINIIN,169000.0,169000.0,0.0,4.5,15,134678,,https://tiki.vnban-ui-du-lich-mini-gap-gon-ban-la-hoi-nuoc-nho-gon-cuc-tien-loi-hang-loai-1-chinh-hang-miniin-p171953442.html?spid=171953443
124717521,"Nồi chiên, nướng, quay không dầu điện tử Tefal FW501815, dung tích 11L - Hàng chính hãng",3290000.0,3290000.0,0.0,0.0,0,20256,,https://tiki.vnnoi-chien-nuong-quay-khong-dau-dien-tu-tefal-fw501815-dung-tich-11l-hang-chinh-hang-p124717521.html?spid=215223909
119624684,Tông đơ cắt tóc JICHEN  - Hàng chất lượng cao,117000.0,117000.0,0.0,4.5,11,173338,,https://tiki.vntong-do-cat-toc-jichen-doi-tra-hang-7-ngay-bao-hanh-1-thang-hang-chat-luong-cao-p119624684.html?spid=137518497
112551472,"Máy Vắt Cam Lock&Lock (700ml) - Hàng Chính Hãng, Xoay Ép 2 Chiều, Chất Liệu Nhựa PP, Dễ Dàng Tháo Lắp Vệ Sinh - Tặng Kèm Ống Hút Và Cọ Rửa",467100.0,519000.0,51900.0,4.5,23,38510,,https://tiki.vnmay-vat-cam-lock-lock-700ml-hang-chinh-hang-xoay-ep-2-chieu-chat-lieu-nhua-pp-de-dang-thao-lap-ve-sinh-tang-kem-ong-hut-va-co-rua-p112551472.html?spid=273982629
74447300,"Máy phun sương tạo độ ẩm không khí dung tích lớn 550ml - cấp ẩm cho da, phòng điều hòa, khuếch tán tinh dầu - Chĩnh Hãng - VinBuy",550000.0,550000.0,0.0,4.8,151,109746,,https://tiki.vnmay-tao-do-am-cao-cap-giu-am-da-loc-khong-khi-trong-lanh-khuech-tan-tinh-dau-toa-huong-thom-phong-tao-khong-gian-thu-gian-tang-kem-dieu-khien-tu-xa-hang-chinh-hang-vinbuy-p74447300.html?spid=261841293
73325952,Máy vắt cam Lock&Lock EJJ256BLK 85W - Hàng chính hãng,1264500.0,1405000.0,140500.0,4.7,23,38510,,https://tiki.vnmay-vat-cam-lock-lock-ejj256blk-85w-hang-chinh-hang-p73325952.html?spid=75555029
63564217,Ấm sắc thuốc Trường An TA68 Vàng - Hàng chính hãng - Gốm sứ cao cấp - Điện gia dụng - Siêu thuốc - Siêu điện - Ấm sắc thuốc bằng điện - Dụng cụ nấu thuốc -Hàng Việt Nam chất lượng cao,545000.0,545000.0,0.0,4.7,72,11176,,https://tiki.vnam-sa-c-thuoc-truong-an-ta68-va-ng-hang-chinh-hang-go-m-su-cao-ca-p-dien-gia-dung-sieu-thuoc-sieu-dien-am-sac-thuoc-bang-dien-dung-cu-nau-thuoc-hang-viet-nam-chat-luong-cao-p63564217.html?spid=63564218
54373494,Máy Hút Bụi Mini Cầm Tay DEERMA  CM1300 - Đa Năng 3 Trong 1  ( hàng nhập khẩu),980000.0,980000.0,0.0,5.0,1,69345,,https://tiki.vnmay-hut-bui-gia-dinh-cam-tay-3-trong-1-deerma-cm1300-hang-nhap-khau-p54373494.html?spid=98301270
44022555,Bình Thủy Điện Panasonic NC-EG3000CSY - Hàng Chính Hãng,1990000.0,1990000.0,0.0,4.8,6,184067,,https://tiki.vnbinh-thuy-dien-panasonic-nc-eg3000csy-bao-hanh-12-thang-hang-chinh-hang-p44022555.html?spid=123351930
10597625,Máy Xay Thịt 2 Lưỡi Dao Kép Lock&Lock EJM171 (2 Lít - 300W) - Hàng Chính Hãng,856900.0,1656000.0,799100.0,4.7,2210,1,,https://tiki.vnmay-xay-thit-2-luoi-dao-kep-lock-lock-ejm171-2-lit-300w-hang-chinh-hang-p10597625.html?spid=10597626
2001059,Máy Hút Mùi Vỏ Sơn Sunhouse SHB6118B - Hàng chính hãng,1577995.0,1577995.0,0.0,0.0,0,16958,,https://tiki.vnma-y-hu-t-mu-i-vo-son-sunhouse-shb6118b-hang-chinh-hang-p2001059.html?spid=39815142
1734985,Máy Nước Nóng Lạnh Toshiba RWF-W1669BV(K1) 650W - Hàng chính hãng,4291000.0,5390000.0,1099000.0,4.6,131,1,,https://tiki.vnmay-nuoc-nong-lanh-toshiba-rwf-w1669bv-k1-650w-hang-chinh-hang-p1734985.html?spid=1734987
680867,Bếp Điện Từ Electrolux ETD42SKS (2100W) - Đen - Hàng chính hãng ,2268000.0,2590000.0,322000.0,4.8,17,1,,https://tiki.vnbep-dien-tu-electrolux-etd42sks-2100w-den-hang-chinh-hang-p680867.html?spid=681951
496739,Bếp Gas Dương Đôi Rinnai RV-360 GMN – Đen- Hãng chính hãng,816450.0,816450.0,0.0,4.5,81,389,,https://tiki.vnbep-gas-duong-doi-rinnai-rv-360-gmn-den-hang-chinh-hang-p496739.html?spid=759450
392842,Bình Đun Siêu Tốc Philips HD9306 (1.5L) - Hàng chính hãng,540000.0,749000.0,209000.0,4.5,145,1,,https://tiki.vnbinh-dun-sieu-toc-philips-hd9306-1-5l-hang-chinh-hang-p392842.html?spid=93830
279116489,"Ấm Đun Nước Trên Bếp Elmich EL8279 2.5L, Hàng Chính Hãng, Inox 304, Còi Báo Tự Động - JoyMall",899000.0,899000.0,0.0,0.0,0,292665,,https://tiki.vnam-dun-nuoc-tren-bep-elmich-el8279-2-5l-hang-chinh-hang-inox-304-coi-bao-tu-dong-joymall-p279116489.html?spid=279116491
278726907,MÁY HÚT CHÂN KHÔNG GKÖCH GERMANY HF-9011 Hàng chính hãng,1350000.0,1350000.0,0.0,0.0,0,20256,,https://tiki.vnmay-hut-chan-khong-gk-ch-germany-hf-9011-hang-chinh-hang-p278726907.html?spid=278726908
278677734,Nồi Cơm Điện Cao Tần OLIVO RC900IH – Lòng Nồi INOX 316L Cao Cấp- Hàng Chính Hãng,4790000.0,4790000.0,0.0,0.0,0,20256,,https://tiki.vnnoi-com-dien-cao-tan-olivo-rc900ih-long-noi-inox-316l-cao-cap-hang-chinh-hang-p278677734.html?spid=278827488
278448671,Máy sấy tóc 2LOCK KOREA 1800W Hàng chính hãng,1690000.0,1690000.0,0.0,0.0,0,20256,,https://tiki.vnmay-say-toc-2lock-korea-1800w-hang-chinh-hang-p278448671.html?spid=278448672
278018109,"Quạt cầm tay turbo mini siêu mát Pin trâu 5000 mAh, nhỏ gọn linh hoạt hiệu Hotcase WARMCO - 100 chế độ gió, dùng liên tục 18h (tùy mức gió), thiết kế đẹp, bền - hàng nhập khẩu",399000.0,399000.0,0.0,4.5,2,1710,,https://tiki.vnquat-cam-tay-turbo-mini-sieu-mat-pin-trau-5000-mah-nho-gon-linh-hoat-hieu-hotcase-warmco-100-che-do-gio-dung-lien-tuc-18h-tuy-muc-gio-thiet-ke-dep-ben-hang-nhap-khau-p278018109.html?spid=278018118
277395785,Quạt sưởi Ceramic TS9442- Hàng chính hãng ,899000.0,899000.0,0.0,0.0,0,99996,,https://tiki.vnquat-suoi-ceramic-ts9442-hang-chinh-hang-p277395785.html?spid=277395786
276975510,Nồi chiên ngập dầu DeLonghi Premium Fry F44532CZ 5 lít - 3200W - Điều khiển điện tử - Hàng chính hãng,3289000.0,4633200.0,1344200.0,0.0,0,355771,,https://tiki.vnnoi-chien-ngap-dau-delonghi-premium-fry-f44532cz-5-lit-3200w-dieu-khien-dien-tu-hang-chinh-hang-p276975510.html?spid=276975511
276927836,Nồi Cơm Điện Công Nghiệp SRAPP SH-NC118 10 lít - Hàng Chính Hãng,1369000.0,1369000.0,0.0,0.0,0,11119,,https://tiki.vnnoi-com-dien-cong-nghiep-srapp-sh-nc118-10-lit-hang-chinh-hang-p276927836.html?spid=276927837
276581826,"Bột tẩy cặn bình đun nước, Ấm siêu tốc, máy pha cà phê Denkmit của Đức 2 gói - Hàng chính hãng",65000.0,65000.0,0.0,0.0,0,37079,,https://tiki.vnbot-tay-can-binh-dun-nuoc-am-sieu-toc-may-pha-ca-phe-denkmit-cua-duc-2-goi-p276581826.html?spid=276581827
276562668,Bàn Ủi Hơi Nước Cầm Tay PHILIPS STH5030/80 - Hàng chính hãng,1375000.0,1699000.0,324000.0,0.0,0,1,,https://tiki.vnban-ui-hoi-nuoc-cam-tay-philips-sth5030-80-hang-chinh-hang-p276562668.html?spid=276562670
276135260,Bếp từ đơn Lumias LK24-220Ba Hàng chính hãng,950000.0,950000.0,0.0,5.0,1,20256,,https://tiki.vnbep-tu-don-lumias-lk24-220ba-hang-chinh-hang-p276135260.html?spid=276135261
276042575,Bếp ga dương Kangaroo KGGS69G1 - Hàng chính hãng,534000.0,893000.0,359000.0,0.0,0,1,,https://tiki.vnbep-ga-duong-kangaroo-kggs69g1-p276042575.html?spid=276042576
275481635,Máy Cạo Râu Enchen BlackStone đầu cắt nổi 3D Đầu Cạo Râu 3 Đầu Dao Cạo - Hàng chính hãng,229000.0,290000.0,61000.0,4.5,2,312964,,https://tiki.vnmay-cao-rau-enchen-blackstone-dau-cat-noi-3d-dau-cao-rau-3-dau-dao-cao-hang-chinh-hang-p275481635.html?spid=275481636
275376592,Nồi cơm điện cuckoo CR-389 1.8L Hàng chính hãng,436500.0,450000.0,13500.0,3.5,2,236185,,https://tiki.vnnoi-com-dien-cuckoo-cr-389-1-8l-hang-chinh-hang-p275376592.html?spid=275376593
275347586,Ấm đun siêu tốc Panafresh OP-47A 5L (inox) - lò xo nhiệt- Hàng chính hãng,469000.0,469000.0,0.0,0.0,0,389,,https://tiki.vnam-dun-sieu-toc-panafresh-op-47a-5l-inox-lo-xo-nhiet-p275347586.html?spid=275347587
275307889,Đèn sưởi nhà tắm Kottmann 2 bóng K2B-H Hàng chính hãng,1160000.0,1160000.0,0.0,0.0,0,20256,,https://tiki.vnden-suoi-nha-tam-kottmann-2-bong-k2b-h-hang-chinh-hang-p275307889.html?spid=275307890
275093974,"Máy sưởi ấm mini chạy pin cầm tay đèn LED Rhino W303, 3 mức độ nhiệt,  Làm ấm nhanh _ Hàng chính hãng",129000.0,129000.0,0.0,0.0,0,125741,,https://tiki.vnmay-suoi-am-mini-chay-pin-cam-tay-den-led-rhino-w303-3-muc-do-nhiet-lam-am-nhanh-_-hang-chinh-hang-p275093974.html?spid=275093982
273641747,"Nồi Nấu Cháo, Nấu Chậm Bear 0.8L thế hệ mới SB-NNC08, bản tiếng Việt - Hàng chính hãng",452000.0,830000.0,378000.0,4.7,6,1,,https://tiki.vnnoi-nau-cham-bear-0-8l-the-he-moi-sb-nnc08-ban-tieng-viet-hang-chinh-hang-p273641747.html?spid=273641748
273533852,"Đèn Sưởi, Quạt Sưởi  Máy Sưởi 2 Bóng Công Suất 800w Tự Ngắt Điện Khi Đổ Bảo Hành 12 Tháng - HÀNG CHÍNH HÃNG MINIIN",169000.0,169000.0,0.0,3.0,2,134678,,https://tiki.vnden-suoi-quat-suoi-may-suoi-2-bong-cong-suat-800w-tu-ngat-dien-khi-do-bao-hanh-12-thang-hang-chinh-hang-miniin-p273533852.html?spid=273533853
273176467,Máy Hút Bụi Không Dây Kachi Mk364 pin 3600mAh - Hàng chính hãng,379050.0,399000.0,19950.0,5.0,3,160749,,https://tiki.vnmay-hut-bui-khong-day-kachi-mk364-pin-3600mah-hang-chinh-hang-p273176467.html?spid=273176469
272476023,"Nồi lẩu nướng đa năng cao cấp Kalpen PP99, công suất 2200W, bếp hai vùng nấu điều khiển độc lập tiện lợi - Hàng chính hãng",1320000.0,1650000.0,330000.0,0.0,0,125683,,https://tiki.vnnoi-lau-nuong-da-nang-cao-cap-kalpen-pp99-cong-suat-2200w-bep-hai-vung-nau-dieu-khien-doc-lap-tien-loi-hang-chinh-hang-p272476023.html?spid=272483584
272269815,Máy pha cà phê espresso bán tự động thương hiệu Mỹ HiBREW H11 - Hàng Nhập Khẩu,3659000.0,3659000.0,0.0,0.0,0,112115,,https://tiki.vnmay-pha-ca-phe-espresso-ban-tu-dong-thuong-hieu-my-hibrew-h11-hang-nhap-khau-p272269815.html?spid=272269816
263564121,NỒI ÁP SUẤT ĐIỆN SEOUL TSU-300A Hàng chính hãng,1350000.0,1350000.0,0.0,0.0,0,20256,,https://tiki.vnnoi-ap-suat-dien-seoul-tsu-300a-hang-chinh-hang-p263564121.html?spid=263564122
258752650,"Quạt Năng Lượng Mặt Trời 12/16 inch,3 tốc độ,USB/sạc bằng năng lượng mặt trời, HÀNG CHÍNH HÃNG, BẢO HÀNH 12 THÁNG",749000.0,749000.0,0.0,0.0,0,57800,,https://tiki.vnquat-nang-luong-mat-troi-12-16-inch-3-toc-do-usb-sac-bang-nang-luong-mat-troi-bao-hanh-12-thang-p258752650.html?spid=258752651
213571437,Bếp từ đôi Elmich ICE-3882 - Hàng chính hãng,3864000.0,10733000.0,6869000.0,3.0,2,1,,https://tiki.vnbep-tu-doi-elmich-ice-3882-hang-chinh-hang-p213571437.html?spid=213571438
198800467,Máy sấy tóc Panasonic EH-ND11-W645 - Hàng chính hãng,290000.0,290000.0,0.0,5.0,2,184067,,https://tiki.vnmay-say-toc-panasonic-eh-nd11-w645-hang-chinh-hang-p198800467.html?spid=207253417
172064173,Máy Xay Sinh Tố Thịt Cá Đồ Ăn Dặm Đa Năng Cao Cấp 2 Tầng Lưỡi Nắp Bẹt Màu Nâu Tiện Dụng - HÀNG LOẠI 1 - Chính Hãng MINIIN ,193000.0,193000.0,0.0,0.0,0,134678,,https://tiki.vnmay-xay-sinh-to-thit-ca-do-an-dam-da-nang-cao-cap-2-tang-luoi-nap-bet-mau-nau-tien-dung-hang-loai-1-chinh-hang-miniin-p172064173.html?spid=172064174
170497245,Máy sấy tóc Panasonic EH-ND11 - Hàng chính hãng,429000.0,429000.0,0.0,4.5,7,162514,,https://tiki.vnmay-say-toc-panasonic-eh-nd11-hang-chinh-hang-p170497245.html?spid=170497247
160583633,[Đa Năng] Máy Hút Thổi Bụi Công Suất 700w KhoNCC Hàng Chính Hãng - Bảo Vệ Máy Móc Bụi Bẩn Cho Gia Đình - Nhà Xưởng - Văn Phòng - KLVQ-4840-HTB (Đỏ),358000.0,358000.0,0.0,4.5,12,762,,https://tiki.vnmay-hut-bui-p160583633.html?spid=160583634
152625182, Máy sưởi gốm PTC Ceramic Forseti FHK-688 - hàng chính hãng,1225000.0,1225000.0,0.0,0.0,0,55218,,https://tiki.vnmay-suoi-gom-ptc-ceramic-forseti-fhk-688-hang-chinh-hang-p152625182.html?spid=154177534
129766377,"Máy Xay Sinh Tố Đa Năng Mini Cầm tay Sạc Pin Tiện Dụng, Máy Xay 6 Lưỡi Thép Không Gỉ - Gọn Nhẹ - Hàng Chính Hãng MINIIN",79000.0,79000.0,0.0,3.5,35,134678,,https://tiki.vnmay-xay-sinh-to-da-nang-mini-cam-tay-sac-pin-tien-dung-may-xay-6-luoi-thep-khong-gi-gon-nhe-hang-chinh-hang-miniin-p129766377.html?spid=129766379
108747198,Quạt treo tường Senko TR1628 có remote điều khiển - Bảo hành 2 năm - Hàng chính hãng - Được chọn màu,539000.0,539000.0,0.0,4.8,24,187775,,https://tiki.vnquat-treo-tuong-senko-tr1628-co-remote-dieu-khien-bao-hanh-2-nam-hang-chinh-hang-duoc-chon-mau-p108747198.html?spid=108747200
46827226,Lõi lọc nước số 2 Kangaroo - Hàng chính hãng,42000.0,42000.0,0.0,4.7,7,55218,,https://tiki.vnloi-loc-nuoc-so-2-kangaroo-hang-chinh-hang-p46827226.html?spid=101459861
36836228,Đèn Sưởi Phòng Nhà Tắm Klopper LH02 (2 Bóng) - Chính Hãng,250000.0,250000.0,0.0,4.5,77,11119,,https://tiki.vnden-suoi-phong-nha-tam-klopper-lh02-2-bong-chinh-hang-p36836228.html?spid=36836229
19451397,Máy Xay Cầm Tay Sowun SW5118 (800W) - Hàng Chính Hãng,450000.0,880000.0,430000.0,4.0,1,77324,,https://tiki.vnmay-xay-cam-tay-sowun-sw5118-800w-hang-chinh-hang-p19451397.html?spid=37975800
6926369,Máy Lọc Nước Kangaroo KG10A3 VTU - Hàng Chính Hãng,5700000.0,5700000.0,0.0,0.0,0,1957,,https://tiki.vnmay-loc-nuoc-kangaroo-kg10a3-vtu-hang-chinh-hang-p6926369.html?spid=14659257
1953527,Máy Sấy Tóc Sunhouse SHD2305 - Xanh,139000.0,139000.0,0.0,5.0,6,28659,,https://tiki.vnmay-say-toc-sunhouse-shd2305-xanh-p1953527.html?spid=197422090
831124,Siêu Sắc Thuốc Tự Động Trường Thọ BA-86 (2.8L) - Xanh Ngọc - Hàng chính hãng,271949.0,271949.0,0.0,2.0,2,132610,,https://tiki.vnsieu-sac-thuoc-tu-dong-truong-tho-ba-86-2-8l-xanh-ngoc-hang-chinh-hang-p831124.html?spid=56874065
468655,Bình Thủy Điện Panasonic PABT-NC-EG3000CSY 3L - Hàng chính hãng,1832000.0,2387000.0,555000.0,4.8,326,1,,https://tiki.vnbinh-thuy-dien-panasonic-pabt-nc-eg3000csy-3l-hang-chinh-hang-p468655.html?spid=178084
445156,Lò Nướng Thủy Tinh Sanaky VH-148T - Hàng chính hãng,1020000.0,1020000.0,0.0,4.6,5,58892,,https://tiki.vnlo-nuong-thuy-tinh-sanaky-vh-148t-hang-chinh-hang-p445156.html?spid=25128760
278500491,Quạt treo trần nhà SuperVilighting QT-210 cánh gỗ có đèn phòng khách gian ngủ phong cách cổ điển Hàng chính hãng,5160000.0,5160000.0,0.0,0.0,0,298246,,https://tiki.vnquat-treo-tran-nha-supervilighting-qt-210-canh-go-co-den-phong-khach-gian-ngu-phong-cach-co-dien-p278500491.html?spid=278506479
278098005,"Máy xay sinh tố Comet CM9979 – 3 cối thủy tinh và nhựa cao cấp, công suất 450W – Xay sinh tố, thịt, hạt – Dung tích 1.5L – Hàng chính hãng, bảo hành 1 năm ",544000.0,739000.0,195000.0,0.0,0,324274,,https://tiki.vnmay-xay-sinh-to-comet-cm9979-3-coi-thuy-tinh-va-nhua-cao-cap-cong-suat-450w-xay-sinh-to-thit-hat-dung-tich-1-5l-hang-chinh-hang-bao-hanh-1-nam-p278098005.html?spid=278098006
277620608,"Bếp nướng điện LocknLock Electric Grill 220-240V, 50/60Hz, 1800-2200W - Màu đen - EJG212BLK - Hàng chính hãng",617000.0,1370000.0,753000.0,0.0,0,1,,https://tiki.vnbep-nuong-dien-locknlock-electric-grill-220-240v-50-60hz-1800-2200w-mau-den-ejg212blk-hang-chinh-hang-p277620608.html?spid=277620609
277608842,Máy Làm Sữa Hạt Đa Năng Seka E300 12 Chế Độ Xay Nấu - Hàng Chính Hãng,790000.0,1250000.0,460000.0,0.0,0,360957,,https://tiki.vnmay-lam-sua-hat-da-nang-seka-e300-12-che-do-xay-nau-p277608842.html?spid=277614812
277466646,"Nồi Kho Đa Năng Sứ Đạt Tường DTSC-2.5S 2,5L - Hàng Chính Hãng",330000.0,330000.0,0.0,0.0,0,11119,,https://tiki.vnnoi-kho-da-nang-su-dat-tuong-dtsc-2-5s-2-5l-hang-chinh-hang-p277466646.html?spid=277466647
276945034,Cút góc nối nhanh ống phi 10 ra ống phi 6 cho dây máy lọc nước - Hàng Chính Hãng,10000.0,10000.0,0.0,0.0,0,11119,,https://tiki.vncut-goc-noi-nhanh-ong-phi-10-ra-ong-phi-6-cho-day-may-loc-nuoc-hang-chinh-hang-p276945034.html?spid=276945035
276928767,Ấm Siêu Tốc SRAPP SH-ST188 1.8 Lít - Hàng Chính Hãng,430000.0,430000.0,0.0,0.0,0,11119,,https://tiki.vnam-sieu-toc-srapp-sh-st188-1-8-lit-hang-chinh-hang-p276928767.html?spid=276928768
276922550,ẤM SIÊU TỐC IVIAIVIA COOK MM-ST185( X3) - Màu Ngẫu Nhiên - Hàng Chính Hãng,165000.0,165000.0,0.0,5.0,1,11119,,https://tiki.vnam-sieu-toc-iviaivia-cook-mm-st185-x3-mau-ngau-nhien-hang-chinh-hang-p276922550.html?spid=276922551
276639589,Quạt mini tích điện Lumias F5 Lite Hàng chính hãng,400000.0,400000.0,0.0,0.0,0,20256,,https://tiki.vnquat-mini-tich-dien-lumias-f5-lite-hang-chinh-hang-p276639589.html?spid=276639590
276151864,[Hàng chính hãng] Nồi chiên hơi nước Olivo SF16 Pro (Bản nâng cấp mới) ,5090000.0,5090000.0,0.0,5.0,1,20256,,https://tiki.vnhang-chinh-hang-noi-chien-hoi-nuoc-olivo-sf16-pro-ban-nang-cap-moi-p276151864.html?spid=278827491
275876450,"Máy nướng bánh mì,kẹp nướng đa năng YILI Y.2688 Thái Lan Hàng chính hãng",1290000.0,1290000.0,0.0,0.0,0,20256,,https://tiki.vnmay-nuong-banh-mi-kep-nuong-da-nang-mitsuta-yili-y-2688-thai-lan-hang-chinh-hang-p275876450.html?spid=275876451
275267749,"Máy hút bụi cầm tay không dây thông minh cao cấp 4in1 JETZT XS26, hàng chính hãng",3530000.0,3530000.0,0.0,3.0,2,278159,,https://tiki.vnmay-hut-bui-cam-tay-khong-day-thong-minh-cao-cap-4in1-jetzt-xs26-hang-chinh-hang-p275267749.html?spid=275267750
275089229,Ấm đun nước siêu tốc vỏ nhựa JK 78 dung tích 1.7L (Giao màu ngẫu nhiên)- Hàng nhập khẩu,299999.0,299999.0,0.0,0.0,0,389,,https://tiki.vnam-dun-nuoc-sieu-toc-vo-nhua-jk-78-dung-tich-1-7l-giao-mau-ngau-nhien-p275089229.html?spid=275089230
274987518,Máy xay thịt 2L Bear SB-MA02L 2L (300W) - Hàng chính hãng,437000.0,850000.0,413000.0,0.0,0,1,,https://tiki.vnmay-xay-thit-2l-bear-sb-ma02l-2l-300w-hang-chinh-hang-p274987518.html?spid=274987521
274743479,"Bình áp nhựa 4.0 và 3.2 cho máy lọc nước RO Karofi, Kangaroo, Forseti,... - Hàng nhập khẩu",241000.0,241000.0,0.0,4.5,2,55218,,https://tiki.vnbinh-ap-nhua-4-0-va-3-2-cho-may-loc-nuoc-ro-karofi-kangaroo-forseti-hang-nhap-khau-p274743479.html?spid=274743515
273693352,Máy sấy tóc công suất 1200w thiết kế nhỏ gọn sang trọng SK-2202 chuyên dụng tại nhà và Salon- Hàng Chính Hãng ,165000.0,165000.0,0.0,4.0,1,108828,,https://tiki.vnmay-say-toc-cong-suat-1200w-thiet-ke-nho-gon-sang-trong-sk-2202-chuyen-dung-tai-nha-va-salon-hang-chinh-hang-p273693352.html?spid=273693353
273605633,"Máy pha cà phê cầm tay Espresso 3 trong 1 thương hiệu HiBREW cao cấp H4A công suất 80W, áp suất 60ml - Hàng chính hãng",3536000.0,3536000.0,0.0,0.0,0,256950,,https://tiki.vnmay-pha-ca-phe-cam-tay-espresso-3-trong-1-thuong-hieu-hibrew-cao-cap-h4a-cong-suat-80w-ap-suat-60ml-hang-chinh-hang-p273605633.html?spid=271726089
273333573,Combo 10 Lõi Lọc Nước Kangaroo Dòng Hydrogen (Model KG100HK...) - Hàng chính hãng,3049000.0,3049000.0,0.0,4.0,1,55218,,https://tiki.vncombo-10-loi-loc-nuoc-kangaroo-dong-hydrogen-model-kg10a4-kg100hk-hang-chinh-hang-p273333573.html?spid=273333575
262905956,Máy tạo độ ẩm NanoCloud cao cấp Philips - HU2718/00 - HÀNG CHÍNH HÃNG,4449000.0,4449000.0,0.0,0.0,0,208147,,https://tiki.vnmay-tao-do-am-nanocloud-cao-cap-philips-hu2718-00-p262905956.html?spid=262905957
260791338,"Nồi Chưng Cất Yến, Tiềm Thuốc Bắc BEAR SUBE002 Dung Tích 1.6 Lít Công Suất 200 W - Hàng Chính Hãng",990000.0,990000.0,0.0,0.0,0,20256,,https://tiki.vnnoi-chung-cat-yen-tiem-thuoc-bac-bear-sube002-dung-tich-1-6-lit-cong-suat-200-w-hang-chinh-hang-p260791338.html?spid=275584663
251324797,"Quạt Mini Để Bàn- Quạt Tích Điện Kẹp Bàn, Cầm Tay, Xoay 720 Độ Tiện Ích - HÀNG CHÍNH HÃNG MINIIN",89000.0,89000.0,0.0,4.0,1,134678,,https://tiki.vnquat-mini-de-ban-quat-tich-dien-kep-ban-cam-tay-xoay-720-do-tien-ich-hang-chinh-hang-miniin-p251324797.html?spid=251324809
217826264,"Nồi Chiên Không Dầu 8L , Nướng Gà Cả Con - Bếp  Nướng Công Nghệ Mới Nhất - Hàng Loại 1 - Hàng Chính Hãng MINIIN",599000.0,599000.0,0.0,0.0,0,134678,,https://tiki.vnnoi-chien-khong-dau-8l-nuong-ga-ca-con-bep-nuong-cong-nghe-moi-nhat-hang-loai-1-chinh-hang-miniin-p217826264.html?spid=217826266
205823902,Combo 9 lõi lọc nước Karofi Hàng chính hãng dùng cho máy lọc nước Karofi K9IQ-2A,1300000.0,1300000.0,0.0,0.0,0,11119,,https://tiki.vncombo-9-loi-loc-nuoc-karofi-hang-chinh-hang-dung-cho-may-loc-nuoc-karofi-k9iq-2a-p205823902.html?spid=213876789
201518250,"Máy làm sữa hạt, xay và nấu đa năng Tefal BL83SD66 1400W 1.75L - Hàng Chính Hãng",3590000.0,3590000.0,0.0,4.5,2,20256,,https://tiki.vnmay-lam-sua-hat-xay-va-nau-da-nang-tefal-bl83sd66-1400w-1-75l-hang-chinh-hang-p201518250.html?spid=214920866
191373503,Máy vắt cam Sharp 0.75 lít EJ-J407 - Hàng chính hãng,299000.0,299000.0,0.0,4.7,6,162514,,https://tiki.vnmay-vat-cam-sharp-0-75-lit-ej-j407-hang-chinh-hang-p191373503.html?spid=191373507
186134476,"Máy Phun Sương Tạo Ẩm Bear Làm Mát Không Khí, Bộ Lọc Ion Bạc Diệt Khuẩn, Tiết Kiệm Năng Lượng JSQ-C45U1 - Hàng chính hãng",493000.0,950000.0,457000.0,5.0,9,1,,https://tiki.vnmay-phun-suong-tao-am-bear-lam-mat-khong-khi-bo-loc-ion-bac-diet-khuan-tiet-kiem-nang-luong-jsq-c45u1-hang-chinh-hang-p186134476.html?spid=253364990
185248203,Máy Xay Đồ Ăn Dặm Cho Bé 6 Lưỡi Cối Thuỷ Tinh Hàng Nội Địa Trung Bản Cao Cấp Siêu Mịn Tiện Dụng - Tặng Kèm Dụng Cụ Rửa Máy-Hàng Chính Hãng,219000.0,219000.0,0.0,4.8,136,134678,,https://tiki.vnmay-xay-do-an-dam-cho-be-6-luoi-coi-thuy-tinh-hang-noi-dia-trung-ban-cao-cap-sieu-min-tien-dung-tang-kem-dung-cu-rua-may-hang-chinh-hang-p185248203.html?spid=185248205
176728305,Phụ kiện thay thế Robot hút bụi Xiaomi Mijia Vacuum Mop Essential - Hàng chính hãng,350000.0,350000.0,0.0,5.0,1,162514,,https://tiki.vnphu-kien-thay-the-robot-hut-bui-xiaomi-mijia-vacuum-mop-essential-hang-chinh-hang-p176728305.html?spid=176728317
158996421,Máy Ép Chậm Kangaroo KG180SJD (180W) - Hàng Chính Hãng,1540000.0,3610000.0,2070000.0,4.3,50,1,,https://tiki.vnmay-ep-cham-kangaroo-kg180sjd-180w-hang-chinh-hang-p158996421.html?spid=158996422
155760532,Máy Pha Cà Phê Chuyên Dụng Delonghi EC685.M 1300W (1.1L) - Hàng Nhập Khẩu,6298000.0,6298000.0,0.0,0.0,0,305312,,https://tiki.vnmay-pha-ca-phe-chuyen-dung-thuong-hieu-cao-cap-delonghi-ec685-m-cong-suat-1300w-dung-tich-1-1l-hang-nhap-khau-p155760532.html?spid=197878317
152521571,Nồi cơm nắp gài Sharp KS-223TJV-CH 2.2 lít - Hàng chính hãng,750000.0,750000.0,0.0,0.0,0,184067,,https://tiki.vnnoi-com-nap-gai-sharp-ks-223tjv-ch-2-2-lit-hang-chinh-hang-p152521571.html?spid=262550399
129805645,Quạt bàn Senko sang trọng cao cấp B1216 màu ngẫu nhiên - Hàng Chính Hãng,312000.0,312000.0,0.0,5.0,1,187775,,https://tiki.vnproduct-quat-ban-senko-sang-trong-cao-cap-b1216-mau-ngau-nhien-hang-chinh-hang-p129805645.html?spid=129805646
129349243,(ASIA) Quạt đứng Asia TURBO 6 cánh 80w - bán công nghiệp - Màu đen - Hàng chính hãng,1025000.0,1025000.0,0.0,0.0,0,187775,,https://tiki.vnasia-quat-dung-asia-turbo-6-canh-80w-ban-cong-nghiep-mau-den-hang-chinh-hang-p129349243.html?spid=243244263
110873304,Bàn Ủi Hơi Nước Cầm Tay Xiaomi Zanjia GT-306W công suất định mức 1200W - Hàng Nhập Khẩu,498000.0,498000.0,0.0,4.5,25,16996,,https://tiki.vnban-ui-hoi-nuoc-cam-tay-xiaomi-zanjia-gt-306w-cong-suat-dinh-muc-1200w-hang-nhap-khau-p110873304.html?spid=110873305
78625780,Quạt điện Senko để bàn tiện lợi cao cấp B1216 màu ngẫu nhiên - Hàng Chính Hãng,312000.0,312000.0,0.0,4.8,13,187775,,https://tiki.vnquat-dien-senko-de-ban-tien-loi-cao-cap-b1216-mau-ngau-nhien-hang-chinh-hang-p78625780.html?spid=109711233
76283066,Nồi Cơm Điện Tử Sharp KS-COM08V-SL (0.72 Lít) – Hàng Chính Hãng,904000.0,1238000.0,334000.0,4.7,19,1,,https://tiki.vnnoi-com-dien-tu-sharp-ks-com08v-sl-0-72-lit-hang-chinh-hang-p76283066.html?spid=76283067
57660754,"Bộ 4 lõi lọc nước Vasstar số 1,2,3 _HÀNG CHÍNH HÃNG",225000.0,225000.0,0.0,5.0,24,4408,,https://tiki.vnbo-4-loi-loc-nuoc-vasstar-so-1-2-3-_hang-chinh-hang-p57660754.html?spid=57660755
56492437,Quạt Bàn Đảo 3 Tấc Senko BD1010 - Màu Ngẫu Nhiên - Hàng chính hãng,366000.0,366000.0,0.0,4.8,30,187775,,https://tiki.vnquat-ban-dao-3-tac-senko-bd1010-mau-ngau-nhien-hang-chinh-hang-p56492437.html?spid=101856855
19790643,Bàn Là Khô Bluestone DIB-3726 (1300W) - Hàng Chính Hãng,369000.0,369000.0,0.0,0.0,0,253296,,https://tiki.vnban-la-kho-bluestone-dib-3726-1300w-hang-chinh-hang-p19790643.html?spid=152447539
556320,Nồi Cơm Điện Tử Tiger JBV-S18W - 1.8 Lít - Hàng Chính Hãng,4290000.0,4290000.0,0.0,5.0,1,165778,,https://tiki.vnnoi-com-dien-tu-tiger-jbv-s18w-1-8-lit-hang-chinh-hang-p556320.html?spid=90670507
278996483,"Máy Xay Sinh Tố Cầm Tay LocknLock Powerful Portable Blender EJJ356BLK 600ml, Hàng Chính Hãng, Thiết Kế Nắp Kèm Miệng Uống – JoyMall",1341000.0,1490000.0,149000.0,0.0,0,38510,,https://tiki.vnmay-xay-sinh-to-cam-tay-locknlock-powerful-portable-blender-ejj356blk-600ml-hang-chinh-hang-thiet-ke-nap-kem-mieng-uong-joymall-p278996483.html?spid=278996485
278966288,Máy sấy tóc 1600W Philips BHD321/00 - Hàng chính hãng,995000.0,995000.0,0.0,0.0,0,1,,https://tiki.vnmay-say-toc-1600w-philips-bhd321-00-hang-chinh-hang-p278966288.html?spid=278966289
278807067,Máy Sưởi Ấm Chân Văn Phòng Cắm Điện An Toàn Lưu Thông Khí Huyết Giữ Ấm Cơ Thể - Hàng Nhập Khẩu,500000.0,500000.0,0.0,0.0,0,353491,,https://tiki.vnquat-suoi-hang-nhap-khau-p278807067.html?spid=278807068
278707599,Mạch Tiross dùng cho model máy cắt thịt TS100E và TS100T - Hàng chính hãng,390000.0,390000.0,0.0,0.0,0,99996,,https://tiki.vnmach-tiross-dung-cho-model-may-cat-thit-ts100e-va-ts100t-hang-chinh-hang-p278707599.html?spid=278707600
278645326,Sưởi gốm để bàn Tiross TS9297 - Hàng chính hãng,799000.0,799000.0,0.0,0.0,0,99996,,https://tiki.vnsuoi-gom-de-ban-tiross-ts9297-hang-chinh-hang-p278645326.html?spid=278645329
278642920,Sưởi nhà tắm treo tường PTC Tiross TS9294 - Công Suất 2200W - Hàng chính hãng,2499000.0,2499000.0,0.0,0.0,0,99996,,https://tiki.vnsuoi-nha-tam-treo-tuong-ptc-tiross-ts9294-cong-suat-2200w-hang-chinh-hang-p278642920.html?spid=278642921
278430058,Robot hút bụi lau nhà Roborock Qrevo C Pro- Hàng Chính Hãng,13490000.0,13490000.0,0.0,0.0,0,308020,,https://tiki.vnrobot-hut-bui-lau-nha-roborock-qrevo-c-pro-hang-chinh-hang-p278430058.html?spid=278430059
277820736,Quạt đứng ASIAVINA Turbo One VY6199E0 - 55W Đen Cánh Trong - Hàng Chính Hãng,645000.0,885000.0,240000.0,4.3,3,1,,https://tiki.vnquat-dung-asiavina-turbo-one-vy6199e0-55w-den-canh-trong-hang-chinh-hang-p277820736.html?spid=277820737
277727743,Tông đơ cắt tóc trẻ em series 3000 đời mới thương hiệu Philips HC3688/15 - Hàng chính hãng,951000.0,951000.0,0.0,0.0,0,256950,,https://tiki.vntong-do-cat-toc-tre-em-series-3000-doi-moi-thuong-hieu-philips-hc3688-15-hang-chinh-hang-p277727743.html?spid=277727744
276945224,Nồi Cơm Điện Nắp Gài 1.2 Lít HLT@CHL HTC-NC128 - Màu Ngẫu Nhiên - Hàng Chính Hãng,320000.0,320000.0,0.0,0.0,0,11119,,https://tiki.vnnoi-com-dien-nap-gai-1-2-lit-hlt-chl-nc128-mau-ngau-nhien-hang-chinh-hang-p276945224.html?spid=276945225
276885796,COMBO 10 Miếng Dán Giữ Nhiệt Cơ Thể 6 Giờ - Hàng Nhập Khẩu SƯỞI G,100000.0,100000.0,0.0,0.0,0,353491,,https://tiki.vnsuoi-gom-p276885796.html?spid=276885797
276396355,"Nồi chiên không dầu 5L Joyoung JAF-565 - Công suất 1500W, Điều khiển núm xoay - HÀNG CHÍNH HÃNG",1049000.0,1990000.0,941000.0,0.0,0,1,,https://tiki.vnnoi-chien-khong-dau-5l-joyoung-jaf-565-cong-suat-1500w-dieu-khien-num-xoay-hang-chinh-hang-p276396355.html?spid=279077901
276383377,Máy xay thịt 2 lưỡi dao kép Sunhouse SHD5403 300W - Hàng chính hãng,370000.0,1050000.0,680000.0,4.8,84,1,,https://tiki.vnma-y-xay-thi-t-2-luoi-dao-kep-sunhouse-shd5403-300w-hang-chinh-hang-p276383377.html?spid=276383380
276255776,Ấm siêu tốc Trường An ST03- Hàng chính hãng,175000.0,175000.0,0.0,4.7,3,11176,,https://tiki.vnam-sieu-toc-truong-an-st03-hang-chinh-hang-p276255776.html?spid=276255777
276230804,Nồi Chiên Không Dầu BlueStone AFB-5858 7 Lít 1800W - Hàng Chính Hãng,2999000.0,2999000.0,0.0,5.0,1,253296,,https://tiki.vnnoi-chien-khong-dau-bluestone-afb-5858-7-lit-1800w-hang-chinh-hang-p276230804.html?spid=276230805
276017790,"Tông đơ cắt tóc Enchen Boost 2 đâu cắt gốm 2 chế độ cạo, độ ồn thấp, pin đến 120 phút - Hàng chính hãng",239000.0,390000.0,151000.0,4.0,1,312964,,https://tiki.vntong-do-cat-toc-enchen-boost-2-dau-cat-gom-2-che-do-cao-do-on-thap-pin-den-120-phut-bh-6-thang-hang-chinh-hang-p276017790.html?spid=276017791
275279037,"Tủ sấy quần áo khung inox 2 tầng có điều khiển từ xa, sấy quần áo nhanh khô có Bảo hành 12 tháng -  Hàng chính hãng",575000.0,750000.0,175000.0,4.5,9,236185,,https://tiki.vntu-say-quan-ao-khung-inox-2-tang-co-dieu-khien-tu-xa-say-quan-ao-nhanh-kho-co-bao-hanh-12-thang-p275279037.html?spid=275342189
274453826,"Bộ cút + van chuyển đổi màng RO cắm chậm sang màng RO đúc, cắm nhanh cho dùng máy lọc nước RO Karofi,.... - Hàng nhập khẩu",29200.0,29200.0,0.0,0.0,0,55218,,https://tiki.vnbo-cut-van-chuyen-doi-mang-ro-cam-cham-sang-mang-ro-duc-cam-nhanh-cho-dung-may-loc-nuoc-ro-karofi-hang-nhap-khau-p274453826.html?spid=274453827
273563193,"Nồi Áp Suất Chống Dính Dung Tích 5 Lít, Nấu,Hầm, Hấp Đa Năng,Nồi Hầm Đa Năng Cắm Điện, Tiết Kiệm Điện - HÀNG CHÍNH HÃNG MINIIN",299000.0,299000.0,0.0,0.0,0,134678,,https://tiki.vnnoi-ap-suat-chong-dinh-dung-tich-5-lit-nau-ham-hap-da-nang-noi-ham-da-nang-cam-dien-tiet-kiem-dien-hang-chinh-hang-miniin-p273563193.html?spid=273563194
273562099,Bếp gas âm Rinnai RVB-2BG(D)N mặt bếp kính và kiềng bếp men - Hàng chính hãng.,4664000.0,4664000.0,0.0,0.0,0,349062,,https://tiki.vnbep-gas-am-rinnai-rvb-2bg-d-n-mat-bep-kinh-va-kieng-bep-men-hang-chinh-hang-p273562099.html?spid=273562100
273262921,Bếp từ đơn Sunhouse SHD6160 - Hàng chính hãng,713000.0,2154000.0,1441000.0,4.6,5,1,,https://tiki.vnbe-p-tu-don-sunhouse-shd6160-hang-chinh-hang-p273262921.html?spid=273262924
270469542,Bàn là hơi nước cầm tay mini SOKANY - SK3069B công suất 1200W ủi được cả khô cả hơi nước - Hàng chính hãng,619000.0,619000.0,0.0,4.6,7,8390,,https://tiki.vnban-la-hoi-nuoc-cam-tay-mini-sokany-sk3069b-cong-suat-1200w-ui-duoc-ca-kho-ca-hoi-nuoc-hang-chinh-hang-p270469542.html?spid=270469544
263202513,"Bình Pha Trà BEAR 1,5L Ấm Thủy Tinh Đun Nước Giữ Nhiệt Hẹn Giờ Có Lưới Lọc Bảo Hành 18 Tháng - SB-PT15K 1000W",950000.0,950000.0,0.0,0.0,0,20256,,https://tiki.vnbinh-pha-tra-bear-1-5l-am-thuy-tinh-dun-nuoc-giu-nhiet-hen-gio-co-luoi-loc-bao-hanh-18-thang-sb-pt15k-1000w-p263202513.html?spid=275920610
249866618,Bộ 3 Lõi Lọc Nước Thông Minh Sunhouse - Hàng chính hãng,35000.0,35000.0,0.0,4.8,5,55218,,https://tiki.vnbo-3-loi-loc-nuoc-thong-minh-sunhouse-hang-chinh-hang-p249866618.html?spid=249866621
248826825,Bàn ủi hơi nước đứng Mitomo GC-559 Công suất 2200W BH 3 năm hàng chính hãng,1529000.0,2446000.0,917000.0,4.8,6,123800,,https://tiki.vnban-ui-hoi-nuoc-dung-mitomo-gc-559-cong-suat-2200w-bh-3-nam-hang-chinh-hang-p248826825.html?spid=248826827
199051204,Bộ Lọc HEPA Thay Thế Cho Máy Hút Bụi Cầm Tay Đa Năng Damas D610W - Hàng Nhập Khẩu,79000.0,150000.0,71000.0,5.0,2,92468,,https://tiki.vnbo-loc-hepa-thay-the-cho-may-hut-bui-cam-tay-da-nang-damas-d610w-hang-nhap-khau-p199051204.html?spid=199051205
197821059,"Máy hút bụi cầm tay không dây sử dụng pin sạc, chuyên dụng hút bụi vệ sinh giường nệm, chăn ga, ghế sofa, Máy hút bụi giường nệm diệt khuẩn UV - Hàng chính hãng MINIIN ",199000.0,199000.0,0.0,4.3,3,134678,,https://tiki.vnmay-hut-bui-cam-tay-khong-day-su-dung-pin-sac-chuyen-dung-hut-bui-ve-sinh-giuong-nem-chan-ga-ghe-sofa-may-hut-bui-giuong-nem-diet-khuan-uv-chinh-hang-miniin-p197821059.html?spid=197821060
186088990,Bàn ủi hơi nước Sunhouse SHD2065 - Hàng Chính Hãng,295000.0,295000.0,0.0,0.0,0,173338,,https://tiki.vnban-ui-hoi-nuoc-sunhouse-shd2065-hang-chinh-hang-p186088990.html?spid=273933550
163502100,Ấm Siêu Tốc 2 Lớp Thái Lan 2.5 L Cao Cấp 1800W - Sôi Nhanh Tự Động Ngắt-Inox 304-INVERTER Tiết Kiệm Điện - Hàng Loại 1 - Chính Hãng MINIIN,99000.0,99000.0,0.0,4.1,13,134678,,https://tiki.vnam-sieu-toc-2-lop-thai-lan-2-5-l-cao-cap-1800w-am-nuoc-soi-nhanh-tu-dong-ngat-inox-304-inverter-tiet-kiem-dien-hang-loai-1-chinh-hang-p163502100.html?spid=163502102
126979955,Máy sấy tóc Philips BHD500/00 - Hàng Chính Hãng,879000.0,1300000.0,421000.0,4.8,69,1,,https://tiki.vnmay-say-toc-philips-bhd500-00-hang-chinh-hang-p126979955.html?spid=126979956
116036994,Tông đơ cắt tóc xiaomi Enchen Boost phiên bản mới 2020 - Màu ngẫu nhiên,245000.0,245000.0,0.0,4.8,8,16996,,https://tiki.vntong-do-cat-toc-xiaomi-enchen-boost-phien-ban-moi-2020-mau-ngau-nhien-p116036994.html?spid=116036997
106320899,Quạt đảo trần Asia X16002 có điều khiển từ xa công suất 55W - Hàng chính hãng,945000.0,945000.0,0.0,4.6,15,187775,,https://tiki.vnquat-dao-tran-asia-x16002-co-dieu-khien-tu-xa-cong-suat-55w-hang-chinh-hang-p106320899.html?spid=106320900
82874219,Quạt bàn B4 SENKO B1612 - Hàng chính hãng,349000.0,349000.0,0.0,5.0,3,187775,,https://tiki.vnquat-ban-b4-senko-b1612-hang-chinh-hang-p82874219.html?spid=130999004
74537187,"Siêu Sắc Thuốc 3L ,Ấm Sắc Thuốc Tự Động Fujika K5 Lòng Ấm Tráng Men Chịu Nhiệt Cao Màu Đen Họa Tiết Kí Tự- Hàng Chính Hãng",359000.0,359000.0,0.0,4.0,1,69337,,https://tiki.vnsieu-sac-thuoc-3l-am-sac-thuoc-tu-dong-fujika-k5-long-am-trang-men-chiu-nhiet-cao-mau-den-hoa-tiet-ki-tu-hang-chinh-hang-p74537187.html?spid=247936581
69276361,Máy ép chậm Tefal ZC150838 - Hàng chính hãng,2400000.0,3949000.0,1549000.0,4.0,1,1,,https://tiki.vnmay-ep-cham-tefal-zc150838-hang-chinh-hang-p69276361.html?spid=274458831
11386190,Thiết Bị Lọc Nước Lắp Tại Vòi EF201 - Hàng chính hãng,2248363.0,2248363.0,0.0,4.8,4,187579,,https://tiki.vnthie-t-bi-lo-c-nuo-c-la-p-ta-i-vo-i-ef201-hang-chinh-hang-p11386190.html?spid=100510254
10131463,Máy lọc không khí Sharp FP-J60E-W (38W) - Hàng chính hãng,5865000.0,7500000.0,1635000.0,4.7,251,1,,https://tiki.vnmay-loc-khong-khi-sharp-fp-j60e-w-38w-hang-chinh-hang-p10131463.html?spid=10131487
2498757,Quạt Điện Đứng Senko L1338 - Giao Màu Ngẫu Nhiên - Hàng Chính Hãng,378000.0,378000.0,0.0,4.7,33,187775,,https://tiki.vnquat-dien-dung-senko-l1338-giao-mau-ngau-nhien-hang-chinh-hang-p2498757.html?spid=102103683
2498045,Quạt Điện Đứng 7 cánh Senko LTS1636 - Giao Màu Ngẫu Nhiên - Hàng Chính Hãng,455000.0,455000.0,0.0,4.8,144,187775,,https://tiki.vnquat-dien-dung-7-canh-senko-lts1636-giao-mau-ngau-nhien-hang-chinh-hang-p2498045.html?spid=101844686
637479,Quạt Trần Panasonic F-56MZG-S – Bạc - Hàng chính hãng,2500000.0,2500000.0,0.0,0.0,0,187775,,https://tiki.vnquat-tran-panasonic-f-56mzg-s-bac-hang-chinh-hang-p637479.html?spid=225223792
278124871,"Máy Cạo Râu Mini 2 Lưỡi Cạo Nổi - (Tặng kèm 2 lưỡi cạo thay thế ) Máy Cạo Râu Đa Năng Đầu Cạo Chống Nước, cạo sạch chân râu, dung lượng pin lớn Hàng chính hãng",249000.0,249000.0,0.0,4.0,1,137089,,https://tiki.vnmay-cao-rau-mini-2-luoi-cao-noi-tang-kem-2-luoi-cao-thay-the-may-cao-rau-da-nang-dau-cao-chong-nuoc-cao-sach-chan-rau-dung-luong-pin-lon-hang-chinh-hang-p278124871.html?spid=278124872
276616612,NỒI CƠM ĐIỆN 1.2L SUNHOUSE SHD8213 - Hàng Chính Hãng,670000.0,670000.0,0.0,0.0,0,11119,,https://tiki.vnnoi-com-dien-1-2l-sunhouse-shd8213-hang-chinh-hang-p276616612.html?spid=276616613
276554863,Bếp Gas Đôi Mặt Kính Cao Cấp NaMilux DL2463PG – Công Suất Mạnh 4.2Kw – Kiềng Bếp Tráng Men – Hàng Chính Hãng,1400000.0,1400000.0,0.0,0.0,0,240,,https://tiki.vnbep-gas-doi-mat-kinh-cao-cap-namilux-dl2463pg-cong-suat-manh-4-2kw-kieng-bep-trang-men-hang-chinh-hang-p276554863.html?spid=276554864
275851398,"Máy rang các loại hạt tự động tích hợp điều chỉnh thời gian, thương hiệu Mỹ cao cấp Cafemasy SCR-300B. Hàng chính hãng",2219000.0,2219000.0,0.0,0.0,0,208147,,https://tiki.vnmay-rang-cac-loai-hat-tu-dong-tich-hop-dieu-chinh-thoi-gian-thuong-hieu-my-cao-cap-cafemasy-scr-300b-hang-chinh-hang-p275851398.html?spid=275851399
275802105,MÁY ÉP CHẬM HUROM H420 2024 - Hàng Chính Hãng - Bảo Hành 10 Năm Động Cơ,8100000.0,8100000.0,0.0,0.0,0,9652,,https://tiki.vnmay-ep-cham-hurom-h420-mau-hang-chinh-hang-bao-hanh-10-nam-dong-co-p275802105.html?spid=275802109
275277582,"Đầu, Lưỡi cho máy cạo râu Braun Series 5, 52B, 52S | Model Braun 5020, 5020S,5030, 5030S, 5040, 5040S, 5050, 5050CC Hàng chính hãng",390000.0,390000.0,0.0,0.0,0,20256,,https://tiki.vndau-luoi-cho-may-cao-rau-braun-series-5-52b-52s-model-braun-5020-5020s-5030-5030s-5040-5040s-5050-5050cc-p275277582.html?spid=275277583
274541112,"Máy đánh trứng, tạo bọt mini cầm tay 3 tốc độ dùng pin sạc - hàng chính hãng",125000.0,165000.0,40000.0,4.1,9,115414,,https://tiki.vnmay-danh-trung-tao-bot-mini-cam-tay-3-toc-do-dung-pin-sac-p274541112.html?spid=274541113
274429670,"Máy rã đông thực phẩm lạnh 4 trong 1 dung tích lớn, Máy tiệt trùng, khử trùng rau củ quả - Hàng Chính Hãng",499000.0,499000.0,0.0,0.0,0,57800,,https://tiki.vnmay-ra-dong-thuc-pham-lanh-4-trong-1-dung-tich-lon-may-tiet-trung-khu-trung-rau-cu-qua-p274429670.html?spid=274429671
274084006,"Len The Paper nhập khẩu từ Gazzal, đan móc túi, giỏ, đồ dùng trang trí nội thất",96000.0,96000.0,0.0,0.0,0,198998,,https://tiki.vnlen-the-paper-nhap-khau-tu-gazzal-dan-moc-tui-gio-do-dung-trang-tri-noi-that-p274084006.html?spid=274084014
273271508,Bình đun siêu tốc Bluestone KTB-3426 - Hàng chính hãng,639000.0,699000.0,60000.0,0.0,0,162514,,https://tiki.vnbinh-dun-sieu-toc-bluestone-ktb-3426-hang-chinh-hang-p273271508.html?spid=273271509
263752207,Máy xay hạt cà phê cao cấp thương hiệu Shardor CG836B công suất 150W tích hợp 25 chế độ xay - Hàng Chính Hãng,1437000.0,1437000.0,0.0,0.0,0,256950,,https://tiki.vnmay-xay-hat-ca-phe-cao-cap-thuong-hieu-shardor-cg836b-cong-suat-150w-tich-hop-25-che-do-xay-hang-chinh-hang-p263752207.html?spid=263752208
263293403,"Ấm siêu tốc Sunhouse Happy time HTD1081, Công suất 1500W, Dung tích 1,8 lít, Chất liệu inox, Bảo hành 12 tháng",200000.0,200000.0,0.0,0.0,0,11119,,https://tiki.vnam-sieu-toc-sunhouse-happy-time-htd1081-cong-suat-1500w-dung-tich-1-8-lit-chat-lieu-inox-bao-hanh-12-thang-p263293403.html?spid=263701532
263208137,Nồi Cơm Điện Tử Bear 3L Lòng Nồi 5 Lớp Đa Năng Nấu Cơm Nấu Cháo Hầm Hấp Hâm Nóng Hẹn Giờ Lên Đến 12 Tiếng SB-NC30A - HÀNG CHÍNH HÃNG,1051000.0,1990000.0,939000.0,5.0,2,1,,https://tiki.vnnoi-com-dien-tu-bear-3l-long-noi-5-lop-da-nang-nau-com-nau-chao-ham-hap-ham-nong-hen-gio-len-den-12-tieng-sb-nc30a-hang-chinh-hang-p263208137.html?spid=270701842
254137831,"Nồi Chưng Yến, Tiềm Thuốc Bắc BEAR SUBE001 Kèm Lồng Hấp Dung Tích 0.8 Lít, Công Suất 200W - Hàng Chính Hãng",590000.0,590000.0,0.0,0.0,0,20256,,https://tiki.vnnoi-chung-yen-tiem-thuoc-bac-bear-sube001-kem-long-hap-dung-tich-0-8-lit-cong-suat-200w-hang-chinh-hang-p254137831.html?spid=275583644
248833693,Nồi nấu nhanh NH09 rêu - Hàng chính hãng - Gốm sứ cao cấp  - Điện gia dụng,650000.0,650000.0,0.0,5.0,2,11176,,https://tiki.vnnoi-hap-truong-an-nh09-reu-hang-chinh-hang-go-m-su-cao-ca-p-dien-gia-dung-p248833693.html?spid=248833694
247240192,"Combo Bộ 3 Lõi Lọc Nước Thô 1,2,3  Dành Cho Máy Lọc Nước Karofi Livotec 512 - Hàng Chính Hãng",110000.0,110000.0,0.0,5.0,1,11119,,https://tiki.vncombo-bo-3-loi-loc-tho-1-2-3-nuoc-danh-cho-may-loc-nuoc-karofi-livotec-512-hang-chinh-hang-p247240192.html?spid=247240193
225262575,Ấm sắc thuốc Trường An TA37LBĐ Vàng - Hàng chính hãng,545000.0,545000.0,0.0,0.0,0,11176,,https://tiki.vnam-sa-c-thuoc-truong-an-ta37lbd-vang-hang-chinh-hang-p225262575.html?spid=225262576
217887588,Lõi lọc không khí Xiaomi Smart Air Purifier 4 Compact - Hàng Chính Hãng,625000.0,625000.0,0.0,5.0,2,34716,,https://tiki.vnloi-loc-khong-khi-xiaomi-smart-air-purifier-4-compact-hang-chinh-hang-p217887588.html?spid=217887589
213564231,Ấm đun siêu tốc Smartcook 1.5L KES-3857 - Hàng chính hãng,482000.0,1259000.0,777000.0,5.0,3,1,,https://tiki.vnam-dun-sieu-toc-smartcook-1-5l-kes-3857-hang-chinh-hang-p213564231.html?spid=213564235
210298086,Combo 3 lõi lọc nước Karofi hàng chính hãng 123 với lõi số 2 Cation resin nhỏ cho các náy N-e - Hàng chính Hãng,189000.0,189000.0,0.0,5.0,1,55218,,https://tiki.vncombo-3-loi-loc-nuoc-karofi-hang-chinh-hang-loi-so-1-loi-2-nho-cation-vang-loi-so-3-p210298086.html?spid=210298087
195637919,Máy Xông Hơi Khô Bồn Tắm Mini Tại Nhà Spa Khếch Tán Tinh Dầu Body Cơ Thể Hàng Nhập Khẩu Legaxi,410000.0,410000.0,0.0,0.0,0,3196,,https://tiki.vnmay-xong-hoi-kho-bon-tam-mini-tai-nha-spa-khech-tan-tinh-dau-body-co-the-legaxi-p195637919.html?spid=195637921
183330069,"Máy Sấy Tóc Philips BHC010, Công Suất 1200W - Thiết Kế Gập, Du Lịch - Hàng Chính Hãng",370000.0,370000.0,0.0,5.0,1,11119,,https://tiki.vnmay-say-toc-philips-bhc010-cong-suat-1200w-thiet-ke-gap-bao-hanh-chinh-hang-2-nam-p183330069.html?spid=201347914
171992172,Quạt đứng Xiaomi Smart Fan 2 Lite - Hàng Chính Hãng,1090000.0,1090000.0,0.0,5.0,2,34716,,https://tiki.vnquat-dung-xiaomi-smart-fan-2-lite-hang-chinh-hang-p171992172.html?spid=251772638
171850667,"Máy Xay Thịt Cá Đa Năng Cối Inox 304 4 Lưỡi Cao Cấp, Công suất 250W - Nghiền Tỏi Ớt Rau Củ - Hàng Loại 1- Chính Hãng MINIIN",265000.0,265000.0,0.0,2.0,2,134678,,https://tiki.vnmay-xay-thit-ca-da-nang-coi-inox-304-4-luoi-cao-cap-cong-suat-250w-nghien-toi-ot-rau-cu-hang-loai-1-chinh-hang-miniin-p171850667.html?spid=171850668
168925162,Bàn ủi hơi nước cầm tay Deerma DEM-HS100 - Hàng Nhập Khẩu,549000.0,549000.0,0.0,5.0,1,34716,,https://tiki.vnban-ui-hoi-nuoc-cam-tay-deerma-dem-hs100-hang-nhap-khau-p168925162.html?spid=176769677
150977053,Lõi lọc số 6/7/8 công nghệ khoáng đá (mineral) KAROFI - Hàng chính hãng,150000.0,150000.0,0.0,5.0,1,11119,,https://tiki.vnloi-loc-so-6-7-8-cong-nghe-khoang-da-mineral-karofi-chinh-hang-p150977053.html?spid=153011777
143183758,Bình Áp Nhựa Karofi Máy Lọc Nước RO 3.2 (8-10 lít) - Hàng Chính Hãng,460000.0,460000.0,0.0,4.5,2,11119,,https://tiki.vnbinh-ap-nhua-karofi-may-loc-nuoc-ro-3-2-8-10-lit-hang-chinh-hang-p143183758.html?spid=143183759
127351308,Van Khóa Nước Chữ T Đầu Vào Đại Việt Dùng Cho Nhiều Loại Máy Lọc Nước RO - Hàng chính hãng,47000.0,47000.0,0.0,4.7,6,208815,,https://tiki.vnvan-khoa-nuoc-chu-t-dau-vao-dai-viet-dung-cho-nhieu-loai-may-loc-nuoc-ro-p127351308.html?spid=127351311
126309778,Quạt hút thông gió 2 chiều âm tường Senko Hàng Chính Hãng H150 30W,290000.0,290000.0,0.0,4.5,2,187775,,https://tiki.vnquat-hut-thong-gio-2-chieu-am-tuong-senko-hang-chinh-hang-h150-30w-p126309778.html?spid=195971460
122576690,Máy Làm Sữa Chua Hương Vị Truyền Thống Song Anh - Hàng Chính Hãng,500000.0,500000.0,0.0,4.8,28,163678,,https://tiki.vnmay-lam-sua-chua-huong-vi-truyen-thong-song-anh-hang-chinh-hang-p122576690.html?spid=122576692
76039704,"Combo 03 lõi lọc nước số 1 lõi lọc nước R.O, lọc thô 10 inch (Hàng chính hãng)",120000.0,120000.0,0.0,4.0,1,8413,,https://tiki.vncombo-03-loi-loc-nuoc-so-1-loi-loc-nuoc-r-o-loc-tho-10-inch-hang-chinh-hang-p76039704.html?spid=76039705
70832055,Máy Cạo Râu Panasonic ES534DP527 - Hàng Chính Hãng,259000.0,260000.0,1000.0,4.3,9,138278,,https://tiki.vnmay-cao-rau-panasonic-es534dp527-hang-chinh-hang-p70832055.html?spid=196069008
56514020,Tay vặn – mở - khóa ly - cốc máy lọc nước R.O – lọc thô 4 chấu,30000.0,30000.0,0.0,4.6,33,8413,,https://tiki.vntay-van-mo-khoa-ly-coc-may-loc-nuoc-r-o-loc-tho-4-chau-hang-chinh-hang-p56514020.html?spid=56514022
50500573,Tông đơ cắt tóc bấm viền kemei 5021,295000.0,295000.0,0.0,0.0,0,273268,,https://tiki.vntong-do-cat-toc-bam-vien-kemei-5021-p50500573.html?spid=174016303
3043637,"Máy Làm Tỏi Đen Nikio NK-696 - Nồi Ủ Tỏi Đen Tự Động, Công Nghệ Nhật Bản, Tỉ Lệ Thành Công 99%, Tỏi Thơm Ngon Chuẩn Vị, Dung Tích 6 Lít, Khay Chứa 3 Tầng, Làm 2kg Tỏi - Hàng Chính Hãng",1890000.0,2590000.0,700000.0,4.2,9,50450,,https://tiki.vnmay-lam-toi-den-nikio-nk-696-noi-u-toi-den-tu-dong-cong-nghe-nhat-ban-ti-le-thanh-cong-99-toi-thom-ngon-chuan-vi-dung-tich-6-lit-khay-chua-3-tang-lam-2kg-toi-hang-chinh-hang-p3043637.html?spid=44049922
2746575,Bếp Hồng Ngoại Đơn Âm Cảm Ứng DOMINO KAFF KF-330C - Hàng Chính Hãng,1500000.0,1500000.0,0.0,0.0,0,168717,,https://tiki.vnbep-hong-ngoai-don-am-cam-ung-domino-kaff-kf-330c-hang-chinh-hang-p2746575.html?spid=78279925
1919529,Máy Pha Cà Phê Delonghi EC685.M - Hàng Chính Hãng,5693000.0,5693000.0,0.0,5.0,1,305312,,https://tiki.vnmay-pha-ca-phe-delonghi-ec685-m-hang-chinh-hang-p1919529.html?spid=197857884
1733821,Quạt Hộp Mini Lifan HO-MI - Xanh lá - Hàng Chính Hãng,195000.0,195000.0,0.0,0.0,0,187775,,https://tiki.vnquat-hop-mini-lifan-ho-mi-xanh-la-hang-chinh-hang-p1733821.html?spid=109271344
1021427,Sưởi Điện Hồng Ngoại Sunhouse SHD7013 (800W) - Đen Đỏ - Hàng Chính Hãng,380000.0,1306000.0,926000.0,4.5,81,1,,https://tiki.vnsuoi-dien-hong-ngoai-sunhouse-shd7013-800w-den-do-hang-chinh-hang-p1021427.html?spid=1021429
278996456,"Máy Xay Sinh Tố Cầm Tay LocknLock Vacuum Portable Blender EJJ346IVY 475ml, Hàng Chính Hãng, Chức Năng Hút Chân Không - JoyMall",1521000.0,1690000.0,169000.0,0.0,0,38510,,https://tiki.vnmay-xay-sinh-to-cam-tay-locknlock-vacuum-portable-blender-ejj346ivy-475ml-hang-chinh-hang-chuc-nang-hut-chan-khong-joymall-p278996456.html?spid=278996458
278989351,Nồi chiên không dầu điện tử Sharp 6.8 lít KF-AF68EPV - Hàng chính hãng,2490000.0,2990000.0,500000.0,0.0,0,162514,,https://tiki.vnnoi-chien-khong-dau-dien-tu-sharp-6-8-lit-kf-af68epv-hang-chinh-hang-p278989351.html?spid=278989353
278755977,Máy làm sữa chua Elmich YME0297 - Hàng chính hãng,728000.0,2009000.0,1281000.0,0.0,0,1,,https://tiki.vnmay-lam-sua-chua-elmich-yme0297-hang-chinh-hang-p278755977.html?spid=278755978
277915217,BẾP TỪ ĐÔI BOSCH PPI82566VN Hàng chính hãng,12300000.0,12300000.0,0.0,0.0,0,20256,,https://tiki.vnbep-tu-doi-bosch-ppi82566vn-hang-chinh-hang-p277915217.html?spid=277915218
276930171,Máy Sưởi Ấm Tay Mini Hình Bàn Chân Mèo – Đồ Dùng Mùa Đông Sạc USB - HÀNG CHÍNH HÃNG MINIIN,25000.0,25000.0,0.0,0.0,0,134678,,https://tiki.vnmay-suoi-am-tay-mini-hinh-ban-chan-meo-do-dung-mua-dong-sac-usb-hang-chinh-hang-miniin-p276930171.html?spid=276930177
276777831,Nồi Cơm Điện Philips 1.8L HD4515/69 - Hàng Chính Hãng,1008000.0,1500000.0,492000.0,0.0,0,12063,,https://tiki.vnnoi-com-dien-philips-1-8l-hd4515-69-hang-chinh-hang-p276777831.html?spid=277385362
276608169,Ấm sắc thuốc Trường An TA39 Rêu - Gốm sứ cao cấp  - Điện gia dụng - Hàng chính hãng,489000.0,489000.0,0.0,0.0,0,11176,,https://tiki.vnam-sa-c-thuoc-truong-an-ta39-reu-go-m-su-cao-ca-p-dien-gia-dung-hang-chinh-hang-p276608169.html?spid=276608170
275665067,Máy lọc không khí Philips AC0650/10 12W - Hàng Chính Hãng,2690000.0,2690000.0,0.0,0.0,0,20256,,https://tiki.vnmay-loc-khong-khi-philips-ac0650-10-12w-hang-chinh-hang-p275665067.html?spid=276821515
275295696,"Quạt đá, quạt hơi nước, quạt điều  hoà 45L có bánh xe tặng kèm 2 hộp đá khô, Hàng chính hãng",1350000.0,1950000.0,600000.0,5.0,5,236185,,https://tiki.vnquat-da-quat-hoi-nuoc-quat-dieu-hoa-45l-co-banh-xe-tang-kem-2-hop-da-kho-hang-chinh-hang-p275295696.html?spid=275428225
275123782,Máy làm sữa hạt đa năng Sunhouse SHD5261 - Hàng chính hãng,1063000.0,3971000.0,2908000.0,4.5,9,1,,https://tiki.vnma-y-la-m-su-a-ha-t-da-nang-sunhouse-shd5261-hang-chinh-hang-p275123782.html?spid=275123783
274987520,Máy vắt cam Bear SB-VC04L 400ml (35W) - Hàng chính hãng,317000.0,650000.0,333000.0,4.0,1,1,,https://tiki.vnmay-vat-cam-bear-sb-vc04l-400ml-35w-hang-chinh-hang-p274987520.html?spid=274987523
274952923,Đèn sưởi hồng ngoại Trotec IR 1200 S Hàng chính hãng,2390000.0,2390000.0,0.0,0.0,0,20256,,https://tiki.vnden-suoi-hong-ngoai-trotec-ir-1200-s-hang-chinh-hang-p274952923.html?spid=274952924
274189225,"Máy sấy tóc ionity Panasonic EH-NE85-K645 bảo vệ tóc - Sấy siêu nhanh 2300W, hiệu suất sấy tương đương 2500W Hàng chính hãng",1679000.0,1679000.0,0.0,5.0,3,138278,,https://tiki.vnmay-say-toc-ionity-panasonic-eh-ne85-k645-bao-ve-toc-say-sieu-nhanh-2300w-hieu-suat-say-tuong-duong-2500w-p274189225.html?spid=276060425
273244685,"Máy pha cà phê cầm tay Espresso mini 3 trong 1, thương hiệu HiBREW cao cấp H4A và H4B - HÀNG CHÍNH HÃNG",3536000.0,3536000.0,0.0,0.0,0,208147,,https://tiki.vnmay-pha-ca-phe-cam-tay-espresso-mini-3-trong-1-thuong-hieu-hibrew-cao-cap-h4a-hang-chinh-hang-p273244685.html?spid=271903500
273118893,Combo bộ lọc thô Kangaroo lõi 123 dùng cho máy lọc nước Kangaroo - Hàng chính hãng,269000.0,269000.0,0.0,5.0,3,55218,,https://tiki.vncombo-2-bo-loc-tho-kangaroo-loi-123-dung-cho-may-loc-nuoc-kangaroo-hang-chinh-hang-p273118893.html?spid=273118895
272432477,Bếp nướng điện 1500W Ladomax HA-1186 có vỉ nướng và khay nướng rời để nướng được nhiều loại thức ăn hơn - Hàng chính hãng,990000.0,990000.0,0.0,0.0,0,69337,,https://tiki.vnbep-nuong-dien-1500w-ladomax-ha-1186-co-vi-nuong-va-khay-nuong-roi-de-nuong-duoc-nhieu-loai-thuc-an-hon-hang-chinh-hang-p272432477.html?spid=274568831
271889604,Nồi Cơm Điện Locknlock Donggeurami Rice Cooker EJR334IVY (1.0L) - Hàng chính hãng,1217900.0,2153000.0,935100.0,4.1,13,1,,https://tiki.vnnoi-com-dien-locknlock-donggeurami-rice-cooker-ejr334ivy-1-0l-hang-chinh-hang-p271889604.html?spid=271889605
212470649,Máy hút bụi cầm tay Bosch serie 4 BCH3K2851 2in1 màu xanh 0.4L - Hàng chính hãng,4890000.0,4890000.0,0.0,0.0,0,20256,,https://tiki.vnmay-hut-bui-cam-tay-bosch-serie-4-bch3k2851-2in1-mau-xanh-0-4l-p212470649.html?spid=225913430
189475890,"Quạt Tích Điện Gấp Gọn - Quạt Mini Để Bàn Xoay 180 Độ, 3 Tốc Độ Gió, Cổng Sạc USB Có Thể Điều Chỉnh Độ Cao Siêu Tiện Lợi - HÀNG CHÍNH HÃNG MINIIN",149000.0,149000.0,0.0,3.8,24,134678,,https://tiki.vnquat-tich-dien-gap-gon-quat-mini-de-ban-xoay-180-do-3-toc-do-gio-cong-sac-usb-co-the-dieu-chinh-do-cao-sieu-tien-loi-hang-chinh-hang-miniin-p189475890.html?spid=189475894
186163980,MÁY HÚT BỤI 3 CHỨC NĂNG 3000W (4HP) 23L DEWALT DXV23P - HÀNG CHÍNH HÃNG,3648520.0,3648520.0,0.0,0.0,0,327403,,https://tiki.vnmay-hut-bui-3-chuc-nang-3000w-4hp-23l-dewalt-dxv23p-hang-chinh-hang-p186163980.html?spid=234519950
181119001,Quạt Hút Thông Gió Âm Trần Senko HT200 (35W) - Hàng Chính Hãng,303000.0,303000.0,0.0,4.5,2,187775,,https://tiki.vnquat-hut-thong-gio-am-tran-senko-ht200-35w-hang-chinh-hang-p181119001.html?spid=249962131
154155186,Quạt Điện Đứng Senko L1638 - Công Suất 47W - Được Chọn Màu Tùy Thích - Hàng Chính Hãng,378000.0,378000.0,0.0,4.6,9,187775,,https://tiki.vnquat-dien-dung-senko-l1638-cong-suat-47w-duoc-chon-mau-tuy-thich-hang-chinh-hang-p154155186.html?spid=154155192
149145719,"Ấm Siêu Tốc Happy Time 1,8l, Bình Đun Siêu Tốc Inox Cách Nhiệt HTD1081",165000.0,165000.0,0.0,0.0,0,249741,,https://tiki.vnam-sieu-toc-happy-time-1-8l-binh-dun-sieu-toc-inox-cach-nhiet-htd1081-p149145719.html?spid=149145723
140560348,Đèn Sưởi Điện Halogen FUJIKA FJ-SC60 - Màu Ngẫu Nhiên - Hàng Chính Hãng,199000.0,199000.0,0.0,4.8,4,11119,,https://tiki.vnden-suoi-dien-halogen-fujika-fj-sc60-mau-ngau-nhien-hang-chinh-hang-p140560348.html?spid=140560349
122225125,Máy làm mát bằng hơi  nước SANAKY VH5500A Hàng chính hãng,3290000.0,3290000.0,0.0,0.0,0,216807,,https://tiki.vnmay-lam-mat-bang-hoi-nuoc-sanaky-vh5500ar-p122225125.html?spid=122225126
117161148,Lưỡi dao thay thế cho máy cạo râu enchen blackstone 3 - Hàng nhập khẩu,138000.0,138000.0,0.0,4.7,28,16996,,https://tiki.vnluoi-dao-thay-the-cho-may-cao-rau-enchen-blackstone-3-hang-nhap-khau-p117161148.html?spid=117161151
75443000,Máy Hút Bụi Ô Tô Cầm Tay Không Dây Damas XC628 - Máy có thể hút khô và nước - Sử dụng sạc pin - Hàng Nhập Khẩu,429000.0,700000.0,271000.0,4.5,188,92468,,https://tiki.vnmay-hut-bui-o-to-cam-tay-khong-day-damas-xc628-may-co-the-hut-kho-va-nuoc-su-dung-sac-pin-hang-nhap-khau-p75443000.html?spid=75443002
74243321,Nồi nấu châm Sowun (02 Lít) SW 6011 - Hàng chính hãng,450000.0,640000.0,190000.0,0.0,0,77324,,https://tiki.vnnoi-nau-cham-sowun-02-lit-sw-6011-hang-chinh-hang-p74243321.html?spid=74243322
68744165,Máy lọc nước tại vòi Geyser Euro M- Hàng nhập khẩu ,890000.0,890000.0,0.0,3.0,1,14202,,https://tiki.vnmay-loc-nuoc-tai-voi-geyser-euro-m-hang-nhap-khau-p68744165.html?spid=76285735
58057112,Máy xay sinh tố Philips HR2221/00 (700W) - Hàng Chính Hãng,1053000.0,1470000.0,417000.0,4.5,248,1,,https://tiki.vnmay-xay-sinh-to-philips-hr2221-00-700w-hang-chinh-hang-p58057112.html?spid=58057113
54443295,"Đầu hút bảng dài model 19-1900 phụ kiện máy hút bụi Stanley SL19117, SL19417-8A , SL19199P , SL19156 , SL19403PE-8A ; Dewalt: DXV15T , DXV23P, DXV25S, DXV30S, DXV34P và DXV38S Hàng chính hãng)",230000.0,230000.0,0.0,0.0,0,551,,https://tiki.vndau-hut-bang-dai-model-19-1900-dung-cho-may-hut-bui-stanley-sl19117-sl19199p-hang-chinh-hang-p54443295.html?spid=54443296
52981352,"Bộ Ly lọc, lõi lọc Bigblue 10 inch",120000.0,120000.0,0.0,4.0,2,8413,,https://tiki.vnbo-ly-loc-loi-loc-bigblue-10-inch-p52981352.html?spid=52981356
48077372,Combo 8 lõi lọc nước dành cho máy lọc Karofi 8 cấp ( Lõi 123+RO+Nanosilver+Mineral+Gac T33+Far Infrared) - Hàng chính hãng,1050000.0,1050000.0,0.0,0.0,0,156984,,https://tiki.vncombo-8-loi-loc-nuoc-danh-cho-may-loc-karofi-8-cap-loi-123-ro-nanosilver-mineral-gac-t33-far-infrared-hang-chinh-hang-p48077372.html?spid=86815745
41314471,Lò Vi Sóng Điện Tử Panasonic NN-ST65JBYUE (32 Lít) - Hàng Chính Hãng,6490000.0,6490000.0,0.0,0.0,0,184067,,https://tiki.vnlo-vi-song-dien-tu-panasonic-nn-st65jbyue-32-lit-hang-chinh-hang-p41314471.html?spid=123351891
20831735,Lõi lọc nước số 1 Kangaroo thay thế cho các loại máy lọc RO - Hàng chính hãng,32000.0,32000.0,0.0,4.7,15,55218,,https://tiki.vnloi-loc-nuoc-so-1-kangaroo-thay-the-cho-cac-loai-may-loc-ro-hang-chinh-hang-p20831735.html?spid=101140834
13410712,Quạt treo điều khiển từ xa TR1628 - Hàng chính hãng,539000.0,539000.0,0.0,5.0,9,187775,,https://tiki.vnquat-treo-dieu-khien-tu-xa-tr1628-hang-chinh-hang-p13410712.html?spid=101664299
6805039,Nồi Cơm Điện Nắp Rời Sunhouse SHD8105 (1.2L) - Hàng chính hãng,415000.0,1405000.0,990000.0,4.0,67,1,,https://tiki.vnnoi-com-dien-nap-roi-sunhouse-shd8105-1-2l-hang-chinh-hang-p6805039.html?spid=6805041
4754633,Máy Đánh Trứng Philips HR3705 (300W) - Hàng Chính Hãng,640000.0,820000.0,180000.0,4.7,798,1,,https://tiki.vnmay-danh-trung-philips-hr3705-300w-hang-chinh-hang-p4754633.html?spid=4754635
2499243,Quạt Trần Đảo Senko TD105 - Trắng - Hàng Chính Hãng,444000.0,444000.0,0.0,5.0,19,187775,,https://tiki.vnquat-tran-dao-senko-td105-trang-hang-chinh-hang-p2499243.html?spid=101841666
279091951,"Quạt Cầm Tay Mini Kachi MK441 - Pin Khủng 3000mAh, Màn Hình LED Hiển Thị, 6 Cấp Độ Gió (Bảo Hành 18 Tháng) - hàng chính hãng",449100.0,499000.0,49900.0,0.0,0,160749,,https://tiki.vnquat-cam-tay-mini-kachi-mk441-pin-khung-3000mah-man-hinh-led-hien-thi-6-cap-do-gio-bao-hanh-18-thang-hang-chinh-hang-p279091951.html?spid=279091955
278939852,"Nồi nấu chậm 2 lít Elmich SCE 8525 - 3 chế độ nấu cài sẵn, an toàn chuyên gia nấu cháo, hầm ninh - Hàng chính hãng",1200000.0,1200000.0,0.0,0.0,0,4568,,https://tiki.vnnoi-nau-cham-elmich-2-5l-sce0429-hang-chinh-hang-p278939852.html?spid=278939855
278893185,Tủ sấy quần áo Elmich CDE-1296 - Hàng Chính Hãng,1540000.0,3949000.0,2409000.0,0.0,0,1,,https://tiki.vntu-say-quan-ao-elmich-cde-1296-hang-chinh-hang-p278893185.html?spid=278893186
278755994,Máy lọc không khí Elmich APE9324 - Hàng chính hãng,3613000.0,10036000.0,6423000.0,0.0,0,1,,https://tiki.vnmay-loc-khong-khi-elmich-ape9324-hang-chinh-hang-p278755994.html?spid=278755996
278402311,Nồi áp suất điện đa năng 2.5L Sunhouse SHD1520 - Lòng nồi dày 1.8mm - Đa chức năng nấu - Xả áp bằng nút ấn - Hàng chính hãng,1025000.0,2946000.0,1921000.0,0.0,0,1,,https://tiki.vnno-i-a-p-sua-t-die-n-da-nang-2-5l-sunhouse-shd1520-long-noi-day-1-8mm-da-chuc-nang-nau-xa-ap-bang-nut-an-hang-chinh-hang-p278402311.html?spid=278402314
278037890,"Ấm Đun Siêu Tốc Giảm Âm LocknLock Silent Electric Kettle 1.2L EJK216WHT, Hàng Chính Hãng - JoyMall",1620000.0,1800000.0,180000.0,0.0,0,38510,,https://tiki.vnam-dun-sieu-toc-giam-am-locknlock-silent-electric-kettle-1-2l-ejk216wht-hang-chinh-hang-joymall-p278037890.html?spid=278037892
277554862,Nồi Hấp Đa Năng BlueStone MPB-7238 - 17 lít - 1300W - Điều khiển cảm ứng - Hàng Chính Hãng,2299000.0,2299000.0,0.0,0.0,0,253296,,https://tiki.vnnoi-hap-da-nang-bluestone-mpb-7238-17-lit-1300w-dieu-khien-cam-ung-hang-chinh-hang-p277554862.html?spid=277554863
276912517,Ấm Siêu Tốc JLPL@L JL-ST25 (2.5 lít) - Màu Ngẫu Nhiên - Hàng Chính Hãng,101000.0,101000.0,0.0,0.0,0,11119,,https://tiki.vnam-sieu-toc-jlpl-l-jl-st25-2-5-lit-mau-ngau-nhien-hang-chinh-hang-p276912517.html?spid=276912518
276313314,Máy quạt làm mát không khí -CBAF1301D -NHẬP KHẨU CHÍNH HÃNG,3090000.0,3090000.0,0.0,4.0,2,40615,,https://tiki.vnmay-lam-mat-khong-khi-cbaf1301d-nhap-khau-chinh-hang-p276313314.html?spid=276313315
275754163,"Bình thủy điện Sharp KP-30STV RB 2.9 lít , Công suất 670W, Đế xoay 360 độ - Hàng chính hãng",969000.0,1390000.0,421000.0,0.0,0,345161,,https://tiki.vnbinh-thuy-dien-sharp-kp-30stv-rb-2-9-lit-cong-suat-670w-de-xoay-360-do-hang-chinh-hang-p275754163.html?spid=275754164
275732499,"Lò Vi Sóng LG NeoChef Inverter màu Be MS2535GIK 25 lít, Công suất 1000W - Hàng chính hãng",3549000.0,5990000.0,2441000.0,0.0,0,345161,,https://tiki.vnlo-vi-song-lg-neochef-inverter-mau-be-ms2535gik-25-lit-cong-suat-1000w-hang-chinh-hang-p275732499.html?spid=275732500
275489675,"Nổi lẩu điện đa năng chống dính 2 tầng, Hàng nhập khẩu- Giao mầu ngẫu nhiên",495000.0,495000.0,0.0,0.0,0,261657,,https://tiki.vnnoi-chao-lau-dien-da-nang-sao-ran-nau-canh-chong-dinh-xung-hap-2-tang-giao-mau-ngau-nhien-p275489675.html?spid=275489676
274178648,"Máy sấy tóc 1600W Panasonic EH-NA45RP645 - Hàng chính hãng , Bảo hành 12 tháng chính hãng",2799000.0,2799000.0,0.0,0.0,0,345161,,https://tiki.vnmay-say-toc-1600w-panasonic-eh-na45rp645-hang-chinh-hang-bao-hanh-12-thang-chinh-hang-p274178648.html?spid=274178649
274122845,Nồi lẩu điện 5L Nagakawa NAG1905 hàng chính hãng ,850000.0,850000.0,0.0,0.0,0,351293,,https://tiki.vnnoi-lau-dien-5l-nagakawa-nag1905-p274122845.html?spid=274122846
274096294,Máy sấy bát diệt khuẩn UV Kalpen DD99 dung tích 58L chuẩn Đức - Hàng chính hãng,2899000.0,2899000.0,0.0,4.0,1,125683,,https://tiki.vnmay-say-bat-diet-khuan-uv-kalpen-dd99-dung-tich-58l-chuan-duc-hang-chinh-hang-p274096294.html?spid=274096295
273959385,Nồi Cơm Điện Mishio MK233 size 0.8L nấu cơm ngon - Hàng chính hãng,569050.0,599000.0,29950.0,4.8,8,160749,,https://tiki.vnnoi-com-dien-men-da-mishio-mk233-size-0-8l-long-noi-day-nang-nau-com-ngon-hang-chinh-hang-p273959385.html?spid=273959386
273356998,Quạt không cánh kết hợp lọc không khí Elmich BFE-3936 - Hàng Chính Hãng,4148000.0,11522000.0,7374000.0,4.5,8,1,,https://tiki.vnquat-khong-canh-ket-hop-loc-khong-khi-elmich-bfe-3936-hang-chinh-hang-p273356998.html?spid=273383512
272933218,"Nồi cơm điện tử Toshiba 1.8L RC-18NTFV(W) - Xuất xứ Thái lan - Lòng nồi hợp kim dày 4mm - Phù hợp cho gia đình 4-6 người - Hàng chính hãng - Bảo hành 12 tháng, chất lượng Nhật Bản",2549000.0,3050000.0,501000.0,0.0,0,345161,,https://tiki.vnnoi-com-dien-tu-toshiba-1-8l-rc-18ntfv-w-xuat-xu-thai-lan-long-noi-hop-kim-day-4mm-phu-hop-cho-gia-dinh-4-6-nguoi-bao-hanh-12-thang-cha-t-luo-ng-nha-t-ba-n-p272933218.html?spid=272933220
272395731,Bếp điện từ Elmich ICE-1831 - Hàng chính hãng,1403000.0,3662000.0,2259000.0,5.0,1,1,,https://tiki.vnbep-dien-tu-elmich-ice-1831-hang-chinh-hang-p272395731.html?spid=273180209
258773595,Máy ép trái cây Panasonic MJ-CS101WRA - Hàng chính hãng,1350000.0,1814000.0,464000.0,4.0,1,1,,https://tiki.vnmay-ep-trai-cay-panasonic-mj-cs101wra-hang-chinh-hang-p258773595.html?spid=274663936
251773246,Bàn ủi khô philips DST0520/20 có men chống dính - Hàng chính hãng,341000.0,341000.0,0.0,4.8,30,138278,,https://tiki.vnban-ui-kho-philips-dst0520-20-co-men-chong-dinh-hang-chinh-hang-p251773246.html?spid=253324775
204421003,Máy cấp khí tươi lọc không khí gắn tường Vortex Powerfans FreshBox 110 - Hàng chính hãng,12800000.0,12800000.0,0.0,0.0,0,311940,,https://tiki.vnmay-cap-khi-tuoi-loc-khong-khi-gan-tuong-vortex-powerfans-freshbox-110-hang-chinh-hang-p204421003.html?spid=204421004
203293287,Nồi cơm điện Toshiba RC-10NMFVN(WT)- Hàng chính hãng,2290000.0,2290000.0,0.0,0.0,0,255891,,https://tiki.vnnoi-com-dien-toshiba-rc-10nmfvn-wt-p203293287.html?spid=203293288
197674846,Quạt Treo Tường Công Nghiệp 2 Dây SanKyo B4 - Hàng chính hãng,690000.0,690000.0,0.0,5.0,1,15230,,https://tiki.vnquat-treo-tuong-cong-nghiep-2-day-sankyo-b4-hang-chinh-hang-p197674846.html?spid=197674849
185411479,"Bình Đun Siêu Tốc 2 Lớp Damas DK-6018 1.8L - Trang Bị Công Nghệ Giữ Nhiệt 3 Lớp Hiện Đại, Bộ Cảm Biến Nhiệt Đạt Chuẩn EU - Công Suất Lớn 1800W Sôi Nhanh Chỉ Trong 6 Phút - Thiết Kế Bề Mặt Bên Trong Bằng Thép Không Gỉ Inox 304 Cao Cấp - Hàng Nhập Khẩu",429000.0,700000.0,271000.0,5.0,14,92468,,https://tiki.vnbinh-dun-sieu-toc-2-lop-damas-dk-6018-1-8l-trang-bi-cong-nghe-giu-nhiet-3-lop-hien-dai-bo-cam-bien-nhiet-dat-chuan-eu-cong-suat-lon-1800w-soi-nhanh-chi-trong-6-phut-thiet-ke-be-mat-ben-trong-bang-thep-khong-gi-inox-304-cao-cap-hang-nhap-khau-p185411479.html?spid=185411480
118735230,Quạt Đứng Rowenta VU5840 Turbo Silence Extreme + Standventilator - Hàng Nhập Khẩu Đức,4690000.0,4690000.0,0.0,0.0,0,20256,,https://tiki.vnquat-dung-rowenta-vu5840-turbo-silence-extreme-standventilator-hang-nhap-khau-duc-p118735230.html?spid=270717434
112074239,Bếp điện từ đơn công nghiệp KL671,2650000.0,2650000.0,0.0,4.7,25,185939,,https://tiki.vnbep-dien-tu-don-cong-nghiep-kl671-p112074239.html?spid=112074240
93882919,Bếp từ Smaragd STUTTGART,4200000.0,4200000.0,0.0,0.0,0,174429,,https://tiki.vnbep-tu-smaragd-stuttgart-p93882919.html?spid=93882982
91978576,"Nồi cơm điện áp suất Cuckoo CRP-PK1000S 1,8 lít nhiều màu - Hàng chính hãng",3929000.0,4990000.0,1061000.0,4.8,137,29960,,https://tiki.vnnoi-com-dien-ap-suat-cuckoo-crp-pk1000s-1-8-lit-nhieu-mau-hang-chinh-hang-p91978576.html?spid=91978580
77767851,Máy lọc không khí SUNHOUSE SHD-15AP9715 (40W) - Hàng chính hãng,1133000.0,3658000.0,2525000.0,4.7,346,1,,https://tiki.vnmay-lo-c-khong-khi-sunhouse-shd-15ap9715-40w-hang-chinh-hang-p77767851.html?spid=87107068
72120332,Bếp Khè Gas Công Nghiệp Namilux Gang Đúc Nguyên Khối - Hàng Chính Hãng,839000.0,839000.0,0.0,0.0,0,69337,,https://tiki.vnbep-khe-gas-cong-nghiep-namilux-gang-duc-nguyen-khoi-hang-chinh-hang-p72120332.html?spid=110027367
68200345,Nồi chiên không dầu VIAICOM V45A – Công nghệ mới nhất - Hàng chính hãng,1299000.0,1299000.0,0.0,5.0,1,11982,,https://tiki.vnnoi-chien-khong-dau-viaicom-v45a-cong-nghe-moi-nhat-hang-chinh-hang-p68200345.html?spid=68200352
58962653,"Máy hút bụi khô và ướt HiClean HC30P (thùng nhựa ABS cao cấp, dung tích 30L) - Hàng chính hãng",2014000.0,2035000.0,21000.0,4.2,33,1764,,https://tiki.vnmay-hut-bui-kho-va-uot-hiclean-hc30p-thung-nhua-abs-cao-cap-dung-tich-30l-hang-chinh-hang-p58962653.html?spid=58962654
56048933,Bếp điện từ đơn CANAVAL CA6616 - Hàng nhập khẩu,1215000.0,1215000.0,0.0,0.0,0,124364,,https://tiki.vnbep-dien-tu-don-canaval-ca6616-hang-nhap-khau-p56048933.html?spid=56048934
50820173,Quạt làm mát và lọc không khí Iruka I-99 - Hàng chính hãng,3631000.0,6590000.0,2959000.0,4.5,25,1,,https://tiki.vnquat-lam-mat-va-loc-khong-khi-iruka-i-99-hang-chinh-hang-p50820173.html?spid=50820174
22526342,Nồi chiên không dầu Daewoo DEF-DM550 (2.6L) - Hàng chính hãng,990000.0,1990000.0,1000000.0,4.5,5,1,,https://tiki.vnnoi-chien-khong-dau-daewoo-def-dm550-2-6l-hang-chinh-hang-p22526342.html?spid=22526344
21894780,Máy Sấy Tóc SUNHOUSE SHD2308W (1500W) - Hàng chính hãng,256000.0,971000.0,715000.0,4.7,21,1,,https://tiki.vnmay-say-toc-sunhouse-shd2308w-1500w-hang-chinh-hang-p21894780.html?spid=21894781
973078,Quạt Hút Thông Gió Senko H100 (25W) - Trắng - Hàng Chính Hãng,195000.0,195000.0,0.0,0.0,0,187775,,https://tiki.vnquat-hut-thong-gio-senko-h100-25w-trang-hang-chinh-hang-p973078.html?spid=101853439
447306,Máy Sấy Tóc Panasonic PAST-EH-NA45RP645-Hàng Chính Hãng,2699000.0,2699000.0,0.0,5.0,2,138278,,https://tiki.vnmay-say-toc-panasonic-past-eh-na45rp645-hang-chinh-hang-p447306.html?spid=195919119
420332,Bình Thủy Điện Toshiba PLK-45SF(WT)VN (4.5L) - Hàng chính hãng,2129000.0,2129000.0,0.0,3.3,3,173925,,https://tiki.vnbinh-thuy-dien-toshiba-plk-45sf-wt-vn-4-5l-hang-chinh-hang-p420332.html?spid=92859535
278755957,Bàn là hơi nước đứng Elmich GSE9166 - Hàng chính hãng,1511000.0,3648000.0,2137000.0,0.0,0,1,,https://tiki.vnban-la-hoi-nuoc-dung-elmich-gse9166-hang-chinh-hang-p278755957.html?spid=278755960
278730338,Ấm đun đa năng Rhinox RXHX 2 Lít Hàng Chính Hãng,960000.0,1490000.0,530000.0,0.0,0,1,,https://tiki.vnbinh-thuy-dien-rhinox-rxhx-2-lit-hang-chinh-hang-p278730338.html?spid=278730340
278526660,Nồi Cơm Điện Lòng Sứ 1.8Lít Mishio MK402 Không Bong Tróc Men Chống Dính Tự Nhiên - hàng chính hãng,1999200.0,2499000.0,499800.0,0.0,0,160749,,https://tiki.vnnoi-com-dien-long-su-1-8lit-mishio-mk402-khong-bong-troc-men-chong-dinh-tu-nhien-hang-chinh-hang-p278526660.html?spid=278526661
278402196,[New] Nồi chiên không dầu 2 ngăn 10L Sunhouse Mama SHD4098 - Chế độ riêng - Tiết kiệm thời gian - Công nghệ Rapid Air - Hàng chính hãng,2329000.0,7541000.0,5212000.0,0.0,0,1,,https://tiki.vnnew-no-i-chien-khong-da-u-2-ngan-10l-sunhouse-mama-shd4098-che-do-rieng-tiet-kiem-thoi-gian-cong-nghe-rapid-air-p278402196.html?spid=278402197
278141164,"Máy Làm Sữa Hạt Daewoo 1.2L DWSM-1512, tặng Cẩm Nang 50 Công Thức - Máy Xay Nấu Đa Năng - Hàng chính hãng",999000.0,1790000.0,791000.0,0.0,0,1,,https://tiki.vnmay-lam-sua-hat-daewoo-1-2l-tang-cam-nang-50-cong-thuc-may-xay-nau-da-nang-hang-chinh-hang-p278141164.html?spid=278141166
278140062,"Quạt Tích Điện Điều Hòa SOWUN SW808S, Công Suất 40W Vừa Tích Điện Vừa Làm Mát Bằng Hơi Nước",3950000.0,3950000.0,0.0,0.0,0,77324,,https://tiki.vnquat-dieu-hoa-tich-dien-sowun-sw-808s-hang-chinh-hang-p278140062.html?spid=278140063
277812182,Nồi áp suất điện đa năng 2 ngăn Elmich 3.5L PCE-8576 - Hàng chính hãng,2028000.0,5070000.0,3042000.0,0.0,0,1,,https://tiki.vnnoi-ap-suat-dien-da-nang-2-ngan-elmich-3-5l-pce-8576-p277812182.html?spid=277812183
277812171,Nồi áp suất điện tử đa năng Elmich 3L PCE-8573 - Hàng chính hãng,1511000.0,3839000.0,2328000.0,0.0,0,1,,https://tiki.vnnoi-ap-suat-dien-tu-da-nang-elmich-3l-pce-8573-p277812171.html?spid=277812172
277174736,MÁY SƯỞI GỐM PHILIPS AHR2142FA PHÒNG 20M2 Hàng chính hãng,2290000.0,2290000.0,0.0,0.0,0,20256,,https://tiki.vnmay-suoi-gom-philips-ahr2142fa-phong-20m2-hang-chinh-hang-p277174736.html?spid=277174737
276928904,Bình Thủy Điện SRAPP SH-PD3875 3.8L  - Hàng Chính Hãng,830000.0,830000.0,0.0,5.0,1,11119,,https://tiki.vnbinh-thuy-dien-srapp-sh-pd3875-3-8l-hang-chinh-hang-p276928904.html?spid=276928905
276644066,Nồi Lẩu Điện Mini 1.5L Mishio MK392 600W lòng nồi inox 304 không gỉ sét - hàng chính hãng,239200.0,299000.0,59800.0,5.0,2,160749,,https://tiki.vnnoi-lau-dien-mini-1-5l-mishio-mk392-600w-long-noi-inox-304-khong-gi-set-hang-chinh-hang-p276644066.html?spid=276644067
276448854,Bếp điện từ đơn Elmich ICE 8878PG - Hàng chính hãng,1471000.0,4057000.0,2586000.0,5.0,1,1,,https://tiki.vnbep-dien-tu-don-elmich-ice-8878pg-p276448854.html?spid=276448856
275852860,"Quạt Tháp Benny BF-TW2R, 55W, 3 Tốc Độ Gió Hàng chính hãng, Có điều khiển từ xa. Bảo hành 1 năm",2780000.0,2780000.0,0.0,0.0,0,356807,,https://tiki.vnquat-thap-benny-bf-tw2r-55w-3-toc-do-gio-hang-chinh-hang-co-dieu-khien-tu-xa-bao-hanh-1-nam-p275852860.html?spid=275852861
275849569,Quạt tháp làm mát SHIMONO SM-CTF42T - Hàng chính hãng,3590000.0,3590000.0,0.0,0.0,0,339628,,https://tiki.vnquat-thap-lam-mat-shimono-sm-ctf42t-hang-chinh-hang-p275849569.html?spid=275849570
275631609,MÁY HÚT BỤI CẦM TAY SEVERIN HV7144 Hàng chính hãng,1690000.0,1690000.0,0.0,5.0,1,20256,,https://tiki.vnmay-hut-bui-cam-tay-severin-hv7144-hang-chinh-hang-p275631609.html?spid=275631610
275376671,Lò nướng điện mini 12L lò nướng mini đa năng - Hàng chính hãng,495000.0,550000.0,55000.0,0.0,0,96269,,https://tiki.vnlo-nuong-dien-mini-12l-lo-nuong-mini-da-nang-hang-chinh-hang-p275376671.html?spid=275481537
274124083,Bếp từ Nagakawa NAG0704 hàng chính hãng ,1114000.0,1114000.0,0.0,0.0,0,351293,,https://tiki.vnbep-tu-nagakawa-nag0704-hang-chinh-hang-p274124083.html?spid=274124084
273606859,Máy hút bụi không dây Elmich VCE-3928 - Hàng Chính Hãng,4412000.0,12174000.0,7762000.0,1.0,1,1,,https://tiki.vnmay-hut-bui-khong-day-elmich-vce-3928-hang-chinh-hang-p273606859.html?spid=273608342
273398506,Máy thổi bụi 199V - THỔI HÚT 2 TRONG 1 - Máy thổi hút bụi công suất lớn 680W,558000.0,558000.0,0.0,4.5,2,86709,,https://tiki.vnmay-thoi-bui-199v-thoi-hut-2-trong-1-may-thoi-hut-bui-cong-suat-lon-680w-p273398506.html?spid=273398512
271421508,Nồi cơm điện Locknlock Nemo Rice Cooker EJR384IVY (605W - 1.2L) - Hàng Chính Hãng,1780000.0,2966000.0,1186000.0,4.5,15,1,,https://tiki.vnnoi-com-dien-locknlock-nemo-rice-cooker-ejr384ivy-605w-1-2l-hang-chinh-hang-p271421508.html?spid=271421552
270840043,Nồi cơm điện tử áp suất Cuckoo 1.8 lít CRP-R1000F màu đen - lòng nồi chống dính cao cấp phủ Xwall Diamond -Sản xuất tại Hàn Quốc - bản Quốc Tế tiếng Anh - Hàng chính hãng Cuckoo Việt Nam,4259000.0,5390000.0,1131000.0,5.0,3,29960,,https://tiki.vnnoi-com-dien-tu-ap-suat-cuckoo-1-8-lit-crp-r1000f-mau-den-long-noi-chong-dinh-cao-cap-phu-xwall-diamond-san-xuat-tai-han-quoc-ban-quoc-te-tieng-anh-hang-chinh-hang-cuckoo-viet-nam-p270840043.html?spid=270840044
249471826,Máy Pha Cà Phê KONKA 2501M dễ sử dụng công suất 400W pha cà phê nhỏ giọt bình chứa tối đa 0.5L thời gian pha nhanh chóng thiết kế hiện đại sang trọng bảo hành 12 tháng - Hàng Nhập Khẩu,700000.0,700000.0,0.0,5.0,5,156118,,https://tiki.vnmay-pha-ca-phe-konka-2501m-de-su-dung-cong-suat-400w-pha-ca-phe-nho-giot-binh-chua-toi-da-0-5l-thoi-gian-pha-nhanh-chong-thiet-ke-hien-dai-sang-trong-bao-hanh-12-thang-hang-nhap-khau-p249471826.html?spid=249471829
225206271,Máy xay đa năng Panasonic MJ-DJ31SRA - Hàng chính hãng,4514000.0,4514000.0,0.0,0.0,0,162514,,https://tiki.vnmay-xay-da-nang-panasonic-mj-dj31sra-hang-chinh-hang-p225206271.html?spid=225206272
185511411,Quạt lỡ Senko L1638 Xám Đồng - Hàng Chính Hãng,378000.0,378000.0,0.0,0.0,0,187775,,https://tiki.vnquat-lo-senko-l1638-xam-dong-hang-chinh-hang-p185511411.html?spid=195970930
184218544,"Máy Xay Sinh Tố Cầm Tay 2 Lưỡi - Máy xay hoa quả, cháo đa năng cho bé tiện dụng nhỏ gọn - Hàng Nhập Khẩu",185000.0,185000.0,0.0,4.3,7,108828,,https://tiki.vnmay-xay-sinh-to-cam-tay-2-luoi-may-xay-hoa-qua-chao-da-nang-cho-be-tien-dung-nho-gon-p184218544.html?spid=184218545
176522044,"Ấm Đun Nước Siêu Tốc Inox 1.8L  Cao Cấp, Bình Đun Nước Nóng Cách Nhiệt An Toàn, Tiện Dụng - Chính hãng MINIIN ",99000.0,99000.0,0.0,5.0,2,134678,,https://tiki.vnam-dun-nuoc-sieu-toc-inox-1-8l-cao-cap-binh-dun-nuoc-nong-cach-nhiet-an-toan-tien-dung-chinh-hang-miniin-p176522044.html?spid=176522045
162521850,Nồi chiên không dầu kết hợp hấp Magic Eco S12 12L - Hàng chính hãng,3704000.0,6390000.0,2686000.0,0.0,0,1,,https://tiki.vnnoi-chien-khong-dau-ket-hop-hap-magic-eco-s12-12l-hang-chinh-hang-p162521850.html?spid=162521851
130042726,Nồi cơm điện nắp gài Sharp 1.8 lít KS-183TJV-CH - Hàng chính hãng,712000.0,785000.0,73000.0,5.0,1,1,,https://tiki.vnnoi-com-dien-nap-gai-sharp-1-8-lit-ks-183tjv-ch-hang-chinh-hang-p130042726.html?spid=270812563
125893587,Bếp điện từ Electrolux ETD29MKC (2000W) - Hàng chính hãng,1156000.0,1390000.0,234000.0,5.0,15,1,,https://tiki.vnbep-dien-tu-electrolux-etd29mkc-2000w-hang-chinh-hang-p125893587.html?spid=137431126
108747393,Quạt treo tường Senko TR1683 có remote điều khiển từ xa - Hàng chính hãng - Được chọn màu,539000.0,539000.0,0.0,4.6,11,187775,,https://tiki.vnquat-treo-tuong-senko-tr1683-co-remote-dieu-khien-tu-xa-hang-chinh-hang-duoc-chon-mau-p108747393.html?spid=108747395
97641336,"Máy làm mát không khí, quạt hơi nước Fujiliba - Hàng chính hãng",4330000.0,4330000.0,0.0,0.0,0,181359,,https://tiki.vnmay-lam-mat-khong-khi-quat-hoi-nuoc-fujiliba-hang-chinh-hang-p97641336.html?spid=97641337
89051429,Máy làm mát bằng hơi nước Yakyo TP-700YN - hàng chính hãng,4350000.0,4350000.0,0.0,5.0,1,2672,,https://tiki.vnmay-lam-mat-bang-hoi-nuoc-yakyo-tp-700yn-hang-chinh-hang-p89051429.html?spid=89051550
70773843,Máy Sấy Chăm Sóc Tóc Panasonic EH-NA45RP645 - Hàng Chính Hãng,2310000.0,2310000.0,0.0,0.0,0,138278,,https://tiki.vnmay-say-cham-soc-toc-panasonic-eh-na45rp645-hang-chinh-hang-p70773843.html?spid=215100511
45262406,Máy lọc nước Nano Geyser ECOTAR 8 - Hàng nhập khẩu,6990000.0,6990000.0,0.0,0.0,0,14202,,https://tiki.vnmay-loc-nuoc-nano-geyser-ecotar-8-hang-nhap-khau-p45262406.html?spid=76283440
38232774,Máy Làm Sữa Chua Và Pho Mát 6 Trong 1 Kuvings KGC-712CB (2.0L) – Màu đỏ - Hàng Chính Hãng,2415000.0,2990000.0,575000.0,4.7,16,1,,https://tiki.vnmay-lam-sua-chua-va-pho-mat-6-trong-1-kuvings-kgc-712cb-2-0l-mau-do-hang-chinh-hang-p38232774.html?spid=38232775
26669664,"Máy xay cà phê cầm tay - Coffee Grinder - nhanh chóng, tiện lợi, sang trọng - Coffee New",269000.0,269000.0,0.0,4.6,29,13571,,https://tiki.vnmay-xay-ca-phe-cam-tay-coffee-grinder-nhanh-chong-tien-loi-sang-trong-coffee-new-p26669664.html?spid=26669665
22965459,Bàn là hơi nước Panasonic NI-M250TPRA - Hàng chính hãng,527000.0,610000.0,83000.0,5.0,1,1,,https://tiki.vnban-la-hoi-nuoc-pansonic-ni-m250tpra-hang-chinh-hang-p22965459.html?spid=55667972
2394125,Máy Sấy Quần Áo Sunhouse SHD2702 (15kg) - Hàng chính hãng,1183000.0,4231000.0,3048000.0,3.7,20,1,,https://tiki.vnmay-say-quan-ao-sunhouse-shd2702-15kg-hang-chinh-hang-p2394125.html?spid=2394127
2241935,Cây Nước Nóng Lạnh Sunhouse SHD9601 - Hàng chính hãng,1173000.0,3028000.0,1855000.0,4.2,456,1,,https://tiki.vncay-nuoc-nong-lanh-sunhouse-shd9601-hang-chinh-hang-p2241935.html?spid=2241937
813690,Vỉ Nướng Điện Tefal CB670801 (1600W),1350000.0,1350000.0,0.0,0.0,0,39523,,https://tiki.vnvi-nuong-dien-tefal-cb670801-1600w-p813690.html?spid=95010419
278755417,Máy làm sữa chua Elmich YME0296 - Hàng chính hãng,703000.0,1953000.0,1250000.0,0.0,0,1,,https://tiki.vnmay-lam-sua-chua-elmich-yme0296-hang-chinh-hang-p278755417.html?spid=278755418
278685659,Nồi chiên nướng không dầu Kuchenzimmer 12L - 002776 - Hàng Chính Hãng,3774000.0,5566000.0,1792000.0,0.0,0,1,,https://tiki.vnnoi-chien-nuong-khong-dau-kuchenzimmer-12l-002776-hang-chinh-hang-p278685659.html?spid=278685660
278677727,Nồi Cơm Điện OLIVO RC86 - Lòng Nồi INOX 304 Chống Dính Tự Nhiên- Hàng Chính Hãng,2890000.0,2890000.0,0.0,0.0,0,308020,,https://tiki.vnnoi-com-dien-olivo-rc86-long-noi-inox-304-chong-dinh-tu-nhien-hang-chinh-hang-p278677727.html?spid=278677728
278076037,"Máy Sấy Tạo Kiểu Tóc Ion Âm LocknLock ENA526GRY 1000-1200W, Hàng Chính Hãng, 4 Đầu Phụ Kiện - JoyMall",3931200.0,4368000.0,436800.0,0.0,0,38510,,https://tiki.vnmay-say-tao-kieu-toc-locknlock-ena526gry-1000-1200w-hang-chinh-hang-che-do-linh-hoat-joymall-p278076037.html?spid=278076039
277857564,"Quạt Phản Lực Cầm Tay Kachi MK406 – Pin 4000mAh, Gió Mạnh Gấp 1.5 Lần - Hàng chính hãng",399200.0,499000.0,99800.0,0.0,0,160749,,https://tiki.vnquat-phan-luc-cam-tay-kachi-mk406-pin-4000mah-gio-manh-gap-1-5-lan-hang-chinh-hang-p277857564.html?spid=277857586
277447160,Máy làm tỏi đen Tiross TS906 (màu đồng) - Hàng chính hãng,1499000.0,1499000.0,0.0,0.0,0,99996,,https://tiki.vnmay-lam-toi-den-tiross-ts906-hang-chinh-hang-p277447160.html?spid=277447161
277399564,Quạt tháp hơi nước Tiross TS9177 - Điều khiển từ xa - Hàng chính hãng,2999000.0,2999000.0,0.0,0.0,0,99996,,https://tiki.vnquat-thap-hoi-nuoc-tiross-ts9177-dieu-khien-tu-xa-hang-chinh-hang-p277399564.html?spid=277399565
277386703,Máy hút ẩm và lọc không khí Tiross 20L TS8871- Hàng chính hãng,5999000.0,5999000.0,0.0,0.0,0,99996,,https://tiki.vnmay-hut-am-va-loc-khong-khi-ts8871-hang-chinh-hang-p277386703.html?spid=277386704
276940131,Nồi Cơm Điện Nắp Gài 1 Lít HLT@CHL HTC-NC108 - Màu Ngẫu Nhiên - Hàng Chính Hãng,252000.0,252000.0,0.0,0.0,0,11119,,https://tiki.vnnoi-com-dien-nap-gai-1-lit-hlt-chl-htc-nc108-mau-ngau-nhien-hang-chinh-hang-p276940131.html?spid=276940132
276885722,COMBO 4 Miếng Dán Giữ Nhiệt Nhật Bản - Giữ Ấm Cơ Thể Đến 16h Miếng Sưởi Quạt Sưởi - Hàng Nhập Khẩu,100000.0,100000.0,0.0,0.0,0,353491,,https://tiki.vncombo-5-mieng-dan-giu-nhiet-co-the-6-gio-van-phong-phuot-du-lich-da-ngoai-p276885722.html?spid=276885723
276287498,"Máy Làm Sữa Hạt Đa Năng Sunhouse SHD5260 – 800ml Cối 2 lớp Lưỡi dao kép 8 cánh, Hẹn giờ nấu thông minh - Hàng chính hãng",851000.0,2795000.0,1944000.0,3.7,3,1,,https://tiki.vnmay-lam-sua-hat-da-nang-sunhouse-shd5260-800ml-coi-2-lop-luoi-dao-kep-8-canh-hen-gio-nau-thong-minh-p276287498.html?spid=276287499
275930453,"Lò nướng Bear DKX-B40R2, dung tích 40 lít Hàng chính hãng",2150000.0,2150000.0,0.0,0.0,0,20256,,https://tiki.vnlo-nuong-bear-dkx-b40r2-dung-tich-40-lit-hang-chinh-hang-p275930453.html?spid=275930454
275775766,Máy ép duỗi Là Tóc Thông Khí 4 Mức Nhiệt Cao Cấp - Hàng chính hãng / Hàng nhập khẩu,129000.0,129000.0,0.0,0.0,0,97441,,https://tiki.vnmay-e-p-duo-i-la-toc-thong-khi-4-muc-nhiet-cao-cap-p275775766.html?spid=275775767
275522845,"Quạt tuần hoàn không khí Elmich CFE-8791, làm mát diện rộng và làm mới không khí tới 20 lần/giờ, quạt tạo luồng gió tuần hoàn và điều hòa không khí trong phòng  - Hàng chính hãng",2412000.0,6132000.0,3720000.0,4.8,4,1,,https://tiki.vnquat-tuan-hoan-khong-khi-elmich-cfe-8791-p275522845.html?spid=275522848
275150733,Quạt điều hòa Hòa Phát HPCF1-033I - Tạo ion - Dùng phòng 40m2 - Hàng Chính Hãng,2699000.0,3599000.0,900000.0,0.0,0,6201,,https://tiki.vnquat-dieu-hoa-hoa-phat-hpcf1-033i-tao-ion-dung-phong-40m2-hang-chinh-hang-p275150733.html?spid=275150735
274965975,"Nồi cơm điện cao tần Kangaroo model KGR12IH1, dung tích 1.2L, công suất 1100W, công nghệ IH hiện đại, nhiệt tỏa đều, làm nóng nhanh, 19 chức năng nấu tự động được cài đặt sẵn - Hàng chính hãng",1540000.0,3790000.0,2250000.0,5.0,4,1,,https://tiki.vnnoi-com-dien-cao-tan-model-kgr12ih1-hang-chinh-hang-p274965975.html?spid=274965978
273823795,Máy pha cà phê Nespresso Lattissima One Trắng - Hàng chính hãng ,11875000.0,12500000.0,625000.0,0.0,0,95422,,https://tiki.vnmay-pha-ca-phe-nespresso-lattissima-one-trang-hang-chinh-hang-p273823795.html?spid=273823796
273371653,Nồi Áp Suất Anod Sunhouse SHA8504 (5L) - Hàng chính hãng,599000.0,599000.0,0.0,0.0,0,247324,,https://tiki.vnnoi-ap-suat-anod-sunhouse-sha8504-5l-hang-chinh-hang-p273371653.html?spid=273371654
272929127,"Nồi cơm điện tử Toshiba RC-10NMFVN(WT) - 1.0L - Xuất xứ Thái Lan - Lòng nồi dày 4mm, 2 lớp chống dính trong và ngoài - Chế độ nấu tự động đa dạng - Hàng chính hãng, bảo hành 12 tháng, chất lượng Nhật Bản",2269000.0,2590000.0,321000.0,5.0,1,345161,,https://tiki.vnnoi-com-dien-tu-toshiba-rc-10nmfvn-wt-1-0l-xuat-xu-thai-lan-long-noi-day-4mm-2-lop-chong-dinh-trong-va-ngoai-che-do-nau-tu-dong-da-dang-hang-chinh-hang-bao-hanh-12-thang-cha-t-luo-ng-nha-t-ba-n-p272929127.html?spid=272929153
270669092,(Hàng chính hãng) Máy pha cà phê điện cầm tay Outin Nano Portable Espresso Machine,4190000.0,4190000.0,0.0,5.0,3,341640,,https://tiki.vnmay-pha-ca-phe-dien-cam-tay-outin-nano-portable-espresso-machine-p270669092.html?spid=270669096
263486958,Nồi cơm điện tử áp suất kép Cuckoo CRP-ST1010FW (1.8L) (màu trắng) - Hàng Chính Hãng,5339000.0,7990000.0,2651000.0,5.0,1,29960,,https://tiki.vnnoi-com-dien-tu-ap-suat-kep-cuckoo-crp-st1010fw-1-8l-mau-trang-hang-chinh-hang-p263486958.html?spid=263486959
229967529,NỒI CƠM ĐIỆN SUNHOUSE SHD8802 (1.0 Lít)- Hàng chính hãng,1101000.0,3821000.0,2720000.0,4.8,9,1,,https://tiki.vnnoi-com-dien-sunhouse-shd8802-1-0-lit-ha-ng-chi-nh-ha-ng-p229967529.html?spid=229967530
214200144,"Vòi máy lọc nước Inox 304 Nano Geyser không Chì, Vòi gạt cổ ngỗng nối nhanh - Hàng Chính Hãng",160000.0,160000.0,0.0,5.0,21,279168,,https://tiki.vnvoi-may-loc-nuoc-inox-304-nano-geyser-khong-chi-voi-gat-co-ngong-noi-nhanh-hang-chinh-hang-p214200144.html?spid=214200147
162865717,Quạt đứng Kagaroo KG726 - Hàng Chính Hãng,1155000.0,1750000.0,595000.0,4.8,4,1,,https://tiki.vnquat-dung-kagaroo-kg726-hang-chinh-hang-p162865717.html?spid=162865718
160288431,"Máy trộn bột, đánh trứng cao cấp nhãn hiệu DSP KM3015 dung tích chứa 4 lít, công suất 300W - Hàng nhập khẩu ",1049000.0,1049000.0,0.0,5.0,1,208147,,https://tiki.vnmay-tron-bot-danh-trung-cao-cap-nhan-hieu-dsp-km3015-dung-tich-chua-4-lit-cong-suat-300w-hang-nhap-khau-p160288431.html?spid=160288432
157241885,Bộ lõi máy lọc nước KAROFI Smax hiệu suất cao HP 6.2 - Hàng chính hãng,889000.0,889000.0,0.0,5.0,1,119072,,https://tiki.vnbo-loi-may-loc-nuoc-karofi-smax-hieu-suat-cao-hp-6-2-hang-chinh-hang-p157241885.html?spid=175536849
133815741,"Nồi Lẩu Điện Mini Núm Xoay 2 Nấc Nhiệt Kèm Giá Hấp 1,8L, Ca Nấu Mì,Nấu Cơm Đa Năng 2 Tầng Cao Cấp- Chính Hãng MINIIN",169000.0,169000.0,0.0,4.5,28,203034,,https://tiki.vnnoi-lau-dien-mini-num-xoay-2-nac-nhiet-kem-gia-hap-1-8l-ca-nau-mi-nau-com-da-nang-2-tang-cao-cap-chinh-hang-miniin-p133815741.html?spid=176070837
124475724,Máy Pha Cà Phê Espresso Zamboo ZB-68CF (3.5Bar) - Hàng Chính Hãng,990000.0,990000.0,0.0,4.6,8,168717,,https://tiki.vnmay-pha-ca-phe-espresso-zamboo-zb-68cf-3-5bar-hang-chinh-hang-p124475724.html?spid=124475726
114195416,"Máy Xay Thịt Cao Cấp Lock&Lock Meat Chopper EJM186SLV Công Suất 400w- 2,4L - Hàng Chính Hãng",799000.0,1350000.0,551000.0,4.7,69,88331,,https://tiki.vnmay-xay-thit-cao-cap-lock-lock-meat-chopper-ejm186slv-2-4l-hang-chinh-hang-model-2021-p114195416.html?spid=115319189
109563595,Máy pha cà phê Nespresso cầm tay Wacaco Nanopresso - 5 Màu cơ bản - Kèm hộp chống sốc,1750000.0,1750000.0,0.0,4.6,22,167715,,https://tiki.vnmay-pha-ca-phe-nespresso-cam-tay-wacaco-nanopresso-5-mau-co-ban-hang-chinh-hang-kem-hop-chong-soc-p109563595.html?spid=109563605
74594174,Nồi Chiên Không Dầu Philips HD9200/90 (4.1 Lít) - Hàng Chính Hãng,2322000.0,2322000.0,0.0,5.0,17,138278,,https://tiki.vnnoi-chien-khong-dau-philips-hd9200-90-4-1-lit-hang-chinh-hang-p74594174.html?spid=82829298
58261015,Máy xay sinh tố  cầm tay philips  HR2531 Hàng nhập khẩu,525000.0,749000.0,224000.0,4.8,48,6201,,https://tiki.vnmay-xay-sinh-to-cam-tay-philips-hr2531-hang-nhap-khau-p58261015.html?spid=58865997
57901956,Bình đun siêu tốc Toshiba KT-15DS1PV - Hàng Chính Hãng,702000.0,949000.0,247000.0,4.8,65,1,,https://tiki.vnbinh-dun-sieu-toc-toshiba-kt-15ds1pv-hang-chinh-hang-p57901956.html?spid=58342171
56049689,Bếp điện từ đơn CANAVAL CA6618 - Hàng nhập khẩu,1650000.0,1650000.0,0.0,4.0,1,124364,,https://tiki.vnbep-dien-tu-don-canaval-ca6618-hang-nhap-khau-p56049689.html?spid=56049690
21831745,Máy Xay Cà Phê KAHCHAN CG9100 - Hàng Nhập Khẩu,990000.0,990000.0,0.0,4.3,7,1821,,https://tiki.vnmay-xay-ca-phe-kahchan-g9100-hang-nhap-khau-p21831745.html?spid=1651311
10007294,Nồi cơm áp suất điện tử Cuckoo CRP-M1000S - 1.8 Lít - Hàng Chính Hãng,3729000.0,4990000.0,1261000.0,5.0,4,29960,,https://tiki.vnnoi-com-ap-suat-dien-tu-cuckoo-crp-m1000s-1-8-lit-hang-chinh-hang-p10007294.html?spid=116835632
1347699,Bình Đun Siêu Tốc Philips HD9350/90 (1.7L) - Hàng chính hãng ,727000.0,1149000.0,422000.0,4.8,13,1,,https://tiki.vnbinh-dun-sieu-toc-philips-hd9350-90-1-7l-hang-chinh-hang-p1347699.html?spid=4535911
982572,Bếp Từ Hồng Ngoại Chef's EH-MIX534 (5500W) - Hàng chính hãng,12720000.0,12720000.0,0.0,0.0,0,155120,,https://tiki.vnbep-tu-hong-ngoai-chef-s-eh-mix534-5500w-hang-chinh-hang-p982572.html?spid=186880200
924843,Sưởi Điện Hồng Ngoại Sunhouse SHD7022 (1200W) - Hàng Chính Hãng,621000.0,1974000.0,1353000.0,4.5,50,1,,https://tiki.vnsuoi-dien-hong-ngoai-sunhouse-shd7022-1200w-hang-chinh-hang-p924843.html?spid=926013
604939,Nồi Cơm Điện Cuckoo CR-0671V/CR-0671 (1L) - Hàng Chính Hãng,863000.0,1180000.0,317000.0,4.5,234,1,,https://tiki.vnnoi-com-dien-cuckoo-cr-0671v-cr-0671-1l-hang-chinh-hang-p604939.html?spid=604957
279078016,Nồi áp suất Joyoung JHPC-5039 Hàng Chính Hãng,1618000.0,2790000.0,1172000.0,0.0,0,1,,https://tiki.vnnoi-ap-suat-joyoung-jhpc-5039-hang-chinh-hang-p279078016.html?spid=279078017
278960940,Nồi nấu chậm Elmich 3L SCE0489 - Hàng chính hãng,850000.0,2429000.0,1579000.0,5.0,2,1,,https://tiki.vnnoi-nau-cham-elmich-3l-sce0489-hang-chinh-hang-p278960940.html?spid=278960941
278936588,"Bếp Nướng Điện Cao Cấp LocknLock EJG311BLK 1300W, Hàng Chính Hãng, Điều Khiển Cảm Ứng - JoyMall",3051000.0,3390000.0,339000.0,0.0,0,38510,,https://tiki.vnbep-nuong-dien-cao-cap-locknlock-ejg311blk-1300w-hang-chinh-hang-dieu-khien-cam-ung-joymall-p278936588.html?spid=278936590
278755968,Máy làm sữa chua Elmich YME0298 - Hàng chính hãng,633000.0,1666000.0,1033000.0,5.0,1,1,,https://tiki.vnmay-lam-sua-chua-elmich-yme0298-hang-chinh-hang-p278755968.html?spid=278755970
278728747,Nồi chiên không dầu Philips NA342/00 7.2 lít - Hàng chính hãng,4599000.0,4599000.0,0.0,0.0,0,255891,,https://tiki.vnnoi-chien-khong-dau-philips-na342-00-7-2-lit-hang-chinh-hang-p278728747.html?spid=278728748
278634771,"Tủ Sấy Quần Áo Cao Cấp SOWUN SW869S Hàng Chính Hãng, Cảm Ứng 1 Chạm, Công Nghệ Ion Âm Khử Khuẩn Và Sấy Tối Đa 30kg Quần Áo",1470000.0,1890000.0,420000.0,0.0,0,77324,,https://tiki.vntu-say-quan-ao-cao-cap-sowun-sw869s-cam-ung-1-cham-cong-nghe-ion-am-khu-khuan-va-say-toi-da-30kg-quan-ao-p278634771.html?spid=278634772
278603986,Bàn ủi hơi nước LocknLock Rotating steam iron 80ml ENI282WHT - Hàng chính hãng,835050.0,1480000.0,644950.0,0.0,0,1,,https://tiki.vnban-ui-hoi-nuoc-locknlock-rotating-steam-iron-80ml-eni282wht-hang-chinh-hang-p278603986.html?spid=278603987
277942453,Bếp Từ Đơn Tân Á Đại Thành Rossi RS-1020CC01 Kèm Nồi - Hàng Chính Hãng Bảo Hành 24 Tháng,990000.0,1190000.0,200000.0,0.0,0,114507,,https://tiki.vnbep-tu-don-tan-a-dai-thanh-rossi-rs-1020cc01-kem-noi-chinh-hang-bao-hanh-24-thang-p277942453.html?spid=277942454
277590104,Bếp Gas Mini Cao Cấp Thân Nhôm Alu-m I Van Nam Châm Ngắt Gas An Toàn - Giải Pháp Chống Nổ│Công Suất Mạnh 4.0 kW│Hàng Chính Hãng,650000.0,650000.0,0.0,0.0,0,240,,https://tiki.vnbep-gas-mini-cao-cap-than-nhom-alu-m-i-van-nam-cham-ngat-gas-an-toan-giai-phap-chong-no-cong-suat-manh-4-0-kw-p277590104.html?spid=277590764
275638027,Máy trộn đa năng Berlinger Haus BH/9192 1400w Moonlight collection Hàng chính hãng,3850000.0,3850000.0,0.0,0.0,0,20256,,https://tiki.vnmay-tron-da-nang-berlinger-haus-bh-9192-1400w-moonlight-collection-hang-chinh-hang-p275638027.html?spid=275638028
275376744,"Bếp từ đơn cảm ứng TẶNG KÈM NỒI có chức năng hẹn giờ, cài đặt thời gian nấu, truyền nhiệt tốt, tiết kiệm điện - Hàng Chính Hãng",395000.0,550000.0,155000.0,4.1,7,236185,,https://tiki.vnbep-tu-don-cam-ung-tang-kem-noi-co-chuc-nang-hen-gio-cai-dat-thoi-gian-nau-truyen-nhiet-tot-tiet-kiem-dien-hang-chinh-hang-p275376744.html?spid=275376745
275195136,"NỒI NẤU CHẬM SWAN 3,5L Hàng chính hãng",2990000.0,2990000.0,0.0,0.0,0,20256,,https://tiki.vnnoi-nau-cham-swan-3-5l-hang-chinh-hang-p275195136.html?spid=275195137
274972231,Lò vi sóng Sharp R-211TV-BK 21 lít  - Hàng chính hãng,1767000.0,1767000.0,0.0,0.0,0,2716,,https://tiki.vnlo-vi-song-sharp-r-211tv-bk-21-lit-hang-chinh-hang-p274972231.html?spid=274972232
274900784,Robot hút bụi lau nhà Xiaomi Vacuum E5 - Hàng Chính Hãng,2379000.0,2379000.0,0.0,0.0,0,34716,,https://tiki.vnrobot-hut-bui-lau-nha-xiaomi-vacuum-e5-hang-chinh-hang-p274900784.html?spid=274900788
273746363,Máy pha cà phê Nespresso Essenza Mini Đen - Hàng chính hãng,3800000.0,4000000.0,200000.0,4.3,3,95422,,https://tiki.vnmay-pha-ca-phe-nespresso-essenza-mini-den-hang-chinh-hang-p273746363.html?spid=273746364
272943367,Bộ lõi lọc nước Karofi thay thế cho máy lọc nước Karofi KAD-D66 - Hàng chính hãng,1685000.0,1685000.0,0.0,5.0,1,55218,,https://tiki.vnbo-loi-loc-nuoc-karofi-thay-the-cho-may-loc-nuoc-karofi-kad-d66-hang-chinh-hang-p272943367.html?spid=272943371
272484333,Bếp Nướng Lẩu Đa Năng Kalpen Công Suất 2200W chuẩn Đức - Hàng chính hãng,1640000.0,2050000.0,410000.0,0.0,0,125683,,https://tiki.vnbep-nuong-lau-da-nang-kalpen-cong-suat-2200w-chuan-duc-hang-chinh-hang-p272484333.html?spid=272484335
249026128,"Nồi Hầm Cháo Chậm Lòng Sứ Cắm Điện 1,5L VÀ 2,5L , Nồi Hầm, Kho, Nấu Giữ Nhiệt Tốt, Siêu Tiện Dụng - HÀNG CHÍNH HÃNG MINIIN",159000.0,159000.0,0.0,2.5,2,134678,,https://tiki.vnnoi-ham-chao-cham-long-su-cam-dien-1-5l-va-2-5l-noi-ham-kho-nau-giu-nhiet-tot-sieu-tien-dung-hang-chinh-hang-miniin-p249026128.html?spid=249026130
208678422,Nồi điện đa năng Bluestone 1.2 lít MPB-7233 - Hàng chính hãng,549000.0,599000.0,50000.0,0.0,0,162514,,https://tiki.vnnoi-dien-da-nang-bluestone-1-2-lit-mpb-7233-hang-chinh-hang-p208678422.html?spid=208678423
205818604,[HÀNG CHÍNH HÃNG] Máy Ép Chậm Hurom H100S,6761000.0,11900000.0,5139000.0,4.3,4,1,,https://tiki.vnhang-chinh-hang-may-ep-cham-hurom-h100s-p205818604.html?spid=263486591
200773912,Quạt làm mát không khí Empire- Model EPQM4900- Hàng chính hãng.,2590000.0,2590000.0,0.0,0.0,0,12581,,https://tiki.vnquat-lam-mat-khong-khi-empire-model-epqm4900-hang-chinh-hang-p200773912.html?spid=200773913
199569028,Nồi cơm điện cơ Tefal 0.7L - Thương hiệu Pháp - RK224168- Hàng chính hãng,790000.0,790000.0,0.0,0.0,0,20256,,https://tiki.vnnoi-com-dien-co-tefal-0-7l-thuong-hieu-phap-rk224168-hang-chinh-hang-p199569028.html?spid=215224631
195973424,Nồi áp suất điện đa năng Tefal Speedy Cook 5L CY222D68 - Hàng chính hãng,1751000.0,2699000.0,948000.0,0.0,0,1,,https://tiki.vnnoi-ap-suat-dien-da-nang-tefal-speedy-cook-5l-cy222d68-hang-chinh-hang-p195973424.html?spid=274679935
163170724,Máy Lọc Không Khí Xiaomi Mi Air Purifier 4 lite (BHR5274GL) (33W) - Hàng chính hãng,2590000.0,2590000.0,0.0,5.0,2,34716,,https://tiki.vnmay-loc-khong-khi-xiaomi-mi-air-purifier-4-lite-bhr5274gl-33w-hang-chinh-hang-p163170724.html?spid=171991695
152529206,Bình đun siêu tốc Sunhouse 1.8 lít SHD1351 - Hàng chính hãng,249000.0,249000.0,0.0,3.7,3,11119,,https://tiki.vnbinh-dun-sieu-toc-sunhouse-1-8-lit-shd1351-hang-chinh-hang-p152529206.html?spid=197598788
149146084,Nồi cơm điện SUNHOUSE SHD8606 - Hàng chính hãng,790000.0,790000.0,0.0,0.0,0,11119,,https://tiki.vnnoi-com-dien-sunhouse-shd8606-p149146084.html?spid=197598785
116951984,Máy sấy tóc Panasonic Nanoe EH-NA45RP645,2790000.0,2790000.0,0.0,5.0,7,157669,,https://tiki.vnmay-say-toc-panasonic-nanoe-eh-na45rp645-p116951984.html?spid=116951985
108756761,Máy nhào bột tự động 7L Bear DM-B70V1 - Hàng Chính Hãng,2034000.0,3800000.0,1766000.0,0.0,0,1,,https://tiki.vnmay-nhao-bot-tu-dong-7l-bear-dm-b70v1-hang-chinh-hang-p108756761.html?spid=108756762
74932973,Máy may Brother JK17B - Hàng chính hãng,3599000.0,3599000.0,0.0,0.0,0,40780,,https://tiki.vnmay-may-brother-jk17b-hang-chinh-hang-p74932973.html?spid=76204576
74792439,Nồi cơm điện tử cao tần Tefal 1.5L - Thương hiệu Pháp - RK762168- Hàng chính hãng,2520000.0,2937600.0,417600.0,4.5,2,138278,,https://tiki.vnnoi-com-dien-tu-cao-tan-tefal-1-5l-thuong-hieu-phap-rk762168-hang-chinh-hang-p74792439.html?spid=173475656
73104628,"Máy lọc không khí, khử mùi, kết nối Wifi BOHMANN B501 - Hàng chính hãng",1690000.0,1690000.0,0.0,4.7,156,64798,,https://tiki.vnmay-loc-khong-khi-khu-mui-ket-noi-wifi-bohmann-b501-hang-chinh-hang-p73104628.html?spid=73104629
49203610,Bình thủy điện tử Tiger PDU-A50W (5.0L) - Original,4290000.0,4290000.0,0.0,1.0,1,20256,,https://tiki.vnbinh-thuy-dien-tu-tiger-pdu-a50w-5-0l-original-p49203610.html?spid=248991789
29868781,Bếp hồng ngoại Sanaky SNK-2524HGN- Hàng Chính hãng,1139000.0,1139000.0,0.0,5.0,11,58892,,https://tiki.vnbep-hong-ngoai-sanaky-snk-2524hgn-hang-chinh-hang-p29868781.html?spid=29868782
24029999,Máy hút chân không BlueStone VSB-2735 (130W) - Hàng chính hãng,1699000.0,1699000.0,0.0,4.5,2,253296,,https://tiki.vnmay-hut-chan-khong-va-han-mieng-tui-da-chuc-nang-bluestone-vsb-2735-tang-kem-tui-hut-hang-chinh-hang-p24029999.html?spid=152447545
16308127,"Ấm Siêu Tốc Jiplai 2 Lớp 2,5 Lít - Giao Màu Ngẫu Nhiên - Hàng Chính Hãng",103890.0,103890.0,0.0,3.6,7,3330,,https://tiki.vnam-sieu-toc-jiplai-2-lop-2-5-lit-mau-ngau-nhien-hang-chinh-hang-p16308127.html?spid=24604830
3577753,Quạt đứng Toshiba F- LSA20(H)VN (60W) - Xám - Hàng chính hãng,1183000.0,1590000.0,407000.0,4.7,272,1,,https://tiki.vnquat-dung-toshiba-f-lsa20-h-vn-60w-xam-hang-chinh-hang-p3577753.html?spid=3577755
3071301,Đầu Lọc Nước Trực Tiếp Tại Vòi Eurolife EL-LS-D10 (Trắng) - Hàng Chính Hãng,712800.0,712800.0,0.0,4.5,50,3111,,https://tiki.vnmay-loc-truc-tiep-dau-voi-eurolife-el-ls-d10-trang-p3071301.html?spid=3071303
2394877,Bếp Gas Hồng Ngoại Đôi Sunhouse SHB004MT - Hàng chính hãng,638000.0,2186000.0,1548000.0,4.5,497,1,,https://tiki.vnbep-gas-hong-ngoai-doi-sunhouse-shb004mt-hang-chinh-hang-p2394877.html?spid=2394879
556621,Nồi Cơm Điện Nắp Gài Tiger JNP-1800 - 1.8L (Hồng) - Hàng Chính Hãng,2579000.0,2579000.0,0.0,0.0,0,173925,,https://tiki.vnnoi-com-dien-nap-gai-tiger-jnp-1800-1-8l-hong-hang-chinh-hang-p556621.html?spid=176102885
278964580,[TẶNG MÁY LỌC KHÔNG KHÍ KAP 317] Máy lọc nước Nóng Lạnh Hydro-ion Kiềm Karofi SA8 PREMIUM - 12+1 lõi - Hàng Chính Hãng,35055000.0,36900000.0,1845000.0,0.0,0,121449,,https://tiki.vntang-may-loc-khong-khi-kap-317-may-loc-nuoc-nong-lanh-hydro-ion-kiem-karofi-sa8-premium-12-1-loi-hang-chinh-hang-p278964580.html?spid=278964582
278944986,Máy hút ẩm kèm lọc không khí 30L Tiross TS8873 - Hàng chính hãng,8999000.0,8999000.0,0.0,0.0,0,99996,,https://tiki.vnmay-hut-am-kem-loc-khong-khi-30l-tiross-ts8873-hang-chinh-hang-p278944986.html?spid=278944987
278619205,Bếp Từ Đơn Electrolux ETD29MKB - Hàng chính hãng,1136000.0,1590000.0,454000.0,0.0,0,1,,https://tiki.vnbep-tu-electrolux-etd29mkb-hang-chinh-hang-p278619205.html?spid=278619206
278125841,Máy xay sinh tố cầm tay Bear SB-MX04X Hàng chính hãng,680000.0,680000.0,0.0,0.0,0,20256,,https://tiki.vnmay-xay-sinh-to-cam-tay-bear-sb-mx04x-hang-chinh-hang-p278125841.html?spid=278125842
277615728,Robot hút bụi lau nhà Roborock Qrevo 5AE – Hàng Chính Hãng,12490000.0,12490000.0,0.0,0.0,0,308020,,https://tiki.vnrobot-hut-bui-lau-nha-roborock-qrevo-5ae-hang-chinh-hang-p277615728.html?spid=277615736
277304507,"Máy Đánh Trứng, Đánh Sữa Và Tạo Bọt Cafe Cầm Tay Di Động 3 Tốc Độ Sử Dụng Pin Sạc Cao Cấp - Hàng Nhập Khẩu",160000.0,160000.0,0.0,4.7,3,353491,,https://tiki.vnmay-danh-sua-ca-phe-cam-tay-nho-gon-tien-dung-may-danh-trung-mini-hang-nhap-khau-p277304507.html?spid=277304508
276852371,"Nồi Cơm Điện GUCKDO GK-NC128 1,2L - Màu Ngẫu Nhiên - Hàng Chính Hãng",466000.0,466000.0,0.0,0.0,0,11119,,https://tiki.vnnoi-com-dien-guckdo-gk-nc128-1-2l-mau-ngau-nhien-hang-chinh-hang-p276852371.html?spid=276852372
276624854,Nồi lẩu điện đa năng Lumias LM-PM606 1.6L Hàng chính hãng,590000.0,590000.0,0.0,0.0,0,20256,,https://tiki.vnnoi-lau-dien-da-nang-lumias-lm-pm606-1-6l-hang-chinh-hang-p276624854.html?spid=276624855
276042557,Bình đun siêu tốc Kangaroo KGWK18I2 - Hàng chính hãng,190000.0,260000.0,70000.0,1.0,1,1,,https://tiki.vnbinh-dun-sieu-toc-kangaroo-kgwk18i2-p276042557.html?spid=276042562
275825694,"Máy làm sữa hạt Bear 1,2L SB-SH12H (150W- 800W) - Hàng chính hãng",1164000.0,2200000.0,1036000.0,4.7,3,1,,https://tiki.vnmay-lam-sua-hat-bear-1-2l-sb-sh12h-150w-800w-hang-chinh-hang-p275825694.html?spid=275825695
275477563,Bàn ủi hơi nước công nghiệp ES-94A- Hàng nhập khẩu,55000.0,55000.0,0.0,0.0,0,132610,,https://tiki.vnban-ui-hoi-nuoc-cong-nghiep-es-94a-p275477563.html?spid=275477573
275195165,Máy trộn bột Swan hàng Chính Hãng,6390000.0,6390000.0,0.0,0.0,0,20256,,https://tiki.vnmay-tron-bot-swan-hang-chinh-hang-p275195165.html?spid=275195166
275085983,"Máy phun sương tạo ẩm Rhino H904 dung tích 300ml, nhỏ gọn, không gây tiếng ồn, tích hợp đèn ngủ RGB nhiều màu - Hàng chính hãng",115000.0,115000.0,0.0,0.0,0,125741,,https://tiki.vnmay-phun-suong-tao-am-rhino-h904-dung-tich-300ml-nho-gon-khong-gay-tieng-on-tich-hop-den-ngu-rgb-nhieu-mau-hang-chinh-hang-p275085983.html?spid=275085987
275045739,Máy xay thịt quay tay 32cm loại lớn- Hàng nhập khẩu,899999.0,899999.0,0.0,0.0,0,389,,https://tiki.vnmay-xay-thit-quay-tay-32cm-loai-lon-p275045739.html?spid=275045740
273562061,Bếp gas dương Rinnai RV-7Double Glass(L) mặt bếp kính và kiềng bếp men - Hàng chính hãng.,2541000.0,2541000.0,0.0,0.0,0,349062,,https://tiki.vnbep-gas-duong-rinnai-rv-7double-glass-l-mat-bep-kinh-va-kieng-bep-men-hang-chinh-hang-p273562061.html?spid=273562062
273192136,Nồi cơm điện tử áp suất cao tần Cuckoo 1.08 lít CRP-DHXB0610FS màu bạc- hàng nội địa ngôn ngữ tiếng Hàn - Hàng chính hãng Cuckoovina,7299000.0,9900000.0,2601000.0,0.0,0,29960,,https://tiki.vnnoi-com-dien-tu-ap-suat-cao-tan-cuckoo-1-08-lit-crp-dhxb0610fs-mau-bac-hang-noi-dia-ngon-ngu-tieng-han-hang-chinh-hang-cuckoovina-p273192136.html?spid=273192137
271421776,Nồi lẩu đa năng Locknlock EJP154IVY (4.5 Lít - 1500W) - Hàng Chính Hãng,2709000.0,4183000.0,1474000.0,4.8,12,1,,https://tiki.vnnoi-lau-da-nang-locknlock-ejp154ivy-4-5-lit-1500w-hang-chinh-hang-p271421776.html?spid=271421777
246770208,"Máy Xay Cafe Cầm Tay Bosch Haushalt TSM6A013B, Coffee Grinder, Máy Nghiền Cà Phê, Nhập Đức, Hàng Chính Hãng",1290000.0,1290000.0,0.0,0.0,0,20256,,https://tiki.vnmay-xay-cafe-cam-tay-bosch-haushalt-tsm6a013b-coffee-grinder-may-nghien-ca-phe-nhap-duc-p246770208.html?spid=255356332
225384853,MÁY HÚT BỤI DÙNG PIN 22.2V (KÈM BỘ SẠC) TOTAL TVCH14111 - HÀNG CHÍNH HÃNG,2138000.0,2138000.0,0.0,0.0,0,70082,,https://tiki.vnmay-hut-bui-dung-pin-22-2v-kem-bo-sac-total-tvch14111-hang-chinh-hang-p225384853.html?spid=225384854
216461630,Combo 2 bộ lọc thô 123 cho máy lọ nước Kangaroo Hàng chính hãng,267000.0,267000.0,0.0,4.6,5,55218,,https://tiki.vncombo-2-bo-loc-tho-123-cho-may-lo-nuoc-kangaroo-hang-chinh-hang-p216461630.html?spid=216461632
199021720,Máy pha cà phê mini Staresso mirage bản mới Chính Hãng đồ du lịch dã ngoại cắm trại máy pha cafe espresso cầm tay mang theo xếp gọn dã ngoại bảo hành 1 năm campout A062,2750000.0,2750000.0,0.0,4.8,15,198145,,https://tiki.vnmay-pha-ca-phe-mini-staresso-mirage-ban-moi-chinh-hang-do-du-lich-da-ngoai-cam-trai-may-pha-cafe-espresso-cam-tay-mang-theo-xep-gon-da-ngoai-bao-hanh-1-nam-campout-a062-p199021720.html?spid=122949093
193013426,"Quạt Cầm Tay Mini Tích Điện Teement, Có Giá Đở Điện Thoại, Sạc USB Di Động Tiện Lợi - Hàng Chính Hãng",90000.0,90000.0,0.0,4.2,31,277179,,https://tiki.vnquat-cam-tay-mini-tich-dien-teement-co-gia-do-dien-thoai-sac-usb-di-dong-tien-loi-hang-chinh-hang-p193013426.html?spid=193013430
192990948,Quạt Bàn SanKyo B300 - Hàng chính hãng,370000.0,370000.0,0.0,0.0,0,15230,,https://tiki.vnquat-ban-sankyo-b300-hang-chinh-hang-p192990948.html?spid=192990952
191053038,"Máy Xay Thịt Đa Năng Thương Hiệu Đức ELEGANT FC-J08 Xay Thực Phẩm, Bóc Tỏi, Đánh Trứng Dung Tích 2L Công Suất 350W - Hàng Chính Hãng",890000.0,890000.0,0.0,4.0,1,20256,,https://tiki.vnmay-xay-thit-da-nang-thuong-hieu-duc-elegant-fc-j08-xay-thuc-pham-boc-toi-danh-trung-dung-tich-2l-cong-suat-350w-hang-chinh-hang-p191053038.html?spid=192694536
188042107,Nồi Áp Suất Điện Tử Đa Năng Philips HD2151/66 (5 Lít) - Hàng Chính Hãng,3521000.0,4999000.0,1478000.0,5.0,6,1,,https://tiki.vnnoi-ap-suat-dien-tu-da-nang-philips-hd2151-66-nau-nhanh-trong-30-phut-hang-chinh-hang-p188042107.html?spid=188042108
150852025,"Quạt Điện Mini Cầm Tay Tích Điện Damas T9 - Thiết kế với 3 chế độ gió, đèn Led 7 màu siêu đẹp mắt, kiểu dáng nhỏ gọn tiện lợi, có thể cầm tay, để bàn tiện dụng - Hàng Chính Hãng",179000.0,350000.0,171000.0,4.7,12,44857,,https://tiki.vnquat-dien-mini-cam-tay-tich-dien-damas-t9-thiet-ke-voi-3-che-do-gio-den-led-7-mau-sieu-dep-mat-kieu-dang-nho-gon-tien-loi-co-the-cam-tay-de-ban-tien-dung-hang-chinh-hang-p150852025.html?spid=150852027
140859216,"Máy xay nấu đa năng 6 trong 1 Elmich BLE-3901, hàng chính hãng (Elmich - thương hiệu CH Séc) - Bảo hành chính hãng 2 năm.",4750000.0,13109000.0,8359000.0,5.0,2,1,,https://tiki.vnmay-xay-nau-da-nang-6-trong-1-elmich-ble-3901-hang-chinh-hang-elmich-thuong-hieu-ch-sec-bao-hanh-chinh-hang-2-nam-p140859216.html?spid=145206067
137727744,Bình thủy điện Panasonic NC-EG4000CSY 4 lít - Hàng Chính Hãng,2249000.0,2517000.0,268000.0,5.0,3,138278,,https://tiki.vnbinh-thuy-dien-panasonic-nc-eg4000csy-4-lit-hang-chinh-hang-p137727744.html?spid=192326230
130308318,Nồi áp suất điện Philips HD2137/65 6 lít - Hàng chính hãng,3037000.0,3037000.0,0.0,0.0,0,11119,,https://tiki.vnnoi-ap-suat-dien-philips-hd2137-65-6-lit-hang-chinh-hang-p130308318.html?spid=197741929
125622979,Combo Bếp Gas Công Nghiệp Kèm Van Dây - Hàng Chính Hãng,570000.0,570000.0,0.0,0.0,0,11119,,https://tiki.vncombo-bep-gas-cong-nghiep-kem-van-day-chinh-hang-p125622979.html?spid=125622981
73856567,Quạt Lửng Sharp Có Điều Khiển PJ-L40RV-LG - Hàng Chính Hãng,1190000.0,1190000.0,0.0,0.0,0,184067,,https://tiki.vnquat-lung-sharp-co-dieu-khien-pj-l40rv-lg-hang-chinh-hang-p73856567.html?spid=197587054
72726152,"MÁY LỌC KHÔNG KHÍ ĐA NĂNG - Lọc Không Khí Cho Nhiều Không Gian Và Khử Mùi Hiệu Quả, Lõi Lọc HEPA Lọc Sạch Bụi Mịn PM2.5 (Màu đen) - Hàng Nhập Khẩu",799000.0,799000.0,0.0,4.5,19,150486,,https://tiki.vnmay-loc-khong-khi-da-nang-loc-khong-khi-cho-nhieu-khong-gian-va-khu-mui-hieu-qua-loi-loc-hepa-loc-sach-bui-min-pm2-5-mau-den-hang-nhap-khau-p72726152.html?spid=72726153
57902421,Bình Đun Siêu Tốc Toshiba KT-15DS1NV (1.5L) - Hàng Chính Hãng,785000.0,950000.0,165000.0,4.5,66,1,,https://tiki.vnbinh-dun-sieu-toc-toshiba-kt-15ds1nv-1-5l-hang-chinh-hang-p57902421.html?spid=58342172
44865388,Đèn sưởi nhà tắm 3 bóng Kohn KN03G 825W (Vàng) - Hàng Nhập Khẩu,629000.0,629000.0,0.0,5.0,4,7880,,https://tiki.vnden-suoi-nha-tam-3-bong-kohn-kn03g-825w-vang-hang-nhap-khau-p44865388.html?spid=44865389
41880917,"Máy tạo ẩm siêu âm, khuếch tán tinh dầu, điều hòa tự động thiết kế 2019 - Hàng Chính Hãng",584870.0,584870.0,0.0,0.0,0,107913,,https://tiki.vnmay-tao-am-sieu-am-khuech-tan-tinh-dau-dieu-hoa-tu-dong-thiet-ke-2019-hang-chinh-hang-p41880917.html?spid=94595896
19734003,Ấm siêu tốc GALI GL - 0017C Chính Hãng,553000.0,553000.0,0.0,0.0,0,184067,,https://tiki.vnam-sieu-toc-gali-gl-0017c-chinh-hang-p19734003.html?spid=173652192
7285805,Nồi Cơm Điện Cao Tần Kangaroo KG599N (1.8L) - Hàng chính hãng,2149000.0,2149000.0,0.0,5.0,1,1957,,https://tiki.vnnoi-com-dien-cao-tan-kangaroo-kg599n-1-8l-hang-chinh-hang-p7285805.html?spid=55843273
3873855,Máy Ép Trái Cây Philips HR1811 - Trắng Xanh - Hàng Nhập Khẩu,989000.0,989000.0,0.0,0.0,0,11119,,https://tiki.vnmay-ep-trai-cay-philips-hr1811-trang-xanh-hang-nhap-khau-p3873855.html?spid=197742150
1504827,Nồi Cơm Điện Nắp Rời Sharp KSH-D15V (1.5L) - Màu Ngẫu Nhiên - Hàng chính hãng,650000.0,700000.0,50000.0,4.5,39,1,,https://tiki.vnnoi-com-dien-nap-roi-sharp-ksh-d15v-1-5l-mau-ngau-nhien-hang-chinh-hang-p1504827.html?spid=1513881
745857,Nồi Áp Suất Điện Tử Philips HD2137/65 (6L) - Hàng Chính Hãng,3286800.0,3286800.0,0.0,5.0,2,138278,,https://tiki.vnnoi-ap-suat-dien-tu-philips-hd2137-65-6l-hang-chinh-hang-p745857.html?spid=96301572
279077706,"Ấm Đun Siêu Tốc Thủy Tinh Elmich Smartcook ICS-3859 1,7L 1850W, Hàng Chính Hãng, Tự Ngắt - Joymall",419000.0,610000.0,191000.0,0.0,0,292665,,https://tiki.vnam-dun-sieu-toc-thuy-tinh-elmich-smartcook-ics-3859-1-7l-1850w-hang-chinh-hang-tu-ngat-joymall-p279077706.html?spid=279077708
278922364,Máy pha viên nén Trà và Cafe Wells Home Cafe [TẶNG KÈM Khay đựng viên nén] - Hàng chính hãng,9148000.0,11500000.0,2352000.0,0.0,0,1,,https://tiki.vnmay-pha-vien-nen-tra-va-cafe-wells-home-cafe-hang-chinh-hang-p278922364.html?spid=278922415
278917123,"Máy Lọc Nước Wells TT UV+, Diệt Khuẩn UV 99.9%, Tankless Lọc Trực Tiếp,Carbon Plus & Nano Clean - Hàng chính hãng",24471000.0,35000000.0,10529000.0,0.0,0,1,,https://tiki.vnmay-loc-nuoc-wells-tt-uv-diet-khuan-uv-99-9-tankless-loc-truc-tiep-carbon-plus-nano-clean-hang-chinh-hang-p278917123.html?spid=278938674
278828502,Bàn là du lịch mini GKÖCH Hàng chính hãng,890000.0,890000.0,0.0,0.0,0,20256,,https://tiki.vnban-la-du-lich-mini-gk-ch-hang-chinh-hang-p278828502.html?spid=278828503
278618532,Lò Nướng Electrolux EOT3218XG - Hàng Chính Hãng,2233000.0,2690000.0,457000.0,0.0,0,1,,https://tiki.vnlo-nuong-electrolux-eot3218xg-hang-chinh-hang-p278618532.html?spid=278618533
278498567,Nồi Cơm Điện Cơ 1.8L CR-1005/SIWHCRVNCV - Hàng chính hãng,738000.0,990000.0,252000.0,0.0,0,1,,https://tiki.vnnoi-com-dien-co-1-8l-cr-1005-siwhcrvncv-hang-chinh-hang-p278498567.html?spid=278498568
278099047,Máy Vắt Cam LocknLock Citrus Juicer EJJ244 40W 700ml - Xoay Ép Hai Chiều - Hàng chính hãng,263150.0,509000.0,245850.0,5.0,2,1,,https://tiki.vnmay-vat-cam-locknlock-citrus-juicer-ejj244-40w-700ml-xoay-ep-hai-chieu-hang-chinh-hang-p278099047.html?spid=278099053
278091560, Quạt đứng Philips CX1520/01 - Hàng chính hãng,1462000.0,1699000.0,237000.0,5.0,2,1,,https://tiki.vnquat-dung-philips-cx1520-01-hang-chinh-hang-p278091560.html?spid=278091561
277811686,"Quạt Để Bàn Tích Điện Mini 5 Cấp Độ Gió Teement, Dung Lượng Pin Lớn 2000mah Không Tiếng Ồn , Tặng Kèm Cáp Sạc - Hàng Chính Hãng",230000.0,230000.0,0.0,4.0,2,277179,,https://tiki.vnquat-de-ban-tich-dien-mini-5-cap-do-gio-teement-dung-luong-pin-lon-2000mah-khong-tieng-on-tang-kem-cap-sac-hang-chinh-hang-p277811686.html?spid=277811688
277436348,"Máy nướng bánh, máy làm bánh snack Tiross TS9673 - Hàng chính hãng",759000.0,759000.0,0.0,0.0,0,99996,,https://tiki.vnmay-nuong-banh-may-lam-banh-snack-tiross-ts9673-hang-chinh-hang-p277436348.html?spid=277436349
276471134,"Quạt Cầm Tay Mini Tích Điện Teement , Có Giá Đở Điện Thoại, Sạc USB Di Động Tiện Lợi, Phiên Bản Nâng Cấp - Hàng Chính Hãng",120000.0,120000.0,0.0,5.0,1,277179,,https://tiki.vnquat-cam-tay-mini-tich-dien-teement-co-gia-do-dien-thoai-sac-usb-di-dong-tien-loi-phien-ban-nang-cap-hang-chinh-hang-p276471134.html?spid=276471140
276232394,Nồi nấu nhanh Trường An NĐ39- Hàng chính hãng - Điện gia dụng,300000.0,300000.0,0.0,5.0,1,11176,,https://tiki.vnnoi-nau-nhanh-truong-an-nd39-hang-chinh-hang-dien-gia-dung-p276232394.html?spid=276382882
275825356,Máy xay thực phẩm Magic Eco AC-13 200W - Hàng chính hãng,353000.0,690000.0,337000.0,4.5,2,1,,https://tiki.vnmay-xay-thuc-pham-magic-eco-ac-13-200w-hang-chinh-hang-p275825356.html?spid=275825358
275823825,Bếp từ Sunhouse SHD6805 - Hàng Chính Hãng,1014000.0,1014000.0,0.0,0.0,0,340697,,https://tiki.vnbep-tu-sunhouse-shd6805-hang-chinh-hang-p275823825.html?spid=278707053
275746821,Nồi hấp điện Cuisinart STM-3000HK Hàng chính hãng,6990000.0,6990000.0,0.0,5.0,1,20256,,https://tiki.vnnoi-hap-dien-cuisinart-stm-3000hk-hang-chinh-hang-p275746821.html?spid=275746822
275630055,Quạt điện cao cấp Bear SB-QC47K Hàng chính hãng,1040000.0,1490000.0,450000.0,5.0,1,1,,https://tiki.vnquat-dien-cao-cap-bear-sb-qc47k-hang-chinh-hang-p275630055.html?spid=275843737
275350420,"Máy Sấy Quần Áo Tròn FOLDING GYJ-002 Đa Năng Gấp Gọn, Ánh Sáng Xanh Khử Trùng Khử Khuẩn, 2 Chế Độ, Tiết Kiệm Không Gian Hàng Chính Hãng",575000.0,750000.0,175000.0,3.7,3,236185,,https://tiki.vnmay-say-quan-ao-tron-folding-gyj-002-da-nang-gap-gon-anh-sang-xanh-khu-trung-khu-khuan-2-che-do-tiet-kiem-khong-gian-p275350420.html?spid=275350421
274965984,"Nồi cơm điện cao tần Kangaroo, model KGR18IH3, dung tích 1,8L, công nghệ gia nhiệt cao tần IH hiện đại, 12 chức năng nấu đa dạng - Hàng chính hãng",1980000.0,4500000.0,2520000.0,4.7,3,1,,https://tiki.vnnoi-com-dien-cao-tan-model-kgr18ih3-hang-chinh-hang-p274965984.html?spid=274965986
274171026,"Máy Lọc Nước Nóng Lạnh, Cây Lọc Nước 2 Chiều Nóng Lạnh Mẫu Mới Công Nghệ Hàn Siêu Tích Kiệm Điện Tiện Dụng Bảo Hành 12T - HÀNG CHÍNH HÃNG MINIIN",299000.0,299000.0,0.0,3.7,3,134678,,https://tiki.vnmay-loc-nuoc-nong-lanh-cay-loc-nuoc-2-chieu-nong-lanh-mau-moi-cong-nghe-han-sieu-tich-kiem-dien-tien-dung-bao-hanh-12t-hang-chinh-hang-miniin-p274171026.html?spid=274171027
273725412,Nồi Cơm Điện Tử Áp Suất Cao Tần Mini 0.5L CRP-EHS0309F/WHGOVNCV- Bản Quốc Tế - Hàng chính hãng Cuckoovina,6089000.0,7490000.0,1401000.0,4.7,3,29960,,https://tiki.vnnoi-com-dien-tu-ap-suat-cao-tan-mini-0-5l-crp-ehs0309f-whgovncv-ban-quoc-te-hang-chinh-hang-cuckoovina-p273725412.html?spid=273725413
273351249,Máy cạo râu khô và ướt Philips S5880/20,2157000.0,3355000.0,1198000.0,5.0,5,1,,https://tiki.vnmay-cao-rau-kho-va-uot-philips-s5880-20-p273351249.html?spid=273866570
273313533,"Nồi áp suất đáy từ Fujika/Media dùng cho bếp từ, bếp ga hàng chính hãng",390000.0,390000.0,0.0,0.0,0,297289,,https://tiki.vnnoi-ap-suat-day-tu-nk-media-dung-cho-moi-loai-bep-hang-chinh-hang-p273313533.html?spid=273313565
272881776,"Nồi cơm cao tần Toshiba RC-10IX1PV - 1.0L - Công nghệ cao tần IH 1000W + nhiệt 3D, Lòng nồi dày 3mm chống dính, Chế độ nấu đa dạng - Hàng chính hãng bảo hành 12 tháng, chất lượng Nhật Bản",2499000.0,2990000.0,491000.0,0.0,0,345161,,https://tiki.vnnoi-com-cao-tan-toshiba-rc-10ix1pv-1-0l-cong-nghe-cao-tan-ih-1000w-nhiet-3d-long-noi-day-3mm-chong-dinh-che-do-nau-da-dang-hang-chinh-hang-bao-hanh-12-thang-cha-t-luo-ng-nha-t-ba-n-p272881776.html?spid=272881777
270702405,Nồi cơm điện tử Sharp 1.1 lít KS-COM110DV - Hàng chính hãng,1090000.0,1950000.0,860000.0,0.0,0,162514,,https://tiki.vnnoi-com-dien-tu-sharp-1-1-lit-ks-com110dv-hang-chinh-hang-p270702405.html?spid=270702407
270102043,Máy ép tóc Philips BHS530/00 - Tạo kiểu tóc ít hư tổn do nhiệt - Hàng chính hãng,1850000.0,1850000.0,0.0,0.0,0,20256,,https://tiki.vnmay-ep-toc-philips-bhs530-00-tao-kieu-toc-it-hu-ton-do-nhiet-hang-chinh-hang-p270102043.html?spid=276824724
259520281,Bếp đơn điện từ Iruka I-111 (2000W) - Hàng chính hãng,2049000.0,2990000.0,941000.0,0.0,0,1,,https://tiki.vnbep-don-dien-tu-iruka-i-111-2000w-hang-chinh-hang-p259520281.html?spid=259520282
249644747,"Quạt sạc mini | Quạt tích điện | Quạt kẹp nôi, xe đẩy thương hiệu Comet CRF0705 - Hàng chính hãng - BH 12 tháng - 15 ngày đổi mới",386000.0,386000.0,0.0,4.3,3,120134,,https://tiki.vnquat-sac-mini-quat-tich-dien-quat-kep-noi-xe-day-thuong-hieu-comet-crf0705-hang-chinh-hang-bh-12-thang-15-ngay-doi-moi-p249644747.html?spid=261072298
197556985,Máy sấy tóc Panasonic EH-NA45RP645 - Hàng chính hãng,2799000.0,2799000.0,0.0,0.0,0,162514,,https://tiki.vnmay-say-toc-panasonic-eh-na45rp645-hang-chinh-hang-p197556985.html?spid=197556986
169778432,Nồi Chiên Hơi Nước Cao Cấp 10 Trong 1 Mishio MK318 - Hàng Chính Hãng,4749050.0,4999000.0,249950.0,0.0,0,160749,,https://tiki.vnnoi-chien-hoi-nuoc-cao-cap-10-trong-1-mishio-mk318-hang-chinh-hang-p169778432.html?spid=169778434
168114464,"[SIÊU TỐC] Máy Lọc Nước 3M BREW120-MS | ICE140-S Uống Trực Tiếp Từ Vòi, Lắp Âm Tủ Bếp - Hàng Chính Hãng 3M, Nhập Khẩu Mỹ",7890000.0,7890000.0,0.0,5.0,7,270160,,https://tiki.vnlap-dat-toan-quoc-may-loc-nuoc-uong-truc-tiep-3m-ff100-brew120-ms-ice140-s-cong-suat-lon-khong-dien-khong-nuoc-thai-lap-duoi-bon-rua-brew120ms-ice140s-nhap-khau-my-hang-chinh-hang-3m-p168114464.html?spid=168114476
136987744,Nồi Hấp Điện WMF Kitchenminis 2 Tầng - Hàng Nhập Khẩu Đức,3790000.0,3790000.0,0.0,0.0,0,20256,,https://tiki.vnnoi-hap-dien-wmf-kitchenminis-2-tang-hang-nhap-khau-duc-p136987744.html?spid=202292404
130199631,Bàn ủi hơi nước cầm tay Tefal DT8100E0 - Hàng chính hãng,1190000.0,1190000.0,0.0,0.0,0,20256,,https://tiki.vnban-ui-hoi-nuoc-cam-tay-tefal-dt8100e0-hang-chinh-hang-p130199631.html?spid=214946971
113337253,Lõi lọc không khí Xiaomi Hàng Chính Hãng,660000.0,660000.0,0.0,5.0,7,34716,,https://tiki.vnloi-loc-khong-khi-xiaomi-hang-chinh-hang-p113337253.html?spid=113337257
107186414,Bộ lọc thay thế cho máy hút bụi Deerma DX115C - Hàng Nhập Khẩu,90000.0,90000.0,0.0,4.7,3,16996,,https://tiki.vnbo-loc-thay-the-cho-may-hut-bui-deerma-dx115c-hang-nhap-khau-p107186414.html?spid=107186415
92487982,LÕI LỌC NƯỚC SỐ 4 MÀNG R.O FILTECH - Hàng chính hãng,339000.0,339000.0,0.0,5.0,1,55218,,https://tiki.vnloi-loc-nuoc-so-4-mang-r-o-filtech-hang-chinh-hang-p92487982.html?spid=92487983
52005022,Nồi cơm điện tử 1.8L Sunhouse SHD8909 - Hàng Chính Hãng,978000.0,2946000.0,1968000.0,3.9,14,1,,https://tiki.vnno-i-com-die-n-tu-1-8l-sunhouse-shd8909-hang-chinh-hang-p52005022.html?spid=52005023
50645991,Quạt treo tường remote Senko Hàng Chính Hãng - TR1683,539000.0,539000.0,0.0,3.5,2,187775,,https://tiki.vnquat-treo-tuong-remote-senko-hang-chinh-hang-tr1683-p50645991.html?spid=101845092
8619085,Máy Xay Sinh Tố Đa Năng Sunhouse HappyTime HTD5113 Cao Cấp - Hàng chính hãng,570000.0,570000.0,0.0,4.5,2,11119,,https://tiki.vnmay-xay-sinh-to-da-nang-sunhouse-happytime-htd5113-cao-cap-hang-chinh-hang-p8619085.html?spid=8619086
533872,Lò Vi Sóng Sharp R-203VN-M - 20L (Bạc) - Hàng chính hãng,2440000.0,2440000.0,0.0,4.8,5,120134,,https://tiki.vnlo-vi-song-sharp-r-203vn-m-20l-bac-hang-chinh-hang-p533872.html?spid=95511824
444402,Nồi Áp Suất Điện Philips HD2103 (5 Lít) - Hàng Chính Hãng,1720000.0,2094000.0,374000.0,5.0,41,138278,,https://tiki.vnnoi-ap-suat-dien-philips-hd2103-5-lit-hang-chinh-hang-p444402.html?spid=71055808
279143583,[New] Máy ép chậm HAFELE HS-J130SG  Hàng Chính hãng (535.43.396 ),2773000.0,3990000.0,1217000.0,0.0,0,1,,https://tiki.vnnew-may-ep-cham-hafele-hs-j130sg-hang-chinh-hang-535-43-396-p279143583.html?spid=279143584
278907834,Máy rang hạt cà phê và các loại hạt tự động thương hiệu Pháp cao cấp RAF R.15601 - Công suất 800W - Hàng nhập khẩu,1732000.0,1732000.0,0.0,0.0,0,112115,,https://tiki.vnmay-rang-hat-ca-phe-va-cac-loai-hat-tu-dong-thuong-hieu-phap-cao-cap-raf-r-15601-cong-suat-800w-hang-nhap-khau-p278907834.html?spid=278907835
278841140,Quạt trần chùm đèn Klasse 52KSP 596 Hàng chính hãng,3690000.0,3690000.0,0.0,0.0,0,20256,,https://tiki.vnquat-tran-chum-den-klasse-52ksp-596-hang-chinh-hang-p278841140.html?spid=278841141
278749173,Bình đun siêu tốc Philips HD9395/90 - Hàng chính hãng,1399000.0,1399000.0,0.0,0.0,0,255891,,https://tiki.vnbinh-dun-sieu-toc-philips-hd9395-90-hang-chinh-hang-p278749173.html?spid=278749174
278044595,CHỔI GÓC Xiaomi Mi Robot Vacuum Mop Side Brush - Hàng Chính Hãng,249000.0,249000.0,0.0,2.0,1,34716,,https://tiki.vnchoi-goc-xiaomi-mi-robot-vacuum-mop-side-brush-hang-chinh-hang-p278044595.html?spid=278044596
277620612,"Nồi chiên không dầu nhãn hiệu LocknLock Clear-view window air fryer 5L, 220-240V, 50/60Hz, 1500W - màu đen - EJF279BLK - Hàng chính hãng",2330000.0,5200000.0,2870000.0,0.0,0,1,,https://tiki.vnnoi-chien-khong-dau-nhan-hieu-locknlock-clear-view-window-air-fryer-5l-220-240v-50-60hz-1500w-mau-den-ejf279blk-hang-chinh-hang-p277620612.html?spid=277620613
277427855,Máy Hút Bụi Giường Nệm Xiaomi cầm tay mini lực hút siêu mạnh hút bụi ô tô giường đệm sạc USB - Hàng Chính Hãng,449000.0,449000.0,0.0,4.0,1,57800,,https://tiki.vnmay-hut-bui-giuong-nem-xiaomi-cam-tay-mini-luc-hut-sieu-manh-hut-bui-o-to-giuong-dem-sac-usb-hang-chinh-hang-p277427855.html?spid=277427856
276292268,"Quạt tháp điều hòa không khí Levoit 42 inches - Cảm biến nhiệt độ, 12 tốc độ gió, Kèm điều khiển - Hàng chính hãng",3590000.0,3590000.0,0.0,0.0,0,232078,,https://tiki.vnquat-thap-dieu-hoa-khong-khi-levoit-42-inches-cam-bien-nhiet-do-12-toc-do-gio-kem-dieu-khien-hang-chinh-hang-p276292268.html?spid=276292269
276283729,"Máy hút bụi dạng hộp Hitachi CV-SF20V 24CV (BRE/LBR), Công suất 2000W - Hàng chính hãng",2819000.0,3390000.0,571000.0,0.0,0,345161,,https://tiki.vnmay-hut-bui-dang-hop-hitachi-cv-sf20v-24cv-bre-lbr-cong-suat-2000w-hang-chinh-hang-p276283729.html?spid=276283740
276135770,Máy rang hạt cà phê công nghệ gia nhiệt không khí thương hiệu Cafemasy CCR-1209R2 - Hàng Chính Hãng,3857000.0,3857000.0,0.0,0.0,0,256950,,https://tiki.vnmay-rang-hat-ca-phe-cong-nghe-gia-nhiet-khong-khi-thuong-hieu-cafemasy-ccr-1210r2-hang-chinh-hang-p276135770.html?spid=276135771
276120744,"Máy sấy tóc thời trang BD-1000, 1000W, 2 cấp độ sấy nóng và 1 cấp độ sấy gió mát. Hàng chính hãng",129000.0,129000.0,0.0,0.0,0,338581,,https://tiki.vnmay-say-toc-thoi-trang-bd-1000-1000w-3-cap-do-say-nong-va-1-cap-do-say-gio-mat-p276120744.html?spid=276120745
276042549,Bếp hồng ngoại đơn Kangaroo KG20IFT1 - Hàng chính hãng,941000.0,1488000.0,547000.0,0.0,0,1,,https://tiki.vnbep-hong-ngoai-don-kangaroo-kg20ift1-p276042549.html?spid=276042553
276031351,"Nồi cơm điện công nghiệp 6,3L Cuckoo CR-3555 - Hàng chính hãng, Bảo hành 24 tháng",3579000.0,3990000.0,411000.0,0.0,0,345161,,https://tiki.vnnoi-com-dien-cong-nghiep-6-3l-cuckoo-cr-3555-hang-chinh-hang-bao-hanh-24-thang-p276031351.html?spid=276031352
275961942,Nồi cơm nắp gài Cuckoo 1 lít CR-0671 - Hàng chính hãng,862000.0,1180000.0,318000.0,5.0,2,1,,https://tiki.vnnoi-com-nap-gai-cuckoo-1-08-lit-cr-0671-hang-chinh-hang-p275961942.html?spid=275962015
275609174,Bình đun siêu tốc Bluestone 1.5 lít KTB-3457 - Hàng chính hãng,899000.0,899000.0,0.0,0.0,0,162514,,https://tiki.vnbinh-dun-sieu-toc-bluestone-1-5-lit-ktb-3457-hang-chinh-hang-p275609174.html?spid=275609175
273675235,"Máy pha cà phê Espresso chuyên nghiệp, thương hiệu Mỹ HiBREW cao cấp - H8A - HÀNG CHÍNH HÃNG",5406000.0,5406000.0,0.0,0.0,0,208147,,https://tiki.vnmay-pha-ca-phe-espresso-chuyen-nghiep-thuong-hieu-my-hibrew-cao-cap-h8a-hang-chinh-hang-p273675235.html?spid=273675236
272163797,Nồi Cơm Điện HAMM HRC-1203 (1.2 lít) - Hàng Chính Hãng,385000.0,385000.0,0.0,0.0,0,11119,,https://tiki.vnnoi-com-dien-hamm-hrc-1203-1-2-lit-hang-chinh-hang-p272163797.html?spid=272163798
263867989,Ấm Siêu Tốc Inox 2 Lớp 1.8L Sunhouse SHD1355 - Hàng Chính Hãng,249000.0,249000.0,0.0,5.0,7,11119,,https://tiki.vna-m-sieu-toc-inox-2-lop-1-8l-sunhouse-shd1355-hang-chinh-hang-p263867989.html?spid=263868055
262068388,"Quạt Cầm Tay Mini, Quạt Sạc Tích Điện Thỏ Lái Xe Xinh Xắn Teement, Có 2 Tốc Độ Gió ( Gió Mạnh, Gió Nhẹ), Dễ Thương Tránh Nóng Mùa Hè Cực Êm (Kèm Dây Sạc Usb)- Hàng Chính Hãng",120000.0,120000.0,0.0,5.0,2,277179,,https://tiki.vnquat-cam-tay-mini-quat-sac-tich-dien-tho-lai-xe-xinh-xan-teement-de-thuong-tranh-nong-mua-he-kem-day-sac-usb-hang-chinh-hang-p262068388.html?spid=271758531
249947058,"Máy Xay Sinh Tố Cầm Tay Mini Fresh Juice Đa Năng Ép Trái Cây Xay Hoa Quả Pin sạc 1400mAh, Sạc Không Dây Tiện Lợi- HÀNG CHÍNH HÃNG MINIIN",99000.0,99000.0,0.0,3.0,2,134678,,https://tiki.vnmay-xay-sinh-to-cam-tay-mini-fresh-juice-da-nang-ep-trai-cay-xay-hoa-qua-pin-sac-1400mah-sac-khong-day-tien-loi-hang-chinh-hang-miniin-p249947058.html?spid=249947059
249934454,BẾP TỪ ĐÔI ARBER ABEI602 Hàng Chính hãng,4390000.0,4390000.0,0.0,0.0,0,20256,,https://tiki.vnbep-tu-doi-arber-abei602-hang-chinh-hang-p249934454.html?spid=249934455
242753815,Máy Xay Sinh Tố PHILIPS HR2041 (Model Mới) - Hàng Chính Hãng,630000.0,1200000.0,570000.0,0.0,0,12063,,https://tiki.vnmay-xay-sinh-to-philips-hr2041-model-moi-hang-chinh-hang-p242753815.html?spid=270679889
205410644,Quạt thông gió gắn tường 1 chiều Nanoco NWV1520 (20x20cm) - Hàng chính hãng,405000.0,405000.0,0.0,5.0,1,291828,,https://tiki.vnquat-thong-gio-gan-tuong-1-chieu-nanoco-nwv1520-20x20cm-hang-chinh-hang-p205410644.html?spid=205410645
198537482,Quạt đứng lỡ Senko L1638 ( Màu ngẫu nhiên) - Hàng chính hãng,378000.0,378000.0,0.0,4.7,3,187775,,https://tiki.vnquat-lo-senko-l1638-mau-ngau-nhien-hang-chinh-hang-p198537482.html?spid=262695605
192046117,Bếp từ 2 vùng nấu Hafele HC-I2732A 536.61.726 (Hàng chính hãng),18689000.0,18689000.0,0.0,5.0,1,166173,,https://tiki.vnbep-tu-2-vung-nau-hafele-hc-i2732a-536-61-726-hang-chinh-hang-p192046117.html?spid=192046120
176485608,"ẤM SIÊU TỐC KLARSTEIN AQUAVITA RED 1,7L 10021359 - Hàng Chính Hãng",1590000.0,1590000.0,0.0,0.0,0,20256,,https://tiki.vnam-sieu-toc-klarstein-aquavita-red-1-7l-10021359-p176485608.html?spid=185466581
176062301,Nồi cơm điện Tiger JNP 1803 - Hàng nhập khẩu ,2790000.0,2790000.0,0.0,0.0,0,20256,,https://tiki.vnnoi-com-dien-tiger-jnp-1803-hang-nhap-khau-p176062301.html?spid=249006244
161467009,Quạt tháp làm mát và sưởi ấm ULTTY SKJ CR018H- Trắng- Sản xuất tại nhà máy lớn nhất thế giới- Hàng chính hãng,4850000.0,4850000.0,0.0,0.0,0,136422,,https://tiki.vnquat-thap-lam-mat-va-suoi-am-ultty-skj-cr018h-trang-san-xuat-tai-nha-may-lon-nhat-the-gioi-hang-chinh-hang-p161467009.html?spid=161467010
137005221,"Máy Ép Uốn Là Tóc Đa Năng 3 Trong 1 Cao Cấp Hàng Loại 1 Chính Hãng MINIIN Sang Trọng Kiểu Hàn Quốc - Kết Hợp Duỗi, Tạo Nhiều Kiểu Tóc Thông Minh – Dùng Cho Salon Tóc & Tại Nhà- Tiện Lợi",199000.0,199000.0,0.0,0.0,0,134678,,https://tiki.vnmay-ep-uon-la-toc-da-nang-3-trong-1-cao-cap-hang-loai-1-chinh-hang-miniin-sang-trong-kieu-han-quoc-ket-hop-duoi-ta-o-nhieu-kie-u-to-c-thong-minh-dung-cho-salon-toc-tai-nha-tien-loi-p137005221.html?spid=137005223
125929728,"Máy pha cà phê hạt kết hợp xay sẵn bán tự động DSP KA3055 công suất 1000W, tích hợp chức năng hẹn giờ, chống nhỏ giọt khi ngưng máy- Hàng chính hãng",3336000.0,3336000.0,0.0,2.0,1,208147,,https://tiki.vnmay-pha-ca-phe-hat-ket-hop-xay-san-ban-tu-dong-dsp-ka3055-cong-suat-1000w-tich-hop-chuc-nang-hen-gio-chong-nho-giot-khi-ngung-may-hang-chinh-hang-p125929728.html?spid=125929729
96182636,"Quạt hơi nước, máy làm mát không khí Fujiliba - Hàng chính hãng",4010000.0,4010000.0,0.0,0.0,0,181359,,https://tiki.vnquat-hoi-nuoc-may-lam-mat-khong-khi-fujiliba-hang-chinh-hang-p96182636.html?spid=96182638
91820885,  Ấm Điện Siêu Tốc Rạng Đông 1.8 Lít Chính Hãng,218000.0,218000.0,0.0,0.0,0,187775,,https://tiki.vnam-dien-sieu-toc-rang-dong-1-8-lit-chinh-hang-p91820885.html?spid=108612354
90107406,Phụ kiện Robot Hút Bụi Chổi Trụ Xiaomi Vacuum - Mop ESSENTIAL BRUSH (BHR4247TY) - Hàng chính hãng,190000.0,190000.0,0.0,5.0,4,34716,,https://tiki.vnphu-kien-robot-hut-bui-choi-tru-xiaomi-vacuum-mop-essential-brush-bhr4247ty-hang-chinh-hang-p90107406.html?spid=90107407
72549513,Quạt sạc tích điện Honjianda FL 223 - tích hợp đèn LED & cổng USB,786000.0,786000.0,0.0,4.6,23,187775,,https://tiki.vnquat-sac-tich-dien-honjianda-fl-223-tich-hop-den-led-cong-usb-hang-chinh-hang-p72549513.html?spid=110024243
68719413,Bếp ga mini siêu nhỏ gọn Namilux chất liệu inox cao cấp an toàn-Hàng chính hãng,349000.0,349000.0,0.0,0.0,0,69337,,https://tiki.vnbep-ga-mini-sieu-nho-gon-namilux-chat-lieu-inox-cao-cap-an-toan-hang-chinh-hang-p68719413.html?spid=106245421
37082390,Bếp Gas Đôi Rinnai 360G Xám - Hàng Chính Hãng,799900.0,799900.0,0.0,4.5,103,389,,https://tiki.vnbep-gas-doi-rinnai-360g-xam-hang-chinh-hang-p37082390.html?spid=37082413
10131469,Máy lọc không khí Sharp FP-J80EV-H - Hàng chính hãng,7150000.0,8000000.0,850000.0,0.0,0,12063,,https://tiki.vnmay-loc-khong-khi-sharp-fp-j80ev-h-hang-chinh-hang-p10131469.html?spid=176186603
2776517,Lò Nướng Sanaky VH-3599N2D (35L) - Hàng chính hãng,1720000.0,1720000.0,0.0,0.0,0,58892,,https://tiki.vnlo-nuong-sanaky-vh-3599n2d-35l-hang-chinh-hang-p2776517.html?spid=25143511
658097,Quạt Đứng Ống Nhựa Senko L1338 - Màu ngẫu nhiên - Hàng chính hãng ,378000.0,378000.0,0.0,5.0,1,187775,,https://tiki.vnquat-dung-ong-nhua-senko-l1338-mau-ngau-nhien-hang-chinh-hang-p658097.html?spid=108896364
279169608,"Quạt Để Bàn Tích Điện Kachi MK443 – Gió Turbo Mạnh Mẽ, Xoay 360 Độ, Thiết Kế Di Động Đa Năng - hàng chính hãng",1791000.0,1990000.0,199000.0,0.0,0,160749,,https://tiki.vnquat-de-ban-tich-dien-kachi-mk443-gio-turbo-manh-me-xoay-360-do-thiet-ke-di-dong-da-nang-hang-chinh-hang-p279169608.html?spid=279169609
278992552,Nồi cơm điện tử Philips 1.8 lít HD4717/30 - Hàng chính hãng,1523000.0,2060000.0,537000.0,0.0,0,1,,https://tiki.vnnoi-com-dien-tu-philips-1-8-lit-hd4717-30-hang-chinh-hang-p278992552.html?spid=278992553
278991285,Máy hút bụi không dây Philips XC2011/01 - Hàng chính hãng,5099000.0,5099000.0,0.0,0.0,0,1,,https://tiki.vnmay-hut-bui-khong-day-philips-xc2011-01-hang-chinh-hang-p278991285.html?spid=278991286
278315099,Nồi Cơm Điện lòng niêu Mishio – hàng chính hãng,664050.0,699000.0,34950.0,0.0,0,160749,,https://tiki.vnnoi-com-dien-long-nieu-mishio-hang-chinh-hang-p278315099.html?spid=278315104
277772129,Nồi chiên không dầu Bluestone 7 lít AFB-5856 - Hàng chính hãng,1690000.0,1990000.0,300000.0,0.0,0,162514,,https://tiki.vnnoi-chien-khong-dau-bluestone-7-lit-afb-5856-hang-chinh-hang-p277772129.html?spid=277772131
277512223,Nồi cơm điện Kangaroo 1.2 lít KGRC12M1 - Hàng chính hãng,701000.0,1090000.0,389000.0,0.0,0,1,,https://tiki.vnnoi-com-dien-kangaroo-1-2-lit-kgrc12m1-hang-chinh-hang-p277512223.html?spid=277512224
277438311,"Máy Trộn Thực Phẩm Tiross TS5401 - Trộn nhanh, tiếng ồn nhỏ, độ bền cao, hàng chính hãng",2799000.0,2799000.0,0.0,0.0,0,99996,,https://tiki.vnmay-tron-thuc-pham-tiross-ts5401-tro-n-nhanh-tie-ng-o-n-nho-do-be-n-cao-hang-chinh-hang-p277438311.html?spid=277438312
276826323,Nồi Cơm Điện Sứ Dưỡng Sinh Mishio MK365 lòng sứ nguyên chất 0.8L không chứa chất chống dính - Hàng chính hãng,1683500.0,2590000.0,906500.0,5.0,1,160749,,https://tiki.vnnoi-com-dien-su-duong-sinh-mishio-mk365-long-su-nguyen-chat-0-8l-khong-chua-chat-chong-dinh-hang-chinh-hang-p276826323.html?spid=278152689
276813344,"Máy xay sinh tố mini không dây Elmich BLE-3889 BLE-3890 340ml, Hàng chính hãng, chống thấm - JoyMall",639000.0,959000.0,320000.0,0.0,0,292665,,https://tiki.vnmay-xay-sinh-to-mini-khong-day-elmich-ble-3889-ble-3890-340ml-hang-chinh-hang-chong-tham-joymall-p276813344.html?spid=276813346
276641396,(Thổi Bay) Máy Thổi Phản Lực KhoNCC Hàng Chính Hãng – Sức Mạnh Của Công Nghệ - Giải Pháp Làm Sạch Tối Ưu Cho Mọi Công Việc - KK-MTPL600GR (Nhiều Màu),416000.0,416000.0,0.0,4.8,5,762,,https://tiki.vnthoi-bay-may-thoi-phan-luc-khoncc-hang-chinh-hang-suc-manh-cua-cong-nghe-giai-phap-lam-sach-toi-uu-cho-moi-cong-viec-kk-mtpl600gr-nhieu-mau-p276641396.html?spid=276641400
276448857,Bếp điện từ Smartcook ICS-3873 - Hàng chính hãng,994000.0,1290000.0,296000.0,5.0,1,1,,https://tiki.vnbep-dien-tu-smartcook-ics-3873-p276448857.html?spid=276448861
276344918,"Robot Hút Bụi Lau Nhà, Máy Hút Bụi Thông Minh,Thiết kế nhỏ gọn làm sạch các vị trí khó như gầm giường ,tủ , ghế sofa . Hàng Nhập Khẩu",899000.0,899000.0,0.0,0.0,0,57800,,https://tiki.vnrobot-hut-bui-lau-nha-may-hut-bui-thong-minh-thiet-ke-nho-gon-lam-sach-cac-vi-tri-kho-nhu-gam-giuong-tu-ghe-sofa-hang-nhap-khau-p276344918.html?spid=276344919
276235554,Nồi nấu chậm Bear DDZ-A08G2 0.8L (200W) - Hàng chính hãng,413000.0,699000.0,286000.0,0.0,0,1,,https://tiki.vnnoi-nau-cham-bear-ddz-a08g2-0-8l-200w-hang-chinh-hang-p276235554.html?spid=276235557
276165148,[Hàng chính hãng] Máy Xay Nấu Đa Năng OLIVO CB400 PRO – Nhỏ Gọn Tiện Mang Theo – Đa Chức Năng – Cao Cấp – Chống Trào Tuyệt Đối,1190000.0,1190000.0,0.0,5.0,1,209344,,https://tiki.vnhang-chinh-hang-may-xay-nau-da-nang-olivo-cb400-pro-nho-gon-tien-mang-theo-da-chuc-nang-cao-cap-chong-trao-tuyet-doi-p276165148.html?spid=276165149
276042566,Bếp ga dương Kangaroo KG207G - Hàng chính hãng,616000.0,818000.0,202000.0,4.5,2,1,,https://tiki.vnbep-ga-duong-kangaroo-kg207g-p276042566.html?spid=276042568
276035198,Bàn là hơi nước cầm tay Sunhouse SHD2175 (1000W) - Hàng chính hãng,554000.0,1767000.0,1213000.0,5.0,1,1,,https://tiki.vnban-la-hoi-nuoc-cam-tay-sunhouse-shd2175-1000w-hang-chinh-hang-p276035198.html?spid=276035199
276019055,Nồi cơm điện lòng sứ dưỡng sinh 1.2L Mishio MK381 - Hàng chính hãng,1890000.0,2590000.0,700000.0,5.0,1,160749,,https://tiki.vnnoi-com-dien-long-su-duong-sinh-1-2l-mishio-mk381-hang-chinh-hang-p276019055.html?spid=278152687
275889469,"Bếp Lẩu Nướng Đa Năng 2 Trong 1, Lẩu Nướng Tròn Xanh 2 Nút Bật Tắt Riêng Biệt - Hàng Chính Hãng",595000.0,595000.0,0.0,5.0,1,236185,,https://tiki.vnbep-lau-nuong-da-nang-2-trong-1-lau-nuong-tron-xanh-2-nut-bat-tat-rieng-biet-hang-chinh-hang-p275889469.html?spid=275889470
275403281,Máy Đánh Sữa / Cà Phê Cầm Tay Nhỏ Gọn Tiện Dụng / máy đánh trứng mini - Hàng nhập khẩu,35000.0,35000.0,0.0,4.8,4,100773,,https://tiki.vnmay-danh-sua-ca-phe-cam-tay-nho-gon-tien-dung-may-danh-trung-mini-p275403281.html?spid=275403282
275154626,"Máy xay thịt Funiki HMG2553 - Cối thủy tinh, công suất 500W - Hàng Chính Hãng",649000.0,999000.0,350000.0,0.0,0,6201,,https://tiki.vnmay-xay-thit-funiki-hmg2553-coi-thuy-tinh-cong-suat-500w-hang-chinh-hang-p275154626.html?spid=275154627
275029362,"Máy phun sương tạo ẩm, xông tinh dầu mini dùng cho xe hơi Baseus Time Aromatherapy Humidifier (75ml, Alloy Air Humidifier Aroma for Car)-Hàng chính hãng",550000.0,550000.0,0.0,5.0,1,97431,,https://tiki.vnmay-phun-suong-tao-am-xong-tinh-dau-mini-dung-cho-xe-hoi-baseus-time-aromatherapy-humidifier-75ml-alloy-air-humidifier-aroma-for-car-hang-chinh-hang-p275029362.html?spid=275029369
274966786,Bếp điện từ đơn model KG20IC1 - Hàng chính hãng,1100000.0,1890000.0,790000.0,0.0,0,1,,https://tiki.vnbep-dien-tu-don-model-kg20ic1-hang-chinh-hang-p274966786.html?spid=274966787
274714580,BẾP TỪ SMARAGD ISB-299 ELITE – 2 VÙNG NẤU – NHẬP  KHẨU NGUYÊN CHIẾC TỪ THÁI LAN (Hàng chính hãng),5990000.0,5990000.0,0.0,0.0,0,174429,,https://tiki.vnbep-tu-smaragd-isb-299-elite-2-vung-nau-nhap-khau-nguyen-chiec-tu-thai-lan-p274714580.html?spid=274714581
274591341,Quạt tích điện 4000mAH Kachi MK372 - hàng chính hãng,379050.0,399000.0,19950.0,0.0,0,160749,,https://tiki.vnquat-tich-dien-4000mah-kachi-mk372-hang-chinh-hang-p274591341.html?spid=274591342
274455548,Máy cạo râu du lịch Magic B-60 - Hàng chính hãng,275000.0,790000.0,515000.0,2.3,3,1,,https://tiki.vnmay-cao-rau-magic-b-60-hang-chinh-hang-p274455548.html?spid=274455550
273647753,"Nồi chiên không dầu Mitomo MTD-12LA, dung tích 12L công suất 1700W - Hàng chính hãng",2199000.0,2895000.0,696000.0,0.0,0,123800,,https://tiki.vnnoi-chien-khong-dau-mitomo-mtd-12la-dung-tich-12l-cong-suat-1700w-hang-chinh-hang-p273647753.html?spid=273647754
273005015,Combo 8 lõi lọc nước Karofi Hàng chính hãng dùng cho máy lọc nước Karofi 8 cấp S-S038,1169000.0,1169000.0,0.0,0.0,0,55218,,https://tiki.vncombo-8-loi-loc-nuoc-karofi-hang-chinh-hang-dung-cho-may-loc-nuoc-karofi-s-s038-p273005015.html?spid=188701530
272981579,Bộ lõi chức năng Sunhouse lõi số 5678910 dành cho máy lọc nước Sunhouse - Hàng chính hãng,372000.0,372000.0,0.0,5.0,1,55218,,https://tiki.vnbo-loi-chuc-nang-sunhouse-loi-so-5678910-danh-cho-may-loc-nuoc-sunhouse-hang-chinh-hang-p272981579.html?spid=272981589
272617631,"Quạt đứng Toshiba F-LSA20(W)VN, Màu trắng, 60W - Điều khiển từ xa - 5 cánh - Hẹn giờ tắt/mở - Hàng chính hãng, bảo hành 12 tháng",1299000.0,1590000.0,291000.0,5.0,1,345161,,https://tiki.vnquat-dung-toshiba-f-lsa20-w-vn-mau-trang-60w-dieu-khien-tu-xa-5-canh-hen-gio-tat-mo-hang-chinh-hang-bao-hanh-12-thang-p272617631.html?spid=272617632
270243031,Máy ép chậm Sunhouse Mama SHD5515 600ml - Hàng chính hãng,1286000.0,3725000.0,2439000.0,4.5,72,1,,https://tiki.vnmay-ep-cha-m-sunhouse-mama-shd5515-600ml-hang-chinh-hang-p270243031.html?spid=270243032
252829925,Máy tạo độ ẩm khử trùng Lydsto H3 không gây tiếng ồn - Hàng chính hãng,1900000.0,1900000.0,0.0,0.0,0,333932,,https://tiki.vnmay-tao-do-am-khu-trung-lydsto-h3-khong-gay-tieng-on-hang-chinh-hang-p252829925.html?spid=252829926
239144145,Ấm sắc thuốc Trường An TA39 Vàng - Gốm sứ cao cấp  - Điện gia dụng - Hàng chính hãng,489000.0,489000.0,0.0,0.0,0,11176,,https://tiki.vnam-sa-c-thuoc-truong-an-ta39-vang-go-m-su-cao-ca-p-dien-gia-dung-hang-chinh-hang-p239144145.html?spid=239144146
159725939,Bếp nướng gas hồng ngoại NaMilux NA-24N-VN - Hàng chính hãng.,579000.0,579000.0,0.0,4.5,2,69337,,https://tiki.vnbep-nuong-gas-hong-ngoai-namilux-na-24n-vn-hang-chinh-hang-p159725939.html?spid=167402404
140718471,Máy làm bánh mỳ 12 chức năng Tiross TS8230 - Hàng chính hãng,2486000.0,3190000.0,704000.0,4.0,2,1,,https://tiki.vnmay-lam-banh-my-12-chuc-nang-tiross-ts8230-hang-chinh-hang-p140718471.html?spid=140718472
117674807,Bếp gas mini Namilux PM1811PF(Hàng chính hãng),299000.0,299000.0,0.0,0.0,0,69337,,https://tiki.vnbep-gas-mini-namilux-pm1811pf-hang-chinh-hang-p117674807.html?spid=135364627
35283819,Máy Sấy Tóc Panasonic Máy Sấy Tóc Panasonic EH-ND11-W645 Hàng Chính Hãng,350000.0,378000.0,28000.0,5.0,2,138278,,https://tiki.vnmay-say-toc-panasonic-may-say-toc-panasonic-eh-nd11-w645-hang-chinh-hang-p35283819.html?spid=192327208
32127235,"Bếp gas công nghiệp Windo- 280c ,tặng dây -Hàng Chính Hãng",509000.0,509000.0,0.0,3.3,4,69337,,https://tiki.vnbep-gas-cong-nghiep-windo-280c-tang-day-hang-chinh-hang-p32127235.html?spid=32127247
831118,Siêu Sắc Thuốc Tự Động Trường Thọ BA2086 (2.8L) - Nâu Nho - Hàng chính hãng,264000.0,264000.0,0.0,1.0,1,69337,,https://tiki.vnsieu-sac-thuoc-tu-dong-truong-tho-ba2086-2-8l-nau-nho-hang-chinh-hang-p831118.html?spid=95193144
279166500,Robot Hút Bụi Lau Nhà Roborock QRevo Edge 5V1 Lực Hút 18.500 Pa - Hàng Chính Hãng,33999000.0,33999000.0,0.0,0.0,0,193366,,https://tiki.vnrobot-hut-bui-lau-nha-roborock-qrevo-edge-5v1-luc-hut-18-500-pa-hang-chinh-hang-p279166500.html?spid=248610960
278684985,Máy xay cà phê Hamilton Beach 80374-IN - Hàng chính hãng,1343000.0,1980000.0,637000.0,0.0,0,1,,https://tiki.vnmay-xay-ca-phe-hamilton-beach-80374-in-hang-chinh-hang-p278684985.html?spid=278684986
278478615,"Nồi cơm điện tử ruột gốm sứ Ceramic Hàn Quốc CIM250 dung tích 1.4L, hàng chính hãng",1916750.0,2255000.0,338250.0,0.0,0,125683,,https://tiki.vnnoi-com-dien-tu-ruot-gom-su-ceramic-han-quoc-cim250-dung-tich-1-4l-hang-chinh-hang-p278478615.html?spid=278478616
278054522,"Nồi Chiên Không Dầu 8 Lít Mishio MK391 - Dung Tích Khổng Lồ, Nướng Nguyên Con Gà, Giá Cực Rẻ - Hàng chính hãng",719200.0,899000.0,179800.0,0.0,0,160749,,https://tiki.vnnoi-chien-khong-dau-8-lit-mishio-mk391-dung-tich-khong-lo-nuong-nguyen-con-ga-gia-cuc-re-hang-chinh-hang-p278054522.html?spid=278054525
278037909,"Bàn Ủi Hơi Nước LocknLock Garment Steamer ENI218IVY 1370-1630W, Hàng Chính Hãng, 800ml - JoyMall",2880000.0,3200000.0,320000.0,0.0,0,38510,,https://tiki.vnban-ui-hoi-nuoc-locknlock-garment-steamer-eni218ivy-1370-1630w-hang-chinh-hang-800ml-joymall-p278037909.html?spid=278037911
277620603,"Nồi chiên không dầu Lock&Lock Manual Eco Fryer 3.2L, 220V~ 50Hz, 1400W - Màu đen - EJF161BLK - Hàng chính hãng",1700000.0,3800000.0,2100000.0,0.0,0,1,,https://tiki.vnnoi-chien-khong-dau-lock-lock-manual-eco-fryer-3-2l-220v-50hz-1400w-mau-den-ejf161blk-hang-chinh-hang-p277620603.html?spid=277620604
277506737,Lõi lọc Toshiba F-2399-Maifan - Hàng chính hãng,191000.0,290000.0,99000.0,0.0,0,1,,https://tiki.vnloi-loc-toshiba-f-2399-maifan-hang-chinh-hang-p277506737.html?spid=277506738
277417214,"Máy Hút Bụi Cầm Tay Cao Cấp, Thiết kế Không Dây, Tặng Kèm Đầu Hút, Lực hút 20000PA Siêu Mạnh Hàng Nhập Khẩu",399000.0,399000.0,0.0,1.0,1,137089,,https://tiki.vnmay-hut-bui-cam-tay-cao-cap-thiet-ke-khong-day-tang-kem-dau-hut-luc-hut-20000pa-sieu-manh-hang-nhap-khau-p277417214.html?spid=277417215
277386771,Máy sấy quần áo di động TS8832- Hàng chính hãng,899000.0,899000.0,0.0,0.0,0,99996,,https://tiki.vnmay-say-quan-ao-di-dong-ts8832-hang-chinh-hang-p277386771.html?spid=277386772
276587689,Bếp hồng ngoại Arber AB363 Hàng chính hãng,1100000.0,1100000.0,0.0,0.0,0,20256,,https://tiki.vnbep-hong-ngoai-arber-ab363-hang-chinh-hang-p276587689.html?spid=276587690
276235675,Máy xay thực phẩm đa năng 2L BEAR QSJ-D03D7 (CH-4H03X),435000.0,999000.0,564000.0,0.0,0,1,,https://tiki.vnmay-xay-thuc-pham-da-nang-2l-bear-qsj-d03d7-ch-4h03x-p276235675.html?spid=276235676
275880516,Nồi lẩu hấp thủy nhiệt Mishio MK382 khay hấp inox 304 - Hàng chính hãng,854050.0,899000.0,44950.0,4.0,1,160749,,https://tiki.vnnoi-lau-hap-thuy-nhiet-mishio-mk382-khay-hap-inox-304-hang-chinh-hang-p275880516.html?spid=275880517
275567759,"Máy Hút Chân Không thực phẩm hàn miệng túi Vacuum Sealer dùng cho gia đình, hút khỏe, hết khí + Tặng 10 túi - Hàng nhập khẩu",119000.0,119000.0,0.0,4.8,4,173338,,https://tiki.vnmay-hut-chan-khong-thuc-pham-han-mieng-tui-vacuum-sealer-dung-cho-gia-dinh-hut-khoe-het-khi-tang-10-tui-hang-nhap-khau-p275567759.html?spid=275567760
275522844,"Quạt sạc tuần hoàn không khí Elmich CFE-8786, dung lượng pin lớn, hoạt động liên tục tới 10h, tạo nên luồng gió mạnh,  di chuyển linh hoạt 90° theo chiều ngang tạo luồng gió đa chiều, làm mát nhanh, dễ chịu - Hàng chính hãng",1449000.0,3684000.0,2235000.0,5.0,6,1,,https://tiki.vnquat-sac-tuan-hoan-khong-khi-elmich-cfe-8786-p275522844.html?spid=275522846
274796764,"NỒI NẤU CHẬM RUSSELL HOBBS 3,5 LIT - CHALKBOARD Nhập Đức Hàng chính hãng",2490000.0,2490000.0,0.0,0.0,0,20256,,https://tiki.vnnoi-nau-cham-russell-hobbs-3-5-lit-chalkboard-nhap-duc-hang-chinh-hang-p274796764.html?spid=274796765
274455551,Máy cạo râu du lịch Magic B-61 - Hàng chính hãng,306000.0,690000.0,384000.0,4.5,8,1,,https://tiki.vnmay-cao-rau-magic-b-61-hang-chinh-hang-p274455551.html?spid=274455552
273904473,"Nồi cơm điện áp suất kép cao tần Cuckoo 1.8L CRP-NHTR1010FGW- công nghệ áp suất xi lanh hiện đại, giúp giảm tiếng ồn- Lòng nồi phủ men Xwall độc quyền- Bảo hành 2 năm - Hàng chính hãng Cuckoovina",12349000.0,15500000.0,3151000.0,0.0,0,29960,,https://tiki.vnno-i-com-die-n-a-p-sua-t-ke-p-cao-ta-n-cuckoo-1-8l-crp-nhtr1010fgw-cong-nghe-ap-suat-xi-lanh-hien-dai-giup-giam-tieng-on-long-noi-phu-men-xwall-doc-quyen-bao-hanh-2-nam-hang-chinh-hang-cuckoovina-p273904473.html?spid=273904475
273210667,"Nồi cơm điện Cuckoo 2.0L CR-1122 Màu đỏ - Giữ ấm tối đa, lòng nồi chống dính- Phiên bản Quốc tế - Hàng chính hãng Cuckoo Vina",2449000.0,2540000.0,91000.0,0.0,0,29960,,https://tiki.vnnoi-com-dien-cuckoo-2-0l-cr-1122-mau-do-giu-am-toi-da-long-noi-chong-dinh-phien-ban-quoc-te-hang-chinh-hang-cuckoo-vina-p273210667.html?spid=273210668
272932778,"Nồi Lẩu Điện Đa Năng Mini Chống Dính Vân Đá Cao Cấp Công Suất 1000W, Nồi Điện Đa Năng Kèm Xửng Hấp Inox 28cm Dung Tích 4L Phù Hợp Cho Gia đình -Hàng Chính hãng MINIIN",169000.0,169000.0,0.0,5.0,1,134678,,https://tiki.vnnoi-lau-dien-da-nang-mini-chong-dinh-van-da-cao-cap-cong-suat-1000w-noi-dien-da-nang-kem-xung-hap-inox-28cm-dung-tich-4l-phu-hop-cho-gia-dinh-hang-chinh-hang-miniin-p272932778.html?spid=272932779
272893231,Máy Lọc Không Khí Cao Cấp Dyson Purifier Big + Quiet Formaldehyde BP03 - Hàng chính hãng,23790000.0,23790000.0,0.0,0.0,0,20256,,https://tiki.vnmay-loc-khong-khi-cao-cap-dyson-purifier-big-quiet-formaldehyde-bp03-hang-chinh-hang-p272893231.html?spid=273848573
270443460,"Máy Lọc Không Khí Xiaomi Lydsto A103 Thông Minh Tiết Kiệm Năng Lượng, Cảm Biến Đo Chất Lượng Không Khí - Hàng Chính Hãng",6359000.0,6359000.0,0.0,5.0,2,193366,,https://tiki.vnloi-loc-khong-khi-xiaomi-air-purifier-4-lite-3-lop-loc-hepa-khu-mui-hang-chinh-hang-p270443460.html?spid=196906583
194861441,"Máy Hút Chân Không CASO VC10 Cao Cấp, Thiết Kế Sang Trọng, Lực Hút 0.8 Bar, Công Suất 110W - Hàng Chính Hãng",1890000.0,1890000.0,0.0,5.0,1,20256,,https://tiki.vnmay-hut-chan-khong-caso-vc10-cao-cap-thiet-ke-sang-trong-luc-hut-0-8-bar-cong-suat-110w-hang-chinh-hang-p194861441.html?spid=201677898
179074046,Bình đun siêu tốc Hafele HS-K1703X 1.7L (535.43.733) (Hàng chính hãng),830000.0,830000.0,0.0,5.0,3,166173,,https://tiki.vnbinh-dun-sieu-toc-hafele-hs-k1703x-1-7l-535-43-733-hang-chinh-hang-p179074046.html?spid=179074047
177750807,"Máy Lọc Nước Nóng Lạnh 3M Full Models Chuẩn Nước Uống Trực Tiếp, Hiệu Suất 100% - Bộ Lọc Nhập Khẩu Mỹ, Hàng Chính Hãng",10900000.0,10900000.0,0.0,5.0,3,270160,,https://tiki.vnmien-phi-lap-dat-may-loc-nuoc-uong-truc-tiep-nong-lanh-nguoi-cay-dung-3m-su-dung-3m-brew120-ms-ff100-ice140-s-cho-gia-dinh-van-phong-co-quan-nha-may-xi-nghiep-co-ban-loi-thay-the-hang-chinh-hang-3m-p177750807.html?spid=177750817
176509785,"Máy Sấy Tóc Mini Gấp Gọn Besti Cao Cấp, Công Suất Lớn, Động Cơ Êm Ái, Ổn Định, Tặng Đầu Sấy Tạo Kiểu Tóc Chuyên Nghiệp - Hàng Chính Hãng",165000.0,165000.0,0.0,5.0,35,277179,,https://tiki.vnmay-say-toc-mini-gap-gon-tao-kieu-toc-chuyen-nghiep-cong-suat-lon-may-say-toc-cao-cap-dong-co-em-ai-on-dinh-hang-chinh-hang-besti-p176509785.html?spid=176509786
174878928,Máy xay sinh tố Panasonic MX-EX1011WRA (2 cối) - Công suất 450W - 1L - Lưỡi dao thép không gỉ - Cối nhựa kháng vỡ - Hàng chính hãng,890000.0,890000.0,0.0,0.0,0,184067,,https://tiki.vnmay-xay-sinh-to-panasonic-mx-ex1011wra-2-coi-cong-suat-450w-1l-luoi-dao-thep-khong-gi-coi-nhua-khang-vo-hang-chinh-hang-p174878928.html?spid=208779795
172319461,Máy Uốn Tóc Làm Xoăn Xoay Tự Động 360 Độ Hàng FULL BOX Chính Hãng MINIIN - Tặng Máy Ép Tóc ,133590.0,133590.0,0.0,0.0,0,134678,,https://tiki.vnmay-uon-toc-lam-xoan-xoay-tu-dong-360-do-hang-full-box-chinh-hang-miniin-tang-may-ep-toc-p172319461.html?spid=172319462
155762175,Máy trộn bột và đánh trứng 5 tốc độ đánh thương hiệu DSP KM3007 - Dung tích 5 lít - Công suất 1200W - Hàng Nhập Khẩu,2040000.0,2040000.0,0.0,0.0,0,256950,,https://tiki.vnmay-tron-bot-va-danh-trung-5-toc-do-danh-thuong-hieu-dsp-km3007-dung-tich-5-lit-cong-suat-1200w-hang-nhap-khau-p155762175.html?spid=155762179
140953231,[Loại Tốt] Máy Xay Thịt KhoNCC Hàng Chính Hãng - Dùng Cả Rau Củ - Cá Tôm - Chất Liệu Inox 304 - Công Suất 250W - Dung tích 2 Lít - KLM-MXT2L,259000.0,259000.0,0.0,0.0,0,762,,https://tiki.vnloai-tot-may-xay-thit-khoncc-hang-chinh-hang-dung-ca-rau-cu-ca-tom-chat-lieu-inox-304-cong-suat-250w-dung-tich-2-lit-klm-mxt2l-p140953231.html?spid=140953232
126131828,"Máy cạo râu lưỡi kép 3 mức tốc độ Kemei KM-2026 màn hình LCD, công suất 5w mạnh mẽ dùng cạo trắng fade tóc, cạo trọc đầu tặng kèm lưỡi dự phòng",599000.0,599000.0,0.0,5.0,7,110704,,https://tiki.vnmay-cao-rau-luoi-kep-3-muc-toc-do-kemei-km-2026-man-hinh-lcd-cong-suat-5w-manh-me-dung-cao-trang-fade-toc-cao-troc-dau-tang-kem-luoi-du-phong-p126131828.html?spid=126131831
70836382,Bếp nướng điện SUNHOUSE SHD4607- 1500W (Hàng Loại A) - Chính Hãng,329000.0,329000.0,0.0,5.0,1,247324,,https://tiki.vnbep-nuo-ng-die-n-sunhouse-shd4607-1500w-hang-loai-a-chinh-hang-p70836382.html?spid=273413306
50722604,Máy hút bụi cầm tay mini Deerma DX118C dung tích bình chứa bụi 1.2L - Hàng chính hãng,478000.0,478000.0,0.0,4.6,17,102401,,https://tiki.vnmay-hut-bui-cam-tay-mini-deerma-dx118c-dung-tich-binh-chua-bui-1-2l-hang-chinh-hang-p50722604.html?spid=51959780
35188335,Máy làm lạnh công suất 1/6 HP - Hàng chính hãng,2099000.0,2099000.0,0.0,4.5,2,67505,,https://tiki.vnmay-lam-lanh-cong-suat-1-6-hp-hang-chinh-hang-p35188335.html?spid=35188336
25172366,Máy pha cà phê Tiross TS6211 - Hàng Chính Hãng,2499000.0,2499000.0,0.0,1.0,1,99996,,https://tiki.vnmay-pha-ca-phe-tiross-ts6211-hang-chinh-hang-p25172366.html?spid=48301555
15245304,Lò Vi Sóng Cơ Sharp R-31A2VN-S (23 Lít) - Hàng chính hãng,1786000.0,2300000.0,514000.0,4.6,39,1,,https://tiki.vnlo-vi-song-co-sharp-r-31a2vn-s-23-lit-hang-chinh-hang-p15245304.html?spid=15245305
13444273,Quạt điều khiển Senko TH-TR1628 - Hàng chính hãng,539000.0,539000.0,0.0,5.0,13,187775,,https://tiki.vnquat-dieu-khien-senko-th-tr1628-hang-chinh-hang-p13444273.html?spid=101825458
3576359,Cây Nước Nóng Lạnh Toshiba RWF-W1664TV(K1) 670W - Hàng chính hãng,3189000.0,4090000.0,901000.0,4.5,288,1,,https://tiki.vncay-nuoc-nong-lanh-toshiba-rwf-w1664tv-k1-670w-hang-chinh-hang-p3576359.html?spid=3576361
900796,Nồi Cơm Điện Tử Kangaroo KG595 (1.8L) - Đen- Hàng chính hãng,1430000.0,2306000.0,876000.0,5.0,13,1,,https://tiki.vnnoi-com-dien-tu-kangaroo-kg595-1-8l-den-hang-chinh-hang-p900796.html?spid=911204
792592,Siêu Sắc Thuốc Tự Động Trường Thọ BA 2086 - Xanh (2.8L)- Hãng chính hãng,264000.0,264000.0,0.0,0.0,0,69337,,https://tiki.vnsieu-sac-thuoc-tu-dong-truong-tho-ba-2086-xanh-2-8l-hang-chinh-hang-p792592.html?spid=56030140
466383,Máy Xay Cà Phê Tiross TS532 (150W) - Hàng chính hãng,539000.0,539000.0,0.0,5.0,2,99996,,https://tiki.vnmay-xay-ca-phe-tiross-ts532-150w-hang-chinh-hang-p466383.html?spid=45876844
278843178,Nồi Lẩu Điện Đa Năng Magic A-042 Hàng chính hãng,880000.0,880000.0,0.0,0.0,0,20256,,https://tiki.vnnoi-lau-dien-da-nang-magic-a-042-hang-chinh-hang-p278843178.html?spid=278843180
278827486,Nồi Chiên Hấp Đa Năng OLIVO SF1600 Hàng chính hãng,6190000.0,6190000.0,0.0,0.0,0,20256,,https://tiki.vnnoi-chien-hap-da-nang-olivo-sf1600-hang-chinh-hang-p278827486.html?spid=278827487
278732915,Nồi cơm điện Philips HD4719/32 1.8 lít - Hàng chính hãng,1990000.0,1990000.0,0.0,0.0,0,255891,,https://tiki.vnnoi-com-dien-philips-hd4719-32-1-8-lit-hang-chinh-hang-p278732915.html?spid=278732916
278692476,Máy xay thịt KitchenAid 5KFC0516EO hàng chính hãng,3950000.0,3950000.0,0.0,0.0,0,20256,,https://tiki.vnmay-xay-thit-kitchenaid-5kfc0516eo-hang-chinh-hang-p278692476.html?spid=278692477
278682202,"Bếp lẩu, nướng điện 2 trong 1 - KUC012607 - Hàng Chính Hãng",620000.0,914000.0,294000.0,0.0,0,1,,https://tiki.vnbep-lau-nuong-dien-2-trong-1-kuc012607-hang-chinh-hang-p278682202.html?spid=278682203
278131273,Quạt tích điện cầm tay USB Tiross TS3427 - Hàng chính hãng,499000.0,499000.0,0.0,0.0,0,99996,,https://tiki.vnquat-tich-dien-cam-tay-usb-tiross-ts3427-hang-chinh-hang-p278131273.html?spid=278131274
278061149,"Quạt cầm tay turbo mini siêu mát Pin trâu 5000 mAh, nhỏ gọn linh hoạt hiệu WARMCO - 100 chế độ gió, dùng liên tục 18h (tùy mức gió), thiết kế đẹp, bền - hàng nhập khẩu",389000.0,389000.0,0.0,5.0,2,178422,,https://tiki.vnquat-cam-tay-turbo-mini-sieu-mat-pin-trau-5000-mah-nho-gon-linh-hoat-hieu-warmco-100-che-do-gio-dung-lien-tuc-18h-tuy-muc-gio-thiet-ke-dep-ben-hang-nhap-khau-p278061149.html?spid=278061153
277386592,Máy sấy hoa quả TS9685- Hàng chính hãng,4399000.0,4399000.0,0.0,0.0,0,99996,,https://tiki.vnmay-say-hoa-qua-ts9685-hang-chinh-hang-p277386592.html?spid=277386593
276932440,Bình Thủy Điện SRAPP SH-PD4875 4.8L - Hàng Chính Hãng,900000.0,900000.0,0.0,0.0,0,11119,,https://tiki.vnbinh-thuy-dien-srapp-sh-pd4875-4-8l-hang-chinh-hang-p276932440.html?spid=276932441
276809821,"Máy Xay Mini Mishio MK389 - Dung Tích 0.8L, Xay Đồ Ăn Dặm, Gia Vị, Đồ Khô, Công Suất 250W Mạnh Mẽ - Hàng chính hãng",239200.0,299000.0,59800.0,0.0,0,160749,,https://tiki.vnmay-xay-mini-mishio-mk389-dung-tich-0-8l-xay-do-an-dam-gia-vi-do-kho-cong-suat-250w-manh-me-hang-chinh-hang-p276809821.html?spid=276809822
276691277,Quạt Điều Hòa Hơi Nước Mini Quạt Tích Điện Phun Sương 3 Chế Độ Kiêm Đèn Ngủ Led 7 Màu Chế độ Hẹn Giờ Thông Minh Hàng CHÍNH Hãng,218000.0,218000.0,0.0,0.0,0,35488,,https://tiki.vnquat-dieu-hoa-hoi-nuoc-mini-quat-tich-dien-phun-suong-3-che-do-kiem-den-ngu-led-7-mau-che-do-hen-gio-thong-minh-hang-nhap-khau-p276691277.html?spid=276702423
276258257,Bình Thủy Điện NASHORN HW1300 Hàng chính hãng,2190000.0,2190000.0,0.0,0.0,0,20256,,https://tiki.vnbinh-thuy-dien-nashorn-hw1300-hang-chinh-hang-p276258257.html?spid=276258258
276236266,Nồi Nấu Đa Năng Mishio MK321 Dung Tích 1.5L Dành Cho 1-2 Người - Hàng Chính Hãng - Màu Đen,379050.0,399000.0,19950.0,4.8,5,160749,,https://tiki.vnnoi-nau-da-nang-mishio-mk321-dung-tich-1-5l-danh-cho-1-2-nguoi-hang-chinh-hang-p276236266.html?spid=174820905
276235649,Nồi cơm điện Bear DFB-C40K6 (RC-4H40E) - Hàng chính hãng,926000.0,1990000.0,1064000.0,0.0,0,1,,https://tiki.vnnoi-com-dien-bear-dfb-c40k6-hang-chinh-hang-p276235649.html?spid=276235653
275710218,"Quạt ốp trần mẫu mới không cánh quay 180 độ, ốp sát trần thế hệ mới, lắp cho phòng khách - phòng ngủ, hàng chính hãng Klasse KL126",1550000.0,1550000.0,0.0,5.0,1,151570,,https://tiki.vnquat-op-tran-mau-moi-khong-canh-quay-180-do-op-sat-tran-the-he-moi-lap-cho-phong-khach-phong-ngu-hang-chinh-hang-klasse-kl126-p275710218.html?spid=275710223
275630365,"Quạt tích điện DELADEP QDB07 để bàn hoặc treo tường xoay 120°, có điều khiển, điều chỉnh đa góc, có thể gấp gọn, 5 cánh 3 mức gió siêu mát - Hàng nhập khẩu",389000.0,389000.0,0.0,5.0,3,173338,,https://tiki.vnquat-tich-dien-deladep-qdb07-de-ban-hoac-treo-tuong-xoay-120-co-dieu-khien-dieu-chinh-da-goc-co-the-gap-gon-5-canh-3-muc-gio-sieu-mat-hang-nhap-khau-p275630365.html?spid=275630369
275537894,Máy Sấy Bát Diệt Khuẩn UV 58L-350W Cao Cấp Model DD99 Hàng Chính Hãng KALPEN Bảo Hành 2 Năm,2680000.0,2680000.0,0.0,0.0,0,202738,,https://tiki.vnmay-say-bat-diet-khuan-uv-cao-cap-hang-chinh-hang-kalpen-dd99-p275537894.html?spid=275537895
275188856,"Máy ép chậm PHILEO PH-266,Hàn Quốc Hàng chính hãng",1790000.0,1790000.0,0.0,0.0,0,20256,,https://tiki.vnmay-ep-cham-phileo-ph-266-han-quoc-hang-chinh-hang-p275188856.html?spid=275188857
275043009,Máy Làm Sữa Hạt Đa Năng BlueStone BLB-6037 1.75 Lít 800W - Hàng Chính Hãng,3599000.0,3599000.0,0.0,0.0,0,253296,,https://tiki.vnmay-lam-sua-hat-da-nang-bluestone-blb-6037-1-75-lit-800w-p275043009.html?spid=275043010
273505532,"Nồi Áp Suất Điện Đa Năng INSTANT POT DUO 60 V5 7-in-1, Dung Tích 5.7L - Hàng Chính Hãng",3390000.0,3390000.0,0.0,0.0,0,20256,,https://tiki.vnnoi-ap-suat-dien-da-nang-instant-pot-duo-60-v5-7-in-1-dung-tich-5-7l-hang-chinh-hang-p273505532.html?spid=273847037
252759303,Máy Đánh Trứng Sữa Tạo Bọt Cafe Cầm Tay Mini Pin Sạc Cao Cấp miDoctor - Hàng Chính Hãng,109000.0,109000.0,0.0,0.0,0,55591,,https://tiki.vnmay-danh-trung-sua-tao-bot-cafe-cam-tay-mini-pin-sac-cao-cap-midoctor-hang-chinh-hang-p252759303.html?spid=252759309
208648919,Ấm Siêu Tốc Thủy Tinh Cao Cấp COOKDD  MINIIN 2 Lít Model GD -ST16 - Bình Siêu Tốc Có Đèn Led Tự Ngắt Khi Sôi - Hàng Chính Hãng,149000.0,149000.0,0.0,3.0,2,134678,,https://tiki.vnam-sieu-toc-thuy-tinh-cao-cap-cookdd-miniin-2-lit-model-gd-st16-binh-sieu-toc-co-den-led-tu-ngat-khi-soi-hang-chinh-hang-p208648919.html?spid=208648921
207356911,"Bàn ủi điện Ladomax công suất 1200W, bàn là khô đế nhôm chống dính HA-226 - Hàng Chính Hãng",172000.0,172000.0,0.0,0.0,0,203158,,https://tiki.vnban-ui-dien-ladomax-cong-suat-1200w-ban-la-kho-de-nhom-chong-dinh-ha-226-hang-chinh-hang-p207356911.html?spid=207356913
185225505,"Máy Hút Bụi Không Dây DR79 - Pin 4000 mAh, Lực Hút 9000 Pa - Máy Hút Bụi Giường Nệm, Ô Tô, Máy Tính/PC - Hàng Chính Hãng",298000.0,298000.0,0.0,0.0,0,154892,,https://tiki.vnmay-hut-bui-khong-day-dr79-pin-4000-mah-luc-hut-9000-pa-may-hut-bui-giuong-nem-o-to-may-tinh-pc-hang-chinh-hang-p185225505.html?spid=185225513
177196991,"Máy uốn xoăn là tóc đa năng Enchen Enrollor uốn duỗi tự động, bổ sung Ion",279000.0,279000.0,0.0,0.0,0,281420,,https://tiki.vnmay-uon-xoan-la-toc-da-nang-enchen-enrollor-uon-duoi-tu-dong-bo-sung-ion-p177196991.html?spid=177196994
175426049,Cây nước Nóng Lạnh Nguội Nano Geyser ECO 7 - Hàng Chính Hãng,12900000.0,12900000.0,0.0,0.0,0,279168,,https://tiki.vncay-nuoc-nong-lanh-nguoi-nano-geyser-eco-7-hang-chinh-hang-p175426049.html?spid=175426051
174415441,Máy cạo râu Philips S1301/02 - Hàng chính hãng,999000.0,1290000.0,291000.0,5.0,1,162514,,https://tiki.vnmay-cao-rau-philips-s1301-02-hang-chinh-hang-p174415441.html?spid=174415442
163552503,"Máy Hàn Miệng Túi FS-200 – Giúp Bảo Quản Thực Vật Tươi Lâu Hơn, Áp Dụng Phổ Biến Trong Đời Sống – Hàng Chính Hãng MINIIN",285000.0,285000.0,0.0,4.8,17,134678,,https://tiki.vnmay-han-mieng-tui-fs-200-giup-bao-quan-thuc-vat-tuoi-lau-hon-ap-dung-pho-bien-trong-doi-song-hang-chinh-hang-miniin-p163552503.html?spid=163552504
118860017,Máy hút bụi cầm tay không dây Xiaomi Deerma VC20 Plus [Bản quốc tế] - Hàng chính hãng,1650000.0,1650000.0,0.0,4.5,2,20256,,https://tiki.vnmay-hut-bui-cam-tay-khong-day-xiaomi-deerma-vc20-plus-ban-quoc-te-p118860017.html?spid=225956822
106317461,Quạt Treo 2 dây Asia Vina L16018 - Hàng Chính Hãng,640000.0,640000.0,0.0,5.0,5,187775,,https://tiki.vnquat-treo-2-day-asia-vina-l16018-hang-chinh-hang-p106317461.html?spid=106317462
89691201,Máy Cạo Râu Enchen BlackStone 3 chống nước - Pin sạc siêu bền,395000.0,395000.0,0.0,4.0,2,16996,,https://tiki.vnmay-cao-rau-enchen-blackstone-3-chong-nuoc-pin-sac-sieu-ben-p89691201.html?spid=247858536
81126237,Máy lọc không khí AP1210 - Hàng chính hãng,2500000.0,2500000.0,0.0,0.0,0,168344,,https://tiki.vnmay-loc-khong-khi-ap1210-hang-chinh-hang-p81126237.html?spid=81126238
63859261,BẾP GAS ĐÔI ZENNE KGS 204 NHẬP KHẨU MALAYSIA – MẶT BẾP INOX - NGỌN LỬA MẠNH VÀ HỘI TỤ - TIẾT KIỆM GAS,1700000.0,1734000.0,34000.0,0.0,0,1281,,https://tiki.vnbep-gas-doi-zenne-kgs-205-hang-nhap-khau-p63859261.html?spid=63859262
58981749,"Máy hút bụi khô và ướt HiClean HC30 (thùng inox chống gỉ, dung tích 30L) - Hàng chính hãng",2454000.0,2475000.0,21000.0,4.7,19,1764,,https://tiki.vnmay-hut-bui-kho-va-uot-hiclean-hc30-thung-inox-chong-gi-dung-tich-30l-hang-chinh-hang-p58981749.html?spid=58981750
44354865,Máy hút bụi không dây LAHEINE model LHNG - 7001- Hàng chính hãng,4520000.0,4520000.0,0.0,5.0,4,78255,,https://tiki.vnmay-hut-bui-khong-day-model-laheine-lhng-7001-p44354865.html?spid=44354866
1733783,Quạt Bàn Mini Senko B102 (28W) - Tím Khoai Môn - Hàng Chính Hãng,250000.0,250000.0,0.0,4.5,4,187775,,https://tiki.vnquat-ban-mini-senko-b102-28w-tim-khoai-mon-hang-chinh-hang-p1733783.html?spid=101854934
1272011,Máy Pha Cà Phê Espresso Delonghi ECP31.21 (1100W) - Đen - Hàng Chính Hãng,4790000.0,4790000.0,0.0,0.0,0,20256,,https://tiki.vnmay-pha-ca-phe-espresso-delonghi-ecp31-21-1100w-den-hang-chinh-hang-p1272011.html?spid=191449752
950589,Lò Vi Sóng Panasonic NN-CT36HBYUE (1100W) - Hàng Chính Hãng,4273000.0,5190000.0,917000.0,5.0,24,1,,https://tiki.vnlo-vi-song-panasonic-nn-ct36hbyue-1100w-hang-chinh-hang-p950589.html?spid=982829
512829,Bếp Gas Âm Rinnai RVB-212BG - Đen- Hãng chính hãng,3768950.0,3768950.0,0.0,4.6,11,389,,https://tiki.vnbep-gas-am-rinnai-rvb-212bg-den-hang-chinh-hang-p512829.html?spid=759439
374109,Nồi Cơm Điện Cuckoo CR-1021 - 1.8L - Hàng Chính Hãng,1485000.0,2310000.0,825000.0,4.5,10,1,,https://tiki.vnnoi-com-dien-cuckoo-cr-1021-1-8l-hang-chinh-hang-p374109.html?spid=72149
277988553,"Quạt hút thông gió gắn tường JY-100 TP, JY-150TP, JY-20TP, JY25TP, JY-30 TP 20W - 45W Đài Loan, Bảo hành 2 năm hàng chính hãng",368400.0,368400.0,0.0,0.0,0,357842,,https://tiki.vnquat-hut-thong-gio-gan-tuong-jy-100-tp-jy-150tp-jy-20tp-jy25tp-jy-30-tp-20w-45w-dai-loan-bao-hanh-2-nam-hang-chinh-hang-p277988553.html?spid=277988555
277481660,Máy Sưởi dầu 13 thanh TIROSS TS926 - Hàng Chính Hãng,3299000.0,3299000.0,0.0,0.0,0,99996,,https://tiki.vnmay-suoi-dau-13-thanh-tiross-ts926-hang-chinh-hang-p277481660.html?spid=277481661
276821753,"Máy sấy thực phẩm chuyên nghiệp dung tích 16.2 lít, 8 khay Thương hiệu Mỹ cao cấp Septree DBC-08A01 - Hàng Nhập Khẩu (BH 1 NĂM)",3707000.0,3707000.0,0.0,0.0,0,112137,,https://tiki.vnmay-say-thuc-pham-chuyen-nghiep-dung-tich-16-2-lit-8-khay-thuong-hieu-my-cao-cap-septree-dbc-08a01-hang-nhap-khau-bh-1-nam-p276821753.html?spid=276821754
276493058,Bếp Hồng Ngoại Đơn Sanaky VH-3100HG- Hàng chính hãng,690000.0,690000.0,0.0,0.0,0,58892,,https://tiki.vnbep-hong-ngoai-don-sanaky-vh-3100hg-hang-chinh-hang-p276493058.html?spid=276493059
276123138,"Máy pha cà phê tự động Gaggia Accademia, xuất xứ Ý - Hàng chính hãng",69680000.0,69680000.0,0.0,0.0,0,6910,,https://tiki.vnmay-pha-ca-phe-gaggia-accademia-hang-chinh-hang-p276123138.html?spid=276123141
275943159,"Quạt cầm tay mini siêu mát Rhino F301 tích điện với 3 mức độ gió, lưu lượng cao kèm dây treo - Hàng chính hãng",189000.0,189000.0,0.0,5.0,4,125741,,https://tiki.vnquat-cam-tay-mini-sieu-mat-rhino-f301-tich-dien-voi-3-muc-do-gio-luu-luong-cao-kem-day-treo-hang-chinh-hang-p275943159.html?spid=275943163
275816125,Máy Xay Sinh Tố Công Suất Cao HUROM HÀN QUỐC - Hàng Chính Hãng,1950000.0,1950000.0,0.0,0.0,0,9652,,https://tiki.vnmay-xay-sinh-to-cong-suat-cao-hurom-han-quoc-hang-chinh-hang-p275816125.html?spid=275815849
275354604,Máy Nướng Bánh Mì Sandwich Đa Năng Dễ Sử Dụng - Hàng nhập khẩu,335000.0,335000.0,0.0,0.0,0,100773,,https://tiki.vnmay-nuong-banh-mi-sandwich-da-nang-de-su-dung-p275354604.html?spid=275354605
275111168,"Máy phun sương tinh dầu Rhino H603 tạo ẩm 5 chế độ, tích điện, nhỏ gọn, tích hợp đèn LED - Hàng chính hãng",25000.0,25000.0,0.0,0.0,0,125741,,https://tiki.vnmay-phun-suong-tinh-dau-rhino-h603-tao-am-5-che-do-tich-dien-nho-gon-tich-hop-den-led-hang-chinh-hang-p275111168.html?spid=275111172
274959180,"Nồi điện đa năng Bianco LocknLock EJP134IVY (5 lít), EJP124IVY (3 lít), Hàng Chính Hãng, Nấu nhanh, Phủ men sứ - JoyMall",1396800.0,1552000.0,155200.0,5.0,2,38510,,https://tiki.vnnoi-dien-da-nang-bianco-locknlock-ejp134ivy-5-lit-ejp124ivy-3-lit-hang-chinh-hang-nau-nhanh-phu-men-su-joymall-p274959180.html?spid=274959182
274751204,"Máy sấy quần áo gấp gọn khử trùng Sothing Yangzi, tủ sấy quần áo công nghệ sấy 3D, 2 chế độ sấy- Hàng chính hãng",486000.0,486000.0,0.0,5.0,1,173338,,https://tiki.vnmay-say-quan-ao-gap-gon-khu-trung-sothing-yangzi-tu-say-quan-ao-cong-nghe-say-3d-2-che-do-say-hang-chinh-hang-p274751204.html?spid=275203603
273912981,"Máy sấy thực phẩm chuyên nghiệp dung tích 100 lít, 16 khay thương hiệu Mỹ cao cấp Septree ST-02 - Hàng Nhập Khẩu",7923000.0,7923000.0,0.0,0.0,0,112115,,https://tiki.vnmay-say-thuc-pham-chuyen-nghiep-dung-tich-100-lit-16-khay-thuong-hieu-my-cao-cap-septree-st-02-hang-nhap-khau-p273912981.html?spid=273912982
273562075,Bếp gas dương Rinnai RV-660(S) mặt bếp inox và kiềng bếp men - Hàng chính hãng.,1562000.0,1562000.0,0.0,0.0,0,349062,,https://tiki.vnbep-gas-duong-rinnai-rv-660-s-mat-bep-inox-va-kieng-bep-men-hang-chinh-hang-p273562075.html?spid=273562076
273270266,"Lò vi sóng Toshiba MWP-MM20P(WH) - Dung tích 20 lít, 5 mức công suất, Kết hợp chống thấm 3 lớp, Kháng khuẩn bên trong lò - Hàng chính hãng - Bảo hành 12 tháng, chất lượng Nhật Bản",1299000.0,1890000.0,591000.0,4.8,18,345161,,https://tiki.vnlo-vi-song-toshiba-mwp-mm20p-wh-dung-tich-20-lit-5-muc-cong-suat-ket-hop-chong-tham-3-lop-khang-khuan-ben-trong-lo-hang-chinh-hang-bao-hanh-12-thang-chat-luong-nhat-ban-p273270266.html?spid=273270267
272968537,"Cây nước nóng lạnh Toshiba RWF-W1669BV (W1) - Bình âm dưới, Làm lạnh bằng Block, Công nghệ Ice cold - Hàng chính hãng, Bảo hành 12 tháng chính hãng",4199000.0,5290000.0,1091000.0,0.0,0,345161,,https://tiki.vncay-nuoc-nong-lanh-toshiba-rwf-w1669bv-w1-co-khoang-chua-dung-ly-tach-khoa-voi-nuoc-nong-thiet-ke-binh-am-trong-tu-hang-chinh-hang-bao-hanh-12-thang-chinh-hang-p272968537.html?spid=272968538
272881368,"Nồi cơm cao tần Toshiba RC-18IP1PV - 1.8L - Lòng nồi dày 3mm chống dính, Công nghệ cao tần IH 1300W + nhiệt 3D, Chế độ điều chỉnh độ mềm của cơm, Hẹn giờ nấu- Hàng chính hãng, bảo hành 12 tháng",3939000.0,4290000.0,351000.0,5.0,1,345161,,https://tiki.vnnoi-com-cao-tan-toshiba-rc-18ip1pv-1-8l-long-noi-day-3mm-chong-dinh-cong-nghe-cao-tan-ih-1300w-nhiet-3d-che-do-dieu-chinh-do-mem-cua-com-hen-gio-nau-hang-chinh-hang-bao-hanh-12-thang-p272881368.html?spid=272881376
272192247,NỒI ÁP SUẤT ĐIỆN INSTANT POT 13 IN 1 BẢN CAO CẤP NHẤT Hàng chính hãng,4590000.0,4590000.0,0.0,0.0,0,20256,,https://tiki.vnnoi-ap-suat-da-nang-ket-hop-chien-khong-dau-instant-pot-duo-crisp-11-in-1-6-quart-5-7l-hang-chinh-hang-p272192247.html?spid=272192248
271390179,Máy lọc không khí chống dị ứng thú cưng Levoit Vital 200S - Hàng Chính Hãng,4990000.0,4990000.0,0.0,0.0,0,173925,,https://tiki.vnmay-loc-khong-khi-chong-di-ung-thu-cung-levoit-vital-200s-hang-chinh-hang-p271390179.html?spid=271390180
213564222,Bếp từ đôi Elmich ICE-3495OL - Hàng chính hãng,4235000.0,11364000.0,7129000.0,4.7,6,1,,https://tiki.vnbep-tu-doi-elmich-ice-3495ol-hang-chinh-hang-p213564222.html?spid=213564223
212580561,Nồi cơm điện Tiger JNP 1800- HÀNG CHÍNH HÃNG,2490000.0,2490000.0,0.0,0.0,0,18190,,https://tiki.vnnoi-com-dien-tiger-jnp-1800-p212580561.html?spid=212580565
204310795,Máy xay sinh tố Locknlock Multi Blender EJM416WHT (800W) - Hàng chính hãng,1793600.0,2920000.0,1126400.0,4.8,59,1,,https://tiki.vnmay-xay-sinh-to-locknlock-multi-blender-ejm416wht-800w-hang-chinh-hang-p204310795.html?spid=204310796
192683747,Máy làm bánh kẹp tàn ong Waffle Sandwich Hotdog 3 trong 1 Tiross TS513 - Hàng chính hãng,729000.0,729000.0,0.0,4.0,1,5806,,https://tiki.vnmay-lam-banh-kep-tan-ong-waffle-sandwich-hotdog-3-trong-1-tiross-ts513-hang-chinh-hang-p192683747.html?spid=192683748
186364108,Nồi Chiên Không Dầu Elegant AF529T Kiêm Lò Nướng Không Dầu Dung Tích 14L - Hàng chính hãng,4790000.0,4790000.0,0.0,0.0,0,20256,,https://tiki.vnnoi-chien-khong-dau-elegant-af529t-kiem-lo-nuong-khong-dau-dung-tich-14l-hang-chinh-hang-p186364108.html?spid=192698491
178951574,Bình đun siêu tốc Bennix BN-008EK - 950W 0.8L- Hàng chính hãng,379050.0,399000.0,19950.0,0.0,0,125683,,https://tiki.vnbinh-dun-sieu-toc-bennix-bn-008ek-950w-0-8l-hang-chinh-hang-p178951574.html?spid=189588200
177794805,"Ấm Đun Nước Bằng Thủy Tinh LocknLock, 1850-2200W- Dung Tích 1.7L EJK432  Có Đèn Sáng Khi Sử Dụng",460000.0,920000.0,460000.0,0.0,0,88331,,https://tiki.vnam-dun-nuoc-bang-thuy-tinh-locknlock-1850-2200w-dung-tich-1-7l-ejk432-co-den-sang-khi-dun-nuoc-bao-hanh-chinh-hang-12-thang-p177794805.html?spid=275412980
171894493,Máy cạo râu Philips PQ206/18 - Hàng chính hãng,489000.0,495000.0,6000.0,4.0,14,162514,,https://tiki.vnmay-cao-rau-philips-pq206-18-hang-chinh-hang-p171894493.html?spid=171894494
169933538,Nồi Cơm Điện Eaststar 538 (1.2 lít) - Màu Ngẫu Nhiên - Hàng Chính Hãng,658000.0,658000.0,0.0,5.0,2,11119,,https://tiki.vnnoi-com-dien-eaststar-538-1-2-lit-mau-ngau-nhien-hang-chinh-hang-p169933538.html?spid=169933539
166647486,"Máy xay đă năng 3 trong 1 BEAR BL-B10V2 xay thịt, hoa quả, nhanh chóng, tiện lợi - Hàng nhập khẩu",578000.0,890000.0,312000.0,5.0,1,1,,https://tiki.vnmay-xay-da-nang-3-trong-1-bear-bl-b10v2-xay-thit-hoa-qua-nhanh-chong-tien-loi-hang-nhap-khau-p166647486.html?spid=253364802
152549316,"Máy sưởi ấm mùa đông mini Rhino W201 - quạt sưởi tiểu quỷ để bàn văn phòng, kèm bộ sticker cảm xúc tùy chỉnh - Hàng chính hãng",189000.0,189000.0,0.0,1.0,1,125741,,https://tiki.vnmay-suoi-am-mua-dong-mini-rhino-w201-quat-suoi-tieu-quy-de-ban-van-phong-kem-bo-sticker-cam-xuc-tuy-chinh-hang-chinh-hang-p152549316.html?spid=152549318
150736619,Tủ Nấu Cơm Điện 4 Khay Nấu 08 Kg Gạo Chính Hãng Việt Nam,5400000.0,5400000.0,0.0,0.0,0,207730,,https://tiki.vntu-nau-com-dien-4-khay-nau-08-kg-ga-o-hang-viet-nam-p150736619.html?spid=150736620
129277947,Máy Tạo Khí Ozone Khử Độc Duyệt Khuẩn YoKo  ( Hàng Nhập Khẩu),3990000.0,3990000.0,0.0,0.0,0,230649,,https://tiki.vnmay-tao-khi-ozone-khu-doc-duyet-khuan-yoko-hang-nhap-khau-p129277947.html?spid=129277948
102432143,Ấm Đun Siêu Tốc Inox 2 Lớp Sunhouse SHD1351 (1.8 Lít) - Hàng Chính Hãng,286000.0,286000.0,0.0,4.3,6,173338,,https://tiki.vnam-dun-sieu-toc-inox-2-lop-sunhouse-shd1351-1-8-lit-hang-chinh-hang-p102432143.html?spid=169581116
92492872,Nồi Chiên Không Dầu Điện Tử Philips HD9270/90 (6.2 Lít)  - Hàng Chính Hãng,3898800.0,3898800.0,0.0,4.8,32,138278,,https://tiki.vnnoi-chien-khong-dau-dien-tu-philips-6-2l-hd9270-90-1-2kg-hang-chinh-hang-p92492872.html?spid=92492873
81090475,Robot hút bụi K187 tương thích Tuya điều khiển qua điện thoại - Hàng chính hãng ,4800000.0,4800000.0,0.0,0.0,0,168344,,https://tiki.vnrobot-hut-bui-k187-tuong-thich-tuya-dieu-khien-qua-dien-thoai-hang-chinh-hang-p81090475.html?spid=81090476
48076547,Combo 7 lõi lọc nước dành cho máy lọc  Karofi 7 cấp ( Lõi 123+RO+Mineral+Gac T33+Nanosilver) ( Hàng chính hãng),1100000.0,1100000.0,0.0,4.6,20,119072,,https://tiki.vncombo-7-loi-loc-nuoc-danh-cho-may-loc-karofi-7-cap-loi-123-ro-mineral-gac-t33-nanosilver-hang-chinh-hang-p48076547.html?spid=66108717
40753265, Bộ Lọc Nước KITZ OSSC-7,4000000.0,4000000.0,0.0,0.0,0,2083,,https://tiki.vnbo-loc-nuoc-kitz-ossc-7-p40753265.html?spid=40753266
29868820,LÒ NƯỚNG SANAKY VH-309S2D/N2D,1320000.0,1320000.0,0.0,4.3,7,58892,,https://tiki.vnlo-nuong-sanaky-vh-309s2d-n2d-p29868820.html?spid=29868821
25560661,Máy Làm Kem Steba IC30 (1.5L) Màu Ngẫu Nhiên - Hàng Chính Hãng,2790000.0,2790000.0,0.0,0.0,0,20256,,https://tiki.vnmay-lam-kem-steba-ic30-1-5l-mau-ngau-nhien-hang-chinh-hang-p25560661.html?spid=201175934
792626,Siêu Sắc Thuốc Tự Động Trường Thọ BA 2086 - Nâu (2.8L) - Hàng Chính Hãng,264000.0,264000.0,0.0,4.0,1,69337,,https://tiki.vnsieu-sac-thuoc-tu-dong-truong-tho-ba-2086-nau-2-8l-hang-chinh-hang-p792626.html?spid=56029962
456015,Nồi Cơm Điện Sharp KS-NR181STV SS - 1.8 Lít - Hàng chính hãng,1266000.0,1450000.0,184000.0,4.2,45,1,,https://tiki.vnnoi-com-dien-sharp-ks-nr181stv-ss-1-8-lit-hang-chinh-hang-p456015.html?spid=163720
279166494,Robot Hút Bụi Lau Nhà Roborock QRevo C Pro 18.500Pa Xòe Giẻ Sát Cạnh - Hàng Chính Hãng,25999000.0,25999000.0,0.0,0.0,0,193366,,https://tiki.vnrobot-hut-bui-lau-nha-roborock-qrevo-c-pro-18-500pa-xoe-gie-sat-canh-hang-chinh-hang-p279166494.html?spid=279166496
278636194,[New] Bếp từ đôi Hafele HS-I5521FG 536.66.850 - Công suất 3000W - Hàng chính hãng - Bảo hành 24 tháng,5990000.0,5990000.0,0.0,0.0,0,166173,,https://tiki.vnnew-bep-tu-doi-hafele-hs-i5521fg-536-66-850-cong-suat-3000w-p278636194.html?spid=278636195
278492272,"NỒI ÁP SUẤT ĐIỆN ĐA NĂNG PHILIPS HD2103, HÀNG CHÍNH HÃNG",1690000.0,1690000.0,0.0,0.0,0,20256,,https://tiki.vnnoi-ap-suat-dien-da-nang-philips-hd2103-hang-chinh-hang-p278492272.html?spid=278492273
277496144,Máy làm kem Tiross TS9091 - Hàng chính hãng,2999000.0,2999000.0,0.0,0.0,0,99996,,https://tiki.vnmay-lam-kem-tiross-ts9091-hang-chinh-hang-p277496144.html?spid=277496145
277487800,"Ấm Siêu Tốc Văn Phòng Mini Thái Lan 0,8L - Bình Đun Siêu Tốc bé HÀNG CHÍNH HÃNG",280000.0,280000.0,0.0,5.0,1,297289,,https://tiki.vnam-sieu-toc-van-phong-mini-thai-lan-0-8l-binh-dun-sieu-toc-be-cam-ket-chinh-hang-p277487800.html?spid=277487801
277470429,"Quạt cầm tay mini JisuLife F8X 4500mAh - Tích hợp Sạc dự phòng, Đèn pin - Hàng chính hãng",405000.0,405000.0,0.0,5.0,1,120134,,https://tiki.vnquat-cam-tay-mini-jisulife-f8x-4500mah-tich-hop-sac-du-phong-den-pin-hang-chinh-hang-p277470429.html?spid=277470435
276737415,Máy sấy tóc Dyson Supersonic Ceramic HD17 Hàng chính hãng,14900000.0,14900000.0,0.0,0.0,0,20256,,https://tiki.vnmay-say-toc-dyson-supersonic-ceramic-hd17-hang-chinh-hang-p276737415.html?spid=276737416
276597805,Máy Làm Sữa Hạt Đa Năng Sunhouse SHD5261 - Hàng Chính Hãng,1632000.0,1632000.0,0.0,0.0,0,11119,,https://tiki.vnmay-lam-sua-hat-da-nang-sunhouse-shd5261-hang-chinh-hang-p276597805.html?spid=276597806
276451373,"Máy làm sữa hạt Joyoung JSM-135 - Dung tích 1.2L, Công suất 400W, Hẹn giờ, Bản tiếng việt - Hàng chính hãng",1490000.0,1490000.0,0.0,0.0,0,20256,,https://tiki.vnmay-lam-sua-hat-joyoung-jsm-135-dung-tich-1-2l-cong-suat-400w-hen-gio-ban-tieng-viet-hang-chinh-hang-p276451373.html?spid=278828588
276393148,"Máy làm sữa hạt đa năng Joyoung JHSB-602 - Dung tích 1.5L, Công suất 1000W, Menu 12 chức năng - HÀNG CHÍNH HÃNG",1990000.0,1990000.0,0.0,0.0,0,20256,,https://tiki.vnmay-lam-sua-hat-da-nang-joyoung-jhsb-602-dung-tich-1-5l-cong-suat-1000w-menu-12-chuc-nang-hang-chinh-hang-p276393148.html?spid=278828592
275960394,"Bếp Ga Mini Cao Cấp Maxsun MS-7 - Công Suất 2900W, Sơn Tĩnh Điện, Nhôm Nhẹ Cao Cấp - Hàng Chính Hãng",559000.0,699000.0,140000.0,0.0,0,345161,,https://tiki.vnbep-ga-mini-cao-cap-maxsun-ms-7-cong-suat-2900w-son-tinh-dien-nhom-nhe-cao-cap-hang-chinh-hang-p275960394.html?spid=275960395
275706841,Nồi chiên không dầu Philips NA130/00 6.2L(imei) - Hàng Chính Hãng,2190000.0,2190000.0,0.0,0.0,0,20256,,https://tiki.vnnoi-chien-khong-dau-philips-na130-00-6-2l-imei-hang-chinh-hang-p275706841.html?spid=276821791
275600663,Nồi chiên không dầu Philips HD9257/80 5.6 lít - Hàng Chính Hãng,2590000.0,2590000.0,0.0,0.0,0,20256,,https://tiki.vnnoi-chien-khong-dau-philips-hd9257-80-5-6-lit-hang-chinh-hang-p275600663.html?spid=276822282
274793028,NỒI HẤP ĐIỆN ĐA NĂNG Russell Hobbs 19270-56 Nhập Đức Hàng Chính Hãng,2490000.0,2490000.0,0.0,4.3,3,20256,,https://tiki.vnnoi-hap-dien-da-nang-russell-hobbs-19270-56-nhap-duc-hang-chinh-hang-p274793028.html?spid=274793029
270511895,Quạt lọc không khí và khử khuẩn U ULTTY BB - Hàng chính hãng,7700000.0,12000000.0,4300000.0,4.5,2,150998,,https://tiki.vnquat-loc-khong-khi-va-khu-khuan-u-ultty-bb-hang-chinh-hang-p270511895.html?spid=278051770
270113645,Tông đơ đa năng 8 in 1 Philips MG3730/15 - Hàng chính hãng,1190000.0,1290000.0,100000.0,5.0,1,162514,,https://tiki.vntong-do-da-nang-8-in-1-philips-mg3730-15-hang-chinh-hang-p270113645.html?spid=270113646
252912809,"Máy ép trái cây Panasonic MJ-CB600SRA- Ép nhanh, nghiền kiệt với mâm xay 100% kim loại - Công suất 1000W- Dung tích 2.0L - Vệ sinh bằng máy rửa bát - Hàng chính hãng",3063000.0,3510000.0,447000.0,0.0,0,1,,https://tiki.vnmay-ep-trai-cay-panasonic-mj-cb600sra-ep-nhanh-nghien-kiet-voi-mam-xay-100-kim-loai-cong-suat-1000w-dung-tich-2-0l-ve-sinh-bang-may-rua-bat-p252912809.html?spid=270172833
252011932,"Bếp gas dương cao cấp để bàn Paloma PA-J51CE, sản xuất và nhập khẩu nguyên chiếc từ Nhật Bản, mẫu mới nhất, nhỏ gọn [Hàng chính hãng][Hàng nhập khẩu]",2690000.0,2690000.0,0.0,5.0,2,326267,,https://tiki.vnbep-gas-duong-cao-cap-de-ban-paloma-pa-j51ce-san-xuat-va-nhap-khau-nguyen-chiec-tu-nhat-ban-mau-moi-nhat-nho-gon-p252011932.html?spid=252011933
247239241,"Combo Bộ 3 Lõi Lọc Nước Karofi Livotec 1,2,3 - Hàng Chính Hãng",126000.0,126000.0,0.0,0.0,0,55218,,https://tiki.vncombo-bo-3-loi-loc-nuoc-karofi-livotec-1-2-3-hang-chinh-hang-p247239241.html?spid=263980228
242696681,"Quạt đeo cổ F41 không cánh cầm tay, sử dụng không dây 3 cấp độ tiện lợi, co giãn silicone linh hoạt, giảm ồn, hàng chính hãng",385000.0,385000.0,0.0,4.8,5,179711,,https://tiki.vnquat-deo-co-f41-khong-canh-cam-tay-su-dung-khong-day-3-cap-do-tien-loi-co-gian-silicone-linh-hoat-giam-on-hang-chinh-hang-p242696681.html?spid=242696683
217641855,Máy lọc không khí và diệt khuẩn Air Pla hàng chính hãng nhập khẩu Cobi Platec,46990000.0,46990000.0,0.0,0.0,0,40615,,https://tiki.vnmay-loc-khong-khi-va-diet-khuan-air-pla-hang-chinh-hang-nhap-khau-cobi-platec-p217641855.html?spid=217540022
212934100,"Nồi Điện Đa Năng LocknLock Multi Cooker With SS Pot 220-240V, 50/60Hz, 1300-1500W, 4L EJP542NVY – Màu navy - Hàng Chính Hãng",1699000.0,3250000.0,1551000.0,0.0,0,88331,,https://tiki.vnnoi-dien-da-nang-locknlock-multi-cooker-with-ss-pot-220-240v-50-60hz-1300-1500w-4l-ejp542nvy-mau-navy-hang-chinh-hang-p212934100.html?spid=212934101
206659204,"Nồi cơm điện Lock&Lock Compact Rice Cooker 1.2L EJR346BLK - Hàng chính hãng có 5 chế độ nấu, dây điện tháo rời - JoyMall",1930500.0,2145000.0,214500.0,5.0,2,38510,,https://tiki.vnnoi-com-dien-lock-lock-compact-rice-cooker-1-2l-ejr346blk-hang-chinh-hang-bao-hanh-24-thang-5-che-do-nau-joymall-p206659204.html?spid=206659205
205685980,Bếp nướng không khói đa năng Namilux GS2621PF - Hàng chính hãng,583000.0,583000.0,0.0,0.0,0,183862,,https://tiki.vnbep-nuong-khong-khoi-da-nang-namilux-gs2621pf-hang-chinh-hang-p205685980.html?spid=205685981
174896749,Ấm đun siêu tốc Panasonic NC-K101WRA - 1.7L - Nhựa kháng vỡ - Công suất mạnh lên đến 2200W - Hàng chính hãng,829000.0,829000.0,0.0,4.0,1,138278,,https://tiki.vnam-dun-sieu-toc-panasonic-nc-k101wra-1-7l-nhua-khang-vo-cong-suat-manh-len-den-2200w-hang-chinh-hang-p174896749.html?spid=272306427
162822107,Máy Nướng Bánh Mì Sandwich Làm Nóng Thức Ăn Cho Bữa Sáng Đa Năng Dễ Sử Dụng - Hàng Chính Hãng MINIIN,260000.0,260000.0,0.0,4.8,33,134678,,https://tiki.vnmay-nuong-banh-mi-sandwich-lam-nong-thuc-an-cho-bua-sang-da-nang-de-su-dung-hang-chinh-hang-miniin-p162822107.html?spid=162822108
147822401,Bếp Lẩu Nướng Đa Năng 2 Trong 1- Nồi ĐIện 2 Ngăn- Phong Cách Hàn Quốc-Hàng Loại 1 Chính Hãng- MINIIN,299000.0,299000.0,0.0,4.3,11,134678,,https://tiki.vnbep-lau-nuong-da-nang-2-trong-1-noi-dien-lau-nuong-2-ngan-phong-cach-han-quoc-hang-loai-1-chinh-hang-miniin-p147822401.html?spid=147822402
147352659,Bàn ủi hơi nước PHILIPS GC7933/30 2400W - Hàng Chính Hãng,4900000.0,4900000.0,0.0,0.0,0,20256,,https://tiki.vnban-ui-hoi-nuoc-philips-gc7933-30-2400w-hang-chinh-hang-p147352659.html?spid=275883474
127351313,"Cốc Lọc Nước Thô Trong - Màu 10inch, Máy RO, Co Nối Nhanh - Hàng chính hãng",105000.0,105000.0,0.0,4.7,7,208815,,https://tiki.vncoc-loc-nuoc-tho-trong-mau-10inch-may-ro-ren-ngoai-13-chinh-hang-dai-viet-p127351313.html?spid=127351320
118101745,Nồi cơm điện cao tần IR Cuchen CJH-PA0670RHW 1.08L (Nhập khẩu chính hãng),15999000.0,15999000.0,0.0,0.0,0,215271,,https://tiki.vnnoi-com-dien-cao-tan-ir-cuchen-cjh-pa0670rhw-1-08l-nhap-khau-chinh-hang-p118101745.html?spid=118101746
113529479,"Nồi cơm điện Fumak Nhật Bản, Dung Tích 1.8L - Hàng Chính Hãng",1200000.0,1200000.0,0.0,5.0,6,138795,,https://tiki.vnnoi-com-dien-fumak-nhat-ban-dung-tich-1-8l-bao-hanh-18-thang-p113529479.html?spid=113529488
113378219,"Khay làm kem của Máy ép trái cây tốc độ chậm Miui JE-B03B, B01B, JE-B02B , JE-B05B, XKJ-03B, B01B mã B11 - Hàng Nhập Khẩu",111000.0,111000.0,0.0,0.0,0,112137,,https://tiki.vnkhay-lam-kem-cua-may-ep-trai-cay-toc-do-cham-miui-je-b03b-b01b-je-b02b-je-b05b-xkj-03b-b01b-ma-b11-hang-nhap-khau-p113378219.html?spid=113378220
72637441,Lò chiên không dầu hấp nướng đối lưu Panasonic NU-SC180BYUE 20 lít - Hàng Chính Hãng,8790000.0,8790000.0,0.0,0.0,0,184067,,https://tiki.vnlo-chien-khong-dau-hap-nuong-doi-luu-panasonic-nu-sc180byue-20-lit-hang-chinh-hang-p72637441.html?spid=155621548
50779372,Quạt treo tường Senko 4.5 tấc T1882 (1 thùng / 2 cái) - Hàng Chính Hãng,950000.0,950000.0,0.0,0.0,0,187775,,https://tiki.vnquat-treo-tuong-senko-4-5-tac-t1882-1-thung-2-cai-hang-chinh-hang-p50779372.html?spid=101857974
45876565,Lò vi sóng 20 lít Toshiba Thái Lan ER-SM20W1VN hàng chính hãng,1960000.0,1960000.0,0.0,4.8,4,11119,,https://tiki.vnlo-vi-song-20-lit-toshiba-thai-lan-er-sm20w1vn-hang-chinh-hang-p45876565.html?spid=52295181
17492190,Quạt treo 2 dây cao cấp Senko Hàng Chính Hãng - TC16.,405000.0,405000.0,0.0,5.0,2,187775,,https://tiki.vnquat-treo-2-day-cao-cap-senko-hang-chinh-hang-tc16-p17492190.html?spid=101846524
10007045,Nồi cơm áp suất điện tử Cuckoo CRP-PK1000S - 1.8 Lít - Hàng Chính Hãng,3558000.0,4990000.0,1432000.0,4.8,78,1,,https://tiki.vnnoi-com-ap-suat-dien-tu-cuckoo-crp-pk1000s-1-8-lit-hang-chinh-hang-p10007045.html?spid=10274837
556603,Nồi Cơm Điện Tử Tiger JKT-S18W - 1.8L - Hàng chính hãng,11600000.0,11600000.0,0.0,0.0,0,76535,,https://tiki.vnnoi-com-dien-tu-tiger-jkt-s18w-1-8l-hang-chinh-hang-p556603.html?spid=40353795
476959,Máy Ép Trái Cây Tốc Độ Chậm Nguyên Trái Iruka I-52 (150W) - Hàng chính hãng,2524000.0,3990000.0,1466000.0,3.8,91,1,,https://tiki.vnmay-ep-trai-cay-toc-do-cham-nguyen-trai-iruka-i-52-150w-hang-chinh-hang-p476959.html?spid=187256
465036,Máy Ép Chậm Panasonic PAVH-MJ-L500SRA-Hàng Chính Hãng,6514800.0,6514800.0,0.0,5.0,1,138278,,https://tiki.vnmay-ep-cham-panasonic-pavh-mj-l500sra-hang-chinh-hang-p465036.html?spid=137191118
278764711,Máy tạo kiểu tóc đa năng 3 mức nhiệt linh hoạt LocknLock 210W - Màu tím - ENA236PUP - Hàng chính hãng,1250000.0,2290000.0,1040000.0,0.0,0,1,,https://tiki.vnmay-tao-kieu-toc-da-nang-3-muc-nhiet-linh-hoat-locknlock-210w-mau-tim-ena236pup-hang-chinh-hang-p278764711.html?spid=278764712
278728551,Nồi cơm điện tử Philips 1.8 lít HD4814/31 - Hàng chính hãng,2399000.0,2399000.0,0.0,0.0,0,255891,,https://tiki.vnnoi-com-dien-tu-philips-1-8-lit-hd4814-31-hang-chinh-hang-p278728551.html?spid=278728552
278728541,Bàn ủi hơi nước đứng Philips AIS6020/70 1800W - Hàng chính hãng,5590000.0,5590000.0,0.0,0.0,0,255891,,https://tiki.vnban-ui-hoi-nuoc-dung-philips-ais6020-70-1800w-hang-chinh-hang-p278728541.html?spid=278728542
278679869,Bếp Từ Đa Năng Kuchenzimmer - 013727 - Hàng Chính Hãng,1367000.0,2016000.0,649000.0,0.0,0,1,,https://tiki.vnbep-tu-da-nang-kuchenzimmer-013727-hang-chinh-hang-p278679869.html?spid=278679870
278618015,Lò vi sóng 20L Tiross TS5001 - Hàng chính hãng,1699000.0,1699000.0,0.0,0.0,0,99996,,https://tiki.vnlo-vi-song-20l-tiross-ts5001-hang-chinh-hang-p278618015.html?spid=278618016
278508331,"Máy Hút Bụi Giường Nệm LocknLock ENV818IVY, Hàng Chính Hãng, Khử Trùng Bằng Tia UV - JoyMall",2691000.0,2990000.0,299000.0,0.0,0,38510,,https://tiki.vnmay-hut-bui-giuong-nem-locknlock-env818ivy-hang-chinh-hang-khu-trung-bang-tia-uv-joymall-p278508331.html?spid=278508333
278492504,Nồi áp suất điện tử Joyoung 5L JHPC-5039 Hàng chính hãng,2190000.0,2190000.0,0.0,0.0,0,20256,,https://tiki.vnnoi-ap-suat-dien-tu-joyoung-5l-jhpc-5039-hang-chinh-hang-p278492504.html?spid=278492505
278430048,Máy hút bụi cầm tay Roborock H60 Ultra – Hàng Chính Hãng,4880000.0,4880000.0,0.0,0.0,0,308020,,https://tiki.vnmay-hut-bui-cam-tay-roborock-h60-ultra-hang-chinh-hang-p278430048.html?spid=278430049
278429234,Nồi chiên không dầu Philips Combi 7000 HD9876 hàng chính hãng,9700000.0,9700000.0,0.0,0.0,0,20256,,https://tiki.vnnoi-chien-khong-dau-philips-combi-7000-hd9876-hang-chinh-hang-p278429234.html?spid=278429238
278278654,"Máy sấy tóc Kachi MK404 – Nhỏ gọn, thời trang, sấy tóc nhanh chóng - Hàng chính hãng",259350.0,399000.0,139650.0,0.0,0,160749,,https://tiki.vnmay-say-toc-kachi-mk404-nho-gon-thoi-trang-say-toc-nhanh-chong-hang-chinh-hang-p278278654.html?spid=278098202
278028965,Máy xay sinh tố Bluestone BLB-5308 - Hàng chính hãng,679000.0,990000.0,311000.0,0.0,0,162514,,https://tiki.vnmay-xay-sinh-to-bluestone-blb-5308-hang-chinh-hang-p278028965.html?spid=278028967
277614304,"Máy Ép Chậm KUVINGS NS-621 - 240W - 400ml . Hàng chính hãng, Bảo Hành Toàn Quốc",6999000.0,6999000.0,0.0,0.0,0,7880,,https://tiki.vnmay-ep-cham-kuvings-ns-621-240w-400ml-hang-chinh-hang-bao-hanh-toan-quoc-p277614304.html?spid=277614308
277446548,Máy làm tỏi đen cao cấp TIROSS TS908 (màu vàng đen)) - Hàng chính hãng,1599000.0,1599000.0,0.0,0.0,0,99996,,https://tiki.vnmay-lam-toi-den-cao-cap-tiross-ts908-6l-hang-chinh-hang-p277446548.html?spid=277446549
275282087,QUẠT PHUN SƯƠNG ĐỂ BÀN 5 BEC PHUN SƯƠNG SIZE LỚN - HÀNG CHÍNH HÃNG,130000.0,130000.0,0.0,0.0,0,106295,,https://tiki.vnquat-phun-suong-de-ban-5-bec-phun-suong-size-lon-hang-chinh-hang-p275282087.html?spid=275282091
275077926,Bếp 2 từ âm hiệu Smaragd ISB 288 (Malaysia) - Hàng chính hãng,4990000.0,4990000.0,0.0,0.0,0,20256,,https://tiki.vnbep-2-tu-am-hieu-smaragd-isb-288-malaysia-hang-chinh-hang-p275077926.html?spid=275077927
274679436,Quạt trần KDK M56PR Hàng chính hãng,3590000.0,3590000.0,0.0,0.0,0,20256,,https://tiki.vnquat-tran-kdk-m56pr-hang-chinh-hang-p274679436.html?spid=274679437
274180789,"Siêu Sales QUẠT TRẦN AZP- 6 CÁNH NHỰA, CÔNG XUẤT 65W, CÓ REMOTE- Hàng Nhập Khẩu",2638800.0,2638800.0,0.0,0.0,0,110695,,https://tiki.vnquat-tran-azp-6-canh-nhua-cong-xuat-65w-co-remote-hang-nhap-khau-p274180789.html?spid=274180790
274124248,"Nồi Cơm Điện Tử Bluestone RCB-5949 , Lòng Nồi Niêu 1.5Lit - 860W - Hàng Chính Hãng",1999000.0,1999000.0,0.0,0.0,0,6201,,https://tiki.vnnoi-com-dien-tu-bluestone-rcb-5949-long-noi-nieu-1-5lit-860w-hang-chinh-hang-p274124248.html?spid=274124249
271380522,Máy lọc không khí Levoit Core 300 - Hàng Chính Hãng,2690000.0,2690000.0,0.0,0.0,0,173925,,https://tiki.vnmay-loc-khong-khi-levoit-core-300-hang-chinh-hang-p271380522.html?spid=271380526
212358052,"Cốc Lọc Thô 10 inch AQUAYAKI AQUA-S101 Cao Cấp Kèm Lõi, Bộ Lọc Nước Đầu Nguồn, Sinh Hoạt, Gia Đình - Hàng Chính Hãng",380000.0,380000.0,0.0,5.0,1,270160,,https://tiki.vnbo-tien-loc-aquayaki-1-coc-kem-loi-10-inch-bo-loc-tho-cao-cap-5-micron-nuoc-sach-cho-sinh-hoat-gia-dinh-loc-dau-nguon-nuoc-loc-nuoc-ho-ca-10in-aqua-yaki-khong-dung-dien-lap-dat-thay-loi-don-gian-hang-chinh-hang-p212358052.html?spid=212358054
205191117,Nồi cơm điện tử Toshiba 1.8 lít RC-18DH2PV(W)- Hàng chính hãng ,1650000.0,1650000.0,0.0,0.0,0,255891,,https://tiki.vnnoi-com-dien-tu-toshiba-1-8-lit-rc-18dh2pv-w-hang-chinh-hang-p205191117.html?spid=205191118
204283380,Bàn ủi hơi nước đứng Tefal IXEO Plus QT1510E0- 2980W - Hàng chính hãng,3750000.0,3750000.0,0.0,5.0,1,20256,,https://tiki.vnban-ui-hoi-nuoc-dung-tefal-ixeo-plus-qt1510e0-2980w-hang-chinh-hang-p204283380.html?spid=214921474
198894834,Kẹp nướng đa năng Tiross TS9656 - Hàng chính hãng,2240000.0,2240000.0,0.0,0.0,0,11119,,https://tiki.vnkep-nuong-da-nang-tiross-ts9656-hang-chinh-hang-p198894834.html?spid=249521109
192164545,"Máy Sấy Tóc Đa Năng Tạo Kiểu Tóc Teement, Sấy Khô, Duỗi Thẳng, Uốn Cụp, Công Suất Lớn 1000W, Giảm Tiếng Ồn, An Toàn Khi Sử Dụng, Tạo Kiểu Chuyên Nghiệp, Bổ Sung Ion Dưỡng Ẩm, Làm Mềm Mượt Tóc, Chống Hư Tổn Tóc - Hàng Chính Hãng",250000.0,250000.0,0.0,4.7,10,277179,,https://tiki.vnmay-say-toc-da-nang-tao-kieu-toc-teement-say-kho-duoi-thang-uon-cup-cong-suat-lon-1000w-giam-tieng-on-an-toan-khi-su-dung-tao-kieu-chuyen-nghiep-bo-sung-ion-duong-am-lam-mem-muot-toc-chong-hu-ton-toc-hang-chinh-hang-p192164545.html?spid=192164547
183719144,"Nồi cơm điện tử Ladomax 7218 - Dung tích 1.8L, 700W - Lòng niêu men chống dính cao cấp-hàng chính hãng",895000.0,895000.0,0.0,0.0,0,33792,,https://tiki.vnnoi-com-dien-tu-ladomax-7218-dung-tich-1-8l-700w-long-nieu-men-chong-dinh-cao-cap-hang-chinh-hang-p183719144.html?spid=271169989
175422215,Máy lọc nước Nano Geyser RO Hydrogen công nghệ lọc RO - Hàng Chính Hãng,4700000.0,4700000.0,0.0,5.0,4,279168,,https://tiki.vnmay-loc-nuoc-nano-geyser-ro-nano-cong-nghe-loc-ro-hang-chinh-hang-p175422215.html?spid=254086583
162540621,Máy Hút Bụi Cầm Tay 2 Chiều Hàng Nhập Khẩu Cao Cấp (giao mầu ngẫu nhiên ),501000.0,501000.0,0.0,4.8,18,134678,,https://tiki.vnmay-hut-bui-cam-tay-2-chieu-hang-nhap-khau-cao-cap-giao-mau-ngau-nhien-p162540621.html?spid=162540622
152521552,Máy làm sữa hạt đa năng Tefal BL967B66 - Hàng chính hãng,2505000.0,2505000.0,0.0,0.0,0,20256,,https://tiki.vnmay-lam-sua-hat-da-nang-tefal-bl967b66-hang-chinh-hang-p152521552.html?spid=214920004
116033388,"Máy tạo độ ẩm, phun sương Deerma DEM-F628 - F628W (Hàng nhập khẩu)",499000.0,499000.0,0.0,4.7,36,16996,,https://tiki.vnmay-tao-do-am-phun-suong-deerma-dem-f628-f628w-hang-nhap-khau-p116033388.html?spid=116033389
96616553,Máy Ozone khử mùi khử trùng phòng  15-30m2 Rama R2 - Hàng Chính Hãng,1999000.0,1999000.0,0.0,0.0,0,173156,,https://tiki.vnmay-ozone-khu-mui-khu-trung-phong-15-30m2-rama-r2-hang-chinh-hang-p96616553.html?spid=96616554
94424615,Bếp gas đơn ZENNE KGC 12-C có đầu hâm- Hàng nhập khẩu Malaysia- Tiết kiệm gas - Ngọn lửa mạnh và hội tụ,1350000.0,1377000.0,27000.0,4.7,6,1281,,https://tiki.vnbep-gas-don-zenne-kgc-12-hang-nhap-khau-malaysia-p94424615.html?spid=94424617
44114105,Bếp Gas Hồng Ngoại Đôi Cao Cấp RaiNy – Tặng bộ van dây - Hàng chính Hãng ( Màu Ngẩu Nhiên),519000.0,519000.0,0.0,4.1,21,69337,,https://tiki.vnbep-gas-hong-ngoai-doi-cao-cap-rainy-tang-bo-van-day-hang-chinh-hang-p44114105.html?spid=44114106
42867263,Dây dẫn nước máy lọc nước,50000.0,50000.0,0.0,4.7,60,8413,,https://tiki.vnday-dan-nuoc-may-loc-nuoc-p42867263.html?spid=42868051
22095599,Máy xay thịt 2 lưỡi dao kép cối thủy tinh Nagakawa NAG0812 (400W - 1.5 Lít) - Hàng Chính Hãng,699000.0,699000.0,0.0,5.0,1,4045,,https://tiki.vnmay-xay-thit-2-luoi-dao-kep-coi-thuy-tinh-nagakawa-nag0812-400w-1-5-lit-hang-chinh-hang-p22095599.html?spid=122655638
20955731,Bộ Van Dây Ngắt Gas Tự Động NaMilux NA-345S- Hàng Chính Hãng.,182000.0,182000.0,0.0,4.6,35,69337,,https://tiki.vnbo-van-day-ngat-gas-tu-dong-namilux-na-345s-hang-chinh-hang-p20955731.html?spid=101582944
17014393,Quạt đứng điều khiển từ xa Senko hàng chính hãng - DR1608,818000.0,818000.0,0.0,4.8,19,187775,,https://tiki.vnquat-dung-dieu-khien-tu-xa-senko-hang-chinh-hang-dr1608-p17014393.html?spid=101851883
15743658,Quạt Treo Remote USS- Hàng chính hãng,440000.0,440000.0,0.0,3.3,6,32850,,https://tiki.vnquat-treo-remote-uss-hang-chinh-hang-p15743658.html?spid=15743659
2777723,Lò Nướng Sanaky VH-129S2D (120L) - Hàng chính hãng,3650000.0,3650000.0,0.0,0.0,0,58892,,https://tiki.vnlo-nuong-sanaky-vh-129s2d-120l-hang-chinh-hang-p2777723.html?spid=25140066
468650,Bình Thủy Điện Tử Panasonic PABT-NC-EG2200CSY - 2.2L - Hàng chính hãng,1814000.0,2130000.0,316000.0,5.0,30,1,,https://tiki.vnbinh-thuy-dien-tu-panasonic-pabt-nc-eg2200csy-2-2l-hang-chinh-hang-p468650.html?spid=178079
279059882,"Máy sấy tạo kiểu đa năng Jetzt HC600, 5 đầu sấy, tốc độ cao, nhanh khô, bảo vệ tóc mềm mượt - Hàng chính hãng",850000.0,850000.0,0.0,0.0,0,278159,,https://tiki.vnmay-say-tao-kieu-da-nang-jetzt-hc600-5-dau-say-toc-do-cao-nhanh-kho-bao-ve-toc-mem-muot-hang-chinh-hang-p279059882.html?spid=279059883
278826720,Ấm siêu tốc Smeg KLF04 hàng chính hãng,5999990.0,5999990.0,0.0,0.0,0,20256,,https://tiki.vnam-sieu-toc-smeg-klf04-hang-chinh-hang-p278826720.html?spid=278826729
278747122,Bàn ủi hơi nước Philips PSG3000/20 - Hàng chính hãng,3199000.0,3199000.0,0.0,0.0,0,255891,,https://tiki.vnban-ui-hoi-nuoc-philips-psg3000-20-hang-chinh-hang-p278747122.html?spid=278747123
278619261,Lò vi sóng có nướng Electrolux EMG25D22BM 25 lít - Hàng Chính Hãng,3434000.0,3999000.0,565000.0,0.0,0,1,,https://tiki.vnlo-vi-song-co-nuong-electrolux-emg25d22bm-25-lit-hang-chinh-hang-p278619261.html?spid=278619262
278165427,Bếp gas cao cấp Pengo PG-9003 DG1 Sen tròn (hàng chính hãng),1890000.0,1890000.0,0.0,0.0,0,213616,,https://tiki.vnbep-gas-cao-cap-pengo-pg-9003-dg1-sen-tron-hang-chinh-hang-p278165427.html?spid=278165428
278066052,Bàn ủi khô Tefal FS3120L0 - Hàng chính hãng,399000.0,399000.0,0.0,0.0,0,162514,,https://tiki.vnban-ui-kho-tefal-fs3120l0-hang-chinh-hang-p278066052.html?spid=276653879
277972869,"Máy ép dầu ăn thực vật, dùng trong gia đình. Thương hiệu Mỹ cao cấp Septree - Z6 - HÀNG CHÍNH HÃNG ",6395000.0,6395000.0,0.0,0.0,0,208147,,https://tiki.vnmay-ep-dau-an-thuc-vat-dung-trong-gia-dinh-thuong-hieu-my-cao-cap-septree-z6-hang-chinh-hang-p277972869.html?spid=277972870
277972627,MÁY VẮT CAM TỰ ĐỘNG CASO CP 400 LIFT Hàng chính hãng,1890000.0,1890000.0,0.0,0.0,0,20256,,https://tiki.vnmay-vat-cam-tu-dong-caso-cp-400-lift-hang-chinh-hang-p277972627.html?spid=277972628
277352708,[GIÁ TẠI KHO] Máy lọc không khí 1 tầng PuriCare Aero Tower Hit AS35GGW10 - Hàng chính Hãng LG,6490000.0,6490000.0,0.0,0.0,0,141931,,https://tiki.vngia-tai-kho-may-loc-khong-khi-1-tang-puricare-aero-tower-hit-as35ggw10-hang-chinh-hang-lg-p277352708.html?spid=277352709
276912303,Nồi Cơm Điện Lòng Niêu 2.2L JLPL@L JL-NC669 - Màu Ngẫu Nhiên - Hàng Chính Hãng,553000.0,553000.0,0.0,0.0,0,11119,,https://tiki.vnnoi-com-dien-long-nieu-2-2l-jlpl-l-jl-nc669-mau-ngau-nhien-hang-chinh-hang-p276912303.html?spid=276912304
276860448,"Đầu Hút Bụi Thông Minh Dust Daddy, Làm Sạch Ở Những Vị Trí Mà Đầu Hút Bụi Thông Thường Không Thể Chạm Tới PaKaSa - Hàng chính hãng",59590.0,118000.0,58410.0,5.0,1,137411,,https://tiki.vndau-hut-bui-thong-minh-dust-daddy-lam-sach-o-nhung-vi-tri-ma-dau-hut-bui-thong-thuong-khong-the-cham-toi-pakasa-hang-chinh-hang-p276860448.html?spid=274954131
276651995,Máy Sấy Tóc Panasonic EH-NE66-K645 - Hàng Chính Hãng,1036000.0,1036000.0,0.0,0.0,0,11119,,https://tiki.vnmay-say-toc-panasonic-eh-ne66-k645-hang-chinh-hang-p276651995.html?spid=276651998
276514071,"Ấm điện siêu tốc Rạng Đông Model: RD-AST18ST3 1,8 lít - Hàng chính hãng",324000.0,324000.0,0.0,0.0,0,35144,,https://tiki.vnam-dien-sieu-toc-chinh-hang-rang-dong-model-rd-ast18st3-1-8-lit-p276514071.html?spid=276514091
275857701,MÁY ÉP TRÁI CÂY TÔC ĐỘ CHẬM PHILLIPS HR1889 Hàng chính hãng,4690000.0,4690000.0,0.0,5.0,1,20256,,https://tiki.vnmay-ep-trai-cay-toc-do-cham-phillips-hr1889-hang-chinh-hang-p275857701.html?spid=275857702
275825359,Máy vắt cam Magic Eco AC-20 1L - Hàng chính hãngg,353000.0,790000.0,437000.0,0.0,0,1,,https://tiki.vnmay-vat-cam-magic-eco-ac-20-1l-hang-chinh-hangg-p275825359.html?spid=275825361
275813934,"Quạt tích điện nén đá lạnh mini XM Youpin Losky LT-S3213 siêu mát pin khỏe, sử dụng cầm tay để bàn đeo cổ, kèm đế giữ điện thoại - Hàng nhập khẩu",211000.0,211000.0,0.0,5.0,2,173338,,https://tiki.vnquat-tich-dien-nen-da-lanh-mini-xm-youpin-losky-lt-s3213-sieu-mat-pin-khoe-su-dung-cam-tay-de-ban-deo-co-kem-de-giu-dien-thoai-hang-nhap-khau-p275813934.html?spid=275813938
275812551,Bàn ủi hơi nước cầm tay Tefal DT1034E1 1200W - Hàng Chính Hãng,850000.0,850000.0,0.0,0.0,0,20256,,https://tiki.vnban-ui-hoi-nuoc-cam-tay-tefal-dt1034e1-1200w-hang-chinh-hang-p275812551.html?spid=276103995
275801802,Lò chiên không dầu Cuisinart TOA-60U Hàng chính hãng,7500000.0,7500000.0,0.0,0.0,0,20256,,https://tiki.vnlo-chien-khong-dau-cuisinart-toa-60u-hang-chinh-hang-p275801802.html?spid=275801803
275320230,Nồi cơm điện nắp gài Sunhouse Happy Time HTD8521P (1.8 Lít) - Hàng nhập khẩu,475000.0,475000.0,0.0,0.0,0,261657,,https://tiki.vnnoi-com-dien-nap-gai-sunhouse-happy-time-htd8521p-1-8-lit-p275320230.html?spid=275320247
274647257,Máy xay sinh tố Philips HR2223 - 700W - 1.5Lít- Hàng Chính Hãng,1299000.0,1299000.0,0.0,0.0,0,7880,,https://tiki.vnmay-xay-sinh-to-philips-hr2223-700w-1-5lit-hang-chinh-hang-p274647257.html?spid=274647258
274083877,"Len lông xù Barbie nhập từ Gazzal, đan móc áo, váy, khăn",95000.0,95000.0,0.0,0.0,0,198998,,https://tiki.vnlen-long-xu-barbie-nhap-tu-gazzal-dan-moc-ao-vay-khan-p274083877.html?spid=274083885
273562117,Bếp gas dương Rinnai RV-770(S1) mặt bếp inox và kiềng bếp men - Hàng chính hãng.,1628000.0,1628000.0,0.0,0.0,0,349062,,https://tiki.vnbep-gas-duong-rinnai-rv-770-s1-mat-bep-inox-va-kieng-bep-men-hang-chinh-hang-p273562117.html?spid=273562118
273273960,Máy xay đa năng Bluestone BLB-6031 - Hàng chính hãng,2599000.0,2599000.0,0.0,0.0,0,162514,,https://tiki.vnmay-xay-da-nang-bluestone-blb-6031-hang-chinh-hang-p273273960.html?spid=273273961
270879231,Máy lọc nước RO 9 lõi Kangaroo KGMC09 - Hàng chính hãng,4500000.0,4500000.0,0.0,0.0,0,92771,,https://tiki.vnmay-loc-nuoc-ro-9-loi-kangaroo-kgmc09-hang-chinh-hang-p270879231.html?spid=270879232
230815569,Máy sấy tóc Panasonic EH-ND37 - Hàng chính hãng,769000.0,899000.0,130000.0,0.0,0,162514,,https://tiki.vnmay-say-toc-panasonic-eh-nd37-hang-chinh-hang-p230815569.html?spid=230815573
229722881,MÁY HÚT BỤI DÙNG PIN 18V (1.4 M3/PHÚT) MAKITA DCL180ZB (KHÔNG KÈM PIN VÀ ĐẾ SẠC) - HÀNG CHÍNH HÃNG,1415232.0,1415232.0,0.0,0.0,0,327403,,https://tiki.vnmay-hut-bui-dung-pin-18v-1-4-m3-phut-makita-dcl180zb-khong-kem-pin-va-de-sac-hang-chinh-hang-p229722881.html?spid=229722882
229722444,THÂN MÁY HÚT BỤI PIN 12V (1.3 M³/MIN) MAKITA CL108FDZ (KHÔNG KÈM PIN VÀ ĐẾ SẠC) - HÀNG CHÍNH HÃNG,1614816.0,1614816.0,0.0,0.0,0,327403,,https://tiki.vnthan-may-hut-bui-pin-12v-1-3-m-min-makita-cl108fdz-khong-kem-pin-va-de-sac-hang-chinh-hang-p229722444.html?spid=229722445
205614498,Quạt Thông Gió Gắn Tường 1 Chiều Nanoco NWV2520 - Hàng Chính Hãng,480000.0,480000.0,0.0,5.0,1,291828,,https://tiki.vnquat-thong-gio-gan-tuong-1-chieu-nanoco-nwv2520-hang-chinh-hang-p205614498.html?spid=205614499
199629140,Máy sấy tóc Dyson HD08 (Black/Nickel) - Hàng chính hãng,9900000.0,9900000.0,0.0,0.0,0,20256,,https://tiki.vnmay-say-toc-dyson-hd08-black-nickel-hang-chinh-hang-p199629140.html?spid=248911313
198934548,"Máy Hút Giặt Cầm Tay B100 Đa Năng, Di Động Chuyên Dùng Cho Sofa, Nệm, Rèm, Thảm, Đánh Bật Mọi Vết Bẩn - Hàng Chính Hãng",5518800.0,5518800.0,0.0,0.0,0,203034,,https://tiki.vnmay-hut-giat-cam-tay-b100-da-nang-di-dong-chuyen-dung-cho-sofa-nem-rem-tham-danh-bat-moi-vet-ban-hang-chinh-hang-p198934548.html?spid=202415449
195514686,Máy xay đa năng XĐN2LG hàng chính hãng Arber,599000.0,599000.0,0.0,0.0,0,1957,,https://tiki.vnmay-xay-da-nang-xdn2lg-hang-chinh-hang-arber-p195514686.html?spid=195514687
191587047,"Máy Xay Sinh Tố Lock&Lock 2 Cối Bằng Chất Liệu Thủy Tinh 220-240V, 50/60Hz, Công Suất 600w Dung Tích 1.5L  EJM366 - Hàng Chính Hãng",999900.0,1899000.0,899100.0,5.0,1,88331,,https://tiki.vnmay-xay-sinh-to-lock-lock-2-coi-bang-chat-lieu-thuy-tinh-220-240v-50-60hz-cong-suat-600w-dung-tich-1-5l-ejm366-hang-chinh-hang-p191587047.html?spid=191587048
191514902,Ấm sắc thuốc dùng điện chính hãng Daewoong Hàn Quốc DW-390G,4290000.0,4290000.0,0.0,0.0,0,16641,,https://tiki.vnam-sac-thuoc-dien-daewoong-han-quoc-dw-390g-p191514902.html?spid=191514903
174627584,"Quạt sạc tích điện SUNHOUSE SH7116, quạt mini để bàn kiêm đèn ngủ, 3 mức gió siêu mát - Hàng chính hãng",1095000.0,1095000.0,0.0,5.0,3,173338,,https://tiki.vnquat-sac-tich-dien-sunhouse-sh7116-quat-mini-de-ban-kiem-den-ngu-3-muc-gio-sieu-mat-hang-chinh-hang-p174627584.html?spid=174627585
148812416,Quạt treo Panasonic F-409MG - Hàng chính hãng,2265000.0,2265000.0,0.0,0.0,0,187775,,https://tiki.vnquat-treo-panasonic-f-409mg-hang-chinh-hang-p148812416.html?spid=247790457
21925885,Bàn ủi hơi nước mini cầm tay hàng hiệu nhập khẩu cao cấp Royalstar,320000.0,320000.0,0.0,3.2,25,57154,,https://tiki.vnban-ui-hoi-nuoc-mini-cam-tay-hang-hieu-nhap-khau-cao-cap-royalstar-p21925885.html?spid=21925947
13524712,Quạt sàn Tiross TS957 - Hàng chính hãng,1368000.0,1590000.0,222000.0,4.5,17,1,,https://tiki.vnquat-san-tiross-ts957-hang-chinh-hang-p13524712.html?spid=15083512
1460199,Bếp Nướng Điện Sunhouse SHD4607 (1500W) - Hàng chính hãng,328000.0,328000.0,0.0,5.0,1,247324,,https://tiki.vnbep-nuong-dien-sunhouse-shd4607-1500w-hang-chinh-hang-p1460199.html?spid=273337072
558866,Nồi Lẩu Điện Tiger Queen SQ-C350 - 4.0L - Hàng chính hãng,3290000.0,3290000.0,0.0,5.0,1,204276,,https://tiki.vnnoi-lau-dien-tiger-queen-sq-c350-4-0l-hang-chinh-hang-p558866.html?spid=113447001
394721,Máy May Brother GS-2500 (52W) - Hàng chính hãng,3899000.0,3899000.0,0.0,1.0,1,40780,,https://tiki.vnmay-may-brother-gs-2500-52w-hang-chinh-hang-p394721.html?spid=15315875
279189464,"Nồi Cơm Điện Lòng Gốm 1,2L HAATZ CIM250 Công Suất 500W, 6 Chế Độ, Hẹn Giờ, Hàng Chính Hãng",1850000.0,2330000.0,480000.0,5.0,1,360957,,https://tiki.vnnoi-com-dien-long-gom-1-2l-haatz-cim250-cong-suat-500w-6-che-do-hen-gio-hang-chinh-hang-p279189464.html?spid=277580402
278720025,Bếp Từ Đơn Tân Á Đại Thành Rossi RS-1020CE01 Kèm Nồi - Hàng Chính Hãng ,990000.0,1490000.0,500000.0,0.0,0,1,,https://tiki.vnbep-tu-don-tan-a-dai-thanh-rossi-rs-1020ce01-kem-noi-hang-chinh-hang-p278720025.html?spid=278720026
278641566,Máy làm sữa hạt Hawonkoo SMH-175 hàng chính hãng,2190000.0,2190000.0,0.0,0.0,0,20256,,https://tiki.vnmay-lam-sua-hat-hawonkoo-smh-175-hang-chinh-hang-p278641566.html?spid=278641567
277553635,Máy ép tóc Philips BHS510/00 5000 series màu đen Hàng chính hãng,1890000.0,1890000.0,0.0,0.0,0,20256,,https://tiki.vnmay-ep-toc-philips-bhs510-00-5000-series-mau-den-hang-chinh-hang-p277553635.html?spid=277553636
277533037,Máy sấy tóc Remington Air3D D7779 Haartrockner màu trắng/đen Hàng chính hãng,2890000.0,2890000.0,0.0,0.0,0,20256,,https://tiki.vnmay-say-toc-remington-air3d-d7779-haartrockner-mau-trang-den-hang-chinh-hang-p277533037.html?spid=277533038
276802131,Bàn Ủi Hơi Nước Philips DST1040/30 - Hàng Chính Hãng,559000.0,559000.0,0.0,0.0,0,184067,,https://tiki.vnban-ui-hoi-nuoc-philips-dst1040-30-hang-chinh-hang-p276802131.html?spid=278811815
276448860,Bếp điện từ đơn Elmich ICE 8878AW - Hàng chính hãng,1420000.0,3641000.0,2221000.0,5.0,1,1,,https://tiki.vnbep-dien-tu-don-elmich-ice-8878aw-p276448860.html?spid=276448864
275698206,Máy cạo râu Panasonic ES534DP527 - Hàng chính hãng,250000.0,250000.0,0.0,0.0,0,184067,,https://tiki.vnmay-cao-rau-panasonic-es534dp527-hang-chinh-hang-p275698206.html?spid=278561665
275415065,Nồi Cơm Điện Cuckoo 1.8 lít CR-1001V - Lòng nồi chóng dính - Hàng Chính hãng Cuckoovina- Bảo hành 2 năm,990000.0,990000.0,0.0,1.0,1,29960,,https://tiki.vnnoi-com-dien-co-cuckoo-1-8-lit-cr-1001v-long-noi-chong-dinh-hang-chinh-hang-p275415065.html?spid=275415066
273040324,"Quạt Tích Điện Deli - Sạc Usb Đa Năng - Hàng Chính Hãng - Mini, Cầm Tay, Kèm Đế Để Bàn Tiện Lợi - Có Thể Tháo Rời, Dễ Dàng Vệ Sinh - Ns916",477000.0,858600.0,381600.0,0.0,0,113115,,https://tiki.vnquat-tich-dien-deli-sac-usb-da-nang-mini-cam-tay-kem-de-de-ban-tien-loi-co-the-thao-roi-de-dang-ve-sinh-ns916-p273040324.html?spid=273040326
273023383,"Nồi cơm điện 1.2L Ladomax HA-7412 lòng niêu nấu cơm chín đều, có xửng hấp, cho 2 - 5 người ăn - Hàng chính hãng",890000.0,890000.0,0.0,0.0,0,69337,,https://tiki.vnnoi-com-dien-1-2l-ladomax-ha-7412-long-nieu-nau-com-chin-deu-co-xung-hap-cho-2-5-nguoi-an-hang-chinh-hang-p273023383.html?spid=273023385
271389900,Máy lọc không khí chống dị ứng thú cưng Levoit Vital 100S - Hàng Chính Hãng,3179000.0,3179000.0,0.0,0.0,0,173925,,https://tiki.vnmay-loc-khong-khi-chong-di-ung-thu-cung-levoit-vital-100s-hang-chinh-hang-p271389900.html?spid=271389901
253402486,"Bếp gas dương để bàn Paloma PA-6MEJ, sản xuất và nhập khẩu nguyên chiếc từ Nhật Bản, mặt bếp tráng men, đầu đốt ECO Hàng chính hãng hàng nhập khẩu",3050000.0,3050000.0,0.0,0.0,0,326267,,https://tiki.vnbep-gas-duong-de-ban-paloma-pa-6mej-san-xuat-va-nhap-khau-nguyen-chiec-tu-nhat-ban-mat-bep-trang-men-dau-dot-eco-hang-chinh-hang-hang-nhap-khau-p253402486.html?spid=253402487
253096050,Lò vi sóng có nướng JUNGER TK-90 26L 1000W Hàng Chính Hãng Bảo Hành 12 Tháng,10990000.0,10990000.0,0.0,0.0,0,333510,,https://tiki.vnlo-vi-song-junger-tk-90-dung-tich-26-lit-cong-suat-1000w-bao-hanh-12-thang-hang-chinh-hang-p253096050.html?spid=253096052
251302059,"Quạt Đeo Cổ Tích Điện Mini Không Cánh Tiện Lợi, Quạt Quàng Cổ 3 Cấp Độ, Kiểu Dáng Thể Thao, Sạc USB - HÀNG CHÍNH HÃNG MINIIN",89000.0,89000.0,0.0,2.7,10,134678,,https://tiki.vnquat-deo-co-tich-dien-mini-khong-canh-tien-loi-quat-quang-co-3-cap-do-kieu-dang-the-thao-sac-usb-hang-chinh-hang-miniin-p251302059.html?spid=251302111
247061142,Máy xay sinh tố SUNHOUSE SHD5112 xanh - Hàng chính hãng,549998.0,549998.0,0.0,0.0,0,247324,,https://tiki.vnmay-xay-sinh-to-sunhouse-shd5112-xanh-hang-chinh-hang-p247061142.html?spid=273635519
242485435,Quạt hút âm trần Panasonic FV-15TGU6 - Hàng chính hãng,683000.0,683000.0,0.0,5.0,2,187775,,https://tiki.vnquat-hut-am-tran-panasonic-fv-15tgu1-hang-chinh-hang-p242485435.html?spid=242485436
220682138,Bàn ủi hơi nước Panasonic NI-S430GRA 2300W - Hàng chính hãng,759000.0,759000.0,0.0,0.0,0,92771,,https://tiki.vnban-ui-hoi-nuoc-panasonic-ni-s430gra-2300w-hang-chinh-hang-p220682138.html?spid=220682141
217510181,"Máy Duỗi Tóc Dyson Corrale Straightener, Máy Làm Thẳng Tóc, Máy Là Tóc, Máy Tạo Kiểu Tóc, Dụng Cụ Tạo Kiểu Tóc, Nhập Hàn",9900000.0,9900000.0,0.0,0.0,0,20256,,https://tiki.vnmay-duoi-toc-dyson-corrale-straightener-may-lam-thang-toc-may-la-toc-may-tao-kieu-toc-dung-cu-tao-kieu-toc-nhap-han-p217510181.html?spid=249535034
199532381,Nồi chiên không dầu ZELMER ZAF5500B - Hàng chính hãng,1790000.0,1790000.0,0.0,0.0,0,20256,,https://tiki.vnnoi-chien-khong-dau-zelmer-zaf5500b-hang-chinh-hang-p199532381.html?spid=253262991
194810583,Bếp âm từ hồng ngoại đôi kết hợp nhập khẩu Germany KAFF KF-IH68N - Hàng Chính Hãng,22800000.0,22800000.0,0.0,5.0,1,296453,,https://tiki.vnbep-am-dien-tu-hong-ngoai-ket-hop-2-vung-nau-kaff-kf-ih68n-tang-bo-noi-inox-fivestar-hang-chinh-hang-p194810583.html?spid=194810585
186522968,Len cotton cầu vồng Flowers - Nhập khẩu từ chính hãng Yarnart - 250gram dài 1000m (Bảng màu từ 301-320),350000.0,350000.0,0.0,5.0,3,198998,,https://tiki.vnlen-cotton-cau-vong-flowers-nhap-khau-tu-chinh-hang-yarnart-250gram-dai-1000m-bang-mau-tu-301-320-p186522968.html?spid=186522986
183270487,Máy Sấy Tóc Deliya DLY 2300 công suất lớn ( 1200W)- Hàng chính hãng- Tặng kèm bộ bấm móng,301000.0,301000.0,0.0,0.0,0,278160,,https://tiki.vnmay-say-toc-deliya-dly-2300-cong-suat-lon-1200w-hang-chinh-hang-p183270487.html?spid=183270495
181194161,Quạt Bàn Đảo 2 Tấc Senko BD230 (27W) - Hàng chính hãng,236000.0,236000.0,0.0,4.0,1,187775,,https://tiki.vnquat-ban-dao-2-tac-senko-bd230-27w-hang-chinh-hang-p181194161.html?spid=195971775
178549512,"Quạt Mini Tích Điện Đeo Cổ Thời Trang Besti Y01,  3 Tốc Độ Gió Siêu Mát, Chạy Siêu Êm, Dung Lượng Pin 2000mAh, Phù Hợp Khi Chạy Bộ, Đi Du Lịch , Văn Phòng, Đi Chơi- Hàng Chính Hãng",250000.0,250000.0,0.0,4.6,34,277179,,https://tiki.vnquat-mini-tich-dien-deo-co-thoi-trang-besti-y01-3-toc-do-gio-sieu-mat-chay-sieu-em-dung-luong-pin-2000mah-phu-hop-khi-chay-bo-di-du-lich-van-phong-di-choi-hang-chinh-hang-p178549512.html?spid=178549518
171898434,Bàn ủi khô Philips HD1172/01 - Hàng chính hãng,409000.0,449000.0,40000.0,4.8,16,162514,,https://tiki.vnban-ui-kho-philips-hd1172-01-hang-chinh-hang-p171898434.html?spid=171898435
108067800,Máy Hút Bụi Khử Khuẩn & Vệ Sinh Giường Nệm Cầm Tay Deerma CM800 hàng chính hãng,790000.0,890000.0,100000.0,4.6,21,129537,,https://tiki.vnmay-hut-bui-khu-khuan-ve-sinh-giuong-nem-cam-tay-deerma-cm800-hang-chinh-hang-p108067800.html?spid=130016822
82889681,Quạt treo 1 dây SENKO T1682 - Hàng chính hãng,338000.0,338000.0,0.0,0.0,0,187775,,https://tiki.vnquat-treo-1-day-senko-t1682-hang-chinh-hang-p82889681.html?spid=195970133
79545803,Máy Lọc Nước ChungHo Iguassu Ambient CHP-1270D,7225000.0,7225000.0,0.0,0.0,0,165106,,https://tiki.vnmay-loc-nuoc-chungho-iguassu-ambient-chp-1270d-p79545803.html?spid=79545806
66545379,"Máy xay thịt cá OSAKO, bộ dao 4 lưỡi-Hàng chính hãng - OST-350-350W-cối thủy tinh",595000.0,595000.0,0.0,4.0,1,33792,,https://tiki.vnmay-xay-thit-ca-osako-bo-dao-4-luoi-hang-chinh-hang-p66545379.html?spid=66545381
59500378,Máy cạo râu Philips Norelco S1560/81 Shaver 2100 - Hàng Chính Hãng,1737000.0,1737000.0,0.0,5.0,22,112115,,https://tiki.vnmay-cao-rau-philips-norelco-s1560-81-shaver-2100-hang-chinh-hang-p59500378.html?spid=59500379
58057110,Máy xay sinh tố Philips HR2222/00 (700W) - Hàng Chính Hãng,1145000.0,1599000.0,454000.0,4.7,272,1,,https://tiki.vnmay-xay-sinh-to-philips-hr2222-00-700w-hang-chinh-hang-p58057110.html?spid=58057111
53729264,Nồi Cơm Điện Nắp Gài Nagakawa NAG0131 (1.2 Lít) - Hàng Chính Hãng,1305000.0,1305000.0,0.0,5.0,1,4045,,https://tiki.vnnoi-com-dien-nap-gai-nagakawa-nag0131-1-2-lit-hang-chinh-hang-p53729264.html?spid=166417014
16934551,Máy Cạo Râu Mạnh Mẽ Tiện Dụng Phong Cách SCW301U,89000.0,89000.0,0.0,4.5,36,22096,,https://tiki.vnmay-cao-rau-manh-me-tien-dung-phong-cach-scw301u-p16934551.html?spid=17000483
792736,Ấm Siêu Tốc Trường Thọ BA 2088 - Vàng (5L)- Hãng chính hãng,418950.0,418950.0,0.0,4.2,6,389,,https://tiki.vnam-sieu-toc-truong-tho-ba-2088-vang-5l-hang-chinh-hang-p792736.html?spid=793644
572162,Lò Sưởi Dầu Tiross 13 Thanh TS-926-1 - Hàng Chính Hãng,2599000.0,2599000.0,0.0,3.7,3,99996,,https://tiki.vnlo-suoi-dau-tiross-13-thanh-ts-926-1-hang-chinh-hang-p572162.html?spid=45882447
532489,Máy Hút Mùi Âm Tủ Vỏ Inox Sunhouse SHB6118I - Bạc - Hàng chính hãng,1790000.0,1790000.0,0.0,0.0,0,16958,,https://tiki.vnmay-hut-mui-am-tu-vo-inox-sunhouse-shb6118i-bac-hang-chinh-hang-p532489.html?spid=14274495
495733,Quạt Sạc Kiêm Đèn Sạc Kentom KT9100- Hãng chính hãng,699000.0,699000.0,0.0,4.3,11,132610,,https://tiki.vnquat-sac-kiem-den-sac-kentom-kt9100-hang-chinh-hang-p495733.html?spid=78939497
278959371,Quạt Treo Tường Có Remote Panasonic F409MB - Xanh Dương - Hàng chính hãng,2190000.0,2190000.0,0.0,0.0,0,184067,,https://tiki.vnquat-treo-tuong-co-remote-panasonic-f409mb-xanh-duong-hang-chinh-hang-p278959371.html?spid=278959372
278686522,Ấm sắc thuốc Midea MD-JYE3001 Hàng chính hãng,1190000.0,1190000.0,0.0,0.0,0,20256,,https://tiki.vnam-sac-thuoc-midea-md-jye3001-hang-chinh-hang-p278686522.html?spid=278686523
278215221,Bếp hồng ngoại Kimiko Hàn Quốc IK-HN182Pro công suất 2200W - Hàng chính hãng,1250000.0,1250000.0,0.0,0.0,0,125683,,https://tiki.vnbep-hong-ngoai-kimiko-han-quoc-ik-hn182pro-cong-suat-2200w-hang-chinh-hang-p278215221.html?spid=278215222
277980683,Quạt hướng trục Đài Loan JY-100TP-C JY-150TP-C 60W-65W - Bảo Hành 24 Tháng - Hàng Chính Hãng,800500.0,800500.0,0.0,0.0,0,357842,,https://tiki.vnquat-huong-truc-dai-loan-jy-100tp-c-jy-150tp-c-60w-65w-bao-hanh-24-thang-hang-chinh-hang-p277980683.html?spid=277980805
277941553,"Quạt cầm tay turbo mini siêu mát Pin trâu 1200 mAh, nhỏ gọn linh hoạt hiệu WlWU WI-FS012 - 03 chế độ gió, dùng liên tục 6h, thiết kế đẹp, bền - hàng nhập khẩu",262000.0,262000.0,0.0,0.0,0,1710,,https://tiki.vnquat-cam-tay-turbo-mini-sieu-mat-pin-trau-1200-mah-nho-gon-linh-hoat-hieu-wlwu-wi-fs012-03-che-do-gio-dung-lien-tuc-6h-thiet-ke-dep-ben-hang-nhap-khau-p277941553.html?spid=277941554
277574414,"Máy phun sương dùng pin Rhino H605 tạo ẩm 1200 mAh, 5 chế độ, nhỏ gọn, tích hợp đèn LED - Hàng chính hãng",25000.0,25000.0,0.0,0.0,0,125741,,https://tiki.vnmay-phun-suong-dung-pin-rhino-h605-tao-am-1200-mah-5-che-do-nho-gon-tich-hop-den-led-p277574414.html?spid=277574832
276542448,[Hàng chính hãng] Máy may Brother JA1450NT,3928000.0,3928000.0,0.0,0.0,0,149312,,https://tiki.vnhang-chinh-hang-may-may-brother-ja1450nt-p276542448.html?spid=276542449
276233273,Bếp từ Hafele HSI-21FW (536.61.990) - Hàng Chính Hãng,1218000.0,1218000.0,0.0,0.0,0,129683,,https://tiki.vnbep-tu-hafele-hsi-21fw-536-61-990-hang-chinh-hang-p276233273.html?spid=278848162
275974440,Bếp từ đơn Hawonkoo CEH-101-I-PK - Hàng Chính Hãng,959000.0,959000.0,0.0,0.0,0,168717,,https://tiki.vnbep-tu-don-hawonkoo-ceh-101-i-pk-hang-chinh-hang-p275974440.html?spid=275974441
275840411,"Bếp Nướng Điện, Loại Có Vỉ Chống Dính, Bếp Nướng Điện Không Khói Electric Barbecue Grill, Công Suất 2000w - Hàng Nhập Khẩu",245000.0,245000.0,0.0,5.0,1,78619,,https://tiki.vnbep-nuong-dien-loai-co-vi-chong-dinh-bep-nuong-dien-khong-khoi-electric-barbecue-grill-cong-suat-2000w-p275840411.html?spid=275840412
275609081,Bàn ủi hơi nước Bluestone SIB-3835 - Hàng chính hãng,899000.0,899000.0,0.0,0.0,0,162514,,https://tiki.vnban-ui-hoi-nuoc-bluestone-sib-3835-hang-chinh-hang-p275609081.html?spid=275609082
274868141,"Máy ép trái cây công nghiệp Mitomo KJ-3057, 1000W chuyên dụng cho quán kinh doanh nước ép - Hàng chính hãng",2199000.0,3299000.0,1100000.0,0.0,0,276496,,https://tiki.vnmay-ep-trai-cay-cong-nghiep-mitomo-kj-3057-1000w-chuyen-dung-cho-quan-kinh-doanh-nuoc-ep-hang-chinh-hang-p274868141.html?spid=274868142
274862903,"Quạt đứng, Quạt điều khiển, Quạt cây Koreno mẫu mã samg trọng động cơ chạy êm gió mát hàng chính hãng Bảo hành 2 năm.",1450000.0,1450000.0,0.0,0.0,0,297289,,https://tiki.vnquat-dung-quat-dieu-khien-quat-cay-koreno-mau-ma-samg-trong-dong-co-chay-em-gio-mat-hang-chinh-hang-bao-hanh-2-nam-p274862903.html?spid=274862904
273641116,Bếp hồng ngoại cơ Sunhouse SHD6011 - Tặng kèm vỉ nướng - [Hàng Chính Hãng - Bảo Hành 12 Tháng],800000.0,800000.0,0.0,0.0,0,307706,,https://tiki.vnbep-hong-ngoai-co-sunhouse-shd6011-tang-kem-vi-nuong-hang-chinh-hang-bao-hanh-12-thang-p273641116.html?spid=273641117
273417133,"Bình đun nước Gali cao cấp GL-0017T, công suất 1850W. Thân bình thủy tinh cao cấp chịu nhiệt nóng lạnh, hàng chính hãng 100%. Bảo hành 24 tháng Gali.",640000.0,640000.0,0.0,0.0,0,347151,,https://tiki.vnbinh-dun-nuoc-gali-cao-cap-cong-suat-1850w-than-binh-thuy-tinh-cao-cap-chiu-nhiet-nong-lanh-hang-chinh-hang-100-bao-hanh-24-thang-gali-p273417133.html?spid=273417134
273259436,"Máy xay sinh tố Toshiba BL-70PS1PV 1.5 lít - Cối Tritan siêu cứng - Công suất 700W - Hàng chính hãng - Bảo hành 12 tháng, Chất lượng Nhật Bản",1729000.0,1990000.0,261000.0,0.0,0,345161,,https://tiki.vnmay-xay-sinh-to-toshiba-bl-70ps1pv-1-5-lit-coi-tritan-sieu-cung-cong-suat-700w-hang-chinh-hang-bao-hanh-12-thang-chat-luong-nhat-ban-p273259436.html?spid=273259437
272340199,Lõi lọc RO Hòa Phát 75 GPD nhập khẩu Hàn Quốc - Hàng chính hãng,668000.0,668000.0,0.0,0.0,0,336979,,https://tiki.vnloi-loc-ro-hoa-phat-75-gpd-nhap-khau-han-quoc-hang-chinh-hang-p272340199.html?spid=272340200
270244623,"Quạt Fan mini đeo cổ / choàng cổ hiệu WiWU Halter Neck Fan FS02 - thổi gió góc 120 độ, không cánh quạt hạn chế tiếng ồn, hoạt động lên lên đến 10h - hàng nhập khẩu",416898.0,416898.0,0.0,0.0,0,141107,,https://tiki.vnquat-fan-mini-deo-co-choang-co-hieu-wiwu-halter-neck-fan-fs02-thoi-gio-goc-120-do-khong-canh-quat-han-che-tieng-on-hoat-dong-len-len-den-10h-hang-nhap-khau-p270244623.html?spid=271420631
257848360,Túi hút chân không Bluestone VBB-2121 - Hàng chính hãng ,139000.0,139000.0,0.0,0.0,0,162514,,https://tiki.vntui-hut-chan-khong-bluestone-vbb-2121-hang-chinh-hang-p257848360.html?spid=257848361
252849029,"Combo Bộ 3 Lõi Lọc Nước Thô 1,2,3 Dành Cho Máy Lọc Nước Karofi Livotec 612 - Hàng Chính Hãng",180000.0,180000.0,0.0,0.0,0,11119,,https://tiki.vncombo-bo-3-loi-loc-nuoc-tho-1-2-3-danh-cho-may-loc-nuoc-karofi-livotec-612-hang-chinh-hang-p252849029.html?spid=252849030
252762520,"Quạt mini để bàn kiêm kẹp đa năng xoay 360 tích hợp đèn ngủ hiệu HOTCASE Yase YS-2208B - trang bị chức năng xoay đảo gió, 2 mức tốc độ gió, hoạt động lên lên đến 4h - Hàng nhập khẩu",119000.0,119000.0,0.0,0.0,0,1710,,https://tiki.vnquat-cam-tay-mini-hieu-hotcase-yase-ys-22008b-hang-nhap-khau-p252762520.html?spid=252762528
252720212,Quạt Lỡ USS -L03-Hàng chính hãng(Giao màu ngẫu nhiên),319000.0,319000.0,0.0,0.0,0,32850,,https://tiki.vnqua-t-lo-uss-l03-ma-u-nga-u-nhien-ha-ng-chi-nh-ha-ng-p252720212.html?spid=252720213
252132703,Combo 1 bộ 123 + 1 lõi số 1 Sunhouse SHLL (tổng 4 lõi) - Hàng chính hãng,35000.0,35000.0,0.0,4.8,12,55218,,https://tiki.vncombo-1-bo-123-1-loi-so-1-sunhouse-shll-tong-4-loi-hang-chinh-hang-p252132703.html?spid=252132709
236080379,Bình đun siêu tốc Sharp 1 lít EKJ-10DVPS - Hàng chính hãng,499000.0,499000.0,0.0,0.0,0,162514,,https://tiki.vnbinh-dun-sieu-toc-sharp-1-lit-ekj-10dvps-hang-chinh-hang-p236080379.html?spid=236080383
209273010,"Quạt trần 6 cánh sải cánh dài 1.47m, đèn led ba chế độ ánh sáng, có điều khiển từ xa",1750000.0,1750000.0,0.0,0.0,0,151570,,https://tiki.vnquat-tran-6-canh-sai-canh-dai-1-47m-den-led-ba-che-do-anh-sang-co-dieu-khien-tu-xa-p209273010.html?spid=209273011
205920423,Máy khử khuẩn thực phẩm cầm tay Nagakawa NAG3902 - Công nghệ Hydroxyl - Hàng Chính Hãng,1690000.0,1690000.0,0.0,5.0,8,4045,,https://tiki.vnmay-khu-khuan-thuc-pham-cam-tay-nagakawa-nag3902-cong-nghe-hydroxyl-hang-chinh-hang-p205920423.html?spid=205920424
205698315,MÁY HÚT MÙI EUROSUN EH-90CN73 - HÀNG CHÍNH HÃNG,9035000.0,9035000.0,0.0,0.0,0,143120,,https://tiki.vnmay-hut-mui-eurosun-eh-90cn73-hang-chinh-hang-p205698315.html?spid=205698316
204430353,Quạt hút mái Vortex Powerfans VF-315R - Hàng chính hãng,9100000.0,9100000.0,0.0,0.0,0,311940,,https://tiki.vnquat-hut-mai-vortex-powerfans-vf-315r-hang-chinh-hang-p204430353.html?spid=204430354
204417063,"Ấm đun nước siêu tốc Kalpen KK9901 dung tích 1.8 lít, công suất 1500W, chất liệu inox 304 - BHàng chính hãng",499000.0,499000.0,0.0,5.0,1,337543,,https://tiki.vnam-dun-nuoc-sieu-toc-kalpen-kk9901-dung-tich-1-8-lit-cong-suat-1500w-chat-lieu-inox-304-bao-hanh-24-thang-p204417063.html?spid=262503678
202804417,Máy xay sinh tố mini Hafele GS-621 - Hàng chính hãng (535.43.263),961000.0,961000.0,0.0,0.0,0,309071,,https://tiki.vnmay-xay-sinh-to-mini-hafele-gs-621-535-43-263-hang-chinh-hang-p202804417.html?spid=202804418
195849607,"Siêu sắc thuốc Korea King KMP–7000G (220V/50HZ, 3000ML, 330W )- Hàng chính hãng",4880000.0,4880000.0,0.0,0.0,0,187653,,https://tiki.vnsieu-sac-thuoc-korea-king-kmp-7000g-220v-50hz-3000ml-330w-hang-chinh-hang-p195849607.html?spid=195849608
192706164,Máy hút mùi cho nhà bếp công nghệ hiện đại BAUER BC 70EC3B - Hàng chính hãng,6600000.0,6600000.0,0.0,0.0,0,292952,,https://tiki.vnmay-hut-mui-cho-nha-bep-cong-nghe-hien-dai-bauer-bc-70ec3b-gokitchen-hang-chinh-hang-p192706164.html?spid=192706165
188128092,"Cút nối nhanh máy lọc nước, Van 1 chiều, Cút màng RO, Cút Bơm - Hàng Chính Hãng - CÚT VỎ MÀNG RO REN",14000.0,14000.0,0.0,5.0,6,279168,,https://tiki.vncut-noi-nhanh-may-loc-nuoc-van-1-chieu-cut-mang-ro-cut-bom-hang-chinh-hang-p188128092.html?spid=188128116
101360480,"Lõi Hydrogen Alkaline Korihome, Nhập khẩu Hàn Quốc - Hàng chính hãng",385000.0,385000.0,0.0,4.3,4,55218,,https://tiki.vnloi-hydrogen-alkaline-korihome-nhap-khau-han-quoc-hang-chinh-hang-p101360480.html?spid=101360481
44157951,"Gioăng – ron các loại ly lọc, cốc lọc và cốc vỏ màng- Hàng chính hãng",15000.0,15000.0,0.0,4.8,14,8413,,https://tiki.vngioang-ron-cac-loai-ly-loc-coc-loc-va-coc-vo-mang-hang-chinh-hang-p44157951.html?spid=44157953
33145135,"Chai tạo nước Hydrogen WaterSmart Model WS-0804-H2, màu hồng, 320ml",2590000.0,2590000.0,0.0,0.0,0,51552,,https://tiki.vnchai-tao-nuoc-hydrogen-watersmart-model-ws-0804-h2-mau-hong-320ml-p33145135.html?spid=33145137
26020564,Bếp Âm Điện Từ - Hồng Ngoại 3 Bếp Elica H15 – EMH7530BL (75cm - 7400W) - Hàng Chính Hãng,18730000.0,18730000.0,0.0,0.0,0,185939,,https://tiki.vnbep-am-dien-tu-hong-ngoai-3-bep-elica-h15-emh7530bl-75cm-7400w-hang-chinh-hang-p26020564.html?spid=104397095
20161873,Máy hút bụi (ướt & khô) VC3210LX1 Makita hàng chính hãng,11999000.0,11999000.0,0.0,0.0,0,902,,https://tiki.vnmay-hut-bui-uot-kho-vc3210lx1-makita-hang-chinh-hang-p20161873.html?spid=59170348
4470673,Bộ lọc nước sinh hoạt 3 cấp lọc 20inch Yamato YMTH20-3TX - Hàng chính hãng,1399000.0,1399000.0,0.0,0.0,0,8412,,https://tiki.vnbo-loc-nuoc-sinh-hoat-3-cap-loc-20inch-yamato-ymth20-3tx-hang-chinh-hang-p4470673.html?spid=4470675
278964374,Màng RO 100GPD Purifim USA (Mỹ) - Hàng chính hãng,935000.0,1228000.0,293000.0,0.0,0,121449,,https://tiki.vnmang-ro-100gpd-purifim-usa-my-hang-chinh-hang-p278964374.html?spid=278964375
278683691,Nồi Cơm Điện Tách Đường Kuchenzimmer 2L-013628 Hàng Chính Hãng,1908000.0,2813000.0,905000.0,0.0,0,1,,https://tiki.vnnoi-com-dien-tach-duong-kuchenzimmer-2l-013628-hang-chinh-hang-p278683691.html?spid=278683693
278682248,Máy xay thực phẩm siêu tiện lợi Kuchenzimmer 013642 - Hàng Chính Hãng,415000.0,612000.0,197000.0,0.0,0,1,,https://tiki.vnmay-xay-thuc-pham-sieu-tien-loi-kuchenzimmer-013642-hang-chinh-hang-p278682248.html?spid=278682250
278146141,Lò vi sóng để bàn Electrolux 23L UltimateTaste 500 - EMM23D22B - Hàng chính hãng,2308000.0,2690000.0,382000.0,0.0,0,1,,https://tiki.vnlo-vi-song-de-ba-n-electrolux-23l-ultimatetaste-500-emm23d22b-hang-chinh-hang-p278146141.html?spid=278146142
277835749,Bếp hồng ngoại đơn Elmich IFE-8906 - Hàng chính hãng,1009000.0,2786000.0,1777000.0,0.0,0,1,,https://tiki.vnbep-hong-ngoai-don-elmich-ife-8906-hang-chinh-hang-p277835749.html?spid=277835750
277615741,Robot hút bụi lau nhà Roborock QR 798 – Hàng Chính Hãng,9590000.0,9590000.0,0.0,0.0,0,308020,,https://tiki.vnrobot-hut-bui-lau-nha-roborock-qr-798-hang-chinh-hang-p277615741.html?spid=277615744
277582161,Máy sấy quần áo Lumias WCD-268W Hàng chính hãng,4490000.0,4490000.0,0.0,0.0,0,20256,,https://tiki.vnmay-say-quan-ao-lumias-wcd-268w-hang-chinh-hang-p277582161.html?spid=277582162
276815483,Bàn Ủi Hơi Nước Đứng Philips AIS6020/70 - Hàng Chính Hãng,6300000.0,6300000.0,0.0,0.0,0,20256,,https://tiki.vnban-ui-hoi-nuoc-dung-philips-ais6020-70-hang-chinh-hang-p276815483.html?spid=276824569
276234422," Bàn là hơi nước Philips Azur Series 7000 DST7060/20, Công suất 3000W, Màu Xanh đen Hàng chính hãng",3790000.0,3790000.0,0.0,0.0,0,20256,,https://tiki.vnban-la-hoi-nuoc-philips-azur-series-7000-dst7060-20-cong-sua-t-3000w-mau-xanh-den-hang-chinh-hang-p276234422.html?spid=276234423
276173158,"Combo 03 Gioăng – ron dùng cho cốc, ly lọc 10 inch (Hàng chính hãng)",45000.0,45000.0,0.0,5.0,1,8413,,https://tiki.vncombo-03-gioang-ron-dung-cho-coc-ly-loc-10-inch-p276173158.html?spid=276173159
276062829,"Máy phun sương, xông tinh dầu Rhino H809 500ml tạo ẩm, 2 đầu phun kèm đèn ngủ - Hàng chính hãng",165000.0,199000.0,34000.0,5.0,2,125741,,https://tiki.vnmay-phun-suong-xong-tinh-dau-rhino-h809-500ml-tao-am-2-dau-phun-kem-den-ngu-p276062829.html?spid=276062840
275886062,Nồi cơm điện 1.2L Mishio MK387 - Hàng chính hãng,664050.0,699000.0,34950.0,5.0,1,160749,,https://tiki.vnnoi-com-dien-1-2l-mishio-mk387-hang-chinh-hang-p275886062.html?spid=275886063
275853866,Máy ép chậm trái cây nguyên quả Hàng chính hãng,695000.0,950000.0,255000.0,4.0,2,236185,,https://tiki.vnmay-ep-cham-trai-cay-nguyen-qua-hang-chinh-hang-p275853866.html?spid=275853867
275825297,Máy làm sữa hạt Bear 1L SB-SH09Q 1L (800W)- Hàng chính hãng,1048000.0,1950000.0,902000.0,4.5,2,1,,https://tiki.vnmay-lam-sua-hat-bear-1l-sb-sh09q-1l-800w-hang-chinh-hang-p275825297.html?spid=275825298
275824980,Máy làm sữa hạt Bear 0.6L SB-SH06C 0.6L (600W) - Hàng chính hãng,916000.0,3600000.0,2684000.0,5.0,2,1,,https://tiki.vnmay-lam-sua-hat-bear-0-6l-sb-sh06c-0-6l-600w-hang-chinh-hang-p275824980.html?spid=275824983
274863970,Máy nướng bánh mỳ Taurus My Toast II Legend Hàng chính hãng,930000.0,930000.0,0.0,5.0,1,20256,,https://tiki.vnmay-nuong-banh-my-taurus-my-toast-ii-legend-hang-chinh-hang-p274863970.html?spid=274863971
274706945,Máy Xay Thịt Cối Inox 304 Loại 4 Lưỡi Đa Năng Công Suất 250W Máy Xay Mini Cầm Tay Siêu Khỏe Dễ Dàng Sử Dụng  Dung Tích 2 Lít - Hàng Nhập Khẩu,108000.0,108000.0,0.0,4.0,1,131238,,https://tiki.vnmay-xay-thit-coi-inox-304-loai-4-luoi-da-nang-cong-suat-250w-may-xay-mini-cam-tay-sieu-khoe-de-dang-su-dung-dung-tich-2-lit-p274706945.html?spid=274706946
273079264,Máy Hút Bụi Công Nghiệp Jetman 25L+30L+40L (Bảo hành 1 năm),1750000.0,1750000.0,0.0,5.0,1,86709,,https://tiki.vnmay-hut-bui-cong-nghiep-jetman-25l-30l-40l-bao-hanh-1-nam-p273079264.html?spid=273079266
263482020,MÁY LỌC NƯỚC KAROFI KAQ-D36S 11 LÕI LỌC - HÀNG CHÍNH HÃNG,4659000.0,7499000.0,2840000.0,0.0,0,218,,https://tiki.vnmay-loc-nuoc-karofi-kaq-d36s-11-loi-loc-hang-chinh-hang-p263482020.html?spid=263482021
236158410,Bình thủy điện Sharp 1.7 lít KP-20BTV - Hàng chính hãng,1240000.0,1240000.0,0.0,4.5,2,162514,,https://tiki.vnbinh-thuy-dien-sharp-1-7-lit-kp-20btv-hang-chinh-hang-p236158410.html?spid=236158798
225100706,"Bếp hồng ngoại Daewoo công suất 2200W, điều khiển cảm ứng - Hàng chính hãng",999000.0,1790000.0,791000.0,0.0,0,1,,https://tiki.vnbep-hong-ngoai-daewoo-cong-suat-2200w-dieu-khien-cam-ung-hang-chinh-hang-p225100706.html?spid=275498397
217740545,Máy lọc không khí Xiaomi Smart Air Purifier 4 Compact - Hàng Chính Hãng,2090000.0,2090000.0,0.0,0.0,0,34716,,https://tiki.vnmay-loc-khong-khi-xiaomi-smart-air-purifier-4-compact-hang-chinh-hang-p217740545.html?spid=217740546
205622178,"Nồi hấp điện đa năng LEBENLANG LBEL5031 nồi hấp 3 tầng, siêu tiện lợi, dung tích 18L, công suất 900W - hàng chính hãng",920000.0,920000.0,0.0,0.0,0,7880,,https://tiki.vnnoi-hap-dien-da-nang-lebenlang-lbel5031-noi-hap-3-tang-sieu-tien-loi-dung-tich-18l-cong-suat-900w-hang-chinh-hang-p205622178.html?spid=242751742
188487069,Lò nướng Electrolux để bàn UltimateTaste 500 32L EOT3218XG - Hàng chính hãng,3500000.0,3500000.0,0.0,0.0,0,292953,,https://tiki.vnlo-nuong-electrolux-de-ban-ultimatetaste-500-32l-eot3218xg-hang-chinh-hang-p188487069.html?spid=193746395
187005226,Nồi điện đa năng Bcook BC03 Có khay hấp - Hàng chính hãng,349000.0,349000.0,0.0,4.6,16,64798,,https://tiki.vnnoi-da-nang-noi-lau-chong-dinh-bcook-1-8l-co-hap-hang-chinh-hang-p187005226.html?spid=187005227
186552176,Quạt Hộp USS-Hàng Chính Hãng,280000.0,280000.0,0.0,5.0,1,126333,,https://tiki.vnqua-t-ho-p-uss-ha-ng-chi-nh-ha-ng-p186552176.html?spid=186552178
177924749,Máy xay sinh tố cầm tay Bear LLJ-B03C1 - Hàng chính hãng,799000.0,799000.0,0.0,3.0,3,162514,,https://tiki.vnmay-xay-sinh-to-cam-tay-bear-llj-b03c1-hang-chinh-hang-p177924749.html?spid=177924750
152748162,Máy ép chậm Kangaroo KG200SJD2 - Hàng chính hãng,1760000.0,4870000.0,3110000.0,3.7,3,1,,https://tiki.vnmay-ep-cham-kangaroo-kg200sjd2-hang-chinh-hang-p152748162.html?spid=163285609
142334155,"Nồi Kho Đa Năng Gốm/ Sứ 2,5L Đạt Tường - DTSC25S ; 25G - Hàng Chính Hãng",247200.0,247200.0,0.0,0.0,0,236615,,https://tiki.vnnoi-kho-da-nang-gom-su-2-5l-dat-tuong-dtsc25s-25g-hang-chinh-hang-p142334155.html?spid=142334159
117171862,Ấm điện siêu tốc Đạt Tường 5l vòi dài tự ngắt điện khi nước sôi an toàn cho mọi người - Hàng chính hãng,299000.0,299000.0,0.0,3.8,9,212852,,https://tiki.vnam-dien-sieu-toc-dat-tuong-5l-voi-dai-tu-ngat-dien-khi-nuoc-soi-an-toan-cho-moi-nguoi-p117171862.html?spid=117171864
100168370,Bàn là hơi nước Philips GC1740/20 - Hàng chính hãng,630000.0,630000.0,0.0,0.0,0,11119,,https://tiki.vnban-la-hoi-nuoc-philips-gc1740-20-hang-chinh-hang-p100168370.html?spid=197741592
58616785,Quạt Bàn Đảo 2 Tấc Senko BD230 - Hàng Chính Hãng - Màu Ngẫu Nhiên,238000.0,238000.0,0.0,4.5,34,187775,,https://tiki.vnquat-ban-dao-2-tac-senko-bd230-hang-chinh-hang-mau-ngau-nhien-p58616785.html?spid=101854285
48330795,Máy lọc không khí tạo ion Maxell AP-AR201SL - Hàng Chính Hãng,1366000.0,1400000.0,34000.0,5.0,1,12063,,https://tiki.vnmay-loc-khong-khi-tao-ion-maxell-ap-ar201sl-hang-chinh-hang-p48330795.html?spid=48330796
17337861,Lò Nướng Thùng Saiko TO-80E (80L) - Hàng Chính Hãng,2990000.0,2990000.0,0.0,0.0,0,20256,,https://tiki.vnlo-nuong-thung-saiko-to-80e-80l-hang-chinh-hang-p17337861.html?spid=260645026
2001083,Bếp Gas Dương Kính Sunhouse SHB3336 - Hàng chính hãng,835000.0,835000.0,0.0,4.8,19,133145,,https://tiki.vnbep-gas-duong-ki-nh-sunhouse-shb3336-hang-chinh-hang-p2001083.html?spid=58009563
1733779,Quạt Treo Tường 2 Dây Senko TC1622 (65W) - Cam - Hàng Chính Hãng,444000.0,444000.0,0.0,4.8,19,187775,,https://tiki.vnquat-treo-tuong-2-day-senko-tc1622-65w-cam-hang-chinh-hang-p1733779.html?spid=101854584
795679,Quạt Bàn Đảo 2 Tấc Senko BD230 (27W),238000.0,238000.0,0.0,4.8,21,187775,,https://tiki.vnquat-ban-dao-2-tac-senko-bd230-27w-hang-chinh-hang-p795679.html?spid=101854815
730051,Quạt Treo Tường Lifan TE1689 - Xám Trắng - Hàng Chính Hãng,780000.0,780000.0,0.0,4.6,5,187775,,https://tiki.vnquat-treo-tuong-lifan-te1689-xam-trang-hang-chinh-hang-p730051.html?spid=110442842
556283,Nồi Cơm Điện Tử Tiger JBV-S10W - 1 Lít - Hàng Chính Hãng,3990000.0,3990000.0,0.0,0.0,0,165778,,https://tiki.vnnoi-com-dien-tu-tiger-jbv-s10w-1-lit-hang-chinh-hang-p556283.html?spid=90660219
532703,Bếp Nướng Điện Sunhouse SHD4600 - Đen- Hàng chính hãng,615000.0,615000.0,0.0,4.6,5,133145,,https://tiki.vnbe-p-nuo-ng-die-n-sunhouse-shd4600-den-hang-chinh-hang-p532703.html?spid=57964370
278868699,Nồi cơm điện tử cao tần ruột Inox chống dính tự nhiên Hàn Quốc JNRC-401 dung tích 1.5L - Hàng chính hãng,4950000.0,5500000.0,550000.0,0.0,0,125683,,https://tiki.vnnoi-com-dien-tu-cao-tan-ruot-inox-chong-dinh-tu-nhien-han-quoc-jnrc-401-dung-tich-1-5l-hang-chinh-hang-p278868699.html?spid=278868700
278730219,Máy xay cầm tay DAEWOO DWBL-4515 (450ml) Hàng Chính Hãng,384000.0,599000.0,215000.0,0.0,0,1,,https://tiki.vnmay-xay-cam-tay-daewoo-dwbl-4515-450ml-hang-chinh-hang-p278730219.html?spid=278730220
278681039,Bếp từ đôi mini cao cấp Elmich ICE-8944 - Hàng chính hãng,3613000.0,9508000.0,5895000.0,5.0,1,1,,https://tiki.vnbep-tu-doi-mini-cao-cap-elmich-ice-8944-hang-chinh-hang-p278681039.html?spid=278681040
278628432,Bàn ủi hơi cầm tay Panasonic NI-GHD015WRA - 1300W - Hàng chính hãng,945000.0,1090000.0,145000.0,0.0,0,1,,https://tiki.vnban-ui-hoi-cam-tay-panasonic-ni-ghd015wra-1300w-hang-chinh-hang-p278628432.html?spid=278628433
278441788,Lò vi sóng Toshiba 20 lít MW2-MM20P(BK) - Hàng chính hãng,1349000.0,1890000.0,541000.0,0.0,0,345161,,https://tiki.vnlo-vi-song-toshiba-mwp-mm20p-bk-20-lit-hang-chinh-hang-p278441788.html?spid=278441789
278237967,Robot Hút Bụi Lau Nhà Xiaomi Vacuum S40C - GiaPhucStore | Hàng Chính Hãng,4990000.0,4990000.0,0.0,0.0,0,34716,,https://tiki.vnrobot-hut-bui-lau-nha-xiaomi-vacuum-s40c-giaphucstore-hang-chinh-hang-p278237967.html?spid=278237968
277448903,Máy sưởi dầu 13 thanh TIROSS TS9221 - Hàng chính hãng,3299000.0,3299000.0,0.0,0.0,0,99996,,https://tiki.vnmay-suoi-dau-13-thanh-tiross-ts9221-hang-chinh-hang-p277448903.html?spid=277448904
276940009,Nồi Chiên Không Dầu SRAPP SH-AF11 11L - Hàng Chính Hãng,935000.0,935000.0,0.0,0.0,0,11119,,https://tiki.vnnoi-chien-khong-dau-srapp-sh-af11-11l-hang-chinh-hang-p276940009.html?spid=276940010
276856590,Máy sưởi ấm phòng ngủ quạt sưởi cho phòng máy sưởi mini nóng nhanh an toàn cho trẻ em - Hàng chính hãng SƯỞI G,500000.0,500000.0,0.0,0.0,0,353491,,https://tiki.vnmay-suoi-dien-may-suoi-am-phong-ngu-quat-suoi-cho-van-phong-may-suoi-mini-suoi-dien-hong-ngoai-nong-nhanh-an-toan-hang-nhap-khau-p276856590.html?spid=276856591
276755013,"Máy sưởi điện Korichi Thái Lan KRC-2886 công suất 2000W, bảo hành 12 tháng - Hàng chính hãng",1350000.0,1350000.0,0.0,5.0,1,125683,,https://tiki.vnmay-suoi-dien-korichi-thai-lan-krc-2886-cong-suat-2000w-bao-hanh-12-thang-hang-chinh-hang-p276755013.html?spid=276755016
276652963,"Phích cắm chuyển đổi 3 chân sang 2 chân, ổ cắm chuyển đổi 3 chấu nguồn 220V phù hợp mọi loại đầu cắm - Hàng chính hãng",15000.0,15000.0,0.0,3.7,3,156118,,https://tiki.vnphich-cam-chuyen-doi-3-chan-sang-2-chan-o-cam-chuyen-doi-3-chau-nguon-220v-phu-hop-moi-loai-dau-cam-p276652963.html?spid=276883072
276567503,Nồi Chiên Không Dầu Khổng Lồ 12 Lít Mishio MK393 1700W - Hàng chính hãng,1139050.0,1199000.0,59950.0,5.0,3,160749,,https://tiki.vnnoi-chien-khong-dau-khong-lo-12-lit-mishio-mk393-1700w-hang-chinh-hang-p276567503.html?spid=276567507
276438100,Bàn ủi hơi nước Bear IR-4H15H 1500W - Hàng chính hãng,678000.0,1280000.0,602000.0,5.0,2,1,,https://tiki.vnban-ui-hoi-nuoc-bear-dyd-b15m5-1500w-hang-chinh-hang-p276438100.html?spid=276438101
275494229,Bàn ủi hơi nước đứng Philips STE3160/30  - Hàng chính hãng,2724000.0,3390000.0,666000.0,0.0,0,1,,https://tiki.vnban-ui-hoi-nuoc-dung-philips-ste3160-30-hang-chinh-hang-p275494229.html?spid=275494231
275376631,"Máy hâm nước pha sữa, đun nước Misuta Anh Lam Store cao cấp 2023 có điều chỉnh và giữ nhiệt độ liên tục thông minh - Hàng chính hãng",425000.0,450000.0,25000.0,0.0,0,236185,,https://tiki.vnmay-ham-nuoc-pha-sua-dun-nuoc-misuta-anh-lam-store-cao-cap-2023-co-dieu-chinh-va-giu-nhiet-do-lien-tuc-thong-minh-hang-chinh-hang-p275376631.html?spid=275376633
274990850,Nồi lẩu Bear SB-NL05F 5L (1500W) - Hàng chính hãng,701000.0,1350000.0,649000.0,4.7,3,1,,https://tiki.vnnoi-lau-bear-sb-nl05f-5l-1500w-hang-chinh-hang-p274990850.html?spid=274990853
274607183,Quạt thông minh Mipow Flip Adjust Mini Fan F01 - Hàng chính hãng,290000.0,290000.0,0.0,0.0,0,162514,,https://tiki.vnquat-thong-minh-mipow-flip-adjust-mini-fan-f01-hang-chinh-hang-p274607183.html?spid=274607185
274429479,Lò Nướng Toshiba TL-MC40EZF(GR) - 1800W - 40 Lít - Hàng Chính Hãng,3199000.0,3199000.0,0.0,0.0,0,7880,,https://tiki.vnlo-nuong-toshiba-tl-mc40ezf-gr-1800w-40-lit-hang-chinh-hang-p274429479.html?spid=274429480
274179290,Máy sấy tóc ion âm tốc độ cao Laifen - phiên bản LF03,4000000.0,4000000.0,0.0,0.0,0,341749,,https://tiki.vnmay-say-toc-ion-am-toc-do-cao-laifen-phien-ban-lf03-p274179290.html?spid=274179293
274020813,"Máy pha cà phê espresso CF05 PRO chuyên nghiệp toàn diện DIY, giảm áp tự động an toàn nâng cấp, Hàng Chính Hãng",4690000.0,4690000.0,0.0,5.0,4,179711,,https://tiki.vnmay-pha-ca-phe-espresso-cf05-plus-high-tech-gate-kiem-soat-nhiet-pid-90-95-c-chinh-xac-bo-full-combo-lam-nong-nhanh-tu-dong-mini-nho-gon-gia-dinh-van-phong-hang-chinh-hang-p274020813.html?spid=214582440
273977120,Máy lọc không khí Cuckoo CAC-AG0110FW/WHCKV Khuếch tán tinh dầu dùng trong xe ô tô - Hàng chính hãng Cuckoovina,938000.0,1290000.0,352000.0,0.0,0,29960,,https://tiki.vnmay-loc-khong-khi-cuckoo-cac-ag0110fw-whckv-khuech-tan-tinh-dau-dung-trong-xe-o-to-hang-chinh-hang-cuckoovina-p273977120.html?spid=273977121
273902793,"Nồi cơm điện áp suất kép cao tần Cuckoo 1.08L CRP-NHTR0610FB- Màu đen- công nghệ áp suất xi lanh hiện đại, giúp giảm tiếng ồn- Lòng nồi phủ men Xwall độc quyền- Bảo hành 2 năm - Hàng chính hãng Cuckoovina",11219000.0,13900000.0,2681000.0,0.0,0,29960,,https://tiki.vnno-i-com-die-n-a-p-sua-t-ke-p-cao-ta-n-cuckoo-1-08l-crp-nhtr0610fb-mau-den-cong-nghe-ap-suat-xi-lanh-hien-dai-giup-giam-tieng-on-long-noi-phu-men-xwall-doc-quyen-bao-hanh-2-nam-hang-chinh-hang-cuckoovina-p273902793.html?spid=273902794
260429021,"Nồi cơm điện đa chức năng Daewoo DWRC-Y201 1L lòng nồi phủ Ceramic, với 7 chế độ nấu -Hàng chính hãng",1050000.0,1890000.0,840000.0,4.0,2,1,,https://tiki.vnnoi-com-dien-da-chuc-nang-0-8l-daewoo-dwrc-y201-cong-suat-400w-bao-hanh-12-thang-p260429021.html?spid=275714258
196839555,Máy xay thực phẩm đa năng 3in1 Magic Eco AC-17 2L - Hàng chính hãng,933000.0,2190000.0,1257000.0,5.0,2,1,,https://tiki.vnmay-xay-thuc-pham-da-nang-3in1-magic-eco-ac-17-2l-ha-ng-chi-nh-ha-ng-p196839555.html?spid=196839556
195443845,[Hàng chính hãng] Máy lọc không khí samsung AX60R5080WD/SV,7500000.0,7500000.0,0.0,0.0,0,156174,,https://tiki.vnhang-chinh-hang-may-loc-khong-khi-samsung-ax60r5080wd-sv-p195443845.html?spid=195443847
194957712,Máy hút mùi âm tủ inox phối kính 800mm KAFF KF-TL80H Tặng bộ lọc than thay thế - Hàng Chính Hãng,5280000.0,5280000.0,0.0,0.0,0,296453,,https://tiki.vnmay-hut-mui-am-tu-inox-phoi-kinh-800mm-kaff-kf_tl80h-tang-bo-loc-than-thay-the-_-hang-chinh-hang-p194957712.html?spid=194957713
182558023,"Nồi Điện Đa Năng Chống Dính Cao Cấp LIFE360 Amazing Experience AL-D12L5 (Xanh lục) - Nồi Điện Chống Dính Đa Chức Năng, nấu lẩu, hấp, luộc, xào..., chất liệu cao cấp, an toàn sức khỏe- Hàng chính hãng",579000.0,579000.0,0.0,4.7,6,180208,,https://tiki.vnnoi-dien-da-nang-chong-dinh-cao-cap-life360-amazing-experience-al-d12l5-xanh-luc-noi-dien-chong-dinh-da-chuc-nang-nau-lau-hap-luoc-xao-chat-lieu-cao-cap-an-toan-suc-khoe-hang-chinh-hang-p182558023.html?spid=182558024
173111191,Lò nướng bánh Unox XEFT-04HS-ELDP - Hàng nhập khẩu,50182000.0,50182000.0,0.0,0.0,0,19606,,https://tiki.vnlo-nuong-banh-unox-xeft-04hs-eldp-hang-nhap-khau-p173111191.html?spid=173111192
159241470,Máy lọc không khí Frico Nature Cool FC-AP152C - Hàng nhập khẩu,28110000.0,28110000.0,0.0,0.0,0,18930,,https://tiki.vnmay-loc-khong-khi-frico-nature-cool-fc-ap152c-hang-nhap-khau-p159241470.html?spid=159241474
157542552,"Ca Nấu Mì Mini, Nồi Lẩu Điện Đa Năng Có Tay Cầm, Nắp Thủy Tinh, Size To 18cm Kèm Xửng Hấp - Hàng Loại 1 - Chính Hãng MINIIN",131000.0,131000.0,0.0,4.7,15,134678,,https://tiki.vnca-nau-mi-mini-noi-lau-dien-da-nang-co-tay-cam-nap-thuy-tinh-size-to-18cm-kem-xung-hap-hang-loai-1-chinh-hang-miniin-p157542552.html?spid=157542555
157409687,[CHÍNH HÃNG] Máy Làm Sữa Hạt  - Chống Tràn - Xay Mịn Không Cần Lọc - Máy Xay Nấu Đa Năng phiên bản TIẾNG VIỆT ,2399000.0,2399000.0,0.0,0.0,0,57800,,https://tiki.vnchinh-hang-may-lam-sua-hat-olivo-x20-chong-tran-xay-min-khong-can-loc-may-xay-nau-da-nang-phien-ban-tieng-viet-bao-hanh-1-nam-p157409687.html?spid=157409688
121036328,"Nồi Chiên Không Dầu BEAR QZG-A15V1 Cách Nhiệt, Giảm Độ Ồn, 8 Chương Trình Chiên Tự Động, Dung Tích 10 Lít Công Suất 1500 W - Hàng Chính Hãng",3831000.0,4290000.0,459000.0,0.0,0,1,,https://tiki.vnnoi-chien-khong-dau-bear-qzg-a15v1-cach-nhiet-giam-do-on-8-chuong-trinh-chien-tu-dong-dung-tich-10-lit-cong-suat-1500-w-hang-chinh-hang-p121036328.html?spid=263202980
105742554,Máy xay ăn dặm 0.3L Bear QSJ-A01F2 (GR-B03V2) Hàng chính hãng,398000.0,620000.0,222000.0,4.8,9,1,,https://tiki.vnmay-xay-an-dam-0-3l-bear-qsj-a01f2-gr-b03v2-hang-chinh-hang-p105742554.html?spid=253364418
79578884,Máy Lọc Nước Khử Trùng Nóng Lạnh ChungHo SANITA (TITAN) WP-60C9560M,25415000.0,25415000.0,0.0,0.0,0,165106,,https://tiki.vnmay-loc-nuoc-khu-trung-nong-lanh-chungho-sanita-titan-wp-60c9560m-p79578884.html?spid=79578887
76542609,Máy hút bụi cầm tay không dây loại sạc pin dùng cho gia đình XC628 - lực hút 3200kpa - dung lượng 2200mAh - có thể hút bụi khô và nước - màu xám đen - Hàng Chính Hãng,429000.0,700000.0,271000.0,4.5,74,92468,,https://tiki.vnmay-hut-bui-cam-tay-khong-day-loai-sac-pin-dung-cho-gia-dinh-luc-hut-3200kpa-dung-luong-2200mah-co-the-hut-bui-kho-va-nuoc-mau-xam-den-hang-chinh-hang-p76542609.html?spid=76542610
73628813,"Tông đơ cắt tóc không dây Kemei KM-809A có màn hình LCD tiện dụng, có thể cắm điện trực tiếp",299999.0,299999.0,0.0,0.0,0,239814,,https://tiki.vntong-do-cat-toc-khong-day-kemei-km-809a-co-man-hinh-lcd-tien-dung-co-the-cam-dien-truc-tiep-p73628813.html?spid=183503806
35861897,Máy Lọc Không Khí Daikin MC40UVM6,5549000.0,8499000.0,2950000.0,0.0,0,218,,https://tiki.vnmay-loc-khong-khi-daikin-mc40uvm6-p35861897.html?spid=68090551
973090,Quạt Hút Thông Gió Senko H200 (35W) - Hàng Chính Hãng,305000.0,305000.0,0.0,4.5,10,187775,,https://tiki.vnquat-hut-thong-gio-senko-h200-35w-hang-chinh-hang-p973090.html?spid=101848826
729928,Quạt Treo Tường Tường Lồng Nhựa Lifan T-109 - Xám Trắng - Hàng chính hãng,283000.0,283000.0,0.0,4.5,13,187775,,https://tiki.vnquat-treo-tuong-tuong-long-nhua-lifan-t-109-xam-trang-hang-chinh-hang-p729928.html?spid=109335315
278932079,"Máy Hút Ẩm Dân Dụng Kosmen KM-12W – 12L/Ngày, Vận Hành Êm Ái, Có Wifi & Sấy Quần Áo – Phòng 40m2 - Hàng Chính Hãng, Bảo Hành 2 Năm",4598000.0,4598000.0,0.0,0.0,0,157420,,https://tiki.vnmay-hut-am-dan-dung-kosmen-km-12w-12l-ngay-van-hanh-em-ai-co-wifi-say-quan-ao-phong-40m2-bao-hanh-2-nam-p278932079.html?spid=278932080
278764901,Máy sấy tạo kiểu tóc LocknLock 220-240V - Màu tím xám - ENA526GRY - Hàng chính hãng,2272400.0,4160000.0,1887600.0,0.0,0,1,,https://tiki.vnmay-say-tao-kieu-toc-locknlock-220-240v-mau-tim-xam-ena526gry-hang-chinh-hang-p278764901.html?spid=278764902
278315040,"Quạt Sò Lạnh Cầm Tay Kachi MK419: Mát Lạnh Tức Thì, Đánh Tan Nóng Bức - Hàng chính hãng",474050.0,499000.0,24950.0,0.0,0,160749,,https://tiki.vnquat-so-lanh-cam-tay-kachi-mk419-mat-lanh-tuc-thi-danh-tan-nong-buc-hang-chinh-hang-p278315040.html?spid=278315045
277513305,"Bình Đun Nước Siêu Tốc Cao Cấp – Ấm Siêu Tốc Inox 304 Chống Gỉ, Công Suất 1500W, Dung Tích Lớn 2.5L - Hàng chính hãng D Danido",169000.0,250000.0,81000.0,0.0,0,34473,,https://tiki.vnbinh-dun-nuoc-sieu-toc-cao-cap-am-sieu-toc-inox-304-chong-gi-cong-suat-1500w-dung-tich-lon-2-5l-d-danido-p277513305.html?spid=277513308
277348495,"Nồi cơm điện tử 1.8L Sunhouse SHD8909B - 6 chế dộ, giữ ấm 12 tiếng - Mâm nhiệt lớn, cơm dẻo, chín đều - Hàng chính hãng",971000.0,3114000.0,2143000.0,5.0,3,1,,https://tiki.vnnoi-com-dien-tu-1-8l-sunhouse-shd8909b-6-che-do-giu-am-12-tieng-mam-nhiet-lon-com-deo-chin-deu-p277348495.html?spid=277348496
277172330,Nồi nấu chậm lòng sứ 3L Mishio MK397 kèm xửng hấp và 4 thố sứ tiện lợi không lo cháy khét hay bong tróc chống dính - Hàng chính hãng,1341000.0,1490000.0,149000.0,0.0,0,160749,,https://tiki.vnnoi-nau-cham-long-su-3l-mishio-mk397-kem-xung-hap-va-4-tho-su-tien-loi-khong-lo-chay-khet-hay-bong-troc-chong-dinh-hang-chinh-hang-p277172330.html?spid=277172331
276855962,[GIÁ TẠI KHO] - Robot Hút Bụi Lau Nhà Ecovacs Deebot U2 Pro - 1 ĐỔI 1 TRONG 12 THÁNG - Hàng chính hãng Ecovacs,6890000.0,6890000.0,0.0,0.0,0,141931,,https://tiki.vngia-tai-kho-robot-hut-bui-lau-nha-ecovacs-deebot-u2-pro-1-doi-1-trong-12-thang-hang-chinh-hang-ecovacs-p276855962.html?spid=276855963
276821699,Máy lọc không khí Philips AC0950/10 Hàng chính hãng,4390000.0,4390000.0,0.0,0.0,0,20256,,https://tiki.vnmay-loc-khong-khi-philips-ac0950-10-hang-chinh-hang-p276821699.html?spid=276821700
276744180,Máy hút bụi lau nhà cầm tay Roborock F25 – Hàng Chính Hãng,6690000.0,6690000.0,0.0,4.0,1,308020,,https://tiki.vnmay-hut-bui-lau-nha-cam-tay-roborock-f25-hang-chinh-hang-p276744180.html?spid=276744181
276562665,Bàn Ủi Hơi Nước Cầm Tay PHILIPS STH5020/20 - Hàng chính hãng,1283000.0,1499000.0,216000.0,5.0,1,1,,https://tiki.vnban-ui-hoi-nuoc-cam-tay-philips-sth5020-20-hang-chinh-hang-p276562665.html?spid=276562666
276405738,Máy uốn tóc xoay tự động Kemei KM-2063 điều chỉnh 12 mức nhiệt độ phù hợp với mọi loại tóc - Hàng chính hãng,599000.0,599000.0,0.0,0.0,0,110704,,https://tiki.vnmay-uon-toc-xoay-tu-dong-kemei-km-2063-dieu-chinh-12-muc-nhiet-do-phu-hop-voi-moi-loai-toc-hang-chinh-hang-p276405738.html?spid=276405739
276235560,"Máy làm sữa hạt đa năng Bear PBJ-C16Q8 (HB-4H16N) 1,5 lít - Hàng chính hãng",1208000.0,2590000.0,1382000.0,0.0,0,1,,https://tiki.vnmay-lam-sua-hat-da-nang-bear-pbj-c16q8-1-5-lit-hang-chinh-hang-p276235560.html?spid=276235564
275889583,"Nồi Lẩu Điện Mini Đa Năng 28CM, Chống Dính Vân Đá Cao Cấp Công Suất 1000W - Tiện Dụng 3 Nấc Nhiệt Kèm Giá Hấp - Hàng Chính hãng",275000.0,375000.0,100000.0,0.0,0,236185,,https://tiki.vnnoi-lau-dien-mini-da-nang-28cm-chong-dinh-van-da-cao-cap-cong-suat-1000w-tien-dung-3-nac-nhiet-kem-gia-hap-hang-chinh-hang-p275889583.html?spid=275889584
275750873,"Lò nướng Sharp EO-A384RCSV-ST 38 lít, Công suất 1800W - Hàng chính hãng",2549000.0,3390000.0,841000.0,0.0,0,345161,,https://tiki.vnlo-nuong-sharp-eo-a384rcsv-st-38-lit-cong-suat-1800w-hang-chinh-hang-p275750873.html?spid=275750874
274966788,Bếp điện từ đơn model KG20IC3 - Hàng chính hãng,1332000.0,1990000.0,658000.0,0.0,0,1,,https://tiki.vnbep-dien-tu-don-model-kg20ic3-hang-chinh-hang-p274966788.html?spid=274966791
274671205,"Ấm Siêu Tốc JipLai Thái Lan 2.5L - Ấm Siêu Tốc Thái Công Nghệ Inverter Chống Nóng, Giật Giao Màu Ngẫu Nhiên - Hàng Nhập Khẩu",98000.0,98000.0,0.0,0.0,0,131238,,https://tiki.vnam-sieu-toc-jiplai-thai-lan-2-5l-am-sieu-toc-thai-cong-nghe-inverter-chong-nong-giat-p274671205.html?spid=274671207
273514210,"Máy làm sữa hạt Bear 600ml, 6 chức năng, xay nấu sữa hạt, xay sinh tố đa năng ANH LAM STORE - Hàng chính hãng",789000.0,789000.0,0.0,3.0,2,236185,,https://tiki.vnmay-lam-sua-hat-bear-600ml-6-chuc-nang-xay-nau-sua-hat-xay-sinh-to-da-nang-p273514210.html?spid=273514247
273175814,Nồi Lẩu Điện 4L Mishio MK328 có xửng hấp - Hàng chính hãng,424150.0,499000.0,74850.0,0.0,0,160749,,https://tiki.vnnoi-lau-dien-4l-mishio-mk328-co-xung-hap-hang-chinh-hang-p273175814.html?spid=273175815
271316754,"Nồi điện đa năng Locknlock Electric Multipot EJP134IVY - Tay cầm cách nhiệt - Nắp trong suốt - Chống dính - Đường kính 27cm - Dung tích 5L - 220V, 50Hz, 1350W - Hàng chính hãng",1376000.0,2132000.0,756000.0,4.7,20,1,,https://tiki.vnnoi-dien-da-nang-locknlock-electric-multipot-ejp134ivy-tay-cam-cach-nhiet-nap-trong-suot-chong-dinh-duong-kinh-27cm-dung-tich-5l-220v-50hz-1350w-hang-chinh-hang-p271316754.html?spid=271316755
253310695,Máy pha cà phê 2 trong 1 Ariete 1313 AR0 Hàng Chính Hãng,13900000.0,13900000.0,0.0,0.0,0,20256,,https://tiki.vnmay-pha-ca-phe-2-trong-1-ariete-1313-ar0-p253310695.html?spid=253310696
249663070,Nồi cơm điện cao tần Locknlock IH pressure rice cooker EJR526GRY (1.8 Lít)- Hàng chính hãng,3536850.0,8295000.0,4758150.0,4.2,6,1,,https://tiki.vnnoi-com-dien-cao-tan-locknlock-ih-pressure-rice-cooker-ejr526gry-1-8-lit-hang-chinh-hang-p249663070.html?spid=249663071
246855509,Nồi lẩu điện SUNHOUSE SHD4523 - Hàng chính hãng,469000.0,469000.0,0.0,5.0,1,324782,,https://tiki.vnnoi-lau-dien-sunhouse-shd4523-hang-chinh-hang-p246855509.html?spid=246855510
217104748,Robot Hút Bụi Lau Nhà Roborock QRevo 5AE Lực Hút 12.000 Pa - Hàng Chính Hãng,24999000.0,24999000.0,0.0,5.0,6,193366,,https://tiki.vnrobot-hut-bui-lau-nha-roborock-q-revo-2023-tu-dong-do-rac-tu-dong-giat-va-say-kho-khan-lau-tu-dong-bo-sung-nuoc-sach-tu-dong-toi-uu-don-dep-camera-ai-sieu-thong-minh-luc-hut-5500-pa-cong-suat-69-w-hang-chinh-hang-p217104748.html?spid=217104750
215890763,"Combo 4 lõi lọc ( Bộ lọc thô số 1,2,3 + lõi số 1) cho máy lọc nước KANGAROO hàng chính hãng",127000.0,127000.0,0.0,4.7,22,55218,,https://tiki.vncombo-4-loi-loc-bo-loc-tho-so-1-2-3-loi-so-1-cho-may-loc-nuoc-kangaroo-hang-chinh-hang-p215890763.html?spid=215890764
215531922,Quạt Sạc Tích Điện Mini Kẹp Bàn COMET CRF0705 5W Xoay 360 Độ pin Lithium 1800mAh,280000.0,329000.0,49000.0,4.5,4,324274,,https://tiki.vnquat-sac-tich-dien-mini-kep-ban-comet-crf0705-5w-xoay-360-do-pin-lithium-1800mah-hang-chinh-hang-p215531922.html?spid=215531924
199019965,Bếp Gas Compact NaMilux NH-042PS│Nhỏ - Gọn Tiết Kiệm Diện Tích│Phù Hợp Sử Dụng Trong Nhà Hàng – Quán Ăn│Hàng Chính Hãng,459000.0,459000.0,0.0,0.0,0,240,,https://tiki.vnbep-gas-compact-namilux-nh-042ps-nho-gon-tiet-kiem-dien-tich-phu-hop-su-dung-trong-nha-hang-quan-an-hang-chinh-hang-p199019965.html?spid=199019966
199015325,Bếp Gas Mini NaMilux NH-032PS│Đầu Đốt Cyclone│Tiết Kiệm Gas│Van Ngắt Gas An Toàn│Công Suất 2.4Kw │Hàng Chính Hãng,499000.0,499000.0,0.0,5.0,1,240,,https://tiki.vnbep-gas-mini-namilux-nh-032ps-dau-dot-cyclone-tiet-kiem-gas-van-ngat-gas-an-toan-cong-suat-2-4kw-hang-chinh-hang-p199015325.html?spid=199015326
196802330,Máy Hút Bụi Lau Nhà Roborock H60 Lực Hút 20.000 Pa Gập 90 Độ - Hàng Chính Hãng,7999000.0,7999000.0,0.0,5.0,1,193366,,https://tiki.vnmay-hut-bui-cam-tay-redkey-f10-pin-roi-3-dau-hut-bui-dien-tich-su-dung-200m2-luc-hut-23-000-pa-cong-suat-400w-hang-chinh-hang-p196802330.html?spid=196802331
185411406,Máy Hút Bụi Cầm Tay Không Dây Sạc Pin Đa Năng Damas D610W - Hàng Nhập Khẩu,579000.0,900000.0,321000.0,4.7,37,92468,,https://tiki.vnmay-hut-bui-cam-tay-khong-day-sac-pin-da-nang-damas-d610w-hang-nhap-khau-p185411406.html?spid=185411407
185001281,Máy Hút Bụi Lau Sàn Roborock F25 Ultra Khí Nóng Khử Khuẩn 22.000 Pa - Hàng Chính Hãng,22999000.0,22999000.0,0.0,5.0,1,193366,,https://tiki.vnmay-hut-bui-lau-nha-cam-tay-redkey-w12-cong-suat-120w-luc-hut-20-000-pa-hang-chinh-hang-p185001281.html?spid=185001282
142401101,NỒI NẤU ĐA NĂNG THÔNG MINH FRICO FC-SP601 - HÀNG NHẬP KHẨU,7388000.0,7388000.0,0.0,0.0,0,18930,,https://tiki.vnnoi-nau-da-nang-thong-minh-frico-fc-sp601-hang-nhap-khau-p142401101.html?spid=142401102
114894205,"Máy hút bụi giường nệm Bear CMY-B03M1 diệt khuẩn UV-C, công nghệ khí nóng làm khô và kết hợp tinh dầu thơm, hàng chính hãng",1250000.0,1250000.0,0.0,5.0,8,179711,,https://tiki.vnmay-hut-bui-giuong-nem-bear-cmy-b03m1-diet-khuan-uv-c-cong-nghe-khi-nong-lam-kho-va-ket-hop-tinh-dau-thom-hang-chinh-hang-p114894205.html?spid=114894206
113633607,Bếp từ đơn Hafele HSI-21FW (Hàng chính hãng),2030000.0,2030000.0,0.0,4.8,241,166173,,https://tiki.vnbep-tu-don-hafele-hsi-21fw-hang-chinh-hang-p113633607.html?spid=113633608
74431737,Quạt Sưởi Phòng Tắm Sunhouse SHD3816W – Hàng Chính Hãng,1004000.0,1159000.0,155000.0,4.5,14,1,,https://tiki.vnquat-suoi-phong-tam-sunhouse-shd3816w-hang-chinh-hang-p74431737.html?spid=74431738
59470653,BẾP GAS ĐÔI ZENNE KGS301-C CÓ 1 ĐẦU HÂM - NHẬP KHẨU MALAYSIA – MẶT BẾP INOX - NGỌN LỬA MẠNH VÀ HỘI TỤ - TIẾT KIỆM GAS,1910000.0,1948000.0,38000.0,4.8,4,1281,,https://tiki.vnbep-gas-doi-zenne-kgs-301-nhap-khau-malaysia-mat-bep-inox-tiet-kiem-gas-p59470653.html?spid=59470655
38624811,Bếp Ga Đôi Rinnai RV-365(G)N + Tặng kèm 1 bộ van và dây gas - Hàng Chính Hãng,1179400.0,1179400.0,0.0,4.0,2,389,,https://tiki.vnbep-ga-doi-rinnai-rv-365-g-n-tang-kem-1-bo-van-va-day-gas-hang-chinh-hang-p38624811.html?spid=38624812
33494725,Máy Sấy Tóc Nagakawa NAG1604 (1600W) - Hàng Chính Hãng,486000.0,486000.0,0.0,4.6,10,4045,,https://tiki.vnmay-say-toc-nagakawa-nag1604-1600w-hang-chinh-hang-p33494725.html?spid=122655666
2729895,Bếp hồng ngoại Sanaky SNK-2101HG - Hàng chính hãng,1150000.0,1150000.0,0.0,4.8,11,58892,,https://tiki.vnbep-hong-ngoai-sanaky-snk-2101hg-hang-chinh-hang-p2729895.html?spid=35572789
548440,Nồi Cơm Điện Nắp Gài Cuckoo CR- 0661 màu cam - 1L - Hàng Chính Hãng,1565000.0,2030000.0,465000.0,3.8,10,1,,https://tiki.vnnoi-com-dien-nap-gai-cuckoo-cr-0661-mau-cam-1l-hang-chinh-hang-p548440.html?spid=272668
473212,Quạt Treo Tường MITSUBISHI W16-RV CY-GY - Xám Đậm - Hàng Chính Hãng,1849000.0,1849000.0,0.0,4.5,17,7880,,https://tiki.vnquat-treo-tuong-mitsubishi-w16-rv-cy-gy-xam-dam-hang-chinh-hang-p473212.html?spid=51971927
278454768,Máy pha cà phê Delonghi ECO310 hàng chính hãng,5700000.0,5700000.0,0.0,0.0,0,20256,,https://tiki.vnmay-pha-ca-phe-delonghi-eco310-hang-chinh-hang-p278454768.html?spid=278454769
278058775,"Nồi Điện Đa Năng LocknLock Digital Multipot EJP186IVY 1.6L 500W, Hàng Chính Hãng, Xửng Hấp - JoyMall",981000.0,1090000.0,109000.0,0.0,0,38510,,https://tiki.vnnoi-dien-da-nang-locknlock-digital-multipot-ejp186ivy-1-6-lit-500w-hang-chinh-hang-joymall-p278058775.html?spid=278058817
277741452,Nồi chiên không dầu Elmich AFE-9139 8L - Hàng chính hãng,1963000.0,4908000.0,2945000.0,0.0,0,1,,https://tiki.vnnoi-chien-khong-dau-elmich-afe-9139-8l-hang-chinh-hang-p277741452.html?spid=277741453
276927840,Nồi Cơm Điện Công Nghiệp SRAPP SH-NC148 14 lít - Hàng Chính Hãng,2000000.0,2000000.0,0.0,0.0,0,11119,,https://tiki.vnnoi-com-dien-cong-nghiep-srapp-sh-nc148-14-lit-hang-chinh-hang-p276927840.html?spid=276927841
276856460,[GIÁ TẠI KHO] - Robot Hút Bụi Lau Nhà Ecovacs Deebot N30 Pro Omni - Bản màu trắng 2025 - Hàng chính hãng Ecovacs,19890000.0,19890000.0,0.0,0.0,0,141931,,https://tiki.vngia-tai-kho-robot-hut-bui-lau-nha-ecovacs-deebot-n30-pro-omni-ban-mau-trang-2025-hang-chinh-hang-ecovacs-p276856460.html?spid=276856461
276736231,MÁY SẤY TÓC DYSON SUPERSONIC NURAL HD16 Hàng chính hãng,11900000.0,11900000.0,0.0,0.0,0,20256,,https://tiki.vnmay-say-toc-dyson-supersonic-nural-hd16-hang-chinh-hang-p276736231.html?spid=276736232
276557085,"Ấm siêu tốc , bình đun siêu tốc , ấm đun siêu tốc 5L bền đẹp nấu nước an toàn thân ấm inox cao cấp tự ngắt, Công Suất 1500W, Tiết Kiệm Điện hàng nhập khẩu",320000.0,320000.0,0.0,0.0,0,137089,,https://tiki.vnam-sieu-toc-binh-dun-sieu-toc-am-dun-sieu-toc-5l-ben-dep-nau-nuoc-an-toan-than-am-inox-cao-cap-tu-ngat-cong-suat-1500w-tiet-kiem-dien-p276557085.html?spid=276557086
276246046,"Máy Xay Hạt Khô Đa Năng Mẫu Mới Công Suất 300W 8 Lưỡi, Xay Các Loại Hạt, Đồ Khô, Coffee, Ngũ Cốc Không Ồn Tiện Lợi - Hàng Chính Hãng",130000.0,130000.0,0.0,5.0,1,106295,,https://tiki.vnmay-xay-hat-kho-da-nang-mau-moi-cong-suat-300w-8-luoi-xay-cac-loai-hat-do-kho-coffee-ngu-coc-khong-on-tien-loi-300-w-hang-chinh-hang-p276246046.html?spid=276246047
276108173,Nồi Áp Suất Đa Năng 4L Bear YLB-C40Y7 - Có thể nấu mở nắp - Hàng Chính Hãng,2590000.0,2590000.0,0.0,0.0,0,232078,,https://tiki.vnnoi-ap-suat-da-nang-4l-bear-ylb-c40y7-co-the-nau-mo-nap-hang-chinh-hang-p276108173.html?spid=276108174
276031734,NỒI CƠM ĐIỆN 1.8L SUNHOUSE SHD8611N (700W)- Hàng chính hãng,595000.0,2050000.0,1455000.0,4.2,12,1,,https://tiki.vnnoi-com-dien-1-8l-sunhouse-shd8611n-700w-hang-chinh-hang-p276031734.html?spid=276031735
276024273,Quạt Treo Tường Panasonic F-409MG/F-409MB - Hàng Chính Hãng,2069000.0,2069000.0,0.0,0.0,0,229550,,https://tiki.vnquat-treo-tuong-panasonic-f-409mg-f-409mb-p276024273.html?spid=276079462
275822737,Bếp từ Midea MI-T2117DC(C) - Hàng Chính Hãng,1350000.0,1350000.0,0.0,0.0,0,20256,,https://tiki.vnbep-tu-midea-mi-t2117dc-c-hang-chinh-hang-p275822737.html?spid=278686808
275695922,Nồi Chiên Hơi Nước TAPUHO TSF16 Dung Tích 16L 60 Chương Trình Nấu Công suất 1000W - 1800W Bảo Hành 24 Tháng- Hàng Chính Hãng,4690000.0,4690000.0,0.0,5.0,2,308020,,https://tiki.vnnoi-chien-hoi-nuoc-tapuho-tsf16-dung-tich-16l-60-chuong-trinh-nau-cong-suat-1000w-1800w-bao-hanh-24-thang-p275695922.html?spid=275695923
275323047,[Hàng chính hãng] Máy pha cà phê Drip DeLonghi ICM15210.1,2059000.0,2268000.0,209000.0,5.0,1,355771,,https://tiki.vnhang-chinh-hang-may-pha-ca-phe-drip-delonghi-icm15210-1-p275323047.html?spid=275323048
275302668,[Hàng chính hãng] Máy pha cà phê espresso DeLonghi Icona Vintage ECOV311 (BG/GR),8139000.0,9161345.0,1022345.0,5.0,1,355771,,https://tiki.vnhang-chinh-hang-may-pha-ca-phe-espresso-delonghi-icona-vintage-ecov311-bg-gr-p275302668.html?spid=275302670
275113395,Bếp Gas Hồng Ngoại Eurosun EU-GN08 - Hàng chính hãng,3517500.0,3517500.0,0.0,0.0,0,63066,,https://tiki.vnbep-gas-am-eurosun-eu-gn08-hang-chinh-hang-p275113395.html?spid=275113396
275071535,"Máy sấy tạo kiểu tóc Locknlock Ion âm ENA426GRY Multi hair dryer 220V,1300W, 50Hz- Màu xám - Hàng chính hãng",2091000.0,3820000.0,1729000.0,5.0,7,1,,https://tiki.vnmay-say-tao-kieu-toc-ena426gry-locknlock-multi-hair-dryer-220v-1300w-50hz-mau-xam-hang-chinh-hang-p275071535.html?spid=275071536
274735759,Bình Thủy Điện Giữ Nhiệt Thông Minh Bear SB-BTD5L Khử Clo Dung Tích 5 Lít Công Suất 1350 W - Hàng Chính Hãng,1590000.0,1590000.0,0.0,0.0,0,20256,,https://tiki.vnbinh-thuy-dien-binh-giu-nhiet-thong-minh-bear-sb-btd5l-khu-clo-dung-tich-5-lit-cong-suat-1350-w-hang-chinh-hang-p274735759.html?spid=275929839
274636681,Nồi cơm điện tử Toshiba RC-18DR3PV(G) - Hàng chính hãng,1602000.0,1602000.0,0.0,0.0,0,2716,,https://tiki.vnnoi-com-dien-tu-toshiba-rc-18dr3pv-g-p274636681.html?spid=274636682
273569820,Máy ép chậm trái cây Famco 9701FC - Hàng Chính Hãng,1133000.0,2150000.0,1017000.0,4.6,9,1,,https://tiki.vnmay-ep-cham-trai-cay-famco-9701fc-hang-chinh-hang-p273569820.html?spid=273594896
273475078,"Máy Xay Công Nghiệp Máy xay sinh tố đa chức năng, thích hợp để dễ dàng làm rau, trái cây, sinh tố và sữa - Hàng chính hãng",499000.0,499000.0,0.0,3.7,3,57154,,https://tiki.vnmay-xay-cong-nghiep-ma-y-xay-sinh-to-da-chuc-nang-thich-hop-de-de-dang-lam-rau-trai-cay-sinh-to-va-sua-nhap-khau-chinh-hang-p273475078.html?spid=273475091
261812848,"Máy uốn tóc Kemei KM-9942 điều chỉnh 4 mức nhiệt độ chuyên nghiệp dây điện xoay 360 độ thuận tiện uốn xoăn, uốn lọn tạo nhiều kiểu phù hợp với mới loại tóc",299000.0,299000.0,0.0,4.0,2,110704,,https://tiki.vnmay-uon-toc-kemei-km-9942-dieu-chinh-4-muc-nhiet-do-chuyen-nghiep-day-dien-xoay-360-do-thuan-tien-uon-xoan-uon-lon-tao-nhieu-kieu-phu-hop-voi-moi-loai-toc-p261812848.html?spid=193130324
253493041,Bàn là mini du lịch Tefal Pure POP DT2020 Hàng Chính Hãng,1090000.0,1090000.0,0.0,0.0,0,20256,,https://tiki.vnban-la-mini-du-lich-tefal-pure-pop-dt2020-hang-chinh-hang-p253493041.html?spid=253493042
253084399,Đệm sưởi điện Medisana HU674 Hàng Chính Hãng,1790000.0,1790000.0,0.0,4.0,1,20256,,https://tiki.vndem-suoi-dien-medisana-hu674-hang-chinh-hang-p253084399.html?spid=253084400
245790454,Quạt Tích Điện Để Bàn Xiaomi Mijia Phiên Bản 2023 Không Gian Sử Dụng 10-20m2 Sử Dụng 18 Giờ Liên Tục - Hàng Chính Hãng,1359000.0,1359000.0,0.0,4.7,7,193366,,https://tiki.vnquat-tich-dien-gap-gon-mini-xiaomi-mija-phien-ban-2023-khong-gian-su-dung-10-20m2-su-dung-18-gio-lien-tuc-hang-chinh-hang-p245790454.html?spid=245790455
200962888,"Máy sấy tóc Panasonic EH-ND37-K645 - Sấy nhanh với hiệu quả tương đương 2000W - Chế độ chăm sóc da đầu, bảo vệ nhiệt - Hàng Chính hãng",659000.0,665000.0,6000.0,5.0,4,138278,,https://tiki.vnmay-say-toc-panasonic-eh-nd37-k645-say-nhanh-voi-hieu-qua-tuong-duong-2000w-che-do-cham-soc-da-dau-bao-ve-nhiet-hang-chinh-hang-bao-hanh-12-thang-p200962888.html?spid=217145569
194473550,Nồi cơm điện tử Nagakawa NAG0142 (1.5L) - 10 chương trình nấu - Hàng chính hãng),1490000.0,1490000.0,0.0,4.0,1,4045,,https://tiki.vnnoi-com-dien-tu-nagakawa-nag0142-1-5l-10-chuong-trinh-nau-hang-chinh-hang-p194473550.html?spid=199621978
184905015,"Nồi chiên không dầu Airbot AF480 dung tích 4.8 Lít, công nghệ gió xoáy 3D turbo, chống dính và tự động bật/tắt an toàn, có hẹn giờ, hàng chính hãng",1470000.0,1470000.0,0.0,5.0,1,179711,,https://tiki.vnnoi-chien-khong-dau-airbot-af480-dung-tich-4-8-lit-cong-nghe-gio-xoay-3d-turbo-chong-dinh-va-tu-dong-bat-tat-an-toan-co-hen-gio-hang-chinh-hang-p184905015.html?spid=184905017
166101842,Máy Xay Nấu Chân Không Đa Năng Mishio MK307 - Hàng Chính Hãng,2690000.0,2690000.0,0.0,5.0,2,160749,,https://tiki.vnmay-xay-nau-chan-khong-da-nang-mishio-mk307-hang-chinh-hang-p166101842.html?spid=166101844
131405295,MÁY LỌC KHÔNG KHÍ - TRIMAKASI - TK-19 - HÀNG CHÍNH HÃNG,13156000.0,13156000.0,0.0,0.0,0,226418,,https://tiki.vnmay-loc-khong-khi-p131405295.html?spid=131405296
130787843,Tông Đơ Cắt Tóc Dùng Điện Kemei JZ-806,255000.0,399000.0,144000.0,0.0,0,10889,,https://tiki.vntong-do-cat-toc-dung-dien-kemei-jz-806-p130787843.html?spid=130787844
121268422,Nồi cơm điện tử Kangaroo 1.8 lít KG18DR6 - Hàng chính hãng,880000.0,1350000.0,470000.0,0.0,0,1,,https://tiki.vnnoi-com-dien-tu-kangaroo-1-8-lit-kg18dr6-hang-chinh-hang-p121268422.html?spid=205822400
101999827,Tông đơ cắt tóc cao cấp Philips HC9450 Công nghệ Auto Turbo Series 9000 - HÀNG NHẬP KHẨU,4812000.0,4812000.0,0.0,0.0,0,112137,,https://tiki.vntong-do-cat-toc-cao-cap-philips-hc9450-cong-nghe-auto-turbo-series-9000-hang-nhap-khau-p101999827.html?spid=101999828
71999133,Máy Xay Sinh Tố Cầm Tay Morphy Richards MR9800 (50W - 300ml) - Hàng Chính Hãng,1073000.0,1073000.0,0.0,4.8,5,112137,,https://tiki.vnmay-xay-sinh-to-cam-tay-morphy-richards-mr9800-50w-300ml-hang-chinh-hang-p71999133.html?spid=101272270
51048647,"Máy tạo độ ẩm, phun sương Deerma DEM-F628s Dung tích 5 lít ( hàng nhập khẩu )",568000.0,568000.0,0.0,0.0,0,184620,,https://tiki.vnmay-tao-do-am-phun-suong-deerma-dem-f628s-dung-tich-5-lit-hang-nhap-khau-p51048647.html?spid=97817565
32858503,BÌNH ĐUN SIÊU TỐC TOSHIBA KT-17DR1NV - Hàng chính hãng,1290000.0,1290000.0,0.0,4.5,10,1,,https://tiki.vnbinh-dun-sieu-toc-toshiba-kt-17dr1nv-hang-chinh-hang-p32858503.html?spid=34239894
21829536,Máy Xay Cà Phê Chuyên Nghiệp Kahchan CG9129 - Hàng Nhập Khẩu,3690000.0,3690000.0,0.0,5.0,3,1821,,https://tiki.vnmay-xay-ca-phe-chuyen-nghiep-kahchan-cg9129-hang-nhap-khau-p21829536.html?spid=1651321
533429,Máy Sấy Quần Áo Sunhouse SHD2707 - Tím - Hàng chính hãng,1900000.0,1900000.0,0.0,4.6,13,11119,,https://tiki.vnmay-sa-y-qua-n-ao-sunhouse-shd2707-tim-hang-chinh-hang-p533429.html?spid=13853007
465979,Bàn Ủi Hơi Nước Đứng Tiross TS862 2800W (Màu Đỏ Mận) - Hàng chính hãng,2499000.0,2499000.0,0.0,1.0,1,99996,,https://tiki.vnban-ui-hoi-nuoc-dung-tiross-ts862-2800w-mau-do-man-hang-chinh-hang-p465979.html?spid=45838777
278964450,"[TẶNG BỘ LÕI] Máy lọc nước để gầm Livotec 218, Chuẩn nước đóng chai, Uống trực tiếp, Công nghệ RO - Hàng Chính Hãng",4274000.0,5600000.0,1326000.0,0.0,0,121449,,https://tiki.vntang-bo-loi-may-loc-nuoc-de-gam-livotec-218-chuan-nuoc-dong-chai-uong-truc-tiep-cong-nghe-ro-hang-chinh-hang-p278964450.html?spid=278964455
278964358,Máy lọc nước nóng lạnh RO Mỹ 10 lõi Karofi KAD-M59 - Giao trước lắp sau miễn phí toàn quốc - Bảo hành 36 tháng,10900000.0,10900000.0,0.0,0.0,0,121449,,https://tiki.vnmay-loc-nuoc-nong-lanh-ro-my-10-loi-karofi-kad-m59-giao-truoc-lap-sau-mien-phi-toan-quoc-bao-hanh-36-thang-p278964358.html?spid=278964360
278955702,Bình đun siêu tốc Sharp EKJ-17EVPS - RD dung tích 1.7 lít - Hàng chính hãng - Đỏ ,452000.0,680000.0,228000.0,0.0,0,1,,https://tiki.vnbinh-dun-sieu-toc-sharp-ekj-17evps-rd-dung-tich-1-7-lit-hang-chinh-hang-do-p278955702.html?spid=278955703
278896278,Máy sưởi gốm Ceramic Koreno Thái Lan KN-556 công suất 2200W kèm khiển từ xa - Hàng chính hãng,2160000.0,2700000.0,540000.0,0.0,0,125683,,https://tiki.vnmay-suoi-gom-ceramic-koreno-thai-lan-kn-556-cong-suat-2200w-kem-khien-tu-xa-p278896278.html?spid=278896279
278669231,Nồi chiên không dầu 6L Bear QZG-H16R3 (AF-4H16K) 1600W Hàng Chính Hãng,1200000.0,2110000.0,910000.0,0.0,0,1,,https://tiki.vnnoi-chien-khong-dau-6-2l-bear-qzg-h16r3-1600w-hang-chinh-hang-p278669231.html?spid=278669232
278130168,Bếp hồng ngoại Mishio MK417 mặt kính cường lực cao cấp - hàng chính hãng,559300.0,799000.0,239700.0,0.0,0,160749,,https://tiki.vnbep-hong-ngoai-mishio-mk417-mat-kinh-cuong-luc-cao-cap-hang-chinh-hang-p278130168.html?spid=278130169
278023135,Nồi hấp đa năng Bluestone MPB-7238 - Hàng chính hãng,1599000.0,1890000.0,291000.0,0.0,0,162514,,https://tiki.vnnoi-hap-da-nang-bluestone-mpb-7238-hang-chinh-hang-p278023135.html?spid=278023137
277980309,Máy pha cà phê Espresso Tiross TS621 - Hàng chính hãng,1199000.0,1199000.0,0.0,0.0,0,99996,,https://tiki.vnmay-pha-ca-phe-espresso-tiross-ts621-hang-chinh-hang-p277980309.html?spid=277980310
277614463,Quạt điện để bàn USB Tiross TS3421 - Hàng chính hãng,299000.0,299000.0,0.0,5.0,1,99996,,https://tiki.vnquat-dien-de-ban-usb-tiross-ts3421-hang-chinh-hang-p277614463.html?spid=277614464
277558153,"Lược Điện Sấy Tạo Kiểu Chuyên Nghiệp 3in1, Lược Điện Chải Tóc Cực Nhanh, Đa Năng - HÀNG CHÍNH HÃNG MINIIN",149000.0,149000.0,0.0,0.0,0,134678,,https://tiki.vnluoc-dien-say-tao-kieu-chuyen-nghiep-3in1-luoc-dien-chai-toc-cuc-nhanh-da-nang-hang-chinh-hang-miniin-p277558153.html?spid=277558154
277513370,"Ấm Đun Nước Siêu Tốc Inox 304 Cao Cấp – 3 Lớp Cách Nhiệt, 1500W, Dung Tích 2.5L Hàng chính hãng D Danido",155000.0,250000.0,95000.0,0.0,0,287299,,https://tiki.vnam-dun-nuoc-sieu-toc-inox-304-cao-cap-3-lop-cach-nhiet-1500w-dung-tich-2-5l-hang-chinh-hang-d-danido-p277513370.html?spid=277513372
276850824,Nồi Cơm Điện 1L GUCKDO GK-NC106(08) - Màu Ngẫu Nhiên - Hàng Chính Hãng,400000.0,400000.0,0.0,4.0,1,11119,,https://tiki.vnnoi-com-dien-1l-guckdo-gk-nc106-hang-chinh-hang-p276850824.html?spid=276850825
275854933,"Máy làm sữa hạt đa năng Locknlock EJM486IVY heating blender - Dung tích 1.75L, 800W, 220V, 50Hz - Màu ngà - Hàng chính hãng",2383000.0,4351000.0,1968000.0,4.0,1,1,,https://tiki.vnmay-lam-sua-hat-da-nang-locknlock-ejm426ivy-heating-blender-dung-tich-1-75l-800w-220v-50hz-mau-nga-hang-chinh-hang-p275854933.html?spid=275854936
275830901,NỒI LẨU ĐIỆN SUPOR H3030FK833 dung tích 6 Lít Hàng chính hãng,1390000.0,1390000.0,0.0,5.0,1,20256,,https://tiki.vnnoi-lau-dien-supor-h3030fk833-dung-tich-6-lit-hang-chinh-hang-p275830901.html?spid=275830902
275825357,Nồi Cơm Điện Tử MAGIC Eco AC-250 1.2L - Hàng chính hãng,933000.0,1990000.0,1057000.0,0.0,0,1,,https://tiki.vnnoi-com-dien-tu-magic-eco-ac-250-1-2l-hang-chinh-hang-p275825357.html?spid=275825360
275156813,Ấm siêu tốc GUGKDD ST29 công suất 1500w giúp đun nước siêu nhanh - Giao màu ngẫu nhiên,165000.0,165000.0,0.0,0.0,0,115414,,https://tiki.vnam-dun-nuoc-sieu-toc-1-8l-tien-dung-p275156813.html?spid=275156814
275128376,"Quạt Để Bàn Tích Điện Mini Cao Cấp Teement,  Tích Hợp Đèn Ngủ Động Cơ Không Tiếng Ồn Pin 1200mah , Điều Chỉnh Lên Xuống 360°, 3 Cấp Độ Gió Siêu Mát Dễ Điều Chỉnh- Hàng Chính Hãng",270000.0,270000.0,0.0,4.2,5,277179,,https://tiki.vnquat-de-ban-tich-dien-mini-cao-cap-teement-tich-hop-den-ngu-dong-co-khong-tieng-on-pin-1200mah-dieu-chinh-len-xuong-360-3-cap-do-gio-sieu-mat-de-dieu-chinh-hang-chinh-hang-p275128376.html?spid=275128384
274797690,Nồi cơm nắp gài Sunhouse SHD8603 1.8 Lít - Hàng chính hãng,499000.0,1447000.0,948000.0,4.3,3,1,,https://tiki.vnnoi-com-nap-gai-sunhouse-shd8603-1-8-lit-hang-chinh-hang-p274797690.html?spid=274797692
274401310,"Máy lọc không khí tạo Ion âm Xiaomi OVIE OAP-3S lõi lọc HEPA 13 lọc 99.7% bụi mịn PM2.5, lọc phấn hoa, lông thú cưng - Hàng chính hãng",1299000.0,1299000.0,0.0,0.0,0,81570,,https://tiki.vnmay-loc-khong-khi-tao-ion-am-xiaomi-ovie-oap-3s-loi-loc-hepa-13-loc-99-7-bui-min-pm2-5-loc-phan-hoa-long-thu-cung-p274401310.html?spid=274401311
273190739,"Nồi cơm điện tử Cuckoo 1,8L CR-1020F- màu trắng - Bảng điều khiển LED - Lòng nồi chống dính - Chất lượng Hàn Quốc - Hàng chính hãng Cuckoovina",1789000.0,2350000.0,561000.0,5.0,1,29960,,https://tiki.vnnoi-com-dien-tu-cuckoo-1-8l-cr-1020f-mau-trang-bang-dieu-khien-led-long-noi-chong-dinh-chat-luong-han-quoc-hang-chinh-hang-cuckoovina-p273190739.html?spid=273190740
273168003,Bình Thủy Điện Panasonic NC-EG3000CSY - Xuất xứ Thái Lan - Dung tích 3L - Công suất 700W - Ruột bình phủ carbon hạt nổi - Chức năng hẹn giờ và tẩy cặn - Bảo Hành 12 Tháng - Hàng Chính Hãng,1990000.0,1990000.0,0.0,0.0,0,184067,,https://tiki.vnbinh-thuy-dien-panasonic-nc-eg3000csy-xuat-xu-thai-lan-dung-tich-3l-cong-suat-700w-ruot-binh-phu-carbon-hat-noi-chuc-nang-hen-gio-va-tay-can-bao-hanh-12-thang-hang-chinh-hang-p273168003.html?spid=276581757
272939630,"Máy sấy tóc Philips BHD720/10 -Sấy tóc nhanh khô _ Ion nước, ion khoáng, ion gấp 8 lần_ Hàng chính hãng",2220000.0,2995000.0,775000.0,0.0,0,1,,https://tiki.vnmay-say-toc-philips-bhd720-00-say-toc-nhanh-kho-_-ion-nuoc-ion-khoang-ion-gap-8-lan_-hang-chinh-hang-p272939630.html?spid=274800014
270172397,Tủ chăm sóc quần áo TEFAL YT4050E1 hàng chính hãng,12900000.0,12900000.0,0.0,4.0,1,20256,,https://tiki.vntu-cham-soc-quan-ao-tefal-yt4050e1-hang-chinh-hang-p270172397.html?spid=270172398
231385082,Nồi cơm điện tử Sharp 1.8 lít KS-COM183MV - Hàng chính hãng,1630000.0,1630000.0,0.0,0.0,0,162514,,https://tiki.vnnoi-com-dien-tu-sharp-1-8-lit-ks-com183mv-hang-chinh-hang-p231385082.html?spid=231385087
200962904,"Máy sấy tóc Panasonic EH-ND37-P645 - Sấy nhanh với hiệu quả tương đương 2000W - Chế độ chăm sóc da đầu, bảo vệ nhiệt - Hàng Chính hãng",570000.0,620000.0,50000.0,4.0,1,1,,https://tiki.vnmay-say-toc-panasonic-eh-nd37-p645-say-nhanh-voi-hieu-qua-tuong-duong-2000w-che-do-cham-soc-da-dau-bao-ve-nhiet-hang-chinh-hang-p200962904.html?spid=270975141
198512268,"Bộ 5 lõi lọc thay thế cho máy lọc nước R.O treo tường, để bàn . . . (thông dụng) | Hàng chính hãng",650000.0,650000.0,0.0,0.0,0,8413,,https://tiki.vnbo-5-loi-loc-thay-the-cho-may-loc-nuoc-r-o-treo-tuong-de-ban-thong-dung-p198512268.html?spid=198512276
197186570,Nồi nấu chậm Panasonic 3 lít NF-N31AWRA/5 lít NF-N51AWRA - Hàng chính hãng,1899000.0,1899000.0,0.0,5.0,1,162514,,https://tiki.vnnoi-nau-cham-panasonic-3-lit-nf-n31awra-5-lit-nf-n51awra-hang-chinh-hang-p197186570.html?spid=197186572
189600140,Nồi Chiên Không Dầu Điện Tử BlueStone AFB-5888 (10 Lít) - Hàng Chính Hãng,4999000.0,4999000.0,0.0,5.0,1,253296,,https://tiki.vnnoi-chien-khong-dau-dien-tu-bluestone-afb-5888-10-lit-hang-chinh-hang-p189600140.html?spid=189600141
185495917,Nồi cơm điện Sunhouse SHD8606 1.8L - Hàng chính hãng,790000.0,790000.0,0.0,5.0,1,11119,,https://tiki.vnno-i-com-die-n-sunhouse-shd8606-1-8l-ha-ng-chi-nh-ha-ng-p185495917.html?spid=197598880
176696128,"Máy Hút Bụi Cầm Tay Chính Hãng Hàng Nhập Khẩu Công Suất Cao-Nhỏ Gọn, Tiện Lợi - Hút Bụi Ô Tô, Giường Sofa, Bàn Làm Việc",220000.0,220000.0,0.0,3.3,3,3644,,https://tiki.vnmay-hut-bui-cam-tay-deli-chinh-hang-cong-suat-cao-nho-gon-tien-loi-hut-bui-o-to-giuong-sofa-ban-lam-viec-hieu-qua-p176696128.html?spid=176696132
172680887,Lò nướng bánh Unox XFT133 - Hàng nhập khẩu,31170000.0,31170000.0,0.0,0.0,0,19606,,https://tiki.vnlo-nuong-banh-unox-xft133-hang-nhap-khau-p172680887.html?spid=172680888
163163700,Máy pha cà phê LELIT MARA -PL62W. Hàng chính hãng ,39000000.0,39000000.0,0.0,0.0,0,20256,,https://tiki.vnmay-pha-ca-phe-lelit-mara-pl62w-p163163700.html?spid=201127395
155763275,Bình đun nước kiêm giữ nhiệt cao cấp Morphy Richards MR6060 350ml - Hàng Chính Hãng,1233000.0,1233000.0,0.0,4.5,2,256950,,https://tiki.vnbinh-dun-nuoc-kiem-giu-nhiet-cao-cap-morphy-richards-mr6060-dung-tich-350ml-chat-lieu-inox-bao-hanh-12-thang-p155763275.html?spid=208170094
150673005,Nồi chiên không dầu Sharp KF-AF70EV-BK (7L) - Hàng Chính Hãng,2464000.0,2626666.0,162666.0,5.0,7,1,,https://tiki.vnnoi-chien-khong-dau-sharp-kf-af70ev-bk-7l-hang-chinh-hang-p150673005.html?spid=165030712
143410679,Combo Máy Hút Bụi Lau Nhà Thông Minh Tineco Floor One S3 - Xử Lý Khô & Ướt - Tự Động Vệ Sinh + Trục Lăn + Nước Lau Sàn,8990000.0,8990000.0,0.0,5.0,1,20256,,https://tiki.vncombo-may-lau-san-thong-minh-tineco-floor-one-s3-truc-lan-nuoc-lau-san-may-hut-bui-chinh-hang-tu-tineco-viet-nam-bao-hanh-2-nam-p143410679.html?spid=253129270
127031247,Quạt điện Senko để bàn tiện lợi cao cấp B1213 màu ngẫu nhiên - Hàng Chính Hãng,312000.0,312000.0,0.0,4.0,1,187775,,https://tiki.vnquat-dien-senko-de-ban-tien-loi-cao-cap-b1213-mau-ngau-nhien-hang-chinh-hang-p127031247.html?spid=195978773
87106427,Ấm điện siêu tốc thủy tinh kiêm bình pha trà SB-PT15K dung tích 1.5 lít công suất 1000W- Hàng chính hãng,1700000.0,1700000.0,0.0,5.0,8,125683,,https://tiki.vnam-dien-sieu-toc-thuy-tinh-kiem-binh-pha-tra-galuz-gk-01-dung-tich-1-8-lit-hang-chinh-hang-p87106427.html?spid=87106428
900900,Máy Xay Sinh Tố 3 Cối Kangaroo KG3B2 (380W) - Đen - Hàng chính hãng ,616000.0,1220000.0,604000.0,0.0,0,1,,https://tiki.vnmay-xay-sinh-to-3-coi-kangaroo-kg3b2-380w-den-hang-chinh-hang-p900900.html?spid=911292
532622,Ấm Siêu Tốc Sunhouse SHD1300 - 1.7 Lít (Trắng)- Hàng chính hãng,300000.0,300000.0,0.0,5.0,2,11119,,https://tiki.vnam-sieu-toc-sunhouse-shd1300-1-7l-trang-hang-chinh-hang-p532622.html?spid=14707499
279008340,Lò vi sóng Bluestone 25L MOB-7733 - Hàng chính hãng,2090000.0,2690000.0,600000.0,0.0,0,162514,,https://tiki.vnlo-vi-song-bluestone-25l-mob-7733-hang-chinh-hang-p279008340.html?spid=279008342
278851236,Máy Sưởi Gốm Công Nghệ PTC Ceramic GDV SY-200A Công Suất 2000W - Hàng Chính Hãng,500000.0,500000.0,0.0,0.0,0,11119,,https://tiki.vnmay-suoi-gom-cong-nghe-ptc-ceramic-gdv-sy-200a-cong-suat-2000w-hang-chinh-hang-p278851236.html?spid=278851237
278824311,Máy Xay Sinh Tố Smeg BLF03 Hàng chính hãng,7300000.0,7300000.0,0.0,0.0,0,20256,,https://tiki.vnmay-xay-sinh-to-smeg-blf03-mau-kem-hang-chinh-hang-p278824311.html?spid=278824316
278764683,Máy sấy tạo kiểu tóc gấp gọn LocknLock 1300W - Màu xám - ENA626GRY - Hàng chính hãng,1344250.0,2590000.0,1245750.0,0.0,0,1,,https://tiki.vnmay-say-tao-kieu-toc-gap-gon-locknlock-1300w-mau-xam-ena626gry-hang-chinh-hang-p278764683.html?spid=278764684
278596664,"Nồi điện đa năng LocknLock Digital multipot EJP186IVY lòng nồi chống dính, có chức năng hẹn giờ, dung tích 1.6L - Màu ngà - Hàng chính hãng",647000.0,1090000.0,443000.0,0.0,0,1,,https://tiki.vnnoi-dien-da-nang-locknlock-digital-multipot-ejp186vy-long-noi-chong-dinh-co-chuc-nang-hen-gio-dung-tich-1-2l-mau-nga-hang-chinh-hang-p278596664.html?spid=278596665
278530640,Hàng tặng không bán - Bàn ủi cầm tay - DT6130E0 Hàng chính hãng,1500000.0,1500000.0,0.0,0.0,0,128476,,https://tiki.vnhang-tang-khong-ban-ban-ui-cam-tay-dt6130e0-hang-chinh-hang-p278530640.html?spid=278530641
278421208,Máy hút bụi có dây Bosch BGC05AAA2 Hàng chính hãng,2990000.0,2990000.0,0.0,0.0,0,20256,,https://tiki.vnmay-hut-bui-co-day-bosch-bgc05aaa2-hang-chinh-hang-p278421208.html?spid=278421209
278141872,Bếp hồng ngoại Sunhouse SHD6012A - Công suất 2000W - Mặt kính pha lê - Hàng chính hãng,671000.0,1769000.0,1098000.0,0.0,0,1,,https://tiki.vnbe-p-ho-ng-ngoa-i-sunhouse-shd6012a-cong-suat-2000w-mat-kinh-pha-le-che-do-hen-gio-khoa-tre-em-da-chuc-nang-hang-chinh-hang-p278141872.html?spid=278141873
278065455,Lò Nướng Đối Lưu Tiross TS9610 - 55 Lít - 2000W - 12 Chức Năng Nướng - Hàng chính hãng,2699000.0,2699000.0,0.0,0.0,0,99996,,https://tiki.vnlo-nuong-doi-luu-tiross-ts9610-55-lit-2000w-12-chuc-nang-nuong-hang-chinh-hang-p278065455.html?spid=278065456
277446986,Máy Xay Thịt Đa Năng Cối Inox 2 Lít Dao Thép 4 Lưỡi Siêu Khoẻ - Hàng nhập khẩu,146000.0,146000.0,0.0,5.0,2,158877,,https://tiki.vnmay-xay-thit-da-nang-coi-inox-2-lit-dao-thep-4-luoi-sieu-khoe-hang-nhap-khau-p277446986.html?spid=277446988
277395235,Quạt sưởi hai chiều Tiross TS946 - Hàng chính hãng,689000.0,689000.0,0.0,5.0,1,99996,,https://tiki.vnquat-suoi-hai-chieu-tiross-ts946-hang-chinh-hang-p277395235.html?spid=277395236
277372232,Máy hút bụi đa năng khô và ướt  WD 3 V Car dành cho Karcher - Công suất 1000W - Dùng cho gia đình và ô tô - Hàng Chính Hãng,4190000.0,4190000.0,0.0,0.0,0,13705,,https://tiki.vnmay-hut-bui-da-nang-kho-va-uot-danh-cho-karcher-wd-3-v-car-cong-suat-1000w-dung-cho-gia-dinh-va-o-to-hang-chinh-hang-p277372232.html?spid=277372233
276384947,Nồi lẩu điện Supor H28YK857 Hàng chính hãng,1390000.0,1390000.0,0.0,0.0,0,20256,,https://tiki.vnnoi-lau-dien-supor-h28yk857-hang-chinh-hang-p276384947.html?spid=276384948
276235601,"Máy làm sữa hạt đa năng Bear PBJ-D10T1 (1000W, 1.75L, 6 lưỡi dao) - Hàng chính hãng",1413000.0,2990000.0,1577000.0,5.0,1,1,,https://tiki.vnmay-lam-sua-hat-da-nang-bear-pbj-d10t1-1000w-1-75l-6-luoi-dao-hang-chinh-hang-p276235601.html?spid=276235602
275960314,"Bếp ga mini Maxsun MS-3800SP, Công suất 2900W, chân kiềng Inox - Hàng chính hãng - Bảo hành 12 tháng",335000.0,399000.0,64000.0,5.0,2,345161,,https://tiki.vnbep-ga-mini-maxsun-ms-3800sp-cong-suat-2900w-chan-kieng-inox-hang-chinh-hang-bao-hanh-12-thang-p275960314.html?spid=275960315
275930457,"Máy Vắt Cam, Máy Ép Cam Tự Động Thế Hệ Mới, Sach USB Tiện Lợi - Hàng Nhập Khẩu",199000.0,199000.0,0.0,0.0,0,78619,,https://tiki.vnmay-vat-cam-may-ep-cam-tu-dong-the-he-moi-sach-usb-tien-loi-p275930457.html?spid=275930458
275886042,Bếp Nướng Điện Công Nghệ Nướng Hàn Quốc Không Khói Công Suất 2000w - Hàng Chính Hãng,375000.0,375000.0,0.0,5.0,2,96269,,https://tiki.vnbep-nuong-dien-cong-nghe-nuong-han-quoc-khong-khoi-cong-suat-2000w-hang-chinh-hang-p275886042.html?spid=275886048
274961282,"Máy hút bụi, lau nhà 2 in 1 Dyson V12s Detect Slim Submarine (Bản HEPA) - Model xịn xò nhất ra mắt 2023 Hàng chính hãng",18900000.0,18900000.0,0.0,5.0,1,20256,,https://tiki.vnmay-hut-bui-lau-nha-2-in-1-dyson-v12s-detect-slim-submarine-ban-hepa-model-xin-xo-nhat-ra-mat-2023-han-chinh-hang-p274961282.html?spid=274961283
273165203,LINH PHỤ KIỆN MÁY ÉP CHẬM KUVINGS HÀN QUỐC-HÀNG CHÍNH HÃNG,149000.0,149000.0,0.0,5.0,4,7880,,https://tiki.vnlinh-kien-phu-kien-may-ep-cham-kuvings-chinh-hang-han-quoc-p273165203.html?spid=273406577
273095920,Ấm Đun Nước Siêu Tốc 2 Lớp BlueStone KTB-3466 (1.5 Lít - 1850-2200W ) - Nút cảm ứng - Đèn LED hiển thị nhiệt độ - Bảo hành 2 năm - Hàng chính hãng,1199000.0,1199000.0,0.0,5.0,2,253296,,https://tiki.vnam-dun-nuoc-sieu-toc-2-lop-bluestone-ktb-3466-1-5-lit-1850-2200w-nut-cam-ung-den-led-hien-thi-nhiet-do-bao-hanh-2-nam-hang-chinh-hang-p273095920.html?spid=273095921
272860035,Nồi cơm điện tử Sharp 1.8 lít KS-COM191EV-WH - Hàng chính hãng,1590000.0,1749000.0,159000.0,0.0,0,162514,,https://tiki.vnnoi-com-dien-tu-sharp-1-8-lit-ks-com191ev-wh-hang-chinh-hang-p272860035.html?spid=272860036
271335252,Robot Bút Bụi Lau Nhà Roborock QR 798 Lực 10.000 Pa Chống Rối - Hàng Chính Hãng,18999000.0,18999000.0,0.0,0.0,0,193366,,https://tiki.vnrobot-hut-bui-lau-nha-xiaomi-mijia-pro-2-2023-tu-giat-gie-bom-nuoc-va-say-kho-nhiet-do-cao-dien-tich-hoat-dong-250m2-luc-hut-4000-pa-cong-suat-60-w-hang-nhap-khau-p271335252.html?spid=183371177
269848527,"Máy xay mini UMB02, lưỡi dao 3 tầng inox 304,cối thuỷ tinh cao cấp, xay đa năng công suất lớn, bảo hành 12 tháng-hàng chính hãng",370000.0,370000.0,0.0,0.0,0,238957,,https://tiki.vnmay-xay-mini-umb02-luoi-dao-3-tang-inox-304-coi-thuy-tinh-cao-cap-xay-da-nang-cong-suat-lon-bao-hanh-12-thang-p269848527.html?spid=269848528
267630521,Máy pha cà phê BOSCH TKA8013 pha 10-15 tách/ lần Hàng chính hãng,2490000.0,2490000.0,0.0,0.0,0,20256,,https://tiki.vnmay-pha-ca-phe-bosch-tka8013-pha-10-15-tach-lan-hang-chinh-hang-p267630521.html?spid=267630522
263488604,Nồi cơm điện tử áp suất kép Cuckoo 1.08L CRP-ST0610FG - Lòng nồi phủ men Xwall độc quyền - Bảng điều khiển thông minh - Nhiều chế độ nấu ăn - Sản xuất tại Hàn- Hàng chính hãng Cuckoovina Quốc- Chính hàng Cuckoovina,4699000.0,6990000.0,2291000.0,5.0,1,29960,,https://tiki.vnnoi-com-dien-tu-ap-suat-kep-cuckoo-1-08l-crp-st0610fg-long-noi-phu-men-xwall-doc-quyen-bang-dieu-khien-thong-minh-nhieu-che-do-nau-an-san-xuat-tai-han-quoc-p263488604.html?spid=263488605
192169335,Kẹp nướng điện Tiross TS965 - Hàng chính hãng,1222000.0,1222000.0,0.0,0.0,0,5806,,https://tiki.vnkep-nuong-dien-tiross-ts965-hang-chinh-hang-p192169335.html?spid=192169336
185709801,Máy thổi bụi - KD12 02 chiều hút - thổi cầm tay giá tốt chính hãng Kynko Q1F-KD12-25 #6121,806000.0,806000.0,0.0,0.0,0,286709,,https://tiki.vnmay-thoi-bui-kynko-q1f-kd12-25-6121-p185709801.html?spid=185709802
185001182,Máy Hút Bụi Lau Sàn Roborock F25 ACE Pro Lực Hút 25.000 Pa - Hàng Chính Hãng,20999000.0,20999000.0,0.0,5.0,2,193366,,https://tiki.vnmay-hut-bui-cam-tay-kiem-lau-nha-redroad-v17-cong-suat-150w-luc-hut-26-500-pa-hang-chinh-hang-p185001182.html?spid=185001183
162089122,Bàn là hơi nước cầm tay Xiaomi Mijia MJGTJ01LF - Hàng Nhập Khẩu,405000.0,405000.0,0.0,5.0,1,16996,,https://tiki.vnban-la-hoi-nuoc-cam-tay-xiaomi-mijia-mjgtj01lf-hang-nhap-khau-p162089122.html?spid=162089123
145550361,"Tông đơ cắt tóc chuyên nghiệp KEMEI KM-2709PG điều chỉnh 2 mức tốc độ, sử dụng sạc USB sạc nhanh pin trâu 3h, có màn hình LCD hiển thị tăng đơ cắt tóc trẻ em và người lớn dùng cho gia đình, salon tiệm tóc barber - Hãng phân phối chính thức",699000.0,699000.0,0.0,5.0,1,110704,,https://tiki.vntong-do-cat-toc-chuyen-nghiep-kemei-km-2709pg-dieu-chinh-2-muc-toc-do-su-dung-sac-usb-sac-nhanh-pin-trau-3h-co-man-hinh-lcd-hien-thi-tang-do-cat-toc-tre-em-va-nguoi-lon-dung-cho-gia-dinh-salon-tiem-toc-barber-hang-phan-phoi-chinh-thuc-p145550361.html?spid=145550438
126131869,"Tông đơ cắt tóc dành cho gia đình và salon Kemei KM-5020 có thể điều chỉnh lưỡi cắt có 2 mức tốc độ, cắt tóc trẻ em và người lớn đều được",399000.0,399000.0,0.0,4.8,5,110704,,https://tiki.vntong-do-cat-toc-danh-cho-gia-dinh-va-salon-kemei-km-5020-co-the-dieu-chinh-luoi-p126131869.html?spid=126131870
105602628,Quạt Điện Đứng Senko L1338 - thay mã mới L1638 Giao Màu Ngẫu Nhiên - Hàng Chính Hãng,378000.0,378000.0,0.0,5.0,7,187775,,https://tiki.vnquat-dien-dung-senko-l1338-thay-ma-moi-l1638-giao-mau-ngau-nhien-hang-chinh-hang-p105602628.html?spid=105602629
85344803,"Máy trộn bột và đánh trứng cao cấp nhãn hiệu DSP KM3007 công suất 1200W, dung tích 5 lít - Hàng Nhập Khẩu",2040000.0,2040000.0,0.0,0.0,0,112115,,https://tiki.vnmay-tron-bot-va-danh-trung-cao-cap-nhan-hieu-dsp-km3007-cong-suat-1200w-dung-tich-5-lit-hang-nhap-khau-p85344803.html?spid=85296511
72580426,Bếp Ga Chống Nổ Mini Inox Namilux PL2021AS Van An Toàn 2 Cấp Công Nghệ Nhật Bản-Hàng Chính Hãng,329000.0,329000.0,0.0,4.7,26,69337,,https://tiki.vnbep-ga-chong-no-mini-inox-namilux-pl2021as-van-an-toan-2-cap-cong-nghe-nhat-ban-hang-chinh-hang-p72580426.html?spid=104637516
42833330,Van cấp nước đầu nguồn kết nối nhanh dùng trong máy lọc nước – Hàng chính hãng,70000.0,70000.0,0.0,4.7,69,8413,,https://tiki.vnvan-cap-nuoc-dau-nguon-ket-noi-nhanh-dung-trong-may-loc-nuoc-hang-chinh-hang-p42833330.html?spid=42833334
36295619,Máy lọc không khí và tạo ẩm Daikin MCK55TVM6 - Hàng chính hãng,8299000.0,8299000.0,0.0,0.0,0,127896,,https://tiki.vnmay-loc-khong-khi-va-tao-am-daikin-mck55tvm6-hang-chinh-hang-p36295619.html?spid=58404197
35964301,Máy Lọc Không Khí DAIKIN MC40UVM6 - Hàng Chính Hãng,5549000.0,8499000.0,2950000.0,0.0,0,218,,https://tiki.vnmay-loc-khong-khi-daikin-mc40uvm6-hang-chinh-hang-p35964301.html?spid=68090649
756665,Nồi Cơm Điện Nắp Gài Sharp KS-R231STVSS (2.2L) - Hàng chính hãng,1571000.0,1850000.0,279000.0,4.8,27,1,,https://tiki.vnnoi-com-dien-nap-gai-sharp-ks-r231stvss-2-2l-hang-chinh-hang-p756665.html?spid=757837
541517,Quạt Đứng Mitsubishi LV16-RV SF-GY - Xám Nhạt - Hàng Chính Hãng,2239000.0,2239000.0,0.0,4.6,16,7880,,https://tiki.vnquat-dung-mitsubishi-lv16-rv-sf-gy-xam-nhat-hang-chinh-hang-p541517.html?spid=51976624
449023,Máy Xay Sinh Tố Đa Năng Sunhouse SHD5322 (220W) Màu đen - Hàng chính hãng,699000.0,699000.0,0.0,4.3,6,133145,,https://tiki.vnmay-xay-sinh-to-da-nang-sunhouse-shd5322-220w-hang-chinh-hang-p449023.html?spid=57752201
278831091,"Máy Lọc Không Khí Và Hút Ẩm Kosmen ECO-35E Hút Ẩm 35 lít/ngày, Lọc Khí 3 Lớp Cao Cấp - Hàng Chính Hãng, Bảo Hành 2 Năm",7000000.0,7000000.0,0.0,0.0,0,157420,,https://tiki.vnmay-loc-khong-khi-va-hut-am-kosmen-eco-35e-hut-am-35-lit-ngay-loc-khi-3-lop-cao-cap-hang-chinh-hang-bao-hanh-2-nam-p278831091.html?spid=278831092
278828757,MÁY XAY THỊT ĐỨC DE MULLER Hàng chính hãng,990000.0,990000.0,0.0,0.0,0,20256,,https://tiki.vnmay-xay-thit-duc-de-muller-hang-chinh-hang-p278828757.html?spid=278828758
278722564,"Nồi Cơm Điện Mini 0,8L Bennix Thailand BN-MRC08. hàng chính hãng Bảo hành 12 tháng",580000.0,580000.0,0.0,0.0,0,297289,,https://tiki.vnnoi-com-dien-mini-0-8l-bennix-thailand-bn-mrc08-hang-chinh-hang-bao-hanh-12-thang-p278722564.html?spid=278722565
278567823,"Máy sấy tóc tốc độ cao TIROSS TS4323, 2 tốc độ, 1500W - 3 màu (Trắng, Xanh, Hồng) - Hàng chính hãng",759000.0,759000.0,0.0,0.0,0,99996,,https://tiki.vnmay-say-toc-tiross-ts4323-2-toc-do-1500w-3-mau-trang-xanh-hong-hang-chinh-hang-p278567823.html?spid=278567824
276883875,Máy Sưởi Tay Mini LED Cầm Tay Làm Ấm Nhanh 8s Sạc USB 3 Mức Độ Nhiệt Tùy Chỉnh Chế Độ Sạc Dự Phòng Kèm Dây Treo Tiện Dụng Văn Phòng Du Lịch Phượt Dã Ngoại MÀU ĐEN – Hàng Nhập Khẩu,330000.0,330000.0,0.0,0.0,0,353491,,https://tiki.vnmay-suoi-tay-mini-cam-tay-lam-am-nhanh-8s-sac-usb-3-muc-do-nhiet-tuy-chinh-che-do-kem-day-treo-tien-dung-van-phong-du-lich-phuot-da-ngoai-hang-nhap-khau-p276883875.html?spid=276883876
276679051,BẾP ĐÔI ĐIỆN TỪ SUNHOUSE SHB82012 - Hàng Chính Hãng,5355000.0,5355000.0,0.0,0.0,0,11119,,https://tiki.vnbep-doi-dien-tu-sunhouse-shb82012-hang-chinh-hang-p276679051.html?spid=276679061
276227610,"Máy Hút Chân Không Thực Phẩm, Máy Hàn Miện Túi Tặng Kèm 10 Túi - Hàng chính hãng",149000.0,149000.0,0.0,0.0,0,54082,,https://tiki.vnmay-hut-chan-khong-thuc-pham-may-han-mien-tui-tang-kem-10-tui-hang-chinh-hang-p276227610.html?spid=276227611
276105073, Bình đun siêu tốc Braun WK1100WH - Hàng chính hãng,677000.0,999000.0,322000.0,0.0,0,1,,https://tiki.vnbinh-dun-sieu-toc-braun-wk1100wh-hang-chinh-hang-p276105073.html?spid=278707522
275911167,QUẠT SƯỞI GỐM PHILIPS AHR2142FD Hàng chính hãng,2490000.0,2490000.0,0.0,5.0,1,20256,,https://tiki.vnquat-suoi-gom-philips-ahr2142fd-hang-chinh-hang-p275911167.html?spid=275911168
275623022,Máy sấy tóc 2100W Philips BHD500/00 - Hàng Chính Hãng,1290000.0,1290000.0,0.0,0.0,0,20256,,https://tiki.vnmay-say-toc-2100w-philips-bhd500-00-hang-chinh-hang-p275623022.html?spid=277262758
275489646,"Nồi Chảo Lẩu Điện Vuông Đa Năng - DTCLD01, Giao mầu ngẫu nhiên - Hàng nhập khẩu",435000.0,435000.0,0.0,0.0,0,261657,,https://tiki.vnnoi-chao-lau-dien-vuong-da-nang-dtcld01-giao-mau-ngau-nhien-hang-nhap-khau-p275489646.html?spid=275489647
275452963,"Hộp đá khoáng DA COOLMART, linh kiện phù hợp cho Bình lọc nước Coolmart - Hàng chính hãng",330000.0,330000.0,0.0,0.0,0,184067,,https://tiki.vnhop-da-khoang-da-coolmart-linh-kien-phu-hop-cho-binh-loc-nuoc-coolmart-hang-chinh-hang-p275452963.html?spid=275452964
275451692,Máy làm sữa hạt Lucy Germany 1.2L Hàng chính hãng,4890000.0,4890000.0,0.0,0.0,0,20256,,https://tiki.vnmay-lam-sua-hat-lucy-germany-1-2l-hang-chinh-hang-p275451692.html?spid=275451693
275439652,Ron cao su dành cho nồi áp suất điện từ 3L đến 6L- Hàng nhập khẩu,89000.0,89000.0,0.0,0.0,0,132610,,https://tiki.vnron-cao-su-danh-cho-noi-ap-suat-dien-tu-3l-den-6l-p275439652.html?spid=275458197
275234619,Máy Ép Chậm - Máy Ép Hoa Qủa Hongxinggg Ép Kiệt Dễ Dàng Sử Dụng - Hàng nhập khẩu,525000.0,525000.0,0.0,0.0,0,261657,,https://tiki.vnmay-ep-cham-may-ep-hoa-qua-hongxingg-ep-kiet-de-dang-su-dung-hang-nhap-khau-p275234619.html?spid=275234638
275188831,Máy sấy tiệt trùng bát đĩa HeimChef HTD-3300 Hàng chính hãng,3990000.0,3990000.0,0.0,0.0,0,20256,,https://tiki.vnmay-say-tiet-trung-bat-dia-heimchef-htd-3300-hang-chinh-hang-p275188831.html?spid=275189049
274371685,Tông đơ cắt tóc đa chức năng Xiaomi Enchen Beardo2 chất liệu thép không gỉ nhiều cữ linh hoạt - Hàng nhập khẩu,239000.0,390000.0,151000.0,3.3,4,129537,,https://tiki.vntong-do-cat-toc-da-chuc-nang-xiaomi-enchen-beardo2-chat-lieu-thep-khong-gi-nhieu-cu-linh-hoat-hang-nhap-khau-p274371685.html?spid=274371686
272624378,Nồi Áp Suất Điện Olivo PC60 Ruột Inox 6L Thương Hiệu Mỹ Gồm 16 Chức Năng Công Suất 1000 W - Hàng Chính Hãng,2790000.0,2790000.0,0.0,0.0,0,20256,,https://tiki.vnnoi-ap-suat-dien-olivo-pc60-thuong-hieu-my-gom-16-chuc-nang-dung-tich-6-lit-cong-suat-1000-w-hang-chinh-hang-p272624378.html?spid=278827485
263488400,Nồi cơm điện tử áp suất kép Cuckoo CRP-ST1010FG (1.8L) - Hàng Chính Hãng,5339000.0,7990000.0,2651000.0,5.0,1,29960,,https://tiki.vnnoi-com-dien-tu-ap-suat-kep-cuckoo-crp-st1010fg-1-8l-hang-chinh-hang-p263488400.html?spid=263488401
248703808,"Máy đánh trứng trộn bột cầm tay Bear, 10 tốc độ, CS 300W, Anh Lam Store - Hàng nhập khẩu",374000.0,375000.0,1000.0,0.0,0,236185,,https://tiki.vnmay-danh-trung-tron-bot-cam-tay-bear-10-toc-do-cs-300w-anh-lam-store-p248703808.html?spid=248703810
247853438,"Máy Uốn Tóc Xoăn Sóng Ion Âm 32mm, Máy Làm Xoăn Hippie Cao Cấp2 Trục Phủ Gốm Và Ion Âm Bảo Vệ Tóc - HÀNG CHÍNH HÃNG MINIIN",159000.0,159000.0,0.0,0.0,0,134678,,https://tiki.vnmay-uon-toc-xoan-song-ion-am-32mm-may-lam-xoan-hippie-cao-cap2-truc-phu-gom-va-ion-am-bao-ve-toc-hang-chinh-hang-miniin-p247853438.html?spid=247853439
242657405,"Lẩu điện Sunhouse SHD4523, Công suất 1300W, Dung tích 3.5 lít , Hàng chính hãng - Bảo hành 12 tháng",439000.0,439000.0,0.0,0.0,0,261657,,https://tiki.vnla-u-die-n-sunhouse-shd4523-cong-sua-t-1300w-dung-tich-3-5-lit-hang-chinh-hang-ba-o-ha-nh-12-tha-ng-p242657405.html?spid=273597608
211312585,Máy Cạo Râu Panasonic ES534DP527 Dùng Pin AA - Hàng Chính Hãng,250000.0,250000.0,0.0,5.0,3,184067,,https://tiki.vnmay-cao-rau-panasonic-es534-doi-moi-xuat-xu-thai-lan-dung-pin-aa-p211312585.html?spid=263045183
206080133,"Combo 200 Màng Bọc Thực Phẩm Thức Ăn Chống Bụi , Chống Côn Trùng - Hàng Chính Hãng",39000.0,39000.0,0.0,0.0,0,158877,,https://tiki.vncombo-200-mang-boc-thuc-pham-thuc-an-chong-bui-chong-con-trung-chinh-hang-p206080133.html?spid=206080134
206052452,"Ấm đun nước siêu tốc Điện Quang ĐQ EKT15 1518 - Inox chất lượng cao, đế xoay 360 độ, tự động ngắt điện - Hàng chính hãng",343600.0,343600.0,0.0,0.0,0,17490,,https://tiki.vnam-dun-nuoc-sieu-toc-dien-quang-dq-ekt15-1518-p206052452.html?spid=206052454
205632184,Bàn là hơi nước SUNHOUSE SHD2065 Hàng Chính Hãng,335000.0,335000.0,0.0,0.0,0,11119,,https://tiki.vnban-la-hoi-nuoc-sunhouse-shd2065-p205632184.html?spid=263571739
205632165,Bếp Hồng Ngoại Đơn Sunhouse SHD6011 ( không kén nồi ) Hàng Chính Hãngsun,560000.0,560000.0,0.0,0.0,0,65797,,https://tiki.vnbe-p-hong-ngoai-don-sunhouse-shd6011-khong-ken-noi-hang-chinh-hangsun-p205632165.html?spid=275578499
204421117,Quạt cấp khí tươi li tâm nối ống Vortex Powerfans VF-315SI - Hàng chính hãng,8500000.0,8500000.0,0.0,0.0,0,311940,,https://tiki.vnquat-cap-khi-tuoi-li-tam-noi-ong-vortex-powerfans-vf-315si-hang-chinh-hang-p204421117.html?spid=204421119
201843632,Nồi chiên không dầu Nagakawa NAG3307 (12L) - 12 chương trình nấu - Công nghệ Rapid Air 360 độ - Hàng chính hãng,3200000.0,3200000.0,0.0,0.0,0,4045,,https://tiki.vnnoi-chien-khong-dau-nagakawa-nag3307-12l-12-chuong-trinh-nau-cong-nghe-rapid-air-360-do-hang-chinh-hang-p201843632.html?spid=252026398
201038233,Máy lọc không khí E05B - Hàng chính hãng,1950000.0,1950000.0,0.0,0.0,0,245872,,https://tiki.vnmay-loc-khong-khi-e05b-p201038233.html?spid=201038245
147723791,Bàn là hơi nước cầm tay Lock&lock Handy Steamer ENI222WHT (Model New) - Hàng chính hãng,750000.0,1350000.0,600000.0,0.0,0,88331,,https://tiki.vnban-la-hoi-nuoc-cam-tay-lock-lock-handy-steamer-eni222wht-model-new-hang-chinh-hang-p147723791.html?spid=199244645
147003796, Đế Hâm Nóng Đồ Uống Hàng Chính Hãng MINIIN - Đế Làm Nóng  Đa Năng Cao Cấp Có Cổng Sạc USB Họa Tiết Hoạt Hình Dễ Thương  ,36000.0,36000.0,0.0,3.9,14,134678,,https://tiki.vnde-ham-nong-do-uong-cong-sac-usb-hoa-tiet-hoat-hinh-de-thuong-de-lot-coc-da-nang-cao-cap-hang-chinh-hang-miniin-p147003796.html?spid=147003797
80022729,Nồi cơm điện tử Tefal RK733168 - Hàng chính hãng,1250000.0,1250000.0,0.0,0.0,0,20256,,https://tiki.vnnoi-com-dien-tu-tefal-rk733168-hang-chinh-hang-p80022729.html?spid=276383462
75954782,Nồi cơm điện tử Zojirushi NL-GAQ18 - Hàng chính hãng,7900000.0,7900000.0,0.0,0.0,0,20256,,https://tiki.vnnoi-com-dien-tu-zojirushi-nl-gaq18-hang-chinh-hang-p75954782.html?spid=213006508
63912480,BẾP GAS ĐÔI ZENNE KLS 206 - NHẬP KHẨU MALAYSIA – MẶT BẾP PHỦ MEN - NGỌN LỬA MẠNH VÀ HỘI TỤ - TIẾT KIỆM GAS,1995000.0,2035000.0,40000.0,0.0,0,1281,,https://tiki.vnbep-gas-doi-zenne-kls-206-hang-nhap-khau-p63912480.html?spid=63912481
49165339,LÒ VI SÓNG TOSHIBA MW2-AG24PC(BK)- Hàng chính hãng,2563000.0,3299000.0,736000.0,4.8,4,1,,https://tiki.vnlo-vi-song-toshiba-mw2-ag24pc-bk-hang-chinh-hang-p49165339.html?spid=74245947
44114426,"Nối ren ngoài 21 dùng trong lọc nước, phun sương, dàn tưới cây, bể thủy sinh, cá cảnh, bán cạn",20000.0,20000.0,0.0,4.3,8,8413,,https://tiki.vnnoi-ren-ngoai-21-dung-trong-loc-nuoc-phun-suong-dan-tuoi-cay-be-thuy-sinh-ca-canh-ban-can-p44114426.html?spid=44114430
16085288,Bếp gas đôi mặt men Namilux NA-681DFM Tặng dây bọc inox Hàng chính hãng,699000.0,699000.0,0.0,4.5,10,69337,,https://tiki.vnbep-gas-doi-mat-men-namilux-na-681dfm-tang-day-boc-inox-hang-chinh-hang-p16085288.html?spid=104641486
449515,Bếp Hồng Ngoại Cảm Ứng Sunhouse SHD6017 - Hàng chính hãng,780926.0,780926.0,0.0,0.0,0,247324,,https://tiki.vnbe-p-ho-ng-ngoa-i-ca-m-u-ng-sunhouse-shd6017-hang-chinh-hang-p449515.html?spid=273389640
429546,Bếp Hồng Ngoại Iruka I-77 (2200W) - Hàng Chính Hãng,1575000.0,2490000.0,915000.0,4.7,153,1,,https://tiki.vnbep-hong-ngoai-iruka-i-77-2200w-hang-chinh-hang-p429546.html?spid=134194
279077935,Máy xay thịt đa năng Joyoung JFC-808 Hàng Chính Hãng,529000.0,1090000.0,561000.0,0.0,0,1,,https://tiki.vnmay-xay-thit-da-nang-joyoung-jfc-808-hang-chinh-hang-p279077935.html?spid=279077936
278626809,Nồi lẩu nướng đa năng Bear GR-5H22R83 Hàng chính hãng,2290000.0,2290000.0,0.0,0.0,0,20256,,https://tiki.vnnoi-lau-nuong-da-nang-bear-gr-5h22r83-hang-chinh-hang-p278626809.html?spid=278626810
277481606,Máy sưởi dầu 11 thanh Tiross TS924 - Máy sưởi dầu hiện đại - Hàng chính hãng,2699000.0,2699000.0,0.0,0.0,0,99996,,https://tiki.vnmay-suoi-dau-11-thanh-tiross-ts924-may-suoi-dau-hien-dai-hang-chinh-hang-p277481606.html?spid=277481607
277174740,Quạt sưởi Silvercrest Basic Germany Hàng chính hãng,990000.0,990000.0,0.0,0.0,0,20256,,https://tiki.vnquat-suoi-silvercrest-basic-germany-hang-chinh-hang-p277174740.html?spid=277174741
276930198,"Máy Nhổ Lông Gà Vịt Cầm Tay – Chạy Pin, Đa Năng, Làm Sạch Nhanh Chóng - HÀNG CHÍNH HÃNG MINIIN",139000.0,139000.0,0.0,3.3,3,134678,,https://tiki.vnmay-nho-long-ga-vit-cam-tay-chay-pin-da-nang-lam-sach-nhanh-chong-hang-chinh-hang-miniin-p276930198.html?spid=276930199
276896162,Nồi Cơm Điện Tử 1.8L NK Media MD-NC1870 - Hàng Chính Hãng,765000.0,765000.0,0.0,5.0,1,11119,,https://tiki.vnnoi-com-dien-tu-1-8l-media-md-nc1870-hang-chinh-hang-p276896162.html?spid=276896163
276628437,"Lò Vi Sóng LG NeoChef 20l màu Be MS2032GIK, Công suất 700W - Hàng chính hãng",2499000.0,3990000.0,1491000.0,0.0,0,345161,,https://tiki.vnlo-vi-song-lg-neochef-20l-mau-be-ms2032gik-cong-suat-700w-hang-chinh-hang-p276628437.html?spid=276628439
276616457,"Nồi cơm điện tử 1.8L Midea MB-FS5025 công suất 760W, 17 chế độ nấu có sẵn - Hàng chính hãng",1850000.0,1850000.0,0.0,0.0,0,173338,,https://tiki.vnnoi-com-dien-tu-1-8l-midea-mb-fs5025-cong-suat-760w-17-che-do-nau-co-san-hang-chinh-hang-p276616457.html?spid=276616458
276525767,Quạt không cánh Lumias T08 Hàng chính hãng,3290000.0,3290000.0,0.0,0.0,0,20256,,https://tiki.vnquat-khong-canh-lumias-t08-hang-chinh-hang-p276525767.html?spid=276525768
276094626,"[Hàng chính hãng] Phin lọc đôi cho máy pha cà phê DeLonghi EC9335, EC885",275000.0,275000.0,0.0,0.0,0,355771,,https://tiki.vnhang-chinh-hang-phin-loc-doi-cho-may-pha-ca-phe-delonghi-ec9335-p276094626.html?spid=276094627
275494223,Bàn ủi hơi nước đứng Philips STE1030/20  - Hàng chính hãng,2049000.0,2049000.0,0.0,4.0,1,6201,,https://tiki.vnban-ui-hoi-nuoc-dung-philips-ste1030-20-hang-chinh-hang-p275494223.html?spid=276307669
274962254,"Lẩu điện Kangaroo KG45EH1, dung tích 4.5L, công suất 1300W, cấu trúc đĩa truyền nhiệt giúp truyền nhiệt nhanh và đều - Hàng chính hãng",849000.0,849000.0,0.0,0.0,0,1957,,https://tiki.vnlau-dien-kangaroo-kg45eh1-hang-chinh-hang-p274962254.html?spid=276901488
274691565,Nồi cơm điện tử Tefal Rice Mate Mini 0.7 lít RK515168 - Hàng Chính Hãng - Bảo Hành 12 Tháng - Dung tích: 0.7 lít Công suất:	350W,1250000.0,1250000.0,0.0,5.0,1,20256,,https://tiki.vnnoi-com-dien-tu-tefal-rice-mate-mini-0-7-lit-rk515168-hang-chinh-hang-bao-hanh-12-thang-dung-tich-0-7-lit-cong-suat-350w-p274691565.html?spid=278496389
274566979,Nồi cơm cao tần Tefal 1.8 lít RK818A68 - Hàng Chính Hãng - Bảo Hành 12 Tháng,2390000.0,2390000.0,0.0,0.0,0,20256,,https://tiki.vnnoi-com-cao-tan-tefal-1-8-lit-rk818a68-hang-chinh-hang-bao-hanh-12-thang-p274566979.html?spid=274591484
273421417,Đệm sưởi Kachi MK363 chăn điện mùa đông - Hàng chính hãng,509150.0,599000.0,89850.0,5.0,1,160749,,https://tiki.vndem-suoi-kachi-mk363-chan-dien-mua-dong-hang-chinh-hang-p273421417.html?spid=273421418
272459235,Máy lọc không khí Wells Jet Blue AL 315 AWA - Hàng chính hãng,8727000.0,14000000.0,5273000.0,0.0,0,1,,https://tiki.vnmay-loc-khong-khi-wells-jet-blue-al-315-awa-hang-chinh-hang-p272459235.html?spid=272459236
272185863,Nồi Cơm Điện 3L Sunhouse SHD8308 - Hàng Chính Hãng,1380000.0,1380000.0,0.0,0.0,0,11119,,https://tiki.vnnoi-com-dien-3l-sunhouse-shd8308-hang-chinh-hang-p272185863.html?spid=272185864
253398161,Lò vi sóng Samsung MS23K3513AS 23L 800W - Hàng chính hãng,2900000.0,2900000.0,0.0,0.0,0,11119,,https://tiki.vnlo-vi-song-samsung-ms23k3513as-23l-800w-p253398161.html?spid=274005418
248703752,"Máy xay thịt đa năng Bear, cối thủy tinh 2L 300W, dao 4 lưỡi thép không gỉ, Anh Lam Store - Hàng nhập khẩu",415000.0,475000.0,60000.0,0.0,0,236185,,https://tiki.vnmay-xay-thit-da-nang-bear-coi-thuy-tinh-2l-300w-dao-4-luoi-thep-khong-gi-anh-lam-store-p248703752.html?spid=248704215
217523963,Máy chế biến thực phẩm Panasonic MK-F310WRA - HÀNG CHÍNH HÃNG,2049000.0,2400000.0,351000.0,0.0,0,1,,https://tiki.vnmay-che-bien-thuc-pham-panasonic-mk-f310wra-hang-chinh-hang-p217523963.html?spid=274663852
217386123,MÀNG LỌC HEPA KHẨU TRANG LỌC KHÔNG KHÍ LG PURICARE – HÀNG CHÍNH HÃNG,295000.0,295000.0,0.0,0.0,0,183206,,https://tiki.vnmang-loc-hepa-khau-trang-loc-khong-khi-lg-puricare-hang-chinh-hang-p217386123.html?spid=217386124
212468248,Máy lọc không khí Levoit Core Mini HEAPAPLVNAS0105 - Hàng chính hãng,2490000.0,2490000.0,0.0,0.0,0,162514,,https://tiki.vnmay-loc-khong-khi-levoit-core-mini-heapaplvnas0105-hang-chinh-hang-p212468248.html?spid=212468249
205539772,Ấm sắc thuốc Trường An TA 37 Nâu - Siêu thuốc - Siêu điện - Ấm sắc thuốc bằng điện -  Dụng cụ nấu thuốc  -Hàng Việt Nam chính hãng,450000.0,450000.0,0.0,0.0,0,11176,,https://tiki.vnam-sa-c-thuoc-truong-an-ta-37-nau-sieu-thuoc-sieu-dien-am-sac-thuoc-bang-dien-dung-cu-nau-thuoc-hang-viet-nam-chat-luong-cao-p205539772.html?spid=205539774
203462430,Máy hút bụi công nghiệp Tiross TS9301 - Dung tích 32 lít - Sản xuất tại Malaysia - 3 Chức năng Hút khô - ướt - thổi bụi - Hàng chính hãng,1888000.0,1888000.0,0.0,0.0,0,283011,,https://tiki.vnmay-hut-bui-cong-nghiep-tiross-ts9301-dung-tich-32-lit-san-xuat-tai-malaysia-3-chuc-nang-hut-kho-uot-thoi-bui-hang-chinh-hang-p203462430.html?spid=203462431
203317310,Bếp hồng ngoại Sunhouse SHD 6011 - Hàng Chính Hãng,551000.0,551000.0,0.0,0.0,0,183862,,https://tiki.vnbep-hong-ngoai-sunhouse-shd-6011-hang-chinh-hang-p203317310.html?spid=203317311
201518031,Máy ép chậm trái cây Tefal ZC420E38 - Hàng Chính Hãng,3690000.0,3690000.0,0.0,0.0,0,20256,,https://tiki.vnmay-ep-cham-trai-cay-tefal-zc420e38-hang-chinh-hang-p201518031.html?spid=247878596
174236835,MÁY HÚT MÙI ÂM TỦ HAFELE HH-TT70A/533.86.817 - HÀNG CHÍNH HÃNG,3354000.0,3354000.0,0.0,0.0,0,129683,,https://tiki.vnmay-hut-mui-am-tu-hafele-hh-tt70a-533-86-817-hang-chinh-hang-p174236835.html?spid=206375721
148679957,"Nồi cơm điện tử Tefal RK732168, Dung tích 1.8L, Công suất 750W -  Hàng chính hãng",1429000.0,1429000.0,0.0,0.0,0,109240,,https://tiki.vnnoi-com-dien-tu-tefal-rk732168-dung-tich-1-8l-cong-suat-750w-hang-chinh-hang-p148679957.html?spid=148679958
138106773,Bếp Gas Dương Kính Kangaroo KG516M - Hàng chính hãng,840000.0,1270000.0,430000.0,0.0,0,1,,https://tiki.vnbep-gas-duong-kinh-kangaroo-kg516m-hang-chinh-hang-p138106773.html?spid=138106774
112265564,"Hộp cơm hâm nóng cắm điện HT SYS - BUCOOK DFH C02 - 2 Lít 2 Tầng 4 Ngăn Có Thể Nấu Và Hâm Nóng Thức Ăn, Ruột Bằng Inox 304",222000.0,222000.0,0.0,4.7,12,78619,,https://tiki.vnhop-com-ham-nong-cam-dien-ht-sys-bucook-dfh-c02-2-lit-2-tang-4-ngan-co-the-nau-va-ham-nong-thuc-an-ruot-bang-inox-304-p112265564.html?spid=196177359
107088562,Máy Hút Bụi Dyson V15 Detect Absolute - Hàng Chính Hãng,14900000.0,14900000.0,0.0,0.0,0,20256,,https://tiki.vnmay-hut-bui-dyson-v15-dectect-hang-chinh-hang-p107088562.html?spid=248910440
105602617,"Quạt đứng SENKO sải cảnh lớn , hẹn giờ bật tắt cao cấp hàng chính hãng- GIAO MÀU NGẪU NHIÊN  ",472000.0,472000.0,0.0,5.0,11,187775,,https://tiki.vnquat-dung-senko-sai-canh-lon-hen-gio-bat-tat-cao-cap-hang-chinh-hang-giao-mau-ngau-nhien-p105602617.html?spid=144235346
76366605,Nồi Chiên Không Dầu Hafele AF-602A 11 Lít – Hàng Chính Hãng,5886000.0,5886000.0,0.0,4.7,102,166173,,https://tiki.vnnoi-chien-khong-dau-hafele-af-602a-11-lit-hang-chinh-hang-p76366605.html?spid=91635181
49011602,Lò vi sóng Toshiba ER-SGM20(S1)VN 20 lít - HÀNG CHÍNH HÃNG,1920000.0,2450000.0,530000.0,4.6,17,1,,https://tiki.vnlo-vi-song-toshiba-er-sgm20-s1-vn-20-lit-hang-chinh-hang-p49011602.html?spid=56381433
37949789,Quạt trần Panasonic F-56XPG 4 cánh có điều khiển - Hàng chính hãng,2770000.0,2770000.0,0.0,4.6,5,187775,,https://tiki.vnquat-tran-panasonic-f-56xpg-4-canh-co-dieu-khien-hang-chinh-hang-p37949789.html?spid=225221580
26494275,Máy xay cà phê cầm tay L-BEANS SD-919L - xay pha máy hoặc pha phin,3590000.0,3590000.0,0.0,5.0,2,13571,,https://tiki.vnmay-xay-ca-phe-cam-tay-l-beans-sd-919l-xay-pha-may-hoac-pha-phin-p26494275.html?spid=26494276
6959429,Nồi Lẩu Điện Sunhouse SH525 (4L) - Hàng chính hãng,569000.0,569000.0,0.0,4.5,5,11119,,https://tiki.vnnoi-lau-dien-sunhouse-sh525-4l-hang-chinh-hang-p6959429.html?spid=7076313
474603,Quạt Lửng KDK N30NH(GD) - Vàng - Hàng chính hãng,3368000.0,3368000.0,0.0,5.0,4,7880,,https://tiki.vnquat-lung-kdk-n30nh-gd-vang-hang-chinh-hang-p474603.html?spid=52045558
405170,Máy Sấy Quần Áo TIROSS TS880 (900W) - Hàng Chính Hãng,1299000.0,1299000.0,0.0,5.0,4,99996,,https://tiki.vnmay-say-quan-ao-tiross-ts880-900w-hang-chinh-hang-p405170.html?spid=45876148
278965503,"Máy Sấy Tóc Tạo Kiểu Masuto AirStyler 5in1 Phồng Và Mượt Tóc, Công Nghệ Ion Âm Giảm Hư Tổn - Hàng chính hãng",1483000.0,1483000.0,0.0,0.0,0,173338,,https://tiki.vnmay-say-toc-tao-kieu-masuto-airstyler-5in1-phong-va-muot-toc-cong-nghe-ion-am-giam-hu-ton-hang-chinh-hang-p278965503.html?spid=278965504
278856200,Tủ Sấy Máy Sấy Quần Áo GDV Điều Khiển Từ Xa Công Suất 1600W - Màu Ngẫu Nhiên - Hàng Chính Hãng,640000.0,640000.0,0.0,0.0,0,11119,,https://tiki.vntu-say-may-say-quan-ao-gdv-dieu-khien-tu-xa-cong-suat-1600w-mau-ngau-nhien-hang-chinh-hang-p278856200.html?spid=278856201
278842619,Nồi Lẩu Hấp Hơi Thủy Nhiệt MAGIC Eco AC-284 hàng chính hãng,1950000.0,1950000.0,0.0,0.0,0,20256,,https://tiki.vnnoi-lau-hap-hoi-thuy-nhiet-magic-eco-ac-284-hang-chinh-hang-p278842619.html?spid=278842620
278275501,"Máy làm sữa hạt thủy tinh chống ồn Masuto MS Love Plus dung tích 1,2L có hẹn giờ 12 chế độ nấu - Hàng chính hãng",1349000.0,1349000.0,0.0,0.0,0,173338,,https://tiki.vnmay-lam-sua-hat-thuy-tinh-chong-on-masuto-ms-love-plus-dung-tich-1-2l-co-hen-gio-12-che-do-nau-hang-chinh-hang-p278275501.html?spid=278275502
277969521,"Máy Vắt Cam LocknLock Citrus Juicer EJJ244 40W 700ml, Hàng Chính Hãng, Xoay Ép Hai Chiều - JoyMall",458100.0,509000.0,50900.0,0.0,0,38510,,https://tiki.vnmay-vat-cam-locknlock-citrus-juicer-ejj244-40w-700ml-hang-chinh-hang-xoay-ep-hai-chieu-joymall-p277969521.html?spid=277969525
276235635,Máy xay thực phẩm đa năng Bear QSJ-E03B2 (CH-5H03P42) - Hàng chính hãng,369000.0,799000.0,430000.0,0.0,0,1,,https://tiki.vnmay-xay-thuc-pham-da-nang-bear-qsj-e03b2-hang-chinh-hang-p276235635.html?spid=276235636
275847978,"Máy ép chậm Elmich JEE-8759, công suất 240W mạnh mẽ ép kiệt bã, giữ lại chất dinh dưỡng và hương vị trong trái cây,độ ồn dưới 58dB, ép kiệt tới 98% - Hàng chính hãng",2258000.0,6058000.0,3800000.0,4.0,1,1,,https://tiki.vnmay-ep-cham-elmich-jee-8759-p275847978.html?spid=275847979
275832152,"Máy Xay Hạt Khô, Máy Xay Cafe, Máy Xay Bột Khô Đa Năng Công Suất Lớn Với 8 Lưỡi Dao - Hàng Nhập Khẩu",144000.0,144000.0,0.0,0.0,0,78619,,https://tiki.vnmay-xay-hat-kho-may-xay-cafe-may-xay-bot-kho-da-nang-cong-suat-lon-voi-8-luoi-dao-hang-nhap-khau-p275832152.html?spid=275832153
275732753,Máy hút bụi cầm tay Xiaomi Vacuum Cleaner G20 Lite - Hàng Chính Hãng,2290000.0,2290000.0,0.0,0.0,0,34716,,https://tiki.vnmay-hut-bui-cam-tay-xiaomi-vacuum-cleaner-g20-lite-hang-chinh-hang-p275732753.html?spid=275732754
275237456,Nồi Chiên Không Dầu Kèm Hấp 2GOOD S100 (20 Lít)- Hàng Chính Hãng,5190000.0,5190000.0,0.0,0.0,0,308020,,https://tiki.vnnoi-chien-khong-dau-kem-hap-2good-s100-20-lit-hang-chinh-hang-p275237456.html?spid=275237457
275075991,Lò chiên không dầu 25 lít Toshiba TL2-SAC25GZC(GR) - Hàng chính hãng,4199000.0,4990000.0,791000.0,0.0,0,345161,,https://tiki.vnlo-chien-khong-dau-thong-minh-toshiba-tl2-sac25gzc-hang-chinh-hang-p275075991.html?spid=275075992
275021790,"Quạt điều hòa Nineshield KB-588A 45L + tặng 2 đá khô có bánh xe, Motor đồng bền bỉ, êm ái, tiết kiệm điện, dễ dàng vệ sinh, hàng nhập khẩu",1499000.0,1499000.0,0.0,5.0,2,188506,,https://tiki.vnquat-dieu-hoa-hoi-nuoc-45-lit-lulusy-45a-tang-2-da-kho-co-banh-xe-motor-dong-ben-bi-em-ai-tiet-kiem-dien-de-dang-ve-sinh-hang-nhap-khau-p275021790.html?spid=275021791
274904514,"Máy Xay Sinh Tố Cầm Tay, Máy Xay Sinh Tố Mini Đa Năng, Tiện Dụng - Hàng Nhập Khẩu",253000.0,253000.0,0.0,0.0,0,78619,,https://tiki.vnmay-xay-sinh-to-cam-tay-may-xay-sinh-to-mini-da-nang-meet-juice-hang-nhap-khau-p274904514.html?spid=274904515
274414350,BÀN LÀ HƠI NƯỚC CẦM TAY 1500W ỦI PHẲNG MỌI LOẠI VẢI  - HÀNG CHÍNH HÃNG,380000.0,380000.0,0.0,5.0,1,106295,,https://tiki.vnban-la-hoi-nuoc-cam-tay-1500w-ui-phang-moi-loai-vai-model-3060-hang-chinh-hang-p274414350.html?spid=274414351
274401713,Máy pha cà phê hàng chính hãng Beko CEP5152B,2690000.0,2690000.0,0.0,0.0,0,202074,,https://tiki.vnmay-pha-ca-phe-ban-tu-dong-beko-cep5152b-p274401713.html?spid=274401714
270701888,Robot hút bụi lau nhà Rowenta R7427WH Explorer Hàng Chính Hãng,8990000.0,8990000.0,0.0,0.0,0,20256,,https://tiki.vnrobot-hut-bui-lau-nha-rowenta-r7427wh-explorer-hang-chinh-hang-p270701888.html?spid=270701889
270161132,Máy Làm Sữa Chua Bear SB-SC10C (8 Thố Sứ) - Bản Quốc Tế - Hàng chính hãng,830000.0,830000.0,0.0,0.0,0,20256,,https://tiki.vnmay-lam-sua-chua-bear-sb-sc10c-8-tho-su-ban-quoc-te-hang-chinh-hang-p270161132.html?spid=275919685
253299994,"Quạt ốp trần,Quạt đảo trần dải ngân hà 3 chế độ sáng KT: 50*50*18cm,có điều khiển từ xa trang trí phòng ngủ",1680000.0,1680000.0,0.0,0.0,0,151570,,https://tiki.vnquat-op-tran-quat-dao-tran-dai-ngan-ha-3-che-do-sang-kt-50-50-18cm-co-dieu-khien-tu-xa-trang-tri-phong-ngu-p253299994.html?spid=253300002
253277256,"Bếp gas đơn nội địa Nhật cao cấp Paloma PA-E18S, 1 lò nấu, nhỏ gọn phù hợp phòng nhỏ, nấu 1-4 người, dùng bình gas 12kg - Hàng chính hãng - hàng nhập khẩu",1750000.0,1750000.0,0.0,5.0,1,326267,,https://tiki.vnbep-gas-don-noi-dia-nhat-cao-cap-paloma-pa-e18s-1-lo-nau-nho-gon-phu-hop-phong-nho-nau-1-4-nguoi-dung-binh-gas-12kg-hang-chinh-hang-hang-nhap-khau-p253277256.html?spid=253277257
245776206,Máy lau sàn nhà khô ướt thông minh Tineco Floor One S3 - Hàng chính hãng,8990000.0,8990000.0,0.0,0.0,0,20256,,https://tiki.vnmay-lau-san-nha-kho-uot-thong-minh-tineco-floor-one-s3-hang-chinh-hang-p245776206.html?spid=254024867
205632176,"Nồi áp suất điện đa năng SUNHOUSE 5lit SHD1550, Nồi áp suất điện Sunhouse SHD1552 - Hàng chính hãng",1095000.0,1095000.0,0.0,0.0,0,247324,,https://tiki.vnnoi-ap-suat-dien-da-nang-sunhouse-5lit-shd1550-noi-ap-suat-dien-sunhouse-shd1552-p205632176.html?spid=273440308
205071107,Bếp Gas Du Lịch (Bếp Gas Mini) NaMilux Mother│Van An Toàn Inline Cut│Công Suất 2.6 Kw (2.200 kcal/giờ) - Hàng Chính Hãng,379000.0,379000.0,0.0,4.0,1,69337,,https://tiki.vnbep-gas-du-lich-bep-gas-mini-namilux-mother-van-an-toan-inline-cut-cong-suat-2-6-kw-2-200-kcal-gio-hang-chinh-hang-p205071107.html?spid=217423417
198523053,Nồi cơm nắp rời Toshiba RC-18MH1PV(F) 1.8 lít - Hàng Chính Hãng - Chỉ Giao Hồ Chí Minh,531000.0,690000.0,159000.0,0.0,0,1,,https://tiki.vnnoi-com-nap-roi-toshiba-rc-18mh1pv-f-1-8-lit-hang-chinh-hang-chi-giao-ho-chi-minh-p198523053.html?spid=275581119
197821221,"Máy hút bụi cầm tay mini, Máy hút bụi không dây đa năng lực hút siêu mạnh sử dụng hút bụi ô tô, giường nệm, bàn phím máy tính - Hàng chính hãng MINIIN ",599000.0,599000.0,0.0,0.0,0,134678,,https://tiki.vnmay-hut-bui-cam-tay-mini-may-hut-bui-khong-day-da-nang-luc-hut-sieu-manh-su-dung-hut-bui-o-to-giuong-nem-ban-phim-may-tinh-chinh-hang-miniin-p197821221.html?spid=197821222
194490381,Bàn ủi hơi nước đứng Electrolux E5GS1-44MN - Hàng Chính Hãng,2040000.0,2790000.0,750000.0,0.0,0,1,,https://tiki.vnban-ui-hoi-nuoc-dung-electrolux-e5gs1-44mn-hang-chinh-hang-p194490381.html?spid=278611846
171856627,Bàn ủi hơi nước cầm tay Philips STH3010/70 - Hàng chính hãng,990000.0,1200000.0,210000.0,5.0,1,162514,,https://tiki.vnban-ui-hoi-nuoc-cam-tay-philips-sth3010-70-hang-chinh-hang-p171856627.html?spid=171856628
163549718,"Chảo Nồi Lẩu Điện Chống Dính Đa Năng Công Suất 1360W, Nhiều Chức Năng Như Chiên, Xào, Nấu Ứng Dụng Trong Mọi Gia Đình -Hàng Chính Hãng MINIIN",259000.0,259000.0,0.0,4.6,16,134678,,https://tiki.vnchao-noi-lau-dien-chong-dinh-da-nang-cong-suat-1360w-nhieu-chuc-nang-nhu-chien-xao-nau-ung-dung-trong-moi-gia-dinh-hang-chinh-hang-miniin-p163549718.html?spid=163549719
118102106,Nồi cơm đa năng FlexCuc CFP-GP10N1SB (Nhập khẩu chính hãng),42250000.0,42250000.0,0.0,0.0,0,215271,,https://tiki.vnnoi-com-da-nang-flexcuc-cfp-gp10n1sb-nhap-khau-chinh-hang-p118102106.html?spid=118102107
107370307,"Nồi áp suất điện Tefal Smart Pro CY638868 - 5L, 1000W - Hàng Chính Hãng",4990000.0,4990000.0,0.0,0.0,0,20256,,https://tiki.vnnoi-ap-suat-dien-tefal-smart-pro-cy638868-5l-1000w-hang-chinh-hang-p107370307.html?spid=247865742
101280058,"Lõi Lọc Nước Korihome Nano Silver, nhập khẩu Hàn Quốc - Hàng chính hãng",295000.0,295000.0,0.0,4.3,3,55218,,https://tiki.vnloi-loc-nuoc-korihome-nano-silver-nhap-khau-han-quoc-hang-chinh-hang-p101280058.html?spid=101280059
76145264,"Bộ 2 co cút nối nhanh ren 21 ra dây 10mm hoặc dây 6mm – linh kiện máy lọc nước, phun sương, lắp dàn tưới cây, bể thủy sinh, cá cảnh, bán cạn (Hàng chính hãng)",15000.0,15000.0,0.0,4.6,25,8413,,https://tiki.vnbo-2-co-cut-noi-nhanh-ren-21-ra-day-10mm-hoac-day-6mm-linh-kien-may-loc-nuoc-phun-suong-lap-dan-tuoi-cay-be-thuy-sinh-ca-canh-ban-can-hang-chinh-hang-p76145264.html?spid=76145272
74623864,Bộ Cốc Lọc Đầu Nguồn Kangaroo KG01G3 – Hàng Chính Hãng,784000.0,2150000.0,1366000.0,5.0,11,1,,https://tiki.vnbo-coc-loc-dau-nguon-kangaroo-kg01g3-hang-chinh-hang-p74623864.html?spid=74623865
57884897,Máy Xay Sinh Tố Blender Đa Năng Masuto BL399B Công Nghệ Nhật Bản - Hàng Chính Hãng,775000.0,775000.0,0.0,5.0,14,173338,,https://tiki.vnmay-xay-sinh-to-blender-da-nang-masuto-bl399b-cong-nghe-nhat-ban-hang-chinh-hang-p57884897.html?spid=188919370
56647581,"Nồi chiên nhúng điện đơn, chiên gà, chiên khoai tây,... loại Tốt- Hàng nhập khẩu",999000.0,999000.0,0.0,4.5,13,389,,https://tiki.vnnoi-chien-nhung-dien-don-chien-ga-chien-khoai-tay-loai-tot-hang-nhap-khau-p56647581.html?spid=56647582
51998725,Tông đơ cắt tóc chuyên nghiệp kemei 809A,285000.0,285000.0,0.0,4.5,37,102910,,https://tiki.vntong-do-cat-toc-chuyen-nghiep-kemei-809a-p51998725.html?spid=51998726
25169570,Máy Làm Bánh Waffle Tiross TS1384 (1000W) - Hàng Chính Hãng,599000.0,599000.0,0.0,0.0,0,99996,,https://tiki.vnmay-lam-banh-waffle-tiross-ts1384-1000w-hang-chinh-hang-p25169570.html?spid=48301553
25169568,Nồi Cơm Điện IH Tách Đường Tiross TS9911 (1.5 Lít) - Vàng Kim - Hàng Chính Hãng,3999000.0,3999000.0,0.0,0.0,0,99996,,https://tiki.vnnoi-com-dien-ih-tach-duong-tiross-ts9911-1-5-lit-vang-kim-hang-chinh-hang-p25169568.html?spid=48300793
19849966,Quạt treo tường 1 dây SenKo cao cấp Hàng Chính Hãng - TC1882,485000.0,485000.0,0.0,0.0,0,187775,,https://tiki.vnquat-treo-tuong-1-day-senko-cao-cap-hang-chinh-hang-tc1882-p19849966.html?spid=101853765
13822764,Lõi Số 3 - 10 PP - 1 Micro Kangaroo K 28 - 1 - Hàng chính hãng,32000.0,43000.0,11000.0,4.8,12,1,,https://tiki.vnloi-so-3-10-pp-1-micro-kangaroo-k-28-1-hang-chinh-hang-p13822764.html?spid=13822765
7286581,Bếp Gas Dương Đôi Mặt Kính Sunhouse - HTB2106 - Hàng chính hãng,545000.0,545000.0,0.0,4.6,9,47482,,https://tiki.vnbep-gas-duong-doi-mat-kinh-sunhouse-htb2106-hang-chinh-hang-p7286581.html?spid=20802769
278939511,Tông Đơ Cắt Tóc Chuyên Nghiệp Không Dây - Hàng Chính Hãng,360000.0,360000.0,0.0,0.0,0,353491,,https://tiki.vntong-do-cat-toc-chuyen-nghiep-khong-day-hang-chinh-hang-p278939511.html?spid=278213716
278935712,"Nồi Tiềm Nấu Cháo Chậm Kho Cá Hầm Chưng Yến Đa Năng JLPL@L 1.5L, 2.5L - Hàng Chính Hãng",180000.0,180000.0,0.0,0.0,0,11119,,https://tiki.vnnoi-tiem-nau-chao-cham-kho-ca-ham-chung-yen-da-nang-jlpl-l-1-5l-2-5l-hang-chinh-hang-p278935712.html?spid=278935714
278679851,"Bếp Lẩu, Nướng Đa Năng 2 Trong 1 - KUC012591 - Hàng Chính Hãng",867000.0,1278000.0,411000.0,0.0,0,1,,https://tiki.vnbep-lau-nuong-da-nang-2-trong-1-kuc012591-hang-chinh-hang-p278679851.html?spid=278679852
278619219,Lò vi sóng có nướng Electrolux EMG23D22B 23 lít - Hàng chính hãng,2464000.0,2990000.0,526000.0,5.0,1,1,,https://tiki.vnlo-vi-song-co-nuong-electrolux-emg23d22b-23-lit-hang-chinh-hang-p278619219.html?spid=278619220
278070302,"Nồi Điện Đa Năng 4 Trong 1 LocknLock 2L EJP421WHT, Hàng Chính Hãng, Nướng, Chiên, Lẩu, Hấp – JoyMall",1908000.0,2120000.0,212000.0,0.0,0,38510,,https://tiki.vnnoi-dien-da-nang-4-trong-1-locknlock-2l-ejp421wht-hang-chinh-hang-nuong-chien-lau-hap-joymall-p278070302.html?spid=278070304
277506733,Lõi lọc Toshiba F-2399-Nano Silver - Hàng chính hãng,189000.0,300000.0,111000.0,0.0,0,1,,https://tiki.vnloi-loc-toshiba-f-2399-nano-silver-hang-chinh-hang-p277506733.html?spid=277506734
277474654,Bếp từ điện tử Tiross TS8041 - Hàng chính hãng,1499000.0,1499000.0,0.0,0.0,0,99996,,https://tiki.vnbep-tu-dien-tu-tiross-ts8041-hang-chinh-hang-p277474654.html?spid=277474655
277453301,Quạt Tích Điện Yoobao F8 PRO - 10.000mAh | Điều Khiển Từ Xa | Xoay 360° | Đèn LED | Sạc Dự Phòng - Hàng chính hãng,599000.0,599000.0,0.0,5.0,2,81570,,https://tiki.vnquat-tich-dien-yoobao-f8-10-000mah-dieu-khien-tu-xa-xoay-360-den-led-sac-du-phong-p277453301.html?spid=277453311
277172359,Nồi Cơm Điện Áp Suất Lòng Sứ Dưỡng Sinh Mishio MK396 dung tích 0.8L cho 1-2 người – Bí Quyết Cho Cơm Gạo Lứt - Hàng chính hãng,1971000.0,2190000.0,219000.0,0.0,0,160749,,https://tiki.vnnoi-com-dien-ap-suat-long-su-duong-sinh-mishio-mk396-dung-tich-0-8l-cho-1-2-nguoi-bi-quyet-cho-com-gao-lut-hang-chinh-hang-p277172359.html?spid=277172360
276703027,"Quạt Cầm Tay Mini, Quạt Sạc Tích Điện Thỏ Lái Xe Xinh Xắn, Dễ Thương Tránh Nóng Mùa Hè (Kèm Dây Sạc USB) Hàng Chính Hãng",208000.0,208000.0,0.0,0.0,0,35488,,https://tiki.vnquat-cam-tay-mini-quat-sac-tich-dien-tho-lai-xe-xinh-xan-de-thuong-tranh-nong-mua-he-kem-day-sac-usb-hang-chinh-hang-p276703027.html?spid=276703029
276638970,Bếp Gas Khè Công Nghiệp Inox GDV 3 Lò Đốt - Hàng Chính Hãng,1900000.0,1900000.0,0.0,0.0,0,11119,,https://tiki.vnbep-gas-khe-cong-nghiep-inox-gdv-3-lo-dot-hang-chinh-hang-p276638970.html?spid=276638974
276623528,LẨU ĐIỆN 3.5L SUNHOUSE SHD4528 - Hàng Chính Hãng,535000.0,535000.0,0.0,0.0,0,11119,,https://tiki.vnlau-dien-3-5l-sunhouse-shd4528-hang-chinh-hang-p276623528.html?spid=276623529
276611211,Nồi lẩu điện đa năng Lumias LM-PM605 1.5L Hàng chính hãng,650000.0,650000.0,0.0,0.0,0,20256,,https://tiki.vnnoi-lau-dien-da-nang-lumias-lm-pm605-1-5l-hang-chinh-hang-p276611211.html?spid=276611212
276527577,Máy ép chậm Lumias SJ10B Hàng chính hãng,2650000.0,2650000.0,0.0,0.0,0,20256,,https://tiki.vnmay-ep-cham-lumias-sj10b-hang-chinh-hang-p276527577.html?spid=276527578
276458429,Nồi cơm tách đường siêu cao cấp của Lacuzin Made in Korea Hàng chính hãng,2790000.0,2790000.0,0.0,0.0,0,20256,,https://tiki.vnnoi-com-tach-duong-sieu-cao-cap-cua-lacuzin-made-in-korea-hang-chinh-hang-p276458429.html?spid=276458430
276400369,Nồi cơm điện cao tần Hitachi 1.8 lít RZ-GHE18Y(R) - HÀNG CHÍNH HÃNG - CHỈ GIAO HCM,8990000.0,8990000.0,0.0,0.0,0,292953,,https://tiki.vnnoi-com-dien-cao-tan-hitachi-1-8-lit-rz-ghe18y-r-hang-chinh-hang-chi-giao-hcm-p276400369.html?spid=276400370
276311974,Quạt mini để bàn - CBEF0516D1- NHẬP KHẨU CHÍNH HÃNG .,1390000.0,1390000.0,0.0,0.0,0,40615,,https://tiki.vnquat-mini-de-ban-cbef0516d1-nhap-khau-chinh-hang-p276311974.html?spid=276311975
276046743,Nồi cơm nắp gài Philips 1.8 lít HD3008/30 - Hàng Chính Hãng,730000.0,730000.0,0.0,0.0,0,184067,,https://tiki.vnnoi-com-nap-gai-philips-1-8-lit-hd3008-30-hang-chinh-hang-p276046743.html?spid=276632263
275823697,"Máy UỐN, ÉP, LÀ Tóc Đa Năng 3 Trong 1 Cao Cấp Sang Trọng Kiểu Hàn Quốc - Kết Hợp Duỗi, Uốn, Tạo Kiểu Tóc Thông Minh – Dùng Cho Salon Tóc & Tại Nhà – Hàng Chính Hãng",187425.0,310000.0,122575.0,2.5,2,137411,,https://tiki.vnmay-uon-ep-la-toc-da-nang-3-trong-1-cao-cap-sang-trong-kieu-han-quoc-ket-hop-duoi-uon-ta-o-kie-u-to-c-thong-minh-dung-cho-salon-toc-tai-nha-chinh-hang-p275823697.html?spid=275823708
275732755,"Máy Làm Sữa Hạt, Máy Nấu Sữa Hạt Đa Chức Năng, Dung Tích 800ml, Hẹn Giờ 12 Tiếng, Giữ Nhiệt 4h - Hàng Nhập Khẩu",599000.0,599000.0,0.0,0.0,0,106295,,https://tiki.vnmay-lam-sua-hat-may-nau-sua-hat-da-chuc-nang-dung-tich-800ml-hen-gio-12-tieng-giu-nhiet-4h-hang-nhap-khau-p275732755.html?spid=275732756
274366576,Nồi Cơm Điện Xiaomi Gen 3 Thông Minh Cao Tần Công Nghệ Vi Áp Suất 15 Chế Độ Nấu Kết Nối App Dung Tích 3L Công Suất 1100 W - Hàng Nhập Khẩu,3899000.0,3899000.0,0.0,5.0,2,193366,,https://tiki.vnnoi-com-dien-xiaomi-gen-3-thong-minh-cao-tan-cong-nghe-vi-ap-suat-15-che-do-nau-ket-noi-app-dung-tich-3l-cong-suat-1100-w-hang-nhap-khau-p274366576.html?spid=196892008
273652471,Bàn ủi hơi nước cầm tay gấp gọn - Hàng chính hãng,396900.0,396900.0,0.0,0.0,0,108828,,https://tiki.vnban-ui-hoi-nuoc-cam-tay-gap-gon-p273652471.html?spid=273652472
272616035,"Nồi cơm điện nắp gài Toshiba RC-18JFM(H)VN - 1.8L - Lòng nồi dày 1.7mm, chống dính- công nghệ nhiệt 3D- Hàng chính hãng",649000.0,800000.0,151000.0,5.0,1,345161,,https://tiki.vnnoi-com-dien-nap-gai-toshiba-rc-18jfm-h-vn-1-8l-long-noi-day-1-7mm-chong-dinh-cong-nghe-nhiet-3d-hang-chinh-hang-p272616035.html?spid=272616036
272614807,"Quạt treo tường Toshiba F-WSA20(H)VN - 3 cánh, động cơ bạc thau - 3 mức gió - Điều khiển từ xa - Hẹn giờ tắt - Hàng chính hãng, bảo hành 12 tháng",1159000.0,1490000.0,331000.0,4.8,6,345161,,https://tiki.vnquat-treo-tuong-toshiba-f-wsa20-h-vn-3-canh-dong-co-bac-thau-3-muc-gio-dieu-khien-tu-xa-hen-gio-tat-hang-chinh-hang-bao-hanh-12-thang-p272614807.html?spid=272614817
272360974,Bình đun siêu tốc Toshiba KT-17SH2NV - 1.7L - Inox 304 - Hàng chính hãng,489000.0,590000.0,101000.0,5.0,3,345161,,https://tiki.vnbinh-dun-sieu-toc-toshiba-kt-17sh2nv-1-7l-inox-304-hang-chinh-hang-p272360974.html?spid=272360975
253335534,Cây nước nóng lạnh 2 vòi Toshiba RWF-W1669BV(W1)- Hàng chính hãng,4790000.0,4790000.0,0.0,0.0,0,92771,,https://tiki.vncay-nuoc-nong-lanh-2-voi-toshiba-rwf-w1669bv-w1-hang-chinh-hang-p253335534.html?spid=253335536
213846085,Nồi lẩu điện lòng 4L có thể tách rời Mishio MK348-Hàng chính hãng,499000.0,499000.0,0.0,5.0,2,160749,,https://tiki.vnnoi-lau-dien-long-4l-co-the-tach-roi-mishio-mk348-hang-chinh-hang-p213846085.html?spid=213846089
198696898,Quạt bàn Senko BD1012 Kem môn - Hàng chính hãng,339000.0,339000.0,0.0,5.0,2,187775,,https://tiki.vnquat-ban-senko-bd1012-kem-mon-hang-chinh-hang-p198696898.html?spid=270828541
197747237,"Bếp từ đơn cảm ứng OSLO mã FS-IC002, 2000W,hàng chính hãng, tiết kiệm điện, màu đen sang trọng",1290000.0,1490000.0,200000.0,0.0,0,143534,,https://tiki.vnchinh-hang-bep-tu-don-cam-ung-oslo_fs-ic002_2000w_tiet-kiem-dien-mau-den-sang-trong-p197747237.html?spid=197747238
196287800,Lõi lọc Sediment KORIHOME phụ kiện thay thế cho máy lọc nước Hàn Quốc hàng chính hãng,120000.0,120000.0,0.0,0.0,0,55218,,https://tiki.vnloi-loc-sediment-korihome-phu-kien-thay-the-cho-may-loc-nuoc-han-quoc-hang-chinh-hang-p196287800.html?spid=225919037
158380544,Máy pha cà phê LELIT ESPRESSO MACHINE MARAX _ PL62X. Hàng chính hãng ,33240000.0,33240000.0,0.0,0.0,0,20256,,https://tiki.vnmay-pha-ca-phe-lelit-espresso-machine-marax-_-pl162x-hang-chinh-hang-p158380544.html?spid=201127798
150003408,"Máy Duỗi , Ép Tóc Mini Đa Năng Tiện Lợi Bàn Kẹp To An Toàn Dễ Dàng Sử Dụng MP035 - Hàng Chính Hãng MINIIN (Màu Ngẫu Nhiên)",54000.0,54000.0,0.0,5.0,7,134678,,https://tiki.vnmay-duoi-ep-toc-mini-da-nang-tien-loi-ban-kep-to-an-toan-de-dang-su-dung-mp035-hang-chinh-hang-miniin-mau-ngau-nhien-p150003408.html?spid=150003409
124718426,Nồi Chiên Không Dầu Sunhouse SHD4062 (6.0 Lít) - Hàng Chính Hãng,1430000.0,1430000.0,0.0,5.0,1,28659,,https://tiki.vnno-i-chien-khong-da-u-sunhouse-shd4062-6-0-lit-hang-chinh-hang-p124718426.html?spid=196888133
116367792,Máy nướng bánh Magic hình thú mini ( 32 x 12 x 23 cm) - Hàng chính hãng,198999.0,198999.0,0.0,3.3,3,107790,,https://tiki.vnmay-nuong-banh-magic-hinh-thu-mini-32-x-12-x-23-cm-p116367792.html?spid=133140914
76016726,Bộ 3 Lõi Lọc Số 1 RO KAROFI KRF-L1 - Hàng Chính Hãng,133000.0,133000.0,0.0,5.0,7,55218,,https://tiki.vnbo-3-loi-loc-so-1-ro-karofi-krf-l1-hang-chinh-hang-p76016726.html?spid=214596025
51227503,Bàn ủi hơi nước Philips GC1756 (2000W) - Hàng chính hãng,799000.0,895000.0,96000.0,4.8,76,138278,,https://tiki.vnban-ui-hoi-nuoc-philips-gc1756-2000w-hang-chinh-hang-p51227503.html?spid=73102901
44865385,Quạt cây có điều khiển Panasonic F-409KB (Xanh xám) - Hàng Nhập Khẩu,3198000.0,3198000.0,0.0,5.0,12,7880,,https://tiki.vnquat-cay-co-dieu-khien-panasonic-f-409kb-xanh-xam-hang-nhap-khau-p44865385.html?spid=44865387
35199651,Máy lọc không khí Daikin MC55UVM6 - Hàng chính hãng,6100000.0,6100000.0,0.0,0.0,0,2013,,https://tiki.vnmay-loc-khong-khi-daikin-mc55uvm6-hang-chinh-hang-p35199651.html?spid=125769401
28342986,Màng Lọc Carbon Máy Lọc Không Khí Trusens Z-1000 Nhập Khẩu,250000.0,250000.0,0.0,5.0,1,37436,,https://tiki.vnmang-loc-carbon-may-loc-khong-khi-trusens-z-1000-nhap-khau-p28342986.html?spid=28342987
26673496,Máy lọc không khí Trusens Z-1000 Nhập Khẩu,5099000.0,5099000.0,0.0,5.0,4,37436,,https://tiki.vnmay-loc-khong-khi-trusens-z-1000-nhap-khau-p26673496.html?spid=26673497
278818797,Lò vi sóng Sharp R-2040EH-BK 20 Lít - Hàng Chính Hãng,1255000.0,1890000.0,635000.0,0.0,0,1,,https://tiki.vnlo-vi-song-sharp-r-2040eh-bk-20-lit-hang-chinh-hang-p278818797.html?spid=278818798
278755652,Máy xay thịt Philips HR1393 0.5 lít - Hàng chính hãng,890000.0,890000.0,0.0,0.0,0,255891,,https://tiki.vnmay-xay-thit-philips-hr1393-0-5-lit-hang-chinh-hang-p278755652.html?spid=278755653
278686616,Nồi Hấp Điện 3 Tầng MIDEA MZ-ZG26EASY401 Dung Tích 10 Lít hàng chính hãng,1390000.0,1390000.0,0.0,0.0,0,20256,,https://tiki.vnnoi-hap-dien-3-tang-midea-mz-zg26easy401-dung-tich-10-lit-hang-chinh-hang-p278686616.html?spid=278686617
278683671,Máy Nướng Bánh Mì 2 Ngăn Inox 430 Hamilton Beach - 015905 - Hàng chính hãng,886000.0,1306000.0,420000.0,0.0,0,1,,https://tiki.vnmay-nuong-banh-mi-2-ngan-inox-430-hamilton-beach-015905-hang-chinh-hang-p278683671.html?spid=278683672
278628210,Nồi nấu điện đa năng Bear MC-4H16H Hàng chính hãng,550000.0,550000.0,0.0,0.0,0,20256,,https://tiki.vnnoi-nau-dien-da-nang-bear-mc-4h16h-hang-chinh-hang-p278628210.html?spid=278628211
278627278,"Máy Hàn Miệng Túi PFS-400,  Máy hàn miệng túi nylon đường hàn 400x2mm - hàng nhập khẩu",659120.0,856000.0,196880.0,0.0,0,5501,,https://tiki.vnmay-han-mieng-tui-pfs-400-may-han-mieng-tui-nylon-duong-han-400x2mm-p278627278.html?spid=278627279
278500716,"Nồi cơm điện tử 1.5L Sunhouse SHD8825 - 700W, 6 chức năng, Hẹn giờ nấu 24h, Chống dính Daikin 2 lớp, Lòng nồi 1.2mm - Hàng chính hãng",903000.0,2795000.0,1892000.0,0.0,0,1,,https://tiki.vnnoi-com-die-n-tu-1-5l-sunhouse-shd8825-700w-6-chuc-nang-hen-gio-nau-24h-chong-dinh-daikin-2-lop-long-noi-1-2mm-hang-chinh-hang-p278500716.html?spid=278500717
277520264,Máy hút bụi lau nhà cầm tay Roborock F25 ACE – Hàng Chính Hãng,9290000.0,9290000.0,0.0,0.0,0,308020,,https://tiki.vnmay-hut-bui-lau-nha-cam-tay-roborock-f25-ace-hang-chinh-hang-p277520264.html?spid=277520265
276242780,Quạt Sưởi Gốm Bear Máy Sưởi Mini Máy Sưởi Nhà Tắm Chống Thấm Nước Gió Nóng Lạnh Sử Dụng 4 Mùa Tiết Kiệm Điện DNQ-E20N1- Hàng Chính Hãng,990000.0,990000.0,0.0,0.0,0,20256,,https://tiki.vnquat-suoi-gom-bear-may-suoi-mini-may-suoi-nha-tam-chong-tham-nuoc-gio-nong-lanh-su-dung-4-mua-tiet-kiem-dien-dnq-e20n1-hang-chinh-hang-p276242780.html?spid=276428587
276235590,Máy xay sinh tố Bear LLJ-C04W1 (BL-4H04M) 150W Hàng chính hãng (Giao Màu Ngẫu Nhiên Xanh Hoặc Hồng),394000.0,799000.0,405000.0,4.0,1,1,,https://tiki.vnmay-xay-sinh-to-bear-llj-c04w1-150w-hang-chinh-hang-p276235590.html?spid=276235593
275915316,Nổi lẩu nướng đa năng 2 khay Bear SB-NL45K Hàng chính hãng,1650000.0,1650000.0,0.0,0.0,0,20256,,https://tiki.vnnoi-lau-nuong-da-nang-2-khay-bear-sb-nl45k-hang-chinh-hang-p275915316.html?spid=275915317
275600558,Máy ép chậm Kangaroo KG200SJD1 - Hàng Chính Hãng,1925000.0,2603000.0,678000.0,0.0,0,1,,https://tiki.vnmay-ep-cham-kangaroo-kg200sjd1-hang-chinh-hang-p275600558.html?spid=275973003
275408350,Nồi Cơm Điện Cuckoo 3.0 lít CR-1755- Lòng nồi chống dính- Hàng chính hãng Cuckoovina- Bảo hành 2 năm,2490000.0,2490000.0,0.0,5.0,1,29960,,https://tiki.vnnoi-com-dien-co-3-lit-cuckoo-cr-1755-long-noi-chong-dinh-hang-chinh-hang-p275408350.html?spid=275408351
274880500,Máy hút ẩm Taurus Dehumidifier DH30D phòng 60m Hàng chính hãng,7800000.0,7800000.0,0.0,5.0,1,20256,,https://tiki.vnmay-hut-am-taurus-dehumidifier-dh30d-phong-60m-hang-chinh-hang-p274880500.html?spid=274880501
273928802,[Hàng chính hãng] Bộ kit Nano Basket Plus 18g dành cho Máy pha cà phê Outin Nano,1280000.0,1280000.0,0.0,0.0,0,341640,,https://tiki.vnhang-chinh-hang-bo-kit-nano-basket-plus-18g-danh-cho-may-pha-ca-phe-outin-nano-p273928802.html?spid=273928803
273910497,Bộ 10 lõi lọc nước Karofi hàng chính hãng dùng cho máy lọc nước Karofi Livotec LRC110-H,1529000.0,1529000.0,0.0,4.0,1,55218,,https://tiki.vnbo-10-loi-loc-nuoc-karofi-hang-chinh-hang-dung-cho-may-loc-nuoc-karofi-livotec-lrc110-h-p273910497.html?spid=273910499
273547139,Máy Sưởi Gốm Saiko CH-2010R (2000W) Hàng chính hãng,1350000.0,1350000.0,0.0,0.0,0,20256,,https://tiki.vnquat-suoi-non-saiko-mf-1285-1000w-hang-chinh-hang-p273547139.html?spid=273547140
263989794,Máy sấy tóc cao cấp Dyson HD07 COPPER Bản Úc,9300000.0,9300000.0,0.0,0.0,0,20256,,https://tiki.vnmay-say-toc-cao-cap-dyson-hd07-copper-ban-uc-p263989794.html?spid=263989795
243091863,Máy Pha Cafe Tự Động Brewico C11 - Hàng Chính Hãng,26070000.0,26070000.0,0.0,0.0,0,329102,,https://tiki.vnmay-pha-cafe-tu-dong-brewico-c11-p243091863.html?spid=243091864
217766248,Bộ Lõi Lọc Kangaroo 123 - Hàng Chính Hãng,130000.0,130000.0,0.0,4.0,1,11119,,https://tiki.vnbo-loi-loc-kangaroo-123-hang-chinh-hang-p217766248.html?spid=242999979
213858817,Máy sấy tóc Philips HP8108/00- HÀNG CHÍNH HÃNG,230000.0,230000.0,0.0,0.0,0,18190,,https://tiki.vnmay-say-toc-philips-hp8108-00-hang-chinh-hang-p213858817.html?spid=213858818
195845128,Nồi cơm điện Panasonic SR-MVN18FRAX - Hàng Chính Hãng,1064000.0,1340000.0,276000.0,5.0,2,1,,https://tiki.vnnoi-com-dien-panasonic-sr-mvn18frax-hang-chinh-hang-p195845128.html?spid=195845130
192305843,"Máy Hút Bụi Cầm Tay Mini Không Dây MIFAN Siêu Mạnh - Vệ sinh ô tô, xe hơi, giuờng nệm, sàn - Hàng chính hãng",290000.0,290000.0,0.0,3.0,2,76621,,https://tiki.vnmay-hut-bui-cam-tay-mini-khong-day-mifan-sieu-manh-ve-sinh-o-to-xe-hoi-giuong-nem-san-hang-chinh-hang-p192305843.html?spid=192305845
171828127,Nồi cơm điện KIPOR KP-N55918-1.8L-Lòng nồi niêu chống dính CERAMIC chống trầy xước dầy 3mm-Hàng chính hãng,1699000.0,1699000.0,0.0,5.0,13,257599,,https://tiki.vnnoi-com-dien-kipor-kp-n55918-1-8l-long-noi-nieu-chong-dinh-ceramic-chong-tray-xuoc-day-3mm-hang-chinh-hang-bao-hanh-tai-nha-12-thang-p171828127.html?spid=171828129
136853930,Nồi cơm điện cao tần 1.2L Nagakawa NAG0139 - Hàng chính hãng,3899000.0,3899000.0,0.0,0.0,0,4045,,https://tiki.vnnoi-com-dien-cao-tan-1-2l-nagakawa-nag0139-hang-chinh-hang-p136853930.html?spid=167018732
122162184,Máy hút bụi HOCO PH16 cầm tay dung tích 120ml - Hàng chính hãng ,799000.0,799000.0,0.0,0.0,0,50766,,https://tiki.vnmay-hut-bui-hoco-ph16-cam-tay-dung-tich-120ml-p122162184.html?spid=249032813
120484789,Máy Làm Sữa Hạt Mini SnapBee Thế Hệ Mới Không Tiếng Ồn - Hàng Chính Hãng,1668000.0,1668000.0,0.0,0.0,0,173819,,https://tiki.vnmay-lam-sua-hat-mini-snapbee-the-he-moi-khong-tieng-on-hang-chinh-hang-p120484789.html?spid=120484791
113634208,Máy pha cà phê Breville 878 The Barista Pro (BES878BSS) - Hàng chính hãng,22888000.0,22888000.0,0.0,0.0,0,283011,,https://tiki.vnmay-pha-ca-phe-breville-878-the-barista-pro-bes878bss-hang-chinh-hang-p113634208.html?spid=248787490
97341755,Robot hút bụi lau nhà thông minh Liectroux F5Pro - Hàng chính hãng,6390000.0,6390000.0,0.0,4.8,10,118036,,https://tiki.vnrobot-hut-bui-lau-nha-thong-minh-liectroux-f5pro-hang-chinh-hang-p97341755.html?spid=117001969
88961873,Nồi chiên không dầu Philips HD9860/90 (7.3 Lít) - Hàng Chính Hãng,8246000.0,8246000.0,0.0,0.0,0,11119,,https://tiki.vnnoi-chien-khong-dau-philips-hd9860-90-7-3-lit-hang-chinh-hang-p88961873.html?spid=197742318
88082903,Máy tạo khí ozone  Công nghiệp diệt khuẩn Cường Thịnh Z-1 Công Suất 1G/H O3g/h - Hàng Chính Hãng,2200000.0,2200000.0,0.0,0.0,0,87813,,https://tiki.vnmay-tao-khi-ozone-cong-nghiep-diet-khuan-cuong-thinh-z-1-cong-suat-1g-h-o3g-h-hang-chinh-hang-p88082903.html?spid=88082904
73919012,Máy sấy tóc Dyson Supersonic Hair Dryer HD03 - Hàng Nhập Khẩu (Màu Ngẫu Nhiên),8900000.0,8900000.0,0.0,0.0,0,20256,,https://tiki.vnmay-say-toc-dyson-supersonic-hair-dryer-hd03-hang-nhap-khau-p73919012.html?spid=248931859
72687922,Máy sưởi điện Xiaomi Smartmi Convector Heater 1S - Hàng Nhập Khẩu,1688000.0,1688000.0,0.0,4.7,109,16996,,https://tiki.vnmay-suoi-dien-xiaomi-smartmi-convector-heater-1s-hang-nhap-khau-p72687922.html?spid=72687923
58065297,Nồi Cơm Điện Cao Tần (IH) Philips HD4528/66 - Hàng Chính Hãng,3390000.0,3390000.0,0.0,5.0,1,184067,,https://tiki.vnnoi-com-dien-cao-tan-ih-philips-hd4528-66-hang-chinh-hang-p58065297.html?spid=174825581
55719960,Tông Đơ Hớt Tóc Gia Đình Cho Bé JICHEN 0817 TẶNG Bộ Kéo Cắt Tỉa + Lấy Ráy Tai Có Đèn - Tăng Đơ Cắt Tóc Trẻ Em Công Suất 3W An Toàn Tiện Lợi,167000.0,167000.0,0.0,4.0,3,173338,,https://tiki.vntong-do-hot-toc-gia-dinh-cho-be-jichen-0817-tang-bo-keo-cat-tia-lay-ray-tai-co-den-tang-do-cat-toc-tre-em-cong-suat-3w-an-toan-tien-loi-p55719960.html?spid=127787961
50712789,"Nồi cơm điện cao tần Sharp KS-IH191V 1.8L, hàng chính hãng (Giao màu ngẫu nhiên)",2790000.0,2790000.0,0.0,0.0,0,184067,,https://tiki.vnnoi-com-dien-cao-tan-sharp-ks-ih191v-1-8l-hang-chinh-hang-p50712789.html?spid=195741615
37963346,Combo Gói Cà Phê CULI Nguyên Chất Đặc Biệt 300gr Dạng Hạt + Máy Xay Cà Phê Cầm Tay - Coffee New,345000.0,345000.0,0.0,4.1,7,13571,,https://tiki.vncombo-goi-ca-phe-culi-nguyen-chat-dac-biet-300gr-dang-hat-may-xay-ca-phe-cam-tay-coffee-new-p37963346.html?spid=37963347
20701352,Quạt bàn Senko B102 (giao màu ngẫu nhiên) - Hàng Chính Hãng,250000.0,250000.0,0.0,4.8,29,187775,,https://tiki.vnquat-ban-senko-b102-giao-mau-ngau-nhien-hang-chinh-hang-p20701352.html?spid=101851752
20046513,Quạt treo tường remote Senko Hàng Chính Hãng - TR1428 - Giao màu ngẫu nhiên,543000.0,543000.0,0.0,4.5,22,187775,,https://tiki.vnquat-treo-tuong-remote-senko-hang-chinh-hang-tr1428-giao-mau-ngau-nhien-p20046513.html?spid=101845756
447312,Máy Cạo Râu Panasonic PACR-ES-SL10-K401 - Hàng Chính Hãng,935000.0,1080000.0,145000.0,4.2,5,1,,https://tiki.vnmay-cao-rau-panasonic-pacr-es-sl10-k401-p447312.html?spid=154060
278820886,Máy pha cafe Espresso SMEG BCC12 Hàng chính hãng,20900000.0,20900000.0,0.0,0.0,0,20256,,https://tiki.vnmay-pha-cafe-espresso-smeg-bcc12-hang-chinh-hang-p278820886.html?spid=278820894
278685322,Máy làm sữa hạt & nấu soup 2LOCK KOREA Hàng chính hãng,1250000.0,1250000.0,0.0,0.0,0,20256,,https://tiki.vnmay-lam-sua-hat-nau-soup-2lock-korea-hang-chinh-hang-p278685322.html?spid=278685323
278578981,"Nồi Chiên Không Dầu Koscorn 15L KC001 – Công Suất 1350W, Đa Năng, Tiết Kiệm Dầu, Bảo Hành 12 Tháng - HÀNG CHÍNH HÃNG MINIIN",799000.0,799000.0,0.0,0.0,0,134678,,https://tiki.vnnoi-chien-khong-dau-koscorn-15l-kc001-cong-suat-1350w-da-nang-tiet-kiem-dau-bao-hanh-12-thang-hang-chinh-hang-miniin-p278578981.html?spid=278578987
278490240,"Nồi điện đa năng Lumias LM-PM608 1.8L, có khay hấp hàng chính hãng",650000.0,650000.0,0.0,0.0,0,20256,,https://tiki.vnnoi-dien-da-nang-lumias-lm-pm608-1-8l-co-khay-hap-hang-chinh-hang-p278490240.html?spid=278490241
277446940,"Máy Xay Thịt Cầm Tay 2 Lớp Cối Xay Inox 304 , 4 Lưỡi Công suất 250W , Xay Cua Cá, Tỏi Ớt, Rau Củ Quả - Hàng Nhập Khẩu",182427.0,254000.0,71573.0,5.0,1,137411,,https://tiki.vnmay-xay-thit-cam-tay-2-lop-coi-xay-inox-304-4-luoi-cong-suat-250w-xay-cua-ca-toi-ot-rau-cu-qua-hang-nhap-khau-p277446940.html?spid=277446942
276705900,"Máy sấy tóc BD-2000, 1600W, 2 cấp độ sấy nóng và 2 cấp độ sấy gió mát. Hàng chính hãng",300000.0,300000.0,0.0,0.0,0,338581,,https://tiki.vnmay-say-toc-bd-2000-1600w-2-cap-do-say-nong-va-2-cap-do-say-gio-mat-hang-chinh-hang-p276705900.html?spid=276705902
276589217,Máy làm sữa hạt mini Arber MLSH5WMT Hàng chính hãng,1090000.0,1090000.0,0.0,0.0,0,20256,,https://tiki.vnmay-lam-sua-hat-mini-arber-mlsh5wmt-hang-chinh-hang-p276589217.html?spid=276589218
276506260,"Máy cạo râu Enchen K8 - Đầu cạo 2D chống nước, 18 lưỡi dao tự mài - Hàng chính hãng",379000.0,379000.0,0.0,5.0,1,67624,,https://tiki.vnmay-cao-rau-enchen-k8-dau-cao-2d-chong-nuoc-18-luoi-dao-tu-mai-hang-chinh-hang-p276506260.html?spid=276506261
276283752,"Máy hút bụi công nghiệp Hitachi CV-950F (WR/BK) - Công suất 2100W, Dung tích 18 lít - Hàng Chính hãng",3199000.0,3590000.0,391000.0,0.0,0,345161,,https://tiki.vnmay-hut-bui-cong-nghiep-hitachi-cv-950f-wr-bk-cong-suat-2100w-dung-tich-18-lit-hang-chinh-hang-p276283752.html?spid=276283759
276115716,"Máy Vắt Cam Lock&Lock 700ml màu trắng ngà EJJ231IVY - Hàng Chính Hãng, Xoay Ép 2 Chiều Cho Nhiều Nước Cam, Bảo Hành 24 Tháng - JoyMall",449100.0,499000.0,49900.0,0.0,0,38510,,https://tiki.vnmay-vat-cam-lock-lock-700ml-mau-trang-nga-ejj231ivy-hang-chinh-hang-xoay-ep-2-chieu-cho-nhieu-nuoc-cam-bao-hanh-24-thang-joymall-p276115716.html?spid=276115718
276073094,"Nồi cơm điện mini Russell Hobbs 27020-56, 0,4 lít Hàng chính hãng",1850000.0,1850000.0,0.0,0.0,0,20256,,https://tiki.vnnoi-com-dien-mini-russell-hobbs-27020-56-0-4-lit-hang-chinh-hang-p276073094.html?spid=276073095
276035382,Bàn là hơi nước cầm tay Sunhouse SHD2165 600W - Hàng chính hãng,411000.0,550000.0,139000.0,2.0,1,1,,https://tiki.vnban-la-hoi-nuoc-cam-tay-sunhouse-shd2165-1000w-hang-chinh-hang-p276035382.html?spid=276035385
275529046,Máy xay cafe mini đa năng siêu tiện dụng cầm tay (COFFEE GRINDER) - Hàng chính hãng,199920.0,274000.0,74080.0,0.0,0,137411,,https://tiki.vnmay-xay-cafe-mini-da-nang-sieu-tien-dung-cam-tay-coffee-grinder-hang-chinh-hang-p275529046.html?spid=275529047
275518899,"Nồi Chiên Không Dầu Philips NA230/00, Mặt Kính Nhìn Thực Phẩm, 6.2 lít - 1700W, Hàng Chính Hãng",2249000.0,2249000.0,0.0,0.0,0,224679,,https://tiki.vnnoi-chien-khong-dau-philips-na230-00-mat-kinh-nhin-thuc-pham-6-2-lit-1700w-hang-chinh-hang-p275518899.html?spid=275518900
275513120,Ấm siêu tốc GUME GMEK - 031 Hàng chính hãng,630000.0,630000.0,0.0,5.0,1,20256,,https://tiki.vnam-sieu-toc-gume-gmek-031-hang-chinh-hang-p275513120.html?spid=275513121
275409794,Nồi lẩu hấp mini Corelle Made in Korea dung tích 3 Lít Hàng chính hãng,1390000.0,1390000.0,0.0,0.0,0,20256,,https://tiki.vnnoi-lau-hap-mini-corelle-made-in-korea-dung-tich-3-lit-hang-chinh-hang-p275409794.html?spid=275409795
274664339,Bình đun siêu tốc Rapido RK1818-Hàng chính hãng,298000.0,298000.0,0.0,0.0,0,2716,,https://tiki.vnbinh-dun-sieu-toc-rapido-rk1818-hang-chinh-hang-p274664339.html?spid=274664340
274401235,"Máy uốn tóc xoăn tự động Xiaomi OVIE PIXIE trục uốn 28mm vỏ gốm chống bỏng, bổ sung Ion giảm hư tổn tóc - Hàng nhập khẩu",399000.0,399000.0,0.0,0.0,0,81570,,https://tiki.vnmay-uon-toc-xoan-tu-dong-xiaomi-ovie-pixie-truc-uon-28mm-vo-gom-chong-bong-bo-sung-ion-giam-hu-ton-toc-p274401235.html?spid=274401236
274383504,Máy xay cà phê gia đình KUCHEN CG279 - Hàng chính hãng,3000000.0,3000000.0,0.0,0.0,0,9652,,https://tiki.vnmay-xay-ca-phe-gia-dinh-kuchen-cg279-hang-chinh-hang-p274383504.html?spid=274383505
273682207,"Máy làm sữa hạt đa năng Bear PBJ-D08T1 - Dung tích 1.5L, Có chụp chống ồn và chống bỏng, 2 chế độ Nóng & Lạnh - Hàng chính hãng, Bản Quốc tế",2650000.0,2650000.0,0.0,0.0,0,232078,,https://tiki.vnmay-lam-sua-hat-da-nang-bear-pbj-d08t1-dung-tich-1-5l-co-chup-chong-on-va-chong-bong-2-che-do-nong-lanh-hang-chinh-hang-ban-quoc-te-p273682207.html?spid=273682208
273135225,"Nồi cơm điện Bear DFB-C40K6 - Dung tích 4L, Chống dính, Cài đặt Hẹn giờ - HÀNG CHÍNH HÃNG",1490000.0,1490000.0,0.0,0.0,0,232078,,https://tiki.vnnoi-com-dien-bear-dfb-c40k6-dung-tich-4l-chong-dinh-cai-dat-hen-gio-hang-chinh-hang-p273135225.html?spid=273135226
272885802,Nồi cơm điện cao cấp Kalpen R5 dung tích 1.8L chuẩn Đức - Hàng chính hãng,1400000.0,1750000.0,350000.0,0.0,0,125683,,https://tiki.vnnoi-com-dien-cao-cap-kalpen-r5-dung-tich-1-8l-chuan-duc-hang-chinh-hang-p272885802.html?spid=272885803
246855302,Ấm Điện Đun Nước Đế Liền Vòi Ngắn Đạt Tường DTDL-05 (5 lít) - Hàng Chính Hãng,380000.0,380000.0,0.0,4.5,2,11119,,https://tiki.vnam-dien-dun-nuoc-de-lien-voi-ngan-dat-tuong-dtdl-05-5-lit-hang-chinh-hang-p246855302.html?spid=246855303
242013192,Quạt hút âm trần Panasonic FV-25TGU5 - Hàng chính hãng,867000.0,867000.0,0.0,5.0,1,187775,,https://tiki.vnquat-hut-am-tran-panasonic-fv-25tgu5-hang-chinh-hang-p242013192.html?spid=242013193
222659653,Máy xay thực phẩm đa năng Braun CH3011BK Hàng Chính Hãng,990000.0,990000.0,0.0,0.0,0,20256,,https://tiki.vnmay-xay-cam-tay-braun-mq9125xs-hang-chinh-hang-p222659653.html?spid=222659654
217641420,Bình đun siêu tốc & giữ ấm đa năng Bear TNQ-A12L1 - Hàng chính hãng,990000.0,990000.0,0.0,0.0,0,162514,,https://tiki.vnbinh-dun-sieu-toc-giu-am-da-nang-bear-tnq-a12l1-hang-chinh-hang-p217641420.html?spid=217641421
201518157,Nồi áp suất điện đa năng cao tần Tefal CY638868 - 5L - BH 2 năm - Hàng Chính Hãng,4990000.0,4990000.0,0.0,0.0,0,20256,,https://tiki.vnnoi-ap-suat-dien-da-nang-cao-tan-tefal-cy638868-5l-bh-2-nam-hang-chinh-hang-p201518157.html?spid=247864347
197722961,Máy xay sinh tố hoa quả cầm tay Bear LLJ-D04A1- Hàng chính hãng,570000.0,570000.0,0.0,0.0,0,20256,,https://tiki.vnmay-xay-sinh-to-hoa-qua-cam-tay-bear-llj-d04a1-hang-chinh-hang-p197722961.html?spid=252711968
186442691,Quạt đứng thông minh Xiaomi Mi Smart Standing Fan 1C PYV4007GL JLLDS01XY - Hàng chính hãng,1490000.0,1490000.0,0.0,0.0,0,162514,,https://tiki.vnquat-dung-thong-minh-xiaomi-mi-smart-standing-fan-1c-pyv4007gl-jllds01xy-hang-chinh-hang-p186442691.html?spid=186442692
185097297,"Máy Xay Thịt Đa Năng 2 Lưỡi Dao Xay Damas KF260 - Thiết Kế Cối Thủy Tinh Chịu Lực Cao Cấp - Động Cơ Đồng Nguyên Chất Giúp Máy Hoạt Động Bền Bỉ - Dung Tích Lớn 2,2 Lít - Hàng Nhập Khẩu ",429000.0,700000.0,271000.0,5.0,8,92468,,https://tiki.vnmay-xay-thit-da-nang-2-luoi-dao-xay-damas-kf260-thiet-ke-coi-thuy-tinh-chiu-luc-cao-cap-dong-co-dong-giup-may-khong-nong-hoat-dong-ben-bi-dung-tich-lon-2-2-lit-hang-nhap-khau-p185097297.html?spid=185097298
180308578,"Quạt sạc tích điện cao cấp thông minh tiên lợi, vừa kẹp kết hợp để bàn OLAPLE (giao màu ngẫu nhiên) - Hàng nhập khẩu",149000.0,149000.0,0.0,4.3,15,50766,,https://tiki.vnquat-sac-tich-dien-cao-cap-co-dieu-khien-tu-xa-gap-gon-tien-loi-olaple-p9a-hang-nhap-khau-p180308578.html?spid=180308579
177680630,"Máy Vắt Cam DAEWOO DEM-JK580, hàng chính hãng",355000.0,599000.0,244000.0,0.0,0,1,,https://tiki.vnmay-vat-cam-daewoo-dem-jk580-p177680630.html?spid=275716142
171811365,Máy sưởi gốm Nakamoto NK03- Hàng chính hãng ,1290000.0,1290000.0,0.0,0.0,0,81563,,https://tiki.vnmay-suoi-gom-nakamoto-nk03-hang-chinh-hang-p171811365.html?spid=171811366
152788852,Máy Đánh Trứng Cầm Tay 7 Tốc Độ Công Suất Lớn Tặng Kèm 4 Que Đánh Cao Cấp Thép Không Gỉ - Hàng Chính Hãng - Hàng Nhập Khẩu,99000.0,99000.0,0.0,4.5,39,134678,,https://tiki.vnmay-danh-trung-cam-tay-7-toc-do-cong-suat-lon-tang-kem-4-que-danh-cao-cap-thep-khong-gi-hang-chinh-hang-hang-nhap-khau-p152788852.html?spid=152788853
75987414,Bếp Lẩu Nướng 2 Trong 1 KhoNCC Hàng Chính Hãng - BBQ Tại Gia - Gia Đình Sum Vầy - KDHS-4904-BepLauNuong,788000.0,788000.0,0.0,4.7,6,762,,https://tiki.vnbep-lau-nuong-2-trong-1-khoncc-hang-chinh-hang-bbq-tai-gia-gia-dinh-sum-vay-kdhs-4904-beplaunuong-p75987414.html?spid=75987415
74884530,Nồi cơm điện Tefal RK361168,990000.0,990000.0,0.0,0.0,0,20256,,https://tiki.vnnoi-com-dien-tefal-rk361168-p74884530.html?spid=215224547
57907176,Máy Xay Sinh Tố Cầm Tay Bear LLJ-D04A1 Hàng chính hãng,650000.0,650000.0,0.0,0.0,0,20256,,https://tiki.vnmay-xay-sinh-to-cam-tay-bear-llj-d04a1-hang-chinh-hang-p57907176.html?spid=252711925
56085151,Màng Lọc HEPA Cho Máy Hút Bụi Deerma DX128/DX118C - Hàng chính hãng,49000.0,79000.0,30000.0,4.7,43,129537,,https://tiki.vnmang-loc-hepa-cho-may-hut-bui-deerma-dx128-dx118c-hang-chinh-hang-p56085151.html?spid=58055773
11259223,Quạt Sưởi Hồng Ngoại Fujika FJ-SS1 - Hàng chính hãng,527000.0,527000.0,0.0,0.0,0,11119,,https://tiki.vnquat-suoi-hong-ngoai-fujika-fj-ss1-hang-chinh-hang-p11259223.html?spid=103456648
362090,Bàn Ủi Khô Panasonic PABU-NI-317TXRA - Hàng chính hãng,430000.0,430000.0,0.0,4.8,13,184067,,https://tiki.vnban-ui-kho-panasonic-pabu-ni-317txra-hang-chinh-hang-p362090.html?spid=123351937
278852392,Máy xay ăn dặm Bear 0.3L CH-5H02D24 - Hàng Chính Hãng,348000.0,650000.0,302000.0,0.0,0,1,,https://tiki.vnmay-xay-an-dam-bear-0-3l-ch-5h02d24-hang-chinh-hang-p278852392.html?spid=278852399
278770515,"BỘ LỌC THÔ, LỌC ĐẦU NGUỒN LÕI SỢI INOX (phi 21, 27, 34)/ HÀNG CHÍNH HÃNG",285000.0,285000.0,0.0,0.0,0,179104,,https://tiki.vnbo-loc-tho-loc-dau-nguon-loi-soi-inox-phi-21-27-34-p278770515.html?spid=278770536
278682052,Bếp Nướng Điện Kuchenzimmer - KUC012577 - Hàng Chính Hãng,605000.0,891000.0,286000.0,0.0,0,1,,https://tiki.vnbep-nuong-dien-kuchenzimmer-kuc012577-hang-chinh-hang-p278682052.html?spid=278682053
278061829,Nồi cơm điện tử Sharp 1.8 lít KS-COM183MV-WH - Hàng chính hãng,1189000.0,1690000.0,501000.0,0.0,0,345161,,https://tiki.vnnoi-com-dien-tu-sharp-1-8-lit-ks-com183mv-wh-hang-chinh-hang-p278061829.html?spid=278061861
278025534,Bếp điện từ Bluestone ICB-6727 - Hàng chính hãng,1490000.0,1699000.0,209000.0,0.0,0,162514,,https://tiki.vnbep-dien-tu-bluestone-icb-6727-hang-chinh-hang-p278025534.html?spid=278025536
278005609,Ấm Siêu Tốc Sunhouse SHD1351 - Công Suất 1500W - Dung Tích 1.8L - Inox 2 Lớp - Hàng Chính Hãng,348000.0,348000.0,0.0,0.0,0,120134,,https://tiki.vnam-sieu-toc-sunhouse-shd1351-cong-suat-1500w-dung-tich-1-8l-inox-2-lop-hang-chinh-hang-p278005609.html?spid=278005610
278002078,Ấm sắc thuốc Bear HTM-4H40X Hàng chính hãng,1690000.0,1690000.0,0.0,0.0,0,20256,,https://tiki.vnam-sac-thuoc-bear-htm-4h40x-hang-chinh-hang-p278002078.html?spid=278002079
277988068,Quạt hút thông gió âm trần JY-B9005 20W D100 mm JYE hàng chính hãng,736900.0,736900.0,0.0,0.0,0,357842,,https://tiki.vnquat-hut-thong-gio-am-tran-jy-b9005-20w-d100-mm-jye-hang-chinh-hang-p277988068.html?spid=277988069
276815366,Bàn Ủi Hơi Nước Đứng Philips STE3170/80 2000W - Hàng Chính Hãng,3590000.0,3590000.0,0.0,0.0,0,20256,,https://tiki.vnban-ui-hoi-nuoc-dung-philips-ste3170-80-2000w-hang-chinh-hang-p276815366.html?spid=276824666
275937087,Quạt tích điện không dây kiêm đèn Mooas Made in Korea Hàng chính hãng,2890000.0,2890000.0,0.0,0.0,0,20256,,https://tiki.vnquat-tich-dien-khong-day-kiem-den-mooas-made-in-korea-hang-chinh-hang-p275937087.html?spid=275937088
275889559,"Bếp lẩu nướng 2in1 đa năng cao cấp dài, nồi lẩu kiêm nướng công suất 1300w, bề mặt tráng men chống dính - Hàng chính hãng",450000.0,450000.0,0.0,0.0,0,236185,,https://tiki.vnbep-lau-nuong-2in1-da-nang-cao-cap-dai-noi-lau-kiem-nuong-cong-suat-1300w-be-mat-trang-men-chong-dinh-hang-chinh-hang-p275889559.html?spid=275889560
275758305,"Máy vắt cam Sharp 130W EJ-J130-ST, Vòi chống nhỏ giọt - Hàng chính hãng",679000.0,950000.0,271000.0,0.0,0,345161,,https://tiki.vnmay-vat-cam-sharp-130w-ej-j130-st-voi-chong-nho-giot-hang-chinh-hang-p275758305.html?spid=275758306
275458768,Ấm đun siêu tốc OP-47 dung tích 5L (Inox 304)- Hàng nhập khẩu,649000.0,649000.0,0.0,0.0,0,132610,,https://tiki.vnam-dun-sieu-toc-op-47-dung-tich-5l-inox-304-hang-nhap-khau-p275458768.html?spid=275458770
275190902,QUẠT BÀN BRANDSON RETRO Hàng chính hãng,2390000.0,2390000.0,0.0,0.0,0,20256,,https://tiki.vnquat-ban-brandson-retro-hang-chinh-hang-p275190902.html?spid=275190906
275128716,"Máy phun sương tạo ẩm lớn Rhino H403 400ml, tích hợp đèn ngủ, điều khiển từ xa - Hàng chính hãng",209000.0,209000.0,0.0,0.0,0,125741,,https://tiki.vnmay-phun-suong-tao-am-lon-rhino-h403-400ml-tich-hop-den-ngu-dieu-khien-tu-xa-hang-chinh-hang-p275128716.html?spid=275128718
274169912,MÁY PHA CÀ PHÊ TỰ ĐỘNG DE'LONGHI ECAM 450.55.S ELETTA EXPLORE - MADE IN EU MÀU BẠC hàng chính hãng,35900000.0,35900000.0,0.0,0.0,0,20256,,https://tiki.vnmay-pha-ca-phe-tu-dong-de-longhi-ecam-450-55-s-eletta-explore-made-in-eu-mau-bac-hang-chinh-hang-p274169912.html?spid=274169913
273380169,"Máy Thổi Bụi, Hút Bụi Cầm Tay HK-BL2302, Máy Thổi Bụi Công Nghiệp Công Suất Lớn - Hàng Nhập Khẩu",177000.0,177000.0,0.0,4.0,4,154892,,https://tiki.vnmay-thoi-bui-hut-bui-cam-tay-hk-bl2302-may-thoi-bui-cong-nghiep-cong-suat-lon-hang-nhap-khau-p273380169.html?spid=273442729
272562670,Nồi Lẩu Điện 2 Ngăn Bear SB-NL60U Nhiều Chế Độ Dung Tích 6 Lít Công Suất 1600 W - Hàng Chính Hãng,1250000.0,1250000.0,0.0,0.0,0,20256,,https://tiki.vnnoi-dien-da-nang-noi-lau-dien-2-ngan-bear-bear-sb-nl60u-nhieu-che-do-nau-lau-ham-ninh-chien-ran-xao-dung-tich-6-lit-cong-suat-1600-w-hang-chinh-hang-p272562670.html?spid=275915426
263805633,Ấm siêu tốc thủy tinh cao cấp Mitomo ST-220 1.8L công suất 1800W - HÀNG CHÍNH HÃNG,415000.0,639000.0,224000.0,0.0,0,276496,,https://tiki.vnam-sieu-toc-thuy-tinh-cao-cap-mitomo-st-220-1-8l-cong-suat-1800w-hang-chinh-hang-p263805633.html?spid=263805634
263517257,Nồi cơm điện tử áp suất cao tần Cuckoo 1.8L CRP-CHSS1009FN (Màu nâu) - Hàng chính hãng,9549000.0,11362000.0,1813000.0,0.0,0,29960,,https://tiki.vnnoi-com-dien-tu-ap-suat-cao-tan-cuckoo-1-8l-crp-chss1009fn-mau-nau-hang-chinh-hang-p263517257.html?spid=263517259
262976237,Bộ Lọc Máy Hút Bụi DAMAS DA113C - Hàng chính hãng,79000.0,150000.0,71000.0,5.0,1,44857,,https://tiki.vnbo-loc-dung-cho-may-hut-bui-cam-tay-khong-day-damas-da113c-da113cg-p262976237.html?spid=262976238
251245473,Ấm siêu tốc Arber AST1.5A hàng chính hãng,1050000.0,1050000.0,0.0,0.0,0,20256,,https://tiki.vnam-sieu-toc-arber-ast1-5a-hang-chinh-hang-p251245473.html?spid=251245474
208443127,Máy pha cà phê Ariete MOD.1389/16 (0.9 lít) - Hàng chính hãng,2990000.0,2990000.0,0.0,0.0,0,20256,,https://tiki.vnmay-pha-ca-phe-ariete-mod-1389-16-0-9-lit-hang-chinh-hang-p208443127.html?spid=225954623
202497423,Günter & Hauer Bình Đun Siêu Tốc Bình Trà Điện Thủy Tinh 17L LED Dây Đèn Vòng Xanh - Hàng chính hãng,889000.0,889000.0,0.0,0.0,0,309377,,https://tiki.vng-nter-hauer-binh-dun-sieu-toc-binh-tra-dien-thuy-tinh-17l-led-day-den-vong-xanh-p202497423.html?spid=202497425
197654356,Nồi cơm điện nắp gài Sharp 1 lít KS-COM100DV - Hàng chính hãng,1500000.0,1500000.0,0.0,0.0,0,162514,,https://tiki.vnnoi-com-dien-nap-gai-sharp-1-lit-ks-com100dv-hang-chinh-hang-p197654356.html?spid=197654360
187812590,Máy sấy tóc Philips BHD500/00 - Sấy tóc nhanh khô - Bảo vệ tóc không bị quá nóng - Hàng Chính Hãng,1110000.0,1110000.0,0.0,5.0,4,138278,,https://tiki.vnmay-say-toc-philips-bhd500-00-say-toc-nhanh-kho-bao-ve-toc-khong-bi-qua-nong-hang-chinh-hang-p187812590.html?spid=198426860
104440553,Máy xay sinh tố chân không 3 trong 1 Kuvings SV-400MB (1.55L) - Hàng chính hãng,9661000.0,12490000.0,2829000.0,0.0,0,1,,https://tiki.vnmay-xay-sinh-to-chan-khong-3-trong-1-kuvings-sv-400mb-1-55l-hang-chinh-hang-p104440553.html?spid=108206985
82959822,Máy lọc nước YAMATO công nghệ UF – POST – HYDROGEN Korea 6 bước lọc (Hàng chính hãng),2390000.0,2390000.0,0.0,5.0,1,8413,,https://tiki.vnmay-loc-nuoc-yamato-cong-nghe-uf-post-hydrogen-korea-6-buoc-loc-hang-chinh-hang-p82959822.html?spid=82959823
82231159,"Máy cạo râu Kemei KM-1102 lưỡi kép chuyên dụng cạo tỉa râu, cạo đầu, fade tóc có đ��u tỉa phụ dùng để tỉa tóc mai, ria mép có túi đựng tiện lợi mang đi, máy sử dụng pin sạc",299000.0,299000.0,0.0,4.5,10,110704,,https://tiki.vnmay-cao-rau-kemei-km-1102-luoi-kep-chuyen-dung-cao-tia-rau-cao-dau-fade-toc-co-d-u-tia-phu-dung-de-tia-toc-mai-ria-mep-co-tui-dung-tien-loi-mang-di-may-su-dung-pin-sac-p82231159.html?spid=82231160
73281375,Máy phun sương tạo độ ẩm không khí Deerma DEM-F628 Hàng Chính Hãng,399000.0,399000.0,0.0,0.0,0,287085,,https://tiki.vnmay-phun-suong-tao-do-am-khong-khi-deerma-dem-f628-hang-chinh-hang-p73281375.html?spid=194498677
69150752,Bếp ga mini Namilux 2S Chống Nổ  PL2021PF chính hãng,309000.0,309000.0,0.0,5.0,4,69337,,https://tiki.vnbep-ga-mini-namilux-2s-chong-no-pl2021pf-chinh-hang-p69150752.html?spid=167402338
53562464,Máy Nướng Bánh Mì Philips HD2582 (830W)- Hàng nhập khẩu.( Giao màu ngẫu nhiên),999000.0,999000.0,0.0,5.0,4,7880,,https://tiki.vnmay-nuong-banh-mi-philips-hd2582-830w-hang-nhap-khau-giao-mau-ngau-nhien-p53562464.html?spid=53562465
26020574,Bếp Dương Từ Đôi Proficook PC-DKI 1067 (3500W) - Hàng Chính Hãng,4734000.0,4734000.0,0.0,3.3,3,185939,,https://tiki.vnbep-duong-tu-doi-proficook-pc-dki-1067-3500w-hang-chinh-hang-p26020574.html?spid=104397089
985446,Quạt Hơi Nước Boss S-102 (14L) - Hàng chính hãng,5299000.0,5299000.0,0.0,5.0,3,58532,,https://tiki.vnquat-hoi-nuoc-boss-s-102-20l-hang-chinh-hang-p985446.html?spid=84783306
847169,Lò Nướng Sanaky VH-3599S2D (35 Lít) - Hàng chính hãng,1669000.0,2700000.0,1031000.0,3.0,1,218,,https://tiki.vnlo-nuong-sanaky-vh-3599s2d-35-lit-hang-chinh-hang-p847169.html?spid=49650405
658093,Quạt Treo Tường Điều Khiển Từ Xa Senko TR1628 - Hàng Chính Hãng - Giao màu ngẫu nhiên,539000.0,539000.0,0.0,4.5,18,187775,,https://tiki.vnquat-treo-tuong-dieu-khien-tu-xa-senko-tr1628-hang-chinh-hang-giao-mau-ngau-nhien-p658093.html?spid=101459590
576860,Bình Thủy Điện Zojirushi CV-DSQ40-XA - 4L - Hàng chính hãng,6500000.0,6500000.0,0.0,0.0,0,20256,,https://tiki.vnbinh-thuy-dien-zojirushi-cv-dsq40-xa-4l-hang-chinh-hang-p576860.html?spid=212606713
550523,Máy Lọc Nước Kangaroo VTU KG109 - Hàng chính hãng,5500000.0,5500000.0,0.0,0.0,0,1957,,https://tiki.vnmay-loc-nuoc-kangaroo-vtu-kg109-hang-chinh-hang-p550523.html?spid=13734279
278841151,Quạt trần chùm đèn Klasse 52KSP 591 hàng chính hãng,3490000.0,3490000.0,0.0,0.0,0,20256,,https://tiki.vnquat-tran-chum-den-klasse-52ksp-591-hang-chinh-hang-p278841151.html?spid=278841152
278776970,"Máy Phun Sương Tạo Ẩm Không Khí Teement , Máy Xông Và Khuyếch Tán Tinh Dầu Dung Tích 1.1 Lít Với 3 Chế Độ Phun, Tích Hợp Đèn Ngủ Tự Thay Đổi Màu Sắc, Độ Ồn Thấp, Phun Liên Tục 8h Và Tự Ngắt Khi Hết Nước, Sạc Usb Tiên Lợi, - Hàng Chính Hãng",250000.0,250000.0,0.0,0.0,0,277179,,https://tiki.vnmay-phun-suong-tao-am-khong-khi-teement-may-xong-va-khuyech-tan-tinh-dau-dung-tich-1-1-lit-voi-3-che-do-phun-tich-hop-den-ngu-tu-thay-doi-mau-sac-do-on-thap-phun-lien-tuc-8h-va-tu-ngat-khi-het-nuoc-sac-usb-tien-loi-hang-chinh-hang-p278776970.html?spid=278776974
278707287,Ấm siêu tốc Inox 2 lớp 2L Sunhouse SHD1396 - Hàng Chính Hãng,636000.0,636000.0,0.0,0.0,0,340697,,https://tiki.vnam-sieu-toc-inox-2-lop-2l-sunhouse-shd1396-hang-chinh-hang-p278707287.html?spid=278707288
278689661,Nồi lẩu điện Đa Năng Midea HGE-383051 hàng chính hãng,1850000.0,1850000.0,0.0,0.0,0,20256,,https://tiki.vnnoi-lau-dien-da-nang-midea-hge-383051-hang-chinh-hang-p278689661.html?spid=278689662
278239596,"Nồi Hấp Inox 3 Tầng Siêu To 28CM Dùng Cho Cả Bếp Từ Và Bếp Ga, Nồi Hấp Bánh Bao Bánh Flan Hấp Thức Ăn Tặng Kèm Xửng Hấp - HÀNG CHÍNH HÃNG MINIIN",149000.0,149000.0,0.0,0.0,0,134678,,https://tiki.vnnoi-hap-inox-3-tang-sieu-to-28cm-dung-cho-ca-bep-tu-va-be-p-ga-noi-hap-banh-bao-banh-flan-hap-thuc-an-tang-kem-xung-hap-hang-chinh-hang-miniin-p278239596.html?spid=278239597
277589297,Bàn ủi hơi nước cầm tay gấp gọn  xiaomi Mijia MJGTJ02LF - Hàng nhập khẩu,695000.0,695000.0,0.0,0.0,0,16996,,https://tiki.vnban-ui-hoi-nuoc-cam-tay-gap-gon-xiaomi-mijia-mjgtj02lf-hang-nhap-khau-p277589297.html?spid=277589298
277575260,MÁY PHA CAFE CAO CẤP SMEG ECF01RDEU Hàng chính hãng,9500000.0,9500000.0,0.0,0.0,0,20256,,https://tiki.vnmay-pha-cafe-cao-cap-smeg-ecf01rdeu-hang-chinh-hang-p277575260.html?spid=277575261
276913075,Máy Lọc Nước Kangaroo Để Gầm KGRP88 - Hàng Chính Hãng,4680000.0,4680000.0,0.0,0.0,0,11119,,https://tiki.vnmay-loc-nuoc-kangaroo-de-gam-kgrp88-hang-chinh-hang-p276913075.html?spid=276913076
276908367,Đèn Sưởi Ấm 2 Bóng 800W NK Media MD-SC86 - Màu Ngẫu Nhiên - Hàng Chính Hãng,199000.0,199000.0,0.0,0.0,0,11119,,https://tiki.vnden-suoi-am-2-bong-800w-nk-media-md-sc86-mau-ngau-nhien-hang-chinh-hang-p276908367.html?spid=276908368
276675906,Máy Hút Mùi Kính Cong Sunhouse SHB72062 - Hàng Chính Hãng,3150000.0,3150000.0,0.0,0.0,0,11119,,https://tiki.vnma-y-hut-mui-kinh-cong-sunhouse-shb72062-hang-chinh-hang-p276675906.html?spid=276675907
275892161,"Máy Cạo Râu, Tóc, 9 Lưỡi Thông Minh 7800, Dùng Để Cạo Trọc, Cho Người Hói Đầu Hàng chính hãng",1090000.0,1090000.0,0.0,5.0,1,20256,,https://tiki.vnmay-cao-rau-toc-9-luoi-thong-minh-7800-dung-de-cao-troc-cho-nguoi-hoi-dau-p275892161.html?spid=275892162
275567817,Máy lau nhà Dyson Wash G1 mới nhất 2024 Hàng chính hãng,19900000.0,19900000.0,0.0,0.0,0,20256,,https://tiki.vnmay-lau-nha-dyson-wash-g1-moi-nhat-2024-hang-chinh-hang-p275567817.html?spid=275567818
275197986,"Máy Pha Cà Phê Tự Động Delonghi ECAM 290.61.SB, Máy Pha Cafe, Espresso, Cappuccino, Made In Rumania, Hàng Chính Hãng",19990000.0,19990000.0,0.0,0.0,0,20256,,https://tiki.vnmay-pha-ca-phe-tu-dong-delonghi-ecam-290-61-sb-may-pha-cafe-espresso-cappuccino-made-in-rumania-p275197986.html?spid=276755913
273371600,Nồi Lẩu Điện Đa Năng Sunhouse SHD4520 (3L) – Đỏ - Hàng chính hãng,455000.0,455000.0,0.0,0.0,0,247324,,https://tiki.vnnoi-lau-dien-da-nang-sunhouse-shd4520-3l-do-hang-chinh-hang-p273371600.html?spid=273371601
273161601,"Nồi lẩu điện, cơm điện mini đa năng 2 tầng chống dính kèm giá hấp Inox hàng chính hãng/nhập khẩu Shanban 18cm phù hợp Chiên, Xào, Hấp, Nướng",139000.0,139000.0,0.0,5.0,1,157145,,https://tiki.vnnoi-lau-dien-com-dien-mini-da-nang-2-tang-chong-dinh-kem-gia-hap-inox-chien-xao-hap-nuong-voi-2-nac-nhiet-18cm-noi-nau-tien-loi-cho-sinh-vien-hoc-sinh-p273161601.html?spid=273161602
272882901,"Nồi cơm điện tử Toshiba 1.8 lít RC-18DR3PV(G) - Hàng chính hãng - Bảo hành chính hãng 12 tháng, Chất lượng Nhật Bản",2059000.0,2390000.0,331000.0,5.0,2,345161,,https://tiki.vnnoi-com-dien-tu-toshiba-1-8-lit-rc-18dr3pv-g-hang-chinh-hang-bao-hanh-chinh-hang-12-thang-chat-luong-nhat-ban-p272882901.html?spid=272882902
272616870,Nồi cơm điện nắp rời Toshiba 2.8 Lít RC-28MH1PV(G) - Chống dính - 1000W - Hàng chính hãng - Bảo hành 12 tháng,799000.0,890000.0,91000.0,0.0,0,345161,,https://tiki.vnnoi-com-dien-nap-roi-toshiba-2-8-lit-rc-28mh1pv-g-chong-dinh-1000w-hang-chinh-hang-bao-hanh-12-thang-p272616870.html?spid=272616871
255695414,Combo 8 lõi lọc nước Sunhouse 123RO5678 dùng cho các model máy: SHA8878KV SHA8879K SHA8858K SHA8818K Hàng chính hãng,802000.0,802000.0,0.0,0.0,0,55218,,https://tiki.vncombo-8-loi-loc-nuoc-sunhouse-123ro5678-hang-chinh-hang-p255695414.html?spid=257766736
225954597,"Máy pha cà phê 0,9 lít Ariete MOD. 1389/17 Hàng Chính Hãng",2990000.0,2990000.0,0.0,0.0,0,20256,,https://tiki.vnmay-pha-ca-phe-0-9-lit-ariete-mod-1389-17-hang-chinh-hang-p225954597.html?spid=225954598
207984364,Quạt thông gió cấp khí tươi nối ống có lọc FF-H120 - HÀNG CHÍNH HÃNG,5200000.0,5200000.0,0.0,0.0,0,311940,,https://tiki.vnquat-thong-gio-cap-khi-tuoi-noi-ong-co-loc-ff-h120-p207984364.html?spid=207984365
199646531,Lõi lọc không khí Xiaomi Mi Air Purifier 4 Lite Kháng khuẩn - Hàng Chính Hãng,790000.0,790000.0,0.0,4.5,2,34716,,https://tiki.vnloi-loc-khong-khi-xiaomi-mi-air-purifier-4-lite-khang-khuan-hang-chinh-hang-p199646531.html?spid=199646532
194479808,"Nồi cơm điện tử Cuckoo 1.08L CR-0675F - Tùy chọn 3 vị cơm, 9 chế độ nấu tích hợp, chế độ tự động làm sạch - Hàng chính hãng",1790000.0,2090000.0,300000.0,4.6,175,29960,,https://tiki.vnnoi-com-dien-tu-cuckoo-1-08l-cr-0675f-tuy-chon-3-vi-com-9-che-do-nau-tich-hop-che-do-tu-dong-lam-sach-hang-chinh-hang-p194479808.html?spid=85128064
191808972,Máy sấy tóc Philips BHC01000 - Dễ dàng chăm sóc tóc của bạn,370000.0,370000.0,0.0,0.0,0,11119,,https://tiki.vnmay-say-toc-philips-bhc01000-de-dang-cham-soc-toc-cua-ban-p191808972.html?spid=201347916
188785423,"Máy Xay Sinh Tố Mini Cầm Tay Sử Dụng Pin Sạc Cổng USB, Máy Xay Mini 6 Lưỡi Siêu Tiện Lợi - Hàng chính hãng MINIIN (Giao màu ngẫu nhiên)",99000.0,99000.0,0.0,4.1,19,134678,,https://tiki.vnmay-xay-sinh-to-mini-cam-tay-su-dung-pin-sac-cong-usb-may-xay-mini-6-luoi-sieu-tien-loi-chinh-hang-miniin-giao-mau-ngau-nhien-p188785423.html?spid=188785424
182552507,"Máy xay sinh tố, máy xây hoa quả Arber ST-02 hàng Đức chính hãng.",750000.0,750000.0,0.0,0.0,0,20256,,https://tiki.vnmay-xay-sinh-to-may-xay-hoa-qua-st-02-arber-hang-duc-chinh-hang-p182552507.html?spid=251030486
174162744,Máy Cạo Râu Du Lịch Philips S1103 - Hàng Chính Hãng,800000.0,800000.0,0.0,0.0,0,11119,,https://tiki.vnmay-cao-rau-du-lich-philips-s1103-hang-chinh-hang-p174162744.html?spid=199566511
154125292,Combo 3 lõi lọc Korihome - 2 lõi Sediment và 1 lõi Pre-cacbon - Hàng chính hãng,305000.0,305000.0,0.0,0.0,0,55218,,https://tiki.vncombo-3-loi-loc-korihome-2-loi-sediment-va-1-loi-pre-cacbon-hang-chinh-hang-p154125292.html?spid=222452003
127586927,Ấm Siêu Tốc Trơn Đạt Tường - DTST02 ; DTST03 - Hàng Chính Hãng,151000.0,151000.0,0.0,0.0,0,11119,,https://tiki.vnam-sieu-toc-tron-dat-tuong-dtst02-dtst03-hang-chinh-hang-p127586927.html?spid=195821707
117339494,BẾP GAS ĐÔI NAMILUX 2063PF(HÀNG CHÍNH HÃNG),1049000.0,1049000.0,0.0,0.0,0,69337,,https://tiki.vnbep-gas-doi-namilux-2063pf-hang-chinh-hang-p117339494.html?spid=129424355
60710348,"Siêu sắc thuốc điện tự động ngắt Fujika K7, cống suất 450W, dung tích 3L, tự động ngắt-hàng chính hãng",299000.0,299000.0,0.0,5.0,5,69337,,https://tiki.vnsieu-sac-thuoc-dien-tu-dong-ngat-fujika-k7-cong-suat-450w-dung-tich-3l-tu-dong-ngat-hang-chinh-hang-p60710348.html?spid=243245061
42834904,Màng lọc UF (Ultra Filtration) – Hàng chính hãng,250000.0,250000.0,0.0,5.0,5,8413,,https://tiki.vnmang-loc-uf-ultra-filtration-hang-chinh-hang-p42834904.html?spid=42834906
28619443,Nồi Cơm Tách Đường Saiko LS-300 (3.0 Lít) - Hàng Chính Hãng tặng máy đo lượng đường,3990000.0,3990000.0,0.0,0.0,0,20256,,https://tiki.vnnoi-com-tach-duong-saiko-ls-300-3-0-lit-hang-chinh-hang-tang-may-do-luong-duong-p28619443.html?spid=260805776
26525402,Nồi chiên không dầu Rapido RAF5.0M - Hàng Chính Hãng,996666.0,996666.0,0.0,0.0,0,107913,,https://tiki.vnnoi-chien-khong-dau-rapido-raf5-0m-hang-chinh-hang-p26525402.html?spid=76676835
21407423,Quạt Treo Tường Có Remote Panasonic F409MB - Xanh Dương - Hàng nhập khẩu,2149000.0,2149000.0,0.0,4.6,27,7880,,https://tiki.vnquat-treo-tuong-co-remote-panasonic-f409mb-xanh-duong-hang-nhap-khau-p21407423.html?spid=44776787
17907380,Bàn ủi hơi nước bình treo công nghiệp Silver Star ES-94A - Hàng Chính Hãng,1174999.0,1174999.0,0.0,0.0,0,109947,,https://tiki.vnban-ui-hoi-nuoc-binh-treo-cong-nghiep-silver-star-es-94a-hang-chinh-hang-p17907380.html?spid=49754324
14961349,Máy Đánh Bột Ariete MOD. 1588/04 (5.5L) - Xanh Lá Cây – Hàng Chính Hãng,3199000.0,3199000.0,0.0,4.0,3,7880,,https://tiki.vnmay-danh-bot-ariete-mod-1588-04-5-5l-xanh-la-cay-hang-chinh-hang-p14961349.html?spid=40965171
2369825,Bếp Gas Dương Sakura SA-692SG - Hàng chính hãng,1350000.0,1350000.0,0.0,0.0,0,2268,,https://tiki.vnbep-gas-duong-sakura-sa-692sg-hang-chinh-hang-p2369825.html?spid=2388459
1733803,Quạt Hút Thông Gió Âm Trần Senko HT150 (30W) - Hàng Chính Hãng,293000.0,293000.0,0.0,5.0,15,187775,,https://tiki.vnquat-hut-thong-gio-am-tran-senko-ht150-30w-hang-chinh-hang-p1733803.html?spid=101854034
638210,Máy Lọc Không Khí Panasonic F-PXM55A - Hàng Chính Hãng,8690000.0,8690000.0,0.0,0.0,0,184067,,https://tiki.vnmay-loc-khong-khi-panasonic-f-pxm55-hang-chinh-hang-p638210.html?spid=182134001
406352,Máy Cạo Râu Nam Philips AT620,1425000.0,1425000.0,0.0,4.7,7,112137,,https://tiki.vnmay-cao-rau-nam-philips-at620-p406352.html?spid=72855475
279092220,Bếp Gas Mini Cao Cấp Ngắt Gas An Toàn 2S │Giải Pháp Chống Nổ Lon Gas│Công Suất 2.6 Kw (2.200 kcal/giờ)│Hàng Chính Hãng,479000.0,479000.0,0.0,0.0,0,240,,https://tiki.vnbep-gas-mini-cao-cap-ngat-gas-an-toan-2s-giai-phap-chong-no-lon-gas-cong-suat-2-6-kw-2-200-kcal-gio-hang-chinh-hang-p279092220.html?spid=279092223
278848515,Máy Sưởi Gốm Mini Để Bàn Công Nghệ PTC Ceramic GDV 800W  - Màu Ngẫu Nhiên - Hàng Chính Hãng,300000.0,300000.0,0.0,0.0,0,11119,,https://tiki.vnmay-suoi-gom-mini-de-ban-cong-nghe-ptc-ceramic-gdv-800w-mau-ngau-nhien-hang-chinh-hang-p278848515.html?spid=278848516
278841604,MÁY ÉP CHẬM HASUKA HSK-788 Hàng chính hãng,2250000.0,2250000.0,0.0,0.0,0,20256,,https://tiki.vnmay-ep-cham-hasuka-hsk-788-hang-chinh-hang-p278841604.html?spid=278841605
278611223,Quạt phun sương Tiross TS891 - Hàng chính hãng,1999000.0,1999000.0,0.0,0.0,0,99996,,https://tiki.vnquat-phun-suong-tiross-ts891-hanh-chinh-hang-p278611223.html?spid=278611224
277915304,BẾP TỪ BOSCH PUC61KAA5E (3 vùng nấu) Hàng chính hãng,10900000.0,10900000.0,0.0,0.0,0,20256,,https://tiki.vnbep-tu-bosch-puc61kaa5e-3-vung-nau-hang-chinh-hang-p277915304.html?spid=277915305
277730902,"Quạt làm mát tuarbin mini để bàn hiệu HOTCASE WlWU Snow Wi-FS07 - Trang bị 4 cập độ gió, Pin sạc tích điện, Gió Mạnh, Êm Ái - Hàng nhập khẩu",590000.0,590000.0,0.0,0.0,0,1710,,https://tiki.vnquat-lam-mat-tuarbin-mini-de-ban-hieu-hotcase-wlwu-snow-wi-fs07-trang-bi-4-cap-do-gio-pin-sac-tich-dien-gio-manh-em-ai-hang-nhap-khau-p277730902.html?spid=277730903
277426018,"Máy làm sữa hạt đa năng Tefal BL83SD66 - 1300W - 1.75L - Hàng Chính Hãng, Bảo Hành Toàn Quốc",3399000.0,3399000.0,0.0,0.0,0,7880,,https://tiki.vnmay-lam-sua-hat-da-nang-tefal-bl83sd66-1300w-1-75l-hang-chinh-hang-bao-hanh-toan-quoc-p277426018.html?spid=277426019
277275473,Máy xay hạt cà phê cầm tay SILVERCREST SKMS nội địa Đức Hàng chính hãng,1190000.0,1190000.0,0.0,0.0,0,20256,,https://tiki.vnmay-xay-hat-ca-phe-cam-tay-silvercrest-skms-noi-dia-duc-hang-chinh-hang-p277275473.html?spid=277275474
276928554,Ấm Siêu Tốc Giữ Nhiệt SRAPP SH-ST304 3L - Màu Ngẫu Nhiên - Hàng Chính Hãng,230000.0,230000.0,0.0,0.0,0,11119,,https://tiki.vnam-sieu-toc-giu-nhiet-srapp-sh-st304-21-3l-mau-ngau-nhien-hang-chinh-hang-p276928554.html?spid=276928555
276637663,Máy ép chậm Hurom H200 - hàng chính hãng,6890000.0,6890000.0,0.0,0.0,0,9652,,https://tiki.vnmay-ep-cham-hurom-h200-hang-chinh-hang-p276637663.html?spid=276637665
276504623,Máy vắt cam Braun CJ3050 - Hàng chính hãng,733000.0,999000.0,266000.0,0.0,0,1,,https://tiki.vnmay-vat-cam-braun-cj3050-hang-chinh-hang-p276504623.html?spid=278707543
276105014,Bình đun siêu tốc Braun WK1500BK - Hàng chính hãng,1499000.0,1799000.0,300000.0,0.0,0,162514,,https://tiki.vnbinh-dun-sieu-toc-braun-wk1500bk-hang-chinh-hang-p276105014.html?spid=276105015
275879158,"Máy ép chậm trái cây EJJ421IVY LocknLock, Hàng chính hãng, công suất 200W, 2 chế độ ép vượt trội, miệng ống rộng - JoyMall",3386700.0,3763000.0,376300.0,0.0,0,38510,,https://tiki.vnmay-ep-cham-trai-cay-ejj421ivy-locknlock-hang-chinh-hang-cong-suat-200w-2-che-do-ep-vuot-troi-mieng-ong-rong-joymall-p275879158.html?spid=275879753
275820862,"Máy phun sương tạo ẩm tinh dầu Rhino H808 1200ml, 2 lõi phun tích hợp đèn kèm quai treo - Hàng chính hãng",145000.0,145000.0,0.0,0.0,0,125741,,https://tiki.vnmay-phun-suong-tao-am-tinh-dau-rhino-h808-1200ml-2-loi-phun-tich-hop-den-kem-quai-treo-p275820862.html?spid=275821797
275444680,Hàng Chính Hãng Quạt Tuần Hoàn Không Khí PCF-C18TC Tiết Kiệm Điện Vận Hành Êm Ái - Nội Địa Nhật,2474000.0,2474000.0,0.0,0.0,0,121623,,https://tiki.vnchinh-hang-quat-tuan-hoan-khong-khi-pcf-c18tc-tiet-kiem-dien-van-hanh-em-ai-noi-dia-nhat-p275444680.html?spid=275444681
275287655,Máy vắt cam Mitomo VC-55 Pro hàng chính hãng bảo hành 3 năm toàn quốc,969000.0,1435000.0,466000.0,0.0,0,123800,,https://tiki.vnmay-vat-cam-mitomo-vc-55-pro-hang-chinh-hang-bao-hanh-3-nam-toan-quoc-p275287655.html?spid=275520627
274993791,Máy Sưởi Ấm Gốm Bear DNQ-C20B1 Không Làm Khô Da Công Suất 2000W - Hàng Chính Hãng,1050000.0,1050000.0,0.0,0.0,0,20256,,https://tiki.vnmay-suoi-am-gom-bear-dnq-c20b1-khong-lam-kho-da-cong-suat-2000w-hang-chinh-hang-p274993791.html?spid=275628270
274155811,Máy pha cafe Caso Espresso Gourmet Hàng chính hãng,5490000.0,5490000.0,0.0,0.0,0,20256,,https://tiki.vnmay-pha-cafe-caso-espresso-gourmet-hang-chinh-hang-p274155811.html?spid=274155812
273683436,Quạt Tháp 2 Chiều Sưởi Ấm Làm Mát Và Bù Ẩm ULTTY SKJ-CR018HM. Chất Liệu Sưởi Gốm Ceramic Không Đốt Cháy Oxi. Bù Ẩm Không Khô Da Tự Động Tắt Khi Quá Nhiệt - Hàng Chính Hãng,5200000.0,7000000.0,1800000.0,5.0,1,4321,,https://tiki.vnnhap-xmas21135k-giam-135k-quat-lam-mat-va-suoi-am-ultty-skj-cr018h-chat-lieu-suoi-gom-ceramic-khong-dot-chay-oxy-khong-kho-da-tu-dong-tat-khi-qua-nhiet-mau-trang-hang-chinh-hang-p273683436.html?spid=97637135
273647935,"Nồi chiên không dầu 15L, Mitomo MTD-AF15, công suất 1400W - Hàng chính hãng",1599000.0,2259600.0,660600.0,0.0,0,123800,,https://tiki.vnnoi-chien-khong-dau-15l-mitomo-mtd-af15-cong-suat-1400w-hang-chinh-hang-p273647935.html?spid=273647937
273407915,"Lò nướng thủy tinh đa năng Gali GL-1110 17 lít 1300w, hàng chính hãng bảo hành 24 tháng, tặng kèm 10 phụ kiện tiện lợi.",1150000.0,1150000.0,0.0,0.0,0,347151,,https://tiki.vnlo-nuong-thuy-tinh-da-nang-gali-17-lit-1300w-gl-1100-hang-chinh-hang-bao-hanh-12-thang-tang-kem-10-phu-kien-tien-loi-p273407915.html?spid=273407916
271412894,Miễn phí giao lắp toàn quốc - Bếp đôi điện từ Nagakawa NK2C06MS - Made in Malaysia - Bảo hành 5 năm - Hàng chính hãng,15000000.0,15000000.0,0.0,0.0,0,4045,,https://tiki.vnmien-phi-giao-lap-toan-quoc-bep-doi-dien-tu-nagakawa-nk2c06ms-made-in-malaysia-bao-hanh-5-nam-hang-chinh-hang-p271412894.html?spid=271412897
263062150,QUẠT SƯỞI SILVERCREST SHLF 2000 D3 Hàng Chính Hãng,1650000.0,1650000.0,0.0,0.0,0,20256,,https://tiki.vnquat-suoi-silvercrest-shlf-2000-d3-hang-chinh-hang-p263062150.html?spid=263062151
197499207,Nồi cơm điện tử Panasonic 1.8 lít lít SR-CL188WRAM - Hàng chính hãng,2090000.0,2090000.0,0.0,0.0,0,184067,,https://tiki.vnnoi-com-dien-tu-panasonic-1-8-lit-lit-sr-cl188wram-hang-chinh-hang-p197499207.html?spid=219151603
189697856,"Nồi cơm điện nắp rời 1.8L Ladomax HA-7118 lòng nhôm chống dính, dùng cho 4 - 6 người ăn - Hàng chính hãng",549000.0,549000.0,0.0,4.5,2,69337,,https://tiki.vnnoi-com-dien-nap-roi-1-8l-ladomax-ha-7118-long-nhom-chong-dinh-dung-cho-4-6-nguoi-an-hang-chinh-hang-p189697856.html?spid=197851474
161944201,Robot hút bụi lau nhà Tefal RG7447WH - Trắng - Hàng chính hãng,9500000.0,9500000.0,0.0,0.0,0,20256,,https://tiki.vnmay-hut-bui-robot-rg7447wh-trang-p161944201.html?spid=247854142
138103850,"Ấm Đế Liền Vòi Dài 5L Đạt Tường - DTDL04, 06 - Hàng Chính Hãng - DTDL06",400000.0,400000.0,0.0,0.0,0,11119,,https://tiki.vnam-de-lien-voi-dai-5l-dat-tuong-dtdl04-06-hang-chinh-hang-dtdl06-p138103850.html?spid=195821645
137543950,Nồi chiên hơi nước kết hợp nướng hấp UNIE Steam US6800 công suất - Hàng chính hãng,4800000.0,4800000.0,0.0,0.0,0,292953,,https://tiki.vnnoi-chien-hoi-nuoc-ket-hop-nuong-hap-unie-steam-us6800-cong-suat-hang-chinh-hang-p137543950.html?spid=192061241
133579144,Máy hút mùi Keplercook KL723A ( 70cm)- Hàng chính hãng,1689000.0,1689000.0,0.0,0.0,0,185939,,https://tiki.vnmay-hut-mui-keplercook-kl723a-70cm-hang-chinh-hang-p133579144.html?spid=133579145
117929505,"Máy hút bụi mini không dây cầm tay nhỏ nhắn tiện dụng Deli - Lực hút ổn đinh - Phù hợp vệ sinh bàn phím, laptop, góc học tập, nhà bếp, ô tô - Trắng/Xanh dương - 18883",237000.0,394200.0,157200.0,4.8,57,113115,,https://tiki.vnmay-hut-bui-mini-khong-day-cam-tay-nho-nhan-tien-dung-deli-luc-hut-on-dinh-phu-hop-ve-sinh-ban-phim-laptop-goc-hoc-tap-nha-bep-o-to-trang-xanh-duong-18883-p117929505.html?spid=117929507
74238494,Quạt cầm tay tiện lợi gắn tai thỏ Damas N10 - Thiết kế dễ thương - Phù hợp tiêu chuẩn hiện đại (Giao màu ngẫu nnhiên),159000.0,250000.0,91000.0,5.0,21,92468,,https://tiki.vnquat-cam-tay-tien-loi-gan-tai-tho-damas-n10-thiet-ke-de-thuong-phu-hop-tieu-chuan-hien-dai-giao-mau-ngau-nnhien-p74238494.html?spid=74238495
68194356,Nồi chiên không dầu VIAICOM V30 – Công nghệ mới nhất - Hàng chính hãng,1099000.0,1099000.0,0.0,0.0,0,11982,,https://tiki.vnnoi-chien-khong-dau-viaicom-v30-cong-nghe-moi-nhat-hang-chinh-hang-p68194356.html?spid=68194362
66680683,"Máy hút bụi gia đình Sumika K20A, Màu Vàng, 20L, 1500W, hút nước, hút bụi, thổi bụi, dây điện dài 10m, thùng chứa Thép không gỉ - Hàng chính hãng",1715000.0,1736000.0,21000.0,4.5,160,1764,,https://tiki.vnmay-hut-bui-gia-dinh-sumika-k20a-mau-vang-20l-1500w-hut-nuoc-hut-bui-thoi-bui-day-dien-dai-10m-thung-chua-thep-khong-gi-hang-chinh-hang-p66680683.html?spid=66680684
54614613,Bàn ủi hơi nước bình treo công nghiệp ES-94A Silver Star + Mặt nạ chống bóng vải - Hàng Chính Hãng,1258950.0,1258950.0,0.0,5.0,3,389,,https://tiki.vnban-ui-hoi-nuoc-binh-treo-cong-nghiep-es-94a-silver-star-mat-na-chong-bong-vai-hang-chinh-hang-p54614613.html?spid=95550836
36978258,Máy hút bụi  Deerma DX115C  ( Hàng nhập khẩu ),448000.0,448000.0,0.0,4.0,5,102401,,https://tiki.vnmay-hut-bui-deerma-dx115c-hang-nhap-khau-p36978258.html?spid=51958860
28353304,Đèn UV Máy Lọc Không Khí Trusens Z-3000 Nhập Khẩu,600000.0,600000.0,0.0,0.0,0,37436,,https://tiki.vnden-uv-may-loc-khong-khi-trusens-z-3000-nhap-khau-p28353304.html?spid=28353305
684651,Ấm Siêu Tốc Inox Happy Time Sunhouse HTD1081 (1.8 lít)- Hàng chính hãng,155000.0,155000.0,0.0,4.7,3,28659,,https://tiki.vnam-sieu-toc-inox-happy-time-sunhouse-htd1081-1-8-lit-hang-chinh-hang-p684651.html?spid=49510137
637387,Quạt Trần Panasonic F-60MZ2 (18inch) - Hàng chính hãng,1220000.0,1220000.0,0.0,4.5,4,187775,,https://tiki.vnquat-tran-panasonic-f-60mz2-18inch-hang-chinh-hang-p637387.html?spid=225221633
559180,Máy Ép Chậm Kuvings NS-321CBM2 (Đỏ) - Hàng Chính Hãng,9039000.0,10990000.0,1951000.0,4.2,12,1,,https://tiki.vnmay-ep-cham-kuvings-ns-321cbm2-do-hang-chinh-hang-p559180.html?spid=292503
278964680,"[TẶNG BỘ LÕI] Máy lọc nước để gầm Karofi KAQ-U95 Pro - 10 lõi, Aiotec, RO Mỹ 100GPD, Lắp miễn phí - Hàng Chính Hãng",5487000.0,8000000.0,2513000.0,0.0,0,121449,,https://tiki.vntang-bo-loi-may-loc-nuoc-de-gam-karofi-kaq-u95-pro-10-loi-aiotec-ro-my-100gpd-lap-mien-phi-hang-chinh-hang-p278964680.html?spid=278964682
278834412,Quạt trần không đèn Klasse 52KSI 351W Hàng chính hãng,2690000.0,2690000.0,0.0,0.0,0,20256,,https://tiki.vnquat-tran-khong-den-klasse-52ksi-351w-hang-chinh-hang-p278834412.html?spid=278834413
278828010,Nồi lẩu điện mini đa năng Lê Bên Làng LBEC0808S dung tích 1500ml - Hàng chính hãng,799000.0,799000.0,0.0,0.0,0,4568,,https://tiki.vnnoi-lau-dien-mini-da-nang-le-ben-lang-lbec0808s-dung-tich-1500ml-hang-chinh-hang-p278828010.html?spid=278828095
278758313,Co cút nối nhanh nhấn dùng cho máy lọc nước các loại (chọn đúng phân loại)/ hàng chính hãng,9000.0,9000.0,0.0,0.0,0,179104,,https://tiki.vnco-cut-noi-nhanh-nhan-dung-cho-may-loc-nuoc-cac-loai-chon-dung-phan-loai-hang-chinh-hang-p278758313.html?spid=278758315
278509940,Máy sấy tóc Ion tạo kiểu Kalpen công suất 1600W chuẩn Đức - Hàng chính hãng,955000.0,955000.0,0.0,0.0,0,125683,,https://tiki.vnmay-say-toc-ion-tao-kieu-kalpen-cong-suat-1600w-chuan-duc-hang-chinh-hang-p278509940.html?spid=278509952
278432591,Máy lọc không khí Philips AC3210/12 130m2 hàng chính hãng,12990000.0,12990000.0,0.0,0.0,0,20256,,https://tiki.vnmay-loc-khong-khi-philips-ac3210-12-130m2-hang-chinh-hang-p278432591.html?spid=278432592
277444996,"Máy (Nồi) Làm Tỏi Đen Nikio NK-686 - Công Nghệ Làm Tỏi Tự Động Nhật Bản, Thời Gian Làm Tỏi Và Sấy Khô Tùy Chỉnh Linh Hoạt Giúp Tỏi Thơm Ngon, Giàu Chất Dinh Dưỡng - Dung Tích 6 Lít, Làm Được 2Kg Tỏi - Cafe Sữa - Vàng Gold",1990000.0,2790000.0,800000.0,4.6,7,50450,,https://tiki.vnmay-noi-lam-toi-den-nikio-nk-686-cong-nghe-lam-toi-tu-dong-nhat-ban-thoi-gian-lam-toi-va-say-kho-tuy-chinh-linh-hoat-giup-toi-thom-ngon-giau-chat-dinh-duong-dung-tich-6-lit-lam-duoc-2kg-toi-cafe-sua-p277444996.html?spid=277444999
276896492,Nồi Cơm Điện Eaststar E-828 (1.8 lít) - Màu Ngẫu Nhiên - Hàng Chính Hãng,791000.0,791000.0,0.0,0.0,0,11119,,https://tiki.vnnoi-com-dien-eaststar-e-828-1-8-lit-mau-ngau-nhien-hang-chinh-hang-p276896492.html?spid=276896493
276777443,Nồi Áp Suất Philips 6 lít HD2237/66 - Hàng Chính Hãng,2890000.0,2890000.0,0.0,0.0,0,20256,,https://tiki.vnnoi-ap-suat-philips-6-lit-hd2237-66-hang-chinh-hang-p276777443.html?spid=276824764
276283764,"Máy hút bụi công nghiệp Hitachi CV-960F (PG/WR) - Công suất 2100W, Dung tích 21 lít - Hàng Chính hãng",3649000.0,3990000.0,341000.0,0.0,0,345161,,https://tiki.vnmay-hut-bui-cong-nghiep-hitachi-cv-960f-pg-wr-cong-suat-2100w-dung-tich-21-lit-hang-chinh-hang-p276283764.html?spid=276283768
275820550,"Máy phun sương tạo ẩm tinh dầu cỡ lớn Rhino H806 3000ml, 2 lõi phun, dung tích lớn cho không gian rộng - Hàng chính hãng",199000.0,199000.0,0.0,1.0,1,125741,,https://tiki.vnmay-phun-suong-tao-am-tinh-dau-co-lon-rhino-h806-3000ml-2-loi-phun-dung-tich-lon-cho-khong-gian-rong-p275820550.html?spid=275821792
275803474,"Máy xay thịt Gali GL-1920B Dung tích 2 Lít, Motor 100% bằng đồng, có 2 tốc độ xay. Hàng chính hãng chất lượng cao, bảo hành 24 tháng",605000.0,605000.0,0.0,0.0,0,347151,,https://tiki.vnmay-xay-thit-gali-gl-1920b-dung-tich-2-lit-motor-100-bang-dong-co-2-toc-do-xay-hang-chinh-hang-chat-luong-cao-bao-hanh-24-thang-p275803474.html?spid=275803475
275415863,Máy xay sinh tố SUNHOUSE SHD5114 công suất 450W siêu khỏe xay được đá viên - Hàng chính hãng,512000.0,512000.0,0.0,0.0,0,173338,,https://tiki.vnmay-xay-sinh-to-sunhouse-shd5114-cong-suat-450w-sieu-khoe-xay-duoc-da-vien-hang-chinh-hang-p275415863.html?spid=275415864
275376268,Máy Uốn Tóc Tự Động Thông Minh Thế Hệ Mới - Hàng chính hãng,395000.0,550000.0,155000.0,0.0,0,236185,,https://tiki.vnmay-uon-toc-tu-dong-thong-minh-the-he-moi-hang-chinh-hang-p275376268.html?spid=275376269
275213070,Máy Pha Cafe RUSSEL HOBBS Espresso Distinctions 26451-56 1350W Màu Xanh Biển hàng chính hãng,6190000.0,6190000.0,0.0,0.0,0,20256,,https://tiki.vnmay-pha-cafe-russel-hobbs-espresso-distinctions-26451-56-1350w-mau-xanh-bien-hang-chinh-hang-p275213070.html?spid=275213071
275082732,"Máy phun sương tạo ẩm lớn Rhino H701 500ml, tích hợp đèn ngủ, điều khiển từ xa - Hàng chính hãng",165000.0,165000.0,0.0,0.0,0,125741,,https://tiki.vnmay-phun-suong-tao-am-lon-rhino-h701-500ml-tich-hop-den-ngu-dieu-khien-tu-xa-hang-chinh-hang-p275082732.html?spid=275082734
274869220,MÁY LỌC KHÔNG KHÍ AIRDOG X8D NỘI ĐỊA NHẬT BẢN - HÀNG CHÍNH HÃNG,38500000.0,45600000.0,7100000.0,0.0,0,8081,,https://tiki.vnmay-loc-khong-khi-airdog-x8d-mau-trang-hang-noi-dia-nhat-ban-p274869220.html?spid=274869793
274180242,"Siêu Sales QUẠT TRẦN AZP- 5 CÁNH GỖ, CÔNG XUẤT 50W, CÓ REMOTE- Hàng Nhập Khẩu",2758800.0,2758800.0,0.0,0.0,0,110695,,https://tiki.vnsieu-sales-quat-tran-azp-5-canh-go-cong-xuat-50w-co-remote-hang-nhap-khau-p274180242.html?spid=274180243
272038247,Nồi Cơm Điện 1.8L Sunhouse SHD8624 - Hàng Chính Hãng,1000000.0,1000000.0,0.0,0.0,0,11119,,https://tiki.vnnoi-com-dien-1-8l-sunhouse-shd8624-hang-chinh-hang-p272038247.html?spid=272038248
263852499,"Bộ 10 lõi lọc nước Karofi dùng cho các Model KAQ-U95. U05G, U96, U98, P95... 12CTO3/123SMAX PRO + RO 100GDP PURIFIM + HP6.2 Hàng chính hãng",545000.0,545000.0,0.0,5.0,2,55218,,https://tiki.vnbo-10-loi-loc-nuoc-karofi-dung-cho-cac-model-kaq-u95-u05g-u96-u98-p95-12cto3-123smax-pro-ro-100gdp-purifim-hp6-2-hang-chinh-hang-p263852499.html?spid=263852507
221820608,Máy cạo râu Braun Series 5 50-B4650cs Hàng Chính Hãng,2990000.0,2990000.0,0.0,0.0,0,20256,,https://tiki.vnmay-cao-rau-braun-series-5-50-b4650cs-hang-chinh-hang-p221820608.html?spid=221820609
211957625,Ấm siêu tốc ATS1.8RED hàng chính hãng,949000.0,949000.0,0.0,0.0,0,1957,,https://tiki.vnam-sieu-toc-ats1-8red-hang-chinh-hang-p211957625.html?spid=211957626
178599953,Máy sấy tóc Panasonic EH-NE66-K645 - Hàng chính hãng,1390000.0,1390000.0,0.0,5.0,1,162514,,https://tiki.vnmay-say-toc-panasonic-eh-ne66-k645-hang-chinh-hang-p178599953.html?spid=178599954
175807088,Bình đun siêu tốc Thủy tinh Mitomo ST-220 dung tích 1.8L Hàng chính hãng,425000.0,590000.0,165000.0,5.0,7,123800,,https://tiki.vnbinh-dun-sieu-toc-thuy-tinh-mitomo-st-220-dung-tich-1-8l-hang-chinh-hang-p175807088.html?spid=175807089
170616154,Bàn ủi khô Panasonic NI-317T - Hàng chính hãng,549000.0,599000.0,50000.0,4.5,2,162514,,https://tiki.vnban-ui-kho-panasonic-ni-317t-hang-chinh-hang-p170616154.html?spid=170616156
164995199,QUẠT ĐIỀU HÒA EMPIRE 8900- HÀNG CHÍNH HÃNG,4490000.0,4490000.0,0.0,0.0,0,12581,,https://tiki.vnquat-dieu-hoa-empire-8900-p164995199.html?spid=164995202
164317558,Máy Vắt Cam Hafele HSJ-C2S/535.43.801 (100W - Thiết Kế Tay Cầm Tiện Lợi) - Hàng Chính Hãng HAFELE Thương Hiệu Đức,810600.0,810600.0,0.0,0.0,0,129683,,https://tiki.vnmay-vat-cam-hafele-hsj-c2s-535-43-801-100w-thiet-ke-tay-cam-tien-loi-hang-chinh-hang-hafele-thuong-hieu-duc-p164317558.html?spid=204619502
164238421,Nồi Chiên Không Dầu Kết Hợp Nồi Hấp - KUCHEN ĐỨC -  KU PCL2228 - 15 Lít - Hàng chính hãng.,6990000.0,6990000.0,0.0,5.0,2,9652,,https://tiki.vnnoi-chien-khong-dau-ket-hop-noi-hap-bang-thep-khong-gi-kuchen-duc-ku-pcl2218-15-lit-hang-chinh-hang-p164238421.html?spid=164238439
141113188,"Ấm siêu tốc, ấm thủy tinh cao cấp ZHUNE 1.8L công suất 1500W hàng chính hãng",399000.0,540000.0,141000.0,5.0,56,123800,,https://tiki.vnam-sieu-toc-am-thuy-tinh-cao-cap-zhune-1-8l-cong-suat-1500w-hang-chinh-hang-p141113188.html?spid=141113189
130159955,"Quạt Điều Hòa Mini Để Bàn, Quạt Hơi Nước Làm Mát Mùa Hè- Tiện Lợi - Hàng Chính Hãng MINIIN",190000.0,190000.0,0.0,4.3,8,134678,,https://tiki.vnquat-dieu-hoa-mini-de-ban-quat-hoi-nuoc-lam-mat-mua-he-tien-loi-hang-chinh-hang-miniin-p130159955.html?spid=130159956
111295906,Muối thô dùng cho máy lọc nước Kangen 1kg chính hãng,70000.0,70000.0,0.0,5.0,2,110726,,https://tiki.vnmuoi-tho-dung-cho-may-loc-nuoc-kangen-1kg-chinh-hang-p111295906.html?spid=173760536
90025026,Máy xay đa năng Bluestone BLB-5343 - Hàng chính hãng,1799000.0,1799000.0,0.0,0.0,0,253296,,https://tiki.vnmay-xay-da-nang-bluestone-blb-5343-hang-chinh-hang-p90025026.html?spid=152447542
73197445,Máy Hút Mùi Eurosun EH-70K15E - Hàng Chính Hãng,4935000.0,4935000.0,0.0,0.0,0,155120,,https://tiki.vnmay-hut-mui-eurosun-eh-70k15e-hang-chinh-hang-p73197445.html?spid=176115378
55144260,"Máy hút bụi mini cho xe hơi chất liệu ABS , thiết kế không dây tiện lợi - Hàng chính hãng ",799000.0,799000.0,0.0,0.0,0,50766,,https://tiki.vnmay-hut-bui-mini-cho-xe-hoi-chat-lieu-abs-hang-chinh-hang-p55144260.html?spid=102261674
1007250,Quạt Hút Âm Trần Mitsubishi EX-25SC5T - Hàng Chính Hãng,980000.0,980000.0,0.0,0.0,0,179525,,https://tiki.vnquat-hut-am-tran-mitsubishi-ex-25sc5t-hang-chinh-hang-p1007250.html?spid=186484400
730045,Quạt Treo Tường Lifan TE1688 - Xám Trắng - Hàng chính hãng,684000.0,684000.0,0.0,5.0,5,187775,,https://tiki.vnquat-treo-tuong-lifan-te1688-xam-trang-hang-chinh-hang-p730045.html?spid=106282695
496608,Siêu Sắc Thuốc Tự Động Có Chuông Báo Trường Thọ BA2086 - Rồng Vàng- Hãng chính hãng,407400.0,407400.0,0.0,4.2,6,389,,https://tiki.vnsieu-sac-thuoc-tu-dong-co-chuong-bao-truong-tho-ba2086-rong-vang-hang-chinh-hang-p496608.html?spid=759425
426282,Bàn Ủi Khô Panasonic PABU-NI-317TVRA (1000W) - Hàng chính hãng,475000.0,489000.0,14000.0,5.0,5,138278,,https://tiki.vnban-ui-kho-panasonic-pabu-ni-317tvra-1000w-hang-chinh-hang-p426282.html?spid=192419679
367123,Quạt Lửng KDK N30NH(BR)- Đồng - Hàng chính hãng,3337000.0,3337000.0,0.0,5.0,1,7880,,https://tiki.vnquat-lung-kdk-n30nh-br-dong-hang-chinh-hang-p367123.html?spid=52045194
362105,Máy Sấy Tóc Panasonic PAST-EH-ND13-V645,550000.0,550000.0,0.0,4.5,2,92771,,https://tiki.vnmay-say-toc-panasonic-past-eh-nd13-v645-p362105.html?spid=46810381
