id,name,price,original_price,discount,rating,review_count,seller_id,inventory_status,url
188134497,Miếng dán ngực sinh nhiệt tự thân Hàn Quốc - cơ chế tự dính khít khi tiếp xúc với bề mặt da có nhiệt,159000.0,159000.0,0.0,4.5,22,2091,,https://tiki.vnmieng-dan-nguc-sinh-nhiet-tu-than-han-quoc-co-che-tu-dinh-khit-khi-tiep-xuc-voi-be-mat-da-co-nhiet-p188134497.html?spid=247444371
134020411,Set Váy Ngủ Ren Áo Choàng Ngủ Sexy 3 Chi Tiết,218000.0,218000.0,0.0,4.7,15,35488,,https://tiki.vnset-vay-ngu-ren-ao-choang-ngu-sexy-3-chi-tiet-p134020411.html?spid=134020417
277382944,"Quần  bó eo mặc trong  đầm váy ,su lạnh  băng gợi cảm liền mạch cho nữ cạp cao , nịt  bụng ,nâng  hông , thoáng khí co giãn",122000.0,149000.0,27000.0,4.0,1,270031,,https://tiki.vnquan-bo-eo-mac-trong-dam-vay-su-lanh-bang-goi-cam-lien-mach-cho-nu-cap-cao-nit-bung-nang-hong-thoang-khi-co-gian-p277382944.html?spid=277382950
24030500,Bộ 5 quần lót nữ basic Comfort Modal MILEY LINGERIE - Màu ngẫu nhiên,299000.0,395000.0,96000.0,4.8,11,8827,,https://tiki.vnbo-5-quan-lot-nu-basic-comfort-modal-miley-lingerie-mau-ngau-nhien-p24030500.html?spid=24030502
1752845,Bộ 10 Quần Lót Nữ Modal Miley Lingerie - Giao Màu Ngẫu Nhiên - Size,459000.0,459000.0,0.0,4.7,454,8827,,https://tiki.vnbo-10-quan-lot-nu-modal-miley-lingerie-giao-mau-ngau-nhien-p1752845.html?spid=4720785
278813348,"Áo len mongtoghi,áo len dệt kim nữ hàng thanh lý họa tiết dễ thương size 58-63,65kg",105000.0,105000.0,0.0,0.0,0,210028,,https://tiki.vnao-len-mongtoghi-ao-len-det-kim-nu-hang-thanh-ly-hoa-tiet-de-thuong-size-58-63-65kg-p278813348.html?spid=278813366
278438732,Quần Lót Chất Liệu Cotton The Nomi - Miley Lingerie,78000.0,95000.0,17000.0,0.0,0,8827,,https://tiki.vnquan-lot-chat-lieu-cotton-the-nomi-miley-lingerie-p278438732.html?spid=278438745
278092142,"Quần kiểu nữ ống rộng, chất liệu vải Đũi xước, mềm mịn, mặc mát, Quần Short nữ đẹp Nesa Shop",49500.0,99000.0,49500.0,5.0,3,249310,,https://tiki.vnquan-kieu-nu-ong-rong-chat-lieu-vai-dui-xuoc-mem-min-mac-mat-quan-short-nu-dep-nesa-shop-p278092142.html?spid=278092176
278079813,Áo đôi tay lỡ unisex Mèo dễ thương mèo trắng kéo mèo vàng cho cặp đôi Mr.Buffa,124000.0,124000.0,0.0,0.0,0,162792,,https://tiki.vnao-doi-tay-lo-unisex-meo-de-thuong-meo-trang-keo-meo-vang-cho-cap-doi-mr-buffalo-p278079813.html?spid=278080179
277741746,Áo khoác nữ xiteen nỉ dệt thêu RUS bao chất cực chuẩn-A2115 - RUS RÊU,249000.0,249000.0,0.0,0.0,0,204632,,https://tiki.vnao-khoac-nu-xiteen-ni-det-theu-rus-bao-chat-cuc-chuan-a2115-p277741746.html?spid=277741750
71311806,Gen Nịt Bụng Siêu Đốt Mỡ - Đai Nịt Bụng Sau Sinh Lấy Lại Vóc Dáng Nhanh Chóng,349000.0,350000.0,1000.0,4.7,10,236185,,https://tiki.vngen-nit-bung-sieu-dot-mo-dai-nit-bung-sau-sinh-lay-lai-voc-dang-nhanh-chong-p71311806.html?spid=192850475
11339281,Combo 5 Quần Nữ Ren Ép Bông Miley Lingerie Lily Flower - S,249000.0,249000.0,0.0,4.6,130,8827,,https://tiki.vncombo-5-quan-nu-ren-ep-bong-miley-lingerie-lily-flower-p11339281.html?spid=57051785
58068724,Combo 4 Quần Lót Nữ Phối Ren Miley Lingerie Active FMM0205-0405-1105-1205,348000.0,348000.0,0.0,4.8,6,8827,,https://tiki.vncombo-4-quan-lot-nu-phoi-ren-miley-lingerie-active-fmm0205-0405-1105-1205-p58068724.html?spid=58068726
208223097,Bộ Áo Và Quần Lót Nữ Modal Phối Ren Fecthing Dream Màu Nude Miley Lingeire - BRL002-FCM04,315000.0,315000.0,0.0,5.0,2,8827,,https://tiki.vnbo-ao-va-quan-lot-nu-modal-phoi-ren-fecthing-dream-mau-nude-miley-lingeire-brl002-fcm04-p208223097.html?spid=208223117
21145963,Bộ 2 Quần Lót Nữ Cotton Phối Ren Miley Lingerie FCB_04 (Màu ngẫu nhiên),81000.0,99000.0,18000.0,4.7,9,8827,,https://tiki.vnbo-2-quan-lot-nu-cotton-phoi-ren-miley-lingerie-fcb_04-p21145963.html?spid=21145965
277312432,"Đầm Linen dáng suông cỏ V có túi 2 bên sườn kèm dây rút eo trẻ trung, tôn dáng da218",320000.0,320000.0,0.0,0.0,0,10738,,https://tiki.vndam-linen-dang-suong-co-v-co-tui-2-ben-suon-kem-day-rut-eo-tre-trung-ton-dang-da218-p277312432.html?spid=277312438
276931092,Combo 5 Quần Lót Thun Lạnh Trơn 4 Chiều Mềm Mịn Thoáng Khí MILEY LINGERIE,199000.0,199000.0,0.0,5.0,10,8827,,https://tiki.vncombo-5-quan-lot-thun-lanh-tron-4-chieu-mem-min-thoang-khi-miley-lingerie-p276931092.html?spid=276931099
276547039,Combo 5 Quần Lót Flexi Stretch Chất Liệu Bamboo Visco - Miley Lingerie,295000.0,410000.0,115000.0,5.0,1,8827,,https://tiki.vncombo-5-quan-lot-flexi-stretch-chat-lieu-bamboo-visco-miley-lingerie-p276547039.html?spid=276547141
276313297,Quần Lót Phối Lưới Vải Sợi Thiên Nhiên Cao Cấp Bamboo Miley Lingerie,171000.0,171000.0,0.0,0.0,0,8827,,https://tiki.vnquan-lot-phoi-luoi-vai-soi-thien-nhien-cao-cap-bamboo-miley-lingerie-p276313297.html?spid=276313303
276118600,"Combo Bao Quần Đùi Miễn Giặt Body-Mate Nữ | Đã Giặt Sạch, Đóng Gói Tự Động, An Toàn Tiện Lợi | 3 Cái/Bao",50000.0,50000.0,0.0,0.0,0,330024,,https://tiki.vncombo-quan-dui-mien-giat-body-mate-nu-3-cai-bao-p276118600.html?spid=273364119
203811788,Quần Lót Cotton Nữ Màu Viền Ren - FCS,47000.0,79000.0,32000.0,4.6,5,8827,,https://tiki.vnquan-lot-cotton-nu-mau-vien-ren-fcs-p203811788.html?spid=203811790
44913668,Bộ 5 Quần Lót Nữ High-Cut Phối Ren Miley Lingerie - Giao màu ngẫu nhiên,225000.0,225000.0,0.0,3.8,5,8827,,https://tiki.vnbo-5-quan-lot-nu-high-cut-phoi-ren-miley-lingerie-giao-mau-ngau-nhien-p44913668.html?spid=44913670
7776892,Bộ 4 quần lót nữ ren sexy Miley Lingerie FLS_06,348000.0,348000.0,0.0,4.6,11,8827,,https://tiki.vnbo-4-quan-lot-nu-ren-sexy-miley-lingerie-fls_06-p7776892.html?spid=7776894
56930874,Combo 5 quần lót nữ Modal Miley Lingerie BCS0704,259000.0,259000.0,0.0,5.0,3,8827,,https://tiki.vncombo-5-quan-lot-nu-modal-miley-lingerie-bcs0704-p56930874.html?spid=56930876
202854341,Bộ Đồ Lót Sớ Gỗ Không Gọng Xám Nhạt Miley Lingerie FWS20_BRW05,349000.0,349000.0,0.0,5.0,3,8827,,https://tiki.vnbo-do-lot-so-go-khong-gong-xam-nhat-miley-lingerie-fws20_brw05-p202854341.html?spid=202854343
263974964,"Quần lót nữ cotton trơn cạp cao Vicci 105 ôm gọn vòng 3, mềm mại, thấm hút mồ hôi, kháng khuẩn, khử mùi (có bigsize)",45000.0,65000.0,20000.0,5.0,5,2049,,https://tiki.vnquan-lot-nu-cotton-tron-cap-cao-vicci-105-om-gon-vong-3-mem-mai-tham-hut-mo-hoi-khang-khuan-khu-mui-co-bigsize-p263974964.html?spid=263974976
252684838,Quần lót sexy nữ ren hoa hở đáy gợi cảm quyến rũ,32000.0,32000.0,0.0,0.0,0,103662,,https://tiki.vnquan-lot-sexy-nu-ren-hoa-ho-day-goi-cam-quyen-ru-p252684838.html?spid=252684846
251305047,"Áo thun lá cờ Việt Nam, mã VN9. Áo thun cờ đỏ sao vàng, chất liệu vải thun lạnh 3D Cool-Tech cao cấp, thoáng mát, thấm hút mồ hôi. Hàng hiệu Goking",69000.0,69000.0,0.0,4.8,5,18138,,https://tiki.vnma-vn9-ao-thun-la-co-viet-nam-ao-phong-cotton-goking-form-unisex-cho-nam-nu-doi-nhom-cong-ty-dong-phuc-cao-cap-p251305047.html?spid=251305069
210943263,"️Đồ Bộ Trung Niên️ Đồ Bộ Trung Niên Nữ Trẻ Trung , Quần Áo Sang Trọng Cho Mẹ Chất Đũi Nhật Phối Lưới Mềm Mát",164000.0,164000.0,0.0,5.0,1,169077,,https://tiki.vndo-bo-trung-nien-do-bo-trung-nien-nu-tre-trung-quan-ao-sang-trong-cho-me-chat-dui-nhat-phoi-luoi-mem-mat-p210943263.html?spid=276657955
198127526,"Quần lót nữ cotton cao cấp Vicci 102 cạp thấp, mềm mại, êm ái, kháng khuẩn khử mùi",36000.0,45000.0,9000.0,5.0,15,2049,,https://tiki.vnquan-lot-nu-cotton-cao-cap-vicci-102-cap-thap-mem-mai-em-ai-khang-khuan-khu-mui-p198127526.html?spid=198127552
126040378,"áo nữ hoạ tiết thêu - sang chảnh, siêu mát cho mùa hè (Q3)",159000.0,159000.0,0.0,5.0,1,226391,,https://tiki.vnao-nu-hoa-tiet-theu-sang-chanh-sieu-mat-cho-mua-he-q3-p126040378.html?spid=126040678
113051550,Áo khoác nữ Áo khoát nữ kaki chống nắng Meizifei dễ thương ngộ nghĩnh-A096,256450.0,256450.0,0.0,1.5,2,204632,,https://tiki.vnao-khoac-nu-ao-khoat-nu-kaki-chong-nang-meizifei-de-thuong-ngo-nghinh-a096-p113051550.html?spid=113051583
101949563,Quần lót nữ JONES cotton  ren 002,12000.0,12000.0,0.0,4.6,61,189208,,https://tiki.vnquan-lot-nu-jones-cotton-ren-p101949563.html?spid=101949597
101949408,Quần lót nữ Jones thun  lạnh ren 001,12900.0,12900.0,0.0,5.0,46,189208,,https://tiki.vnquan-lot-nu-jones-thun-lanh-ren-p101949408.html?spid=275958810
101280599,Sét 10 Quần lót nữ thun lạnh hàng cao cấp hàng việt nam (Từ 45kg  đến 68kg),226800.0,226800.0,0.0,0.0,0,188535,,https://tiki.vnset-10-quan-lot-nu-thun-lanh-hang-cao-cap-hang-viet-nam-tu-45kg-den-68kg-p101280599.html?spid=101280633
101279138,Set  10 quần lót nữ chất liệu cotton cap cấp - Hàng Việt Nam,135000.0,135000.0,0.0,4.6,5,188535,,https://tiki.vnset-10-quan-lot-nu-chat-lieu-cotton-cap-cap-hang-viet-nam-p101279138.html?spid=101279204
101167964,Áo ngực ren Mút Mỏng Big size dành cho ngư ời mập ( Từ 40kg đến 100kg),155400.0,155400.0,0.0,5.0,2,188535,,https://tiki.vnao-nguc-ren-mut-mong-big-size-danh-cho-ngu-oi-map-tu-40kg-den-100kg-p101167964.html?spid=101168002
88092515,"Crazy sales. Áo thun nữ thoát nhiệt GOKING. Áo phông nữ in hình nghệ thuật, hàng Việt Nam xuất khẩu",111000.0,111000.0,0.0,4.7,10,18138,,https://tiki.vnao-thun-nu-goking-nghe-thuat-cho-nhung-nguoi-phu-nu-tinh-te-p88092515.html?spid=88092561
87107656,Đồ ngủ sexy ren mỏng + Quần lọt khe,39000.0,39000.0,0.0,0.0,0,49140,,https://tiki.vndo-ngu-sexy-ren-mong-quan-lot-khe-p87107656.html?spid=87107658
74370356,Quần Lót Nữ Thun Lạnh Phối Ren Hai Bên Active Miley Lingerie FMM-05,65000.0,79000.0,14000.0,4.6,5,8827,,https://tiki.vnquan-lot-nu-thun-lanh-phoi-ren-hai-ben-active-miley-lingerie-fmm-05-p74370356.html?spid=74370358
74360894,Quần Lót Nữ Modal Trơn Comfort Miley Lingerie BCS-04,49000.0,65000.0,16000.0,4.7,22,8827,,https://tiki.vnquan-lot-nu-modal-tron-comfort-miley-lingerie-bcs-04-p74360894.html?spid=74360924
73722483,Áo ngực nữ cúp ngang Elegant Miley Lingerie BRM04002 - Màu đỏ đô,199000.0,199000.0,0.0,5.0,1,8827,,https://tiki.vnao-nguc-nu-cup-ngang-elegant-miley-lingerie-brm04002-mau-do-do-p73722483.html?spid=73722491
66089930,"Quần lót nữ WANNABE QLT02 quần chíp thun valise lạnh mát, tối giản, màu trơn, giá rẻ bao bền",39000.0,39000.0,0.0,4.0,8,5383,,https://tiki.vnquan-lot-thun-cotton-wannabe-qlt02-mau-tron-thiet-ke-om-sat-ton-dang-p66089930.html?spid=66089932
59462352,Áo ngực mỏng thêu hoa cài trước có gọng,67500.0,90000.0,22500.0,4.8,46,112944,,https://tiki.vnao-nguc-mong-theu-hoa-cai-truoc-co-gong-p59462352.html?spid=59462416
50377280, Quần lót nữ ren,39000.0,39000.0,0.0,4.7,17,49140,,https://tiki.vnquan-lot-nu-ren-p50377280.html?spid=50377284
44055367,Quần lót nữ lọt khe đính bi - đen,25000.0,25000.0,0.0,5.0,2,49140,,https://tiki.vnquan-lot-nu-lot-khe-dinh-bi-den-p44055367.html?spid=44055368
40940299,Áo Len Nữ Khoác Nhẹ ALN028 MayHomes,139000.0,149000.0,10000.0,4.5,19,5826,,https://tiki.vnao-len-nu-khoac-nhe-aln028-mayhomes-p40940299.html?spid=41757530
38529529,Đồ Bơi Nữ Hai Mảnh Kiểu Thể Thao AT031 MayHomes,77000.0,80000.0,3000.0,4.6,19,5826,,https://tiki.vndo-boi-nu-hai-manh-kieu-the-thao-at031-mayhomes-p38529529.html?spid=38529530
37975688,Áo Sơ Mi Nữ Form Dài Che Quần Cá Tính SM013 MayHomes,101000.0,109000.0,8000.0,4.5,31,5826,,https://tiki.vnao-so-mi-nu-form-dai-che-quan-ca-tinh-sm013-mayhomes-p37975688.html?spid=37975692
36904256,Bikini Hai Mảnh Đồ Bơi Tay Dài Che Nắng MHAT045 MayHomes Form Chuẩn Thun Bốn Chiều Co Giãn Tốt,217000.0,259000.0,42000.0,4.7,165,5826,,https://tiki.vnbikini-hai-manh-do-boi-tay-dai-che-nang-mhat045-mayhomes-form-chuan-thun-bon-chieu-co-gian-tot-p36904256.html?spid=36904262
27930432,Đầm nữ dự tiệc tay sát nách 88,250000.0,250000.0,0.0,1.0,1,10738,,https://tiki.vndam-nu-du-tiec-tay-sat-nach-88-p27930432.html?spid=67321088
13670403,Áo bra ren có đệm ngực dây điều chỉnh MS138,95000.0,95000.0,0.0,0.0,0,9455,,https://tiki.vnao-bra-ren-co-dem-nguc-day-dieu-chinh-ms138-p13670403.html?spid=15817625
6909363,Áo Lót Đúc Đệm Vừa Không Gọng MS5502,139000.0,139000.0,0.0,1.0,1,9455,,https://tiki.vnao-lot-duc-dem-vua-khong-gong-ms5502-p6909363.html?spid=10018875
278803567,"[KoSuyTu] ĐAI NỊT BỤNG THÔNG HƠI M+ LOẠI ĐẸP – TẠO DÁNG HOÀN HẢO, TỰ TIN MỌI KHOẢNH KHẮC",39000.0,39000.0,0.0,0.0,0,177515,,https://tiki.vnkosuytu-dai-nit-bung-thong-hoi-m-loai-dep-tao-dang-hoan-hao-tu-tin-moi-khoanh-khac-p278803567.html?spid=278803571
278796952,Set bộ bà ba nữ Tết gấm cổ tròn đủ màu đủ,199000.0,199000.0,0.0,0.0,0,363701,,https://tiki.vnset-bo-ba-ba-nu-tet-gam-co-tron-du-mau-du-size-p278796952.html?spid=278796984
278699921,Áo ngực nữ cúp ngang Cao Cấp Miley Lingerie,199000.0,199000.0,0.0,5.0,13,8827,,https://tiki.vnao-nguc-nu-cup-ngang-miley-lingerie-brm09102-p278699921.html?spid=7778570
278525176,Quần Đùi Thun Dệt Vân Sóng Fashion Miley Lingerie,73000.0,135000.0,62000.0,0.0,0,8827,,https://tiki.vnquan-dui-thun-det-van-song-fashion-miley-lingerie-p278525176.html?spid=278525192
278101747,"Tặng Kèm Phụ Kện - Cosplay Nữ Giúp Việc Nhà Dễ Thương Gợi Cảm, Hóa Trang Nữ Hầu Gái, Bồi Bàn , Nữ Phục Vụ Đáng Yêu C010",129000.0,129000.0,0.0,0.0,0,186696,,https://tiki.vntang-kem-phu-ken-cosplay-nu-giup-viec-nha-de-thuong-goi-cam-hoa-trang-nu-hau-gai-boi-ban-nu-phuc-vu-dang-yeu-c010-p278101747.html?spid=278101748
277776009,"Áo sơ mi nữ đồng phục đoàn viên Việt Nam có chiết 4 ben eo, tay dài và tay ngắn thêu cờ đỏ sao vàng",163000.0,163000.0,0.0,0.0,0,9354,,https://tiki.vnao-so-mi-nu-dong-phuc-doan-vien-viet-nam-co-chiet-4-ben-eo-tay-dai-va-tay-ngan-theu-co-do-sao-vang-p277776009.html?spid=277776013
277741256,Áo khoác chống nắng nữ túi trong mũ jean bao chất đẹp cá tính-A3025 - Như hình,269000.0,269000.0,0.0,4.0,1,204632,,https://tiki.vnao-khoac-chong-nang-nu-tui-trong-mu-jean-bao-chat-dep-ca-tinh-a3025-p277741256.html?spid=277741260
277740635,Áo khoác nữ chống nắng Hoodie Oversize Nỉ Dệt Logo Gấu Thêu 1849 đẹp cá tính hàng rất đẹp-A2120 - Nâu Gấu 1849,249000.0,249000.0,0.0,0.0,0,204632,,https://tiki.vnao-khoac-nu-chong-nang-hoodie-oversize-ni-det-logo-gau-theu-1849-dep-ca-tinh-hang-rat-dep-a2120-p277740635.html?spid=277740715
276176607,"Combo Bao Quần Lót Miễn Giặt Tiện Lợi BODY-MATE Nữ, 5 Cái/Bao",124200.0,135000.0,10800.0,0.0,0,330024,,https://tiki.vncombo-bao-quan-lot-mien-giat-body-mate-nu-5-cai-bao-p276176607.html?spid=271409267
276118344,"Combo Bao Quần Lót Miễn Giặt Sau Sinh Body-Mate Nữ, 5 Cái/Bao",83000.0,83000.0,0.0,0.0,0,330024,,https://tiki.vncombo-quan-lot-mien-giat-sau-sinh-body-mate-nu-5-cai-bao-p276118344.html?spid=273384056
271983553,"Combo 10 Quần lót nữ cotton trơn cao cấp Vicci 102 cạp thấp, mềm mại, êm ái, kháng khuẩn khử mùi",350000.0,450000.0,100000.0,0.0,0,2049,,https://tiki.vncombo-10-quan-lot-nu-cotton-tron-cao-cap-vicci-102-cap-thap-mem-mai-em-ai-khang-khuan-khu-mui-p271983553.html?spid=271983557
251390693,"OSAKA, mã G271. Áo thun in hình Rồng cho năm Giáp Thìn 2024. Hãy tỏa sáng như kim cương, qua chiếc áo phông Goking siêu hot cho nam nữ trẻ em, cặp đôi, gia đình, đội nhóm",69000.0,69000.0,0.0,0.0,0,18138,,https://tiki.vnosaka-ma-g271-ao-thun-in-dep-cho-nam-nu-cap-doi-gia-dinh-ao-phong-goking-hang-hieu-cao-cap-p251390693.html?spid=251390927
248784251,Quần Ống Rộng Nữ Dạng Váy Chất Liệu Đũi Cao Cấp Mát Mẻ Dành Cho Tất Cả Chị Em - Tuấn Tú Store 68,191000.0,191000.0,0.0,5.0,1,158759,,https://tiki.vnquan-ong-rong-nu-dang-vay-chat-lieu-dui-cao-cap-mat-me-danh-cho-tat-ca-chi-em-tuan-tu-store-68-p248784251.html?spid=248784301
244298210,ÁO LÓT NỮ LƯỚI MÚT ĐÚC DÀY NÂNG NGỰC BELLE 259,138600.0,165000.0,26400.0,5.0,1,112944,,https://tiki.vnao-lot-nu-luoi-mut-duc-day-nang-nguc-belle-259-p244298210.html?spid=244298212
244297661,"Áo lót nữ Anny 902 – Mút kép, gọng nâng ngực, ôm vừa vặn, 8 màu thời thượng",129360.0,168000.0,38640.0,0.0,0,112944,,https://tiki.vnao-anny-mut-kep-902-p244297661.html?spid=244297689
201058957,|Mã QL08| Combo 5 Quần Lót Ren Nữ - Quần Chip Nữ Cạp Và Viền Su Mát Lạnh Co Giãn Thoải Mái - Mẫu Mới  - Quần Lót Nữ Cao Cấp,199000.0,199000.0,0.0,5.0,1,78619,,https://tiki.vnma-ql08-combo-5-quan-lot-ren-nu-quan-chip-nu-cap-va-vien-su-mat-lanh-co-gian-thoai-mai-mau-moi-quan-lot-nu-cao-cap-p201058957.html?spid=201058959
198305160,Áo thun giữ nhiệt nữ tay dài cổ cao 5 phân Vicci vải premium cotton mềm mịn ôm dáng,139000.0,189000.0,50000.0,4.8,5,2049,,https://tiki.vnao-thun-giu-nhiet-nu-tay-dai-co-cao-5-phan-vicci-vai-premium-cotton-mem-min-om-dang-p198305160.html?spid=198305166
178944986,Quần chip lọt khe nữ đính ngọc sang trọng sexy BT0214 - Quần lót nữ cao cấp - Quần lọt khe - Quần chip nữ,34000.0,34000.0,0.0,0.0,0,103662,,https://tiki.vnquan-chip-lot-khe-nu-dinh-ngoc-sang-trong-sexy-bt0214-quan-lot-nu-cao-cap-quan-lot-khe-quan-chip-nu-p178944986.html?spid=198075901
177267838,Bikini Hai Mảnh Gợi Cảm Phong Cách Korea AT224 MayHomes Đồ Bơi Nữ Women Two-Piece Swimwear,177000.0,190000.0,13000.0,5.0,1,5826,,https://tiki.vnbikini-hai-manh-goi-cam-phong-cach-korea-at224-mayhomes-do-boi-nu-women-two-piece-swimwear-p177267838.html?spid=177267842
164549042,"SUPER COOL, mã G68. Hãy tỏa sáng như kim cương, qua chiếc áo thun Goking siêu hot cho nam nữ trẻ em, áo phông cặp đôi, gia đình, đội nhóm",69000.0,69000.0,0.0,5.0,8,18138,,https://tiki.vnsuper-cool-ma-g68-ao-thun-nu-nam-in-sieu-dep-ao-phong-thoat-nhiet-goking-hang-hieu-cao-cap-p164549042.html?spid=249524971
144355865,COMBO 5 ÁO LÁ HỌC SINH CÓ MÚT REN VIỀN (40Kg-77Kg),151200.0,151200.0,0.0,0.0,0,188535,,https://tiki.vncombo-5-ao-la-hoc-sinh-co-mut-ren-vien-40kg-77kg-p144355865.html?spid=144355867
133160820,"Quần Lót Su Đúc Nữ (Hàng Loại 1) Không Đường Mai, Thun Lạnh, SIêu Co Dãn, Được Chọn Màu",23800.0,28000.0,4200.0,5.0,1,112944,,https://tiki.vnquan-lot-su-duc-nu-hang-loai-1-khong-duong-mai-thun-lanh-sieu-co-dan-duoc-chon-mau-p133160820.html?spid=198901963
132150837,Chân váy xòe chữ A lưng cao thiết kế mới dona21102001,99000.0,99000.0,0.0,0.0,0,40888,,https://tiki.vnchan-vay-xoe-chu-a-lung-cao-thiet-ke-moi-dona21102001-p132150837.html?spid=132150843
125725302,BỘ MẶC NHÀ TRUNG NIÊN- BỘ ĐỒ TRUNG NIÊN CHO BÀ CHO MẸ,175000.0,175000.0,0.0,0.0,0,9455,,https://tiki.vnbo-mac-nha-trung-nien-bo-do-trung-nien-cho-ba-cho-me-p125725302.html?spid=276862025
110138146,Quần lót nữ Cotton Never thoáng mát tôn dáng,7000.0,7000.0,0.0,4.0,3,49140,,https://tiki.vnquan-lot-nu-cotton-never-thoang-mat-ton-dang-p110138146.html?spid=110138156
101949464,Combo 5 quần lót nữ   Jones 003 cotton 100,45000.0,45000.0,0.0,4.5,11,189208,,https://tiki.vncombo-5-quan-lot-nu-jones-cotton-100-p101949464.html?spid=101949513
101278887,COMBO 5  ÁO LÁ  HỌC SINH CẤP 1 HOẶC CẤP 2 .(40KG-77KG),160000.0,160000.0,0.0,4.7,12,188535,,https://tiki.vncombo-5-ao-la-hoc-sinh-cap-1-hoac-cap-2-40kg-77kg-p101278887.html?spid=101278908
84709814,Áo Thun Nữ Aaa Jeans Cao Cấp Organic Cotton,125000.0,250000.0,125000.0,4.5,14,539,,https://tiki.vnao-thun-nu-aaa-jeans-cao-cap-organic-cotton-p84709814.html?spid=272425592
74856774,Đồ ngủ Sexy gợi cảm - Đầm ngủ Cosplay xuyên thấu liền thân,45000.0,45000.0,0.0,0.0,0,49140,,https://tiki.vndo-ngu-sexy-goi-cam-dam-ngu-cosplay-xuyen-thau-lien-than-p74856774.html?spid=74856775
68628797,Combo 10 Quần Lót Nữ Modal Phối Ren Trước Remix - Giao Màu Ngẫu Nhiên FCM04,450000.0,450000.0,0.0,4.8,63,8827,,https://tiki.vncombo-10-quan-lot-nu-modal-phoi-ren-truoc-remix-giao-mau-ngau-nhien-fcm04-p68628797.html?spid=68628799
68201195,Áo Ngực Nữ Cotton Không Gọng Miley Lingerie - Màu Trắng Kem BRW02115,219000.0,219000.0,0.0,4.8,43,8827,,https://tiki.vnao-nguc-nu-cotton-khong-gong-miley-lingerie-mau-trang-kem-brw02115-p68201195.html?spid=68201209
60130418,"Quần lót thun cotton Wannabe QLT01họa tiết xinh xắn, đáng yêu",59000.0,59000.0,0.0,4.3,7,5383,,https://tiki.vnquan-lot-thun-cotton-wannabe-qlt01hoa-tiet-xinh-xan-dang-yeu-p60130418.html?spid=60130420
51984672,"COMBO 10 QUẦN LÓT NỮ CAO CẤP, QUẦN CHIP CHẤT LIỆU VẢI COTTON NGĂN MÙI, KHÁNG KHUẨN THẤM HÚT MỒ HÔI L-2970",150000.0,150000.0,0.0,4.5,2,9455,,https://tiki.vncombo-10-quan-lot-nu-cao-cap-quan-chip-chat-lieu-vai-cotton-ngan-mui-khang-khuan-tham-hut-mo-hoi-l-2970-p51984672.html?spid=59238449
46803058,Áo Ngực Cúp Ngang Phối Viền Ren  Miley Lingerie BRM04202,199000.0,199000.0,0.0,5.0,1,8827,,https://tiki.vnao-nguc-cup-ngang-phoi-vien-ren-miley-lingerie-brm04202-p46803058.html?spid=46803064
44242120,Quần lọt khe cực nóng bỏng - đỏ,25000.0,25000.0,0.0,1.0,1,49140,,https://tiki.vnquan-lot-khe-cuc-nong-bong-do-p44242120.html?spid=44242121
44013123,Quần lót lọt khe đính 2 nơ - trắng,35000.0,35000.0,0.0,0.0,0,49140,,https://tiki.vnquan-lot-lot-khe-dinh-2-no-trang-p44013123.html?spid=44013124
41972099,Áo Túi Hộp Hity TOP106 (Kem Champagne),699000.0,699000.0,0.0,5.0,1,255,,https://tiki.vnao-tui-hop-hity-top106-kem-champagne-p41972099.html?spid=41972271
17472813,Quần legging Kẻ Sọc Co Giãn 4 chiều Thoải Mái Umi Hàn Quốc (ĐEN NHÁM),75000.0,75000.0,0.0,0.0,0,49140,,https://tiki.vnquan-legging-ke-soc-co-gian-4-chieu-thoai-mai-umi-han-quoc-den-nham-p17472813.html?spid=17472814
11116973,Bộ 10 Quần Lót Nữ Modal Miley Lingerie - Màu Sắc Ngẫu Nhiên,790000.0,790000.0,0.0,4.7,3,8827,,https://tiki.vnbo-10-quan-lot-nu-modal-miley-lingerie-mau-sac-ngau-nhien-p11116973.html?spid=11116981
1752845,Bộ 10 Quần Lót Nữ Modal Miley Lingerie - Giao Màu Ngẫu Nhiên,441000.0,441000.0,0.0,4.7,454,8827,,https://tiki.vnbo-10-quan-lot-nu-modal-miley-lingerie-giao-mau-ngau-nhien-p1752845.html?spid=249169131
278956920,Quần Lót Su 897 Không Lộ Viền Lưng Thấp Nâng Mông,52000.0,52000.0,0.0,0.0,0,6615,,https://tiki.vnquan-lot-su-897-khong-lo-vien-lung-thap-nang-mong-p278956920.html?spid=278956937
278832422,Áo Cổ Lọ Thắt Nơ Hồng Charlotte TOP177 thời trang thiết kế Hity,895000.0,895000.0,0.0,0.0,0,255,,https://tiki.vnao-co-lo-that-no-hong-charlotte-top177-thoi-trang-thiet-ke-hity-p278832422.html?spid=278832424
278079340,Áo Cặp Đôi Sweater form rộng nóc nhà trụ cột Mr.buffalo - Nóc Nhà áo Trắng,150000.0,150000.0,0.0,0.0,0,162792,,https://tiki.vnao-cap-doi-sweater-form-rong-noc-nha-tru-cot-mr-buffalo-p278079340.html?spid=278079569
278029913,ÁO BRA THUN HAI DÂY SIÊU XINH DƯỚI 55KG DÀNH CHO NỮ,120000.0,120000.0,0.0,0.0,0,311814,,https://tiki.vnao-bra-thun-hai-day-sieu-xinh-duoi-55kg-danh-cho-nu-p278029913.html?spid=278029919
278016418,BỘ ĐỒ LÓT NỮ SIÊU ĐẸP TỪ 40-65KG DÀNH CHO NỮ,290000.0,290000.0,0.0,0.0,0,311814,,https://tiki.vnbo-do-lot-nu-sieu-dep-tu-40-65kg-danh-cho-nu-p278016418.html?spid=278016426
278000485,"Áo lót nữ 718 – Mút mỏng thông hơi, không gọng, cài sau 3 móc, co giãn thoải mái",76000.0,100000.0,24000.0,0.0,0,112944,,https://tiki.vnao-lot-nu-718-mut-mong-thong-hoi-khong-gong-cai-sau-3-moc-co-gian-thoai-mai-p278000485.html?spid=278000493
276900256,Quần Lót Nữ Ren Ôm Nửa Mông Nhiều Mẫu Sanny House,52500.0,52500.0,0.0,0.0,0,6615,,https://tiki.vnquan-lot-nu-ren-om-nua-mong-nhieu-mau-sanny-house-p276900256.html?spid=276900424
276531642,Miếng Dán Độn Ngực Hình Trái Tim LMcation. Giao hàng hỏa tốc,49000.0,49000.0,0.0,0.0,0,119861,,https://tiki.vnmieng-dan-don-nguc-hinh-trai-tim-lmcation-giao-hang-hoa-toc-p276531642.html?spid=276531646
276384316,Bộ đồ ngủ cotton tay dài quần dài 125 mặt cười năng động,156250.0,156250.0,0.0,0.0,0,6615,,https://tiki.vnbo-do-ngu-cotton-tay-dai-quan-dai-125-mat-cuoi-nang-dong-p276384316.html?spid=276384322
275786868,"Áo Vest blazer nữ dáng lửng tay lỡ trẻ trung, chất vải Linen mềm mát, thích hợp Hè, Thu Bz11",350000.0,350000.0,0.0,0.0,0,10738,,https://tiki.vnao-vest-blazer-nu-dang-lung-tay-lo-tre-trung-chat-vai-linen-mem-mat-thich-hop-he-thu-bz11-p275786868.html?spid=275786876
275753201,"Quần suông nữ trơn cạp chun kèm dây rút, có Bigsize, chất linen Đũi ViệtQd09",260000.0,260000.0,0.0,0.0,0,10738,,https://tiki.vnquan-dui-nu-dang-dai-ong-rong-dang-suong-de-mac-mau-moi-hot-trend-qd09-p275753201.html?spid=275753233
274371455,"Bộ 5 Quần Lót Nữ, Quần Sịp Nữ, Quần Lót Nữ Không Viền, Chất Su Tơ Cao Cấp In Hình Hoa Tulip, Quần Xì Nữ",155000.0,155000.0,0.0,0.0,0,78619,,https://tiki.vnbo-5-quan-lot-nu-quan-sip-nu-quan-lot-nu-khong-vien-chat-su-to-cao-cap-in-hinh-hoa-tulip-quan-xi-nu-p274371455.html?spid=274371457
273786651,Quần lót ren xẻ đáy đính nơ sexy quyến rũ,29000.0,29000.0,0.0,0.0,0,103662,,https://tiki.vnquan-lot-ren-xe-day-dinh-no-sexy-quyen-ru-p273786651.html?spid=273786657
271128220,"Áo lót nữ nâng ngực trơn, mỏng, có gọng Vicci AV.06 (phiên bản nâng cấp của AV.04) cúp chéo, dây vai có thể tháo rời, mềm mại, thoải mái tuyệt đối",198000.0,198000.0,0.0,4.6,5,2049,,https://tiki.vnao-lot-nu-nang-nguc-tron-mong-co-gong-vicci-av-06-phien-ban-nang-cap-cua-av-04-cup-cheo-day-vai-co-the-thao-roi-mem-mai-thoai-mai-tuyet-doi-p271128220.html?spid=271128238
270255254,Đầm Nữ Dài Sơ Mi Haint Boutique Váy Công Sở Nữ Thiết Kế Chất Linen Phong Cách Hàn Quốc Vintage đi dự tiệc Da207,320000.0,320000.0,0.0,5.0,1,10738,,https://tiki.vndam-nu-dai-so-mi-haint-boutique-vay-cong-so-nu-thiet-ke-chat-linen-phong-cach-han-quoc-vintage-di-du-tiec-da207-p270255254.html?spid=270255278
263107836,Bộ Đồ Lót Áo Có Đệm Mút Mỏng Và Quần Vải Cotton Tự Nhiên Viền Lưng Logo BeingMe Dust Star Miley Lingerie,301000.0,301000.0,0.0,0.0,0,8827,,https://tiki.vnbo-do-lot-cotton-lung-logo-cap-cao-being-me-miley-lingerie-p263107836.html?spid=263107838
263038704,"Áo kiểu nữ đũi form rộng thêu hoa trẻ trung, chất đũi mềm mát Haint Boutique",179000.0,179000.0,0.0,0.0,0,10738,,https://tiki.vnao-kieu-nu-dui-form-rong-theu-hoa-tre-trung-chat-dui-mem-mat-haint-boutique-p263038704.html?spid=263038726
250063002,"Đầm linen nữ cổ bèo màu tím siêu xinh, phong cách cổ điển quý phái, chất liệu linen cao cấp HB62",319000.0,319000.0,0.0,1.0,1,10738,,https://tiki.vndam-linen-nu-co-beo-mau-tim-sieu-xinh-phong-cach-co-dien-quy-phai-chat-lieu-linen-cao-cap-hb62-p250063002.html?spid=250063004
182479802,"Quần nữ ống rộng, dài, chất liệu Đũi mát, vải mềm mịn, form rộng, thoải mái, phong cách trẻ trung QKH.51",89000.0,169000.0,80000.0,4.3,9,249310,,https://tiki.vnquan-nu-ong-rong-dai-chat-lieu-dui-mat-vai-mem-min-form-rong-thoai-mai-phong-cach-tre-trung-qnh-51-p182479802.html?spid=182479810
176184092,Váy ngủ ren hai dây sexy gợi cảm BT0157 - Đầm ngủ nữ xuyên thấu quyến rũ - Đồ ngủ nữ mạc nhà - Váy ngủ nữ,99000.0,99000.0,0.0,3.9,7,135215,,https://tiki.vnvay-ngu-ren-hai-day-sexy-goi-cam-bt0157-dam-ngu-nu-xuyen-thau-quyen-ru-do-ngu-nu-mac-nha-vay-ngu-nu-p176184092.html?spid=201074172
174585329,"Áo lót nâng ngực boya mút mỏng, Áo ngực boya nâng ngực cài sau 522BT",78750.0,105000.0,26250.0,5.0,1,112944,,https://tiki.vnao-lot-nang-nguc-boya-mut-mong-ao-nguc-boya-nang-nguc-cai-sau-522bt-p174585329.html?spid=203717978
153874450,Dây Trong Áo Ngực Sợi Phở   Màu Trong Suốt,5000.0,5000.0,0.0,0.0,0,177515,,https://tiki.vnday-trong-ao-nguc-soi-pho-mau-trong-suot-p153874450.html?spid=278630664
129402265,"Quần legging lót lông,quần legging nữ lót lông",159000.0,159000.0,0.0,0.0,0,177515,,https://tiki.vnquan-legging-lot-long-quan-legging-nu-lot-long-p129402265.html?spid=172539053
113144956,siêu phẩm áo lót nhật trơn đệm nâng ngực nhẹ,96000.0,120000.0,24000.0,5.0,1,112944,,https://tiki.vnsieu-pham-ao-lot-tron-dem-nang-nguc-nhe-p113144956.html?spid=142116938
107154218,Quần lót ren cực đẹp kháng khuẩn,25000.0,25000.0,0.0,0.0,0,195824,,https://tiki.vnquan-lot-ren-cuc-dep-khang-khuan-p107154218.html?spid=107154277
106526672,Quần lót su đúc thông hơi màu da/Set 10c,160729.0,160729.0,0.0,0.0,0,309142,,https://tiki.vnquan-lot-su-duc-thong-hoi-mau-da-set-10c-p106526672.html?spid=200825252
103118566,Quần lót ren nữ sexy thoáng mát,39000.0,39000.0,0.0,4.0,4,49140,,https://tiki.vnquan-lot-ren-nu-sexy-thoang-mat-p103118566.html?spid=103118570
101278943,Áo Khoác Nữ Chống Nắng Cao Cấp thun gân MS11,199500.0,199500.0,0.0,2.0,1,188535,,https://tiki.vnao-khoac-nu-chong-nang-cao-cap-thun-gan-ms11-p101278943.html?spid=101278950
89298670,Bộ 5 Quần Lót Nữ Su Đúc Không Đường May Vải Siêu Mịn Thoáng Mát - Hàng Loại 1 Cao Cấp,71780.0,71780.0,0.0,0.0,0,309142,,https://tiki.vnbo-5-quan-lot-nu-su-duc-khong-duong-may-vai-sieu-min-thoang-mat-hang-loai-1-cao-cap-p89298670.html?spid=200827060
73741848,Quần lót ren chữ V xuyên thấu gợi cảm - Đỏ,25000.0,25000.0,0.0,0.0,0,103662,,https://tiki.vnquan-lot-ren-chu-v-xuyen-thau-goi-cam-do-p73741848.html?spid=73741849
53050512," COMBO 10 QUẦN LÓT NỮ CAO CẤP, QUẦN CHÍP NỮ SP-0298",245000.0,245000.0,0.0,4.0,1,9455,,https://tiki.vncombo-10-quan-lot-nu-cao-cap-quan-chip-nu-sp-0298-p53050512.html?spid=55292486
52254550,Áo trễ vai nữ thiêu hoa dành cho người mập,150000.0,150000.0,0.0,4.7,3,28122,,https://tiki.vnao-tre-vai-nu-thieu-hoa-danh-cho-nguoi-map-p52254550.html?spid=52254574
48114591,Áo choàng ngủ nữ mỏng viền ren gợi cảm - Đen,55000.0,55000.0,0.0,5.0,1,103662,,https://tiki.vnao-choang-ngu-nu-mong-vien-ren-goi-cam-den-p48114591.html?spid=48114592
44059340,Quàn lót cho nữ chất đẹp,25000.0,25000.0,0.0,5.0,1,103662,,https://tiki.vnquan-lot-cho-nu-chat-dep-p44059340.html?spid=48090288
32425267,Đồ bộ ngủ lụa satin - Diễm Nhi shop,170000.0,170000.0,0.0,3.8,4,9455,,https://tiki.vndo-bo-ngu-lua-satin-p32425267.html?spid=52643959
29185189,Áo len nữ kẻ caro màu Haint Boutique Al07,149000.0,149000.0,0.0,5.0,2,10738,,https://tiki.vnao-len-nu-ke-caro-mau-haint-boutique-al07-p29185189.html?spid=56401310
14257817,Combo 10 Quần Lót Nữ Modal Miley Lingerie New Color - Giao Màu Ngẫu Nhiên,790000.0,790000.0,0.0,4.7,270,8827,,https://tiki.vncombo-10-quan-lot-nu-modal-miley-lingerie-new-color-giao-mau-ngau-nhien-p14257817.html?spid=56418229
6536135,Áo Ngực Nữ - Áo Su Cúp Ngang Dây Lưng Trong Tạo Khe - Da (Size,123000.0,123000.0,0.0,4.0,1,9455,,https://tiki.vnao-nguc-nu-ao-su-cup-ngang-day-lung-trong-tao-khe-p6536135.html?spid=8109399
278996389,"Áo dài Nguyệt Yên NGADO , áo dài Tết , áo dài cách tân , áo dài truyền thống",1300000.0,1300000.0,0.0,0.0,0,344204,,https://tiki.vna-o-da-i-nguyet-yen-ngado-a-o-da-i-te-t-a-o-da-i-ca-ch-tan-a-o-da-i-truye-n-tho-ng-p278996389.html?spid=278996397
278433685,"Đồ bộ nữ,đồ ngủ mặc nhà lửng vải lụa mango BL 245 hoạ tiết caro dễ thương size 50-65kg",145000.0,145000.0,0.0,0.0,0,210028,,https://tiki.vndo-bo-nu-do-ngu-mac-nha-lung-vai-lua-mango-bl-245-hoa-tiet-caro-de-thuong-size-50-65kg-p278433685.html?spid=278433707
277930743,Quần Mom Jeans Lưng Cao Aaa Jeans,499000.0,650000.0,151000.0,0.0,0,539,,https://tiki.vnquan-mom-jeans-lung-cao-aaa-jeans-p277930743.html?spid=277930797
276547978,Quần Lót Flexi Stretch Chất Liệu Bamboo Visco - Miley Lingerie,59000.0,82000.0,23000.0,5.0,2,8827,,https://tiki.vnquan-lot-flexi-stretch-chat-lieu-bamboo-visco-miley-lingerie-p276547978.html?spid=276548256
275581757,Áo corset 8 xương mút lót mỏng đẩy ngực định dáng form đẹp có gọng ren lưới hoa xinh xắn,250000.0,250000.0,0.0,0.0,0,6615,,https://tiki.vnao-corset-8-xuong-mut-lot-mong-day-nguc-dinh-dang-form-dep-co-gong-ren-luoi-hoa-xinh-xan-p275581757.html?spid=275581773
275520765,Q64 Váy ngủ bodysuit ren thắt nơ sexy  - Bộ đồ ngủ liền thân bodysuit - Đầm ngủ bodysuit gợi cảm,160000.0,160000.0,0.0,5.0,1,267028,,https://tiki.vnvay-ngu-bodysuit-ren-that-no-sexy-q64-bo-do-ngu-lien-than-bodysuit-dam-ngu-bodysuit-goi-cam-p275520765.html?spid=275520769
275384173,Móc nối thun phụ kiện cho áo ngực bản nhỏ 2 móc và bản lớn 3 móc,9000.0,9000.0,0.0,0.0,0,6615,,https://tiki.vnmoc-noi-thun-phu-kien-cho-ao-nguc-ban-nho-2-moc-va-ban-lon-3-moc-p275384173.html?spid=277570949
275174629,"Áo 2 dây nữ lụa satin cao cấp mặc trong áo blazer, chất vải mịn, mát - AO0033",199000.0,199000.0,0.0,4.0,1,247663,,https://tiki.vnao-2-day-nu-lua-satin-cao-cap-mac-trong-ao-blazer-chat-vai-min-mat-ao0033-p275174629.html?spid=275174653
224225218,"Quần bơi lẻ dài kín chân chống nắng nam nữ, chất thun bơi lạnh co giãn đa chiều đẹp, có size đại cho người béo mập, quần tập gym, yoga, bơi lội | PK010",140000.0,140000.0,0.0,5.0,1,63850,,https://tiki.vnquan-boi-le-dai-kin-chan-chong-nang-nam-nu-chat-thun-boi-lanh-co-gian-da-chieu-dep-co-size-dai-cho-nguoi-beo-map-quan-tap-gym-yoga-boi-loi-pk010-p224225218.html?spid=224225241
199526656,Đồ ngủ hóa thân lưới,45000.0,45000.0,0.0,5.0,1,103662,,https://tiki.vndo-ngu-hoa-than-luoi-p199526656.html?spid=199526657
198795306,"<BST Mới> Áo thun giữ nhiệt nữ dài tay cổ tròn Vicci vải Premium Cotton cao cấp co giãn, mềm mịn ôm dáng nhiều màu",139000.0,189000.0,50000.0,0.0,0,2049,,https://tiki.vnbst-moi-ao-thun-giu-nhiet-nu-dai-tay-co-tron-vicci-vai-premium-cotton-cao-cap-co-gian-mem-min-om-dang-nhieu-mau-p198795306.html?spid=198795320
197380065,"Đồ bộ nữ,đồ ngủ lửng mặc nhà vải lanh BL 145 họa tiết dễ thương size 45-70kg",99000.0,99000.0,0.0,5.0,3,169077,,https://tiki.vndo-bo-nu-lung-mac-nha-vai-lanh-bl-145-hoa-tiet-de-thuong-size-45-70kg-p197380065.html?spid=276662340
187022270,Quần lót nữ sexy nóng bỏng,45000.0,45000.0,0.0,0.0,0,195824,,https://tiki.vnquan-lot-nu-sexy-nong-bong-p187022270.html?spid=187022272
174175702,"Combo 10 quần lót nữ Su đúc không đường may, hàng đẹp loại tốt, vải thun lạnh, co giãn đàn hồi tốt, không gây khó chịu k",200000.0,200000.0,0.0,0.0,0,169077,,https://tiki.vncombo-10-quan-lot-nu-su-duc-khong-duong-may-hang-dep-loai-tot-vai-thun-lanh-co-gian-dan-hoi-tot-khong-gay-kho-chiu-k-p174175702.html?spid=174175726
162562861,"Áo nâng ngực Boya mút dày 5cm siêu dẩy phối ren , Áo ngực BoYa ren mút dày siêu đẩy,siêu nâng tạo khe",138600.0,138600.0,0.0,4.0,1,188535,,https://tiki.vnao-nang-nguc-boya-mut-day-5cm-sieu-day-phoi-ren-ao-nguc-boya-ren-mut-day-sieu-day-sieu-nang-tao-khe-p162562861.html?spid=162562877
162173006,Áo Khoác Chống Nắng Nữ LUPERI ACN01 vải dày dặn chống tia UV gây hại cho da có khóa 2 bên tặng khẩu trang kháng khuẩn,385000.0,385000.0,0.0,5.0,16,120615,,https://tiki.vnao-khoac-chong-nang-nu-luperi-acn01-vai-day-dan-chong-tia-uv-gay-hai-cho-da-co-khoa-2-ben-tang-khau-trang-khang-khuan-p162173006.html?spid=162173052
158732070,"❈✣♚Combo 10 quần lót nữ su đúc cao cấp không đường may, chất mát lạnh, mềm mịn, thoáng",119000.0,140000.0,21000.0,5.0,1,112944,,https://tiki.vncombo-10-quan-lot-nu-su-duc-cao-cap-khong-duong-may-chat-mat-lanh-mem-min-thoang-p158732070.html?spid=242324050
157808860,"đồ bộ mặc nhà,đồ bộ mặc nhà đẹp ảnh thật 100%, chất lụa hàn",212500.0,212500.0,0.0,5.0,2,242150,,https://tiki.vndo-bo-mac-nha-do-bo-mac-nha-dep-anh-that-100-p157808860.html?spid=157808920
149980646,Hộp 10 Miếng Dán Ngực Silicon Siêu Mềm Dùng Được Nhiều Lần - Hàng Loại 1 - Chính Hãng MINIIN,45000.0,45000.0,0.0,5.0,7,134678,,https://tiki.vnhop-10-mieng-dan-nguc-silicon-sieu-mem-dung-duoc-nhieu-lan-hang-loai-1-chinh-hang-miniin-p149980646.html?spid=149980647
146957711,Quần Jean Nữ Ống Rộng Lưng Cao Aaa Jeans,550000.0,550000.0,0.0,4.7,37,539,,https://tiki.vnquan-jeans-ong-rong-lung-cao-aaa-jeans-p146957711.html?spid=275929919
126040429,áo nữ - đũi xước tơ cổ tàu cho người đến dưới 80kg (A25),139000.0,139000.0,0.0,5.0,14,226391,,https://tiki.vnao-nu-dui-xuoc-to-co-tau-cho-nguoi-den-duoi-80kg-a25-p126040429.html?spid=126041487
126040299,"áo kiểu nữ - hoạ tiết hoa cực nổi, dễ mix đồ - hàng VNXK A17",145000.0,145000.0,0.0,0.0,0,226391,,https://tiki.vnao-kieu-nu-hoa-tiet-hoa-cuc-noi-de-mix-do-hang-vnxk-a17-p126040299.html?spid=126040368
101280339,Set 05 Quần Lót Nữ BoYa Thun Lạnh Cao Cấp từ 40kg đến 73 kg,170000.0,170000.0,0.0,5.0,1,188535,,https://tiki.vnset-05-quan-lot-nu-thun-lanh-cao-cap-tu-40kg-den-73-kg-p101280339.html?spid=101280367
98333778, COMBO 5 QUẦN LÓT NỮ XUẤT 100% Cotton Sợi Tre,128000.0,128000.0,0.0,0.0,0,177515,,https://tiki.vncombo-5-quan-lot-nu-xuat-100-cotton-soi-tre-p98333778.html?spid=278770614
96991868,Quần lót ren sexy nâng mông gợi cảm,39000.0,39000.0,0.0,1.0,1,49140,,https://tiki.vnquan-lot-ren-sexy-nang-mong-goi-cam-p96991868.html?spid=96991872
95163976," QUẦN LÓT COTTON MỤI vỏ trắng nữ Hộp gồm 5 quần lót với chất liệu cotton mềm mại, thấm hút và co giãn tốt",96000.0,96000.0,0.0,0.0,0,177515,,https://tiki.vnquan-lot-cotton-mui-vo-trang-nu-hop-gom-5-quan-lot-voi-chat-lieu-cotton-mem-mai-tham-hut-va-co-gian-tot-p95163976.html?spid=198497315
90070286,ÁO KHOÁC KAKI TÚI HỘP NỮ / ÁO KHOÁC KAKI NỮ,303385.0,303385.0,0.0,5.0,1,204632,,https://tiki.vnproduct-p90070286.html?spid=113227738
86769318,"Đầm suông trung niên hoa lá, đầm form rộng da149",249000.0,249000.0,0.0,4.3,7,10738,,https://tiki.vndam-suong-trung-nien-hoa-la-dam-form-rong-da149-p86769318.html?spid=86769333
79662569,Quần Lót Nữ Dáng Bikini Thun Lạnh Phối Ren Active Miley Lingerie FMM_34,50000.0,79000.0,29000.0,5.0,5,8827,,https://tiki.vnquan-lot-nu-dang-bikini-thun-lanh-phoi-ren-active-miley-lingerie-fmm_34-p79662569.html?spid=79662597
73278835,Combo 10 Quần Lót Nữ Visco Modal Trơn Comfort- Giao màu ngẫu nhiên,490000.0,550000.0,60000.0,4.8,39,8827,,https://tiki.vncombo-10-quan-lot-nu-modal-tron-comfort-bcs-04-giao-mau-ngau-nhien-p73278835.html?spid=73278843
56183675,Quần lót nữ hộp quà tặng Modal New Color modern Miley Lingerie BCS_04,252000.0,252000.0,0.0,5.0,2,8827,,https://tiki.vnquan-lot-nu-hop-qua-tang-modal-new-color-modern-miley-lingerie-bcs_04-p56183675.html?spid=56183683
43181192,CHÂN VÁY PHỐI NÚT SANG CHẢNH HELEN,138000.0,138000.0,0.0,3.8,34,20897,,https://tiki.vnchan-vay-phoi-nut-sang-chanh-helen-p43181192.html?spid=43181206
31597593,"Siêu giảm giá. Áo thun nữ thoát nhiệt Nhật Bản Goking, form ôm eo, chất liệu tự nhiên 100% cotton thấm hút mồ hôi tốt. Áo phông trơn nữ hàng hiệu cao cấp",99000.0,99000.0,0.0,4.7,116,18138,,https://tiki.vnao-thun-nu-thoat-nhiet-nhat-ban-goking-form-om-chat-lieu-tu-nhien-100-cotton-tham-hut-mo-hoi-tot-p31597593.html?spid=44557949
26052875,Áo ren nữ dài tay cổ trụ xinh xắn 34,320000.0,320000.0,0.0,4.5,5,10738,,https://tiki.vnao-ren-nu-dai-tay-co-tru-xinh-xan-34-p26052875.html?spid=26052881
11448438,Quần Legging Nữ Vicci Q.LG.Vic.Nhu - Xám (Size,175000.0,349000.0,174000.0,5.0,3,2049,,https://tiki.vnquan-legging-nu-vicci-q-lg-vic-nhu-xam-p11448438.html?spid=11448444
7965235,Bộ 8 quần lót nữ Modal Bikini Miley Lingerie - New Color,336000.0,336000.0,0.0,4.6,14,8827,,https://tiki.vnbo-8-quan-lot-nu-modal-bikini-miley-lingerie-new-color-p7965235.html?spid=7965243
278101560,"Bodysuit Sexy Đẹp Quyến Rũ Và Gợi Cảm,Set Đồ Ngủ Gợi Cảm, Set Áo Liền Quần Co Dãn Sexy, Váy Ngủ Có Mút Ngực Gợi Cảm C060",89000.0,89000.0,0.0,0.0,0,186696,,https://tiki.vnbodysuit-sexy-dep-quyen-ru-va-goi-cam-set-do-ngu-goi-cam-set-ao-lien-quan-co-dan-sexy-vay-ngu-co-mut-nguc-goi-cam-c060-p278101560.html?spid=278101564
278034638,ÁO LÁ BRA HỌC SINH CHẤT COTTON MÁT KHÔNG MÚT TỪ 8-13 TUỔI DƯỚI 50KG DÀNH CHO NỮ,62000.0,62000.0,0.0,0.0,0,311814,,https://tiki.vnao-la-bra-hoc-sinh-chat-cotton-mat-khong-mut-duoi-50kg-danh-cho-nu-p278034638.html?spid=278034640
278011349,QUẦN ĐỘN MÔNG ĐỊNH HÌNH TỪ 40-70KG DÀNH CHO NỮ,85000.0,85000.0,0.0,0.0,0,311814,,https://tiki.vnquan-don-mong-dinh-hinh-tu-40-70kg-danh-cho-nu-p278011349.html?spid=278011361
277933846,"Áo Lót Nữ Không Mút Có Gọng Thêu Hoa Cài Sau Boya 079 – Thanh Lịch, Êm Ái, Nâng Đỡ Tinh Tế",96250.0,125000.0,28750.0,0.0,0,112944,,https://tiki.vnao-lot-nu-khong-mut-co-gong-theu-hoa-cai-sau-boya-079-thanh-lich-em-ai-nang-do-tinh-te-p277933846.html?spid=277933852
277931298,Quần Jean Ống Đứng Lưng Cao Dáng Slim Indigo Aaa Jeans,650000.0,650000.0,0.0,0.0,0,539,,https://tiki.vnquan-jean-ong-dung-lung-cao-dang-slim-indigo-aaa-jeans-p277931298.html?spid=277931312
276744158,Quần lót nữ nơ ren sexy gợi cảm cao cấp Quần chip ren nữ nơ mềm mại xuyên thấu gợi cảm ,8500.0,8500.0,0.0,0.0,0,241803,,https://tiki.vnquan-lot-nu-no-ren-sexy-goi-cam-cao-cap-quan-chip-ren-nu-no-mem-mai-xuyen-thau-goi-cam-p276744158.html?spid=276744159
276128296,Đầm sọc dễ thương phối viền cổ trắng,169000.0,169000.0,0.0,0.0,0,20897,,https://tiki.vndam-soc-de-thuong-phoi-vien-co-trang-p276128296.html?spid=276128306
275340603,"Quần lót nữ cotton lụa Vicci QV.109 mềm mại, êm ái, thấm hút mồ hôi, kháng khuẩn khử mùi dáng lưng vừa nhiều màu",43000.0,55000.0,12000.0,0.0,0,2049,,https://tiki.vnquan-lot-nu-cotton-lua-vicci-qv-109-mem-mai-em-ai-tham-hut-mo-hoi-khang-khuan-khu-mui-dang-lung-vua-nhieu-mau-p275340603.html?spid=275347466
270959142,"Quần Lót Nữ Tàng Hình AIR Combo 5 Chiếc Quần Lót Nữ Lụa Băng Siêu Mỏng Nhẹ Thoáng Khí , Quần Chip Nữ Cao Cấp - Quần Lót Nữ HT SYS",155000.0,155000.0,0.0,5.0,5,78619,,https://tiki.vncombo-5-chiec-quan-lot-nu-lua-bang-air-sieu-mong-nhe-thoang-khi-quan-chip-nu-cao-cap-quan-lot-nu-ht-sys-p270959142.html?spid=270959144
263297838,"Áo kiểu nữ cổ tròn ngắn tay form rộng, chất đũi mềm mát, dễ chịu khi mặc Haint Boutique Ale40",179000.0,179000.0,0.0,0.0,0,10738,,https://tiki.vnao-kieu-nu-co-tron-ngan-tay-form-rong-chat-dui-mem-mat-de-chiu-khi-mac-haint-boutique-ale41-p263297838.html?spid=276854387
244297985,"Combo 5 Quần Lót Nữ Bông Ép Cao Cấp Locust 028 – Ren Hoa Êm Ái, Co Giãn 4 Chiều, Size M–4XL",157850.0,205000.0,47150.0,0.0,0,112944,,https://tiki.vncombo-5-quan-bong-ep-cao-cap-locust-028-p244297985.html?spid=244298009
244297862,"Áo Lót Nữ Bra Ống Su Gân Viền Ren Cài Sau 4003 – Seamless, Co Giãn 4 Chiều",33000.0,44000.0,11000.0,0.0,0,112944,,https://tiki.vnao-bra-ong-su-gan-cai-sau-4003-p244297862.html?spid=244297873
203889505,Bộ Đồ Lót nữ Sporty Chic Miley Lingerie,299000.0,299000.0,0.0,0.0,0,8827,,https://tiki.vnbo-do-lot-nu-sporty-chic-miley-lingerie-p203889505.html?spid=203889511
199021738,Áo Khoác Cardigan Nữ Cổ V Phong Cách Thu Đông Hàn Quốc ALN043 MayHomes Chất Liệu Len,140000.0,150000.0,10000.0,5.0,3,5826,,https://tiki.vnao-khoac-cardigan-nu-co-v-phong-cach-thu-dong-han-quoc-aln043-mayhomes-chat-lieu-len-p199021738.html?spid=199021744
192628650,Quần lót nữ sexy,29000.0,29000.0,0.0,0.0,0,195824,,https://tiki.vnquan-lot-nu-sexy-p192628650.html?spid=192628656
178058698,Áo Len Nữ Cardigan Kiểu Dài Thời Trang Xinh ALD01 MayHomes,92000.0,99000.0,7000.0,4.5,2,5826,,https://tiki.vnao-len-nu-cardigan-kieu-dai-thoi-trang-xinh-ald01-mayhomes-p178058698.html?spid=178058996
176306118,"Áo ngực nữ không gọng, mút mỏng Marguerite 31116 bản lưng to giúp che khuyết điểm vùng nách và lưng",175000.0,349000.0,174000.0,5.0,1,2049,,https://tiki.vnao-nguc-nu-khong-gong-mut-mong-marguerite-31116-ban-lung-to-giup-che-khuyet-diem-vung-nach-va-lung-p176306118.html?spid=176306138
135003180,"Váy 2 dây cho nữ mặc nhà vải lanh mềm mát, dáng xòe, nhiều họa tiết, freesize từ 45 đến 75 kg",158000.0,158000.0,0.0,4.5,2,236349,,https://tiki.vnvay-nu-2-day-vai-lanh-co-cuc-ngu-dang-xoe-ho-lung-goi-cam-freesize-45-70kg-p135003180.html?spid=135003220
133893067,"Áo khoác len dáng ngắn, áo cardigan len đóng cúc phối ren mẫu mới thu đông AK02",209000.0,209000.0,0.0,4.7,3,235034,,https://tiki.vnao-khoac-len-dang-ngan-ao-cardigan-len-dong-cuc-phoi-ren-mau-moi-thu-dong-ak02-p133893067.html?spid=133893147
131249197,Combo 5 quần lót nữ Angel Việt Nam size 45 - 60kg (giao màu Ngẫu Nhiên),105000.0,140000.0,35000.0,5.0,3,112944,,https://tiki.vncombo-5-quan-lot-nu-angel-viet-nam-size-45-60kg-giao-mau-ngau-nhien-p131249197.html?spid=143645416
113052022,Áo khoác nữ Áo khoát nữ kaki chống nắng túi hộp đẹp cá tính hàng rất đẹp-A061,256450.0,256450.0,0.0,0.0,0,204632,,https://tiki.vnao-khoac-nu-ao-khoat-nu-kaki-chong-nang-tui-hop-dep-ca-tinh-hang-rat-dep-a061-p113052022.html?spid=113052050
111371774,Bộ Đồ Lót Phối Lưới Sexy Có Gọng Không Mút Vải Sợi Thiên Nhiên Cao Cấp BamBoo Miley Lingerie BRB02002_FBM0205 (Màu Đen),300000.0,300000.0,0.0,5.0,1,8827,,https://tiki.vnbo-do-lot-phoi-luoi-sexy-co-gong-khong-mut-vai-soi-thien-nhien-cao-cap-bamboo-miley-lingerie-brb02002_fbm0205-mau-den-p111371774.html?spid=111371798
107153886,Bộ đồ lót liền quần phối ren phong cách quyến rũ cho phái nữ - Tím,35000.0,35000.0,0.0,5.0,1,195824,,https://tiki.vnbo-do-lot-lien-quan-phoi-ren-phong-cach-quyen-ru-cho-phai-nu-tim-p107153886.html?spid=107153888
105673810,"Đầm xoè nữ kẻ sọc, đầm vải thun co giãn 4 chiều D83",149000.0,149000.0,0.0,5.0,1,10738,,https://tiki.vndam-xoe-nu-ke-soc-dam-vai-thun-co-gian-4-chieu-d83-p105673810.html?spid=105673814
101278726,Combo 3 BỊCH QUẦN LÓT GIẤY VẢI COTTON Mỗi bịch 6 cái (42-80 Kg ),97440.0,97440.0,0.0,4.1,7,188535,,https://tiki.vncombo-3-bich-quan-lot-giay-vai-cotton-moi-bich-6-cai-42-80-kg-p101278726.html?spid=101278744
97864356,[KoSuyTu] Combo 10 Quần Lót Y Tế Nữ O2 - Chất Liệu Cotton Không Đường May,275000.0,275000.0,0.0,0.0,0,177515,,https://tiki.vnquan-lot-nu-cotton-khong-duong-may-mac-trong-vay-de-thuong-o2-cotton-p97864356.html?spid=278745028
87107891,Bộ lót nữ sexy gợi cảm dây đan chéo,35000.0,35000.0,0.0,0.0,0,49140,,https://tiki.vnbo-lot-nu-sexy-goi-cam-day-dan-cheo-p87107891.html?spid=87107892
80915097,Quần lót nữ buộc dây gợi cảm quyến rũ,29000.0,29000.0,0.0,5.0,2,49140,,https://tiki.vnquan-lot-nu-buoc-day-goi-cam-quyen-ru-p80915097.html?spid=80915099
79436541,Combo 3 quần lót nữ cotton co dãn 4 chiều Flexi Miley Lingerie - Màu ngẫu nhiên,216000.0,216000.0,0.0,5.0,2,8827,,https://tiki.vncombo-3-quan-lot-nu-cotton-co-dan-4-chieu-flexi-miley-lingerie-mau-ngau-nhien-p79436541.html?spid=79436545
70933997,Áo len nữ dài tay cổ tròn mẫu mới siêu đẹp Haint Boutique al46,199000.0,199000.0,0.0,4.2,13,10738,,https://tiki.vnao-len-nu-dai-tay-co-tron-mau-moi-sieu-dep-haint-boutique-al46-p70933997.html?spid=70934001
70816541,"COMBO 5 quần đùi nữ May 10, quần mặc nhà, quần ngủ",135000.0,135000.0,0.0,4.6,1078,16588,,https://tiki.vncombo-5-quan-dui-nu-may-10-quan-mac-nha-quan-ngu-p70816541.html?spid=70816547
68781878,  ÁO SALE RẺ VÔ ĐỊCH Áo Khoác Hoodie Nỉ Form Rộng BANAWA Ulzzang(ẢNH/VIDEO THẬT),257500.0,257500.0,0.0,0.0,0,204632,,https://tiki.vnao-sale-re-vo-dich-ao-khoac-hoodie-ni-form-rong-banawa-ulzzang-anh-video-that-p68781878.html?spid=113227059
55826853,"Đồ Bơi Nữ 1 Mảnh Tay Dài Đen Phối Trắng AT182 MayHomes Chất Liệu Cao Cấp, Bền Đẹp",157000.0,169000.0,12000.0,4.7,7,5826,,https://tiki.vndo-boi-nu-1-manh-tay-dai-den-phoi-trang-at182-mayhomes-chat-lieu-cao-cap-ben-dep-p55826853.html?spid=55826863
55279177,Đồ Bơi Cặp Đồ Bơi Tay Dài Che Nắng Đi Biển AT172 MayHomes Long Sleeve Couple Swimsuits,232000.0,250000.0,18000.0,4.3,154,5826,,https://tiki.vndo-boi-cap-do-boi-tay-dai-che-nang-di-bien-at172-mayhomes-long-sleeve-couple-swimsuits-p55279177.html?spid=55279179
52372935,"Áo khoác chống nắng nữ cao cấp - thời trang, thoáng mát",119000.0,119000.0,0.0,5.0,2,40463,,https://tiki.vna-o-khoa-c-cho-ng-na-ng-nu-cao-ca-p-tho-i-trang-thoa-ng-ma-t-p52372935.html?spid=52372947
50419658, Quần lót nữ ren sexy,39000.0,39000.0,0.0,5.0,1,103662,,https://tiki.vnquan-lot-nu-ren-sexy-p50419658.html?spid=50766399
48915250,Combo 5 quần lót nữ thun lạnh trơn mịn màu ngẫu nhiên,145000.0,145000.0,0.0,4.3,3,9455,,https://tiki.vncombo-5-quan-lot-nu-thun-lanh-tron-min-mau-ngau-nhien-p48915250.html?spid=56829785
42712220,Quần Jean Nữ Lưng Cao Skinny Aaa Jeans,499000.0,550000.0,51000.0,4.6,437,539,,https://tiki.vnquan-jean-nu-lung-cao-aaa-jeans-p42712220.html?spid=42712222
36061260,Áo Len Nữ Áo Cardigan Áo Khoác Nhẹ MAY_ALN025 MayHomes - Đỏ,121000.0,145000.0,24000.0,4.6,221,5826,,https://tiki.vnao-khoac-len-nu-co-dinh-cuc-ngoc-mhal025-mayhomes-p36061260.html?spid=36061266
7778477,Bộ 5 quần lót nữ ren cao cấp lưng logo Miley Lingerie,99000.0,178000.0,79000.0,0.0,0,8827,,https://tiki.vnbo-3-quan-lot-nu-ren-lung-logo-miley-lingerie-p7778477.html?spid=7778479
278101975,"Bodysuit Sexy Đẹp Quyến Rũ Và Gợi Cảm,Set Đồ Ngủ Gợi Cảm, Set Áo Liền Quần Co Dãn Sexy, Váy Ngủ Có Mút Ngực Gợi Cảm C011",79000.0,79000.0,0.0,0.0,0,186696,,https://tiki.vnbodysuit-sexy-dep-quyen-ru-va-goi-cam-set-do-ngu-goi-cam-set-ao-lien-quan-co-dan-sexy-vay-ngu-co-mut-nguc-goi-cam-c011-p278101975.html?spid=278101976
278100607,"Tặng Kèm Tai Thỏ - Bộ Đồ Ngủ Cosplay Sexy Thỏ Hồng, Bodysuit Thỏ Dễ Thương, Bộ Đồ Ngủ Liền Thân Cosplay Hoá Trang C073",149000.0,149000.0,0.0,0.0,0,186696,,https://tiki.vntang-kem-tai-tho-bo-do-ngu-cosplay-sexy-tho-hong-bodysuit-tho-de-thuong-bo-do-ngu-lien-than-cosplay-hoa-trang-c073-p278100607.html?spid=278100609
277873244,"Áo Lót Nữ Mỏng Trơn Có Gọng Cúp Ngang Cài Sau 2 Móc Zenny 305 – Ôm Vừa, Nhẹ Nhàng",85050.0,105000.0,19950.0,0.0,0,112944,,https://tiki.vnao-lot-nu-mong-tron-co-gong-cup-ngang-cai-sau-2-moc-zenny-305-om-vua-nhe-nhang-p277873244.html?spid=277873252
277305868,Đầm sơ mi nữ form rộng dáng dài có dây thắt nơ sườn phong cách vintage Hàn Quốc da61,315000.0,315000.0,0.0,5.0,1,10738,,https://tiki.vndam-so-mi-nu-form-rong-dang-dai-co-day-that-no-suon-phong-cach-vintage-han-quoc-p277305868.html?spid=277305876
276829015,"Quần lót nữ thun gân tăm  cotton Vicci QV.45  cạp viền ren  mềm mịn, co giãn 4 chiều",49000.0,95000.0,46000.0,0.0,0,2049,,https://tiki.vnquan-lot-nu-thun-gan-tam-cotton-vicci-qv-45-cap-vien-ren-mem-min-co-gian-4-chieu-p276829015.html?spid=276829051
276669071,"Combo 3 Áo ngực nâng ngực mút bàn tay tạo khe GOM UNDER, áo lót chất su cao cấp thông hơi, thoáng khí tôn vòng 1 Màu Ngẫu Nhiên",55000.0,55000.0,0.0,1.0,2,247412,,https://tiki.vncombo-3-ao-nguc-nang-nguc-mut-ban-tay-tao-khe-gom-under-ao-lot-chat-su-cao-cap-thong-hoi-thoang-khi-ton-vong-1-mau-ngau-nhien-p276669071.html?spid=276669079
276126596,Áo sơ mi thắt nơ tay dài,119000.0,119000.0,0.0,0.0,0,20897,,https://tiki.vnao-so-mi-that-no-tay-dai-p276126596.html?spid=276126600
275093656,Quần lót lọt khe su 2 dây gợi cảm trái tim,49000.0,49000.0,0.0,0.0,0,49140,,https://tiki.vnquan-lot-lot-khe-su-2-day-goi-cam-trai-tim-p275093656.html?spid=275093660
274416559,"Áo 2 dây lụa mặc trong vest,blazer, áo hai dây lụa satin nhiều màu size 40-65kg AO0027",249000.0,249000.0,0.0,0.0,0,247663,,https://tiki.vnao-2-day-lua-mac-trong-vest-blazer-ao-hai-day-lua-satin-nhieu-mau-size-40-65kg-ao0027-p274416559.html?spid=274416565
270305243,[Sexy] Quần lót nữ lọt khe xuyên thấu thêu hình gợi cảm,35000.0,35000.0,0.0,4.5,2,49140,,https://tiki.vnsexy-quan-lot-nu-lot-khe-xuyen-thau-theu-hinh-goi-cam-p270305243.html?spid=270305247
247823571,Quần lót ren họa tiết đen trắng,39000.0,39000.0,0.0,0.0,0,103662,,https://tiki.vnquan-lot-ren-hoa-tiet-den-trang-p247823571.html?spid=247823572
244297793,Quần lót nữ nguyên ren big size LMQ1119,88500.0,118000.0,29500.0,5.0,1,112944,,https://tiki.vnquan-lot-nu-ren-luoi-big-size-lmq1119-p244297793.html?spid=244297807
225202746,Áo sơ mi caro kiểu nữ công sở thiết kế thời trang Haint Boutique cổ sơ mi cơ bản Sm191,159000.0,159000.0,0.0,0.0,0,10738,,https://tiki.vnao-so-mi-caro-kieu-nu-cong-so-thiet-ke-thoi-trang-haint-boutique-co-so-mi-co-ban-sm191-p225202746.html?spid=225202750
207240648,Quần độn mông và hông cho vòng 3 sexy mã 0846,110000.0,110000.0,0.0,0.0,0,6615,,https://tiki.vnquan-don-mong-va-hong-cho-vong-3-sexy-ma-0846-p207240648.html?spid=207240654
190466857,Quần lót nữ sexy hở đũng,49000.0,49000.0,0.0,5.0,1,195824,,https://tiki.vnquan-lot-nu-sexy-ho-dung-p190466857.html?spid=190466859
180346567,Váy ngủ Đầm nữ mặc nhà Váy dáng xòe chất vải lanh tole thoáng mát họa tiết hình hoa dễ thương New Design DA0001,199000.0,199000.0,0.0,5.0,1,247663,,https://tiki.vnvay-ngu-dam-nu-mac-nha-vay-dang-xoe-chat-vai-lanh-tole-thoang-mat-hoa-tiet-hinh-hoa-de-thuong-vannhshop-da0001-p180346567.html?spid=180346568
174599556,"Áo sơ mi nữ công sở, áo sơ mi nữ dài tay, áo sơ mi nữ kẻ caro phối màu đen trắng S11",159000.0,159000.0,0.0,4.2,6,10738,,https://tiki.vnao-so-mi-nu-cong-so-ao-so-mi-nu-dai-tay-ao-so-mi-nu-ke-caro-phoi-mau-den-trang-s11-p174599556.html?spid=174599562
170487504,Quần legging nữ Hiền Trần BOUTIQUE nâng mông lưng cạp cao vải thun dày dặn đùi ngố lửng ôm body bó mặc nhà tập gym yoga,170000.0,170000.0,0.0,4.8,6,187091,,https://tiki.vnquan-legging-nu-hien-tran-boutique-nang-mong-lung-cap-cao-vai-thun-day-dan-dui-ngo-lung-om-body-bo-mac-nha-tap-gym-yoga-p170487504.html?spid=170487514
164272119,Quần Lót Nữ Lưng Cao Không Đường May LUPERI LU3QL755 Sợi Dệt Liền Co Giãn Mềm Mại Mát Mịn Dành Cho Người Béo Vòng Mông To,95000.0,95000.0,0.0,5.0,1,120615,,https://tiki.vnquan-lot-nu-lung-cao-khong-duong-may-luperi-sp755-soi-det-lien-co-gian-mem-mai-mat-min-danh-cho-nguoi-beo-vong-mong-to-p164272119.html?spid=278293347
145290295,Chân váy bút chì ly chìm thân trước tạo cảm giác huyền bí form chuẩn tôn dáng chất liệu vải nhập co giãn tốt,299000.0,299000.0,0.0,0.0,0,247663,,https://tiki.vnchan-vay-but-chi-ly-chim-than-truoc-tao-cam-giac-huyen-bi-form-chuan-ton-dang-chat-lieu-vai-nhap-co-gian-tot-p145290295.html?spid=145290309
133892467,Áo len nữ cột dây freesize al16,220000.0,220000.0,0.0,0.0,0,235034,,https://tiki.vnao-len-nu-cot-day-freesize-al16-p133892467.html?spid=134514977
133617522,ÁO CHOÀNG VAI NỮ TÍNH HAI MÀU DỄ THƯƠNG,125000.0,125000.0,0.0,4.0,2,20897,,https://tiki.vnao-choang-vai-nu-tinh-hai-mau-de-thuong-p133617522.html?spid=133617530
132928231, CHÂN VÁY CARO XẾP LY NÚT,138000.0,138000.0,0.0,3.7,3,20897,,https://tiki.vnchan-vay-caro-xep-ly-nut-p132928231.html?spid=132928241
124603858,Áo ren thu đông cổ tròn lót dày ale34,299000.0,299000.0,0.0,0.0,0,10738,,https://tiki.vnao-ren-thu-dong-co-tron-lot-day-ale34-p124603858.html?spid=124603860
121237116,Quần lót lọt khe hở đáy gợi cảm cho nữ,35000.0,35000.0,0.0,4.1,8,49140,,https://tiki.vnquan-lot-lot-khe-ho-day-goi-cam-cho-nu-p121237116.html?spid=121237118
114479919,"Quần lót ren WANNABE QLR09 quần chíp trong suốt xuyên thấu qua lớp ren mềm mại, ôm dáng sexy quyến rũ",150000.0,150000.0,0.0,0.0,0,5383,,https://tiki.vnquan-lot-ren-cao-cap-wannabe-qlr09-mem-mai-om-dang-sexy-quyen-ru-p114479919.html?spid=114479980
109570000,Combo 3 Quần Lót Cotton Lụa Plus Size Miley Lingerie Nature Wind FCP_11,135000.0,135000.0,0.0,4.6,7,8827,,https://tiki.vncombo-3-quan-lot-cotton-lua-phoi-ren-plus-size-miley-lingerie-nature-wind-fcp_11-p109570000.html?spid=109570004
101281211,Áo dán nâng ngực khóa cài trước màu da hoặc đen 01,84000.0,84000.0,0.0,0.0,0,188535,,https://tiki.vnao-dan-nang-nguc-khoa-cai-truoc-mau-da-hoac-den-01-p101281211.html?spid=101281241
86770780,Đầm thun dáng dài DB16,179000.0,179000.0,0.0,0.0,0,10738,,https://tiki.vndam-thun-dang-dai-db16-p86770780.html?spid=86770809
71927037,"Áo khoác nữ , áo khoác đông nữ chất nỉ ngoại dày mịn , chống nắng chống mưa tốt",214450.0,214450.0,0.0,0.0,0,204632,,https://tiki.vnao-khoac-nu-ao-khoac-dong-nu-chat-ni-ngoai-day-min-chong-nang-chong-mua-tot-p71927037.html?spid=113227655
54930880,Bộ 2 Gen Nịt Bụng Mẫu Mới M+ Với 6 Nấc Cài Cao Cấp - 4 Thanh Thép Chống Cuộn - Đai Nịt Bụng Giảm Mỡ Sau Sinh Mã G02-2,57490.0,57490.0,0.0,0.0,0,264288,,https://tiki.vnbo-2-gen-nit-bung-mau-moi-m-voi-6-nac-cai-cao-cap-4-thanh-thep-chong-cuon-dai-nit-bung-giam-mo-sau-sinh-ma-g02-2-p54930880.html?spid=199970179
52137723,Áo lót nữ nâng ngực không gọng cao cấp tạo khe quyến rũ dn20040534,179000.0,179000.0,0.0,4.8,4,40888,,https://tiki.vnao-lot-nu-nang-nguc-khong-gong-cao-cap-tao-khe-quyen-ru-dn20040534-p52137723.html?spid=52137731
46824193,Áo Ngực Cúp Ngang Phối Viền Ren  Miley Lingerie BRM02202,199000.0,199000.0,0.0,4.5,2,8827,,https://tiki.vnao-nguc-cup-ngang-phoi-vien-ren-miley-lingerie-brm02202-p46824193.html?spid=46824199
38840285,Combo 10 quần lót tàng hình trộn màu sexy cho phái nữ,207100.0,207100.0,0.0,0.0,0,309142,,https://tiki.vncombo-10-quan-lot-tang-hinh-tron-mau-sexy-cho-phai-nu-p38840285.html?spid=200829584
21496993,Áo Lót Nữ - Áo Lót Bra Nữ - Áo Lót Nữ Đẹp,35700.0,42000.0,6300.0,4.7,6,112944,,https://tiki.vnao-lot-nu-ao-bra-nu-p21496993.html?spid=71669492
15778666,Áo Sơ Mi Nữ Viền,141000.0,141000.0,0.0,4.5,18,10738,,https://tiki.vnao-so-mi-nu-vien-p15778666.html?spid=61885923
1818737,Áo Ngực Triumph Maxi M736 - Màu Da (Size,1159000.0,1299000.0,140000.0,4.1,13,2049,,https://tiki.vnao-nguc-triumph-maxi-m736-mau-da-p1818737.html?spid=1819989
978217,Combo 5 Quần Lót Nữ Modern Brief Miley Lingerie BC041 - Màu Ngẫu Nhiên,239000.0,239000.0,0.0,4.8,33,8827,,https://tiki.vncombo-5-quan-lot-nu-modern-brief-miley-lingerie-bc041-mau-ngau-nhien-p978217.html?spid=4722029
890151,Áo Ngực Cao Cấp Miley Lingerie BRL09005 - Kem (Size,272000.0,315000.0,43000.0,0.0,0,8827,,https://tiki.vnao-nguc-cao-cap-miley-lingerie-brl09005-kem-p890151.html?spid=4721039
279048813,"Đầm đỏ tay choàng NGADO , đầm kiểu Nữ , đầm dự tiệc , công sở",950000.0,950000.0,0.0,0.0,0,344204,,https://tiki.vndam-do-tay-choang-ngado-dam-kieu-nu-dam-du-tiec-cong-so-p279048813.html?spid=279048815
278636468,"1 Đôi Đệm mút ngực rời 3,5cm form cứng cáp nâng ngực hàng loại 1 MÀU ĐEN",80000.0,80000.0,0.0,0.0,0,353491,,https://tiki.vn1-doi-dem-mut-nguc-roi-3-5cm-form-cung-cap-nang-nguc-hang-loai-1-mau-den-p278636468.html?spid=278636469
278164280,Tặng Kèm Tất - Bodysuit Ren Cổ Cao Xuyên Thấu Kèm Vớ Gợi Cảm Bodysuit Tím Mộng Mị – Bộ Đồ Ren Cổ Cao Xuyên Thấu Kèm Vớ Sexy C091,169000.0,169000.0,0.0,0.0,0,186696,,https://tiki.vntang-kem-tat-bodysuit-ren-co-cao-xuyen-thau-kem-vo-goi-cam-bodysuit-tim-mong-mi-bo-do-ren-co-cao-xuyen-thau-kem-vo-sexy-c091-p278164280.html?spid=278164281
278155266,"Quần kiểu nữ ống rộng, chất liệu vải Đũi xước, mềm mịn, mặc mát, Quần Short nữ đẹp QT11  Nesa Shop",49500.0,99000.0,49500.0,0.0,0,249310,,https://tiki.vnquan-kieu-nu-ong-rong-chat-lieu-vai-dui-xuoc-mem-min-mac-mat-quan-short-nu-dep-qt11-nesa-shop-p278155266.html?spid=278156750
278102711,"Bộ Bodysuit Lưới Toàn Thân Xẻ Đáy Táo Bạo, Tôn Dáng Tối Đa Và Khơi Gợi Sự Quyến Rũ Tự Nhiên C036",69000.0,69000.0,0.0,0.0,0,186696,,https://tiki.vnbo-bodysuit-luoi-toan-than-xe-day-tao-bao-ton-dang-toi-da-va-khoi-goi-su-quyen-ru-tu-nhien-c036-p278102711.html?spid=278102712
278102488,"Bộ Bodysuit Lưới Toàn Thân Xẻ Đáy Táo Bạo, Tôn Dáng Tối Đa Và Khơi Gợi Sự Quyến Rũ Tự Nhiên C001",69000.0,69000.0,0.0,0.0,0,186696,,https://tiki.vnbo-bodysuit-luoi-toan-than-xe-day-tao-bao-ton-dang-toi-da-va-khoi-goi-su-quyen-ru-tu-nhien-c001-p278102488.html?spid=278102489
278101616,"Cosplay Nữ Cảnh Sát Quyến Rũ Bodysuit Set Ngủ Liền Thân Tiếp Viên Ôm Dáng Gợi Cảm ,Cosplay Cảnh Sát Cột Dây C058",129000.0,129000.0,0.0,0.0,0,186696,,https://tiki.vncosplay-nu-canh-sat-police-quyen-ru-bodysuit-set-ngu-lien-than-tiep-vien-om-dang-goi-cam-cosplay-canh-sat-cot-day-c058-p278101616.html?spid=278101617
278100637,"Tặng Kèm Tai Thỏ - Bộ Đồ Ngủ Cosplay Sexy Thỏ Bông, Bodysuit Thỏ Dễ Thương, Bộ Đồ Ngủ Liền Thân Cosplay Hoá Trang C069",149000.0,149000.0,0.0,0.0,0,186696,,https://tiki.vntang-kem-tai-tho-bo-do-ngu-cosplay-sexy-tho-bong-bodysuit-tho-de-thuong-bo-do-ngu-lien-than-cosplay-hoa-trang-c069-p278100637.html?spid=278100638
278097482,Áo khoác chống nắng nữ toàn thân 2 lớp cao cấp mũ trùm đầu tay xỏ ngón UPF50+ Size XL 53-66kg Vải Umi Cotton Co Dãn 4 Chiều Dày Dặn Làm Mát | Thời Trang | Đa Dụng ,300000.0,300000.0,0.0,0.0,0,353491,,https://tiki.vnao-khoac-chong-nang-nu-toan-than-2-lop-cao-cap-mu-trum-dau-tay-xo-ngon-upf50-size-xl-53-66kg-vai-umi-cotton-co-dan-4-chieu-day-dan-lam-mat-thoi-trang-da-dung-p278097482.html?spid=278097483
277922272,"( SEt 10 quần ) Quần Lót Nữ Cotton su lụa viền hoa co dãn 4 chiều, không lộ vân, co dãn thoáng mát",185000.0,185000.0,0.0,0.0,0,291512,,https://tiki.vnset-10-quan-quan-lot-nu-cotton-su-lua-vien-hoa-co-dan-4-chieu-khong-lo-van-co-dan-thoang-mat-p277922272.html?spid=277922273
277540390,Quần Lót Ren Zig Zac Likia,74000.0,115000.0,41000.0,0.0,0,8827,,https://tiki.vnquan-lot-ren-zig-zac-likia-p277540390.html?spid=277540404
277539747,Váy ngủ lụa 2 dây cổ chữ V chất lụa satin cao cấp thoáng mát VN0005,239000.0,239000.0,0.0,4.0,1,247663,,https://tiki.vnvay-ngu-lua-2-day-co-chu-v-chat-lua-satin-cao-cap-thoang-mat-vn0005-p277539747.html?spid=277539749
276027581,Đầm linen Nữ thiết kế cổ V Trẻ trung Kèm Dây Rút eo,299000.0,299000.0,0.0,0.0,0,235034,,https://tiki.vnhang-moi-ve-dam-co-v-nu-dang-chu-a-co-day-rut-eo-thanh-lich-tre-trung-da218-p276027581.html?spid=276027599
275924983,"Quần kiểu nữ ống suông, dài, chất liệu Tăm thái mát, vải mềm mịn, quần nữ form rộng, thoải mái, QNH.58",59500.0,119000.0,59500.0,4.0,2,249310,,https://tiki.vnquan-kieu-nu-ong-suong-dai-chat-lieu-tam-thai-mat-vai-mem-min-quan-nu-form-rong-thoai-mai-qnh-58-p275924983.html?spid=275924989
272842445,"Váy Ngủ Lụa Hai Dây Sexy Quyến Rũ Chất Vải Lụa Mềm Mát Rượi, Kiểu Dáng Đơn Giản 1578",255000.0,255000.0,0.0,0.0,0,6615,,https://tiki.vnvay-ngu-lua-hai-day-sexy-quyen-ru-chat-vai-lua-mem-mat-ruoi-kieu-dang-don-gian-1578-p272842445.html?spid=272842455
271834147,Quần Mặc Trong Váy Su Thông Hơi - Quần Bảo Hộ Khi Mặc Váy - QV209,105000.0,105000.0,0.0,0.0,0,6615,,https://tiki.vnquan-mac-trong-vay-su-thong-hoi-quan-bao-ho-khi-mac-vay-qv209-p271834147.html?spid=271834151
271401418,[Nhiều Mẫu] Bộ Đồ Lót Nữ Có Gọng Không Mút Nhiều Mẫu Ren Hoa Sexy,471000.0,471000.0,0.0,5.0,1,6615,,https://tiki.vnnhieu-mau-bo-do-lot-nu-co-gong-khong-mut-nhieu-mau-ren-hoa-sexy-p271401418.html?spid=271401420
244298117,"Áo lót nữ Bra ống su gân 2 dây 8882 – Thiết kế ôm sát, co dãn thoải mái",40320.0,48000.0,7680.0,0.0,0,112944,,https://tiki.vnao-bra-ong-su-gan-2-day-8882-p244298117.html?spid=244298135
241788292,"Áo lụa trung niên cao cấp tặng mẹ form rộng tay lỡ cổ sơ mi cách điệu, áo kiểu nữ đẹp NeSa Shop SMH.59",114500.0,229000.0,114500.0,0.0,0,249310,,https://tiki.vnao-lua-trung-nien-cao-cap-tang-me-form-rong-tay-lo-co-so-mi-cach-dieu-ao-kieu-nu-dep-nesa-shop-smh-59-p241788292.html?spid=241788329
197417979,Quần Lót Lọt Khe Một Đường Viền Kim Loại Eo Thấp In Chữ Phong Cách Âu Mỹ Quyến Rũ Cotton Cho Nữ,59000.0,59000.0,0.0,0.0,0,195824,,https://tiki.vnquan-lot-lot-khe-mot-duong-vien-kim-loai-eo-thap-in-chu-phong-cach-au-my-quyen-ru-cotton-cho-nu-p197417979.html?spid=197417980
184857651,Đồ bơi tay dài nữ - cho bé gái kín đáo từ 40-50kg - chân váy cạp cao - Kiên Lửa,409000.0,409000.0,0.0,0.0,0,194585,,https://tiki.vndo-boi-tay-dai-nu-cho-be-gai-kin-dao-tu-40-50kg-chan-vay-cap-cao-kien-lua-p184857651.html?spid=184857693
181376645,"Đồ ngủ sexy, váy ngủ 2 dây ren cho nữ quyến rũ đầm gợi cảm hở lưng khiêu gợi",55000.0,55000.0,0.0,3.0,2,49140,,https://tiki.vndo-ngu-sexy-vay-ngu-2-day-ren-cho-nu-quyen-ru-dam-goi-cam-ho-lung-khieu-goi-p181376645.html?spid=181376649
176170508,Bộ đồ lửng mặc nhà tole (lanh) Vicci BN10 thiết kế áo cộc tay cổ sen tròn phối in họa tiết,145000.0,269000.0,124000.0,5.0,1,2049,,https://tiki.vnbo-do-lung-mac-nha-tole-lanh-vicci-bn10-thiet-ke-ao-coc-tay-co-sen-tron-phoi-in-hoa-tiet-p176170508.html?spid=176170520
150786827,"ĐẦM BẦU , VÁY BẦU CÔNG SỞ IN HOA ( sau sanh có nút cho bé bú đươc )",330000.0,330000.0,0.0,0.0,0,253427,,https://tiki.vndam-bau-vay-bau-cong-so-in-hoa-sau-sanh-co-nut-cho-be-bu-duoc-p150786827.html?spid=150786865
134381185,"bộ nữ chất liệu đũi, full size từ 35kg đến 95kg (T43)",186000.0,186000.0,0.0,0.0,0,226391,,https://tiki.vnbo-nu-chat-lieu-dui-full-size-tu-35kg-den-95kg-t43-p134381185.html?spid=134381505
104493265,Áo Ngực Không Gọng Áo Ngực Su,120000.0,120000.0,0.0,0.0,0,169077,,https://tiki.vnao-nguc-khong-gong-ao-nguc-su-p104493265.html?spid=277911910
101280316,Áo khoác nỉ thun coton da cá chống nắng cao cấp nhiều màu  MS16  Freesize 40- 56kg,199500.0,199500.0,0.0,0.0,0,188535,,https://tiki.vnao-khoac-ni-thun-coton-da-ca-chong-nang-cao-cap-nhieu-mau-ms16-freesize-40-56kg-p101280316.html?spid=101280323
101194113,Combo 10 Quần lót nữ đúc su viền sóng không đường may (Từ 50kg đến 60kg),262500.0,262500.0,0.0,5.0,1,188535,,https://tiki.vncombo-10-quan-lot-nu-duc-su-vien-song-khong-duong-may-tu-50kg-den-60kg-p101194113.html?spid=101194119
73163978,Hộp miếng dán ngực Silicon màu xanh 5 đôi,44550.0,55000.0,10450.0,5.0,2,112944,,https://tiki.vnhop-mieng-dan-nguc-silicon-mau-xanh-5-doi-p73163978.html?spid=117659470
70254592,Quần Lót Nữ Q02 Mã O2 Cotton Y Tế Với Đáy Kháng Khuẩn Ép Không Đường May Mặc Thoải Mái Mặc Trong Váy Không Lằn  - giao màu ngẩu nhiên,268000.0,268000.0,0.0,0.0,0,177515,,https://tiki.vnquan-lot-nu-q02-ma-o2-cotton-y-te-voi-day-khang-khuan-ep-khong-duong-may-mac-thoai-mai-mac-trong-vay-khong-lan-giao-mau-ngau-nhien-p70254592.html?spid=278745035
55490025,Combo 2 Đai Nịt Bụng Chống Cuộn Tặng Kèm 1 Thước Dây Đo Vòng Eo - Gen Nịt Bụng Nova G01,79900.0,79900.0,0.0,0.0,0,145598,,https://tiki.vncombo-2-dai-nit-bung-chong-cuon-tang-kem-1-thuoc-day-do-vong-eo-gen-nit-bung-nova-g01-p55490025.html?spid=102155629
44901035,"Đầm ngủ lụa WANNABE DN612 váy ngủ tối giản, 2 dây êm dịu thỏai mái, trẻ trung chăm sóc làn da, nâng niu giấc ngủ của bạn",370000.0,370000.0,0.0,4.2,5,5383,,https://tiki.vndam-ngu-phi-lua-wannabe-dn612-toi-gian-em-diu-thoai-mai-tre-trung-p44901035.html?spid=44901109
44150035,Áo Ngực Nữ Không Gọng Full Ren Miley Lingerie,200000.0,200000.0,0.0,4.5,18,8827,,https://tiki.vnao-nguc-nu-khong-gong-full-ren-miley-lingerie-p44150035.html?spid=68196289
43043761,Bộ 3 quần lót nữ thun lụa sớ gỗ CD viền ren Miley Lingerie,237000.0,237000.0,0.0,3.4,5,8827,,https://tiki.vnbo-3-quan-lot-nu-thun-lua-so-go-cd-vien-ren-miley-lingerie-p43043761.html?spid=43043769
40927005,ÁO CỔ PHỐI MÀU HANA,118000.0,118000.0,0.0,4.0,2,20897,,https://tiki.vnao-co-phoi-mau-hana-p40927005.html?spid=40927019
37126497,"( 10 cái ) quần lót nữ Su đúc không đường may, hàng đẹp loại xịn W19_503",141400.0,141400.0,0.0,5.0,1,309142,,https://tiki.vnset-10-quan-lot-su-duc-khong-duong-may-hang-dep-loai-xin-w19_503-p37126497.html?spid=200827434
33787385,Quần Legging dáng dài 4 túi giả bò,99500.0,199000.0,99500.0,4.6,33,2049,,https://tiki.vnquan-legging-vicci-dang-dai-4-tui-gia-bo-p33787385.html?spid=33787401
29116697,Gen nịt bắp đùi dán dài nhiều size,120000.0,120000.0,0.0,0.0,0,1261,,https://tiki.vngen-nit-bap-dui-dan-dai-nhieu-size-p29116697.html?spid=29116705
25936929, Quần lót nữ xẻ đáy,39000.0,39000.0,0.0,4.5,2,49140,,https://tiki.vnquan-lot-nu-xe-day-p25936929.html?spid=25936931
5464471,Combo 5 quần lót nữ đúc QL 8249-3,156000.0,156000.0,0.0,5.0,1,9455,,https://tiki.vncombo-5-quan-lot-nu-duc-ql-8249-3-p5464471.html?spid=8334697
278782109,"Áo tràng phật tử nữ - Áo lam phật tử, áo choàng đi chùa cho các khoá tu chất vải kate Silk - Quần lẻ đen",115000.0,115000.0,0.0,0.0,0,289860,,https://tiki.vnao-trang-phat-tu-nu-ao-lam-phat-tu-ao-choang-di-chua-cho-cac-khoa-tu-chat-vai-kate-silk-p278782109.html?spid=278782183
278760328,"Áo tràng phật tử nữ - Áo lam phật tử, áo choàng đi chùa cho các khoá tu chất vải kate Silk - Quần lẻ Lam",115000.0,115000.0,0.0,0.0,0,363701,,https://tiki.vnao-trang-phat-tu-nu-ao-lam-phat-tu-ao-choang-di-chua-cho-cac-khoa-tu-chat-vai-kate-silk-p278760328.html?spid=278760432
278475543," Đồ bộ nữ,đồ ngủ mặc nhà lửng 9 tấc áo 2 lớp tay cánh tiên vải lanh BL 42 họa tiết dễ thương size 51-65kg",115000.0,115000.0,0.0,0.0,0,210028,,https://tiki.vndo-bo-nu-do-ngu-mac-nha-lung-9-tac-ao-2-lop-tay-canh-tien-vai-lanh-bl-42-hoa-tiet-de-thuong-size-51-65kg-p278475543.html?spid=278475545
278036062,QUẦN LÓT SU TÀN HÌNH MỎNG MỊN MÁT TỪ 40-70KG DÀNH CHO NỮ,30000.0,30000.0,0.0,0.0,0,311814,,https://tiki.vnquan-lot-su-tan-hinh-mong-min-mat-tu-40-70kg-danh-cho-nu-p278036062.html?spid=278036072
277587987,Áo Kiểu Trung Niên 2025 Lụa Hàn Châu Cao Cấp Mềm Mại Cho Các Quý Bà - Tuấn Tú Store 68,149000.0,149000.0,0.0,5.0,1,158759,,https://tiki.vnao-kieu-trung-nien-2025-lua-han-chau-cao-cap-mem-mai-cho-cac-quy-ba-tuan-tu-store-68-p277587987.html?spid=277588503
276909500,Quần Lót Nữ Ren Hoa Nhiều Mẫu Xinh Xắn Ôm Nửa Mông Sanny House,52500.0,52500.0,0.0,0.0,0,6615,,https://tiki.vnquan-lot-nu-ren-hoa-nhieu-mau-xinh-xan-om-nua-mong-sanny-house-p276909500.html?spid=276909650
276660960,Quần lót ren nữ lọt khe sexy cao cấp,8000.0,8000.0,0.0,0.0,0,241803,,https://tiki.vnquan-lot-ren-nu-lot-khe-sexy-cao-cap-p276660960.html?spid=276662225
276530939,"Áo lót nữ mút mỏng trơn big size Sister Hood 669 – Không gọng, cài sau 3 móc",137000.0,137000.0,0.0,5.0,1,112944,,https://tiki.vnao-lot-nu-mong-tron-big-size-cai-sau-3-moc-sister-hood-669-p276530939.html?spid=276530953
276411815,Bộ ngủ 123 cotton tay dài quần dài nhiều mẫu dễ thương,306250.0,306250.0,0.0,0.0,0,6615,,https://tiki.vnbo-ngu-123-cotton-tay-dai-quan-dai-nhieu-mau-de-thuong-p276411815.html?spid=276411843
276121786,"Combo Bao Quần Lót Sinh Lý Miễn Giặt Body-Mate Nữ | Đã Giặt Sạch, Đóng Gói Tự Động, An Toàn Tiện Lợi | 5 Cái/Bao",70000.0,70000.0,0.0,0.0,0,330024,,https://tiki.vncombo-quan-lot-mien-giat-sinh-ly-body-mate-nu-5-cai-bao-p276121786.html?spid=273360574
275888990,Đầm suông nữ 2 túi tay ngắn chất đũi mát nhẹ Da76,350000.0,350000.0,0.0,0.0,0,10738,,https://tiki.vndam-suong-nu-2-tui-tay-ngan-chat-dui-mat-nhe-da76-p275888990.html?spid=275889000
275131065,"Đầm linen nữ dáng babydoll siêu xinh có kết hợp dây rút eo và tay bồng, mẫu mới nhất Da216",320000.0,320000.0,0.0,0.0,0,10738,,https://tiki.vndam-linen-nu-dang-babydoll-sieu-xinh-co-ket-hop-day-rut-eo-va-tay-bong-mau-moi-nhat-da216-p275131065.html?spid=275131082
274671245,"Quần lót nữ dáng đùi boxer chất thun lạnh, co giãn 4 chiều Vicci QV.108 cạp lưng vừa ôm gọn vòng 3",49000.0,75000.0,26000.0,0.0,0,2049,,https://tiki.vnquan-lot-nu-dang-dui-boxer-chat-thun-lanh-co-gian-4-chieu-vicci-qv-108-cap-lung-vua-om-gon-vong-3-p274671245.html?spid=274671259
262842072,Áo Lót Bra Cho Nữ Vải Sợi Bamboo Từ Thiên Nhiên Mút Mỏng Miley Lingerie - BRB03,259000.0,299000.0,40000.0,0.0,0,8827,,https://tiki.vnao-lot-bra-cho-nu-vai-soi-bamboo-tu-thien-nhien-mut-mong-miley-lingerie-brb03-p262842072.html?spid=262842080
261028400,Đầm công sở TIFALU dáng suông trẻ trung,580000.0,580000.0,0.0,0.0,0,17905,,https://tiki.vndam-cong-so-tifalu-dang-suong-tre-trung-p261028400.html?spid=261028406
253045403,Quần lót nữ cách tân sexy DID,69000.0,69000.0,0.0,0.0,0,49140,,https://tiki.vnquan-lot-nu-cach-tan-sexy-did-p253045403.html?spid=253045404
252177773,"Chân váy midi dài thu đông chất tuyết mưa, Chân váy dài qua gối dáng xòe midi màu đẹp Hàng thiết kế cao cấp",139000.0,139000.0,0.0,0.0,0,57800,,https://tiki.vnchan-vay-midi-dai-thu-dong-chat-tuyet-mua-chan-vay-dai-qua-goi-dang-xoe-midi-mau-dep-hang-thiet-ke-cao-cap-p252177773.html?spid=252177783
251487280,"TOKYO, mã G58. Trở nên cá tính và ấn tượng cùng chiếc áo phông Goking cho nam nữ trẻ em. Áo phông hàng hiệu cho cặp đôi, gia đình, đội nhóm",69000.0,69000.0,0.0,0.0,0,18138,,https://tiki.vntokyo-ma-g58-ao-thun-nam-nu-in-sieu-dep-ao-phong-thoat-nhiet-goking-hang-hieu-cao-cap-p251487280.html?spid=251487566
245773376,Áo Thun Trơn Unisex Form rộng - Brand Chính Hãng SDVN,150000.0,150000.0,0.0,0.0,0,65918,,https://tiki.vnao-thun-tron-unisex-form-rong-brand-chinh-hang-sdvn-p245773376.html?spid=245773416
227875422,"Đầm đũi sơ mi nữ form rộng suông, ngắn tay chất liệu đũi mềm mát thời trang hè nữ Haint Boutique",299000.0,299000.0,0.0,0.0,0,10738,,https://tiki.vndam-dui-so-mi-nu-form-rong-suong-ngan-tay-chat-lieu-dui-mem-mat-thoi-trang-he-nu-haint-boutique-p227875422.html?spid=227875433
216204269,Bộ Áo Cúp Ngang và Quần Lót Nữ Thun Lạnh Miley Lingerie BRM02202_FMM0205,319000.0,319000.0,0.0,0.0,0,8827,,https://tiki.vnbo-ao-cup-ngang-va-quan-lot-nu-thun-lanh-miley-lingerie-brm02202_fmm0205-p216204269.html?spid=216204289
164551063,"I LOVE YOU MOM, mã G93. Hãy tỏa sáng như kim cương, qua chiếc áo thun Goking siêu hot cho nam nữ trẻ em, áo phông cặp đôi, gia đình, đội nhóm",69000.0,69000.0,0.0,5.0,7,18138,,https://tiki.vni-love-you-mom-ma-g93-ao-thun-nu-nam-in-sieu-dep-ao-phong-thoat-nhiet-goking-hang-hieu-cao-cap-p164551063.html?spid=250523807
146636313,"Áo sơ mi nữ kiểu tay lỡ NeSa, chất liệu Đũi tơ thấm mồ hôi, áo kiểu form rộng phong cách Hàn Quốc, AKH.45",94500.0,189000.0,94500.0,4.3,18,249310,,https://tiki.vnao-so-mi-nu-kieu-tay-lo-nesa-shop-chat-lieu-dui-to-tham-mo-hoi-ao-kieu-form-rong-phong-cach-han-quoc-akh-45-p146636313.html?spid=146636345
146635392,"Áo sơ mi váy dáng dài, chất liệu đũi mềm mịn, áo váy nữ, form dài rộng kiểu Hàn Quốc, NeSa Shop AKH.35",89500.0,179000.0,89500.0,4.5,14,249310,,https://tiki.vnao-so-mi-vay-dang-dai-chat-lieu-dui-mem-min-ao-vay-nu-form-dai-rong-kieu-han-quoc-nesa-shop-akh-35-p146635392.html?spid=158214541
143225996,"Quần lót nữ lưng vừa Marguerite 0201D chất liệu vải Modal thiên nhiên từ thân gỗ sồi, mềm mịn và thoáng mát có khả năng phòng ngừa vi khuẩn, thân thiện với làn da",50000.0,100000.0,50000.0,4.7,3,2049,,https://tiki.vnquan-lot-nu-lung-vua-marguerite-0201d-chat-lieu-vai-modal-thien-nhien-tu-than-go-soi-mem-min-va-thoang-mat-co-kha-nang-phong-ngua-vi-khuan-than-thien-voi-lan-da-p143225996.html?spid=143226006
134381207,"áo nữ - hoạ tiết hoa cực nổi, dễ mix đồ - hàng VNXK (A17)",147000.0,147000.0,0.0,0.0,0,226391,,https://tiki.vnao-nu-hoa-tiet-hoa-cuc-noi-de-mix-do-hang-vnxk-a17-p134381207.html?spid=134383508
113051234,Áo khoác nữ Áo khoát nữ kaki chống nắng túi hộp hàng bao chất chuẩn shop bao đẹp phong cách-A028,256450.0,256450.0,0.0,0.0,0,204632,,https://tiki.vnao-khoac-nu-ao-khoat-nu-kaki-chong-nang-tui-hop-hang-bao-chat-chuan-shop-bao-dep-phong-cach-a028-p113051234.html?spid=113051250
107154508,Quần lót lọt khe vải ren quyến rũ cho nữ - Đen,25000.0,25000.0,0.0,0.0,0,195824,,https://tiki.vnquan-lot-lot-khe-vai-ren-quyen-ru-cho-nu-den-p107154508.html?spid=107154521
101291147,Quần lót nữ Cotton trơn kháng khuẩn sexy,7000.0,7000.0,0.0,4.0,1,49140,,https://tiki.vnquan-lot-nu-cotton-tron-khang-khuan-sexy-p101291147.html?spid=101291148
96779045,SIÊU SALE - Áo lót Boya ren mút mỏng có gọng BOYA 522B,95450.0,115000.0,19550.0,4.3,3,112944,,https://tiki.vnsieu-sale-ao-lot-boya-ren-mut-mong-co-gong-boya-522b-p96779045.html?spid=142086983
91820251,"Áo ngực Enow's chính hãng cúp ngang, mút vừa",140000.0,140000.0,0.0,5.0,24,174218,,https://tiki.vnao-nguc-enow-s-chinh-hang-cup-ngang-mut-vua-p91820251.html?spid=274018838
66704564,Quần lót nữ cạp cao thoáng mát không viền Hàn Quốc,7000.0,7000.0,0.0,5.0,1,49140,,https://tiki.vnquan-lot-nu-cap-cao-thoang-mat-khong-vien-han-quoc-p66704564.html?spid=66704568
52423812,Áo thun nam nữ 80% Cotton Blue08,169000.0,169000.0,0.0,0.0,0,1622,,https://tiki.vnao-thun-nam-nu-80-cotton-blue08-p52423812.html?spid=52423814
52162346,Váy ngủ ren thêu hoa ngực,65000.0,65000.0,0.0,5.0,2,49140,,https://tiki.vnvay-ngu-ren-theu-hoa-nguc-p52162346.html?spid=52162380
51528457,Quần lọt khe xẻ đáy nữ sexy,29000.0,29000.0,0.0,4.5,11,103662,,https://tiki.vnquan-lot-khe-xe-day-nu-sexy-p51528457.html?spid=51528459
46060134,Áo Sơ Mi Nữ Công Sở Tay Dài Dễ Thương SM015 MayHomes,93000.0,99999.0,6999.0,4.3,53,5826,,https://tiki.vnao-so-mi-nu-cong-so-tay-dai-de-thuong-sm015-mayhomes-p46060134.html?spid=46060148
40823315,Combo 5 Chiếc Quần Lót Ren Nữ - Hàng Cao Cấp (freesize 40-55kg) Mã N16,156000.0,156000.0,0.0,4.0,11,9455,,https://tiki.vncombo-5-chiec-quan-lot-ren-nu-hang-cao-cap-freesize-40-55kg-ma-n16-p40823315.html?spid=45448340
39331824,Bộ đồ ngủ lụa  cao cấp cổ vuông bèo nhún tay lỡ quần dài H104,150000.0,150000.0,0.0,0.0,0,169077,,https://tiki.vnbo-do-ngu-lua-cao-cap-co-vuong-beo-nhun-tay-lo-quan-dai-h104-p39331824.html?spid=276954481
22145507,BỘ 4 QUẦN LÓT NỮ DẠNG ĐÙI CHẤT COTTON LOẠI 1,80200.0,80200.0,0.0,0.0,0,309142,,https://tiki.vnbo-4-quan-lot-nu-dang-dui-chat-cotton-loai-1-p22145507.html?spid=200826610
278963596,"Áo dài Uyên Dao NGADO , áo dài Tết , áo dài cách tân , áo dài truyền thống",1300000.0,1300000.0,0.0,0.0,0,344204,,https://tiki.vna-o-da-i-uyen-dao-ngado-a-o-da-i-te-t-a-o-da-i-ca-ch-tan-a-o-da-i-truye-n-tho-ng-p278963596.html?spid=278963598
278721617,Combo 5 Quần Lót Visco Mềm Mại Phối Ren - Miley Lingerie - FBT,278000.0,348500.0,70500.0,0.0,0,8827,,https://tiki.vncombo-5-quan-lot-visco-mem-mai-phoi-ren-miley-lingerie-fbt-p278721617.html?spid=278721627
278590978,Áo thun nữ tay dài ôm body thu đông,135000.0,135000.0,0.0,0.0,0,282163,,https://tiki.vnao-thun-nu-tay-dai-om-body-thu-dong-p278590978.html?spid=278590990
278582518,"Quần ống rộng nữ, chất liệu Lụa gió cao cấp, mềm mịn, mát mẻ, Quần dài nữ form rộng thoải mái form 40-62 kg",59500.0,119000.0,59500.0,5.0,1,249310,,https://tiki.vnquan-ong-rong-nu-chat-lieu-lua-gio-cao-cap-mem-min-mat-me-quan-dai-nu-form-rong-thoai-mai-form-40-62-kg-p278582518.html?spid=278582520
278483227,"Đồ bộ nữ,đồ ngủ mặc nhà lửng tay cánh tiên vải lanh mềm,mát BL 169 hoạ tiết dễ thương size 45-70kg",89000.0,89000.0,0.0,0.0,0,210028,,https://tiki.vndo-bo-nu-do-ngu-mac-nha-lung-tay-canh-tien-vai-lanh-mem-mat-bl-169-hoa-tiet-de-thuong-size-45-70kg-p278483227.html?spid=278483391
278102642,"Bộ Bodysuit Lưới Toàn Thân Xẻ Đáy Táo Bạo, Tôn Dáng Tối Đa Và Khơi Gợi Sự Quyến Rũ Tự Nhiên C017",69000.0,69000.0,0.0,0.0,0,186696,,https://tiki.vnbo-bodysuit-luoi-toan-than-xe-day-tao-bao-ton-dang-toi-da-va-khoi-goi-su-quyen-ru-tu-nhien-c017-p278102642.html?spid=278102643
278081265,Áo Sweater Mèo Ami cute lạc lối Mr.buffalo - A05,150000.0,150000.0,0.0,0.0,0,162792,,https://tiki.vnao-sweater-meo-ami-cute-lac-loi-mr-buffalo-p278081265.html?spid=278082051
278021648,Combo 5 quần lót nữ thun phối ren lưng cao Mara MR001,139400.0,170000.0,30600.0,0.0,0,112944,,https://tiki.vncombo-5-quan-lot-nu-thun-phoi-ren-lung-cao-mara-mr001-p278021648.html?spid=278021656
277741695,Áo khoát nỉ FIRST COFFE nỉ dệt xuất khẩu form rộng phối đẹp xinh xinh-A2121 - ĐEN,249000.0,249000.0,0.0,0.0,0,204632,,https://tiki.vnao-khoat-ni-first-coffe-ni-det-xuat-khau-form-rong-phoi-dep-xinh-xinh-a2121-p277741695.html?spid=277741707
277740239,"Áo thun Nữ 100% Cotton Sure, Thoáng Mát, Mềm Mại, Thấm Hút Cao, Kháng khuẩn, Sản Phẩm Phù hợp với mùa hè nắng nóng",299000.0,299000.0,0.0,5.0,1,260851,,https://tiki.vnao-thun-nu-100-cotton-sure-thoang-mat-mem-mai-tham-hut-cao-khang-khuan-san-pham-phu-hop-voi-mua-he-nang-nong-p277740239.html?spid=277740253
277286059,"Đầm suông nữ Linen sắn tay phối cổ sơ mi sang trọng, lịch sự da207",320000.0,320000.0,0.0,0.0,0,10738,,https://tiki.vndam-suong-nu-linen-san-tay-phoi-co-so-mi-sang-trong-lich-su-da207-p277286059.html?spid=277286061
276862499,"Set bộ đồ công sở gồm áo blazer tay dài và 1 quần short form chữ A màu be tiêu siêu tôn dáng trắng da, phong cách 2025 (bz04+qd22)",440000.0,440000.0,0.0,0.0,0,10738,,https://tiki.vnset-bo-do-cong-so-gom-ao-blazer-tay-dai-va-1-quan-short-form-chu-a-mau-be-tieu-sieu-ton-dang-trang-da-phong-cach-2024-bz04-qd22-p276862499.html?spid=276861676
276147904,Quần lót nữ ren sexy,8000.0,8000.0,0.0,0.0,0,57800,,https://tiki.vnquan-lot-nu-ren-sexy-p276147904.html?spid=276147905
276077901,"Váy nữ phong cách hàn quốc, chất linen bột mịn cao cấp, váy suông cổ tàu, có dây rút eo",290000.0,290000.0,0.0,0.0,0,10738,,https://tiki.vnvay-nu-phong-cach-han-quoc-chat-linen-bot-min-cao-cap-vay-suong-co-tau-co-day-rut-eo-p276077901.html?spid=276077931
276027516,"Váy cổ V, có dây rút eo tôn dáng sang chảnh da218",299000.0,299000.0,0.0,0.0,0,235034,,https://tiki.vnhang-moi-ve-dam-co-v-nu-dang-chu-a-co-day-rut-eo-thanh-lich-tre-trung-da218-p276027516.html?spid=276027522
275949789,HỘP 10 Miếng Dán Ngực Silicon Hình Hoa Siêu Chắc Chắn Tiện Lợi Cho Phái Đẹp Hàng Chính Hãng Túi 10 Miếng,100000.0,100000.0,0.0,5.0,1,353491,,https://tiki.vnmieng-dan-nguc-silicon-hinh-hoa-sieu-chac-chan-tien-loi-cho-phai-dep-hang-chinh-hang-p275949789.html?spid=278475597
274209152,"Áo Dài Lê Phổ Trà, Áo Dài Cổ Điển Dáng Suông Raglan Lụa Xanh thời trang thiết kế Hity ADA003",2395000.0,2395000.0,0.0,0.0,0,255,,https://tiki.vnao-dai-le-pho-tra-ada003-thoi-trang-thiet-ke-hity-p274209152.html?spid=274209156
273445097,Quần lót nữ sexy xếp tầng gợi cảm,49000.0,49000.0,0.0,0.0,0,49140,,https://tiki.vnquan-lot-nu-sexy-xep-tang-goi-cam-p273445097.html?spid=273445099
251391267,"ARIZONA, mã G257. Hãy tỏa sáng như kim cương, qua chiếc áo thun Goking siêu hot cho nam nữ trẻ em, áo phông cặp đôi, gia đình, đội nhóm",69000.0,69000.0,0.0,0.0,0,18138,,https://tiki.vnarizona-ma-g257-ao-thun-in-dep-cho-nam-nu-cap-doi-gia-dinh-ao-phong-goking-hang-hieu-cao-cap-p251391267.html?spid=251391345
242099966,"Đầm linen sơ mi nữ dáng mini, thiết kế cổ tàu đóng cúc kín đáo thanh lịch, phong cách trẻ trung NH199",249000.0,249000.0,0.0,0.0,0,235034,,https://tiki.vndam-linen-so-mi-nu-dang-mini-thiet-ke-co-tau-dong-cuc-kin-dao-thanh-lich-phong-cach-tre-trung-nh199-p242099966.html?spid=242099968
212457697,áo dài truyền thống  FREESHIP  áo dài cách tân . Áo dài kết hoa áo dài đẹp. áo dài thiết kế cao cấp,300000.0,300000.0,0.0,0.0,0,76045,,https://tiki.vnao-dai-truyen-thong-freeship-ao-dai-cach-tan-ao-dai-ket-hoa-ao-dai-dep-ao-dai-thiet-ke-cao-cap-p212457697.html?spid=277585624
202224525,Quần short jean nữ ngắn lưng cao regular fit Aaa Jeans,429000.0,500000.0,71000.0,5.0,1,539,,https://tiki.vnquan-short-jean-nu-ngan-lung-cao-regular-fit-aaa-jeans-p202224525.html?spid=276024222
201768663,Áo Khoác Nữ Trẻ Trung Phong Cách Hàn Quốc AK003 MayHomes Thời Trang Dễ Thương Kiểu Mũ Trùm Đầu,92000.0,99000.0,7000.0,4.5,2,5826,,https://tiki.vnao-khoac-nu-tre-trung-phong-cach-han-quoc-ak003-mayhomes-thoi-trang-de-thuong-kieu-mu-trum-dau-p201768663.html?spid=201768665
199607832,Combo 4 Quần Lót Ren Miley Lingerie Màu Trắng Đen - FLS03,216000.0,216000.0,0.0,0.0,0,8827,,https://tiki.vncombo-4-quan-lot-ren-miley-lingerie-mau-trang-den-fls03-p199607832.html?spid=199607840
193886649,"Áo sơ mi nữ form rộng kiểu tay lỡ cổ tròn NeSa Shop, chất liệu Đũi tơ thấm hút mồ hôi, áo sơ mi nữ nhiều màu, SMH.034",94500.0,189000.0,94500.0,4.2,5,249310,,https://tiki.vnao-so-mi-nu-form-rong-kieu-tay-lo-co-tron-nesa-shop-chat-lieu-dui-to-tham-hut-mo-hoi-ao-so-mi-nu-nhieu-mau-smh-34-p193886649.html?spid=193886749
193129397,Quần Lót Nữ Cotton Co Dãn 4 Chiều Flexi Miley Lingerie New - BCS40,48000.0,65000.0,17000.0,5.0,4,8827,,https://tiki.vnquan-lot-nu-cotton-co-dan-4-chieu-flexi-miley-lingerie-new-bcs40-p193129397.html?spid=193129413
191910410,đồ bộ pizama - Mẫu 3 - S (40-48kg),140000.0,140000.0,0.0,0.0,0,9455,,https://tiki.vndo-bo-pizama-p191910410.html?spid=276745549
187662212,"Đầm linen suông nữ cổ V đính cúc, kèm dây thắt eo phong cách công sơ Haint Boutique Da164",299000.0,299000.0,0.0,0.0,0,10738,,https://tiki.vndam-linen-suong-nu-co-v-dinh-cuc-kem-day-that-eo-phong-cach-cong-so-haint-boutique-da164-p187662212.html?spid=187662218
185821620,"Đầm hè nữ,váy linen suông đi biển [ chất linen thoáng mát +đi làm + đi dạo cực dễ chịu ] Thời Trang Haint Boutique",279000.0,279000.0,0.0,4.5,2,10738,,https://tiki.vndam-he-nu-vay-linen-suong-di-bien-chat-linen-thoang-mat-di-lam-di-dao-cuc-de-chiu-thoi-trang-haint-boutique-p185821620.html?spid=185821632
175948957,De Leah - Đầm Midi Xoè Cúc Bọc - Nâu đất,600000.0,600000.0,0.0,0.0,0,10143,,https://tiki.vnde-leah-dam-midi-xoe-cuc-boc-nau-dat-p175948957.html?spid=175948973
170443484,đồ bộ mặc nhà chất lụa hàn,212500.0,212500.0,0.0,5.0,1,242150,,https://tiki.vndo-bo-mac-nha-chat-lua-han-p170443484.html?spid=170443508
164546794,"Hello Weekend, mã G82. Hãy tỏa sáng như kim cương, qua chiếc áo thun Goking siêu hot cho nam nữ trẻ em, áo phông cặp đôi, gia đình, đội nhóm",69000.0,69000.0,0.0,5.0,5,18138,,https://tiki.vnhello-weekend-ma-g82-ao-thun-nu-nam-in-sieu-dep-ao-phong-thoat-nhiet-goking-hang-hieu-cao-cap-p164546794.html?spid=248460449
130841654,"Áo khoác nữ, áo cardigan len phối ren xinh xắn K02",169000.0,169000.0,0.0,5.0,1,10738,,https://tiki.vnao-khoac-nu-ao-khoac-cardigan-len-phoi-ren-xinh-xan-ak02-p130841654.html?spid=131174792
107154004,Đồ ngủ lưới Sexy gợi cảm Đồ ngủ Cosplay xuyên thấu liền thân,40700.0,40700.0,0.0,0.0,0,195824,,https://tiki.vndo-ngu-luoi-sexy-goi-cam-do-ngu-cosplay-xuyen-thau-lien-than-p107154004.html?spid=107154015
98918297," Quần Đúc Thông Hơi, Quần Lót Nữ Su Thông Hơi Cao Cấp",25000.0,25000.0,0.0,4.6,5,197061,,https://tiki.vnquan-duc-thong-hoi-quan-lot-nu-su-thong-hoi-cao-cap-p98918297.html?spid=110791780
31603723,"Crazy sales. Áo phông nữ thoát nhiệt Nhật Bản GOKING. Áo thun nữ in hình đẹp cá tính, thành phần 100 cotton thoáng mát, thấm hút mồ hôi, đánh bay cơn nóng mùa hè",111000.0,111000.0,0.0,5.0,48,18138,,https://tiki.vnao-thun-tinh-yeu-tho-va-gau-ao-phong-nu-thoat-nhiet-nhat-ban-goking-p31603723.html?spid=85085068
24509494,Bộ đồ ngủ nữ satin lụa,170000.0,170000.0,0.0,3.5,17,9455,,https://tiki.vnbo-do-ngu-nu-satin-lua-p24509494.html?spid=52643515
13030138,Bộ Đồ Lót Ren Miley Lingerie BRL12202_FLS1203,269000.0,269000.0,0.0,0.0,0,8827,,https://tiki.vnbo-do-lot-ren-miley-lingerie-brl12202_fls1203-p13030138.html?spid=13030154
979203,Combo 5 Quần Lót Nữ Modern Brief Miley Lingerie BC042 - Màu Ngẫu Nhiên,239000.0,239000.0,0.0,4.5,19,8827,,https://tiki.vncombo-5-quan-lot-nu-modern-brief-miley-lingerie-bc042-mau-ngau-nhien-p979203.html?spid=6466899
278949043,Đầm Maxi Ruzimay Dáng Ngắn Hoạ Tiết R0800,385000.0,385000.0,0.0,0.0,0,362481,,https://tiki.vndam-maxi-ruzimay-dang-ngan-hoa-tiet-r0800-p278949043.html?spid=278949045
277965460,[LZ] Áo khoát nỉ hoodie ENCARE bao đẹp cực chuẩn-A2180 - Áo thun ngẫu nhiên,169000.0,169000.0,0.0,0.0,0,204632,,https://tiki.vnlz-ao-khoat-ni-hoodie-encare-bao-dep-cuc-chuan-a2180-p277965460.html?spid=277965476
277946668,Áo khoát nỉ nữ 86 Form Rộng Chất Nỉ Dày Tay Bồng cực chất mẫu mới-A2066 - Hồng 86,259000.0,259000.0,0.0,0.0,0,204632,,https://tiki.vnao-khoat-ni-nu-86-form-rong-chat-ni-day-tay-bong-cuc-chat-mau-moi-a2066-p277946668.html?spid=277946694
277484134,"Áo sơ mi nữ tay ngắn, áo kiểu nữ, chất liệu vải mềm mát, form trẻ trung, năng động, phong cách Hàn Quốc, NeSa Shop SMT04",94500.0,189000.0,94500.0,0.0,0,249310,,https://tiki.vnao-so-mi-nu-tay-ngan-ao-kieu-nu-chat-lieu-vai-mem-mat-form-tre-trung-nang-dong-phong-cach-han-quoc-nesa-shop-smt04-p277484134.html?spid=277484138
277378906,[GIFT] Váy Ngủ Durex 001,100000.0,100000.0,0.0,0.0,0,178316,,https://tiki.vnvay-ngu-durex-001-p277378906.html?spid=277378907
276955379,Quần Lót Nữ Ren Ôm Nửa Mông Xinh Xắn Nhiều Mẫu Sanny House,45000.0,45000.0,0.0,0.0,0,6615,,https://tiki.vnquan-lot-nu-ren-om-nua-mong-xinh-xan-nhieu-mau-sanny-house-p276955379.html?spid=276955523
276946158,Áo Khoác Dạ Nữ Dáng Dài Cashmere Cao Cấp ,648000.0,648000.0,0.0,0.0,0,40092,,https://tiki.vnao-khoac-da-nu-dang-dai-cashmere-cao-cap-p276946158.html?spid=276946159
276608343,Set áo blazer & chân váy xòe Fiato thiết kế cao cấp WHITE CHIC,1198000.0,1198000.0,0.0,0.0,0,359223,,https://tiki.vnset-ao-blazer-chan-vay-xoe-fiato-thiet-ke-cao-cap-white-chic-p276608343.html?spid=276608351
275786839,[SẴN HÀNG] Áo khoác blazer nữ trơn tay lỡ khóa ngoài phong cách  hàn quốc Bz11,420000.0,420000.0,0.0,0.0,0,10738,,https://tiki.vnao-vest-blazer-nu-dang-lung-tay-lo-tre-trung-chat-vai-linen-mem-mat-thich-hop-he-thu-bz11-p275786839.html?spid=275786853
275174423,Đồ ngủ Cosplay sườn xám lụa phối ren hoa SL360 kèm chip gợi cảm,225000.0,225000.0,0.0,0.0,0,6615,,https://tiki.vndo-ngu-cosplay-suon-xam-lua-phoi-ren-hoa-sl360-kem-chip-goi-cam-p275174423.html?spid=275174429
274667425,Đồ bơi áo tắm Bikini gợi cảm Brasil sang chảnh,175000.0,175000.0,0.0,0.0,0,49140,,https://tiki.vndo-boi-ao-tam-bikini-goi-cam-brasil-sang-chanh-p274667425.html?spid=274667429
274544138,đồ bộ mặc nhà xinh,190000.0,190000.0,0.0,5.0,1,242150,,https://tiki.vndo-bo-mac-nha-xinh-p274544138.html?spid=274544152
273388482,Combo 7 quần lót cotton nữ nhiều màu du lịch dùng 1 lần,169000.0,169000.0,0.0,4.7,3,65588,,https://tiki.vncombo-7-quan-lot-cotton-nu-nhieu-mau-du-lich-dung-1-lan-p273388482.html?spid=273388610
270819336,"Đồ ngủ nữ WANNBE DNS87 váy ngủ lụa Pháp mềm mịn in họa tiết sơn dầu màu sắc trẻ trung, cúp ngực nhúng phồng đầy đặn",390000.0,390000.0,0.0,0.0,0,5383,,https://tiki.vndo-ngu-nu-wannbe-dns87-vay-ngu-lua-phap-mem-min-in-hoa-tiet-son-dau-mau-sac-tre-trung-cup-nguc-nhung-phong-day-dan-p270819336.html?spid=270819338
253308680,Quần lót lưới lọt khe xuyên thấu trang trí kim cương sexy,65000.0,65000.0,0.0,4.0,1,49140,,https://tiki.vnquan-lot-luoi-lot-khe-xuyen-thau-trang-tri-kim-cuong-sexy-p253308680.html?spid=253308684
221712319,"Áo thun cổ tim body thun lạnh hàng có size S,M,L",190000.0,190000.0,0.0,0.0,0,197061,,https://tiki.vnao-thun-co-tim-body-thun-lanh-hang-co-size-s-m-l-p221712319.html?spid=221712357
193886632,"Đồ bộ nữ mặc nhà tay ngắn, chất liệu Cotton co giãn, Set bộ đi chơi nữ, trẻ trung, phá cách, NeSa Shop",99500.0,199000.0,99500.0,5.0,3,249310,,https://tiki.vndo-bo-nu-mac-nha-tay-ngan-chat-lieu-cotton-co-gian-set-bo-di-choi-nu-tre-trung-pha-cach-nesa-shop-p193886632.html?spid=193886640
190538380,"Đầm ngủ, Váy ngủ lụa Pháp (Lụa Latin) cao cấp VILADY - V151, phối ren và ngực lưng, xẻ đùi 2 bên (Màu Đen)",479000.0,479000.0,0.0,4.5,2,275028,,https://tiki.vndam-ngu-vay-ngu-lua-phap-lua-latin-cao-cap-vilady-v151-phoi-ren-va-nguc-lung-xe-dui-2-ben-mau-den-p190538380.html?spid=190538386
182841437,"Đồ ngủ bigsize nữ, Đồ ngủ sexy 2 dây ren nude không mút, chất phi mịn quyến rũ mã 400",58000.0,58000.0,0.0,4.8,4,223905,,https://tiki.vndo-ngu-bigsize-nu-do-ngu-sexy-2-day-ren-nude-khong-mut-chat-phi-min-quyen-ru-ma-400-p182841437.html?spid=182841439
182783515,"Áo sơ mi nữ dáng xuông cổ V, chất vải đũi mềm ,thoáng mát thời trang hè nữ Sm172",179000.0,179000.0,0.0,0.0,0,235034,,https://tiki.vnao-so-mi-nu-dang-xuong-co-v-chat-vai-dui-mem-thoang-mat-thoi-trang-he-nu-sm172-p182783515.html?spid=182783562
177964327,Quần ống đứng xẻ lai caro,1000000.0,1000000.0,0.0,0.0,0,104381,,https://tiki.vnquan-ong-dung-xe-lai-caro-p177964327.html?spid=177964329
177308713,"Set bộ đồ lam đi chùa, # quần áo phật tử, # đồ bộ đi chùa",379999.0,379999.0,0.0,5.0,2,76045,,https://tiki.vnset-bo-do-lam-di-chua-quan-ao-phat-tu-do-bo-di-chua-p177308713.html?spid=274163496
172486316,Áo thun PT cổ tròn nữ,230000.0,230000.0,0.0,5.0,2,174218,,https://tiki.vnao-thun-pt-co-tron-nu-p172486316.html?spid=172486342
164546080,"Lovely Day, mã G64. Hãy tỏa sáng như kim cương, qua chiếc áo thun Goking siêu hot cho nam nữ trẻ em, áo phông cặp đôi, gia đình, đội nhóm",69000.0,69000.0,0.0,5.0,2,18138,,https://tiki.vnlovely-day-ma-g64-ao-thun-nu-nam-in-sieu-dep-ao-phong-thoat-nhiet-goking-hang-hieu-cao-cap-p164546080.html?spid=249305466
164317910,Bộ Mặc Nhà - Đồ Bộ Ngủ Nữ Chất Thun Cotton Dài Tay Thu Đông Họa Tiết Dễ Thương Thời Trang,199000.0,199000.0,0.0,4.6,9,224278,,https://tiki.vnbo-mac-nha-freeship-do-bo-ngu-nu-chat-thun-cotton-dai-tay-thu-dong-hoa-tiet-de-thuong-thoi-trang-cao-cap-p164317910.html?spid=164317914
158136035,Đầm thiết kế dáng suông TFL803 – Váy đầm trung niên bigsize TIFALU,780000.0,780000.0,0.0,0.0,0,17905,,https://tiki.vndam-thiet-ke-dang-suong-tfl803-vay-dam-trung-nien-bigsize-tifalu-p158136035.html?spid=158136041
150213680,Quần Jean Ống Rộng Indigo Aaa Jeans,499000.0,550000.0,51000.0,5.0,4,539,,https://tiki.vnquan-jean-ong-rong-indigo-aaa-jeans-p150213680.html?spid=150213688
121260928,Quần tây nữ ống rộng vải tuyết mưa QT24,149000.0,149000.0,0.0,0.0,0,10738,,https://tiki.vnquan-tay-nu-ong-rong-vai-tuyet-mua-qt24-p121260928.html?spid=121260937
110278017,SET BỘ LAM ĐI CHÙA,180000.0,180000.0,0.0,0.0,0,361737,,https://tiki.vnset-bo-lam-di-chua-p110278017.html?spid=278768405
108100709,Sơ mi trắng công sở_ Sơ mi trắng nữ cộc tay chất thô nhật dư xịn,242000.0,242000.0,0.0,0.0,0,197061,,https://tiki.vnso-mi-trang-cong-so_-so-mi-trang-nu-coc-tay-chat-tho-nhat-du-xin-p108100709.html?spid=108100724
107155257,Quần lót nữ đáy đính hạt,25000.0,25000.0,0.0,5.0,1,195824,,https://tiki.vnquan-lot-nu-day-dinh-hat-p107155257.html?spid=107155275
90642826,Đầm suông rộng công sở cổ bẻ nhẹ nhàng DB39,299000.0,299000.0,0.0,0.0,0,10738,,https://tiki.vndam-suong-rong-cong-so-co-be-nhe-nhang-db39-p90642826.html?spid=90642874
77242442,Đầm váy nữ Haint Boutique thiết kế dáng xòe 2 dây bèo nữ tính Da87,199000.0,199000.0,0.0,0.0,0,10738,,https://tiki.vndam-vay-nu-haint-boutique-thiet-ke-dang-xoe-2-day-beo-nu-tinh-da87-p77242442.html?spid=77242450
52424267,Áo thun nam nữ 80% Cotton White03,169000.0,169000.0,0.0,0.0,0,1622,,https://tiki.vnao-thun-nam-nu-80-cotton-white03-p52424267.html?spid=52424269
40888663,Chân váy xòe kèm belt hottrend,136000.0,136000.0,0.0,4.2,18,20897,,https://tiki.vnchan-vay-xoe-hottrend-p40888663.html?spid=40888686
33610039,"Áo khoác thun da cá GOKING 6 túi, form unisex cho nữ nam, trẻ em. Chống lạnh, giữ ấm, chống nắng, chống tia UV. Hàng hiệu Việt Nam xuất khẩu",285000.0,285000.0,0.0,5.0,68,18138,,https://tiki.vnao-khoac-nu-goking-vai-da-ca-day-100-cotton-thich-hop-chong-nang-va-giu-am-hieu-qua-p33610039.html?spid=204044133
29911199,Đầm suông nữ tay ren hoa xinh xắn 36,199000.0,199000.0,0.0,2.7,3,10738,,https://tiki.vndam-suong-nu-tay-ren-hoa-xinh-xan-36-p29911199.html?spid=29911209
16486750,Áo khoác nữ viền trắng Phúc An 4030_do,157280.0,157280.0,0.0,5.0,2,5961,,https://tiki.vnao-khoac-nu-vien-trang-phuc-an-4030_do-p16486750.html?spid=16486752
14844047,Áo Croptop Tay Chuông,625000.0,625000.0,0.0,0.0,0,10143,,https://tiki.vnao-croptop-tay-chuong-p14844047.html?spid=14844049
14815845,Chân Váy Xòe Phối Nút,135000.0,135000.0,0.0,4.2,23,20897,,https://tiki.vnchan-vay-xoe-phoi-nut-p14815845.html?spid=14815871
279001542,"Áo dài Thanh Mộc NGADO , áo dài Tết , áo dài cách tân , áo dài truyền thống",1300000.0,1300000.0,0.0,0.0,0,344204,,https://tiki.vna-o-da-i-thanh-moc-ngado-a-o-da-i-te-t-a-o-da-i-ca-ch-tan-a-o-da-i-truye-n-tho-ng-p279001542.html?spid=279001548
278963581,"Áo dài Diên Thuỷ NGADO , áo dài Tết , áo dài cách tân , áo dài truyền thống",1300000.0,1300000.0,0.0,0.0,0,344204,,https://tiki.vna-o-da-i-dien-thuy-ngado-a-o-da-i-te-t-a-o-da-i-ca-ch-tan-a-o-da-i-truye-n-tho-ng-p278963581.html?spid=278963587
278836569,"Đầm hồng cổ cà vạt NGADO , đầm midi , đầm kiểu nữ , đầm công sở , dự tiệc",950000.0,950000.0,0.0,0.0,0,344204,,https://tiki.vndam-hong-co-ca-vat-ngado-dam-midi-dam-kieu-nu-dam-cong-so-du-tiec-p278836569.html?spid=278836571
278442851,"Quần Lót Nữ, Combo 6 Quần Lót Su Thạch Mát Lạnh Ngày Hè, Quần Lót Nữ Không Đường Viền - Hàng Nhập Khẩu",122000.0,122000.0,0.0,0.0,0,78619,,https://tiki.vnquan-lot-nu-combo-6-quan-lot-su-thach-mat-lanh-ngay-he-quan-lot-nu-khong-duong-vien-hang-nhap-khau-p278442851.html?spid=278442852
278078471,"Áo Thun Đôi, Cặp Mr.Buffalo ""Love Baby"" Tshirt Cotton 100% có bigsize Unisex Loca",200000.0,200000.0,0.0,0.0,0,162792,,https://tiki.vnao-thun-doi-cap-mr-buffalo-love-baby-tshirt-cotton-100-co-bigsize-unisex-local-brand-b14b15-p278078471.html?spid=278078481
278034486,ÁO NGỰC SU CỰC ĐẸP CỰC XỊN HOTTREND SIZE 34-38 DÀNH CHO NỮ,140000.0,140000.0,0.0,0.0,0,311814,,https://tiki.vnao-nguc-su-cuc-dep-cuc-xin-hottrend-size-34-38-danh-cho-nu-p278034486.html?spid=278034504
278025877,ÁO BRA HAI DÂY SANG XỊN DƯỚI 55KG DÀNH CHO NỮ,105000.0,105000.0,0.0,0.0,0,311814,,https://tiki.vnao-bra-hai-day-sang-xin-duoi-55kg-danh-cho-nu-p278025877.html?spid=278025879
277728543,Áo khoác nỉ nỉ dệt thêu BUD cute phong cách-A2114 - Hồng Kem,249000.0,249000.0,0.0,0.0,0,204632,,https://tiki.vnao-khoac-ni-ni-det-theu-bud-cute-phong-cach-a2114-p277728543.html?spid=277728557
277305944,"Đầm suông nữ thiết kế rút eo tiện lợi có tui 2 bên sườn thanh lịch, dịu dàng da218",320000.0,320000.0,0.0,0.0,0,10738,,https://tiki.vndam-suong-nu-thiet-ke-rut-eo-tien-loi-co-tui-2-ben-suon-thanh-lich-diu-dang-p277305944.html?spid=277305952
277304876,"Áo kiểu nữ đẹp form rộng hàng Quảng châu, chất liệu vải mềm mát, phong cách Hàn Quốc, Áo Babydoll tay ngắn NeSa Shop",94500.0,189000.0,94500.0,0.0,0,249310,,https://tiki.vnao-kieu-nu-dep-form-rong-hang-quang-chau-chat-lieu-vai-mem-mat-phong-cach-han-quoc-ao-babydoll-tay-ngan-nesa-shop-p277304876.html?spid=277304880
276609755,Valen Gile - Áo gile form ôm thiết kế cao cấp WHITE CHIC,650000.0,650000.0,0.0,0.0,0,359223,,https://tiki.vnvalen-gile-ao-gile-form-om-thiet-ke-cao-cap-white-chic-p276609755.html?spid=276609763
276491587,Set Váy Ngủ 2 Dây Ren Dài Sexy Dễ Thương Freesize,198000.0,198000.0,0.0,0.0,0,35488,,https://tiki.vnset-vay-ngu-2-day-ren-dai-sexy-de-thuong-freesize-p276491587.html?spid=276491589
276329236,"Áo sơ mi nữ form rộng sát nách, chất liệu mềm mát, áo kiểu nữ, form trẻ trung, năng động NeSa Shop SMT03",74500.0,149000.0,74500.0,5.0,1,249310,,https://tiki.vnao-so-mi-nu-form-rong-sat-nach-chat-lieu-mem-mat-ao-kieu-nu-form-tre-trung-nang-dong-nesa-shop-smt03-p276329236.html?spid=276329240
275688039,Áo Croptop Tay Dài Quần Dài Tập Yoga Gym Thun Lạnh Đàn Hồi Tốt,449000.0,449000.0,0.0,0.0,0,207377,,https://tiki.vnao-croptop-tay-dai-quan-dai-tap-yoga-gym-thun-lanh-dan-hoi-tot-p275688039.html?spid=275688047
273263744,"Hàng sẵn Đầm nữ linen nữ tính nhẹ nhàng, lịch thiệp, tao nhã màu xanh đen da199",299000.0,299000.0,0.0,5.0,2,235034,,https://tiki.vnhang-san-dam-nu-linen-nu-tinh-nhe-nhang-lich-thiep-tao-nha-mau-xanh-den-da199-p273263744.html?spid=273263748
272394686,[MUA 2 TẶNG 1] Pack 3 quần lót nữ lưng vừa không đường may iBasic V188,178000.0,267000.0,89000.0,5.0,4,126,,https://tiki.vnmua-2-tang-1-pack-3-quan-lot-nu-khong-duong-may-ibasic-v188-p272394686.html?spid=278895238
270187987,Bộ Đồ Lót Mút Mỏng Đệm Ngực Và Quần Boy Short Chất Vải Cotton Thiên Nhiên Đồng Bộ BeingMe Lilac Purple Miley Lingerie,335000.0,335000.0,0.0,0.0,0,8827,,https://tiki.vnbo-do-lot-mut-mong-dem-nguc-va-quan-boy-short-chat-vai-cotton-thien-nhien-dong-bo-beingme-lilac-purple-miley-lingerie-p270187987.html?spid=270187989
249566206,"Áo kiểu nữ trung niên thêu hoa tặng mẹ form rộng bigsize chất liệu Đũi cao cấp mềm nhẹ mát NeSa Shop, AKH.66",99500.0,199000.0,99500.0,5.0,1,249310,,https://tiki.vnao-kieu-nu-trung-nien-theu-hoa-tang-me-form-rong-bigsize-chat-lieu-dui-cao-cap-mem-nhe-mat-nesa-shop-akh-66-p249566206.html?spid=249566224
199521459,Đồ ngủ sexy Cosplay sexy lọt khe liền thân,39000.0,39000.0,0.0,5.0,1,49140,,https://tiki.vndo-ngu-sexy-cosplay-sexy-lot-khe-lien-than-p199521459.html?spid=199521460
193461694,P34 Váy ngủ bodysuit ren kèm khăn sexy gợi cảm - Đầm ngủ bodysuit ren xuyên thấu quyến rũ - Đồ ngủ nữ,198000.0,198000.0,0.0,5.0,2,267028,,https://tiki.vnvay-ngu-bodysuit-ren-kem-khan-sexy-goi-cam-p34-dam-ngu-bodysuit-ren-xuyen-thau-quyen-ru-do-ngu-nu-p193461694.html?spid=193461702
185004815,Bộ quần áo ngắn cho mẹ họa tiết Kẻ hồng trắng linen cotton - AICDMEE2ZVSH - AIN Closet,335000.0,415000.0,80000.0,0.0,0,160802,,https://tiki.vnbo-quan-ao-ngan-cho-me-hoa-tiet-ke-hong-trang-linen-cotton-aicdmee2zvsh-ain-closet-p185004815.html?spid=185004823
183558297,"Đầm suông linen ngắn tay dáng dài, chất vải linen mềm mát, thời trang cho phái nữ Haint Boutique Da71",279000.0,279000.0,0.0,0.0,0,10738,,https://tiki.vndam-suong-linen-ngan-tay-dang-dai-chat-vai-linen-mem-mat-thoi-trang-xuan-he-haint-boutique-da71-p183558297.html?spid=183558307
164546126,"Tokyo Japan, mã G34. Hãy tỏa sáng như kim cương, qua chiếc áo thun Goking siêu hot cho nam nữ trẻ em, áo phông cặp đôi, gia đình, đội nhóm",69000.0,69000.0,0.0,4.7,13,18138,,https://tiki.vntokyo-japan-ma-g34-ao-thun-nu-sieu-dep-ao-phong-nu-thoat-nhiet-goking-hang-hieu-p164546126.html?spid=249306490
162562752,Combo 10 quần lót nữ chất liệu cotton chất đẹp,134400.0,134400.0,0.0,0.0,0,188535,,https://tiki.vncombo-10-quan-lot-nu-chat-lieu-cotton-chat-dep-p162562752.html?spid=162562766
143940811,Đồ bộ Tole lửng,100000.0,100000.0,0.0,0.0,0,361737,,https://tiki.vndo-bo-tole-lung-p143940811.html?spid=278943945
128124150,Áo len nữ thiết kế thời trang thu đông,180000.0,180000.0,0.0,0.0,0,225326,,https://tiki.vnao-len-nu-thiet-ke-thoi-trang-thu-dong-p128124150.html?spid=128124156
108098397,_Aó 2 dây thun gân_Áo ngực Bra 2 dây khoét lưng có đệm,88000.0,88000.0,0.0,0.0,0,197061,,https://tiki.vn_ao-2-day-thun-gan_ao-nguc-bra-2-day-khoet-lung-co-dem-p108098397.html?spid=108098418
102738495,Đầm váy Nữ Haint Boutique Tay Dài Dáng Suông - Váy Nữ thời Trang Phong Cách Hàn Quốc Hb48,199000.0,199000.0,0.0,4.2,6,10738,,https://tiki.vndam-vay-nu-haint-boutique-tay-dai-dang-suong-vay-nu-thoi-trang-phong-cach-han-quoc-hb48-p102738495.html?spid=102738511
90642830,Quần tây nữ vải co giãn QT01,149000.0,149000.0,0.0,4.0,2,10738,,https://tiki.vnquan-tay-nu-vai-co-gian-qt01-p90642830.html?spid=90642877
76686139,Áo sơ mi nữ công sở Haint Boutique thiết kế tay dài cổ bẻ carô trẻ trung SM11,159000.0,159000.0,0.0,4.0,10,10738,,https://tiki.vnao-so-mi-nu-cong-so-haint-boutique-thiet-ke-tay-dai-co-be-caro-tre-trung-sm11-p76686139.html?spid=76686149
73654581,Áo khoác dù bomber unisex form rộng 28 nam nữ ulzzang Wind,100000.0,100000.0,0.0,4.7,3,107387,,https://tiki.vnao-khoac-du-bomber-unisex-form-rong-28-nam-nu-ulzzang-wind-p73654581.html?spid=81925440
67847238, Áo khoác nữ Áo khoát nữ kaki chống nắng Meizifei hàng bao chất đẹp cá tính-A096,273250.0,273250.0,0.0,0.0,0,204632,,https://tiki.vnao-khoac-nu-ao-khoat-nu-kaki-chong-nang-meizifei-hang-bao-chat-dep-ca-tinh-a096-p67847238.html?spid=113228674
67842923, Áo khoác nữ dù in chữ LONG hàng đẹp - M046,220750.0,220750.0,0.0,0.0,0,204632,,https://tiki.vnao-khoac-nu-du-in-chu-long-hang-dep-m046-p67842923.html?spid=113228595
59307366,COMBO 5 QUẦN COTTON BOYSHORT (GIAO MÀU NGẪU NHIÊN),173000.0,173000.0,0.0,5.0,2,9455,,https://tiki.vncombo-5-quan-cotton-boyshort-giao-mau-ngau-nhien-p59307366.html?spid=59717773
44441155,Quần lót nữ xinh xắn - Màu da,29000.0,29000.0,0.0,0.0,0,49140,,https://tiki.vnquan-lot-nu-xinh-xan-mau-da-p44441155.html?spid=44441156
43872772,Quần lót lọt khe buộc dây - trắng,29000.0,29000.0,0.0,4.5,6,49140,,https://tiki.vnquan-lot-lot-khe-buoc-day-trang-p43872772.html?spid=43872773
43673102,Áo Dài Truyền Thống Cổ Ren - KT2458,340000.0,340000.0,0.0,4.0,1,9455,,https://tiki.vnao-dai-truyen-thong-co-ren-kt2458-p43673102.html?spid=45429960
6536145,"Bộ 04 Áo Lót Nữ, Áo Bra Ống Hai Dây Thun Gân Sexy (Đủ Màu)",97000.0,97000.0,0.0,0.0,0,84452,,https://tiki.vnbo-04-ao-lot-nu-ao-bra-ong-hai-day-thun-gan-sexy-du-mau-p6536145.html?spid=53623305
278796546,ÁO HAI DÂY PHỐI REN NGỌC HOTTREND,49000.0,49000.0,0.0,0.0,0,177515,,https://tiki.vnao-hai-day-phoi-ren-ngoc-hottrend-p278796546.html?spid=278796548
278745681,Áo Len Nữ 2 Món Cổ Tim Dáng Ngắn Móc Lỗ,250000.0,250000.0,0.0,0.0,0,282163,,https://tiki.vnao-len-nu-2-mon-co-tim-dang-ngan-moc-lo-p278745681.html?spid=278745691
278629895,Áo len phối cổ sen hoạ tiết vặn thừng chất len mềm đẹp,195000.0,195000.0,0.0,0.0,0,282163,,https://tiki.vnao-len-phoi-co-sen-hoa-tiet-van-thung-chat-len-mem-dep-p278629895.html?spid=278629897
278598656,Váy Trung Niên Cho Mẹ Chất Liệu Lụa Tuyết Thiết Kế Thời Trang Sành Điệu Phù Hợp Cho Mẹ Đi Chơi Đi Tiệc - Tuấn Tú Store,284000.0,284000.0,0.0,0.0,0,158759,,https://tiki.vnvay-trung-nien-cho-me-chat-lieu-lua-tuyet-thiet-ke-thoi-trang-sanh-dieu-phu-hop-cho-me-di-choi-di-tiec-tuan-tu-store-p278598656.html?spid=278598824
277929677,"Quần lửng nữ Ống rộng, chất liệu mềm mịn mát,Quần kiểu nữ form rộng, dưới 55kg, Nesa Shop",59500.0,119000.0,59500.0,0.0,0,249310,,https://tiki.vnquan-lung-nu-ong-rong-chat-lieu-mem-min-mat-quan-kieu-nu-gia-vay-form-rong-duoi-55kg-nesa-shop-p277929677.html?spid=277929685
277761511,Đầm tiểu thư phối cổ sang chảnh thiết kế đi làm đi chơi đều đẹp,219000.0,219000.0,0.0,0.0,0,20897,,https://tiki.vndam-tieu-thu-phoi-co-sang-chanh-thiet-ke-di-lam-di-choi-deu-dep-p277761511.html?spid=277761513
277741279,Áo khoác nữ đẹp túi bà ba nhiều màu lựa chọn nhiều màu lựa chọn-A3109 - Xanh đậm,259000.0,259000.0,0.0,0.0,0,204632,,https://tiki.vnao-khoac-nu-dep-tui-ba-ba-nhieu-mau-lua-chon-nhieu-mau-lua-chon-a3109-p277741279.html?spid=277741291
277515346,"Đầm ngủ 2 dây gợi cảm dễ thương , ( dưới 50kg ) vải  voan mềm mại, mang lại cảm giác mát mẻ và dễ chịu , giao màu ngẫu nhiên ",89000.0,99000.0,10000.0,0.0,0,270031,,https://tiki.vndam-ngu-2-day-goi-cam-de-thuong-duoi-50kg-vai-voan-mem-mai-mang-lai-cam-giac-mat-me-va-de-chiu-giao-mau-ngau-nhien-p277515346.html?spid=277515347
277305929,Đầm suông nữ vải Linen rút eo cổ V tay ngắn da218,320000.0,320000.0,0.0,0.0,0,10738,,https://tiki.vndam-suong-nu-vai-linen-rut-eo-co-v-tay-ngan-da218-p277305929.html?spid=277305939
277305853,"Đầm nữ suông dáng dài tay lỡ thiết kế cúc ngực thanh lịch vải đũi mềm mát, cao cấp da61",315000.0,315000.0,0.0,0.0,0,10738,,https://tiki.vndam-nu-suong-dang-dai-tay-lo-thiet-ke-cuc-nguc-thanh-lich-vai-dui-mem-mat-cao-cap-p277305853.html?spid=277305861
276945358,"Combo 5 quần lót nữ phi lụa phối ren Voronin Q8234 – Mềm mịn, sexy, co giãn 4 chiều",178200.0,220000.0,41800.0,0.0,0,112944,,https://tiki.vncombo-5-quan-lot-nu-phi-lua-phoi-ren-voronin-q8234-p276945358.html?spid=276945359
276883409,Áo cardigan len thời trang ulzzang Hàn Quốc,198000.0,198000.0,0.0,0.0,0,40092,,https://tiki.vnao-cardigan-len-thoi-trang-ulzzang-han-quoc-p276883409.html?spid=276883410
276424152,Quần Lót Thun Lạnh Trơn 4 Chiều Mềm Mịn Thoáng Khí MILEY LINGERIE BMS0209,61000.0,79000.0,18000.0,0.0,0,8827,,https://tiki.vnquan-lot-thun-lanh-tron-4-chieu-mem-min-thoang-khi-miley-lingerie-bms0209-p276424152.html?spid=276424154
274171296,"Combo 5 Chiếc Quần Lót Nữ, Quần Lót Nữ Cạp Cao Comfortalbe&Health, Quần Chip Nữ Cao Cấp Cho Vòng Eo Thon Gọn, Chất Su Lụa Siêu Mát",155000.0,155000.0,0.0,0.0,0,78619,,https://tiki.vnquan-lot-nu-quan-lot-nu-cap-cao-comfortalbe-health-quan-chip-nu-cao-cap-cho-vong-eo-thon-gon-chat-su-lua-sieu-mat-p274171296.html?spid=274171301
274155184,"Quần Nịt Bụng, Quần Gen Nịt Bụng Định Hình Có Khoá Kéo Cao Cấp, Quần Lót Nữ Gen Bụng Mặc Váy Su Pha Lưới Kháng Khuẩn Siêu Giảm Eo",88000.0,88000.0,0.0,0.0,0,78619,,https://tiki.vnquan-nit-bung-quan-gen-nit-bung-dinh-hinh-co-khoa-keo-cao-cap-quan-lot-nu-gen-bung-mac-vay-su-pha-luoi-khang-khuan-sieu-giam-eo-p274155184.html?spid=274155188
273461868,Quần Lót Nữ LORENCIA-LQD21,119000.0,119000.0,0.0,0.0,0,348837,,https://tiki.vnquan-lot-nu-lorencia-lqd21-p273461868.html?spid=273461878
272389819,"Áo sơ mi nữ form rộng tay ngắn, chất liệu Đũi tơ mềm mát, áo kiểu nữ, form trẻ trung, năng động, T73",99000.0,169000.0,70000.0,0.0,0,249310,,https://tiki.vnao-so-mi-nu-form-rong-tay-ngan-chat-lieu-dui-to-mem-mat-ao-kieu-nu-form-tre-trung-nang-dong-t73-p272389819.html?spid=272389837
270666577,"Đầm suông nữ - váy suông trơn cổ tròn dáng rộng ngắn tay, kèm đai eo rời, chất linen mát Haint Boutique Da209",350000.0,350000.0,0.0,0.0,0,10738,,https://tiki.vndam-suong-nu-vay-suong-tron-co-tron-dang-rong-ngan-tay-kem-dai-eo-roi-chat-linen-mat-haint-boutique-da209-p270666577.html?spid=270666591
227828466,"Đầm linen nữ dáng suông thắt eo cổ tim, tay lỡ, chất linen mềm màu hồng nữ tính mẫu hè mới Haint Boutique",299000.0,299000.0,0.0,0.0,0,10738,,https://tiki.vndam-linen-nu-dang-suong-that-eo-co-tim-tay-lo-chat-linen-mem-mau-hong-nu-tinh-mau-he-moi-haint-boutique-p227828466.html?spid=227828483
199947185,"Áo khoác cardigan nữ họa tiết ô phối màu độc đáo, style Hàn Quốc hot năm nay AK13 hồng",199000.0,199000.0,0.0,0.0,0,235034,,https://tiki.vnao-khoac-cardigan-nu-hoa-tiet-o-phoi-mau-doc-dao-style-han-quoc-hot-nam-nay-ak13-hong-p199947185.html?spid=199947186
198126443,Set 5 Chiếc Quần Lót Su Nữ Nâng Mông Kháng Khuẩn - Quần Lót Nữ Viền Ren Không Đường Viền - Quần Lót Nữ Cao Cấp,144000.0,144000.0,0.0,4.8,10,78619,,https://tiki.vnset-5-chiec-quan-lot-su-nu-nang-mong-khang-khuan-quan-lot-nu-vien-ren-khong-duong-vien-quan-lot-nu-cao-cap-p198126443.html?spid=198126445
195255043,"Áo len nữ dệt kim cổ tròn pha ren, Áo len nữ dài tay mặc mùa thu đông Haint Boutique ",199000.0,199000.0,0.0,0.0,0,10738,,https://tiki.vnao-len-nu-det-kim-co-tron-pha-ren-ao-len-nu-dai-tay-mac-mua-thu-dong-haint-boutique-p195255043.html?spid=195255044
194963453,"Áo Dệt Kim, Áo Len Dài Tay Dáng Rộng Cổ Trofn Pha Ren Thời Trang Hàn Quốc Cho Nữ Mùa Thu Đông Haint Boutique",199000.0,199000.0,0.0,0.0,0,10738,,https://tiki.vnao-det-kim-ao-len-dai-tay-dang-rong-co-trofn-pha-ren-thoi-trang-han-quoc-cho-nu-mua-thu-dong-haint-boutique-p194963453.html?spid=194963454
191298492,"Bộ đồ ngủ dành cho nữ áo 2 dây quần đùi mặc nhà vải cotton (cotton đũi) mềm nhẹ, thoáng mát, nhiều màu size từ 40-75 kg phong cách năng động dễ thương",180000.0,180000.0,0.0,4.3,3,236349,,https://tiki.vnbo-2-day-nu-bo-do-mac-nha-vai-dui-mem-nhe-thoang-mat-nhieu-mau-size-tu-40-75-kg-phong-cach-nang-dong-de-thuong-p191298492.html?spid=191298556
189527267,Áo sơ mi nữ tay dài form rộng phong cách trẻ trung hàn quốc vải lụa mềm mịn mát -MURD04,125000.0,210000.0,85000.0,5.0,1,235530,,https://tiki.vnao-so-mi-nu-tay-dai-form-rong-phong-cach-tre-trung-han-quoc-vai-lua-mem-min-mat-murd04-p189527267.html?spid=189527311
185684246,"Đồ ngủ sexy nữ/Đồ ngủ 2 dây ren nude không mút, chất phi mịn quyến rũ 400",60000.0,60000.0,0.0,0.0,0,223905,,https://tiki.vndo-ngu-sexy-nu-do-ngu-2-day-ren-nude-khong-mut-chat-phi-min-quyen-ru-400-p185684246.html?spid=185684259
171901606,Áo Hoodie BASIC màu trơn Áo nỉ có mũ unisex nam nữ full size M L XL XXL,172450.0,172450.0,0.0,5.0,2,204632,,https://tiki.vnao-hoodie-basic-mau-tron-ao-ni-co-mu-unisex-nam-nu-full-size-m-l-xl-xxl-p171901606.html?spid=171901647
133893152,"Áo len nữ,áo len mỏng nhẹ tay lỡ Al17",179000.0,179000.0,0.0,0.0,0,235034,,https://tiki.vnao-len-nu-ao-len-mong-nhe-tay-lo-al17-p133893152.html?spid=133893194
126040163,"quần váy - thoải mái cho ngày hè, chất liệu đũi - Full size (H3)",141000.0,141000.0,0.0,4.0,1,226391,,https://tiki.vnquan-vay-thoai-mai-cho-ngay-he-chat-lieu-dui-full-size-h3-p126040163.html?spid=126040777
107154944,Quần lót ren nữ,25000.0,25000.0,0.0,0.0,0,195824,,https://tiki.vnquan-lot-ren-nu-p107154944.html?spid=107154981
107153887,Đồ ngủ lưới Sexy gợi cảm Đồ Cosplay xuyên thấu,39000.0,39000.0,0.0,4.7,3,195824,,https://tiki.vndo-ngu-luoi-sexy-goi-cam-do-cosplay-xuyen-thau-p107153887.html?spid=107153889
82494245,Sét 10 quần lót nữ cao cấp MQ 1524,220000.0,220000.0,0.0,0.0,0,169077,,https://tiki.vnset-10-quan-lot-nu-cao-cap-mq-1524-p82494245.html?spid=87010226
44295471,Quần lót ren xẻ đáy sexy - đen,39000.0,39000.0,0.0,5.0,1,49140,,https://tiki.vnquan-lot-ren-xe-day-sexy-den-p44295471.html?spid=44295472
37891721,"Đồ bộ ngủ pijama tay ngắn, quần đùi",167000.0,167000.0,0.0,1.0,1,9455,,https://tiki.vndo-bo-ngu-pijama-tay-ngan-quan-dui-p37891721.html?spid=51501313
36284095,"Quần lót ren mặt đầm váy,chất liệu siêu mịn 8900126-FreeSize",78000.0,78000.0,0.0,0.0,0,9455,,https://tiki.vnquan-lot-ren-mat-dam-vay-chat-lieu-sieu-min-8900126-freesize-p36284095.html?spid=68772127
36028190,Áo Len Nữ Cardigan Áo Khoác Len Kiểu Hàn Quốc Thêu Hoa ALN020 MayHomes Thời Trang Thu Đông,156000.0,168000.0,12000.0,4.5,54,5826,,https://tiki.vnao-len-nu-cardigan-ao-khoac-len-kieu-han-quoc-theu-hoa-may_alr020-mayhomes-p36028190.html?spid=36028200
21108477,Bộ 2 Quần Lót Nữ Melagne Sporty Chic Miley Lingerie FCB_0100_1000,100000.0,174000.0,74000.0,5.0,3,8827,,https://tiki.vnbo-2-quan-lot-nu-melagne-sporty-chic-miley-lingerie-fcb_0100_1000-p21108477.html?spid=21108479
16326472,"Áo Khoác Jeans Nữ, Áo Khoác Kaki Có Cổ",499000.0,499000.0,0.0,0.0,0,204632,,https://tiki.vnao-khoac-jeans-nu-ao-khoac-kaki-co-co-p16326472.html?spid=113226684
1921281,Áo Ngực Triumph D151 CS-VN - Da (Size,359000.0,439000.0,80000.0,4.6,34,2049,,https://tiki.vnao-nguc-triumph-d151-cs-vn-da-p1921281.html?spid=1925695
279058817,"Đầm đỏ cổ V eo xếp ly NGADO , đầm kiểu Nữ , đầm công sở , dự tiệc",950000.0,950000.0,0.0,0.0,0,344204,,https://tiki.vndam-do-co-v-eo-xep-ly-ngado-dam-kieu-nu-dam-cong-so-du-tiec-p279058817.html?spid=279058825
278630731,Áo Len Nữ Dệt Kim Phối Sơ Mi Cổ V Lệch Tầng Form Rộng Ulzzang Hàn Quốc,250000.0,250000.0,0.0,0.0,0,282163,,https://tiki.vnao-len-nu-det-kim-phoi-so-mi-co-v-lech-tang-form-rong-ulzzang-han-quoc-p278630731.html?spid=278630735
278307387,"Áo Thun Oversize SURE Original BY SF2009 - 100% Cotton 2 Chiều, Nam Nữ Mặc Siêu thoáng mát, Siêu Đẹp, Siêu Dễ Thương",268000.0,268000.0,0.0,0.0,0,260851,,https://tiki.vnao-thun-oversize-sure-original-by-sf2009-100-cotton-2-chieu-nam-nu-mac-sieu-thoang-mat-sieu-dep-sieu-de-thuong-p278307387.html?spid=278307391
278086151,Áo đôi sweater cute - ÁO ĐÔI THU ĐÔNG MÈO BÉO AMI CỰC YÊU - T52,149250.0,149250.0,0.0,0.0,0,162792,,https://tiki.vnao-doi-sweater-cute-ao-doi-thu-dong-meo-beo-ami-cuc-yeu-p278086151.html?spid=278087261
278012487,QUẦN LÓT LỤA SIÊU MỀM MẠI QUYẾN RŨ CAO CẤP TỪ 40-70KG DÀNH CHO NỮ,45000.0,45000.0,0.0,0.0,0,311814,,https://tiki.vnquan-lot-lua-sieu-mem-mai-quyen-ru-cao-cap-tu-40-70kg-danh-cho-nu-p278012487.html?spid=278012491
277728532,Áo khoát nữ jean đẹp form rộng thêu DF cực chuẩn cực chuẩn-A3119 - Như hình,289000.0,289000.0,0.0,0.0,0,204632,,https://tiki.vnao-khoat-nu-jean-dep-form-rong-theu-df-cuc-chuan-cuc-chuan-a3119-p277728532.html?spid=277728534
277312642,Đầm suông thiết kế mẫu mới xuân hè vải sợi Linen tự nhiên mịn mát da218,320000.0,320000.0,0.0,0.0,0,10738,,https://tiki.vndam-suong-thiet-ke-mau-moi-xuan-he-vai-soi-linen-tu-nhien-min-mat-p277312642.html?spid=278540139
276883561,Áo khoác cardigan dáng ngắn trẻ trung cho nữ,191000.0,198000.0,7000.0,0.0,0,71471,,https://tiki.vnao-khoac-cardigan-dang-ngan-tre-trung-cho-nu-p276883561.html?spid=276883562
276125980,Áo kiểu cổ v tay lửng 2 túi,119000.0,119000.0,0.0,0.0,0,20897,,https://tiki.vnao-kieu-co-v-tay-lung-2-tui-p276125980.html?spid=276125986
276125714,"Combo Bao Quần Lót Miễn Giặt Tiện Lợi TRAVEL-MATE Nữ, 5 Cái/Bao",27000.0,27000.0,0.0,5.0,3,330024,,https://tiki.vncombo-quan-lot-tien-loi-travel-mate-nu-5-cai-bao-p276125714.html?spid=271392204
276119732,"Combo Bao Quần Lót Lưng Thấp Miễn Giặt  Body-Mate Nữ | Đã Giặt Sạch, Đóng Gói Tự Động, An Toàn Tiện Lợi | 5 Cái/Bao",70000.0,70000.0,0.0,0.0,0,330024,,https://tiki.vncombo-quan-lot-mien-giat-lung-thap-body-mate-nu-5-cai-bao-p276119732.html?spid=273363931
274625774,"Đồ bơi liền thân cao cấp, lưng trần đan dây sexy, áo sẵn đệm ngực, chất thun bơi lạnh Lycra dày dặn, mịn mát, áo tắm đi biển du lịch đẹp | KT073",410000.0,410000.0,0.0,0.0,0,63850,,https://tiki.vndo-boi-lien-than-cao-cap-lung-tran-dan-day-sexy-ao-san-dem-nguc-chat-thun-boi-lanh-lycra-day-dan-min-mat-ao-tam-di-bien-du-lich-dep-kt073-p274625774.html?spid=274625780
273786373,Quần lọt khe ren hở mông - Quần lót nữ sexy cột dây quyến rũ,29000.0,29000.0,0.0,0.0,0,103662,,https://tiki.vnquan-lot-khe-ren-ho-mong-quan-lot-nu-sexy-cot-day-quyen-ru-p273786373.html?spid=273786381
273693053,"Áo lót nâng ngực không đường may gọng nhựa, đệm mút dày 3cm Vicci AV.241 nâng đẩy ngực chống chảy xệ cao cấp",229000.0,395000.0,166000.0,0.0,0,2049,,https://tiki.vnao-lot-nang-nguc-khong-duong-may-gong-nhua-dem-mut-day-3cm-vicci-av-241-nang-day-nguc-chong-chay-xe-cao-cap-p273693053.html?spid=273693114
272839652,Set bộ áo sơ mi linen form rộng dài tay kèm quần short trẻ trung Haint Boutique BV04,359000.0,359000.0,0.0,5.0,1,10738,,https://tiki.vnset-bo-ao-so-mi-linen-form-rong-dai-tay-kem-quan-short-tre-trung-haint-boutique-bv04-p272839652.html?spid=272839656
272308764,Bộ sơ mi nữ trung niên Áo có cổ và khuy cài chất liệu lụa hàn châu cao cấp mềm mát không nhăn xù khi giặt - Tuấn Tú Store 68,279000.0,279000.0,0.0,5.0,1,158759,,https://tiki.vnbo-so-mi-nu-trung-nien-ao-co-co-va-khuy-cai-chat-lieu-lua-han-chau-cao-cap-mem-mat-khong-nhan-xu-khi-giat-tuan-tu-store-68-p272308764.html?spid=272308800
242050776,"Đầm sơ mi nữ dài tay, có dây chỉnh eo, dáng suông dài chất liệu đũi cao cấp, phong cách công sở Haint Boutique",320000.0,320000.0,0.0,0.0,0,10738,,https://tiki.vndam-so-mi-nu-dai-tay-co-day-chinh-eo-dang-suong-dai-chat-lieu-dui-cao-cap-phong-cach-cong-so-haint-boutique-p242050776.html?spid=242050778
201160879,Đầm Xinh Hoa Nhí Hai Dây Dễ Thương DN088 MayHomes Váy Hoa Nhỏ Xinh Duyên Dáng,92000.0,99000.0,7000.0,5.0,1,5826,,https://tiki.vndam-xinh-hoa-nhi-hai-day-de-thuong-dn088-mayhomes-vay-hoa-nho-xinh-duyen-dang-p201160879.html?spid=201160885
193637056,"Áo len cổ tròn ren phong cách Hàn Quốc,Áo len nữ dài tay thu đông Haint Boutique Al50",189000.0,189000.0,0.0,0.0,0,10738,,https://tiki.vnao-len-co-tron-ren-phong-cach-han-quoc-ao-len-nu-dai-tay-thu-dong-haint-boutique-p193637056.html?spid=193637060
191590931,Dây đeo áo con dây giữ áo lót bra dây áo ngực hạt đá sang chảnh,165000.0,165000.0,0.0,4.0,1,19782,,https://tiki.vnday-deo-ao-con-day-giu-ao-lot-bra-day-ao-nguc-hat-da-sang-chanh-p191590931.html?spid=191590935
186862732,Quần đùi cho mẹ Tím cà chéo Hàn - AICDME2GF4AL - AIN Closet,215000.0,260000.0,45000.0,5.0,1,160802,,https://tiki.vnquan-dui-cho-me-tim-ca-cheo-han-aicdme2gf4al-ain-closet-p186862732.html?spid=186862740
185004708,Quần đùi mẹ Cam carrot trơn chéo Hàn - AICDBGZNWCAH - AIN Closet,215000.0,260000.0,45000.0,4.0,1,160802,,https://tiki.vnquan-dui-me-cam-carrot-tron-cheo-han-aicdbgznwcah-ain-closet-p185004708.html?spid=185004716
177214399,Quần lót nữ lọt khe buộc dây chắc chắn,29000.0,29000.0,0.0,0.0,0,195824,,https://tiki.vnquan-lot-nu-lot-khe-buoc-day-chac-chan-p177214399.html?spid=177214405
150553521,Đồ bộ ngủ 2 dây bigsize phối ren lưng mã 376,56000.0,56000.0,0.0,5.0,4,223905,,https://tiki.vndo-bo-ngu-2-day-bigsize-phoi-ren-lung-ma-376-p150553521.html?spid=150553527
133893611,"Đầm ngủ nữ xinh, Đầm 2 dây nữ thiết kế đuôi cá mặc nhà",199000.0,199000.0,0.0,0.0,0,235034,,https://tiki.vndam-2-day-nu-thiet-ke-ke-caro-duoi-ca-mac-nha-p133893611.html?spid=133893613
113145806,Áo lót nâng ngực nhẹ quả trơn mẫu siêu bền,75840.0,96000.0,20160.0,1.0,1,112944,,https://tiki.vnao-lot-nang-nguc-nhe-qua-tron-mau-sieu-ben-p113145806.html?spid=142118733
95008611,Quần lót đùi ren nữ,50000.0,50000.0,0.0,5.0,2,174218,,https://tiki.vnquan-lot-dui-ren-nu-p95008611.html?spid=95008615
84750302,Quần lót lọt khe hoa hồng chuỗi ngọc sexy,25000.0,25000.0,0.0,0.0,0,49140,,https://tiki.vnquan-lot-lot-khe-hoa-hong-chuoi-ngoc-sexy-p84750302.html?spid=84750304
69836644,"Áo hoodie,áo khoác hoodie nỉ nam nữ chất thun nỉ mềm mịn from rộng P ( có khóa kéo)",96000.0,96000.0,0.0,4.2,6,107387,,https://tiki.vnao-hoodie-ao-khoac-hoodie-ni-nam-nu-chat-thun-ni-mem-min-from-rong-p-co-khoa-keo-p69836644.html?spid=70669120
67402713,Áo Ngực Nữ Có Gọng Mút Vừa Miley Lingerie - Màu da BRM09002,200000.0,200000.0,0.0,5.0,16,8827,,https://tiki.vnao-nguc-nu-co-gong-mut-vua-miley-lingerie-mau-da-brm09002-p67402713.html?spid=67402727
57318967,Đầm ngủ nữ trong suốt thiết kế gợi cảm quyến rũ,65000.0,65000.0,0.0,3.5,2,103662,,https://tiki.vndam-ngu-nu-trong-suot-thiet-ke-goi-cam-quyen-ru-p57318967.html?spid=57318969
56345966,Áo lót ren đệm dày,167000.0,167000.0,0.0,0.0,0,9455,,https://tiki.vnao-lot-ren-dem-day-p56345966.html?spid=59045986
15473330,COMBO 5 QUẦN MW KHÔNG BIÊN- SIZE L,167000.0,167000.0,0.0,0.0,0,9455,,https://tiki.vncombo-5-quan-mw-khong-bien-size-l-p15473330.html?spid=50892586
14517336,Áo nữ phối ren hoa vai và cánh tay Haint Boutique sm107,149000.0,149000.0,0.0,4.0,19,10738,,https://tiki.vnao-nu-phoi-ren-hoa-vai-va-canh-tay-haint-boutique-sm107-p14517336.html?spid=14517344
12710511,Quần Legging Vicci Cao Cấp Màu Đen Vân Xước Cạp Cao 11P,224500.0,449000.0,224500.0,0.0,0,2049,,https://tiki.vnquan-legging-vicci-cao-cap-mau-den-van-xuoc-cap-cao-11p-p12710511.html?spid=12710515
12060374,Bộ 10 quần lót nữ cotton mềm mại M07,167000.0,167000.0,0.0,0.0,0,9455,,https://tiki.vnbo-10-quan-lot-nu-cotton-mem-mai-m07-p12060374.html?spid=60342504
7801206,"Combo 5 quần lót đúc lọt khe QTK05, Freesize",93200.0,93200.0,0.0,0.0,0,309142,,https://tiki.vncombo-5-quan-lot-duc-lot-khe-qtk05-freesize-p7801206.html?spid=200821886
6925893,Áo Lót Không Gọng Đệm Mỏng Có Ren MS029,167000.0,167000.0,0.0,0.0,0,9455,,https://tiki.vnao-lot-khong-gong-dem-mong-co-ren-ms029-p6925893.html?spid=9185630
6625047,Áo Lót Ngực Nhật Đệm Dày,167000.0,167000.0,0.0,4.7,3,9455,,https://tiki.vnao-lot-nang-nguc-nhat-dem-day-p6625047.html?spid=9835043
6536191,Áo Ngực Không Gọng Cup Ngang Đúc Su Bàn Tay Mút Dày,167000.0,167000.0,0.0,0.0,0,9455,,https://tiki.vnao-nguc-khong-gong-cup-ngang-duc-su-ban-tay-mut-day-p6536191.html?spid=67982742
278963610,"Áo dài Hoàng Lam NGADO , áo dài Tết , áo dài cách tân , áo dài truyền thống",1300000.0,1300000.0,0.0,0.0,0,344204,,https://tiki.vna-o-da-i-hoang-lam-ngado-a-o-da-i-te-t-a-o-da-i-ca-ch-tan-a-o-da-i-truye-n-tho-ng-p278963610.html?spid=278963612
278742764,"Áo Thun Tăm Phối Cổ Sơ Mi Viền Nổi Bật – Áo Nữ Tay Ngắn Form Dễ Thương Thanh Lịch, Dễ Phối Đồ",205000.0,205000.0,0.0,0.0,0,282163,,https://tiki.vnao-thun-tam-phoi-co-so-mi-vien-noi-bat-ao-nu-tay-ngan-form-de-thuong-thanh-lich-de-phoi-do-p278742764.html?spid=278742770
278099537,"Set Váy Ngủ Sexy Đẹp Quyến Rũ Gợi Cảm,Set Đồ Ngủ Gợi Cảm, Set Áo Liền Quần Co Dãn Sexy, Váy Ngủ Có Mút Ngực Gợi Cảm C081",139000.0,139000.0,0.0,0.0,0,186696,,https://tiki.vnset-vay-ngu-sexy-dep-quyen-ru-goi-cam-set-do-ngu-goi-cam-set-ao-lien-quan-co-dan-sexy-vay-ngu-co-mut-nguc-goi-cam-c081-p278099537.html?spid=278099541
278088772,"Áo nỉ sweater nam nữ cute - Áo cặp thu đông quàng thượng - D01, D01",149250.0,149250.0,0.0,0.0,0,162792,,https://tiki.vnao-ni-sweater-nam-nu-cute-ao-cap-thu-dong-quang-thuong-p278088772.html?spid=278088791
278004439,"Áo lót bra ba lỗ nữ seamless 709 – Mềm mại, nâng đỡ nhẹ nhàng, ôm sát",36480.0,48000.0,11520.0,0.0,0,112944,,https://tiki.vnao-lot-bra-ba-lo-nu-seamless-709-mem-mai-nang-do-nhe-nhang-om-sat-p278004439.html?spid=278004440
277761492,Đầm maxi cổ vuông thắt  nơ phối viền sang trọng,219000.0,219000.0,0.0,0.0,0,20897,,https://tiki.vndam-maxi-co-vuong-that-no-phoi-vien-sang-trong-p277761492.html?spid=277761494
277741618,Áo khoác Nỉ Dệt Có Nón In Chữ SO What đẹp cực chất-A2113 - Nâu,249000.0,249000.0,0.0,0.0,0,204632,,https://tiki.vnao-khoac-ni-det-co-non-in-chu-so-what-dep-cuc-chat-a2113-p277741618.html?spid=277741626
276132210,sản phẩm đồ bộ cao cấp nữ,230000.0,230000.0,0.0,0.0,0,242150,,https://tiki.vnsan-pham-do-bo-cao-cap-nu-p276132210.html?spid=276132226
274211356,Đầm dự tiệc MINA thiết kế dáng xoè midi cổ V xếp ly sang trọng - MN182,540000.0,540000.0,0.0,0.0,0,183689,,https://tiki.vndam-du-tiec-mina-thiet-ke-dang-xoe-midi-co-v-xep-ly-sang-trong-mn182-p274211356.html?spid=274211362
272857815,Set Đồ Nữ LINEN Haint Boutique Sơ Mi Cổ Vest Mix Short Lửng Chất Vải Mềm Mát Phong Cách Ulzzang Bv05,349000.0,349000.0,0.0,0.0,0,10738,,https://tiki.vnset-do-nu-linen-haint-boutique-so-mi-co-vest-mix-short-lung-chat-vai-mem-mat-phong-cach-ulzzang-bv05-p272857815.html?spid=272857819
263099771,Đầm ngủ phi lụa cao cấp WANNABE DNS37 váy ngủ satin lụa phối ren eo tạo đường cong hoàn mỹ nữ tính xinh xắn,500000.0,500000.0,0.0,0.0,0,5383,,https://tiki.vndam-ngu-phi-lua-cao-cap-wannabe-dns37-phoi-ren-suon-nu-tinh-xinh-xan-p263099771.html?spid=263099783
251534581,"Đầm ngủ WANNABE DNS72 váy ngủ cổ yếm phối bản ren xinh xắn, tùng xòe tạo vẻ ngây thơ thiên thần cho bạn gái",350000.0,350000.0,0.0,0.0,0,5383,,https://tiki.vndo-ngu-nu-wannabe-dns72-dam-ngu-co-yem-phoi-ban-ren-xinh-xan-la-mat-p251534581.html?spid=251534585
164550936,"AUTHENTIC, mã G54. Hãy tỏa sáng như kim cương, qua chiếc áo thun Goking siêu hot cho nam nữ trẻ em, áo phông cặp đôi, gia đình, đội nhóm",69000.0,69000.0,0.0,4.8,5,18138,,https://tiki.vnauthentic-ma-g54-ao-thun-nu-sieu-dep-ao-phong-nu-thoat-nhiet-goking-hang-hieu-p164550936.html?spid=250562970
162562969,Set 10 quần lót ko viền  có ren trước size fom to xxl (MS5402),273000.0,273000.0,0.0,0.0,0,188535,,https://tiki.vnset-10-quan-lot-ko-vien-co-ren-truoc-size-fom-to-xxl-ms5402-p162562969.html?spid=162562979
145290253,"Chân Váy Cống Sở  New Design Thiết Kế Váy Chữ A ,Lệch Tà Phối Nút Có Túi Phong Cách Hàn Quốc, Vải Tốt ,Co Giãn  CV0021",328000.0,328000.0,0.0,3.5,2,247663,,https://tiki.vnchan-vay-cong-so-dang-xoe-ta-dap-hang-tu-thiet-ke-theo-yeu-cau-chat-vai-nhap-co-do-co-gian-tot-p145290253.html?spid=145290266
134919440,ÁO NƠ BÊN,125000.0,125000.0,0.0,5.0,1,20897,,https://tiki.vnao-no-ben-p134919440.html?spid=134919456
134381161,"áo đũi nữ hoạ tiết thêu - sang chảnh, siêu mát cho mùa hè (Q3)",145000.0,145000.0,0.0,5.0,1,226391,,https://tiki.vnao-dui-nu-hoa-tiet-theu-sang-chanh-sieu-mat-cho-mua-he-q3-p134381161.html?spid=134381898
132923525,áo dài cách tân - xanh mint quần xanh - S,2200000.0,2200000.0,0.0,5.0,1,76045,,https://tiki.vnao-dai-cach-tan-p132923525.html?spid=276832078
121400742,"Áo ngực, áo lót Boya trơn siêu dầy",107900.0,130000.0,22100.0,0.0,0,112944,,https://tiki.vnao-nguc-ao-lot-boya-tron-sieu-day-p121400742.html?spid=142098720
107155356,Quần chip lọt khe kẹp tất ren - Hồng,45000.0,45000.0,0.0,0.0,0,195824,,https://tiki.vnquan-chip-lot-khe-kep-tat-ren-hong-p107155356.html?spid=107155358
107154562,Váy ngủ sexy ren - Trắng,35000.0,35000.0,0.0,0.0,0,195824,,https://tiki.vnvay-ngu-sexy-ren-trang-p107154562.html?spid=107154567
101185551,Set 10 Quần lót ren hoa hồng  hàng việt nam loại cao cấp (Từ 35kg đến 70kg),199500.0,199500.0,0.0,0.0,0,188535,,https://tiki.vnset-10-quan-lot-ren-hoa-hong-hang-viet-nam-loai-cao-cap-tu-35kg-den-70kg-p101185551.html?spid=101185558
96991475,Quần lót nữ ren nữ sexy thoáng mát,39000.0,39000.0,0.0,4.7,3,49140,,https://tiki.vnquan-lot-nu-ren-nu-sexy-thoang-mat-p96991475.html?spid=96991479
79436902,Combo 2 quần lót nữ cotton co dãn 4 chiều Flexi Miley Lingerie,105000.0,158000.0,53000.0,5.0,2,8827,,https://tiki.vncombo-2-quan-lot-nu-cotton-co-dan-4-chieu-flexi-miley-lingerie-p79436902.html?spid=79436908
75185590,De Leah - Đầm Ôm A Khuy Trước - Đen,875000.0,875000.0,0.0,0.0,0,10143,,https://tiki.vnde-leah-dam-om-a-khuy-truoc-den-p75185590.html?spid=75185596
74676031,Áo dài nữ hồng vàng họa tiết hoa hồng,300000.0,300000.0,0.0,0.0,0,34571,,https://tiki.vnao-dai-nu-hong-vang-hoa-tiet-hoa-hong-p74676031.html?spid=74676035
58234428,"Đồ bộ mặc nhà pijama, lụa satin sang trọng",135000.0,135000.0,0.0,2.0,4,169077,,https://tiki.vndo-bo-ngu-nu-lua-mac-nha-pijama-sang-trong-p58234428.html?spid=103787783
56112479,Combo 5 Quần Lót Nữ Ren Hoa Miley Lingerie Lily Flower FLS03 -  Màu ngẫu nhiên,249000.0,249000.0,0.0,4.5,16,8827,,https://tiki.vnquan-lot-nu-ren-ep-bong-sexy-combo-5-miley-lingerie-lily-flower-fls_0103-0203-0213-0903-1203-p56112479.html?spid=56112481
52429874,ÁO THUN UNISEX BÓNG CHÀY PONY - 4450089/90/91LXQ4,99000.0,99000.0,0.0,0.0,0,44434,,https://tiki.vnao-thun-unisex-bong-chay-pony-4450089-90-91lxq4-p52429874.html?spid=52429902
51837452,Áo Lót Ngực Bra 3 Dây Siêu Hot AL03,20000.0,20000.0,0.0,5.0,1,112436,,https://tiki.vnao-lot-nguc-bra-3-day-sieu-hot-al03-p51837452.html?spid=51837456
47328075,Áo Dài Hoa Sen Truyền Thống,360000.0,360000.0,0.0,0.0,0,9455,,https://tiki.vnao-dai-hoa-sen-truyen-thong-p47328075.html?spid=72890006
44005994,CHÂN VÁY XÒE CAO CẤP,137000.0,137000.0,0.0,5.0,3,20897,,https://tiki.vnchan-vay-xoe-cao-cap-p44005994.html?spid=44005999
43126422,Áo choàng ngủ Kimono chất voan cực mát,69000.0,69000.0,0.0,4.5,4,49140,,https://tiki.vnao-choang-ngu-kimono-chat-voan-cuc-mat-p43126422.html?spid=43126423
12302696,ÁO LÓT  NGỰC MÚT DÀY KHÔNG GỌNG,167000.0,167000.0,0.0,5.0,1,9455,,https://tiki.vnao-lot-nguc-mut-day-khong-gong-p12302696.html?spid=56822558
12050431,ÁO NGỰC MÚT MỎNG KHÔNG GỌNG CAO CẤP E194,156000.0,156000.0,0.0,3.0,1,9455,,https://tiki.vnao-nguc-mut-mong-khong-gong-cao-cap-e194-p12050431.html?spid=52093613
3744967,Combo 3 Quần Lót Nữ Jobelli 1352 (Size,186000.0,186000.0,0.0,3.3,3,7176,,https://tiki.vncombo-3-quan-lot-nu-jobelli-1352-p3744967.html?spid=3790255
3744939,Combo 3 Quần Lót Nữ Jobelli 1268 (Size,207000.0,207000.0,0.0,0.0,0,7176,,https://tiki.vncombo-3-quan-lot-nu-jobelli-1268-p3744939.html?spid=3790223
3744899,Combo 5 Quần Lót Nữ Jobelli 1261 (Size,245000.0,245000.0,0.0,0.0,0,7176,,https://tiki.vncombo-5-quan-lot-nu-jobelli-1261-p3744899.html?spid=3790185
278879846,"Đầm đỏ xếp ly cổ thuỷ thủ NGADO , đầm dài , đầm kiểu , đầm công sở , dự tiệc",950000.0,950000.0,0.0,0.0,0,344204,,https://tiki.vndam-do-xep-ly-co-thuy-thu-ngado-dam-dai-dam-kieu-dam-cong-so-du-tiec-p278879846.html?spid=278879850
278768531,"Bộ Áo Bà Ba Quần Đen Đi Lễ Chùa , Vải Lụa Gấm Cực Đẹp,Mềm Mịn, Set Đồ Lam Đi Chùa Mặc Cực Thoải Mái Duyên Dáng, Kín Đáo - 1 - M",180000.0,180000.0,0.0,0.0,0,361737,,https://tiki.vnbo-ao-ba-ba-quan-den-di-le-chua-vai-lua-gam-cuc-dep-mem-min-set-do-lam-di-chua-mac-cuc-thoai-mai-duyen-dang-kin-dao-1-m-p278768531.html?spid=278768538
278725850,"Đầm hồng sen phối ren NGADO , đầm dài , đầm Nữ , đầm công sở , dự tiệc",950000.0,950000.0,0.0,0.0,0,344204,,https://tiki.vndam-hong-sen-phoi-ren-ngado-dam-dai-dam-nu-dam-cong-so-du-tiec-p278725850.html?spid=278725852
278156727,"Quần ống rộng nữ, chất liệu Đũi Xước, mềm mịn, dày dặn, mặc mát, quần kiểu nữ form rộng rãi, thoải mái Nesa Shop QT10",84500.0,169000.0,84500.0,0.0,0,249310,,https://tiki.vnquan-ong-rong-nu-chat-lieu-dui-xuoc-mem-min-day-dan-mac-mat-quan-kieu-nu-form-rong-rai-thoai-mai-nesa-shop-qt10-p278156727.html?spid=278156735
278129481,Áo Lót Dán Nâng Ngực Silicon MÀU ĐEN - Áo Bra Dán Ngực Silicon Cài Trước Không Gọng,90000.0,90000.0,0.0,0.0,0,353491,,https://tiki.vna-o-lot-da-n-nang-ngu-c-silicon-mau-den-a-o-bra-dan-nguc-silicon-cai-truoc-khong-gong-p278129481.html?spid=278050406
277950242,Áo khoác nữ nỉ form dài và fom lửng zip tay bồng vải nỉ ngoại có mũ nón 2 lớp form rộng hàng bao chất siêu hot-A2057 - Rêu form dài,239000.0,239000.0,0.0,0.0,0,204632,,https://tiki.vnao-khoac-nu-ni-form-dai-va-fom-lung-zip-tay-bong-vai-ni-ngoai-co-mu-non-2-lop-form-rong-hang-bao-chat-sieu-hot-a2057-p277950242.html?spid=277950295
277741978,Áo khoác chống nắng trơn túi dọc mũ dễ thương nhiều màu lựa chọn-A3040 - Như hình,279000.0,279000.0,0.0,0.0,0,204632,,https://tiki.vnao-khoac-chong-nang-tron-tui-doc-mu-de-thuong-nhieu-mau-lua-chon-a3040-p277741978.html?spid=277741984
276893902,"Áo sơ mi nữ tay ngắn, áo kiểu nữ, chất liệu Đũi mềm mát, form trẻ trung, năng động NeSa Shop",90000.0,179000.0,89000.0,2.5,2,249310,,https://tiki.vnao-so-mi-nu-tay-ngan-ao-kieu-nu-chat-lieu-dui-mem-mat-form-tre-trung-nang-dong-nesa-shop-p276893902.html?spid=276893904
276827848,Quần Jean Ống Rộng Classic Carolina Blue Aaa Jeans,650000.0,650000.0,0.0,0.0,0,539,,https://tiki.vnquan-jean-o-ng-rong-classic-carolina-blue-aaa-jeans-p276827848.html?spid=276827856
276827809,Quần Jean Ống Rộng Classic Air Blue Aaa Jeans,599000.0,650000.0,51000.0,0.0,0,539,,https://tiki.vnquan-jean-o-ng-rong-classic-air-blue-aaa-jeans-p276827809.html?spid=276827815
276126261,Chân váy xòe dài xếp li sang chảnh,139000.0,139000.0,0.0,4.0,3,20897,,https://tiki.vnchan-vay-xoe-dai-xep-li-sang-chanh-p276126261.html?spid=276126281
276125191,Set áo croptop kèm chân váy xòe dài,179000.0,179000.0,0.0,0.0,0,20897,,https://tiki.vnset-ao-croptop-kem-chan-vay-xoe-dai-p276125191.html?spid=276125206
275956264,Quần Jean Nữ Ống Loe Lưng Cao Aaa Jeans,650000.0,650000.0,0.0,0.0,0,539,,https://tiki.vnquan-jean-nu-ong-loe-lung-cao-aaa-jeans-p275956264.html?spid=275960476
270138643,Quần Lót Thể Thao Cao Cấp Size Đại Black Beauty Miley Lingerie,110000.0,110000.0,0.0,0.0,0,8827,,https://tiki.vndo-lot-the-thao-cao-cap-size-dai-black-beauty-miley-lingerie-p270138643.html?spid=270138659
249012660,[KOSUYTU] Áo Chống Nắng Toàn Thân Chất Liệu UMI Kiểu Dáng CROPTOP Kết Hợp Váy Liền Thân 5in1 - CHỐNG NẮNG HOÀN HẢO,388000.0,388000.0,0.0,0.0,0,177515,,https://tiki.vnkosuytu-ao-chong-nang-toan-than-chat-lieu-umi-kieu-dang-croptop-ket-hop-vay-lien-than-5in1-chong-nang-hoan-hao-p249012660.html?spid=249012661
221712181,Váy ren dáng xòe dài ngang gối_CHÂN VÁY REN CÔNG CHÚA DÁNG NGẮN CHE GỐI,189000.0,189000.0,0.0,0.0,0,197061,,https://tiki.vnvay-ren-dang-xoe-dai-ngang-goi_chan-vay-ren-cong-chua-dang-ngan-che-goi-p221712181.html?spid=221712208
203810358,Váy Maxi Đi Biển Suông Dáng Dài Thiết Kế Bồng Bềnh Vetiver Thương Hiệu nOor - NV556,699000.0,699000.0,0.0,0.0,0,221388,,https://tiki.vnvay-maxi-di-bien-suong-dang-dai-thiet-ke-bong-benh-vetiver-thuong-hieu-noor-nv556-p203810358.html?spid=203810373
199535286,"Đồ ngủ bigsize/Yếm ngủ bigsize không mút ngực, chất liệu phi mềm, kèm quần ren gợi cảm",54000.0,54000.0,0.0,0.0,0,223905,,https://tiki.vndo-ngu-bigsize-yem-ngu-bigsize-khong-mut-nguc-chat-lieu-phi-mem-kem-quan-ren-goi-cam-p199535286.html?spid=199535329
194063281,"Đầm suông nữ Haint Boutique, đầm cổ tàu chất đũi mát, thời trang trẻ cho phái nữ Da80",259000.0,259000.0,0.0,5.0,1,10738,,https://tiki.vndam-suong-nu-haint-boutique-dam-co-tau-chat-dui-mat-thoi-trang-tre-cho-phai-nu-da80-p194063281.html?spid=179403714
192909379,P9 Đồ ngủ cosplay sexy gợi cảm,258000.0,258000.0,0.0,0.0,0,267028,,https://tiki.vndo-ngu-cosplay-sexy-goi-cam-p9-do-ngu-nu-hoa-trang-cosplay-xuyen-thau-quyen-ru-p192909379.html?spid=192909381
176545246,"Đồ bơi nữ từ 35-60kg, chất polyester - Áo bơi tay dài cho bé phát triển bơi lâu mà không sợ lạnh",419000.0,419000.0,0.0,4.3,3,194585,,https://tiki.vndo-boi-nu-tu-35-60kg-chat-polyester-ao-tay-dai-cho-be-phat-trien-boi-lau-ma-khong-so-lanh-p176545246.html?spid=176545316
172314406,"Đồ ngủ nữ pijama mặc nhà cao cấp, bộ quần áo ngủ TK1",199000.0,199000.0,0.0,5.0,12,76045,,https://tiki.vndo-ngu-nu-pijama-mac-nha-cao-cap-bo-quan-ao-ngu-tk1-p172314406.html?spid=213924462
170516529,ÁO DÀI TRUYỀN THỐNG HOA NHŨ HOÀNG KIM TẶNG CÀI TÓC,570000.0,570000.0,0.0,0.0,0,273439,,https://tiki.vnao-dai-truyen-thong-hoa-nhu-hoang-kim-tang-cai-toc-p170516529.html?spid=170516531
162025473,Áo sơ mi nữ Haint Boutique tay lỡ cổ chữ V hoạ tiết kẻ sọc thiết kế hợp thời trang sơmi nữ HB174,149000.0,149000.0,0.0,0.0,0,10738,,https://tiki.vnao-so-mi-nu-haint-boutique-tay-lo-co-chu-v-hoa-tiet-ke-soc-thiet-ke-hop-thoi-trang-somi-nu-hb174-p162025473.html?spid=162025479
161960327,Bodysuit sexy toàn thân ôm body,55000.0,55000.0,0.0,0.0,0,49140,,https://tiki.vnbodysuit-sexy-toan-than-om-body-p161960327.html?spid=161960328
160264804,"Áo sơ mi đũi Haint Boutique, Áo sơ mi nữ cổ V xinh phong cách vitage Sm99",179000.0,179000.0,0.0,5.0,4,10738,,https://tiki.vnao-so-mi-dui-haint-boutique-ao-so-mi-nu-co-v-xinh-phong-cach-vitage-sm99-p160264804.html?spid=160264814
136402337,"Đồ bộ nữ,đồ ngủ mặc nhà lửng áo vải thun cotton phối quần kaki thời trang",145000.0,145000.0,0.0,0.0,0,210028,,https://tiki.vndo-bo-nu-do-ngu-mac-nha-lung-ao-vai-thun-cotton-phoi-quan-kaki-thoi-trang-p136402337.html?spid=136402363
131250458,Combo 5 Quần Lót Nữ Angel size 60 - 75kg (Giao Màu Ngẫu Nhiên),115000.0,115000.0,0.0,0.0,0,188535,,https://tiki.vncombo-5-quan-lot-nu-angel-size-60-75kg-giao-mau-ngau-nhien-p131250458.html?spid=198823109
113050911,Áo khoác nữ Áo khoát nữ kaki chống nắng CHAO KIOS đẹp cá tính hàng rất đẹp-A114,256450.0,256450.0,0.0,5.0,2,204632,,https://tiki.vnao-khoac-nu-ao-khoat-nu-kaki-chong-nang-chao-kios-dep-ca-tinh-hang-rat-dep-a114-p113050911.html?spid=113050945
107154471,Quần Lọt quần chip Khe Nữ Ren Xẻ Đáy Freesize SEXY - Trắng,9000.0,9000.0,0.0,4.0,1,195824,,https://tiki.vnquan-lot-quan-chip-khe-nu-ren-xe-day-freesize-sexy-trang-p107154471.html?spid=107154476
104511886,ÁO HOODIE - ÁO KHOÁC NỈ NGOẠI Funny Day (HD2270 - Thỏ Trái Đất),77800.0,77800.0,0.0,0.0,0,107387,,https://tiki.vnao-hoodie-ao-khoac-ni-ngoai-funny-day-hd2270-tho-trai-dat-p104511886.html?spid=107324862
103431559,Quần ống rộng nữ 1 cúc trước chất tuyết mưa nhiều màu tự nhiên,47000.0,47000.0,0.0,2.8,5,197849,,https://tiki.vnquan-ong-rong-nu-1-cuc-truoc-chat-tuyet-mua-nhieu-mau-tu-nhien-p103431559.html?spid=186645522
82092219,"ÁO CHỐNG NẮNG NỮ, ÁO CHỐNG NẮNG TOÀN THÂN ĐỤC LỖ . ÁO CHỐNG NẮNG DÀI",110935.0,110935.0,0.0,3.0,3,264288,,https://tiki.vnao-chong-nang-nu-ao-chong-nang-toan-than-duc-lo-ao-chong-nang-dai-p82092219.html?spid=183579104
72764159,Đầm Ôm Đầm Body Đẹp Váy Body Dự Tiệc Thời trang thiết kế Hity  DRE107 (Đen Huyền Bí),1399000.0,1399000.0,0.0,0.0,0,255,,https://tiki.vndam-om-dam-body-dep-vay-body-du-tiec-thoi-trang-thiet-ke-hity-dre107-den-huyen-bi-p72764159.html?spid=72764164
55023823,"Set Đồ Bơi 3 Mảnh Rực Rỡ Nắng Hè AT167 MayHomes Bộ Đồ Áo Bơi Nữ, Quần Bơi Nữ Và Váy Bơi Nữ",129000.0,139000.0,10000.0,4.5,114,5826,,https://tiki.vnset-do-boi-3-manh-ruc-ro-nang-he-at167-mayhomes-bo-do-ao-boi-nu-quan-boi-nu-va-vay-boi-nu-p55023823.html?spid=55023835
40811393,Đầm Vintage Chấm Bi,173000.0,173000.0,0.0,1.8,4,20897,,https://tiki.vndam-vintage-cham-bi-p40811393.html?spid=40811409
19589804,Áo dài Gấm in,350000.0,350000.0,0.0,0.0,0,10328,,https://tiki.vnao-dai-gam-in-p19589804.html?spid=19589810
17492579,Quần Legging Nữ Co Dãn 4 Chiều Công Sở - Gxoazy Fashion trend,75000.0,75000.0,0.0,4.5,6,49140,,https://tiki.vnquan-legging-nu-co-dan-4-chieu-cong-so-gxoazy-fashion-trend-p17492579.html?spid=17492581
14815744,Chân Váy Serena,135000.0,135000.0,0.0,4.5,15,20897,,https://tiki.vnchan-vay-serena-p14815744.html?spid=14815760
9982241,"Áo khoác nữ thoát nhiệt Nhật Bản Goking, 6 túi to tiện dụng, vải thun 100% cotton mỏng nhẹ thoáng mát, thấm hút mồ hôi. Áo chống nắng hàng hiệu cao cấp",275000.0,275000.0,0.0,4.6,451,18138,,https://tiki.vnao-khoac-chong-nang-nu-goking-p9982241.html?spid=44385930
279070043,"Áo dài Khuê Cát NGADO , áo dài Tết , áo dài cách tân , áo dài truyền thống",1300000.0,1300000.0,0.0,0.0,0,344204,,https://tiki.vna-o-da-i-khue-cat-ngado-a-o-da-i-te-t-a-o-da-i-ca-ch-tan-a-o-da-i-truye-n-tho-ng-p279070043.html?spid=279070051
278995428,"Áo dài Yên Đào NGADO , áo dài Tết , áo dài cách tân , áo dài truyền thống",1300000.0,1300000.0,0.0,0.0,0,344204,,https://tiki.vna-o-da-i-yen-dao-ngado-a-o-da-i-te-t-a-o-da-i-ca-ch-tan-a-o-da-i-truye-n-tho-ng-p278995428.html?spid=278995430
278476178,Chân Váy Thời Trang Kiểu Đuôi Cá CVO05 MayHomes Chân Váy Midi  Chất Liệu Ren,129000.0,139000.0,10000.0,5.0,2,5826,,https://tiki.vnchan-vay-thoi-trang-kieu-duoi-ca-cvo01-mayhomes-chan-vay-midi-chat-lieu-ren-p278476178.html?spid=278476180
277741794,Áo khoác nỉ nỉ dệt dày túi trong xitin ngộ nghĩnh-A2123 - Be,249000.0,249000.0,0.0,0.0,0,204632,,https://tiki.vnao-khoac-ni-ni-det-day-tui-trong-xitin-ngo-nghinh-a2123-p277741794.html?spid=277741806
277740936,Áo khoát nữ hàn quốc dù trượt nước 2 lớp hàng bao chất cực chuẩn-A2093 - Trắng,229000.0,229000.0,0.0,0.0,0,204632,,https://tiki.vnao-khoat-nu-han-quoc-du-truot-nuoc-2-lop-hang-bao-chat-cuc-chuan-a2093-p277740936.html?spid=277740960
276316659,"Áo Lót Nữ, Áo Lót Đúc Su Đệm Dày Siêu Nâng Ngực Tạo Khe Quyến Rũ, Áo Ngực Su Bàn Tay Không Gọng",45000.0,45000.0,0.0,0.0,0,57800,,https://tiki.vnao-lot-nu-ao-lot-duc-su-dem-day-sieu-nang-nguc-tao-khe-quyen-ru-ao-nguc-su-ban-tay-khong-gong-p276316659.html?spid=276316671
275957360,Quần jean ống rộng classic indigo Aaa Jeans,599000.0,650000.0,51000.0,0.0,0,539,,https://tiki.vnquan-jean-ong-rong-classic-indigo-aaa-jeans-p275957360.html?spid=275960496
275925044,"Quần short nữ cạp cao, chất liệu vải bền mát, thiết kế trẻ trung, năng động, quần đùi nữ NeSa Shop, QTN01 - S <45kg, Eo 65cm",49500.0,99000.0,49500.0,0.0,0,249310,,https://tiki.vnquan-short-nu-cap-cao-chat-lieu-vai-ben-mat-thiet-ke-tre-trung-nang-dong-quan-dui-nu-nesa-shop-qtn01-p275925044.html?spid=275925046
273159563,"Áo giữ nhiệt nữ thun tăm thu đông cổ tròn Vicci co giãn 4 chiều, ôm sát cơ thể tạo vóc dáng thon gọn",108000.0,199000.0,91000.0,5.0,1,2049,,https://tiki.vnao-giu-nhiet-nu-thun-tam-thu-dong-co-tron-vicci-co-gian-4-chieu-om-sat-co-the-tao-voc-dang-thon-gon-p273159563.html?spid=273159619
272556413,Chân váy lụa dài dáng đuôi cá cạp trễ cao cấp,380000.0,380000.0,0.0,5.0,2,247663,,https://tiki.vnchan-vay-lua-dai-dang-duoi-ca-cap-tre-cao-cap-p272556413.html?spid=272556421
263682996,Quần lót ren lọt khe hở đáy sexy gợi cảm THE CELYNBRA,29000.0,29000.0,0.0,5.0,2,49140,,https://tiki.vnquan-lot-ren-lot-khe-ho-day-sexy-goi-cam-the-celynbra-p263682996.html?spid=263683000
251396418,"HAPPY HALLOWEEN, mã G181. Hãy tỏa sáng như kim cương, qua chiếc áo thun Goking siêu hot cho nam nữ trẻ em, áo phông cặp đôi, gia đình, đội nhóm",69000.0,69000.0,0.0,0.0,0,18138,,https://tiki.vnhappy-halloween-ma-g181-ao-thun-in-dep-cho-nam-nu-cap-doi-gia-dinh-ao-phong-goking-hang-hieu-cao-cap-p251396418.html?spid=251396492
191740364,Dây áo ngực dây áo bra dây thay thế áo quây hay áo trễ vai nữ tính ngọc nhựa abs,145000.0,145000.0,0.0,5.0,1,19782,,https://tiki.vnday-ao-nguc-day-ao-bra-day-thay-the-ao-quay-hay-ao-tre-vai-nu-tinh-ngoc-nhua-abs-p191740364.html?spid=191740368
187826576,Áo Croptop nữ kiểu 2NDDATE TOP027,349500.0,349500.0,0.0,0.0,0,292406,,https://tiki.vnao-croptop-nu-kieu-2nddate-top027-p187826576.html?spid=187826623
172909777,"Art Tiger, mã G102. Hãy tỏa sáng như kim cương, qua chiếc áo thun Goking siêu hot cho nam nữ trẻ em, áo phông cặp đôi, gia đình, đội nhóm",69000.0,69000.0,0.0,5.0,8,18138,,https://tiki.vnma-g102-ao-thun-nu-nam-in-dau-ho-sieu-dep-ao-phong-thoat-nhiet-goking-hang-hieu-cao-cap-p172909777.html?spid=251006736
164549005,"I love you, mã G98. Hãy tỏa sáng như kim cương, qua chiếc áo thun Goking siêu hot cho nam nữ trẻ em, áo phông cặp đôi, gia đình, đội nhóm",69000.0,69000.0,0.0,4.7,11,18138,,https://tiki.vni-love-you-ma-g98-ao-thun-nu-nam-in-sieu-dep-ao-phong-thoat-nhiet-goking-hang-hieu-cao-cap-p164549005.html?spid=248342095
146365911,Áo nâng ngực cao cấp quyến rũ sexy thời trang Hàn Quốc big size lớn dona21120406,175000.0,175000.0,0.0,0.0,0,40888,,https://tiki.vnao-nang-nguc-cao-cap-quyen-ru-sexy-thoi-trang-han-quoc-big-size-lon-dona21120406-p146365911.html?spid=146365915
138039920,COMBO 5 QUẦN BÔNG ÉP HOA CÚC SEXY 817,149850.0,185000.0,35150.0,0.0,0,112944,,https://tiki.vncombo-5-quan-bong-ep-hoa-cuc-sexy-817-p138039920.html?spid=138039921
126677093,Đồ bộ đùi lụa - #2 - L ( 53kg - 62kg ),145000.0,145000.0,0.0,0.0,0,361737,,https://tiki.vndo-bo-dui-lua-p126677093.html?spid=278768650
125938305,"Quần lót nữ, combo 10 quần lót thun lạnh phối ren",210000.0,210000.0,0.0,0.0,0,361737,,https://tiki.vnquan-lot-nu-combo-10-quan-lot-thun-lanh-phoi-ren-p125938305.html?spid=277974161
124489767,"Đầm ngủ, váy ngủ phi không mút 2 dây viền ren 2 bên sexy quyến rũ 834",56000.0,56000.0,0.0,4.5,16,223905,,https://tiki.vndam-ngu-vay-ngu-phi-khong-mut-2-day-vien-ren-2-ben-sexy-quyen-ru-834-p124489767.html?spid=124489796
118035954,Bộ Đi Lễ Chùa - Đồ Lam Nữ Đi Chùa Đẹp Cao Cấp Trang Nhã Vải Lụa Hoa Nổi 2021 Dành Cho Phật Tử AL002,203000.0,203000.0,0.0,0.0,0,195821,,https://tiki.vnbo-di-le-chua-do-lam-nu-di-chua-dep-cao-cap-trang-nha-vai-lua-hoa-noi-2021-danh-cho-phat-tu-al002-p118035954.html?spid=118035978
113051064,Áo khoác nữ Áo khoát nữ kaki chống nắng FANYU cute cực chất-A084,256450.0,256450.0,0.0,0.0,0,204632,,https://tiki.vnao-khoac-nu-ao-khoat-nu-kaki-chong-nang-fanyu-cute-cuc-chat-a084-p113051064.html?spid=113051080
90642343,áo sơ mi cổ v họa tiết sọc xinh xắn ale12,179000.0,179000.0,0.0,0.0,0,10738,,https://tiki.vnao-so-mi-co-v-hoa-tiet-soc-xinh-xan-ale12-p90642343.html?spid=90642355
86773262,SƠ MI CÔNG SỞ THANH LỊCH ĐỦ MÀU ĐỦ SIZE SM147,159000.0,159000.0,0.0,0.0,0,10738,,https://tiki.vnso-mi-cong-so-thanh-lich-du-mau-du-size-sm147-p86773262.html?spid=86773374
85400189,Quần lót nữ cotton du lịch Etravel dùng một lần,139000.0,139000.0,0.0,5.0,13,65588,,https://tiki.vnquan-lot-cotton-du-lich-etravel-dung-mot-lan-p85400189.html?spid=85400197
73719141,Quần lót lọt khe phối ren xuyên thấu quyến rũ gợi cảm cho nữ,25000.0,25000.0,0.0,4.6,5,49140,,https://tiki.vnquan-lot-lot-khe-phoi-ren-xuyen-thau-quyen-ru-goi-cam-cho-nu-p73719141.html?spid=73719149
68046455, Quần tây nữ ống rộng Ulzzang Quảng Châu QDV7,159000.0,159000.0,0.0,3.6,7,10738,,https://tiki.vnquan-tay-nu-ong-rong-ulzzang-quang-chau-qdv7-p68046455.html?spid=76160404
66968527,Áo Khoác Nỉ Nữ Lazy Puppy Bền Bỉ Trẻ Trung,65000.0,65000.0,0.0,4.5,43,157006,,https://tiki.vnao-khoac-ni-nu-lazy-puppy-ben-bi-tre-trung-p66968527.html?spid=73116821
66719318,Áo Len Nữ Cổ Chui Thời Trang Mới Hàn Quốc ALN035 MayHomes Thời Trang Thu Đông,144000.0,155000.0,11000.0,4.8,25,5826,,https://tiki.vnao-len-nu-co-chui-thoi-trang-moi-han-quoc-aln035-mayhomes-thoi-trang-thu-dong-p66719318.html?spid=66719322
57967766,Đồ bộ ngủ Pijama mặc nhà Lụa Gấm tay ngắn quần dài - dài cộc phối bèo họa tiết dưới 62kg cho bạn nữ cực xinh và dễ thương,160000.0,160000.0,0.0,0.0,0,169077,,https://tiki.vndo-bo-ngu-pijama-mac-nha-lua-gam-tay-ngan-quan-dai-dai-coc-phoi-beo-hoa-tiet-duoi-62kg-cho-ban-nu-cuc-xinh-va-de-thuong-p57967766.html?spid=103789126
56966974,"Váy maxi 2 dây chấm bi vàng, bèo nhún cách điệu trước, tôn dáng, đầm voan đi biển cá tính, họa tiết chấm bi dễ mặc | MX053",280000.0,280000.0,0.0,0.0,0,63850,,https://tiki.vnvay-maxi-2-day-cham-bi-vang-beo-nhun-cach-dieu-truoc-dam-voan-di-bien-ca-tinh-mx053-p56966974.html?spid=56966976
34592981,Áo Sơ Mi Sọc Hana,119000.0,119000.0,0.0,4.3,87,20897,,https://tiki.vnao-so-mi-soc-hana-p34592981.html?spid=34592989
19419951,"Váy ngủ lụa, váy ngủ 2 dây, váy ngủ mặc nhà, váy ngủ lụa phối ren",217000.0,217000.0,0.0,5.0,2,9455,,https://tiki.vnvay-ngu-lua-vay-ngu-2-day-vay-ngu-mac-nha-vay-ngu-lua-phoi-ren-p19419951.html?spid=54045871
14837910,Chân Váy Galice,135000.0,135000.0,0.0,4.3,6,20897,,https://tiki.vnchan-vay-galice-p14837910.html?spid=14837916
14257808,Bộ 3 Quần Lót Nữ High-Cut Phối Ren Miley Lingerie,186000.0,186000.0,0.0,4.2,5,8827,,https://tiki.vnbo-3-quan-lot-nu-high-cut-phoi-ren-miley-lingerie-p14257808.html?spid=56420823
13862233,"Áo khoác nữ thoát nhiệt Nhật Bản Goking 6 túi, áo chống nắng nhẹ, thấm hút mồ hôi, thoải mái vận động",275000.0,275000.0,0.0,4.7,234,18138,,https://tiki.vnao-khoac-thoat-nhiet-nhat-ban-ao-chong-nang-100-cotton-thoang-mat-tham-hut-mo-hoi-p13862233.html?spid=44599175
13295096,Quần Ống Suông Hity PAN032 (Trắng Kim Cương),1499000.0,1499000.0,0.0,0.0,0,255,,https://tiki.vnquan-ong-suong-hity-pan032-trang-kim-cuong-p13295096.html?spid=13295098
10679661,Đầm suông cổ sơ mi Haint Boutique,289000.0,289000.0,0.0,4.1,28,10738,,https://tiki.vndam-suong-co-so-mi-haint-boutique-p10679661.html?spid=56369571
3678847,Đầm suông nữ dáng dài freesize db16,179000.0,179000.0,0.0,4.0,2,10738,,https://tiki.vndam-suong-nu-dang-dai-freesize-db16-p3678847.html?spid=56369620
278719190,"Áo Nỉ Form Rộng In Hình Vịt Siêu To Hot Trend, Chất Nỉ 2 Da Xịn, Áo Sweater Unisex Dáng Dài Che Quần",250000.0,250000.0,0.0,0.0,0,282163,,https://tiki.vnao-ni-form-rong-in-hinh-vit-sieu-to-hot-trend-chat-ni-2-da-xin-ao-sweater-unisex-dang-dai-che-quan-p278719190.html?spid=278719196
278152507,Bộ Đồ Ngủ Lụa Quảng Châu Cao Cấp Hai Dây Xinh Xắn Gợi Cảm,396000.0,396000.0,0.0,0.0,0,6615,,https://tiki.vnbo-do-ngu-lua-quang-chau-cao-cap-hai-day-xinh-xan-goi-cam-p278152507.html?spid=278152509
278101600,"Bodysuit Sexy Đẹp Quyến Rũ Và Gợi Cảm,Set Đồ Ngủ Gợi Cảm, Set Áo Liền Quần Co Dãn Sexy, Váy Ngủ Có Mút Ngực Gợi Cảm C055",99000.0,99000.0,0.0,0.0,0,186696,,https://tiki.vnbodysuit-sexy-dep-quyen-ru-va-goi-cam-set-do-ngu-goi-cam-set-ao-lien-quan-co-dan-sexy-vay-ngu-co-mut-nguc-goi-cam-c055-p278101600.html?spid=278101602
277965173,[LZ] Áo khoác nhung tăm xỏ ngón ( kèm túi trong) phối viền nón dễ thương hàng đẹp-A2196 - Áo thun ngẫu nhiên,169000.0,169000.0,0.0,0.0,0,204632,,https://tiki.vnlz-ao-khoac-nhung-tam-xo-ngon-kem-tui-trong-phoi-vien-non-de-thuong-hang-dep-a2196-p277965173.html?spid=277965215
277964999,[LZ] Áo khoác da lộn nữ da lộn 2 lớp phối màu đẹp siêu chất-A2156 - Áo thun ngẫu nhiên,169000.0,169000.0,0.0,0.0,0,204632,,https://tiki.vnlz-ao-khoac-da-lon-nu-da-lon-2-lop-phoi-mau-dep-sieu-chat-a2156-p277964999.html?spid=277965033
277740728,Áo khoác hoodie TONBORSA nỉ dệt xuất khẩu from cồ hàng đẹp xitin-A2124 - Hồng,249000.0,249000.0,0.0,0.0,0,204632,,https://tiki.vnao-khoac-hoodie-tonborsa-ni-det-xuat-khau-from-co-hang-dep-xitin-a2124-p277740728.html?spid=277740756
277608080,"Đầm đen xếp ly cổ tròn NGADO , đầm thiết kế , đầm dự tiệc, công sở",950000.0,950000.0,0.0,0.0,0,344204,,https://tiki.vndam-den-xep-ly-co-tron-ngado-dam-thiet-ke-dam-du-tiec-cong-so-p277608080.html?spid=277608082
277286086,Đầm sơ mi suông dáng xòe thiết kế tay sắn phối 2 túi sườn trẻ trung vải Linen mềm mại,320000.0,320000.0,0.0,1.0,1,10738,,https://tiki.vndam-so-mi-suong-dang-xoe-thiet-ke-tay-san-phoi-2-tui-suon-tre-trung-vai-linen-mem-mai-p277286086.html?spid=277286094
277180853,"Set áo váy đỏ cổ tim NGADO , Set đồ nữ , Set áo váy thiết kế",1300000.0,1300000.0,0.0,0.0,0,344204,,https://tiki.vnset-ao-vay-do-co-tim-ngado-set-do-nu-set-ao-vay-thiet-ke-p277180853.html?spid=277180861
276857849,"Bộ váy nữ chất linen gồm 1 áo ba lỗ, 1 chân váy suông dáng dài, phong cách Hàn Quốc nhẹ nhàng Bv12",470000.0,470000.0,0.0,0.0,0,10738,,https://tiki.vnbo-vay-nu-chat-linen-gom-1-ao-ba-lo-1-chan-vay-suong-dang-dai-phong-cach-han-quoc-nhe-nhang-bv12-p276857849.html?spid=276857859
276857079,"Set bộ linen gồm áo sơ mi nữ có túi và quần dài ống suông, phong cách nhẹ nhàng, tiểu thư, Hàn Quốc BV08",500000.0,500000.0,0.0,0.0,0,10738,,https://tiki.vnset-bo-linen-gom-ao-so-mi-nu-co-tui-va-quan-dai-ong-suong-phong-cach-nhe-nhang-tieu-thu-han-quoc-bv08-p276857079.html?spid=276857083
276606480,Set áo & chân váy chữ A Epiphany thiết kế cao cấp WHITE CHIC,998000.0,998000.0,0.0,0.0,0,359223,,https://tiki.vnset-ao-chan-vay-chu-a-epiphany-thiet-ke-cao-cap-white-chic-p276606480.html?spid=276606494
276027958,Quần Lót Nữ Không Viền Chất Mịn Thoáng SEAMLESS Miley Lingerie,65000.0,105000.0,40000.0,0.0,0,8827,,https://tiki.vnquan-lot-nu-khong-vien-chat-min-thoang-seamless-miley-lingerie-p276027958.html?spid=276027974
272839831,"Set bộ nữ quần áo linen cổ sơ mi, sét đồ short thời trang ống rộng Haint Boutique Bv05",349000.0,349000.0,0.0,0.0,0,10738,,https://tiki.vnset-bo-nu-quan-ao-linen-co-so-mi-set-do-short-thoi-trang-ong-rong-haint-boutique-bv05-p272839831.html?spid=272839839
270241312,Áo bà ba thun - Có bộ bà ba Bigsize- may sỉ bà ba toàn quốc - May bộ bà ba theo yêu cầu,89000.0,89000.0,0.0,0.0,0,289860,,https://tiki.vnao-ba-ba-thun-truyen-thong-p270241312.html?spid=270241362
263391228,Váy đầm dự tiệc TIFALU LD306 - Đầm trung niên dáng suông ren hoa hồng sang trọng,475000.0,475000.0,0.0,0.0,0,17905,,https://tiki.vnvay-dam-du-tiec-tifalu-ld306-dam-trung-nien-dang-suong-ren-hoa-hong-sang-trong-p263391228.html?spid=263391236
252685220,Quần lót ren nữ sexy đan dây sau Glara,29000.0,29000.0,0.0,0.0,0,103662,,https://tiki.vnquan-lot-ren-nu-sexy-dan-day-sau-glara-p252685220.html?spid=252685222
249779733,Quần lót lọt khe nữ dây sexy,39000.0,39000.0,0.0,0.0,0,49140,,https://tiki.vnquan-lot-lot-khe-nu-day-sexy-p249779733.html?spid=249779739
206542036,quần áo nữ mặc nhà chất lụa hàn,180000.0,180000.0,0.0,5.0,2,242150,,https://tiki.vnquan-ao-nu-mac-nha-chat-lua-han-p206542036.html?spid=206542040
173983403,"Q117 Váy ngủ lụa cao cấp  -  váy ngủ nữ, váy ngủ 2 dây - váy ngủ gợi cảm, váy ngủ sexy - Đầm ngủ lụa mặc nhà hai dây vạt xẻ tà",198000.0,198000.0,0.0,0.0,0,267028,,https://tiki.vnvay-ngu-lua-cao-cap-bt0083-vay-ngu-nu-vay-ngu-2-day-vay-ngu-goi-cam-vay-ngu-sexy-dam-ngu-lua-mac-nha-hai-day-vat-xe-ta-p173983403.html?spid=173983409
163564749,Quần Legging Nữ Nâng Mông LUPERI LP534 dáng trẻ trung có khóa kéo trước không bai không xù không cắn chỉ,365000.0,365000.0,0.0,0.0,0,120615,,https://tiki.vnquan-legging-nu-nang-mong-luperi-lp534-dang-tre-trung-co-khoa-keo-truoc-khong-bai-khong-xu-khong-can-chi-p163564749.html?spid=163564773
157218189,Váy đầm trung niên ren cao cấp GH1,49999.0,49999.0,0.0,0.0,0,76045,,https://tiki.vnvay-dam-trung-nien-ren-cao-cap-gh1-p157218189.html?spid=157218193
142798136,Đồ ngủ sexy nữ Đồ ngủ hai dây phối ren chất lụa phi hai dây chất mịn quyến rũ,85000.0,85000.0,0.0,0.0,0,49140,,https://tiki.vndo-ngu-sexy-nu-do-ngu-hai-day-phoi-ren-chat-lua-phi-hai-day-chat-min-quyen-ru-p142798136.html?spid=142798140
115125926,hộp 5 quần lót nữ cotton cao cấp quanchip nữ xuất nhật kháng khuẩn NU01,130000.0,130000.0,0.0,5.0,1,177515,,https://tiki.vnhop-5-quan-lot-nu-cotton-cao-cap-quanchip-nu-xuat-nhat-khang-khuan-nu01-p115125926.html?spid=278770638
108070587,Áo khoác thun lạnh - 2,209000.0,209000.0,0.0,5.0,1,169077,,https://tiki.vnao-khoac-thun-lanh-p108070587.html?spid=278607745
96131868,COMBO 5 QUẦN LÓT NỮ PHI LỤA PHỐI REN 838,162000.0,200000.0,38000.0,4.5,2,112944,,https://tiki.vncombo-5-quan-lot-nu-phi-lua-phoi-ren-838-p96131868.html?spid=96131869
92753496,Baciami-Đầm Dây Cổ Tim Ôm Body,1157000.0,1157000.0,0.0,0.0,0,178364,,https://tiki.vnbaciami-dam-day-co-tim-om-body-p92753496.html?spid=92753530
90659465,áo khoác nỉ nữ. áo hoodie nữ form rộng HEART 0100,290827.0,290827.0,0.0,0.0,0,204632,,https://tiki.vnproduct-p90659465.html?spid=113226166
83487574, Đồ bộ trung niên,180000.0,180000.0,0.0,0.0,0,9455,,https://tiki.vndo-bo-trung-nien-p83487574.html?spid=276950170
72794736, ÁO CROPTOP TAY DÀI AGE2X HÀNG VNXK CHẤT LƯỢNG CAO,119000.0,119000.0,0.0,0.0,0,40118,,https://tiki.vnao-croptop-tay-dai-age2x-hang-vnxk-chat-luong-cao-p72794736.html?spid=72794754
56343693,"Đầm Hoa Dễ Thương Phong Cách Retro DN077 MayHomes, Thời Trang, Dịu Dàng",111000.0,119000.0,8000.0,3.9,16,5826,,https://tiki.vndam-hoa-de-thuong-phong-cach-retro-dn077-mayhomes-thoi-trang-diu-dang-p56343693.html?spid=56343709
56307223,"Đầm maxi xẻ tà dàng dài, họa tiết hoa nhí màu đẹp, chất voan tơ cao cấp, váy 2 kiểu mặc: 2 dây và vai trần | MX056",280000.0,280000.0,0.0,5.0,1,63850,,https://tiki.vndam-maxi-xe-ta-dang-dai-hoa-tiet-hoa-nhi-mau-dep-chat-voan-to-cao-cap-vay-2-kieu-mac-2-day-va-vai-tran-mx056-p56307223.html?spid=56307227
56303847,"Đầm maxi lụa trắng siêu sang, dáng xòe dài thướt tha, váy maxi 2 dây, lưng trần đan nơ quyến rũ, chất lụa mềm | MX050",280000.0,280000.0,0.0,0.0,0,63850,,https://tiki.vndam-maxi-lua-trang-sieu-sang-dang-xoe-dai-thuot-tha-vay-maxi-2-day-lung-tran-dan-no-quyen-ru-chat-lua-mem-mx050-p56303847.html?spid=56303853
55042458,Đồ Bơi Nữ Hai Mảnh Đa Năng AT168 MayHomes Áo Bơi Nữ Và Quần Bơi Short Nữ,135000.0,145000.0,10000.0,4.5,270,5826,,https://tiki.vndo-boi-nu-hai-manh-da-nang-at168-mayhomes-ao-boi-nu-va-quan-boi-short-nu-p55042458.html?spid=55042472
54504796,ÁO KHOÁC NỮ KAKI 2 LỚP LÓT DÙ SANG ĐẸP QUÝ PHÁI CAO CẤP,415000.0,415000.0,0.0,0.0,0,204632,,https://tiki.vnao-khoac-nu-kaki-2-lop-lot-du-sang-dep-quy-phai-cao-cap-p54504796.html?spid=113227276
52612931,"Váy đầm voan hoa nhí sáng màu nhẹ nhàng nữ tính, maxi dáng bèo xinh xắn dễ mặc, dùng đi biển, du lịch, sự kiện | MX016",320000.0,320000.0,0.0,4.0,2,63850,,https://tiki.vndam-xoe-voan-hoa-nhi-sang-mau-maxi-dang-beo-xinh-xan-de-mac-mx016-p52612931.html?spid=52612939
46306816,Sơ mi trắng cổ V Haint Boutique sm67,138000.0,138000.0,0.0,0.0,0,10738,,https://tiki.vnso-mi-trang-co-v-haint-boutique-sm67-p46306816.html?spid=105673620
21317046,Áo khoác nữ - Áo khoác nữ,352000.0,352000.0,0.0,0.0,0,204632,,https://tiki.vnao-khoac-nu-ao-khoac-nu-p21317046.html?spid=113227742
1818793,Áo Ngực Triumph Sloggi ZERO WHU 04-TL - Đen (Size,499000.0,989000.0,490000.0,4.2,9,2049,,https://tiki.vnao-nguc-triumph-sloggi-zero-whu-04-tl-den-p1818793.html?spid=1820083
278194314,"Quần suông kẻ, hàng quảng châu, chất vải mềm mịn, Quần ống rộng kiểu dáng trẻ trung, phù hợp nhiều lứa tuổi, từ 40-65kg",49500.0,99000.0,49500.0,0.0,0,249310,,https://tiki.vnquan-suong-ke-hang-quang-chau-chat-vai-mem-min-quan-ong-rong-kieu-dang-tre-trung-phu-hop-nhieu-lua-tuoi-tu-40-65kg-p278194314.html?spid=278194316
278157402,"Áo sơ mi kiểu tay lỡ cổ đức, chất liệu Đũi tơ mềm mát, thấm hút mồ hôi, áo kiểu nữ dễ thương, NeSa Shop AT12",94500.0,189000.0,94500.0,4.0,1,249310,,https://tiki.vnao-so-mi-kieu-tay-lo-co-duc-chat-lieu-dui-to-mem-mat-tham-hut-mo-hoi-ao-kieu-nu-de-thuong-nesa-shop-at12-p278157402.html?spid=278157430
278102728,"Bộ Bodysuit Lưới Toàn Thân Xẻ Đáy Táo Bạo, Tôn Dáng Tối Đa Và Khơi Gợi Sự Quyến Rũ Tự Nhiên C037",69000.0,69000.0,0.0,0.0,0,186696,,https://tiki.vnbo-bodysuit-luoi-toan-than-xe-day-tao-bao-ton-dang-toi-da-va-khoi-goi-su-quyen-ru-tu-nhien-c037-p278102728.html?spid=278102729
278012626,QUẦN LÓT SU THÔNG HƠI SIÊU ĐẸP SIÊU MỎNG TỪ 40-60KG DÀNH CHO NỮ,38000.0,38000.0,0.0,0.0,0,311814,,https://tiki.vnquan-lot-su-thong-hoi-sieu-dep-sieu-mong-tu-40-60kg-danh-cho-nu-p278012626.html?spid=278012638
277965543,[LZ] Áo khoác nữ 2 dây kéo siêu hot hàng đẹp-A2137 - Áo thun ngẫu nhiên,169000.0,169000.0,0.0,0.0,0,204632,,https://tiki.vnlz-ao-khoac-nu-2-day-keo-sieu-hot-hang-dep-a2137-p277965543.html?spid=277965579
275881950,"Đồ bộ trung niên, chất liệu mát, thấm hút mồ hôi, đồ bộ nữ kiểu set đi chơi, bộ đồ trung niên cho bà cho mẹ, Nesa TN01",99500.0,199000.0,99500.0,0.0,0,249310,,https://tiki.vndo-bo-trung-nien-chat-lieu-mat-tham-hut-mo-hoi-do-bo-nu-kieu-set-di-choi-bo-do-trung-nien-cho-ba-cho-me-nesa-tn01-p275881950.html?spid=275881985
275812874,Áo hai dây lụa nữ cổ đổ mặc trong vest chất vải satin cao cấp thoáng mát khi mặc - AO0036,199000.0,199000.0,0.0,5.0,2,247663,,https://tiki.vnao-hai-day-lua-nu-co-do-mac-trong-vest-chat-vai-satin-cao-cap-thoang-mat-khi-mac-ao0036-p275812874.html?spid=275812890
275809681,"Set áo sơ mi + quần short ống rộng nữ chất liệu Linen siêu mát, set màu be tôn da không kén dáng BV05",400000.0,400000.0,0.0,0.0,0,10738,,https://tiki.vnset-ao-so-mi-quan-short-ong-rong-nu-chat-lieu-linen-sieu-mat-set-mau-be-ton-da-khong-ken-dang-bv05-p275809681.html?spid=275809689
273904608,OLV - Áo dài AD Diên Hy (Không kèm quần),1300000.0,1300000.0,0.0,0.0,0,147431,,https://tiki.vnolv-ao-dai-ad-dien-hy-khong-kem-quan-p273904608.html?spid=273904612
273509369,"Quần lót ren Q04  cao cấp, sang chảnh",68000.0,68000.0,0.0,0.0,0,348837,,https://tiki.vnquan-lot-ren-cao-cap-sang-chanh-p273509369.html?spid=273509381
273468626,Quần lót nữ cao cấp - LORENCIA Q25,79000.0,79000.0,0.0,0.0,0,348837,,https://tiki.vnquan-lot-nu-cao-cap-lorencia-q25-p273468626.html?spid=273468630
251384781,"Forest Soul, mã G240. Hãy tỏa sáng như kim cương, qua chiếc áo thun Goking siêu hot cho nam nữ trẻ em, áo phông cặp đôi, gia đình, đội nhóm",69000.0,69000.0,0.0,0.0,0,18138,,https://tiki.vnforest-soul-ma-g240-ao-thun-in-dep-cho-nam-nu-cap-doi-gia-dinh-ao-phong-goking-hang-hieu-cao-cap-p251384781.html?spid=251384855
251295989,"BEAR, mã G297. Áo thun in đẹp cho nam nữ, cặp đôi. Áo phông Goking hàng hiệu cao cấp",119000.0,119000.0,0.0,0.0,0,18138,,https://tiki.vnbear-ma-g297-ao-thun-in-dep-cho-nam-nu-cap-doi-ao-phong-goking-hang-hieu-cao-cap-p251295989.html?spid=251296105
216347818,"Đầm Ôm Phối Satin, Đầm Ôm Body Phong Cách Sang Trọng thời trang thiết kếHity DRE084 (Đen Huyền Bí)",1395000.0,1395000.0,0.0,0.0,0,255,,https://tiki.vndam-om-dre084-cosmos-den-huyen-bi-thoi-trang-thiet-ke-hity-p216347818.html?spid=216347820
197174147,"Đầm Xòe Voan Hoa Đuôi Cá Sang Trọng, Nữ Tính, Đầm Voan Dáng Dài Đuôi Cá Trễ Vai Thanh Lịch HB177",299000.0,299000.0,0.0,0.0,0,10738,,https://tiki.vndam-xoe-voan-hoa-duoi-ca-sang-trong-nu-tinh-dam-voan-dang-dai-duoi-ca-tre-vai-thanh-lich-hb177-p197174147.html?spid=197174163
194115420,Đầm Suông Đai Rời De Leah,690000.0,690000.0,0.0,0.0,0,10143,,https://tiki.vndam-suong-dai-roi-de-leah-p194115420.html?spid=194115454
187825387,Quần suông ống đứng nữ kiểu 2NDDATE 2HTR002B,850000.0,850000.0,0.0,0.0,0,292406,,https://tiki.vnquan-suong-ong-dung-nu-kieu-2nddate-2htr002b-p187825387.html?spid=187825432
186638316,Áo ngực su không gọng Isweet,119000.0,119000.0,0.0,5.0,3,174218,,https://tiki.vnao-nguc-su-khong-gong-isweet-p186638316.html?spid=186638336
182995569,Đồ Bơi Hai Mảnh Nữ Tay Dài Quần Dài Họa Tiết Lovely Và Hoa Xinh AT228 MayHomes Long Sleeves And Long Pants Women Swimwear With UPF 50 Sun Protection,173000.0,186000.0,13000.0,4.3,22,5826,,https://tiki.vndo-boi-hai-manh-nu-tay-dai-quan-dai-hoa-tiet-lovely-va-hoa-xinh-at228-mayhomes-long-sleeves-and-long-pants-women-swimwear-with-upf-50-sun-protection-p182995569.html?spid=182995642
181372102,Váy ngủ phối ren xẻ ngực siêu quyến rũ,55000.0,55000.0,0.0,0.0,0,49140,,https://tiki.vnvay-ngu-phoi-ren-xe-nguc-sieu-quyen-ru-p181372102.html?spid=181372106
176881267,"Quần đũi nữ ống rộng, dài - Quần culottes đũi dáng dài ống rộng dáng suông Hot Trend Haint Boutique HB38",149000.0,149000.0,0.0,0.0,0,10738,,https://tiki.vnquan-dui-nu-ong-rong-dai-quan-culottes-dui-dang-dai-ong-rong-dang-suong-hot-trend-haint-boutique-hb38-p176881267.html?spid=176881287
175525784,Áo thun ngắn tay form rộng in chữ thời trang hè nữ Mã 06,129000.0,129000.0,0.0,0.0,0,235034,,https://tiki.vnao-thun-ngan-tay-form-rong-in-chu-thoi-trang-he-nu-ma-06-p175525784.html?spid=175525788
173863798,Combo 3 quần lót nữ mặc váy không đường may bonding iBasic V187,259000.0,297000.0,38000.0,5.0,5,126,,https://tiki.vncombo-3-quan-lot-nu-mac-vay-khong-duong-may-bonding-ibasic-v187-p173863798.html?spid=275263747
166089787,Quần Jeans Nữ Jogger GENVIET TQ111J2133,538000.0,538000.0,0.0,0.0,0,41170,,https://tiki.vnquan-jeans-nu-jogger-genviet-tq111j2133-p166089787.html?spid=166089850
153381244,đồ bộ mặc ở nhà,212500.0,212500.0,0.0,0.0,0,242150,,https://tiki.vndo-bo-mac-o-nha-p153381244.html?spid=153381288
153030215,SET 5 QUẦN LÓT SU NỮ CỰC MỊN MÁT,159000.0,159000.0,0.0,5.0,1,361737,,https://tiki.vnset-5-quan-lot-su-nu-cuc-min-mat-p153030215.html?spid=278482469
138533230,Áo dài xưa - Áo dài gấm may - lụa gấm cao cấp,1400000.0,1400000.0,0.0,5.0,2,76045,,https://tiki.vnao-dai-xua-ao-dai-gam-may-lua-gam-cao-cap-p138533230.html?spid=276643697
134381991,áo kiểu nữ - chất liệu đũi xước tơ phù hợp cho mọi lứa tuổi đến dưới 85kg (A25),139000.0,139000.0,0.0,0.0,0,226391,,https://tiki.vnao-kieu-nu-chat-lieu-dui-xuoc-to-phu-hop-cho-moi-lua-tuoi-den-duoi-85kg-a25-p134381991.html?spid=134382606
133893536,Quần đũi ống rộng cúc khoá chun lưng dáng lỡ kiểu Nhật -Quần ống suông khóa trước dáng lửng siêu HOT,158000.0,158000.0,0.0,0.0,0,235034,,https://tiki.vnquan-du-i-ong-rong-cuc-khoa-chun-lung-dang-lo-kieu-nhat-quan-ong-suong-khoa-truoc-dang-lung-sieu-hot-p133893536.html?spid=133893583
113051758,Áo khoác nữ Áo khoát nữ gió dù 2 lớp chống nắng CÁNH DƠI hàng chuẩn shop đẹp cá tính-A053,189250.0,189250.0,0.0,1.0,1,204632,,https://tiki.vnao-khoac-nu-ao-khoat-nu-gio-du-2-lop-chong-nang-canh-doi-hang-chuan-shop-dep-ca-tinh-a053-p113051758.html?spid=113051829
107155340,Quần lót nữ gợi cảm sexy,25000.0,25000.0,0.0,0.0,0,195824,,https://tiki.vnquan-lot-nu-goi-cam-sexy-p107155340.html?spid=107155347
105707275,"đầm body xẻ đùi, nhún eo",99999.0,99999.0,0.0,0.0,0,76045,,https://tiki.vndam-body-xe-dui-nhun-eo-p105707275.html?spid=169653457
90642579,"Sơ mi nữ 2 túi trước,sơ mi đũi nữ, áo form rộng SM28",149000.0,149000.0,0.0,0.0,0,10738,,https://tiki.vnso-mi-nu-2-tui-truoc-so-mi-dui-nu-ao-form-rong-sm28-p90642579.html?spid=90642600
73736049,ÁO KHOÁC NỮ CHE NẮNG CHẤT THUN LẠNH,199000.0,199000.0,0.0,0.0,0,361737,,https://tiki.vnao-khoac-nu-che-nang-chat-thun-lanh-p73736049.html?spid=278607549
68525681,ÁO KHOÁC HOODIE UNISEX FORM RỘNG NỈ KÉO KHÓA DÂY RÚT,94000.0,94000.0,0.0,3.8,6,107387,,https://tiki.vnao-khoac-hoodie-unisex-form-rong-ni-keo-khoa-day-rut-p68525681.html?spid=80936384
52423201,Áo thun nam nữ 80% Cotton White16,169000.0,169000.0,0.0,0.0,0,1622,,https://tiki.vnao-thun-nam-nu-80-cotton-white16-p52423201.html?spid=52423205
34708482,"Đồ bộ ngủ lụa, đồ bộ mặc nhà, đồ ngủ lụa cao cấp-màu đỏ đô",206000.0,206000.0,0.0,0.0,0,9455,,https://tiki.vndo-bo-ngu-lua-do-bo-mac-nha-do-ngu-lua-cao-cap-mau-do-do-p34708482.html?spid=54446154
278950854,Đầm Maxi Ruzimay Chấm Bi Voan Áo Váy Rời Dáng Dài R1200,430000.0,430000.0,0.0,0.0,0,362481,,https://tiki.vndam-maxi-ruzimay-cham-bi-voan-ao-vay-roi-dang-dai-r1200-p278950854.html?spid=279069925
278815713,Quần Tây Ống Đứng Linen Lệ thời trang thiết kế Hity Pan065,1495000.0,1495000.0,0.0,0.0,0,255,,https://tiki.vnquan-tay-ong-dung-linen-le-thoi-trang-thiet-ke-hity-pan065-p278815713.html?spid=278815719
278526261,Chân váy chữ A xoè midi dài qua gối Vĩ Dạ SKI039 thời trang thiết kế Hity,1795000.0,1795000.0,0.0,0.0,0,255,,https://tiki.vnchan-vay-chu-a-xoe-midi-dai-qua-goi-vi-da-ski039-thoi-trang-thiet-ke-hity-p278526261.html?spid=278526269
278237785,Đầm Ngủ Ren Xuyên Thấu Tôn Dáng Dáng Dài Sang Trọng Quyến Rũ Váy Ngủ Voan Dài Ren Hoa Mềm Mại Nữ Thần Gợi Cảm Đầm Ngủ Lụa Lưới Phối Ren Sexy Đánh Thức Vẻ Đẹp Tiềm Ẩn Đầm Ngủ Body Xuyên Thấu Dây Lưng Bí Ẩn Đầy Mê Hoặc Váy Ngủ Ren Lưới Dài Xẻ Tà C095,149000.0,149000.0,0.0,0.0,0,186696,,https://tiki.vndam-ngu-ren-xuyen-thau-ton-dang-dang-dai-sang-trong-quyen-ru-vay-ngu-voan-dai-ren-hoa-mem-mai-nu-than-goi-cam-dam-ngu-lua-luoi-phoi-ren-sexy-danh-thuc-ve-dep-tiem-an-dam-ngu-body-xuyen-thau-day-lung-bi-an-day-me-hoac-vay-ngu-ren-luoi-dai-xe-ta-c095-p278237785.html?spid=278237786
278101679,"Váy Ngủ Sexy Đẹp Quyến Rũ Và Gợi Cảm,Set Đồ Ngủ Gợi Cảm, Mềm Mại, Co Dãn Sexy, Váy Ngủ Gợi Cảm C026",109000.0,109000.0,0.0,0.0,0,186696,,https://tiki.vnvay-ngu-sexy-dep-quyen-ru-va-goi-cam-set-do-ngu-goi-cam-mem-mai-co-dan-sexy-vay-ngu-goi-cam-c026-p278101679.html?spid=278101680
277383002,"Quần gen bụng tàng hình, quần gen bụng mặc váy chất liệu đúc su thoáng khí nâng mông siết eo dáng đùi",122000.0,149000.0,27000.0,0.0,0,274962,,https://tiki.vnquan-gen-bung-tang-hinh-quan-gen-bung-mac-vay-chat-lieu-duc-su-thoang-khi-nang-mong-siet-eo-dang-dui-p277383002.html?spid=277383006
276855719,"Set áo váy tweed đỏ NGADO , set áo kèm chân váy dáng dài",1300000.0,1300000.0,0.0,0.0,0,344204,,https://tiki.vnset-ao-vay-tweed-do-ngado-set-a-o-ke-m-chan-va-y-da-ng-da-i-p276855719.html?spid=276855723
275157677,"Quần linen short nữ ĐŨI VIỆT ống rộng nhiều màu cho các nàng lựa chọn, phù hợp với mọi dáng người và dễ mặc QD21",199000.0,199000.0,0.0,0.0,0,10738,,https://tiki.vnquan-linen-short-nu-dui-viet-ong-rong-nhieu-mau-cho-cac-nang-lua-chon-phu-hop-voi-moi-dang-nguoi-va-de-mac-qd21-p275157677.html?spid=275157691
275093682,Quần lót lọt khe ren dây Desire cực kỳ sexy,49000.0,49000.0,0.0,0.0,0,49140,,https://tiki.vnquan-lot-lot-khe-ren-day-desire-cuc-ky-sexy-p275093682.html?spid=275093684
270636462,Bộ Trung Niên Phối Áo Voan 2 Lớp Và Quần Đũi Đen Chất Liệu Mát Mẻ Sành Điệu Cá Tính Cho Bà Và Mẹ - Tuấn Tú Store 68,310000.0,310000.0,0.0,4.0,1,158759,,https://tiki.vnbo-trung-nien-phoi-ao-voan-2-lop-va-quan-dui-den-chat-lieu-mat-me-sanh-dieu-ca-tinh-cho-ba-va-me-tuan-tu-store-68-p270636462.html?spid=270636488
270205099,Áo sơ mi nữ dài tay voan mỏng khoác ngoài đi biển oversize nhiều màu Haint Boutique Sm202,179000.0,179000.0,0.0,0.0,0,10738,,https://tiki.vnao-so-mi-nu-dai-tay-voan-mong-khoac-ngoai-di-bien-oversize-nhieu-mau-haint-boutique-p270205099.html?spid=270205105
261028538,Đầm công sở TIFALU dáng suông thêu hoa bigsize,580000.0,580000.0,0.0,0.0,0,17905,,https://tiki.vndam-cong-so-tifalu-dang-suong-theu-hoa-bigsize-p261028538.html?spid=261028548
251396672,"Carlifornia, mã G267. Hãy tỏa sáng như kim cương, qua chiếc áo thun Goking siêu hot cho nam nữ trẻ em, áo phông cặp đôi, gia đình, đội nhóm",69000.0,69000.0,0.0,0.0,0,18138,,https://tiki.vncarlifornia-ma-g267-ao-thun-in-dep-cho-nam-nu-cap-doi-gia-dinh-ao-phong-goking-hang-hieu-cao-cap-p251396672.html?spid=251396927
244298435,"Combo 5 Quần Lót Nữ Thun Lạnh Trơn Thịnh Phát 406, 407, 408, 409 – Mát Lạnh, Co Giãn 4 Chiều",167200.0,220000.0,52800.0,0.0,0,112944,,https://tiki.vncombo-5-quan-lot-nu-thun-lanh-tron-thinh-phat-406-407-408-p244298435.html?spid=244298449
201071504,đồ bộ mặc nhà xinh chất thô thoáng mát,190000.0,190000.0,0.0,0.0,0,242150,,https://tiki.vndo-bo-mac-nha-xinh-chat-tho-thoang-mat-p201071504.html?spid=201071567
199650800,Áo ba lỗ nữ idée cổ tròn vải thun cotton tăm,215000.0,215000.0,0.0,0.0,0,188412,,https://tiki.vnao-ba-lo-nu-idee-co-tron-vai-thun-cotton-tam-p199650800.html?spid=199650820
196898280,"Set bộ đùi mặc nhà dành cho nữ, đồ bộ thun cotton mặc nhà-DUIHOA",179999.0,179999.0,0.0,5.0,1,76045,,https://tiki.vnset-bo-dui-mac-nha-danh-cho-nu-do-bo-thun-cotton-mac-nha-duihoa-p196898280.html?spid=271118566
191298482,"Váy/đầm nữ cộc tay cổ V phối ren vải lanh thoáng mát, dáng suông dài nhiều họa tiết freesize 45 - 65 kg",189000.0,189000.0,0.0,0.0,0,236349,,https://tiki.vnvay-dam-nu-coc-tay-co-v-phoi-ren-vai-lanh-thoang-mat-dang-suong-dai-nhieu-hoa-tiet-freesize-45-65-kg-p191298482.html?spid=191298499
185857991,Đồ ngủ sexy quyến rũ ôm sát Bodysuit,59000.0,59000.0,0.0,0.0,0,49140,,https://tiki.vndo-ngu-sexy-quyen-ru-om-sat-bodysuit-p185857991.html?spid=185857992
184794913,"Đầm voan hoa xòe 2 dây Maxivic, La Mộc - LM0122127",599000.0,599000.0,0.0,0.0,0,36961,,https://tiki.vndam-voan-hoa-xoe-2-day-maxivic-la-moc-lm0122127-p184794913.html?spid=184794919
175645864,Chỉ giặt tay,550000.0,550000.0,0.0,0.0,0,5383,,https://tiki.vndam-ngu-phi-lua-cao-cap-wannabe-dns42-phoi-ren-suon-hai-ben-quyen-ru-goi-cam-p175645864.html?spid=175645872
172908871,"LET'S SAVE THE WORLD TOGETHER, mã G119. Hãy tỏa sáng như kim cương, qua chiếc áo thun Goking siêu hot cho nam nữ trẻ em, áo phông cặp đôi, gia đình, đội nhóm",69000.0,69000.0,0.0,4.8,6,18138,,https://tiki.vnlet-s-save-the-world-together-ma-g119-ao-thun-nu-nam-in-sieu-dep-ao-phong-thoat-nhiet-goking-hang-hieu-cao-cap-p172908871.html?spid=250897945
165015079,Xã kho - Set đồ bộ ngắn xinh,49999.0,49999.0,0.0,0.0,0,76045,,https://tiki.vnxa-kho-set-do-bo-ngan-xinh-p165015079.html?spid=169653394
162562932,Set 10 quần lót nữ chất liệu cotton ren giữa nhiều màu - Hàng Việt Nam(Từ 35kg đến 65kg),157500.0,157500.0,0.0,0.0,0,188535,,https://tiki.vnset-10-quan-lot-nu-chat-lieu-cotton-ren-giua-nhieu-mau-hang-viet-nam-tu-35kg-den-65kg-p162562932.html?spid=162562942
150493330,Quần Tây NỮ Công Sở MẪU 2021 DÁNG ĐẸP - QUẦN VẢI NỮ,139000.0,139000.0,0.0,0.0,0,252876,,https://tiki.vnquan-tay-nu-cong-so-mau-2021-dang-dep-quan-vai-nu-p150493330.html?spid=150493352
133889257,"Áo len nữ, áo len nữ lưới cổ tròn nhiều màu AL39",199000.0,199000.0,0.0,5.0,1,235034,,https://tiki.vnao-len-nu-ao-len-nu-luoi-co-tron-nhieu-mau-al39-p133889257.html?spid=133889295
118023879,Đồ Lam Đi Chùa# Lãnh Tụ Phối Nữ # Đồ Bộ Nữ # Quần Áo Nữ,188000.0,188000.0,0.0,5.0,2,195821,,https://tiki.vndo-lam-di-chua-lanh-tu-phoi-nu-do-bo-nu-quan-ao-nu-p118023879.html?spid=118026161
113053066,Áo khoác nữ Áo khoát nữ kaki chống nắng Túi Hộp Nắp Xéo xinh xinh xinh xinh-A159,256450.0,256450.0,0.0,0.0,0,204632,,https://tiki.vnao-khoac-nu-ao-khoat-nu-kaki-chong-nang-tui-hop-nap-xeo-xinh-xinh-xinh-xinh-a159-p113053066.html?spid=113053081
101279649,Áo Khoác Nữ Chống Nắng Cao Cấp thun gân MS02,231000.0,231000.0,0.0,1.0,1,188535,,https://tiki.vnao-khoac-nu-chong-nang-cao-cap-thun-gan-ms02-p101279649.html?spid=101279652
98156133,Áo khoác unisex form rộng Nỉ Hàn Quốc Heart nam nữ duyên dáng KMG,229675.0,229675.0,0.0,0.0,0,204632,,https://tiki.vnao-khoac-unisex-form-rong-ni-han-quoc-heart-nam-nu-duyen-dang-p98156133.html?spid=113227728
89046891," Quần Lót Su FreeShipXtra Quần Lót Nữ, Quần Xì Nữ - SU",180000.0,180000.0,0.0,0.0,0,238102,,https://tiki.vnquan-lot-su-freeshipxtra-quan-lot-nu-quan-xi-nu-su-p89046891.html?spid=278078258
86773458,Đầm suông nữ phối ren tay,199000.0,199000.0,0.0,0.0,0,10738,,https://tiki.vndam-suong-nu-phoi-ren-tay-p86773458.html?spid=86773572
81579779,"Quần Bơi Nữ Ngắn Quần Bơi Rời Short Thun Lạnh Co Giãn Tốt AT212 MayHomes Quần Short Đa Năng Thể Thao, Bơi Lội, GYM, Spa",73000.0,79000.0,6000.0,5.0,7,5826,,https://tiki.vnquan-boi-nu-ngan-quan-boi-roi-short-thun-lanh-co-gian-tot-at212-mayhomes-quan-short-da-nang-the-thao-boi-loi-gym-spa-p81579779.html?spid=192710264
68722090,ÁO KHOÁC KAKI HỘP  - BOX JACKET UNISEX,310000.0,310000.0,0.0,0.0,0,204632,,https://tiki.vnao-khoac-kaki-hop-box-jacket-unisex-p68722090.html?spid=113225462
51267952,Đồ bộ pijama satin,150000.0,150000.0,0.0,5.0,2,9455,,https://tiki.vndo-bo-pijama-satin-p51267952.html?spid=51500097
40346152,ÁO KHOÁC NỮ FORM RỘNG,160000.0,160000.0,0.0,4.5,19,43788,,https://tiki.vnao-khoac-nu-form-rong-cao-cap-p40346152.html?spid=51115684
14837963,Áo Sơ Mi Tay Nơ Nana,116000.0,116000.0,0.0,4.0,1,20897,,https://tiki.vnao-so-mi-tay-no-nana-p14837963.html?spid=14837967
13709077,Sơ mi trắng công sở dáng dài form rộng Haint Boutique,159000.0,159000.0,0.0,4.3,3,10738,,https://tiki.vnso-mi-trang-cong-so-dang-dai-form-rong-haint-boutique-p13709077.html?spid=56371671
13516231,Sơ mi nữ công sở màu đỏ dài tay phối nơ Sm46- 2xl,149000.0,149000.0,0.0,5.0,1,10738,,https://tiki.vnso-mi-nu-cong-so-mau-do-dai-tay-phoi-no-sm46-p13516231.html?spid=13516241
279018402,"Set áo váy đỏ bút chì NGADO , set áo váy nữ , set công sở , set dự tiệc",1300000.0,1300000.0,0.0,0.0,0,344204,,https://tiki.vnset-ao-vay-do-but-chi-ngado-set-ao-vay-nu-set-cong-so-set-du-tiec-p279018402.html?spid=279018406
278947426,Đầm maxi Ruzimay Style Dáng dài xòe họa tiết,420000.0,420000.0,0.0,0.0,0,362481,,https://tiki.vndam-maxi-ruzimay-style-dang-dai-xoe-hoa-tiet-p278947426.html?spid=278947450
278879052,"Đầm Maxi Trễ Vai, Đầm Dài Đi Tiệc, Đầm Dạ Hội Đen thời trang thiết kế Hity Dre215",4395000.0,4395000.0,0.0,0.0,0,255,,https://tiki.vndam-maxi-tre-vai-dam-dai-di-tiec-dam-da-hoi-den-thoi-trang-thiet-ke-hity-p278879052.html?spid=278879058
278630433,Áo len ngắn tay mongtoghi hoạ tiết kẻ sọc kèm khăn thuỷ thủ,195000.0,195000.0,0.0,0.0,0,282163,,https://tiki.vnao-len-ngan-tay-mongtoghi-hoa-tiet-ke-soc-kem-khan-thuy-thu-p278630433.html?spid=278630435
278610563,Váy thiết kế cổ yếm dáng ngắn xoè bồng nơ bên cao cấp,350000.0,350000.0,0.0,0.0,0,282163,,https://tiki.vnvay-thiet-ke-co-yem-dang-ngan-xoe-bong-no-ben-cao-cap-p278610563.html?spid=278610573
278399253,"Đồ bộ nữ, đồ ngủ mặc nhà lửng tay cánh tiên vải lanh mềm ,mát BL 183 họa tiết dễ thương size 45-70kg",89000.0,89000.0,0.0,0.0,0,210028,,https://tiki.vndo-bo-nu-do-ngu-mac-nha-lung-tay-canh-tien-vai-lanh-mem-mat-bl-183-hoa-tiet-de-thuong-size-45-70kg-p278399253.html?spid=278399291
278052077,ÁO NGỰC THÔNG HƠI KHÔNG GỌNG SIZE TỪ 36-42 DÀNH CHO NỮ,118500.0,118500.0,0.0,0.0,0,311814,,https://tiki.vnao-nguc-thong-hoi-khong-gong-size-tu-36-40-danh-cho-nu-p278052077.html?spid=279170673
278030395,"Set áo váy hồng tay hoa NGADO , set áo váy dài , set áo váy kiểu Nữ",1300000.0,1300000.0,0.0,3.0,1,344204,,https://tiki.vnset-ao-vay-hong-tay-hoa-ngado-set-ao-vay-dai-set-ao-vay-kieu-nu-p278030395.html?spid=278030403
277733943,"Set vest xanh cổ V NGADO , set áo quần Nữ , set công sở",1300000.0,1300000.0,0.0,0.0,0,344204,,https://tiki.vnset-vest-xanh-co-v-ngado-set-ao-quan-nu-set-cong-so-p277733943.html?spid=277733951
277522748,Áo Khoác Nhẹ Áo Khoác Nữ Dù Tay Dài 2407028,699000.0,699000.0,0.0,0.0,0,16414,,https://tiki.vnao-khoac-nhe-ao-khoac-nu-du-tay-dai-2407028-p277522748.html?spid=277522760
276862209,"Bộ công sở gồm áo blazer nữ và quần đùi linen, nhẹ nhàng, đơn giản mà thanh lịch",440000.0,440000.0,0.0,0.0,0,10738,,https://tiki.vnbo-cong-so-gom-ao-blazer-nu-va-quan-dui-linen-nhe-nhang-don-gian-ma-thanh-lich-p276862209.html?spid=276862233
276325584,Bộ đồ ngắn thun cotton trơn GC đơn giản,350000.0,350000.0,0.0,0.0,0,6615,,https://tiki.vnbo-do-ngan-thun-cotton-tron-gc-don-gian-p276325584.html?spid=276325586
275821067,"Đồ bộ trung niên cho bà cho mẹ, chất liệu mát, thấm hút mồ hôi, đồ bộ nữ kiểu set đi chơi , bộ đồ trung niên TN01",99500.0,199000.0,99500.0,0.0,0,249310,,https://tiki.vndo-bo-trung-nien-cho-ba-cho-me-chat-lieu-mat-tham-hut-mo-hoi-do-bo-nu-kieu-set-di-choi-bo-do-trung-nien-tn01-p275821067.html?spid=275821105
275099375,Quần lót nữ Ren Love Sexy - Quyến Rũ - Gợi Cảm Underwear,49000.0,49000.0,0.0,4.0,1,103662,,https://tiki.vnquan-lot-nu-ren-love-sexy-quyen-ru-goi-cam-underwear-p275099375.html?spid=275099381
275041158,"Quần bơi, quần bikini lẻ, đủ dáng tam giác, cạp cao, quần đùi, thắt dây, bèo nhún, vv... chất thun bơi lạnh Hàn Quốc 2 lớp đẹp, dày dặn mịn mát, co giãn 4 chiều tôn dáng gọn gàng",90000.0,90000.0,0.0,0.0,0,63850,,https://tiki.vnquan-boi-quan-bikini-le-du-dang-tam-giac-cap-cao-quan-dui-that-day-beo-nhun-vv-chat-thun-boi-lanh-han-quoc-2-lop-dep-day-dan-min-mat-co-gian-4-chieu-ton-dang-gon-gang-p275041158.html?spid=275041160
270971908,Bikini đồ bơi nữ 2 mảnh dây đeo cổ Bassi tam giác quần lọt khe,155000.0,155000.0,0.0,4.0,2,49140,,https://tiki.vnbikini-do-boi-nu-2-manh-day-deo-co-bassi-tam-giac-quan-lot-khe-p270971908.html?spid=270971913
251486075,"Múa rồng, mã VN5. Áo thun tranh Đông Hồ Việt Nam siêu đẹp. Hãy tỏa sáng như kim cương, qua chiếc áo phông Goking siêu hot cho nam nữ trẻ em, cặp đôi, gia đình, đội nhóm",69000.0,69000.0,0.0,0.0,0,18138,,https://tiki.vnmua-rong-ma-vn5-ao-thun-nam-nu-sieu-dep-ao-phong-thoat-nhiet-goking-hang-hieu-p251486075.html?spid=251486119
251385117,"JUST KEEP RUNNING, mã G265. Hãy tỏa sáng như kim cương, qua chiếc áo thun Goking siêu hot cho nam nữ trẻ em, áo phông cặp đôi, gia đình, đội nhóm",69000.0,69000.0,0.0,0.0,0,18138,,https://tiki.vnjust-keep-running-ma-g265-ao-thun-in-dep-cho-nam-nu-cap-doi-gia-dinh-ao-phong-goking-hang-hieu-cao-cap-p251385117.html?spid=251385581
244317161,"Quần lót nữ thun lạnh phối ren họa tiết Vicci QV.104 mềm mại, sexy, quyến rũ, gợi cảm",40000.0,75000.0,35000.0,5.0,4,2049,,https://tiki.vnquan-lot-nu-thun-lanh-phoi-ren-hoa-tiet-vicci-qv-104-mem-mai-sexy-quyen-ru-goi-cam-p244317161.html?spid=244317185
204278261,"Áo sơ mi nữ công sở cổ V thanh lịch, họa tiết trơn phối viền ren siêu xinh, phong cách Hàn Quốc HB185",159000.0,159000.0,0.0,0.0,0,10738,,https://tiki.vnao-so-mi-nu-cong-so-co-v-thanh-lich-hoa-tiet-tron-phoi-vien-ren-sieu-xinh-phong-cach-han-quoc-hb185-p204278261.html?spid=204278269
199250138,UPZ Áo Thun Gân Tay Dài Cơ Bản (10 Màu),175000.0,175000.0,0.0,0.0,0,219817,,https://tiki.vnupz-ao-thun-gan-tay-dai-co-ban-10-mau-p199250138.html?spid=199250251
195999874,Quần lót nữ ren cột dây - Quần chíp lọt khe sexy,45000.0,45000.0,0.0,0.0,0,195824,,https://tiki.vnquan-lot-nu-ren-cot-day-qua-n-chi-p-lo-t-khe-sexy-p195999874.html?spid=195999876
193370304,đồ bộ mặc nhà mẫu lửng. chất kate hàn,170000.0,170000.0,0.0,4.0,1,242150,,https://tiki.vndo-bo-mac-nha-mau-lung-p193370304.html?spid=193370320
167478647,Bộ Quần lót nữ Locust Q045l thêu lụa,109650.0,129000.0,19350.0,0.0,0,112944,,https://tiki.vnbo-quan-lot-nu-locust-q045l-theu-lua-p167478647.html?spid=242487495
150761826,Đầm Dự Tiệc Thời Trang Haint Boutique Dáng Xòe Bẹt Vai D425,299000.0,299000.0,0.0,0.0,0,10738,,https://tiki.vndam-du-tiec-thoi-trang-haint-boutique-dang-xoe-bet-vai-d425-p150761826.html?spid=150761830
149185336,Set 2 dây quần ống rộng,199000.0,199000.0,0.0,5.0,3,76045,,https://tiki.vnset-2-day-quan-ong-rong-p149185336.html?spid=277571097
134380920,áo kiểu nữ chất đũi - hàng VNXK (A17),145000.0,145000.0,0.0,5.0,3,226391,,https://tiki.vnao-kieu-nu-chat-dui-hang-vnxk-a17-p134380920.html?spid=134381727
105673211,Quần legging ôm dáng đính cườm dáng lửng LG05,169000.0,169000.0,0.0,0.0,0,10738,,https://tiki.vnquan-legging-om-dang-dinh-cuom-dang-lung-lg05-p105673211.html?spid=105673250
104512132,ÁO KHOÁC KAKI Nhung Gân Cao Cấp (M840 - Nhung Gân),551080.0,551080.0,0.0,0.0,0,204632,,https://tiki.vnao-khoac-kaki-nhung-gan-cao-cap-m840-nhung-gan-p104512132.html?spid=113225361
102096729,"Áo sơ mi nữ tay lỡ màu trắng hiệu Amazing,không túi, có 4 ben eo, vải KT silk thấm hút mồ hôi, size từ 40-80kg",175000.0,175000.0,0.0,0.0,0,9354,,https://tiki.vnao-so-mi-nu-amazing-mau-trang-tay-lo-vai-kt-silk-size-tu-40-80kg-p102096729.html?spid=102096759
102096536,"Áo sơ mi nữ Amazing, màu trắng, tay ngắn, vải KT silk mềm mướt, thấm hút mồ hôi, size từ 40-80kg",175000.0,175000.0,0.0,5.0,5,9354,,https://tiki.vnao-so-mi-nu-amazing-mau-trang-tay-ngan-vai-kt-silk-size-tu-40-80kg-p102096536.html?spid=102096538
101280365,Áo khoác nỉ thun coton da cá chống nắng cao cấp nhiều màu  MS09 Freesize 40- 56kg,199500.0,199500.0,0.0,0.0,0,188535,,https://tiki.vnao-khoac-ni-thun-coton-da-ca-chong-nang-cao-cap-nhieu-mau-ms09-freesize-40-56kg-p101280365.html?spid=101280370
91551826,Quần đùi mặc nhà LMcation - Xanh Dương Đậm,199000.0,199000.0,0.0,0.0,0,119861,,https://tiki.vnquan-dui-mac-nha-lmcation-xanh-duong-dam-p91551826.html?spid=91551828
86771115,Áo len nữ kiểu lưới đan mỏng  ALe01,134000.0,134000.0,0.0,0.0,0,10738,,https://tiki.vnao-len-kieu-luoi-dan-ale01-p86771115.html?spid=86771145
74530672,Áo Ngực Nữ Không Gọng Thun Lạnh Mút Mỏng Hoa Văn Active Miley Lingerie - Màu Vàng BRM03015,272000.0,315000.0,43000.0,0.0,0,8827,,https://tiki.vnao-nguc-nu-khong-gong-thun-lanh-mut-mong-hoa-van-active-miley-lingerie-mau-vang-brm03015-p74530672.html?spid=74530684
56439203,ĐẦM HOA XÒE CỔ SEN NHỌN SIÊU XINH,173000.0,173000.0,0.0,4.3,31,20897,,https://tiki.vndam-hoa-xoe-co-sen-nhon-sieu-xinh-p56439203.html?spid=56439207
25964820,Quần lót nữ lọt khe hình bướm gợi cảm,35000.0,35000.0,0.0,4.3,56,49140,,https://tiki.vnquan-lot-nu-lot-khe-hinh-buom-goi-cam-p25964820.html?spid=25964822
25405221,Quần short đũi lụa nữ,59000.0,59000.0,0.0,5.0,1,25886,,https://tiki.vnquan-short-dui-lua-nu-p25405221.html?spid=45806075
10639628,Đầm nữ xếp ly Haint Boutique,199000.0,199000.0,0.0,0.0,0,10738,,https://tiki.vndam-nu-xep-ly-haint-boutique-p10639628.html?spid=56401526
7809554,Sơ mi nữ ngắn tay công sở sm25th,159000.0,159000.0,0.0,4.0,1,10738,,https://tiki.vnso-mi-nu-ngan-tay-cong-so-sm25th-p7809554.html?spid=56374037
279001614,"Set áo quần đỏ lệch vai NGADO , set áo quần dài , set bộ Nữ , set công sở , dự tiệc",1300000.0,1300000.0,0.0,0.0,0,344204,,https://tiki.vnset-ao-quan-do-lech-vai-ngado-set-ao-quan-dai-set-bo-nu-set-cong-so-du-tiec-p279001614.html?spid=279001620
278937455,"Đầm đỏ phối tà NGADO , đầm dáng midi , đầm dự tiệc , công sở",950000.0,950000.0,0.0,0.0,0,344204,,https://tiki.vndam-do-phoi-ta-ngado-dam-dang-midi-dam-du-tiec-cong-so-p278937455.html?spid=278937463
278894894,"Đầm hồng xếp ly cổ vest NGADO , đầm nữ , đầm công sở , dự tiệc",950000.0,950000.0,0.0,0.0,0,344204,,https://tiki.vndam-hong-xep-ly-co-vest-ngado-dam-nu-dam-cong-so-du-tiec-p278894894.html?spid=278894898
278832155,"Quần ống suông nam nữ form rộng Nesa Shop, chất liệu Đũi linen, vài mát, dày dặn, quần dài nam nữ, phong cách đơn giản",99000.0,169000.0,70000.0,0.0,0,249310,,https://tiki.vnquan-ong-suong-nam-nu-form-rong-nesa-shop-chat-lieu-dui-linen-vai-mat-day-dan-quan-dai-nam-nu-phong-cach-don-gian-p278832155.html?spid=278832411
278830915,"Đầm xanh bơ xếp ly NGADO , đầm nữ , đầm công sở , dự tiệc",950000.0,950000.0,0.0,0.0,0,344204,,https://tiki.vndam-xanh-bo-xep-ly-ngado-dam-nu-dam-cong-so-du-tiec-p278830915.html?spid=278830921
278806728,"Áo len mongtoghi QC,áo len dệt kim nữ hàng thanh lý mới họa tiết dễ thương size 45-57kg",99000.0,99000.0,0.0,0.0,0,210028,,https://tiki.vnao-len-mongtoghi-qc-ao-len-det-kim-nu-hang-thanh-ly-moi-hoa-tiet-de-thuong-size-45-57kg-p278806728.html?spid=278806740
278778437,Quần Tây Nữ Ống Đứng Dáng Ôm Lưng Cao Linen Vải Lanh Trắng Mơ Thời trang Hity PAN065,1595000.0,1595000.0,0.0,0.0,0,255,,https://tiki.vnquan-tay-nu-ong-dung-dang-om-lung-cao-linen-vai-lanh-trang-mo-thoi-trang-hity-pan065-p278778437.html?spid=277485097
278685486,Áo Gió Nữ Dáng Ngắn Lót Lông Ấm Áp • Form Đẹp Dễ Phối Đồ,280000.0,280000.0,0.0,0.0,0,282163,,https://tiki.vnao-gio-nu-dang-ngan-lot-long-am-ap-form-dep-de-phoi-do-p278685486.html?spid=278685492
278609933,Áo khoác len kiểu dệt kim cổ bẻ tiểu thư,260000.0,260000.0,0.0,0.0,0,282163,,https://tiki.vnao-khoac-len-kieu-det-kim-co-be-tieu-thu-p278609933.html?spid=278609934
278484265,Quần Lót Visco Mềm Mại Phối Ren - Miley Lingerie,50000.0,82000.0,32000.0,0.0,0,8827,,https://tiki.vnquan-lot-visco-mem-mai-phoi-ren-miley-lingerie-p278484265.html?spid=278484364
278108630,Bộ Đồ Ngủ Bèo 2209 Cotton Mát Nhiều Mẫu Dễ Thương,150000.0,150000.0,0.0,0.0,0,6615,,https://tiki.vnbo-do-ngu-beo-2209-cotton-mat-nhieu-mau-de-thuong-p278108630.html?spid=278108636
278079699,"Áo Thun Mr.Buffalo đôi, cặp Tshirt Cotton 100% Unisex Form Oversize Loca",124000.0,124000.0,0.0,0.0,0,162792,,https://tiki.vnao-thun-mr-buffalo-doi-cap-tshirt-cotton-100-unisex-form-oversize-local-brand-d07d08-p278079699.html?spid=278080218
277937071,Quần Mom Jeans Lưng Cao Màu Lucy Blue Aaa Jeans,650000.0,650000.0,0.0,0.0,0,539,,https://tiki.vnquan-mom-jeans-lung-cao-ma-u-lucy-blue-aaa-jeans-p277937071.html?spid=277937077
277775752,"Đầm sơ mi xanh mint NGADO , đầm công sở , đầm dự tiệc",950000.0,950000.0,0.0,5.0,1,344204,,https://tiki.vndam-so-mi-xanh-mint-ngado-dam-cong-so-dam-du-tiec-p277775752.html?spid=277775758
277181229,Áo len dệt kim không tay thời trang cho nữ,265000.0,265000.0,0.0,0.0,0,268616,,https://tiki.vnao-len-det-kim-khong-tay-thoi-trang-cho-nu-p277181229.html?spid=277181230
276920376,"Đồ bộ trung niên Cao Cấp tặng bà tặng mẹ, chất liệu vải mát, form rộng thoải mái, sang trọng quý phái NeSa Shop",99500.0,199000.0,99500.0,0.0,0,249310,,https://tiki.vndo-bo-trung-nien-cao-cap-tang-ba-tang-me-chat-lieu-vai-mat-form-rong-thoai-mai-sang-trong-quy-phai-nesa-shop-p276920376.html?spid=276920380
276861349,Áo hoodie len Oversize ấm áp thời trang,277000.0,339000.0,62000.0,0.0,0,268616,,https://tiki.vnao-hoodie-len-oversize-am-ap-thoi-trang-p276861349.html?spid=276861350
276638482,"Đầm đỏ xoắn vai NGADO , đầm dự tiệc , đầm công sở",950000.0,950000.0,0.0,0.0,0,344204,,https://tiki.vndam-do-xoan-vai-ngado-da-m-du-tie-c-da-m-cong-so-p276638482.html?spid=276638486
276117796,"Váy ngắn thể thao cho nữ chơi tennis, pickle ball, golf, gym",228000.0,228000.0,0.0,0.0,0,268616,,https://tiki.vnvay-ngan-the-thao-cho-nu-choi-tennis-pickle-ball-golf-gym-p276117796.html?spid=276117800
273017245,"Đồ bộ nữ mặc nhà xinh, mẫu lửng vải kate",170000.0,170000.0,0.0,0.0,0,242150,,https://tiki.vndo-bo-nu-mac-nha-xinh-mau-lung-vai-kate-p273017245.html?spid=273017261
244297941,"Áo Lót Nữ Trơn Mút Mỏng Có Gọng Nâng Ngực Cài Sau 2 Móc Belle 179 – Tôn Khe Tự Nhiên, Thanh Lịch",93500.0,110000.0,16500.0,0.0,0,112944,,https://tiki.vnao-lot-nu-tron-khong-mut-179-p244297941.html?spid=244297959
203150617,"Áo khoác ngoài nữ mẫu mới, cổ sơ mi phối cúc, chất liệu kaki đẹp Ak14",239000.0,239000.0,0.0,0.0,0,235034,,https://tiki.vnao-khoac-ngoai-nu-mau-moi-co-so-mi-phoi-cuc-chat-lieu-kaki-dep-ak14-p203150617.html?spid=203150625
187826660,Quần suông ống rộng nữ kiểu TR012,1099000.0,1099000.0,0.0,0.0,0,292406,,https://tiki.vnquan-suong-ong-rong-nu-kieu-tr012-p187826660.html?spid=187826666
170519607,ÁO DÀI TRUYỀN THỐNG TAY PHỒNG TẶNG CÀI TÓC,530000.0,530000.0,0.0,0.0,0,273439,,https://tiki.vnao-dai-truyen-thong-tay-phong-tang-cai-toc-p170519607.html?spid=170519611
168092538,Đồ Bơi Hai Mảnh Thể Thao Trẻ Trung AT219 Áo Tắm Đa Năng Women Short Swimwear Set For Swimming And Sports,176000.0,189000.0,13000.0,4.5,11,5826,,https://tiki.vndo-boi-hai-manh-the-thao-tre-trung-at219-ao-tam-da-nang-danh-cho-boi-loi-the-thao-women-short-swimwear-set-for-swimming-and-sports-p168092538.html?spid=168092544
163571480,"QUẦN JOGGER CARGO NỮ phong cách năng động trẻ trung,chất liệu kaki thế hệ mới",124000.0,124000.0,0.0,0.0,0,251078,,https://tiki.vnquan-jogger-cargo-nu-phong-cach-nang-dong-tre-trung-chat-lieu-kaki-the-he-moi-p163571480.html?spid=163571491
160882641,"TÔI YÊU VIỆT NAM, mã TV3. Hãy tỏa sáng như kim cương, qua chiếc áo thun Goking siêu hot cho nam nữ trẻ em, áo phông cặp đôi, gia đình, đội nhóm",69000.0,69000.0,0.0,5.0,1,18138,,https://tiki.vntoi-yeu-viet-nam-ma-tv3-ao-phong-nu-dep-ao-thun-in-hang-hieu-cao-cap-goking-p160882641.html?spid=248399148
135114771,Bộ đồ chất đũi trung niên,185000.0,185000.0,0.0,4.5,2,9455,,https://tiki.vnbo-do-chat-dui-trung-nien-p135114771.html?spid=276845307
135001965,"Quần dài nữ bo gấu chất liệu vải lanh thoải mái, thoáng mát, nhiều họa tiết, freesize từ 45 đến 75 kg",150000.0,150000.0,0.0,0.0,0,236349,,https://tiki.vnquan-dai-nu-bo-gau-chat-lieu-vai-lanh-thoai-mai-thoang-mat-nhieu-hoa-tiet-freesize-tu-45-den-75-kg-p135001965.html?spid=135002034
133864081,ÁO CỔ V CƯỜM,126000.0,126000.0,0.0,5.0,1,20897,,https://tiki.vnao-co-v-cuom-p133864081.html?spid=133864085
116123990,Đồ bộ trung niên mặc nhà cho bà cho mẹ,109000.0,109000.0,0.0,0.0,0,210021,,https://tiki.vndo-bo-trung-nien-mac-nha-cho-ba-cho-me-p116123990.html?spid=116124027
112851354,Áo ngực học sinh,30810.0,39000.0,8190.0,4.7,7,112944,,https://tiki.vnao-nguc-hoc-sinh-p112851354.html?spid=142138790
108220832,Bra dán ngực bàn tay P29 (kèm dây trong),55250.0,65000.0,9750.0,5.0,1,112944,,https://tiki.vnbra-dan-nguc-ban-tay-p29-kem-day-trong-p108220832.html?spid=242370965
104513596,ÁO KHOÁC DÙ Bomber Nút (M1410 - Kèm Video Ảnh Thật - Có Form Rộng XL),374680.0,374680.0,0.0,0.0,0,204632,,https://tiki.vnao-khoac-du-bomber-nut-m1410-kem-video-anh-that-co-form-rong-xl-p104513596.html?spid=113225152
102939605,áo lót ko gọng cúp B dành cho vòng ngực khủng,79500.0,106000.0,26500.0,4.5,2,112944,,https://tiki.vnao-lot-ko-gong-cup-b-danh-cho-vong-nguc-khung-p102939605.html?spid=142210820
58937352,Đồ bộ ngủ lụa cao cấp phối bèo đáng yêu mã C,180000.0,180000.0,0.0,0.0,0,9455,,https://tiki.vndo-bo-ngu-lua-cao-cap-phoi-beo-dang-yeu-ma-c-p58937352.html?spid=66550757
54612947,Combo 2 áo chống nắng nữ cao cấp ( 2 cái 2 màu ),239000.0,239000.0,0.0,5.0,1,40463,,https://tiki.vncombo-2-a-o-cho-ng-na-ng-nu-cao-ca-p-2-ca-i-2-ma-u-p54612947.html?spid=54612949
25975275,"Áo khoác da cá GOKING 6 túi, form unisex cho nữ nam, trẻ em. Chống lạnh, giữ ấm, chống nắng, chống tia UV. Hàng hiệu vnxk",281000.0,281000.0,0.0,4.8,66,18138,,https://tiki.vnao-khoac-nu-chong-nang-goking-vai-da-ca-100-cotton-day-cong-nghe-nhat-ban-thoang-khi-p25975275.html?spid=25975309
20665439,Áo Thun Nữ Sleepless,46000.0,46000.0,0.0,0.0,0,240997,,https://tiki.vnao-thun-nu-sleepless-p20665439.html?spid=142084572
14815693,Chân Váy Xòe Công Sở,139000.0,139000.0,0.0,4.0,1,20897,,https://tiki.vnchan-vay-xoe-cong-so-p14815693.html?spid=14815701
278950724,Đầm Maxi Ruzimay Dáng Dài Cổ Khuy Bèo R1000,485000.0,485000.0,0.0,0.0,0,362481,,https://tiki.vndam-maxi-ruzimay-dang-dai-co-khuy-beo-r1000-p278950724.html?spid=279075885
278883488,Đầm xòe dài xếp li tay nhún kèm phụ kiện,225000.0,225000.0,0.0,0.0,0,20897,,https://tiki.vndam-xoe-dai-xep-li-tay-nhun-kem-phu-kien-p278883488.html?spid=278883496
278812527,"Đầm hồng tay voan NGADO , đầm voan , đầm nữ , đầm dự tệc, dạo phố",950000.0,950000.0,0.0,0.0,0,344204,,https://tiki.vndam-hong-tay-voan-ngado-dam-voan-dam-nu-dam-du-tec-dao-pho-p278812527.html?spid=278812535
278669493,Set Áo Polo Dáng Ôm Thêu Chữ Bad + Quần Dài Ống Suông Rộng Nữ Cá Tính,270000.0,270000.0,0.0,0.0,0,282163,,https://tiki.vnset-ao-polo-dang-om-theu-chu-bad-quan-dai-ong-suong-rong-nu-ca-tinh-p278669493.html?spid=278669501
278575284,Áo len mtg cổ viền ren,185000.0,185000.0,0.0,0.0,0,282163,,https://tiki.vnao-len-mtg-co-vien-ren-p278575284.html?spid=278575286
278101624,"Cosplay Hóa Trang Nữ Tu Sĩ Xẻ Tà Gợi Cảm, Đồ Lót Gợi Cảm Xẻ Tà, Set Cosplay Ma Sơ Valak Tặng Kèm Phụ Kiện C052",139000.0,139000.0,0.0,0.0,0,186696,,https://tiki.vncosplay-hoa-trang-nu-tu-si-xe-ta-goi-cam-do-lot-goi-cam-xe-ta-set-cosplay-ma-so-valak-tang-kem-phu-kien-c052-p278101624.html?spid=278101625
277971298,Chân váy ngắn dáng chữ A sành điệu cho nữ,113000.0,139000.0,26000.0,0.0,0,268616,,https://tiki.vnchan-vay-ngan-dang-chu-a-sanh-dieu-cho-nu-p277971298.html?spid=277971302
277769724,Quần nữ Amazing lưng cao 2 nút đồng phục học sinh vải tuyết mưa dày mềm không nhăn màu xanh đen và đen,230000.0,230000.0,0.0,0.0,0,9354,,https://tiki.vnquan-nu-amazing-lung-cao-2-nut-dong-phuc-hoc-sinh-vai-tuyet-mua-day-mem-khong-nhan-mau-xanh-den-va-den-p277769724.html?spid=277769738
277761408,Chân váy maxi dài đính nơ siêu xinh,159000.0,159000.0,0.0,0.0,0,20897,,https://tiki.vnchan-vay-maxi-dai-dinh-no-sieu-xinh-p277761408.html?spid=277761418
276919709,"Áo len mongtoghi nữ hàng Quảng Châu, chất vải mềm mịn, co dãn 4 chiều, Áo len tay ngắn nhiều mẫu đẹp Nesa Shop",69500.0,139000.0,69500.0,0.0,0,249310,,https://tiki.vnao-len-mongtoghi-nu-hang-quang-chau-chat-vai-mem-min-co-dan-4-chieu-ao-len-tay-ngan-nhieu-mau-dep-nesa-shop-p276919709.html?spid=276919721
276687955,Áo ngực nữ không gọng đệm mỏng su trơn đứng dáng nâng ngực chuẩn đẹp SAY AL003,45000.0,45000.0,0.0,0.0,0,241803,,https://tiki.vnao-nguc-nu-khong-gong-dem-mong-su-tron-dung-dang-nang-nguc-chuan-dep-say-al003-p276687955.html?spid=276687971
276567756,Chân Váy Nữ Sành Điệu Chất Liệu Cotton Đủ Size Cho Mọi Người Từ 45kg tới 70kg - Tuấn Tú Store,217000.0,217000.0,0.0,0.0,0,158759,,https://tiki.vnchan-vay-nu-sanh-dieu-chat-lieu-cotton-du-size-cho-moi-nguoi-tu-45kg-toi-70kg-tuan-tu-store-p276567756.html?spid=276568537
275837186,"Quần Linen nữ ống rộng, Quần suông vải linen cao cấp thời trang xuân hè phong cách Hàn Quốc QD07",268000.0,268000.0,0.0,0.0,0,235034,,https://tiki.vnquan-linen-nu-ong-rong-quan-suong-vai-linen-cao-cap-thoi-trang-xuan-he-phong-cach-han-quoc-qd07-p275837186.html?spid=275837194
275832203,"Áo Thun Unisex Phối Hình Xinh Xắn, Chất Liệu Organic Cotton Sure Thoáng mát, mềm mại, bảo vệ tốt cho làn da, Sản Phẩm chính Hãng",329000.0,329000.0,0.0,0.0,0,260851,,https://tiki.vnao-thun-unisex-in-hinh-be-gai-de-thuong-chat-lieu-cotton-organic-sure-tot-cho-lan-da-gia-tot-p275832203.html?spid=275832215
275753122,"Quần ống rộng cạp chun hot new 2024, dễ phối đồ. Hàng hot mới về hàng Qd09",260000.0,260000.0,0.0,0.0,0,10738,,https://tiki.vnquan-dui-nu-dang-dai-ong-rong-dang-suong-de-mac-mau-moi-hot-trend-qd09-p275753122.html?spid=275753126
275752794,"Quần nữ form suông dài nhẹ nhàng, được thiết kế bo cạp chun vô cùng thoải mái dễ mặc qd08",260000.0,260000.0,0.0,0.0,0,10738,,https://tiki.vnquan-dai-ong-suong-nu-cap-chun-thoai-mai-de-mac-mem-min-qd08-p275752794.html?spid=275752802
274166468,"Đầm suông linen nữ trẻ trung, Váy đầm sơ mi nữ form rộng nhiều màu lựa chọn mẫu mới thời trang xuân hè Haint Boutique Da215",320000.0,320000.0,0.0,0.0,0,10738,,https://tiki.vndam-suong-linen-nu-tre-trung-vay-dam-so-mi-nu-form-rong-nhieu-mau-lua-chon-mau-moi-thoi-trang-xuan-he-haint-boutique-da215-p274166468.html?spid=274168017
216206055,Bộ Áo Cúp Ngang và Quần Lót Nữ Thun Lạnh Miley Lingerie BRM0902_FMM0905,319000.0,319000.0,0.0,5.0,1,8827,,https://tiki.vnbo-ao-cup-ngang-va-quan-lot-nu-thun-lanh-miley-lingerie-brm0902_fmm0905-p216206055.html?spid=216206059
216205243,Bộ Áo Cúp Ngang và Quần Lót Nữ Thun Lạnh Miley Lingerie BRM11202_FMM1105,199000.0,199000.0,0.0,0.0,0,8827,,https://tiki.vnbo-ao-cup-ngang-va-quan-lot-nu-thun-lanh-miley-lingerie-brm11202_fmm1105-p216205243.html?spid=216205249
210943204,"️Đồ Bộ Trung Niên️ Đồ Bộ Mặc Nhà, Mẫu Lửng Đũi Trung Niên Nữ Cho Mẹ Kiểu Nút Thắc Nơ Cổ Tròn Ngắn Tay Mềm Mịn",164000.0,164000.0,0.0,5.0,1,169077,,https://tiki.vndo-bo-trung-nien-do-bo-mac-nha-mau-lung-dui-trung-nien-nu-cho-me-kieu-nut-thac-no-co-tron-ngan-tay-mem-min-p210943204.html?spid=276754223
202439065,"Đồ bộ nữ,đồ ngủ mặc nhà lửng tay cánh tiên vải lanh (tole) mềm, mát BL 164 họa tiết dễ thương size 45-70kg",89000.0,89000.0,0.0,5.0,4,210028,,https://tiki.vndo-bo-nu-do-ngu-mac-nha-lung-tay-canh-tien-vai-lanh-tole-mem-mat-bl-164-hoa-tiet-de-thuong-size-45-70kg-p202439065.html?spid=202439107
199250445,UPZ Áo Khoác Cardigan Cơ Bản (8 Màu),250000.0,250000.0,0.0,0.0,0,219817,,https://tiki.vnupz-ao-khoac-cardigan-co-ban-8-mau-p199250445.html?spid=199250461
187826759,Áo hai dây lụa nữ 2NDDATE TOP020MB,275000.0,275000.0,0.0,0.0,0,292406,,https://tiki.vnao-hai-day-lua-nu-2nddate-top020mb-p187826759.html?spid=187826763
176710545,Đồ Bơi Nữ Hai Mảnh Kiểu Dáng Thể Thao Đa Năng ATO67 MayHomes Set Áo Và Short Women Swimwear,92000.0,99000.0,7000.0,5.0,1,5826,,https://tiki.vndo-boi-nu-hai-manh-kieu-dang-the-thao-da-nang-ato67-mayhomes-set-ao-va-short-women-swimwear-p176710545.html?spid=176710551
171645516,Set áo sơ mi kèm chân váy Emspo by Gency GEBSMM0058 - GEBJ0058,599000.0,599000.0,0.0,0.0,0,263608,,https://tiki.vnset-ao-so-mi-kem-chan-vay-emspo-by-gency-gebsmm0058-gebj0058-p171645516.html?spid=171645551
146635396,"Áo sơ mi nữ phom rộng dài tay, chất liệu Đũi tơ mềm mịn, sơ mi nữ kiểu tà lệch NeSa Shop SMH.31",114500.0,229000.0,114500.0,5.0,8,249310,,https://tiki.vnao-so-mi-nu-phom-rong-dai-tay-chat-lieu-dui-to-mem-min-so-mi-nu-kieu-ta-lech-nesa-shop-smh-31-p146635396.html?spid=173650951
124490062,"Đồ ngủ sexy nữ Đồ ngủ 2 dây ren nude không mút, chất phi mịn quyến rũ 400",56000.0,56000.0,0.0,4.7,37,223905,,https://tiki.vndo-ngu-sexy-nu-do-ngu-2-day-ren-nude-khong-mut-chat-phi-min-quyen-ru-400-p124490062.html?spid=124490105
115483730,Set 10 Quần Lót Cotton Mịn từ 50 tới 65kg,150000.0,150000.0,0.0,0.0,0,112944,,https://tiki.vnset-10-quan-lot-cotton-min-tu-50-toi-65kg-p115483730.html?spid=274190564
114462341,Bộ Ngắn Mặc Nhà Hai Dây RBI Đũi Màu,239000.0,239000.0,0.0,0.0,0,197084,,https://tiki.vnbo-ngan-mac-nha-hai-day-rbi-dui-mau-p114462341.html?spid=114462343
113051067,Áo khoát dù của nữ 3 Mèo Kitty rất hot dễ thương-A125,189250.0,189250.0,0.0,0.0,0,204632,,https://tiki.vnao-khoat-du-cua-nu-3-meo-kitty-rat-hot-de-thuong-a125-p113051067.html?spid=113051114
111002456,"Áo lót nữ nâng ngực không ngọng Triumph 1610/2289 mút mỏng, trơn, bản lưng 2 móc cài ôm trọn bầu ngực, nâng đỡ hoàn hảo",619000.0,1199000.0,580000.0,4.0,2,2049,,https://tiki.vnao-nguc-nu-ao-lot-nu-triumph-khong-gong-mut-mong-tron-2-moc-cai-1610-2289-p111002456.html?spid=111002469
107155735,Quần lót dây bướm lọt khe sexy - Hồng,25000.0,25000.0,0.0,0.0,0,195824,,https://tiki.vnquan-lot-day-buom-lot-khe-sexy-hong-p107155735.html?spid=107155737
106108267,Đầm trung niên suông bigsize hoa thêu cực xinh TIFALU707 - Thời trang thiết kế trung niên cao cấp,625000.0,625000.0,0.0,4.8,6,17905,,https://tiki.vndam-trung-nien-suong-bigsize-hoa-theu-cuc-xinh-tifalu707-thoi-trang-thiet-ke-trung-nien-cao-cap-p106108267.html?spid=106108275
87056234,"Áo khoác dù bomber BADGE , áo khoác bomber ,áo khoác dù nam ,áo khoác dù nữ , áo khoác cặp đôi , áo khoác gió ,  áo khoác kiểu bomber chống nắng chống lạnh tốt",256450.0,256450.0,0.0,0.0,0,204632,,https://tiki.vnao-khoac-du-bomber-badge-ao-khoac-bomber-ao-khoac-du-nam-ao-khoac-du-nu-ao-khoac-cap-doi-ao-khoac-gio-ao-khoac-kieu-bomber-chong-nang-chong-lanh-tot-p87056234.html?spid=113228551
44239568,quần lót lọt khe ren - hồng,39000.0,39000.0,0.0,0.0,0,49140,,https://tiki.vnquan-lot-lot-khe-ren-hong-p44239568.html?spid=44239569
43771838,Quần Shorts Denim Nữ (Denim Shorts) - A8073,350000.0,350000.0,0.0,0.0,0,94721,,https://tiki.vnquan-shorts-denim-nu-denim-shorts-a8073-p43771838.html?spid=43771839
43768076,Áo Khoác Da Nữ Hai Lớp Jelly Phối Túi Khóa Cao Cấp ShopN6 - DN18 (Nhiều Màu),239000.0,239000.0,0.0,4.5,74,28688,,https://tiki.vnao-khoac-da-nu-hai-lop-jelly-phoi-tui-khoa-cao-cap-shopn6-dn18-nhieu-mau-p43768076.html?spid=43768082
33560335,Chân váy phối nút công sở dễ thương ela,138000.0,138000.0,0.0,4.2,32,20897,,https://tiki.vnchan-vay-phoi-nut-cong-so-de-thuong-ela-p33560335.html?spid=33560348
278847629,"Quần baggy nữ, chất liệu kaki, kiểu dáng trẻ trung quần kiểu nữ, phong cách thời trang Hàn Quốc NeSa Shop QT06",82500.0,165000.0,82500.0,0.0,0,249310,,https://tiki.vnquan-baggy-nu-chat-lieu-kaki-kieu-dang-tre-trung-quan-kieu-nu-phong-cach-thoi-trang-han-quoc-nesa-shop-qt06-p278847629.html?spid=278847643
278810164,"Áo len mongtoghi QC,áo len dệt kim nữ hàng thanh lý mới họa tiết trẻ trung size 50-58,60kg",105000.0,105000.0,0.0,0.0,0,210028,,https://tiki.vnao-len-mongtoghi-qc-ao-len-det-kim-nu-hang-thanh-ly-moi-hoa-tiet-tre-trung-size-50-58-60kg-p278810164.html?spid=278810216
278781920,Bộ áo bà ba gấm Trắng/ Hồng lợt/ Xanh dương/ Hồng đào/ Xanh ngọc - Bà ba Bigsize- May,199000.0,199000.0,0.0,0.0,0,289860,,https://tiki.vnbo-ao-ba-ba-gam-trang-hong-lot-xanh-duong-hong-dao-xanh-ngoc-ba-ba-bigsize-may-si-ao-ba-ba-toan-quoc-theo-yeu-cau-p278781920.html?spid=278781994
278697563,"Áo Khoác Blazer Nữ Đen Sang Trọng,Áo Khoác Blazer Huyền Vũ thời trang thiết kế Hity Top166",2995000.0,2995000.0,0.0,0.0,0,255,,https://tiki.vnao-khoac-blazer-nu-den-sang-trong-ao-khoac-blazer-huyen-vu-thoi-trang-thiet-ke-hity-top166-p278697563.html?spid=278697571
278157518,Quần dài suông linen thô cao cấp đũng ngắn lưng thun,299000.0,299000.0,0.0,0.0,0,10738,,https://tiki.vnquan-dai-suong-linen-tho-cao-cap-dung-ngan-lung-thun-p278157518.html?spid=278157526
278088001,Áo Thun Mr.Buffalo 12 cung hoàng đạo Tshirt Cotton 100% Unisex Form Oversize Loca,105000.0,105000.0,0.0,0.0,0,162792,,https://tiki.vnao-thun-mr-buffalo-12-cung-hoang-dao-tshirt-cotton-100-unisex-form-oversize-local-brand-hd1-12-p278088001.html?spid=278088472
278086138,"Áo Thun Mr.Buffalo Na tra ""cơm nước gì chưa người đẹp"" Tshirt Cotton 100% Unisex Form Oversize Local Brand NT1-4 - NT2 - Trắng",124000.0,124000.0,0.0,0.0,0,162792,,https://tiki.vnao-thun-mr-buffalo-na-tra-com-nuoc-gi-chua-nguoi-dep-tshirt-cotton-100-unisex-form-oversize-local-brand-nt1-4-p278086138.html?spid=278086570
278081866,Áo Thun Mr.Buffalo icon basic 100% Unisex Form Oversize Local Brand - K16 - Đen,105000.0,105000.0,0.0,0.0,0,162792,,https://tiki.vnao-thun-mr-buffalo-icon-basic-100-unisex-form-oversize-local-brand-p278081866.html?spid=278084170
278078695,Áo Thun Mr.Buffalo icon basic 100% Unisex Form Oversize Loca,105000.0,105000.0,0.0,0.0,0,162792,,https://tiki.vnao-thun-mr-buffalo-icon-basic-100-unisex-form-oversize-local-brand-p278078695.html?spid=278078809
278078488,"Áo Thun Đôi, Cặp Mr.Buffalo ""Love"" Tshirt Cotton 100% có bigsize Unisex Loca",200000.0,200000.0,0.0,0.0,0,162792,,https://tiki.vnao-thun-doi-cap-mr-buffalo-love-tshirt-cotton-100-co-bigsize-unisex-local-brand-b21b22-p278078488.html?spid=278078509
278078343,"Áo Thun Đôi, Cặp Mr.Buffalo Tshirt Cotton 100% có bigsize Unisex Local Brand B18nB18 - Mẫu Nam T18-Trắng",200000.0,200000.0,0.0,0.0,0,162792,,https://tiki.vnao-thun-doi-cap-mr-buffalo-tshirt-cotton-100-co-bigsize-unisex-local-brand-b18nb18-p278078343.html?spid=278078380
277964749,[LZ] Áo khoác chống nắng nữ lửng nỉ dệt xk dày túi khoá phối màu có nón nhiều màu lựa chọn siêu hot-A2171 - Áo thun ngẫu nhiên,169000.0,169000.0,0.0,0.0,0,204632,,https://tiki.vnlz-ao-khoac-chong-nang-nu-lung-ni-det-xk-day-tui-khoa-phoi-mau-co-non-nhieu-mau-lua-chon-sieu-hot-a2171-p277964749.html?spid=277964779
277271087,Đầm suông Linen mẫu mới thiết kế sang chảnh không kén dáng da215,315000.0,315000.0,0.0,0.0,0,10738,,https://tiki.vndam-suong-linen-mau-moi-thiet-ke-sang-chanh-khong-ken-dang-da215-p277271087.html?spid=277271089
277270243,Đầm Linen suông nữ cổ sen mềm mại thiết kế tay ngắn phối cúc đơn giản da158,299000.0,299000.0,0.0,0.0,0,10738,,https://tiki.vndam-linen-suong-nu-co-sen-mem-mai-thiet-ke-tay-ngan-phoi-cuc-don-gian-da158-p277270243.html?spid=277270247
276605738,Áo gile cổ tim Maddy thiết kế cao cấp WHITE CHIC,1350000.0,1350000.0,0.0,0.0,0,359223,,https://tiki.vnao-gile-co-tim-maddy-thiet-ke-cao-cap-white-chic-p276605738.html?spid=276605740
276058726,"Set bộ áo vest nữ và quần dài ống đứng sang chảnh, quý phái, form đẹp chuẩn Hàn bv02",599000.0,599000.0,0.0,0.0,0,235034,,https://tiki.vnset-bo-ao-vest-nu-va-quan-dai-ong-dung-sang-chanh-quy-phai-form-dep-chuan-han-bv02-p276058726.html?spid=276058736
275045979,"Set bộ sơ mi dài tay kèm quần dài ống rộng thời trang trẻ trung, đa năng, đẹp",550000.0,550000.0,0.0,0.0,0,10738,,https://tiki.vnset-bo-so-mi-dai-tay-kem-quan-dai-ong-rong-thoi-trang-tre-trung-da-nang-dep-p275045979.html?spid=275045986
274804053,"Quần Lót Nữ Lụa Băng Liền Mạch Gợi Cảm Voronin 6401 – Seamless, Mềm Mịn, Ôm Sát",70000.0,70000.0,0.0,0.0,0,112944,,https://tiki.vnquan-lot-nu-bang-lua-bang-lien-mach-eo-thap-goi-cam-voronin-6401-p274804053.html?spid=274804055
263390918,Váy đầm công sở TIFALU LD561 - Váy hoa dáng xòe dễ thương,455000.0,455000.0,0.0,0.0,0,17905,,https://tiki.vnvay-dam-cong-so-tifalu-ld561-vay-hoa-dang-xoe-de-thuong-p263390918.html?spid=263390920
253060005,đồ bộ mặc nhà mẫu lửng vải kate,160000.0,160000.0,0.0,0.0,0,242150,,https://tiki.vndo-bo-mac-nha-mau-lung-vai-kate-p253060005.html?spid=253060021
251307542,"You are my love, mã G291. Hãy tỏa sáng như kim cương, qua chiếc áo thun Goking siêu hot cho nam nữ trẻ em, áo phông cặp đôi, gia đình, đội nhóm",69000.0,69000.0,0.0,0.0,0,18138,,https://tiki.vnyou-are-my-love-ma-g291-ao-thun-in-dep-cho-nam-nu-cap-doi-ao-phong-goking-hang-hieu-cao-cap-p251307542.html?spid=251307609
221712470,Quần tây công sở nữ cạp cao chất đẹp_quần nữ,250000.0,250000.0,0.0,0.0,0,197061,,https://tiki.vnquan-tay-cong-so-nu-cap-cao-chat-dep_quan-nu-p221712470.html?spid=221712533
220824317,Áo ngực mút dầy 2702,109000.0,109000.0,0.0,0.0,0,174218,,https://tiki.vnao-nguc-mut-day-2702-p220824317.html?spid=220824335
197380089,"Đồ bộ nữ lanh lửng mặc nhà tay cánh tiên phối viền chất mềm,mịn,mát BL 153 hoạ tiết dễ thương size 45-65kg",89000.0,89000.0,0.0,5.0,3,210028,,https://tiki.vndo-bo-lanh-lung-mac-nha-tay-canh-tien-phoi-vien-chat-mem-min-mat-hoa-tiet-de-thuong-size-45-65kg-p197380089.html?spid=197380156
190353792,"Quần nữ, quần ống loe LA MỘC chất liệu Cotton Crepe, siêu hack dáng, hàng thiết kế",549000.0,549000.0,0.0,0.0,0,36961,,https://tiki.vnquan-nu-quan-ong-loe-la-moc-chat-lieu-cotton-crepe-sieu-hack-dang-hang-thiet-ke-p190353792.html?spid=190353802
188429230,"Áo nữ kiểu cổ tròn tay ngắn form rộng thoải mái, chất liệu Đũi cao cấp mềm mịn mát thấm mồ hôi NeSa Shop AKH.58",84500.0,169000.0,84500.0,5.0,5,249310,,https://tiki.vnao-nu-kieu-co-tron-tay-ngan-form-rong-thoai-mai-chat-lieu-dui-cao-cap-mem-min-mat-tham-mo-hoi-nesa-shop-akh-58-p188429230.html?spid=209386256
186066372,"Bộ bơi đôi nam nữ dài tay, dáng thể thao trẻ trung cá tính, chất thun bơi lạnh cao cấp mịn mát | 020",380000.0,380000.0,0.0,0.0,0,63850,,https://tiki.vnbo-boi-doi-nam-nu-dai-tay-dang-the-thao-tre-trung-ca-tinh-chat-thun-boi-lanh-cao-cap-min-mat-020-p186066372.html?spid=186066386
171901563,Áo khoác nữ hàn quốc NHUNG GÂN Nút - Nắp Túi Xéo cá tính cực chuẩn-A775,224950.0,224950.0,0.0,0.0,0,204632,,https://tiki.vnao-khoac-nu-han-quoc-nhung-gan-nut-nap-tui-xeo-ca-tinh-cuc-chuan-a775-p171901563.html?spid=171901569
147783881,"Áo ngực mút dày Wannabe AN32B áo chíp cài trước, phối ren hoa cách điệu",500000.0,500000.0,0.0,0.0,0,5383,,https://tiki.vnao-nguc-mut-day-wannabe-an32b-cai-truoc-phoi-ren-hoa-cach-dieu-p147783881.html?spid=147783893
135315368,SET BỘ SƠ MI ELIZ,188000.0,188000.0,0.0,4.0,2,20897,,https://tiki.vnset-bo-so-mi-eliz-p135315368.html?spid=135315384
135237110,ÁO PHỐI NƠ SIÊU XINH,115000.0,115000.0,0.0,4.0,2,20897,,https://tiki.vnao-phoi-no-sieu-xinh-p135237110.html?spid=135237124
133893383,Áo len nữ cổ V dáng ôm xinh Al62,149000.0,149000.0,0.0,0.0,0,7265,,https://tiki.vnao-len-nu-co-v-dang-om-xinh-al62-p133893383.html?spid=44737747
105927472,"Áo Lót 960 - Bản to BigSize , không gọng đệm vừa",146000.0,146000.0,0.0,3.0,1,192753,,https://tiki.vnao-lot-960-ban-to-bigsize-khong-gong-dem-vua-p105927472.html?spid=106628406
101281112,Combo 5 quần lót nữ thun lạnh hàng việt nam loại cao cấp ( từ 45 đến 65kg)Màu trắng,117600.0,117600.0,0.0,5.0,2,188535,,https://tiki.vncombo-5-quan-lot-nu-thun-lanh-hang-viet-nam-loai-cao-cap-tu-45-den-65kg-mau-trang-p101281112.html?spid=101281123
69335912,Quần Ống Rộng Quần Dài Quần Ống Suông Hity PAN049 (Xanh Rừng Nhiệt Đới),1299000.0,1299000.0,0.0,0.0,0,255,,https://tiki.vnquan-ong-rong-quan-dai-quan-ong-suong-hity-pan049-xanh-rung-nhiet-doi-p69335912.html?spid=69336135
57811253,Đầm ngủ gợi cảm kèm quần chip,85000.0,85000.0,0.0,5.0,1,49140,,https://tiki.vndam-ngu-goi-cam-kem-quan-chip-p57811253.html?spid=57811254
48149789,Đồ bộ mặc nhà nữ WANNABE BD35P đồ bộ quần dài áo tay ngắn pijama cổ điển viền gân sang chảnh sống mãi với thời gian,700000.0,700000.0,0.0,5.0,1,5383,,https://tiki.vndo-bo-mac-nha-pijama-nu-wannabe-bd35p-p48149789.html?spid=56313258
44524519,Quần lọt khe đính hạt - hồng,39000.0,39000.0,0.0,4.6,5,49140,,https://tiki.vnquan-lot-khe-dinh-hat-hong-p44524519.html?spid=44524520
24882095,Sơ mi nữ kẻ caro dáng dài Ab05,159000.0,159000.0,0.0,5.0,1,10738,,https://tiki.vnso-mi-nu-ke-caro-dang-dai-ab05-p24882095.html?spid=24882097
13046695,Quần Lót Nữ Sporty Sexy Miley Lingerie Black,53000.0,89000.0,36000.0,3.9,9,8827,,https://tiki.vnquan-lot-nu-sporty-sexy-black-p13046695.html?spid=13320021
279092770,QUẦN LÓT CHẤT REN PHA LỤA ĐẸP CAO CẤP  TỪ 40-60KG DÀNH CHO NỮ,45000.0,45000.0,0.0,0.0,0,311814,,https://tiki.vnquan-lot-chat-ren-pha-lua-dep-cao-cap-tu-40-60kg-danh-cho-nu-p279092770.html?spid=279092776
278994674,"Đầm hồng xếp ly vai NGADO , đầm kiểu Nữ , đầm dự tiệc , công sở",950000.0,950000.0,0.0,0.0,0,344204,,https://tiki.vndam-hong-xep-ly-vai-ngado-dam-kieu-nu-dam-du-tiec-cong-so-p278994674.html?spid=278994682
278078367,"Áo Thun Đôi, Cặp Mr.Buffalo ""Trái tim"" Tshirt Cotton 100% có bigsize Unisex Local Brand B20 - Đen",200000.0,200000.0,0.0,0.0,0,162792,,https://tiki.vnao-thun-doi-cap-mr-buffalo-trai-tim-tshirt-cotton-100-co-bigsize-unisex-local-brand-b20-p278078367.html?spid=278078431
278034833,QUẦN LÓT REN MỊN MÁT CAO CẤP TỪ 40-60KG DÀNH CHO NỮ,50000.0,50000.0,0.0,0.0,0,311814,,https://tiki.vnquan-lot-ren-min-mat-cao-cap-tu-40-60kg-danh-cho-nu-p278034833.html?spid=278034845
278029775,ÁO NGỰC SU THÔNG HƠI SIÊU ĐẸP SIZE 36-42 DÀNH CHO NỮ,110000.0,110000.0,0.0,0.0,0,311814,,https://tiki.vnao-nguc-su-thong-hoi-sieu-dep-size-36-42-danh-cho-nu-p278029775.html?spid=278029807
278011447,QUẦN LÓT LỤA CAO CẤP PHỐI REN SANG CHẢNH TỪ 40-70KG DÀNH CHO NỮ,45000.0,45000.0,0.0,0.0,0,311814,,https://tiki.vnquan-lot-lua-cao-cap-phoi-ren-sang-chanh-tu-40-70kg-danh-cho-nu-p278011447.html?spid=278011449
277963158,Chân váy chữ A dáng ngắn lấp lánh thời trang,139000.0,139000.0,0.0,0.0,0,40092,,https://tiki.vnchan-vay-chu-a-dang-ngan-lap-lanh-thoi-trang-p277963158.html?spid=277963162
277781044,COMBO 5 QUẦN LÓT NỮ COTTON / THUN LẠNH HỌA TIẾT LYS (HÀNG XƯỞNG THANH LÝ),68850.0,85000.0,16150.0,0.0,0,112944,,https://tiki.vncombo-5-quan-lot-nu-cotton-thun-lanh-hoa-tiet-lys-hang-xuong-thanh-ly-p277781044.html?spid=277781050
277728591,Áo khoát jean nữ rẻ logo vuông siêu hot phối đẹp-A3027 - Đen,289000.0,289000.0,0.0,0.0,0,204632,,https://tiki.vnao-khoat-jean-nu-re-logo-vuong-sieu-hot-phoi-dep-a3027-p277728591.html?spid=277728601
277403000,Đầm Maxi Linen Trắng Rút Rua Thủ Công Cao Cấp Du lịch Biển Resorts Lân Sa DRE209 thời trang Hity,2695000.0,2695000.0,0.0,0.0,0,255,,https://tiki.vndam-maxi-linen-lan-sa-dre209-thoi-trang-thiet-ke-hity-p277403000.html?spid=277403026
277388034,Váy tầng xòe beo lụa cát LM102421 [BST Da Beo,449000.0,449000.0,0.0,0.0,0,36961,,https://tiki.vnvay-tang-xoe-beo-lua-cat-lm102421-bst-da-beo-p277388034.html?spid=277388040
277385130,Đầm beo lụa cát cổ V tay phồng LM102401 [BST Da Beo,499000.0,499000.0,0.0,0.0,0,36961,,https://tiki.vndam-beo-lua-cat-co-v-tay-phong-lm102401-bst-da-beo-p277385130.html?spid=277385138
276613106,"Bộ Váy Trung Niên Lụa Hàn Châu Cao Cấp - Dáng Xòe Nhẹ, Họa Tiết Tinh Tế, Phù Hợp Mọi Hoàn Cảnh - Tuấn Tú Store 68",299000.0,299000.0,0.0,0.0,0,158759,,https://tiki.vnbo-vay-trung-nien-lua-han-chau-cao-cap-dang-xoe-nhe-hoa-tiet-tinh-te-phu-hop-moi-hoan-canh-tuan-tu-store-68-p276613106.html?spid=276613169
275353633,Áo Khoác Kimono Cotton Isla Bonita,1000000.0,1000000.0,0.0,0.0,0,850,,https://tiki.vnao-khoac-kimono-cotton-isla-bonita-p275353633.html?spid=275353645
274245017,Đầm dự tiệc Mina thiết kế dáng xoè xếp ly chất liệu Taffeta sang trọng - MN214,530000.0,530000.0,0.0,0.0,0,183689,,https://tiki.vndam-du-tiec-mina-thiet-ke-dang-xoe-xep-ly-chat-lieu-taffeta-sang-trong-mn214-p274245017.html?spid=274245021
273786638,Quần lót lọt khe thêu đính hạt sexy,29000.0,29000.0,0.0,0.0,0,103662,,https://tiki.vnquan-lot-lot-khe-theu-dinh-hat-sexy-p273786638.html?spid=273786646
272427125,"Bộ may vá thu nhỏ thắt lưng, thu hẹp eo quần jean kaki quần lưng thun kim chỉ nút dụng cụ luồn chun Legaxi",13000.0,13000.0,0.0,5.0,2,3196,,https://tiki.vnbo-may-va-thu-nho-that-lung-thu-hep-eo-quan-jean-kaki-quan-lung-thun-kim-chi-nut-dung-cu-luon-chun-legaxi-p272427125.html?spid=272427127
270820019,"Đồ bộ mặc Wannabe, bộ short BSC19 kiểu dáng áo pijamas quần short trẻ trung năng động",490000.0,490000.0,0.0,0.0,0,5383,,https://tiki.vndo-bo-mac-wannabe-bo-short-bsc19-kieu-dang-ao-pijamas-quan-short-tre-trung-nang-dong-p270820019.html?spid=270820025
241788138,"Áo sơ mi nữ trung niên thêu hoa cao cấp tặng mẹ, chất liệu mềm mát form rộng bigsize, áo kiểu NeSa Shop, SMH.60",99500.0,199000.0,99500.0,5.0,1,249310,,https://tiki.vnao-so-mi-nu-trung-nien-theu-hoa-cao-cap-tang-me-chat-lieu-mem-mat-form-rong-bigsize-ao-kieu-nesa-shop-smh-60-p241788138.html?spid=241788152
195657106,Combo 3 Quần Lót Nữ Flexi Co Dãn 4 Chiều Miley Lingerie New - BCS40,237000.0,237000.0,0.0,4.3,4,8827,,https://tiki.vncombo-3-quan-lot-nu-flexi-co-dan-4-chieu-miley-lingerie-new-bcs40-p195657106.html?spid=195657110
187315703,Áo sơ mi nữ tay dài form rộng trơn trẻ trung nặng động vải lụa mềm mịn-MUD03,109200.0,210000.0,100800.0,4.3,9,235530,,https://tiki.vnao-so-mi-nu-tay-dai-form-rong-tron-tre-trung-nang-dong-vai-lua-mem-min-mud03-p187315703.html?spid=187315731
187091523,"Bộ đồ bơi bikini nữ kín đáo quần short áo tay dài đi tắm biển, tập yoga, tập gym - B.32",179000.0,179000.0,0.0,0.0,0,184089,,https://tiki.vnbo-do-boi-bikini-nu-kin-dao-quan-short-ao-tay-dai-di-tam-bien-tap-yoga-tap-gym-b-32-p187091523.html?spid=187091525
176058988,ÁO CROPTOP BO EO CỔ TRÒN TRẺ,115000.0,115000.0,0.0,0.0,0,20897,,https://tiki.vnao-croptop-bo-eo-co-tron-tre-p176058988.html?spid=176058990
163477267,Bộ ngủ nữ dài tay Moon set,780000.0,780000.0,0.0,0.0,0,231869,,https://tiki.vnbo-ngu-nu-dai-tay-moon-set-p163477267.html?spid=163477281
162562883,Set 5 quần lót nữ su thông hơi không hằn nhiều màu (40kg-70kg),109200.0,109200.0,0.0,0.0,0,188535,,https://tiki.vnset-5-quan-lot-nu-su-thong-hoi-khong-han-nhieu-mau-40kg-70kg-p162562883.html?spid=162562898
157347904,Bộ tay dài quần dài dễ thương,199000.0,199000.0,0.0,3.7,3,76045,,https://tiki.vnbo-tay-dai-quan-dai-de-thuong-p157347904.html?spid=277571881
143941187,Đồ bộ Tole lửng nhung thiết kế phối màu,125000.0,125000.0,0.0,4.0,4,169077,,https://tiki.vndo-bo-tole-lung-nhung-thiet-ke-phoi-mau-p143941187.html?spid=277394487
126040698,"quần đùi (form dáng quốc dân) - chất đũi cực mát, siêu dễ mặc, dễ mix đồ (Y1)",118000.0,118000.0,0.0,5.0,1,226391,,https://tiki.vnquan-dui-form-dang-quoc-dan-chat-dui-cuc-mat-sieu-de-mac-de-mix-do-y1-p126040698.html?spid=126041569
117827610,Áo ngực Thái lan có gọng đêm mỏng 8056,97200.0,120000.0,22800.0,4.0,1,112944,,https://tiki.vnao-nguc-thai-lan-co-gong-dem-mong-8056-p117827610.html?spid=135628129
115803974,"Bộ ngủ 2 dây, đồ bộ nữ,đồ ngủ,đồ bộ mặc nhà đùi 2 dây tầng vải lụa họa tiết siêu cute",125000.0,125000.0,0.0,0.0,0,169077,,https://tiki.vnbo-ngu-2-day-do-bo-nu-do-ngu-do-bo-mac-nha-dui-2-day-tang-vai-lua-hoa-tiet-sieu-cute-p115803974.html?spid=276754287
107154036,Cosplay hầu gái bồi bàn quyến rũ gợi cảm - Xanh trắng,55000.0,55000.0,0.0,0.0,0,195824,,https://tiki.vncosplay-hau-gai-boi-ban-quyen-ru-goi-cam-xanh-trang-p107154036.html?spid=107154057
101281396,Set 10 quần lót thun lạnh trơn hàng việt nam cao cấp chất đẹp,184800.0,184800.0,0.0,5.0,1,188535,,https://tiki.vnset-10-quan-lot-thun-lanh-tron-hang-viet-nam-cao-cap-chat-dep-p101281396.html?spid=101281405
98807520,"Áo phông ngắn tay, áo thun nữ cộc tay Vicci AP.01.6 chất liệu cotton vân gỗ in hoạ kẻ",84000.0,168000.0,84000.0,5.0,27,2049,,https://tiki.vnao-phong-ngan-tay-ao-thun-nu-coc-tay-vicci-ap-01-6-chat-lieu-cotton-van-go-in-hoa-ke-p98807520.html?spid=98807538
82494821,Combo 10 quần lót thun lạnh siêu mát mẻ,180000.0,180000.0,0.0,5.0,2,169077,,https://tiki.vncombo-10-quan-lot-thun-lanh-sieu-mat-me-p82494821.html?spid=87003724
52244246,ĐẦM MAXY HOA NHÍ HOT TREND,176000.0,176000.0,0.0,4.0,17,20897,,https://tiki.vndam-maxy-hoa-nhi-hot-trend-p52244246.html?spid=52244266
34555968,Chân Váy Sọc Phối Túi Nana,139000.0,139000.0,0.0,4.0,2,20897,,https://tiki.vnchan-vay-soc-phoi-tui-nana-p34555968.html?spid=34555976
27827353,Quần Culottes Hity PAN038 (Cát Sahara),899000.0,899000.0,0.0,0.0,0,255,,https://tiki.vnquan-culottes-hity-pan038-cat-sahara-p27827353.html?spid=27827399
6670641,Áo Nâng Ngực đệm vừa MS506,134000.0,134000.0,0.0,4.0,1,9455,,https://tiki.vnao-nang-nguc-dem-vua-ms506-p6670641.html?spid=8713200
5971817,Bộ 5 Quần Lót Thông Hơi Thoáng Khí Cao Cấp Vio 602,112000.0,112000.0,0.0,0.0,0,9455,,https://tiki.vnbo-5-quan-lot-thong-hoi-thoang-khi-cao-cap-vio-602-p5971817.html?spid=8427143
285045,Áo Khoác Xỏ Ngón Chống Nắng Basix Phúc An 4034 - Xanh Đen,180000.0,180000.0,0.0,5.0,1,5961,,https://tiki.vnao-khoac-xo-ngon-chong-nang-basix-phuc-an-4034-xanh-den-p285045.html?spid=2773741
279096426,QUẦN LÓT REN NƠ QUYẾN RŨ TỪ 40-60KG DÀNH CHO NỮ,55000.0,55000.0,0.0,0.0,0,311814,,https://tiki.vnquan-lot-ren-no-quyen-ru-tu-40-60kg-danh-cho-nu-p279096426.html?spid=279096440
278950833,Đầm maxi Ruzimay cup ngực dáng xòe R0200,450000.0,450000.0,0.0,0.0,0,362481,,https://tiki.vndam-maxi-ruzimay-cup-nguc-dang-xoe-r0200-p278950833.html?spid=278950841
278529419,Quần Tây Nữ đĩa lệch 9 tấc (Vải Hàn Quốc không nhăn) Pants,225000.0,225000.0,0.0,0.0,0,363032,,https://tiki.vnquan-tay-nu-dia-lech-9-tac-vai-han-quoc-khong-nhan-pants-p278529419.html?spid=278529451
278083777,"ÁO ĐÔI THU ĐÔNG LOẠI 1 CỰC XINH - T23, T23",149250.0,149250.0,0.0,0.0,0,162792,,https://tiki.vnao-doi-thu-dong-loai-1-cuc-xinh-p278083777.html?spid=278084813
278078359,"Áo Thun Đôi, Cặp Mr.Buffalo CUTE Tshirt Cotton 100% có bigsize Unisex Local Brand B19B19n - Đen B19n",200000.0,200000.0,0.0,0.0,0,162792,,https://tiki.vnao-thun-doi-cap-mr-buffalo-cute-tshirt-cotton-100-co-bigsize-unisex-local-brand-b19b19n-p278078359.html?spid=278078391
278012037,QUẦN LÓT LỤA REN SIÊU QUYẾN RŨ CAO CẤP TỪ 40-70KG DÀNH CHO NỮ,45000.0,45000.0,0.0,0.0,0,311814,,https://tiki.vnquan-lot-lua-ren-sieu-quyen-ru-cao-cap-tu-40-70kg-danh-cho-nu-p278012037.html?spid=278012061
275753040,"Quần nữ dáng suông QD09 mặc ở nhà, đi học",260000.0,260000.0,0.0,0.0,0,10738,,https://tiki.vnquan-suong-nu-form-rong-chat-linen-mem-min-cap-chun-co-day-rut-de-mac-qd09-p275753040.html?spid=275753046
270971879,Set Bikini 3 món áo ngực quần tam giác kèm khăn quấn,225000.0,225000.0,0.0,0.0,0,49140,,https://tiki.vnset-bikini-3-mon-ao-nguc-quan-tam-giac-kem-khan-quan-p270971879.html?spid=270971880
270182721,Combo 3 Áo Ngực Cotton Không Gọng Mút Mỏng Lưng Logo Thời Trang BeingMe Miley Lingerie,532000.0,699000.0,167000.0,0.0,0,8827,,https://tiki.vncombo-3-ao-nguc-cotton-khong-gong-mut-mong-lung-logo-thoi-trang-beingme-miley-lingerie-p270182721.html?spid=270182727
270074964,Áo Bra Ren Hoa Mềm Cao Cấp Dáng Lửng,55000.0,55000.0,0.0,0.0,0,6615,,https://tiki.vnao-bra-ren-hoa-mem-cao-cap-dang-lung-p270074964.html?spid=270074970
253107384,Đầm Xogam Hồng Tay Liền Họa Tiết Nổi Maxivic M122212,1990000.0,1990000.0,0.0,0.0,0,36961,,https://tiki.vndam-xogam-hong-tay-lien-hoa-tiet-noi-maxivic-m122212-p253107384.html?spid=253107392
248745097,"Quần gen bụng thu gọn eo ,giảm béo bụng chất cotton lạnh kháng khuẩn",150000.0,150000.0,0.0,4.5,2,197061,,https://tiki.vnqua-n-gen-bung-thu-gon-eo-giam-beo-bung-chat-cotton-lanh-khang-khuan-p248745097.html?spid=248745128
248744901,Áo ngực không dây chống tuột đúc su đệm dày tôn V1-áo chíp quây mặc trong áo váy hở vai,179000.0,179000.0,0.0,0.0,0,197061,,https://tiki.vnao-nguc-khong-day-chong-tuot-duc-su-dem-day-ton-v1-ao-chip-quay-mac-trong-ao-vay-ho-vai-p248744901.html?spid=248744909
241788231,"Áo sơ mi nữ trung niên cổ tròn tay lỡ, Áo kiểu thêu hoa, Áo nữ bigsize NeSa Shop chất liệu cao cấp mềm nhẹ mát SMH.61",99500.0,199000.0,99500.0,0.0,0,249310,,https://tiki.vnao-so-mi-nu-trung-nien-co-tron-tay-lo-ao-kieu-theu-hoa-ao-nu-bigsize-nesa-shop-chat-lieu-cao-cap-mem-nhe-mat-smh-61-p241788231.html?spid=241788262
208093463,Quần vớ tất nữ freesize màu đen bên trong lót lông nỉ dày ấm giữ nhiệt tốt mùa thu đông - Quần legging dáng dài dẫm gót dễ dàng phối đồ cho người mặc vỏ tím xuất nhật - HÀNG LOẠI 1,199000.0,199000.0,0.0,0.0,0,177515,,https://tiki.vnquan-vo-tat-nu-freesize-mau-den-ben-trong-lot-long-ni-day-am-giu-nhiet-tot-mua-thu-dong-quan-legging-dang-dai-dam-got-de-dang-phoi-do-cho-nguoi-mac-vo-tim-xuat-nhat-hang-loai-1-p208093463.html?spid=278722028
205507523,"Áo sơ mi nữ form rộng dài tay NeSa Shop, Chất liệu Đũi mềm mịn, thoáng mát, áo kiểu nữ form rộng SMH.038",99500.0,199000.0,99500.0,0.0,0,249310,,https://tiki.vnao-so-mi-nu-co-duc-nesa-shop-tay-lo-chat-lieu-dui-mem-min-thoang-mat-ao-kieu-nu-form-rong-smh-038-p205507523.html?spid=205507543
198791820,Áo sơ mi nữ trắng cộc và dài tay May 10 màu AT049,342000.0,342000.0,0.0,0.0,0,16588,,https://tiki.vnao-so-mi-nu-trang-coc-va-dai-tay-may-10-mau-at049-p198791820.html?spid=198791824
195300106,Áo Ngực Melange Miley Lingerie Mút Mỏng Có Gọng Nâng Ngực - Màu Trắng Kem BRC14012,278000.0,347000.0,69000.0,0.0,0,8827,,https://tiki.vnao-nguc-cotton-flexi-miley-lingerie-mut-mong-co-gong-nang-nguc-mau-trang-kem-brc14012-p195300106.html?spid=195300114
192942218,Váy sơ mi dáng dài thắt eo – Đầm nữ form suông vintage kẻ caro phong cách công sở Haint Boutique Da187,249000.0,249000.0,0.0,0.0,0,10738,,https://tiki.vnvay-so-mi-dang-dai-that-eo-dam-nu-form-suong-vintage-ke-caro-phong-cach-cong-so-haint-boutique-da187-p192942218.html?spid=192942224
190740940,Bộ ngủ nữ dài tay Queen,820000.0,820000.0,0.0,0.0,0,231869,,https://tiki.vnbo-ngu-nu-dai-tay-queen-p190740940.html?spid=190740946
187826350,Áo Croptop nữ kiểu 2NDDATE TOP020,550000.0,550000.0,0.0,0.0,0,292406,,https://tiki.vnao-croptop-nu-kieu-2nddate-top020-p187826350.html?spid=187826369
186270112,"Quần Lót Nữ Xẻ Đáy Sexy, Gởi Cảm",29000.0,29000.0,0.0,0.0,0,195824,,https://tiki.vnquan-lot-nu-xe-day-sexy-goi-cam-p186270112.html?spid=186270116
185919189,"Váy sơ mi dáng dài đi biển, đầm nữ đi chơi dạo phố đẹp sang chảnh chất đũi mềm mát Da161",299000.0,299000.0,0.0,5.0,1,10738,,https://tiki.vndam-linen-suong-phong-cach-cong-so-co-so-mi-thiet-ke-dai-roi-thoi-trang-nu-haint-boutique-da161-p185919189.html?spid=185919191
181375403,Váy babydoll 2 dây 2 lớp dập hoa nổi mát mẻ,65000.0,65000.0,0.0,4.0,1,49140,,https://tiki.vnvay-babydoll-2-day-2-lop-dap-hoa-noi-mat-me-p181375403.html?spid=181375405
173632628,Đai nịt bụng VITA LATEX cải tiến ĐẶC 15 xương,420000.0,420000.0,0.0,4.6,11,204331,,https://tiki.vndai-nit-bung-vita-latex-cai-tien-dac-15-xuong-p173632628.html?spid=173632692
167595238,"Đầm Đuôi Cá Lụa Crep Cổ Vuông Maxivic, La Mộc - LM012227",590000.0,590000.0,0.0,0.0,0,36961,,https://tiki.vndam-duoi-ca-lua-crep-co-vuong-maxivic-la-moc-lm012227-p167595238.html?spid=167595240
160695118,"Áo Lót Nữ, Áo Ngực Trơn Mút Dày Hàng Thái Lan Hãng.A2280",110000.0,110000.0,0.0,0.0,0,112944,,https://tiki.vnao-lot-nu-ao-nguc-tron-mut-day-hang-thai-lan-hang-a2280-p160695118.html?spid=276838000
149973456,ĐỒ BỘ ĐÙI MẶC NHÀ NỮ LỤA 100D CAO CẤP,160000.0,160000.0,0.0,0.0,0,361737,,https://tiki.vndo-bo-dui-mac-nha-nu-lua-100d-cao-cap-p149973456.html?spid=278827560
142827832,Quần short cạp cao size XL,279000.0,279000.0,0.0,0.0,0,246,,https://tiki.vnquan-short-cap-cao-size-xl-p142827832.html?spid=142827833
107155666,Quần lót nữ ren dây chéo ôm mông,19000.0,19000.0,0.0,0.0,0,195824,,https://tiki.vnquan-lot-nu-ren-day-cheo-om-mong-p107155666.html?spid=107155672
105343091,QUẦN LÓT NỮ THUN LẠNH HOA VIỀN REN BIG SIZE,32000.0,32000.0,0.0,0.0,0,112944,,https://tiki.vnquan-lot-nu-thun-lanh-hoa-vien-ren-big-size-p105343091.html?spid=105343095
96996020,Váy ngủ sexy hai dây ren xuyên thấu gợi cảm quyến rũ + quần chip G-string,55000.0,55000.0,0.0,5.0,1,49140,,https://tiki.vnvay-ngu-sexy-hai-day-ren-xuyen-thau-goi-cam-quyen-ru-quan-chip-g-string-p96996020.html?spid=96996024
90689637, Áo khoác Hoodie Nỉ Bông Purbsso tay phồng Form rộng Unisex Nam Nữ Couple Chất Đẹp,100000.0,100000.0,0.0,0.0,0,107387,,https://tiki.vnproduct-p90689637.html?spid=104890110
87107824,Váy ngủ jum bó sát body sexy quyến rũ,45000.0,45000.0,0.0,0.0,0,49140,,https://tiki.vnvay-ngu-jum-bo-sat-body-sexy-quyen-ru-p87107824.html?spid=87107825
83503943,ÁO NGỰC TRƠN MÚT KÉP,120000.0,120000.0,0.0,5.0,1,169077,,https://tiki.vnao-nguc-tron-mut-kep-p83503943.html?spid=96245974
74421501,ÁO LÓT NỮ MỎNG CÓ GỌNG CÀI TRƯỚC VIỀN REN,72960.0,96000.0,23040.0,4.7,32,112944,,https://tiki.vnao-lot-nu-mong-co-gong-cai-truoc-vien-ren-p74421501.html?spid=74421517
56346167,Áo lót nữ ren dày,98400.0,120000.0,21600.0,4.0,2,112944,,https://tiki.vnao-lot-nu-ren-day-p56346167.html?spid=61933222
55211860,Đồ Bơi Cặp Đồ Bơi Tay Dài Chống Nắng Kiểu Hàn Quốc AT173 MayHomes Đồ Bơi Nam Nữ,232000.0,250000.0,18000.0,4.2,44,5826,,https://tiki.vndo-boi-cap-do-boi-tay-dai-chong-nang-kieu-han-quoc-at173-mayhomes-do-boi-nam-nu-p55211860.html?spid=55211864
21125186,Áo Ngực Nữ Cotton Miley Lingerie BRW01015,239000.0,239000.0,0.0,0.0,0,8827,,https://tiki.vnao-nguc-nu-cotton-miley-lingerie-brw01015-p21125186.html?spid=21125190
14815778,Chân Váy Taka,135000.0,135000.0,0.0,4.3,3,20897,,https://tiki.vnchan-vay-taka-p14815778.html?spid=14815784
279054546,Áo sơ mi nữ dài tay trơn basic đuôi tôm siêu dễ phối đồ vải Linen sợi tự nhiên 100% cao cấp,350000.0,350000.0,0.0,0.0,0,10738,,https://tiki.vnao-so-mi-nu-dai-tay-tron-basic-duoi-tom-sieu-de-phoi-do-vai-linen-soi-tu-nhien-100-premium-cao-cap-p279054546.html?spid=279054558
278360452,Quần học sinh cho bé gái cấp 1 - cấp 2,160000.0,160000.0,0.0,0.0,0,235294,,https://tiki.vnquan-hoc-sinh-cho-be-gai-cap-1-cap-2-p278360452.html?spid=278360462
277947595,Áo khoát nữ nhung nhung gân trơn 4 túi nhiều màu hàng đẹp dễ thương-A2054 - 6,299000.0,299000.0,0.0,0.0,0,204632,,https://tiki.vnao-khoat-nu-nhung-nhung-gan-tron-4-tui-nhieu-mau-hang-dep-de-thuong-a2054-p277947595.html?spid=277947639
276617154,Set áo kiểu tay ngắn cổ thang & chân váy xếp ly DARIA thiết kế cao cấp WHITE CHIC,1250000.0,1250000.0,0.0,0.0,0,359223,,https://tiki.vnset-ao-kieu-tay-ngan-co-thang-chan-vay-xep-ly-daria-thiet-ke-cao-cap-white-chic-p276617154.html?spid=276617160
275955946,Đầm Sơ Mi Linen Bohemian DRE228 thời trang thiết kế Hity,2895000.0,2895000.0,0.0,0.0,0,255,,https://tiki.vndam-so-mi-linen-bohemian-dre228-thoi-trang-thiet-ke-hity-p275955946.html?spid=275955957
275752925,Quần linen dáng dài form chuẩn Hàn Quốc tiểu thư nhẹ nhàng QD09,260000.0,260000.0,0.0,0.0,0,10738,,https://tiki.vnquan-suong-nu-form-rong-chat-linen-mem-min-cap-chun-co-day-rut-de-mac-qd09-p275752925.html?spid=275752933
275752907,"Quần ống rộng lưng chun cạp cao có đi kèm dây rút, thoải mái, dễ mặc QD09",260000.0,260000.0,0.0,0.0,0,10738,,https://tiki.vnquan-suong-nu-form-rong-chat-linen-mem-min-cap-chun-co-day-rut-de-mac-qd09-p275752907.html?spid=275752911
275518316,Áo chuyên dụng 2014 chống tuột ren hoa cúp ngang mút vừa dây tháo rời được,198000.0,198000.0,0.0,0.0,0,6615,,https://tiki.vnao-chuyen-dung-2014-chong-tuot-ren-hoa-cup-ngang-mut-vua-day-thao-roi-duoc-p275518316.html?spid=275518332
274744429,"Sure Fashion Official, Áo Thun Nữ Cao Cấp In Hình, Chất Liệu 100% Sợi Cotton Tự Nhiên, Thoáng Mát, Mềm Mại, Thoả Mái Vận Động, Giá Tốt Khi Mua Online",279000.0,279000.0,0.0,0.0,0,260851,,https://tiki.vnsure-fashion-official-ao-thun-nu-cao-cap-in-hinh-chat-lieu-100-soi-cotton-tu-nhien-thoang-mat-mem-mai-thoa-mai-van-dong-gia-tot-khi-mua-online-p274744429.html?spid=274744439
270823110,Đầm ngủ sơ mi cao cấp Wannabe DNC19 váy ngủ dáng pijama form suông thoải mái nữ tính vải lanh tole siêu mát,450000.0,450000.0,0.0,0.0,0,5383,,https://tiki.vndam-ngu-so-mi-cao-cap-wannabe-dnc19-kieu-dang-pijamas-form-suong-thoai-mai-nu-tinh-p270823110.html?spid=270823116
270304729,Quần lót ren lọt khe nữ athena,35000.0,35000.0,0.0,0.0,0,103662,,https://tiki.vnquan-lot-ren-lot-khe-nu-athena-p270304729.html?spid=270304735
251489893,"RUNNING UNBREATABLE, mã G3. Trở nên cá tính và ấn tượng cùng chiếc áo phông Goking cho nam nữ trẻ em. Áo phông hàng hiệu cho cặp đôi, gia đình, đội nhóm",69000.0,69000.0,0.0,0.0,0,18138,,https://tiki.vnrunning-unbreatable-ma-g3-ao-thun-nam-nu-sieu-dep-ao-phong-thoat-nhiet-goking-hang-hieu-p251489893.html?spid=251489946
251408705,"THINK DIFFERENT, mã logo-g66. Hãy tỏa sáng như kim cương, qua chiếc áo thun Goking siêu hot cho nam nữ trẻ em, cặp đôi, gia đình, đội nhóm",69000.0,69000.0,0.0,0.0,0,18138,,https://tiki.vnthink-different-ma-logo-g66-ao-thun-nam-nu-in-logo-sieu-dep-ao-phong-thoat-nhiet-goking-hang-hieu-cao-cap-p251408705.html?spid=251409554
251312894,"TOKYO JAPAN - NEVER GIVE UP, mã Logo-G91. Hãy tỏa sáng như kim cương, qua chiếc áo thun Goking siêu hot cho nam nữ trẻ em, áo phông cặp đôi, gia đình, đội nhóm",69000.0,69000.0,0.0,0.0,0,18138,,https://tiki.vntokyo-ma-logo-g91-ao-thun-nam-nu-in-logo-dep-ao-phong-thoat-nhiet-nhat-ban-goking-cho-cap-doi-gia-dinh-doi-nhom-dong-phuc-cong-ty-p251312894.html?spid=251313049
249940383,Quần lót ren nữ cao cấp WANNABE QLR21 quần chíp ren Nhật kiểu dáng sang trọng nữ tính thoải mái thoáng mát cả ngày,220000.0,220000.0,0.0,0.0,0,5383,,https://tiki.vnquan-lot-ren-cao-cap-wannabe-qlr21-kieu-dang-sang-trong-nu-tinh-p249940383.html?spid=249940399
206904675,Quần lót lọt khe ren Love cạp cao mặc lộ quần cực Sexy,59000.0,59000.0,0.0,0.0,0,49140,,https://tiki.vnquan-lot-lot-khe-ren-love-ca-p-cao-ma-c-lo-qua-n-cuc-sexy-p206904675.html?spid=206904676
199552914,Quần Gen Đùi Móc Cài Callalady Định Hình Eo Thon Gọn Đùi,229000.0,229000.0,0.0,0.0,0,280718,,https://tiki.vnquan-gen-dui-moc-cai-callalady-dinh-hinh-eo-thon-gon-dui-p199552914.html?spid=199552920
187826412,Quần suông ống đứng nữ kiểu 2NDDATE 2HTR002W,425000.0,425000.0,0.0,0.0,0,292406,,https://tiki.vnquan-suong-ong-dung-nu-kieu-2nddate-2htr002w-p187826412.html?spid=187826429
180923786,Bộ đồ mặc nhà nữ lanh (tole) Vicci BN181 thiết kế áo tay ngắn nhún bèo cách điệu phối quần lửng in họa tiết,145000.0,269000.0,124000.0,5.0,4,2049,,https://tiki.vnbo-do-mac-nha-nu-lanh-tole-vicci-bn181-thiet-ke-ao-tay-ngan-nhun-beo-cach-dieu-phoi-quan-lung-in-hoa-tiet-p180923786.html?spid=180923796
172908437,"NEVER GIVE UP, LIFE IS A FIGHT, mã G118. Áo thun hàng hiệu Goking, form unisex cho nam nữ, trẻ em, bé trai gái. Áo phông in đẹp, quà tặng cao cấp",69000.0,69000.0,0.0,5.0,3,18138,,https://tiki.vnnever-give-up-life-is-a-fight-ma-g118-ao-thun-nu-nam-in-sieu-dep-ao-phong-thoat-nhiet-goking-hang-hieu-cao-cap-p172908437.html?spid=249135400
172296304,Set áo choàng kèm váy ngủ 2 dây gợi cảm VILADY - S109 kiểu tay dài phối ren bo gấu xinh Sexy chất liệu lụa Pháp (lụa latin) cao cấp,500000.0,500000.0,0.0,5.0,5,275028,,https://tiki.vnset-ao-choang-kem-vay-ngu-2-day-goi-cam-vilady-s109-kieu-tay-dai-phoi-ren-bo-gau-xinh-sexy-chat-lieu-lua-phap-lua-latin-cao-cap-p172296304.html?spid=172296308
168705404,Đầm ngủ phi lụa cao cấp Wannabe DNS29 phối ren sườn nữ tính nhẹ nhàng,420000.0,420000.0,0.0,0.0,0,5383,,https://tiki.vndam-ngu-phi-lua-cao-cap-wannabe-dns29-phoi-ren-suon-nu-tinh-nhe-nhang-p168705404.html?spid=168705413
168312029,Áo Lót Nâng Ngực Nữ Ren Có Gọng LUPERI LP87M Thiết Kế Đệm Siêu Mỏng Mát Cho Người Ngực To Bản 2 Móc Trẻ Trung,235000.0,235000.0,0.0,0.0,0,120615,,https://tiki.vnao-lot-nang-nguc-nu-ren-co-gong-luperi-lp87-thiet-ke-dem-sieu-mong-mat-cho-nguoi-nguc-to-ban-2-moc-tre-trung-p168312029.html?spid=168312051
167461360,"Đồ bơi bigsize nữ, áo tắm cộc tay cùng quần boxer cho người béo mập, mẫu thể thao khỏe khoắn, chất đẹp phom đẹp | KT110",460000.0,460000.0,0.0,4.7,11,63850,,https://tiki.vndo-boi-bigsize-nu-ao-tam-coc-tay-cung-quan-boxer-cho-nguoi-beo-map-mau-the-thao-khoe-khoan-chat-dep-phom-dep-kt110-p167461360.html?spid=167461364
155706124,Set bộ ngủ 2 dây ren cực SEXY T189 GIAO HOẢ TỐC HCM,199000.0,199000.0,0.0,5.0,1,76045,,https://tiki.vnset-bo-ngu-2-day-ren-cuc-sexy-t189-giao-hoa-toc-hcm-p155706124.html?spid=277571190
145290121,"Áo Croptop New Design  Thiết Kế Cổ V ,Áo Nữ Xinh Đẹp Chất Vải Lụa ,Mặc Mát AO0003",299000.0,299000.0,0.0,0.0,0,247663,,https://tiki.vnao-nu-croptop-co-v-rut-day-tay-phong-ms-19-mau-moi-chat-vai-lua-thiet-ke-vannhshop-p145290121.html?spid=145290161
133893404,Áo len nữ lưới mỏng thời trang Al30,149000.0,149000.0,0.0,4.0,1,235034,,https://tiki.vnao-len-nu-phoi-luoi-mong-thoi-trang-al30-p133893404.html?spid=133893418
112764967,Đai nịt bụng (gen siết giảm eo) latex 25 xương thép nhập khẩu Italy dáng cao 27cm,285000.0,285000.0,0.0,4.0,1,204331,,https://tiki.vndai-nit-bung-gen-siet-giam-eo-latex-25-xuong-thep-nhap-khau-italy-dang-cao-27cm-p112764967.html?spid=112765438
104511613,ÁO KHOÁC KAKI M100 (Kèm Video - Túi Hộp Nắp Xéo),551080.0,551080.0,0.0,0.0,0,204632,,https://tiki.vnao-khoac-kaki-m100-kem-video-tui-hop-nap-xeo-p104511613.html?spid=113225243
75442573,Đầm xòe nữ xinh xắn HB77,179000.0,179000.0,0.0,0.0,0,10738,,https://tiki.vndam-xoe-nu-xinh-xan-hb77-p75442573.html?spid=75442581
73370241,Quần lót sexy nơ eo thấp,9000.0,9000.0,0.0,4.5,2,49140,,https://tiki.vnquan-lot-sexy-no-eo-thap-p73370241.html?spid=73370245
64221602,ĐẦM VAI TRỄ HAI DÂY PHỐI REN LAI,460000.0,460000.0,0.0,0.0,0,90807,,https://tiki.vndam-vai-tre-hai-day-phoi-ren-lai-p64221602.html?spid=64222055
57318339,Đầm Dạ Hội Trọng MS 122,299000.0,299000.0,0.0,4.6,13,90807,,https://tiki.vndam-da-hoi-trong-p57318339.html?spid=57318341
56029270,Quần baggy đũi xước Vicci vải cao cấp nhiều màu,114000.0,169000.0,55000.0,4.6,21,2049,,https://tiki.vnquan-baggy-dui-xuoc-vicci-vai-cao-cap-nhieu-mau-p56029270.html?spid=56029290
52421625,Quần baggy nữ quần học sinh Haint Boutique Q33,119000.0,119000.0,0.0,3.0,1,10738,,https://tiki.vnquan-baggy-nu-quan-hoc-sinh-haint-boutique-q33-p52421625.html?spid=56451879
50513083,"Áo khoác kimono voan ngắn đi biển, viền thổ cẩm mix họa tiết xinh | KM006",240000.0,240000.0,0.0,4.5,4,63850,,https://tiki.vnao-khoac-kimono-voan-ngan-di-bien-vien-tho-cam-mix-hoa-tiet-xinh-km006-p50513083.html?spid=50513089
19704193,Áo choàng ngủ nữ trong suốt,55000.0,55000.0,0.0,1.0,1,103662,,https://tiki.vnao-choang-ngu-nu-trong-suot-p19704193.html?spid=48215039
14815727,Chân Váy Halona,135000.0,135000.0,0.0,5.0,6,20897,,https://tiki.vnchan-vay-halona-p14815727.html?spid=14815741
8068749,Áo Khoác Nữ Xỏ Ngón Comfort Phúc An 4034 Màu,180000.0,180000.0,0.0,4.6,44,5961,,https://tiki.vnao-khoac-nu-xo-ngon-comfort-phuc-an-4034-p8068749.html?spid=8068761
2436077,Áo khoác nữ chống nắng UPF50+ Light Grape Blue Zigzag JAC00306 size,449500.0,899000.0,449500.0,0.0,0,2968,,https://tiki.vnao-khoac-nu-chong-nang-upf50-light-grape-blue-zigzag-jac00306-tang-khau-trang-tri-gia-129k-p2436077.html?spid=2436085
279096546,QUẦN LÓT SATIN REN LƯỚI QUYẾN RŨ KIỂU PHÁP TỪ 40-70KG DÀNH CHO NỮ,65000.0,65000.0,0.0,0.0,0,311814,,https://tiki.vnquan-lot-satin-ren-luoi-quyen-ru-kieu-phap-tu-40-70kg-danh-cho-nu-p279096546.html?spid=279096560
279056121,"Đầm đỏ nơ tay NGADO , đầm suông , đầm Nữ , đầm công sở, dự tiệc",950000.0,950000.0,0.0,0.0,0,344204,,https://tiki.vndam-do-no-tay-ngado-dam-suong-dam-nu-dam-cong-so-du-tiec-p279056121.html?spid=279056129
278817027,ÁO NGỰC KHÔNG GỌNG – MÚT MỎNG 7804,320000.0,320000.0,0.0,0.0,0,174218,,https://tiki.vnao-nguc-khong-gong-mut-mong-7804-p278817027.html?spid=278817035
278695883,"Set áo quần đen cổ viền trắng NGADO , set áo quần dài",1400000.0,1400000.0,0.0,0.0,0,344204,,https://tiki.vnset-ao-quan-den-co-vien-trang-ngado-set-ao-quan-dai-p278695883.html?spid=278695887
278633239,"Áo thun len sọc cổ thủy thủ – phong cách Hàn Quốc, trẻ trung, dễ thương",175000.0,175000.0,0.0,0.0,0,282163,,https://tiki.vnao-thun-len-soc-co-thuy-thu-phong-cach-han-quoc-tre-trung-de-thuong-p278633239.html?spid=278633243
278102043,Body Dây Đan Quyến Rũ Thiết Kế Ren Phối Dây Tôn Dáng Có Thể Điều Chỉnh Phù Hợp Mọi Cơ Thể C015,75000.0,75000.0,0.0,0.0,0,186696,,https://tiki.vnbody-day-dan-quyen-ru-thiet-ke-ren-phoi-day-ton-dang-co-the-dieu-chinh-phu-hop-moi-co-the-c015-p278102043.html?spid=278223028
278101582,"Cosplay Nàng Thư Ký Cutout Gợi Cảm ,Váy Ngủ Hóa Trang Nữ Trợ Lý Giám Đốc Sexy Quyến Rũ Và Gợi Cảm, Đồ Ngủ Cosplay C062",139000.0,139000.0,0.0,0.0,0,186696,,https://tiki.vncosplay-nang-thu-ky-cutout-goi-cam-vay-ngu-hoa-trang-nu-tro-ly-giam-doc-sexy-quyen-ru-va-goi-cam-do-ngu-cosplay-c062-p278101582.html?spid=278101586
278079620,"Áo Thun Cặp, Đôi Mr.Buffalo cún shiba đầy pin Tshirt Cotton 100% Unisex Form Oversize Loca",124000.0,124000.0,0.0,0.0,0,162792,,https://tiki.vnao-thun-cap-doi-mr-buffalo-cun-shiba-day-pin-tshirt-cotton-100-unisex-form-oversize-local-brand-t59-p278079620.html?spid=278079674
275789094,"Áo hai dây cổ lục giác cao cấp mặc trong áo blazer, chất lụa satin mịn, mát - AO0038",199000.0,199000.0,0.0,0.0,0,247663,,https://tiki.vnao-hai-day-co-luc-giac-cao-cap-mac-trong-ao-blazer-chat-lua-satin-min-mat-ao0038-p275789094.html?spid=275789118
262803154,Đầm ngủ WANNABE DNS71 váy ngủ 2 dây cúp ngực lót mút mỏng tạo dáng cho người mặc in hoa ngọt ngào nữ tính quyến rũ,390000.0,390000.0,0.0,5.0,2,5383,,https://tiki.vndo-ngu-nu-wannabe-dns71-dam-ngu-hai-day-ra-cup-lot-mut-nu-tinh-quyen-ru-p262803154.html?spid=262803156
253097845,Đồ ngủ nữ Wannabe DNS75 đầm ngủ hai dây phối ren lạ mắt nữ tính sang trọng quý phái,440000.0,440000.0,0.0,0.0,0,5383,,https://tiki.vndo-ngu-nu-wannabe-dns75-dam-ngu-hai-day-phoi-ren-la-mat-nu-tinh-sang-trong-quy-phai-p253097845.html?spid=253097849
252801927,"Đồ bơi nữ size lớn, áo tắm big size dáng váy liền thân dấu bụng cho người béo mập, mẫu khoá kéo cộc tay trẻ trung, chất thun bơi lạnh Lycra cao cấp dày đẹp | KT112",460000.0,460000.0,0.0,5.0,1,63850,,https://tiki.vndo-boi-nu-size-lon-ao-tam-big-size-dang-vay-lien-than-dau-bung-cho-nguoi-beo-map-mau-khoa-keo-coc-tay-tre-trung-chat-thun-boi-lanh-lycra-cao-cap-day-dep-kt112-p252801927.html?spid=252801943
244297968,"Áo Lót Nữ Bra Dệt Tăm Viền Ren 821 – Không Gọng, Co Giãn 4 Chiều",74000.0,74000.0,0.0,0.0,0,112944,,https://tiki.vnao-bra-det-gan-vien-ren-821-p244297968.html?spid=244297976
244297903,"Quần lót nữ lọt khe ren kèm cục bông 053 – Sexy, quyến rũ, tôn dáng",37800.0,45000.0,7200.0,0.0,0,112944,,https://tiki.vnquan-lot-khe-ren-kem-cuc-bong-053-p244297903.html?spid=244297956
207537137,"Set 200 Miếng Nhựa Cố Định Cổ Áo Sơ Mi, Giữ Thẳng Cổ Áo Thời Trang Nam Nữ Đi Làm Văn Phòng Legaxi",43000.0,43000.0,0.0,0.0,0,3196,,https://tiki.vnset-200-mieng-nhua-co-dinh-co-ao-so-mi-giu-thang-co-ao-thoi-trang-nam-nu-di-lam-van-phong-legaxi-p207537137.html?spid=207537139
199604233,"Đồ bộ nữ mặc nhà, Bộ ngủ nữ chất tole lanh loại 1, áo tay cánh tiên quần lửng ảnh thật - TL40",110000.0,110000.0,0.0,4.0,1,169077,,https://tiki.vndo-bo-nu-mac-nha-bo-ngu-nu-chat-tole-lanh-loai-1-ao-tay-canh-tien-quan-lung-anh-that-tl40-p199604233.html?spid=277383983
199250174,UPZ Quần Shorts Kaki Logo (5 Màu),170000.0,170000.0,0.0,0.0,0,219817,,https://tiki.vnupz-quan-shorts-kaki-logo-5-mau-p199250174.html?spid=199250200
190741005,Bộ ngủ nữ cộc tay Classic các màu,595000.0,595000.0,0.0,0.0,0,231869,,https://tiki.vnbo-ngu-nu-coc-tay-classic-cac-mau-p190741005.html?spid=190741033
180590331,Đầm ngủ phi lụa cao cấp WANNABE DNS50 váy ngủ hai dây cut-out lưng trang trí 4 dây hình chữ M khoe eo quyến rũ gợi cảm,350000.0,350000.0,0.0,0.0,0,5383,,https://tiki.vndam-ngu-phi-lua-cao-cap-wannabe-dns50-kieu-dam-hai-day-cut-out-lung-quyen-ru-goi-cam-p180590331.html?spid=180590333
174442394,Set 5 Quần Lót Đúc Su Không Đường May,160000.0,160000.0,0.0,0.0,0,361737,,https://tiki.vnset-5-quan-lot-duc-su-khong-duong-may-p174442394.html?spid=278482128
172483783,SÉT 10 QUẦN LÓT NỮ COTON LỤA 4 CHIỀU phối ren CAO CẤP(45kg-75kg),208000.0,208000.0,0.0,0.0,0,169077,,https://tiki.vnset-10-quan-lot-nu-coton-lua-4-chieu-phoi-ren-cao-cap-45kg-75kg-p172483783.html?spid=172483790
154474617,Áo sơ mi nữ sợi tre màu trắng dài tay May 10 mã 010221155WON,568000.0,568000.0,0.0,5.0,1,16588,,https://tiki.vnao-so-mi-nu-soi-tre-mau-trang-dai-tay-may-10-ma-010221155won-p154474617.html?spid=154474623
129382311,"Đầm len nữ , đầm yếm ôm body phối cúc xinh xắn AL103",199000.0,199000.0,0.0,0.0,0,10738,,https://tiki.vndam-len-nu-dam-yem-om-body-phoi-cuc-xinh-xan-al103-p129382311.html?spid=129382315
126039697,"quần short (đùi) - chất đũi cực mát, siêu dễ mặc, dễ mix đồ (Y1)",119000.0,119000.0,0.0,0.0,0,226391,,https://tiki.vnquan-short-dui-chat-dui-cuc-mat-sieu-de-mac-de-mix-do-y1-p126039697.html?spid=126039811
108100640,Áo ngực chống tụt hàng Nhật_Áo lót ngực không dây mặc trong áo đầm 2 dây_Bra đệm không dây chống tụt,243320.0,243320.0,0.0,0.0,0,197061,,https://tiki.vnao-nguc-chong-tut-hang-nhat_ao-lot-nguc-khong-day-mac-trong-ao-dam-2-day_bra-dem-khong-day-chong-tut-p108100640.html?spid=108100668
105673606,Quần short nữ vải đũi cạp chun Q36,139000.0,139000.0,0.0,0.0,0,10738,,https://tiki.vnquan-short-nu-vai-dui-cap-chun-q36-p105673606.html?spid=105673628
104078585,"Áo lót Lovely ren mút vừa CỰC XINH, ôm khít, nâng đỡ ngực tốt",96250.0,125000.0,28750.0,4.5,4,112944,,https://tiki.vnao-lot-lovely-ren-mut-vua-cuc-xinh-om-khit-nang-do-nguc-tot-p104078585.html?spid=142209937
103418995,Đầm xoè tiểu thư tay ngắn phần vai phối ren HB11,199000.0,199000.0,0.0,0.0,0,10738,,https://tiki.vndam-xoe-tieu-thu-tay-ngan-phan-vai-phoi-ren-hb11-p103418995.html?spid=103419001
101279158,Áo Lót Ren Mút Mỏng Big size (Size 36 đến Size 44),136500.0,136500.0,0.0,5.0,1,188535,,https://tiki.vnao-lot-ren-mut-mong-big-size-size-36-den-size-44-p101279158.html?spid=101279317
101279065,Đầm suông nữ thời trang công sở dạo phố màu đen Mẫu 2,250000.0,250000.0,0.0,0.0,0,188535,,https://tiki.vndam-suong-nu-thoi-trang-cong-so-dao-pho-mau-den-mau-2-p101279065.html?spid=101279073
101278927,COMBO 10 QUẦN LÓT REN SPRING HÀNG CAO CẤP 5402 (Từ 55kg đến 65kg),252000.0,252000.0,0.0,0.0,0,188535,,https://tiki.vncombo-10-quan-lot-ren-spring-hang-cao-cap-5402-tu-55kg-den-65kg-p101278927.html?spid=101278937
96782460,Đầm Lụa Ngắn Rút Dây Sexy Lady Nature Miley Lingerie DSF0205,278000.0,450000.0,172000.0,0.0,0,8827,,https://tiki.vndam-lua-ngan-rut-day-sexy-lady-nature-miley-lingerie-dsf0205-p96782460.html?spid=96782466
81801022,Đầm Mặc Nhà Cotton Lụa Nature Wind Miley Lingerie - Họa tiết,145000.0,177000.0,32000.0,4.7,3,8827,,https://tiki.vndam-mac-nha-cotton-lua-nature-wind-miley-lingerie-hoa-tiet-p81801022.html?spid=81801030
67517401,Pijama Lụa Gấm Cao Cấp Đủ Size,180000.0,180000.0,0.0,3.9,11,9455,,https://tiki.vnpijama-lua-gam-cao-cap-du-size-p67517401.html?spid=71004839
53039491,BỘ  LÓT ĐÚC KHÔNG GỌNG PHỐI REN LƯNG B04,165000.0,165000.0,0.0,1.0,1,112944,,https://tiki.vnbo-lot-duc-khong-gong-phoi-ren-lung-b04-p53039491.html?spid=53039501
42504285,Combo 10 quần lót nữ BIG SIZE Thun cotton  Cạp cao Hàng Việt Nam(Từ 60kg đến 90kg) - Size XXL :T ừ 70kg đến 80kg,205000.0,205000.0,0.0,4.3,3,9455,,https://tiki.vncombo-10-quan-lot-nu-big-size-thun-cotton-cap-cao-hang-viet-nam-tu-60kg-den-90kg-size-xxl-t-u-70kg-den-80kg-p42504285.html?spid=42504286
23292181,Đầm nữ dáng xòe xinh xắn Haint Boutique Da77,199000.0,199000.0,0.0,5.0,1,10738,,https://tiki.vndam-nu-dang-xoe-xinh-xan-haint-boutique-da77-p23292181.html?spid=56398257
11650713,Sơ mi công sở cổ V nhẹ nhàng- trắng,159000.0,159000.0,0.0,0.0,0,10738,,https://tiki.vnso-mi-cong-so-co-v-nhe-nhang-trang-p11650713.html?spid=11650722
6883443,Áo Lót Boya Ren Mút Mỏng MS003,150000.0,150000.0,0.0,5.0,2,9455,,https://tiki.vnao-lot-boya-ren-mut-mong-ms003-p6883443.html?spid=31644944
278946778,Đầm maxi Ruzimay Style Xếp Tầng Dáng Xòe Đi Biển R0300,439000.0,439000.0,0.0,0.0,0,362481,,https://tiki.vndam-maxi-ruzimay-style-xep-tang-dang-xoe-di-bien-r0300-p278946778.html?spid=278946790
278676900,"Đầm Maxi Dạ Yến, Đầm Maxi Cổ Yếm Hở Lưng DRE266 thời trang thiết kế Hity",2695000.0,2695000.0,0.0,0.0,0,255,,https://tiki.vndam-maxi-da-yen-dam-maxi-co-yem-ho-lung-dre266-thoi-trang-thiet-ke-hity-p278676900.html?spid=278676902
278078473,"Áo Thun Đôi, Cặp Mr.Buffalo trái tim đôi Tshirt Cotton 100% có bigsize Unisex Local Brand B16 - Trắng B16",200000.0,200000.0,0.0,0.0,0,162792,,https://tiki.vnao-thun-doi-cap-mr-buffalo-trai-tim-doi-tshirt-cotton-100-co-bigsize-unisex-local-brand-b16-p278078473.html?spid=278078522
276603527,Áo blazer cổ 2 ve Sadie thiết kế cao cấp WHITE CHIC,2250000.0,2250000.0,0.0,0.0,0,359223,,https://tiki.vnao-blazer-co-2-ve-sadie-thiet-ke-cao-cap-white-chic-p276603527.html?spid=276603550
275256070,"Đầm nữ suông chất linen mềm mát , có dây rút eo kèm túi 2 bên hông dễ mặc , phù hợp với mọi dáng Da215",299000.0,299000.0,0.0,0.0,0,10738,,https://tiki.vndam-nu-suong-chat-linen-mem-mat-co-day-rut-eo-kem-tui-2-ben-hong-de-mac-phu-hop-voi-moi-dang-da215-p275256070.html?spid=275256119
275222292,"{#HàngMớiVề} Váy Đầm Nữ Thiết Kế Cao Cấp Cổ Xẻ Dáng Suông Tôn Dáng, Đầm Midi Chất Liệu Sang Trọng Da190",399000.0,399000.0,0.0,0.0,0,235034,,https://tiki.vnhangmoive-vay-dam-nu-thiet-ke-cao-cap-co-xe-dang-suong-ton-dang-dam-midi-chat-lieu-sang-trong-da190-p275222292.html?spid=275222302
274861527,Maxi Hoa Kết Ánh Bạc Cotton Isla Bonita,1099000.0,1099000.0,0.0,0.0,0,850,,https://tiki.vnmaxi-hoa-ket-anh-bac-cotton-isla-bonita-p274861527.html?spid=274865196
273877544,Áo Khoác Nữ Đi Nắng Sure Pro với công nghệ chống tia UV ngăn cản tia bức xạ từ ánh sáng mặt trời có hại cho da của bạn,499000.0,499000.0,0.0,0.0,0,260851,,https://tiki.vnao-khoac-nu-di-nang-sure-pro-voi-cong-nghe-chong-tia-uv-ngan-can-tia-buc-xa-tu-anh-sang-mat-troi-co-hai-cho-da-cua-ban-p273877544.html?spid=273877548
273719507,Không Lo Mất Điện: Giải Pháp Nguồn Pin Dự Phòng 5V-12V - 2A Cho Modem Wifi và Camera Chất Lượng,255000.0,255000.0,0.0,0.0,0,274292,,https://tiki.vnkhong-lo-mat-dien-giai-phap-nguon-pin-du-phong-5v-12v-2a-cho-modem-wifi-va-camera-chat-luong-p273719507.html?spid=273719511
272629857,Quần lót ren chấm bi kim loại chữ V hot girl,34000.0,34000.0,0.0,0.0,0,49140,,https://tiki.vnquan-lot-ren-cham-bi-kim-loai-chu-v-hot-girl-p272629857.html?spid=272629865
271372749,Thời trang trung niên Bộ phối Áo đũi xước thêu hoa tinh xảo và quần đũi lụa mềm mịn đủ size từ 45 tới 65kg - Tuấn Tú Store 68,279000.0,279000.0,0.0,5.0,2,158759,,https://tiki.vnthoi-trang-trung-nien-bo-phoi-ao-dui-xuoc-theu-hoa-tinh-xao-va-quan-dui-lua-mem-min-du-size-tu-45-toi-65kg-tuan-tu-store-68-p271372749.html?spid=271372783
251306887,"BORN TO LOVE, mã G295. Hãy tỏa sáng như kim cương, qua chiếc áo thun Goking siêu hot cho nam nữ trẻ em, áo phông cặp đôi, gia đình, đội nhóm",69000.0,69000.0,0.0,0.0,0,18138,,https://tiki.vnborn-to-love-ma-g295-ao-thun-in-dep-cho-nam-nu-cap-doi-ao-phong-goking-hang-hieu-cao-cap-p251306887.html?spid=251306937
251298350,"Life is like a camera, mã logo.g253. Hãy tỏa sáng như kim cương, qua chiếc áo thun Goking siêu hot cho nam nữ trẻ em, áo phông cặp đôi, gia đình, đội nhóm",69000.0,69000.0,0.0,0.0,0,18138,,https://tiki.vnlife-is-like-a-camera-ma-logo-g253-ao-thun-nam-nu-in-logo-dep-form-unisex-ao-phong-goking-hang-hieu-qua-tang-cao-cap-cho-gia-dinh-cap-doi-lop-nhom-doanh-nghiep-p251298350.html?spid=251300419
247827829,Quần lót nữ lọt khe trái tim tràn ngập tình yêu,55000.0,55000.0,0.0,0.0,0,103662,,https://tiki.vnquan-lot-nu-lot-khe-trai-tim-tran-ngap-tinh-yeu-p247827829.html?spid=247827830
204424786,Đồ bộ mặc nhà pijama nữ WANNABE BDS44 đồ bộ quần dài phối áo tay dài trang trí hai túi bo tròn xinh xắn nữ tính quý phái,700000.0,700000.0,0.0,0.0,0,5383,,https://tiki.vndo-bo-mac-nha-pijamas-phi-lua-cao-cap-wannabe-bo-dai-bds44-hai-tui-xinh-xan-nu-tinh-quy-phai-p204424786.html?spid=204424790
201514545,Áo Lót Mút Dày Nâng Ngực Tự Nhiên Basic Soft Doomm By Sabina Invisible Wire By Sabina SBH8890,609000.0,609000.0,0.0,4.5,2,8808,,https://tiki.vnao-lot-mut-day-nang-nguc-tu-nhien-basic-soft-doomm-by-sabina-invisible-wire-by-sabina-sbh8890-p201514545.html?spid=201514600
199030676,Chân Váy Công Sở Dáng Váy Chữ A Dài Qua Gối Chất Vải Kai Thun Co Giãn CV0084,349000.0,349000.0,0.0,5.0,1,247663,,https://tiki.vnchan-vay-cong-so-dai-qua-goi-vay-midi-dai-60cm-phoi-nut-sang-chanh-chuan-phom-ton-dang-vai-co-gian-thoang-mat-p199030676.html?spid=199030686
196761973,"Đồ bộ nữ,đồ ngủ mặc nhà đùi tay cánh tiên vải lụa mango BN 46 họa tiết hoa nhí dễ thương size 45-57kg",135000.0,135000.0,0.0,0.0,0,210028,,https://tiki.vndo-bo-nu-do-ngu-mac-nha-dui-tay-canh-tien-vai-lua-mango-bn-46-hoa-tiet-hoa-nhi-de-thuong-size-45-57kg-p196761973.html?spid=196762009
191586971,"Đầm thun xòe hai dây, bèo hai bên chân váy Emspo DS4125",279300.0,279300.0,0.0,0.0,0,263608,,https://tiki.vndam-thun-xoe-hai-day-beo-hai-ben-chan-vay-emspo-ds4125-p191586971.html?spid=191586996
190740933,Bộ ngủ Emily Set,595000.0,595000.0,0.0,0.0,0,231869,,https://tiki.vnbo-ngu-emily-set-p190740933.html?spid=190740939
187010118,Quần lót nữ phong cách thể thao Sexy hot girl T-BACK,45000.0,45000.0,0.0,0.0,0,49140,,https://tiki.vnquan-lot-nu-phong-cach-the-thao-sexy-hot-girl-t-back-p187010118.html?spid=187010122
181452402,Đầm ngủ WANNABE DNS56 váy ngủ lụa phối lưới trong suốt 2 bên hông eo sexy gợi cảm đến khó cưỡng,450000.0,450000.0,0.0,0.0,0,5383,,https://tiki.vndam-ngu-phi-lua-cao-cap-wannabe-dns56-kieu-dang-sexy-goi-cam-p181452402.html?spid=271126010
174483320,"ÁO THUN HỞ VAI,HỞ LƯNG CỔ YẾM ĐẸP ÁO CROPTOP CỔ YẾM",149000.0,149000.0,0.0,0.0,0,197061,,https://tiki.vnao-thun-ho-vai-ho-lung-co-yem-dep-ao-croptop-co-yem-p174483320.html?spid=191767397
168964844,Đầm kate Vincy DDK030S21,439000.0,439000.0,0.0,0.0,0,12998,,https://tiki.vndam-kate-vincy-ddk030s21-p168964844.html?spid=168964848
168311321,Quần Lót Nữ Thun Lạnh LUPERI LU3QL76 Cạp Vừa Bikini quần lót mềm mịn co giãn đàn hồi thoáng khí kháng khuẩn khử mùi tốt,65000.0,65000.0,0.0,0.0,0,120615,,https://tiki.vnquan-lot-nu-thun-lanh-luperi-sp76-cap-vua-bikini-quan-lot-mem-min-co-gian-dan-hoi-thoang-khi-khang-khuan-khu-mui-tot-p168311321.html?spid=168311407
115009575,"{Freeship} Váy đầm ngủ 2 dây mặc nhà họa tiết hình dâu cute, vải mềm mịn có nệm ngực Vn21",149000.0,149000.0,0.0,0.0,0,10738,,https://tiki.vnfreeship-vay-dam-ngu-2-day-mac-nha-hoa-tiet-hinh-dau-cute-vai-mem-min-co-nem-nguc-vn21-p115009575.html?spid=115009625
114435369,Bộ Đồ Ngủ Nữ Đính Hoa LMcation Sexy - Màu Đỏ,399000.0,399000.0,0.0,0.0,0,119861,,https://tiki.vnbo-do-ngu-nu-dinh-hoa-lmcation-sexy-mau-do-p114435369.html?spid=114435371
103087557,Đồ ngủ nữ hai dây quần đùi xinh xắn,149000.0,149000.0,0.0,0.0,0,174218,,https://tiki.vndo-ngu-nu-hai-day-quan-dui-xinh-xan-p103087557.html?spid=103087559
101949483,quần lot jones'ren 009,16900.0,16900.0,0.0,5.0,2,189208,,https://tiki.vnquan-lot-jones-ren-p101949483.html?spid=101949507
87717119,Áo choàng tắm Pyjama voan hoa ngắn tay gợi cảm,95000.0,95000.0,0.0,0.0,0,49140,,https://tiki.vnao-choang-tam-pyjama-voan-hoa-ngan-tay-goi-cam-p87717119.html?spid=87717123
84564566,"Bikini big size nữ, đồ bơi áo tắm size lớn cho người béo, dáng váy giấu bụng quần sooc đùi rời, hàng chất đẹp xịn | KT108",480000.0,480000.0,0.0,5.0,1,63850,,https://tiki.vnbikini-big-size-nu-do-boi-ao-tam-size-lon-cho-nguoi-beo-dang-vay-giau-bung-quan-sooc-dui-roi-hang-chat-dep-xin-kt108-p84564566.html?spid=84564572
73732192,Áo Ngực Nữ Thể Thao Kèm Mút Ngực Melange Active Miley Lingerie BRM-053,269000.0,269000.0,0.0,4.6,10,8827,,https://tiki.vnao-nguc-nu-the-thao-kem-mut-nguc-melange-active-miley-lingerie-brm-053-p73732192.html?spid=73732218
73528213,Áo Lót Mút Dày Siêu Nâng Ngực Màu Trơn Basic Doomm Doomm By Sabina SBA7998,579000.0,579000.0,0.0,4.7,36,8808,,https://tiki.vnao-lot-mut-day-sieu-nang-nguc-mau-tron-basic-doomm-doomm-by-sabina-sba7998-p73528213.html?spid=73528249
72683242,"Aó khoác dù nam nữ , áo khoác gió nam nữ , áo khoác dù cặp đôi form rộng",268000.0,268000.0,0.0,0.0,0,204632,,https://tiki.vnao-khoac-du-nam-nu-ao-khoac-gio-nam-nu-ao-khoac-du-cap-doi-form-rong-p72683242.html?spid=113227051
68247527,Áo khoác kaki jeans - Màu cam đất - Size L dưới 70kg,520000.0,520000.0,0.0,0.0,0,204632,,https://tiki.vnao-khoac-kaki-jeans-p68247527.html?spid=113226717
50395396,"Áo khoác ren đi biển họa tiết hoa hồng, chất ren mềm đẹp, dễ phối đồ | AR018",150000.0,150000.0,0.0,4.0,2,63850,,https://tiki.vnao-khoac-ren-di-bien-hoa-tiet-hoa-hong-chat-ren-mem-dep-de-phoi-do-ar018-p50395396.html?spid=50395398
33387473,Áo ngực Thể thao nữ Triumph Sloggi mOve Flex Top AX 88-276 mút mỏng các màu,499500.0,999000.0,499500.0,4.0,3,2049,,https://tiki.vnao-nguc-the-thao-nu-triumph-sloggi-move-flex-top-ax-88-276-mut-mong-cac-mau-p33387473.html?spid=33387479
21268608,"Bộ váy ngủ ren lưới kiểu giúp việc (kèm 1 băng đô + 1 vòng cổ ren + 2 vòng tay ren + 1 tạp dề nhỏ + 1 quần lót lọt khe) VN10, Freesize",55000.0,55000.0,0.0,4.5,2,103662,,https://tiki.vnbo-vay-ngu-ren-luoi-kieu-giup-viec-kem-1-bang-do-1-vong-co-ren-2-vong-tay-ren-1-tap-de-nho-1-quan-lot-lot-khe-vn10-freesize-p21268608.html?spid=52524080
20161951,Quần Tây Ống Rộng,149000.0,149000.0,0.0,5.0,4,10738,,https://tiki.vnquan-tay-ong-rong-p20161951.html?spid=77117756
6661117,Quần lọt khe sexy cao cấp,25000.0,25000.0,0.0,4.7,22,103662,,https://tiki.vnquan-lot-khe-sexy-cao-cap-p6661117.html?spid=50322113
279177010,SET 5 QUẦN LÓT THỎ CUTE MỀM MẠI TỪ 35-60KG DÀNH CHO NỮ,180000.0,180000.0,0.0,0.0,0,311814,,https://tiki.vnset-5-quan-lot-tho-cute-mem-mai-tu-35-60kg-danh-cho-nu-p279177010.html?spid=279177014
279170052,QUẦN LÓT LỤA SATIN CỔ ĐIỂN KIỂU PHÁP VẢI LƯỚI GỢI CẢM REN THUẦN KHIẾT TỪ 40-65KG DÀNH CHO NỮ,40000.0,40000.0,0.0,0.0,0,311814,,https://tiki.vnquan-lot-lua-satin-co-dien-kieu-phap-vai-luoi-goi-cam-ren-thuan-khiet-tu-40-65kg-danh-cho-nu-p279170052.html?spid=279170068
279169196,QUẦN LÓT ĐỎ PHONG CÁCH NHƯ Ý CÁT TƯỜNG PHÁT TÀI MAY MẮN THUẬN BUỒM XUÔI GIÓ TỪ 40-70KG DÀNH CHO NỮ,65000.0,65000.0,0.0,0.0,0,311814,,https://tiki.vnquan-lot-do-phong-cach-nhu-y-cat-tuong-phat-tai-may-man-thuan-buom-xuoi-gio-tu-40-70kg-danh-cho-nu-p279169196.html?spid=279169222
278225516,"Bodysuit Lưới Xuyên Thấu Cổ Yếm Phối Ren Hoa – Siêu Gợi Cảm, Cắt Xẻ Tôn Dáng, Sexy",89000.0,89000.0,0.0,0.0,0,186696,,https://tiki.vnbodysuit-luoi-xuyen-thau-co-yem-phoi-ren-hoa-sieu-goi-cam-cat-xe-ton-dang-sexy-p278225516.html?spid=278237791
278034681,QUẦN GEN SU LƯNG REN HOA THU GỌN BỤNG SEXY CHỐNG HẰN VÒNG MÔNG SIÊU XINH TỪ 40-70KG DÀNH CHO NỮ,40000.0,40000.0,0.0,0.0,0,311814,,https://tiki.vnquan-gen-su-lung-ren-hoa-sexy-chong-han-vong-mong-sieu-xinh-tu-40-70kg-danh-cho-nu-p278034681.html?spid=278034709
278023118,"Bộ bơi nữ 2 mảnh thông dụng, áo cộc tay cùng quần bơi short 2 lớp trẻ trung, chất thun bơi lạnh co giãn cao, có sẵn đệm rời | KT070",230000.0,230000.0,0.0,0.0,0,63850,,https://tiki.vnbo-boi-nu-2-manh-thong-dung-ao-coc-tay-cung-quan-boi-short-2-lop-tre-trung-chat-thun-boi-lanh-co-gian-cao-co-san-dem-roi-kt070-p278023118.html?spid=278023128
276904166,Combo  10 miếng dán thấm hút mồ hôi vùng da dưới cánh tay cho nam và nữ giúp thoáng khí khử mùi an toàn và tiện lợi ,79000.0,89000.0,10000.0,0.0,0,274962,,https://tiki.vncombo-10-mieng-dan-tham-hut-mo-hoi-vung-da-duoi-canh-tay-cho-nam-va-nu-giup-thoang-khi-khu-mui-an-toan-va-tien-loi-p276904166.html?spid=276904167
276804603,Quần tây beo lụa cát ống rộng LM112429 [BST Da Beo,489000.0,489000.0,0.0,0.0,0,36961,,https://tiki.vnquan-tay-beo-lua-cat-ong-rong-lm112429-p276804603.html?spid=276804611
275573232,Áo corset 7 xương VA780 cotton phần mút mỏng có gọng phối lưới mềm mại cao cấp,453000.0,453000.0,0.0,0.0,0,6615,,https://tiki.vnao-corset-7-xuong-va780-cotton-phan-mut-mong-co-gong-phoi-luoi-mem-mai-cao-cap-p275573232.html?spid=275573234
275156160,"Váy đi biển, đi chơi ba lỗ chất đũi mềm mịn ,mát mẻ, hàng quảng châu cao cấp Da206",249000.0,249000.0,0.0,0.0,0,10738,,https://tiki.vnvay-di-bien-di-choi-ba-lo-chat-dui-mem-min-mat-me-hang-quang-chau-cao-cap-da206-p275156160.html?spid=275156162
273877555,Áo Khoác Nữ Đi Nắng Sure Pro 2 với công nghệ chống tia UV ngăn cản tia bức xạ từ ánh sáng mặt trời có hại cho da của bạn,499000.0,499000.0,0.0,0.0,0,260851,,https://tiki.vnao-khoac-nu-di-nang-sure-pro-2-voi-cong-nghe-chong-tia-uv-ngan-can-tia-buc-xa-tu-anh-sang-mat-troi-co-hai-cho-da-cua-ban-p273877555.html?spid=273877557
273002851,"Đồ Bay, Áo Liền Quần, Jumpsuits Antalya DRE010 Thời trang thiết kế Hity",1995000.0,1995000.0,0.0,0.0,0,255,,https://tiki.vndo-bay-jumpsuits-antalya-dre010-thoi-trang-thiet-ke-hity-p273002851.html?spid=273002853
272278787,"Đầm Maxi Chấm bi, Đầm Dài Đi Biển Azalea DRE140 Thời trang thiết kế Hity - M",1999000.0,1999000.0,0.0,0.0,0,255,,https://tiki.vndam-maxi-azalea-dre140-thoi-trang-thiet-ke-hity-p272278787.html?spid=272278791
270825352,"Áo thun Unisex WE.INS - Signature, Áo phông WEINS, Áo thun oversized WEINS, Áo Thun Tay Lỡ",300000.0,300000.0,0.0,0.0,0,310432,,https://tiki.vnao-thun-unisex-we-ins-signature-p270825352.html?spid=270825354
263394185,Đầm công sở trung niên TIFALU LD707 dáng suông thêu hoa cao cấp,475000.0,475000.0,0.0,0.0,0,17905,,https://tiki.vndam-cong-so-trung-nien-tifalu-ld707-dang-suong-theu-hoa-cao-cap-p263394185.html?spid=263394193
199250113,UPZ Áo Khoác Hoodie Dây Kéo In Unicorn Play Zone Chữ Bảy Màu (5 Màu),360000.0,360000.0,0.0,0.0,0,219817,,https://tiki.vnupz-ao-khoac-hoodie-day-keo-in-unicorn-play-zone-chu-bay-mau-5-mau-p199250113.html?spid=199250164
193855967,"Combo 3 Quần lót nữ lụa tàng hình,đũng kháng khuẩn,co giãn 4 chiều,mềm mại,thoáng mát, cạp cao không lộ viền",128000.0,128000.0,0.0,5.0,1,78619,,https://tiki.vncombo-3-quan-lot-nu-lua-tang-hinh-dung-khang-khuan-co-gian-4-chieu-mem-mai-thoang-mat-cap-cao-khong-lo-vien-p193855967.html?spid=202770435
192971105,Đầm ngủ WANNABE DNS55 váy ngủ lụa dáng ngắn cut out lưng eo mông thắt nơ xinh phía sau rất sexy quyến rũ gợi cảm,450000.0,450000.0,0.0,0.0,0,5383,,https://tiki.vndam-ngu-phi-lua-cao-cap-wannabe-dns55-dang-ngan-sexy-quyen-ru-goi-cam-p192971105.html?spid=192971109
168906578,"Đồ bộ nữ,đồ ngủ mặc nhà lửng 9 tấc vải lụa mango BL 51 họa tiết dễ thương size 47-60kg",156450.0,156450.0,0.0,0.0,0,210028,,https://tiki.vndo-bo-nu-do-ngu-mac-nha-lung-9-tac-vai-lua-mango-bl-51-hoa-tiet-de-thuong-size-47-60kg-p168906578.html?spid=168906584
168123406,Áo sơ mi công sở nữ dài tay đẹp kiểu Hàn Quốc form rộng chất liệu cao cấp Haint Boutique Hb147,249000.0,249000.0,0.0,0.0,0,10738,,https://tiki.vnao-so-mi-cong-so-nu-dai-tay-dep-kieu-han-quoc-form-rong-chat-lieu-cao-cap-haint-boutique-hb147-p168123406.html?spid=168123428
147914541,"Áo sơ mi trắng tay lỡ, đồng phục nữ sinh, thời trang công sở, form chuẩn basic, size đến 80kg, vải KT Silk mượt mà",175000.0,175000.0,0.0,0.0,0,248534,,https://tiki.vnao-so-mi-trang-tay-lo-dong-phuc-nu-sinh-thoi-trang-cong-so-form-chuan-basic-size-den-80kg-vai-kt-silk-muot-ma-p147914541.html?spid=147914545
132356386,Combo 10 Quần lót ren hàng việt nam loại cao cấp (Từ 35kg đến 63kg),264600.0,264600.0,0.0,0.0,0,188535,,https://tiki.vncombo-10-quan-lot-ren-hang-viet-nam-loai-cao-cap-tu-35kg-den-63kg-p132356386.html?spid=132356394
127340513,"Áo lót ren đệm mỏng có gọng cao cấp xuất nhật, áo ngực ren đệm mỏng có gọng cao cấp xuất nhật",94800.0,120000.0,25200.0,0.0,0,112944,,https://tiki.vnao-lot-ren-dem-mong-co-gong-cao-cap-xuat-nhat-ao-nguc-ren-dem-mong-co-gong-cao-cap-xuat-nhat-p127340513.html?spid=142129777
115486089,"Áo ngực Thái Lan Sister hood, áo lót đệm vừa thoải mái 848",125000.0,125000.0,0.0,0.0,0,169077,,https://tiki.vnao-nguc-thai-lan-sister-hood-ao-lot-dem-vua-thoai-mai-848-p115486089.html?spid=276909267
113053306,Áo khoác nữ xinh Cotton Túi Hộp xinh xinh cực chuẩn-A707,256450.0,256450.0,0.0,0.0,0,204632,,https://tiki.vnao-khoac-nu-xinh-cotton-tui-hop-xinh-xinh-a707-p113053306.html?spid=113053310
109134991,Áo khoác nữ Dạ Tweed dáng dài Tri'C Luxury K151220,2299000.0,2299000.0,0.0,0.0,0,149209,,https://tiki.vnao-khoac-nu-da-tweed-dang-dai-tri-c-luxury-k151220-p109134991.html?spid=109135017
103124540,Quần lót nữ nâng hông cạp thấp có dây đeo chéo gợi cảm,29000.0,29000.0,0.0,4.5,6,49140,,https://tiki.vnquan-lot-nu-nang-hong-cap-thap-co-day-deo-cheo-goi-cam-p103124540.html?spid=103124542
99643854,Combo 5 Quần Lót Nữ Sớ Gỗ Miley Lingerie FWS,299000.0,395000.0,96000.0,4.8,4,8827,,https://tiki.vncombo-5-quan-lot-nu-so-go-miley-lingerie-fws-p99643854.html?spid=99643862
86138823,Quần lót nữ Su đúc Thun lạnh Không đường may - Hàng loại 1 cao cấp - [Tặng kèm túi zip du lịch nhỏ xinh 10x15cm tiện lợi khi mua bộ 10 quần,28784.0,28784.0,0.0,0.0,0,309142,,https://tiki.vnquan-lot-nu-su-duc-thun-lanh-khong-duong-may-hang-loai-1-cao-cap-tang-kem-tui-zip-du-lich-nho-xinh-10x15cm-tien-loi-khi-mua-bo-10-quan-p86138823.html?spid=200822435
84077317,"Đồ bơi áo tắm cho người trung tuổi, dáng váy quần sooc đùi dài, tôn dáng tránh lộ bụng, bikini trung niên cho mẹ cho bà size lớn | KT007",350000.0,350000.0,0.0,4.6,7,63850,,https://tiki.vndo-boi-ao-tam-cho-nguoi-trung-tuoi-dang-vay-quan-sooc-dui-dai-ton-dang-tranh-lo-bung-bikini-trung-nien-cho-me-cho-ba-size-lon-kt007-p84077317.html?spid=84077327
83190598,Áo sơ mi nữ công sở Haint Boutique thiết kế kẻ sọc tay dài SM43,279000.0,279000.0,0.0,3.0,2,10738,,https://tiki.vnao-so-mi-nu-cong-so-haint-boutique-thiet-ke-ke-soc-tay-dai-sm43-p83190598.html?spid=83190618
74539232,Áo Lót Mút Vừa Nâng Ngực Chỉnh 7 Kiểu Dây Soft Doomm 7 Ways Màu Da Hoặc Màu Đen By Sabina SBH4004,579000.0,579000.0,0.0,5.0,4,8808,,https://tiki.vnao-lot-mut-vua-nang-nguc-chinh-7-kieu-day-soft-doomm-7-ways-mau-da-hoac-mau-den-by-sabina-sbh4004-p74539232.html?spid=74539238
69933235,"Áo khoác tay dơi form lửng kaki nhung, hình thật 100",172000.0,172000.0,0.0,0.0,0,107387,,https://tiki.vnao-khoac-tay-doi-form-lung-kaki-nhung-hinh-that-100-p69933235.html?spid=70669577
57942548,"Đồ Bơi Tay Dài Chống Nắng Lưng Áo Cao Váy Xòe AT188 MayHomes, Thun Lạnh Co Giãn Tốt, Bền Chắc",157000.0,169000.0,12000.0,4.7,64,5826,,https://tiki.vndo-boi-tay-dai-chong-nang-lung-ao-cao-vay-xoe-at188-mayhomes-thun-lanh-co-gian-tot-ben-chac-p57942548.html?spid=57942552
52339609,Váy ngủ lụa Hàn Quốc cao cấp,75000.0,75000.0,0.0,1.0,2,103662,,https://tiki.vnvay-ngu-lua-han-quoc-cao-cap-p52339609.html?spid=52339617
51101636,Quần Ống Rộng Hity PAN030 Palazzo (Đen Huyền Bí),1299000.0,1299000.0,0.0,0.0,0,255,,https://tiki.vnquan-ong-rong-hity-pan030-palazzo-den-huyen-bi-p51101636.html?spid=51101646
48956596,Set đồ ngủ mùa hè ngắn tay,100000.0,100000.0,0.0,0.0,0,10738,,https://tiki.vnset-do-ngu-mua-he-ngan-tay-p48956596.html?spid=55463822
44298689,Quần lót gợi cảm nữ - xanh,29000.0,29000.0,0.0,4.0,1,49140,,https://tiki.vnquan-lot-goi-cam-nu-xanh-p44298689.html?spid=44298690
33438938,Combo 4 Quần lót nữ Cotton thời trang  QL 8135,89000.0,89000.0,0.0,5.0,2,5036,,https://tiki.vncombo-4-quan-lot-nu-cotton-thoi-trang-ql-8135-p33438938.html?spid=33732920
14958004,Áo lót nâng ngực silicon AL01,88000.0,88000.0,0.0,5.0,1,9455,,https://tiki.vnao-lot-nang-nguc-silicon-al01-p14958004.html?spid=15511770
278883458,Áo sơ mi cổ trụ mới tay dài,129000.0,129000.0,0.0,0.0,0,20897,,https://tiki.vnao-so-mi-co-tru-moi-tay-dai-p278883458.html?spid=278883466
278831046,Áo chấm bi cổ yêm siêu xinh,125000.0,125000.0,0.0,0.0,0,20897,,https://tiki.vnao-cham-bi-co-yem-sieu-xinh-p278831046.html?spid=278831058
277965059,[LZ] Áo khoát nữ chống nắng logo thêu nhiều màu lựa chọn chuẩn shop-A2033 - Vàng,179000.0,179000.0,0.0,0.0,0,204632,,https://tiki.vnlz-ao-khoat-nu-chong-nang-logo-theu-nhieu-mau-lua-chon-chuan-shop-a2033-p277965059.html?spid=277965071
277949276,Áo khoác nỉ Xỏ Ngón Dáng Lửng Khoá Kéo Cao 7 Màu Trơn Basic Cao Cấp Chuẩn Loại 1 Chất Dày đẹp thời trang-A2061 - Hồng Sữa xỏ ngón,239000.0,239000.0,0.0,0.0,0,204632,,https://tiki.vnao-khoac-ni-xo-ngon-dang-lung-khoa-keo-cao-7-mau-tron-basic-cao-cap-chuan-loai-1-chat-day-dep-thoi-trang-a2061-p277949276.html?spid=277949324
277741943,Áo khoác chống nắng nữ basic trơn chuẩn shop siêu hot-A3100 - Đen,279000.0,279000.0,0.0,0.0,0,204632,,https://tiki.vnao-khoac-chong-nang-nu-basic-tron-chuan-shop-sieu-hot-a3100-p277741943.html?spid=277741967
277741648,Áo khoác nữ nỉ dệt xuất khẩu cổ cao 4 túi phong cách phong cách-A2091 - Đen,249000.0,249000.0,0.0,0.0,0,204632,,https://tiki.vnao-khoac-nu-ni-det-xuat-khau-co-cao-4-tui-phong-cach-phong-cach-a2091-p277741648.html?spid=277741672
277586546,Đồ Bộ Trung Niên Bộ Đồ Phối Áo Lụa Hàn Châu Quần Đũi Cao Cấp Siêu Mềm Siêu Mát - Tuấn Tú Store,276000.0,276000.0,0.0,0.0,0,158759,,https://tiki.vndo-bo-trung-nien-bo-do-phoi-ao-lua-han-chau-quan-dui-cao-cap-sieu-mem-sieu-mat-tuan-tu-store-p277586546.html?spid=277586665
276799197,Áo khoác dáng măng tô dài Carmy thiết kế cao cấp WHITE CHIC,3800000.0,3800000.0,0.0,0.0,0,359223,,https://tiki.vnao-khoac-dang-mang-to-dai-carmy-thiet-ke-cao-cap-white-chic-p276799197.html?spid=276799205
276616496,"Đầm xòe cổ tròn , hông phồng, tay bồng ngắn, xếp ly tay trước AURA thiết kế cao cấp WHITE CHIC - M",1350000.0,1350000.0,0.0,0.0,0,359223,,https://tiki.vndam-xoe-co-tron-hong-phong-tay-bong-ngan-xep-ly-tay-truoc-aura-thiet-ke-cao-cap-white-chic-p276616496.html?spid=276616506
276606020,Set áo blazer dáng xuông kết hợp cùng áo sơ mi & chân váy bút chì VINCENT & BARON thiết kế cao cấp WHITE CHIC,1150000.0,1150000.0,0.0,0.0,0,359223,,https://tiki.vnset-ao-blazer-dang-xuong-ket-hop-cung-ao-so-mi-chan-vay-but-chi-vincent-baron-thiet-ke-cao-cap-white-chic-p276606020.html?spid=276606032
276329393,"Áo sơ mi nữ form rộng kiểu tay lỡ cổ tròn NeSa Shop, chất liệu Lanh Cotton thấm hút mồ hôi, áo sơ mi nữ nhiều màu, SMT02",89500.0,179000.0,89500.0,0.0,0,249310,,https://tiki.vnao-so-mi-nu-form-rong-kieu-tay-lo-co-tron-nesa-shop-chat-lieu-lanh-cotton-tham-hut-mo-hoi-ao-so-mi-nu-nhieu-mau-smt02-p276329393.html?spid=276329417
275949851,Hộp 60 Miếng Dán Ngực Giấy Dùng 1 Lần Hình Hoa Siêu Bám Dính Thông Hơi Thoáng Mát 307,100000.0,100000.0,0.0,0.0,0,353491,,https://tiki.vnhop-60-mieng-dan-nguc-giay-dung-1-lan-hinh-hoa-sieu-bam-dinh-thong-hoi-thoang-mat-307-p275949851.html?spid=275949852
275532691,Áo chuyên dụng chống tuột su 368 dây rút tạo form ngực đẹp tặng kèm dây trong riêng,201000.0,201000.0,0.0,0.0,0,6615,,https://tiki.vnao-chuyen-dung-chong-tuot-su-368-day-rut-tao-form-nguc-dep-tang-kem-day-trong-rieng-p275532691.html?spid=275532695
275480993,Quần lót định hình 8427 su mềm siết eo siêu hack,114000.0,114000.0,0.0,0.0,0,6615,,https://tiki.vnquan-lot-dinh-hinh-8427-su-mem-siet-eo-sieu-hack-p275480993.html?spid=275481001
270833158,"Quần lót nữ chống tràn nguyệt san vải cotton thoáng khí, cạp cao Vicci QV.NS1 mềm mại, kháng khuẩn khử mùi",79000.0,145000.0,66000.0,4.0,1,2049,,https://tiki.vnquan-lot-nu-chong-tran-nguyet-san-vai-cotton-thoang-khi-cap-cao-vicci-qv-ns1-mem-mai-khang-khuan-khu-mui-p270833158.html?spid=270833172
270443570,Đầm ngủ phi lụa cao cấp WANNABE DNS86 váy ngủ 2 dây kiểu dáng đơn giản nữ tính với phần lưng ba lỗ khoét sâu năng động,350000.0,350000.0,0.0,0.0,0,5383,,https://tiki.vndam-ngu-phi-lua-cao-cap-wannabe-dns86-don-gian-nu-tinh-p270443570.html?spid=270443586
251397151,"I'm Not Alladin But You May Rub My Lamp, mã G221. Hãy tỏa sáng như kim cương, qua chiếc áo thun Goking siêu hot cho nam nữ trẻ em, áo phông cặp đôi, gia đình, đội nhóm",69000.0,69000.0,0.0,0.0,0,18138,,https://tiki.vni-m-not-alladin-but-you-may-rub-my-lamp-ma-g221-ao-thun-in-dep-cho-nam-nu-cap-doi-gia-dinh-p251397151.html?spid=251397329
244298895,"Combo 5 Quần Lót Nữ Lưới Ren Lưng Chữ Fashion 8309 – Quyến Rũ, Thoáng Khí",146300.0,190000.0,43700.0,0.0,0,112944,,https://tiki.vncombo-5-quan-luoi-ren-lung-chu-fashion-8309-p244298895.html?spid=244298901
244298691,"Áo Lót Nữ Bra Ống Su Đúc Trơn 2 Dây 8881 – Seamless, Mút Liền, Thoáng Mát",36960.0,48000.0,11040.0,0.0,0,112944,,https://tiki.vnao-bra-ong-su-duc-8881-p244298691.html?spid=244298697
230038161,Bộ đồ bơi bikini nữ 1 mảnh kín đáo đi tắm biển giấu bụng váy liền áo dài tay chống nắng - B.27,188000.0,229000.0,41000.0,0.0,0,11205,,https://tiki.vnbo-do-boi-bikini-nu-1-manh-kin-dao-di-tam-bien-giau-bung-vay-lien-ao-dai-tay-chong-nang-b-27-p230038161.html?spid=230038165
222495781,Đầm Suông Vai Nhún Hoa Marigold thời trang thiết kế Hity Dre170,1799000.0,1799000.0,0.0,0.0,0,255,,https://tiki.vndam-suong-marigold-dre170-thoi-trang-thiet-ke-hity-p222495781.html?spid=222495833
197162683,"Bộ ngủ 2 dây,đồ bộ nữ mặc nhà đùi tầng vải lụa BN 120 họa tiết hoa nhí size 47-60kg",125000.0,125000.0,0.0,0.0,0,210028,,https://tiki.vnbo-ngu-2-day-do-bo-nu-do-ngu-mac-nha-dui-tang-vai-lua-hoa-nhi-p197162683.html?spid=197162754
174379833,Áo Thun Cá Sấu Nữ Có Cổ -Hồng Phấn (45-75kg),96000.0,96000.0,0.0,0.0,0,169077,,https://tiki.vnao-thun-ca-sau-nu-co-co-hong-phan-45-75kg-p174379833.html?spid=174379849
168906557,"Đồ bộ nữ,đồ ngủ mặc nhà lửng 9 tấc vải lụa mango BL 55 họa tiết hoa nhí dễ thương size 47-60kg",156450.0,156450.0,0.0,0.0,0,210028,,https://tiki.vndo-bo-nu-do-ngu-mac-nha-lung-9-tac-vai-lua-mango-bl-55-hoa-tiet-hoa-nhi-de-thuong-size-47-60kg-p168906557.html?spid=168906575
164545454,"YOGA TIME, mã G62. Hãy tỏa sáng như kim cương, qua chiếc áo thun Goking siêu hot cho nam nữ trẻ em, áo phông cặp đôi, gia đình, đội nhóm",69000.0,69000.0,0.0,4.7,6,18138,,https://tiki.vnyoga-time-ma-g62-ao-thun-nu-nam-in-sieu-dep-ao-phong-thoat-nhiet-goking-hang-hieu-cao-cap-p164545454.html?spid=251077217
163477262,Bộ ngủ nữ dài tay Luna set,1200000.0,1200000.0,0.0,0.0,0,231869,,https://tiki.vnbo-ngu-nu-dai-tay-luna-set-p163477262.html?spid=163477283
152188328,Đầm ngủ sexy cao cấp Wannabe DNC08 dây vai cánh tiên nữ tính quyến rũ,550000.0,550000.0,0.0,0.0,0,5383,,https://tiki.vndam-ngu-sexy-cao-cap-wannabe-dnc08-day-vai-canh-tien-nu-tinh-quyen-ru-p152188328.html?spid=152188332
127341108,áo lót trơn mút kép siêu đẩy chuẩn thái lan -áo ngực,86900.0,110000.0,23100.0,0.0,0,112944,,https://tiki.vnao-lot-tron-mut-kep-sieu-day-chuan-thai-lan-ao-nguc-p127341108.html?spid=142120651
126040784,quần ống rộng thêu hoạ tiết - chất đũi xước cực mát (SP5),147000.0,147000.0,0.0,0.0,0,226391,,https://tiki.vnquan-ong-rong-theu-hoa-tiet-chat-dui-xuoc-cuc-mat-sp5-p126040784.html?spid=126041051
126040038,áo sơ mi nữ - chất liệu đũi xước tơ phù hợp cho mọi lứa tuổi đến dưới 85kg (A25),139000.0,139000.0,0.0,0.0,0,226391,,https://tiki.vnao-so-mi-nu-chat-lieu-dui-xuoc-to-phu-hop-cho-moi-lua-tuoi-den-duoi-85kg-a25-p126040038.html?spid=126040238
107153894,"ĐỒ NGỦ SEXY, VÁY NGỦ REN SEXY, ĐỒ NGỦ LIỀN THÂN BODYSUIT REN GỢI CẢM",39000.0,39000.0,0.0,5.0,1,195824,,https://tiki.vndo-ngu-sexy-vay-ngu-ren-sexy-do-ngu-lien-than-bodysuit-ren-goi-cam-p107153894.html?spid=107153897
104511201,ÁO HOODIE - ÁO KHOÁC NỈ NGOẠI Tay Phồng (HD2000 - Form Dơi),450280.0,450280.0,0.0,0.0,0,204632,,https://tiki.vnao-hoodie-ao-khoac-ni-ngoai-tay-phong-hd2000-form-doi-p104511201.html?spid=113225297
101169763,Bộ đồ ngủ lua cao cấp B984-4,220500.0,220500.0,0.0,1.0,1,188535,,https://tiki.vnbo-do-ngu-lua-cao-cap-b984-4-p101169763.html?spid=101169764
86967969,Combo 5 áo lá học sinh coton loai cao cấp chất vải đẹp màu trắng,170000.0,170000.0,0.0,4.0,1,169077,,https://tiki.vncombo-5-ao-la-hoc-sinh-coton-loai-cao-cap-chat-vai-dep-mau-trang-p86967969.html?spid=86967970
77565340,"Đầm 2 dây mặc nhà,đồ ngủ họa tiết Haint Boutique Vn15",110000.0,110000.0,0.0,4.0,8,10738,,https://tiki.vndam-2-day-mac-nha-do-ngu-hoa-tiet-haint-boutique-vn15-p77565340.html?spid=108179911
68845402,Áo Ngực Cotton Có Gọng Mút Mỏng 1cm Flexi Miley Lingerie BRC_012,249000.0,249000.0,0.0,4.7,6,8827,,https://tiki.vnao-nguc-cotton-co-gong-mut-mong-1cm-flexi-miley-lingerie-brc_012-p68845402.html?spid=68845408
61852618,ÁO REN GỌNG NHỰA MÚT VỪA NÂNG 2161,136500.0,182000.0,45500.0,0.0,0,112944,,https://tiki.vnao-ren-gong-nhua-mut-vua-nang-2161-p61852618.html?spid=61852630
44295709,Quần lót lọt khe nữ - đỏ,39000.0,39000.0,0.0,5.0,3,49140,,https://tiki.vnquan-lot-lot-khe-nu-do-p44295709.html?spid=44295710
6823623,Áo Lót Ngực Đệm Vừa Có Gọng MSA902,66012.0,66012.0,0.0,0.0,0,309142,,https://tiki.vnao-lot-nguc-dem-vua-co-gong-msa902-p6823623.html?spid=200822802
2361469,Bộ 10 Quần Lót Nữ Đúc Nhiều Màu SoYoung 10WM DL 004 (Free Size),159000.0,159000.0,0.0,0.0,0,38465,,https://tiki.vnbo-10-quan-lot-nu-duc-nhieu-mau-soyoung-10wm-dl-004-free-size-p2361469.html?spid=54386510
279048802,"Đầm sơ mi đỏ NGADO , đầm kiểu Nữ , đầm dự tiệc , sang trọng",950000.0,950000.0,0.0,0.0,0,344204,,https://tiki.vndam-so-mi-do-ngado-dam-kieu-nu-dam-du-tiec-sang-trong-p279048802.html?spid=279048808
278727235,Áo khoác dạ nữ lông mềm viền kim sa cúc hoa sang chảnh,350000.0,350000.0,0.0,0.0,0,282163,,https://tiki.vnao-khoac-da-nu-long-mem-vien-kim-sa-cuc-hoa-sang-chanh-p278727235.html?spid=278727241
278629812,Set đồ nữ sọc xanh -áo sát nách kèm quần ống rộng đi chơi siêu xinh,295000.0,295000.0,0.0,0.0,0,282163,,https://tiki.vnset-do-nu-soc-xanh-ao-sat-nach-kem-quan-ong-rong-di-choi-sieu-xinh-p278629812.html?spid=278629814
278433658,Chân Váy Chữ A Mùa Hè – Thiết Kế Nữ Tính,1000.0,1000.0,0.0,0.0,0,135843,,https://tiki.vnchan-vay-chu-a-mua-he-thiet-ke-nu-tinh-mat-me-di-bien-mang-den-ve-dep-tre-trung-va-thanh-lich-p278433658.html?spid=278433659
278100594,"Tặng Kèm Cài Tóc - Cosplay Mèo Bông Hư Hỏng Có Đuôi Dễ Thương Gợi Cảm, Đồ Ngủ Liền Thân Miêu Nữ Đáng Yêu C076",139000.0,139000.0,0.0,0.0,0,186696,,https://tiki.vntang-kem-cai-toc-cosplay-meo-bong-hu-hong-co-duoi-de-thuong-goi-cam-do-ngu-lien-than-mieu-nu-dang-yeu-c076-p278100594.html?spid=278100598
278034401,ÁO NGỰC SU ĐẸP MỀM MỊN SIZE 38-42 DÀNH CHO NỮ,110000.0,110000.0,0.0,0.0,0,311814,,https://tiki.vnao-nguc-su-dep-mem-min-size-38-42-danh-cho-nu-p278034401.html?spid=278034405
278026033,QUẦN GEN BỤNG CẠP CAO ĐỊNH HÌNH TỐT TỪ 40-80KG DÀNH CHO NỮ,50000.0,50000.0,0.0,0.0,0,311814,,https://tiki.vnquan-gen-bung-cap-cao-dinh-hinh-tot-tu-40-80kg-danh-cho-nu-p278026033.html?spid=278026041
277984106,"Áo Bra Nữ Ren Hoa Dây Chéo Ngực AL836 – Mềm Mại, Gợi Cảm, Không Gọng",53200.0,70000.0,16800.0,0.0,0,112944,,https://tiki.vnao-bra-nu-ren-hoa-day-cheo-nguc-al836-mem-mai-goi-cam-khong-gong-p277984106.html?spid=277984112
277936742,Quần Mom Jeans Lưng Cao Màu Classic Blue Aaa Jeans,650000.0,650000.0,0.0,0.0,0,539,,https://tiki.vnquan-mom-jeans-lung-cao-ma-u-classic-blue-aaa-jeans-p277936742.html?spid=277936748
277728606,Áo khoác nỉ dây kéo ICONSLAB bao đẹp ngộ nghĩnh-A2099 - Xám,239000.0,239000.0,0.0,0.0,0,204632,,https://tiki.vnao-khoac-ni-day-keo-iconslab-bao-dep-ngo-nghinh-a2099-p277728606.html?spid=277728630
276856405,"Đầm đỏ cổ phối nơ NGADO , đầm dự tiệc dáng dài",950000.0,950000.0,0.0,0.0,0,344204,,https://tiki.vndam-do-co-phoi-no-ngado-da-m-du-tie-c-da-ng-da-i-p276856405.html?spid=276856417
276855958,Áo khoác lông nữ cao cấp lông siêu dày ấm mềm mịn,689000.0,689000.0,0.0,0.0,0,40092,,https://tiki.vnao-khoac-long-nu-cao-cap-long-sieu-day-am-mem-min-p276855958.html?spid=276855959
276125600,Áo sơ mi công sở kiểu cổ nút ngọc,119000.0,119000.0,0.0,0.0,0,20897,,https://tiki.vnao-so-mi-cong-so-kieu-co-nut-ngoc-p276125600.html?spid=276125602
273950211,Set sơ mi caro vàng NGADO,1300000.0,1300000.0,0.0,0.0,0,344204,,https://tiki.vnset-so-mi-caro-vang-ngado-p273950211.html?spid=273953417
273655828,"Áo Linen Thêu Tay Mơ, Áo Sơ Mi Cổ Trụ TOP206 Thời trang thiết kế Hity",1995000.0,1995000.0,0.0,0.0,0,255,,https://tiki.vnao-linen-theu-tay-mo-top206-thoi-trang-thiet-ke-hity-p273655828.html?spid=273871800
251282254,"Áo dài cách tân chất lượng cao dành cho những buổi tiệc trang trọng, lễ cưới hỏi tôn nghiêm.",5490000.0,5490000.0,0.0,0.0,0,135606,,https://tiki.vnao-dai-cach-tan-chat-luong-cao-danh-cho-nhung-buoi-tiec-trang-trong-le-cuoi-hoi-ton-nghiem-p251282254.html?spid=251282255
248801986,"Quần lót nữ thun lạnh Vicci 106 cạp lưng vừa, mỏng, nhẹ, mềm mại, thoáng khí",36000.0,68000.0,32000.0,2.0,2,2049,,https://tiki.vnquan-lot-nu-thun-lanh-vicci-106-cap-lung-vua-mong-nhe-mem-mai-thoang-khi-p248801986.html?spid=248801996
244297901,COMBO 5 QUẦN REN NỮ PHI LỤA 272,116800.0,116800.0,0.0,0.0,0,112944,,https://tiki.vncombo-5-quan-ren-nu-phi-lua-272-p244297901.html?spid=244297907
204425497,Đầm ngủ sơ mi lụa cao cấp WANNABE DNS44 váy ngủ kiểu dáng pijama rộng rãi thoải mái tay dài viền gân nổi có túi tiện lợi,550000.0,550000.0,0.0,0.0,0,5383,,https://tiki.vndam-ngu-so-mi-phi-lua-cao-cap-wannabe-dns44-kieu-dang-pijamas-tay-dai-co-tui-tien-loi-xinh-xan-p204425497.html?spid=204425509
185858510,Đồ ngủ sexy cosplay xuyên thấu gợi cảm,65000.0,65000.0,0.0,4.0,1,195824,,https://tiki.vndo-ngu-sexy-cosplay-xuyen-thau-goi-cam-p185858510.html?spid=185858511
175167031,Đồ Bơi Nữ Một Mảnh Sắc Màu Kiểu Váy Xòe Dễ Thương ATI31 MayHomes One-Piece Colorful Swimwear,92000.0,99000.0,7000.0,4.5,2,5826,,https://tiki.vndo-boi-nu-mot-manh-sac-mau-kieu-vay-xoe-de-thuong-ati31-mayhomes-one-piece-colorful-swimwear-p175167031.html?spid=175167033
167951497,Đồ ngủ bigsize/ Đồ ngủ gợi cảm sexy có mút ngực cột dây sau lưng mã 3,61000.0,61000.0,0.0,4.3,15,223905,,https://tiki.vndo-ngu-bigsize-do-ngu-goi-cam-sexy-co-mut-nguc-cot-day-sau-lung-ma-3-p167951497.html?spid=167951527
146636028,"Áo kiểu nữ đẹp, chất liệu Đũi, vải mềm mát, thấm mồ hôi, áo kiểu form rộng, áo kiểu nữ Hàn Quốc NeSa Shop. AKH.46",99500.0,199000.0,99500.0,4.2,50,249310,,https://tiki.vnao-kieu-nu-dep-chat-lieu-dui-vai-mem-mat-tham-mo-hoi-ao-kieu-form-rong-ao-kieu-nu-han-quoc-nesa-shop-akh-46-p146636028.html?spid=146636071
122300675,Bộ đồ lụa đùi mặc nhà- Đồ ngủ nữ chất mát,145000.0,145000.0,0.0,5.0,2,169077,,https://tiki.vnbo-do-lua-dui-mac-nha-do-ngu-nu-chat-mat-p122300675.html?spid=276953650
119068419,"Quần tây nữ màu xanh đen Amazing lưng vừa, 1 nút, dáng suông, ống đứng, chất liệu tuyết mưa dày, mềm, không nhăn",221000.0,221000.0,0.0,5.0,12,9354,,https://tiki.vnquan-tay-nu-amazing-ong-dung-mau-xanh-va-den-chat-lieu-tuyet-mua-day-mem-khong-nhan-form-suong-co-ban-dong-phuc-hoc-sinh-cong-so-p119068419.html?spid=277760795
107154274,Quần lót nữ sexy lọt khe - Đỏ,25000.0,25000.0,0.0,5.0,1,195824,,https://tiki.vnquan-lot-nu-sexy-lot-khe-do-p107154274.html?spid=107154283
105271214,ÁO KHOÁC NỮ CHẤT GÂN GỐM (có 11 màu),190000.0,190000.0,0.0,0.0,0,9455,,https://tiki.vnao-khoac-nu-chat-gan-gom-co-11-mau-p105271214.html?spid=277739664
79445330,Đồ Ngủ Body Sexy Cosplay Thư Ký Gợi Cảm Vải Mịn Hai Dây Có Kèm Dây Kẹp Tất Và Tất Màu Đen Sexy Women Stockings Transparent Exposed Nipple Mesh Brave Man Mã BCS21 15 8022 12,119000.0,119000.0,0.0,4.8,10,97441,,https://tiki.vndo-ngu-body-sexy-cosplay-thu-ky-goi-cam-vai-min-hai-day-co-kem-day-kep-tat-va-tat-mau-den-sexy-women-stockings-transparent-exposed-nipple-mesh-brave-man-ma-bcs21-15-8022-12-p79445330.html?spid=144619980
79437188,Combo 5 Quần Lót Nữ Thun Lạnh Phối Ren Trước,299000.0,337000.0,38000.0,4.7,51,8827,,https://tiki.vncombo-5-quan-lot-nu-flexi-co-dan-4-chieu-miley-lingerie-giao-mau-ngau-nhien-p79437188.html?spid=79437196
76600493,"Quần jean nữ cạp cao túi xéo tôn dáng, quần bò nữ ôm dáng thời trang",328375.0,328375.0,0.0,0.0,0,204632,,https://tiki.vnquan-jean-nu-cap-cao-tui-xeo-ton-dang-quan-bo-nu-om-dang-thoi-trang-p76600493.html?spid=113228303
74419727,Combo 5 Quần Lót Nữ Ren Hoa Elegant Miley Lingerie FLS-03,410000.0,410000.0,0.0,4.3,7,8827,,https://tiki.vnhop-qua-combo-5-quan-lot-nu-ren-hoa-elegant-miley-lingerie-fls-03-p74419727.html?spid=74419731
73370373,Quần lót đính hạt lọt khe nữ ren sexy,25000.0,25000.0,0.0,4.8,5,49140,,https://tiki.vnquan-lot-dinh-hat-lot-khe-nu-ren-sexy-p73370373.html?spid=73370377
68210194,Áo Ngực Nữ Cúp Ngang Miley Lingerie - Đen BRM01102,199000.0,199000.0,0.0,4.8,6,8827,,https://tiki.vnao-nguc-nu-cup-ngang-mut-mong-miley-lingerie-den-brm01102-p68210194.html?spid=68210204
57722168,Váy ngủ ren xuyên thấu 2 dây gợi cảm - Đen,55000.0,55000.0,0.0,0.0,0,49140,,https://tiki.vnvay-ngu-ren-xuyen-thau-2-day-goi-cam-den-p57722168.html?spid=57722169
55797642,"Áo lót nữ cao cấp không gọng đệm dầy, kẻ ô vuông xinh đẹp siêu nâng ngực",139000.0,139000.0,0.0,4.2,9,9455,,https://tiki.vnao-lot-nu-cao-cap-khong-gong-dem-day-ke-o-vuong-xinh-dep-sieu-nang-nguc-p55797642.html?spid=56250295
43993357,Quần lót nữ ren - tím,25000.0,25000.0,0.0,2.7,3,49140,,https://tiki.vnquan-lot-nu-ren-tim-p43993357.html?spid=43993358
16654482,10 quần lót nữ beautiful spring mã 5402 size f,245000.0,245000.0,0.0,5.0,2,9455,,https://tiki.vn10-quan-lot-nu-beautiful-spring-ma-5402-size-f-p16654482.html?spid=51969197
6010693,Áo khoác nữ xỏ ngón Basix 4034_xanhDen,180000.0,180000.0,0.0,4.5,10,5961,,https://tiki.vnao-khoac-nu-xo-ngon-basix-4034_xanhden-p6010693.html?spid=6010709
5753563,Áo bra 3 dây có đệm ngực,30340.0,37000.0,6660.0,0.0,0,112944,,https://tiki.vnao-bra-3-day-co-dem-nguc-p5753563.html?spid=50716393
4092435,Combo 5 quần lót nữ Cotton QL 8108-1,80000.0,80000.0,0.0,3.7,6,9455,,https://tiki.vncombo-5-quan-lot-nu-cotton-ql-8108-1-p4092435.html?spid=53990858
278937526,"Đầm đỏ phối nơ hồng NGADO , đầm nữ , đầm dự tiệc",950000.0,950000.0,0.0,0.0,0,344204,,https://tiki.vndam-do-phoi-no-hong-ngado-dam-nu-dam-du-tiec-p278937526.html?spid=278937532
278634335,Áo Len Nữ Hàn Quốc Tay Ngắn Cổ Tròn Phối Nơ – Áo Len Dệt Kim Dáng Xinh,195000.0,195000.0,0.0,0.0,0,282163,,https://tiki.vnao-len-nu-han-quoc-tay-ngan-co-tron-phoi-no-ao-len-det-kim-dang-xinh-p278634335.html?spid=278634337
278622706,Áo thun dài tay nữ cổ tim có đệm vai HOT HIT,180000.0,180000.0,0.0,0.0,0,282163,,https://tiki.vnao-thun-dai-tay-nu-co-tim-co-dem-vai-hot-hit-p278622706.html?spid=278622716
278525207,Áo Croptop Ôm Aria TOP179 thời trang thiết kế Hity,1195000.0,1195000.0,0.0,0.0,0,255,,https://tiki.vnao-croptop-om-aria-top179-thoi-trang-thiet-ke-hity-p278525207.html?spid=278525209
278245807,Miếng dán ngực sinh nhiệt tự thân Hàn Quốc - cơ chế tự dính khít khi tiếp xúc với bề mặt da có nhiệt BẢN TO 8CM - 1 CẶP,100000.0,100000.0,0.0,0.0,0,353491,,https://tiki.vnmieng-dan-nguc-sinh-nhiet-tu-than-han-quoc-co-che-tu-dinh-khit-khi-tiep-xuc-voi-be-mat-da-co-nhiet-ban-to-8cm-1-cap-p278245807.html?spid=278245808
277931253,Quần Jean Ống Đứng Lưng Cao Dáng Slim Classic Blue Aaa Jeans,650000.0,650000.0,0.0,0.0,0,539,,https://tiki.vnquan-jean-ong-dung-lung-cao-dang-slim-classic-blue-aaa-jeans-p277931253.html?spid=277931261
277880869,Áo Thun Unisex - Oversize Chất 100% Cotton 2 chiều Dày 250gsm | Nam Nữ Mặc Siêu Đẹp,168000.0,168000.0,0.0,5.0,1,260851,,https://tiki.vnao-thun-unisex-form-rong-chat-100-cotton-2-chieu-day-230gsm-mau-hot-gen-z-nam-nu-mac-sieu-dep-p277880869.html?spid=277880889
276681332,Quần Lót Ren Sexy Quần Lót ren cao cấp mềm mại - Quần lót Nữ thiết kế sexy nóng bỏng gợi cảm mẫu 227,18000.0,18000.0,0.0,0.0,0,241803,,https://tiki.vnquan-lot-ren-sexy-quan-lot-ren-cao-cap-mem-mai-quan-lot-nu-thiet-ke-sexy-nong-bong-goi-cam-mau-227-p276681332.html?spid=276681350
276603301,Chân váy chữ A dáng xuông Xavia thiết kế cao cấp WHITE CHIC,1450000.0,1450000.0,0.0,0.0,0,359223,,https://tiki.vnchan-vay-chu-a-dang-xuong-xavia-thiet-ke-cao-cap-white-chic-p276603301.html?spid=276603305
276547471,Combo 10 Quần Lót Flexi Stretch Chất Liệu Bamboo Visco - Miley Lingerie,500000.0,500000.0,0.0,5.0,1,8827,,https://tiki.vncombo-10-quan-lot-flexi-stretch-chat-lieu-bamboo-visco-miley-lingerie-p276547471.html?spid=276547473
276047283,"Áo Vest nữ chất linen mềm mịn, cổ xẻ kiểu",350000.0,350000.0,0.0,0.0,0,235034,,https://tiki.vnao-vest-nu-chat-linen-mem-min-co-xe-kieu-p276047283.html?spid=276047297
275752765,"Quần dài nữ ống rộng chất linen cao cấp thương hiệu Đũi Việt, hàng hot qd08",260000.0,260000.0,0.0,4.0,1,10738,,https://tiki.vnquan-dai-ong-suong-nu-cap-chun-thoai-mai-de-mac-mem-min-qd08-p275752765.html?spid=275752771
274358591,Đầm hở lưng dự tiệc MINA thiết kế cổ yếm dáng ngắn ôm body chất liệu Cotton Nhật - MN253,590000.0,590000.0,0.0,0.0,0,183689,,https://tiki.vndam-ho-lung-du-tiec-mina-thiet-ke-co-yem-dang-ngan-om-body-chat-lieu-cotton-nhat-mn253-p274358591.html?spid=274358595
263316757,"Bộ bơi đôi nam nữ loại đẹp, áo dài tay quần bơi dài kín chống nắng toàn thân, chất thun lạnh cao cấp dày mịn mát | CP024",510000.0,510000.0,0.0,0.0,0,63850,,https://tiki.vnbo-boi-doi-nam-nu-loai-dep-ao-dai-tay-quan-boi-dai-kin-chong-nang-toan-than-chat-thun-lanh-cao-cap-day-min-mat-cp024-p263316757.html?spid=263316765
249032745,"Quần lót nữ thun lạnh trơn cao cấp Vicci 106 Hispter mềm mịn, thoáng mát, thân thiện với làn da, kháng khuẩn khử mùi",36000.0,68000.0,32000.0,5.0,9,2049,,https://tiki.vnquan-lot-nu-thun-lanh-tron-cao-cap-vicci-106-hispter-mem-min-thoang-mat-than-thien-voi-lan-da-khang-khuan-khu-mui-p249032745.html?spid=249032763
244298919,"Combo 5 Quần Lót Nữ Gấm Hoa Cao Cấp Locust 045 – Co Giãn 4 Chiều, Viền Phẳng, 5 Màu Sang Trọng",163400.0,215000.0,51600.0,0.0,0,112944,,https://tiki.vncombo-5-quan-ren-gam-hoa-cao-cap-locust-045-p244298919.html?spid=244298927
241788221,"Áo sơ mi nữ trung niên cao cấp cổ tròn tay lỡ tặng mẹ chất liệu Linen thun form rộng bigsize NeSa Shop, SMH.62",114500.0,229000.0,114500.0,0.0,0,249310,,https://tiki.vnao-so-mi-nu-trung-nien-cao-cap-co-tron-tay-lo-tang-me-chat-lieu-linen-thun-form-rong-bigsize-nesa-shop-smh-62-p241788221.html?spid=241788249
221712547,CHÂN VÁY XẾP LI DÀI_CHÂN VÁY REN XÒE XẾP LI DÁNG DÀI3,220000.0,220000.0,0.0,5.0,1,197061,,https://tiki.vnchan-vay-xep-li-dai_chan-vay-ren-xoe-xep-li-dang-dai3-p221712547.html?spid=221712577
197418006,Quần lót nữ lọt khe chất ren phối đáy cotton cao cấp sexy,25000.0,25000.0,0.0,4.7,13,195824,,https://tiki.vnquan-lot-nu-lot-khe-chat-ren-phoi-day-cotton-cao-cap-sexy-p197418006.html?spid=197418010
195652204,"Áo kiểu nữ cổ tròn tay lỡ form rộng thoải mái, chất liệu Đũi cao cấp mềm mịn, mát, hoạ tiết Thêu tỉ mỉ NeSa Shop AKH.57",89500.0,179000.0,89500.0,5.0,2,249310,,https://tiki.vnao-kieu-nu-co-tron-tay-lo-form-rong-thoai-mai-chat-lieu-dui-cao-cap-mem-min-mat-hoa-tiet-theu-ti-mi-nesa-shop-akh-57-p195652204.html?spid=195652224
195564726,"Áo len nữ thiết kế phối ren nữ tính, áo len nhiều màu xinh Al50",189000.0,189000.0,0.0,0.0,0,235034,,https://tiki.vnao-len-nu-thiet-ke-phoi-ren-nu-tinh-ao-len-nhieu-mau-xinh-al50-p195564726.html?spid=195564728
193886721,"Quần ống rộng nữ, chất liệu Đũi cao cấp, phong cách Hàn Quốc, trẻ trung, thoải mái NeSa Shop QKH.56",89500.0,179000.0,89500.0,0.0,0,249310,,https://tiki.vnquan-ong-rong-nu-chat-lieu-dui-cao-cap-phong-cach-han-quoc-tre-trung-thoai-mai-nesa-shop-qkh-56-p193886721.html?spid=193886771
191436035,Quần short nữ - T190,1750000.0,1750000.0,0.0,0.0,0,244635,,https://tiki.vnquan-short-nu-t190-p191436035.html?spid=191436072
180995048,Đồ bơi nữ 2 mảnh cao cấp QB02 - Đồ bơi bikini nữ sexy - Đồ bơi đi biển,220000.0,220000.0,0.0,4.0,1,267028,,https://tiki.vndo-boi-nu-2-manh-cao-cap-bt0237-do-boi-bikini-nu-sexy-do-boi-di-bien-p180995048.html?spid=180995050
126040040,"áo tay lỡ (nữ) chất đũi - hoạ tiết hoa, hàng VNXK (A17)",142000.0,142000.0,0.0,5.0,1,226391,,https://tiki.vnao-tay-lo-nu-chat-dui-hoa-tiet-hoa-hang-vnxk-a17-p126040040.html?spid=126040119
113051785,Áo khoác nữ Áo khoát nữ gió dù 2 lớp chống nắng Zomies hàng bao chất cực chất rất hot - M044,189250.0,189250.0,0.0,0.0,0,204632,,https://tiki.vnao-khoac-nu-ao-khoat-nu-gio-du-2-lop-chong-nang-zomies-hang-bao-chat-cuc-chat-rat-hot-m044-p113051785.html?spid=113051850
108100048,QUẦN JEAN cạp cao CHẤT ĐẸP CO GIÃN_ Quần Jean dáng ôm co giãn tốt _CHUẨN ĐẸP,289000.0,289000.0,0.0,0.0,0,197061,,https://tiki.vnquan-jean-cap-cao-chat-dep-co-gian_-qua-n-jean-da-ng-om-co-gia-n-to-t-_chuan-dep-p108100048.html?spid=108100064
103118701,Quần lót ren nữ sexy sao cao cấp xuyên thấu gợi cảm,25000.0,25000.0,0.0,5.0,1,49140,,https://tiki.vnquan-lot-ren-nu-sexy-sao-cao-cap-xuyen-thau-goi-cam-p103118701.html?spid=103118705
101281462,COMBO 10 QUẦN LÓT NỮ COTTON LỤA MODAL CAO CẤP,126000.0,126000.0,0.0,0.0,0,188535,,https://tiki.vncombo-10-quan-lot-nu-cotton-lua-modal-cao-cap-p101281462.html?spid=101281472
76450267,Quần lót nữ giả bò sexy,25000.0,25000.0,0.0,5.0,3,103662,,https://tiki.vnquan-lot-nu-gia-bo-sexy-p76450267.html?spid=76450273
66803444,Áo Cardigan Nữ Họa Tiết Xinh Thời Trang Korea ALN037 MayHomes Mẫu Mới Mùa Xuân,139000.0,149000.0,10000.0,4.7,51,5826,,https://tiki.vnao-cardigan-nu-hoa-tiet-xinh-thoi-trang-korea-aln037-mayhomes-mau-moi-mua-xuan-p66803444.html?spid=70383594
52587830,Combo 5 Chiếc Quần Lót Nữ Cotton Xuất Nhật,150000.0,150000.0,0.0,3.0,1,9455,,https://tiki.vncombo-5-chiec-quan-lot-nu-cotton-xuat-nhat-p52587830.html?spid=59445528
50420207,Quần lót nữ ren thêu hoa,35000.0,35000.0,0.0,5.0,2,103662,,https://tiki.vnquan-lot-nu-ren-theu-hoa-p50420207.html?spid=50420213
45469103,Quần lọt khe đính hạt - đen tím,29000.0,29000.0,0.0,4.8,5,49140,,https://tiki.vnquan-lot-khe-dinh-hat-den-tim-p45469103.html?spid=45469104
34148555,"Đồ bộ ngủ nữ tay dài, quần dài",200000.0,200000.0,0.0,3.8,4,9455,,https://tiki.vndo-bo-ngu-nu-tay-dai-quan-dai-p34148555.html?spid=51503844
31603612,"Crazy sales. Áo thun nữ GOKING in hình dễ thương, áo phông thoát nhiệt Nhật Bản 100 cotton thoáng mát, thấm hút mồ hôi, đánh bay cơn nóng mùa hè",111000.0,111000.0,0.0,5.0,21,18138,,https://tiki.vnao-thun-nu-goking-in-hinh-de-thuong-ao-phong-thoat-nhiet-nhat-ban-thoang-mat-tham-hut-mo-hoi-p31603612.html?spid=91458136
19582921,Combo 10 Quần Lót Giấy Nữ,62000.0,62000.0,0.0,0.0,0,9455,,https://tiki.vncombo-10-quan-lot-giay-nu-p19582921.html?spid=19987006
13894753,"Áo khoác nữ thoát nhiệt Nhật Bản GOKING, 100% cotton siêu thoáng mát, thấm hút mồ hôi, khử mùi, kháng khuẩn, chống UV, chống nắng nhẹ",265000.0,265000.0,0.0,4.6,129,18138,,https://tiki.vnao-khoac-nu-thoat-nhiet-nhat-ban-goking-100-cotton-sieu-thoang-mat-tham-hut-mo-hoi-khu-mui-khang-khuan-chong-uv-p13894753.html?spid=56323395
13802218,Đầm ngủ dễ thương 1108 Xám,217000.0,217000.0,0.0,3.0,1,9455,,https://tiki.vndam-ngu-de-thuong-1108-xam-p13802218.html?spid=54047969
1818717,Áo Ngực Triumph Maxi M039 LZ-VN - Màu Da,799000.0,799000.0,0.0,4.8,56,40550,,https://tiki.vnao-nguc-triumph-maxi-m039-lz-vn-mau-da-p1818717.html?spid=86152410
279004066,QUẦN ĐỘN MÔNG ĐỊNH HÌNH SIÊU ĐẸP TỪ 40-75KG DÀNH CHO NỮ,115000.0,115000.0,0.0,0.0,0,311814,,https://tiki.vnquan-don-mong-dinh-hinh-sieu-dep-tu-40-75kg-danh-cho-nu-p279004066.html?spid=279004068
278836157,Áo nỉ CARLTON nữ YAMAHA,1082945.0,1082945.0,0.0,0.0,0,261182,,https://tiki.vnao-ni-carlton-nu-yamaha-p278836157.html?spid=278836167
278764828,"Quần Ống Rộng Xẻ Linen Anh Đào, Quần Culottes Ống Rộng Xẻ Đính Nút Linen Hồng Pan068",1695000.0,1695000.0,0.0,0.0,0,255,,https://tiki.vnquan-ong-rong-xe-linen-anh-dao-quan-culottes-ong-rong-xe-dinh-nut-linen-hong-pan068-p278764828.html?spid=274246099
278274864,"Đầm đen cổ giọt nước NGADO , đầm dáng dài , đầm dự tiệc",950000.0,950000.0,0.0,0.0,0,344204,,https://tiki.vndam-den-co-giot-nuoc-ngado-dam-dang-dai-dam-du-tiec-p278274864.html?spid=278274866
278099576,"Váy Ngủ Sexy Đẹp Quyến Rũ Và Gợi Cảm,Set Đồ Ngủ Gợi Cảm, Set Áo Liền Quần Co Dãn Sexy, Váy Ngủ Có Mút Ngực Gợi Cảm C077",129000.0,129000.0,0.0,0.0,0,186696,,https://tiki.vnvay-ngu-sexy-dep-quyen-ru-va-goi-cam-set-do-ngu-goi-cam-set-ao-lien-quan-co-dan-sexy-vay-ngu-co-mut-nguc-goi-cam-c077-p278099576.html?spid=278099580
278080571,Áo Sweater Ăn Tết Không Nhậu size 40kg tới 100kg Mr.Buffa,150000.0,150000.0,0.0,0.0,0,162792,,https://tiki.vnao-sweater-an-tet-khong-nhau-size-40kg-toi-100kg-mr-buffalo-p278080571.html?spid=278080664
276603241,Áo gile form ôm Xavia thiết kế cao cấp WHITE CHIC,1150000.0,1150000.0,0.0,0.0,0,359223,,https://tiki.vnao-gile-form-om-xavia-thiet-ke-cao-cap-white-chic-p276603241.html?spid=276603243
276307555,"Áo Lót Nâng Ngực Mút Mỏng Có Gọng Vicci AV.17 Cúp Quả Sâu, Bản Lưng To 3 Móc Ôm Và Định Hình Ngực",147500.0,295000.0,147500.0,0.0,0,2049,,https://tiki.vnao-lot-nang-nguc-mut-mong-co-gong-vicci-av-17-cup-qua-sau-ban-lung-to-3-moc-om-va-dinh-hinh-nguc-p276307555.html?spid=276307571
275426582,Váy ngủ L078 lưới ren hoa cột nơ dễ thương không mút kèm chip,186000.0,186000.0,0.0,0.0,0,6615,,https://tiki.vnvay-ngu-l078-luoi-ren-hoa-cot-no-de-thuong-khong-mut-kem-chip-p275426582.html?spid=275426586
274362629,"Bộ bơi nữ trẻ trung cá tính, áo crop top dài tay kín đáo có khóa kéo trước, quần bơi 2 lớp thể thao hiện đại, thun bơi lạnh mịn đẹp | KT603",330000.0,330000.0,0.0,0.0,0,63850,,https://tiki.vnbo-boi-nu-tre-trung-ca-tinh-ao-crop-top-dai-tay-kin-dao-co-khoa-keo-truoc-quan-boi-2-lop-the-thao-hien-dai-thun-boi-lanh-min-dep-kt603-p274362629.html?spid=274362647
263108345,Bộ Đồ Lót Áo Ngực Mút Mỏng Và Quần Lưng Đồng Bộ Vải Sợi Thiên Nhiên Bamboo BeingMe Miley Lingerie,359000.0,359000.0,0.0,4.0,1,8827,,https://tiki.vnbo-do-lot-bra-quan-cheo-pure-white-being-me-miley-lingerie-p263108345.html?spid=263108353
262842711,Quần Lót Cạp Chéo Vải Sợi Thiên Nhiên Bamboo Thoáng Mát Miley Lingerie,72000.0,125000.0,53000.0,0.0,0,8827,,https://tiki.vnquan-lot-cap-cheo-vai-soi-thien-nhien-bamboo-thoang-mat-miley-lingerie-p262842711.html?spid=262842721
253630689,Váy Ren Cao Cấp Bèo Tay Màu Hồng 23V022 Pi Style,199000.0,199000.0,0.0,0.0,0,330600,,https://tiki.vnvay-ren-cao-cap-beo-tay-mau-hong-23v022-pi-style-p253630689.html?spid=253630693
253128782,Polo Shirt  Nữ Organic Cotton  Thương Hiệu SURE Fashion,720000.0,720000.0,0.0,0.0,0,260851,,https://tiki.vnpolo-shirt-nu-organic-cotton-thuong-hieu-sure-fashion-p253128782.html?spid=253128784
252683512,Quần lót ren hoa cạp vân dây jacquard,39000.0,39000.0,0.0,0.0,0,49140,,https://tiki.vnquan-lot-ren-hoa-cap-van-day-jacquard-p252683512.html?spid=252683514
205683033,Áo croptop cutout hàng VNXK chất lượng cao,67200.0,67200.0,0.0,0.0,0,251078,,https://tiki.vnao-croptop-cutout-age2x-hang-vnxk-chat-luong-cao-p205683033.html?spid=205683064
202222517,Quần short jean nữ lưng cao regular fit Aaa Jeans Navy Blue,500000.0,500000.0,0.0,0.0,0,539,,https://tiki.vnquan-short-jean-nu-lung-cao-regular-fit-aaa-jeans-navy-blue-p202222517.html?spid=275930757
191320424,Dây áo ngực dây áo lót thủ công từ hạt ngọc trai thời trang ấn tượng sexy,115000.0,115000.0,0.0,0.0,0,19782,,https://tiki.vnday-ao-nguc-day-ao-lot-thu-cong-tu-hat-ngoc-trai-thoi-trang-an-tuong-sexy-p191320424.html?spid=191320426
177682084,Đồ Bơi Hai Mảnh Bikini Dễ Thương Thiết Kế Đơn Giản Và Tiện Lợi ATZ99 MayHomes Nhiều Mẫu,92000.0,99000.0,7000.0,4.8,5,5826,,https://tiki.vndo-boi-hai-manh-bikini-de-thuong-thiet-ke-don-gian-va-tien-loi-atz99-mayhomes-nhieu-mau-p177682084.html?spid=177682100
167425680,Q23 Váy ngủ xuyên thấu trễ vai gợi cảm  - Đầm ngủ xuyên thấu sexy,180000.0,180000.0,0.0,0.0,0,267028,,https://tiki.vnvay-ngu-xuyen-thau-tre-vai-goi-cam-bt0008-dam-ngu-xuyen-thau-sexy-p167425680.html?spid=167425682
153011021,Đầm voan hoa ( chất liệu voan hoa ) thời trang nữ mẫu mới hót,79999.0,79999.0,0.0,0.0,0,76045,,https://tiki.vndam-voan-hoa-chat-lieu-voan-hoa-thoi-trang-nu-mau-moi-hot-p153011021.html?spid=153011025
119125984,Quần Ống Rộng Sapphire Blue Aaa Jeans,499000.0,550000.0,51000.0,5.0,6,539,,https://tiki.vnquan-ong-rong-sapphire-blue-aaa-jeans-p119125984.html?spid=275932338
113050964,Áo khoác nữ Áo khoát nữ kaki chống nắng TÚI HỘP PHỐI thời trang hàng đẹp-A086,256450.0,256450.0,0.0,0.0,0,204632,,https://tiki.vnao-khoac-nu-ao-khoat-nu-kaki-chong-nang-tui-hop-phoi-thoi-trang-hang-dep-a086-p113050964.html?spid=113050985
113050814,Áo khoát kaki chống nắng Form Dơi 1 Lớp xinh xinh cực chuẩn-A477,256450.0,256450.0,0.0,0.0,0,204632,,https://tiki.vnao-khoat-kaki-chong-nang-form-doi-1-lop-xinh-xinh-cuc-chuan-a477-p113050814.html?spid=113050832
108917341,Áo Lót Mút Mỏng Phối Hoa Văn Ren Fashion Habpy Lady By Sabina HBLN603,383000.0,383000.0,0.0,5.0,1,8808,,https://tiki.vnao-lot-mut-mong-phoi-hoa-van-ren-fashion-habpy-lady-by-sabina-hbln603-p108917341.html?spid=108917367
107154929,Quần lót nữ tam giác vô cùng đẹp sexy,25000.0,25000.0,0.0,0.0,0,195824,,https://tiki.vnquan-lot-nu-tam-giac-vo-cung-dep-sexy-p107154929.html?spid=107154960
107154064,Bộ Đồ Lót Ren Gợi Cảm - Hồng,35000.0,35000.0,0.0,5.0,1,195824,,https://tiki.vnbo-do-lot-ren-goi-cam-hong-p107154064.html?spid=107154082
104515079,ÁO KHOÁC KAKI Nhung Gân Bomber Thêu 1997 (M2040 - Kèm Ảnh Thật),551080.0,551080.0,0.0,0.0,0,204632,,https://tiki.vnao-khoac-kaki-nhung-gan-bomber-theu-1997-m2040-kem-anh-that-p104515079.html?spid=113225211
101182915,Áo ngực mút mỏng hàng việt nam  chất lượng cao (size 34-38),126000.0,126000.0,0.0,4.0,1,188535,,https://tiki.vnao-nguc-mut-mong-hang-viet-nam-chat-luong-cao-size-34-38-p101182915.html?spid=101182941
87242487,Áo khoác kaki unisex nam nữ phối màu meizifei,338875.0,338875.0,0.0,0.0,0,204632,,https://tiki.vnao-khoac-kaki-unisex-nam-nu-phoi-mau-meizifei-p87242487.html?spid=113227231
73788941,Áo Croptop nữ,379000.0,379000.0,0.0,0.0,0,246,,https://tiki.vnao-croptop-nu-p73788941.html?spid=73788953
72189565,"Áo khoác nữ , áo khoác nam , áo khoác cặp đôi vải nỉ ngoại chống nắng chống lạnh tốt",256450.0,256450.0,0.0,0.0,0,204632,,https://tiki.vnao-khoac-nu-ao-khoac-nam-ao-khoac-cap-doi-vai-ni-ngoai-chu-banana-chong-nang-chong-lanh-tot-p72189565.html?spid=113226636
67208019,"áo len nữ đẹp, áo len nữ 2 túi dáng cardigan",239000.0,239000.0,0.0,0.0,0,10738,,https://tiki.vnao-len-nu-dep-ao-len-nu-2-tui-dang-cardigan-p67208019.html?spid=76055156
51593098, Quần lót nữ sexy - Màu trắng,29000.0,29000.0,0.0,4.0,3,49140,,https://tiki.vnquan-lot-nu-sexy-mau-trang-p51593098.html?spid=51593099
45170190,Đầm ngủ satin lụa WANNABE DN611 váy ngủ kiểu dáng pijama cổ điển lịch sự sang trọng sống mãi với thời gian,550000.0,550000.0,0.0,0.0,0,5383,,https://tiki.vndam-ngu-so-mi-satin-lua-wannabe-dn611-kieu-dang-pijama-co-dien-song-cung-thoi-gian-p45170190.html?spid=45170194
21264406,Áo Sơ Mi Form Dài Thời Trang A518,139000.0,139000.0,0.0,5.0,1,233875,,https://tiki.vnao-so-mi-form-dai-thoi-trang-a518-p21264406.html?spid=133928495
21128971,Bộ 2 Áo Ngực Nữ Cotton Không Gọng Miley Lingerie BRW_01,459000.0,459000.0,0.0,5.0,12,8827,,https://tiki.vnbo-2-ao-nguc-nu-cotton-khong-gong-miley-lingerie-brw_01-p21128971.html?spid=21128975
13037950,Quần Lót Nữ Sporty Sexy Miley Lingerie Nude,47000.0,89000.0,42000.0,5.0,1,8827,,https://tiki.vnquan-lot-nu-sporty-sexy-miley-lingerie-nude-p13037950.html?spid=13321919
12320348,ÁO LÓT KHÔNG GỌNG MÚT DÀY NÂNG NGỰC CAO CẤP,167000.0,167000.0,0.0,4.3,3,9455,,https://tiki.vnao-lot-khong-gong-mut-day-nang-nguc-cao-cap-p12320348.html?spid=56826388
8058375,Áo Khoác Nữ Xỏ Ngón Comfort Dây Kéo Đồng Phúc An 4036 Màu,164000.0,164000.0,0.0,5.0,2,5961,,https://tiki.vnao-khoac-nu-xo-ngon-comfort-day-keo-dong-phuc-an-4036-p8058375.html?spid=8058459
279004884,"Áo dài Diên Nguyệt NGADO , áo dài Tết , áo dài cách tân , áo dài truyền thống",1300000.0,1300000.0,0.0,0.0,0,344204,,https://tiki.vna-o-da-i-dien-nguyet-ngado-a-o-da-i-te-t-a-o-da-i-ca-ch-tan-a-o-da-i-truye-n-tho-ng-p279004884.html?spid=279004886
278969600,Bộ Đồ Ngủ Lụa BN72 Combo 5 Món Như Ảnh Xinh Xắn,559000.0,559000.0,0.0,0.0,0,6615,,https://tiki.vnbo-do-ngu-lua-bn72-combo-5-mon-nhu-anh-xinh-xan-p278969600.html?spid=278969602
278690180,[KoSuyTu] ÁO CROPTOP TẬP YOGA – GYM TÍCH HỢP ÁO NGỰC,148000.0,148000.0,0.0,0.0,0,177515,,https://tiki.vnkosuytu-ao-croptop-tap-yoga-gym-tich-hop-ao-nguc-p278690180.html?spid=278690184
278610949,đầm thun gân - Đầm cổ bẻ tăm gân ôm body dáng dài,250000.0,250000.0,0.0,0.0,0,282163,,https://tiki.vndam-thun-gan-dam-co-be-tam-gan-om-body-dang-dai-p278610949.html?spid=278610957
278278634,"Set đồ bơi nữ gồm áo bơi và chân váy phối kèm, thiết kế thời trang, hiện đại, thun co giãn, mềm mịn, nhanh khô mang lại cảm giác thoải mái và tự tin khi đi biển, bơi lội hoặc du lịch.-( Dưới 50 KG )",124000.0,139000.0,15000.0,0.0,0,274962,,https://tiki.vnset-do-boi-nu-gom-ao-boi-va-chan-vay-phoi-kem-thiet-ke-thoi-trang-hien-dai-thun-co-gian-mem-min-nhanh-kho-mang-lai-cam-giac-thoai-mai-va-tu-tin-khi-di-bien-boi-loi-hoac-du-lich-p278278634.html?spid=278278635
278026067,ÁO CHỐNG NẮNG MỀM MÁT TỪ 40-60KG DÀNH CHO NỮ,110000.0,110000.0,0.0,0.0,0,311814,,https://tiki.vnao-chong-nang-mem-mat-tu-40-60kg-danh-cho-nu-p278026067.html?spid=278026077
277311177,"Váy 2 dây váy ngủ lụa cổ tim chất lụa satin mềm, mịn thoáng mát VN0003",329000.0,329000.0,0.0,0.0,0,247663,,https://tiki.vnvay-2-day-vay-ngu-lua-co-tim-chat-lua-satin-mem-min-thoang-mat-vn0003-p277311177.html?spid=277311189
277207589,đồ bộ mặc nhà cao cấp,195000.0,195000.0,0.0,0.0,0,242150,,https://tiki.vndo-bo-mac-nha-cao-cap-p277207589.html?spid=277207605
275215165,Bộ đồ ngủ 1241 đũi cotton mát nhiều hoạ tiết dễ thương,150000.0,150000.0,0.0,0.0,0,6615,,https://tiki.vnbo-do-ngu-1241-dui-cotton-mat-nhieu-hoa-tiet-de-thuong-p275215165.html?spid=275215181
263391009,Đầm công sở trung niên TIFALU LD202 - Đầm gấm hoa dáng ôm sang trọng,452000.0,452000.0,0.0,0.0,0,17905,,https://tiki.vndam-cong-so-trung-nien-tifalu-ld202-dam-gam-hoa-dang-om-sang-trong-p263391009.html?spid=263391019
253630513,Váy Ren Cao Cấp Bèo Tay Màu Trắng 23V020 Pi Style,199000.0,199000.0,0.0,0.0,0,330600,,https://tiki.vnvay-ren-cao-cap-beo-tay-mau-trang-23v020-pi-style-p253630513.html?spid=253630537
253053123,Đầm Voan Chữ A Strawberry Clump Tay Lồng Đèn Maxivic M082226,1890000.0,1890000.0,0.0,0.0,0,36961,,https://tiki.vndam-voan-chu-a-strawberry-clump-tay-long-den-maxivic-m082226-p253053123.html?spid=253053125
204278727,"Áo sơ mi nữ tay lửng cổ V, chất co giãn mềm mát, thời trang phong cách Hàn Quốc Sm185",159000.0,159000.0,0.0,0.0,0,235034,,https://tiki.vnao-so-mi-nu-tay-lung-co-v-chat-co-gian-mem-mat-thoi-trang-phong-cach-han-quoc-sm185-p204278727.html?spid=204278735
201013049,Áo nữ len dệt kim dáng ngắn cao cổ ulzzang,372000.0,386000.0,14000.0,0.0,0,71471,,https://tiki.vnao-nu-len-det-kim-dang-ngan-cao-co-ulzzang-p201013049.html?spid=201013050
193886657,"Áo kiểu nữ đẹp tay lỡ cổ tròn NeSa Shop, chất liệu Mango thấm hút mồ hôi, áo nữ đẹp nhiều màu, AKH.57",78000.0,156000.0,78000.0,4.0,1,249310,,https://tiki.vnao-so-mi-nu-form-rong-kieu-tay-lo-co-tron-nesa-shop-chat-lieu-mango-tham-hut-mo-hoi-ao-so-mi-nu-nhieu-mau-akh-57-p193886657.html?spid=193886725
186268910,Quần lót nữ lọt khe xuyên thấu thêu hoa bỉ ngạn,35000.0,35000.0,0.0,0.0,0,49140,,https://tiki.vnquan-lot-nu-lot-khe-xuyen-thau-theu-hoa-bi-ngan-p186268910.html?spid=186268912
167446033,Quần tây nữ_quần công sở nữ lưng cao dáng baggy vải trượt Nhật mịn đẹp LOANBOUTIQUE,319000.0,319000.0,0.0,4.8,5,197061,,https://tiki.vnquan-tay-nu_quan-cong-so-nu-lung-cao-dang-baggy-vai-truot-nhat-min-dep-loanboutique-p167446033.html?spid=167446048
150924079,Áo dài voan tơ,3000000.0,3000000.0,0.0,4.7,6,76045,,https://tiki.vnao-dai-voan-to-p150924079.html?spid=276674487
145006802,Áo khoác thun gân co giãn size 40/55kg,199000.0,199000.0,0.0,0.0,0,361737,,https://tiki.vnao-khoac-thun-gan-co-gian-size-40-55kg-p145006802.html?spid=277998507
115323162,"váy suông nữ, đầm suông 2 dây hoa cúc dáng xòe vintage tiểu thư",69999.0,69999.0,0.0,0.0,0,76045,,https://tiki.vnvay-suong-nu-dam-suong-2-day-hoa-cuc-dang-xoe-vintage-tieu-thu-p115323162.html?spid=174848076
108098508,Miếng dán ngực silicon siêu bám_Dán ti tàng hình loại xịn,110000.0,110000.0,0.0,5.0,1,197061,,https://tiki.vnmieng-dan-nguc-silicon-sieu-bam_dan-ti-tang-hinh-loai-xin-p108098508.html?spid=108098512
107154312,Quần lót nữ lọt khe ren xẻ đáy hạt ngọc - Đỏ,25000.0,25000.0,0.0,5.0,1,195824,,https://tiki.vnquan-lot-nu-lot-khe-ren-xe-day-hat-ngoc-do-p107154312.html?spid=107154320
104512747,ÁO HOODIE - ÁO KHOÁC NỈ YANGJUN (HD1240 - Studio),425080.0,425080.0,0.0,0.0,0,204632,,https://tiki.vnao-hoodie-ao-khoac-ni-yangjun-hd1240-studio-p104512747.html?spid=113225159
91860290,COMBO 5 QUẦN LÓT NỮ COTTON NHIỀU HỌA TIẾT,136000.0,160000.0,24000.0,0.0,0,112944,,https://tiki.vncombo-5-quan-lot-nu-cotton-nhieu-hoa-tiet-p91860290.html?spid=91860294
91324714,Áo Dài Thượng Uyển,1100000.0,1100000.0,0.0,0.0,0,178364,,https://tiki.vnao-dai-thuong-uyen-p91324714.html?spid=91324715
80701190,Quần dài thể thao phối lưới LMcation Venus - Màu đen,399000.0,399000.0,0.0,0.0,0,119861,,https://tiki.vnquan-dai-the-thao-phoi-luoi-lmcation-venus-mau-den-p80701190.html?spid=80701232
74500648,Hộp Quà Combo 5 Quần Lót Nữ Modal Phối Ren Trước Remix FCM-04- Màu ngẫu nhiên,249000.0,249000.0,0.0,4.2,34,8827,,https://tiki.vnhop-qua-combo-5-quan-lot-nu-modal-phoi-ren-truoc-remix-fcm-04-p74500648.html?spid=74500652
73832386,Áo croptop nữ,379000.0,379000.0,0.0,0.0,0,246,,https://tiki.vnao-croptop-nu-p73832386.html?spid=73832390
68643393,ÁO KHOÁC NỈ HOODIE FULL ZIP NAM NỮ HOOIDE,310000.0,310000.0,0.0,0.0,0,204632,,https://tiki.vnao-khoac-ni-hoodie-full-zip-nam-nu-hooide-p68643393.html?spid=113228395
53807950,"Váy maxi lửng dáng xòe, họa tiết thổ cẩm nổi bật, chất dày đẹp, đầm nữ vintage cổ chữ V, váy đi biển, du lịch đẹp | MX012",220000.0,220000.0,0.0,4.0,1,63850,,https://tiki.vnvay-maxi-lung-dang-xoe-hoa-tiet-tho-cam-khoi-chat-dep-de-mac-mx012-p53807950.html?spid=53807958
46808455,Áo Ngực Cúp Ngang Phối Viền Ren  Miley Lingerie BRM09202,199000.0,199000.0,0.0,5.0,2,8827,,https://tiki.vnao-nguc-cup-ngang-phoi-vien-ren-miley-lingerie-brm09202-p46808455.html?spid=46808467
46763978,Áo Ngực Cúp Ngang Phối Viền Ren  Miley Lingerie BRM11202,199000.0,199000.0,0.0,4.5,4,8827,,https://tiki.vnao-nguc-cup-ngang-phoi-vien-ren-miley-lingerie-brm11202-p46763978.html?spid=46763982
44317897,Combo 5 Quần Lót Nữ xuất Nhật 100% Cotton Sợi Tre Kháng Khuẩn Tốt,52000.0,52000.0,0.0,1.0,2,238102,,https://tiki.vncombo-5-quan-lot-nu-xuat-nhat-100-cotton-soi-tre-khang-khuan-tot-p44317897.html?spid=255427699
44003525,Quần lót ren lưới - màu da,25000.0,25000.0,0.0,4.0,12,49140,,https://tiki.vnquan-lot-ren-luoi-mau-da-p44003525.html?spid=44003526
42992271,ÁO DÀI TRUYỀN THỐNG HỌA TIẾT HOA HỒNG KÈM QUẦN - NN26,340000.0,340000.0,0.0,0.0,0,9455,,https://tiki.vnset-ao-dai-truyen-thong-hoa-tiet-hoa-hong-nn26-p42992271.html?spid=68393648
40885424,ÁO SƠ MI CỔ SEN 3 NÚT,124000.0,124000.0,0.0,5.0,1,20897,,https://tiki.vnao-so-mi-co-sen-3-nut-p40885424.html?spid=40885440
39969258,Quần lót nữ sexy - màu xanh,25000.0,25000.0,0.0,4.5,5,103662,,https://tiki.vnquan-lot-nu-sexy-mau-xanh-p39969258.html?spid=48057529
36679462,Áo Khoác Nữ Dù Cánh Dơi,247000.0,247000.0,0.0,5.0,1,204632,,https://tiki.vna-o-khoa-c-nu-du-canh-doi-p36679462.html?spid=113225892
20200040,COMBO  10 QUẦN LÓT NỮ COTTON LỤA MODAL CAO CẤP,74000.0,74000.0,0.0,5.0,1,21149,,https://tiki.vncombo-10-quan-lot-nu-cotton-lua-modal-cao-cap-p20200040.html?spid=20993777
279128280,Nonbook - Áo choàng thiền chất liệu nỉ dày dặn màu nâu,499000.0,499000.0,0.0,0.0,0,181848,,https://tiki.vnnonbook-a-o-choa-ng-thie-n-cha-t-lie-u-ni-da-y-da-n-ma-u-nau-p279128280.html?spid=279128281
279092268,"Đồ bộ thu đông trung niên Nesa Shop, Chất liệu Nỉ ngoại co dãn, mềm mịn, Set đồ đi chơi sang trọng quý phái cho chị em",94500.0,189000.0,94500.0,0.0,0,249310,,https://tiki.vndo-bo-thu-dong-trung-nien-nesa-shop-chat-lieu-ni-ngoai-co-dan-mem-min-set-do-di-choi-sang-trong-quy-phai-cho-chi-em-p279092268.html?spid=279092280
278883168,"AL25339] Áo khoác len lông thỏ đính đá – mềm mịn, sang xinh, mặc ấm",280000.0,280000.0,0.0,0.0,0,282163,,https://tiki.vnal25339-ao-khoac-len-long-tho-dinh-da-mem-min-sang-xinh-mac-am-p278883168.html?spid=278883179
278540044,"Quần baggy nữ dáng bom NeSa Shop, chất liệu gió lụa cao cấp mềm nhẹ mát, quần kiểu nữ form rộng bigsize QT14",84500.0,169000.0,84500.0,5.0,1,249310,,https://tiki.vnquan-baggy-nu-dang-bom-nesa-shop-chat-lieu-gio-lua-cao-cap-mem-nhe-mat-quan-kieu-nu-form-rong-bigsize-qt14-p278540044.html?spid=278540046
278230163,Set Nội Y Tối Giản Ren Đen Sexy Gợi Cảm Mạnh Dành Cho Nàng Cá Tính  Bộ Lingerie Dây Siêu Mảnh Bra Hở Nửa Kín Nửa Hở Gây Mê Mẩn Set Đồ Lót Ren Mỏng Hở Táo Bạo Nội Y Sexy C059,79000.0,79000.0,0.0,0.0,0,186696,,https://tiki.vnset-noi-y-toi-gian-ren-den-sexy-goi-cam-manh-danh-cho-nang-ca-tinh-bo-lingerie-day-sieu-manh-bra-ho-nua-kin-nua-ho-gay-me-man-set-do-lot-ren-mong-ho-tao-bao-noi-y-sexy-c059-p278230163.html?spid=278230164
278102002,"Bodysuit Sexy Đẹp Quyến Rũ Và Gợi Cảm,Set Đồ Ngủ Gợi Cảm, Set Áo Liền Quần Co Dãn Sexy, Váy Ngủ Có Mút Ngực Gợi Cảm C003",99000.0,99000.0,0.0,0.0,0,186696,,https://tiki.vnbodysuit-sexy-dep-quyen-ru-va-goi-cam-set-do-ngu-goi-cam-set-ao-lien-quan-co-dan-sexy-vay-ngu-co-mut-nguc-goi-cam-c003-p278102002.html?spid=278102003
278017267,Bộ Đồ Lót Không Mút Không Gọng Ren Zig Zac Likia,302000.0,465000.0,163000.0,0.0,0,8827,,https://tiki.vnbo-do-lot-khong-mut-khong-gong-ren-zig-zac-likia-p278017267.html?spid=278017279
277969869,"Áo Lót Nữ – Bra Thun Lạnh Tăm Dây Chéo Ngực, Cài Sau 3 Móc 8801",60060.0,78000.0,17940.0,0.0,0,112944,,https://tiki.vnao-lot-nu-bra-thun-lanh-tam-day-cheo-nguc-cai-sau-3-moc-8801-p277969869.html?spid=277969871
277911730,Áo Lót Nữ Su Đúc Không Gọng Kẻ Sọc Nâng Ôm Trọn Ngực S26,89700.0,115000.0,25300.0,0.0,0,112944,,https://tiki.vnao-lot-nu-su-duc-khong-gong-ke-soc-nang-om-tron-nguc-s26-p277911730.html?spid=277911750
277386493,Quần tây beo lụa cát ống suông LM102403 [BST Da Beo,489000.0,489000.0,0.0,0.0,0,36961,,https://tiki.vnquan-tay-beo-lua-cat-ong-suong-lm102403-bst-da-beo-p277386493.html?spid=277386497
276958620,Áo len nữ dáng oversize trẻ trung thời trang Hàn Quốc - Hàng cao cấp len lông mịn,380000.0,380000.0,0.0,0.0,0,40092,,https://tiki.vnao-len-nu-dang-oversize-tre-trung-thoi-trang-han-quoc-hang-cao-cap-len-long-min-p276958620.html?spid=276958621
276893937,"Quần lửng ống rộng nữ Nesa Shop, chất liệu Đũi nhập loại 1, vải mát, mềm mịn, freesize dưới 55kg",49500.0,99000.0,49500.0,0.0,0,249310,,https://tiki.vnquan-lung-ong-rong-nu-nesa-shop-chat-lieu-dui-nhap-loai-1-vai-mat-mem-min-freesize-duoi-55kg-p276893937.html?spid=276893941
276680970,"Combo 5 quần lót nữ, quần lót ren siêu sexy DN662 ( Giao màu ngẫu nhiên) ",59000.0,59000.0,0.0,0.0,0,241803,,https://tiki.vncombo-5-quan-lot-nu-quan-lot-ren-sieu-sexy-dn662-giao-mau-ngau-nhien-p276680970.html?spid=276680971
276407279,Bộ đồ ngủ cotton 127 gấu đơn giản tay dài quần dài,150000.0,150000.0,0.0,5.0,1,6615,,https://tiki.vnbo-do-ngu-cotton-127-gau-don-gian-tay-dai-quan-dai-p276407279.html?spid=276407283
276382282,"Đầm xô lụa xám thêu, cổ sơmi La Mộc LM022427",790000.0,790000.0,0.0,0.0,0,36961,,https://tiki.vndam-xo-lua-xam-theu-co-somi-la-moc-lm022427-p276382282.html?spid=276382284
274328987,Đầm cổ yếm MINA thiết kế ôm body chất liệu ren gợn sóng quyến rũ - MN226,540000.0,540000.0,0.0,0.0,0,183689,,https://tiki.vndam-co-yem-mina-thiet-ke-om-body-chat-lieu-ren-gon-song-quyen-ru-mn226-p274328987.html?spid=274328991
273991420,Đồ Ngủ Liền Thân Sexy Bodysuit Đan Lưới Ôm Body 7 Sắc Cầu Vồng Gợi Cảm BT1245 - Đồ Ngủ Nữ Mặc Nhà,130000.0,130000.0,0.0,5.0,1,267028,,https://tiki.vndo-ngu-lien-than-sexy-bodysuit-dan-luoi-om-body-7-sac-cau-vong-goi-cam-bt1245-do-ngu-nu-mac-nha-p273991420.html?spid=273991426
273950102,"Set áo quần jean xanh NGADO , set đồ nữ , Set áo quần thiết kế , Áo kiểu nữ kèm quần dài",1300000.0,1300000.0,0.0,0.0,0,344204,,https://tiki.vnset-ao-quan-jean-xanh-ngado-p273950102.html?spid=273953229
263391062,Đầm suông trung niên TIFALU LD305 - Đầm công sở trung niên tay voan thanh lịch,435000.0,435000.0,0.0,0.0,0,17905,,https://tiki.vndam-suong-trung-nien-tifalu-ld305-dam-cong-so-trung-nien-tay-voan-thanh-lich-p263391062.html?spid=263391070
253630434,Váy 2 Dây Đi Dự Tiệc Màu Trắng 23V031 Pi Style,199000.0,199000.0,0.0,0.0,0,330600,,https://tiki.vnvay-2-day-di-du-tiec-mau-trang-23v031-pi-style-p253630434.html?spid=253630447
247295496,"Đầm Linen nữ dáng suông rút eo, Váy linen nữ công sở thiết kế cổ tàu ngắn tay thời trang nữ Haint Boutique",299000.0,299000.0,0.0,0.0,0,10738,,https://tiki.vndam-linen-nu-dang-suong-rut-eo-vay-linen-nu-cong-so-thiet-ke-co-tau-ngan-tay-thoi-trang-nu-haint-boutique-p247295496.html?spid=247295514
209886183,Combo 2 Áo Ngực Cúp Tròn Lưng Ren Miley Lingerie Màu Đen và Da - BRM002,430000.0,430000.0,0.0,5.0,1,8827,,https://tiki.vncombo-2-ao-nguc-cup-tron-lung-ren-miley-lingerie-mau-den-va-da-brm002-p209886183.html?spid=209886189
207764237,Q62 Váy ngủ lụa hai dây xuyên thấu ren ngực sexy- Đầm ngủ hai dây sexy - Váy ngủ nữ,210000.0,210000.0,0.0,5.0,1,267028,,https://tiki.vnvay-ngu-lua-hai-day-xuyen-thau-ren-nguc-sexy-q62-dam-ngu-hai-day-sexy-vay-ngu-nu-p207764237.html?spid=207764239
199946431,"Áo khoác len, áo cardigan nữ kiểu dáng đơn giản, chất len mềm, phong cách trẻ trung AK12",249000.0,249000.0,0.0,0.0,0,235034,,https://tiki.vnao-khoac-len-ao-cardigan-nu-kieu-dang-don-gian-chat-len-mem-phong-cach-tre-trung-ak12-p199946431.html?spid=199946435
185204002,Đồ Bơi Nữ Hai Mảnh Tiện Lợi Và Kín Đáo AT21O MayHomes Women 2-Piece Swimwear,92000.0,99000.0,7000.0,4.5,6,5826,,https://tiki.vndo-boi-nu-hai-manh-tien-loi-va-kin-dao-at21o-mayhomes-women-2-piece-swimwear-p185204002.html?spid=185204010
176881225,Đồ Bơi Nữ Tay Dài Quần Ôm Thân Tôn Dáng AT221 MayHomes Long Sleeves And Long Pants Women Swimwear Set With UPF 50 Sun Protection,268000.0,288000.0,20000.0,4.8,8,5826,,https://tiki.vndo-boi-nu-tay-dai-quan-om-than-ton-dang-at221-mayhomes-long-sleeves-and-long-pants-women-swimwear-set-with-upf-50-sun-protection-p176881225.html?spid=176881231
145371138,Chân váy chữ a xếp ly bên,137000.0,137000.0,0.0,0.0,0,20897,,https://tiki.vnchan-vay-chu-a-xep-ly-ben-p145371138.html?spid=145371150
133893865,Áo nữ xinh xắn sm185,149000.0,149000.0,0.0,4.0,1,235034,,https://tiki.vnao-nu-xinh-xan-sm185-p133893865.html?spid=133893871
104794017,"Áo ngực thông hơi, không mút, không gọng, mặc thoải mái - Anny Thái Lan 275",113000.0,113000.0,0.0,4.8,8,192753,,https://tiki.vnao-nguc-thong-hoi-khong-mut-khong-gong-mac-thoai-mai-thai-lan-275-p104794017.html?spid=104794167
101279024,Combo 10 Chiếc Quần Lót Ren Nữ - Hàng Cao Cấp (freesize 45-58kg).,283500.0,283500.0,0.0,1.0,1,188535,,https://tiki.vncombo-10-chiec-quan-lot-ren-nu-hang-cao-cap-freesize-45-58kg-p101279024.html?spid=101279029
92511701, Áo khoác hoodie CHUỐI BANANA nỉ ngoại ulzzang đôi nam nữ unisex form rộng dây kéo zip dày giá rẻ đẹp,102000.0,102000.0,0.0,0.0,0,107387,,https://tiki.vnao-khoac-hoodie-chuoi-banana-ni-ngoai-ulzzang-doi-nam-nu-unisex-form-rong-day-keo-zip-day-gia-re-dep-p92511701.html?spid=114679792
85373018,"Áo Khoác Dù Hai Lớp Unisex, Áo Khoác Bomber Form Rộng 2 Màu Babge Nam Nữ Ulzzang, Labibi",304750.0,304750.0,0.0,0.0,0,204632,,https://tiki.vnao-khoac-du-hai-lop-unisex-ao-khoac-bomber-form-rong-2-mau-babge-nam-nu-ulzzang-labibi-p85373018.html?spid=113227310
72331718,"Áo khoác len, áo cardigan len nữ 2 túi xẻ tà nhiều màu Haint Boutique HB15",249000.0,249000.0,0.0,4.8,5,10738,,https://tiki.vnao-khoac-len-ao-cardigan-len-nu-2-tui-xe-ta-nhieu-mau-haint-boutique-hb15-p72331718.html?spid=72331724
67542796,Áo Khoác nỉ KT nữ phong cách cực hot,88000.0,88000.0,0.0,4.1,15,107387,,https://tiki.vnao-khoac-ni-kt-nu-phong-cach-cuc-hot-p67542796.html?spid=71955948
54051895,"Đầm voan dài dáng xòe thướt tha, cổ tim tay lỡ điệu đà, maxi đi biển cao cấp mẫu mới nhất | MX020",280000.0,280000.0,0.0,0.0,0,63850,,https://tiki.vndam-voan-dai-dang-xoe-thuot-tha-co-tim-tay-lo-dieu-da-maxi-di-bien-cao-cap-mau-moi-nhat-mx020-p54051895.html?spid=54051897
40056386,Áo Cổ Lọ Ba Nút,119000.0,119000.0,0.0,0.0,0,20897,,https://tiki.vnao-co-lo-ba-nut-p40056386.html?spid=40056388
32380868,Áo len nữ trơn ôm dáng Haint Boutique Al31,161000.0,161000.0,0.0,4.2,10,10738,,https://tiki.vnao-len-nu-tron-freesize-haint-boutique-al31-p32380868.html?spid=56454316
18005285,Áo Sơ MI Nữ Tay Dài Cổ Kiểu Nút Ngọc - Mã SSL1222,249000.0,249000.0,0.0,4.0,3,10738,,https://tiki.vnao-so-mi-nu-tay-dai-co-kieu-nut-ngoc-ma-ssl1222-p18005285.html?spid=59047810
1921295,Áo Ngực Triumph D151 VV-VN - Da Sậm (Size,359000.0,439000.0,80000.0,4.5,43,2049,,https://tiki.vnao-nguc-triumph-d151-vv-vn-da-sam-p1921295.html?spid=1925703
278757694,"Áo Sơ Mi Lụa Thanh Lâm, Áo Sơ Mi Dài Tay Phong Cách Công Sở Thời trang thiết kế Hity Top173 - L",995000.0,995000.0,0.0,0.0,0,255,,https://tiki.vnao-so-mi-lua-thanh-lam-ao-so-mi-dai-tay-phong-cach-cong-so-thoi-trang-thiet-ke-hity-top173-p278757694.html?spid=273444505
278721971,Combo 5 quần lót nữ thun lạnh thông hơi lưng cao 975 – Đem lại sự thoải mái và tự tin mỗi ngày,185000.0,185000.0,0.0,0.0,0,112944,,https://tiki.vncombo-5-quan-lot-nu-thun-lanh-thong-hoi-lung-cao-975-dem-lai-su-thoai-mai-va-tu-tin-moi-ngay-p278721971.html?spid=278721972
278034629,ÁO LÁ BRA HỌC SINH CHẤT SU MÁT DƯỚI 50KG DÀNH CHO NỮ,62000.0,62000.0,0.0,0.0,0,311814,,https://tiki.vnao-la-bra-hoc-sinh-chat-su-mat-duoi-50kg-danh-cho-nu-p278034629.html?spid=278034631
277284408,Đồ lót ren thêu sang trọng nhẹ nhàng hấp dẫn,35000.0,35000.0,0.0,0.0,0,49140,,https://tiki.vndo-lot-ren-theu-sang-trong-nhe-nhang-hap-dan-p277284408.html?spid=277284410
276921495,"Đầm xám phối voan NGADO , đầm sơ mi , đầm dài tay",950000.0,950000.0,0.0,0.0,0,344204,,https://tiki.vndam-xam-phoi-voan-ngado-da-m-so-mi-da-m-da-i-tay-p276921495.html?spid=276921497
276861592,"Set áo blazer tay dài cổ ve vuông xẻ kiểu và quần dài ống suông thanh lịch, bộ đồ công sở cực kì sang chảnh",499000.0,499000.0,0.0,0.0,0,10738,,https://tiki.vnset-ao-blazer-tay-dai-co-ve-vuong-xe-kieu-va-quan-dai-ong-suong-thanh-lich-bo-do-cong-so-cuc-ki-sang-chanh-p276861592.html?spid=276861594
276125118,Set áo ghi lê kèm chân váy dài thắt nơ,199000.0,199000.0,0.0,0.0,0,20897,,https://tiki.vnset-ao-ghi-le-kem-chan-vay-dai-that-no-p276125118.html?spid=276125128
263394822,Đầm công sở dự tiệc TIFALU LD303 dáng suông thiết kế cao cấp,485000.0,485000.0,0.0,0.0,0,17905,,https://tiki.vndam-cong-so-du-tiec-tifalu-ld303-dang-suong-thiet-ke-cao-cap-p263394822.html?spid=263394826
251588461,"Áo Phông Nữ Cổ Tròn Màu THAN CHÌ 100% Cotton Cao Cấp, Công Nghệ Khử Mùi Ag+, An Toàn Cho Da - Gold Rhino",209000.0,209000.0,0.0,4.5,2,309557,,https://tiki.vnco-tron-than-chi-ao-thun-nu-100-cotton-cao-cap-cong-nghe-khu-mui-ag-p251588461.html?spid=251588470
251254293,Set vest công sở và chân váy thêu vintage retro.,2490000.0,2490000.0,0.0,0.0,0,135606,,https://tiki.vnset-vest-cong-so-va-chan-vay-theu-vintage-retro-p251254293.html?spid=251254294
250335491,Combo 8 Quần Lót Nữ Thun Lạnh Viền Ren Lưng Màu Pastel Miley Lingerie - BMS00,632000.0,632000.0,0.0,0.0,0,8827,,https://tiki.vncombo-8-quan-lot-nu-thun-lanh-vien-ren-lung-mau-pastel-miley-lingerie-bms00-p250335491.html?spid=250335497
210428470,"Áo khoác cardigan len trung niên tặng mẹ, tặng bà siêu xinh, len mềm mịn  Ak36",199000.0,199000.0,0.0,0.0,0,235034,,https://tiki.vnao-khoac-cardigan-len-trung-nien-tang-me-tang-ba-sieu-xinh-len-mem-min-ak36-p210428470.html?spid=210428472
203695391,"Đồ bộ mặc nhà WANNAB BDS37 đồ bộ quần dài 3 món gồm quần dài, áo, áo khoát kiểu dáng thanh lịch sang trọng quý phái",750000.0,750000.0,0.0,0.0,0,5383,,https://tiki.vndo-bo-mac-nha-cao-cap-wannabe-bo-dai-bds37-kieu-dang-thanh-lich-sang-trong-quy-phai-p203695391.html?spid=203695397
203285949,"Áo lót ren nâng ngực Triumph Sculpt Feather 0118 có gọng, mút mỏng họa tiết ren thêu hoa, bản lưng to tạo dáng ngực hoàn hảo",680000.0,1359000.0,679000.0,5.0,2,2049,,https://tiki.vnao-lot-ren-nang-nguc-triumph-sculpt-feather-0118-co-gong-mut-mong-hoa-tiet-ren-theu-hoa-ban-lung-to-tao-dang-nguc-hoan-hao-p203285949.html?spid=203285957
196290990,"Áo sơ mi nữ form rộng dáng dài chất liệu Đũi mềm nhẹ thoáng mát, áo sơ mi  bigsize từ 40kg đến 95kg NeSa Shop",114500.0,229000.0,114500.0,0.0,0,249310,,https://tiki.vnao-so-mi-nu-form-rong-dang-dai-chat-lieu-dui-mem-nhe-thoang-mat-ao-so-mi-bigsize-tu-40kg-den-95kg-nesa-shop-p196290990.html?spid=196291027
181803926,Combo 2 sét đồ pijama nữ ngắn tay mặc nhà (giao màu ngẫu nhiên),59000.0,59000.0,0.0,0.0,0,10738,,https://tiki.vncombo-2-bo-do-pijama-nu-ngan-tay-mac-nha-giao-mau-ngau-nhien-p181803926.html?spid=181803928
175173030,Đồ Bơi Nữ Một Mảnh Kín Đáo Kiểu Váy Thể Thao ATI32 MayHomes Women One-Piece Swimwear,92000.0,99000.0,7000.0,4.5,2,5826,,https://tiki.vndo-boi-nu-mot-manh-kin-dao-kieu-vay-the-thao-ati32-mayhomes-women-one-piece-swimwear-p175173030.html?spid=175173032
163724911,"Áo choàng ren cao cấp, dáng kimono khoác dài phối rua điệu, có dây lưng tiện dụng, dễ phối đồ khi đi biển, du lịch, party | RB001",280000.0,280000.0,0.0,0.0,0,63850,,https://tiki.vnao-choang-ren-cao-cap-dang-kimono-khoac-dai-phoi-rua-dieu-co-day-lung-tien-dung-de-phoi-do-khi-di-bien-du-lich-party-rb001-p163724911.html?spid=163724913
160545090,"Áo kiểu nữ, áo phông in họa tiết hoa thời trang Haint Boutique,kín đáo,điệu đà,4 màu thanh nhã ALe18",179000.0,179000.0,0.0,5.0,2,10738,,https://tiki.vnao-kieu-nu-ao-phong-in-hoa-tiet-hoa-thoi-trang-haint-boutique-kin-dao-dieu-da-4-mau-thanh-nha-ale18-p160545090.html?spid=160545116
160217353,Quần Jeans nữ baggy lưng cao Novelty MS680,390000.0,390000.0,0.0,5.0,1,6175,,https://tiki.vnquan-jeans-nu-baggy-lung-cao-novelty-ms680-p160217353.html?spid=160217355
145289782,Quần short đũi dáng váy form rộng freesize (48-65kg) chất vải đũi mềm thoáng mát,97000.0,97000.0,0.0,5.0,9,247663,,https://tiki.vnquan-short-dui-dang-vay-form-rong-freesize-48-65kg-chat-vai-dui-mem-thoang-mat-p145289782.html?spid=202528324
144162731,Áo kiểu nữ dài tay phối hoạ tiết hoa xinh ALe35,199000.0,199000.0,0.0,0.0,0,10738,,https://tiki.vnao-kieu-nu-dai-tay-phoi-hoa-tiet-hoa-xinh-ale35-p144162731.html?spid=144162741
135155345,Áo Croptop   Áo Polo Croptop Len Tăm Dệt Kim Cao Cấp Quảng Châu Tay Ngắn Có Cổ,165000.0,165000.0,0.0,0.0,0,224278,,https://tiki.vnao-croptop-ao-polo-croptop-len-tam-det-kim-cao-cap-quang-chau-tay-ngan-co-co-p135155345.html?spid=135155356
135155289,Áo Croptop Polo   TREND 2021   Áo Croptop Nữ Tay Ngắn Chất Vải  Len Tăm Dệt Kim Thời Trang Quảng Châu,150000.0,150000.0,0.0,0.0,0,224278,,https://tiki.vnao-croptop-polo-trend-2021-ao-croptop-nu-tay-ngan-chat-vai-len-tam-det-kim-thoi-trang-quang-chau-p135155289.html?spid=135155293
134381641,"Bộ nữ 2 dây - chất đũi tơ, cực sang chảnh, siêu hot hit (N2)",115000.0,115000.0,0.0,5.0,19,226391,,https://tiki.vnbo-nu-2-day-chat-dui-to-cuc-sang-chanh-sieu-hot-hit-n2-p134381641.html?spid=134382657
127341900,Áo lót lovely có gọng đệm mỏng thêu hoa nổi xuất nhật,64800.0,80000.0,15200.0,4.7,3,112944,,https://tiki.vnao-lot-lovely-co-gong-dem-mong-theu-hoa-noi-xuat-nhat-p127341900.html?spid=142061089
110151663,Quần lót nữ cotton viền màu - Kiểu dáng đẹp dễ thấm hút,7000.0,7000.0,0.0,0.0,0,195824,,https://tiki.vnquan-lot-nu-cotton-vien-mau-kieu-dang-dep-de-tham-hut-p110151663.html?spid=110151669
105104749,"Áo thun nữ vải cá sấu co giãn 4 chiều, kiểu may cao cấp cổ bẻ, tay bo, có xẻ lai - Màu xanh bích",99000.0,99000.0,0.0,5.0,3,188535,,https://tiki.vnao-thun-nu-vai-ca-sau-co-gian-4-chieu-kieu-may-cao-cap-co-be-tay-bo-co-xe-lai-mau-xanh-bich-p105104749.html?spid=137934528
101302058,"Bộ đồ nữ mặc nhà trung niên cho các bà, các mẹ - Bộ đồ ngủ lanh (tole) - Bộ mặc nhà trung niên vải lanh (tole) Vicci BGD.082 áo cộc tay phối quần dài in hoạ tiết",165000.0,309000.0,144000.0,4.8,29,2049,,https://tiki.vnbo-do-nu-mac-nha-trung-nien-cho-cac-ba-cac-me-bo-do-ngu-lanh-tole-bo-mac-nha-trung-nien-vai-lanh-tole-vicci-bgd-082-ao-coc-tay-phoi-quan-dai-in-hoa-tiet-p101302058.html?spid=101302082
86774160,Sơ mi nữ cổ trụ xinh xắn Haint Boutique sm45,149000.0,149000.0,0.0,5.0,1,10738,,https://tiki.vnso-mi-nu-co-tru-xinh-xan-haint-boutique-sm45-p86774160.html?spid=86774170
73514390,Váy ngủ sexy ren gợi cảm - Hồng,35000.0,35000.0,0.0,4.0,13,103662,,https://tiki.vnvay-ngu-sexy-ren-goi-cam-hong-p73514390.html?spid=73514391
73370505,Quần lót lọt khe gợi cảm hình trái tim,19000.0,19000.0,0.0,4.8,4,49140,,https://tiki.vnquan-lot-lot-khe-goi-cam-hinh-trai-tim-p73370505.html?spid=73370513
71972485,Áo thun nữ kiểu Polo Melange NOVELTY 200056N,319000.0,319000.0,0.0,0.0,0,6175,,https://tiki.vnao-thun-nu-kieu-polo-melange-novelty-200056n-p71972485.html?spid=71972493
68490028,Áo Ngực Nâng Ngực Ren Nữ Mút Dày 4cm Active Miley Lingerie - Da BRL09001,274000.0,274000.0,0.0,5.0,2,8827,,https://tiki.vnao-nguc-nang-nguc-ren-nu-mut-day-4cm-active-miley-lingerie-da-brl09001-p68490028.html?spid=68490040
63057237,"Crazy sale. Áo thun trơn nữ thoát nhiệt Nhật Bản GOKING, 100% cotton siêu thoáng mát, đánh bay cơn nóng mùa hè. Áo phông hàng hiệu cao cấp",99000.0,99000.0,0.0,4.8,17,18138,,https://tiki.vnao-thun-tron-nu-thoat-nhiet-nhat-ban-goking-100-cotton-sieu-thoang-mat-danh-bay-con-nong-mua-he-p63057237.html?spid=63057253
58990951,Combo 3 món đồ ngủ nữ áo choàng + váy ngủ  + bộ quần áo ngủ,449000.0,449000.0,0.0,1.0,1,135215,,https://tiki.vncombo-3-mon-do-ngu-nu-ao-choang-vay-ngu-bo-quan-ao-ngu-p58990951.html?spid=141956029
52060672,Set 10 quần lót thun lạnh trơn hàng việt nam(Từ 45kg đến 70Kg),199000.0,199000.0,0.0,4.5,8,9455,,https://tiki.vnset-10-quan-lot-thun-lanh-tron-hang-viet-nam-tu-45kg-den-70kg-p52060672.html?spid=52060678
35421675,Áo Ngực Thể Thao 3 Dây AL03,31450.0,37000.0,5550.0,4.8,4,112944,,https://tiki.vnao-nguc-the-thao-3-day-al03-p35421675.html?spid=71668987
8067870,Áo Khoác Nữ Xỏ Ngón Comfort Dây Kéo Túi Màu,174600.0,174600.0,0.0,4.0,13,5961,,https://tiki.vnao-khoac-nu-xo-ngon-comfort-day-keo-tui-p8067870.html?spid=8067954
3325325,Combo 5 Quần Lót Miley Lingerie (Giao màu ngẫu nhiên) (Size,235000.0,235000.0,0.0,4.0,1,8827,,https://tiki.vncombo-5-quan-lot-miley-lingerie-giao-mau-ngau-nhien-p3325325.html?spid=4722017
278883407,Jumpsuit dài style cổ yếm hở lưng có túi chất vải dày dặn,225000.0,225000.0,0.0,0.0,0,20897,,https://tiki.vnjumpsuit-dai-style-co-yem-ho-lung-co-tui-chat-vai-day-dan-p278883407.html?spid=278883425
278278621,"Set Đồ Bơi Kèm Chân Váy – Thời Trang, Nữ Tính, Tôn Dáng Thoải Mái, Dễ Mặc, Phù Hợp Nhiều Vóc Dáng  ( Dưới 50 KG )",124000.0,139000.0,15000.0,0.0,0,274962,,https://tiki.vnset-do-boi-kem-chan-vay-thoi-trang-nu-tinh-ton-dang-thoai-mai-de-mac-phu-hop-nhieu-voc-dang-duoi-50-kg-p278278621.html?spid=278278622
278086590,Áo Sweater cặp đôi nam nữ bắn tim dễ thương Mr.Buffalo - T36 Đen,150000.0,150000.0,0.0,0.0,0,162792,,https://tiki.vnao-sweater-cap-doi-nam-nu-ban-tim-de-thuong-mr-buffalo-p278086590.html?spid=278087343
277305883,"Đầm đũi suông dáng dài chữ A cổ Đức phối cúc ngực có túi 2 bên vải mềm mại, tôn dáng da61",315000.0,315000.0,0.0,0.0,0,10738,,https://tiki.vndam-dui-suong-dang-dai-chu-a-co-duc-phoi-cuc-nguc-co-tui-2-ben-vai-mem-mai-ton-dang-da61-p277305883.html?spid=277305891
276648645,"Bộ Linen nữ gồm 1 áo vest vạt nhọn và 1 quần ống rọng cạp cao, tôn dáng, trẻ trung Bv10",230000.0,230000.0,0.0,5.0,1,235034,,https://tiki.vnbo-linen-nu-gom-1-ao-vest-vat-nhon-va-1-quan-ong-rong-cap-cao-ton-dang-tre-trung-bv10-p276648645.html?spid=276648663
276058774,Set bộ vest linen nữ gồm áo khoác blazer/vest và quần dài nữ ống đứng,600000.0,600000.0,0.0,0.0,0,235034,,https://tiki.vnset-bo-ban-chay-2024-bv02-gom-ao-khoac-blazer-vest-va-quan-dai-nu-ong-dung-p276058774.html?spid=276058790
276027650,"Đầm cao cấp Đũi Việt thiết kệ cổ V và dây rút sang trọng, trẻ trung da218",299000.0,299000.0,0.0,0.0,0,235034,,https://tiki.vnhang-moi-ve-dam-co-v-nu-dang-chu-a-co-day-rut-eo-thanh-lich-tre-trung-da218-p276027650.html?spid=276027654
273261902,Set Váy Ngủ Lưới Mỏng Ren Áo Choàng Ngủ Sexy 3 Chi Tiết Cao Cấp,178000.0,178000.0,0.0,5.0,18,35488,,https://tiki.vnset-vay-ngu-luoi-mong-ren-ao-choang-ngu-sexy-3-chi-tiet-cao-cap-p273261902.html?spid=273261905
253630443,Váy Tơ Óng Màu Vàng 23V011 Cao Cấp Pi Style,199000.0,199000.0,0.0,0.0,0,330600,,https://tiki.vnvay-to-ong-mau-vang-23v011-cao-cap-pi-style-p253630443.html?spid=253630462
253630436,Váy Ren Cao Cấp Màu Kem Thanh Lịch 23V019 Pi Style,199000.0,199000.0,0.0,0.0,0,330600,,https://tiki.vnvay-ren-cao-cap-mau-kem-thanh-lich-23v019-pi-style-p253630436.html?spid=253630468
244298426,"Combo 5 quần lót nữ ren mềm lưng cao 258 – Tôn dáng, nhẹ êm",119350.0,155000.0,35650.0,0.0,0,112944,,https://tiki.vncombo-5-quan-ren-mem-lung-cao-258-p244298426.html?spid=244298493
207952345,Bộ Áo Cúp Ngang và Combo 5 Quần Lót Nữ Thun Lạnh Scarlet Miley Lingerie BRM04002_FMM0405,716000.0,716000.0,0.0,0.0,0,8827,,https://tiki.vnbo-ao-cup-ngang-va-combo-5-quan-lot-nu-thun-lanh-miley-lingerie-brm04002_fmm0405-p207952345.html?spid=207952363
202243067,Combo 4 Quần Lót Nữ Modal Màu Hồng Ruốc - BCS0512,316000.0,316000.0,0.0,5.0,4,8827,,https://tiki.vncombo-4-quan-lot-nu-modal-mau-da-bcs0904-p202243067.html?spid=202243069
199952652,PBL4 Bộ đồ lót sọc caro sexy gợi cảm  - Đồ lót nữ - Bộ lót nữ sexy - Bộ áo ngực kèm quần lót lọt khe,198000.0,198000.0,0.0,0.0,0,267028,,https://tiki.vnbo-do-lot-soc-caro-sexy-goi-cam-pbl4-do-lot-nu-bo-lot-nu-sexy-bo-ao-nguc-kem-quan-lot-lot-khe-p199952652.html?spid=199952658
197415429,Quần lót nữ cotton màu trơn cạp 2 dây,29000.0,29000.0,0.0,0.0,0,49140,,https://tiki.vnquan-lot-nu-cotton-mau-tron-cap-2-day-p197415429.html?spid=197415433
164287400,ĐỒ BỘ CÁT HÀN PHA COTTON LOẠI 1 - 9 tất - freesize GQ,89999.0,89999.0,0.0,0.0,0,76045,,https://tiki.vndo-bo-cat-han-pha-cotton-loai-1-9-tat-freesize-gq-p164287400.html?spid=164287408
150067144,ĐỒ BỘ CÁT HÀN PHA COTTON LOẠI 1 MH - 9 tất - freesize,89999.0,89999.0,0.0,0.0,0,76045,,https://tiki.vndo-bo-cat-han-pha-cotton-loai-1-mh-9-tat-freesize-p150067144.html?spid=162838800
129402260,"Áo chống nắng thông hơi dáng ngắn,áo chống nắng nữ",82400.0,82400.0,0.0,0.0,0,177515,,https://tiki.vnao-chong-nang-thong-hoi-dang-ngan-ao-chong-nang-nu-p129402260.html?spid=172539252
124489711,"Đồ ngủ sexy nữ Đồ ngủ 2 dây viền ren đen không mút, chất phi mịn quyến rũ 382",56000.0,56000.0,0.0,4.0,14,223905,,https://tiki.vndo-ngu-sexy-nu-do-ngu-2-day-vien-ren-den-khong-mut-chat-phi-min-quyen-ru-382-p124489711.html?spid=124489721
118010291,Combo 3 gói QUẦN LÓT GIẤY MAXX hàng loại 1 (Gồm 15 cái),38000.0,38000.0,0.0,0.0,0,187593,,https://tiki.vncombo-3-goi-quan-lot-giay-maxx-hang-loai-1-gom-15-cai-p118010291.html?spid=118010293
108101186,_ Áo 2 dây lụa cổ đổ đẹp3,174900.0,174900.0,0.0,5.0,1,197061,,https://tiki.vn_-ao-2-day-lua-co-do-dep3-p108101186.html?spid=108101196
107155589,Quần lót nữ buộc dây Siêu Sexy - Trắng,25000.0,25000.0,0.0,0.0,0,195824,,https://tiki.vnquan-lot-nu-buoc-day-sieu-sexy-trang-p107155589.html?spid=107155593
107155130,Quần lót nữ gợi cảm - Trắng,9000.0,9000.0,0.0,0.0,0,195824,,https://tiki.vnquan-lot-nu-goi-cam-trang-p107155130.html?spid=107155141
105660632,đồ ngủ sexy mỏng trong suốt váy ngắn sexy đồ lót miễn phí hộp đêm bó sát váy cám dỗ nữ đồ ngủ váy ngủ chọc tức,99000.0,99000.0,0.0,4.8,4,135215,,https://tiki.vndo-ngu-sexy-mong-trong-suot-vay-ngan-sexy-do-lot-mien-phi-hop-dem-bo-sat-vay-cam-do-nu-do-ngu-vay-ngu-choc-tuc-p105660632.html?spid=105660635
104511065,ÁO KHOÁC KAKI Cotton Túi Hộp (M800 - Kèm Ảnh Thật),551080.0,551080.0,0.0,0.0,0,204632,,https://tiki.vnao-khoac-kaki-cotton-tui-hop-m800-kem-anh-that-p104511065.html?spid=113224956
74675157,Áo dài nữ đen hồng họa tiết cúc họa mi,300000.0,300000.0,0.0,0.0,0,34571,,https://tiki.vnao-dai-nu-den-hong-hoa-tiet-cuc-hoa-mi-p74675157.html?spid=74675159
73785814,Quần chíp kẹp tất sexy - Trắng,45000.0,45000.0,0.0,4.0,1,103662,,https://tiki.vnquan-chip-kep-tat-sexy-trang-p73785814.html?spid=73785815
73509579,Quần Lót Ren Lọt Khe Gợi Cảm Cho Nữ - Trắng,25000.0,25000.0,0.0,5.0,3,103662,,https://tiki.vnquan-lot-ren-lot-khe-goi-cam-cho-nu-trang-p73509579.html?spid=73509580
73487627,Đồ Bơi Nữ Hai Mảnh Bigsize Kèm Áo Lưới AT198 MayHomes Cho Cân Nặng 67Kg-85Kg,163000.0,195000.0,32000.0,4.5,24,5826,,https://tiki.vndo-boi-nu-hai-manh-bigsize-kem-ao-luoi-at198-mayhomes-cho-can-nang-67kg-85kg-p73487627.html?spid=73487629
72800659,Quần Ống Suông Quần Tây Cao Cấp Thời trang thiết kế Hity PAN032 (Đen Huyền Bí),1299000.0,1299000.0,0.0,5.0,1,255,,https://tiki.vnquan-ong-suong-quan-tay-cao-cap-thoi-trang-thiet-ke-hity-pan032-den-huyen-bi-p72800659.html?spid=72800663
72586417,Quần Tây Quần Công Sở Thời trang thiết kế Hity PAN036 Ống Suông (Đen Huyền Bí),1299000.0,1299000.0,0.0,0.0,0,255,,https://tiki.vnquan-tay-quan-cong-so-thoi-trang-thiet-ke-hity-pan036-ong-suong-den-huyen-bi-p72586417.html?spid=72586428
68892777,ÁO KHOÁC KAKI - ÁO BOMBER KK001 ( 3 MÀU ),163000.0,163000.0,0.0,4.0,1,107387,,https://tiki.vnao-khoac-kaki-ao-bomber-kk001-3-mau-p68892777.html?spid=73293017
67263771,Áo len cổ tim dài tay chất len đũa dành cho nữ,65000.0,65000.0,0.0,2.3,3,233875,,https://tiki.vnao-len-co-tim-dai-tay-chat-len-dua-danh-cho-nu-p67263771.html?spid=133823072
50425498,Quần lót nữ cotton cạp chéo  - Đỏ,25000.0,25000.0,0.0,4.0,1,103662,,https://tiki.vnquan-lot-nu-cotton-cap-cheo-do-p50425498.html?spid=50425499
45468914, Quần lót lọt khe đũng ren - xanh biển,39000.0,39000.0,0.0,4.3,3,49140,,https://tiki.vnquan-lot-lot-khe-dung-ren-xanh-bien-p45468914.html?spid=45468915
44663071,SET 4 QUẦN LÓT SU NỮ NÂNG MÔNG QL0104,162000.0,162000.0,0.0,0.0,0,9455,,https://tiki.vnset-4-quan-lot-su-nu-nang-mong-ql0104-p44663071.html?spid=58138563
42342205,Quần lót nữ lọt khe tua rua ở mông - Màu đen,35000.0,35000.0,0.0,0.0,0,49140,,https://tiki.vnquan-lot-nu-lot-khe-tua-rua-o-mong-mau-den-p42342205.html?spid=42342220
21152888,De Leah - Quần Basic Xẻ Gấu,750000.0,750000.0,0.0,0.0,0,10143,,https://tiki.vnde-leah-quan-basic-xe-gau-p21152888.html?spid=21152890
14815891,Chân Váy Midi,137000.0,137000.0,0.0,3.5,6,20897,,https://tiki.vnchan-vay-midi-p14815891.html?spid=14815893
279001517,"Áo dài Kim Xuân NGADO , áo dài Tết , áo dài cách tân , áo dài truyền thống",1300000.0,1300000.0,0.0,0.0,0,344204,,https://tiki.vna-o-da-i-kim-xuan-ngado-a-o-da-i-te-t-a-o-da-i-ca-ch-tan-a-o-da-i-truye-n-tho-ng-p279001517.html?spid=279001523
278813832,Áo ngực không gọng mút mỏng cao cấp 7803,320000.0,320000.0,0.0,0.0,0,174218,,https://tiki.vnao-nguc-khong-gong-mut-mong-cao-cap-7803-p278813832.html?spid=278813836
278079277,Áo đôi thu đông - sweater cặp nam nữ đáng yêu - T36,149250.0,149250.0,0.0,0.0,0,162792,,https://tiki.vnao-doi-thu-dong-sweater-cap-nam-nu-dang-yeu-p278079277.html?spid=278079919
277944636,Chân váy dạ lông cao cấp họa tiết hình răng sói,159000.0,159000.0,0.0,0.0,0,40092,,https://tiki.vnchan-vay-da-long-cao-cap-hoa-tiet-hinh-rang-soi-p277944636.html?spid=277944637
275832962,Combo 5 Quần Lót Nữ Không Viền Chất Mịn Thoáng SEAMLESS Miley Lingerie,278000.0,342000.0,64000.0,5.0,1,8827,,https://tiki.vncombo-5-quan-lot-nu-khong-vien-chat-min-thoang-seamless-miley-lingerie-p275832962.html?spid=275832968
262980018,Áo Bodysuit tay ngắn Sexy sang chảnh áo liền thân tôn dáng chất thun gân nhẹ mát,65000.0,65000.0,0.0,0.0,0,103662,,https://tiki.vnao-bodysuit-tay-ngan-sexy-sang-chanh-ao-lien-than-ton-dang-chat-thun-gan-nhe-mat-p262980018.html?spid=262980024
254092545,"Combo 2 Cặp Miếng Dán Ngực Siêu Dính Silicon Hình Cánh Hoa Tái Sử Dụng Nhiều Lần, Miếng Dán Tàng Hình",208000.0,208000.0,0.0,5.0,1,8827,,https://tiki.vncombo-2-cap-mieng-dan-nguc-sieu-dinh-silicon-hinh-canh-hoa-tai-su-dung-nhieu-lan-mieng-dan-tang-hinh-p254092545.html?spid=254092546
252675891,"Áo lót ren nữ nâng ngực Triumph 3920 có gọng, đệm mút vừa, họa tiết ren hoa, cúp V Deep thoáng khí tạo rãnh ngực xẻ sâu, nâng ngực hiệu quả",745000.0,849000.0,104000.0,0.0,0,2049,,https://tiki.vnao-lot-ren-nu-nang-nguc-triumph-3920-co-gong-dem-mut-vua-hoa-tiet-ren-hoa-cup-v-deep-thoang-khi-tao-ranh-nguc-xe-sau-nang-nguc-hieu-qua-p252675891.html?spid=252675893
251533737,"Áo tắm đồ bơi nữ BIG SIZE, mẫu áo tay dài chống nắng & quần short đùi kín đáo, che bắp tay dấu bụng tốt, bộ bơi 3 chi tiết cho người mập béo, size to đến 98kg | KT105",480000.0,480000.0,0.0,5.0,1,63850,,https://tiki.vnao-tam-do-boi-nu-big-size-mau-ao-tay-dai-chong-nang-quan-short-dui-kin-dao-che-bap-tay-dau-bung-tot-bo-boi-2-manh-cho-nguoi-map-beo-size-to-den-98kg-kt105-p251533737.html?spid=251533745
248745372,FREE SHIP_ CHÂN VÁY XẾP LI CÔNG SỞ DÁNG DÀI_CHÂN VÁY XẾP LI ĐẸP_CHÂN VÁY CÔNG SỞ DÁNG DÀI,250000.0,250000.0,0.0,0.0,0,197061,,https://tiki.vnfree-ship_-chan-vay-xep-li-cong-so-dang-dai_chan-vay-xep-li-dep_chan-vay-cong-so-dang-dai-p248745372.html?spid=248745403
244298460,COMBO 5 QUẦN LÓT NỮ THUN LẠNH PHỐI REN LƯNG CHÉO 1720,168000.0,200000.0,32000.0,0.0,0,112944,,https://tiki.vncombo-5-quan-lot-nu-thun-lanh-phoi-ren-lung-cheo-1720-p244298460.html?spid=244298468
215601923,"Áo lót nữ nâng ngực mút mỏng Triumph 2475  có gọng, cúp quả sâu, rộng bản lưng to 4 móc dành cho người ngực lớn",699000.0,759000.0,60000.0,4.8,6,2049,,https://tiki.vnao-lot-nu-nang-nguc-mut-mong-triumph-2475-co-gong-cup-qua-sau-rong-ban-lung-to-4-moc-danh-cho-nguoi-nguc-lon-p215601923.html?spid=215601943
202222751,Quần short jean nữ lưng cao regular fit Aaa Jeans Royal Blue,500000.0,500000.0,0.0,0.0,0,539,,https://tiki.vnquan-short-jean-nu-lung-cao-regular-fit-aaa-jeans-royal-blue-p202222751.html?spid=202222755
197417883,Quần Lót Nữ Sexy Chất Cotton Trơn Màu Thoáng Mát,39000.0,39000.0,0.0,0.0,0,195824,,https://tiki.vnquan-lot-nu-sexy-chat-cotton-tron-mau-thoang-mat-p197417883.html?spid=197417889
175830875,Áo sơ mi lụa nữ lụa tay lỡ trắng cổ viền đen,95000.0,95000.0,0.0,0.0,0,237195,,https://tiki.vnao-so-mi-lua-nu-lua-tay-lo-trang-co-vien-den-p175830875.html?spid=175830883
174099073,"Combo 5 Quần Lót Nữ Thun Lạnh Họa Tiết 1829 – Đa Dạng, Co Giãn 4 Chiều, Thoáng Mát",199750.0,235000.0,35250.0,0.0,0,112944,,https://tiki.vncombo-5-quan-thun-lanh-hoa-tiet-ngot-ngao-cute-phong-cach-nhat-ban-1829-p174099073.html?spid=174099074
171578714,ÁO BRA REN 2 DÂY,60000.0,60000.0,0.0,0.0,0,361737,,https://tiki.vnao-bra-ren-2-day-p171578714.html?spid=278592986
162562735,Combo 10 quần lót nữ chất liệu cotton nhiều màu - Hàng Việt Nam(Từ 35kg đến 65kg),157500.0,157500.0,0.0,0.0,0,188535,,https://tiki.vncombo-10-quan-lot-nu-chat-lieu-cotton-nhieu-mau-hang-viet-nam-tu-35kg-den-65kg-p162562735.html?spid=162562741
150046484,ĐỒ BỘ CÁT HÀN PHA COTTON LOẠI 1 - 9 tất - freesize,89999.0,89999.0,0.0,5.0,3,76045,,https://tiki.vndo-bo-cat-han-pha-cotton-loai-1-9-tat-freesize-p150046484.html?spid=162838957
145289629,"Quần đũi nữ ống rộng dài 88cm chất vải đũi mềm, thoáng mát - New Design QA0002",239000.0,239000.0,0.0,0.0,0,247663,,https://tiki.vnquan-dui-ong-rong-quan-ong-suong-chat-vai-dui-mem-thoang-mat-vannhshop-qa0002-p145289629.html?spid=145289661
135837305,CHÂN VÁY CHỮ A ĐÍNH KHOEN SALA,138000.0,138000.0,0.0,0.0,0,20897,,https://tiki.vnchan-vay-chu-a-dinh-khoen-sala-p135837305.html?spid=135837321
119078832,Quần lót phối ren nữ kiểu dáng sexy nhiều màu,139000.0,276000.0,137000.0,5.0,2,2049,,https://tiki.vnquan-lot-phoi-ren-nu-kieu-dang-sexy-nhieu-mau-p119078832.html?spid=119078834
108101556,QUẦN BAGGY THỂ THAO_QUẦN BAGGY VẢI THUN CO GIÃN_QUẦN THỂ THAO NỮ_ Quần Baggy Nữ Kẻ Sọc Dọc Trắng Phong Cách,158950.0,158950.0,0.0,5.0,1,197061,,https://tiki.vnqua-n-baggy-the-thao_qua-n-baggy-va-i-thun-co-gia-n_qua-n-the-thao-nu-_-quan-baggy-nu-ke-soc-doc-trang-phong-cach-p108101556.html?spid=108101572
107155167,Quần lọt khe nơ to,29000.0,29000.0,0.0,5.0,1,195824,,https://tiki.vnquan-lot-khe-no-to-p107155167.html?spid=107155200
101281338,Áo khoác nỉ thun coton da cá chống nắng cao cấp nhiều màu  MS02 Freesize 40- 56kg,193200.0,193200.0,0.0,2.0,1,188535,,https://tiki.vnao-khoac-ni-thun-coton-da-ca-chong-nang-cao-cap-nhieu-mau-ms02-freesize-40-56kg-p101281338.html?spid=101281370
96769835, Quần lót su đúc không đường may,200000.0,200000.0,0.0,0.0,0,177515,,https://tiki.vnquan-lot-su-duc-khong-duong-may-p96769835.html?spid=278745006
92729251,Baciami-Đầm Xòe Nơ Eo Tay Phồng,1157000.0,1157000.0,0.0,0.0,0,178364,,https://tiki.vnbaciami-dam-xoe-no-eo-tay-phong-p92729251.html?spid=92729259
75979697,Đồ Mặc Nhà Nữ Sát Nách Thun Lụa Cao Cấp Natural Blow Miley Lingerie_DBC0501,232000.0,380000.0,148000.0,5.0,8,8827,,https://tiki.vndo-mac-nha-nu-sat-nach-thun-lua-cao-cap-natural-blow-miley-lingerie_dbc0501-p75979697.html?spid=75979699
73514300,Váy ngủ sexy ren,35000.0,35000.0,0.0,4.0,1,103662,,https://tiki.vnvay-ngu-sexy-ren-p73514300.html?spid=73514301
73499823,"Áo khoác len nữ, áo cardigan nữ phối màu trẻ trung nhiều màu Haint Boutique AK03",199000.0,199000.0,0.0,3.0,1,10738,,https://tiki.vnao-khoac-len-nu-ao-cardigan-nu-phoi-mau-tre-trung-nhieu-mau-haint-boutique-ak03-p73499823.html?spid=73499825
33805588,"Quần Legging Vicci 4 túi, cạp cao ôm gọn bụng, tôn đường cong vòng 3, chất liệu vải vân xước co giãn 4 chiều, không bai nhão, không cắn chỉ",175000.0,349000.0,174000.0,5.0,2,2049,,https://tiki.vnquan-legging-vicci-4-tui-cap-cao-om-gon-bung-ton-duong-cong-vong-3-chat-lieu-vai-van-xuoc-co-gian-4-chieu-khong-bai-nhao-khong-can-chi-p33805588.html?spid=33805590
22137037,Bộ ngủ 2 dây chấm bi chất lụa cao cấp - BN80,167000.0,167000.0,0.0,0.0,0,9455,,https://tiki.vnbo-ngu-2-day-cham-bi-chat-lua-cao-cap-bn80-p22137037.html?spid=54025483
20575366,"Váy ngủ lụa, váy ngủ 2 dây, váy ngủ mặc nhà, váy lụa phối ren",217000.0,217000.0,0.0,5.0,1,9455,,https://tiki.vnvay-ngu-lua-vay-ngu-2-day-vay-ngu-mac-nha-vay-lua-phoi-ren-p20575366.html?spid=54045676
16742994,Combo 10 quần lót nữ mã 5064,256000.0,256000.0,0.0,4.7,3,9455,,https://tiki.vncombo-10-quan-lot-nu-ma-5064-p16742994.html?spid=16990327
12320395,ÁO LÓT REN NÂNG NGỰC MÚT MỎNG FORM TO,167000.0,167000.0,0.0,0.0,0,9455,,https://tiki.vnao-lot-ren-nang-nguc-mut-mong-form-to-p12320395.html?spid=50971337
10730888,Quần Lót Nữ Smoggi Shine Mini Triumph - Trắng (Size,125000.0,139000.0,14000.0,5.0,4,2049,,https://tiki.vnquan-lot-nu-smoggi-shine-mini-triumph-trang-p10730888.html?spid=10730892
7036861,Bộ 5 Quần Lót Ren Hoa Thời Trang,167000.0,167000.0,0.0,0.0,0,9455,,https://tiki.vnbo-5-quan-lot-ren-hoa-thoi-trang-p7036861.html?spid=13372619
3744931,Combo 5 Quần Lót Nữ Jobelli 1267 (Size,295000.0,295000.0,0.0,5.0,3,7176,,https://tiki.vncombo-5-quan-lot-nu-jobelli-1267-p3744931.html?spid=3790215
278727206,Áo khoác dạ nữ tua rua cúc vàng màu vàng,315000.0,315000.0,0.0,0.0,0,282163,,https://tiki.vnao-khoac-da-nu-tua-rua-cuc-vang-mau-vang-p278727206.html?spid=278727208
278215264,Dán Ti Silicon Hộp 3 Cặp Dán Tự Thân Tàng Hình Tiện Lợi,54000.0,54000.0,0.0,0.0,0,6615,,https://tiki.vndan-ti-silicon-hop-3-cap-dan-tu-than-tang-hinh-tien-loi-p278215264.html?spid=278215266
278099519,"Bodysuit Sexy Đẹp Quyến Rũ Và Gợi Cảm,Set Đồ Ngủ Gợi Cảm, Set Áo Liền Quần Co Dãn Sexy, Váy Ngủ Có Mút Ngực Gợi Cảm C082",89000.0,89000.0,0.0,0.0,0,186696,,https://tiki.vnbodysuit-sexy-dep-quyen-ru-va-goi-cam-set-do-ngu-goi-cam-set-ao-lien-quan-co-dan-sexy-vay-ngu-co-mut-nguc-goi-cam-c082-p278099519.html?spid=278099520
278034722,QUẦN SU LỤA BĂNG ĐẸP QUYẾN RŨ TỪ 40-60KG DÀNH CHO NỮ,45000.0,45000.0,0.0,0.0,0,311814,,https://tiki.vnquan-su-lua-bang-dep-quyen-ru-tu-40-60kg-danh-cho-nu-p278034722.html?spid=278034724
277966925,Chân váy ngắn dạ kẻ caro thời trang cho nữ,139000.0,139000.0,0.0,0.0,0,40092,,https://tiki.vnchan-vay-ngan-da-ke-caro-thoi-trang-cho-nu-p277966925.html?spid=277966926
277954579,Áo khoác chống nắng cho nữ dây kéo trơn cực chất thời trang-A872 - RÊU NHẠT,229000.0,229000.0,0.0,0.0,0,204632,,https://tiki.vnao-khoac-chong-nang-cho-nu-day-keo-tron-cuc-chat-thoi-trang-a872-p277954579.html?spid=277954613
277877839,Móc Nối Tăng Size Áo Ngực 2 Móc 58S – Phụ Kiện Nâng Cấp Dây Áo Ngực Tiện Lợi,10920.0,14000.0,3080.0,5.0,1,112944,,https://tiki.vnmoc-noi-tang-size-ao-nguc-2-moc-58s-phu-kien-nang-cap-day-ao-nguc-tien-loi-p277877839.html?spid=277877843
276744156,Combo 5 quần lót ren nữ thoáng mát đẹp ,69000.0,69000.0,0.0,0.0,0,241803,,https://tiki.vncombo-5-quan-lot-ren-nu-thoang-mat-dep-p276744156.html?spid=276744157
276594299,Áo lót nữ su đúc không đường may nâng ngực cài sau 4 móc 2837,90000.0,90000.0,0.0,5.0,6,112944,,https://tiki.vnao-lot-nu-su-duc-khong-duong-may-nang-nguc-cai-sau-4-moc-2837-p276594299.html?spid=276594323
276555422,đồ ngủ đồng phục thủy thủ - Đồ lót gợi cảm cám dỗ kẻ sọc Nhật Bản,169900.0,169900.0,0.0,0.0,0,97441,,https://tiki.vndo-ngu-dong-phuc-thuy-thu-do-lot-goi-cam-cam-do-ke-soc-nhat-ban-p276555422.html?spid=276555424
274420028, Áo Lót Nữ Mỏng Trơn Big Size Có Gọng – Cài Sau 3 Móc Sister Hood 2472,120000.0,120000.0,0.0,0.0,0,112944,,https://tiki.vn2472-ao-lot-nu-mong-tron-big-size-cai-sau-3-moc-sister-hood-p274420028.html?spid=274407261
257856826,Váy Nữ Cao Cấp Màu Xanh Xếp Ly 23V028 Pi Style,199000.0,199000.0,0.0,0.0,0,330600,,https://tiki.vnvay-nu-cao-cap-mau-xanh-xep-ly-23v028-pi-style-p257856826.html?spid=257856836
208093851,QK7 Đầm maxi hở lưng - Đầm maxi đi biển - Đầm maxi dự tiệc sang trọng - Đầm maxi đi biển hai dây chéo lưng,198000.0,198000.0,0.0,0.0,0,267028,,https://tiki.vndam-maxi-ho-lung-qk7-dam-maxi-di-bien-dam-maxi-du-tiec-sang-trong-dam-maxi-di-bien-hai-day-cheo-lung-p208093851.html?spid=208093853
207363280,đồ nữ chất kate,160000.0,160000.0,0.0,0.0,0,242150,,https://tiki.vndo-nu-chat-kate-p207363280.html?spid=207363371
196206105,"Áo len nữ kiểu dáng đơn giản, áo len dày ấm áp Al46",220000.0,220000.0,0.0,0.0,0,235034,,https://tiki.vnao-len-nu-kieu-dang-don-gian-ao-len-day-am-ap-al46-p196206105.html?spid=196206109
189931703,"Áo lót nữ nâng ngực tạo khe Triumph 623-039 cúp xéo có gọng, đệm mút dày giúp nâng và định hình ngực tối đa (Da - Be)",880000.0,989000.0,109000.0,4.5,8,2049,,https://tiki.vnao-lot-nu-nang-nguc-tao-khe-triumph-623-039-cup-xeo-co-gong-dem-mut-day-giup-nang-va-dinh-hinh-nguc-toi-da-da-be-p189931703.html?spid=189931709
187826285,Quần legging nữ co giãn họa tiết kẻ 2NDDATE TR008MBC,100000.0,100000.0,0.0,0.0,0,292406,,https://tiki.vnquan-legging-nu-co-gia-n-ho-a-tie-t-ke-2nddate-tr008mbc-p187826285.html?spid=187826289
186271393,Quần lót lọt khe nữ hoàng Cleopartra xuyên thấu hư hỏng,35000.0,35000.0,0.0,0.0,0,195824,,https://tiki.vnquan-lot-lot-khe-nu-hoang-cleopartra-xuyen-thau-hu-hong-p186271393.html?spid=186271401
181376422,Đồ ngủ Sexy Bodysuit cộc tay dây đan hông quyến rũ,55000.0,55000.0,0.0,4.5,2,49140,,https://tiki.vndo-ngu-sexy-bodysuit-coc-tay-day-dan-hong-quyen-ru-p181376422.html?spid=181376423
175148635,"Đầm ngủ phi lụa cao cấp WANNABE DNS32 váy ngủ cổ yếm, hở lưng thắt dây ziczac khoe lưng trần gợi cảm",500000.0,500000.0,0.0,0.0,0,5383,,https://tiki.vndam-ngu-phi-lua-cao-cap-wannabe-dns32-co-yem-ho-lung-thac-day-ziczac-la-mat-p175148635.html?spid=175148641
174522509,Q48 Đầm ngủ ren xuyên thấu kèm quần chip lọt khe - Váy ngủ ren cả đầm sexy gợi cảm - Đồ ngủ nữ,120000.0,120000.0,0.0,4.5,4,267028,,https://tiki.vndam-ngu-phoi-ren-xuyen-thau-kem-quan-chip-lot-khe-bt0110-vay-ngu-ren-ca-dam-sexy-goi-cam-dam-ngu-nu-vay-ngu-nu-mac-nha-p174522509.html?spid=174522517
168310761,Quần Lót Nữ Cotton Nhập Khẩu LUPERI SP72 Hipster Cạp Cao quần lót mềm mịn co giãn thoáng khí kháng khuẩn khử mùi tốt,55000.0,55000.0,0.0,0.0,0,120615,,https://tiki.vnquan-lot-nu-cotton-nhap-khau-luperi-sp72-hipster-cap-cao-quan-lot-mem-min-co-gian-thoang-khi-khang-khuan-khu-mui-tot-p168310761.html?spid=168310842
107154175,Quần lót nữ bông cúc không đường may không viền thấm hút mồ hôi,9000.0,9000.0,0.0,0.0,0,195824,,https://tiki.vnqua-n-lo-t-nu-bong-cuc-khong-duo-ng-may-khong-vie-n-tha-m-hu-t-mo-hoi-p107154175.html?spid=107154199
103334495,Quần Lót Nữ CottonFRRESHIPQuần Chip Nữ Y Tế O2 Cạp Ép  Kháng Khuẩn Không Đường May,275000.0,275000.0,0.0,0.0,0,177515,,https://tiki.vnquan-lot-nu-cotton-frreship-quan-chip-nu-y-te-o2-cap-ep-khang-khuan-khong-duong-may-p103334495.html?spid=278745033
103122095,Quần lót lọt khe lưới thông thoáng sexy,29000.0,29000.0,0.0,0.0,0,49140,,https://tiki.vnquan-lot-lot-khe-luoi-thong-thoang-sexy-p103122095.html?spid=103122101
101279054,Bộ 5 quần lót ren nữ thêu hoa( từ 45 -58kg),231000.0,231000.0,0.0,0.0,0,188535,,https://tiki.vnbo-5-quan-lot-ren-nu-theu-hoa-tu-45-58kg-p101279054.html?spid=101279058
101172553,Bộ đồ ngủ satin hoa 07,220500.0,220500.0,0.0,0.0,0,188535,,https://tiki.vnbo-do-ngu-satin-hoa-07-p101172553.html?spid=101172555
96661271,Đầm Lụa Ngắn Rút Dây Sexy Lady Nature Miley Lingerie DSF0105,278000.0,450000.0,172000.0,0.0,0,8827,,https://tiki.vndam-lua-ngan-rut-day-sexy-lady-nature-miley-lingerie-dsf0105-p96661271.html?spid=96661273
75382506,ÁO KHOÁC NỈ HOODIE FULL ZIP NAM NỮ HOOIDE Freesize dưới 65kg,310000.0,310000.0,0.0,5.0,1,204632,,https://tiki.vnao-khoac-ni-hoodie-full-zip-nam-nu-hooide-freesize-duoi-65kg-p75382506.html?spid=113228422
72921853,COMBO 5 ÁO BRA THUN LỤA MỀM CHÂN REN QT03,170000.0,170000.0,0.0,0.0,0,9455,,https://tiki.vncombo-5-ao-bra-thun-lua-mem-chan-ren-qt03-p72921853.html?spid=73637298
69498924,Đầm suông thu đông hình cô gái dn20100706,99000.0,99000.0,0.0,2.0,1,40888,,https://tiki.vndam-suong-thu-dong-hinh-co-gai-dn20100706-p69498924.html?spid=69498936
51495590,Quần lót ren nữ chất mát gợi cảm,25000.0,25000.0,0.0,0.0,0,103662,,https://tiki.vnquan-lot-ren-nu-chat-mat-goi-cam-p51495590.html?spid=51495601
51022648,COMBO 5 QUẦN SU SÓNG CAO CẤP 2142,167000.0,167000.0,0.0,0.0,0,9455,,https://tiki.vncombo-5-quan-su-song-cao-cap-2142-p51022648.html?spid=55335727
49381754,"Combo 3 Áo lót teen, áo bra học sinh sinh viên",217000.0,217000.0,0.0,0.0,0,9455,,https://tiki.vncombo-3-ao-lot-teen-ao-bra-hoc-sinh-sinh-vien-p49381754.html?spid=60331895
48740073,"Combo 5 quần lót thun lạnh in hình môi, vải thông thoáng co dãn",139000.0,139000.0,0.0,0.0,0,9455,,https://tiki.vncombo-5-quan-lot-thun-lanh-in-hinh-moi-vai-thong-thoang-co-dan-p48740073.html?spid=58951611
48700305,Áo Ngực Trơn Đệm Dày cho người Ngực Nhỏ - A8119,167000.0,167000.0,0.0,5.0,1,9455,,https://tiki.vnao-nguc-tron-dem-day-cho-nguoi-nguc-nho-a8119-p48700305.html?spid=53231320
13568947,Combo 10 Quần lót nữ ren,134000.0,134000.0,0.0,5.0,1,9455,,https://tiki.vncombo-10-quan-lot-nu-ren-p13568947.html?spid=65480390
6906543,Áo Đúc Đệm Vừa Không Đường May,134000.0,134000.0,0.0,0.0,0,9455,,https://tiki.vnao-duc-dem-vua-khong-duong-may-p6906543.html?spid=9201607
1399095,Áo Lót Trơn Không Gọng Đệm Mỏng Zuen THA2021 - Đen,155000.0,155000.0,0.0,0.0,0,9455,,https://tiki.vnao-lot-tron-khong-gong-dem-mong-zuen-tha2021-den-p1399095.html?spid=16363289
278965355,Túi Mù Áo Ngực Thoáng Khí Cao Cấp Miley Lingerie [Ngẫu nhiên các áo trong hình,99000.0,99000.0,0.0,0.0,0,8827,,https://tiki.vntui-mu-ao-nguc-thoang-khi-cao-cap-miley-lingerie-p278965355.html?spid=278965385
278756456,"Set áo sơ mi xanh biển quần trắng NGADO , set áo quần dài , set áo quần Nữ",1300000.0,1300000.0,0.0,0.0,0,344204,,https://tiki.vnset-ao-so-mi-xanh-bien-quan-trang-ngado-set-ao-quan-dai-set-ao-quan-nu-p278756456.html?spid=278756464
278079600,"Áo đôi , áo thun cặp nam nữ tay lỡ Unisex ""Khung Long Xanh"" form rộng vải cotton 100% T03T04 - Mr.Buffalo - T04 - Đen",124000.0,124000.0,0.0,0.0,0,162792,,https://tiki.vnao-doi-ao-thun-cap-nam-nu-tay-lo-unisex-khung-long-xanh-form-rong-vai-cotton-100-t03t04-mr-buffalo-p278079600.html?spid=278079929
278079147,"Áo Sweater ""chơi tết"" Thần Tài Đến size 40kg tới 100kg Mr.Buffa",150000.0,150000.0,0.0,0.0,0,162792,,https://tiki.vnao-sweater-choi-tet-than-tai-den-size-40kg-toi-100kg-mr-buffalo-p278079147.html?spid=278079212
278038369,"Combo 5 Quần Lót Nữ Cotton Trơn Lưng Cao Mara 089 – Ôm Eo, Mềm Mại, Thoáng Mát",200000.0,200000.0,0.0,0.0,0,112944,,https://tiki.vncombo-5-quan-lot-nu-cotton-tron-lung-cao-mara-089-om-eo-mem-mai-thoang-mat-p278038369.html?spid=278041592
278029878,ÁO HAI DÂY BRA TĂM CÁ TÍNH TỪ 40-55KG DÀNH CHO NỮ,35000.0,35000.0,0.0,0.0,0,311814,,https://tiki.vnao-hai-day-bra-tam-ca-tinh-tu-40-55kg-danh-cho-nu-p278029878.html?spid=278029882
278012255,QUẦN LÓT LỤA SIÊU ĐẸP CAO CẤP PHỐI REN TỪ 40-70KG DÀNH CHO NỮ,45000.0,45000.0,0.0,0.0,0,311814,,https://tiki.vnquan-lot-lua-sieu-dep-cao-cap-phoi-ren-tu-40-70kg-danh-cho-nu-p278012255.html?spid=278012281
277963062,Chân váy chữ A dạ tweed lấp lánh sành điệu cho nữ,113000.0,139000.0,26000.0,0.0,0,268616,,https://tiki.vnchan-vay-chu-a-da-tweed-lap-lanh-sanh-dieu-cho-nu-p277963062.html?spid=277963064
277950882,Áo khoát của nữ Thun Gân Thêu Mặt Cười 4 Túi thời trang ngộ nghĩnh-A2075 - Đen Thêu Mặt Cười,279000.0,279000.0,0.0,0.0,0,204632,,https://tiki.vnao-khoat-cua-nu-thun-gan-theu-mat-cuoi-4-tui-thoi-trang-ngo-nghinh-a2075-p277950882.html?spid=277950926
277914930,"Áo Lót Nữ Ren Siêu Dày Nâng Ngực Boya 029HW – 9 Màu Hot, Size 34-38",134160.0,172000.0,37840.0,0.0,0,112944,,https://tiki.vnao-lot-nu-ren-sieu-day-nang-nguc-boya-029hw-9-mau-hot-size-34-38-p277914930.html?spid=277914934
277728199,Áo khoác nữ đẹp tà chéo nhiều màu lựa chọn phong cách-A3147 - Xanh,259000.0,259000.0,0.0,0.0,0,204632,,https://tiki.vnao-khoac-nu-dep-ta-cheo-nhieu-mau-lua-chon-phong-cach-a3147-p277728199.html?spid=277728201
276689219," Combo 3 áo cao cấp, thiết kế độc quyền, họa tiết cỏ 4 lá, không gọng, nâng đẩy 2,5p",132000.0,132000.0,0.0,0.0,0,241803,,https://tiki.vncombo-3-ao-cao-cap-thiet-ke-doc-quyen-hoa-tiet-co-4-la-khong-gong-nang-day-2-5p-p276689219.html?spid=276689220
276687815,Quần lót nữ ren ôm mông gợi cảm,13000.0,13000.0,0.0,0.0,0,241803,,https://tiki.vnquan-lot-nu-ren-om-mong-goi-cam-p276687815.html?spid=276687821
276603446,Set áo blazer kết hợp cùng áo 2 dây dáng ôm và quần vải ống suông SADIE thiết kế cao cấp WHITE CHIC,900000.0,900000.0,0.0,0.0,0,359223,,https://tiki.vnset-ao-blazer-ket-hop-cung-ao-2-day-dang-om-va-quan-vai-ong-suong-sadie-thiet-ke-cao-cap-white-chic-p276603446.html?spid=276603454
276024239,Quần short jean nữ lưng cao regular fit Aaa Jeans Alice Blue,500000.0,500000.0,0.0,0.0,0,539,,https://tiki.vnquan-short-jean-nu-lung-cao-regular-fit-aaa-jeans-alice-blue-p276024239.html?spid=276024243
273908867,Áo dài cách tân đỏ tơ 4 tà thêu hoa lá ( size L ),950000.0,950000.0,0.0,0.0,0,186114,,https://tiki.vnao-dai-cach-tan-do-to-4-ta-theu-hoa-la-size-l-p273908867.html?spid=273908868
273591548,Áo dài cách tân suông đỏ đô lụa kết hoa và chim ( size L ),1150000.0,1150000.0,0.0,0.0,0,186114,,https://tiki.vnao-dai-suong-do-do-ket-hoa-va-chim-size-l-p273591548.html?spid=273591549
252177855,Đầm body polo midi màu nude cổ bẻ xẻ đùi qua hót hàng thiết kế cao cấp,159000.0,159000.0,0.0,0.0,0,57800,,https://tiki.vndam-body-polo-midi-mau-nude-co-be-xe-dui-qua-hot-hang-thiet-ke-cao-cap-p252177855.html?spid=252177861
244298518,"Bộ Lót Nữ Trơn Mút Vừa Không Gọng Phối Ren Lưng B04 – Set 3 Áo Màu Đen, Trắng, Xanh Rêu",207000.0,207000.0,0.0,0.0,0,112944,,https://tiki.vnbo-lot-duc-khong-gong-phoi-ren-lung-b04-p244298518.html?spid=244298557
244297738,Áo lót nữ đúc mỏng trơn cúp ngang có gọng nâng ngực BOYA 522BT,119000.0,140000.0,21000.0,0.0,0,112944,,https://tiki.vnao-lot-nu-duc-mong-tron-boya-522bt-p244297738.html?spid=244297769
214706031,"Áo lót áo ngực Thái lan có gọng mút kép nâng ngực tạo khe, áo lót nữ thông hơi hàng CAO CẤP",110000.0,110000.0,0.0,0.0,0,112944,,https://tiki.vnao-lot-ao-nguc-thai-lan-co-gong-mut-kep-nang-nguc-tao-khe-ao-lot-nu-thong-hoi-hang-cao-cap-p214706031.html?spid=215408036
199916850,Áo Len Cardigan nữ cổ chữ V phong cách Hàn Quốc dáng rộng Haint  Boutique,199000.0,199000.0,0.0,0.0,0,10738,,https://tiki.vnao-len-cardigan-nu-co-chu-v-phong-cach-han-quoc-dang-rong-haint-boutique-p199916850.html?spid=199916852
199250629,UPZ Áo Thun Magical (6 Màu),320000.0,320000.0,0.0,0.0,0,219817,,https://tiki.vnupz-ao-thun-magical-6-mau-p199250629.html?spid=199250693
192628684, Quần lọt khe dây hoa,29000.0,29000.0,0.0,0.0,0,195824,,https://tiki.vnquan-lot-khe-day-hoa-p192628684.html?spid=192628688
187825824,Chân váy bút chì dài SK023PP,999000.0,999000.0,0.0,0.0,0,292406,,https://tiki.vnchan-vay-but-chi-dai-sk023pp-p187825824.html?spid=187825850
187058520,"Bộ đồ bơi bikini nữ kín đáo quần short áo tay dài đi tắm biển, tập yoga, tập gym - B.31",179000.0,179000.0,0.0,4.7,3,184089,,https://tiki.vnbo-do-boi-bikini-nu-kin-dao-quan-short-ao-tay-dai-di-tam-bien-tap-yoga-tap-gym-b-31-p187058520.html?spid=187058524
179780927,Đồ Bộ Ngủ Trung Niên Quần Lửng Chất Vải Lụa  Bộ Lửng Mặc Nhà Cho Mẹ Đồ Ngủ Trung Niên,150000.0,150000.0,0.0,0.0,0,9455,,https://tiki.vndo-bo-ngu-trung-nien-quan-lung-chat-vai-lua-bo-lung-mac-nha-cho-me-do-ngu-trung-nien-p179780927.html?spid=276846904
175525684,"Áo thun nữ form rộng kẻ màu, Áo thun kiểu dáng trẻ trung nữ tính Mã 02",199000.0,199000.0,0.0,5.0,2,235034,,https://tiki.vnao-thun-nu-form-rong-ke-mau-ao-thun-kieu-dang-tre-trung-nu-tinh-ma-02-p175525684.html?spid=175525688
163723169,Áo ngực nâng ngực mút vừa,129000.0,129000.0,0.0,0.0,0,174218,,https://tiki.vnao-nguc-lovely-175-mut-vua-p163723169.html?spid=163723171
134380627,"đồ bộ 2 dây - chất đũi tơ mềm mại, siêu hottrend (N2)",129000.0,129000.0,0.0,0.0,0,226391,,https://tiki.vndo-bo-2-day-chat-dui-to-mem-mai-sieu-hottrend-n2-p134380627.html?spid=134380710
115009631,Áo khoác len nữ dáng dài freesize ak33,299000.0,299000.0,0.0,0.0,0,10738,,https://tiki.vnao-khoac-len-nu-dang-dai-freesize-ak33-p115009631.html?spid=115009649
106042707,Đầm Lụa 2 Dây Sexy Lady Nature Miley Lingerie DSS0911,303000.0,550000.0,247000.0,0.0,0,8827,,https://tiki.vndam-lua-2-day-sexy-lady-nature-miley-lingerie-dss0911-p106042707.html?spid=106042709
81602937,Bộ Đồ Lót Cotton Lụa Phối Ren Nature Wind Miley Lingerie - Họa tiết,229000.0,229000.0,0.0,5.0,1,8827,,https://tiki.vnbo-do-lot-cotton-lua-phoi-ren-nature-wind-miley-lingerie-hoa-tiet-p81602937.html?spid=81602939
73509631,Quần lọt khe đan dây sau lưng siêu phẩm - Đen,25000.0,25000.0,0.0,3.5,4,103662,,https://tiki.vnquan-lot-khe-dan-day-sau-lung-sieu-pham-den-p73509631.html?spid=73509632
42559483,"Đầm Ren Tay Ngắn Kiểu Dáng Dễ Thương DN020 MayHomes, Kiểu Dáng Xinh, Gợi Cảm, Vải Bền Đẹp, Đường May Khéo Léo",148000.0,159000.0,11000.0,5.0,31,5826,,https://tiki.vndam-ren-tay-ngan-kieu-dang-de-thuong-dn020-mayhomes-kieu-dang-xinh-goi-cam-vai-ben-dep-duong-may-kheo-leo-p42559483.html?spid=42968922
21268404,COMBO 5 QUẦN MW COTTON NHÚN ,167000.0,167000.0,0.0,0.0,0,9455,,https://tiki.vncombo-5-quan-mw-cotton-nhun-p21268404.html?spid=22010013
20677767,Quần lót mặc váy ren nơ cao cấp,36000.0,36000.0,0.0,5.0,3,112944,,https://tiki.vnquan-lot-mac-vay-ren-no-cao-cap-p20677767.html?spid=275349134
5981171,Áo khoác nữ slim 4 túi dây kéo 4044_Den,200000.0,200000.0,0.0,4.6,9,5961,,https://tiki.vnao-khoac-nu-slim-4-tui-day-keo-4044_den-p5981171.html?spid=5981175
5501123,Chân Váy Midi Xẻ Sau De Leah - Xanh Dương Đen (Size,625000.0,625000.0,0.0,4.5,2,10143,,https://tiki.vnchan-vay-midi-xe-sau-de-leah-xanh-duong-den-p5501123.html?spid=5501139
278078840,Áo đôi tay lỡ unisex nóc nhà - trụ cột Mr.Buffalo - Nóc Nhà (CP25),60000.0,60000.0,0.0,0.0,0,162792,,https://tiki.vnao-doi-tay-lo-unisex-noc-nha-tru-cot-mr-buffalo-p278078840.html?spid=278078898
278014176,QUẦN LÓT SU TIM SIÊU MỎNG THOÁNG MÁT RẤT ĐẸP TỪ 40-70KG DÀNH CHO NỮ,30000.0,30000.0,0.0,0.0,0,311814,,https://tiki.vnquan-lot-su-tim-sieu-mong-thoang-mat-rat-dep-tu-40-70kg-danh-cho-nu-p278014176.html?spid=278014185
277284635,Quần lót lọt khe nữ thêu hình dơi sexy,35000.0,35000.0,0.0,0.0,0,103662,,https://tiki.vnquan-lot-lot-khe-nu-theu-hinh-doi-sexy-p277284635.html?spid=277284641
275833124,Combo 10 Quần Lót Nữ Không Viền Chất Mịn Thoáng SEAMLESS Miley Lingerie,683000.0,683000.0,0.0,0.0,0,8827,,https://tiki.vncombo-10-quan-lot-nu-khong-vien-chat-min-thoang-seamless-miley-lingerie-p275833124.html?spid=275833128
275799344,"Áo khoác blazer nữ tay lỡ chất liệu linen mềm mịn,cao cấp mặc thoáng mát Bz11",320000.0,320000.0,0.0,0.0,0,235034,,https://tiki.vnao-khoac-blazer-nu-tay-lo-chat-lieu-linen-mem-min-cao-cap-mac-thoang-mat-bz11-p275799344.html?spid=275799362
275226627,"Quần dài nữ suông chất liệu linen mát mẻ , quần có khóa trước và chun sau dễ mặc và dễ phối đồ QD07",350000.0,350000.0,0.0,0.0,0,10738,,https://tiki.vnquan-dai-nu-suong-chat-lieu-linen-mat-me-quan-co-khoa-truoc-va-chun-sau-de-mac-va-de-phoi-do-qd07-p275226627.html?spid=275226659
275163596,"Set bộ gồm áo sơ mi dài tay và quần dài ống rộng thời trang, dễ mặc, phong cách Hàn Quốc",499000.0,499000.0,0.0,0.0,0,235034,,https://tiki.vnset-bo-gom-ao-so-mi-dai-tay-va-quan-dai-ong-rong-thoi-trang-de-mac-phong-cach-han-quoc-p275163596.html?spid=275163598
274615260,Váy ngủ lưới sexy WANNBE DNC16 đầm ngủ xuyên thấu khiến chàng luôn mê đắm bạn,550000.0,550000.0,0.0,0.0,0,5383,,https://tiki.vnvay-ngu-luoi-sexy-wannbe-dnc16-dam-ngu-xuyen-thau-khien-chang-luon-me-dam-ban-p274615260.html?spid=274615262
274355786,Đầm dự tiệc MINA thiết kế trễ vai dáng dài chất liệu KaKi - MN242,600000.0,600000.0,0.0,0.0,0,183689,,https://tiki.vndam-du-tiec-mina-thiet-ke-tre-vai-dang-dai-chat-lieu-kaki-mn242-p274355786.html?spid=274355800
273470891,Quần legging nữ Nâng Mông Cao Cấp- LG 02,325000.0,325000.0,0.0,0.0,0,348837,,https://tiki.vnquan-legging-nu-nang-mong-cao-cap-lg-02-p273470891.html?spid=273470895
269407049,Quần Lọt Khe Ren L053 Siêu Gợi Cảm Nhiều Màu - Dưới 75kg,40000.0,40000.0,0.0,0.0,0,6615,,https://tiki.vnquan-lot-khe-ren-l053-sieu-goi-cam-nhieu-mau-duoi-75kg-p269407049.html?spid=269407055
261005542,"Combo 5 Quần Lót Nữ Modal Co Giãn, Thoải Mái BigSize Miley Lingerie [2XL-5XL",259000.0,259000.0,0.0,0.0,0,8827,,https://tiki.vncombo-5-quan-lot-nu-modal-co-gian-thoai-mai-bigsize-miley-lingerie-2xl-5xl-p261005542.html?spid=261005544
253630637,Váy Nữ Vải Xước Màu Đỏ Cao Cấp 23V042 Pi Style,199000.0,199000.0,0.0,0.0,0,330600,,https://tiki.vnvay-nu-vai-xuoc-mau-do-cao-cap-23v042-pi-style-p253630637.html?spid=253630641
253630553,Váy Ren Cao Cấp Màu Đỏ Hoa Ngực 23V015 Pi Style,199000.0,199000.0,0.0,0.0,0,330600,,https://tiki.vnvay-ren-cao-cap-mau-do-hoa-nguc-23v015-pi-style-p253630553.html?spid=253630564
253047905,Quần chip ren nữ lọt khe xẻ đáy Sexy,79000.0,79000.0,0.0,4.0,1,103662,,https://tiki.vnquan-chip-ren-nu-lot-khe-xe-day-sexy-p253047905.html?spid=253047906
252912251,"Áo sơ mi nữ cổ tàu, họa tiết kẻ sọc đen trắng siêu xinh, lê form chuẩn tôn dáng NH13",149000.0,149000.0,0.0,5.0,1,235034,,https://tiki.vnao-so-mi-nu-co-tau-hoa-tiet-ke-soc-den-trang-sieu-xinh-le-form-chuan-ton-dang-nh13-p252912251.html?spid=252912253
249143553,"[LOẠI 1 BẢN TIẾNG VIỆT MỚI NHẤT] BỘ CHẠM NHẢY, CHUÔNG BẤM HIGH JUMP COUNTER TOYS CÓ ĐÈN HỖ TRỢ TĂNG CHIỀU CAO CHO BÉ",40000.0,40000.0,0.0,3.0,1,238102,,https://tiki.vnbo-cham-nhay-chuong-bam-high-jump-counter-toys-co-den-ho-tro-tang-chieu-cao-cho-be-p249143553.html?spid=277436340
205953130,"Quần lót thun cotton WANNABE QLC02 quần chíp đơn giản, dễ mặc thoáng mát",39000.0,39000.0,0.0,0.0,0,5383,,https://tiki.vnquan-lot-thun-cotton-wannabe-qlc02-don-gian-de-mac-p205953130.html?spid=205953138
203965085,Quần Lót Cotton Viền Ren Miley Lingerie - Màu ngẫu nhiên,57000.0,79000.0,22000.0,5.0,2,8827,,https://tiki.vnquan-lot-cotton-vien-ren-miley-lingerie-bcs00-p203965085.html?spid=203965089
198087991,Set áo quây và chân váy midi,875000.0,875000.0,0.0,0.0,0,10143,,https://tiki.vnset-ao-quay-va-chan-vay-midi-p198087991.html?spid=198087993
185004732,Quần đùi mẹ Trắng trơn chéo Hàn - AICDBTVKGOKE - AIN Closet,215000.0,260000.0,45000.0,4.0,1,160802,,https://tiki.vnquan-dui-me-trang-tron-cheo-han-aicdbtvkgoke-ain-closet-p185004732.html?spid=185004734
181372229,Váy ngủ lụa nữ 2 dây kèm đôi cánh thiên thần Back Angel,95000.0,95000.0,0.0,0.0,0,49140,,https://tiki.vnvay-ngu-lua-nu-2-day-kem-doi-canh-thien-than-back-angel-p181372229.html?spid=181372235
175812765,De Leah - Áo Body Cổ V - Trắng,266000.0,266000.0,0.0,0.0,0,10143,,https://tiki.vnde-leah-ao-body-co-v-trang-p175812765.html?spid=175812800
167908407,"Bikini 2 mảnh sexy quyến rũ, áo bơi dây yếm cùng quần tam giác cạp thấp trẻ trung, ôm gọn tôn dáng, chất đẹp hạt rẻ, có đệm lót | KT505",220000.0,220000.0,0.0,5.0,1,63850,,https://tiki.vnbikini-2-manh-sexy-quyen-ru-ao-boi-day-yem-cung-quan-cap-thap-tre-trung-om-gon-ton-dang-chat-dep-hat-re-kt505-p167908407.html?spid=167908421
143861102,Quần lót nữ thun lạnh iBasic V199-3,59000.0,69000.0,10000.0,4.8,13,126,,https://tiki.vnquan-lot-nu-thun-lanh-ibasic-v199-3-p143861102.html?spid=143861130
119104221,Dây áo ngực trong suốt sợi bún - sợi phở siêu bền,9000.0,9000.0,0.0,5.0,4,217040,,https://tiki.vnday-ao-nguc-trong-suot-soi-bun-soi-pho-sieu-ben-p119104221.html?spid=119104230
109475484,Đầm dự tiệc mặc cưới  -Size M kèm ảnh thật,550000.0,550000.0,0.0,5.0,1,76045,,https://tiki.vndam-du-tiec-mac-cuoi-tripble-t-dress-size-m-l-kem-anh-video-that-ms269v-p109475484.html?spid=275114930
102513994, Áo Thun Cặp Đôi Nam Nữ Siêu Dễ Thương,69999.0,69999.0,0.0,0.0,0,76045,,https://tiki.vnao-thun-cap-doi-nam-nu-sieu-de-thuong-p102513994.html?spid=169470848
90690150, Áo khoác Bomber Nhung Gân Tikkeo Thêu Sắc Nét Đẹp Xinh - Chất Nhung Thoáng Mát Form rộng Unisex Nam Nữ Couple,165000.0,165000.0,0.0,3.7,3,232000,,https://tiki.vnao-khoac-bomber-nhung-gan-tikkeo-theu-sac-net-dep-xinh-chat-nhung-thoang-mat-form-rong-unisex-nam-nu-couple-p90690150.html?spid=136062145
89874400, Quần nữ mặc váy cotton co giãn 4 chiều QV03,28998.0,28998.0,0.0,0.0,0,177515,,https://tiki.vnproduct-p89874400.html?spid=192019886
74532262,"Combo 3 Quần Lót Nữ Bikini Melange Active Miley Lingerie - Vàng, Da và Trắng Kem FCB0300-0900-1400",261000.0,261000.0,0.0,5.0,7,8827,,https://tiki.vncombo-3-quan-lot-nu-bikini-melange-active-miley-lingerie-vang-da-va-trang-kem-fcb0300-0900-1400-p74532262.html?spid=74532264
72900314,Áo Khoác Jean Nữ Trơn Màu Xanh Đậm Nhạt Aaa Jeans,1000000.0,1000000.0,0.0,5.0,32,539,,https://tiki.vna-o-khoa-c-jean-nu-tron-ma-u-xanh-da-m-nha-t-aaa-jeans-p72900314.html?spid=72900322
67402699,Áo Khoác Dù Rap Atlatic,226000.0,226000.0,0.0,0.0,0,204632,,https://tiki.vnao-khoac-du-rap-atlatic-p67402699.html?spid=113227283
47404784,Váy nữ cao cấp phong cách Hàn Quốc thời trang,381000.0,395000.0,14000.0,0.0,0,40092,,https://tiki.vnvay-nu-cao-cap-phong-cach-han-quoc-thoi-trang-p47404784.html?spid=47404785
25954161,Đầm ngủ lụa 2 dây phối bèo nhún ngực - Xanh Dương,190000.0,190000.0,0.0,5.0,2,9455,,https://tiki.vndam-ngu-lua-2-day-phoi-beo-nhun-nguc-p25954161.html?spid=55359250
15162265,"Áo bra, Áo bra nữ hàng chuẩn đẹp không nhão",95000.0,95000.0,0.0,5.0,1,9455,,https://tiki.vnao-bra-ao-bra-nu-hang-chuan-dep-khong-nhao-p15162265.html?spid=16059146
13893263,"Áo khoác nữ thoát nhiệt Nhật Bản GOKING, 6 túi to tiện dụng. Áo chống nắng nhẹ, vải thun 100% cotton thoáng mát, thấm hút mồ hôi",275000.0,275000.0,0.0,4.6,235,18138,,https://tiki.vnao-khoac-nu-thoat-nhiet-nhat-ban-goking-ao-chong-nang-100-cotton-thoang-mat-tham-hut-mo-hoi-p13893263.html?spid=13893265
3679071,Đầm nữ dáng dài freesize db32,199000.0,199000.0,0.0,0.0,0,10738,,https://tiki.vndam-nu-dang-dai-freesize-db32-p3679071.html?spid=56393371
2361553,Áo Ngực Nữ SoYoung WM BRA 019 B - Đen (Free Size),84000.0,84000.0,0.0,0.0,0,54801,,https://tiki.vnao-nguc-nu-soyoung-wm-bra-019-b-den-free-size-p2361553.html?spid=21332027
278904936,Đầm maxi Ruzimay dáng xoè R0100,418000.0,418000.0,0.0,0.0,0,362481,,https://tiki.vndam-maxi-ruzimay-dang-xoe-r0100-p278904936.html?spid=278944382
278898066,"Áo len kẻ kèm khăn-Form Đẹp Chuẩn Hàn, Len Dày Mịn,Hot Trend Mùa Đông",295000.0,295000.0,0.0,0.0,0,282163,,https://tiki.vnao-len-ke-kem-khan-form-dep-chuan-han-len-day-min-hot-trend-mua-dong-p278898066.html?spid=278898074
278856420,"Set áo hồng cột nơ chân váy đuôi cá NGADO , set áo váy midi , set áo váy Nữ , set đồ dự tiệc",1300000.0,1300000.0,0.0,0.0,0,344204,,https://tiki.vnset-ao-hong-cot-no-chan-vay-duoi-ca-ngado-set-ao-vay-midi-set-ao-vay-nu-set-do-du-tiec-p278856420.html?spid=278856422
278772768,"Đầm xanh cổ tròn xếp ly NGADO , đầm nữ , đầm kiểu , đầm công sở , dự tiệc",950000.0,950000.0,0.0,0.0,0,344204,,https://tiki.vndam-xanh-co-tron-xep-ly-ngado-dam-nu-dam-kieu-dam-cong-so-du-tiec-p278772768.html?spid=278772772
278585834,Quần jean suông A8238 2 màu,250000.0,250000.0,0.0,0.0,0,282163,,https://tiki.vnquan-jean-suong-a8238-2-mau-p278585834.html?spid=278585838
278014655,ÁO NGỰC SU CAO CẤP HOT HIT SIÊU MỊN SIZE M-XL DÀNH CHO NỮ,220000.0,220000.0,0.0,0.0,0,311814,,https://tiki.vnao-nguc-su-cao-cap-hot-hit-sieu-min-size-m-xl-danh-cho-nu-p278014655.html?spid=278014659
277930049,Quần Jean Nữ Ống Rộng Classic Aaa Jeans,650000.0,650000.0,0.0,0.0,0,539,,https://tiki.vnquan-jean-nu-ong-rong-classic-aaa-jeans-p277930049.html?spid=277930079
277852164,"Áo trắng nữ sinh tay lỡ form rộng, phong cách Hàn Quốc, vải kate silk, dáng suông trẻ trung năng động",170000.0,170000.0,0.0,0.0,0,9354,,https://tiki.vnao-trang-nu-sinh-tay-ngan-rong-eo-phong-cach-han-dang-suong-tre-trung-nang-dong-p277852164.html?spid=277852170
277181184,Áo gile len màu tím thời trang Korea,265000.0,265000.0,0.0,0.0,0,40092,,https://tiki.vnao-gile-len-mau-tim-thoi-trang-korea-p277181184.html?spid=277181185
276744154,"Quần lót nữ ren Thái gợi cảm siêu mềm mại xuyên thấu, quần chip nữ kiểu dáng sexy công chúa rẻ đẹp Màu ngẫu nhiên",8500.0,8500.0,0.0,0.0,0,241803,,https://tiki.vnquan-lot-nu-ren-thai-goi-cam-sieu-mem-mai-xuyen-thau-quan-chip-nu-kieu-dang-sexy-cong-chua-re-dep-mau-ngau-nhien-p276744154.html?spid=276744155
276744113,"Áo lót nữ, áo ngực nữ su Lông Vũ, không gọng, đệm dày bàn tay nâng ngực chống xệ",65000.0,65000.0,0.0,0.0,0,241803,,https://tiki.vnao-lot-nu-ao-nguc-nu-su-long-vu-khong-gong-dem-day-ban-tay-nang-nguc-chong-xe-p276744113.html?spid=276744129
276605463,Áo gile dáng ôm cài cúc trước ZELDA màu xám chì thiết kế cao cấp WHITE CHIC,1150000.0,1150000.0,0.0,0.0,0,359223,,https://tiki.vnao-gile-dang-om-cai-cuc-truoc-zelda-mau-xam-chi-thiet-ke-cao-cap-white-chic-p276605463.html?spid=276605465
276497369,"Quần đũi nữ ống suoong, dài chất liệu thoải mái, dễ mặc mẫu mới",260000.0,260000.0,0.0,0.0,0,10738,,https://tiki.vnquan-dui-nu-ong-suoong-dai-chat-lieu-thoai-mai-de-mac-mau-moi-p276497369.html?spid=278215163
276124524,Set áo ghi lê 6 nút kèm chân váy dài,199000.0,199000.0,0.0,0.0,0,20897,,https://tiki.vnset-ao-ghi-le-6-nut-kem-chan-vay-dai-p276124524.html?spid=276124546
275176592,Đồ ngủ Cosplay D127 sườn xám lụa khoét ngực cột dây bên eo sexy,265000.0,265000.0,0.0,0.0,0,6615,,https://tiki.vndo-ngu-cosplay-d127-suon-xam-lua-khoet-nguc-cot-day-ben-eo-sexy-p275176592.html?spid=275176594
274587173,Hộp 40 Miếng Dán Thấm Mồ Hôi Nách P98 - Hạn Chế Mồ Hôi Nách [ CÓ CHE TÊN KHI GIAO HÀNG,25000.0,25000.0,0.0,0.0,0,57800,,https://tiki.vnhop-40-mieng-dan-tham-mo-hoi-nach-p98-han-che-mo-hoi-nach-co-che-ten-khi-giao-hang-p274587173.html?spid=274587177
252675163,Đầm ôm body hở vai cao cấp Myqlothing.,1890000.0,1890000.0,0.0,0.0,0,135606,,https://tiki.vndam-om-body-ho-vai-cao-cap-myqlothing-p252675163.html?spid=252675164
244298067,COMBO 5 QUẦN VÁY TRƠN CHÂN REN COTTON LỤA,111650.0,145000.0,33350.0,0.0,0,112944,,https://tiki.vncombo-5-quan-vay-tron-chan-ren-cotton-lua-p244298067.html?spid=244298072
218741970,Đầm Maxi Trắng Cotton Hai Dây Đi Biển Du Lịch Resorts Thơ DRE092 Thời trang Hity,1699000.0,1699000.0,0.0,0.0,0,255,,https://tiki.vndam-maxi-condao-dre092-thoi-trang-thiet-ke-hity-p218741970.html?spid=218741972
207914774,Q156 Bộ ngủ nữ pijama cao cấp đồ ngủ nữ họa tiết tay ngắn quần dài  - Set đồ bộ nữ - Bộ quần áo ngủ,230000.0,230000.0,0.0,0.0,0,267028,,https://tiki.vndo-bo-ngu-nu-pijama-cao-cap-do-ngu-nu-hoa-tiet-tay-ngan-quan-dai-q156-set-do-bo-nu-bo-quan-ao-ngu-p207914774.html?spid=207914776
203814936,Combo 5 Quần Lót Nữ Lưng Cao Remix - Giao màu ngẫu nhiên - FCS,260000.0,260000.0,0.0,0.0,0,8827,,https://tiki.vncombo-5-quan-lot-nu-lung-cao-remix-giao-mau-ngau-nhien-fcs-p203814936.html?spid=203814940
200960739,Áo khoác cadigan nữ cổ tròn dài tay dáng ngắn style hàn quốc Haint Boutique AK12,249000.0,249000.0,0.0,0.0,0,10738,,https://tiki.vnao-khoac-cadigan-nu-co-tron-dai-tay-dang-ngan-style-han-quoc-haint-boutique-ak12-p200960739.html?spid=200960743
187832781,"Bộ đồ bơi, tắm biển nữ kín đáo quần áo dài che nắng, bộ đồ đi tập gym, tập yoga - B.33",269000.0,269000.0,0.0,0.0,0,184089,,https://tiki.vnbo-do-boi-tam-bien-nu-kin-dao-quan-ao-dai-che-nang-b33-p187832781.html?spid=187832786
178334321,QL8033 Quần lót nữ hai dây chéo hông sexy cao cấp  - Quần chip nữ - Quần lót nữ quyến rũ - Quần lót nữ lọt khe,59000.0,59000.0,0.0,4.7,3,267028,,https://tiki.vnquan-lot-nu-hai-day-cheo-hong-sexy-cao-cap-bt0208-quan-chip-nu-quan-lot-nu-quyen-ru-quan-lot-nu-lot-khe-p178334321.html?spid=178334325
177205963,Bộ đồ lót yếm váy ngắn sexy,55000.0,55000.0,0.0,0.0,0,49140,,https://tiki.vnbo-do-lot-yem-vay-ngan-sexy-p177205963.html?spid=177205967
167594312,Áo Gile Len Nữ Họa tiết Caro - Hàng đẹp,252000.0,252000.0,0.0,0.0,0,71471,,https://tiki.vnao-gile-len-nu-hoa-tiet-caro-hang-dep-p167594312.html?spid=167594313
167487112,Q30 Đồ ngủ cosplay xuyên thấu  - Váy ngủ sexy gợi cảm - Đầm ngủ hai dây sexy,160000.0,160000.0,0.0,5.0,1,267028,,https://tiki.vndo-ngu-cosplay-xuyen-thau-bt0013-vay-ngu-sexy-goi-cam-dam-ngu-hai-day-sexy-p167487112.html?spid=167487114
163722975,Áo ngực nâng ngực mút dày,129000.0,129000.0,0.0,0.0,0,174218,,https://tiki.vnao-nguc-lovely-439-mut-day-p163722975.html?spid=163722981
161958734,Bộ đồ lót bikini mỏng lọt khe sexy,35000.0,35000.0,0.0,5.0,1,49140,,https://tiki.vnbo-do-lot-bikini-mong-lot-khe-sexy-p161958734.html?spid=161958752
146635373,"Áo sơ mi nữ form rộng kiểu tay lỡ cổ tròn NeSa Shop, chất liệu Đũi tơ thấm hút mồ hôi, áo sơ mi nữ nhiều màu, SMH.34",99500.0,199000.0,99500.0,4.5,47,249310,,https://tiki.vnao-so-mi-nu-form-rong-kieu-tay-lo-co-tron-nesa-shop-chat-lieu-dui-to-tham-hut-mo-hoi-ao-so-mi-nu-nhieu-mau-smh-34-p146635373.html?spid=146635417
134768688,Combo 5 quần lót nữ thun lạnh cao cấp mềm mại size đến 70kg - M,79900.0,94000.0,14100.0,0.0,0,112944,,https://tiki.vncombo-5-quan-lot-nu-thun-lanh-cao-cap-mem-mai-size-den-70kg-p134768688.html?spid=203197786
113051800,Áo khoác nữ Áo khoát nữ kaki chống nắng túi hộp chuẩn shop hàng đẹp-A128,256450.0,256450.0,0.0,0.0,0,204632,,https://tiki.vnao-khoac-nu-ao-khoat-nu-kaki-chong-nang-tui-hop-chuan-shop-hang-dep-a128-p113051800.html?spid=113051811
113051397,Áo khoác nữ Áo khoát nữ nỉ chống nắng Degrey đẹp cá tính hàng đẹp-A270,189250.0,189250.0,0.0,0.0,0,204632,,https://tiki.vnao-khoac-nu-ao-khoat-nu-ni-chong-nang-degrey-dep-ca-tinh-hang-dep-a270-p113051397.html?spid=113051412
107154707,Quần lót ren nữ xuyên thấu gợi cảm,25000.0,25000.0,0.0,5.0,10,195824,,https://tiki.vnquan-lot-ren-nu-xuyen-thau-goi-cam-p107154707.html?spid=107154746
104366948,Đồ bộ nữ cộc tay - Đồ bộ mặc nhà - Đồ ngủ mặc nhà nữ - Đồ bộ nữ lửng - Set bộ đũi mặc nhà nữ Vicci BDT.85 họa tiết quả Sơ ri,145000.0,269000.0,124000.0,4.5,2,2049,,https://tiki.vndo-bo-nu-coc-tay-do-bo-mac-nha-do-ngu-mac-nha-nu-do-bo-nu-lung-set-bo-dui-mac-nha-nu-vicci-bdt-85-hoa-tiet-qua-so-ri-p104366948.html?spid=104366956
74883476,Đồ ngủ Sexy Cosplay xuyên thấu - Hồng,35000.0,35000.0,0.0,3.4,5,103662,,https://tiki.vndo-ngu-sexy-cosplay-xuyen-thau-hong-p74883476.html?spid=74883477
42687016,Chân Váy Ren Xòe Hoa Ba Lớp CV005 MayHomes - Trắng,139000.0,149000.0,10000.0,4.5,29,5826,,https://tiki.vnchan-vay-ren-xoe-hoa-ba-lop-cv005-mayhomes-p42687016.html?spid=42687022
15777994,"Áo bra chất mịn, áo lót không gọng, áo chip chất đẹp mịn mát",40320.0,48000.0,7680.0,0.0,0,112944,,https://tiki.vnao-bra-chat-min-ao-lot-khong-gong-ao-chip-chat-dep-min-mat-p15777994.html?spid=52373184
2085815,Áo Ngực Triumph Maxi 280 (BW - Việt Nam) - Da (Size,670000.0,759000.0,89000.0,4.2,14,2049,,https://tiki.vnao-nguc-triumph-maxi-280-bw-viet-nam-da-p2085815.html?spid=2108383
278049028,"Quần lót nữ lọt khe ren 2 dây Pinot 5057 – Siêu mảnh, quyến rũ tối đa",58000.0,58000.0,0.0,0.0,0,112944,,https://tiki.vnquan-lot-nu-lot-khe-ren-2-day-pinot-5057-sieu-manh-quyen-ru-toi-da-p278049028.html?spid=278049030
278028575,SET 5 QUẦN LÓT THỎ XINH TỪ 40-50KG DÀNH CHO NỮ,85000.0,85000.0,0.0,0.0,0,311814,,https://tiki.vnset-5-quan-lot-tho-xinh-tu-40-50kg-danh-cho-nu-p278028575.html?spid=278028577
278008306,Combo 2 Quần lót mặc váy iBasic phom boyshort V107,138000.0,138000.0,0.0,0.0,0,126,,https://tiki.vncombo-2-quan-lot-mac-vay-ibasic-phom-boyshort-v107-p278008306.html?spid=278008314
277515472,"Váy ngủ - đầm ngủ nữ 2 dây  (dưới 50 kg ) vải voan cao cấp cổ chữ V sâu giúp tôn lên vòng một quyến rũ , giao màu ngẫu nhiên",89000.0,99000.0,10000.0,0.0,0,274962,,https://tiki.vnvay-ngu-dam-ngu-nu-2-day-duoi-50-kg-vai-voan-cao-cap-co-chu-v-sau-giup-ton-len-vong-mot-quyen-ru-giao-mau-ngau-nhien-p277515472.html?spid=277515473
276962537,"Đầm kem cổ xếp tầng NGADO , đầm xòe",950000.0,950000.0,0.0,0.0,0,344204,,https://tiki.vndam-kem-co-xep-tang-ngado-da-m-xo-e-p276962537.html?spid=276962553
276857232,"Set áo gile nữ thanh lịch nhẹ nhàng, kèm quần dài form suông rộng rãi thoải mái Bv10",470000.0,470000.0,0.0,0.0,0,10738,,https://tiki.vnset-ao-gile-nu-thanh-lich-nhe-nhang-kem-quan-dai-form-suong-rong-rai-thoai-mai-bv10-p276857232.html?spid=276857252
276065010,Quần lót nữ QV278 ren hoa mềm mại cao cấp kết nơ ôm nửa mông xinh xắn có lỗ thoáng khí,100000.0,100000.0,0.0,0.0,0,6615,,https://tiki.vnquan-lot-nu-qv287-ren-hoa-mem-mai-cao-cap-ket-no-om-nua-mong-xinh-xan-co-lo-thoang-khi-p276065010.html?spid=276065018
273906219,Áo vest blazer khoác nhẹ Linen dài tay  cổ ve vuông phong cách công sở Haint Boutique Bz10,349000.0,349000.0,0.0,0.0,0,10738,,https://tiki.vnao-vest-blazer-khoac-nhe-linen-dai-tay-co-ve-vuong-phong-cach-cong-so-haint-boutique-bz10-p273906219.html?spid=273906238
272596907,MẪN DUYÊN | MS 2597 – ĐẦM DỰ TIỆC GẤM KẾT HOA XINH SANG TRỌNG,440000.0,440000.0,0.0,5.0,1,90807,,https://tiki.vndam-gam-ket-hoa-xinh-sang-trong-ms-2597-p272596907.html?spid=272596913
272448251,Lò Xo Kim Loại Gắn Nút Nới Rộng Cổ áo Cổ Tay Áo Quần Jean Nam Nữ Nút Trơn Đen Đồng Không May Legaxi,8000.0,8000.0,0.0,0.0,0,3196,,https://tiki.vnlo-xo-kim-loai-gan-nut-noi-rong-co-ao-co-tay-ao-quan-jean-nam-nu-nut-tron-den-dong-khong-may-legaxi-p272448251.html?spid=279034940
272389942,"Áo sơ mi nữ form rộng, tay dài bigsize thiết kế kiểu trẻ trung phá cách chất liệu mềm mát,T.70",84500.0,169000.0,84500.0,0.0,0,249310,,https://tiki.vnao-so-mi-nu-form-rong-tay-dai-bigsize-thiet-ke-kieu-tre-trung-pha-cach-chat-lieu-mem-mat-t-70-p272389942.html?spid=272389950
263388755,Váy đầm công sở TIFALU LD304 - Đầm dáng suông thêu hoa cao cấp,462000.0,462000.0,0.0,0.0,0,17905,,https://tiki.vnvay-dam-cong-so-tifalu-ld304-dam-dang-suong-theu-hoa-cao-cap-p263388755.html?spid=263388763
257856782,Váy Nữ Vải Xước Màu Be Cao Cấp 23V043 Pi Style,199000.0,199000.0,0.0,0.0,0,330600,,https://tiki.vnvay-nu-vai-xuoc-mau-be-cao-cap-23v043-pi-style-p257856782.html?spid=257856799
249866843,Đầm Maxi Cotton Trắng Đầm Dài Đi Biển Du Lịch Resorts Mây DRE146 Thời trang Hity,1795000.0,1795000.0,0.0,0.0,0,255,,https://tiki.vndam-maxi-jill-dre146-thoi-trang-thiet-ke-hity-p249866843.html?spid=249866849
199101273,"Áo blazer linen nữ, áo vest nữ kiểu Hàn Quốc tay lỡ, chất linen mềm cao cấp Haint Boutique Bz04",299000.0,299000.0,0.0,0.0,0,10738,,https://tiki.vnao-blazer-linen-nu-ao-vest-nu-kieu-han-quoc-tay-lo-chat-linen-mem-cao-cap-haint-boutique-bz04-p199101273.html?spid=199101281
198671170,P77 Đồ ngủ nữ cosplay áo bra phối quần váy xuyên thấu sexy  - đầm ngủ cosplay cài tóc - Bộ ngủ cosplay sexy gợi cảm,180000.0,180000.0,0.0,0.0,0,267028,,https://tiki.vndo-ngu-nu-cosplay-ao-bra-phoi-quan-vay-xuyen-thau-sexy-p77-dam-ngu-cosplay-cai-toc-bo-ngu-cosplay-sexy-goi-cam-p198671170.html?spid=198671174
187826535,Áo khoác nữ dáng ngắn bigsize hoạ tiết nhũ vàng 2NDDATE CO002LGSF,1575000.0,1575000.0,0.0,0.0,0,292406,,https://tiki.vnao-khoac-nu-dang-ngan-bigsize-hoa-tiet-nhu-vang-2nddate-co002lgsf-p187826535.html?spid=187826536
186862741,Quần đùi cho mẹ Đen chéo Hàn - AICDMEIEXNEP - AIN Closet,215000.0,260000.0,45000.0,5.0,2,160802,,https://tiki.vnquan-dui-cho-me-den-cheo-han-aicdmeiexnep-ain-closet-p186862741.html?spid=186862745
181454088,Q526 Váy ngủ xuyên thấu hai dây ren ngực xẻ nhiều tà sexy - Đầm ngủ nử ren sexy - Đồ ngủ nữ vạt xẻ tà sexy gợi cảm,160000.0,160000.0,0.0,0.0,0,267028,,https://tiki.vnvay-ngu-xuyen-thau-hai-day-ren-nguc-xe-nhieu-ta-sexy-bt0240-dam-ngu-nu-ren-sexy-do-ngu-nu-vat-xe-ta-sexy-goi-cam-p181454088.html?spid=181454089
155390408,Bikini Đồ bơi nữ có tay khóa kéo màu ĐEN FORM SHORT sành điệu kín đáo co dãn thoải mái,109000.0,109000.0,0.0,3.7,3,210485,,https://tiki.vnbikini-do-boi-nu-co-tay-khoa-keo-mau-den-form-short-sanh-dieu-kin-dao-co-dan-thoai-mai-p155390408.html?spid=162024892
146635990,"Quần ống rộng, chất liệu Linen loại 1, quần kiểu nữ form rộng rãi, thoải mái NeSa Shop QKH.039",99500.0,199000.0,99500.0,4.3,4,249310,,https://tiki.vnquan-ong-rong-dui-chat-lieu-dui-nhap-loai-1-quan-kieu-nu-form-rong-rai-thoai-mai-nesa-shop-qkh-39-p146635990.html?spid=207265745
145290054,"Chân Váy Dài New Design Thiết Kế Dáng Váy Xòe Vintage ,Có Túi và Dây Nơ Phong Cách Hàn Quốc, Vải Tốt ,Mặc Mát CV0027",329000.0,329000.0,0.0,0.0,0,247663,,https://tiki.vnchan-vay-xoe-vintage-thiet-ke-lung-nhung-co-day-no-ms11-kem-anh-that-p145290054.html?spid=145290077
119285154,Combo 2 áo lót học sinh không mút phối ren iBasic VA107,318000.0,477000.0,159000.0,4.8,25,126,,https://tiki.vncombo-3-ao-lot-hoc-sinh-phoi-ren-ibasic-va107-p119285154.html?spid=119285164
115243046,Đồ ngủ Sexy kiểu áo sơ mi che quần quyến rũ,99000.0,99000.0,0.0,1.0,1,135215,,https://tiki.vndo-ngu-sexy-kieu-ao-so-mi-che-quan-quyen-ru-p115243046.html?spid=115243050
107154460,Váy ngủ gợi cảm xẻ tà sexy,75000.0,75000.0,0.0,4.7,3,195824,,https://tiki.vnvay-ngu-goi-cam-xe-ta-sexy-p107154460.html?spid=107154463
106457629,Bộ Đồ Lót Phối Lưới Sexy Có Gọng Không Mút Vải Sợi Thiên Nhiên Cao Cấp BamBoo Miley Lingerie BRB02002-FBM0205,300000.0,300000.0,0.0,0.0,0,8827,,https://tiki.vnbo-do-lot-phoi-luoi-sexy-co-gong-khong-mut-vai-soi-thien-nhien-cao-cap-bamboo-miley-lingerie-brb02002-fbm0205-p106457629.html?spid=106457643
92714493,Baciami-Bộ Áo Dài Ren Tay Phồng,1690000.0,1690000.0,0.0,0.0,0,178364,,https://tiki.vnbaciami-bo-ao-dai-ren-tay-phong-p92714493.html?spid=92714521
87720310,Bộ đồ lót liền thân gợi cảm cho nữ,75000.0,75000.0,0.0,4.6,8,49140,,https://tiki.vnbo-do-lot-lien-than-goi-cam-cho-nu-p87720310.html?spid=87720312
73636396,"Áo tập Thể thao nữ Triumph 3265 mút mỏng, không gọng",399500.0,799000.0,399500.0,5.0,1,2049,,https://tiki.vnao-tap-the-thao-nu-triumph-3265-mut-mong-khong-gong-p73636396.html?spid=73636402
72002406,Áo kiểu nữ tay bồng ulzzang thời trang,154000.0,160000.0,6000.0,0.0,0,40092,,https://tiki.vnao-kieu-nu-tay-bong-ulzzang-thoi-trang-p72002406.html?spid=72002407
68972440,Bộ ngủ pijama lụa gấm cao cấp,175000.0,175000.0,0.0,0.0,0,361737,,https://tiki.vnbo-ngu-pijama-lua-gam-cao-cap-p68972440.html?spid=278678530
67911262,CHÂN VÁY HOA NHÍ TIGOON DỊU DÀNG - Hoa Vàng - M,136000.0,136000.0,0.0,0.0,0,20897,,https://tiki.vnchan-vay-hoa-nhi-tigoon-diu-dang-hoa-vang-m-p67911262.html?spid=67911263
53034828,Combo 2 áo chống nắng nữ cao cấp ( 2 màu ),229000.0,229000.0,0.0,0.0,0,40463,,https://tiki.vncombo-2-a-o-cho-ng-na-ng-nu-cao-ca-p-2-ma-u-p53034828.html?spid=54019871
52257138,Áo khoác chống nắng cao cấp,119000.0,119000.0,0.0,2.7,3,40463,,https://tiki.vnao-khoac-chong-nang-cao-cap-p52257138.html?spid=52257146
51591813,Quần lót ren cao cấp,29000.0,29000.0,0.0,5.0,1,49140,,https://tiki.vnquan-lot-ren-cao-cap-p51591813.html?spid=51893444
39838727,Áo Len Nữ Cổ Thắt Nơ Xinh ALN027 MayHomes - Trắng,84000.0,90000.0,6000.0,4.6,34,5826,,https://tiki.vnao-len-nu-co-that-no-xinh-aln027-mayhomes-p39838727.html?spid=39838729
39159456,"Quần lót nữ sexy, lọt khe gợi cảm màu đen",25000.0,25000.0,0.0,4.7,35,103662,,https://tiki.vnquan-lot-nu-sexy-lot-khe-goi-cam-mau-den-p39159456.html?spid=50328607
38113303,Áo Khoác Kaki Nam Nữ,394000.0,394000.0,0.0,0.0,0,204632,,https://tiki.vnao-khoac-kaki-nam-nu-p38113303.html?spid=113225935
20646686,Combo 5 quần NR031,150000.0,150000.0,0.0,0.0,0,9455,,https://tiki.vncombo-5-quan-nr031-p20646686.html?spid=66187890
278945368,"Đầm đỏ sát nách cổ tròn NGADO , đầm cổ tròn , đầm nữ , đầm dự tiệc",950000.0,950000.0,0.0,0.0,0,344204,,https://tiki.vndam-do-sat-nach-co-tron-ngado-dam-co-tron-dam-nu-dam-du-tiec-p278945368.html?spid=278945370
278721601,"Đầm đen cổ vuông xếp ly NGADO , đầm dài , đầm kiểu Nữ , đầm dự tiệc , công sở",950000.0,950000.0,0.0,0.0,0,344204,,https://tiki.vndam-den-co-vuong-xep-ly-ngado-dam-dai-dam-kieu-nu-dam-du-tiec-cong-so-p278721601.html?spid=278721603
278633251,Váy Ngủ Lụa Quảng Châu Phối Ren Khoét Eo Xinh Xắn,422000.0,422000.0,0.0,0.0,0,6615,,https://tiki.vnvay-ngu-lua-quang-chau-phoi-ren-khoet-eo-xinh-xan-p278633251.html?spid=278633253
278101681,"Bodysuit Sexy Đẹp Quyến Rũ Và Gợi Cảm,Set Đồ Ngủ Gợi Cảm, Set Áo Liền Quần Co Dãn Sexy, Váy Ngủ Có Mút Ngực Gợi Cảm C028",89000.0,89000.0,0.0,0.0,0,186696,,https://tiki.vnbodysuit-sexy-dep-quyen-ru-va-goi-cam-set-do-ngu-goi-cam-set-ao-lien-quan-co-dan-sexy-vay-ngu-co-mut-nguc-goi-cam-c028-p278101681.html?spid=278101682
278016288,QUẦN LÓT LUCKY GIRL TỪ 40-60KG SIÊU XINH DÀNH CHO NỮ,38000.0,38000.0,0.0,0.0,0,311814,,https://tiki.vnquan-lot-lucky-girl-tu-40-60kg-sieu-xinh-danh-cho-nu-p278016288.html?spid=278016298
277620077,"Combo 5 quần lót nữ thun lạnh trơn Voronin N9004, N9005",210000.0,210000.0,0.0,0.0,0,112944,,https://tiki.vncombo-5-quan-lot-nu-thun-lanh-tron-voronin-n9004-n9005-p277620077.html?spid=278005372
276610471,Set áo gile và chân váy suông 2 lớp Helena thiết kế cao cấp WHITE CHIC,640000.0,640000.0,0.0,0.0,0,359223,,https://tiki.vnset-ao-gile-va-chan-vay-suong-2-lop-helena-thiet-ke-cao-cap-white-chic-p276610471.html?spid=276610489
275752815,"Quần suông nữ form rộng, cùng với thiết kế bo chun có dây rút tạo cảm giác cực kì thoải mái QD09",259000.0,259000.0,0.0,0.0,0,10738,,https://tiki.vnquan-suong-nu-form-rong-chat-linen-mem-min-cap-chun-co-day-rut-de-mac-qd09-p275752815.html?spid=275752825
273591007,Áo dài thiết kế vàng kết hoa (size XL),1550000.0,1550000.0,0.0,0.0,0,186114,,https://tiki.vnao-dai-thiet-ke-vang-ket-hoa-p273591007.html?spid=273591008
253630541,Váy Nữ Cao Cấp Màu Tím Xếp Ly 23V027 Pi Style,199000.0,199000.0,0.0,0.0,0,330600,,https://tiki.vnvay-nu-cao-cap-mau-tim-xep-ly-23v027-pi-style-p253630541.html?spid=253630547
251296017,"SUPER COOL, mã G194. Hãy tỏa sáng như kim cương, qua chiếc áo thun Goking siêu hot cho nam nữ trẻ em, áo phông cặp đôi, gia đình, đội nhóm",69000.0,69000.0,0.0,0.0,0,18138,,https://tiki.vnsuper-cool-ma-g194-ao-thun-in-dep-cho-nam-nu-cap-doi-ao-phong-goking-hang-hieu-cao-cap-p251296017.html?spid=251296780
207890819,Q144 Váy ngủ cổ V khoét sâu dây đan chéo ngực kèm mút ngực sexy - Đầm ngủ lụa kèm mút ngực gợi cảm - Đầm ngủ,198000.0,198000.0,0.0,0.0,0,267028,,https://tiki.vnvay-ngu-co-v-khoet-sau-day-dan-cheo-nguc-kem-mut-nguc-sexy-q144-dam-ngu-lua-kem-mut-nguc-goi-cam-dam-ngu-p207890819.html?spid=207890827
203275541,"Áo lót nữ ren nâng ngực không gọng Triumph Sculpt Breeze HU 1749 đệm mút vừa siêu nhẹ, mượt mà và thoáng khí",750000.0,1499000.0,749000.0,5.0,1,2049,,https://tiki.vnao-lot-nu-ren-nang-nguc-khong-gong-triumph-sculpt-breeze-hu-1749-dem-mut-vua-sieu-nhe-muot-ma-va-thoang-khi-p203275541.html?spid=203275551
198978846,Miếng dán ngực Silicon,89000.0,89000.0,0.0,0.0,0,174218,,https://tiki.vnmieng-dan-nguc-silicon-p198978846.html?spid=198978848
197415739,Quần lót lọt khe Money first chuỗi dây xích Đô La,59000.0,59000.0,0.0,0.0,0,49140,,https://tiki.vnquan-lot-lot-khe-money-first-chuoi-day-xich-do-la-p197415739.html?spid=197415740
197415480,Quần lót lọt khe Sexy kẻ sọc nơ nhỏ bikini T-BACK,27000.0,27000.0,0.0,0.0,0,49140,,https://tiki.vnquan-lot-lot-khe-sexy-ke-soc-no-nho-bikini-t-back-p197415480.html?spid=197415482
194115242,Đầm suông nữ tay lơ vê De Leah,750000.0,750000.0,0.0,0.0,0,10143,,https://tiki.vndam-suong-nu-tay-lo-ve-de-leah-p194115242.html?spid=194115254
187826936,Áo sơ mi lụa nữ kiểu TOP018W,375000.0,375000.0,0.0,0.0,0,292406,,https://tiki.vnao-so-mi-lua-nu-kieu-top018w-p187826936.html?spid=187826940
186268548,Quần lót nữ ren lọt khe Sexy hình bướm gợi cảm ôm dáng tạo đường cong quyến rũ,35000.0,35000.0,0.0,4.5,11,49140,,https://tiki.vnquan-lot-nu-ren-lot-khe-sexy-hinh-buom-goi-cam-om-dang-tao-duong-cong-quyen-ru-p186268548.html?spid=186268556
163477354,Bộ ngủ nữ dài tay Lucy da beo,795000.0,795000.0,0.0,0.0,0,231869,,https://tiki.vnbo-ngu-nu-dai-tay-lucy-da-beo-p163477354.html?spid=163477358
155259068,"Áo Sơ Mi Nữ Lụa Xô Hàn Thời Trang Cổ Vest Maxivic, La Mộc - LM62174",420000.0,420000.0,0.0,0.0,0,36961,,https://tiki.vnao-so-mi-nu-lua-xo-han-thoi-trang-co-vest-maxivic-la-moc-lm62174-p155259068.html?spid=155259069
138581438,Quần lót nữ thun lạnh,35000.0,35000.0,0.0,0.0,0,174218,,https://tiki.vnquan-lot-nu-thun-lanh-p138581438.html?spid=138581440
136019920,ĐẦM VINTAGE TAY PHỒNG MYMY,159000.0,159000.0,0.0,5.0,1,20897,,https://tiki.vndam-vintage-tay-phong-mymy-p136019920.html?spid=136019928
135155941,"Bộ Ngủ Pijama Nữ MẪU 2023 Bộ Mặc Nhà,Bộ Đồ Ngủ Chất Cotton Tơ Sữa Dài Tay Gầy, Béo ,Bầu Bí Nhỏ ,Sau Sinh Mặc Thoải Mái",70000.0,70000.0,0.0,5.0,4,224278,,https://tiki.vnbo-ngu-pijama-nu-mau-2021-bo-mac-nha-bo-do-ngu-chat-cotton-to-sua-dai-tay-gay-beo-bau-bi-nho-sau-sinh-mac-thoai-mai-p135155941.html?spid=135156035
134366130,Quần lót nữ ren nổi Cut-Out gợi cảm khoe mông nóng bỏng,29000.0,29000.0,0.0,0.0,0,49140,,https://tiki.vnquan-lot-nu-ren-noi-cut-out-goi-cam-khoe-mong-nong-bong-p134366130.html?spid=134366136
113050413,Áo khoát nỉ nữ hoodie tay phồng Eron chuẩn shop phối đẹp-A663,189250.0,189250.0,0.0,0.0,0,204632,,https://tiki.vnao-khoat-ni-nu-hoodie-tay-phong-eron-chuan-shop-phoi-dep-a663-p113050413.html?spid=113050423
107154349,Đầm Cosplay hầu gái gợi cảm,55000.0,55000.0,0.0,0.0,0,195824,,https://tiki.vndam-cosplay-hau-gai-goi-cam-p107154349.html?spid=107154363
107154025,Quần lót nữ lọt khe trơn,12000.0,12000.0,0.0,0.0,0,195824,,https://tiki.vnquan-lot-nu-lot-khe-tron-p107154025.html?spid=107154033
104793451,"Quần lót nữ thái lan 431 – Chất thun lạnh, mịn màng, phối ren",44000.0,44000.0,0.0,0.0,0,192753,,https://tiki.vnquan-lot-nu-thai-lan-431-chat-thun-lanh-min-mang-phoi-ren-p104793451.html?spid=104793457
101186110,Combo 5 Quần Lót Cotton Pha Ren Cao Cấp hàng việt nam 02,109200.0,109200.0,0.0,0.0,0,188535,,https://tiki.vncombo-5-quan-lot-cotton-pha-ren-cao-cap-hang-viet-nam-02-p101186110.html?spid=101186126
96994606,Váy ngủ ren hoa xuyên thấu thoáng mát+ Quần lót sexy,65000.0,65000.0,0.0,4.5,17,49140,,https://tiki.vnvay-ngu-ren-hoa-xuyen-thau-thoang-mat-quan-lot-sexy-p96994606.html?spid=96994610
88952446, Áo Ngực Boya ren 3 móc Xuất Nhật mút kép mỏng có gọng,107900.0,130000.0,22100.0,0.0,0,112944,,https://tiki.vnao-nguc-boya-ren-3-moc-xuat-nhat-mut-kep-mong-co-gong-p88952446.html?spid=142090741
73742576,Quần lọt khe nữ - Tím,25000.0,25000.0,0.0,4.0,4,103662,,https://tiki.vnquan-lot-khe-nu-tim-p73742576.html?spid=73742577
68541845,Áo khoác dù nữ M.O.N Boutique TD01,169300.0,169300.0,0.0,3.6,5,204632,,https://tiki.vnao-khoac-du-nu-m-o-n-boutique-td01-p68541845.html?spid=113228651
67381250,Váy ngủ 2 dây liền thân ôm sát xẻ đáy gợi cảm,65000.0,65000.0,0.0,5.0,2,103662,,https://tiki.vnvay-ngu-2-day-lien-than-om-sat-xe-day-goi-cam-p67381250.html?spid=97001609
66484697,Bộ đồ ngủ lưới liền thân xuyên thấu gợi cảm,39000.0,39000.0,0.0,5.0,1,49140,,https://tiki.vnbo-do-ngu-luoi-lien-than-xuyen-thau-goi-cam-p66484697.html?spid=66484698
57297364,Quần lót nữ gợi cảm,25000.0,25000.0,0.0,4.2,15,103662,,https://tiki.vnquan-lot-nu-goi-cam-p57297364.html?spid=57297592
12320475,ÁO NGỰC MÚT MỎNG KHÔNG GỌNG CAO CẤP,156000.0,156000.0,0.0,0.0,0,9455,,https://tiki.vnao-nguc-mut-mong-khong-gong-cao-cap-p12320475.html?spid=52104901
5530379,Chân Váy Midi Cúc Bọc De Leah -  Đen (Size,675000.0,675000.0,0.0,0.0,0,10143,,https://tiki.vnchan-vay-midi-cuc-boc-de-leah-den-p5530379.html?spid=5530383
4611735,Combo 10 Quần Lót Nữ Ren cao cấp hàng việt nam QL468,245000.0,245000.0,0.0,4.0,2,9455,,https://tiki.vncombo-10-quan-lot-nu-ren-cao-cap-hang-viet-nam-ql468-p4611735.html?spid=4611737
278768542,"Bộ Áo Bà Ba Quần Đen Đi Lễ Chùa , Vải Lụa Gấm Cực Đẹp,Mềm Mịn, Set Đồ Lam Đi Chùa Mặc Cực Thoải Mái Duyên Dáng, Kín Đáo - 2 - L",180000.0,180000.0,0.0,0.0,0,361737,,https://tiki.vnbo-ao-ba-ba-quan-den-di-le-chua-vai-lua-gam-cuc-dep-mem-min-set-do-lam-di-chua-mac-cuc-thoai-mai-duyen-dang-kin-dao-2-l-p278768542.html?spid=278768545
278102017,"Bodysuit Sexy Đẹp Quyến Rũ Và Gợi Cảm,Set Đồ Ngủ Gợi Cảm, Set Áo Liền Quần Co Dãn Sexy, Váy Ngủ Có Mút Ngực Gợi Cảm C005",109000.0,109000.0,0.0,0.0,0,186696,,https://tiki.vnbodysuit-sexy-dep-quyen-ru-va-goi-cam-set-do-ngu-goi-cam-set-ao-lien-quan-co-dan-sexy-vay-ngu-co-mut-nguc-goi-cam-c005-p278102017.html?spid=278102018
278101690,"Bodysuit Sexy Đẹp Quyến Rũ Và Gợi Cảm,Set Đồ Ngủ Gợi Cảm, Set Áo Liền Quần Co Dãn Sexy, Váy Ngủ Có Mút Ngực Gợi Cảm C031",109000.0,109000.0,0.0,0.0,0,186696,,https://tiki.vnbodysuit-sexy-dep-quyen-ru-va-goi-cam-set-do-ngu-goi-cam-set-ao-lien-quan-co-dan-sexy-vay-ngu-co-mut-nguc-goi-cam-c031-p278101690.html?spid=278101691
278078475,"Áo Thun Đôi, Cặp Mr.Buffalo tim love Tshirt Cotton 100% có bigsize Unisex Local Brand B17 - B17 Đen",200000.0,200000.0,0.0,0.0,0,162792,,https://tiki.vnao-thun-doi-cap-mr-buffalo-tim-love-tshirt-cotton-100-co-bigsize-unisex-local-brand-b17-p278078475.html?spid=278078498
278021309,ÁO HAI DÂY SIÊU HOT SIÊU QUYẾN RŨ DƯỚI 60KG DÀNH CHO NỮ,125000.0,125000.0,0.0,5.0,1,311814,,https://tiki.vnbra-sieu-hot-sieu-quyen-ru-duoi-60kg-danh-cho-nu-p278021309.html?spid=278021319
278015711,Đầm Maxi Trắng Cotton Dài Đi Biển Du Lịch Resorts Tiên DRE066 Thời trang Hity,1895000.0,1895000.0,0.0,0.0,0,255,,https://tiki.vndam-maxi-trang-cotton-dai-di-bien-du-lich-resorts-tien-dre066-thoi-trang-hity-p278015711.html?spid=278015713
277983663,"Combo 5 Quần Lót Nữ Thông Hơi Trơn Thái Lan S08 – Siêu Êm, Không Viền, Co Giãn 4 Chiều",106400.0,140000.0,33600.0,0.0,0,112944,,https://tiki.vncombo-5-quan-lot-nu-thong-hoi-tron-thai-lan-s08-sieu-em-khong-vien-co-gian-4-chieu-p277983663.html?spid=278005205
276856098,Cuộn Dán Ngực Miếng Dán Nâng Ngực Tạo Được Nhiều Kiểu Nâng Ngực Đa Năng Màu Da,100000.0,100000.0,0.0,0.0,0,353491,,https://tiki.vncuon-dan-nguc-mieng-dan-nang-nguc-tao-duoc-nhieu-kieu-nang-nguc-da-nang-mau-da-p276856098.html?spid=276856099
276612534,"Chân Váy Lụa Hàn Châu Dành Cho Nữ Trung Niên Thời Trang Cao Cấp Tôn Vóc Dáng, Phong Cách Thanh Lịch - Tuấn Tú Store 68",217000.0,217000.0,0.0,0.0,0,158759,,https://tiki.vnchan-vay-lua-han-chau-danh-cho-nu-trung-nien-thoi-trang-cao-cap-ton-voc-dang-phong-cach-thanh-lich-tuan-tu-store-68-p276612534.html?spid=276612995
276608213,Set áo blazer & chân váy Colonnade màu trắng thiết kế cao cấp WHITE CHIC,1198000.0,1198000.0,0.0,0.0,0,359223,,https://tiki.vnset-ao-blazer-chan-vay-colonnade-mau-trang-thiet-ke-cao-cap-white-chic-p276608213.html?spid=276608215
276422447,Váy Nữ Trung Niên Chất Liệu Lụa Tuyết Thiết Kế Thời Trang Sành Điệu Phù Hợp Cho Mẹ Đi Chơi Đi Tiệc - Tuấn Tú Store 68,284000.0,284000.0,0.0,0.0,0,158759,,https://tiki.vnvay-nu-trung-nien-chat-lieu-lua-tuyet-thiet-ke-thoi-trang-sanh-dieu-phu-hop-cho-me-di-choi-di-tiec-tuan-tu-store-68-p276422447.html?spid=276423241
274988586,Full set thời trang golf nữ DK – DK24309-DK24086,2250000.0,2250000.0,0.0,0.0,0,244635,,https://tiki.vnfull-set-thoi-trang-golf-nu-dk-dk24309-dk24086-p274988586.html?spid=274988594
274747509,"Combo 5 Quần Lót Nữ Bông Ép Mềm Mại Belle 2389 – Ôm Dáng, Thoáng Mát, Size Đa Dạng",210000.0,210000.0,0.0,4.0,1,112944,,https://tiki.vncombo-5-quan-lot-nu-bong-ep-mem-mai-belle-2389-p274747509.html?spid=274747515
270666309,"Đầm sơ mi đũi Haint Boutique,  Đầm suông cổ sơ mi thiết kế đuôi tôm trẻ trung Da208",299000.0,299000.0,0.0,0.0,0,10738,,https://tiki.vndam-so-mi-dui-haint-boutique-dam-suong-co-so-mi-thiet-ke-duoi-tom-tre-trung-da208-p270666309.html?spid=270666340
206335812,Combo 2 Áo Ngực Melange Lưng Logo Sporty Chic Thể Thao Miley Lingerie - BRC_002,693000.0,693000.0,0.0,5.0,1,8827,,https://tiki.vncombo-2-ao-nguc-melange-lung-logo-sporty-chic-the-thao-miley-lingerie-brc_002-p206335812.html?spid=206335816
192355461,"Đầm Váy Nữ Dáng Xòe Họa Tiết Sọc Caro Cổ Sơ Mi Tay Ngắn Mặc Đi Làm, Đi Dạo Phố Haint Boutique Da158",249000.0,249000.0,0.0,0.0,0,10738,,https://tiki.vndam-vay-nu-dang-xoe-hoa-tiet-soc-caro-co-so-mi-tay-ngan-mac-di-lam-di-dao-pho-haint-boutique-da158-p192355461.html?spid=192355469
187826334,Quần cạp cao ống suông TR016W,839300.0,839300.0,0.0,0.0,0,292406,,https://tiki.vnquan-cap-cao-ong-suong-tr016w-p187826334.html?spid=187826339
173399432,Q7 Váy ngủ lụa hai dây đôi cánh sexy gợi cảm - Đầm ngủ nữ 2 dây - Đồ ngủ nữ,160000.0,160000.0,0.0,0.0,0,267028,,https://tiki.vnvay-ngu-lua-hai-day-doi-canh-sexy-goi-cam-bt0058-dam-ngu-nu-2-day-do-ngu-nu-p173399432.html?spid=173399436
167906833,Bikini Tay Dài Dễ Thương Hot Trending AT218 MayHomes Đồ Bơi Hai Mảnh Long Sleeves Women Swimwear Set,176000.0,189000.0,13000.0,5.0,5,5826,,https://tiki.vnbikini-tay-dai-de-thuong-hot-trending-at218-mayhomes-do-boi-hai-manh-tay-dai-long-sleeves-women-swimwear-set-p167906833.html?spid=167906839
163563277,Quần Legging Nữ LUPERI LP59 Cạp Cao Nâng Mông chất vải crayon co giãn tốt không bai không xù không cắn chỉ,278000.0,278000.0,0.0,0.0,0,120615,,https://tiki.vnquan-legging-nu-luperi-lp59-cap-cao-nang-mong-chat-vai-crayon-co-gian-tot-khong-bai-khong-xu-khong-can-chi-p163563277.html?spid=163563281
155268238,"Đầm Công Sở Lụa Hàn, Đắp Chéo Thắt Dây Eo Maxivic, La Mộc - LM92105",729000.0,729000.0,0.0,0.0,0,36961,,https://tiki.vndam-cong-so-lua-han-dap-cheo-that-day-eo-maxivic-la-moc-lm92105-p155268238.html?spid=155268239
146635769,"Áo thun nam nữ form rộng, Áo phông tay lỡ, chất liệu thun Thái co giãn, áo unisex hình Cô Gái dưới 65kg, NeSa Shop",44500.0,89000.0,44500.0,4.0,1,249310,,https://tiki.vnao-thun-nam-nu-form-rong-ao-phong-tay-lo-chat-lieu-thun-cotton-co-gian-a-o-unisex-in-hinh-cong-chua-tuyet-nesa-shop-p146635769.html?spid=146635812
133888803,"Áo len nữ, áo len dài tay cổ tròn thu đông AL46",249000.0,249000.0,0.0,0.0,0,235034,,https://tiki.vnao-len-nu-ao-len-dai-tay-co-tron-thu-dong-al46-p133888803.html?spid=133888812
128123014,Set cardigan len thời trang thu đông nữ,140000.0,140000.0,0.0,0.0,0,225326,,https://tiki.vnset-cardigan-len-thoi-trang-thu-dong-nu-p128123014.html?spid=128123020
115878738,"Bộ Áo Bà Ba Quần Đen Đi Lễ Chùa , Vải Lụa Gấm Cực Đẹp,Mềm Mịn, Set Đồ Lam Đi Chùa Mặc Cực Thoải Mái Duyên Dáng, Kín Đáo",180000.0,180000.0,0.0,0.0,0,361737,,https://tiki.vnbo-ao-ba-ba-quan-den-di-le-chua-vai-lua-gam-cuc-dep-mem-min-set-do-lam-di-chua-mac-cuc-thoai-mai-duyen-dang-kin-dao-p115878738.html?spid=278768537
109711702,Quần Lót Bầu Cạp Chéo Cotton Lụa Miley Nature Miley Lingerie PRC0200,125000.0,125000.0,0.0,0.0,0,8827,,https://tiki.vnquan-lot-bau-cap-cheo-cotton-lua-miley-nature-miley-lingerie-prc0200-p109711702.html?spid=109711710
109135402,Áo kiểu nữ Tri'C Luxury họa tiết hoa Trắng hoa cam S040920,499000.0,499000.0,0.0,0.0,0,149209,,https://tiki.vnao-kieu-nu-tri-c-luxury-hoa-tiet-hoa-trang-hoa-cam-s040920-p109135402.html?spid=109135431
107154486,Quần tất lọt khe gợi cảm,35000.0,35000.0,0.0,5.0,1,195824,,https://tiki.vnquan-tat-lot-khe-goi-cam-p107154486.html?spid=107154492
104515061,ÁO HOODIE - ÁO KHOÁC NỈ NGOẠI TAY PHỒNG (HD2370 - Hoạt Hình),450280.0,450280.0,0.0,0.0,0,204632,,https://tiki.vnao-hoodie-ao-khoac-ni-ngoai-tay-phong-hd2370-hoat-hinh-p104515061.html?spid=113225263
99991374,Đồ bộ ngủ Pyjama lụa tơ tay ngắn quần dài pattern,160000.0,160000.0,0.0,0.0,0,169077,,https://tiki.vndo-bo-ngu-pyjama-lua-to-tay-ngan-quan-dai-pattern-p99991374.html?spid=276954218
94841016,Áo Lót Mút Dày Vừa Nâng Ngực Phối Ren Màu Đen Phối Da Hoặc Xám Habpy Lady By Sabina HBLP599,383000.0,383000.0,0.0,4.7,3,8808,,https://tiki.vnao-lot-mut-day-vua-nang-nguc-phoi-ren-mau-den-phoi-da-hoac-xam-habpy-lady-by-sabina-hblp599-p94841016.html?spid=94841038
51020524,ÁO LÁ THUN LẠNH NHIỀU SIZE,45650.0,55000.0,9350.0,4.6,40,112944,,https://tiki.vnao-la-thun-lanh-nhieu-size-p51020524.html?spid=51020529
50376167,Quần lót nữ ren - Màu trắng,39000.0,39000.0,0.0,3.0,1,49140,,https://tiki.vnquan-lot-nu-ren-mau-trang-p50376167.html?spid=50376168
48535810,ÁO KHOÁC KAKI NỮ FORM RỘNG,167000.0,167000.0,0.0,4.3,41,43788,,https://tiki.vnao-khoac-kaki-nu-form-rong-p48535810.html?spid=51116438
34316617,"Siêu giảm giá. Áo phông trơn GOKING form ôm đẹp cho nữ, chất liệu thun 100% cotton siêu thoáng mát. Áo phông nữ hàng hiệu cao cấp",99000.0,99000.0,0.0,4.5,135,18138,,https://tiki.vnao-phong-tron-goking-form-om-dep-cho-nu-chat-lieu-thun-100-cotton-sieu-thoang-mat-p34316617.html?spid=44434900
8090147,Quần Legging Nữ Vicci Cạp Cao 10P,209500.0,419000.0,209500.0,3.9,9,2049,,https://tiki.vnquan-legging-nu-vicci-cap-cao-10p-den-p8090147.html?spid=8090159
8041448, Áo dán nâng ngực khóa cài trước,88000.0,88000.0,0.0,0.0,0,9455,,https://tiki.vnao-dan-nang-nguc-khoa-cai-truoc-p8041448.html?spid=15521963
2433051,Áo khoác nữ chống nắng UPF50+ Cyan Zigzag JAC00304,449500.0,899000.0,449500.0,5.0,1,2968,,https://tiki.vnao-khoac-nu-chong-nang-upf50-cyan-zigzag-jac00304-tang-khau-trang-lon-cung-mau-tri-gia-129k-p2433051.html?spid=2433063
279091849,"Đồ bộ nữ big size, chất liệu vải mát, form rộng thoải mái, quần áo trung niên sang, quý phái NeSa Shop",89500.0,179000.0,89500.0,0.0,0,249310,,https://tiki.vndo-bo-nu-big-size-chat-lieu-vai-mat-form-rong-thoai-mai-quan-ao-trung-nien-sang-quy-phai-nesa-shop-p279091849.html?spid=279091855
279023031,"Set áo hồng quần short đỏ NGADO , set áo quần ngắn , set áo quần Nữ , set dạo phố",1300000.0,1300000.0,0.0,0.0,0,344204,,https://tiki.vnset-ao-hong-quan-short-do-ngado-set-ao-quan-ngan-set-ao-quan-nu-set-dao-pho-p279023031.html?spid=279023033
278966449,"Đầm đỏ vạt xéo NGADO , đầm kiểu Nữ , đầm dự tiệc",950000.0,950000.0,0.0,0.0,0,344204,,https://tiki.vndam-do-vat-xeo-ngado-dam-kieu-nu-dam-du-tiec-p278966449.html?spid=278966457
278950332,"Áo Lót Nữ Su Đúc Hình Bàn Tay Nâng Ngực Baqiya K92 – Form Đẹp, Mềm Mịn, Nâng Ngực Tự Nhiên (Size 34–38)",110000.0,110000.0,0.0,0.0,0,112944,,https://tiki.vnao-lot-nu-su-duc-hinh-ban-tay-nang-nguc-baqiya-k92-form-dep-mem-min-nang-nguc-tu-nhien-size-34-38-p278950332.html?spid=278950386
278732646,"Áo Len Kẻ Cúc Gỗ Dáng Basic Siêu Mịn – Hàng Hot Đầu Vụ, Chất Len Mềm Đẹp Chuẩn Trend Thu Đông",250000.0,250000.0,0.0,0.0,0,282163,,https://tiki.vnao-len-ke-cuc-go-dang-basic-sieu-min-hang-hot-dau-vu-chat-len-mem-dep-chuan-trend-thu-dong-p278732646.html?spid=278732650
278571120,Áo len cardigan vàng siêu HOT 2025,250000.0,250000.0,0.0,0.0,0,282163,,https://tiki.vnao-len-cardigan-vang-sieu-hot-2025-p278571120.html?spid=278571121
278034612,QUẦN GEN ĐÙI HOT CỰC CHÁY CAO CẤP ĐỊNH HÌNH TỪ 40-70KG DÀNH CHO NỮ,220000.0,220000.0,0.0,0.0,0,311814,,https://tiki.vnquan-gen-dui-hot-cuc-chay-cao-cap-dinh-hinh-tu-40-70kg-danh-cho-nu-p278034612.html?spid=278034614
277771064,Combo Quần Lót Nữ Ren Lưới 4 Chiếc Tặng Kèm Hộp Xinh Nhiều Mẫu,204000.0,204000.0,0.0,0.0,0,6615,,https://tiki.vncombo-quan-lot-nu-ren-luoi-4-chiec-tang-kem-hop-xinh-nhieu-mau-p277771064.html?spid=277771066
276946176,Áo mangto dạ dáng dài màu đen - Hàng cao cấp ,648000.0,648000.0,0.0,0.0,0,71471,,https://tiki.vnao-mangto-da-dang-dai-mau-den-hang-cao-cap-p276946176.html?spid=276946177
276609854,Đầm xòe xếp ly tay ngắn cổ V JOCELYN thiết kế cao cấp WHITE CHIC,1650000.0,1650000.0,0.0,0.0,0,359223,,https://tiki.vndam-xoe-xep-ly-tay-ngan-co-v-jocelyn-thiet-ke-cao-cap-white-chic-p276609854.html?spid=276609861
276407319,Bộ ngủ tay dài quần dài cotton có mút 789 quảng châu nhiều mẫu đơn giản,318750.0,318750.0,0.0,0.0,0,6615,,https://tiki.vnbo-ngu-tay-dai-quan-dai-cotton-co-mut-789-quang-chau-nhieu-mau-don-gian-p276407319.html?spid=276407333
275711236,Đầm dự tiệc vest phối xếp ly cao cấp.,1890000.0,1890000.0,0.0,0.0,0,135606,,https://tiki.vndam-du-tiec-vest-phoi-xep-ly-cao-cap-p275711236.html?spid=275711237
275131217,"Đầm linen nữ trơn tay ngắn kết hợp phối cúc và rút eo , có nhiều màu dễ mặc đi chơi hay đi làm Da217",320000.0,320000.0,0.0,0.0,0,10738,,https://tiki.vndam-linen-nu-tron-tay-ngan-ket-hop-phoi-cuc-va-rut-eo-co-nhieu-mau-de-mac-di-choi-hay-di-lam-da217-p275131217.html?spid=275131241
274911729,Áo Thun NAM- NỮ Cá Sấu 4 Chiều chất poly  Màu ve chai,100000.0,100000.0,0.0,0.0,0,169077,,https://tiki.vnao-thun-nam-nu-ca-sau-4-chieu-chat-poly-mau-ve-chai-p274911729.html?spid=274912471
274189040,Váy trắng dự tiệc MINA thiết kế hai dây dáng xoè đắp nơ ngực chất liệu gấm sang trọng - MN126,540000.0,540000.0,0.0,0.0,0,183689,,https://tiki.vnvay-trang-du-tiec-mina-thiet-ke-hai-day-dang-xoe-dap-no-nguc-chat-lieu-gam-sang-trong-mn126-p274189040.html?spid=274189046
274188413,Đầm xoè MINA thiết kế sang trọng hở lưng phối nơ midi chất liệu Taffta lụa cao cấp - MN104,680000.0,680000.0,0.0,0.0,0,183689,,https://tiki.vndam-xoe-mina-thiet-ke-sang-trong-ho-lung-phoi-no-midi-chat-lieu-taffta-lua-cao-cap-mn104-p274188413.html?spid=274188417
273902776,De Leah - Đầm Ôm Tay Lỡ 2 Tầng - Thời Trang Thiết Kế,850000.0,850000.0,0.0,0.0,0,10143,,https://tiki.vnde-leah-dam-om-tay-lo-2-tang-thoi-trang-thiet-ke-p273902776.html?spid=273902786
253630573,Set Nữ Dáng Peplum Màu Be Cao Cấp 23V057 Pi Style,199000.0,199000.0,0.0,0.0,0,330600,,https://tiki.vnset-nu-dang-peplum-mau-be-cao-cap-23v057-pi-style-p253630573.html?spid=253630579
252437219,"Quần lót nữ cạp cao biết thở  Vicci QV.210 công nghệ Microfiber không đường may, siêu mỏng nhẹ, tàng hình không viền, mặc nhẹ như không, thông hơi thoáng khí, kháng khuẩn khử mùi",66000.0,89000.0,23000.0,5.0,1,2049,,https://tiki.vnquan-lot-nu-cap-cao-biet-tho-vicci-qv-209-cong-nghe-microfiber-khong-duong-may-sieu-mong-nhe-tang-hinh-khong-vien-mac-nhe-nhu-khong-thong-hoi-thoang-khi-khang-khuan-khu-mui-p252437219.html?spid=252437282
249387546,"Áo kiểu nữ đẹp, chất liệu đũi mềm mát, áo kiểu form rộng cánh dơi, thời trang nữ NeSa Shop, AKH.036",114500.0,229000.0,114500.0,0.0,0,249310,,https://tiki.vnao-kieu-nu-dep-chat-lieu-dui-mem-mat-ao-kieu-form-rong-canh-doi-thoi-trang-nu-nesa-shop-akh-036-p249387546.html?spid=249387592
229767337,Quần Lót Nữ Thời Trang Thoải Mái - Giao Mẫu Ngẫu Nhiên,47000.0,79000.0,32000.0,0.0,0,8827,,https://tiki.vnquan-lot-nu-thoi-trang-thoai-mai-giao-mau-ngau-nhien-p229767337.html?spid=229767350
208740505,Đầm váy suông nữ dáng dài tay lỡ chất liệu linen mềm cao cấp phong cách retro Haint Boutique Da190,299000.0,299000.0,0.0,0.0,0,10738,,https://tiki.vndam-vay-suong-nu-dang-dai-tay-lo-chat-lieu-linen-mem-cao-cap-phong-cach-retro-haint-boutique-da190-p208740505.html?spid=208740515
188380252,Yếm Váy Nữ New Design Thiết Kế Váy Xẻ Đùi Dài Qua Gối Thanh Lịch CV0041,229000.0,229000.0,0.0,5.0,3,247663,,https://tiki.vnyem-vay-nu-xe-truoc-vay-dai-qua-goi-phong-cach-han-quoc-tre-trung-hang-thiet-ke-cao-cap-new-design-cv0041-p188380252.html?spid=277266966
176534606,Chân Váy Xòe New Design Dáng Midi Dài Qua Gối Duyên dáng,329000.0,329000.0,0.0,5.0,5,247663,,https://tiki.vnchan-vay-xoe-dang-midi-dai-qua-goi-vay-cong-so-lung-cao-dinh-no-duyen-dang-chat-vai-nhap-xin-vannhshop-cv027a-p176534606.html?spid=176534613
168850401,Q36 Váy ngủ hai dây ren mỏng sexy  - Đầm ngủ nữ xuyên thấu - Đồ ngủ mặc nhà,160000.0,160000.0,0.0,0.0,0,267028,,https://tiki.vnvay-ngu-hai-day-ren-mong-sexy-bt0023-dam-ngu-nu-xuyen-thau-do-ngu-mac-nha-p168850401.html?spid=168850414
162562958,COMBO 5 QUẦN SU ĐÚC (40KG-60KG),109200.0,109200.0,0.0,5.0,1,188535,,https://tiki.vncombo-5-quan-su-duc-40kg-60kg-p162562958.html?spid=162562984
160217250,Quần Jeans nữ baggy lưng cao Novelty MS693,390000.0,390000.0,0.0,0.0,0,6175,,https://tiki.vnquan-jeans-nu-baggy-lung-cao-novelty-ms693-p160217250.html?spid=160217252
157096843,Áo 2s hai dây khuy ngọc phối ren có đệm ngực,49000.0,49000.0,0.0,5.0,1,177515,,https://tiki.vnao-2s-hai-day-khuy-ngoc-phoi-ren-co-dem-nguc-p157096843.html?spid=185654781
145290207,"Chân Váy Dài, New Design Thiết Kế Phối Nút Trẻ Trung ,Dáng Váy Bút Chì Dài 62cm, 3 Màu Chủ Đạo ,Chất  Vải Tốt, Co Giãn CV0012",237000.0,237000.0,0.0,0.0,0,247663,,https://tiki.vnchan-vay-but-chi-vay-dep-thiet-ke-cao-cap-mau-den-chat-lieu-vai-nhap-co-gian-tot-ms01-vannhshop-p145290207.html?spid=145290210
135268271,Áo Dài Thêu Truyền Thống Lụa Tô Châu Cao Cấp - Áo Dài Mian ( hình thật ),888000.0,1600000.0,712000.0,0.0,0,235292,,https://tiki.vnao-dai-theu-truyen-thong-lua-to-chau-cao-cap-ao-dai-mian-hinh-that-p135268271.html?spid=135268273
134381011,quần nữ ống suông- chất liệu đũi - Full size (H3),151000.0,151000.0,0.0,4.3,3,226391,,https://tiki.vnquan-nu-ong-suong-chat-lieu-dui-full-size-h3-p134381011.html?spid=134382082
115125259,Combo 5 Chiếc Quần Lót Nữ Xuất Nhật Nâng Mông - Quần Kháng Khuẩn Free size.,120000.0,120000.0,0.0,0.0,0,177515,,https://tiki.vncombo-5-chiec-quan-lot-nu-xuat-nhat-nang-mong-quan-khang-khuan-free-size-p115125259.html?spid=278770628
109492882,Quần lót nữ thái lan #828 – Chất thun lạnh Thailand,42000.0,42000.0,0.0,0.0,0,112944,,https://tiki.vnquan-lot-nu-thai-lan-828-chat-thun-lanh-thailand-p109492882.html?spid=276473767
73322036,Áo 2 Dây GÂN TĂM Giữ Nhiệt Lót Lông  Ấm Dành Cho Nữ,55000.0,55000.0,0.0,5.0,1,139788,,https://tiki.vnao-2-day-gan-tam-giu-nhiet-lot-long-am-danh-cho-nu-p73322036.html?spid=129234120
67837716, Áo khoác nữ dù 2 lớp 20XX hàng đẹp - M091,220750.0,220750.0,0.0,0.0,0,204632,,https://tiki.vnao-khoac-nu-du-2-lop-20xx-hang-dep-m091-p67837716.html?spid=113228596
51593235, Quần lọt khe nữ - Màu hồng,29000.0,29000.0,0.0,4.2,6,49140,,https://tiki.vnquan-lot-khe-nu-mau-hong-p51593235.html?spid=51593236
44245854,Quần lót lọt khe nữ sexy - Màu xanh,39000.0,39000.0,0.0,3.0,1,49140,,https://tiki.vnquan-lot-lot-khe-nu-sexy-mau-xanh-p44245854.html?spid=44245855
42559444,Đầm Hoa Tay Lỡ Xinh Xắn DN064 MayHomes,179000.0,179000.0,0.0,4.5,35,5826,,https://tiki.vndam-hoa-tay-lo-xinh-xan-dn064-mayhomes-p42559444.html?spid=42559557
28079664,Bộ ngủ lụa satin cao cấp,200000.0,200000.0,0.0,0.0,0,9455,,https://tiki.vnbo-ngu-lua-satin-cao-cap-p28079664.html?spid=54768984
3689291,Áo nữ vạt chéo ale25,149000.0,149000.0,0.0,0.0,0,10738,,https://tiki.vnao-nu-vat-cheo-ale25-p3689291.html?spid=56443011
278706179,Shop Phố Anh Quần Tây Công Sở Nữ Chất Liệu Cao Cấp Kiểu Dáng Trang Nhã Phù Hợp Nhiều Sự Kiện Dễ Giặt Ủi - Pants,250000.0,250000.0,0.0,0.0,0,363032,,https://tiki.vnshop-pho-anh-quan-tay-cong-so-nu-chat-lieu-cao-cap-kieu-dang-trang-nha-phu-hop-nhieu-su-kien-de-giat-ui-pants-p278706179.html?spid=278706183
278576076,Quần Ống Rộng Dạng Váy Chất Liệu Đũi Hoa Mềm Mát Kiểu Dáng Tinh Tế Và Tôn Dáng Cho Phái Nữ - Tuấn Tú Store,199000.0,199000.0,0.0,0.0,0,158759,,https://tiki.vnquan-ong-rong-dang-vay-chat-lieu-dui-hoa-mem-mat-kieu-dang-tinh-te-va-ton-dang-cho-phai-nu-tuan-tu-store-p278576076.html?spid=278586439
278566820,"Quần áo dài lụa có đủ màu phối áo dài và áo bà ba vải lụa co giãn (size S,M mặc Số 1 -size L,XL mặc Số 2 )(phía trước dây kéo phía sau có thun ) Nữ",150000.0,150000.0,0.0,0.0,0,363032,,https://tiki.vnquan-ao-dai-lua-co-du-mau-phoi-ao-dai-va-ao-ba-ba-vai-lua-co-gian-size-s-m-mac-so-1-size-l-xl-mac-so-2-phia-truoc-day-keo-phia-sau-co-thun-nu-p278566820.html?spid=278566828
278035000,QUẦN LÓT SU MỎNG MỀM MÁT THOẢI MÁI TỪ 40-70KG DÀNH CHO NỮ,28000.0,28000.0,0.0,0.0,0,311814,,https://tiki.vnquan-lot-su-mong-mem-mat-thoai-mai-tu-40-70kg-danh-cho-nu-p278035000.html?spid=278035020
277971526,Chân váy chữ A dáng ngắn hình bông hoa cho nữ,139000.0,139000.0,0.0,0.0,0,40092,,https://tiki.vnchan-vay-chu-a-dang-ngan-hinh-bong-hoa-cho-nu-p277971526.html?spid=277971527
276921289,Áo Gile len form rộng hình trái tim thời trang Hàn Quốc,259000.0,259000.0,0.0,0.0,0,40092,,https://tiki.vnao-gile-len-form-rong-hinh-trai-tim-thoi-trang-han-quoc-p276921289.html?spid=276921290
276803522,Quần nữ xen lụa xám đậm túi hộp rút ống,399000.0,399000.0,0.0,5.0,1,36961,,https://tiki.vnquan-nu-xen-lua-xam-dam-tui-hop-rut-ong-p276803522.html?spid=276803528
276371024,Áo khoác 6 túi nhung đôi sang trọng nữ Top Women Jachet,165000.0,165000.0,0.0,0.0,0,241803,,https://tiki.vnao-khoac-6-tui-nhung-doi-sang-trong-nu-top-women-jachet-p276371024.html?spid=276371034
275785846,"Áo blazer nữ chất linen bột mịn cao cấp, tay lỡ thích hợp mặc mùa thu, đông Bz11",350000.0,350000.0,0.0,0.0,0,10738,,https://tiki.vnao-vest-blaze-nu-dang-lung-tay-lo-tre-trung-chat-vai-linen-mem-mat-thich-hop-he-thu-bz11-p275785846.html?spid=278215112
273593474,Áo lót nữ Lorencia - GLK 232,299000.0,299000.0,0.0,0.0,0,348837,,https://tiki.vnao-lot-nu-lorencia-glk-232-p273593474.html?spid=273593490
271128079,"Áo lót nữ nâng ngực mỏng, có gọng Vicci AV.05 cúp chéo phối viền ren, dây vai có thể tháo rời, mềm mại, thoáng mát tạo cảm giác dễ chịu, thoải mái tuyệt đối",138000.0,198000.0,60000.0,5.0,1,2049,,https://tiki.vnao-lot-nu-nang-nguc-mong-co-gong-vicci-av-05-cup-cheo-phoi-vien-ren-day-vai-co-the-thao-roi-mem-mai-thoang-mat-tao-cam-giac-de-chiu-thoai-mai-tuyet-doi-p271128079.html?spid=271128099
270636351,Áo Voan 2 Lớp Sành Điệu Dành Cho Phụ Nữ Trung Niên Hiện Đại - Tuấn Tú Store 68,183000.0,183000.0,0.0,0.0,0,158759,,https://tiki.vnao-voan-2-lop-sanh-dieu-danh-cho-phu-nu-trung-nien-hien-dai-tuan-tu-store-68-p270636351.html?spid=270636377
253311515,Quần lót lưới đính nơ 3d xuyên thấu gợi cảm,65000.0,65000.0,0.0,0.0,0,103662,,https://tiki.vnquan-lot-luoi-dinh-no-3d-xuyen-thau-goi-cam-p253311515.html?spid=253311519
221276706,Áo ngực mút mỏng không gọng,79000.0,79000.0,0.0,0.0,0,174218,,https://tiki.vnao-nguc-mut-mong-khong-gong-p221276706.html?spid=221276716
197218173,Combo 3 Quần Lót Nữ Vải Sợi Thiên Nhiên Bamboo - FBS-01,327000.0,327000.0,0.0,5.0,6,8827,,https://tiki.vncombo-3-quan-lot-nu-vai-soi-thien-nhien-bamboo-fbs-01-p197218173.html?spid=197218175
195968420,Quần lót dây xích trái tim đá sáng nổi bật gợi cảm - lọt khe Sexy,55000.0,55000.0,0.0,0.0,0,49140,,https://tiki.vnquan-lot-day-xich-trai-tim-da-sang-noi-bat-goi-cam-lot-khe-sexy-p195968420.html?spid=195968421
195968149,Quần lọt khe nữ Sexy quần lót cotton gợi cảm kháng khuẩn thoáng khí cạp thấp mới,45000.0,45000.0,0.0,0.0,0,49140,,https://tiki.vnquan-lot-khe-nu-sexy-quan-lot-cotton-goi-cam-khang-khuan-thoang-khi-cap-thap-moi-p195968149.html?spid=195968155
191124030,"Đầm linen dáng suông cổ V , Đầm sơ mi ngắn tay nhún eo, mặc đi chơi, đi làm Haint Boutique Da173",299000.0,299000.0,0.0,5.0,1,10738,,https://tiki.vndam-linen-dang-suong-co-v-dam-so-mi-ngan-tay-nhun-eo-mac-di-choi-di-lam-haint-boutique-da173-p191124030.html?spid=191124040
190463755,Quần lót hở đáy - Lọt khe chip ren dây gợi cảm không đáy sexy hoa văn xinh,35000.0,35000.0,0.0,0.0,0,49140,,https://tiki.vnquan-lot-ho-day-lot-khe-chip-ren-day-goi-cam-khong-day-sexy-hoa-van-xinh-p190463755.html?spid=190463757
161960789,Đồ lót phụ nữ áo tắm sọc không lưng buộc dây ba điểm hộp đêm cực kỳ hấp dẫn,35000.0,35000.0,0.0,5.0,1,49140,,https://tiki.vndo-lot-phu-nu-ao-tam-soc-khong-lung-buoc-day-ba-diem-hop-dem-cuc-ky-hap-dan-p161960789.html?spid=161960793
130769825,Áo Khoác Choàng chống nắng Quyến Rũ Cho Nữ Size: 140x150cm dona21101601,99000.0,99000.0,0.0,0.0,0,40888,,https://tiki.vnao-khoac-choang-chong-nang-quyen-ru-cho-nu-size-140x150cm-dona21101601-p130769825.html?spid=130769833
122437275,Quần lót ren gợi cảm sexy siêu mỏng xuyên thấu,35000.0,35000.0,0.0,4.0,4,49140,,https://tiki.vnquan-lot-ren-goi-cam-sexy-sieu-mong-xuyen-thau-p122437275.html?spid=122437279
115803189,"Đồ bộ nữ,đồ ngủ, đồ bộ mặc nhà lửng 9 tấc vải đũi siêu cưng",145000.0,145000.0,0.0,0.0,0,361737,,https://tiki.vndo-bo-nu-do-ngu-do-bo-mac-nha-lung-9-tac-vai-dui-sieu-cung-p115803189.html?spid=277983594
113962476,Quần Jeans bò nữ cạp cao lưng cao ống rộng xẻ gấu phong cách ulzzang Hàn Quốc,232000.0,281000.0,49000.0,0.0,0,40092,,https://tiki.vnquan-jeans-bo-nu-cap-cao-lung-cao-ong-rong-xe-gau-phong-cach-ulzzang-han-quoc-p113962476.html?spid=113962480
113052333,Áo khoác nam nữ cặp đôi unisex Áo khoát kaki chống nắng chữ thêu siêu hot rất hot-A259,256450.0,256450.0,0.0,4.5,2,204632,,https://tiki.vnao-khoac-nam-nu-cap-doi-unisex-ao-khoat-kaki-chong-nang-chu-theu-sieu-hot-rat-hot-a259-p113052333.html?spid=113052357
107155627,Váy ngủ lụa 2 dây có cánh,75000.0,75000.0,0.0,0.0,0,195824,,https://tiki.vnvay-ngu-lua-2-day-co-canh-p107155627.html?spid=107155629
107155601,Quần lót ren nữ quyến rũ,25000.0,25000.0,0.0,0.0,0,195824,,https://tiki.vnquan-lot-ren-nu-quyen-ru-p107155601.html?spid=107155605
101279504,Set 5  Chiếc Quần Lót Ren Nữ - Hàng Cao Cấp (freesize 45-58kg).,168000.0,168000.0,0.0,0.0,0,188535,,https://tiki.vnset-5-chiec-quan-lot-ren-nu-hang-cao-cap-freesize-45-58kg-p101279504.html?spid=101279588
101084004,ÁO CỔ TRÒN PEPLUM,124000.0,124000.0,0.0,0.0,0,20897,,https://tiki.vnao-co-tron-peplum-p101084004.html?spid=101084014
90642209,Áo nữ xinh xắn thiết kế cổ V phối ren sm185,149000.0,149000.0,0.0,5.0,2,10738,,https://tiki.vnao-nu-xinh-xan-sm185-p90642209.html?spid=90642221
85184191,"Đồ bơi nữ dài tay, chân váy may liền quần sooc đùi kín đáo, size từ 43 đến 68kg, chất thun bơi cao cấp dày đẹp | KT025",450000.0,450000.0,0.0,4.7,18,63850,,https://tiki.vndo-boi-nu-dai-tay-chan-vay-may-lien-quan-sooc-dui-kin-dao-size-tu-43-den-68kg-chat-thun-boi-cao-cap-day-dep-kt025-p85184191.html?spid=85184193
77650469,Đồ Bộ Nữ Trung Niên Cao Cấp Tay Lỡ-  Đũi Cao Cấp - Vải loại 1 - Không nhăn không xù khi giặt - Tuấn Tú Store 68,259000.0,259000.0,0.0,4.0,4,158759,,https://tiki.vndo-bo-nu-trung-nie-n-cao-cap-tay-lo-dui-cao-cap-vai-loai-1-khong-nhan-khong-xu-khi-giat-tuan-tu-store-68-p77650469.html?spid=77650495
71892915,Combo 5 Quần lót nữ kiểu nhật bản thoáng khí chất liệu cotton,140000.0,140000.0,0.0,0.0,0,169077,,https://tiki.vncombo-5-quan-lot-nu-kieu-nhat-ban-thoang-khi-chat-lieu-cotton-p71892915.html?spid=79595804
67980754,ÁO HOA CROPTOP THẮT NƠ EO XINH SẮN,122000.0,122000.0,0.0,4.5,2,20897,,https://tiki.vnao-hoa-croptop-that-no-eo-xinh-xan-p67980754.html?spid=67980774
67841976, Áo khoác nữ dù BUECLION GIRL đẹp phong cách - M042,220750.0,220750.0,0.0,0.0,0,204632,,https://tiki.vnao-khoac-nu-du-bueclion-girl-dep-phong-cach-m042-p67841976.html?spid=113226893
53171377,Combo 4 Quần Lót Modal Phối Ren Bikini Miley Lingerie FCM0104_0204,237000.0,237000.0,0.0,0.0,0,8827,,https://tiki.vncombo-4-quan-lot-modal-phoi-ren-bikini-miley-lingerie-fcm0100_0200-p53171377.html?spid=53171379
52670135,"Váy maxi xòe voan đẹp trơn màu, đầm đi biển có bèo xinh xắn, dễ mặc, có size lớn | MX017",320000.0,320000.0,0.0,4.5,22,63850,,https://tiki.vnvay-maxi-xoe-voan-dep-tron-mau-dam-di-bien-co-beo-xinh-xan-de-mac-co-size-lon-mx017-p52670135.html?spid=52670150
49062214,Quần tây nữ dáng suông dài vải dày đẹp Haint Boutique qt24,149000.0,149000.0,0.0,0.0,0,10738,,https://tiki.vnquan-tay-nu-dang-suong-dai-vai-day-dep-haint-boutique-qt24-p49062214.html?spid=56399504
29941760,áo Sơ mi nữ cộc tay cao cấp,149000.0,149000.0,0.0,5.0,1,10738,,https://tiki.vnao-so-mi-nu-coc-tay-cao-cap-p29941760.html?spid=57602271
6522933,Áo khoác len xẻ tà nữ freesize ak15,249000.0,249000.0,0.0,3.2,5,10738,,https://tiki.vnao-khoac-len-xe-ta-nu-freesize-ak15-p6522933.html?spid=81083114
278101677,"Tặng Kèm Tất Trắng - Cosplay Nữ Chiến Binh,Set Đồ Lót Nữ Gợi Cảm Kèm Đai Kẹp Tất Vớ Quyến Rũ Và Áo Corset Tôn Dáng C020",149000.0,149000.0,0.0,0.0,0,186696,,https://tiki.vntang-kem-tat-trang-cosplay-nu-chien-binh-set-do-lot-nu-goi-cam-kem-dai-kep-tat-vo-quyen-ru-va-ao-corset-ton-dang-c020-p278101677.html?spid=278101678
278013957,Quần ca ro ngắn | đồ ngủ thoáng mát,90000.0,90000.0,0.0,0.0,0,361501,,https://tiki.vnset-ao-ba-lo-quan-ca-ro-ngan-do-ngu-thoang-mat-p278013957.html?spid=278013958
277907601,Đầm xòe - Y1944 - Thương hiệu Zonbig,745000.0,745000.0,0.0,0.0,0,357744,,https://tiki.vndam-xoe-y1944-thuong-hieu-zonbig-p277907601.html?spid=277907611
277736824,"Đầm nâu tay xếp ly NGADO , đầm công sở , đầm dự tiệc",950000.0,950000.0,0.0,0.0,0,344204,,https://tiki.vndam-nau-tay-xep-ly-ngado-dam-cong-so-dam-du-tiec-p277736824.html?spid=277736828
277388108,Váy đuôi cá beo lụa cát LM102404 [BST Da Beo,399000.0,399000.0,0.0,0.0,0,36961,,https://tiki.vnvay-duoi-ca-beo-lua-cat-lm102404-bst-da-beo-p277388108.html?spid=277388110
277287590,Đầm hai dây chấm bi sang chảnh,219000.0,219000.0,0.0,0.0,0,20897,,https://tiki.vndam-hai-day-cham-bi-sang-chanh-p277287590.html?spid=277287598
277270276,"Đầm sơ mi dáng suông form rộng phối cúc sang chảnh, thanh lịch",315000.0,315000.0,0.0,0.0,0,10738,,https://tiki.vndam-so-mi-dang-suong-form-rong-phoi-cuc-sang-chanh-thanh-lich-p277270276.html?spid=277270284
276262596,Set bộ - S1754 - Thương hiệu Zonbig,455000.0,455000.0,0.0,0.0,0,357744,,https://tiki.vnset-bo-s1754-thuong-hieu-zonbig-p276262596.html?spid=276262608
276256302,Đầm giả áo dài -Y1576 - Thương hiệu Zonbig,480000.0,480000.0,0.0,0.0,0,357744,,https://tiki.vndam-gia-ao-dai-y1576-thuong-hieu-zonbig-p276256302.html?spid=276256304
275775899,Áo Choàng Đi Biển Soleil DRE229 thời trang thiết kế Hity,1295000.0,1295000.0,0.0,0.0,0,255,,https://tiki.vnao-choang-di-bien-soleil-dre229-thoi-trang-thiet-ke-hity-p275775899.html?spid=275775901
273877525,Áo dài cách tân lụa suông vàng kết hoa (size L),1150000.0,1150000.0,0.0,0.0,0,186114,,https://tiki.vnao-dai-cach-tan-lua-suong-vang-ket-hoa-size-l-p273877525.html?spid=273877526
273869373,Áo dài cách tân suông đỏ lụa kết hoa sen ( size XL),1150000.0,1150000.0,0.0,0.0,0,186114,,https://tiki.vnao-dai-suong-do-ket-hoa-sen-size-xl-p273869373.html?spid=273869382
257856850,Váy Nữ Cao Cấp Màu Kem Xếp Ly 23V029 Pi Style,199000.0,199000.0,0.0,0.0,0,330600,,https://tiki.vnvay-nu-cao-cap-mau-kem-xep-ly-23v029-pi-style-p257856850.html?spid=257856856
257855668,"Đầm maxi nữ, đầm thun nữ trơn thiết kế sát nách mát mẻ, đi chơi đi biển siêu xinh HB16",169000.0,169000.0,0.0,0.0,0,10738,,https://tiki.vndam-maxi-nu-dam-thun-nu-tron-thiet-ke-sat-nach-mat-me-di-choi-di-bien-sieu-xinh-hb16-p257855668.html?spid=257855676
253630594,Váy Tơ Óng Màu Tím 23V010 Cao Cấp Pi Style,199000.0,199000.0,0.0,0.0,0,330600,,https://tiki.vnvay-to-ong-mau-tim-23v010-cao-cap-pi-style-p253630594.html?spid=253630604
253630558,Váy Vải Trơn Cúc Trước Màu Tím Cao Cấp 23V060 Pi Style,199000.0,199000.0,0.0,0.0,0,330600,,https://tiki.vnvay-vai-tron-cuc-truoc-mau-tim-cao-cap-23v060-pi-style-p253630558.html?spid=253630568
253630435,Váy Nữ Vải Xước Màu Tím Cao Cấp 23V045 Pi Style,199000.0,199000.0,0.0,0.0,0,330600,,https://tiki.vnvay-nu-vai-xuoc-mau-tim-cao-cap-23v045-pi-style-p253630435.html?spid=253630454
251393435,"Áo Thun Nữ Cổ Tròn Kháng Khuẩn, Mềm Mịn, Thoáng Mát Màu NÂU Mộc Mạc - Gold Rhino",209000.0,209000.0,0.0,5.0,1,309557,,https://tiki.vnco-tron-nau-ao-thun-nu-100-cotton-cao-cap-thoang-mat-khang-khuan-p251393435.html?spid=251393439
230009708,"Đầm linen suông nữ  cổ sơ mi dài tay, tặng kèm dây thắt eo, thời trang nữ thu đông NH185",349000.0,349000.0,0.0,0.0,0,235034,,https://tiki.vndam-linen-suong-nu-co-so-mi-dai-tay-tang-kem-day-that-eo-thoi-trang-nu-thu-dong-nh185-p230009708.html?spid=230009722
215793040,"Đầm váy linen nữ dáng suông dài cổ tim, phong cách nữ thanh lịch Haint Boutique Da193",299000.0,299000.0,0.0,0.0,0,10738,,https://tiki.vndam-vay-linen-nu-dang-suong-dai-co-tim-phong-cach-nu-thanh-lich-haint-boutique-da193-p215793040.html?spid=215793046
208094631,Áo sơ mi nữ dài tay công sở QK15 - Áo sơ mi công sở,210000.0,210000.0,0.0,0.0,0,267028,,https://tiki.vnao-so-mi-nu-dai-tay-cong-so-qk15-ao-so-mi-cong-so-p208094631.html?spid=208094633
205849156,"Áo thun 21SS Mmlg 1987 HF-T (Baby Blue) tay ngắn cổ tròn - cho nam, nữ, unisex - MMLGT009",980000.0,980000.0,0.0,0.0,0,310709,,https://tiki.vnao-thun-mmlg-1987-hf-t-baby-blue-tay-ngan-co-tron-cho-nam-nu-unisex-p205849156.html?spid=205849160
201874660,Bộ Đồ Nữ Họa Tiết Hoa Cúc Đồ Ngủ Đồ Mặc Trong Nhà DBO02 MayHomes Chất Liệu Kate,62000.0,66666.0,4666.0,3.6,5,5826,,https://tiki.vnbo-do-nu-hoa-tiet-hoa-cuc-do-ngu-do-mac-trong-nha-dbo02-mayhomes-chat-lieu-kate-p201874660.html?spid=201874664
196997693,Quần lót nữ Cotton viền ren phom rộng ôm mông thoải mái thoáng khí QL008,13000.0,13000.0,0.0,0.0,0,78619,,https://tiki.vnquan-lot-cotton-no-nhan-vien-ren-phom-rong-thong-thoang-thoai-mai-cho-mua-he-ql008-p196997693.html?spid=198541601
193569809,"Váy Hoa Nhí Dáng Dài Đuôi Cá Haint Boutique,Đầm Suông Voan Hoa Nhí Thiết Kế Cổ V Dáng Xuông Rộng Da177",299000.0,299000.0,0.0,0.0,0,10738,,https://tiki.vnvay-hoa-nhi-dang-dai-duoi-ca-haint-boutique-dam-suong-voan-hoa-nhi-thiet-ke-co-v-dang-xuong-rong-da177-p193569809.html?spid=193569815
182481410,"Áo sơ mi nữ tay lỡ cổ đức, họa tiết thêu hoa tinh tế, chất liệu Đũi mềm mát co giãn nhẹ, form đẹp NeSa Shop SMH.55",114500.0,229000.0,114500.0,4.5,7,249310,,https://tiki.vnao-so-mi-nu-tay-lo-co-duc-hoa-tiet-theu-hoa-tinh-te-chat-lieu-dui-mem-mat-co-gian-nhe-form-dep-nesa-shop-smh-55-p182481410.html?spid=182481426
171645845,"Áo dài cách tân nền hoa, tay lỡ, cổ tròn đính nơ 2 lớp dày dặn EMSPO SMM2654",599000.0,599000.0,0.0,0.0,0,263608,,https://tiki.vnao-dai-cach-tan-nen-hoa-tay-lo-co-tron-dinh-no-2-lop-day-dan-emspo-smm2654-p171645845.html?spid=171645871
160576373,"Đầm Suông Chiffon Tay Nhún, Chít Ben Ngược Maxivic, La Mộc - LM012218",599000.0,599000.0,0.0,0.0,0,36961,,https://tiki.vndam-suong-chiffon-tay-nhun-chit-ben-nguoc-maxivic-la-moc-lm012218-p160576373.html?spid=160576381
155267984,"Đầm Voan Xòe Cổ Trụ Nhún Eo Maxivic, La Mộc - LM72175",649000.0,649000.0,0.0,0.0,0,36961,,https://tiki.vndam-voan-xoe-co-tru-nhun-eo-maxivic-la-moc-lm72175-p155267984.html?spid=155267985
106526708,Áo ngực mỏng có gọng/ áo ren mỏng/ Áo ngực không đệm,89100.0,110000.0,20900.0,5.0,1,112944,,https://tiki.vnao-nguc-mong-co-gong-ao-ren-mong-ao-nguc-khong-dem-p106526708.html?spid=142056529
92729218,Baciami-Đầm hoa dập ly phôm rộng,1235000.0,1235000.0,0.0,0.0,0,178364,,https://tiki.vnbaciami-dam-hoa-dap-ly-phom-rong-p92729218.html?spid=92729236
92716278,Baciami-Áo Blazer Màu Kem Cổ Ve,793000.0,793000.0,0.0,0.0,0,178364,,https://tiki.vnbaciami-ao-blazer-mau-kem-co-ve-p92716278.html?spid=92716280
90065267,ÁO KHOÁC DÙ 2 LỚP CÓ NÓN CHẠY SỌC TAY Y HÌNH THỜI TRANG NỮ,263800.0,263800.0,0.0,0.0,0,204632,,https://tiki.vnproduct-p90065267.html?spid=113227122
75750021,Bộ Đồ Trung Niên - Bộ Đũi Cao Cấp - Bộ Đũi Họa Tiết Tròn - Dành Cho các Quý Bà U40 - U50 - U60 - U70 - Laddy Store,250000.0,250000.0,0.0,5.0,5,158759,,https://tiki.vnbo-do-trung-nien-bo-dui-cao-cap-bo-dui-hoa-tiet-tron-danh-cho-cac-quy-ba-u40-u50-u60-u70-laddy-store-p75750021.html?spid=75750029
75444931,"Set Đồ Bơi Ba Chi Tiết Đồ Bơi Nữ Tay Dài Quần Dài Màu Hồng Đen Chủ Đạo AT205 MayHomes Black-Pink Colored Long Sleeves And Long Pants Women Swimwear Set, UPF 50 Sun Protection",193000.0,208000.0,15000.0,4.5,19,5826,,https://tiki.vnset-do-boi-ba-chi-tiet-do-boi-nu-tay-dai-quan-dai-mau-hong-den-chu-dao-at205-mayhomes-black-pink-colored-long-sleeves-and-long-pants-women-swimware-set-upf-50-sun-protection-p75444931.html?spid=75444933
61494413,Đầm Ngắn Dễ Thương Nơ Trắng Và Viền Tay DN087 MayHomes Kiểu Dáng Thời Trang,92000.0,99000.0,7000.0,4.3,14,5826,,https://tiki.vndam-ngan-de-thuong-no-trang-va-vien-tay-dn087-mayhomes-kieu-dang-thoi-trang-p61494413.html?spid=61494419
52723554,CHÂN VÁY 6 NÚT HANA,138000.0,138000.0,0.0,4.6,5,20897,,https://tiki.vnchan-vay-6-nut-hana-p52723554.html?spid=52723564
50395150, Quần lót nữ dây chéo vân nổi khiêu gợi,39000.0,39000.0,0.0,4.7,3,49140,,https://tiki.vnquan-lot-nu-day-cheo-van-noi-khieu-goi-p50395150.html?spid=50395154
31824653,Combo 10 quần lót nữ chất liệu cotton - Hàng Việt Nam(Từ 35kg đến 65kg),166000.0,166000.0,0.0,3.0,1,9455,,https://tiki.vncombo-10-quan-lot-nu-chat-lieu-cotton-hang-viet-nam-tu-35kg-den-65kg-p31824653.html?spid=31824659
9977392,Quần Ống Loe Denim Hity PAN029 (Denim),999000.0,999000.0,0.0,0.0,0,255,,https://tiki.vnquan-ong-loe-denim-hity-pan029-denim-p9977392.html?spid=9977400
278883514,Áo sơ mi xếp 3 li kết ngọc tay dài,125000.0,125000.0,0.0,0.0,0,20897,,https://tiki.vnao-so-mi-xep-3-li-ket-ngoc-tay-dai-p278883514.html?spid=278883524
278230199,"Áo Peplum Hở Lưng, Tay Phồng, Hoa Vàng Soleil thời trang thiết kế Hity Top222",1495000.0,1495000.0,0.0,0.0,0,255,,https://tiki.vnao-peplum-ho-lung-soleil-top222floral-thoi-trang-thiet-ke-hity-p278230199.html?spid=278230201
277964920,[LZ] Áo khoác da lộn phối dây rút cực chuẩn bao chất-A2200 - Áo thun ngẫu nhiên,169000.0,169000.0,0.0,0.0,0,204632,,https://tiki.vnlz-ao-khoac-da-lon-phoi-day-rut-cuc-chuan-bao-chat-a2200-p277964920.html?spid=277964926
276802259,Đầm dự tiệc cổ yếm  KEVA màu đen thiết kế độc quyền WHITE CHIC,3850000.0,3850000.0,0.0,0.0,0,359223,,https://tiki.vndam-du-tiec-co-yem-keva-mau-den-thiet-ke-doc-quyen-white-chic-p276802259.html?spid=278759423
276801894,"Áo kiểu nữ, cổ ngang, dài tay  TAYLOR  thiết kế cao cấp WHITE CHIC",1590000.0,1590000.0,0.0,0.0,0,359223,,https://tiki.vnao-kieu-nu-co-ngang-dai-tay-taylor-thiet-ke-cao-cap-white-chic-p276801894.html?spid=276801896
276606361,Chân váy dự tiệc Audrey Thiết kế cao cấp WHITE CHIC,998000.0,998000.0,0.0,0.0,0,359223,,https://tiki.vnchan-vay-du-tiec-audrey-thiet-ke-cao-cap-white-chic-p276606361.html?spid=276606367
276588366,Áo lá học sinh Lotus A494 cotton cao cấp bản trơn đơn giản hai dây,137500.0,137500.0,0.0,0.0,0,6615,,https://tiki.vnao-la-hoc-sinh-lotus-a494-cotton-cao-cap-ban-tron-don-gian-hai-day-p276588366.html?spid=276588374
276382508,"Đầm xô lụa xanh mint, thêu hoa La Mộc LM022420",690000.0,690000.0,0.0,0.0,0,36961,,https://tiki.vndam-xo-lua-xanh-mint-theu-hoa-la-moc-lm022420-p276382508.html?spid=276382512
276124613,Chân váy xòe dài nhún eo thích hợp dạo phố đi biển,139000.0,139000.0,0.0,0.0,0,20897,,https://tiki.vnchan-vay-xoe-dai-nhun-eo-thich-hop-dao-pho-di-bien-p276124613.html?spid=276124623
275942627,Chân váy đuôi cá midi dáng dài ôm body vải kaki thun co giãn - Vannhshop CV0089,319000.0,319000.0,0.0,0.0,0,247663,,https://tiki.vnchan-vay-duoi-ca-midi-dang-dai-om-body-vai-kaki-thun-co-gian-vannhshop-cv0089-p275942627.html?spid=275942635
273408664,Áo Lót Có Gọng Đệm Vừa - GLK 194,255000.0,255000.0,0.0,0.0,0,348837,,https://tiki.vnao-lot-co-gong-dem-vua-glk-194-p273408664.html?spid=273452672
272387821,Bộ Đồ Ngủ Tay Ngắn Quần Dài Cổ Lam Nhiều Màu Lụa Cao Cấp - Dưới 60kg,285000.0,285000.0,0.0,0.0,0,6615,,https://tiki.vnbo-do-ngu-tay-ngan-quan-dai-co-lam-nhieu-mau-lua-cao-cap-duoi-60kg-p272387821.html?spid=272387831
262043976,"Áo 2 dây cổ đổ thiết kế đính ngọc trai xinh xắn, Áo nữ lụa satin cao cấp, thoáng mát - New Design AO0015",199000.0,199000.0,0.0,0.0,0,247663,,https://tiki.vnao-hai-day-co-do-thiet-ke-dinh-ngoc-trai-xinh-xan-ao-nu-lua-latin-cao-cap-thoang-mat-new-design-ao0015-p262043976.html?spid=262043982
251485370,"Born free but now i am expensive, mã G40. Hãy tỏa sáng như kim cương, qua chiếc áo thun Goking siêu hot cho nam nữ trẻ em, cặp đôi, gia đình, đội nhóm",69000.0,69000.0,0.0,0.0,0,18138,,https://tiki.vnborn-free-but-now-i-am-expensive-ma-g40-ao-thun-nam-nu-sieu-dep-p251485370.html?spid=251485740
247822420,Quần lót lọt khe ren kim cương cám dỗ,55000.0,55000.0,0.0,0.0,0,49140,,https://tiki.vnquan-lot-lot-khe-ren-kim-cuong-cam-do-p247822420.html?spid=247822421
242093823,"Đầm suông mini nữ ngắn tay, phong cách Hàn Quốc nhẹ nhàng, chất liệu linen mềm mát NH199",249000.0,249000.0,0.0,0.0,0,235034,,https://tiki.vndam-suong-mini-nu-ngan-tay-phong-cach-han-quoc-nhe-nhang-chat-lieu-linen-mem-mat-nh199-p242093823.html?spid=275169135
221273904,Áo ngực Lovely mút vừa 1761,129000.0,129000.0,0.0,0.0,0,174218,,https://tiki.vnao-nguc-lovely-mut-vua-1761-p221273904.html?spid=221273910
199997148,"Váy ngủ hai dây, đầm ngủ thun mềm mịn, không nhăn, đầm bầu chân váy xếp ly",199000.0,199000.0,0.0,5.0,2,76045,,https://tiki.vnvay-ngu-hai-day-dam-ngu-thun-mem-min-khong-nhan-dam-bau-chan-vay-xep-ly-p199997148.html?spid=277573580
199101108,Áo Blazer Linen Nữ Dài Tay 1 Lớp Mẫu Mới Phong Cách Hàn Quốc Áo Vest Blazer Nữ Khoác Ngoài Chất Linen Cao Cấp Haint Boutique Bz03,299000.0,299000.0,0.0,0.0,0,10738,,https://tiki.vnao-blazer-linen-nu-dai-tay-1-lop-mau-moi-phong-cach-han-quoc-ao-vest-blazer-nu-khoac-ngoai-chat-linen-cao-cap-haint-boutique-bz03-p199101108.html?spid=199101110
185684232,"Đồ ngủ sexy nữ bigsize/ Đồ ngủ 2 dây viền ren đen không mút, chất phi mịn quyến rũ 382",52000.0,52000.0,0.0,1.0,1,223905,,https://tiki.vndo-ngu-sexy-nu-bigsize-do-ngu-2-day-vien-ren-den-khong-mut-chat-phi-min-quyen-ru-382-p185684232.html?spid=185684386
184686932,"Đầm linen suông trắng dài,ngắn tay kèm dây thắt eo Haint Boutique Da84",299000.0,299000.0,0.0,0.0,0,10738,,https://tiki.vndam-linen-suong-trang-dai-ngan-tay-kem-day-that-eo-haint-boutique-da84-p184686932.html?spid=184686934
176767291,"Áo tắm big size nữ dáng liền thân dài tay khóa kéo, có size lớn đến 90kg, mẫu thể thao trẻ trung, che bụng tốt, chất thun bơi lạnh dày đẹp | KT111",480000.0,480000.0,0.0,4.8,4,63850,,https://tiki.vnao-tam-big-size-nu-dang-lien-than-dai-tay-khoa-keo-co-size-lon-den-90kg-mau-the-thao-tre-trung-che-bung-tot-chat-thun-boi-lanh-day-dep-kt111-p176767291.html?spid=176767295
124489997,"Đồ ngủ sexy nữ Đồ ngủ hai dây có mút ngực, cột nơ chất phi hai dây chất mịn quyến rũ",56000.0,56000.0,0.0,4.8,37,223905,,https://tiki.vndo-ngu-sexy-nu-do-ngu-hai-day-co-mut-nguc-cot-no-chat-phi-hai-day-chat-min-quyen-ru-p124489997.html?spid=124490048
118099991,Quần lót nữ thêu ren lọt khe 2 dây nhiều màu,29000.0,29000.0,0.0,5.0,1,49140,,https://tiki.vnquan-lot-nu-theu-ren-lot-khe-2-day-nhieu-mau-p118099991.html?spid=118099999
107155243,Quần lót lọt khe nữ sexy - Trắng,25000.0,25000.0,0.0,0.0,0,195824,,https://tiki.vnquan-lot-lot-khe-nu-sexy-trang-p107155243.html?spid=107155245
101949389,Quần lót nữ ren JONES 006,15400.0,15400.0,0.0,4.5,2,189208,,https://tiki.vnquan-lot-nu-ren-jones-p101949389.html?spid=101949436
73785741,Quần lót kẹp tất cho nữ + kèm kẹp vớ,45000.0,45000.0,0.0,1.0,1,103662,,https://tiki.vnquan-lot-kep-tat-cho-nu-kem-kep-vo-p73785741.html?spid=73785742
73785598,Quần lót lọt khe nữ + Kẹt tất sexy - Đen,45000.0,45000.0,0.0,3.0,1,103662,,https://tiki.vnquan-lot-lot-khe-nu-ket-tat-sexy-den-p73785598.html?spid=73785599
72762430,Áo Kiểu Peplum Áo Kiểu Cao Cấp Thời trang thiết kế Hity TOP118 (Đen Huyền Bí),899000.0,899000.0,0.0,0.0,0,255,,https://tiki.vnao-kieu-peplum-ao-kieu-cao-cap-thoi-trang-thiet-ke-hity-top118-den-huyen-bi-p72762430.html?spid=72762438
68892745,Áo Khoác Dù - Áo Jacket BASED 2 MÀU ( Có Form RỘNG XL ),362500.0,362500.0,0.0,0.0,0,204632,,https://tiki.vnao-khoac-du-ao-jacket-based-2-mau-co-form-rong-xl-p68892745.html?spid=113225452
67842581, Áo khoác nữ Áo khoát nữ gió dù 2 lớp chống nắng Sawaco cực chuẩn nhiều màu lựa chọn - M172,175600.0,175600.0,0.0,0.0,0,204632,,https://tiki.vnao-khoac-nu-ao-khoat-nu-gio-du-2-lop-chong-nang-sawaco-cuc-chuan-nhieu-mau-lua-chon-m172-p67842581.html?spid=113226925
57719741,Váy ngủ ren gợi cảm trong suốt kèm quần chip,89000.0,89000.0,0.0,4.8,8,49140,,https://tiki.vnvay-ngu-ren-goi-cam-trong-suot-kem-quan-chip-p57719741.html?spid=57719742
53468103,"Set Jumpsuit 2 dây liền quần ống rộng sang trọng, lưng trần quyến rũ, mẫu thanh lịch trẻ trung, có dây bụng | MX046",250000.0,250000.0,0.0,0.0,0,63850,,https://tiki.vnset-jumpsuit-2-day-lien-quan-ong-rong-sang-trong-p53468103.html?spid=53468105
48095456,Quần lót nữ ren đính nơ xuyên thấu - trắng,25000.0,25000.0,0.0,5.0,1,103662,,https://tiki.vnquan-lot-nu-ren-dinh-no-xuyen-thau-trang-p48095456.html?spid=48095457
40810196,Set 2 quần lót nữ trơn sexy,12000.0,12000.0,0.0,1.0,1,103662,,https://tiki.vnquan-lot-nu-tron-sexy-p40810196.html?spid=48088528
36269983,Quần lót nữ đính hạt ở đáy quần - Màu mận,29000.0,29000.0,0.0,0.0,0,49140,,https://tiki.vnquan-lot-nu-dinh-hat-o-day-quan-mau-man-p36269983.html?spid=36666282
34561282,Chân Váy Xếp Ly Kèm Belt Nana,138000.0,138000.0,0.0,3.8,6,20897,,https://tiki.vnchan-vay-xep-ly-kem-belt-nana-p34561282.html?spid=34561296
25937346, Quần lót ren lót ren xẻ đáy siêu sexy - Màu đen,25000.0,25000.0,0.0,5.0,1,49140,,https://tiki.vnquan-lot-ren-lot-ren-xe-day-sieu-sexy-mau-den-p25937346.html?spid=25937473
14837944,Áo Kiểu Thắt Nơ Daisy,115000.0,115000.0,0.0,5.0,1,20897,,https://tiki.vnao-kieu-that-no-daisy-p14837944.html?spid=14837956
279010929,"Đầm đỏ tay dơi xếp ly NGADO , đầm peplum , đầm kiểu Nữ , đầm dự tiệc",950000.0,950000.0,0.0,0.0,0,344204,,https://tiki.vndam-do-tay-doi-xep-ly-ngado-dam-peplum-dam-kieu-nu-dam-du-tiec-p279010929.html?spid=279010937
278904501,Quần Độn Mông Hông Su Thông Hơi Nịt Bụng 6573,188500.0,188500.0,0.0,0.0,0,6615,,https://tiki.vnquan-don-mong-hong-su-thong-hoi-nit-bung-6573-p278904501.html?spid=278904507
278746097,"Áo khoác len lông mềm tay dài nút vàng,dáng xinh sang dễ phối",290000.0,290000.0,0.0,0.0,0,282163,,https://tiki.vnao-khoac-len-long-mem-tay-dai-nut-vang-dang-xinh-sang-de-phoi-p278746097.html?spid=278746099
278638073,Set Váy Jean Dài Phối Áo Sát Nách Kèm Ren Nữ,280000.0,280000.0,0.0,0.0,0,282163,,https://tiki.vnset-vay-jean-dai-phoi-ao-sat-nach-kem-ren-nu-p278638073.html?spid=278638074
278635130,"Set đồ thể thao nữ mặc nhà năng động, bộ short thun cá tính kèm áo khoác mỏng – 3 màu",280000.0,280000.0,0.0,0.0,0,282163,,https://tiki.vnset-do-the-thao-nu-mac-nha-nang-dong-bo-short-thun-ca-tinh-kem-ao-khoac-mong-3-mau-p278635130.html?spid=278635132
278610550,Áo khoác dạ nâu sang chảnh chuẩn xịn,350000.0,350000.0,0.0,0.0,0,282163,,https://tiki.vnao-khoac-da-nau-sang-chanh-chuan-xin-p278610550.html?spid=278610551
278484500,Combo 10 Quần Lót Visco Mềm Mại Phối Ren - Miley Lingerie,490000.0,820000.0,330000.0,0.0,0,8827,,https://tiki.vncombo-10-quan-lot-visco-mem-mai-phoi-ren-miley-lingerie-p278484500.html?spid=278484517
277983818,"Áo Lót Nữ Ren Dày Cài Trước Có Gọng Nâng Ngực Belle VC02 – Combo Đa Màu, Đệm Mút 3 cm, Quyến Rũ & Đỡ Đỡ",114000.0,150000.0,36000.0,0.0,0,112944,,https://tiki.vnao-lot-nu-ren-day-cai-truoc-co-gong-nang-nguc-belle-vc02-combo-da-mau-dem-mut-3-cm-quyen-ru-do-do-p277983818.html?spid=277983822
276064209,Quần lót nữ Jintana Thái cotton thun lạnh lưng cao mẫu trơn đơn giản,136250.0,136250.0,0.0,0.0,0,6615,,https://tiki.vnquan-lot-nu-jintana-thai-cotton-thun-lanh-lung-cao-mau-tron-don-gian-p276064209.html?spid=276064237
275940679,"Set bộ nữ gồm áo blazer và quần short thanh lịch, trẻ trung, chất Linen cao cấp Đũi Việt",499000.0,499000.0,0.0,0.0,0,10738,,https://tiki.vnset-bo-nu-gom-ao-blazer-va-quan-short-thanh-lich-tre-trung-chat-linen-cao-cap-dui-viet-p275940679.html?spid=275940687
274414359,Áo câu cá thời trang chống nắng F05 Cá vàng F02 Big Fish đủ size từ 50-85kg - Áo đi câu chất liệu chống tia UV cao cấp D Danido,195000.0,250000.0,55000.0,0.0,0,287299,,https://tiki.vnao-cau-ca-thoi-trang-chong-nang-f05-ca-vang-f02-big-fish-du-size-tu-50-85kg-ao-di-cau-chat-lieu-chong-tia-uv-cao-cap-d-danido-p274414359.html?spid=274415111
273457895,"Áo lót nữ Lorencia, GLK - 183",269000.0,269000.0,0.0,0.0,0,348837,,https://tiki.vnao-lot-nu-lorencia-glk-183-p273457895.html?spid=273457994
262054461,Thời Trang Nữ Trung Niên Bộ Lụa Hàn Châu Cao Cấp Không Nhăn Xù Khi Giặt Phù Hợp Với Mẹ Và Bà 2023 - Tuấn Tú Store 68,263000.0,263000.0,0.0,0.0,0,158759,,https://tiki.vnthoi-trang-nu-trung-nien-bo-lua-han-chau-cao-cap-khong-nhan-xu-khi-giat-phu-hop-voi-me-va-ba-2023-tuan-tu-store-68-p262054461.html?spid=262054489
253630601,Váy Ren Cao Cấp Màu Trắng Thanh Lịch 23V018,199000.0,199000.0,0.0,0.0,0,330600,,https://tiki.vnvay-ren-cao-cap-mau-trang-thanh-lich-23v018-p253630601.html?spid=253630613
199250626,UPZ Áo Khoác Hoodie In Peachee (Đen),250000.0,250000.0,0.0,0.0,0,219817,,https://tiki.vnupz-ao-khoac-hoodie-in-peachee-den-p199250626.html?spid=199250647
185866934,Bộ quần áo lửng cho mẹ Kem xước - AICDMEZX6PXK - AIN Closet,345000.0,430000.0,85000.0,4.0,1,160802,,https://tiki.vnbo-quan-ao-lung-cho-me-kem-xuoc-aicdmezx6pxk-ain-closet-p185866934.html?spid=185866954
164550004,"Tình yêu, mã G86. Hãy tỏa sáng như kim cương, qua chiếc áo thun Goking siêu hot cho nam nữ trẻ em, áo phông cặp đôi, gia đình, đội nhóm",69000.0,69000.0,0.0,4.3,4,18138,,https://tiki.vnma-g86-ao-thun-cap-doi-tinh-yeu-sieu-dep-ao-phong-thoat-nhiet-goking-hang-hieu-cao-cap-p164550004.html?spid=248346652
145289616,"Quần Dài Đũi Nữ New Design Thiết Kế Dáng Quằn Ống Rộng Dài ,Cạp Chun  Mặc Thoải Mái QA0002",249000.0,249000.0,0.0,0.0,0,247663,,https://tiki.vnquan-ong-rong-nu-vannhshop-chat-vai-dui-mem-thoang-mat-khong-khoa-tien-loi-qa0002-p145289616.html?spid=145289630
140921150,"Đồ bộ mặc nhà,đồ bộ mặc nhà đẹp, đồ bộ mặc nhà cao cấp, chất đũi lạnh",150000.0,150000.0,0.0,0.0,0,169077,,https://tiki.vndo-bo-mac-nha-do-bo-mac-nha-dep-do-bo-mac-nha-cao-cap-p140921150.html?spid=276745677
139188413,Miếng Dán Ngực Silicon Cao Cấp Hộp 5 Đôi  Loại Có Nhũ Che Đầu Ti  (Hộp Sắt),48490.0,48490.0,0.0,0.0,0,264288,,https://tiki.vnmieng-dan-nguc-silicon-cao-cap-hop-5-doi-loai-co-nhu-che-dau-ti-hop-sat-p139188413.html?spid=199971113
131247753,Combo 10 quần lót nữ Angel size 45 - 60 kg (giao màu Ngẫu Nhiên),210000.0,280000.0,70000.0,5.0,1,112944,,https://tiki.vncombo-10-quan-lot-nu-angel-size-45-60-kg-giao-mau-ngau-nhien-p131247753.html?spid=143645289
131140280,Đồ Bộ Ngủ Trung Niên Quần Lửng Chất Vải Lụa Bộ Lửng Mặc Nhà Cho Mẹ Đồ Ngủ Trung Niên,155000.0,155000.0,0.0,0.0,0,361737,,https://tiki.vndo-bo-ngu-trung-nien-quan-lung-chat-vai-lua-bo-lung-mac-nha-cho-me-do-ngu-trung-nien-p131140280.html?spid=278768680
121249709,MẪN DUYÊN | MS 2335 – ĐẦM DỰ TIỆC LAI LOE KẾT NGỌC SANG TRỌNG,399000.0,399000.0,0.0,0.0,0,90807,,https://tiki.vndam-lai-loe-ket-eo-sang-trong-p121249709.html?spid=121249719
118253454,Quần lót lọt khe không đũng,29000.0,29000.0,0.0,0.0,0,195824,,https://tiki.vnquan-lot-lot-khe-khong-dung-p118253454.html?spid=118253460
116955158,QUẦN LÓT REN PHỐI THUN LẠNH WANNABE QL240 NỮ TÍNH,150000.0,150000.0,0.0,5.0,1,5383,,https://tiki.vnquan-lot-ren-phoi-thun-lanh-wannabe-ql240-nu-tinh-p116955158.html?spid=116955174
113050868,Áo khoác nữ Áo khoát nữ nỉ chống nắng Unicorn cực chuẩn phong cách-A287,189250.0,189250.0,0.0,0.0,0,204632,,https://tiki.vnao-khoac-nu-ao-khoat-nu-ni-chong-nang-unicorn-cuc-chuan-phong-cach-a287-p113050868.html?spid=113050883
108760567,- Đồ bơi bé gái tay dài quần dài 35-60kg - Đồ bơi tay dài quần dài cho bạn tự tin - Hương Nhiên,462000.0,462000.0,0.0,0.0,0,194585,,https://tiki.vndo-boi-be-gai-tay-dai-quan-dai-35-60kg-do-boi-tay-dai-quan-dai-cho-ban-tu-tin-huong-nhien-p108760567.html?spid=108760693
101187836,Đầm ngủ lụa mát  hàng cao cấp  01,231000.0,231000.0,0.0,0.0,0,188535,,https://tiki.vndam-ngu-lua-mat-hang-cao-cap-01-p101187836.html?spid=101187838
90064247,"Áo khoác nữ , áo khoác áo hoodie logo thêu mặt thỏ vải nỉ ngoại mùa hè chống nắng mùa đông chống lạnh",262435.0,262435.0,0.0,0.0,0,204632,,https://tiki.vnao-khoac-nu-ao-khoac-ao-hoodie-logo-theu-mat-tho-vai-ni-ngoai-mua-he-chong-nang-mua-dong-chong-lanh-p90064247.html?spid=113226818
90056824,"Áo chống nắng - Áo khoác nữ chống nắng làm mát Vicci CN.69, chống tia UV, mềm mịn, thấm hút mồ hôi, khử mùi, kháng khuẩn",184500.0,368000.0,183500.0,4.0,2,2049,,https://tiki.vnao-chong-nang-ao-khoac-nu-chong-nang-lam-mat-vicci-cn-69-chong-tia-uv-mem-min-tham-hut-mo-hoi-khu-mui-khang-khuan-p90056824.html?spid=90056842
52137064,COMBO 5 QUẦN VÁY THUN CHÂN REN,178000.0,178000.0,0.0,0.0,0,9455,,https://tiki.vncombo-5-quan-vay-thun-chan-ren-p52137064.html?spid=55339015
26142724,Combo 3 quần lót ren mềm cao cấp cho nữ,134000.0,134000.0,0.0,0.0,0,9455,,https://tiki.vncombo-3-quan-lot-ren-mem-cao-cap-cho-nu-p26142724.html?spid=48432537
21129395,Áo Ngực Nữ Có Gọng Mút Vừa Miley Lingerie - Hồng,239000.0,239000.0,0.0,4.7,15,8827,,https://tiki.vnao-nguc-nu-co-gong-mut-vua-miley-lingerie-hong-p21129395.html?spid=21129401
21125575,Áo Ngực Nữ Cotton Miley Lingerie BRW07015,275000.0,275000.0,0.0,5.0,1,8827,,https://tiki.vnao-nguc-nu-cotton-miley-lingerie-brw07015-p21125575.html?spid=21125579
14973477,Áo Bra Thun Tằm,106000.0,106000.0,0.0,0.0,0,9455,,https://tiki.vnao-bra-thun-tam-p14973477.html?spid=16076480
13501386,Áo Ngực Nữ Miley Lingerie Into The Night  BRM_09,269000.0,269000.0,0.0,0.0,0,8827,,https://tiki.vnao-nguc-nu-miley-lingerie-into-the-night-brm_09-p13501386.html?spid=13501414
13083591,Bộ Đồ lót nữ Basic Cotton Miley Lingerie BRW06015_FWS0600,349000.0,349000.0,0.0,0.0,0,8827,,https://tiki.vnbo-do-lot-nu-basic-cotton-miley-lingerie-brw06015_fws0600-p13083591.html?spid=13083599
13027878,Bộ Đồ Lót nữ Sporty Chic Miley Lingerie BRC07002_FCB0700,319000.0,319000.0,0.0,4.3,6,8827,,https://tiki.vnbo-do-lot-nu-sporty-chic-miley-lingerie-brc07002_fcb0700-p13027878.html?spid=13317485
7794825,Áo ngực nữ cúp ngang Miley Lingerie BRM02102,199000.0,199000.0,0.0,0.0,0,8827,,https://tiki.vnao-nguc-nu-cup-ngang-miley-lingerie-brm02102-p7794825.html?spid=7794833
4078497, Quần Gen Nịt Bụng -119,110000.0,110000.0,0.0,0.0,0,9455,,https://tiki.vnquan-gen-nit-bung-119-p4078497.html?spid=10039460
