id,name,price,original_price,discount,rating,review_count,seller_id,inventory_status,url
275452721,"Hộp mực Dành Cho máy in Canon LBP 2900, 3000 - 12A / HP LaserJet - 1010/ 1012/ 1015/ 1020/ 1018/ 1022/ 1022n/ 1022nw- Hàng chính hãng Alpha Cartridge ",117900.0,117900.0,0.0,4.7,3,183951,,https://tiki.vnhop-muc-danh-cho-may-in-canon-lbp-2900-3000-12a-hp-laserjet-1010-1012-1015-1020-1018-1022-1022n-1022nw-hang-chinh-hang-alpha-cartridge-p275452721.html?spid=275452722
145224778,Máy in phun màu Canon Ts207- hàng chính hãng,1070000.0,1150000.0,80000.0,4.6,52,1,,https://tiki.vnmay-in-phun-mau-canon-ts207-hang-chinh-hang-p145224778.html?spid=193712820
275190023,Mực in Dành Cho Máy Canon 2900/L11121E - Hộp mực 12A HP 1010/ 1015/ 1018/ 1020/ 3015/ 3020/ 3030/ 3050/ 3055/ M1005MFP Hàng chính hãng Alpha Cartridge,126900.0,126900.0,0.0,4.8,6,183951,,https://tiki.vnmuc-in-danh-cho-may-canon-2900-l11121e-hop-muc-12a-hp-1010-1015-1018-1020-3015-3020-3030-3050-3055-m1005mfp-hang-chinh-hang-alpha-cartridge-p275190023.html?spid=275190024
275191477,Hộp mực 85A 35A dành cho máy in Canon LBP 6030w 6000 6030 F158200 HP P1102/P1212/P1102W/1136/1216/1130 - LBP 3010/3050/3020 Hàng chính hãng Alpha Cartridge,117900.0,117900.0,0.0,4.8,6,183951,,https://tiki.vnhop-muc-85a-35a-danh-cho-may-in-canon-lbp-6000-6030-6030w-hp-p1102-p1212-p1102w-1136-1216-1130-lbp-3010-3050-3020-hang-chinh-hang-alpha-cartridge-p275191477.html?spid=275191478
275797120,Dây cáp mạng LAN đúc sẵn 2 đầu Cat6E UTP Arigato - Hàng chính hãng,100000.0,100000.0,0.0,4.8,38,315114,,https://tiki.vnday-cap-mang-lan-duc-san-2-dau-cat6e-utp-arigato-hang-chinh-hang-p275797120.html?spid=275802527
278945267,"Màn hình Gaming Asus TUF GAMING VG259Q5A 24.5"" Full HD Fast IPS 200Hz - Hàng chính hãng",3190000.0,4990000.0,1800000.0,5.0,1,1,,https://tiki.vnman-hinh-gaming-asus-tuf-gaming-vg259q5a-25-full-hd-fast-ips-200hz-hang-chinh-hang-p278945267.html?spid=278945268
278627348,USB DATO chuẩn 3.0 dung lượng 128GB Bảo hành 5 năm - Hàng chính hãng,169000.0,169000.0,0.0,5.0,2,1242,,https://tiki.vnusb-dato-chuan-3-0-dung-luong-128gb-bao-hanh-5-nam-hang-chinh-hang-p278627348.html?spid=278755021
278522227,USB 2.0 Team Group C141  4GB / 8GB / 16GB / 32GB  INC Taiwan - Hàng chính hãng,115000.0,150000.0,35000.0,0.0,0,352627,,https://tiki.vnusb-2-0-team-group-c141-4gb-8gb-16gb-32gb-inc-taiwan-hang-chinh-hang-p278522227.html?spid=278522229
278439196,Màn Hình KTC H27T13 2K 27 inch QHD 120Hz NEW 7ms - Hàng Chính Hãng,2590000.0,3450000.0,860000.0,5.0,3,1,,https://tiki.vnman-hinh-ktc-h27t13-2k-27-inch-qhd-100hz-1ms-hang-chinh-hang-p278439196.html?spid=278439197
278155031,Màn hình Xiaomi A27UI 27 inch (4K/IPS/60HZ/6MS) - Hàng Chính Hãng,5990000.0,7490000.0,1500000.0,5.0,2,1,,https://tiki.vnman-hinh-xiaomi-a27ui-27-inch-4k-ips-60hz-6ms-hang-chinh-hang-p278155031.html?spid=278155032
275191713,"Hộp mực 337 dành cho máy in Canon MF211, MF221D,  MF215, MF241D LBP151dw/ Image CLASS MF 237W/ 247DW/ 211D/ MF212W/ MF221D/ MF241D/ MF215/ MF217W/ MF226DN/ MF229DW/ MF 236N/ MF244DW/ Hàng chính hãng Alpha Cartridge",127000.0,127000.0,0.0,4.7,3,183951,,https://tiki.vnhop-muc-337-danh-cho-may-in-canon-mf211-mf221d-mf215-mf241d-lbp151dw-image-class-mf-237w-247dw-211d-mf212w-mf221d-mf241d-mf215-mf217w-mf226dn-mf229dw-mf-236n-mf244dw-hang-chinh-hang-alpha-cartridge-p275191713.html?spid=275191714
276191594,Hộp mực 12A Canon 2900 dành cho Canon LBP 2900/3000 HP Laser Jet 1010/1015/1020/3015/3020/3030/3050  HÀNG CHÍNH HÃNG ALPHA CARTRIDGE,126900.0,126900.0,0.0,5.0,9,183951,,https://tiki.vnhop-muc-12a-canon-2900-danh-cho-canon-lbp-2900-3000-hp-laser-jet-1010-1015-1020-3015-3020-3030-3050-hang-chinh-hang-alpha-cartridge-p276191594.html?spid=276191595
275175365,Cụm trống (Drum) Brother DR-2385 - Dùng cho các dòng máy in Brother HL(L2321D;L2361DN;L2366DW); MFC(L2520D;L2701D;L2701DW) Hàng chính hãng Alpha Cartridge,178000.0,178000.0,0.0,4.6,7,183951,,https://tiki.vncum-trong-drum-brother-dr-2385-dung-cho-cac-dong-may-in-brother-hl-l2321d-l2361dn-l2366dw-mfc-l2520d-l2701d-l2701dw-hang-chinh-hang-alpha-cartridge-p275175365.html?spid=275175366
276632232,Dây cáp mạng LAN đúc sẵn 2 đầu Cat6 UTP Unitek - Hàng chính hãng,180000.0,180000.0,0.0,5.0,16,315114,,https://tiki.vnday-cap-mang-lan-duc-san-2-dau-cat6-utp-unitek-hang-chinh-hang-p276632232.html?spid=276632246
2901371,Máy In Phun Màu Canon Pixma G1010 - Hàng Chính Hãng,2490000.0,3520000.0,1030000.0,4.5,218,1,,https://tiki.vnmay-in-phun-mau-canon-pixma-g1010-hang-chinh-hang-p2901371.html?spid=2901373
278155021,Màn hình Monitor Xiaomi 27 inch A27i ELA5345EU FHD/IPS/100HZ/6MS - Hàng Chính Hãng,2250000.0,2990000.0,740000.0,0.0,0,1,,https://tiki.vnman-hinh-monitor-xiaomi-27-inch-a27i-ela5345eu-fhd-ips-100hz-6ms-hang-chinh-hang-p278155021.html?spid=278155022
277521913,USB 3.2 Netac UM1 | 32GB / 64GB / 128GB | Vỏ kim loại bền bỉ | Read Upto 150MB/s | Bảo hành 5 năm | Hàng Chính Hãng,119000.0,119000.0,0.0,4.8,4,200265,,https://tiki.vnusb-3-2-netac-um1-32gb-64gb-128gb-vo-kim-loai-ben-bi-read-upto-150mb-s-bao-bao-hanh-5-nam-hang-chinh-hang-p277521913.html?spid=277542072
276876266,USB 3.2 Gen 1 Acer UM310 SuperSpeed dung lượng 256GB I 512GB I 1TB Bảo hành 5 năm Hàng chính hãng,200000.0,200000.0,0.0,4.8,4,128476,,https://tiki.vnusb-3-2-gen-1-acer-um310-superspeed-dung-luong-256gb-i-512gb-i-1tb-bao-hanh-5-nam-hang-chinh-hang-p276876266.html?spid=276876268
2903577,Máy In Phun Màu Đa Năng Canon Pixma G3010 - Hàng Chính Hãng,4990000.0,5490000.0,500000.0,4.6,66,1,,https://tiki.vnmay-in-phun-mau-da-nang-canon-pixma-g3010-hang-chinh-hang-p2903577.html?spid=2903579
2902221,Máy In Phun Màu Canon Pixma G2010 - Hàng Chính Hãng,3290000.0,4290000.0,1000000.0,4.6,174,1,,https://tiki.vnmay-in-phun-mau-canon-pixma-g2010-hang-chinh-hang-p2902221.html?spid=2902223
275906584,Ổ cứng di động 2TB WD My Passport Ultra Limited Edition Dragon USB 3.2 Type-C Hàng chính hãng,2900000.0,2900000.0,0.0,4.0,2,296212,,https://tiki.vntang-tui-du-lich-15-8-11-11-o-cung-di-dong-2tb-wd-my-passport-ultra-limited-edition-dragon-usb-3-2-type-c-p275906584.html?spid=275906585
277837263,Màn hình Máy Tính AOC 22B20JH2 (21.45 inch/ Full HD/ 1ms/ 100HZ/ 250cd/m2/ IPS) - GiaPhucStore | Hàng Chính Hãng,1790000.0,1790000.0,0.0,0.0,0,34716,,https://tiki.vnman-hinh-may-tinh-aoc-22b20jh2-21-45-inch-full-hd-1ms-100hz-250cd-m2-ips-giaphucstore-hang-chinh-hang-p277837263.html?spid=277837264
33394028,"Màn Hình cong MSI Optix 32"" AG32CV  (1920x1080/VA/144Hz/1ms/FreeSync) - Hàng Chính Hãng",7850000.0,7850000.0,0.0,0.0,0,30787,,https://tiki.vnman-hinh-cong-msi-optix-32-ag32cv-1920x1080-va-144hz-1ms-freesync-hang-chinh-hang-p33394028.html?spid=48288301
276081880,"HCM- COMBO 4 màu Mực in màu Epson 003 70ml dùng cho máy in  L1110/ L3110/ L3150/ L5190/ L1216/ L1210/ L3216/ L3210/ L3250/ L3256/ L5290, hàng nhập khẩu.",280000.0,280000.0,0.0,5.0,1,299569,,https://tiki.vnmuc-in-mau-epson-003-70ml-dung-cho-may-in-l1110-l3110-l3150-l5190-l1216-l1210-l3216-l3210-l3250-l3256-l5290-hang-nhap-khau-p276081880.html?spid=276081881
274616674,"Ổ đĩa CD/DVD gắn ngoài cho máy tính,xách tay,Macbook,1 USB 3.0 Type-C Đầu ghi CD/DVD di động-Hàng Chính Hãng",320000.0,320000.0,0.0,5.0,2,203285,,https://tiki.vno-dia-cd-dvd-gan-ngoai-cho-may-tinh-xach-tay-macbook-1-usb-3-0-type-c-dau-ghi-cd-dvd-di-dong-hang-chinh-hang-p274616674.html?spid=274616676
274442078,USB Team Group C141 8GB - Hàng Chính Hãng,125000.0,175000.0,50000.0,5.0,2,352627,,https://tiki.vnusb-team-group-c141-8gb-hang-chinh-hang-p274442078.html?spid=274442079
252156968,Phần mềm diệt Virus Bkav Pro - Hàng chính hãng,175000.0,175000.0,0.0,5.0,4,200265,,https://tiki.vnphan-mem-diet-virus-bkav-pro-hang-chinh-hang-p252156968.html?spid=255176125
247241493,Phần Mềm Diệt Virus BKAV Profressional Internet Security (1 năm) - Hàng Chính Hãng,170000.0,179000.0,9000.0,5.0,22,1,,https://tiki.vnphan-mem-diet-virus-bkav-profressional-internet-security-1-nam-hang-chinh-hang-p247241493.html?spid=276180293
247241481,Phần Mềm Diệt Virus BKAV Profressional 1 PC 12 Tháng - Hàng Chính Hãng,175000.0,175000.0,0.0,5.0,177,200265,,https://tiki.vnphan-mem-diet-virus-bkav-profressional-1-pc-12-thang-hang-chinh-hang-p247241481.html?spid=188039476
223956658,"Hộp mực máy in HP 1102 (hàng nhập khẩu) dùng cho máy HP LaserJet P1005, P1006, P1102, P1102w - Cartridge 35A / 85A mới 100%",130000.0,130000.0,0.0,4.7,17,47656,,https://tiki.vnhop-muc-may-in-hp-1102-hang-nhap-khau-dung-cho-may-hp-laserjet-p1005-p1006-p1102-p1102w-cartridge-35a-85a-moi-100-p223956658.html?spid=223956659
190794920,Ổ Cứng Di Động Toshiba Canvio Ready Hàng Chính Hãng,1900000.0,2067000.0,167000.0,4.7,33,295189,,https://tiki.vno-cung-di-dong-toshiba-canvio-ready-hang-chinh-hang-p190794920.html?spid=190794922
165177374,"Hộp mực in 107A/W1107A (full chip) hàng chính hãng Viettoner dùng cho máy in HP LaserJet 107a, 107w, 135a, 135w, 137a, 137w - Cartridge 107A/W1107A mới 100% [Fullbox]",285000.0,285000.0,0.0,4.7,11,65686,,https://tiki.vnhop-muc-in-107a-w1107a-full-chip-hang-chinh-hang-viettoner-dung-cho-may-in-hp-laserjet-107a-107w-135a-135w-137a-137w-cartridge-107a-w1107a-moi-100-fullbox-p165177374.html?spid=169643049
138481685,"Phần mềm Microsoft 365 Family | 12 tháng | Dành cho tối đa 6 người | 5 thiết bị/tài khoản| Word, Excel, PowerPoint | 1TB OneDrive",1690000.0,2590000.0,900000.0,5.0,867,1,,https://tiki.vnphan-mem-microsoft-365-family-english-apac-em-subscr-1yr-medialess-p8-6gq-01555-hang-chinh-hang-p138481685.html?spid=138481687
134641513,USB SanDisk CZ600 - USB 3.0 - Hàng Chính Hãng,298000.0,298000.0,0.0,5.0,1,15937,,https://tiki.vnusb-sandisk-cz600-32gb-usb-3-0-hang-chinh-hang-p134641513.html?spid=275894926
99998451,Màn hình máy tính LG UHD 4K 27'' IPS VESA DisplayHDR 400 27UP600K-W - Hàng chính hãng,5190000.0,8090000.0,2900000.0,5.0,67,1,,https://tiki.vnman-hinh-may-tinh-lg-uhd-4k-27-ips-vesa-displayhdr-400-27up600-w-hang-chinh-hang-p99998451.html?spid=126882500
59165734,Màn Hình ViewSonic VA2732-H-2 27inch 100Hz IPS - Hàng Chính Hãng,2150000.0,3589000.0,1439000.0,0.0,0,1,,https://tiki.vnman-hinh-viewsonic-va2732-h-27inch-75hz-ips-hang-chinh-hang-p59165734.html?spid=83032085
53080935,"Phần mềm Microsoft 365 Personal  | 12 tháng | Dành cho 1 người | 5 thiết bị/tài khoản | Word, Excel, PowerPoint | 1TB OneDrive",1390000.0,2090000.0,700000.0,5.0,1104,1,,https://tiki.vnphan-mem-microsoft-365-personal-english-apac-em-subscr-1yr-medialess-p8-qq2-01398-hang-chinh-hang-p53080935.html?spid=53080937
42561594,Hộp Mực Premium TN2385/ TN2325 Cho Máy In Brother HL-2360/2361 - Hàng Nhập Khẩu,118000.0,118000.0,0.0,4.5,22,65686,,https://tiki.vnhop-muc-premium-tn2385-tn2325-cho-may-in-brother-hl-2360-2361-hang-nhap-khau-p42561594.html?spid=46212004
26061584,Mực nước Inktec dùng cho máy in phun màu Epson - Loại 1 lít (1.000ml) - Hàng chính hãng,200000.0,200000.0,0.0,5.0,20,43974,,https://tiki.vnmuc-nuoc-inktec-dung-cho-may-in-phun-mau-epson-loai-1-lit-1-000ml-hang-chinh-hang-p26061584.html?spid=107110764
21709688,Hộp mực 12a dành cho máy in LBP 2900/ hp 1020/ 1010 - NHẬP KHẨU,123000.0,123000.0,0.0,4.7,29,65686,,https://tiki.vnhop-muc-12a-danh-cho-may-in-lbp-2900-hp-1020-1010-nhap-khau-p21709688.html?spid=26044767
15337513,"Hộp mực in 85A cho máy in HP P1102, HP M1132 MFP, HP M1212NFA",123000.0,123000.0,0.0,4.7,103,65686,,https://tiki.vnhop-muc-in-85a-cho-may-in-hp-p1102-hp-m1132-mfp-hp-m1212nfa-p15337513.html?spid=26180684
6410735,Cáp mạng đúc sẵn 2 đầu Cat 5 dài 2M Ugreen NW103 11231 - Hàng chính hãng,40000.0,140000.0,100000.0,5.0,35,1,,https://tiki.vncap-mang-duc-san-2-dau-cat-5-dai-2m-ugreen-nw103-11231-hang-chinh-hang-p6410735.html?spid=11404891
6403893,Dây mạng bấm sẵn 2 đầu Cat6 UTP Patch Cords dài 5M UGREEN NW102 11204 - Hàng chính hãng,79000.0,180000.0,101000.0,5.0,239,1,,https://tiki.vnday-mang-bam-san-2-dau-cat6-utp-patch-cords-dai-5m-ugreen-nw102-11204-hang-chinh-hang-p6403893.html?spid=11404880
459600,"Brother TN-1010 Toner Mực Cho Máy In DCP-1511, DCP-1514, DCP-1616NW, HL-1111, HL-1201, HL-1211W, MFC-1811 - Hàng Chính Hãng",330000.0,330000.0,0.0,4.7,53,3103,,https://tiki.vnbrother-tn-1010-toner-muc-cho-may-in-dcp-1511-dcp-1514-dcp-1616nw-hl-1111-hl-1201-hl-1211w-mfc-1811-hang-chinh-hang-p459600.html?spid=2452167
459201,Máy In Laser Đen Trắng Đơn Năng Brother HL-L2321D Duplex - Hàng Chính Hãng,2990000.0,3690000.0,700000.0,4.7,632,1,,https://tiki.vnmay-in-laser-den-trang-don-nang-brother-hl-l2321d-duplex-hang-chinh-hang-p459201.html?spid=167503
419320,Máy In Laser Đơn Năng Canon LBP 6030 - Hàng chính hãng,2790000.0,4490000.0,1700000.0,4.6,241,1,,https://tiki.vnmay-in-laser-don-nang-canon-lbp-6030-hang-chinh-hang-p419320.html?spid=122792
311788,Hộp Đựng Ổ Cứng Di Động HDD Box ORICO USB3.0/2.5 - 2588US3 Nhựa Cứng Màu,215000.0,215000.0,0.0,5.0,2,15937,,https://tiki.vnhop-dung-o-cung-di-dong-hdd-box-orico-usb3-0-2-5-2588us3-nhua-cung-hang-chinh-hang-p311788.html?spid=276129712
97990990,Mực nạp 12A hàng chính hãng Alphacartridge dành cho hộp mực 26A 05A 49A FX9  máy in Canon 2900 3000 3300 6300 251dw 252dw HP 1010 1020 2055 Pro 400 m402 m402nw 1230 ,33500.0,33500.0,0.0,4.6,24,183951,,https://tiki.vnmuc-nap-12a-hang-chinh-hang-alphacartridge-danh-cho-hop-muc-26a-05a-49a-fx9-may-in-canon-2900-3000-3300-6300-251dw-252dw-hp-1010-1020-2055-pro-400-m402-m402nw-1230-p97990990.html?spid=97990991
276101008,"Dây nguồn PC , dây nguồn máy tính , máy in ARIGATO - Hàng chính hãng",75000.0,75000.0,0.0,5.0,2,315114,,https://tiki.vnday-nguon-pc-day-nguon-may-tinh-may-in-arigato-hang-chinh-hang-p276101008.html?spid=276101009
278843999,Ổ cứng SSD Orico PCIe Gen3x4 M2 NVMe - Hàng Chính Hãng,2980000.0,2980000.0,0.0,0.0,0,15937,,https://tiki.vno-cung-ssd-orico-pcie-gen3x4-m2-nvme-hang-chinh-hang-p278843999.html?spid=278844000
278733442,"Hộp mực TN 2385 Halloya dùng cho máy in Brother HL-L2321D, HL-2361DN, HL-2366DW, MFC-L2701D, MFC-L2701DW, DPC L2520D Hàng nhập khẩu",145000.0,145000.0,0.0,5.0,1,43974,,https://tiki.vnhop-muc-tn-2385-halloya-dung-cho-may-in-brother-hl-l2321d-hl-2361dn-hl-2366dw-mfc-l2701d-mfc-l2701dw-dpc-l2520d-hang-nhap-khau-p278733442.html?spid=278733443
278618544,Màn hình Gaming LG UltraGear 24G411A-B.ATV (24 Inch - IPS - FHD - 144Hz) - Hàng chính hãng,2390000.0,3490000.0,1100000.0,5.0,3,1,,https://tiki.vnman-hinh-gaming-lg-ultragear-24g411a-24-inch-ips-fhd-144hz-hang-chinh-hang-p278618544.html?spid=278618545
277497717,Mực in trắng đen TNB027 - Hàng chính hãng,246000.0,246000.0,0.0,0.0,0,149312,,https://tiki.vnmuc-in-trang-den-tnb027-hang-chinh-hang-p277497717.html?spid=276542293
277313182,Màn Hình Viewsonic VX2758A-2K-PRO-4 27inch 2K 180Hz QHD - Hàng Chính Hãng,4390000.0,5999000.0,1609000.0,5.0,1,1,,https://tiki.vnman-hinh-viewsonic-vx2758a-2k-pro-2-27inch-2k-185hz-qhd-hang-chinh-hang-p277313182.html?spid=277313201
276952048,Màn hình MSI PRO MP242L 23.8 inch FHD IPS 100Hz 1ms - Hàng Chính Hãng,1790000.0,2490000.0,700000.0,5.0,7,1,,https://tiki.vnman-hinh-msi-pro-mp242l-23-8-inch-fhd-ips-100hz-1ms-hang-chinh-hang-p276952048.html?spid=276952053
276944901,Máy in nhãn nhiệt cầm tay Mini Máy in bỏ túi Bluetooth không dây Android IOS Điện thoại Máy in ảnh Máy tạo nhãn - Hàng Nhập Khẩu,215000.0,215000.0,0.0,4.7,3,100773,,https://tiki.vnmay-in-nhan-nhiet-cam-tay-mini-may-in-bo-tui-bluetooth-khong-day-android-ios-dien-thoai-may-in-anh-may-tao-nhan-p276944901.html?spid=276944902
276913280,"Mực Estar BTD60BK, BT6000 BT5000C/ Y/ M dùng cho máy in Brother DCP-T310, T510W,  T710W, MFC-T810W, T910W, T220, T426 - Hàng chính hãng",33000.0,33000.0,0.0,0.0,0,43974,,https://tiki.vnmuc-estar-btd60bk-bt6000-bt5000c-y-m-dung-cho-may-in-brother-dcp-t310-t510w-t710w-mfc-t810w-t910w-t220-t426-hang-chinh-hang-p276913280.html?spid=276913288
276895947,"Usb phát sóng wifi từ sim 4G USB Modem, Bộ phát Wifi từ Sim 4G, Dcom phát wifi tốc độ cao,  phủ sóng rộng - Hàng chính hãng / Hàng nhập khẩu",338000.0,338000.0,0.0,5.0,1,356119,,https://tiki.vnusb-phat-song-wifi-tu-sim-4g-usb-modem-bo-phat-wifi-tu-sim-4g-dcom-phat-wifi-toc-do-cao-phu-song-rong-hang-chinh-hang-hang-nhap-khau-p276895947.html?spid=276895948
276139893,Box NVME Orico PDDM2C3-G2 hỗ trợ m2 NVME PCIe Gen3x4 / Gen4x4 Type C tốc độ 10Gbps – Hàng Chính Hãng,469000.0,469000.0,0.0,5.0,2,15937,,https://tiki.vnbox-nvme-orico-pddm2c3-g2-ho-tro-m2-nvme-pcie-gen3x4-gen4x4-type-c-toc-do-10gbps-hang-chinh-hang-p276139893.html?spid=276176254
456516,TP-Link  TL-SF1016D - Switch Chia Tín Hiệu Để Bàn 16 Cổng 10/100Mbps - Hàng Chính Hãng,515000.0,515000.0,0.0,4.8,4,1242,,https://tiki.vntp-link-tl-sf1016d-switch-chia-tin-hieu-de-ban-16-cong-10-100mbps-hang-chinh-hang-p456516.html?spid=198579375
465219,Thiết Bị Phát Wifi Di Động 4G LTE-Advanced TP-Link M7350 150Mbps - Hàng Chính Hãng,1429000.0,1429000.0,0.0,4.5,158,1242,,https://tiki.vnthiet-bi-phat-wifi-di-dong-4g-lte-advanced-tp-link-m7350-v5-150mbps-hang-chinh-hang-p465219.html?spid=11816048
275705450,"Bộ Phát Router Wifi 7 TP-Link Archer BE230 Băng Tần Kép 2,4/5Ghz - Chuẩn BE3600 - Tốc Độ Gigabit Mạnh Mẽ Với 1x WAN 2.5Gbps & 1x LAN 2.5Gbps - Hàng Chính Hãng",1950000.0,1950000.0,0.0,4.8,4,1242,,https://tiki.vnbo-phat-router-wifi-7-tp-link-archer-be230-bang-tan-kep-2-4-5ghz-chuan-be3600-toc-do-gigabit-manh-me-voi-1x-wan-2-5gbps-1x-lan-2-5gbps-hang-chinh-hang-p275705450.html?spid=275705451
74547194,Bộ Phát Wifi Di Động 3G/4G TP-Link M7000 - Hàng Chính Hãng,905000.0,905000.0,0.0,4.7,36,1242,,https://tiki.vnbo-phat-wifi-di-dong-3g-4g-tp-link-m7000-hang-chinh-hang-p74547194.html?spid=89901376
275530125,Sạc cho Laptop Asus TUF Gaming A15 A17 F15 F17 Series 150W (Chân 6.0mm*3.7mm kim bên trong) kèm dây nguồn - Hàng nhập khẩu,550000.0,550000.0,0.0,0.0,0,126154,,https://tiki.vnsac-cho-laptop-asus-tuf-gaming-a15-a17-f15-f17-series-150w-chan-6-0mm-3-7mm-kim-ben-trong-kem-day-nguon-hang-nhap-khau-p275530125.html?spid=275530126
275486073,Sạc dành cho Laptop Dell Latitude 7210 7310 7410 - TYPE-C hàng nhập khẩu.,550000.0,550000.0,0.0,0.0,0,126154,,https://tiki.vnsac-danh-cho-laptop-dell-latitude-7210-7310-7410-type-c-hang-nhap-khau-p275486073.html?spid=275486074
275451243,Hộp mực dùng cho máy in canon lbp 2900/3000 (hộp mực 12a) hàng chính hãng ,118000.0,118000.0,0.0,4.5,13,140258,,https://tiki.vnhop-muc-dung-cho-may-in-canon-lbp-2900-3000-hop-muc-12a-p275451243.html?spid=275451244
275212219,"Hộp Mực AZ TN 2385 Dùng cho máy in Brother HL 2321D, 2361DN, 2366DW, DCP L2520, MFC L2701D, L2701DW - Hàng chính hãng",143000.0,143000.0,0.0,5.0,1,43974,,https://tiki.vnhop-muc-az-tn-2385-dung-cho-may-in-brother-hl-2321d-2361dn-2366dw-dcp-l2520-mfc-l2701d-l2701dw-hang-chinh-hang-p275212219.html?spid=275212220
275210431,"Mực nạp LN 85A 35A Cho máy in Canon  6030, 6230, 3050. HP P1102, P1006, M12A, M15A, M28A - hàng chính hãng",25000.0,25000.0,0.0,4.8,4,43974,,https://tiki.vnmuc-nap-ln-85a-35a-cho-may-in-canon-6030-6230-3050-hp-p1102-p1006-m12a-m15a-m28a-hang-chinh-hang-p275210431.html?spid=275210432
274929191,"Hộp Mực in 49A/53A/308 Prospect dùng cho máy in Canon 3300, Hp 1320, 1160, P2015 In được 2700 trang, hàng chính hãng",198000.0,198000.0,0.0,5.0,2,43974,,https://tiki.vnhop-muc-in-49a-53a-308-prospect-dung-cho-may-in-canon-3300-hp-1320-1160-p2015-in-duoc-2700-trang-hang-chinh-hang-p274929191.html?spid=274929192
274365707,"Đầu chuyển OTG Type C to USB 3.1 tốc độ cao Baseus Ingenuity Series Mini OTG Gen2 (Type-C to USB-A 3.1 Full Size, 10Gbps High speed OTG for Laptop/Macbook/iPad/Tablet/Smartphone)- Hàng nhập khẩu",89999.0,89999.0,0.0,5.0,3,144022,,https://tiki.vndau-chuyen-otg-type-c-to-usb-3-1-toc-do-cao-baseus-ingenuity-series-mini-otg-gen2-type-c-to-usb-a-3-1-full-size-10gbps-high-speed-otg-for-laptop-macbook-ipad-tablet-smartphone-p274365707.html?spid=274365708
273712877,"Nguồn tổ ong RS-15-3.3 Meanwell (9.9W 3.3V 3A), Hàng chính hãng",225000.0,225000.0,0.0,0.0,0,321316,,https://tiki.vnnguon-to-ong-rs-15-3-3-meanwell-9-9w-3-3v-3a-p273712877.html?spid=273712878
273675319,[Hàng chính hãng] Máy in laser đa năng màu MFC-L3760CDW,12450000.0,12450000.0,0.0,0.0,0,3103,,https://tiki.vnmay-in-laser-da-nang-mau-mfc-l3760cdw-p273675319.html?spid=276457564
260933397,Box Orico Đựng Ổ Cứng HDD/SSD 2.5 inch 25PW1-U3-BK - Hàng chính hãng,169000.0,169000.0,0.0,5.0,2,15937,,https://tiki.vnbox-orico-dung-o-cung-hdd-ssd-2-5-inch-25pw1-u3-bk-hang-chinh-hang-p260933397.html?spid=276106463
251999091,"Mực nạp đa năng KT221 (tặng kèm phễu) (hàng nhập khẩu) dùng cho hộp mực 12A, 35A, 85A, 49A, 53A, 26A, 05A, 78A, 83A",30000.0,30000.0,0.0,4.7,3,47656,,https://tiki.vnmuc-nap-da-nang-kt221-tang-kem-pheu-hang-nhap-khau-dung-cho-hop-muc-12a-35a-85a-49a-53a-26a-05a-78a-83a-p251999091.html?spid=251999092
219148368,"Cụm trống / Cụm drum Brother DR 2385 / DR 2325 hàng nhập khẩu dùng cho máy in Brother HL 2321D, L2361DN, 2520D, 2366DW, 2701D, 2701DW... DR2385 - DR2325",190000.0,190000.0,0.0,4.0,2,47656,,https://tiki.vncum-trong-cum-drum-brother-dr-2385-dr-2325-hang-nhap-khau-dung-cho-may-in-brother-hl-2321d-l2361dn-2520d-2366dw-2701d-2701dw-dr2385-dr2325-p219148368.html?spid=219148369
207387089,"Bộ Phát WIFI Từ Sim 3G/4G MIXIE LTE - 4 Cổng LAN - 4 Anten WIFI 300MBPS, 4 Cổng LAN Hỗ Trợ Lên Đến 32 Thiết Bị - hàng chính hãng",850000.0,850000.0,0.0,4.0,1,298886,,https://tiki.vnbo-phat-wifi-tu-sim-3g-4g-mixie-lte-4-cong-lan-4-anten-wifi-300mbps-4-cong-lan-ho-tro-len-den-32-thiet-bi-p207387089.html?spid=207387090
172960109,"Ổ Cứng Di Động HDD Seagate One Touch 1TB 2.5"" USB 3.0 + Phục Hồi Dữ Liệu Rescue_Hàng chính hãng",2449000.0,2449000.0,0.0,0.0,0,915,,https://tiki.vno-cung-di-dong-hdd-seagate-one-touch-1tb-2-5-usb-3-0-phuc-hoi-du-lieu-rescue-p172960109.html?spid=194209834
143714177,USB 128GB Kingston DTX- Hàng chính hãng,240000.0,240000.0,0.0,4.2,5,200265,,https://tiki.vnusb-128gb-kingston-dtx-p143714177.html?spid=246890837
54616069,USB SanDisk Cruzer Blade CZ50 USB2.0- 64GB - Hàng nhập khẩu,429000.0,429000.0,0.0,5.0,1,915,,https://tiki.vnusb-sandisk-cruzer-blade-cz50-usb2-0-64gb-hang-nhap-khau-p54616069.html?spid=135552672
42561568,Hộp Mực In Premium 26A (HP CF226A)/ Cartridge 052 - Hàng Nhập Khẩu,179000.0,179000.0,0.0,5.0,11,65686,,https://tiki.vnhop-muc-in-premium-26a-hp-cf226a-cartridge-052-hang-nhap-khau-p42561568.html?spid=43138624
21162350,Ổ đĩa quang gắn ngoài Asus SDRW-08D2S-U LITE - Hàng chính hãng,999000.0,999000.0,0.0,5.0,2,915,,https://tiki.vno-dia-quang-gan-ngoai-asus-sdrw-08d2s-u-lite-hang-chinh-hang-p21162350.html?spid=197623015
14379439,Trống máy in Brother HL-2385/L2320D/2321D/2340DW/2360DN/2361dn/2365DW - Hàng nhập khẩu,59000.0,59000.0,0.0,5.0,11,65686,,https://tiki.vntrong-may-in-brother-hl-2385-l2320d-2321d-2340dw-2360dn-2361dn-2365dw-hang-nhap-khau-p14379439.html?spid=108873914
7668907,Mực In Brother BTD60BK - Hàng Chính Hãng,216000.0,216000.0,0.0,5.0,26,149312,,https://tiki.vnmuc-in-brother-btd60bk-hang-chinh-hang-p7668907.html?spid=72640395
6539103,Router Wifi Băng Tần Kép TP-Link Archer C6 Gigabit AC1200 MU-MIMO - Hàng Chính Hãng,793000.0,793000.0,0.0,0.0,0,15937,,https://tiki.vnrouter-wifi-bang-tan-kep-tp-link-archer-c6-gigabit-ac1200-mu-mimo-hang-chinh-hang-p6539103.html?spid=275002275
3556013,(Bộ 10 chai) Mực đổ Thuận Phong TP03 dùng cho máy in HP / Canon - Hàng Chính Hãng,285000.0,285000.0,0.0,4.5,18,2430,,https://tiki.vnbo-10-chai-muc-do-thuan-phong-tp03-dung-cho-may-in-hp-canon-hang-chinh-hang-p3556013.html?spid=3556015
459733,"Brother TN-2385 Toner Mực Cho Máy In HL-L2321D, HL-2361DN, HL-2366DW, MFC-L2701D, MFC-L2701DW - Hàng Chính Hãng",525000.0,525000.0,0.0,4.8,456,3103,,https://tiki.vnbrother-tn-2385-toner-muc-cho-may-in-hl-l2321d-hl-2361dn-hl-2366dw-mfc-l2701d-mfc-l2701dw-hang-chinh-hang-p459733.html?spid=2452185
456510,TP-Link TL-SF1008D - Bộ Chia Tín Hiệu Để Bàn 8 cổng 10/100Mbps - Hàng Chính Hãng,150000.0,318400.0,168400.0,4.8,214,1,,https://tiki.vntp-link-tl-sf1008d-bo-chia-tin-hieu-de-ban-8-cong-10-100mbps-hang-chinh-hang-p456510.html?spid=164287
416911,TP-Link  TL-WN823N - USB Wifi chuẩn N tốc độ 300Mbps - Hàng Chính Hãng,205000.0,205000.0,0.0,4.7,52,1242,,https://tiki.vntp-link-tl-wn823n-usb-wifi-chuan-n-toc-do-300mbps-hang-chinh-hang-p416911.html?spid=7651293
410704,Ổ Cứng Di Động WD Elements 2TB 2.5 USB 3.0 - WDBU6Y0020BBK - Hàng chính hãng,3050000.0,3050000.0,0.0,3.8,5,915,,https://tiki.vno-cung-di-dong-wd-elements-2tb-2-5-usb-3-0-wdbu6y0020bbk-hang-chinh-hang-p410704.html?spid=1068504
278806873,USB Lexar Jumpdrive V400 USB 3.0 (LJDV400032G-BNBNG) - Hàng Chính Hãng,139000.0,139000.0,0.0,5.0,1,34716,,https://tiki.vnusb-lexar-jumpdrive-v400-usb-3-0-ljdv400032g-bnbng-hang-chinh-hang-p278806873.html?spid=271583443
278636867,"Bộ Kích Sóng Wifi Tốc Độ Cao 6 Râu 50M Thiết Bị Mở Rộng Sóng Bao Phủ Căn Nhà, Văn Phòng - Hàng Nhập Khẩu",300000.0,300000.0,0.0,0.0,0,353491,,https://tiki.vnbo-kich-song-wifi-toc-do-cao-6-rau-50m-thiet-bi-mo-rong-song-bao-phu-can-nha-van-phong-hang-nhap-khau-p278636867.html?spid=278636868
277744033,Bộ mở rộng sóng Wifi TP-Link Wifi 6 RE505X - Hàng chính hãng,1443000.0,1443000.0,0.0,4.0,1,162514,,https://tiki.vnbo-mo-rong-song-wifi-tp-link-wifi-6-re505x-hang-chinh-hang-p277744033.html?spid=277744034
277606774,USB Wifi 150Mbps TP-Link High Gain Wireless TL-WN722N - Hàng chính hãng,229000.0,338000.0,109000.0,0.0,0,162514,,https://tiki.vnusb-wifi-150mbps-tp-link-high-gain-wireless-tl-wn722n-hang-chinh-hang-p277606774.html?spid=277606775
277228317,Máy Scan Màu Di Động Thông Minh Scan Tài Liệu A4/A5/A6/A7 K800 - Hàng Nhập Khẩu,1065000.0,1065000.0,0.0,0.0,0,81456,,https://tiki.vnmay-scan-mau-di-dong-thong-minh-scan-tai-lieu-a4-a5-a6-a7-k800-hang-nhap-khau-p277228317.html?spid=277228318
276798874,Ruy băng mực màu YMCKO CBGR0100C - Hàng Nhập Khẩu,1200000.0,1200000.0,0.0,0.0,0,47812,,https://tiki.vnruy-bang-muc-mau-ymcko-cbgr0100c-hang-nhap-khau-p276798874.html?spid=276798876
276191397,"Hộp mực TN 2385 dành cho Brother HL-L2321D HL-2361DN HL-2366DW MFC-L2700dw MFC-L2701DW 2300D/2320D/L2340DW/L2360DW/L2380DW/L2321D/L2361DW DCP-L2520DW/L2540DW MFC-L2700DW -Chất lượng cao Mới 100%, Full hộp Hàng chính hãng Alpha Cartridge ",106000.0,106000.0,0.0,5.0,5,183951,,https://tiki.vnhop-muc-tn-2385-danh-cho-brother-hl-l2321d-hl-2361dn-hl-2366dw-mfc-l2700dw-mfc-l2701dw-2300d-2320d-l2340dw-l2360dw-l2380dw-l2321d-l2361dw-dcp-l2520dw-l2540dw-mfc-l2700dw-chat-luong-cao-moi-100-full-hop-hang-chinh-hang-alpha-cartridge-p276191397.html?spid=276191398
276191379,"Hộp mực 85A dành cho HP P1102 P1102w HP M1132 MFP, HP M1212NF Canon LBP 6030 6030w 6000 -Hàng chính hãng Alpha Cartridge",126000.0,126000.0,0.0,0.0,0,183951,,https://tiki.vnhop-muc-85a-danh-cho-may-in-hp-p1102-p1102w-hp-m1132-mfp-hp-m1212nf-canon-lbp-6030-6030w-6000-hang-chinh-hang-alpha-cartridge-p276191379.html?spid=276191380
276123128,"Hộp mực màu 416a (W2040A,W2041A,W2042A,W2043A) - KHÔNG CHIP NHẬN MỰC dùng cho máy in HP454DN, 454DW, M479FDW - Hàng nhập khẩu",270000.0,270000.0,0.0,0.0,0,2859,,https://tiki.vnhop-muc-mau-416a-w2040a-w2041a-w2042a-w2043a-khong-chip-nhan-muc-dung-cho-may-in-hp454dn-454dw-m479fdw-hang-nhap-khau-p276123128.html?spid=276123136
275860530,Pin dành cho laptop HP Elitebook 840 G3 840 G4 850 G3 850 G4 (CS03XL) hàng nhập khẩu,650000.0,650000.0,0.0,0.0,0,126154,,https://tiki.vnpin-danh-cho-laptop-hp-elitebook-840-g3-840-g4-850-g3-850-g4-cs03xl-hang-nhap-khau-p275860530.html?spid=275860531
275505593,Sạc dành cho Laptop Asus X441UA-WX111 Adapter 19V-2.37A hàng nhập khẩu,255000.0,255000.0,0.0,5.0,1,126154,,https://tiki.vnsac-danh-cho-laptop-asus-x441ua-wx111-adapter-19v-2-37a-hang-nhap-khau-p275505593.html?spid=275505594
275171088,Hộp mực dành cho máy in Canon LBP 6030/ 6030w F158200 HP P1102 / 1102w Hàng chính hãng Alpha Cartridge,126900.0,126900.0,0.0,5.0,18,183951,,https://tiki.vnhop-muc-danh-cho-may-in-canon-lbp-6030-6030w-hp-p1102-1102w-p275171088.html?spid=275171089
270663581,Phần mềm diệt Virus Kaspersky Plus Cho 5 Máy Tính - Plus5 - Hàng chính hãng,937000.0,937000.0,0.0,0.0,0,15937,,https://tiki.vnphan-mem-diet-virus-kaspersky-plus-cho-5-may-tinh-plus5-hang-chinh-hang-p270663581.html?spid=270663582
248792234,Hộp mực cho máy in HP Neverstop Laser 1000w / 1000a hàng nhập khẩu mới 100% [Full box] -  103A / W1103A,110000.0,110000.0,0.0,4.0,6,47656,,https://tiki.vnhop-muc-may-in-hp-neverstop-laser-1000w-1000a-hang-nhap-khau-moi-100-full-box-103a-w1103a-p248792234.html?spid=248792235
229809605,USB 3.1 Lexar S80 JumDrive 32GB / 64GB - Hàng Chính Hãng,135000.0,135000.0,0.0,4.7,6,200265,,https://tiki.vnusb-3-1-lexar-s80-jumdrive-32gb-64gb-hang-chinh-hang-p229809605.html?spid=229809607
219163708,"Hộp mực 337 - Hộp mực Canon mf241d hàng nhập khẩu dùng cho máy in Canon MF211, MF212w, MF215, MF217w, MF220, MF221d, MF230, MF232w, MF235, MF237w, MF240, MF244dw, MF246dn, MF249dw, LBP 151dw - Cartridge 337 - 83A mới 100%",130000.0,130000.0,0.0,4.7,3,47656,,https://tiki.vnhop-muc-337-hop-muc-canon-mf241d-hang-nhap-khau-dung-cho-may-in-canon-mf211-mf212w-mf215-mf217w-mf220-mf221d-mf230-mf232w-mf235-mf237w-mf240-mf244dw-mf246dn-mf249dw-lbp-151dw-cartridge-337-83a-moi-100-p219163708.html?spid=219163709
201508922,"Hộp đựng ổ cứng 2.5"" ORICO 25WP1-U3-BK - Hàng Chính Hãng",125000.0,125000.0,0.0,4.8,19,6975,,https://tiki.vnhop-dung-o-cung-2-5-orico-25wp1-u3-bk-hang-chinh-hang-p201508922.html?spid=201508923
200024536,Sạc cho Laptop Dell Vostro 5460 5470 5480 5560 - Hàng Nhập Khẩu New Seal,289800.0,289800.0,0.0,0.0,0,308064,,https://tiki.vnsac-cho-laptop-dell-vostro-5460-5470-5480-5560-hang-chinh-hang-miac735-p200024536.html?spid=200024537
197147399,Hộp Ổ Cứng SSD M205C3 ORICO M.2 NGFF SSD (6G)- Hàng Chính Hãng,378000.0,378000.0,0.0,4.0,2,915,,https://tiki.vnhop-o-cung-ssd-m205c3-orico-m-2-ngff-ssd-6g-hang-chinh-hang-p197147399.html?spid=202627717
190315447,Phần Mềm Diệt Virus BKAV Pro Internet Security AI (1 năm) - Hàng Chính Hãng,175000.0,175000.0,0.0,5.0,71,200265,,https://tiki.vnphan-mem-diet-virus-bkav-pro-internet-security-ai-1-nam-hang-chinh-hang-p190315447.html?spid=190315449
189371737,Apple Macbook Air M2 13.6 Inch - 16GB/ 256GB - MC7X4SA/A,19990000.0,38990000.0,19000000.0,5.0,72,1,,https://tiki.vnapple-macbook-air-m2-13-6-inch-p189371737.html?spid=201859611
187188650,Bộ chia mạng lan 5 8 cổng Mercusys MS105G MS108G switch 5 port 8 port gigabit 10/100/1000 Mbps - Hàng chính hãng,185000.0,185000.0,0.0,5.0,3,200265,,https://tiki.vnbo-chia-mang-lan-5-8-cong-mercusys-ms105g-ms108g-switch-5-port-8-port-gigabit-10-100-1000-mbps-p187188650.html?spid=257836023
168372008,VGA Gigabyte GT 730 2G GDDR5 (GV-N730D5-2GL) - Hàng Chính Hãng,1390000.0,1390000.0,0.0,5.0,11,3103,,https://tiki.vnvga-gigabyte-gt-730-2g-gddr5-gv-n730d5-2gl-hang-chinh-hang-p168372008.html?spid=175414415
165997249,"Hộp mực 30A hàng chính hãng Viettoner dùng cho máy in dùng cho máy in HP LaserJet M203dn, M203dw, M227sdn, M227fdn, M227fdw, Canon LBP 161dn, 162dw, MF266dn, MF261d, MF264dw, MF269dw- Cartridge CF230A mới 100% [Fullbox]",125000.0,125000.0,0.0,3.3,3,47656,,https://tiki.vnhop-muc-30a-hang-chinh-hang-viettoner-dung-cho-may-in-dung-cho-may-in-hp-laserjet-m203dn-m203dw-m227sdn-m227fdn-m227fdw-canon-lbp-161dn-162dw-mf266dn-mf261d-mf264dw-mf269dw-cartridge-cf230a-moi-100-fullbox-p165997249.html?spid=165997250
147759418,Máy in HP LaserJet M211dw (9YF83A) - Hàng chính hãng,3390000.0,4990000.0,1600000.0,5.0,4,1,,https://tiki.vnmay-in-hp-laserjet-m211dw-9yf83a-hang-chinh-hang-p147759418.html?spid=275688480
146205701,"Cụm Drum DR-2385 - SAHA - Hộp mực dùng cho máy in Brother: HL – L2321D, L2361DN, L2366DW / MFC – L2701D/DW, DCP – L2520D.",170000.0,170000.0,0.0,5.0,1,133440,,https://tiki.vncum-drum-saha-brother-dr-2385-p146205701.html?spid=146205704
134361927,Ổ cứng di động External SSD Sandisk Extreme V2 E61 USB 3.2 Gen 2 SDSSDE61-G25 - Hàng Chính Hãng,4490000.0,4490000.0,0.0,0.0,0,915,,https://tiki.vno-cung-di-dong-external-ssd-sandisk-extreme-v2-e61-500gb-usb-3-2-gen-2-sdssde61-500g-g25-hang-chinh-hang-p134361927.html?spid=273181484
127668958,Bộ Chia Tín Hiệu Switch Để Bàn TP-Link LS1005G 5 Cổng 10/100/1000Mbps - Hàng Chính Hãng,250000.0,355000.0,105000.0,0.0,0,1,,https://tiki.vnbo-chia-tin-hieu-switch-de-ban-tp-link-ls1005g-5-cong-10-100-1000mbps-hang-chinh-hang-p127668958.html?spid=277920275
87128621,Mực in Brother TN-2385 - HÀNG CHÍNH HÃNG,530000.0,530000.0,0.0,5.0,9,3103,,https://tiki.vnmuc-in-brother-tn-2385-hang-chinh-hang-p87128621.html?spid=252162112
77516386,"Hộp mực máy in Canon LBP 6230DN, 6230DW, 6200D, MF4410 có lỗ nạp mực",125000.0,125000.0,0.0,5.0,6,2859,,https://tiki.vnhop-muc-may-in-canon-lbp-6230dn-6230dw-6200d-mf4410-co-lo-nap-muc-p77516386.html?spid=180001056
75349580,"(Combo 50 cuộn) Giấy in nhiệt K80X45mm - Giấy in Bill K80 - Giấy in hóa đơn K80 - Dùng cho các dòng máy in: XPRINTER, EPSON, BIXOLON, COGNITIVE, BIRCH, YAMAFUJI,C USTOM, SUPER PRINTER, TOPCASH, ANTECH, DATAPRINT, APOS, TAWA PRP, ATP",400000.0,400000.0,0.0,4.0,2,133440,,https://tiki.vncombo-50-cuon-giay-in-nhiet-inkmax-k80x45-hang-chinh-hang-dung-cho-cac-loai-may-xprinter-epson-prp-tawa-citizen-topcash-casio-p75349580.html?spid=75349581
66930382,TOTOLINK - A720R - Router băng tần kép AC1200 - Hàng chính hãng,390000.0,390000.0,0.0,0.0,0,8305,,https://tiki.vntotolink-a720r-router-bang-tan-kep-ac1200-hang-chinh-hang-p66930382.html?spid=102439320
35729792,USB 3.1 SanDisk Ultra Luxe CZ74 128GB 150MB/s (Bạc) - Hàng Chính Hãng,809000.0,809000.0,0.0,5.0,3,915,,https://tiki.vnusb-3-1-sandisk-ultra-luxe-cz74-128gb-150mb-s-bac-hang-chinh-hang-p35729792.html?spid=203230038
30731780,MĂNG XÔNG QUAG 24FO full phụ kiện-  Hàng Nhập khẩu,199000.0,199000.0,0.0,0.0,0,73219,,https://tiki.vnmang-xong-quag-24fo-full-phu-kien-hang-nhap-khau-p30731780.html?spid=30731781
26114420,[Bộ 5 cái] Băng mực máy in Kim Epson LQ310 ,320000.0,320000.0,0.0,4.2,6,140258,,https://tiki.vncombo-5-cai-ruy-bang-fullmark-lq310-chinh-hang-p26114420.html?spid=59450120
9966450,Hộp mực 12A cho máy in 2900 3000 HP. 1010 1020 - Q2612A,123000.0,123000.0,0.0,5.0,16,65686,,https://tiki.vnhop-muc-12a-cho-may-in-2900-3000-hp-1010-1020-q2612a-p9966450.html?spid=26044741
8608925,Hộp mực dành cho máy in Laser Brother HL-L2321D.,115000.0,115000.0,0.0,5.0,5,140258,,https://tiki.vnhop-muc-may-in-laser-brother-hl-l2321d-p8608925.html?spid=131363560
561957,Kaspersky Anti Virus Cho 1 Máy Tính - KAV1U - Hàng chính hãng,169000.0,205000.0,36000.0,4.8,405,1,,https://tiki.vnkaspersky-anti-virus-cho-1-may-tinh-kav1u-hang-chinh-hang-p561957.html?spid=295945
278958928,"Hộp mực 151A Có chip cho HP MFP 4103FDN MFP 4103FDW 4103dw 4003DN M4003DW - MÃ MỰC W1510A , MỚI 100%, BẢO HÀNH 1 ĐỔI 1 Hàng chính hãng Alpha Cartridge",260000.0,260000.0,0.0,0.0,0,183951,,https://tiki.vnhop-muc-151a-co-chip-cho-hp-mfp-4103fdn-mfp-4103fdw-4103dw-4003dn-m4003dw-ma-muc-w1510a-moi-100-bao-hanh-1-doi-1-hang-chinh-hang-alpha-cartridge-p278958928.html?spid=278958929
278861117,Hộp mực 110A cho máy in HP MFP  108a 108w 136w 136a 136nw 138fnw (mã mực 110A/ W1112A) có chip-Hàng chính hãng Alpha Cartridge,178000.0,178000.0,0.0,0.0,0,183951,,https://tiki.vnhop-muc-may-in-hp-mfp-136a-136w-136nw-138fnw-108a-108w-ma-muc-110a-w1112a-co-chip-p278861117.html?spid=278861118
278463248,USB Kingston 3.2 Gen 1 DataTraveler Exodia  Exodia S DTXS  64GB / 128GB / 256GB - Hàng Chính Hãng,229000.0,229000.0,0.0,0.0,0,915,,https://tiki.vnusb-kingston-3-2-gen-1-datatraveler-exodia-exodia-s-dtxs-64gb-128gb-256gb-hang-chinh-hang-p278463248.html?spid=278465756
277284675,Màn Hình Viewsonic VA2732A-H 120Hz 27inch Full HD IPS - Hàng Chính Hãng,2350000.0,3590000.0,1240000.0,5.0,5,1,,https://tiki.vnman-hinh-viewsonic-va2732a-h-120hz-27inch-full-hd-ips-hang-chinh-hang-p277284675.html?spid=277284744
276828662,Hộp mực 070 Có chip Canon LBP 243dw 246dw 248x-MF 461dw 462dw 463dw 465dw  Hàng chính hãng Alpha Cartridge,186000.0,186000.0,0.0,4.5,2,183951,,https://tiki.vnhop-muc-070-canon-lbp-243dw-246dw-248x-mf-461dw-462dw-463dw-465dw-khong-can-gan-chip-van-nha-n-lenh-in-100-bao-dam-in-binh-thuong-hang-chinh-hang-alpha-cartridge-p276828662.html?spid=276828663
276597549,"Mực Gl-790 Prospect dùng cho máy Canon G1000, G1010, G2000, G2010, G3000, G3010 - Hàng chính hãng",45000.0,45000.0,0.0,4.3,3,43974,,https://tiki.vnmuc-gl-790-prospect-dung-cho-may-canon-g1000-g1010-g2000-g2010-g3000-g3010-hang-chinh-hang-p276597549.html?spid=276597557
276416411,Switch TP-Link TL-SG105 (Gigabit (1000Mbps)/ 5 Cổng/ Vỏ Thép) - Hàng chính hãng,350000.0,599000.0,249000.0,0.0,0,1,,https://tiki.vnswitch-tp-link-tl-sg105-gigabit-1000mbps-5-cong-vo-thep-hang-chinh-hang-p276416411.html?spid=276416412
276191290,Hộp Mực 85A dành cho Canon LBP 6030w F166400 6000 6030 3050 6018 312-325 MF 3010 Mực in HP P1102 P1102w M1136 M1130 M1132mf M1212nf M1139 - Hàng chính hãng Alpha Cartridge ,126000.0,126000.0,0.0,4.8,4,183951,,https://tiki.vnhop-muc-85a-danh-cho-canon-lbp-6030w-f166400-6000-6030-3050-6018-312-325-mf-3010-muc-in-hp-p1102-p1102w-m1136-m1130-m1132mf-m1212nf-m1139-hang-chinh-hang-alpha-cartridge-p276191290.html?spid=276191291
276181938,USB 3.2 Team Group C175 32GB - Hàng chính hãng,170000.0,250000.0,80000.0,5.0,11,352627,,https://tiki.vnusb-3-2-team-group-c175-32gb-hang-chinh-hang-p276181938.html?spid=276181939
275662684,"Hộp mực 136A (Có chip) hàng nhập khẩu - Dùng cho máy in Hp Laserjet M211d, M211dw, M236dw - Cartridge 136A - W1360A",240000.0,240000.0,0.0,5.0,5,47656,,https://tiki.vnhop-muc-136a-co-chip-hang-nhap-khau-dung-cho-may-in-hp-laserjet-m211d-m211dw-m236dw-cartridge-136a-w1360a-p275662684.html?spid=275662685
275621671,"Mực nạp máy in HP 107A hàng nhập khẩu (tặng kèm phễu) - Dùng cho hộp mực máy in HP 107a, 107w, 135a, 135w, 137fnw - Cartridge 107A - w1107a",30000.0,30000.0,0.0,4.8,4,47656,,https://tiki.vnmuc-nap-may-in-hp-107a-hang-nhap-khau-tang-kem-pheu-dung-cho-hop-muc-may-in-hp-107a-107w-135a-135w-137fnw-cartridge-107a-w1107a-p275621671.html?spid=275621672
275621669,Hộp mực máy in HP 107a / 107w (có chip) hàng nhập khẩu - Dùng cho máy in HP Laser MFP 107a / 107w - Cartridge 107A / W1107A mới 100% [Full Box] ,180000.0,180000.0,0.0,4.8,8,47656,,https://tiki.vnhop-muc-may-in-hp-107a-107w-co-chip-hang-nhap-khau-dung-cho-may-in-hp-laser-mfp-107a-107w-cartridge-107a-w1107a-moi-100-full-box-p275621669.html?spid=275621670
275501536,"Hộp mực in 283A/337 cho máy in Canon151dw/MF231/232w/237w/241d/244dw/246dn/247dw/249dw, HP201N/201DW/M225 - Hàng nhập khẩu",145000.0,145000.0,0.0,0.0,0,2859,,https://tiki.vnhop-muc-in-283a-337-cho-may-in-canon151dw-mf231-232w-237w-241d-244dw-246dn-247dw-249dw-hp201n-201dw-m225-hang-nhap-khau-p275501536.html?spid=275501538
275175795,Combo 5 Quả Đào 12A Bánh Xe Cuốn Giấy dành cho máy in HP 1010-1020 Canon 2900 3000 FX9 Hàng chính hãng Alpha Cartridge,59000.0,59000.0,0.0,0.0,0,183951,,https://tiki.vncombo-5-qua-dao-12a-banh-xe-cuon-giay-danh-cho-may-in-hp-1010-1020-canon-2900-3000-fx9-hang-chinh-hang-alpha-cartridge-p275175795.html?spid=275175796
274928358,"Hộp Mực TN2385 Prospect dùng cho máy in Brother HL L2321D, 2361DN, 2366DW, L2520D, L2701DW in 2600 trang, hàng chính hãng",137500.0,137500.0,0.0,5.0,2,43974,,https://tiki.vnhop-muc-tn2385-prospect-dung-cho-may-in-brother-hl-l2321d-2361dn-2366dw-l2520d-l2701dw-in-2600-trang-hang-chinh-hang-p274928358.html?spid=274928359
274748068,Dây cáp mạng LAN bấm sẵn 2 đầu Cat6 UTP Dây Mạng Bấm Sẵn Đúc Sẵn Chuẩn 2 Đầu Hỗ Trợ Tốc Độ (màu ngẫu nhiên) Nẹp Dây Điện - Hàng chính hãng,90000.0,90000.0,0.0,4.7,3,353491,,https://tiki.vnday-cap-mang-lan-bam-san-2-dau-cat6-utp-day-mang-bam-san-duc-san-chuan-2-dau-ho-tro-toc-do-mau-ngau-nhien-hang-chinh-hang-p274748068.html?spid=276023906
274402602,USB 3.2 Team Group C175 - Hàng chính hãng,170000.0,250000.0,80000.0,4.8,8,352627,,https://tiki.vnusb-3-2-team-group-c175-hang-chinh-hang-p274402602.html?spid=274402604
270663031,Kaspersky Plus Cho 1 Máy Tính - Plus 1 - Hàng chính hãng,399000.0,399000.0,0.0,0.0,0,915,,https://tiki.vnkaspersky-plus-cho-1-may-tinh-plus-1-hang-chinh-hang-p270663031.html?spid=273602979
270508064,Mực đổ cho máy in Canon 2900/ 3000/ 3500/ 251/252/ 6860... / HP 400/ 401/ 402/ 1010/1020/1200/ 1320/ 5200/ 2035/ 2055 - HA140g,35000.0,35000.0,0.0,0.0,0,2671,,https://tiki.vnten-san-pham-muc-do-cho-may-in-canon-hp-nap-cho-hop-muc-hp12a-15a-49a-05a-16a-canon-ep-303-ep-308-ep-309-ep-315-ep-319-p270508064.html?spid=270508065
217736604,"Hộp mực TN2385 (hàng nhập khẩu) dùng cho máy in Brother HL 2320D, 2361DN, L2321D, L2366DW, L2520D, L2701DW, L2701D mới 100% [Fullbox]",130000.0,130000.0,0.0,4.5,9,47656,,https://tiki.vnhop-muc-brother-tn2385-hang-nhap-khau-dung-cho-may-in-brother-hl-2320d-2361dn-l2321d-l2366dw-l2520d-l2701dw-l2701d-moi-100-fullbox-p217736604.html?spid=217736605
206157359,Phần Mềm diệt Virut BKAV Pro Internet Security 1PC/1 năm - Hàng chính hãng ,175000.0,175000.0,0.0,5.0,14,200265,,https://tiki.vnphan-mem-diet-virut-bkav-pro-internet-security-1pc-1-nam-hang-chinh-hang-p206157359.html?spid=247241510
191975880,USB 3.2 Gen 1 Acer UP300 dung lượng USB 8GB - 1TB - Hàng chính hãng,216000.0,216000.0,0.0,4.6,155,297182,,https://tiki.vnusb-3-2-gen-1-acer-up300-dung-luong-usb-8gb-1tb-hang-chinh-hang-p191975880.html?spid=191975944
190864276,Ổ Cứng Di Động Toshiba Canvio Flex Hàng Chính Hãng,2220000.0,2389000.0,169000.0,4.6,8,295189,,https://tiki.vno-cung-di-dong-toshiba-canvio-flex-hang-chinh-hang-p190864276.html?spid=190864278
189169406,"Màn hình di động 15,6 inch Full HD IPS ( 1920 x 1080 ) cho máy tính , laptop , smartphone , máy game",2050000.0,2050000.0,0.0,4.8,13,58789,,https://tiki.vnman-hinh-di-dong-15-6-inch-full-hd-mooarelei-cho-may-tinh-laptop-smartphone-may-game-hang-nhap-khau-p189169406.html?spid=229698484
153911821,"Hộp mực 83A / Cartridge 137 / 337 Legend nhập khẩu - HP Pro M127FN, M125A - Canon MF211, MF212W, MF221D, MF215, MF217W, 151DW, MF240, MF241D, MF226DN",123000.0,123000.0,0.0,4.7,13,65686,,https://tiki.vnhop-muc-83a-cartridge-137-337-hp-pro-m127fn-m125a-canon-mf211-mf212w-mf221d-mf215-mf217w-151dw-mf240-mf241d-mf226dn-p153911821.html?spid=171517087
143105926,Hộp Mực In Cartridge 12A Máy HP 1010 1012 1015 Q2612A FX9 FX10 103 303 703 104 304 Có Lỗ Nạp Mực - Hàng Chính Hãng,140000.0,140000.0,0.0,5.0,1,11119,,https://tiki.vnhop-muc-in-cartridge-12a-may-hp-1010-1012-1015-q2612a-fx9-fx10-103-303-703-104-304-co-lo-nap-muc-hang-chinh-hang-p143105926.html?spid=143105927
96366223,"Hộp mực in 12A/FX9 - SAHA - Hộp mực dùng cho máy in Canon: LBP 2900, 3000, HP: LaserJet 1010, 1012, 1015, 1018, 1020, 1022, 3015, 3020, 3030, 3050, 3052, 3055, M1005MFP, M1319MFP",85000.0,85000.0,0.0,4.6,5,133440,,https://tiki.vnhop-muc-in-12a-fx9-saha-hop-muc-dung-cho-may-in-canon-lbp-2900-3000-hp-laserjet-1010-1012-1015-1018-1020-1022-3015-3020-3030-3050-3052-3055-m1005mfp-m1319mfp-p96366223.html?spid=96366225
59204350,"Hộp mực in SAHA TN-2385 cho máy in Brother HL - L2321D / L2361DN / L2366DW, MFC - L2701D/DW, CPL2520D - Hàng chính hãng",110000.0,110000.0,0.0,4.3,15,133440,,https://tiki.vnhop-muc-in-saha-b2385-cho-may-in-brother-hl-l2321d-l2361dn-l2366dw-mfc-l2701d-dw-cpl2520d-hang-chinh-hang-p59204350.html?spid=59204351
42561574,Hộp Mực In Premium 48A (CF248A) - Hàng Nhập Khẩu,149000.0,149000.0,0.0,5.0,28,65686,,https://tiki.vnhop-muc-in-premium-48a-cf248a-hang-nhap-khau-p42561574.html?spid=44156716
24012824,Hộp mực  78A dành cho máy in HP 1536DNF/P1566/1606.......- HÀNG NHẬP KHẨU,123000.0,123000.0,0.0,5.0,11,65686,,https://tiki.vnhop-muc-78a-danh-cho-may-in-hp-1536dnf-p1566-1606-hang-nhap-khau-p24012824.html?spid=34812337
7198775,"Cáp chuyển đổi Mini Displayport, thunderbolt sang HDMI âm Ugreen 10461 - Hàng chính hãng",169000.0,169000.0,0.0,5.0,5,915,,https://tiki.vncap-chuyen-doi-mini-displayport-thunderbolt-sang-hdmi-am-ugreen-10461-hang-chinh-hang-p7198775.html?spid=34439652
6909331,Bộ Kích Sóng Wifi Repeater Băng Tần Kép AC750 TP-Link RE200 - Hàng Chính Hãng,390000.0,548500.0,158500.0,4.8,135,1,,https://tiki.vnbo-kich-song-wifi-repeater-bang-tan-kep-ac750-tp-link-re200-hang-chinh-hang-p6909331.html?spid=205369
2045801,Đầu Nối Dây Mạng Ugreen RJ45 20390 - Hàng Chính Hãng,60100.0,180000.0,119900.0,4.8,178,1,,https://tiki.vndau-noi-day-mang-ugreen-rj45-20390-hang-chinh-hang-p2045801.html?spid=2052343
1939921,"Hộp Mực In 85A HM247 Dùng Cho Máy In HP 1102, P1102W, M1212, M1132 - Hàng Nhập Khẩu",123000.0,123000.0,0.0,5.0,9,65686,,https://tiki.vnhop-muc-in-85a-hm247-dung-cho-may-in-hp-1102-p1102w-m1212-m1132-hang-nhap-khau-p1939921.html?spid=26296570
763675,Máy In Laser Đơn Năng Brother HL-L2366DW - Hàng Chính Hãng,4138200.0,4490000.0,351800.0,4.5,121,1,,https://tiki.vnmay-in-laser-don-nang-brother-hl-l2366dw-hang-chinh-hang-p763675.html?spid=763750
763155,Dây Mạng Bấm Sẵn 2 Đầu CAT6 UTP Patch Cords NW102 11202 (2m) - Xanh - Hàng Chính Hãng,49000.0,150000.0,101000.0,5.0,72,1,,https://tiki.vnday-mang-bam-san-2-dau-cat6-utp-patch-cords-nw102-11202-2m-xanh-hang-chinh-hang-p763155.html?spid=10830344
456506,TP-Link TL-SF1005D - Bộ Chia Tín Hiệu Để Bàn 5 cổng 10/100Mbps - Hàng Chính Hãng,150000.0,317100.0,167100.0,4.8,239,1,,https://tiki.vntp-link-tl-sf1005d-bo-chia-tin-hieu-de-ban-5-cong-10-100mbps-hang-chinh-hang-p456506.html?spid=164283
416978,Bộ Chuyển Đổi USB Wifi Nano TP-Link TL-WN725N Chuẩn N 150Mbps - Hàng Chính Hãng,150000.0,200000.0,50000.0,4.6,816,1,,https://tiki.vnbo-chuyen-doi-usb-wifi-nano-tp-link-tl-wn725n-chuan-n-150mbps-hang-chinh-hang-p416978.html?spid=120184
416613,TP-Link  TL-WR841N - Router Wifi Chuẩn N Tốc Độ 300Mbps - Hàng Chính Hãng,299000.0,453600.0,154600.0,4.6,820,1,,https://tiki.vntp-link-tl-wr841n-router-wifi-chuan-n-toc-do-300mbps-hang-chinh-hang-p416613.html?spid=119779
278911074,Loa Marshall Woburn 3 Hàng chính hãng,9400000.0,9400000.0,0.0,0.0,0,20256,,https://tiki.vnloa-mar-shall-woburn-2-ii-b-p278911074.html?spid=278911075
278694510,"Hộp mực CE285A CB435A CRG325 TECH có lỗ đổ mực, dùng cho máy in HP P1102 Canon LBP 6030 1.6K - Hàng Nhập Khẩu",155000.0,155000.0,0.0,0.0,0,43974,,https://tiki.vnhop-muc-ce285a-cb435a-crg325-tech-co-lo-do-muc-dung-cho-may-in-hp-p1102-canon-lbp-6030-1-6k-hang-nhap-khau-p278694510.html?spid=278694511
278578819,Màn hình Dahua DHI-LM24-B221 23.8 inch FHD IPS 144Hz 5ms - Hàng Chính Hãng,1690000.0,2390000.0,700000.0,0.0,0,1,,https://tiki.vnman-hinh-dahua-dhi-lm24-b221-23-8-inch-fhd-ips-144hz-5ms-hang-chinh-hang-p278578819.html?spid=278578820
277497700,"Brother TN-2385 Toner Mực Cho Máy In HL-L2321D, HL-2361DN, HL-2366DW, MFC-L2701D, MFC-L2701DW - Hàng Chính Hãng - 84XXH100119",540000.0,540000.0,0.0,4.8,90,149312,,https://tiki.vnbrother-tn-2385-toner-muc-cho-may-in-hl-l2321d-hl-2361dn-hl-2366dw-mfc-l2701d-mfc-l2701dw-hang-chinh-hang-p277497700.html?spid=72520586
277025574,Ổ Cứng Di Động SSD Siêu nhỏ Transcend ESD310 128GB USB 3.2 Gen2x1 TS128GESD310C - Hàng Chính Hãng,1299000.0,1299000.0,0.0,0.0,0,915,,https://tiki.vno-cung-di-dong-ssd-sieu-nho-transcend-esd310-128gb-usb-3-2-gen2x1-ts128gesd310c-hang-chinh-hang-p277025574.html?spid=277025575
275955794,"Màn hình di động ZX1505 Nhiều Kích thước FullHD / 2K cho máy tính , laptop , smartphone",2150000.0,2150000.0,0.0,4.5,2,58789,,https://tiki.vnman-hinh-di-dong-15-6-inch-full-hd-ips-1920-x-1080-cho-may-tinh-laptop-smartphone-may-game-hang-nhap-khau-p275955794.html?spid=276367020
275688727,Mực Konica  TN 322/ TN 323: Cho máy photocopy Konica Minolta Bizhub 227/ 287/ 367 / 224 / 284 / 364 ( Hàng nhập khẩu ),280000.0,280000.0,0.0,0.0,0,2671,,https://tiki.vnmuc-konica-tn-322-tn-323-cho-may-photocopy-konica-minolta-bizhub-227-287-367-224-284-364-hang-nhap-khau-p275688727.html?spid=275688728
275591361,USB 3.0 Lexar JumpDrive V400 | Dung lượng 32GB / 64GB | Bảo hành 2 năm - Hàng Chính Hãng,125000.0,125000.0,0.0,5.0,4,200265,,https://tiki.vnusb-3-0-lexar-jumpdrive-v400-dung-luong-32gb-64gb-bao-hanh-2-nam-hang-chinh-hang-p275591361.html?spid=275591364
275513377,"Hộp mực 248A cho máy in HP M15a, M15w, M28a, M28w - Hàng nhập khẩu",175000.0,175000.0,0.0,5.0,1,2859,,https://tiki.vnhop-muc-248a-cho-may-in-hp-m15a-m15w-m28a-m28w-hang-nhap-khau-p275513377.html?spid=275513379
275189884,"Hộp mực in 83A máy in HP M201, M125, M127, M225 Hàng chính hãng Alpha Cartridge",127000.0,127000.0,0.0,1.0,1,183951,,https://tiki.vnhop-muc-in-83a-may-in-hp-m201-m125-m127-m225-hang-chinh-hang-alpha-cartridge-p275189884.html?spid=275189885
274991042,"Bút trình chiếu NORWii N97s Spotlight cao cấp 2in1 tia xanh dùng cho màn hình TV,LED, bảng chiếu hỗ trợ Windows, MacOS - Hàng nhập khẩu",1150000.0,1150000.0,0.0,0.0,0,16975,,https://tiki.vnbut-trinh-chieu-norwii-n97s-spotlight-cao-cap-2in1-tia-xanh-dung-cho-man-hinh-tv-led-bang-chieu-ho-tro-windows-macos-p274991042.html?spid=274991043
274928774,"Hộp mực 78A 326 328 Prospect dùng cho máy in LBP 6230DN, 6200, HP P1566 P1606, 1536dnf  đậm đẹp, hàng chính hãng",154000.0,154000.0,0.0,3.7,3,43974,,https://tiki.vnhop-muc-78a-326-328-prospect-dung-cho-may-in-lbp-6230dn-6200-hp-p1566-p1606-1536dnf-dam-dep-hang-chinh-hang-p274928774.html?spid=274928775
274872944,Màn hình máy tính Xiaomi 27inch Tấm nền IPS 1080P Chuẩn Vesa A27i - Hàng chính hãng,2590000.0,2590000.0,0.0,5.0,2,290542,,https://tiki.vnman-hinh-may-tinh-xiaomi-27inch-tam-nen-ips-1080p-chuan-vesa-a27i-hang-chinh-hang-p274872944.html?spid=274872945
273441394,Mực in Brother TN-B027 - Hàng Chính Hãng,265000.0,265000.0,0.0,5.0,3,3103,,https://tiki.vnmuc-in-brother-tn-b027-hang-chinh-hang-p273441394.html?spid=273441395
273391121,Máy tính mini PC để bàn Dell Optiplex 3060 Micro Intel Core i5-8500T @ 2.1 - 3.5 GHz - HÀNG CHÍNH HÃNG,3500000.0,3500000.0,0.0,4.7,3,312039,,https://tiki.vnmay-tinh-mini-pc-de-ban-dell-optiplex-3060-micro-intel-core-i5-8500t-2-1-3-5-ghz-hang-chinh-hang-p273391121.html?spid=273391156
273331147,BỘ MÁY TÍNH DELL  VÀ MÀN HÌNH 22 INCH DÙNG VĂN PHÒNG / BÁN HÀNG/ HỌC TẬP/ LÀM VIỆC/ HÀNG CHÍNH HÃNG,1550000.0,1550000.0,0.0,5.0,1,312039,,https://tiki.vnbo-may-tinh-dell-va-man-hinh-22-inch-dung-van-phong-ban-hang-hoc-tap-lam-viec-hang-hinh-hang-p273331147.html?spid=273331349
271439340,USB Kingston 3.2 Gen 1 DataTraveler Exodia Onyx 64G / 128G / 256G - Hàng Chính Hãng,229000.0,229000.0,0.0,5.0,1,915,,https://tiki.vnusb-kingston-3-2-gen-1-datatraveler-exodia-onyx-64g-128g-256g-hang-chinh-hang-p271439340.html?spid=271439342
270906218,Bộ Chuyển Đổi Card WiFi PCIe TP-Link Archer TX55E Bluetooth 5.2 Wi-Fi 6 AX3000 - Hàng Chính Hãng,590000.0,1489000.0,899000.0,0.0,0,1,,https://tiki.vnbo-chuyen-doi-card-wifi-pcie-tp-link-archer-tx55e-bluetooth-5-2-wi-fi-6-ax3000-hang-chinh-hang-p270906218.html?spid=276450559
243256301,Bộ Phát WiFi 4G/5G LTE - Bộ Phát Wifi Di Động 4G/5G LTE Nhỏ Gọn Tiện Lợi - Tốc Độ 150Mb Hỗ Trợ Tất Cả Nhà Mạng - Hàng Chính Hãng,349500.0,699000.0,349500.0,4.5,4,187121,,https://tiki.vnbo-phat-wifi-4g-5g-lte-bo-phat-wifi-di-dong-4g-5g-lte-nho-gon-tien-loi-toc-do-150mb-ho-tro-tat-ca-nha-mang-hang-chinh-hang-p243256301.html?spid=243256302
214050026,Màn hình máy tính Full Viền K- VISION 23.8 inches (GM241CVG)  IPS FHD 75Hz - Hàng chính hãng,1708000.0,1708000.0,0.0,5.0,23,312039,,https://tiki.vnman-hinh-may-tinh-cong-full-vien-k-vision-24-inches-ips-fhd-75hz-hang-chinh-hang-p214050026.html?spid=214050027
206112579,USB Kingston 128GB DataTraveler M 3.2 - Hàng chính hãng FPT phân phối,240000.0,240000.0,0.0,4.7,13,200265,,https://tiki.vnusb-kingston-128gb-datatraveler-m-3-2-hang-chinh-hang-fpt-phan-phoi-p206112579.html?spid=246889933
195556764,Bộ Chuyển Đổi USB WiFi TP-Link Archer TX20U Plus Ăng Ten Kép Độ Lợi Cao AX1800 - Hàng Chính Hãng,490000.0,1389000.0,899000.0,0.0,0,1,,https://tiki.vnbo-chuyen-doi-usb-wifi-tp-link-archer-tx20u-plus-ang-ten-kep-do-loi-cao-ax1800-hang-chinh-hang-p195556764.html?spid=276450389
192216306,Ổ Cứng Di Động WD Elements Portable 2.5 Hàng Chính Hãng,2450000.0,2450000.0,0.0,4.6,11,296212,,https://tiki.vno-cung-di-dong-wd-wd-elements-portable-2-5-hang-chinh-hang-p192216306.html?spid=192216310
190863875,Ổ cứng di động Toshiba Canvio Advance Hàng Chính Hãng,1980000.0,2122000.0,142000.0,4.5,30,295189,,https://tiki.vno-cung-di-dong-toshiba-canvio-advance-hang-chinh-hang-p190863875.html?spid=190863881
173640721,Kềm bấm mạng RJ45 / RJ11 Ugreen 70683 6P / 8P Màu Xanh Đen NW136 Hàng chính hãng,249000.0,249000.0,0.0,5.0,2,915,,https://tiki.vnkem-bam-mang-rj45-rj11-ugreen-70683-6p-8p-mau-xanh-den-nw136-hang-chinh-hang-p173640721.html?spid=248851068
147754730,Máy in đen trắng HP LaserJet M211D (9YF82A) - Hàng chính hãng,3250000.0,3250000.0,0.0,5.0,1,2859,,https://tiki.vnma-y-in-den-tra-ng-hp-laserjet-m211d-9yf82a-hang-chinh-hang-p147754730.html?spid=147754731
142459136,Hộp Mực Cartridge 12A Máy In Canon LBP 2900 (303) 3000 HPQ2612A 1020 M1005 M1010 1018 Có Lỗ Nạp Mực - Hàng Chính Hãng,140000.0,140000.0,0.0,5.0,35,11119,,https://tiki.vnhop-muc-cartridge-12a-may-in-canon-lbp-2900-303-3000-hpq2612a-1020-m1005-m1010-1018-co-lo-nap-muc-hang-chinh-hang-p142459136.html?spid=142459138
74857633,Bộ Mở Rộng Sóng Wifi TP-Link RE205 Băng Tần Kép AC750 - Hàng Chính Hãng,450000.0,899000.0,449000.0,5.0,2,1,,https://tiki.vnbo-mo-rong-song-wifi-tp-link-re205-bang-tan-kep-ac750-hang-chinh-hang-p74857633.html?spid=276450382
58669073,"Hộp mực Brother TN2385 dùng cho máy in HL-L2321D, HL-2361DN, HL-2366DW, DCP-L2520D, MFC-L2701D, MFC-L2701DW - Hàng Chính Hãng",515000.0,515000.0,0.0,5.0,51,3103,,https://tiki.vnhop-muc-brother-tn2385-dung-cho-may-in-hl-l2321d-hl-2361dn-hl-2366dw-dcp-l2520d-mfc-l2701d-mfc-l2701dw-hang-chinh-hang-p58669073.html?spid=58669074
26691653,USB SanDisk Ultra Luxe USB 3.1 Flash Drive | SDCZ74-032G-G46 | USB3.1 | Hàng Chính Hãng,319000.0,319000.0,0.0,5.0,5,915,,https://tiki.vnusb-sandisk-ultra-luxe-usb-3-1-flash-drive-sdcz74-032g-g46-usb3-1-hang-chinh-hang-p26691653.html?spid=58813974
24880266,"Hộp mực cho Brother TN 2385 nhập khẩu. Là Toner, Cartridge cho máy in Brother HL 2300, 2320, 2321, 2340, 2361, 2365, 2366, 2380, MFC 2700, 2702, 2703, 2720, 2740",115000.0,115000.0,0.0,0.0,0,140258,,https://tiki.vnhop-muc-cho-brother-tn-2385-la-toner-cartridge-cho-may-in-brother-hl-2300-2320-2321-2340-2361-2365-2366-2380-mfc-2700-2702-2703-2720-2740-p24880266.html?spid=131363590
15445767,Bộ 3 Cái Phát Wifi Dạng Lưới Mesh Tenda Nova MW3 AC1200 - Hàng Nhập Khẩu,1650000.0,1650000.0,0.0,4.5,126,7892,,https://tiki.vnbo-3-cai-phat-wifi-dang-luoi-mesh-tenda-nova-mw3-ac1200-hang-nhap-khau-p15445767.html?spid=16998127
10706160,Ổ Cứng Di Động WD My Passport Ultra 2TB WDBC3C0020BSL-WESN,3690000.0,3690000.0,0.0,0.0,0,915,,https://tiki.vno-cung-di-dong-wd-my-passport-ultra-2tb-hang-chinh-hang-p10706160.html?spid=26742747
4953361,USB SanDisk CZ50 16GB – USB 2.0 – Hàng Chính Hãng,249000.0,249000.0,0.0,4.5,8,915,,https://tiki.vnusb-sandisk-cz50-16gb-usb-2-0-hang-chinh-hang-p4953361.html?spid=73109378
575505,HDD Box ORICO USB3.0/3.5/2.5 - 3588US3 - Hàng Chính Hãng,450000.0,450000.0,0.0,4.7,33,6975,,https://tiki.vnhdd-box-orico-usb3-0-3-5-2-5-3588us3-hang-chinh-hang-p575505.html?spid=16463724
511960,Bộ Kích Sóng Wifi Repeater 300Mbps TP-Link TL-WA855RE -  Hàng Chính Hãng,270000.0,409400.0,139400.0,4.3,81,1,,https://tiki.vnbo-kich-song-wifi-repeater-300mbps-tp-link-tl-wa855re-hang-chinh-hang-p511960.html?spid=229132
459632,Mực In Brother BT5000M Ink Cho DCP-T300/T700W/MFC-T800W (Đỏ) - Hàng Chính Hãng,145000.0,145000.0,0.0,4.6,29,3103,,https://tiki.vnmuc-in-brother-bt5000m-ink-cho-dcp-t300-t700w-mfc-t800w-do-hang-chinh-hang-p459632.html?spid=2396507
416914,TP-Link  TL-WN821N - USB Wifi Chuẩn N Tốc Độ 300Mbps - Hàng Chính Hãng,179000.0,220000.0,41000.0,4.6,363,1,,https://tiki.vntp-link-tl-wn821n-usb-wifi-chuan-n-toc-do-300mbps-hang-chinh-hang-p416914.html?spid=120109
278377541,Bộ Phát Sóng WiFi Di Động Tốc Độ Cao 4G/5G LTE 150Mbps - Màn Hình Màu LCD - Phát Sóng Mạnh - Bản Quốc Tế Hỗ Trợ Tất Cả Nhà Mạng - Dung Lượng Pin Cao - Hàng Chính Hãng,399500.0,799000.0,399500.0,5.0,2,187121,,https://tiki.vnbo-phat-song-wifi-di-dong-toc-do-cao-4g-5g-lte-150mbps-man-hinh-mau-lcd-phat-song-manh-ban-quoc-te-ho-tro-tat-ca-nha-mang-dung-luong-pin-cao-hang-chinh-hang-p278377541.html?spid=278377543
277916527,Màn hình LCD 22inch Hikvision DS-D5022F2-5V2 - Hàng Chính Hãng,1495000.0,1495000.0,0.0,0.0,0,15937,,https://tiki.vnman-hinh-lcd-hikvision-ds-d5022f2-5v2-hang-chinh-hang-p277916527.html?spid=277916528
277269825,Máy tính để bàn HP Pro Tower 400 G9 Desktop PC (72K97PA) - Hàng chính hãng,10550000.0,10550000.0,0.0,5.0,1,125381,,https://tiki.vnmay-tinh-de-ban-hp-pro-tower-400-g9-desktop-pc-72k97pa-hang-chinh-hang-p277269825.html?spid=277269826
276629985,"Đèn kẹp màn hình Yeelight Pura Monitor Light - Dùng cho màn hình cong, Điều chỉnh độ sáng - Hàng chính hãng",890000.0,890000.0,0.0,0.0,0,67624,,https://tiki.vnden-kep-man-hinh-yeelight-pura-monitor-light-dung-cho-man-hinh-cong-dieu-chinh-do-sang-hang-chinh-hang-p276629985.html?spid=276629989
276416368,Switch 8 Port TP-Link 10/100/1000M TL-SG108 - Hàng Chính Hãng,450000.0,990000.0,540000.0,5.0,1,1,,https://tiki.vnswitch-8-port-tp-link-10-100-1000m-tl-sg108-hang-chinh-hang-p276416368.html?spid=276416369
276191556,Mực nạp Brother dành cho hộp mực TN 2280 2385 1010 B022 Máy in HL1111/1511/2321/2340/2360/2361/2240/2280/2380 MFC1601/2701/2720/2740/7060/7360 hàng chính hãng Alpha cartridge,36000.0,36000.0,0.0,0.0,0,183951,,https://tiki.vnmuc-nap-brother-danh-cho-hop-muc-tn-2280-2385-1010-b022-may-in-hl1111-1511-2321-2340-2360-2361-2240-2280-2380-mfc1601-2701-2720-2740-7060-7360-hang-chinh-hang-alpha-cartridge-p276191556.html?spid=276191557
276191357,Hộp mực dành cho Máy in Brother DCP 2520dw 2540dw -HL-L2321D HL-2361DN HL-2366DW MFC-L2701D MFC-L2701DW - TN 2325/2385 Mới 100%-CÓ LỔ ĐỔ MỰC Hàng chính hãng Alpha Cartridge ,119000.0,119000.0,0.0,4.5,2,183951,,https://tiki.vnhop-muc-danh-cho-may-in-brother-dcp-2520dw-2540dw-hl-l2321d-hl-2361dn-hl-2366dw-mfc-l2701d-mfc-l2701dw-tn-2325-2385-moi-100-co-lo-do-muc-hang-chinh-hang-alpha-cartridge-p276191357.html?spid=276191358
276106504,"Free ship- set 4 màu Mực in phun màu Epson 001 dùng cho máy L4150/L4160/L6160/L6170/L6190/L4260/L4266/L6260/L6270/L6290/L14150, hàng nhập khẩu.",420000.0,420000.0,0.0,5.0,2,299569,,https://tiki.vnfree-ship-set-4-mau-muc-in-phun-mau-epson-001-dung-cho-may-l4150-l4160-l6160-l6170-l6190-l4260-l4266-l6260-l6270-l6290-l14150-hang-nhap-khau-p276106504.html?spid=276106505
275962594,"Mực máy in HP P1102/1102w ( 85A) Dành cho Canon LBP 3050, 3100, 3150, 6000, 6030, 6030W, MF 3010…Hàng chính hãng Alpha Cartridge",126900.0,126900.0,0.0,5.0,1,183951,,https://tiki.vnmuc-may-in-hp-p1102-1102w-85a-danh-cho-canon-lbp-3050-3100-3150-6000-6030-6030w-mf-3010-hang-chinh-hang-alpha-cartridge-p275962594.html?spid=275962595
275906318,"Box ổ cứng Lexar E300 M.2 SSD Enclosure hỗ trợ NVMe SSD 2280/2260/2242/2230, USB 3.2 Gen 2 - Hàng chính hãng",369000.0,369000.0,0.0,0.0,0,200265,,https://tiki.vnbox-o-cung-lexar-e300-m-2-ssd-enclosure-ho-tro-nvme-ssd-2280-2260-2242-2230-usb-3-2-gen-2-hang-chinh-hang-p275906318.html?spid=277502794
275671411,"Hộp mực 107A Có Chíp  cho HP MFP 135A 135w 137fn 137fw 137fnw - 107w - w1107a tương thích lắp vào là in, mới 100%-Hàng chính hãng Alpha Cartridge",163900.0,163900.0,0.0,5.0,5,183951,,https://tiki.vnhop-muc-107a-co-chip-cho-hp-mfp-135a-135w-137fn-137fw-137fnw-107w-w1107a-tuong-thich-lap-vao-la-in-moi-100-hang-chinh-hang-alpha-cartridge-p275671411.html?spid=275671412
275583646,Hộp mực HP12A/ Canon 303/FX9 ( Q2612A ) Topjet: Dùng cho máy in Canon LBP 2900/ Canon LBP 3000/ HP1010/1012 ( Hàng nhập khẩu ),165000.0,165000.0,0.0,0.0,0,2671,,https://tiki.vnhop-muc-hp12a-canon-303-fx9-q2612a-topjet-dung-cho-may-in-canon-lbp-2900-canon-lbp-3000-hp1010-1012-hang-nhap-khau-p275583646.html?spid=275583647
275401709,"Hộp mực 05A / 80A (hàng nhập khẩu) dùng cho máy in HP Pro 400 M401, M425, P2035, P2055 - Canon LBP 251DW, 252DW, MF416DW - Cartridge CE505A - CF280A",170000.0,170000.0,0.0,5.0,3,47656,,https://tiki.vnhop-muc-05a-80a-chinh-hang-huiwei-hw-dung-cho-may-in-hp-pro-400-m401-m425-p2035-p2055-canon-lbp-251dw-252dw-mf416dw-cartridge-ce505a-cf280a-p275401709.html?spid=275401710
275354649,"USB Thu Wifi Chuẩn N Tốc Độ Cao 150Mbps Tăng Khả Phạm Vi Thu Phát Sóng Wifi Cho Máy Tính Xách Tay, Máy Tính Để Bàn, Thiết Bị Thu Nhận Ngoại Vi - Hàng nhập khẩu",115000.0,115000.0,0.0,5.0,3,100773,,https://tiki.vnusb-thu-wifi-chuan-n-to-c-do-cao-150mbps-tang-kha-pham-vi-thu-phat-song-wifi-cho-may-tinh-xach-tay-may-tinh-de-ban-thiet-bi-thu-nhan-ngoai-vi-hang-nhap-khau-p275354649.html?spid=275354650
275221241,"Combo 10 chai Mực nạp LN 12A-26A dùng cho máy in 2900 đậm đẹp, ít thải 140g + 1 Phễu - hàng chính hãng",300000.0,300000.0,0.0,4.7,3,43974,,https://tiki.vncombo-10-chai-muc-nap-ln-12a-26a-dung-cho-may-in-2900-dam-dep-it-thai-140g-1-pheu-hang-chinh-hang-p275221241.html?spid=275221242
275031251,KEO Tản Nhiệt Cooler Master Mastergel Pro V2 - Hàng Chính Hãng,180000.0,180000.0,0.0,5.0,3,353491,,https://tiki.vnkeo-tan-nhiet-cooler-master-mastergel-pro-v2-hang-chinh-hang-p275031251.html?spid=275031252
273084843,Ổ ĐĨA DVD RW CẮM NGOÀI CHO LATOP DESTOP OS ĐỜI MỚI  usb 3.0 và cổng Type C -Hàng Chính Hãng,320000.0,320000.0,0.0,5.0,10,203285,,https://tiki.vno-dia-dvd-rw-cam-ngoai-cho-latop-destop-os-doi-moi-usb-3-0-va-cong-type-c-hang-chinh-hang-p273084843.html?spid=273084847
270233778,"Dell Optiplex 3040 Core i7 6700 / 8Gb / SSD 256Gb – Tặng USB WIFI , Bảo hành 2 năm - Hàng chính hãng",4790000.0,4790000.0,0.0,5.0,1,312039,,https://tiki.vndell-optiplex-3040-core-i7-6700-8gb-ssd-256gb-tang-usb-wifi-bao-hanh-2-nam-p270233778.html?spid=270233779
217767128,"Hộp mực máy in Brother HL L2321D (hàng nhập khẩu) dùng cho máy HL L2366DW, L2320D, L2520D, L2701dw, L2360 - TN2325 - TN2385",130000.0,130000.0,0.0,5.0,2,47656,,https://tiki.vnhop-muc-may-in-brother-hl-2321d-hang-nhap-khau-dung-cho-may-in-brother-hl-l2321d-l2366dw-l2320d-2350d-cum-muc-brother-tn2325-tn2385-moi-100-p217767128.html?spid=217767129
207172305,Ổ Cứng Camera WD Purple 2TB/64MB/3.5 IntelliPower - WD20PURZ - Hàng Chính Hãng,3345000.0,3345000.0,0.0,5.0,3,298886,,https://tiki.vno-cung-camera-wd-purple-2tb-64mb-3-5-intellipower-wd20purz-hang-chinh-hang-p207172305.html?spid=207172306
205375949,Đèn LED USB 24 Bóng - Hàng Chính Hãng ,39780.0,78000.0,38220.0,0.0,0,137411,,https://tiki.vnden-led-usb-24-bong-hang-chinh-hang-p205375949.html?spid=205375950
194102606,Hộp mực máy in HP M130a / M130fn / M130fw / M130nw (hàng nhập khẩu) - Cartridge CF217A - 17A mới 100% [Full Box],125000.0,125000.0,0.0,4.8,4,47656,,https://tiki.vnhop-muc-may-in-hp-m130a-m130fn-m130fw-m130nw-hang-chinh-hang-viettoner-cartridge-cf217a-moi-100-full-box-p194102606.html?spid=194102607
193003336,USB Kingston Exodia-M DTXM USB 3.2 - Hàng chính hãng,229000.0,229000.0,0.0,0.0,0,915,,https://tiki.vnusb-kingston-exodia-m-dtxm-usb-3-2-hang-chinh-hang-p193003336.html?spid=193003338
191829340,Bộ Chia Tín Hiệu Switch TP-Link LS1008G Để Bàn 8 Cổng 10/100/1000Mbps - Hàng Chính Hãng,390000.0,639000.0,249000.0,5.0,1,1,,https://tiki.vnbo-chia-tin-hieu-switch-tp-link-ls1008g-de-ban-8-cong-10-100-1000mbps-hang-chinh-hang-p191829340.html?spid=276477805
189540673,Đầu cắm nguồn dành cho sạc Macbook Macbook Air Macbook Pro ( dạng 2 chấu ) - Hàng Nhập Khẩu,79000.0,79000.0,0.0,4.2,13,144022,,https://tiki.vndau-cam-nguon-danh-cho-sac-macbook-macbook-air-macbook-pro-dang-2-chau-hang-nhap-khau-p189540673.html?spid=189540674
143105681,Hộp Mực In Cartridge 12A Cho Máy Canon LBP 2900 3000 Q2612A FX9 FX10 103 303 703 104 304 Có Lỗ Nạp Mực - Hàng Chính Hãng,140000.0,140000.0,0.0,4.5,13,11119,,https://tiki.vnhop-muc-in-cartridge-may-canon-lbp-2900-3000-q2612a-fx9-fx10-103-303-703-104-304-co-lo-nap-muc-hang-chinh-hang-p143105681.html?spid=143105682
107058325,Máy chấm công quét vân tay Deli – màu đen - E3960,2151000.0,2151000.0,0.0,4.5,37,113115,,https://tiki.vnmay-cham-cong-quet-van-tay-deli-mau-den-e3960-p107058325.html?spid=107058326
97339715,Hộp mực TN 1010 dành cho máy in Brother HL 1111-1201-1211 DCP 1511-1610-1616 MFC 1811-1901-1916,102000.0,102000.0,0.0,5.0,3,183951,,https://tiki.vnhop-muc-tn-1010-danh-cho-may-in-brother-hl-1111-1201-1211-dcp-1511-1610-1616-mfc-1811-1901-1916-p97339715.html?spid=97339716
54439144,Bộ Chuyển Đổi USB Wifi TP-Link Archer T2U Plus Công Suất Cao AC600 - Hàng Chính Hãng,270000.0,409400.0,139400.0,5.0,17,1,,https://tiki.vnbo-chuyen-doi-usb-wifi-tp-link-archer-t2u-plus-cong-suat-cao-ac600-hang-chinh-hang-p54439144.html?spid=80852537
49728912,"Ổ Cứng Di Dộng HDD WD My Passport 1TB 2.5"" USB 3.2 WDBYVG0010BBK-WESN - Hàng Chính Hãng",1690000.0,1690000.0,0.0,0.0,0,74226,,https://tiki.vno-cung-di-dong-hdd-wd-my-passport-1tb-2-5-usb-3-2-wdbyvg0010b-hang-chinh-hang-p49728912.html?spid=57243928
12404584,Bộ Chuyển Đổi USB MU-MIMO Không Dây Mini TP-Link AC1300 Archer T3U - Hàng Chính Hãng,270000.0,475000.0,205000.0,4.5,2,1,,https://tiki.vnbo-chuyen-doi-usb-mu-mimo-khong-day-mini-tp-link-ac1300-archer-t3u-hang-chinh-hang-p12404584.html?spid=12404585
11627777,Hộp Mực In 05A-247Min dùng cho dòng máy in HP 2005/2030/2050/2055,165000.0,165000.0,0.0,5.0,2,65686,,https://tiki.vnhop-muc-in-05a-247min-dung-cho-dong-may-in-hp-2005-2030-2050-2055-p11627777.html?spid=37651319
11594750,Hộp Mực In 35A-247Min dùng cho dòng máy in HP 1006/1006/CANON 3050/3100,123000.0,123000.0,0.0,4.8,6,65686,,https://tiki.vnhop-muc-in-35a-247min-dung-cho-dong-may-in-hp-1006-1006-canon-3050-3100-p11594750.html?spid=27557880
8114283,Máy Scan Canon Lide 400 - Hàng Chính Hãng,2790000.0,3490000.0,700000.0,4.8,61,1,,https://tiki.vnmay-scan-canon-lide-400-hang-chinh-hang-p8114283.html?spid=11202179
1406949,Ổ Đĩa Rời Đọc Và Ghi CD/DVD Transcend TS8X DVDS-K - Hàng Chính Hãng,1139000.0,1139000.0,0.0,4.8,16,915,,https://tiki.vno-dia-roi-doc-va-ghi-cd-dvd-transcend-ts8x-dvds-k-hang-chinh-hang-p1406949.html?spid=1406951
561924,Kaspersky Internet Security Cho 3 Máy Tính - KIS3U - Hàng Chính Hãng,590000.0,650000.0,60000.0,5.0,171,1,,https://tiki.vnkaspersky-internet-security-cho-3-may-tinh-kis3u-hang-chinh-hang-p561924.html?spid=295907
476063,USB Team E902 32GB - Hàng Chính Hãng,145000.0,160000.0,15000.0,0.0,0,352627,,https://tiki.vnusb-team-e902-32gb-hang-chinh-hang-p476063.html?spid=274400957
452121,Ổ Cứng Di Động Transcend StoreJet H3B 2TB USB 3.0/3.1 - TS2TSJ25H3B - Hàng Chính Hãng,3390000.0,3390000.0,0.0,0.0,0,915,,https://tiki.vno-cung-di-dong-transcend-storejet-h3b-2tb-usb-3-0-3-1-ts2tsj25h3b-hang-chinh-hang-p452121.html?spid=1104344
278958952,"Hộp mực 151A Có chip cho HP 4003n, 4003dn, 4003dw, 4103fdw, 4103fdn, 4103dw - MÃ HỘP MỰC W1510A , MỚI 100%, bảo hành 1 đổi 1, Hàng chính hãng Alpha Cartridge",260000.0,260000.0,0.0,0.0,0,183951,,https://tiki.vnhop-muc-151a-co-chip-cho-hp-4003n-4003dn-4003dw-4103fdw-4103fdn-4103dw-ma-hop-muc-w1510a-moi-100-bao-hanh-1-doi-1-hang-chinh-hang-alpha-cartridge-p278958952.html?spid=278958953
278719472,Hộp đựng ổ cứng di động 2.5 inch USB 3.1 Gen 2 ORICO 2139C3-CR - Hàng chính hãng,219000.0,239000.0,20000.0,5.0,1,915,,https://tiki.vnhop-dung-o-cung-di-dong-2-5-inch-usb-3-1-gen-2-orico-2139c3-cr-hang-chinh-hang-p278719472.html?spid=278719473
278640915,Bộ chia HIKVISION SWITCH POE HIKVISION DS-3E1310P-EI/M Switch quản lý PoE 8 Ports - Hàng chính hãng,1255000.0,1255000.0,0.0,0.0,0,298886,,https://tiki.vnbo-chia-hikvision-switch-poe-hikvision-ds-3e1310p-ei-m-switch-quan-ly-poe-8-ports-p278640915.html?spid=278640916
277966511,Máy in màu Canon Laser LBP 631CW - hàng nhập khẩu,9500000.0,9500000.0,0.0,0.0,0,1887,,https://tiki.vnmay-in-mau-canon-laser-lbp-631cw-hang-nhap-khau-p277966511.html?spid=277966523
277677699,Chuột không dây HyperWork Silentium | MS01 - Hàng Chính Hãng - Tặng kèm lót chuột,549000.0,549000.0,0.0,0.0,0,12395,,https://tiki.vnchuot-khong-day-hyperwork-silentium-ms01-p277677699.html?spid=277678110
276825703,"Cụm drum 32A - Cụm trống 32A hàng nhập khẩu dùng cho máy in HP Laserjet M203d, M203dn, M203dw, M230fdw, M230sdn, MFP M227d, MFP M227fdn, MFP M227fdw, MFP M227sdn - Canon LBP 161dn, 162dw, MF266dn, MF261d, MF264dw, MF269dw - Drum Unit CF232A mới 100% ",150000.0,150000.0,0.0,0.0,0,47656,,https://tiki.vncum-drum-32a-cum-trong-32a-hang-nhap-khau-dung-cho-may-in-hp-laserjet-m203d-m203dn-m203dw-m230fdw-m230sdn-mfp-m227d-mfp-m227fdn-mfp-m227fdw-mfp-m227sdn-canon-lbp-161dn-162dw-mf266dn-mf261d-mf264dw-mf269dw-drum-unit-cf232a-moi-100-p276825703.html?spid=276825704
276812029,Cụm drum B022/027 Cụm trống Brother DCP 7535dw 7620dw 7640dw-HL B2000d B2080dw 2082dw 2100d 2180dw -MFC 7715dw 7810dw Hàng chính hãng Alpha Cartridge,319900.0,319900.0,0.0,5.0,1,183951,,https://tiki.vncum-drum-b022-027-cum-trong-brother-dcp-7535dw-hl-b2000d-b2080dw-2082dw-mfc-7715dw-p276812029.html?spid=276812030
276596777,"Hộp mực 151A (W1510A) PROSPECT KHÔNG CHIP dùng cho máy in Hp 4003DN, MFP4103FDN PHẢI LẤY CHIP CŨ GẮN QUA - Hàng chính hãng",220000.0,220000.0,0.0,0.0,0,43974,,https://tiki.vnhop-muc-151a-w1510a-prospect-khong-chip-dung-cho-may-in-hp-4003dn-mfp4103fdn-phai-lay-chip-cu-gan-qua-hang-chinh-hang-p276596777.html?spid=276596778
276580423,"Băng Keo Đồng Dẫn Điện, Chống Nhiễu, Chống Nhiệt - Hàng Chính Hãng",30000.0,30000.0,0.0,0.0,0,17480,,https://tiki.vnbang-keo-dong-dan-dien-chong-nhieu-chong-nhiet-p276580423.html?spid=276599682
276020734,Hộp mực in TN-2385 cho máy in Brother HL-L2300/L2305/L2320/L2340/L2360/ L2365/L2380/L2520/L2540/L2700 MFC-L2700/L274 - Hàng nhập khẩu,145000.0,145000.0,0.0,5.0,1,2859,,https://tiki.vnhop-muc-in-tn-2385-cho-may-in-brother-hl-l2300-l2305-l2320-l2340-l2360-l2365-l2380-l2520-l2540-l2700-mfc-l2700-l274-hang-nhap-khau-p276020734.html?spid=276020736
275842850,Bộ 3 cao su kéo giấy khay gầm Toshiba 756: Dùng cho máy photocopy Toshiba E 550/ 650/ 600/ 720/ 723/ 850/ 853/ 555/ 655/ 556/ 656/ 756/ 856/ 657/ 857 ( HA - Hàng nhập khẩu ),90000.0,90000.0,0.0,0.0,0,2671,,https://tiki.vnbo-3-cao-su-keo-giay-khay-gam-toshiba-756-dung-cho-may-photocopy-toshiba-e-550-650-600-720-723-850-853-555-655-556-656-756-856-657-857-ha-hang-nhap-khau-p275842850.html?spid=275842851
275728536,SOAIY Bộ chuyển đổi tín hiệu từ HDMI sang AV Mini - Hàng Nhập Khẩu,139000.0,139000.0,0.0,0.0,0,81456,,https://tiki.vnsoaiy-bo-chuyen-doi-tin-hieu-tu-hdmi-sang-av-mini-hang-nhap-khau-p275728536.html?spid=275728537
275649888,Sạc Tương Thích Cho Laptop MSI CX72 6QD-091TW GL72 7QF-1043RU PE60 2QE-403XES PX60 6QE-463 120w- Hàng Nhập Khẩu New Seal TEEMO PC X44,600000.0,600000.0,0.0,0.0,0,287052,,https://tiki.vnsac-tuong-thich-cho-laptop-msi-cx72-6qd-091tw-gl72-7qf-1043ru-pe60-2qe-403xes-px60-6qe-463-120w-hang-nhap-khau-new-seal-teemo-pc-x44-p275649888.html?spid=275649890
275502281,"Hộp mực in 435A/436A/285A/312/313/325 cho máy in HP P1005/P1006/P1505/P1102/P1102W, Canon 6030/6030W - Hàng nhập khẩu",105000.0,105000.0,0.0,5.0,2,2859,,https://tiki.vnhop-muc-in-435a-436a-285a-312-313-325-cho-may-in-hp-p1005-p1006-p1505-p1102-p1102w-canon-6030-6030w-hang-nhap-khau-p275502281.html?spid=275502283
275220508,"Mực chai, Mực nạp LN 2240 (TN2385 TN2280 TNB022 TNB027) Dùng cho máy in Brother laser trắng đen, Trọng lượng 80g - Hàng chính hãng",35200.0,35200.0,0.0,0.0,0,43974,,https://tiki.vnmuc-chai-muc-nap-ln-2240-tn2385-tn2280-tnb022-tnb027-dung-cho-may-in-brother-laser-trang-den-trong-luong-80g-hang-chinh-hang-p275220508.html?spid=275220509
275190403,Hộp mực 107A AZ dùng cho máy in HP 107A / 107w / 135A / 135w/ 137fnw - Hàng chính hãng,275000.0,275000.0,0.0,5.0,1,43974,,https://tiki.vnhop-muc-107a-az-dung-cho-may-in-hp-107a-107w-135a-135w-137fnw-hang-chinh-hang-p275190403.html?spid=275190404
275134746,"SET Mực in pigment Epson 008 siêu bền màu, không phai cho máy in Epson L15150 L15160 L6570 L6580 Hàng Nhập Khẩu",700000.0,700000.0,0.0,5.0,1,299569,,https://tiki.vnset-muc-in-pigment-epson-008-sieu-ben-mau-khong-phai-cho-may-in-epson-l15150-l15160-l6570-l6580-hang-nhap-khau-p275134746.html?spid=275134747
274802807,Bộ Phát Router Wifi TP-Link Archer AX23 Wifi 6 Chuẩn AX1800 - HÀNG CHÍNH HÃNG,950000.0,1130000.0,180000.0,0.0,0,1,,https://tiki.vnbo-phat-router-wifi-tp-link-archer-ax23-wifi-6-chuan-ax1800-hang-chinh-hang-p274802807.html?spid=276449674
274039545,Hộp mực TOPJET 107A cho máy in HP 107A / 107w / 135A / 135w/ 137fnw - hàng chính hãng,308000.0,308000.0,0.0,5.0,1,43974,,https://tiki.vnhop-muc-topjet-107a-cho-may-in-hp-107a-107w-135a-135w-137fnw-hang-chinh-hang-p274039545.html?spid=274039546
273329318,LAPTOP LENOVO X1 CARBON GEN 4/ CORE I5-6300U / RAM 8GB / SSD 512GB / MÀN HÌNH 14 INCH / HÀNG CHÍNH HÃNG,4990000.0,4990000.0,0.0,5.0,2,312039,,https://tiki.vnlaptop-lenovo-x1-carbon-gen-4-core-i5-6300u-ram-8gb-ssd-512gb-man-hinh-14-inch-hang-chinh-hang-p273329318.html?spid=273329320
201037922,Hộp mực dùng cho máy in HP M227fdw / M227sdn / M227d / M227fdn (Có VAT) hàng chính hãng Viettoner - Cartridge CF230A mới 100% [Full Box],150000.0,150000.0,0.0,5.0,1,47656,,https://tiki.vnhop-muc-dung-cho-may-in-hp-m227fdw-m227sdn-m227d-m227fdn-co-vat-hang-chinh-hang-viettoner-cartridge-cf230a-moi-100-full-box-p201037922.html?spid=201037923
200009456,Pin dùng cho Laptop Dell Inspiron 4050 4110 - Hàng Nhập Khẩu MIBAT575,375601.0,375601.0,0.0,5.0,1,308064,,https://tiki.vnpin-dung-cho-laptop-dell-inspiron-4050-4110-hang-nhap-khau-mibat575-p200009456.html?spid=200009457
200007898,Pin dùng cho Laptop Dell Inspiron 15 3567 N3567 - Hàng Nhập Khẩu  MIBAT950,574321.0,574321.0,0.0,0.0,0,308064,,https://tiki.vnpin-dung-cho-laptop-dell-inspiron-15-3567-n3567-hang-nhap-khau-mibat950-p200007898.html?spid=200007899
200007171,Pin dùng cho Laptop HP 6530b 6535b 6730b 6735b 6930p KU531AA - Hàng Nhập Khẩu  MIBAT335,360180.0,360180.0,0.0,0.0,0,308064,,https://tiki.vnpin-dung-cho-laptop-hp-6530b-6535b-6730b-6735b-6930p-ku531aa-hang-nhap-khau-mibat335-p200007171.html?spid=200007172
196562378,"Bộ lưu điện UPS PROLiNK PRO1501SFCU (1500VA) công suất 900W, tích hợp bộ AVR, sạc siêu nhanh, dùng cho PC, Camera, Wifi - Hàng chính hãng",2929000.0,2929000.0,0.0,5.0,13,145378,,https://tiki.vnbo-luu-dien-ups-prolink-pro1501sfcu-1500va-cong-suat-900w-cong-nghe-line-interactive-tich-hop-avr-hang-chinh-hang-p196562378.html?spid=98900806
179539777,"HDD Box SSD và HDD 2.5"" ORICO 2588US3 - Hàng Chính Hãng",205000.0,205000.0,0.0,4.8,6,6975,,https://tiki.vnhdd-box-o-cung-2-5-orico-2588us3-hang-phan-phoi-chinh-hang-p179539777.html?spid=179539800
157504855,Bộ Phát Wifi TP-Link Archer AX53 Chuẩn Wifi 6 Tốc Độ 3000Mbps - Hàng Chính Hãng,1190000.0,3099000.0,1909000.0,4.5,2,1,,https://tiki.vnbo-phat-wifi-tp-link-archer-ax53-chuan-wifi-6-ax3000-hang-chinh-hang-p157504855.html?spid=177055558
138480635,Combo 3 lọ mực nạp dành cho máy in Brother - Hàng nhập khẩu,130000.0,130000.0,0.0,5.0,2,2671,,https://tiki.vncombo-3-lo-muc-nap-may-in-brother-p138480635.html?spid=138480636
95650953,Mực in laser trắng đen Brother TN-B022 cho máy in HL-B series - Hàng chính hãng,520000.0,520000.0,0.0,5.0,1,3103,,https://tiki.vnmuc-in-laser-trang-den-brother-tn-b022-cho-may-in-hl-b-series-hang-chinh-hang-p95650953.html?spid=276449867
59401904,"Hộp mực in SAHA 05A/80A cho máy in HP, Canon - Hàng chính hãng",140000.0,140000.0,0.0,4.0,4,133440,,https://tiki.vnhop-muc-in-saha-05a-80a-cho-may-in-hp-canon-hang-chinh-hang-p59401904.html?spid=59401905
53181542,"Hộp mực 326, 328 dùng cho máy in Canon LBP 6200, 6200d, 6230dn, MF 4820d, 4412, 4450, 4720w, 4870, mf4750, mf4700, D500, D520, L170,...",135000.0,135000.0,0.0,4.6,21,2859,,https://tiki.vnhop-muc-326-328-dung-cho-may-in-canon-lbp-6200-6200d-6230dn-mf-4820d-4412-4450-4720w-4870-mf4750-mf4700-d500-d520-l170-p53181542.html?spid=63813993
42561598,Hộp Mực Premium TN-1010 Cho Máy In Brother HL-1111/ DCP1511/ MFC1811 - Hàng Nhập Khẩu,105000.0,105000.0,0.0,4.7,34,65686,,https://tiki.vnhop-muc-premium-tn-1010-cho-may-in-brother-hl-1111-dcp1511-mfc1811-hang-nhap-khau-p42561598.html?spid=46212001
23252694,Mực in Ribbon fullmark LQ 300 - Hàng nhập khẩu,80000.0,80000.0,0.0,0.0,0,43974,,https://tiki.vnmuc-in-ribbon-fullmark-lq-300-hang-nhap-khau-p23252694.html?spid=170569595
15270539,Bộ Thu Wifi TP-Link Archer T3U AC1300Mbps - Hàng Chính Hãng,385000.0,385000.0,0.0,4.6,20,1242,,https://tiki.vnbo-thu-wifi-tp-link-archer-t3u-ac1300mbps-hang-chinh-hang-p15270539.html?spid=115463943
6403989,Dây mạng bấm sẵn 2 đầu Cat6 UTP Patch Cords dài 10M UGREEN NW102 11205 - Hàng chính hãng,94000.0,94000.0,0.0,5.0,3,915,,https://tiki.vnday-mang-bam-san-2-dau-cat6-utp-patch-cords-dai-10m-ugreen-nw102-11205-hang-chinh-hang-p6403989.html?spid=253165929
6075299,(BỘ 5 CHAI) Mực đổ Thuận Phong TP05 dùng cho máy in HP P1005 / 1006 - Hàng Chính Hãng,130000.0,130000.0,0.0,5.0,3,2430,,https://tiki.vnbo-5-chai-muc-do-thuan-phong-tp05-dung-cho-may-in-hp-p1005-1006-hang-chinh-hang-p6075299.html?spid=6075301
2302081,USB 3.1 SanDisk CZ430 Ultra Fit 32GB 130MB/s - Hàng Chính Hãng,409000.0,409000.0,0.0,4.5,17,915,,https://tiki.vnusb-3-1-sandisk-cz430-ultra-fit-32gb-130mb-s-hang-chinh-hang-p2302081.html?spid=2690003
509716,"Brother DR-2385 Drum Cho Máy In HL-L2321D, HL-2361DN, HL-2366DW, MFC-L2701D, MFC-L2701DW - Hàng Chính Hãng",680000.0,680000.0,0.0,5.0,65,3103,,https://tiki.vnbrother-dr-2385-drum-cho-may-in-hl-l2321d-hl-2361dn-hl-2366dw-mfc-l2701d-mfc-l2701dw-hang-chinh-hang-p509716.html?spid=2452191
277999766,"Màn chiếu treo tường/ Di động dạng Lite Prima - Apollo - nhẹ gọn mang đi, dễ lắp đặt bằng móc treo. Kích thước 60 inch, 72 inch, 80 inch và 100 inch tỉ lệ 16:9 và 4:3 - Hàng nhập khẩu",278400.0,278400.0,0.0,0.0,0,36422,,https://tiki.vnman-chieu-treo-tuong-lite-apollo-nhe-gon-de-lap-dat-bang-moc-treo-tang-kem-kich-thuoc-60-inch-72-inch-80-inch-va-100-inch-ti-le-16-9-va-4-3-hang-nhap-khau-p277999766.html?spid=278004937
277973099,Hộp mực in 76A SAHA Dùng cho máy in HP - Hàng Chính Hãng (Đóng Hộp),150000.0,150000.0,0.0,0.0,0,133440,,https://tiki.vnhop-muc-in-saha-76a-dung-cho-hp-hang-chinh-hang-box-p277973099.html?spid=277973100
276796745,Sạc dành cho Laptop ASUS ZENBOOK 14 UM425IA - TYPE C hàng nhập khẩu,490000.0,490000.0,0.0,0.0,0,126154,,https://tiki.vnsac-danh-cho-laptop-asus-zenbook-14-um425ia-type-c-hang-nhap-khau-p276796745.html?spid=275547869
276137642,Hộp mực 76a Có Chip dành cho HP Pro M404d 404n 404dn 404dw M428fdn M428fdw hàng chính hãng Alpha Cartridge,348000.0,348000.0,0.0,0.0,0,183951,,https://tiki.vnhop-muc-76a-co-chip-hp-pro-m404d-404n-404dn-404dw-m428fdn-m428fdw-hang-chinh-hang-alpha-cartridge-p276137642.html?spid=276137643
276106561," Free ship-Bộ mực in 4 màu  GT52 / GT53 ( GT51 ) dùng cho máy in  315 /  415, hàng nhập khẩu.",420000.0,420000.0,0.0,0.0,0,299569,,https://tiki.vnfree-ship-bo-muc-in-4-mau-gt52-gt53-gt51-dung-cho-may-in-315-415-hang-nhap-khau-p276106561.html?spid=276106562
275962511,Hộp mực 30A 051 cho Canon LBP 161d 161dn 162dw MF261d 264dw MF266dn 267dw 269dw - HP M227fdn 227sdn M203dw 203dn | CÓ LỔ ĐỔ MỰC -Hàng chính hãng Alpha Cartridge,117000.0,117000.0,0.0,0.0,0,183951,,https://tiki.vnhop-muc-051-30a-co-chip-danh-cho-canon-lbp-161dn-162dw-mf269dw-mf266dn-co-lo-do-muc-muc-in-hp-pro-mfp-m227fdn-m227sdn-m203dw-m203dn-co-lo-do-muc-hang-chinh-hang-alpha-cartridge-p275962511.html?spid=275962512
275961342,Hộp mực 78A dành cho Canon 6230dn 6230dw 6200d - HP P1560/1536/P1566/1600/P1606DN Mực in Canon MF4410/4430/4580DN/MF4570dn/4550d/4452/4450/4450d/MF4420n /4412/ự D520  Có lổ đổ mực-Hàng chính hãng Alpha Cartridge,126000.0,126000.0,0.0,3.7,3,183951,,https://tiki.vnhop-muc-78a-danh-cho-canon-6230dn-6230dw-6200d-hp-p1560-1536-p1566-1600-p1606dn-muc-in-canon-mf4410-4430-4580dn-mf4570dn-4550d-4452-4450-4450d-mf4420n-4412-u-d520-co-lo-do-muc-hang-chinh-hang-alpha-cartridge-p275961342.html?spid=275961343
275671222,"USB 2 in 1 Type C/ Type A Lexar D300 Dual Drive 32GB/ 64GB/ 128GB/ 256GB, tốc độ đọc 130MB/s - HÀNG CHÍNH HÃNG",199000.0,199000.0,0.0,0.0,0,232078,,https://tiki.vnusb-2-in-1-type-c-type-a-lexar-d300-dual-drive-32gb-64gb-128gb-256gb-toc-do-doc-130mb-s-hang-chinh-hang-p275671222.html?spid=275671224
275659260,Pin dành cho Laptop Dell Inspiron 15 5000 Series - Mã pin M5Y1K hàng nhập khẩu.,490000.0,490000.0,0.0,0.0,0,126154,,https://tiki.vnpin-danh-cho-laptop-dell-inspiron-15-5000-series-ma-pin-m5y1k-hang-nhap-khau-p275659260.html?spid=275659261
275537211,Sạc dành cho Laptop ASUS ZENBOOK 14 UX433 UX433F UX433FA UX433FN hàng nhập khẩu.,255000.0,255000.0,0.0,0.0,0,126154,,https://tiki.vnsac-danh-cho-laptop-asus-zenbook-14-ux433-ux433f-ux433fa-ux433fn-hang-nhap-khau-p275537211.html?spid=275537212
275515236,"Hộp mực in 278A/326/328 cho máy in Canon LBP 6200d/LBP6230dn/LBP6230dw, HP P1560/P1566/P1600/P1606/M1536dnf - Hàng nhập khẩu",145000.0,145000.0,0.0,5.0,2,2859,,https://tiki.vnhop-muc-in-278a-326-328-cho-may-in-canon-lbp-6200d-lbp6230dn-lbp6230dw-hp-p1560-p1566-p1600-p1606-m1536dnf-hang-nhap-khau-p275515236.html?spid=275515238
275459017,"Cục phát wifi từ sim 4G 5G kèm pin 10.000mA TP10000 phát liên tục 24 tiếng, tốc độ cao 300Mbps kết nối cho 10 thiết bị vô cùng tiện lợi - hàng nhập khẩu",990000.0,990000.0,0.0,4.5,2,356119,,https://tiki.vncuc-phat-wifi-tu-sim-4g-5g-kem-pin-10-000ma-tp10000-phat-lien-tuc-24-tieng-toc-do-cao-300mbps-ket-noi-cho-10-thiet-bi-vo-cung-tien-loi-hang-nhap-khau-p275459017.html?spid=277513974
275197013,Hộp mực 17A Có Chip dành cho HP LaserJet Pro M102a M102w M130a M130nw M130Fn M130fw CRG 047 Canon 113w mf113w CÓ LỔ ĐỔ MỰC Hàng chính hãng Alpha Cartridge,132000.0,132000.0,0.0,4.7,3,183951,,https://tiki.vnhop-muc-17a-co-chip-muc-in-hp-laserjet-pro-m102a-m102w-m130a-m130nw-m130fn-m130fw-crg-047-canon-113w-mf113w-co-lo-do-muc-hang-chinh-hang-alpha-cartridge-p275197013.html?spid=275197014
275175751,Combo 5 Mực nạp Brother 2280 2385 1010 B022 dành cho HL 2240 2270 2321 L2300D L2305W L2320D L2340DW L2360DW L2380DW DCP 7060 7065 L2520DW L2540DW MFC 7360 7362 7470 7860 L2680W L2700DW L2705DW L2707DW L2720DW 7535DW Hàng chính hãng Alpha Cartridge,160000.0,160000.0,0.0,4.5,2,183951,,https://tiki.vncombo-5-muc-nap-brother-2280-2385-1010-b022-danh-cho-hl-2240-2270-2321-l2300d-l2305w-l2320d-l2340dw-l2360dw-l2380dw-dcp-7060-7065-l2520dw-l2540dw-mfc-7360-7362-7470-7860-l2680w-l2700dw-l2705dw-l2707dw-l2720dw-7535dw-hang-chinh-hang-alpha-cartridge-p275175751.html?spid=275175752
275171067,Hộp mực in 26A 052 cho máy in Canon LBP 214dw 424dw 426dw HP M402d/ M402dn/ M426fdn/ M426fdw Hàng chính hãng Alpha Cartridge,176000.0,176000.0,0.0,0.0,0,183951,,https://tiki.vnhop-muc-in-26a-cho-ma-y-in-hp-m402d-m402dn-m426fdn-m426fdw-p275171067.html?spid=275171068
274542060,Bộ Phát Wifi Di Động TP-Link TL-MR105 4G LTE Tốc Độ 300Mbps - Hàng Chính Hãng,990000.0,1898000.0,908000.0,4.5,2,1,,https://tiki.vnbo-phat-wifi-di-dong-tp-link-tl-mr105-4g-lte-toc-do-300mbps-hang-chinh-hang-p274542060.html?spid=276450681
273716032,Ugreen UG50187NW101TK 5M màu Đen Cáp mạng LAN CAT 6 UTP dây dẹp - HÀNG CHÍNH HÃNG,121000.0,121000.0,0.0,0.0,0,14813,,https://tiki.vnugreen-ug50187nw101tk-5m-ma-u-den-ca-p-ma-ng-lan-cat-6-utp-day-de-p-hang-chinh-hang-p273716032.html?spid=273716033
272360121,USB Acer UM310 32GB | 64GB | 128GB | 256GB | 512GB tốc độ đọc lên đến 115 MB/s USB 3.2 Gen 1 - Hàng chính hãng bảo hành 5 năm,175000.0,175000.0,0.0,4.8,9,297182,,https://tiki.vnusb-acer-um310-toc-do-doc-len-den-115-mb-s-usb-3-2-gen-1-hang-chinh-hang-bao-hanh-5-nam-thiet-bi-luu-tru-usb-dung-luong-32gb-64gb-128gb-256gb-p272360121.html?spid=272360127
200031727,BÀN PHÍM LAPTOP dùng cho ASUS TP401U (CÁP GÓC) - Vivobook Flip TP401N TP401M TP410P TP410U - Hàng Nhập Khẩu New Seal,397440.0,397440.0,0.0,0.0,0,308064,,https://tiki.vnban-phim-laptop-dung-cho-asus-tp401u-cap-goc-vivobook-flip-tp401n-tp401m-tp410p-tp410u-hang-chinh-hang-mikey1808-p200031727.html?spid=200031728
200024979,"Sạc dùng cho Laptop Chân USB-C(Type C) 20V-3.25A 65W ( For Acer, HP Sony Xiaomi Apple HUAWEI ASUS Lenovo Thinkpad ) - Hàng Nhập Khẩu New Seal",569146.0,569146.0,0.0,4.0,2,308064,,https://tiki.vnsac-dung-cho-laptop-chan-usb-c-type-c-20v-3-25a-65w-for-acer-hp-sony-xiaomi-apple-huawei-asus-lenovo-thinkpad-hang-chinh-hang-miac1133-p200024979.html?spid=200024981
200009813,Pin cho Laptop Dell Latitude E7420 E7440 E7450 - Hàng Nhập Khẩu New Seal,866916.0,866916.0,0.0,5.0,1,308064,,https://tiki.vnpin-cho-laptop-dell-latitude-e7420-e7440-e7450-hang-chinh-hang-mibat1261-p200009813.html?spid=200009815
189460846,USB Acer UP300 tốc độ đọc/ghi lên đến 120 MB/s - Hàng chính hãng bảo hành 5 năm - Thiết bị lưu trữ dung lượng 8GB - 1TB,221000.0,221000.0,0.0,4.5,9,128476,,https://tiki.vnusb-acer-up300-toc-do-doc-ghi-len-den-120-mb-s-hang-chinh-hang-bao-hanh-5-nam-thiet-bi-luu-tru-dung-luong-8gb-1tb-p189460846.html?spid=189460874
163133379,"Hộp mực máy in Canon 3300 (hàng nhập khẩu) dùng cho máy in Canon LBP 3300, 3360, 3370, 3310 - Cartridge 308 / Cartridge 315 mới 100% - 49A [Fullbox]",185000.0,185000.0,0.0,4.7,16,47656,,https://tiki.vnhop-muc-3300-hang-chinh-hang-viettoner-dung-cho-may-in-lbp-3300-3360-3370-3310-cartridge-308-cartridge-315-fullbox-p163133379.html?spid=163133380
124895610,"Vỏ Hộp đựng ổ cứng 2,5 inch USB 3.0 vỏ nhựa ABS cao cấp (dây liền) UGREEN US221 30847- Chính hãng",219000.0,240000.0,21000.0,0.0,0,915,,https://tiki.vnvo-hop-dung-o-cung-2-5-inch-usb-3-0-vo-nhua-abs-cao-cap-day-lien-ugreen-us221-30847-chinh-hang-bh-18t-p124895610.html?spid=133628031
117571976,Màn Hình Dell U2421E 24inch WUXGA 5ms 60Hz IPS- Hàng Chính Hãng,6450000.0,6450000.0,0.0,0.0,0,3103,,https://tiki.vnman-hinh-dell-u2421e-24inch-ips-1920-x-1200-5ms-60hz-hdmi-dp-usb-type-c-hang-chinh-hang-p117571976.html?spid=262525311
83921674,Router Wifi Linksys E5600-AH Max-Stream AC1200 MU-MIMO GIGABIT - Hàng Chính Hãng,849000.0,849000.0,0.0,5.0,3,1242,,https://tiki.vnrouter-wifi-linksys-e5600-ah-max-stream-ac1200-mu-mimo-gigabit-hang-chinh-hang-p83921674.html?spid=191978067
75348973,"(Combo 50 cuộn) Giấy in nhiệt K57x38 - Giấy in Bill K57 - Giấy in hóa đơn K57 - Dùng cho các dòng máy in: XPRINTER, EPSON, BIXOLON, COGNITIVE, BIRCH, YAMAFUJI,C USTOM, SUPER PRINTER, TOPCASH, ANTECH, DATAPRINT, APOS, TAWA PRP, ATP",225000.0,225000.0,0.0,5.0,1,133440,,https://tiki.vncombo-50-cuon-giay-in-nhiet-inkmax-k57x38-hang-chinh-hang-dung-cho-cac-loai-may-xprinter-epson-prp-tawa-citizen-topcash-casio-p75348973.html?spid=75348975
72689407,Phần mềm bảo vệ điện thoại Bkav Pro Mobile - Hàng chính hãng,78000.0,78000.0,0.0,4.7,45,146845,,https://tiki.vnphan-mem-bao-ve-dien-thoai-bkav-pro-mobile-hang-chinh-hang-p72689407.html?spid=89051560
71062304,"Bộ sản phẩm 5 lọ mực nạp ( mực đổ ) thương hiệu HA dùng cho hộp mực máy in Canon 2900/ 3300/ 251/ 251, 252, 253, 411, 5870, 5980, 6300, 6650, 6670, 6680/ HP 1010/1020/ HP 400, 401, 425, 2035, 2050, 2055, - Hàng nhập khẩu",175000.0,175000.0,0.0,4.7,118,2671,,https://tiki.vnbo-san-pham-5-lo-muc-nap-muc-do-thuong-hieu-ha-dung-cho-hop-muc-may-in-canon-2900-3300-251-canon-251-252-253-411-5870-5980-6300-6650-6670-6680-hp-1010-1020-hp-400-401-425-2035-2050-2055-hang-nhap-khau-p71062304.html?spid=71062305
56380242,Giấy in nhiệt K57x38mm thùng 100 cuộn,368000.0,368000.0,0.0,5.0,31,100488,,https://tiki.vngiay-in-nhiet-k57x38mm-thung-100-cuon-p56380242.html?spid=56380243
50015241,Khung nguồn tập trung 14 media converter Ho-link HL-2U14-2A - Hàng Chính Hãng,2050000.0,2050000.0,0.0,0.0,0,110401,,https://tiki.vnkhung-nguon-tap-trung-cho-converter-quang-dien-14-khe-cam-ho-link-hl-2u14-2a-hang-chinh-hang-p50015241.html?spid=50015242
32593097,Bộ Phát Sóng WiFi Xiaomi Router 4A_Hàng Nhập Khẩu,475000.0,475000.0,0.0,4.8,12,34716,,https://tiki.vnbo-phat-song-wifi-xiaomi-router-4a_hang-nhap-khau-p32593097.html?spid=58876207
25007161,Hộp Đựng Ổ Cứng Di Động HDD Box 2.5 ORICO 2139C3-G2 USB3.1 Gen2 Type-C/2.5 Nhựa Trong Suốt - Hàng Chính Hãng,359000.0,359000.0,0.0,5.0,1,915,,https://tiki.vnhop-dung-o-cung-di-dong-hdd-box-2-5-orico-2139c3-g2-usb3-1-gen2-type-c-2-5-nhua-trong-suot-hang-chinh-hang-p25007161.html?spid=26350337
754245,Bộ Chuyển Đổi USB Wifi Mini Mercusys MW300UM N300 - Hàng Chính Hãng,185000.0,185000.0,0.0,5.0,1,15937,,https://tiki.vnbo-chuyen-doi-usb-wifi-mini-mercusys-mw300um-n300-hang-chinh-hang-p754245.html?spid=276922738
708026,Bộ Phát Wifi TP-Link Archer C50 Băng Tần Kép AC1200 - Hàng Chính Hãng,529000.0,529000.0,0.0,4.8,5,915,,https://tiki.vnbo-phat-wifi-tp-link-archer-c50-bang-tan-kep-ac1200-hang-chinh-hang-p708026.html?spid=1105730
561953,Kaspersky Internet Security Cho 5 Máy Tính - KIS5U - Hàng chính hãng,790000.0,1020800.0,230800.0,5.0,194,1,,https://tiki.vnkaspersky-internet-security-cho-5-may-tinh-kis5u-hang-chinh-hang-p561953.html?spid=295941
547563,Bộ Kích Sóng Wifi Repeater 300Mbps Totolink EX200 - Hàng Chính Hãng,230000.0,230000.0,0.0,0.0,0,16472,,https://tiki.vnbo-kich-song-wifi-repeater-300mbps-totolink-ex200-hang-chinh-hang-p547563.html?spid=8954439
459628,Brother BT6000BK Ink Cho DCP-T300/T700W/MFC-T800W (Đen) - Hàng Chính Hãng,178000.0,178000.0,0.0,4.5,18,3103,,https://tiki.vnbrother-bt6000bk-ink-cho-dcp-t300-t700w-mfc-t800w-den-hang-chinh-hang-p459628.html?spid=2396491
457251,TP-Link TL-SG105E - Gigabit Easy Smart Switch 5 Port - Hàng Chính Hãng,510000.0,510000.0,0.0,0.0,0,12395,,https://tiki.vntp-link-tl-sg105e-gigabit-easy-smart-switch-5-port-hang-chinh-hang-p457251.html?spid=260110427
456497,TP-Link  TL-SG1005D - Switch 5 Cổng Gigabit Desktop - Hàng Chính Hãng,299000.0,299000.0,0.0,5.0,1,915,,https://tiki.vntp-link-tl-sg1005d-switch-5-cong-gigabit-desktop-hang-chinh-hang-p456497.html?spid=179750231
278994996,MacBook Pro 14 inch M5,41990000.0,41990000.0,0.0,0.0,0,1,,https://tiki.vnmacbook-pro-14-inch-m5-hang-chinh-hang-p278994996.html?spid=278995054
278883838,"Dây nguồn liền phích cao cấp chịu tải Ominsu 2500W dài 1.5m - Nguồn nồi cơm điện, máy tính, điện gia dụng ...Hàng chính hãng",75000.0,75000.0,0.0,0.0,0,4568,,https://tiki.vnday-nguon-lien-phich-cao-cap-chiu-tai-2500w-dai-1-5m-nguon-noi-com-dien-may-tinh-dien-gia-dung-p278883838.html?spid=278883839
278769027,"Hộp Mực 26A 052 TECH dùng cho máy in Hp M402D M426 Canon 214DW, 212DW in 3100 trang - Hàng Nhập Khẩu",220000.0,220000.0,0.0,0.0,0,43974,,https://tiki.vnhop-muc-26a-052-tech-dung-cho-may-in-hp-m402d-m426-canon-214dw-212dw-in-3100-trang-hang-nhap-khau-p278769027.html?spid=278769028
277288823,Màn Hình ViewSonic VA2708-4K-MHD 27inch 4K/60HZ/1MS/LOA - Hàng Chính Hãng,4850000.0,5990000.0,1140000.0,5.0,1,1,,https://tiki.vnman-hinh-viewsonic-va2708-4k-mhd-27inch-4k-60hz-1ms-loa-hang-chinh-hang-p277288823.html?spid=277288824
277249741,Card Chuyển Đổi IDE To Sata Hai Chiều - Hàng Nhập Khẩu,69000.0,69000.0,0.0,0.0,0,81456,,https://tiki.vncard-chuyen-doi-ide-to-sata-hai-chieu-hang-nhap-khau-p277249741.html?spid=277249742
276985137,Phần Mềm Diệt Virus BKAV Profressional Internet Security 1 PC 3 Tháng - QUÀ TẶNG BKAV - Hàng chính hãng,30000.0,30000.0,0.0,1.0,1,12395,,https://tiki.vnphan-mem-diet-virus-bkav-profressional-internet-security-1-pc-3-thang-qua-tang-bkav-hang-chinh-hang-p276985137.html?spid=276985138
275676345,Mực nạp cho hộp mực máy photocopy Konica Minolta TN 116 / 118 / 217 / 283 / 287 / 367 / 423 / 195  215 / 235 / 295 / 225i / 206 / 216 / 226 / 236  246 / 266 / 306 ( BIASDO - Hàng nhập khẩu ),180000.0,180000.0,0.0,0.0,0,2671,,https://tiki.vnmuc-dung-nap-cho-may-konica-minolta-tn-116-118-217-283-287-367-423-195-215-235-295-225i-206-216-226-236-246-266-306-biasdo-hang-nhap-khau-p275676345.html?spid=275676346
275631902,Pin Tương Thích Cho Laptop Dell Xps 13 9360 Mã Pw23Y - 60Wh - Hàng Nhập Khẩu New Seal TEEMO PC TEBAT992,1138000.0,1138000.0,0.0,0.0,0,287052,,https://tiki.vnpin-tuong-thich-cho-laptop-dell-xps-13-9360-ma-pw23y-60wh-hang-nhap-khau-new-seal-teemo-pc-tebat992-p275631902.html?spid=275631903
275495833,Sạc New Slim Oval 65W USB C Charger For HP EliteBook x360 1040 G2 G3 G4 G5 G6 G7 G8 - hàng nhập khẩu,650000.0,650000.0,0.0,0.0,0,126154,,https://tiki.vnsac-new-slim-oval-65w-usb-c-charger-for-hp-elitebook-x3601040-g2-g3-g4-g5-g6-g7-g8-hang-nhap-khau-p275495833.html?spid=275495834
275457016,Hộp mực 85A dành cho máy in HP P1102 M1132 MFP HP M1212NFA P1102w và Canon F158200 F166400 LBP 6000 6030w 6030 3050 6018 mf 3010 CRG 312-325hàng chính hãng Alpha Cartridge,126000.0,126000.0,0.0,5.0,1,183951,,https://tiki.vnhop-muc-85a-danh-cho-may-in-hp-p1102-hp-m1132-mfp-hp-m1212nfa-p1102w-hang-chinh-hang-alpha-cartridge-p275457016.html?spid=275457017
275221517,Mực Prospect 673 dùng máy in Epson L805/ L1800/ L800/ L850 trọng lượng 70ml - Hàng chính hãng,44000.0,44000.0,0.0,0.0,0,43974,,https://tiki.vnmuc-prospect-673-dung-may-in-epson-l805-l1800-l800-l850-trong-luong-70ml-hang-chinh-hang-p275221517.html?spid=275221521
273900890,"Nguồn tổ ong RS-25-5 Meanwell (25W 5V 5A), Hàng nhập khẩu",253000.0,253000.0,0.0,0.0,0,321316,,https://tiki.vnnguon-to-ong-rs-25-5-meanwell-25w-5v-5a-hang-nhap-khau-p273900890.html?spid=273900891
273715898,Ugreen UG50183NW101TK 0.5M màu Đen Cáp mạng LAN CAT 6 UTP dây dẹp - HÀNG CHÍNH HÃNG,50000.0,50000.0,0.0,0.0,0,14813,,https://tiki.vnugreen-ug50183nw101tk-0-5m-ma-u-den-ca-p-ma-ng-lan-cat-6-utp-day-de-p-hang-chinh-hang-p273715898.html?spid=273715899
273707786,Ổ cứng SSD Kingmax SIV32 1TB Sata3 2.5 inch - Hàng Chính Hãng,2590000.0,2590000.0,0.0,0.0,0,3103,,https://tiki.vno-cung-ssd-kingmax-siv32-1tb-sata3-2-5-inch-hang-chinh-hang-p273707786.html?spid=273707787
271423339,Ổ Cứng Di Động SSD Siêu nhỏ Transcend ESD310 1TB USB 3.2 Gen2x1 TS1TESD310 - Hàng Chính Hãng,4690000.0,4690000.0,0.0,5.0,2,915,,https://tiki.vno-cung-di-dong-ssd-sieu-nho-transcend-esd310-1tb-usb-3-2-gen2x1-ts1tesd310-hang-chinh-hang-p271423339.html?spid=271423352
247718885,"Mực In Laser Brother TN-2385 (2.600 Trang), Mực In Laser Trắng Đen Sử Dụng Cho Máy In Brother L2321D, L2366DW, L2361DN, L2520D, L2701D, L2701DW - Hàng chính hãng",535000.0,535000.0,0.0,4.7,3,3103,,https://tiki.vnmuc-in-brother-tn-2385-muc-laser-mau-den-hang-chinh-hang-p247718885.html?spid=271311124
207937066,Ổ cứng di động WD My Passport New USB 3.2 1TB/2TB/4TB/5TB Hàng Chính Hãng,2100000.0,2100000.0,0.0,4.6,10,128476,,https://tiki.vno-cung-wd-my-passport-new-usb-3-2-1tb-hang-chinh-hang-p207937066.html?spid=207946220
203965682,Máy Đếm Tiền - Máy Đếm Tiền Oudis 5200C - Hàng Chính Hãng,3200000.0,3200000.0,0.0,0.0,0,311782,,https://tiki.vnmay-dem-tien-may-dem-tien-oudis-5200c-hang-chinh-hang-p203965682.html?spid=203965683
200009532,Pin dùng cho Laptop Dell Latitude E6540 - Hàng Nhập Khẩu  MIBAT805,505494.0,505494.0,0.0,4.5,2,308064,,https://tiki.vnpin-dung-cho-laptop-dell-latitude-e6540-hang-nhap-khau-mibat805-p200009532.html?spid=200009533
195999071,"Hộp mực 057 -Hộp mực Canon 226dw (NOCHIP) hàng chính hãng Viettoner dùng cho máy in Canon LBP 226dw, 223dw, 236dw, 228dw, 228x, mf445dw, mf449x, mf455dw, mf443dw, mf453dw - Cartridge 057 - 76A mới 100% [Fullbox]",180000.0,180000.0,0.0,5.0,4,47656,,https://tiki.vnhop-muc-may-in-canon-226dw-223dw-nochip-hang-chinh-hang-viettoner-dung-cho-may-in-canon-lbp-226dw-223dw-236dw-228dw-228x-mf445dw-mf449x-mf455dw-mf443dw-mf453dw-cartridge-057-76a-moi-100-fullbox-p195999071.html?spid=195999072
192567645,Ram Transcend Desktop DDR4 2666Mhz U-DIMM Hàng Chính Hãng,555000.0,555000.0,0.0,0.0,0,297193,,https://tiki.vnram-transcend-desktop-ddr4-2666mhz-u-dimm-hang-chinh-hang-p192567645.html?spid=192567647
192560052,Ram Transcend Desktop DDR4 3200Mhz U-DIMM Hàng Chính Hãng,555000.0,555000.0,0.0,0.0,0,297193,,https://tiki.vnram-transcend-desktop-ddr4-3200mhz-u-dimm-hang-chinh-hang-p192560052.html?spid=192560054
192208694,Ổ Cứng Di Động WD My Passport Hàng Chính Hãng,1970000.0,1970000.0,0.0,4.8,28,296212,,https://tiki.vno-cung-di-dong-wd-my-passport-hang-chinh-hang-p192208694.html?spid=192208720
187188651,Bộ chia mạng 5/ 8 cổng switch 5/ 8 port 10/100Mbps chia tín hiệu lan Mercusys MS105 MS108 - Hàng chính hãng,129000.0,129000.0,0.0,5.0,1,1242,,https://tiki.vnbo-chia-mang-5-8-cong-switch-5-8-port-10-100mbps-chia-tin-hieu-lan-mercusys-ms105-ms108-hang-chinh-hang-p187188651.html?spid=277544267
173380884,"Hộp mực in HP 103A/W1103A hàng chính hãng Viettoner dùng cho máy in HP Neverstop Laser 1000A, 1000W, 1200A, 1200W mới 100% [Fullbox]",109000.0,109000.0,0.0,4.1,11,65686,,https://tiki.vnhop-muc-in-hp-103a-w1103a-hang-chinh-hang-viettoner-dung-cho-may-in-hp-neverstop-laser-1000a-1000w-1200a-1200w-moi-100-fullbox-p173380884.html?spid=191500567
165588636,"Bộ lưu điện UPS CyberPower BU1000EA 1000VA / 630W - Tích hợp công nghệ ổn áp AVR, Công nghệ tiết kiệm điện GreenPower, công nghệ Line Interactive - Hàng chính hãng",1799000.0,2250000.0,451000.0,5.0,15,12854,,https://tiki.vnbo-luu-dien-ups-cyberpower-bu1000ea-1000va-630w-tich-hop-cong-nghe-on-ap-avr-cong-nghe-tiet-kien-dien-greenpower-hang-chinh-hang-p165588636.html?spid=165588637
121064379,Bộ Chia Tín Hiệu Switch Để Bàn Mercusys MS105G 5 Cổng 10/100/1000 Mbps - Hàng Chính Hãng,324000.0,324000.0,0.0,0.0,0,15937,,https://tiki.vnbo-chia-tin-hieu-switch-de-ban-mercusys-ms105g-5-cong-10-100-1000-mbps-hang-chinh-hang-p121064379.html?spid=276900491
73566898,"Giấy in nhiệt K57x38 - Giấy in Bill K57 - Giấy in hóa đơn K57 - Dùng cho các dòng máy in: XPRINTER, EPSON, BIXOLON, COGNITIVE, BIRCH, YAMAFUJI,C USTOM, SUPER PRINTER, TOPCASH, ANTECH, DATAPRINT, APOS, TAWA PRP, ATP",4500.0,4500.0,0.0,5.0,2,133440,,https://tiki.vngiay-in-nhiet-inkmax-k57x38-hang-chinh-hang-dung-cho-cac-loai-may-xprinter-epson-prp-tawa-citizen-topcash-casio-p73566898.html?spid=73566899
73256007,Hộp Đựng Ổ Cứng M2 chuẩn SATA (NGFF) ORICO M2PF-C3-BK Hàng Chính Hãng,278000.0,278000.0,0.0,0.0,0,915,,https://tiki.vnhop-dung-o-cung-m2pf-c3-bk-mau-den-ssd-orico-ngff-m-2-toc-do-5gbps-hang-chinh-hang-p73256007.html?spid=74538253
72562884,Ổ Cứng Di Động SSD WD Western Digital My Passport USB 3.2 - Hàng Chính Hãng,3090000.0,3090000.0,0.0,0.0,0,915,,https://tiki.vno-cung-di-dong-ssd-wd-western-digital-my-passport-usb-3-2-gen-2-hang-chinh-hang-p72562884.html?spid=277016161
68370929,Hộp mực Thuận Phong TN-2280 dùng cho máy in Brother HL-2240/ 2250 / 2270/ DCP-7060/ MFC 7360/ 7470/ 7860 - Hàng Chính Hãng,290000.0,290000.0,0.0,0.0,0,2430,,https://tiki.vnhop-muc-thuan-phong-tn-2280-dung-cho-may-in-brother-hl-2240-2250-2270-dcp-7060-mfc-7360-7470-7860-hang-chinh-hang-p68370929.html?spid=68370930
60882508,Cáp mạng 2 đầu đúc sẵn Cat6 UTP 26AWG UGREEN NW102 20170 dài 50M - Hàng chính hãng,389000.0,389000.0,0.0,0.0,0,915,,https://tiki.vncap-mang-2-dau-duc-san-cat6-utp-26awg-ugreen-nw102-20170-dai-50m-hang-chinh-hang-p60882508.html?spid=273297598
59203466,"Hộp mực in SAHA 35A/36A/85A cho máy in HP, Canon - Hàng chính hãng",110000.0,110000.0,0.0,5.0,7,133440,,https://tiki.vnhop-muc-in-saha-35a-36a-85a-cho-may-in-hp-canon-hang-chinh-hang-p59203466.html?spid=59203467
51845073,Máy In Laser Đa Năng HP LaserJet Pro MFP 135W (4ZB83A) - Hàng Chính Hãng,3490000.0,3490000.0,0.0,0.0,0,63625,,https://tiki.vnmay-in-laser-da-nang-hp-laserjet-pro-mfp-135w-4zb83a-hang-chinh-hang-p51845073.html?spid=90622829
21301334,Dây Cáp Mạng Orico PUG-C6B- CAT6 (Đen) Hàng Chính Hãng,49000.0,49000.0,0.0,4.5,2,915,,https://tiki.vnday-cap-mang-orico-pug-c6b-cat6-hang-chinh-hang-p21301334.html?spid=24439497
13967712,Ổ Cứng SSD 120G KingMax SMV32 KM120GSMV32 SATA III 6Gb/s - Hàng Chính Hãng,510000.0,510000.0,0.0,0.0,0,53065,,https://tiki.vno-cung-ssd-120g-kingmax-smv32-km120gsmv32-sata-iii-6gb-s-hang-chinh-hang-p13967712.html?spid=20116648
3717289,Bộ 6 màu Mực in phun Thuận Phong TP51 dùng cho máy in phun Epson L800 / L801 / L805 / L810 / L850 / L1800 - Hàng Chính Hãng,390000.0,390000.0,0.0,4.3,4,2430,,https://tiki.vnbo-6-mau-muc-in-phun-thuan-phong-tp51-dung-cho-may-in-phun-epson-l800-l801-l810-l850-hang-chinh-hang-p3717289.html?spid=3717291
764581,Máy In Laser Đa Năng Brother MFC-L2701DW - Hàng Chính Hãng,5990000.0,6490000.0,500000.0,4.5,39,1,,https://tiki.vnmay-in-laser-da-nang-brother-mfc-l2701dw-hang-chinh-hang-p764581.html?spid=764658
709035,Bộ Chia Mạng 8 Cổng Mercusys MS108 (10/100Mbps) - Hàng Chính Hãng,199000.0,199000.0,0.0,4.7,12,217686,,https://tiki.vnbo-chia-mang-8-cong-mercusys-ms108-10-100mbps-hang-chinh-hang-p709035.html?spid=120833309
615976,Bộ Chia Mạng 5 Cổng Gigabit Totolink S505G – Hàng Chính Hãng,270000.0,270000.0,0.0,5.0,2,12395,,https://tiki.vnbo-chia-mang-5-cong-gigabit-totolink-s505g-hang-chinh-hang-p615976.html?spid=7182903
278871284,"Máy Tính Xách Tay Laptop Samsung Galaxy Chromebook Go XE340XDA 14""/N4500/4GB/32GB/ChromeOS - Hàng Chính Hãng",6000000.0,6000000.0,0.0,0.0,0,11119,,https://tiki.vnmay-tinh-xach-tay-laptop-samsung-galaxy-chromebook-go-xe340xda-14-n4500-4gb-32gb-chromeos-hang-chinh-hang-p278871284.html?spid=278871285
278871248,Máy Tính Xách Tay Laptop Samsung Galaxy Chromebook Go XE310XDA N4500/4GB/32GB/ChromeOS - Hàng Chính Hãng,4990000.0,4990000.0,0.0,2.0,1,11119,,https://tiki.vnmay-tinh-xach-tay-laptop-samsung-galaxy-chromebook-go-xe310xda-n4500-4gb-32gb-chromeos-hang-chinh-hang-p278871248.html?spid=276378911
278815782,Màn Hình Dell UltraSharp U2724DE (27.0 inch - 2K - IPS - 120Hz - 5ms - USB TypeC - Network RJ45 - Thunderbolt4) - Hàng chính hãng,11890000.0,13599000.0,1709000.0,0.0,0,1,,https://tiki.vnman-hinh-dell-ultrasharp-u2724de-27-0-inch-2k-ips-120hz-5ms-usb-typec-network-rj45-thunderbolt4-hang-chinh-hang-p278815782.html?spid=278815783
277600319,Ổ cứng di động HDD WD My Passport dung lượng 6TB USB 3.2 Gen 1 tương thích Windows và Mac hàng chính hãng,6800000.0,6800000.0,0.0,5.0,1,296212,,https://tiki.vno-cung-di-dong-hdd-wd-my-passport-dung-luong-6tb-usb-3-2-gen-1-tuong-thich-windows-va-mac-hang-chinh-hang-p277600319.html?spid=277600321
277343525,"Ổ cứng di động SSD BIWIN PD2000 1TB / 2TB, Chuẩn USB 3.2 Gen 2 x2 bảo hành 5 năm Hàng chính hãng",2660000.0,2660000.0,0.0,0.0,0,128476,,https://tiki.vno-cung-di-dong-ssd-biwin-pd2000-1tb-2tb-chuan-usb-3-2-gen-2-x2-chinh-hang-bao-hanh-5-nam-p277343525.html?spid=277347008
276262909,Màn Hình Dell P2425H 23.8 inch (1920x1080/IPS/100Hz/5ms GtG) - Hàng Chính Hãng,4650000.0,4650000.0,0.0,5.0,1,3103,,https://tiki.vnman-hinh-dell-p2425h-23-8-inch-1920x1080-ips-100hz-5ms-gtg-hang-chinh-hang-p276262909.html?spid=276636425
275940104,Máy chiếu Mini thông minh Yaber L1 Android Tivi hỗ trợ Full-HD 1080p 4K- Hàng Chính Hãng - Thương hiệu Máy chiếu mini Máy chiếu gia đình văn phòng tốt nhất,2490000.0,2490000.0,0.0,5.0,8,320848,,https://tiki.vnmay-chieu-mini-thong-minh-yaber-l1-android-tivi-ho-tro-full-hd-1080p-4k-hang-chinh-hang-thuong-hieu-may-chieu-mini-may-chieu-gia-dinh-van-phong-tot-nhat-p275940104.html?spid=275940109
275826028,"Ổ cứng di động SSD Samsung T9 Tốc độ đọc/ghi 2,000 MB/s 1,950 MB/s USB 3.2 Gen 2x2 - 1 Đổi 1 Hàng chính hãng",6030000.0,6030000.0,0.0,0.0,0,296464,,https://tiki.vno-cung-di-dong-ssd-samsung-t9-toc-do-doc-ghi-2-000-mb-s-1-950-mb-s-usb-3-2-gen-2x2-1-doi-1-bao-hanh-5-nam-p275826028.html?spid=275826682
275702415,Bộ 5 bánh răng cụm từ: Dùng cho máy photocopy Ricoh 161/ 171/ 301 ( HA - Hàng nhập khẩu ),180000.0,180000.0,0.0,0.0,0,2671,,https://tiki.vnbo-5-banh-rang-cum-tu-dung-cho-may-photocopy-ricoh-161-171-301-ha-hang-nhap-khau-p275702415.html?spid=275702416
275445370,"Cục phát wifi từ sim 3G, 4G USB Modem ,USB phát Wifi 4G LTE từ Sim 4G, Dcom phát wifi tốc độ cao, phủ sóng rộng- Hàng Nhập Khẩu",490000.0,490000.0,0.0,5.0,5,356119,,https://tiki.vncuc-phat-wifi-tu-sim-4g-5g-su-dung-tat-ca-cac-loai-sim-cua-nha-mang-vn-p275445370.html?spid=275445371
275288865,"Laptop Dell Latitude 5310 | Core i5-10310U Ram 16GB PCIe 256GB 13.3"" FHD - Hàng Chính Hãng",6860000.0,6860000.0,0.0,5.0,2,312039,,https://tiki.vnlaptop-dell-latitude-5310-core-i5-10310u-ram-16gb-pcie-256gb-13-3-fhd-hang-chinh-hang-p275288865.html?spid=275306676
275024956,Bộ Phát Router Wifi TP-Link Archer AX10 Gigabit - Wifi 6 Chuẩn AX1500 - HÀNG CHÍNH HÃNG,850000.0,1390000.0,540000.0,5.0,5,1,,https://tiki.vnbo-phat-router-wifi-tp-link-archer-ax10-gigabit-wifi-6-chuan-ax1500-hang-chinh-hang-p275024956.html?spid=276180424
274808245,Máy In phun màu Epson L1250 Wifi - Hàng Chính Hãng,3990000.0,4390000.0,400000.0,5.0,2,1,,https://tiki.vnmay-in-phun-mau-epson-l1250-wifi-hang-chinh-hang-p274808245.html?spid=274808246
273679076,Laptop Dell Latitude 3520 (Core i5-1135G7 | 8GB | 256GB | Intel Iris Xe | 15.6 inch FHD - HÀNG CHÍNH HÃNG,8650000.0,8650000.0,0.0,0.0,0,312039,,https://tiki.vnlaptop-dell-latitude-3520-core-i5-1135g7-8gb-256gb-intel-iris-xe-15-6-inch-fhd-hang-chinh-hang-p273679076.html?spid=273002151
273002756,Laptop Dell Latitude 3590  Core i5 7200U- Ram 8GB- 128GB SSD Ổ cứng -Màn hình 15-6 inch BH 6 thang - Hàng chính hãng,5390000.0,5390000.0,0.0,4.3,4,312039,,https://tiki.vnlaptop-dell-latitude-3590-cam-ung-core-i5-7200u-ram-8gb-128gb-ssd-o-cung-man-hinh-15-6-inch-bh-6-thang-hang-chinh-hang-p273002756.html?spid=273002758
271423011,Ổ Cứng Di Động SSD Siêu nhỏ Transcend ESD310 512GB USB 3.2 Gen2x1 TS512GESD310 - Hàng Chính Hãng,2990000.0,2990000.0,0.0,5.0,2,915,,https://tiki.vno-cung-di-dong-ssd-sieu-nho-transcend-esd310-512gb-usb-3-2-gen2x1-ts512gesd310-hang-chinh-hang-p271423011.html?spid=276481825
271421744,Ổ Cứng Di Động SSD Siêu nhỏ Transcend ESD310 256GB USB 3.2 Gen2x1 TS256GESD310 - Hàng Chính Hãng,1779000.0,1779000.0,0.0,5.0,2,915,,https://tiki.vno-cung-di-dong-ssd-sieu-nho-transcend-esd310-256gb-usb-3-2-gen2x1-ts256gesd310-hang-chinh-hang-p271421744.html?spid=271421746
271266740,"USB Lexar Jumpdrive M900 Flash Drive 128GB/ 256GB , chuẩn 3.1 , tốc độ đọc 400MB/s, tương thích PC/ MAC - Hàng chính hãng",350000.0,350000.0,0.0,5.0,8,232078,,https://tiki.vnusb-lexar-jumpdrive-m900-flash-drive-128gb-256gb-chuan-3-1-toc-do-doc-400mb-s-tuong-thich-pc-mac-hang-chinh-hang-p271266740.html?spid=271266742
270248487,Màn Hình Cong Xiaomi Redmi Mi Curved G34WQ 34 Inch Tần Số 180 Hz 2K Có VESA Chơi Game Làm Việc Thoải Mái - Hàng Nhập Khẩu,13199000.0,13199000.0,0.0,0.0,0,193366,,https://tiki.vnman-hinh-may-tinh-xiaomi-gaming-mi-curved-gaming-monitor-34-inch-man-hinh-cong-do-phan-giai-cuc-net-wqhd-choi-game-lam-viec-thoai-mai-hang-chinh-hang-p270248487.html?spid=270249093
252587217,Màn Hình Gaming Kvision 32 inch. Tấm nền IPS | Tần Số 75Hz | Bảo Hành 24 Tháng,2990000.0,2990000.0,0.0,0.0,0,312039,,https://tiki.vnman-hinh-gaming-kvision-32-inch-tam-nen-ips-tan-so-75hz-bao-hanh-24-thang-p252587217.html?spid=252587218
206914146,Ổ Cứng Di Động WD My Passport Ultra Silver 2.5'' 1TB 2TB 4TB - Hàng Chính Hãng,2590000.0,2590000.0,0.0,5.0,2,128476,,https://tiki.vno-cung-di-dong-wd-my-passport-ultra-silver-2-5-1tb-2tb-4tb-hang-chinh-hang-p206914146.html?spid=206914159
197190455,"Bộ phát Wifi di động PROLiNK DL7203E, SIM 4G LTE 150Mbps, pin 5200mAH, màn hình 1.44"", cổng RJ45, USB 2.0, microSD - Hàng chính hãng",1650000.0,1650000.0,0.0,4.8,42,145378,,https://tiki.vnbo-phat-wifi-di-dong-prolink-dl7203e-dung-sim-4g-lte-150mbps-pin-5200mah-len-toi-25h-tft-1-44-cong-rj45-usb-2-0-hang-chinh-hang-p197190455.html?spid=197190456
192564935,Ram Transcend Laptop JetRam DDR4 2666Mhz SO-DIMM Hàng Chính Hãng,555000.0,555000.0,0.0,5.0,1,297193,,https://tiki.vnram-transcend-laptop-jetram-ddr4-2666mhz-so-dimm-hang-chinh-hang-p192564935.html?spid=192564937
192559048,Ram Transcend Laptop DDR4 3200Mhz SO-DIMM Hàng Chính Hãng,555000.0,555000.0,0.0,5.0,1,297193,,https://tiki.vnram-transcend-laptop-ddr4-3200mhz-so-dimm-hang-chinh-hang-p192559048.html?spid=192559050
192548075,Ổ cứng SSD Transcend 820S M2 Hàng Chính Hãng,600000.0,600000.0,0.0,0.0,0,297193,,https://tiki.vno-cung-ssd-transcend-820s-m2-hang-chinh-hang-p192548075.html?spid=192548077
189572199,"Laptop Asus VivoBook X515JA Core i3-1005G1/8GB/256GB/15.6""HD/Win 10/Màu Xám Mới 100%-Hàng Nhập Khẩu",10350000.0,10350000.0,0.0,0.0,0,1828,,https://tiki.vnlaptop-asus-vivobook-x515ja-core-i3-1005g1-8gb-256gb-15-6-hd-win-10-mau-xam-moi-100-p189572199.html?spid=189572202
144582226,Màn hình Viewsonic VX2480-2K-SHD ( 23.8inch/QHD/IPS/75Hz/4ms/250nits/HDMI+DP) - Hàng Chính Hãng,4890000.0,4890000.0,0.0,0.0,0,299255,,https://tiki.vnman-hinh-viewsonic-vx2480-2k-shd-23-8inch-qhd-ips-75hz-4ms-250nits-hdmi-dp-hang-chinh-hang-p144582226.html?spid=196675320
127697762,Ổ Cứng SSD Patriot P210 2.5 inch SATA iii - Hàng Nhập Khẩu,640000.0,640000.0,0.0,4.8,4,298886,,https://tiki.vno-cung-ssd-patriot-p210-2-5-inch-sata-iii-hang-nhap-khau-p127697762.html?spid=204439646
103354831,Ổ cứng SSD Lexar NQ100 2.5” SATA (6Gb/s) - Hàng Chính Hãng,1594000.0,1594000.0,0.0,4.3,6,15937,,https://tiki.vno-cung-ssd-lexar-nq100-2-5-sata-6gb-s-hang-chinh-hang-480gb-p103354831.html?spid=223449651
74975883,Bộ Phát Wifi TP-Link Archer C54 Băng Tần Kép Chuẩn AC1200 - Hàng Chính Hãng,469000.0,469000.0,0.0,4.0,1,1242,,https://tiki.vnbo-phat-wifi-tp-link-archer-c54-bang-tan-kep-chuan-ac1200-hang-chinh-hang-p74975883.html?spid=199593006
59392986,Hộp mực in SAHA 12A/FX9 cho máy in Laser HP. Canon - Hàng chính hãng,85000.0,85000.0,0.0,5.0,11,133440,,https://tiki.vnhop-muc-in-saha-12a-fx9-cho-may-in-laser-hp-canon-hang-chinh-hang-p59392986.html?spid=59392987
53085970,"Phần mềm Office Home 2024 (EP2-06811) | Dùng vĩnh viễn | Dành cho 1 thiết bị | Word, Excel, PowerPoint",2990000.0,3990000.0,1000000.0,5.0,104,1,,https://tiki.vnphan-mem-ung-dung-office-home-and-student-2021-english-apac-em-medialess-79g-05387-hang-chinh-hang-p53085970.html?spid=53085971
44061288,Máy In HP LaserJet Pro M404dn - Hàng nhập khẩu,4600000.0,4600000.0,0.0,0.0,0,515,,https://tiki.vnmay-in-hp-laserjet-pro-m404dn-hang-nhap-khau-p44061288.html?spid=50269969
33395672,"USB Hoco ( 8G, 16G, 32G, 64G, 128G) - Tăng 1 Dây Đeo Điện Thoại To Bản  - Hàng Chính Hãng",149000.0,149000.0,0.0,3.0,1,50766,,https://tiki.vnusb-hoco-8g-16g-32g-64g-128g-tang-1-day-deo-dien-thoai-to-ban-hang-chinh-hang-p33395672.html?spid=251448423
12607712,Bộ Phát Wifi Mercusys MW325R Chuẩn N 300Mbps - Hàng Chính Hãng,299000.0,299000.0,0.0,0.0,0,915,,https://tiki.vnbo-phat-wifi-mercusys-mw325r-chuan-n-300mbps-hang-chinh-hang-p12607712.html?spid=276696226
7066207,RAM PC Kingmax 4GB Bus 1600 DDR3 - Hàng Chính Hãng,750000.0,750000.0,0.0,5.0,7,3103,,https://tiki.vnram-pc-kingmax-4gb-bus-1600-ddr3-hang-chinh-hang-p7066207.html?spid=7066209
3939221,Ổ cứng SSD WD G2 240GB Chuẩn M.2 Green - Hàng Chính Hãng,1000000.0,1000000.0,0.0,5.0,3,1377,,https://tiki.vno-cung-ssd-wd-g2-240gb-chuan-m-2-green-hang-chinh-hang-p3939221.html?spid=36927050
2045567,Dây Cáp Mạng Ugreen CAT6 11207 (15m) - Hàng Chính Hãng,143000.0,143000.0,0.0,4.7,35,915,,https://tiki.vnday-cap-mang-ugreen-cat6-11207-15m-hang-chinh-hang-p2045567.html?spid=59206165
561879,Kaspersky Internet Security Cho 1 Máy Tính - KIS1U - Hàng chính hãng,289000.0,399000.0,110000.0,5.0,824,1,,https://tiki.vnkaspersky-internet-security-cho-1-may-tinh-kis1u-hang-chinh-hang-p561879.html?spid=295839
279113566,"Màn Hình Gaming Samsung Odyssey G5 G50F LS27FG502EEXXV (27 Inch, QHD,180Hz, 1ms) - Hàng chính hãng",4750000.0,5990000.0,1240000.0,0.0,0,1,,https://tiki.vnman-hinh-gaming-ls27fg502eexxv-odyssey-g5-g50f-27-inch-qhd-180hz-1ms-p279113566.html?spid=279113567
278945350,"Màn hình Gaming Asus TUF GAMING VG279QE5A 27"" Full HD IPS 146Hz - Hàng chính hãng",3090000.0,4990000.0,1900000.0,5.0,1,1,,https://tiki.vnman-hinh-gaming-asus-tuf-gaming-vg279qe5a-r-27-full-hd-ips-144hz-hang-chinh-hang-p278945350.html?spid=278945351
278945294,"Màn hình Gaming Asus TUF GAMING VG249QE5A 24"" Full HD IPS 146Hz - Hàng chính hãng",2690000.0,3990000.0,1300000.0,0.0,0,1,,https://tiki.vnman-hinh-gaming-asus-tuf-gaming-vg249qe5a-r-24-full-hd-ips-144hz-hang-chinh-hang-p278945294.html?spid=278945343
278871278,"Laptop Samsung XE310XDA-KA1VN (N4500, 4GB, 32GB, HD, ChromeOS) - Hàng Chính Hãng",4990000.0,4990000.0,0.0,0.0,0,11119,,https://tiki.vnlaptop-samsung-xe310xda-ka1vn-n4500-4gb-32gb-hd-chromeos-hang-chinh-hang-p278871278.html?spid=278871279
278843985,Ổ cứng SSD Orico PCIe Gen3x4 M2 NVMe 256GB - Hàng Chính Hãng,1792000.0,1792000.0,0.0,0.0,0,15937,,https://tiki.vno-cung-ssd-orico-pcie-gen3x4-m2-nvme-256gb-hang-chinh-hang-p278843985.html?spid=278843986
278815681,Màn Hình Dell Ultrasharp U2424HE 23.8 inch ( FHD/IPS/120Hz/5ms/USB TypeC) - Hàng Chính Hãng,6690000.0,8990000.0,2300000.0,0.0,0,1,,https://tiki.vnman-hinh-dell-ultrasharp-u2424he-23-8-inch-fhd-ips-120hz-5ms-usb-typec-hang-chinh-hang-p278815681.html?spid=278815682
278694435,Hộp mực Q2612A CRG303 FX9 TECH CÓ LỖ ĐỔ MỰC dùng cho máy in  Canon 2900 HP 1010/1020 2K - Hàng nhập khẩu,149000.0,149000.0,0.0,0.0,0,43974,,https://tiki.vnhop-muc-q2612a-crg303-fx9-tech-co-lo-do-muc-dung-cho-may-in-canon-2900-hp-1010-1020-2k-hang-nhap-khau-p278694435.html?spid=278694436
278605094,USB Wfi TP-Link Wifi 6 AX900 Bluetooth 5.3 Nano Archer TX10UB Nano - Hàng chính hãng,349500.0,699000.0,349500.0,4.0,1,162514,,https://tiki.vnusb-wifi-6-tp-link-ax900-bluetooth-5-3-nano-archer-tx10ub-nano-hang-chinh-hang-p278605094.html?spid=278605095
278498294,Ổ Cứng Di Động WD My Passport Ultra Hàng Chính Hãng,2690000.0,2690000.0,0.0,3.5,2,296212,,https://tiki.vno-cung-di-dong-wd-my-passport-ultra-hang-chinh-hang-p278498294.html?spid=278498315
277961929,"Laptop Dell Inspiron 7472, Core i5-8250U, Ram 8GB, ổ cứng SSD 128GB, màn hình 14inch Full HD, VGA 2G - Hàng chính hãng",8000000.0,8000000.0,0.0,0.0,0,312039,,https://tiki.vnlaptop-dell-inspiron-7472-core-i5-8250u-ram-8gb-o-cung-ssd-128gb-man-hinh-14inch-full-hd-vga-2g-hang-chinh-hang-p277961929.html?spid=277961930
277733886,Máy in laser đen trắng Canon LBP 243DW II (In đảo mặt| A4| A5| USB| LAN| WIFI)- hàng nhập khẩu,9500000.0,9500000.0,0.0,5.0,1,1887,,https://tiki.vnmay-in-laser-den-trang-canon-lbp-243dw-in-dao-mat-a4-a5-usb-lan-wifi-hang-nhap-khau-p277733886.html?spid=277733887
275510574,Sạc dùng cho Laptop Lenovo Thinkpad E580-Chân Type C Hàng nhập khẩu.,390000.0,390000.0,0.0,4.0,1,126154,,https://tiki.vnsac-dung-cho-laptop-lenovo-thinkpad-e580-chan-type-c-hang-nhap-khau-p275510574.html?spid=275510575
275495686,Sạc dành cho laptop Lenovo Slim USB-C 65W Charger for ThinkPad X1 Tablet Type-C Adapter Hàng nhập khẩu.,750000.0,750000.0,0.0,5.0,2,126154,,https://tiki.vnsac-danh-cho-laptop-lenovo-ideapad-z500-z370-z470-z450-z460-u460-u455-s10-3s-s10-2-s100-hang-nhap-khau-p275495686.html?spid=275495687
274591288,Máy in laser đen trắng HP LaserJet MFP M236sdw (A4/A5/ In/ Copy/ Scan/ Đảo mặt/ Khay ADF/ USB/ LAN/ WIFI) - Hàng chính hãng,5590000.0,6790000.0,1200000.0,5.0,2,1,,https://tiki.vnmay-in-laser-den-trang-hp-laserjet-mfp-m236sdw-a4-a5-in-copy-scan-dao-mat-khay-adf-usb-lan-wifi-hang-chinh-hang-p274591288.html?spid=276158201
270233906,"Dell Optiplex 3040 Core i7 6700 / 8Gb / SSD 512Gb – Tặng USB WIFI , Bảo hành 2 năm - HÀNG CHÍNH HÃNG",5990000.0,5990000.0,0.0,4.7,3,312039,,https://tiki.vndell-optiplex-3040-core-i7-6700-8gb-ssd-512gb-tang-usb-wifi-bao-hanh-2-nam-p270233906.html?spid=270233907
270233725,"Dell Optiplex 3040 Core i7 6700 / 8Gb / SSD 128Gb – Tặng USB WIFI , Bảo hành 2 năm - HÀNG CHÍNH HÃNG",4690000.0,4690000.0,0.0,0.0,0,312039,,https://tiki.vndell-optiplex-3040-core-i7-6700-8gb-ssd-128gb-tang-usb-wifi-bao-hanh-2-nam-hang-chinh-hang-p270233725.html?spid=270233726
251404038,Máy trạm Dell workstation Precision T5810 intel xeon 6 core vga quadro 1gb chuyên đồ họa,12000000.0,12000000.0,0.0,0.0,0,312039,,https://tiki.vnmay-tram-dell-workstation-precision-t5810-intel-xeon-6-core-vga-quadro-1gb-chuyen-do-hoa-p251404038.html?spid=251404039
251404033,"Máy tính Dell Optiplex 3020 SFF intel Core I7, ổ SSD tốc độ cao",2990000.0,2990000.0,0.0,0.0,0,312039,,https://tiki.vnmay-tinh-dell-optiplex-3020-sff-intel-core-i7-o-ssd-toc-do-cao-p251404033.html?spid=251404034
242017028,Bộ Phát Wifi TP-Link Archer C86 MU-MIMO Chuẩn AC 1900Mpbs - Hàng Chính Hãng,929000.0,929000.0,0.0,0.0,0,1242,,https://tiki.vnbo-phat-wifi-tp-link-archer-c86-mu-mimo-chuan-ac-1900mpbs-hang-chinh-hang-p242017028.html?spid=273658397
230295279,"Bộ vi xử lý CPU Intel Core i3 10105F (3.7GHz turbo up to 4.4GHz, 4 nhân 8 luồng, 6MB Cache, Socket 1200) - Hàng Chính Hãng",1849000.0,1849000.0,0.0,5.0,1,30787,,https://tiki.vnbo-vi-xu-ly-cpu-intel-core-i3-10105f-3-7ghz-turbo-up-to-4-4ghz-4-nhan-8-luong-6mb-cache-socket-1200-hang-chinh-hang-p230295279.html?spid=230295280
204403582,Máy in laser đơn năng PANTUM BP5100DN ( In 2 mặt tự động - In mạng) - Hàng Chính Hãngg,6870000.0,6870000.0,0.0,0.0,0,8371,,https://tiki.vnmay-in-laser-don-nang-pantum-bp5100dn-in-02-mat-tu-dong-in-mang-hang-chinh-hang-p204403582.html?spid=204403583
200007452,Pin dùng cho Laptop Lenovo ThinkPad T410 - Hàng Nhập Khẩu  MIBAT324,360180.0,360180.0,0.0,0.0,0,308064,,https://tiki.vnpin-dung-cho-laptop-lenovo-thinkpad-t410-hang-nhap-khau-mibat324-p200007452.html?spid=200007453
192545396,Ổ Cứng SSD Transcend 110S PCIe Hàng Chính Hãng,680000.0,680000.0,0.0,0.0,0,297193,,https://tiki.vno-cung-ssd-transcend-110s-pcie-hang-chinh-hang-p192545396.html?spid=192545398
192447901,Ổ Cứng Gắn Ngoài HDD Toshiba Canvio Ready Hàng Chính Hãng,1900000.0,1900000.0,0.0,5.0,2,128476,,https://tiki.vno-cung-gan-ngoai-hdd-toshiba-canvio-ready-hang-chinh-hang-p192447901.html?spid=192447903
178544681,"Màn Hình Máy Tính HIKVISION DS-D5022FN-C 21.5"" FHD 60Hz HDMI-VGA - Hàng Chính Hãng",1790000.0,1790000.0,0.0,0.0,0,30787,,https://tiki.vnman-hinh-may-tinh-hikvision-ds-d5022fn-c-21-5-fhd-60hz-hdmi-vga-hang-chinh-hang-p178544681.html?spid=196292370
173584952,[ Combo 05 cuộn] Nhãn TZ2-221 tiêu chuẩn - Chữ đen trên nền trắng 9mm - Hàng nhập khẩu,680000.0,680000.0,0.0,0.0,0,269675,,https://tiki.vncombo-05-cuon-nhan-tz2-221-tieu-chuan-chu-den-tren-nen-trang-9mm-hang-nhap-khau-p173584952.html?spid=173584953
134579747,USB 3.0 SanDisk Ultra CZ48 - Hàng chính hãng,339000.0,339000.0,0.0,5.0,6,915,,https://tiki.vnusb-3-0-sandisk-ultra-cz48-64gb-hang-chinh-hang-p134579747.html?spid=208065355
134559638,USB SanDisk CZ73 Ultra Flair - USB 3.0 - Hàng Chính Hãng,469000.0,469000.0,0.0,5.0,1,15937,,https://tiki.vnusb-sandisk-cz73-ultra-flair-usb-3-0-hang-chinh-hang-p134559638.html?spid=275895065
89465840,Ổ Cứng Di Động Gắn Ngoài SSD Sandisk Extreme Portable USB Type C Gen 2 - Hàng Chính Hãng,4490000.0,4490000.0,0.0,0.0,0,915,,https://tiki.vno-cung-di-dong-gan-ngoai-ssd-sandisk-extreme-portable-usb-type-c-gen-2-hang-chinh-hang-p89465840.html?spid=274541236
74547151,Bộ Phát Wifi TP-Link Archer C24 Băng Tần Kép AC750 - Hàng Chính Hãng,455000.0,455000.0,0.0,4.8,4,1242,,https://tiki.vnbo-phat-wifi-tp-link-archer-c24-bang-tan-kep-ac750-hang-chinh-hang-p74547151.html?spid=181473790
74494438,Hộp mực in laser màu vàng CRG 054Y dùng cho máy in HP Color M254nw/ M254dw/ M280nw/ M281fdn/ M281fdw (CF542A - 203A) Canon imageCLASS MF642Cdw/MF641CW/MF643/MF644/MF645/ Canon LBP622cdw/LBP621CW/LBP623CDW - Hàng nhập khẩu ,270000.0,270000.0,0.0,5.0,6,2859,,https://tiki.vnhop-muc-in-laser-mau-vang-crg-054y-dung-cho-may-in-hp-color-m254nw-m254dw-m280nw-m281fdn-m281fdw-cf541a-canon-imageclass-mf642cdw-mf641cw-mf643-mf644-mf645-canon-lbp622cdw-lbp621cw-lbp623cdw-hang-nhap-khau-p74494438.html?spid=74494439
59107032,Ổ cứng SSD Kingmax PQ3480 512GB M.2 PCIe Gen 3x4 - Hàng Chính Hãng,1860000.0,1860000.0,0.0,5.0,2,3103,,https://tiki.vno-cung-ssd-kingmax-pq3480-512gb-m-2-pcie-gen-3x4-hang-chinh-hang-p59107032.html?spid=136025453
52106260,Máy tính S100 (Celeron/ SSD 120 GB/ RAM 4GB/ 18.5 inch LED) - Hàng chính hãng,6800000.0,6800000.0,0.0,0.0,0,12116,,https://tiki.vnmay-tinh-ca-nhan-s100-p52106260.html?spid=52106261
36145468,Máy In Hóa Đơn PRINTER-58 -  Hàng nhập khẩu,420000.0,420000.0,0.0,5.0,1,56716,,https://tiki.vnmay-in-hoa-don-printer-58-hang-nhap-khau-p36145468.html?spid=36145469
33811046,"Soundcard thu âm Focusrite Scarlett Solo, 2i2, 4i4 (Gen3) - Hàng Nhập Khẩu",2760000.0,2760000.0,0.0,0.0,0,192225,,https://tiki.vnsoundcard-thu-am-focusrite-scarlett-solo-2i2-4i4-gen3-hang-nhap-khau-p33811046.html?spid=178829759
17904891,Hộp mực TN 2385 dùng cho máy in Brother HL-L2320D/ 2321D/ 2340DW,108000.0,108000.0,0.0,5.0,1,2859,,https://tiki.vnhop-muc-tn-2385-dung-cho-may-in-brother-hl-l2320d-2321d-2340dw-p17904891.html?spid=137854375
13150843,USB SanDisk CZ430 Ultra Fit 16GB USB 3.1 - Hàng Chính Hãng,397000.0,397000.0,0.0,0.0,0,15937,,https://tiki.vnusb-sandisk-cz430-ultra-fit-16gb-usb-3-1-hang-chinh-hang-p13150843.html?spid=275868227
8105301,Màn Hình Dell P2418HT 24 inch IPS Full HD Cảm Ứng - Hàng Chính Hãng,8700000.0,8700000.0,0.0,5.0,2,131501,,https://tiki.vnman-hinh-dell-p2418ht-24-inch-ips-full-hd-cam-ung-hang-chinh-hang-p8105301.html?spid=110309025
419322,Máy In Laser Đơn Năng Canon LBP 6030W Wifi - Hàng chính hãng,3695500.0,4400000.0,704500.0,4.6,458,1,,https://tiki.vnmay-in-laser-don-nang-canon-lbp-6030w-wifi-hang-chinh-hang-p419322.html?spid=122794
356371,Ổ Cứng Di Động Transcend StoreJet M3S 1TB USB 3.0/3.1 - TS1TSJ25M3S - Hàng Chính Hãng,2450000.0,2450000.0,0.0,4.6,7,915,,https://tiki.vno-cung-di-dong-transcend-storejet-m3s-1tb-usb-3-0-3-1-ts1tsj25m3s-hang-chinh-hang-p356371.html?spid=1104338
279122317,Laptop HP EliteBook 6 G1i 14 inch Notebook AI PC (BQ9N4PT) - Hàng chính hãng,32700000.0,32700000.0,0.0,0.0,0,125381,,https://tiki.vnlaptop-hp-elitebook-6-g1i-14-inch-notebook-ai-pc-bq9n4pt-hang-chinh-hang-p279122317.html?spid=279122318
277998556,FAN CASE MAGIC ULTRA SNOW MAN F-125 - Hàng chính hãng,120000.0,120000.0,0.0,0.0,0,299528,,https://tiki.vnfan-case-magic-ultra-snow-man-f-125-hang-chinh-hang-p277998556.html?spid=277998595
277953961,"Laptop Dell Latitude 5500 Core i5-8350U, RAM 8GB, SSD 256GB - Hàng chính hãng",6000000.0,6000000.0,0.0,0.0,0,312039,,https://tiki.vnlaptop-dell-latitude-5500-core-i5-8350u-ram-8gb-ssd-256gb-hang-chinh-hang-p277953961.html?spid=277953962
277742661,"Quạt Thông Gió Tủ Mạng SNUON – Hàng Chính Hãng, 220V, Lắp Tủ Rack 19”",95000.0,95000.0,0.0,0.0,0,3348,,https://tiki.vnquat-thong-gio-tu-mang-hang-chinh-hang-p277742661.html?spid=277742662
277733894,Máy In Canon LBP 246dw - Đen trắng đơn năng - hàng nhập khẩu ,11000000.0,11000000.0,0.0,0.0,0,1887,,https://tiki.vnmay-in-canon-lbp-246dw-den-trang-don-nang-hang-nhap-khau-p277733894.html?spid=277733895
275474207,Sạc cho laptop Dell Precision 5510 Adapter 19.5V-6.7A hàng nhập khẩu.,690000.0,690000.0,0.0,0.0,0,126154,,https://tiki.vnsac-cho-laptop-dell-precision-5510-adapter-19-5v-6-7a-hang-nhap-khau-p275474207.html?spid=275474208
275459025,"Hộp mực dành cho máy in Ricoh Sp230DNW, 230SFNW  - Hàng nhập khẩu",144000.0,144000.0,0.0,0.0,0,2859,,https://tiki.vnhop-muc-danh-cho-may-in-ricoh-sp230dnw-230sfnw-p275459025.html?spid=275459026
275320416,Màn Hình Viewsonic VA2436-H (23.8Inch Full HD 1ms 100HZ 250cdm2 IPS)- Hàng chính hãng ,2600000.0,2600000.0,0.0,0.0,0,3001,,https://tiki.vnman-hinh-viewsonic-va2436-h-23-8inch-full-hd-1ms-100hz-250cdm2-ips-hang-chinh-hang-p275320416.html?spid=275320417
275304480,"Màn Hình Di Động ViewSonic VA1655 16"" IPS FHD USB-C - Hàng chính hãng ",4100000.0,4100000.0,0.0,0.0,0,3001,,https://tiki.vnman-hinh-di-dong-viewsonic-va1655-16-ips-fhd-usb-c-hang-chinh-hang-p275304480.html?spid=275304481
275221336,"Combo 5 chai Mực Nạp LN 12A-26A dùng cho máy in Canon 2900, Hp 1020,... đậm đẹp, ít thải 140g + 1 Phễu - hàng chính hãng",155000.0,155000.0,0.0,4.6,5,43974,,https://tiki.vncombo-5-chai-muc-nap-ln-12a-26a-dung-cho-may-in-canon-2900-hp-1020-dam-dep-it-thai-140g-1-pheu-hang-chinh-hang-p275221336.html?spid=275221337
275213404,"Máy chiếu android có điều khiển cử chỉ và giọng nói tiếng việt, Bluetooth, loa, kết nối màng hình điện thoại, Wifi kép 2 băng tần, cài sẵn ứng dụng tivi truyền hình cáp bóng đá và phim HD miễn phí vĩnh viễn - Hàng Nhập Khẩu",3200000.0,3200000.0,0.0,0.0,0,20433,,https://tiki.vnmay-chieu-android-co-dieu-khien-cu-chi-va-giong-noi-tieng-viet-bluetooth-loa-ket-noi-mang-hinh-dien-thoai-wifi-kep-2-bang-tan-cai-san-ung-dung-tivi-truyen-hinh-cap-bong-da-va-phim-hd-mien-phi-vinh-vien-hang-nhap-khau-p275213404.html?spid=278438036
274364079,Sạc 20V 12A 240W ADAPTER FIT MSI Pulse GL66 12UEK GL66 12UEK-048EN 4.5MM hàng nhập khẩu,1190000.0,1190000.0,0.0,0.0,0,126154,,https://tiki.vnsac-20v-12a-240w-adapter-fit-msi-pulse-gl66-12uek-gl66-12uek-048en-4-5mm-hang-nhap-khau-p274364079.html?spid=274364080
273926254,Màn hình Cong DELL P3424WE 34 inch WQHD IPS 60Hz 5ms - Hàng Chính Hãng,15000000.0,15000000.0,0.0,0.0,0,3103,,https://tiki.vnman-hinh-cong-dell-p3424we-34-inch-wqhd-ips-60hz-5ms-hang-chinh-hang-p273926254.html?spid=273926255
273747303,Laptop Giá Rẻ Dell Vostro V3591 i3 1005G1/8GB/256GB/Intel UHD Graphics/Win 10  Hàng Chính Hãng,4900000.0,4900000.0,0.0,3.0,1,312039,,https://tiki.vnlaptop-gia-re-dell-vostro-v3591-i3-1005g1-8gb-256gb-intel-uhd-graphics-win-10-hang-chinh-hang-p273747303.html?spid=273747308
273407038,Máy in laser đen trắng Brother DCP-B7620DW (A4/A5/ In/ Copy/ Scan/ Đảo mặt/ USB/ LAN/ WIFI) - Hàng Chính Hãng,5290000.0,6590000.0,1300000.0,0.0,0,1,,https://tiki.vnmay-in-laser-den-trang-brother-dcp-b7620dw-a4-a5-in-copy-scan-dao-mat-usb-lan-wifi-hang-chinh-hang-p273407038.html?spid=276166023
272616465,Mực Konica TN 322/ TN 323: Dùng cho máy photocopy Konica Minolta Bizhub 227/ 287/ 367 / 224 / 284 / 364,320000.0,320000.0,0.0,0.0,0,2671,,https://tiki.vnmuc-tn-322-tn-323-dung-cho-may-photocopy-konica-minolta-bizhub-227-287-367-224-284-364-p272616465.html?spid=272616466
270791508,Bộ Chia Mạng Swich PoE Mercusys MS106LP 6 Cổng 10/100Mbps Hỗ Trợ 4 Cổng PoE+ Mỗi Cổng Công Suất 30W Kết Nối Lên Đên 250 Mét - Hàng Chính Hãng,405000.0,405000.0,0.0,0.0,0,1242,,https://tiki.vnswitch-chia-mang-poe-mercusys-ms106lp-6-cong-10-100mbps-ho-tro-4-cong-poe-moi-cong-cong-suat-30w-ket-noi-len-den-250-met-hang-chinh-hang-p270791508.html?spid=270791509
263334692,Mực in HP 680 Black Original Ink Advantage Cartridge (F6V27AA) - Hàng chính hãng,265000.0,265000.0,0.0,5.0,3,125381,,https://tiki.vnmuc-in-hp-680-black-original-ink-advantage-cartridge-f6v27aa-hang-chinh-hang-p263334692.html?spid=263334693
262636982,"Trống Mực In (Drum) Brother DR-B022 (12.000 Trang) Sử Dụng Cho Máy In Brother B2080DW, B2000D, B7535DW, B7715DW - Hàng Chính Hãng",685000.0,685000.0,0.0,4.8,5,3103,,https://tiki.vntrong-muc-in-drum-brother-dr-b022-12-000-trang-su-dung-cho-may-in-brother-b2080dw-b2000d-b7535dw-b7715dw-hang-chinh-hang-p262636982.html?spid=271311125
241736497,Ổ cứng SSD 512GB Lexar NS100 LNS100-512RB 2.5-Inch SATA III - Hàng Chính Hãng,2390000.0,2390000.0,0.0,0.0,0,34716,,https://tiki.vno-cung-ssd-512gb-lexar-ns100-lns100-512rb-2-5-inch-sata-iii-hang-chinh-hang-p241736497.html?spid=241736498
225960182,"Màn hình máy tính K-vision - Chuyên dùng cho học tập , văn phòng , bán hàng - Hàng chính hãng",1390000.0,1390000.0,0.0,4.6,5,312039,,https://tiki.vnman-hinh-may-tinh-k-vision-chuyen-dung-cho-hoc-tap-van-phong-ban-hang-hang-chinh-hang-p225960182.html?spid=225960184
200029936,Bàn phím dùng cho laptop HP 450 G3 450 G4 455 G3 455 G4 470 G3 470 G4 650 G2 650 G3  - Hàng Nhập Khẩu New Seal,241051.0,241051.0,0.0,0.0,0,308064,,https://tiki.vnban-phim-dung-cho-laptop-hp-450-g3-450-g4-455-g3-455-g4-470-g3-470-g4-650-g2-650-g3-phim-zin-hang-chinh-hang-mikey419-p200029936.html?spid=200029937
200028972,Bàn Phím dùng cho Laptop Asus ZenBook 15 UX533 UX533F UX533FD - MÀU BẠC - CÓ ĐÈN - Hàng Nhập Khẩu New Seal,807300.0,807300.0,0.0,0.0,0,308064,,https://tiki.vnban-phim-dung-cho-laptop-asus-zenbook-15-ux533-ux533f-ux533fd-hang-chinh-hang-mau-bac-co-den-mikey2604-p200028972.html?spid=200028973
194134411,"Cục PhátWifi 4 Râu PIX-LINK LV-WR08Q, Modem Wifi 300Mbps Cường Độ Sóng Khỏe, Phủ Sóng Rộng - Hàng chính hãng",225000.0,450000.0,225000.0,4.6,66,278788,,https://tiki.vncuc-phatwifi-4-rau-pix-link-lv-wr08-modem-wifi-300mbps-cuong-do-song-khoe-phu-song-rong-hang-chinh-hang-p194134411.html?spid=194134412
192935935,Màn Hình Gaming Samsung Odyssey G3 LS32AG320NEXXV 32 Inch (FHD/VA/165Hz/1ms/Free Sync) - Hàng chính hãng,4720000.0,4720000.0,0.0,5.0,3,3103,,https://tiki.vnman-hinh-gaming-samsung-odyssey-g3-ls32ag320nexxv-32-inch-fhd-va-165hz-1ms-free-sync-hang-chinh-hang-p192935935.html?spid=192935936
186634758,Bộ Phát Wifi 6 TP-Link Archer AX72 Gigabit Băng Tần Kép AX5400 - Hàng Chính Hãng,1804050.0,3798000.0,1993950.0,0.0,0,1,,https://tiki.vnbo-phat-wifi-6-tp-link-archer-ax72-gigabit-bang-tan-kep-ax5400-hang-chinh-hang-p186634758.html?spid=276449655
174038833,Ổ cứng HDD Synology HAT5300 3.5 inch SATA Hàng Chính Hãng,10250000.0,10250000.0,0.0,0.0,0,128476,,https://tiki.vno-cung-hdd-synology-hat5300-3-5-inch-sata-hang-chinh-hang-p174038833.html?spid=174038835
158583026,Laptop MSI Modern 14 B11MOU 851VN Gray (i3 1115G4/ 8GB/ 256GB SSD/ W10) Hàng Chính Hãng,14490000.0,14490000.0,0.0,0.0,0,258500,,https://tiki.vnmsi-modern-14-b11mou-851vn-gray-i3-1115g4-8gb-256gb-ssd-w10-p158583026.html?spid=158583027
134840301,USB 3.2 Gen 1 Kingston DataTraveler Exodia - Hàng Chính Hãng,145000.0,145000.0,0.0,4.7,83,200265,,https://tiki.vnusb-3-2-gen-1-kingston-datatraveler-exodia-hang-chinh-hang-p134840301.html?spid=172538697
131536178,Màn Hình Dell SE2722H 27inch FullHD 4ms 75Hz VA - Hàng Chính Hãng,3390000.0,3390000.0,0.0,5.0,1,3103,,https://tiki.vnman-hinh-dell-se2722h-27inch-fhd-1920x1080-4ms-75hx-va-250-cd-m-hdmi-vga-amd-freesync-hang-chinh-hang-p131536178.html?spid=197189613
120562531,"Giấy Decal Nhiệt In Nhãn, Minicode, Đơn Hàng TMĐT Deli -  Cuộn 325 Tờ 10x15cm - Dùng Cho Bill, Mã Vạch, Hóa Đơn, Livestream, Kinh Doanh Online - Không Phai Mực - Hàng Chính Hãng - 12308",99000.0,99000.0,0.0,5.0,2,113115,,https://tiki.vngiay-decal-nhiet-in-nhan-minicode-don-hang-tmdt-deli-cuon-325-to-10x15cm-dung-cho-don-hang-tmdt-ma-vach-hoa-don-livestream-kinh-doanh-online-khong-phai-muc-12308-p120562531.html?spid=181375377
106235458,Hộp Mực In 83A/CF83A (VIET Toner) dùng cho máy in HP M125/ 125FW/ 125A/ 125nw/ M126/ M127/ M127FN/ M201/ M201DW/ M225MFP (Hàng chính hãng),126000.0,126000.0,0.0,5.0,3,65686,,https://tiki.vnhop-muc-in-83a-cf83a-viet-toner-dung-cho-may-in-hp-m125-125fw-125a-125nw-m126-m127-m127fn-m201-m201dw-m225mfp-hang-chinh-hang-p106235458.html?spid=112051943
91051173,BO MẠCH CHỦ MSI H510M-A PRO- HÀNG CHÍNH HÃNG,1850000.0,1850000.0,0.0,0.0,0,30787,,https://tiki.vnbo-mach-chu-msi-h510m-a-pro-hang-chinh-hang-p91051173.html?spid=167029185
45350209,Máy chấm công SOYAL AR727 - Hàng nhập khẩu,3350000.0,3350000.0,0.0,0.0,0,33316,,https://tiki.vnmay-cham-cong-soyal-ar727-hang-nhap-khau-p45350209.html?spid=45350210
14379221,[Bộ 5 cái] Trống máy in HP 1010/1020/Canon 2900/3000 (12A/FX9) - Hàng nhập khẩu,105000.0,105000.0,0.0,5.0,2,43974,,https://tiki.vnbo-5-cai-trong-may-in-hp-1010-1020-canon-2900-3000-12a-fx9-hang-nhap-khau-p14379221.html?spid=27888052
13151187,USB SanDisk CZ430 Ultra Fit  256gb - USB 3.1,1419000.0,1419000.0,0.0,0.0,0,915,,https://tiki.vnusb-sandisk-cz430-ultra-fit-256gb-usb-3-1-p13151187.html?spid=274808385
11596655,Hộp Mực In 49A-247Min dùng cho dòng máy in CANON 3300/3360/HP 1160/1320 ,198000.0,198000.0,0.0,0.0,0,65686,,https://tiki.vnhop-muc-in-49a-247min-dung-cho-dong-may-in-canon-3300-3360-hp-1160-1320-p11596655.html?spid=37651332
7117761,Máy in mã vạch - in tem nhãn XPrinter XP 350B - Hàng Chính Hãng,1190000.0,1190000.0,0.0,0.0,0,7825,,https://tiki.vnmay-in-ma-vach-in-tem-nhan-xprinter-xp-350b-hang-chinh-hang-p7117761.html?spid=8052583
486367,"HDD Box 2,5"" Transcend StoreJet 25S3 USB3.0 - Hàng chính hãng",499000.0,499000.0,0.0,5.0,10,915,,https://tiki.vnhdd-box-2-5-transcend-storejet-25s3-usb3-0-hang-chinh-hang-p486367.html?spid=26350419
455445,Bộ Kích Sóng Wifi Repeater 300Mbps TP-Link TL-WA850RE - Hàng Chính Hãng,267000.0,267000.0,0.0,4.3,3,915,,https://tiki.vnbo-kich-song-wifi-repeater-300mbps-tp-link-tl-wa850re-hang-chinh-hang-p455445.html?spid=951672
278868205,"Giá treo máy chiếu đa năng 20cm, 60cm, 100cm, 120 cm, 180 cm cao cấp  - gắn trần hoặc gắn tường (có thể treo ngang) - Hàng nhập khẩu",128000.0,128000.0,0.0,0.0,0,36422,,https://tiki.vngia-treo-may-chieu-da-nang-20cm-60cm-100cm-120-cm-180-cm-cao-cap-gan-tran-hoac-gan-tuong-co-the-treo-ngang-hang-nhap-khau-p278868205.html?spid=278868259
278588312,Laptop Asus Expertbook P1403CVA (Intel Core i3-1335U | 14 inch FHD IPS | RAM 8GB | SSD 256GB | Win bản quyền) - Hàng Chính Hãng,12600000.0,14900000.0,2300000.0,0.0,0,12854,,https://tiki.vnlaptop-asus-expertbook-p1403cva-intel-core-i3-1335u-14-inch-fhd-ips-ram-8gb-ssd-256gb-win-ban-quyen-p278588312.html?spid=278588636
278020774,USB 128GB Sandisk Phone Drive for Android  SDDDC6-128G-G46 (Type C+Type A)- Hàng chính hãng,779000.0,779000.0,0.0,0.0,0,915,,https://tiki.vnusb-128gb-sandisk-phone-drive-for-android-sdddc6-128g-g46-type-c-type-a-hang-chinh-hang-p278020774.html?spid=278020780
277995292,VỎ CASE MÁY TÍNH DARKFLASH DY450 Pro (ATX) - Hàng chính hãng,3795000.0,3795000.0,0.0,0.0,0,299528,,https://tiki.vnvo-case-may-tinh-darkflash-dy450-pro-atx-hang-chinh-hang-p277995292.html?spid=277995296
277911811,Máy bộ HP AIO 22-dg0017d AY8C5PA (i3-N300/ Ram 8GB/ SSD 256GB/ 21.45 inch FHD/ Windows 11 Home) - Hàng Chính Hãng,14590000.0,14590000.0,0.0,0.0,0,34716,,https://tiki.vnmay-bo-hp-aio-22-dg0017d-ay8c5pa-i3-n300-ram-8gb-ssd-256gb-21-45-inch-fhd-windows-11-home-hang-chinh-hang-p277911811.html?spid=277911812
277570392,Card đồ họa Nvidia Quadro RTX A2000 12GB GDDR6 PCIe 4.0 - Hàng Chính Hãng,16500000.0,16500000.0,0.0,0.0,0,224238,,https://tiki.vncard-do-hoa-nvidia-quadro-rtx-a2000-12gb-gddr6-pcie-4-0-hang-chinh-hang-p277570392.html?spid=277570393
277497609,Máy In Laser Đa Năng Brother MFC-L2701D - Hàng chính hãng - 8C5H4200119,5900000.0,5900000.0,0.0,4.7,12,149312,,https://tiki.vnmay-in-laser-da-nang-brother-mfc-l2701d-hang-chinh-hang-p277497609.html?spid=71092132
277370534,[HÀNG CHÍNH HÃNG] Máy in phun màu Brother DCP-T830DW,6382000.0,6382000.0,0.0,0.0,0,149312,,https://tiki.vnhang-chinh-hang-may-in-phun-mau-brother-dcp-t830dw-p277370534.html?spid=277370535
276508131,Màn Hình Dell S2425H (24 INCH | FHD | IPS | 100Hz | LOA | HDMI) - Hàng Chính Hãng,3590000.0,3590000.0,0.0,0.0,0,3103,,https://tiki.vnman-hinh-dell-s2425h-24-inch-fhd-ips-100hz-loa-hdmi-p276508131.html?spid=276508132
276234468,"Hộp ổ cứng ORICO 2139U3 2.5"" SSD/HDD SATA 3 USB 3.0 trong suốt - Hàng Chính Hãng",199000.0,199000.0,0.0,5.0,2,15937,,https://tiki.vnhop-o-cung-orico-2139u3-2-5-ssd-hdd-sata-3-usb-3-0-trong-suot-hang-chinh-hang-p276234468.html?spid=276234469
276151166,Máy in Laser trắng đen HP Laser 108a (4ZB79A) - Hàng chính hãng ,2850000.0,2850000.0,0.0,0.0,0,125381,,https://tiki.vnmay-in-laser-trang-den-hp-laser-108a-4zb79a-hang-chinh-hang-p276151166.html?spid=276151167
275986708,Bộ Chuyển Đổi USB Không Dây Wi-Fi 6 Nano AX1800 Archer TX20U Nano - Hàng chính hãng,489000.0,690000.0,201000.0,0.0,0,1,,https://tiki.vnbo-chuyen-doi-usb-khong-day-wi-fi-6-nano-ax1800-archer-tx20u-nano-hang-chinh-hang-p275986708.html?spid=276450411
275500404,Hộp mực in 119A (có chip) cho máy in HP Color Laser 150a/150nw/178nw/179fnw - Hàng nhập khẩu,210000.0,210000.0,0.0,5.0,4,2859,,https://tiki.vnhop-muc-in-119a-co-chip-cho-may-in-hp-color-laser-150a-150nw-178nw-179fnw-p275500404.html?spid=275500453
274793942,Bộ Phát Wifi Mesh TP-Link Deco X60 Wifi 6 AX5400 - HÀNG CHÍNH HÃNG,1890000.0,3590000.0,1700000.0,0.0,0,1,,https://tiki.vnbo-phat-wifi-mesh-tp-link-deco-x60-wifi-6-ax5400-hang-chinh-hang-p274793942.html?spid=276450426
274610997,Máy tính để bàn mini – Máy chủ Server – Mini PC – Intel NUC JK01 (Hàng chính hãng),7300000.0,7300000.0,0.0,5.0,1,43766,,https://tiki.vnmay-tinh-de-ban-mini-may-chu-server-mini-pc-intel-nuc-jk01-hang-chinh-hang-p274610997.html?spid=274610999
274397129,"[Phân phối] Key Kaspersky Premium 1U, 1 năm - Hàng chính hãng",390000.0,390000.0,0.0,0.0,0,119621,,https://tiki.vnphan-phoi-key-kaspersky-premium-1u-1-nam-hang-chinh-hang-p274397129.html?spid=274397130
274155201,Box đọc ổ cứng M.2 Ngff/mvme SSD- USB 3.1 SSD ngoài Type-C di động M2 SSD hộp NVMe PCIe Hợp kim nhôm sang trọng- Hàng Chính Hãng,320000.0,320000.0,0.0,4.5,4,203285,,https://tiki.vnbox-doc-o-cung-m-2-ngff-mvme-ssd-usb-3-1-ssd-ngoai-type-c-di-dong-m2-ssd-hop-nvme-pcie-hop-kim-nhom-sang-trong-hang-chinh-hang-p274155201.html?spid=274155202
273949286,Laptop Asus Expertbook B1502 - B1502CV (Intel Core i5-1335U | RAM 8GB | 512GB SSD | Intel UHD Graphics | 15.6 inch Full HD | Win 11 bản quyền) - Hàng Chính Hãng,13250000.0,22900000.0,9650000.0,0.0,0,12854,,https://tiki.vnlaptop-asus-expertbook-b1502cba-b1502-b1502cv-intel-core-i5-1335u-ram-8gb-512gb-ssd-intel-uhd-graphics-15-6-inch-full-hd-win-11-ban-quyen-hang-chinh-hang-p273949286.html?spid=273949287
273433035,Máy chiếu Full HD Viewsonic PG706HD hàng chính hãng - ZAMACO AUDIO,28000000.0,28000000.0,0.0,0.0,0,19766,,https://tiki.vnmay-chieu-full-hd-viewsonic-pg706hd-hang-chinh-hang-zamaco-audio-p273433035.html?spid=273433036
272210206,Bộ Phát WIFI Tốc Độ Cao Từ Sim 4G/5G/LTE ZTE MF800 - Pin 2100mAh - Bộ Phát WIFI Không Dây Kết Nối Tối Đa 10 Thiết Bị - Hàng Chính Hãng,349500.0,699000.0,349500.0,5.0,4,187121,,https://tiki.vnbo-phat-wifi-toc-do-cao-tu-sim-4g-5g-lte-zte-mf800-pin-2100mah-bo-phat-wifi-khong-day-ket-noi-toi-da-10-thiet-bi-hang-chinh-hang-p272210206.html?spid=272210208
271963795,Ổ cứng gắn trong Silicon Power M.2 2280 PCIe NVMe SSD A60 - Hàng chính hãng,595000.0,595000.0,0.0,0.0,0,15937,,https://tiki.vno-cung-gan-trong-silicon-power-m-2-2280-pcie-nvme-ssd-a60-hang-chinh-hang-p271963795.html?spid=271963797
271327251,"Màn Hình Dell S2422HZ 23.8"" - Hàng Chính Hãng",4250000.0,4250000.0,0.0,5.0,1,3103,,https://tiki.vnman-hinh-dell-s2422hz-23-8-inch-fhd-ips-75hz-4ms-250-nits-hdmi-dp-usbc-usb-freesync-hang-chinh-hang-p271327251.html?spid=271327254
262382341,Ổ cứng HDD cho NAS 2 TB Seagate ST2000VN003 - Hàng Chính Hãng,2849000.0,2849000.0,0.0,0.0,0,15528,,https://tiki.vno-cung-hdd-cho-nas-2-tb-seagate-st2000vn003-hang-chinh-hang-p262382341.html?spid=262382342
249389268,USB 3.0 SanDisk Ultra Curve Gen 1 Flash Drive CZ550 - Hàng Chính Hãng,339000.0,339000.0,0.0,0.0,0,915,,https://tiki.vnusb-3-0-sandisk-ultra-curve-gen-1-flash-drive-cz550-hang-chinh-hang-p249389268.html?spid=263278931
247444867,Quạt tản nhiệt MEMO DL10 - Quạt giảm nhiệt cho điện thoại tốc độ cao làm lạnh nhanh chóng - Hàng nhập khẩu,89000.0,120000.0,31000.0,4.7,7,2546,,https://tiki.vnquat-tan-nhiet-memo-dl10-quat-giam-nhiet-cho-dien-thoai-toc-do-cao-lam-lanh-nhanh-chong-hang-nhap-khau-p247444867.html?spid=247444874
215701245,Máy chiếu thông minh Yaber V10 Full-HD Android Tivi hỗ trợ 4K - Hàng Chính Hãng - Thương hiệu Máy chiếu mini Máy chiếu gia đình văn phòng hàng đầu,4490000.0,4490000.0,0.0,5.0,1,320848,,https://tiki.vnmay-chieu-yaber-v10-full-hd-android-hang-chinh-hang-p215701245.html?spid=215701246
214875385,"Bộ Phát Wifi 3G 4G OLAX WD680 Tốc Độ 150Mb Dùng Sim Tất Cả Nhà Mạng, Nhỏ Gọn Tiện Lợi - Hàng Chính hãng",699000.0,699000.0,0.0,4.6,9,187121,,https://tiki.vnbo-phat-wifi-3g-4g-olax-wd680-toc-do-150mb-dung-sim-tat-ca-nha-mang-nho-gon-tien-loi-hang-chinh-hang-p214875385.html?spid=243224087
195510167,Màn hình LCD Dell P2423D - Hàng chính hãng,6700000.0,6700000.0,0.0,0.0,0,3103,,https://tiki.vnman-hinh-lcd-dell-p2423d-hang-chinh-hang-p195510167.html?spid=254187630
192549132,Ổ Cứng Transcend SSD 220S 2.5inch Hàng Chính Hãng,600000.0,600000.0,0.0,0.0,0,297193,,https://tiki.vno-cung-transcend-ssd-220s-2-5inch-hang-chinh-hang-p192549132.html?spid=192549134
189572223,"Laptop Asus Vivobook F415E i3-1115G4/8GB/128SSD/UHD Graphics/14""FHD/Win10/Xám Mới 100%- Hàng Nhập Khẩu",10750000.0,10750000.0,0.0,0.0,0,1828,,https://tiki.vnlaptop-asus-vivobook-f415e-i3-1115g4-8gb-128ssd-uhd-graphics-14-fhd-win10-xam-moi-100-p189572223.html?spid=189572225
143714075,USB 64GB Kingston DTX- Hàng chính hãng,145000.0,145000.0,0.0,5.0,1,200265,,https://tiki.vnusb-64gb-kingston-dtx-p143714075.html?spid=246890951
121242845,Hộp ổ cứng M.2 SSD USB 3.1 Gen 1 ORICO M2PF-C3-BK - Đen - Hàng chính hãng,249000.0,249000.0,0.0,3.7,3,212803,,https://tiki.vnhop-o-cung-nvme-m-2-ssd-usb-3-1-gen-1-den-orico-m2pf-c3-bk-p121242845.html?spid=121242846
78020993,Bộ Phát Wifi Mercusys MW301R Chuẩn N 300Mbps - Hàng Chính Hãng,225000.0,225000.0,0.0,5.0,1,915,,https://tiki.vnbo-phat-wifi-mercusys-mw301r-chuan-n-300mbps-hang-chinh-hang-p78020993.html?spid=276694995
70771307,Thiết bị chống sét mạng lan rj45 WINKASING LKD105F4H-E100 - Hàng nhập khẩu,355500.0,355500.0,0.0,0.0,0,110401,,https://tiki.vnthiet-bi-chong-set-mang-lan-rj45-winkasing-lkd105f4h-e100-hang-nhap-khau-p70771307.html?spid=70771309
69196844,Khóa bảo mật VinCSS FiDO2® Touch 1 (USB-A) - Multi Factor authentication (MFA) - Security Key and passkey - Chuẩn FIDO2 - Bảo vệ tài khoản online -  Hàng chính hãng,768900.0,768900.0,0.0,4.8,32,146729,,https://tiki.vnkhoa-xac-thuc-manh-vincss-fido2-touch-1-ket-noi-usb-type-a-ho-tro-xac-thuc-an-toan-khong-mat-khau-chuan-uaf-u2f-fido2-hang-chinh-hang-p69196844.html?spid=69196850
32118160,USB Thu Wifi 150Mbps Chuẩn 802.11n Cho Máy Tính Có Anten - Hàng Chính Hãng,65000.0,65000.0,0.0,4.0,7,76796,,https://tiki.vnusb-thu-wifi-150mbps-chuan-802-11n-cho-may-tinh-co-anten-hang-chinh-hang-p32118160.html?spid=51347189
17967481,Bộ Kích Sóng Wifi Xiaomi Repeater Pro - Hàng Nhập Khẩu,305000.0,305000.0,0.0,4.5,121,34716,,https://tiki.vnbo-kich-song-wifi-xiaomi-repeater-pro-hang-nhap-khau-p17967481.html?spid=56593588
3580393,Màn Hình Máy Tính Viewsonic VX3276-2K-MHD 32 inch Full HD (Đen) - Hàng Chính Hãng,5950000.0,5950000.0,0.0,5.0,1,3103,,https://tiki.vnman-hinh-may-tinh-viewsonic-vx3276-2k-mhd-32-inch-full-hd-den-hang-chinh-hang-p3580393.html?spid=3582217
452118,Ổ cứng Di Động Transcend StoreJet H3B 1TB USB 3.0/3.1 - TS1TSJ25H3B - Hàng Chính Hãng,2469000.0,2469000.0,0.0,4.8,5,915,,https://tiki.vno-cung-di-dong-transcend-storejet-h3b-1tb-usb-3-0-3-1-ts1tsj25h3b-hang-chinh-hang-p452118.html?spid=1104346
278972966,Nguồn máy tính AURA GP750W – Hàng Chính Hãng,1150000.0,1150000.0,0.0,0.0,0,30787,,https://tiki.vnnguon-may-tinh-aura-gp750w-hang-chinh-hang-p278972966.html?spid=278972967
278863158,"Màn chiếu để bàn Apollo nhỏ gọn 40 inch, 50 inch, chuyên dành cho máy chiếu mini, gọn nhẹ, di động - Hàng nhập khẩu",1145000.0,1145000.0,0.0,0.0,0,36422,,https://tiki.vnman-chieu-de-ban-apollo-nho-gon-40-inch-50-inch-chuyen-danh-cho-may-chieu-mini-gon-nhe-di-dong-p278863158.html?spid=278863314
277961884,"Dell Latitude 7390 2in1 | Core i7, RAM 16GB, SSD 512G, 13.3inch Full HD, màn cảm ứng - Hàng chính hãng",10000000.0,10000000.0,0.0,0.0,0,312039,,https://tiki.vndell-latitude-7390-2in1-core-i7-ram-16gb-ssd-512g-13-3inch-full-hd-man-cam-ung-hang-chinh-hang-p277961884.html?spid=277961885
277574198,Máy chiếu thông minh Yaber L2 Plus - Hàng Chính Hãng - Thương hiệu Máy chiếu gia đình và văn phòng hàng đầu,6490000.0,6490000.0,0.0,0.0,0,320848,,https://tiki.vnmay-chieu-thong-minh-yaber-l2-plus-hang-chinh-hang-thuong-hieu-may-chieu-gia-dinh-va-van-phong-hang-dau-p277574198.html?spid=277574199
277466579,[Laptop I5-13420H] Laptop Asus Expertbook P1403CVA (Intel Core i5-13420H | 14 inch FHD IPS | SSD 512GB | Win bản quyền | RAM Tùy chọn) - Hàng chính hãng,16490000.0,18990000.0,2500000.0,0.0,0,12854,,https://tiki.vnlaptop-i5-13500h-laptop-asus-expertbook-p1403cva-intel-core-i5-13500h-ram-8gb-512gb-ssd-14-inch-full-hd-win-11-ban-quyen-hang-chinh-hang-p277466579.html?spid=277466582
276952174,"Máy chiếu mini thông minh Hisense C2 Ultra 4K Laser 3 màu, Chơi game siêu mượt, Bảo hành 3 năm - HÀNG CHÍNH HÃNG",79990000.0,79990000.0,0.0,0.0,0,358124,,https://tiki.vnmay-chieu-mini-thong-minh-hisense-vidda-c2-ultra-4k-laser-3-mau-choi-game-sieu-muot-bao-hanh-3-nam-hang-chinh-hang-p276952174.html?spid=276952175
276174461,Máy In HP Laser 108W (4ZB80A) - Hàng Chính Hãng,3290000.0,3690000.0,400000.0,4.0,4,1,,https://tiki.vnmay-in-hp-laser-108w-4zb80a-hang-chinh-hang-p276174461.html?spid=276174462
276068044,Máy in đơn năng đen trắng P2200 ( In USB) - Hàng chính hãng,2650000.0,2650000.0,0.0,0.0,0,8371,,https://tiki.vnmay-in-don-nang-den-trang-p2200-in-usb-hang-chinh-hang-p276068044.html?spid=276068045
275568993,Sạc dành cho Laptop Asus (các loại) 19V-2.37A 45W- Chân nhỏ 4.0mm*1.35mm hàng nhập khẩu.,255000.0,255000.0,0.0,5.0,1,126154,,https://tiki.vnsac-danh-cho-laptop-asus-cac-loai-19v-2-37a-45w-chan-nho-4-0mm-1-35mm-hang-nhap-khau-p275568993.html?spid=275568994
275515791,Sạc dành cho Laptop ASUS VivoBook 14 M413IA M413IA-EK338 hàng nhập khẩu,255000.0,255000.0,0.0,0.0,0,126154,,https://tiki.vnsac-danh-cho-laptop-asus-vivobook-14-m413ia-m413ia-ek338-hang-nhap-khau-p275515791.html?spid=275515792
275416278,CARD Màn hình VGA Inno3D GeForce RTX 3050 Twin X2 6GB – Hàng Chính Hãng,7150000.0,7150000.0,0.0,0.0,0,30787,,https://tiki.vncard-man-hinh-vga-inno3d-geforce-rtx-3050-twin-x2-6gb-hang-chinh-hang-p275416278.html?spid=275416279
275408935,Card màn hình VGA Gigabyte GeForce RTX 3060 GAMING OC 12G (N3060GAMING OC-12GD) - Hàng Chính Hãng,11089000.0,11089000.0,0.0,5.0,1,30787,,https://tiki.vncard-man-hinh-vga-gigabyte-geforce-rtx-3060-gaming-oc-12g-n3060gaming-oc-12gd-hang-chinh-hang-p275408935.html?spid=275408936
275213629,Mực 003 Prospect Ecotank dùng cho máy in Epson L1110 / L3110 / L3150 / L1210 / L3210 / L1250 / L3250 - hàng chính hãng,44000.0,44000.0,0.0,5.0,2,43974,,https://tiki.vnmuc-003-prospect-ecotank-dung-cho-may-in-epson-l1110-l3110-l3150-l1210-l3210-l1250-l3250-hang-chinh-hang-p275213629.html?spid=275213635
274404984,Sạc dành cho Laptop DELL Alienware m15 R4 R5 R6 x15 R1 240W GaN Power Supply Charger AC Adapter hàng nhập khẩu,1290000.0,1290000.0,0.0,0.0,0,126154,,https://tiki.vnsac-danh-cho-laptop-dell-alienware-m15-r4-r5-r6-x15-r1-240w-gan-power-supply-charger-ac-adapter-hang-nhap-khau-p274404984.html?spid=274404985
273239856,Laptop Lenovo ThinkPad E14 Gen 6 (21M7004WVA) | Intel Ultra 7 155H | 16GB | 512GB | Intel® Arc™ Graphics | 14inch WUXGA | No OS | Đen,25450000.0,25450000.0,0.0,0.0,0,1377,,https://tiki.vnlenovo-thinkpad-e14-gen-5-21jk007xvn-core-i7-_-1355u-16gb-512gb-ssd-pcie-gen-4-14-inch-wuxga-ips-300-nits-win-11-finger-ir-camera-led-key-hang-chinh-hang-p273239856.html?spid=273239857
273221615,Máy chiếu Full HD Epson EB-FH52 hàng chính hãng - ZAMACO AUDIO,39039000.0,39039000.0,0.0,0.0,0,19766,,https://tiki.vnmay-chieu-full-hd-epson-eb-fh52-hang-chinh-hang-zamaco-audio-p273221615.html?spid=273221616
273217625,Máy chiếu Epson EB-2065 hàng chính hãng - ZAMACO AUDIO,45000000.0,45000000.0,0.0,0.0,0,19766,,https://tiki.vnmay-chieu-epson-eb-2065-hang-chinh-hang-zamaco-audio-p273217625.html?spid=273217626
272895154,Kaspersky Standard Cho 1 Máy Tính - Standard 1 - Hàng chính hãng,269000.0,269000.0,0.0,5.0,2,15937,,https://tiki.vnkaspersky-standard-cho-1-may-tinh-standard-1-hang-chinh-hang-p272895154.html?spid=272895155
271492524,Máy quét mã vạch PDA – Máy kiểm kho PDA Android 11 – Máy PDA OPTICON H35 ( Hàng chính hãng),17050000.0,17050000.0,0.0,0.0,0,43766,,https://tiki.vnmay-quet-ma-vach-pda-may-kiem-kho-pda-android-11-may-pda-opticon-h35-hang-chinh-hang-p271492524.html?spid=271492526
263982070,"Hộp đựng ổ cứng 2,5"" SSD/HDD SATA 3 Orico 2577U3-V1 - Hàng chính hãng",175000.0,175000.0,0.0,4.0,1,915,,https://tiki.vnhop-dung-o-cung-2-5-ssd-hdd-sata-3-orico-2577u3-v1-hang-chinh-hang-p263982070.html?spid=264049966
263118816,Bộ Chuyển Đổi Card WiFi TP-Link Archer TX20E PCIe Bluetooth WiFi 6 AX1800 - Hàng Chính Hãng,569000.0,1269000.0,700000.0,0.0,0,1,,https://tiki.vnbo-chuyen-doi-card-wifi-tp-link-archer-tx20e-pcie-bluetooth-wifi-6-ax1800-hang-chinh-hang-p263118816.html?spid=276450577
249935575,"Mực In Brother BTD60BK (Đen), Sử Dụng Cho Máy Brother T220, T310W, T510W, T520W, T710W, T720DW, T810W, T820DW, T910DW, T920DW, T4000DW, T4500DW - Hàng Chính Hãng",205000.0,205000.0,0.0,5.0,1,3103,,https://tiki.vnmuc-in-brother-btd60bk-den-su-dung-cho-may-brother-t310-t510-t520-t710-t720-t810-t820-t910-t920-t4000-t4500-hang-chinh-hang-p249935575.html?spid=270800571
226029082,"Cảm biến không khí (PM2.5, T, H, TVOC, eCO2)- Hàng chính hãng",1400000.0,1400000.0,0.0,0.0,0,326969,,https://tiki.vncam-bien-khong-khi-pm2-5-t-h-tvoc-eco2-p226029082.html?spid=226029088
225919911,Máy chiếu thông minh Wanbo X1 Pro sử dụng Android 9.0 / 1GB RAM - Hiệu chỉnh Keystone / Rạp phim tại nhà - Hàng Chính Hãng,3290000.0,3290000.0,0.0,0.0,0,326402,,https://tiki.vnmay-chieu-thong-minh-wanbo-x1-pro-su-dung-android-9-0-1gb-ram-hieu-chinh-keystone-rap-phim-tai-nha-p225919911.html?spid=225919912
216450913,PC Asus D700MC (i3-10105/8GB/256GB SSD/UMA/ax+BT/KB/M/Win 11/Đen/2YW_D700MC-310105016W) - Hàng Chính Hãng,10500000.0,10500000.0,0.0,0.0,0,13093,,https://tiki.vnpc-asus-d700mc-i3-10105-8gb-256gb-ssd-uma-ax-bt-kb-m-win-11-den-2yw_d700mc-310105016w-p216450913.html?spid=216450914
203968657,Máy đếm tiền - Máy đếm tiền Oudis 6900A - Hàng Chính Hãng,3000000.0,3000000.0,0.0,5.0,1,311782,,https://tiki.vnmay-dem-tien-may-dem-tien-oudis-6900a-hang-chinh-hang-p203968657.html?spid=203968658
174849122,Thiết bị lưu trữ Synology DiskStation DS720+ Hàng Chính Hãng,14000000.0,14000000.0,0.0,0.0,0,128476,,https://tiki.vnthiet-bi-luu-tru-synology-diskstation-ds720-hang-chinh-hang-p174849122.html?spid=174849123
174038165,Thiết Bị Lưu Trữ Synology DiskStation DS1520+ Hàng Chính Hãng,19500000.0,19500000.0,0.0,0.0,0,128476,,https://tiki.vnthiet-bi-luu-tru-synology-diskstation-ds1520-hang-chinh-hang-p174038165.html?spid=174038170
117144074,Ổ Cứng SSD M2 Sata Lite On 128GB - Hàng Chính Hãng,339000.0,339000.0,0.0,4.0,1,209443,,https://tiki.vno-cung-ssd-m2-sata-lite-on-128gb-p117144074.html?spid=117144075
78514148,Máy tính S200 (Pentium/ SSD 120 GB/ RAM 4GB/ 18.5 inch LED) - Hàng chính hãng,7300000.0,7300000.0,0.0,0.0,0,6298,,https://tiki.vnmay-tinh-s200-pentium-ssd-120-gb-ram-4gb-18-5-inch-led-hang-chinh-hang-p78514148.html?spid=91612944
78017619,Máy tính văn phòng C300 (Pentium/ SSD 120 GB/ RAM 4GB/ 19.5 inch LED) - Hàng chính hãng,7500000.0,7500000.0,0.0,0.0,0,6298,,https://tiki.vnmay-tinh-van-phong-c300-pentium-ssd-120-gb-ram-4gb-19-5-inch-led-hang-chinh-hang-p78017619.html?spid=93182444
74309855,Bộ loa hội nghị Jabra Speak 410 - Hàng Chính Hãng,2365000.0,2365000.0,0.0,5.0,28,160211,,https://tiki.vnthie-t-bi-ho-i-nghi-truye-n-hi-nh-jabra-speak-410-chinh-hang-p74309855.html?spid=74309856
57003673,Bộ Chuyển Đổi Wifi Không Dây TP-Link Archer T4E PCI Express AC1200 - Hàng Chính Hãng,489000.0,1009000.0,520000.0,0.0,0,1,,https://tiki.vnbo-chuyen-doi-wifi-khong-day-tp-link-archer-t4e-pci-express-ac1200-hang-chinh-hang-p57003673.html?spid=276450620
50594034,Bộ Lưu Điện Hyundai  Offline 500VA - Hàng Chính Hãng,999999.0,999999.0,0.0,4.8,4,108012,,https://tiki.vnbo-luu-dien-hyundai-offline-500va-hang-chinh-hang-p50594034.html?spid=50594035
30748240,Convector 2 SC-1G-BT-950GS-20- BTON. Hàng Nhập Khẩu,350000.0,350000.0,0.0,0.0,0,73219,,https://tiki.vnchuyen-doi-quang-2-soi-10-100-1000base-bton-hang-nhap-khau-p30748240.html?spid=30748241
11251768,Bộ Switch 16 cổng Gigabit chia mạng LAN TPLink TL-SG1016D - Hàng Chính Hãng ,1319000.0,1319000.0,0.0,5.0,2,915,,https://tiki.vnbo-switch-16-cong-gigabit-chia-mang-lan-tplink-tl-sg1016d-hang-chinh-hang-p11251768.html?spid=161466826
8547358,Wifi cao cấp Unifi AC HD - Hàng chính hãng,7520000.0,7520000.0,0.0,0.0,0,176473,,https://tiki.vnwifi-cao-cap-unifi-ac-hd-hang-chinh-hang-p8547358.html?spid=170870803
6997567,Máy in Brother MFC-L2701D ,5630000.0,5630000.0,0.0,0.0,0,3103,,https://tiki.vnmay-in-brother-mfc-l2701d-p6997567.html?spid=278045301
6817797,Vỏ hộp đựng ổ cứng SATA 2.0/3.0 2.5 và SSD vỏ nhựa ABS cao cấp (dây dời) UGREEN US221 30848 - Hàng Chính Hãng,199000.0,199000.0,0.0,5.0,7,915,,https://tiki.vnvo-hop-dung-o-cung-sata-2-0-3-0-2-5-va-ssd-vo-nhua-abs-cao-cap-day-doi-ugreen-us221-30848-hang-chinh-hang-p6817797.html?spid=30733588
356387,Ổ Cứng Di Động WD Elements 1TB 2.5 USB 3.0 - WDBUZG0010BBK - Hàng Chính Hãng,2390000.0,2390000.0,0.0,4.7,7,915,,https://tiki.vno-cung-di-dong-wd-elements-1tb-2-5-usb-3-0-wdbuzg0010bbk-hang-chinh-hang-p356387.html?spid=8058965
279004100,Vỏ Máy Tính Case VSP P18+ Trắng – Hàng Chính Hãng,790000.0,790000.0,0.0,0.0,0,30787,,https://tiki.vnvo-may-tinh-case-vsp-p18-trang-hang-chinh-hang-p279004100.html?spid=279004101
276799051,Chổi lau đầu máy in A5003 - Hàng nhập khẩu,55000.0,55000.0,0.0,0.0,0,47812,,https://tiki.vnchoi-lau-dau-may-in-a5003-hang-nhap-khau-p276799051.html?spid=276799052
276017553,Hộp mực in laser CF276A (không chip) cho máy in HP LaserJet Pro M404DW/M404DN/M404N/HP M428FDW/Canon 223DW/226DW - Hàng nhập khẩu,219000.0,219000.0,0.0,0.0,0,2859,,https://tiki.vnhop-muc-in-laser-cf276a-khong-chip-cho-may-in-hp-laserjet-pro-m404dw-m404dn-m404n-hp-m428fdw-canon-223dw-226dw-hang-nhap-khau-p276017553.html?spid=276017555
275961322,Bo mạch chủ Main MSI B760M PROJECT ZERO Socket LGA 1700 - Hàng Chính Hãng,6100000.0,6100000.0,0.0,0.0,0,30787,,https://tiki.vnbo-mach-chu-main-b760m-project-zero-socket-lga-1700-hang-chinh-hang-p275961322.html?spid=275961323
275689249,Mực Konica TN328/TN628: Cho máy photocopy Konica  Minolta Bizhub 300i/ 360i/ 450i | 550i/ 650i ( Hàng nhập khẩu ),450000.0,450000.0,0.0,0.0,0,2671,,https://tiki.vnmuc-konica-tn328-tn628-cho-may-photocopy-konica-minolta-bizhub-300i-360i-450i-550i-650i-hang-nhap-khau-p275689249.html?spid=275689250
275687008,Bo mạch chủ Main ASUS TUF GAMING B760M-PLUS WIFI D4 Socket LGA 1700 - Hàng Chính Hãng,4450000.0,4450000.0,0.0,0.0,0,30787,,https://tiki.vnbo-mach-chu-main-asus-tuf-gaming-b760m-plus-wifi-d4-socket-lga-1700-hang-chinh-hang-p275687008.html?spid=275687009
275653565,Sạc Tương Thích Cho Laptop Razer Laptop Adapter RC30-0248 230w- Hàng Nhập Khẩu New Seal TEEMO PC X53,1700000.0,1700000.0,0.0,0.0,0,287052,,https://tiki.vnsac-tuong-thich-cho-laptop-razer-laptop-adapter-rc30-0248-230w-hang-nhap-khau-new-seal-teemo-pc-x53-p275653565.html?spid=275653566
275651714,Cáp Dây Nguồn Tương Thích Cho Các Loại Sạc Laptop - Chân Tròn 2 Chấu - Chịu Tải Từ 45w - 180w - Hàng Nhập Khẩu New Seal,59000.0,59000.0,0.0,0.0,0,287052,,https://tiki.vncap-day-nguon-tuong-thich-cho-cac-loai-sac-laptop-chan-tron-2-chau-chiu-tai-tu-45w-180w-hang-nhap-khau-new-seal-p275651714.html?spid=275651715
275632314,Pin Tương Thích Cho Laptop Dell Vostro 14 3000 Series - M5Y1K - Hàng Nhập Khẩu New Seal TEEMO PC TEBAT1387,722000.0,722000.0,0.0,0.0,0,287052,,https://tiki.vnpin-tuong-thich-cho-laptop-dell-vostro-14-3000-series-m5y1k-hang-nhap-khau-new-seal-teemo-pc-tebat1387-p275632314.html?spid=275632315
275626001,Pin dành cho Laptop Dell vostro 3459 - Z.IN hàng chính hãng.,550000.0,550000.0,0.0,0.0,0,126154,,https://tiki.vnpin-danh-cho-laptop-dell-vostro-3459-z-in-hang-chinh-hang-p275626001.html?spid=275626002
275541040,Sạc dành cho Laptop Asus VivoBook Pro 15 M3500QC M3500QA M6500QC 4.5*3.0mm 120W hàng nhập khẩu.,550000.0,550000.0,0.0,5.0,2,126154,,https://tiki.vnsac-danh-cho-laptop-asus-vivobook-pro-15-m3500qc-m3500qa-120w-hang-nhap-khau-p275541040.html?spid=275541041
275465550,"Phát wifi từ sim 4G B618 tích hợp 6 ăngten, bộ phát wifi 4G LTE  có 4 cổng WAN/LAN, 6 ăngten Siêu Khỏe - hàng chính hãng",1590000.0,1590000.0,0.0,5.0,2,356119,,https://tiki.vnphat-wifi-tu-sim-4g-b618-tich-hop-6-angten-bo-phat-wifi-4g-lte-co-4-cong-wan-lan-6-angten-sieu-khoe-hang-chinh-hang-p275465550.html?spid=275465596
275360432,Mainboard Gigabyte H610M S2H V2 DDR4 Socket LGA1700 - Hàng Chính Hãng ,2390000.0,2390000.0,0.0,0.0,0,30787,,https://tiki.vnmainboard-gigabyte-h610m-s2h-v2-ddr4-socket-lga1700-hang-chinh-hang-p275360432.html?spid=275360433
275286092,Laptop Dell Mobile Precision 3561 (Core i7-11850H | 16GB | 512GB | T600 4GB | 15.6 inch FHD | Win 11) Hàng Chính Hãng,19800000.0,19800000.0,0.0,0.0,0,312039,,https://tiki.vnlaptop-dell-mobile-precision-3561-core-i7-11850h-16gb-512gb-t600-4gb-15-6-inch-fhd-win-11-hang-chinh-hang-p275286092.html?spid=275286093
275230400,Đầu Nối Dây Mạng RJ45 Tốc Độ Cao 1000Mbps - Hàng Nhập Khẩu,50000.0,50000.0,0.0,0.0,0,353491,,https://tiki.vnhat-mang-100-hat-chan-dong-dau-bam-mang-trong-suot-dau-mang-xuyen-thau-dau-hat-bam-mang-boc-kim-loai-hang-nhap-khau-p275230400.html?spid=275230401
275190752,"Hộp mực AZ 76A/057 KHÔNG CHIP [Lấy chíp cũ gắn qua] dùng cho máy in Canon LBP 223DW, 226dw, MF445dw/ MF449x, HP M404n, Pro MFP M428dw - Hàng chính hãng",203500.0,203500.0,0.0,0.0,0,43974,,https://tiki.vnhop-muc-az-76a-057-khong-chip-lay-chip-cu-gan-qua-dung-cho-may-in-canon-lbp-223dw-226dw-mf445dw-mf449x-hp-m404n-pro-mfp-m428dw-hang-chinh-hang-p275190752.html?spid=275190753
274953428,USB KIOXIA 64GB U301 USB 3.2 Gen 1 Xanh nhạt (LU301L064GG4) - Hàng chính hãng,490000.0,490000.0,0.0,0.0,0,30787,,https://tiki.vnusb-kioxia-64gb-u301-usb-3-2-gen-1-xanh-nhat-lu301l064gg4-hang-chinh-hang-p274953428.html?spid=274953429
274024572,[Hàng chính hãng] Combo Máy in laser đa năng trắng đen DCP-B7620DW + Mực in trắng đen TNB027,5750000.0,5750000.0,0.0,0.0,0,3103,,https://tiki.vnhang-chinh-hang-combo-may-in-laser-da-nang-trang-den-dcp-b7620dw-muc-in-trang-den-tnb027-p274024572.html?spid=275014025
273711163,Máy chiếu 4K UHD Laser UST LG CineBeam HU915QE hàng chính hãng - ZAMACO AUDIO,150000000.0,150000000.0,0.0,0.0,0,19766,,https://tiki.vnmay-chieu-4k-uhd-laser-ust-lg-cinebeam-hu915qe-hang-chinh-hang-zamaco-audio-p273711163.html?spid=273711164
273008648,Máy chiếu thông minh Yaber K2s tích hợp Loa JBL Android Tivi Netflix bản quyền  Full-HD 4K- Hàng Chính Hãng - Thương hiệu Máy chiếu gia đình và văn phòng hàng đầu,9490000.0,9490000.0,0.0,5.0,4,320848,,https://tiki.vnmay-chieu-thong-minh-yaber-k2s-hoi-tu-cac-cong-nghe-hang-dau-2023-p273008648.html?spid=273008649
272210283,Bộ Phát WIFI Di Động Từ Sim 4G/5G/LTE ZTE MF800 - Pin 2100mAh - Bộ Phát WIFI Không Dây Kết Nối Tối Đa 10 Thiết Bị - Hàng Chính Hãng,349500.0,699000.0,349500.0,5.0,1,187121,,https://tiki.vnbo-phat-wifi-di-dong-tu-sim-4g-5g-lte-zte-mf800-pin-2100mah-bo-phat-wifi-khong-day-ket-noi-toi-da-10-thiet-bi-hang-chinh-hang-p272210283.html?spid=272210285
263082303,"Máy in đơn Livestream, Máy in hóa đơn kết nối điện thoại, Máy in nhiệt K80, Máy in Bill kết nối điện thoại - Hàng Chính Hãng",1550000.0,1550000.0,0.0,0.0,0,44159,,https://tiki.vnmay-in-don-livestream-may-in-hoa-don-ket-noi-dien-thoai-may-in-nhiet-k80-may-in-bill-ket-noi-dien-thoai-hang-chinh-hang-p263082303.html?spid=263082304
252587229,MÀN HÌNH CONG FULL VIỀN K-vison 24 inch -MÀU TRẮNG -  FUll HD 1920x1080 - Chống Lóa - Tần số 75Hz - Hàng Chính Hãng,1898000.0,1898000.0,0.0,5.0,2,312039,,https://tiki.vnman-hinh-cong-full-vien-k-vison-24-inch-mau-trang-full-hd-1920x1080-chong-loa-tan-so-75hz-hang-chinh-hang-p252587229.html?spid=252587230
247970777,"Cạc mạng không dây TP-Link PCI-E Archer T5E AC1200Mbps, 2 Ăng ten ngoài- Bluetooth - Hàng Chính Hãng",695000.0,695000.0,0.0,0.0,0,915,,https://tiki.vncac-mang-khong-day-tp-link-pci-e-archer-t5e-chuan-ac-ac1200mbps-2-ang-ten-ngoai-bluetooth-p247970777.html?spid=263643395
200031219,Bàn phím dùng cho laptop Dell Precision M4700 M6600 M6700 M6800 Dell Latitude E6520 E6530 E6540 E5520 - Hàng Nhập Khẩu New Seal,400441.0,400441.0,0.0,0.0,0,308064,,https://tiki.vnban-phim-dung-cho-laptop-dell-precision-m4700-m6600-m6700-m6800-dell-latitude-e6520-e6530-e6540-e5520-phim-zin-hang-chinh-hang-mikey1823-p200031219.html?spid=200031220
200025501,Sạc dùng cho Laptop Acer Aspire 3 A315-54k-30FK A315-31-P9FW - Hàng Nhập Khẩu New Seal,255541.0,255541.0,0.0,0.0,0,308064,,https://tiki.vnsac-dung-cho-laptop-acer-aspire-3-a315-54k-30fk-a315-31-p9fw-hang-chinh-hang-miac559-p200025501.html?spid=200025502
200025453,Sạc dùng cho Laptop Lenovo S410 Adapter - Hàng Nhập Khẩu New Seal,221386.0,221386.0,0.0,0.0,0,308064,,https://tiki.vnsac-dung-cho-laptop-lenovo-s410-adapter-hang-chinh-hang-miac296-p200025453.html?spid=200025454
200024941,Sạc dùng cho Lenovo Ideapad S530-13IML S540-15IWL - Hàng Nhập Khẩu New Seal,361215.0,361215.0,0.0,0.0,0,308064,,https://tiki.vnsac-dung-cho-lenovo-ideapad-s530-13iml-s540-15iwl-hang-chinh-hang-miac931-p200024941.html?spid=200024942
200024644,Sạc dùng cho Laptop Asus X401 X401A X401U Adapter 19V-3.42A - Hàng Nhập Khẩu New Seal,300046.0,300046.0,0.0,0.0,0,308064,,https://tiki.vnsac-dung-cho-laptop-asus-x401-x401a-x401u-adapter-19v-3-42a-hang-chinh-hang-miac789-p200024644.html?spid=200024645
200009311,Pin cho Laptop HP Pavilion x360 14 14-ba 14-ba129TU 14-ba008tu 14-ba103tu 14-ba159tx - BK03XL - Hàng Nhập Khẩu New Seal,817339.0,817339.0,0.0,0.0,0,308064,,https://tiki.vnpin-cho-laptop-hp-pavilion-x360-14-14-ba-14-ba129tu-14-ba008tu-14-ba103tu-14-ba159tx-bk03xl-hang-chinh-hang-mibat1202-p200009311.html?spid=200009312
200008733,Pin dùng cho Laptop Dell Latitude 3410 3510 H5CKD 53Wh  - Hàng Nhập Khẩu New Seal,1397250.0,1397250.0,0.0,0.0,0,308064,,https://tiki.vnpin-dung-cho-laptop-dell-latitude-3410-3510-h5ckd-53wh-hang-chinh-hang-mibat1558-p200008733.html?spid=200008734
196411132,[HÀNG CHÍNH HÃNG] Máy in phun màu đa năng Brother DCP-T226,2720000.0,2720000.0,0.0,4.0,1,3103,,https://tiki.vnmay-in-phun-mau-da-nang-brother-dcp-t226-p196411132.html?spid=264015906
143211193,Drum Brother DR-B022 dùng cho máy B-Series  - Hàng Chính Hãng,680000.0,680000.0,0.0,5.0,17,3103,,https://tiki.vndrum-brother-dr-b022-dung-cho-may-b-series-hang-chinh-hang-p143211193.html?spid=143211194
135420078,"Máy in nhiệt IDPRT SP410 in đơn hàng, phiếu gửi, minicode, nhãn tự dán, hàng nhập khẩu bảo hành 12 tháng",2161806.0,2161806.0,0.0,4.0,3,218510,,https://tiki.vnmay-in-nhiet-idprt-sp410-in-don-hang-phieu-gui-minicode-nhan-tu-dan-hang-nhap-khau-bao-hanh-12-thang-p135420078.html?spid=135420079
114211157,Máy In Laser Màu Đơn Năng BROTHER HL-L8360CDW - Hàng Chính Hãng,9990000.0,9990000.0,0.0,5.0,1,3103,,https://tiki.vnmay-in-laser-mau-don-nang-brother-hl-l8360cdw-hang-chinh-hang-p114211157.html?spid=114211194
87135890,"Cụm Drum Brother DR-2385 sử dụng cho máy in HL-L2321D, HL-2361DN, HL-2366DW, MFC-L2701D, MFC-L2701DW - HÀNG CHÍNH HÃNG ",790000.0,790000.0,0.0,4.5,2,133440,,https://tiki.vncum-drum-brother-dr-2385-su-dung-cho-may-in-hl-l2321d-hl-2361dn-hl-2366dw-mfc-l2701d-mfc-l2701dw-hang-chinh-hang-p87135890.html?spid=87135891
85400277,Đầu đọc thẻ Suprema XPass 2 (XP2-MDPB) - Hàng chính hãng,9983000.0,9983000.0,0.0,0.0,0,42581,,https://tiki.vndau-doc-the-suprema-xpass-2-xp2-mdpb-hang-chinh-hang-p85400277.html?spid=85400278
67421784,Hộp mực Thuận Phong TN323 dùng cho máy photocopy Konica Minolta bizhub 227 / 287 / 367 - Hàng Chính Hãng,890000.0,890000.0,0.0,0.0,0,2430,,https://tiki.vnhop-muc-thuan-phong-tn323-dung-cho-may-photocopy-konica-minolta-bizhub-227-287-367-hang-chinh-hang-p67421784.html?spid=67421785
60226545,Dây mạng 2 đầu đúc sẵn Cat 8 Ugreen NW121 70616 dài 10M - Hàng chính hãng,469000.0,469000.0,0.0,0.0,0,915,,https://tiki.vnday-mang-2-dau-duc-san-cat-8-ugreen-nw121-70616-dai-10m-hang-chinh-hang-p60226545.html?spid=273668089
23171782,Bộ phát sóng Wifi Tenda 4 anten 300Mps F6 - Hàng Chính Hãng,325000.0,325000.0,0.0,0.0,0,178775,,https://tiki.vnbo-phat-song-wifi-tenda-4-anten-300mps-f6-hang-chinh-hang-p23171782.html?spid=152695366
279077655,Màn hình Xiaomi A24I 2026 24 inch FHD/IPS/144HZ ELA6416EU  - Hàng Chính Hãng,2190000.0,2990000.0,800000.0,0.0,0,1,,https://tiki.vnman-hinh-xiaomi-a24i-2026-24-inch-fhd-ips-144hz-ela6416eu-hang-chinh-hang-p279077655.html?spid=279077656
278843983,Ổ cứng SSD Orico PCIe Gen3x4 M2 NVMe  - Hàng Chính Hãng,991000.0,991000.0,0.0,0.0,0,15937,,https://tiki.vno-cung-ssd-orico-pcie-gen3x4-m2-nvme-hang-chinh-hang-p278843983.html?spid=278843984
277936893,Ổ cứng mạng NAS HDD Toshiba N300 Gold 3.5Inch Hàng chính hãng,6789000.0,6789000.0,0.0,0.0,0,295189,,https://tiki.vno-cung-mang-nas-hdd-toshiba-n300-gold-3-5inch-p277936893.html?spid=277936984
277929654,Bộ thu WIFI 6 / Bluetooth 5.2 TP-Link Archer TX55E | Chuẩn PCIe | Hỗ trợ windows 11/10 | Bảo hành 2 năm | Hàng Chính Hãng,590000.0,590000.0,0.0,0.0,0,200265,,https://tiki.vnbo-thu-wifi-6-bluetooth-5-2-tp-link-archer-tx55e-chuan-pcie-ho-tro-windows-11-10-bao-hanh-2-nam-hang-chinh-hang-p277929654.html?spid=277929655
276009529,Màn hình LCD Dell S2725H Có Loa Kép (27 inch/ Full HD/ 300 cd/m2/ 4ms/ 100Hz) - Hàng Chính Hãng,5090000.0,5090000.0,0.0,0.0,0,34716,,https://tiki.vnman-hinh-lcd-dell-s2725h-co-loa-kep-27-inch-full-hd-300-cd-m2-4ms-100hz-hang-chinh-hang-p276009529.html?spid=276009530
275854386,Laptop HP 15 fd1045TU 9Z2X1PA (Core 5 120U/ 16GB/ 512GB SSD/ 15.6 inch FHD/ Win11/ Bạc) - Hàng Chính Hãng,16780000.0,16780000.0,0.0,0.0,0,52525,,https://tiki.vnlaptop-hp-15-fd1045tu-9z2x1pa-core-5-120u-16gb-512gb-ssd-15-6-inch-fhd-win11-ba-c-hang-chinh-hang-p275854386.html?spid=275854387
275779388,Bell 6500 CET: Dùng cho máy photocopy Ricoh 1060/ 1075/ 2060/ 2075/ 6500/ 7500/ 8000/ 6001/ 8001/9001/ 6002/ 6502/ 9002/ 6503/ 7503/ 9003  ( HA - Hàng nhập khẩu ),1080000.0,1080000.0,0.0,0.0,0,2671,,https://tiki.vnbell-6500-cet-dung-cho-may-photocopy-ricoh-1060-1075-2060-2075-6500-7500-8000-6001-8001-9001-6002-6502-9002-6503-7503-9003-ha-hang-nhap-khau-p275779388.html?spid=275779389
275633801,Pin Tương Thích Cho Laptop Surface Go 2 G16Ta047H - Hàng Nhập Khẩu New Seal TEEMO PC TEBAT1211,1319000.0,1319000.0,0.0,0.0,0,287052,,https://tiki.vnpin-tuong-thich-cho-laptop-surface-go-2-g16ta047h-hang-nhap-khau-new-seal-teemo-pc-tebat1211-p275633801.html?spid=275633802
275575725,Sạc dành cho Laptop Asus Gaming ROG X571 F571 X571GD F571GD-BQ319T F571GT-BQ266T hàng nhập khẩu.,590000.0,590000.0,0.0,0.0,0,126154,,https://tiki.vnsac-danh-cho-laptop-asus-gaming-rog-x571-f571-x571gd-f571gd-bq319t-f571gt-bq266t-hang-nhap-khau-p275575725.html?spid=275575726
275284327,Màn hình LCD MSI Optix G274F (27inch/FHD/IPS/180Hz/1ms) – Hàng Chính Hãng,4250000.0,4250000.0,0.0,0.0,0,30787,,https://tiki.vnman-hinh-lcd-msi-optix-g274f-27inch-fhd-ips-180hz-1ms-hang-chinh-hang-p275284327.html?spid=275284328
275281459,Ổ cứng di động SSD Transcend 512GB/1TB/2TB ESD330C USB 10Gbps type C – Hàng Chính Hãng,2550000.0,2550000.0,0.0,0.0,0,915,,https://tiki.vno-cung-di-dong-ssd-transcend-512gb-1tb-2tb-esd330c-usb-10gbps-type-c-hang-chinh-hang-p275281459.html?spid=278881469
275175754,Combo 5 Trục từ 12A 26A 76A 87A Canon 2900 3000 FX9 HP 1010 1015 1018 1020 Hàng chính hãng Alpha Cartridge,84000.0,84000.0,0.0,0.0,0,183951,,https://tiki.vncombo-5-truc-tu-12a-26a-76a-87a-canon-2900-3000-fx9-hp-1010-1015-1018-1020-hang-chinh-hang-alpha-cartridge-p275175754.html?spid=275175755
274565589,Màn Hình Gaming LG UltraGear 27GQ50F-B (27.0 inch - FHD - VA - 165Hz - 1ms - FreeSync) - Hàng chính hãng,3390000.0,3390000.0,0.0,0.0,0,46727,,https://tiki.vnman-hinh-gaming-lg-ultragear-27gq50f-b-27-0-inch-fhd-va-165hz-1ms-freesync-hang-chinh-hang-p274565589.html?spid=274565590
273170436,Màn hình CONG LCD VSP 32inch ThinKing  Master Gaming VL32 (CM3203B) 75Hz - Hàng Chính Hãng,3890000.0,3890000.0,0.0,0.0,0,30787,,https://tiki.vnman-hinh-cong-lcd-vsp-32inch-thinking-master-gaming-vl32-cm3203b-75hz-den-hang-chinh-hang-p273170436.html?spid=273170440
271266352,"USB Lexar JumpDrive Dual Drive D400 Type-C / Type-A - USB 3.1 64G / 128GB, tốc độ đọc 130Mb/s, tương thích MAC / PC - Hàng chính hãng",720000.0,720000.0,0.0,4.8,29,232078,,https://tiki.vnusb-lexar-jumpdrive-dual-drive-d400-type-c-type-a-usb-3-1-64g-128gb-toc-do-doc-130mb-s-tuong-thich-mac-pc-p271266352.html?spid=271266358
270234341,"Dell Optiplex 3040 Core i5 6500 / 8Gb / SSD 256Gb – Tặng USB WIFI , Bảo hành 2 năm - HÀNG CHÍNH HÃNG",4190000.0,4190000.0,0.0,4.0,1,312039,,https://tiki.vndell-optiplex-3040-core-i5-6500-8gb-ssd-256gb-tang-usb-wifi-bao-hanh-2-nam-hang-chinh-hang-p270234341.html?spid=270234342
251404029,Máy tính Dell Optiplex 5050 SFF core i3 7100 SSD tốc độ cao giá rẻ cho văn phòng,3750000.0,3750000.0,0.0,0.0,0,312039,,https://tiki.vnmay-tinh-dell-optiplex-5050-sff-core-i3-7100-ssd-toc-do-cao-gia-re-cho-van-phong-p251404029.html?spid=251404030
213858317,Máy in phun đa năng Brother MFC-T920DW - Hàng chính hãng,7420000.0,7420000.0,0.0,0.0,0,3103,,https://tiki.vnmay-in-phun-da-nang-brother-mfc-t920dw-hang-chinh-hang-p213858317.html?spid=254076966
205305968,Laptop Lenovo ThinkPad E14 Gen 7 (21SX002QVA) | Intel Core Ultra 5 225U | RAM 16GB | 512GB SSD | Intel Graphics | 14 inch WUXGA | Fingerprint | WF+BL | 3 cell | NoOS | 2Yrs,22250000.0,22250000.0,0.0,0.0,0,1377,,https://tiki.vnlaptop-lenovo-ideapad-3-14iau7-82rj001bvn-intel-core-i5-_-1235u-8gb-512gb-ssd-pcie-gen-4-14-inch-full-hd-win-11-finger-hang-chinh-hang-p205305968.html?spid=205305969
200031399,Bàn phím cho máy tính Lenovo G460 - Hàng Nhập Khẩu New Seal,343568.0,343568.0,0.0,0.0,0,308064,,https://tiki.vnban-phim-cho-may-tinh-lenovo-g460-hang-chinh-hang-mikey1504-p200031399.html?spid=200031400
200027035,Bàn phím dùng cho laptop Lenovo G500s - Hàng Nhập Khẩu,222421.0,222421.0,0.0,0.0,0,308064,,https://tiki.vnban-phim-dung-cho-laptop-lenovo-g500s-phim-zin-hang-chinh-hang-mikey274-p200027035.html?spid=200027036
200025263,Adapter Nguồn Sạc 87W PD Cáp USB-C 2M dùng cho MacBook Pro MacBook Air Cổng USB Type C - Hàng Nhập Khẩu New Seal,1086750.0,1086750.0,0.0,5.0,1,308064,,https://tiki.vnadapter-nguon-sac-87w-pd-cap-usb-c-2m-dung-cho-macbook-pro-macbook-air-cong-usb-type-c-hang-chinh-hang-miac1455-p200025263.html?spid=200025264
200024218,Sạc cho Laptop Toshiba 19V 3.42A (65W) chân 5.5mm * 2.5mm - Hàng Nhập Khẩu New Seal,245191.0,245191.0,0.0,0.0,0,308064,,https://tiki.vnsac-cho-laptop-toshiba-19v-3-42a-65w-chan-5-5mm-2-5mm-hang-chinh-hang-miac504-p200024218.html?spid=200024219
200010016,Pin cho MacBook Air 13 inch A1405 A1466 Mid 2012 2013 Early 2014 2015 - Hàng Nhập Khẩu New Seal,1030756.0,1030756.0,0.0,0.0,0,308064,,https://tiki.vnpin-cho-macbook-air-13-inch-a1405-a1466-mid-2012-2013-early-2014-2015-hang-chinh-hang-mibat1422-p200010016.html?spid=200010017
196009279,Hộp mực Thuận Phong 76A dùng cho máy in HP LJ PRO M404 / MFP M428 - Hàng Chính Hãng,390000.0,390000.0,0.0,4.0,1,2430,,https://tiki.vnhop-muc-thuan-phong-76a-dung-cho-may-in-hp-lj-pro-m404-mfp-m428-hang-chinh-hang-p196009279.html?spid=196009283
181120107,Màn Hình máy tính Dell P2723QE ( 27inch 4K UHD (3840 x 2160) 8ms 60Hz IPS HDMI/DP/USB Type-C Upto 90W / RJ45 Network ) - Hàng Chính Hãng,10280000.0,10280000.0,0.0,0.0,0,3103,,https://tiki.vnman-hinh-may-tinh-dell-p2723qe-27inch-4k-uhd-3840-x-2160-8ms-60hz-ips-hdmi-dp-usb-type-c-upto-90w-rj45-network-hang-chinh-hang-p181120107.html?spid=197189061
172960190,"Ổ Cứng Di Động HDD Seagate One Touch 2TB 2.5"" USB 3.0 + Phục Hồi Dữ liệu Rescue_Hàng chính hãng",3390000.0,3390000.0,0.0,0.0,0,915,,https://tiki.vno-cung-di-dong-hdd-seagate-one-touch-2tb-2-5-usb-3-0-phuc-hoi-du-lieu-rescue-p172960190.html?spid=263696342
169462833,Màn hình LCD VSP VL27 (CM2702Q) 27inch FHD 1500R 165Hz Gaming Cong - Hàng Chính Hãng,4650000.0,4650000.0,0.0,0.0,0,30787,,https://tiki.vnman-hinh-lcd-vsp-vl27-cm2702q-27inch-fhd-1500r-165hz-gaming-cong-hang-chinh-hang-p169462833.html?spid=169462834
120484511,Card mở rộng ổ cứng SSD M.2 qua khe Pci-E 3.0 X4 Orico PDM2 - Hàng chính hãng,199000.0,199000.0,0.0,4.0,1,915,,https://tiki.vncard-mo-rong-o-cung-ssd-m-2-qua-khe-pci-e-3-0-x4-orico-pdm2-hang-chinh-hang-p120484511.html?spid=273888875
114441040,"Ổ Cứng Di Động Seagate Expansion Portable 2.5"" USB 3.0 - Hàng Chính Hãng",2299000.0,2299000.0,0.0,0.0,0,915,,https://tiki.vno-cung-di-dong-seagate-expansion-portable-2-5-usb-3-0-hang-chinh-hang-p114441040.html?spid=166228470
107471624,Máy in Laser đơn năng Brother HL-L2321D in 2 mặt tự động + 1 hộp mực TN-2385 - Hàng Chính Hãng,3050000.0,3050000.0,0.0,4.3,7,3103,,https://tiki.vnmay-in-laser-don-nang-brother-hl-l2321d-in-2-mat-tu-dong-hang-chinh-hang-p107471624.html?spid=107471628
76688114,Màn hình máy tính Samsung LS24A310NHEXXV 24 inch FHD 60Hz 9ms - Hàng Chính Hãng,2550000.0,2550000.0,0.0,0.0,0,1377,,https://tiki.vnman-hinh-may-tinh-samsung-ls24a310nhexxv-24-inch-fhd-60hz-9ms-hang-chinh-hang-p76688114.html?spid=164813861
42561588,Hộp Mực Premium TN-2280 Cho Máy In Brother HL 2240/ DCP-7060D/ MFC-7360N - Hàng Nhập Khẩu,118000.0,118000.0,0.0,5.0,6,65686,,https://tiki.vnhop-muc-premium-tn-2280-cho-may-in-brother-hl-2240-dcp-7060d-mfc-7360n-hang-nhap-khau-p42561588.html?spid=46654141
36238802,Máy Quét Mã Vạch Zebex Z3100 Magic C2 -  Hàng Nhập Khẩu,1050000.0,1050000.0,0.0,0.0,0,56716,,https://tiki.vnmay-quet-ma-vach-zebex-z3100-magic-c2-hang-nhap-khau-p36238802.html?spid=36238803
12231525,RAM PC Kingmax 8GB Bus 2666 DDR4 - Hàng Chính Hãng,1590000.0,1590000.0,0.0,4.0,4,3103,,https://tiki.vnram-pc-kingmax-8gb-bus-2266-ddr4-hang-chinh-hang-p12231525.html?spid=12231526
8114282,Máy Scan Canon Lide 300 - Hàng Chính Hãng,1790000.0,2490000.0,700000.0,4.6,162,1,,https://tiki.vnmay-scan-canon-lide-300-hang-chinh-hang-p8114282.html?spid=11202180
3556669,(BỘ 10 CHAI) Mực đổ Thuận Phong TP26 dùng cho máy in HP M402/ M506/ MFP M426/ MFP M527/ M501/ Canon LBP 212/ 214/ MF426/ 424 - Hàng Chính Hãng,370000.0,370000.0,0.0,0.0,0,2430,,https://tiki.vnbo-10-chai-muc-do-thuan-phong-tp26-dung-cho-may-in-hp-m402-m506-hang-chinh-hang-p3556669.html?spid=3556671
792570,Bộ Chia Mạng Switch 16 Cổng 10/100/1000M D-Link DGS-1016C - Hàng Chính Hãng,1349000.0,1349000.0,0.0,5.0,1,915,,https://tiki.vnbo-chia-mang-switch-16-cong-10-100-1000m-d-link-dgs-1016c-hang-chinh-hang-p792570.html?spid=1106348
533630,Màn Hình Dell E2216HV 22inch FullHD 5ms 60Hz TN - Hàng Chính Hãng,3900000.0,3900000.0,0.0,0.0,0,30787,,https://tiki.vnman-hinh-dell-e2216hv-22inch-fullhd-5ms-60hz-tn-hang-chinh-hang-p533630.html?spid=52516034
456500,TP-Link  TL-SG1008D - Switch Để Bàn 8 Cổng  - Hàng Chính Hãng,390000.0,599000.0,209000.0,4.6,96,1,,https://tiki.vntp-link-tl-sg1008d-switch-de-ban-8-cong-hang-chinh-hang-p456500.html?spid=164277
279113628,"Màn Hình Gaming Samsung Odyssey G3 G30D LS27DG302EEXXV (27 Inch, VA, FHD, 180Hz, 1ms) - Hàng chính hãng",3290000.0,3990000.0,700000.0,5.0,1,1,,https://tiki.vnman-hinh-gaming-odyssey-g3-g30d-ls27dg302eexxv-27-inch-va-fhd-180hz-1ms-hang-chinh-hang-p279113628.html?spid=279113629
278697591,"Màn hình MSI Pro MP242L 24 inch – Chất lượng hình ảnh sắc nét, bảo vệ mắt tối ưu - GiaPhucStore | Hàng Chính Hãng",2190000.0,2190000.0,0.0,0.0,0,34716,,https://tiki.vnman-hinh-msi-pro-mp242l-24-inch-chat-luong-hinh-anh-sac-net-bao-ve-mat-toi-uu-giaphucstore-hang-chinh-hang-p278697591.html?spid=278697592
278673564,"Màn Hình MSI PRO MP272LKL 27 inch – IPS Full HD, 100Hz, 1ms, Chống Nháy, Bảo Vệ Mắt | GiaPhucStore | Hàng Chính Hãng",2690000.0,2690000.0,0.0,0.0,0,34716,,https://tiki.vnman-hinh-msi-pro-mp272lkl-27-inch-ips-full-hd-100hz-1ms-chong-nhay-bao-ve-mat-giaphucstore-hang-chinh-hang-p278673564.html?spid=278673566
278639871,Ổ Cứng WESTERN Purple 10TB - 1TB Purple Surveilance - HÀNG CHÍNH HÃNG,2595000.0,2595000.0,0.0,0.0,0,298886,,https://tiki.vno-cung-western-10tb-1tb-wd-wd42puru-purple-surveilance-h1ang-chinh-hang-p278639871.html?spid=278691451
277937199,Dell Latitude 5320 Core I5 1135G7 8GB 256GB SSD 13.3 inch FHD - Hàng Chính Hãng,9600000.0,9600000.0,0.0,0.0,0,312039,,https://tiki.vndell-latitude-5320-core-i5-1135g7-8gb-256gb-ssd-13-3-inch-fhd-hang-chinh-hang-p277937199.html?spid=277937200
277936146,"Dell Latitude 5300 2in1 Core i7-8665U/Ram 8GB/SSD 256GB/13.3""FHD cảm ứng - Hàng Chính Hãng",7890000.0,7890000.0,0.0,0.0,0,312039,,https://tiki.vndell-latitude-5300-2in1-core-i7-8665u-ram-8gb-ssd-256gb-13-3-fhd-cam-ung-hang-chinh-hang-p277936146.html?spid=277936148
277286085,Màn Hình Viewsonic VA2708-2K-MHD 27 inch (2K/100HZ/1MS/LOA) - Hàng Chính Hãng,3790000.0,4590000.0,800000.0,5.0,7,1,,https://tiki.vnman-hinh-viewsonic-va2708-2k-mhd-27-inch-2k-100hz-1ms-loa-hang-chinh-hang-p277286085.html?spid=277286202
277274848,Dell Latitude 5410 /Core i5-10310U / RAM 8GB / SSD 256GB / 14inch FHD - Hàng Chính Hãng,6950000.0,6950000.0,0.0,0.0,0,312039,,https://tiki.vndell-latitude-5410-core-i5-10310u-ram-8gb-ssd-256gb-14inch-fhd-hang-chinh-hang-p277274848.html?spid=277274849
276966232,TP-Link Archer MR600 Router Wi-Fi Gigabit Băng Tần Kép 4G+ Cat6 AC1200 - Hàng chính hãng,2615000.0,2615000.0,0.0,0.0,0,1242,,https://tiki.vntp-link-archer-mr600-router-wi-fi-gigabit-bang-tan-kep-4g-cat6-ac1200-hang-chinh-hang-p276966232.html?spid=276966233
276859722,"Ổ cứng di động SSD Samsung T9 Tốc độ đọc/ghi 2,000 MB/s 1,950 MB/s USB 3.2 Gen 2x2 - 1 Đổi 1 - Hàng chính hãng",5100000.0,5100000.0,0.0,0.0,0,128476,,https://tiki.vno-cung-di-dong-ssd-samsung-t9-toc-do-doc-ghi-2-000-mb-s-1-950-mb-s-usb-3-2-gen-2x2-1-doi-1-hang-chinh-hang-p276859722.html?spid=276859724
276504903,Màn Hình Dell UltraSharp U2724DE 2K (27 INCH | QHD | IPS | 120Hz | USB-C | RJ45  ) - Hàng Chính Hãng ,12900000.0,12900000.0,0.0,0.0,0,3103,,https://tiki.vnman-hinh-dell-ultrasharp-u2724de-2k-27-inch-qhd-ips-120hz-usb-c-rj45-hang-chinh-hang-p276504903.html?spid=276504904
276191467,"Hộp mực 12A 2900  dành cho HP 1010 1015 1020 3015 3020 3030 3050 và Canon 2900 L11121E L120, MF4122, MF4150, MF4680, L140, L160, MF4270, MF4320d, MF4350d 3000 FX9 FX10 CÓ LỔ ĐỔ MỰC khi hết mực-Hàng chính hãng Alpha Cartridge",117900.0,117900.0,0.0,0.0,0,183951,,https://tiki.vnhop-muc-12a-2900-co-lo-do-muc-danh-cho-hp-laserjet-1010-1015-1020-3015-3020-3030-3050-canon-2900-l11121e-l120-mf4122-mf4150-mf4680-l140-l160-mf4270-mf4320d-mf4350d-3000-fx9-fx10-hang-chinh-hang-alpha-cartridge-p276191467.html?spid=276191468
275792271,Ống mực 4500: Dùng cho máy photocopy Ricoh MP 4000/ 5000/ 4001/ 5001/ 4002/ 5002/ 5003 ( HA - Hàng nhập khẩu ),240000.0,240000.0,0.0,0.0,0,2671,,https://tiki.vnong-muc-4500-dung-cho-may-photocopy-ricoh-mp-4000-5000-4001-5001-4002-5002-5003-ha-hang-nhap-khau-p275792271.html?spid=275792272
275495360,"Sạc dành cho Laptop HP Elitebook 820 G3, 840 G3, 850 G3, 820 G4, 840 G4, 850 G4 Adapter 19.5V-3.33A - Hàng nhập khẩu",229000.0,229000.0,0.0,0.0,0,126154,,https://tiki.vnsac-danh-cho-laptop-hp-elitebook-820-g3-840-g3-850-g3-820-g4-840-g4-850-g4-adapter-19-5v-3-33a-hang-nhap-khau-p275495360.html?spid=275495361
275269583,USB KIOXIA 32GB/64GB/128GB U301 USB 3.2 Gen 1 - Hàng chính hãng,210000.0,210000.0,0.0,5.0,1,30787,,https://tiki.vnusb-kioxia-32gb-64gb-128gb-u301-usb-3-2-gen-1-hang-chinh-hang-p275269583.html?spid=274953381
274556135,Bộ Kích Sóng Wifi Repeater Mercusys ME10 Chuẩn N Tốc Độ 300Mbps - Hàng Chính Hãng,239000.0,239000.0,0.0,0.0,0,1242,,https://tiki.vnbo-kich-song-wifi-repeater-mercusys-me10-chuan-n-toc-do-300mbps-hang-chinh-hang-p274556135.html?spid=277543275
274549161,Bộ Phát Wifi Mesh TP-Link Deco X20 AX1800 MU-MIMO - Hàng Chính Hãng,1349000.0,2999000.0,1650000.0,0.0,0,1,,https://tiki.vnbo-phat-wifi-mesh-tp-link-deco-x20-ax1800-mu-mimo-hang-chinh-hang-p274549161.html?spid=276450489
274527319,"Bộ phát Wifi di động PROLiNK DL7202 dùng SIM 4G LTE 150Mbps, pin 3000mAH lên tới 12h, TFT 1.44"", hỗ trợ 185 quốc gia - Hàng chính hãng",1239000.0,1239000.0,0.0,5.0,4,145378,,https://tiki.vnbo-phat-wifi-di-dong-prolink-dl7202-dung-sim-4g-lte-150mbps-pin-3000mah-len-toi-12h-tft-1-44-ho-tro-185-quoc-gia-p274527319.html?spid=274527320
271583436,USB Lexar 64GB JumpDrive V40 USB 2.0 (LJDV40-64GAB) - Hàng Chính Hãng,139000.0,139000.0,0.0,0.0,0,34716,,https://tiki.vnusb-lexar-64gb-jumpdrive-v40-usb-2-0-ljdv40-64gab-hang-chinh-hang-p271583436.html?spid=271583437
270992602,Kaspersky Standard 1 máy trong 1 năm - Hàng chính hãng,216000.0,216000.0,0.0,5.0,1,915,,https://tiki.vnkaspersky-standard-1-may-trong-1-nam-hang-chinh-hang-p270992602.html?spid=273456511
251404045,Máy trạm Dell workstation Precision T5810 intel xeon 14 core vga vga quadro 1gb chuyên đồ họa,13000000.0,13000000.0,0.0,0.0,0,312039,,https://tiki.vnmay-tram-dell-workstation-precision-t5810-intel-xeon-14-core-vga-vga-quadro-1gb-chuyen-do-hoa-p251404045.html?spid=251404046
181924681,Ram Laptop Crucial DDR5 32GB Bus 4800 – CT32G48C40S5 - Hàng chính hãng,9945000.0,9945000.0,0.0,0.0,0,224312,,https://tiki.vnram-laptop-crucial-ddr5-32gb-bus-4800-ct32g48c40u5-hang-chinh-hang-p181924681.html?spid=181924682
177526513,Máy tính để bàn nhỏ gọn ThinkCentre  LENOVO ( Core i7 - 4770 / Ram 8Gb / SSd 256GB ) - máy chạy Siêu nhanh - Nhỏ Gọn - Hàng chính hãng,4450000.0,4450000.0,0.0,0.0,0,312039,,https://tiki.vnmay-tinh-de-ban-nho-gon-thinkcentre-lenovo-core-i7-4770-ram-8gb-ssd-256gb-may-chay-sieu-nhanh-nho-gon-hang-chinh-hang-p177526513.html?spid=221325023
122962362,Đèn treo màn hình bảo vệ mắt Baseus i-Work Series -Hàng Chính Hãng,448000.0,448000.0,0.0,0.0,0,140843,,https://tiki.vnden-treo-man-hinh-bao-ve-mat-baseus-i-work-series-p122962362.html?spid=125685671
122314687,Máy in phun canon G1010- Hàng chính hãng,3300000.0,3300000.0,0.0,0.0,0,11119,,https://tiki.vnmay-in-phun-canon-g1010-hang-chinh-hang-p122314687.html?spid=216720056
99037449,Máy in 3d Creality Ender 6 khổ in 250*250*400mm,15550000.0,15550000.0,0.0,0.0,0,97904,,https://tiki.vnmay-in-3d-creality-ender-6-kho-in-250-250-400mm-p99037449.html?spid=99037529
91002635,Ổ cứng SSD Kingmax PQ3480 256GB M.2 PCIe Gen 3x4 - Hàng Chính Hãng,1290000.0,1290000.0,0.0,0.0,0,3103,,https://tiki.vno-cung-ssd-kingmax-pq3480-256gb-m-2-pcie-gen-3x4-hang-chinh-hang-p91002635.html?spid=136025429
75995177,TP-Link M7000 | Bộ Phát Wi-Fi Di Động 4G LTE 150Mbps | Chính Hãng,840000.0,1140000.0,300000.0,4.6,20,1,,https://tiki.vntp-link-m7000-bo-phat-wi-fi-di-dong-4g-lte-150mbps-chinh-hang-p75995177.html?spid=104849993
36331390,Máy Tính Đồng Bộ Dell 9020 SFF CORE I3 4130 - RAM 4GB - SSD 120GB - HDD 500GB- HÀNG NHẬP KHẨU,1990000.0,1990000.0,0.0,0.0,0,312039,,https://tiki.vnmay-tinh-dong-bo-dell-9020-sff-core-i3-4130-ram-4gb-ssd-120gb-hdd-500gb-hang-nhap-khau-p36331390.html?spid=270701410
23172957,USB Transcend JetFlash 700 TS32GJF700 128GB - USB 3.1 - Hàng Chính Hãng,509000.0,509000.0,0.0,0.0,0,915,,https://tiki.vnusb-transcend-jetflash-700-ts32gjf700-128gb-usb-3-1-hang-chinh-hang-p23172957.html?spid=52671833
2249745,Ổ Cứng Di Động Transcend M3G 1TB Slim USB 3.0/3.1 TS1TSJ25M3G - Hàng Chính Hãng,2450000.0,2450000.0,0.0,5.0,1,915,,https://tiki.vno-cung-di-dong-transcend-m3g-1tb-slim-usb-3-0-3-1-ts1tsj25m3g-hang-chinh-hang-p2249745.html?spid=2395991
1402715,Máy In Nhãn Đơn Năng Brother PT-E110 - Hàng Chính Hãng,960000.0,960000.0,0.0,4.8,18,3103,,https://tiki.vnmay-in-nhan-don-nang-brother-pt-e110-hang-chinh-hang-p1402715.html?spid=56015046
801712,Mini PC Intel NUC NUC5CPYH - Celeron N3050 - Hàng Chính Hãng,2200000.0,2200000.0,0.0,3.9,8,28737,,https://tiki.vnmini-pc-intel-nuc-nuc5cpyh-celeron-n3050-hang-chinh-hang-p801712.html?spid=139061876
764198,Máy In Laser Đa Năng Brother DCP-L2520D - Hàng Chính Hãng,4490000.0,4490000.0,0.0,4.7,45,3103,,https://tiki.vnmay-in-laser-da-nang-brother-dcp-l2520d-hang-chinh-hang-p764198.html?spid=2396395
459842,Bộ Chuyển Đổi USB Wifi TP-Link Archer T2U Băng Tần Kép AC600 - Hàng Chính Hãng,250000.0,461900.0,211900.0,4.5,61,1,,https://tiki.vnbo-chuyen-doi-usb-wifi-tp-link-archer-t2u-bang-tan-kep-ac600-hang-chinh-hang-p459842.html?spid=168214
457264,TP-Link  TG-3468 - Card Mạng Gigabit - Hàng Chính Hãng,175000.0,306700.0,131700.0,4.8,98,1,,https://tiki.vntp-link-tg-3468-card-mang-gigabit-hang-chinh-hang-p457264.html?spid=165173
448543,Ổ Cứng Camera WD Purple 1TB/64MB/3.5 IntelliPower WD10PURZ/WD10PURX - Hàng Chính Hãng,2595000.0,2595000.0,0.0,5.0,1,298886,,https://tiki.vno-cung-camera-wd-purple-1tb-64mb-3-5-intellipower-wd10purz-wd10purx-hang-chinh-hang-p448543.html?spid=248893353
278732894,Thiết bị lưu trữ QNAP TS-433eU - Hàng Chính Hãng,17000000.0,17000000.0,0.0,0.0,0,224238,,https://tiki.vnthiet-bi-luu-tru-qnap-ts-433eu-hang-chinh-hang-p278732894.html?spid=278732895
278687000,Bộ phát Wifi ốp trần hoặc gắn tường RUIJIE REYEE RG-RAP2200(E) - Hàng chính hãng,1628000.0,1628000.0,0.0,0.0,0,298886,,https://tiki.vnbo-phat-wifi-ruijie-4-rau-rg-ew300-pro-300mbps-hang-chinh-hang-p278687000.html?spid=278687001
278604822,Chíp cho hộp mực máy in mầu Ricoh SP C360/ 361 ( Bộ 4 mầu hoặc mua lẻ mầu ) Hàng nhập khẩu,45000.0,45000.0,0.0,0.0,0,2671,,https://tiki.vnchip-cho-hop-muc-may-in-mau-ricoh-sp-c360-361-bo-4-mau-hoac-mua-le-mau-hang-nhap-khau-p278604822.html?spid=278604830
278541649,Máy in Laser đen trắng Pantum P2505 (Hàng chính hãng),2300000.0,2300000.0,0.0,0.0,0,133440,,https://tiki.vnmay-in-laser-den-trang-pantum-p2505-p278541649.html?spid=278541650
278504554,Kệ đỡ giá đỡ đế tản nhiệt cho ipad máy tính bảng hợp kim nhôm gấp gọn xoay 360 độ nhiều nấc độ cao K31- Hàng chính hãng,139000.0,139000.0,0.0,1.0,1,11205,,https://tiki.vnke-do-gia-do-de-tan-nhiet-cho-laptop-may-tinh-bang-hop-kim-nhom-gap-gon-xoay-360-do-nhieu-nac-do-cao-k31-hang-chinh-hang-p278504554.html?spid=277816037
277940728,Ổ cứng mạng nas HDD Toshiba N300 Gold 3.5Inch Hàng chính hãng,6789000.0,6789000.0,0.0,0.0,0,128476,,https://tiki.vno-cung-mang-nas-hdd-toshiba-n300-gold-3-5inch-p277940728.html?spid=277940743
277570259,NVIDIA Geforce RTX3080Ti GDDR6X PCIe Gen 4.0 - Blower/Passive - Hàng chính hãng,26000000.0,26000000.0,0.0,0.0,0,224238,,https://tiki.vnnvidia-geforce-rtx3080ti-gddr6x-pcie-gen-4-0-blower-passive-hang-chinh-hang-p277570259.html?spid=277570260
277497268,Máy in laser đơn năng trắng đen HL-B2180DW - Hàng chính hãng,4517000.0,4517000.0,0.0,0.0,0,149312,,https://tiki.vnmay-in-laser-don-nang-trang-den-hl-b2180dw-hang-chinh-hang-p277497268.html?spid=276541724
276399370,Mực cho máy in Epson L1110/ L3100/ L3110/ L3210/ L3150/ L3250/ L5190/ L5290/ L6500  ... ( Bộ 4 màu hoặc mua lẻ từng mầu: BK/C/M/Y ) - Hàng nhập khẩu,350000.0,350000.0,0.0,0.0,0,2671,,https://tiki.vnmuc-cho-may-in-epson-l1110-l3100-l3110-l3210-l3150-l3250-l5190-l5290-l6500-bo-4-mau-hoac-mua-le-tung-mau-bk-c-m-y-hang-nhap-khau-p276399370.html?spid=276399371
276350103,"HCM-Mực UV Epson trung tính in quảng cáo cho mọi chất liệu,chai 1L cho printhead Epson DX5 DX7 I3200-U1 TX800 XP600 1390, hàng nhập khẩu",750000.0,750000.0,0.0,0.0,0,299569,,https://tiki.vnhcm-muc-uv-epson-trung-tinh-in-quang-cao-cho-moi-chat-lieu-chai-1l-cho-printhead-epson-dx5-dx7-i3200-u1-tx800-xp600-1390-hang-nhap-khau-p276350103.html?spid=276407167
275869525,Keo Tản Nhiệt Hũ Nhỏ - Hàng Nhập Khẩu,50000.0,50000.0,0.0,0.0,0,353491,,https://tiki.vnkeo-tan-nhiet-hu-nho-hang-nhap-khau-p275869525.html?spid=275869526
275731801,SOAIY Bộ chuyển HDMI sang AV Audio Video Convert FJ-HA1308 - Hàng Nhập Khẩu,335000.0,335000.0,0.0,0.0,0,81456,,https://tiki.vnsoaiy-bo-chuyen-hdmi-sang-av-audio-video-convert-fj-ha1308-hang-nhap-khau-p275731801.html?spid=275731802
275715364,SOAIY Usb sound card 7.1CH - Usb sound card 7.1 âm thanh 3D cao cấp - Hàng Nhập Khẩu,45000.0,45000.0,0.0,0.0,0,81456,,https://tiki.vnsoaiy-usb-sound-card-7-1ch-usb-sound-card-7-1-am-thanh-3d-cao-cap-hang-nhap-khau-p275715364.html?spid=275715365
275583768,Màn Hình Gaming Samsung Odyssey OLED G8 G80SD LS32DG802SEXXV (32 inch | OLED | 4K | 240Hz | 0.03ms) - Hàng Chính Hãng,28650000.0,28650000.0,0.0,0.0,0,3103,,https://tiki.vnman-hinh-gaming-samsung-odyssey-oled-g8-g80sd-ls32dg802sexxv-32-inch-oled-4k-240hz-0-03ms-hang-chinh-hang-p275583768.html?spid=275858637
275568600,Màn Hình Máy Tính Dell S2425H | Bạc | 23.8 Inch FHD | IPS | 100Hz | 4ms | 2HDMI | Loa | 3 Yrs - Hàng Chính hãng - bh 36 tháng,3490000.0,3490000.0,0.0,0.0,0,3103,,https://tiki.vnman-hinh-may-tinh-dell-s2425h-bac-23-8-inch-fhd-ips-100hz-4ms-2hdmi-loa-3-yrs-chinh-hang-bh-36-thang-p275568600.html?spid=276636429
275357244,Vỏ Máy Tính Case VSP AX5 Aquanaut ATX Gaming (Black/White) - Hàng Chính Hãng,490000.0,490000.0,0.0,0.0,0,30787,,https://tiki.vnvo-may-tinh-case-vsp-ax5-aquanaut-atx-gaming-black-white-hang-chinh-hang-p275357244.html?spid=275357248
275197304,"Hộp mực AZ 151A (W1510A) KHÔNG CHIP dùng cho máy in Hp 4003DN, MFP4103FDN PHẢI LẤY CHIP CŨ GẮN QUA - Hàng chính hãng",231000.0,231000.0,0.0,5.0,2,43974,,https://tiki.vnhop-muc-az-151a-w1510a-khong-chip-dung-cho-may-in-hp-4003dn-mfp4103fdn-phai-lay-chip-cu-gan-qua-hang-chinh-hang-p275197304.html?spid=275197305
275028938,Bộ Mở Rộng Sóng Wifi Mesh TP-Link RE315 Chuẩn AC1200 - HÀNG CHÍNH HÃNG,490000.0,899000.0,409000.0,5.0,2,1,,https://tiki.vnbo-mo-rong-song-wifi-mesh-tp-link-re315-chuan-ac1200-hang-chinh-hang-p275028938.html?spid=276450381
274763391,Bộ Phát WiFi Mesh TP-Link Deco S7 Chuẩn AC1900 - HÀNG CHÍNH HÃNG,1994050.0,3999000.0,2004950.0,0.0,0,1,,https://tiki.vnbo-phat-wifi-mesh-tp-link-deco-s7-chuan-ac1900-hang-chinh-hang-p274763391.html?spid=276450534
274382800,"[Phân phối] Key Kaspersky Plus 1 U, 1 năm - Hàng chính hãng",290000.0,290000.0,0.0,0.0,0,119621,,https://tiki.vnphan-phoi-key-kaspersky-plus-1-u-1-nam-hang-chinh-hang-p274382800.html?spid=274382801
273747677,DELL LATITUDE E3510 (I5-102104U/ RAM 16GB/ 256GB SSD NVME/ 15.6 INCH FULL HD) Hàng Chính Hãng,8290000.0,8290000.0,0.0,4.0,1,312039,,https://tiki.vndell-latitude-e3510-i5-102104u-ram-16gb-256gb-ssd-nvme-15-6-inch-full-hd-hang-chinh-hang-p273747677.html?spid=273747678
248434094,"Màn Chiếu Elite Screens Dòng Sable Frame B2, 100 inch Tỷ lệ Khung Hình 16:9 (Vùng hiển thị 124.5 x 221.5 cm) 1.3 Gain (SB100WH2) – Hàng Chính Hãng",7400000.0,7400000.0,0.0,0.0,0,329762,,https://tiki.vnman-chieu-elite-screens-dong-sable-frame-b2-100-inch-ty-le-khung-hinh-16-9-vung-hien-thi-124-5-x-221-5-cm-1-3-gain-sb100wh2-hang-chinh-hang-p248434094.html?spid=248434095
225918957,Máy Chiếu Vimgo P10 Full HD - Hàng Chính Hãng - BH 12 tháng - Hàng Chính Hãng,6490000.0,6490000.0,0.0,0.0,0,326402,,https://tiki.vnmay-chieu-vimgo-p10-full-hd-hang-chinh-hang-bh-12-thang-p225918957.html?spid=225918958
200007320,Pin dùng cho Laptop Lenovo ThinkPad T410 T412 T410I T420 T430 T510 T530 L410 L412 L420 L421 L510 L512 L520 - Hàng Nhập Khẩu  MIBAT551,366286.0,366286.0,0.0,0.0,0,308064,,https://tiki.vnpin-dung-cho-laptop-lenovo-thinkpad-t410-t412-t410i-t420-t430-t510-t530-l410-l412-l420-l421-l510-l512-l520-hang-nhap-khau-mibat551-p200007320.html?spid=200007321
197604876,"Hộp mực 76A (NOCHIP) hàng chính hãng VIET TONER CARTRIDGE dùng cho máy in HP LaserJet Pro M404dn, M404dw, M404n, MFP M428dw, M428fdn, M428fdw, M406dn, M430f - Cartridge CF276A / CF259A mới 100% [Fullbox]",180000.0,180000.0,0.0,5.0,1,47656,,https://tiki.vnhop-muc-76a-nochip-hang-chinh-hang-viet-toner-cartridge-dung-cho-may-in-hp-laserjet-pro-m404dn-m404dw-m404n-mfp-m428dw-m428fdn-m428fdw-m406dn-m430f-cartridge-cf276a-cf259a-moi-100-fullbox-p197604876.html?spid=197604877
192545660,Ổ Cứng SSD Transcend 220Q 2.5inch Hàng Chính Hãng,1400000.0,1400000.0,0.0,0.0,0,297193,,https://tiki.vno-cung-ssd-transcend-220q-2-5inch-hang-chinh-hang-p192545660.html?spid=192545661
188040084,USB Kingston DataTraveler Exodia M USB Flash Drive 32G / 64G / 128G / 256G - Hàng Chính Hãng,219000.0,219000.0,0.0,5.0,7,915,,https://tiki.vnusb-kingston-datatraveler-exodia-m-usb-flash-drive-32g-64g-128g-256g-hang-chinh-hang-p188040084.html?spid=207230176
158819413,USB 32GB SanDisk Ultra Dual Drive Luxe Type-C (SDDDC4-032G-G46)- Hàng chính hãng,499000.0,499000.0,0.0,0.0,0,915,,https://tiki.vnusb-32gb-sandisk-ultra-dual-drive-luxe-type-c-sdddc4-032g-g46-hang-chinh-hang-p158819413.html?spid=221225962
142656943,Card màn hình VGA Asus GT730-SL-2GD5 BRK - Hàng Chính Hãng,1900000.0,1900000.0,0.0,5.0,20,12395,,https://tiki.vncard-man-hinh-vga-asus-gt730-sl-2gd5-brk-hang-chinh-hang-p142656943.html?spid=150838750
136979185,Laptop HP 14s-dq2545TU 46M23PA (Core i5-1135G7/ 8GB/ 256GB/ 14HD/ Win10) - Hàng Chính Hãng,15990000.0,15990000.0,0.0,0.0,0,30787,,https://tiki.vnlaptop-hp-14s-dq2545tu-46m23pa--core-i5-1135g7--8gb--256gb--14hd--win10----hang-chinh-hang-p136979185.html?spid=168907673
134583939,USB 3.1 SanDisk Ultra Luxe CZ74 150MB/s (Bạc) - Hàng Chính Hãng,499000.0,499000.0,0.0,3.4,5,915,,https://tiki.vnusb-3-1-sandisk-ultra-luxe-cz74-64gb-150mb-s-bac-hang-chinh-hang-p134583939.html?spid=58734657
75345800,"(Combo 50 cuộn)  Giấy in nhiệt K57x45 - Giấy in Bill K57 - Giấy in hóa đơn K57 - Dùng cho các dòng máy in: XPRINTER, EPSON, BIXOLON, COGNITIVE, BIRCH, YAMAFUJI,C USTOM, SUPER PRINTER, TOPCASH, ANTECH, DATAPRINT, APOS, TAWA PRP, ATP",275000.0,275000.0,0.0,5.0,1,133440,,https://tiki.vnthung-50-cuon-giay-in-nhiet-inkmax-k57x45-hang-chinh-hang-su-dung-cho-may-xprinter-epson-prp-tawa-citizen-topcash-casio-p75345800.html?spid=75345801
32369578,Máy scan thông minh ET18 Pro-Czur - Hàng Chính Hãng,19360000.0,19360000.0,0.0,3.0,1,73779,,https://tiki.vnmay-scan-thong-minh-et18-pro-czur-hang-chinh-hang-p32369578.html?spid=32369579
25633624,Mini PC Intel NUC NUC5PPYH - Pentium N3700 -Win 10 home - Hàng Chính Hãng ( chưa bao gồm ổ lưu trữ (SSD / HDD) và RAM.),1900000.0,1900000.0,0.0,0.0,0,335727,,https://tiki.vnmini-pc-intel-nuc-nuc5ppyh-pentium-n3700-win-10-home-hang-chinh-hang-chua-bao-gom-o-luu-tru-ssd-hdd-va-ram-p25633624.html?spid=253414293
4981859,USB SanDisk CZ430 Ultra Fit 64GB - USB 3.1 - Hàng Chính Hãng,529000.0,529000.0,0.0,4.6,27,915,,https://tiki.vnusb-sandisk-cz430-ultra-fit-64gb-usb-3-1-hang-chinh-hang-p4981859.html?spid=11306098
511996,Bộ Phát Wifi Router 4G LTE Băng Tần Kép AC750 TP-Link Archer MR200 - Hàng Chính Hãng,1290000.0,1706800.0,416800.0,4.7,52,1,,https://tiki.vnbo-phat-wifi-router-4g-lte-bang-tan-kep-ac750-tp-link-archer-mr200-hang-chinh-hang-p511996.html?spid=229173
459248,Máy In Laser Đa Năng Brother MFC-L2701D - Hàng chính hãng,5500000.0,5700000.0,200000.0,4.5,24,1,,https://tiki.vnmay-in-laser-da-nang-brother-mfc-l2701d-hang-chinh-hang-p459248.html?spid=167555
452578,USB Transcend JetFlash 700 TS64GJF700 64GB - USB 3.0/3.1 - Hàng Chính Hãng ,409000.0,409000.0,0.0,4.2,6,915,,https://tiki.vnusb-transcend-jetflash-700-ts64gjf700-64gb-usb-3-0-hang-chinh-hang-p452578.html?spid=2302197
277984580,CASE MAGIC M-09 (MATX) - Hàng chính hãng,315000.0,315000.0,0.0,0.0,0,299528,,https://tiki.vncase-magic-m-09-matx-hang-chinh-hang-p277984580.html?spid=277984581
277827123,CASE MAGIC M-06 (MATX) - Hàng chính hãng,295000.0,295000.0,0.0,0.0,0,299528,,https://tiki.vncase-magic-m-06-matx-hang-chinh-hang-p277827123.html?spid=277827124
277497521,Máy In Laser Đa Năng Brother DCP-L2520D - Hàng Chính Hãng - 8C5H1300119,4800000.0,4800000.0,0.0,4.7,33,149312,,https://tiki.vnmay-in-laser-da-nang-brother-dcp-l2520d-hang-chinh-hang-p277497521.html?spid=71091932
277444714,"Wi-Fi Di Động 4G LTE Mercusys MT110 4G LTE đến 150Mbps, Thẻ SIM Cắm và Chạy, 10 Giờ Sử Dụng, Ứng Dụng Dễ Điều Khiển - Hàng chính hãng",655000.0,655000.0,0.0,4.0,2,1242,,https://tiki.vnwi-fi-di-dong-4g-lte-mercusys-mt110-4g-lte-den-150mbps-the-sim-cam-va-chay-10-gio-su-dung-ung-dung-de-dieu-khien-hang-chinh-hang-p277444714.html?spid=277444715
277270072,Máy Scan cầm tay Procam iScan 900DPI Cao Cấp - Hàng Nhập Khẩu,969000.0,969000.0,0.0,0.0,0,81456,,https://tiki.vnmay-scan-cam-tay-procam-iscan-900dpi-cao-cap-hang-nhap-khau-p277270072.html?spid=277270073
275957542,bộ chia quang quang 1x4 SC/APC hàng nhập khẩu,98000.0,98000.0,0.0,0.0,0,36209,,https://tiki.vnbo-chia-quang-quang-1x4-sc-apc-hang-nhap-khau-p275957542.html?spid=275957543
275453015,Hộp Mực 35A/85A dành cho HP P1102 P1102w M1136 M1130 M1132mf M1212nf M1139 Mực in Canon 6000 6030w 6030 3050 6018 312-325 MF 3010 -hàng chính hãng Alpha Cartridge ,117900.0,117900.0,0.0,0.0,0,183951,,https://tiki.vnhop-muc-35a-85a-danh-cho-hp-p1102-p1102w-m1136-m1130-m1132mf-m1212nf-m1139-muc-in-canon-6000-6030w-6030-3050-6018-312-325-mf-3010-hang-chinh-hang-alpha-cartridge-p275453015.html?spid=275453016
275340434,Màn hình LCD LG 22MR410-B 22inch FullHD VA 100Hz 5ms Hàng Chính Hãng,2300000.0,2300000.0,0.0,0.0,0,12395,,https://tiki.vnman-hinh-lcd-lg-22mr410-b-22inch-fullhd-va-100hz-5ms-hang-chinh-hang-p275340434.html?spid=275340435
275287479,"Màn Hình Di Động Viewsonic VG1655 16"" IPS FHD USB C- Hàng chính hãng ",5390000.0,5390000.0,0.0,0.0,0,3001,,https://tiki.vnman-hinh-di-dong-viewsonic-vg1655-16-ips-fhd-usb-c-hang-chinh-hang-p275287479.html?spid=275287480
275235865,Hộp mực dành cho Brother DCP 7535dw 7620dw 7640dw-HL B2000d B2080dw 2082dw 2100d 2180dw -MFC 7715dw 7810dw TN B022  Hàng chính hãng Alpha Cartridge,95000.0,95000.0,0.0,4.7,3,183951,,https://tiki.vnhop-muc-danh-cho-brother-dcp-b7535dw-hl-b2000d-b2082dw-b7715dw-tn-b022-co-lo-do-muc-hang-chinh-hang-alpha-cartridge-p275235865.html?spid=275235866
275230831,"Dây Nguồn PC - Cắm PC - Màn Hình Máy Tính - Nồi Cơm Điện - Ấm Nước - Nồi Lẩu, An toàn, Tiện Dụng -Hàng Nhập khẩuvv",100000.0,100000.0,0.0,0.0,0,353491,,https://tiki.vnbang-khoa-dan-dai-1m-den-day-quan-chong-roi-danh-cho-day-cap-tai-nghe-tien-dung-day-dan-day-buoc-cap-cuon-bang-keo-hang-chinh-hang-p275230831.html?spid=275230832
274575587,Màn hình Dell Ultrasharp U2417H 24 inch ips full viền - HÀNG CHÍNH HÃNG,3190000.0,3190000.0,0.0,5.0,1,312039,,https://tiki.vnman-hinh-dell-u2417h-hang-chinh-hang-p274575587.html?spid=274575588
274189610,Ổ Cứng Di Động SSD Siêu nhỏ Transcend ESD310 2TB USB 3.2 Gen2x1 TS2TESD310 - Hàng Chính Hãng,7790000.0,7790000.0,0.0,5.0,1,915,,https://tiki.vno-cung-di-dong-ssd-sieu-nho-transcend-esd310-2tb-usb-3-2-gen2x1-ts2tesd310-hang-chinh-hang-p274189610.html?spid=274189614
274039518,"Ram Laptop Crucial DDR5 16GB Bus 5600 CL46 SR x8, điện áp 1.1V - CT16G56C46S5 - Hàng chính hãng",5525000.0,5525000.0,0.0,0.0,0,224312,,https://tiki.vnram-laptop-crucial-ddr5-16gb-bus-5600-cl46-sr-x8-dien-ap-1-1v-ct16g56c46s5-hang-chinh-hang-p274039518.html?spid=274039519
274031664,Màn hình LCD CONG MSI PRO MP272C (27 Inch/FHD/VA/75HZ/5MS) - Hàng Chính Hãng,4350000.0,4350000.0,0.0,0.0,0,30787,,https://tiki.vnma-n-hi-nh-lcd-cong-msi-pro-mp272c-27-inch-fhd-va-75hz-5ms-ha-ng-chi-nh-ha-ng-p274031664.html?spid=274031665
273868914,USB 256GB SanDisk CZ600 - USB 3.0 - Hàng Chính Hãng ,899000.0,899000.0,0.0,0.0,0,915,,https://tiki.vnusb-256gb-sandisk-cz600-usb-3-0-hang-chinh-hang-p273868914.html?spid=273868915
273502827,[Tổng Hợp] Bộ kích sóng Wifi xuyên tường 5G 1200Mbps 5GHz Chuyên Dụng Chất Lượng Cao-  Hàng chính hãng,499000.0,499000.0,0.0,5.0,1,57154,,https://tiki.vntong-hop-bo-kich-song-wifi-xuyen-tuong-5g-1200mbps-5ghz-chuyen-dung-chat-luong-cao-nhap-khau-chinh-hang-p273502827.html?spid=273502834
273274789,Màn Hình Máy Tính Full Viền HIKVISION 24 inch Full HD 1080P - Hàng Chính Hãng,1530000.0,1530000.0,0.0,0.0,0,283233,,https://tiki.vnman-hinh-may-tinh-full-vien-hikvision-24-inch-full-hd-1080p-hang-chinh-hang-p273274789.html?spid=273274793
272903717,Màn Hình LG 32UR500-B 31.5 Inch ( 4K UHD/VA/60Hz/4ms ) - Hàng Chính Hãng,8000000.0,8000000.0,0.0,0.0,0,12395,,https://tiki.vnman-hinh-lg-32ur500-b-31-5-inch-4k-uhd-va-60hz-4ms-hang-chinh-hang-p272903717.html?spid=272964958
271583419,Ổ cứng SSD Lexar 128GB NS100 2.5-Inch SATA III LNS100-128RB | Hàng Chính Hãng,890000.0,890000.0,0.0,0.0,0,34716,,https://tiki.vno-cung-ssd-lexar-128gb-ns100-2-5-inch-sata-iii-lns100-128rb-hang-chinh-hang-p271583419.html?spid=271583420
263334513,USB 512GB Sandisk Ultra Flair CZ73 - Hàng chính hãng,2650000.0,2650000.0,0.0,5.0,1,915,,https://tiki.vnusb-512gb-sandisk-ultra-flair-cz73-hang-chinh-hang-p263334513.html?spid=276845317
251404043,Máy tính Dell Optiplex 5050 SFF core i7 7700 ổ SSD Nvme tốc độ cao cho Văn Phòng,5880000.0,5880000.0,0.0,0.0,0,312039,,https://tiki.vnmay-tinh-dell-optiplex-5050-sff-core-i7-7700-o-ssd-nvme-toc-do-cao-cho-van-phong-p251404043.html?spid=251404044
249389650,"USB SanDisk Extreme GO USB 3.2 Flash Drive, CZ810, USB3.2, Metal - Hàng Chính Hãng",1046000.0,1046000.0,0.0,0.0,0,128476,,https://tiki.vnusb-sandisk-extreme-go-usb-3-2-flash-drive-cz810-usb3-2-metal-hang-chinh-hang-p249389650.html?spid=249389654
217101143,Cáp mạng dạng tròn đen đúc sẵn Ugreen Cat6 UTP 26AWG Lan Cable NW102 - Hàng chính hãng,70000.0,70000.0,0.0,0.0,0,162514,,https://tiki.vncap-mang-dang-tron-den-duc-san-ugreen-cat6-utp-26awg-lan-cable-nw102-hang-chinh-hang-p217101143.html?spid=217101147
211312699,Bộ Mực Epson 673 6 màu C M Y K LC LM dành cho máy Epson 1390/1400/1430/L1800/L805/L800/L850- Hàng nhập khẩu,420000.0,420000.0,0.0,4.3,3,299569,,https://tiki.vnbo-muc-epson-673-6-mau-c-y-m-k-lm-lc-danh-cho-may-epson-l805-l850-l1800-l810-l800-hang-nhap-khau-p211312699.html?spid=211312700
200843129,Ổ Cứng 120GB Lexar NS100 2.5-Inch SATA III - HÀNG CHÍNH HÃNG,450000.0,450000.0,0.0,0.0,0,308336,,https://tiki.vno-cung-120gb-lexar-ns100-2-5-inch-sata-iii-hang-chinh-hang-p200843129.html?spid=200843130
197227183,"Máy chiếu mini Wanbo T6R Max Full HD tích hợp loa, Điều khiển bằng giọng nói, Có quai xách dễ mang đi, Kèm remote, Kho ứng dụng phong phú - Hàng Chính Hãng",6999000.0,6999000.0,0.0,0.0,0,36422,,https://tiki.vnmay-chieu-mini-wanbo-t6r-max-full-hd-tich-hop-loa-dieu-khien-bang-giong-noi-dien-thoai-co-quai-xach-de-mang-di-kem-remote-kho-ung-dung-phong-phu-hang-chinh-hang-bao-hanh-12-thang-p197227183.html?spid=204875070
165942582,"Màn hình máy tính Samsung LF24T370FWEXXV (24 Inch 1,920 x 1,080 / IPS / 75Hz /5ms / DP / HDMI / AMD FreeSync ) - Hàng Chính Hãng",2490000.0,2490000.0,0.0,0.0,0,3103,,https://tiki.vnman-hinh-may-tinh-samsung-lf24t370fwexxv-24-inch-1-920-x-1-080-ips-75hz-5ms-dp-hdmi-amd-freesync-hang-chinh-hang-p165942582.html?spid=275858647
158745927,Bộ Phát Router Wifi 6 TP-Link Archer AX23 Băng Tần Kép AX1800 - Hàng Chính Hãng,969000.0,969000.0,0.0,5.0,3,1242,,https://tiki.vnbo-phat-router-wifi-6-tp-link-archer-ax23-bang-tan-kep-ax1800-hang-chinh-hang-p158745927.html?spid=158745928
138463774,Combo 5 - Bộ 5 lọ mực nạp máy in Brother - Hàng nhập khẩu,220000.0,220000.0,0.0,4.6,5,2671,,https://tiki.vncombo-5-lo-muc-nap-may-in-brother-p138463774.html?spid=138463775
126107841,"Hộp mực máy in Canon 6030 hàng nhập khẩu - Hộp mực 325 dùng cho máy in Canon LBP 6000 6030, 6030w, 3050, 3100 - Cartridge 325 / 312 - 85A mới 100%",130000.0,130000.0,0.0,4.8,14,47656,,https://tiki.vnhop-muc-312-325-hang-chinh-hang-viettoner-dung-cho-may-in-lbp-6000-mf3010-6020-6030-6030w-f166400-6030dw-3050-3100-3150-laserjet-p1005-p1006-m1217nfw-p1102w-m1132-m1212nf-p1102-cartridge-312-325-moi-100-fullbox-p126107841.html?spid=126107842
85754942,Bộ Phát Wifi TP-Link Archer MR400 Băng Tần Kép 4G LTE AC1200 - Hàng Chính Hãng,1645000.0,1645000.0,0.0,5.0,4,1242,,https://tiki.vnbo-phat-wifi-tp-link-archer-mr400-bang-tan-kep-4g-lte-ac1200-hang-chinh-hang-p85754942.html?spid=161368194
74492803,Hộp mực in laser màu đen CRG 054bk cho máy in HP Color M254nw/ M254dw/ M280nw/ M281fdn/ M281fdw (CF540A -  203A) Canon imageCLASS MF642Cdw/MF641CW/MF643/MF644/MF645/ Canon LBP622cdw/LBP621CW/LBP623CDW- hàng nhập khẩu,210000.0,210000.0,0.0,5.0,9,2859,,https://tiki.vnhop-muc-in-laser-mau-den-crg-054bk-cho-may-in-hp-color-m254nw-m254dw-m280nw-m281fdn-m281fdw-cf541a-canon-imageclass-mf642cdw-mf641cw-mf643-mf644-mf645-canon-lbp622cdw-lbp621cw-lbp623cdw-hang-nhap-khau-p74492803.html?spid=74492804
71062970,Màn hình Dell S2421HN 23.8 inch IPS 75Hz - Hàng Chính hãng,3450000.0,3450000.0,0.0,4.5,4,30787,,https://tiki.vnma-n-hi-nh-dell-s2421hn-23-8-inch-ips-75hz-hang-chinh-hang-p71062970.html?spid=77703576
27609946,Ổ cứng SSD 128GB Lexar NS100 2.5-Inch SATA III_Hàng chính hãng,485000.0,485000.0,0.0,0.0,0,14927,,https://tiki.vno-cung-ssd-128gb-lexar-ns100-2-5-inch-sata-iii_hang-chinh-hang-p27609946.html?spid=183082048
24632509,Ổ cứng camera HDD WD Purple 1TB - Hàng Chính Hãng,2595000.0,2595000.0,0.0,0.0,0,298886,,https://tiki.vno-cung-camera-hdd-wd-purple-1tb-hang-chinh-hang-p24632509.html?spid=205845853
10706084,Ổ Cứng Di Động WD My Passport Ultra 1TB WDBC3C0010BSL-WESN,2790000.0,2790000.0,0.0,4.7,3,915,,https://tiki.vno-cung-di-dong-wd-my-passport-ultra-1tb-hang-chinh-hang-p10706084.html?spid=26741206
6816557,Vỏ Hộp đựng ổ cứng 3.5 inch Sata/USB 3.0 hỗ trợ 10TB UGREEN 50422 - Hàng Chính Hãng,539000.0,539000.0,0.0,4.6,14,915,,https://tiki.vnvo-hop-dung-o-cung-3-5-inch-sata-usb-3-0-ho-tro-10tb-ugreen-50422-hang-chinh-hang-p6816557.html?spid=30735364
2045593,Dây Cáp Mạng Ugreen CAT7 11270 (3m) - Hàng Chính Hãng,119000.0,119000.0,0.0,5.0,2,915,,https://tiki.vnday-cap-mang-ugreen-cat7-11270-3m-hang-chinh-hang-p2045593.html?spid=174630028
1582161,Bộ Phát Wifi Di Động 4G LTE TP-Link M7200 150Mbps - Hàng Chính Hãng,999000.0,1299000.0,300000.0,4.3,170,1,,https://tiki.vnbo-phat-wifi-di-dong-4g-lte-tp-link-m7200-2-4ghz-150mbps-hang-chinh-hang-p1582161.html?spid=1582163
278629367,Nas Synology DS225+ thiết bị lưu trữ mạng 2 bay ổ cứng dành cho cá nhân và doanh nghiệp nhỏ năm 2025 hàng chính hãng,9980000.0,9980000.0,0.0,0.0,0,184740,,https://tiki.vnnas-synology-ds225-thiet-bi-luu-tru-mang-2-bay-o-cung-danh-cho-ca-nhan-va-doanh-nghiep-nho-nam-2025-p278629367.html?spid=278629368
277968634,Màn hình Acer KA272 G0 (27 inch/ Full HD/ IPS/ 120Hz/ 1ms/ VGA/ HDMI/ Loa) - GiaPhucStore | Hàng Chính Hãng,2990000.0,2990000.0,0.0,0.0,0,34716,,https://tiki.vnman-hinh-acer-ka272-g0-27-inch-full-hd-ips-120hz-1ms-vga-hdmi-loa-giaphucstore-hang-chinh-hang-p277968634.html?spid=277968635
277726349,Máy in laser đen trắng HP 4003DN- HÀNG CHÍNH HÃNG ,8000000.0,8000000.0,0.0,0.0,0,1887,,https://tiki.vnmay-in-laser-den-trang-hp-4003dn-hang-chinh-hang-p277726349.html?spid=277726350
277508923,"Mực Estar CD-K0100M C0100M Y0100M M0100M dùng cho máy in  Canon G1000, G1010, G2000, G2010, G3000, G3010 100ml hàng chính hãng",27500.0,27500.0,0.0,0.0,0,43974,,https://tiki.vnmuc-estar-cd-k0100m-c0100m-y0100m-m0100m-dung-cho-may-in-canon-g1000-g1010-g2000-g2010-g3000-g3010-100ml-hang-chinh-hang-p277508923.html?spid=277514747
277343947,"Ổ cứng di động SSD BIWIN Amber PM2000 512GB / 1TB, USB 3.2 Gen 2×2 bảo hành 5 năm Hàng chính hãng",1800000.0,1800000.0,0.0,0.0,0,128476,,https://tiki.vno-cung-di-dong-ssd-biwin-amber-pm2000-512gb-1tb-usb-3-2-gen-2-2-bao-hanh-5-nam-hang-chinh-hang-p277343947.html?spid=277346999
276648504,Màn hình Philips 27E2N1500 QHD/ 27inch/ 2K/ 120Hz/ OC/ IPS/ 4ms - GiaPhucStore | Hàng Chính Hãng,4190000.0,4190000.0,0.0,0.0,0,34716,,https://tiki.vnman-hinh-philips-27e2n1500-qhd-27inch-2k-120hz-oc-ips-4ms-giaphucstore-hang-chinh-hang-p276648504.html?spid=276648505
276446451,Crucial P310 1TB PCIe Gen4 NVMe 2230 M.2 SSD-CT1000P310SSD2 - Hàng chính hãng,5988000.0,5988000.0,0.0,0.0,0,224312,,https://tiki.vncrucial-p310-1tb-pcie-gen4-nvme-2230-m-2-ssd-ct1000p310ssd2-hang-chinh-hang-p276446451.html?spid=276446452
276021234,Cụm Trống DR-2385 cho máy in Brother HL L2300/L2305/L2320/L2340/L2360/ L2365/L2380/L2520/L2540/L2700/L2740 - Hàng nhập khẩu,290000.0,290000.0,0.0,0.0,0,2859,,https://tiki.vncum-trong-dr-2385-cho-may-in-brother-hl-l2300-l2305-l2320-l2340-l2360-l2365-l2380-l2520-l2540-l2700-l2740-hang-nhap-khau-p276021234.html?spid=276021235
275495798,Sạc 65W Type C Charger For HP EliteBook X360 1030 G2 G3 G4 TPN-DA20 L67440-001 - hàng nhập khẩu,650000.0,650000.0,0.0,0.0,0,126154,,https://tiki.vnsac-65w-type-c-charger-for-hp-elitebook-x360-1030-g2-g3-g4-tpn-da20-l67440-001-hang-nhap-khau-p275495798.html?spid=275495799
275483422,Sạc dành cho Laptop HP Pavilion 15-bc series 15-BC016TX - hàng nhập khẩu,229000.0,229000.0,0.0,0.0,0,126154,,https://tiki.vnsac-danh-cho-laptop-hp-pavilion-15-bc-series-15-bc016tx-hang-nhap-khau-p275483422.html?spid=275483423
275281207,Ổ cứng di động SSD Transcend 1TB/2TB/4TB ESD410C 2000MB/s USB 3.2 GEN 2x2 type C – Hàng Chính Hãng,4690000.0,4690000.0,0.0,0.0,0,915,,https://tiki.vno-cung-di-dong-ssd-transcend-1tb-2tb-4tb-esd410c-2000mb-s-usb-3-2-gen-2x2-type-c-hang-chinh-hang-p275281207.html?spid=278021101
274406597,Bàn phím dành cho Laptop HP Probook 440 G9 445 G9 - Có Led hàng nhập khẩu ,550000.0,550000.0,0.0,0.0,0,126154,,https://tiki.vnban-phim-danh-cho-laptop-hp-probook-440-g9-445-g9-co-led-hang-nhap-khau-p274406597.html?spid=274406598
273711072,Ổ cứng cho NAS HAT3310-12T - Hàng Chính Hãng,10439000.0,10439000.0,0.0,0.0,0,15528,,https://tiki.vno-cung-cho-nas-hat3310-12t-hang-chinh-hang-p273711072.html?spid=273711073
273274857,Màn Hình Máy Tính Full Viền HIKVISION 27 inch Full HD 1080P - Hàng Chính Hãng,1530000.0,1530000.0,0.0,0.0,0,283233,,https://tiki.vnman-hinh-may-tinh-full-vien-hikvision-27-inch-full-hd-1080p-hang-chinh-hang-p273274857.html?spid=273274859
272209171,Bộ Phát WIFI  Từ Sim 4G/5G/LTE MF800 - Pin 2100mAh ( hoạt động 6-8h) - Bộ Phát WIFI Không Dây Kết Nối Tối Đa 10 Thiết Bị - Hàng Chính Hãng,349500.0,699000.0,349500.0,2.7,3,187121,,https://tiki.vnbo-phat-wifi-tu-sim-4g-5g-lte-mf800-pin-2100mah-hoat-dong-6-8h-bo-phat-wifi-khong-day-ket-noi-toi-da-10-thiet-bi-hang-chinh-hang-p272209171.html?spid=272209173
262887614,Bộ Phát Router WiFi 6 TP-Link Archer AX12 Băng Tần Kép AX1500 - Hàng Chính Hãng,765000.0,765000.0,0.0,5.0,4,1242,,https://tiki.vnbo-phat-router-wifi-6-tp-link-archer-ax12-bang-tan-kep-ax1500-hang-chinh-hang-p262887614.html?spid=274394912
252053351,"Màn Chiếu Elite Screens Dòng Aeon FALR5, 100 inch Tỷ lệ Khung Hình 16:9 (Vùng hiển thị 125 x 222 cm) Gain 1.1 (AR100H2-FALR5) – Hàng Chính Hãng",37000000.0,37000000.0,0.0,0.0,0,329762,,https://tiki.vnman-chieu-elite-screens-dong-aeon-falr5-100-inch-ty-le-khung-hinh-16-9-vung-hien-thi-125-x-222-cm-gain-1-1-ar100h2-falr5-hang-chinh-hang-p252053351.html?spid=252053352
251404017,"Máy tính văn phòng All-in-One Dell 3030 core i5 ổ ssd, wifi, màn hình 19.5 inch HD",4780000.0,4780000.0,0.0,0.0,0,312039,,https://tiki.vnmay-tinh-van-phong-all-in-one-dell-3030-core-i5-o-ssd-wifi-man-hinh-19-5-inch-hd-p251404017.html?spid=251404018
249052530,"Hộp mực máy in Canon 2900 hàng nhập khẩu dùng cho máy in Canon LBP 2900, 3000, MF4100, MF4122, MF4140, MF4150, MF4270, MF4320, MF4340D, MF4350D, MF4370D, MF4380D, MF4680, L11121E, FX9 - Cartridge 103 / 303 / 703 mới 100% - 12A",130000.0,130000.0,0.0,4.5,4,47656,,https://tiki.vnhop-muc-may-in-canon-2900-hang-nhap-khau-dung-cho-may-in-canon-lbp-2900-3000-mf4100-mf4122-mf4140-mf4150-mf4270-mf4320-mf4340d-mf4350d-mf4370d-mf4380d-mf4680-l11121e-fx9-cartridge-103-303-703-moi-100-12a-p249052530.html?spid=249052531
217547409,Màn Hình máy tính Viền Mỏng tràn viền 3 cạnh Samsung S3 S31C LS22C310EAEXXV 22 inch IPS 75Hz AMD Freesync - Hàng chính hãng,2100000.0,2100000.0,0.0,5.0,1,3103,,https://tiki.vnman-hinh-may-tinh-vien-mong-tran-vien-3-canh-samsung-s3-s31c-ls22c310eaexxv-22-inch-ips-75hz-amd-freesync-hang-chinh-hang-p217547409.html?spid=247666483
203995354,Máy Đếm Tiền - Máy Đếm Tiền Oudis 6900B - Hàng Chính Hãng,2850000.0,2850000.0,0.0,0.0,0,311782,,https://tiki.vnmay-dem-tien-may-dem-tien-oudis-6900b-hang-chinh-hang-p203995354.html?spid=203995355
200029850,Bàn Phím cho máy tính Dell A840 - Hàng Nhập Khẩu,218333.0,218333.0,0.0,0.0,0,308064,,https://tiki.vnban-phim-cho-may-tinh-dell-a840-phim-zin-hang-chinh-hang-mikey267-p200029850.html?spid=200029851
200009616,Pin dùng cho Laptop Dell Inspiron G7 15 7588 N7588A N7588B N7588C - Hàng Nhập Khẩu New Seal,1079401.0,1079401.0,0.0,0.0,0,308064,,https://tiki.vnpin-dung-cho-laptop-dell-inspiron-g7-15-7588-n7588a-n7588b-n7588c-hang-chinh-hang-mibat1432-p200009616.html?spid=200009618
192203264,Ổ Cứng Di Động WD Elements SE SSD Hàng Chính Hãng,8200000.0,8200000.0,0.0,0.0,0,296212,,https://tiki.vno-cung-di-dong-wd-elements-se-ssd-hang-chinh-hang-p192203264.html?spid=192203270
190514491,"Bộ xử lý Intel Core i5-10400F (2.9GHz - 4.3Ghz, 6 nhân 12 luồng, 12MB Cache, 65W) - Hàng chính hãng",2890000.0,2890000.0,0.0,0.0,0,30787,,https://tiki.vnbo-xu-ly-intel-core-i5-10400f-2-9ghz-4-3ghz-6-nhan-12-luong-12mb-cache-65w-hang-chinh-hang-p190514491.html?spid=195951177
186137328,Máy in laser đa năng Brother MFC-L2701DW - Hàng chính hãng,6750000.0,6750000.0,0.0,5.0,1,3103,,https://tiki.vnmay-in-laser-da-nang-brother-mfc-l2701dw-hang-chinh-minh-p186137328.html?spid=251281482
184618853,Màn hình HP EliteDisplay E24MV G4 23.8inch IPS/Loa/Webcam - Hàng chính hãng,6890000.0,6890000.0,0.0,0.0,0,30787,,https://tiki.vnma-n-hi-nh-hp-elitedisplay-e24mv-g4-23-8inch-ips-loa-webcam-ha-ng-chi-nh-ha-ng-p184618853.html?spid=192643534
90474865,"Soundcard XOX K10 10th Jubilee phiên bản tiếng Anh 2021 chuyên hát Thu âm, Livestream Bigo, Facebook",770000.0,770000.0,0.0,0.0,0,298269,,https://tiki.vnsoundcard-xox-k10-10th-jubilee-phien-ban-tieng-anh-2021-chuyen-hat-thu-am-livestream-bigo-facebook-p90474865.html?spid=195753728
36559373,Máy tính văn phòng mini Intel NUC7CJYS - Chưa bao gồm RAM & SSD - Hàng chính hãng,2200000.0,2200000.0,0.0,0.0,0,335727,,https://tiki.vnmay-tinh-van-phong-mini-intel-nuc7cjys-chua-bao-gom-ram-ssd-hang-chinh-hang-p36559373.html?spid=268911786
35349864,Màn hình VIEWSONIC 19 inch VA1903H (1366 x 768/TN/60Hz/5 ms) - Hàng chính hãng ,1490000.0,1490000.0,0.0,4.6,5,3103,,https://tiki.vnman-hinh-viewsonic-19-inch-va1903h-1366-x-768-tn-60hz-5-ms-hang-chinh-hang-p35349864.html?spid=52089650
20619985,Switch 5 Cổng Gigabit Desktop TP-LINK TL-SG1005D - Hàng Chính Hãng,324000.0,324000.0,0.0,5.0,2,15937,,https://tiki.vnswitch-5-cong-gigabit-desktop-tp-link-tl-sg1005d-hang-chinh-hang-p20619985.html?spid=188043546
20017816,USB Hoco 64GB - Hàn Chính Hãng,194000.0,194000.0,0.0,5.0,1,50766,,https://tiki.vnusb-hoco-64gb-han-chinh-hang-p20017816.html?spid=21258807
12222090,"Mực in phun Thuận Phong TP50 (1L) dùng cho tất cả các dòng máy in phun Epson, HP, Canon",190000.0,190000.0,0.0,4.8,9,2430,,https://tiki.vnmuc-in-phun-thuan-phong-tp50-1l-dung-cho-tat-ca-cac-dong-may-in-phun-epson-hp-canon-hang-chinh-hang-p12222090.html?spid=12222094
10723695,USB SanDisk Cruzer Blade usb 2.0 CZ50 32GB - Hàng Chính Hãng,319000.0,319000.0,0.0,4.0,5,915,,https://tiki.vnusb-sandisk-cruzer-blade-usb-2-0-cz50-32gb-hang-chinh-hang-p10723695.html?spid=135552571
4981861,USB SanDisk CZ430 Ultra Fit 128GB - USB 3.1 - Hàng Chính Hãng,769000.0,769000.0,0.0,5.0,24,915,,https://tiki.vnusb-sandisk-cz430-ultra-fit-128gb-usb-3-1-hang-chinh-hang-p4981861.html?spid=11306257
751218,Thiết Bị Phát Sóng Wifi Chuẩn N Tenda N301 (300Mbps) - Trắng - Hàng Chính Hãng,215000.0,215000.0,0.0,0.0,0,33551,,https://tiki.vnthiet-bi-phat-song-wifi-chuan-n-tenda-n301-300mbps-trang-hang-chinh-hang-p751218.html?spid=29643638
452576,USB Transcend JetFlash 700 TS32GJF700 32GB - USB 3.1 - Hàng Chính Hãng,319000.0,319000.0,0.0,5.0,18,915,,https://tiki.vnusb-transcend-jetflash-700-ts32gjf700-32gb-usb-3-1-hang-chinh-hang-p452576.html?spid=2302183
450686,Ổ Cứng Di Động Transcend StoreJet H3P 2TB USB 3.0/3.1 - TS2TSJ25H3P - Hàng Chính Hãng,3059000.0,3059000.0,0.0,0.0,0,915,,https://tiki.vno-cung-di-dong-transcend-storejet-h3p-2tb-usb-3-0-3-1-ts2tsj25h3p-hang-chinh-hang-p450686.html?spid=270447895
416625,Router Wifi Chuẩn N 300Mbps TP-Link TL-WR840N - Hàng Chính Hãng,266000.0,402900.0,136900.0,0.0,599,1,,https://tiki.vnrouter-wifi-chuan-n-300mbps-tp-link-tl-wr840n-hang-chinh-hang-p416625.html?spid=119791
278422769,USB Acer UT300 3.2 Gen1 USB-C & USB-A tốc độ upto 150MB/s BH 5 NĂM 1 ĐỔI 1 Hàng chính hãng,295000.0,295000.0,0.0,0.0,0,297182,,https://tiki.vnusb-acer-ut300-3-2-gen1-usb-c-usb-a-toc-do-upto-150mb-s-bh-5-nam-1-doi-1-hang-chinh-hang-p278422769.html?spid=278422771
278226873,USB Wifi TP-Link Wifi 6 AX300 Nano Wireless Archer TX1U Nano - Hàng chính hãng,149000.0,270000.0,121000.0,0.0,0,162514,,https://tiki.vnusb-wifi-6-tp-link-ax300-nano-wireless-archer-tx1u-nano-hang-chinh-hang-p278226873.html?spid=278226874
277962632,Máy in phun màu đa năng Brother DPC-T830DW - Hàng Chính Hãng,6590000.0,6590000.0,0.0,5.0,1,3103,,https://tiki.vnmay-in-phun-mau-da-nang-brother-dpc-t830dw-hang-chinh-hang-p277962632.html?spid=277962633
277937155,Dell Inspiron 14 Plus 7440 - Intel Core i5-12450H  Ram 16GB  SSD 512GB 14 inch FullHD + 250nits  Iced Blue - Hàng Chính Hãng,15000000.0,15000000.0,0.0,0.0,0,312039,,https://tiki.vndell-inspiron-14-plus-7440-intel-core-i5-12450h-ram-16gb-ssd-512gb-14-inch-fullhd-250nits-iced-blue-hang-chinh-hang-p277937155.html?spid=277937156
276985445,"USB Bluetooth 5.3 TP-Link UB500 Plus Chuẩn Bluetooth Mới nhất, Nhanh Hơn, Mạnh Mẽ Hơn - Hàng chính hãng",195000.0,195000.0,0.0,0.0,0,1242,,https://tiki.vnusb-bluetooth-5-3-tp-link-ub500-plus-chuan-bluetooth-moi-nhat-nhanh-hon-manh-me-hon-hang-chinh-hang-p276985445.html?spid=276985446
276882129,Ổ cứng SSD Acer Predator GM7000 NVMe PCIe Gen4 Gaming - Hàng chính hãng bảo hành 5 năm - Hàng chính hãng,8485000.0,8485000.0,0.0,0.0,0,128476,,https://tiki.vno-cung-ssd-acer-predator-gm7000-nvme-pcie-gen4-gaming-hang-chinh-hang-bao-hanh-5-nam-hang-chinh-hang-p276882129.html?spid=276882135
276798124,Hộp ổ cứng SSD ORICO M.2 NVME TypeC AXM2-G2-V1-GY-BP - Hàng Chính Hãng,649000.0,649000.0,0.0,0.0,0,15937,,https://tiki.vnhop-o-cung-ssd-orico-m-2-nvme-typec-axm2-g2-v1-gy-bp-hang-chinh-hang-p276798124.html?spid=276798125
276719245,Hộp ổ cứng SSD ORICO M.2 NVME TypeC AXM2-G2-GY-BP - Hàng Chính Hãng,595000.0,595000.0,0.0,5.0,1,15937,,https://tiki.vnhop-o-cung-ssd-orico-m-2-nvme-typec-axm2-g2-gy-bp-hang-chinh-hang-p276719245.html?spid=276719246
276513769,Chuột Không Dây Dell Wireless MS3320W - Hàng Chính Hãng,500000.0,500000.0,0.0,0.0,0,3103,,https://tiki.vnman-hinh-dell-ultrasharp-u3023e-30-inch-wqxga-ips-60hz-dp-hdmi-usb-c-hang-chinh-hang-p276513769.html?spid=276513806
276386250,Mực HA Brother B022: Cho máy in Brother B2080DW/ B2000/ B7535DW/ B7715DW ( Mã hộp mực: TN B022 ) - Hàng nhập khẩu,38000.0,38000.0,0.0,0.0,0,2671,,https://tiki.vnmuc-ha-brother-b022-cho-may-in-brother-b2080dw-b2000-b7535dw-b7715dw-ma-hop-muc-tn-b022-p276386250.html?spid=276386251
275793728,Túi mực Max Stars 3054 1kg: Dùng cho máy photocopy Ricoh MP 3554 _MP 2554 | 2555 | 3054 | 3554 | 3055 | 3555 | 4054 | 5054 | 6054 | 4055 | 5055 | 6055 | IM 2500 | IM 3000 | IM 3500 | IM 4000 | IM 5000 | IM 6000 ( HA - Hàng nhập khẩu ),400000.0,400000.0,0.0,0.0,0,2671,,https://tiki.vntui-muc-max-stars-3054-1kg-dung-cho-may-photocopy-ricoh-mp-3554-_mp-2554-2555-3054-3554-3055-3555-4054-5054-6054-4055-5055-6055-im-2500-im-3000-im-3500-im-4000-im-5000-im-6000-ha-hang-nhap-khau-p275793728.html?spid=275793729
275653644,Sạc Tương Thích Cho Laptop Máy Tinh Hp Notebook Pc Elietbook 8470W - Hàng Nhập Khẩu New Seal TEEMO PC TEAC713,281000.0,281000.0,0.0,0.0,0,287052,,https://tiki.vnsac-tuong-thich-cho-laptop-may-tinh-hp-notebook-pc-elietbook-8470w-hang-nhap-khau-new-seal-teemo-pc-teac713-p275653644.html?spid=275653646
275175374,Hộp mực TN B022 B027 - Mực in Brother DCP 7535dw 7620dw 7640dw-HL B2000d B2080dw 2082dw 2100d 2180dw -MFC 7715dw 7810dw Hàng chính hãng Alpha Cartridge,95000.0,95000.0,0.0,0.0,0,183951,,https://tiki.vnhop-muc-tn-b022-muc-in-brother-hl-b2000d-b2082dw-b7715dw-dcp-b7535dw-co-lo-do-muc-hang-chinh-hang-alpha-cartridge-p275175374.html?spid=275175375
273503286,Ruy băng mực màu R5F202S100 dùng cho Primacy 2 Hàng nhập khẩu,1550000.0,1550000.0,0.0,0.0,0,47812,,https://tiki.vnruy-bang-muc-mau-r5f202s100-dung-cho-primacy-2-hang-nhap-khau-p273503286.html?spid=273503287
273395255,Avast Premium Security (For 1 PC – 1 year)- Hàng chính hãng,155000.0,155000.0,0.0,4.8,67,1450,,https://tiki.vnavast-premium-security-for-1-pc-1-year-hang-chinh-hang-p273395255.html?spid=273395258
273277695,Thùng cáp mạng UNITEK CAT6/ CAT5 UTP ( Dây Cáp Xám) - Hàng Chính Hãng,820000.0,820000.0,0.0,0.0,0,30787,,https://tiki.vnthung-cap-mang-unitek-cat6-cat5-utp-day-cap-xam-hang-chinh-hang-p273277695.html?spid=274625452
271524873,Nguồn Meanwell HDR-60-5 Hàng nhập khẩu,468000.0,468000.0,0.0,0.0,0,321316,,https://tiki.vnnguon-meanwell-hdr-50-5-p271524873.html?spid=271524874
270248476,Máy chiếu Optoma ZW350 - Hàng chính hãng - ZAMACO AUDIO,35000000.0,35000000.0,0.0,0.0,0,19766,,https://tiki.vnmay-chieu-optoma-zw350-hang-chinh-hang-zamaco-audio-p270248476.html?spid=270248477
251404031,"Máy tính Dell Optiplex 3030 All-in-One core i7 ram 8GB, ổ SSD 240GB, wifi, màn 19.5 inch HD",9000000.0,9000000.0,0.0,0.0,0,312039,,https://tiki.vnmay-tinh-dell-optiplex-3030-all-in-one-core-i7-ram-8gb-o-ssd-240gb-wifi-man-19-5-inch-hd-p251404031.html?spid=251404032
248184839,(Giá Huỷ Diệt) Thiết Bị Chuyển Đổi USB Wi-Fi Nhỏ Gọn TP-Link Archer T2UB Nano Chuẩn Bluetooth 4.2 Tốc Độ Cao AC600 - Hàng Chính Hãng,280250.0,399000.0,118750.0,0.0,0,1,,https://tiki.vnthiet-bi-chuyen-doi-usb-wi-fi-nho-gon-tp-link-archer-t2ub-nano-chuan-bluetooth-4-2-toc-do-cao-ac600-hang-chinh-hang-p248184839.html?spid=276450416
217486427,USB 2.0 SanDisk Cruzer Blade CZ50 64GB - Hàng Chính Hãng,429000.0,429000.0,0.0,0.0,0,915,,https://tiki.vnusb-2-0-sandisk-cruzer-blade-cz50-64gb-hang-chinh-hang-p217486427.html?spid=262796271
206674146,"Hộp mực 26A hàng nhập khẩu - Dùng cho máy in HP LaserJet Pro M402n, M402d, M402dn, M402dne, M402dw, M426fdn, M426fdw, Canon LBP212dw, LBP214dw, MF426dw, MF424dw, MF421dw, LBP215x, MF429x - Cartridge CF226A mới 100% [Fullbox]",180000.0,180000.0,0.0,5.0,1,47656,,https://tiki.vnhop-muc-26a-hang-nhap-khau-dung-cho-may-in-hp-laserjet-pro-m402n-m402d-m402dn-m402dne-m402dw-m426fdn-m426fdw-canon-lbp212dw-lbp214dw-mf426dw-mf424dw-mf421dw-lbp215x-mf429x-cartridge-cf226a-moi-100-fullbox-p206674146.html?spid=206674147
200026823,Bàn phím cho laptop ASUS - N60 - Hàng Nhập Khẩu,199000.0,199000.0,0.0,0.0,0,308064,,https://tiki.vnban-phim-cho-laptop-asus-n60-phim-zin-hang-chinh-hang-mikey39-p200026823.html?spid=200026824
200023865,Sạc cho Laptop Dell Vostro 1400 1500 3300 3400 3500 1420 - Hàng Nhập Khẩu New Seal,217350.0,217350.0,0.0,0.0,0,308064,,https://tiki.vnsac-cho-laptop-dell-vostro-1400-1500-3300-3400-3500-1420-hang-chinh-hang-miac185-p200023865.html?spid=200023867
200009948,Pin cho Laptop Dell Vostro 14 3000 Series - M5Y1K - Hàng Nhập Khẩu New Seal,672439.0,672439.0,0.0,0.0,0,308064,,https://tiki.vnpin-cho-laptop-dell-vostro-14-3000-series-m5y1k-hang-chinh-hang-mibat1053-p200009948.html?spid=200009949
200007412,Pin 6 Cell dùng cho Laptop Dell Inspiron N3543 - Hàng Nhập Khẩu  MIBAT686,428438.0,428438.0,0.0,0.0,0,308064,,https://tiki.vnpin-6-cell-dung-cho-laptop-dell-inspiron-n3543-hang-nhap-khau-mibat686-p200007412.html?spid=200007413
197906287,Nhãn in Brady dùng cho máy in BMP41 - Hàng chính hãng,610000.0,610000.0,0.0,0.0,0,79199,,https://tiki.vnnhan-in-brady-dung-cho-may-in-bmp41-hang-chinh-hang-p197906287.html?spid=197906291
197192611,Màn hình Samsung LS34J550WQEXXV 34 inch/ 2K/ VA/ 75Hz/ 4ms/ 300 nits/ HDMI+DP/ FreeSync - Hàng Chính Hãng,6750000.0,6750000.0,0.0,5.0,1,3103,,https://tiki.vnman-hinh-samsung-ls34j550wqexxv-34-inch-2k-va-75hz-4ms-300-nits-hdmi-dp-freesync-hang-chinh-hang-p197192611.html?spid=197192612
190792429,Ổ cứng Nas Toshiba N300 Hàng Chính Hãng,6789000.0,6789000.0,0.0,4.5,5,295189,,https://tiki.vno-cung-nas-toshiba-n300-hang-chinh-hang-p190792429.html?spid=190792431
177145941,[ Hàng chính hãng ] Máy in nhãn Brother PT-P710BT,3339000.0,3339000.0,0.0,0.0,0,149312,,https://tiki.vnmay-in-nhan-brother-pt-p710bt-p177145941.html?spid=177145942
127367902,Chassis Supermicro CSE-733T-500B - Hàng chính hãng,3800000.0,3800000.0,0.0,0.0,0,224238,,https://tiki.vnchassis-supermicro-cse-733tq-500b-hang-chinh-hang-p127367902.html?spid=127367903
118686571,Bộ Thiết Bị Phát Wifi Tenda AC6 Cục Phát Sóng Wifi 4 Râu Siêu Phủ Sóng Siêu Tốc Độ -hàng chính hãng,510000.0,510000.0,0.0,0.0,0,30787,,https://tiki.vnbo-thiet-bi-phat-wifi-tenda-ac6-cuc-phat-song-wifi-4-rau-sieu-phu-song-sieu-toc-do-ohno-viet-nam-p118686571.html?spid=172380356
104652058,"Bo Mạch Chủ/Mainboard MSI H510M-A PRO (Intel H510, Socket 1200, m-ATX, 2 khe Ram DDR4)- Hàng chính hãng",1990000.0,1990000.0,0.0,5.0,1,30787,,https://tiki.vnbo-mach-chu-mainboard-msi-h510m-a-pro-intel-h510-socket-1200-m-atx-2-khe-ram-ddr4-hang-chinh-hang-p104652058.html?spid=167029346
76042152,"USB Thu Sóng Wifi KhoNCC Hàng Chính Hãng - Có Angten Bắt Sóng Cho Máy Tính Bàn, Laptop Hư Wifi - KPD-2652-USBThuWifi",122000.0,122000.0,0.0,4.1,7,762,,https://tiki.vnusb-thu-song-wifi-khoncc-hang-chinh-hang-co-angten-bat-song-cho-may-tinh-ban-laptop-hu-wifi-kpd-2652-usbthuwifi-p76042152.html?spid=76042153
16308170,"Hộp mực 48A cho máy in HP LaserJet Pro M15a, M28a, M28w",154000.0,154000.0,0.0,4.7,29,2859,,https://tiki.vnhop-muc-48a-cho-may-in-hp-laserjet-pro-m15a-m28a-m28w-p16308170.html?spid=67189431
12071716,Mực In Cho Máy HL-B series Brother TN-B022 Toner - Hàng Chính Hãng,505000.0,505000.0,0.0,4.8,78,3103,,https://tiki.vnmuc-in-cho-may-hl-b-series-brother-tn-b022-toner-hang-chinh-hang-p12071716.html?spid=36631049
11364940,(Bộ 10 chai) Mực đổ Thuận Phong TP03 (170g) dùng cho máy in HP / Canon - Hàng Chính Hãng,315000.0,315000.0,0.0,5.0,7,2430,,https://tiki.vnbo-10-chai-muc-do-thuan-phong-tp03-170g-dung-cho-may-in-hp-canon-hang-chinh-hang-p11364940.html?spid=11364941
3717809,"Bộ 4 Màu Mực in phun Thuận Phong TP50 (500ml) dùng cho máy in phun Epson, HP, Canon - Hàng Chính Hãng",420000.0,420000.0,0.0,5.0,16,2430,,https://tiki.vnbo-4-mau-muc-in-phun-thuan-phong-tp50-500ml-dung-cho-may-in-phun-epson-hp-canon-hang-chinh-hang-p3717809.html?spid=3717811
1403987,Nhãn In Tiêu Chuẩn TZE Brother Tze-231 Chữ Đen Trên Nền Trắng (12mm) - Hàng chính hãng,300000.0,300000.0,0.0,5.0,4,3103,,https://tiki.vnnhan-in-tieu-chuan-tze-brother-tze-231-chu-den-tren-nen-trang-12mm-hang-chinh-hang-p1403987.html?spid=72475931
754249,Bộ Kích Sóng Wifi Repeater Mercusys MW300RE 300Mbps - Hàng Chính Hãng,265000.0,265000.0,0.0,4.7,6,1242,,https://tiki.vnbo-kich-song-wifi-repeater-mercusys-mw300re-300mbps-hang-chinh-hang-p754249.html?spid=216434187
279003925,Vỏ Máy Tính Case Văn Phòng VSP V2896 Đen – Hàng Chính Hãng,163000.0,163000.0,0.0,0.0,0,30787,,https://tiki.vnvo-may-tinh-case-van-phong-vsp-v2896-den-hang-chinh-hang-p279003925.html?spid=279003926
278766627,Cụm drum DR 2385 TECH dùng cho máy in Brother HL L2321D/ L2361DN/ L2366DW/ L2520D/ MFC L2701D 12K - Hàng Nhập Khẩu,250000.0,250000.0,0.0,0.0,0,43974,,https://tiki.vncum-drum-dr-2385-tech-dung-cho-may-in-brother-hl-l2321d-l2361dn-l2366dw-l2520d-mfc-l2701d-12k-hang-nhap-khau-p278766627.html?spid=278766628
278498029,Box SSD TerraMaster D1 SSD Plus M.2 2280 NVMe 40Gbps Hàng chính hãng,3302000.0,3302000.0,0.0,0.0,0,297828,,https://tiki.vnbox-ssd-terramaster-d1-ssd-plus-m-2-2280-nvme-40gbps-hang-chinh-hang-p278498029.html?spid=278498030
277497377,Máy in laser đa năng trắng đen DCP-B7620DW - Hàng chính hãng,5695000.0,5695000.0,0.0,0.0,0,149312,,https://tiki.vnmay-in-laser-da-nang-trang-den-dcp-b7620dw-hang-chinh-hang-p277497377.html?spid=273328232
277279861,Dây cao áp máy in Brother: Dùng cho tất cả các mã máy in Brother A4 ( dây Corona ) - Hàng nhập khẩu.,50000.0,50000.0,0.0,0.0,0,2671,,https://tiki.vnday-cao-ap-cho-may-in-brother-dung-cho-tat-ca-cac-ma-may-in-brother-a4-day-corona-hang-nhap-khau-p277279861.html?spid=277279862
275842862,Bộ 3 cao su kéo giấy khay ADF Toshiba 756: Dùng cho máy photocopy Toshiba E 550/ 650/ 600/ 720/ 723/ 850/ 853/ 555/ 655/ 556/ 656/ 756/ 856/ 657/ 857 ( HA - Hàng nhập khẩu ),210000.0,210000.0,0.0,0.0,0,2671,,https://tiki.vnbo-3-cao-su-keo-giay-khay-adf-toshiba-756-dung-cho-may-photocopy-toshiba-e-550-650-600-720-723-850-853-555-655-556-656-756-856-657-857-ha-hang-nhap-khau-p275842862.html?spid=275842863
275793812,Túi mực TiTi 1kg: Dùng cho máy photocopy Toshiba E 550/ 650/ 600/ 720/ 723/ 850/ 853/ 555/ 655/ 755/ 656/ 756/ 856/ 657/ 757/ 857 ( HA - Hàng nhập khẩu ),310000.0,310000.0,0.0,0.0,0,2671,,https://tiki.vntui-muc-titi-1kg-dung-cho-may-photocopy-toshiba-e-550-650-600-720-723-850-853-555-655-755-656-756-856-657-757-857-ha-hang-nhap-khau-p275793812.html?spid=275793813
275713043,Bo mạch chủ Main ASUS PRIME A520M-K Socket AMD AM4 - Hàng Chính Hãng,1690000.0,1690000.0,0.0,0.0,0,30787,,https://tiki.vnbo-mach-chu-main-asus-prime-a520m-k-socket-amd-am4-hang-chinh-hang-p275713043.html?spid=275713044
275688980,Mực Konica TN513/ TN326/ TN515/ TN516: Cho máy photocopy Konica Minolta Bizhub 454/ 554/ 308/ 368/ 458/ 558 658 ( Hàng nhập khẩu ),410000.0,410000.0,0.0,0.0,0,2671,,https://tiki.vnmuc-konica-tn513-tn326-tn515-tn516-cho-may-photocopy-konica-minolta-bizhub-454-554-308-368-458-558-658-hang-nhap-khau-p275688980.html?spid=275688981
275653544,Sạc Tương Thích Cho Laptop Msi Raider Ge76 Rtx 3080Ti I9 12900Hk A20-330P1A 330W Ac Adapter Type Usb 3-Prong - TEEMO PC Hàng Nhập Khẩu,2520000.0,2520000.0,0.0,0.0,0,287052,,https://tiki.vnsac-tuong-thich-cho-laptop-msi-raider-ge76-rtx-3080ti-i9-12900hk-a20-330p1a-330w-ac-adapter-type-usb-3-prong-teemo-pc-hang-nhap-khau-p275653544.html?spid=275653545
275604025,"Pin dành cho Laptop Dell Inspiron 7537, 15 7537 hàng nhập khẩu.",790000.0,790000.0,0.0,0.0,0,126154,,https://tiki.vnpin-danh-cho-laptop-dell-inspiron-7537-15-7537-hang-nhap-khau-p275604025.html?spid=275604026
275504487,Sạc dành cho Laptop Lenovo (các loại)  20V - 45W/65W/90W chân cắm USB kim trong Hàng nhập khẩu,200000.0,200000.0,0.0,0.0,0,126154,,https://tiki.vnsac-danh-cho-laptop-lenovo-cac-loai-20v-45w-65w-90w-chan-cam-usb-kim-trong-p275504487.html?spid=275504526
275190766,"Hộp mực AZ 76A/057 [Chip 19A] dùng cho máy in Canon LBP 223DW, 226dw, MF445dw/ MF449x - Hàng chính hãng",242000.0,242000.0,0.0,0.0,0,43974,,https://tiki.vnhop-muc-az-76a-057-chip-19a-dung-cho-may-in-canon-lbp-223dw-226dw-mf445dw-mf449x-hang-chinh-hang-p275190766.html?spid=275190767
275025467,"Bộ phát Wifi TP-Link Archer C86 MU-MIMO - Chuẩn AC 1900Mpbs, Kết nối nhiều thiết bị, Phủ sóng rộng - HÀNG CHÍNH HÃNG",940500.0,1190000.0,249500.0,0.0,0,1,,https://tiki.vnbo-phat-wifi-tp-link-archer-c86-mu-mimo-chuan-ac-1900mpbs-ket-noi-nhieu-thiet-bi-phu-song-rong-hang-chinh-hang-p275025467.html?spid=276449676
270772127,"Khay Đựng Ổ Cứng ORICO 1125SS Hỗ Trợ gắn SSD/HDD 2.5"" vào khay 3.5"" trên PC - Hàng chính hãng ",164000.0,164000.0,0.0,5.0,5,915,,https://tiki.vnkhay-dung-o-cung-orico-1125ss-ho-tro-gan-ssd-hdd-2-5-vao-khay-3-5-tren-pc-hang-chinh-hang-p270772127.html?spid=271295052
262659973,"Mực In Phun Brother LC-563 Sử Dụng Cho Các Dòng Máy Brother MFC-J2310, J2510; MFC-J3720, J3520 - Hàng Chính Hãng",210000.0,210000.0,0.0,5.0,8,3103,,https://tiki.vnmuc-in-brother-lc-563-su-dung-cho-cac-dong-may-brother-mfc-j2310-j2510-mfc-j3720-j3520-hang-chinh-hang-p262659973.html?spid=270803936
251588294,Máy in nhãn Brother Cube PT-P710BT I Hàng Chính Hãng,2699000.0,2699000.0,0.0,0.0,0,3103,,https://tiki.vnmay-in-nhan-brother-cube-pt-p710bt-p251588294.html?spid=273409991
251404071,Máy tính Dell workstation Precision T5810 cpu 14 core vga Quadro 4gb chuyên đồ họa,20000000.0,20000000.0,0.0,0.0,0,312039,,https://tiki.vnmay-tinh-dell-workstation-precision-t5810-cpu-14-core-vga-quadro-4gb-chuyen-do-hoa-p251404071.html?spid=251404072
249391029,USB 2.0 SanDisk Cruzer Blade CZ50 32GB - Hàng Chính Hãng,119000.0,119000.0,0.0,0.0,0,128476,,https://tiki.vnusb-2-0-sandisk-cruzer-blade-cz50-32gb-hang-chinh-hang-p249391029.html?spid=249391031
247901058,"Màn Chiếu Elite Screens Dòng Aeon, 100 inch Tỷ lệ Khung Hình 16:9 (vùng hiển thị 124.5 x 221.4 cm) Gain 1.3 (AR100WH2) – Hàng Chính Hãng",14300000.0,14300000.0,0.0,0.0,0,329762,,https://tiki.vnelite-screens-dong-aeon-100-inch-ty-le-khung-hinh-16-9-vung-hien-thi-124-5-x-221-4-cm-gain-1-3-p247901058.html?spid=247901059
215217593,Màn hình LCD DELL ULTRASHARP U3023E (30 INCH WQXGA/IPS/60 HZ/DP/HDMI/USB-C) - Hàng Chính Hãng,18990000.0,18990000.0,0.0,0.0,0,30787,,https://tiki.vnman-hinh-lcd-dell-ultrasharp-u3023e-30-inch-wqxga-ips-60-hz-dp-hdmi-usb-c-hang-chinh-hang-p215217593.html?spid=215217594
204256437,Máy in laser không dây đơn năng Pantum P2505W ( In USB - In Wifi ) - Hàng Chính Hãng,2600000.0,2600000.0,0.0,4.0,1,8371,,https://tiki.vnmay-in-laser-don-nang-pantum-p2505w-in-usb-in-wifi-hang-chinh-hang-p204256437.html?spid=204256438
200026887,Bàn phím dùng cho laptop Dell Vostro 1440 1445 1450 1540 1550 2420 2520 3350 3450 3460 3550 3555 3560 V131  - Hàng Nhập Khẩu New Seal,205965.0,205965.0,0.0,0.0,0,308064,,https://tiki.vnban-phim-dung-cho-laptop-dell-vostro-1440-1445-1450-1540-1550-2420-2520-3350-3450-3460-3550-3555-3560-v131-phim-zin-hang-chinh-hang-mikey28-p200026887.html?spid=200026890
200026745,Bàn Phím cho Laptop Asus K45A  - Hàng Nhập Khẩu,205861.0,205861.0,0.0,5.0,1,308064,,https://tiki.vnban-phim-cho-laptop-asus-k45a-phim-zin-hang-chinh-hang-mikey7-p200026745.html?spid=200026746
200025701,Sạc dùng cho Máy Dell 19V/50-60Hz Chân Thường (chuẩn 4.5mm x 3.0mm ) - Hàng Nhập Khẩu New Seal,237532.0,237532.0,0.0,0.0,0,308064,,https://tiki.vnsac-dung-cho-may-dell-19v-50-60hz-chan-thuong-chuan-4-5mm-x-3-0mm-hang-chinh-hang-miac441-p200025701.html?spid=200025702
200024174,Sạc Laptop dùng cho Máy Tinh HP - Kèm Dây Nguồn - HP EliteBook 8440p - Hàng Nhập Khẩu New Seal,232771.0,232771.0,0.0,5.0,1,308064,,https://tiki.vnsac-laptop-dung-cho-may-tinh-hp-kem-day-nguon-hp-elitebook-8440p-hang-chinh-hang-miac384-p200024174.html?spid=200024175
200023892,Sạc dùng cho laptop Dell P28F Adapter - Hàng Nhập Khẩu New Seal,216211.0,216211.0,0.0,0.0,0,308064,,https://tiki.vnsac-dung-cho-laptop-dell-p28f-adapter-hang-chinh-hang-miac150-p200023892.html?spid=200023893
200009243,Pin dùng cho Laptop Dell Inspiron G7 7591- 56wh - Hàng Nhập Khẩu New Seal,1240439.0,1240439.0,0.0,0.0,0,308064,,https://tiki.vnpin-dung-cho-laptop-dell-inspiron-g7-7591-56wh-hang-chinh-hang-mibat1521-p200009243.html?spid=200009244
200008951,Pin cho Laptop Dell Latitude E6220 E6230 E6320 E6330 - Hàng Nhập Khẩu  MIBAT745,466681.0,466681.0,0.0,5.0,1,308064,,https://tiki.vnpin-cho-laptop-dell-latitude-e6220-e6230-e6320-e6330-hang-nhap-khau-mibat745-p200008951.html?spid=200008953
200008175,Pin dùng cho Laptop Dell Vostro 5568 - Hàng Nhập Khẩu New Seal,820651.0,820651.0,0.0,5.0,2,308064,,https://tiki.vnpin-dung-cho-laptop-dell-vostro-5568-hang-chinh-hang-mibat1214-p200008175.html?spid=200008176
200007252,Pin dùng cho laptop HP Pavilion Sleekbook 14 Vk04 - Hàng Nhập Khẩu MIBAT383,360180.0,360180.0,0.0,0.0,0,308064,,https://tiki.vnpin-dung-cho-laptop-hp-pavilion-sleekbook-14-vk04-hang-nhap-khau-mibat383-p200007252.html?spid=200007253
200007097,Pin dùng cho Laptop HP 15-N052TX | Battery HP Pavilion 15-N052TX - Hàng Nhập Khẩu  MIBAT182,360180.0,360180.0,0.0,0.0,0,308064,,https://tiki.vnpin-dung-cho-laptop-hp-15-n052tx-battery-hp-pavilion-15-n052tx-hang-nhap-khau-mibat182-p200007097.html?spid=200007098
183989397,"Khay ổ cứng (Caddy bay) gắn SSD,HDD 2.5 &amp; 3.5"" cho máy bàn Orico AC52535-1S-V1-SV-BP - Hàng Chính Hãng",139000.0,139000.0,0.0,5.0,2,6975,,https://tiki.vnkhay-o-cung-caddy-bay-gan-ssd-hdd-2-5-amp-3-5-cho-may-ban-orico-ac52535-1s-v1-sv-bp-hang-chinh-hang-p183989397.html?spid=183989398
148013063,Bộ chia mạng 5 cổng tốc độ 1000Mbps Switch SG105 Tenda hàng chính hãng,305000.0,305000.0,0.0,0.0,0,30787,,https://tiki.vnbo-chia-mang-5-cong-toc-do-1000mbps-switch-sg105-tenda-hang-chinh-hang-p148013063.html?spid=190807386
91512106,Case máy tính XIGMATEK VERA (EN45730) - PREMIUM GAMING E-ATX hàng chính hãng ,2598700.0,2598700.0,0.0,0.0,0,179988,,https://tiki.vncase-may-tinh-xigmatek-vera-en45730-premium-gaming-e-atx-hang-chinh-hang-p91512106.html?spid=91512241
87010695,Màn hình LCD MSI Optix MAG274R 27Inch FHD 144Hz - Hàng Chính Hãng,4500000.0,4500000.0,0.0,0.0,0,12395,,https://tiki.vnman-hinh-lcd-msi-optix-mag274r-27inch-fhd-144hz-hang-chinh-hang-p87010695.html?spid=87010696
29881955,Combo 10 cuốn Biên lai thu tiền 2 liên - 15 x 10.5cm,120000.0,120000.0,0.0,5.0,1,140258,,https://tiki.vncombo-10-cuon-bien-lai-thu-tien-2-lien-15-x-10-5cm-p29881955.html?spid=87896398
7747967,Mực In Brother BT6000BK - Hàng Chính Hãng,215000.0,215000.0,0.0,0.0,0,3103,,https://tiki.vnmuc-in-brother-bt6000bk-hang-chinh-hang-p7747967.html?spid=271311152
2249747,Ổ Cứng Di Động Transcend M3S 2TB Slim USB 3.0/3.1 TS2TSJ25M3S - Hàng Chính Hãng,2990000.0,2990000.0,0.0,5.0,2,915,,https://tiki.vno-cung-di-dong-transcend-m3s-2tb-slim-usb-3-0-3-1-ts2tsj25m3s-hang-chinh-hang-p2249747.html?spid=2395627
1403967,Nhãn In Tiêu Chuẩn TZE Brother Tze-631 Chữ Đen Trên Nền Vàng (12mm) - Hàng Chính Hãng,300000.0,300000.0,0.0,0.0,0,3103,,https://tiki.vnnhan-in-tieu-chuan-tze-brother-tze-631-chu-den-tren-nen-vang-12mm-hang-chinh-hang-p1403967.html?spid=220672291
279004045,Vỏ Máy Tính Case VSP Aqual X2-M Đen – Hàng Chính Hãng,364000.0,364000.0,0.0,0.0,0,30787,,https://tiki.vnvo-may-tinh-case-vsp-aqual-x2-m-den-hang-chinh-hang-p279004045.html?spid=279004046
278498242,Thiết bị lưu trữ DAS TerraMaster D5 Hybrid Hàng chính hãng,6605000.0,6605000.0,0.0,0.0,0,297828,,https://tiki.vnthiet-bi-luu-tru-das-terramaster-d5-hybrid-hang-chinh-hang-p278498242.html?spid=278498243
278020762,USB 64GB Sandisk Phone Drive for Android SDDDC6-064G-G46 (Type C+Type A)- Hàng chính hãng,539000.0,539000.0,0.0,0.0,0,915,,https://tiki.vnusb-64gb-sandisk-phone-drive-for-android-sdddc6-064g-g46-type-c-type-a-hang-chinh-hang-p278020762.html?spid=278020770
277936690,"Laptop Dell Inspiron 7472, Core i5-8250U, Ram 8GB, SSD 128GB, 14 inch Full HD, VGA 2G - Hàng Chính Hãng",8700000.0,8700000.0,0.0,0.0,0,312039,,https://tiki.vnlaptop-dell-inspiron-7472-core-i5-8250u-ram-8gb-ssd-128gb-14-inch-full-hd-vga-2g-hang-chinh-hang-p277936690.html?spid=277936691
277923022,Combo bộ thiết bị lưu trữ NAS TerraMaster F4-424 Pro kèm 1 ổ cứng NAS N300 3.5inch 24/7 Hàng chính hãng,26245000.0,26245000.0,0.0,0.0,0,297828,,https://tiki.vnbo-o-cung-mang-nas-terramaster-f4-424-pro-n300-hang-chinh-hang-p277923022.html?spid=278504773
277772491,Màn chiếu di động gấp gọn ngoài trời 2 chân ApolloTỷ lệ 16:9- Hàng nhập khẩu,963000.0,963000.0,0.0,5.0,1,36422,,https://tiki.vnman-chieu-di-dong-gap-gon-ngoai-troi-2-chan-apolloty-le-16-9-hang-nhap-khau-p277772491.html?spid=277772493
277745341,Máy in Laser trắng đen Canon LBP6030- HÀNG NHẬP KHẨU,3800000.0,3800000.0,0.0,0.0,0,1887,,https://tiki.vnmay-in-laser-trang-den-canon-lbp6030-hang-nhap-khau-p277745341.html?spid=277745342
277228778,Máy Chiếu Mini Siêu Nét Kết Nối Bluetooth Wifi Chạy Hệ Điều Hành Android W2S Cao Cấp - Hàng Nhập Khẩu,2925000.0,2925000.0,0.0,0.0,0,81456,,https://tiki.vnmay-chieu-mini-sieu-net-ket-noi-bluetooth-wifi-chay-he-dieu-hanh-android-w2s-cao-cap-hang-nhap-khau-p277228778.html?spid=277228779
275893560,Mực mầu đỏ dùng cho photocopy Ricoh MPC 3003 | 3503 | 4503 | 5503 | 6003 | 4504 | 6004 | 2011 | 2004 | 3002 | 3502 | 4502 | 5002 | 5502 | SPC430 | 431 | 435 | 440 | 6000 | 6501 | 6502 | 8002 | 8003| 651| 751 ( HA - Hàng nhập khẩu ),480000.0,480000.0,0.0,0.0,0,2671,,https://tiki.vnmuc-mau-do-dung-cho-photocopy-ricoh-mpc-3003-3503-4503-5503-6003-4504-6004-2011-2004-3002-3502-4502-5002-5502-spc430-431-435-440-6000-6501-6502-8002-8003-651-751-ha-hang-nhap-khau-p275893560.html?spid=275893561
275867088,Keo Tản Nhiệt ARCTICC MX4 - 4g - Hàng Nhập Khẩu,180000.0,180000.0,0.0,4.5,4,353491,,https://tiki.vnkeo-tan-nhiet-arcticc-mx4-4g-2019-hang-nhap-khau-p275867088.html?spid=275867089
275788662,Sound card âm thanh USB 7.1 CH cho máy tính PC - Hàng Nhập Khẩu,150000.0,150000.0,0.0,0.0,0,353491,,https://tiki.vnsound-card-am-thanh-usb-7-1-ch-cho-may-tinh-pc-hang-nhap-khau-p275788662.html?spid=275788663
275632664,Pin Tương Thích Cho Laptop Asus X83 Series Như X83 X83V - Hàng Nhập Khẩu New Seal TEEMO PC TEBAT1511,419000.0,419000.0,0.0,0.0,0,287052,,https://tiki.vnpin-tuong-thich-cho-laptop-asus-x83-series-nhu-x83-x83v-hang-nhap-khau-new-seal-teemo-pc-tebat1511-p275632664.html?spid=275632665
275501355,"Hộp mực 12A/303/FX9 Universal dùng cho máy in HP 1010/1012../1020/1022/3015/3020.../3055/MF4010/4020..., Canon 2900/3000....MF4680/MF4150/ MF4130/MF4120/4270/4010... - Hàng nhập khẩu",145000.0,145000.0,0.0,0.0,0,2859,,https://tiki.vnhop-muc-12a-303-fx9-universal-dung-cho-may-in-hp-1010-1012-1020-1022-3015-3020-3055-mf4010-4020-canon-2900-3000-mf4680-mf4150-mf4130-mf4120-4270-4010-hang-nhap-khau-p275501355.html?spid=275501375
275452960,Hộp mực 78A 326 328 dành cho Canon 6200d 6230dn P1560/1536/P1566/1600/P1606DN MF4410/4570/4580dn/4780w Hàng chính hãng Alpha Cartridge,127000.0,127000.0,0.0,2.3,3,183951,,https://tiki.vnhop-muc-78a-326-328-danh-cho-canon-6200d-6230dn-p1560-1536-p1566-1600-p1606dn-mf4410-4570-4580dn-4780w-hang-chinh-hang-alpha-cartridge-p275452960.html?spid=275452961
275190661,Hộp mực 119A W2090A/ W2091A/ W2092A/ W2093A AZ CÓ CHIP dùng cho máy in Hp 150a/ 150nw/ 178nw/ 179fnw - hàng chính hãng,352000.0,352000.0,0.0,0.0,0,43974,,https://tiki.vnhop-muc-119a-w2090a-w2091a-w2092a-w2093a-az-co-chip-dung-cho-may-in-hp-150a-150nw-178nw-179fnw-hang-chinh-hang-p275190661.html?spid=275190667
274508533,Ổ cứng SSD di động 1TB SSD Crucial X9 USB 3.2 Gen-2 2x2 CT1000X9SSD9 - HÀNG CHÍNH HÃNG,3990000.0,3990000.0,0.0,5.0,2,224312,,https://tiki.vno-cung-ssd-di-dong-1tb-ssd-crucial-x9-usb-3-2-gen-2-2x2-ct1000x9ssd9-hang-chinh-hang-p274508533.html?spid=274508534
274383317,"[Phân phối] Key Kaspersky Plus 3U, 1 năm - Hàng chính hãng",530000.0,530000.0,0.0,0.0,0,119621,,https://tiki.vnphan-phoi-key-kaspersky-plus-3u-1-nam-hang-chinh-hang-p274383317.html?spid=274383318
274189341,Ổ cứng gắn ngoài SSD Transcend ESD270C USB 3.1 Gen 2 type C - Hàng Chính Hãng,2190000.0,2190000.0,0.0,0.0,0,915,,https://tiki.vno-cung-gan-ngoai-ssd-transcend-esd270c-usb-3-1-gen-2-type-c-ha-ng-chi-nh-ha-ng-p274189341.html?spid=274189345
273406711,Máy in laser đen trắng Brother MFC-B7810DW (A4/A5/ In/ Copy/ Scan/ Fax/ Đảo mặt/ ADF/ USB/ LAN/ WIFI) - Hàng Chính Hãng,6600000.0,6600000.0,0.0,0.0,0,3103,,https://tiki.vnmay-in-laser-den-trang-brother-mfc-b7810dw-a4-a5-in-copy-scan-fax-dao-mat-adf-usb-lan-wifi-hang-chinh-hang-p273406711.html?spid=273406712
252587257,"Màn hình chuyên Gaming K-Vision Cong 27 inch ,Tràn viền , 165hz - IPS - FHD , Hàng chính hãng - Bảo hành 24 Tháng",3690000.0,3690000.0,0.0,0.0,0,312039,,https://tiki.vnman-hinh-chuyen-gaming-k-vision-cong-27-inch-tran-vien-165hz-ips-fhd-hang-chinh-hang-bao-hanh-24-thang-p252587257.html?spid=252587258
252587215,MÀN HÌNH FULL VIỀN K-vison 24 inch -MÀU ĐEN - FUll HD 1920x1080 - Chống Lóa - Tần số 75Hz - Hàng Chính Hãng,1790000.0,1790000.0,0.0,1.0,1,312039,,https://tiki.vnman-hinh-cong-full-vien-k-vison-24-inch-mau-den-full-hd-1920x1080-chong-loa-tan-so-75hz-hang-chinh-hang-p252587215.html?spid=252587216
248428704,"Màn Chiếu Elite Screens Dòng Yard Master 2, 135 inch Tỷ lệ Khung Hình 16:9 (Vùng hiển thị 168.1 x 299 cm) 1.3 Gain (OMS135H2) – Hàng Chính Hãng",9100000.0,9100000.0,0.0,0.0,0,329762,,https://tiki.vnman-chieu-elite-screens-dong-yard-master-2-135-inch-ty-le-khung-hinh-16-9-vung-hien-thi-168-1-x-299-cm-1-3-gain-oms135h2-hang-chinh-hang-p248428704.html?spid=248428705
200771910,"Màn hình máy tính Viewsonic VA2432-H 24″ FHD IPS 75Hz (VGA, HDMI) - HÀNG CHÍNH HÃNG ",2790000.0,2790000.0,0.0,0.0,0,308336,,https://tiki.vnman-hinh-may-tinh-viewsonic-va2432-h-24-fhd-ips-75hz-vga-hdmi-hang-chinh-hang-p200771910.html?spid=200771911
200032037,Bàn phím dùng cho Macbook Air 13 inch A1369 A1466 MIKEY2078,465761.0,465761.0,0.0,0.0,0,308064,,https://tiki.vnban-phim-dung-cho-macbook-air-13-inch-a1369-a1466-mikey2078-p200032037.html?spid=200032038
200025869,Adapter Sạc Cho Laptop ASUS ASUSPRO ZENBOOK 19V 3.42A Vuông Đầu Cắm 4.5mm Kim Nhỏ - Hàng Nhập Khẩu New Seal,351072.0,351072.0,0.0,0.0,0,308064,,https://tiki.vnadapter-sac-cho-laptop-asus-asuspro-zenbook-19v-3-42a-vuong-dau-cam-4-5mm-kim-nho-hang-chinh-hang-miac918-p200025869.html?spid=200025871
198924462,Router Wifi AC Xiaomi 4A Gigabit Trắng - Hàng chính hãng - Router phát wifi XIaomi chính hãng Trải nghiệm wifi tốc độ cao,450000.0,790000.0,340000.0,5.0,1,1,,https://tiki.vnrouter-wifi-ac-xiaomi-4a-gigabit-trang-hang-chinh-hang-router-phat-wifi-xiaomi-chinh-hang-trai-nghiem-wifi-toc-do-cao-p198924462.html?spid=275904230
192445382,Ổ Cứng Gắn Ngoài HDD Toshiba Canvio Advance Hàng Chính Hãng,3960000.0,3960000.0,0.0,5.0,1,128476,,https://tiki.vno-cung-gan-ngoai-hdd-toshiba-canvio-advance-hang-chinh-hang-p192445382.html?spid=192445406
188687252,Bộ VXL Intel Core i3-10100F Comet Lake- Hàng chính hãng,2050000.0,2050000.0,0.0,0.0,0,30787,,https://tiki.vnbo-vxl-intel-core-i3-10100f-comet-lake-hang-chinh-hang-p188687252.html?spid=195951199
168155405,Hộp đựng Ổ Cứng 2’5 màu trắng trong ORICO 2139US3 - Hàng Chính Hãng,165000.0,165000.0,0.0,5.0,6,6975,,https://tiki.vnhdd-box-o-cung-2-5-ssd-orico-2139u3-usb-3-0-hang-phan-phoi-chinh-hang-p168155405.html?spid=168155406
158820238,USB 128GB SanDisk Ultra Dual Drive Luxe Type-C (SDDDC4-128G-G46)- Hàng chính hãng,829000.0,829000.0,0.0,4.7,11,915,,https://tiki.vnusb-128gb-sandisk-ultra-dual-drive-luxe-type-c-sdddc4-128g-g46-hang-chinh-hang-p158820238.html?spid=198199281
147763775,Máy in đa chức năng HP LaserJet M236dw (9YF95A)- Hàng chính hãng,4890000.0,6490000.0,1600000.0,5.0,2,1,,https://tiki.vnmay-in-da-chuc-nang-hp-laserjet-m236dw-9yf95a-hang-chinh-hang-p147763775.html?spid=275752113
108843366,Tp-Link MR100 | Router Wi-Fi 4G LTE Chuẩn N Tốc Độ 300 Mbps | Hàng Chính Hãng,790000.0,1020000.0,230000.0,0.0,0,1,,https://tiki.vntp-link-mr100-router-wi-fi-4g-lte-chuan-n-toc-do-300-mbps-hang-chinh-hang-p108843366.html?spid=276450675
107033614,Nhãn in Brother TZe-251 chữ đen trên nền trắng (24mm) - Hàng chính hãng,399000.0,399000.0,0.0,0.0,0,3103,,https://tiki.vnnhan-in-brother-tze-251-chu-den-tren-nen-trang-24mm-hang-chinh-hang-p107033614.html?spid=220672351
92670336,Phần mềm thiết kế GreatCAD phiên bản tiêu chuẩn 1.0.9.0 - Giao diện tiếng Việt (USB/04/2021) - Hàng Chính Hãng - Bản quyền 01 Năm,447000.0,447000.0,0.0,0.0,0,82256,,https://tiki.vnphan-mem-thiet-ke-greatcad-phien-ban-tieu-chuan-1-0-9-0-giao-dien-tieng-viet-usb-04-2021-hang-chinh-hang-ban-quyen-01-nam-p92670336.html?spid=92670338
78021336,Máy tính văn phòng C800 (Core i5/ SSD 240 GB/ RAM 4GB/ 23.8 inch LED) - Hàng chính hãng,10500000.0,10500000.0,0.0,0.0,0,6298,,https://tiki.vnmay-tinh-van-phong-c800-core-i5-ssd-240-gb-ram-4gb-23-8-inch-led-hang-chinh-hang-p78021336.html?spid=91774257
13366221,MÁY IN LASER MÀU ĐA NĂNG MFC-L8690CDW-Hàng Chính Hãng,14790000.0,14790000.0,0.0,0.0,0,3103,,https://tiki.vnmay-in-laser-mau-da-nang-mfc-l8690cdw-hang-chinh-hang-p13366221.html?spid=254076989
2249749,Ổ Cứng Di Động Transcend M3G 2TB Slim USB 3.0/3.1 - Hàng Chính Hãng,2990000.0,2990000.0,0.0,0.0,0,915,,https://tiki.vno-cung-di-dong-transcend-m3g-2tb-slim-usb-3-0-3-1-hang-chinh-hang-p2249749.html?spid=2396001
575590,Khay Ổ Cứng Laptop (Caddy Bay) ORICO L127SS (12.7mm) - Hàng Chính Hãng,205000.0,205000.0,0.0,4.5,10,6975,,https://tiki.vnkhay-o-cung-laptop-caddy-bay-orico-l127ss-12-7mm-hang-chinh-hang-p575590.html?spid=3564669
562293,Linksys LGS105 - Unmanaged Switch - Hàng Chính Hãng,960000.0,960000.0,0.0,5.0,5,12395,,https://tiki.vnlinksys-lgs105-unmanaged-switch-hang-chinh-hang-p562293.html?spid=13934346
533264,Màn Hình Dell E2016HV 19.5inch (1600 x 900) 5ms 60Hz VGA - Hàng Chính Hãng,2020000.0,2020000.0,0.0,0.0,0,1377,,https://tiki.vnman-hinh-dell-e2016hv-20inch-hd-5ms-60hz-tn-hang-chinh-hang-p533264.html?spid=32581973
279122313,"Laptop HP 240 G10 14 inch i3-1315U Gen 13, RAM 8GB, SSD 512GB (9H2E0PT)  - Hàng chính hãng",12900000.0,12900000.0,0.0,0.0,0,125381,,https://tiki.vnlaptop-hp-240-g10-14-inch-i3-1315u-gen-13-ram-8gb-ssd-512gb-9h2e0pt-hang-chinh-hang-p279122313.html?spid=279122314
278686688,Router wifi 6 Bộ Phát Wifi 6 Băng Tần Kép AX1500 Mbps NETIS Model NX10 bảo hành 24 tháng - Hàng chính hãng,885000.0,885000.0,0.0,0.0,0,298886,,https://tiki.vnrouter-wifi-6-bo-phat-wifi-6-bang-tan-kep-ax1500-mbps-netis-model-nx10-bao-hanh-24-thang-hang-chinh-hang-p278686688.html?spid=278686690
277967577,Màn hình Gaming Siêu Tốc Độ Acer Nitro KG270 X1 (27 inch/FHD/IPS/200Hz/1ms) - Hàng Chính Hãng,3490000.0,3490000.0,0.0,0.0,0,34716,,https://tiki.vnman-hinh-gaming-sieu-toc-do-acer-nitro-kg270-x1-27-inch-fhd-ips-200hz-1ms-hang-chinh-hang-p277967577.html?spid=277967578
277837512,CASE MAGIC CUBI-M ELITE (M-ATX) - Hàng chính hãng,760000.0,760000.0,0.0,0.0,0,299528,,https://tiki.vncase-magic-cubi-m-elite-m-atx-hang-chinh-hang-p277837512.html?spid=277837516
277135445,Máy Scan Màu Di Động Thông Minh Scan Tài Liệu A4/A5/A6/A7 K1300AF - Hàng Nhập Khẩu,1425000.0,1425000.0,0.0,0.0,0,81456,,https://tiki.vnmay-scan-mau-di-dong-thong-minh-scan-tai-lieu-a4-a5-a6-a7-k1300af-hang-nhap-khau-p277135445.html?spid=277135446
276808146,Đế ổ cứng (Docking) SSD ORICO 1 khe cắm M.2 NVME + SATA TypeC - Hàng Chính Hãng,1260000.0,1260000.0,0.0,0.0,0,15937,,https://tiki.vnde-o-cung-docking-ssd-orico-1-khe-cam-m-2-nvme-sata-typec-hang-chinh-hang-p276808146.html?spid=276808147
276798161,Hộp ổ cứng SSD ORICO TypeC M.2 Dual NVME+SATA ( NGFF ) AXM2S-G2-V1-GY-BP - Hàng Chính Hãng,694000.0,694000.0,0.0,0.0,0,15937,,https://tiki.vnhop-o-cung-ssd-orico-typec-m-2-dual-nvme-sata-ngff-axm2s-g2-v1-gy-bp-hang-chinh-hang-p276798161.html?spid=276798162
276068055, Máy in đơn năng đen trắng P2200W ( In USB/ In Wifi) - hàng chính hãng,3100000.0,3100000.0,0.0,0.0,0,8371,,https://tiki.vnmay-in-don-nang-den-trang-p2200w-in-usb-in-wifi-hang-chinh-hang-p276068055.html?spid=276068056
276068036,"Máy in laser đa chức năng PANTUM M6508NW ( In, San, Copy, Network, Wifi) - Hàng chính hãng",4000000.0,4000000.0,0.0,0.0,0,8371,,https://tiki.vnmay-in-laser-da-chuc-nang-pantum-m6508nw-in-san-copy-network-wifi-hang-chinh-hang-p276068036.html?spid=276068037
276068034,"Máy in laser đa chức năng PANTUM M6508 ( In, Scan, Copy) - Hàng chính hãng",3650000.0,3650000.0,0.0,0.0,0,8371,,https://tiki.vnmay-in-laser-da-chuc-nang-pantum-m6508-in-scan-copy-hang-chinh-hang-p276068034.html?spid=276068035
275970332,"Cục phát wifi từ sim 4G kiêm pin sạc dự phòng TP10000, bộ phát wifi di động tốc độ cao 300Mbps, sử dụng mọi loại sim - Hàng nhập khẩu",1276000.0,1276000.0,0.0,0.0,0,356119,,https://tiki.vncuc-phat-wifi-tu-sim-4g-kiem-pin-sac-du-phong-tp10000-bo-phat-wifi-di-dong-toc-do-cao-300mbps-su-dung-moi-loai-sim-p275970332.html?spid=275970345
275677415,Bo mạch chủ Main ASUS ROG STRIX B760-G GAMING WIFI Socket LGA 1700 - Hàng Chính Hãng,5890000.0,5890000.0,0.0,0.0,0,30787,,https://tiki.vnbo-mach-chu-main-asus-rog-strix-b760-g-gaming-wifi-socket-lga-1700-hang-chinh-hang-p275677415.html?spid=275677416
275632900,Pin Tương Thích Cho Laptop Acer V5-122 Ac13C34 3 Cell Aspire V5-122P V5-132 E3-111 E3-112 Es1-111M TEEMO PC TEBAT189 Hàng Nhập Khẩu,1196000.0,1196000.0,0.0,0.0,0,287052,,https://tiki.vnpin-tuong-thich-cho-laptop-acer-v5-122-ac13c34-3-cell-aspire-v5-122p-v5-132-e3-111-e3-112-es1-111m-teemo-pc-tebat189-hang-nhap-khau-p275632900.html?spid=275632902
275416767,Card màn hình VGA Gigabyte RADEON RX 6500 XT EAGLE 4G (R65XTEAGLE-4GD) - Hàng Chính Hãng,6240000.0,6240000.0,0.0,0.0,0,30787,,https://tiki.vncard-man-hinh-vga-gigabyte-radeon-rx-6500-xt-eagle-4g-r65xteagle-4gd-hang-chinh-hang-p275416767.html?spid=275416768
275416354,CARD Màn hình VGA Inno3D GeForce GTX 1650 Twin X2 OC 4GB GDDR6 – Hàng Chính Hãng,5057000.0,5057000.0,0.0,0.0,0,30787,,https://tiki.vncard-man-hinh-vga-inno3d-geforce-gtx-1650-twin-x2-oc-4gb-gddr6-hang-chinh-hang-p275416354.html?spid=275416355
275379066,Quạt tản nhiệt CPU Led rainbow T80 for Intell lõi đồng nguyên chất cho máy tính hàng nhập khẩu,230000.0,230000.0,0.0,5.0,1,58789,,https://tiki.vnquat-cpu-led-argb-al35-for-intell-loi-dong-nguyen-chat-dong-bo-main-sieu-mat-cho-may-tinh-hang-nhap-khau-p275379066.html?spid=275379067
274921160,Màn hình LCD CONG VSP THINKING CM2705H (27inch/FHD/VA/75Hz/6ms/HDMI + VGA/Cong) - Hàng Chính Hãng,3150000.0,3150000.0,0.0,0.0,0,30787,,https://tiki.vnman-hinh-lcd-cong-vsp-thinking-cm2705h-27inch-fhd-va-75hz-6ms-hdmi-vga-cong-hang-chinh-hang-p274921160.html?spid=274921166
274843355,"Dây nguồn máy tính, dây nguồn Cắm PC Màn Hình Máy Tính Nồi Cơm Điện dây nguồn lõi đồng tương thích với đồ gia dụng Jack Màu Đen Hàng Nhập Khẩu",100000.0,100000.0,0.0,0.0,0,353491,,https://tiki.vnday-nguon-may-tinh-day-nguon-cam-pc-man-hinh-may-tinh-noi-com-dien-day-nguon-loi-dong-tuong-thich-voi-do-gia-dung-jack-mau-den-p274843355.html?spid=274843356
274793514,Bộ Phát Wifi Mesh TP-Link Deco X50 Chuẩn WiFi 6 AX3000 - HÀNG CHÍNH HÃNG,4450000.0,5999000.0,1549000.0,0.0,0,1,,https://tiki.vnbo-phat-wifi-mesh-tp-link-deco-x50-chuan-wifi-6-ax3000-hang-chinh-hang-p274793514.html?spid=276450451
274133854,Phần mềm diệt virus BKAV Pro AI: sử dụng cho 1 Thiết bị/năm - Hàng chính hãng,259000.0,259000.0,0.0,0.0,0,351495,,https://tiki.vnphan-mem-diet-virus-bkav-pro-ai-su-dung-cho-1-thiet-bi-nam-hang-chinh-hang-p274133854.html?spid=274133855
273891148,Hộp box SSD Lexar E100 | gắn SSD 2.5 inch dung lượng 128G - 8TB | Giao tiếp USB 3.2 Gen 1 - Bảo hành 1 năm - Hàng Chính Hãng,159000.0,159000.0,0.0,5.0,3,200265,,https://tiki.vnhop-box-ssd-lexar-e100-gan-ssd-2-5-inch-dung-luong-128g-8tb-giao-tiep-usb-3-2-gen-1-bao-hanh-1-nam-hang-chinh-hang-p273891148.html?spid=273891149
272165271,"Bút trình chiếu NORWii N95 Pro Spotlight cao cấp 2in1 dùng cho mọi màn hình TV,LED,LCD, bảng chiếu hỗ trợ Windows, MacOS - Hàng nhập khẩu",899000.0,899000.0,0.0,4.5,2,16975,,https://tiki.vnbut-trinh-chieu-norwii-n95-pro-spotlight-cao-cap-2in1-dung-cho-moi-man-hinh-tv-led-lcd-bang-chieu-ho-tro-windows-macos-hang-nhap-khau-p272165271.html?spid=272165272
270831731,"Bộ lưu trữ mạng NAS Synology DS224+ CPU Intel Celeron J4125 4-core 2.0GHz, RAM 2GB, LAN 2x 1GbE, 2 khay ổ cứng - Hàng chính hãng",9890000.0,9890000.0,0.0,0.0,0,17668,,https://tiki.vnbo-luu-tru-mang-nas-synology-ds224-cpu-intel-celeron-j4125-4-core-2-0ghz-ram-2gb-lan-2x-1gbe-2-khay-o-cung-hang-chinh-hang-p270831731.html?spid=270831732
262084556,Màn hình LCD UltraWide LG 29WQ600-W (29inch/2560 x 1080/IPS/75Hz/5ms/Loa) màu trắng - Hàng Chính Hãng,5790000.0,5790000.0,0.0,0.0,0,30787,,https://tiki.vnman-hinh-lcd-ultrawide-lg-29wq600-w-29inch-2560-x-1080-ips-75hz-5ms-loa-ma-u-tra-ng-ha-ng-chi-nh-ha-ng-p262084556.html?spid=262084557
253765990,"Bộ lưu trữ mạng NAS Synology DS423+ CPU Intel Celeron J4125 4-core 2.0GHz, RAM 2GB, LAN 2x 1GbE, 4 khay ổ cứng - Hàng chính hãng",15590000.0,15590000.0,0.0,0.0,0,17668,,https://tiki.vnbo-luu-tru-mang-nas-synology-ds423-cpu-intel-celeron-j4125-4-core-2-0ghz-ram-2gb-lan-2x-1gbe-4-khay-o-cung-hang-chinh-hang-p253765990.html?spid=253765992
251404037,Máy tính Dell workstation Precision T5810 cpu 14 core vga rời 2Gb chuyên game,20000000.0,20000000.0,0.0,0.0,0,312039,,https://tiki.vnmay-tinh-dell-workstation-precision-t5810-cpu-14-core-vga-roi-2gb-chuyen-game-p251404037.html?spid=251404040
251404025,"Máy tính Dell OptiPlex 5260 AIO core i3 gen 8, ram 8gb, ổ ssd 256GB, wifi cho văn phòng",8900000.0,8900000.0,0.0,0.0,0,312039,,https://tiki.vnmay-tinh-dell-optiplex-5260-aio-core-i3-gen-8-ram-8gb-o-ssd-256gb-wifi-cho-van-phong-p251404025.html?spid=251404026
191387775,USB 64GB Kingston DTXM- Hàng chính hãng,229000.0,229000.0,0.0,5.0,1,915,,https://tiki.vnusb-64gb-kingston-dtxm-hang-chinh-hang-p191387775.html?spid=276327630
187189027,"Usb thu wifi cho pc, laptop usb wifi Mercusys mini N300 MW300UM, usb thu sóng wifi - Hàng chính hãng",179000.0,179000.0,0.0,0.0,0,292191,,https://tiki.vnusb-thu-wifi-cho-pc-laptop-usb-wifi-mercusys-mini-n300-mw300um-usb-thu-song-wifi-chinh-hang-vds-shop-p187189027.html?spid=187189029
145773133,"Ổ cứng di động HDD Seagate One Touch 1TB 2.5"" USB 3.0 - Hàng chính hãng - Màu đen",2449000.0,2449000.0,0.0,0.0,0,915,,https://tiki.vno-cung-di-dong-hdd-seagate-one-touch-1tb-2-5-usb-3-0-hang-chinh-hang-mau-den-p145773133.html?spid=174624582
50367257,Behringer U-PHORIA UMC404HD Audio Interface - Hàng Chính Hãng,4827000.0,4827000.0,0.0,5.0,1,1892,,https://tiki.vnbehringer-u-phoria-umc404hd-audio-interface-hang-chinh-hang-p50367257.html?spid=50367258
47169103,"Màn hình Máy tính bàn Kingview 22 INCH (KV - 2219H) -  HDMI - full HD - GAMING MONITO - CHUYÊN CHÙNG CHƠI GAME PUBG , FIFA4 , ...-  Hàng Nhập Khẩu",1590000.0,1590000.0,0.0,1.0,1,312039,,https://tiki.vnman-hinh-may-tinh-ban-kingview-22-inch-kv-2219h-hdmi-full-hd-gaming-monito-chuyen-chung-choi-game-pubg-fifa4-hang-nhap-khau-p47169103.html?spid=221809774
46178917,USB mạng Wi-Fi băng tần kép - Archer T2U Nano - TP-Link T2U Nano - Bộ chuyển đổi USB Wi-Fi Nano AC600 - Hàng Chính Hãng,210000.0,370400.0,160400.0,4.6,16,1,,https://tiki.vnusb-mang-wi-fi-bang-tan-kep-archer-t2u-nano-tp-link-t2u-nano-bo-chuyen-doi-usb-wi-fi-nano-ac600-hang-chinh-hang-p46178917.html?spid=141259091
36509593,Máy tính văn phòng mini Intel NUC6CAYS - Chưa bao gồm RAM & SSD - Hàng chính hãng,2100000.0,2100000.0,0.0,5.0,1,335727,,https://tiki.vnmay-tinh-van-phong-mini-intel-nuc6cays-chua-bao-gom-ram-ssd-hang-chinh-hang-p36509593.html?spid=253401815
35766630,Giấy in tem mã vạch a4 65 tem,165000.0,165000.0,0.0,5.0,5,140258,,https://tiki.vngiay-in-tem-ma-vach-a4-65-tem-p35766630.html?spid=59422618
11575906,Máy In Laser Đơn Năng Canon LBP6030 - Hàng Chính Hãng,2990000.0,2990000.0,0.0,0.0,0,184067,,https://tiki.vnmay-in-laser-don-nang-canon-lbp6030-hang-chinh-hang-p11575906.html?spid=277462205
7262847,"Bộ siêu kích sóng,khuếch đại wifi Tenda 3 ăng ten 300Mbps ",310000.0,310000.0,0.0,4.3,23,57154,,https://tiki.vnbo-sieu-kich-song-khuech-dai-wifi-tenda-3-ang-ten-300mbps-p7262847.html?spid=51368249
1382899,USB Energizer 128GB Lightning OTG Ultimate FOTL3U128R - Hàng Chính Hãng,3190000.0,3190000.0,0.0,4.0,1,236,,https://tiki.vnusb-energizer-128gb-lightning-otg-ultimate-fotl3u128r-hang-chinh-hang-p1382899.html?spid=1406835
459003,Tenda TEG1016D - Bộ Chia Tín Hiệu Để Bàn 16 cổng 10/100/1000Mbps - Hàng Chính Hãng,1090000.0,1090000.0,0.0,0.0,0,30787,,https://tiki.vntenda-teg1016d-bo-chia-tin-hieu-de-ban-16-cong-10-100-1000mbps-hang-chinh-hang-p459003.html?spid=109546578
416990,TP-Link  TL-WN722N - USB Wifi (high gain) tốc độ 150Mbps - Hàng Chính Hãng,174800.0,220000.0,45200.0,4.7,596,1,,https://tiki.vntp-link-tl-wn722n-usb-wifi-high-gain-toc-do-150mbps-hang-chinh-hang-p416990.html?spid=120199
278121404,Hộp đấu nối cáp quang OPGW. Hàng chính hãng,1999999.0,1999999.0,0.0,0.0,0,73219,,https://tiki.vnhop-dau-noi-cap-quang-opgw-hang-chinh-hang-p278121404.html?spid=278121405
277908157,Dell Latitude 5510 Core i5-10310U Ram 16GB SSD 256GB 15.6 inch FHD - Hàng Chính hãng,8400000.0,8400000.0,0.0,0.0,0,312039,,https://tiki.vnlaptop-dell-latitude-5510-core-i5-10310u-ram-8gb-hoac-16gb-ssd-256gb-15-6-inch-fhd-chinh-hang-may-cu-p277908157.html?spid=277908158
277860279,"Jabra 410 MS / 410 UC - Loa Kèm Micro Hội Nghị, Họp Trực Tuyến - Hàng Nhập Khẩu",2488000.0,2488000.0,0.0,0.0,0,1892,,https://tiki.vnjabra-410-ms-410-uc-loa-kem-micro-hoi-nghi-hop-truc-tuyen-hang-nhap-khau-p277860279.html?spid=277860282
277497405,Máy in laser đa năng trắng đen DCP-B7640DW - Hàng chính hãng,6088000.0,6088000.0,0.0,0.0,0,149312,,https://tiki.vnmay-in-laser-da-nang-trang-den-dcp-b7640dw-hang-chinh-hang-p277497405.html?spid=276542244
277373126,"Máy Scan Màu Di Động Thông Minh, Máy Quét Tài Liệu A4/A5/A6/A7 X1000 - Hàng Nhập Khẩu",1579000.0,1579000.0,0.0,0.0,0,81456,,https://tiki.vnmay-scan-mau-di-dong-thong-minh-may-quet-tai-lieu-a4-a5-a6-a7-x1000-hang-nhap-khau-p277373126.html?spid=277373127
276958126,Hộp mực W1112A/ 110A: Cho máy in HP 108a/ 108w/ 136a/ 136w/ 138fnw ( Hàng nhập khẩu ),250000.0,250000.0,0.0,0.0,0,2671,,https://tiki.vnhop-muc-w1112a-110a-cho-may-in-hp-108a-108w-136a-136w-138fnw-hang-nhap-khau-p276958126.html?spid=276958127
276857459,"Cục phát wifi6 tốc độ cao WR1800K, router wifi6 băng tần kép mesh tốc độ cao khả năng xuyên mạnh mẽ - Hàng chính hãng/Hàng nhập khẩu",1688000.0,1688000.0,0.0,0.0,0,356119,,https://tiki.vncuc-phat-wifi6-toc-do-cao-wr1800k-router-wifi6-bang-tan-kep-mesh-toc-do-cao-kha-nang-xuyen-manh-me-hang-chinh-hang-hang-nhap-khau-p276857459.html?spid=276857460
276479525,Màn Hình Samsung ViewFinity S7 S70D UHD LS27D700EAEXXV 4K (27INCH | IPS | 60Hz |5Ms) - HÀNG CHÍNH HÃNG,6450000.0,6450000.0,0.0,0.0,0,3103,,https://tiki.vnman-hinh-samsung-viewfinity-s7-s70d-uhd-65ls27d700eaexxv-4k-27inch-ips-60hz-5ms-p276479525.html?spid=276479526
276435886,Màn Hình Samsung ViewFinity S8 S80UD LS27D804UAEXXV (27INCH/4K/IPS/60Hz/HDMI/DP/USB-C) - HÀNG CHÍNH HÃNG,7860000.0,7860000.0,0.0,0.0,0,3103,,https://tiki.vnman-hinh-samsung-viewfinity-s8-s80ud-ls27d804uaexxv-27inch-4k-ips-60hz-hdmi-dp-usb-c-hang-chinh-hang-p276435886.html?spid=276435887
276287867,Quạt tản nhiệt CPU Led rainbow 11X for Intell lõi đồng nguyên chất cho máy tính hàng nhập khẩu,180000.0,180000.0,0.0,5.0,3,58789,,https://tiki.vnquat-tan-nhiet-cpu-led-rainbow-11x-for-intell-loi-dong-nguyen-chat-cho-may-tinh-hang-nhap-khau-p276287867.html?spid=276287869
275611790,"Drum (Trống) 12A LN Phấn dùng cho máy In Canon 2900, 3000, Hp 1010, 1020, 3050, 1319F, 1022 - Hàng chính hãng",22000.0,22000.0,0.0,4.0,1,43974,,https://tiki.vndrum-trong-12a-ln-phan-dung-cho-may-in-canon-2900-3000-hp-1010-1020-3050-1319f-1022-hang-chinh-hang-p275611790.html?spid=275611794
275492907,Sạc Adapter dành cho Laptop Dell (các loại) 19.5V chân kim nhỏ 4.5mm x 3.0mm Hàng nhập khẩu,255000.0,255000.0,0.0,0.0,0,126154,,https://tiki.vnsac-adapter-danh-cho-laptop-dell-cac-loai-19-5v-chan-kim-nho-4-5mm-x-3-0mm-hang-nhap-khau-p275492907.html?spid=275492918
275335643,"Hộp box đựng ổ cứng SSD M.2 SATA NGFF B-Key,M-Key,B&M-Key-Hàng Chính Hãng",300000.0,300000.0,0.0,0.0,0,203285,,https://tiki.vnhop-box-dung-o-cung-ssd-m-2-sata-ngff-b-key-m-key-b-m-key-hang-chinh-hang-p275335643.html?spid=275335644
275298791,Máy in laser MFC-L3760CDW - Hàng chính hãng,12690000.0,12690000.0,0.0,0.0,0,3103,,https://tiki.vnmay-in-laser-mfc-l3760cdw-hang-chinh-hang-p275298791.html?spid=275298792
275196131,"Hộp mực 12A dành cho Canon 2900/ L11121E Mực in HP LaserJet 1010/1015/1020/3015/3020/3030/3050 Canon L120, MF4122, MF4150, MF4680, L140, L160, MF4270, MF4320d, MF4350d 3000 FX9 FX10 CÓ LỔ ĐỔ MỰC Hàng chính hãng Alpha Cartridge",117900.0,117900.0,0.0,4.0,5,183951,,https://tiki.vnhop-muc-12a-danh-cho-canon-2900-l11121e-muc-in-hp-laserjet-1010-1015-1020-3015-3020-3030-3050-canon-l120-mf4122-mf4150-mf4680-l140-l160-mf4270-mf4320d-mf4350d-3000-fx9-fx10-co-lo-do-muc-hang-chinh-hang-alpha-cartridge-p275196131.html?spid=275196132
275191498,Hộp mực 80A cho Canon LBP 251dw 252dw 6300dn 6650DN 6670DN 6680X -  HP P2035 2035N 2055D 2055DN HP Pro 400 M401d M401n M401dn M401dw M425dn  05A CRG 319 Hàng chính hãng Alpha Cartridge,162000.0,162000.0,0.0,0.0,0,183951,,https://tiki.vnhop-muc-05a-80a-danh-cho-canon-lbp-6300dn-hp-2035-2055-hp-pro-400-mfp-m425dn-m401d-m401n-m401dn-hang-chinh-hang-alpha-cartridge-p275191498.html?spid=275191499
275134809,Màn Hình Gaming Samsung 32 inch Odyssey OLED G8 G80SD UHD 240Hz LS32DG802SEXXV - Hàng chính hãng,26900000.0,26900000.0,0.0,0.0,0,3103,,https://tiki.vnman-hinh-gaming-samsung-32-inch-odyssey-oled-g8-g80sd-uhd-240hz-ls32dg802sexxv-p275134809.html?spid=275858636
274775419,Lenovo ThinkPad E16 Gen 3 (21SR002JVA) | Intel Core Ultra 5 225U | 16GB | 512GB | Intel Graphics | 16.0 inch WUXGA | No OS | Black | AI PC,21950000.0,21950000.0,0.0,0.0,0,1377,,https://tiki.vnlenovo-thinkpad-e16-gen-1-21jn006gvn-intel-core-i7-_-1355u-16gb-512gb-ssd-16-inch-wuxga-ips-300-nits-win-11-finger-led-key-p274775419.html?spid=274775420
274275873,"Thiết bị lưu trữ Nas QNAP, Model: TR-002 - Hàng chính hãng",5690000.0,5690000.0,0.0,0.0,0,352261,,https://tiki.vnthiet-bi-luu-tru-nas-qnap-model-tr-002-hang-chinh-hang-p274275873.html?spid=274275874
273501785,Nguồn máy tính AIGO CK550 - Hàng Chính Hãng,570000.0,570000.0,0.0,0.0,0,30787,,https://tiki.vnnguon-may-tinh-aigo-ck550-hang-chinh-hang-p273501785.html?spid=273674173
273408417,Ổ cứng gắn trong Sata LT 500GB (Đen phối bạc) - Hàng Chính Hãng,349000.0,349000.0,0.0,4.3,4,5346,,https://tiki.vno-cung-gan-trong-seagate-sata-lt-500gb-den-phoi-bac-hang-chinh-hang-p273408417.html?spid=273408418
273406996,Máy in laser đen trắng Brother DCP-B7640DW (A4/A5/ In/ Copy/ Scan/ Đảo mặt/ ADF/ USB/ LAN/ WIFI) - Hàng Chính Hãng,5790000.0,5790000.0,0.0,5.0,1,3103,,https://tiki.vnmay-in-laser-den-trang-brother-dcp-b7640dw-a4-a5-in-copy-scan-dao-mat-adf-usb-lan-wifi-hang-chinh-hang-p273406996.html?spid=273406997
214799771,Quạt tản nhiệt MEMO DL05 - Phụ kiện gaming dành cho điện thoại tích hợp công nghệ sò lạnh hạ nhiệt nhanh chóng - Hàng chính hãng,235000.0,250000.0,15000.0,4.8,8,2546,,https://tiki.vnquat-tan-nhiet-memo-dl05-phu-kien-gaming-danh-cho-dien-thoai-tich-hop-cong-nghe-so-lanh-ha-nhiet-nhanh-chong-hang-chinh-hang-p214799771.html?spid=152831157
195479754,Máy chủ-Server Dell  T350 Tower 15G 8×3.5in - Hàng Chính Hãng,53500000.0,53500000.0,0.0,0.0,0,41960,,https://tiki.vnserver-dell-poweredge-t350-tower-15g-8-3-5in-p195479754.html?spid=195479757
192449571,Ổ Cứng Gắn Ngoài Toshiba Canvio Flex Hàng Chính Hãng,2220000.0,2220000.0,0.0,5.0,1,128476,,https://tiki.vno-cung-gan-ngoai-toshiba-canvio-flex-hang-chinh-hang-p192449571.html?spid=192449573
179539838,HDD Box chuẩn M2 NVME sang Type-C tốc độ 10GBS ORICO - M2PV-C3 – Hàng Chính Hãng,439000.0,439000.0,0.0,1.0,1,915,,https://tiki.vnhdd-box-toc-do-10gbs-ssd-chuan-m2-nvme-sang-type-c-orico-m2pv-c3-hang-phan-phoi-chinh-hang-p179539838.html?spid=252684943
161844744,Loa hội nghị truyền hình Jabra Speak 510 MS - Hàng nhập khẩu,3804000.0,3804000.0,0.0,5.0,2,1892,,https://tiki.vnloa-hoi-nghi-truyen-hinh-jabra-speak-510-ms-hang-nhap-khau-p161844744.html?spid=161844745
158583221,Laptop MSI Modern 14 B11SBU 668VN Carbon Gray (i5 1155G7/ 8GB/ 512GB SSD/ MX450 2GB/ W10) Hàng NK,21990000.0,21990000.0,0.0,0.0,0,258500,,https://tiki.vnmsi-modern-14-b11sbu-668vn-carbon-gray-i5-1155g7-8gb-512gb-ssd-mx450-2gb-w10-p158583221.html?spid=158583222
129710044,Máy in Laser Brother HL-L2366DW (kết nối Wifi)- Hàng chính hãng,4250000.0,4250000.0,0.0,4.7,20,187885,,https://tiki.vnmay-in-laser-trang-den-brother-hl-l2366dw-wifi-hang-chinh-hang-p129710044.html?spid=129710045
122408458,Máy in phun đơn năng A3 Canon IX6770- Hàng chính hãng,6952000.0,6952000.0,0.0,0.0,0,11119,,https://tiki.vnmay-in-phun-don-nang-a3-canon-ix6770-hang-chinh-hang-p122408458.html?spid=216720040
93166195,"Bộ lưu điện UPS PROLiNK PRO2000SFCU (2000VA) công suất 1200W, tích hợp bộ AVR, sạc siêu nhanh, dùng cho PC, Camera, Wifi - Hàng chính hãng",3929000.0,3929000.0,0.0,4.6,7,145378,,https://tiki.vnbo-luu-dien-bo-cap-dien-lien-tuc-ups-prolink-pro2000sfcu-2000va-cong-suat-1200w-hang-chinh-han-p93166195.html?spid=93166199
91273480,Máy in phun màu đa năng (có Fax) Brother MFC-T920DW - Hàng chính hãng,7240000.0,7240000.0,0.0,5.0,1,3103,,https://tiki.vnmay-in-phun-mau-da-nang-co-fax-brother-mfc-t920dw-hang-chinh-hang-p91273480.html?spid=205149355
90524189,Máy tính S200 (Pentium/ SSD 120GB/ RAM 4GB/ 18.5 inch LED) - Hàng chính hãng,7300000.0,7300000.0,0.0,0.0,0,6298,,https://tiki.vnmay-tinh-s200-pentium-ssd-120gb-ram-4gb-18-5-inch-led-hang-chinh-hang-p90524189.html?spid=90524190
87167546,"Bộ 4 màu - Mực nước inkMAX / Mực màu inkMAX dùng cho máy in phun Brother T300, T310,T500, T510W, T700, T710W, T810W, T910W, T4000, T4500DW",176000.0,176000.0,0.0,5.0,2,133440,,https://tiki.vnbo-4-mau-muc-nuoc-inkmax-muc-mau-inkmax-dung-cho-may-in-phun-brother-t300-t310-t500-t510w-t700-t710w-t810w-t910w-t4000-t4500dw-p87167546.html?spid=87167548
67548308,"Màn hình cong Philips 27"" 272M8CZ (1920x1080, VA, 165Hz, 1ms, FreeSync) (1920 x 1080/VA/165Hz/1 ms/FreeSync) - Hàng Chính Hãng",4690000.0,4690000.0,0.0,0.0,0,30787,,https://tiki.vnman-hinh-cong-philips-27-272m8cz-1920x1080-va-165hz-1ms-freesync-1920-x-1080-va-165hz-1-ms-freesync-hang-chinh-hang-p67548308.html?spid=174588270
56712140,Máy in nhiệt chuyên dùng in số thứ tự EPSON T81III (Hàng chính hãng),2200000.0,2200000.0,0.0,4.5,5,131501,,https://tiki.vnmay-in-nhiet-chuyen-dung-in-so-thu-tu-epson-t81iii-hang-chinh-hang-p56712140.html?spid=56712142
29172843,Box Chuyển SSD M2 Sata Sang Ổ Cứng Di Động SSK SHE-C320 Chuẩn 3.0 Hỗ Trợ Đến 5Gbps  - Hàng Nhập Khẩu,237000.0,237000.0,0.0,4.0,1,314495,,https://tiki.vnbox-chuyen-ssd-m2-sata-sang-o-cung-di-dong-ssk-she-c320-chuan-3-0-ho-tro-den-5gbps-hang-nhap-khau-p29172843.html?spid=214759619
15302872,Sound card hát online cho máy tính XOX ES102 - Hàng chính hãng,741000.0,741000.0,0.0,3.7,3,1892,,https://tiki.vnsound-card-hat-online-cho-may-tinh-xox-es102-hang-chinh-hang-p15302872.html?spid=15302873
708883,Bộ Phát Wifi Mercusys MW305R Chuẩn N 300Mbps - Hàng Chính Hãng,279000.0,279000.0,0.0,0.0,0,915,,https://tiki.vnbo-phat-wifi-mercusys-mw305r-chuan-n-300mbps-hang-chinh-hang-p708883.html?spid=276695795
575388,Hộp Đựng Ổ Cứng Di Động HDD Box 2.5 ORICO 2139U3 USB3.0/2.5 Nhựa Trong Suốt - Hàng Chính Hãng,144000.0,144000.0,0.0,0.0,0,915,,https://tiki.vnhop-dung-o-cung-di-dong-hdd-box-2-5-orico-2139u3-usb3-0-2-5-nhua-trong-suot-hang-chinh-hang-p575388.html?spid=7994573
278222986,Màn hình đồ họa Dell UltraSharp U2424H (23.8 inch - 120Hz - 5ms - FHD - IPS) - Hàng chính hãng - bảo hành 36 tháng,5675000.0,5675000.0,0.0,0.0,0,52525,,https://tiki.vnman-hinh-do-hoa-dell-ultrasharp-u2424h-23-8-inch-120hz-5ms-fhd-ips-hang-chinh-hang-bao-hanh-36-thang-p278222986.html?spid=278222987
278013604,USB WIFI 6 AX1800 TP-Link Archer TX20U | Băng thông AX1800 băng tần kép | Kết nối USB 3.0 | Dễ cài đặt | Bảo hành 2 năm | Hàng Chính Hãng,490000.0,490000.0,0.0,0.0,0,200265,,https://tiki.vnusb-wifi-6-ax1800-tp-link-archer-tx20u-bang-thong-ax1800-bang-tan-kep-ket-noi-usb-3-0-de-cai-dat-bao-hanh-2-nam-hang-chinh-hang-p278013604.html?spid=278013605
277996825,USB Wifi TP-Link Wifi 6 AX1800 Dual Band Archer TX20U Nano - Hàng chính hãng,459000.0,848000.0,389000.0,0.0,0,162514,,https://tiki.vnusb-wifi-6-tp-link-dual-band-ax1800-archer-tx20u-nano-hang-chinh-hang-p277996825.html?spid=277996826
277857812,CASE MAGIC CUBI-M PRO(Full M-ATX) - Hàng chính hãng,895000.0,895000.0,0.0,0.0,0,299528,,https://tiki.vncase-magic-cubi-m-pro-full-m-atx-hang-chinh-hang-p277857812.html?spid=277857814
277717787,MÁY IN LASER HP PRO M706N ( B6S02A )- hàng nhập khẩu ,13700000.0,13700000.0,0.0,0.0,0,1887,,https://tiki.vnmay-in-laser-hp-pro-m706n-b6s02a-hang-nhap-khau-p277717787.html?spid=277717788
277270128,Máy tính để bàn HP Pro Mini 260 G9 Desktop PC (8U8T8PA) - Hàng chính hãng,12700000.0,12700000.0,0.0,0.0,0,125381,,https://tiki.vnmay-tinh-de-ban-hp-pro-mini-260-g9-desktop-pc-8u8t8pa-hang-chinh-hang-p277270128.html?spid=277270129
276504256,Màn Hình Dell UltraSharp U2421E (24 INCH | WUXGA | IPS | 60Hz | USB-C | RJ45) - Hàng Chính Hãng,6380000.0,6380000.0,0.0,0.0,0,3103,,https://tiki.vnman-hinh-dell-ultrasharp-u2421e-24-inch-wuxga-ips-60hz-usb-c-rj45-p276504256.html?spid=276504257
275882892,Pin dành cho Laptop HP Pavilion 15-cs Series 15-cs2060TX 15-cs3116TX 15-cs3119TX 15-cs3061TX 15-cs3060TX 15-cs3063TX hàng nhập khẩu,599000.0,599000.0,0.0,0.0,0,126154,,https://tiki.vnpin-danh-cho-laptop-hp-pavilion-15-cs-series-15-cs2060tx-15-cs3116tx-15-cs3119tx-15-cs3061tx-15-cs3060tx-15-cs3063tx-hang-nhap-khau-p275882892.html?spid=275882893
275780306,"Màn hình văn phòng VSP 22"" AIVISION A222FV 100HZ | 24'' AIVISION A244FS 100HZ | 27"" AIVISION A273FS 100HZ Hàng Chính Hãng",1550000.0,1550000.0,0.0,0.0,0,12395,,https://tiki.vnman-hinh-van-phong-vsp-22-aivision-a222fv-100hz-24-aivision-a244fs-100hz-27-aivision-a273fs-100hz-hang-chinh-hang-p275780306.html?spid=275780308
275622364,"Máy in tem nhãn Epson ColorWorks C4050, khổ in 108mm, độ phân giải 1.200 dpi - Hàng chính hãng",55000000.0,55000000.0,0.0,0.0,0,49448,,https://tiki.vnmay-in-tem-nhan-epson-colorworks-c4050-kho-in-108mm-do-phan-giai-1-200-dpi-hang-chinh-hang-p275622364.html?spid=275622365
274992728,Bo mạch chủ Main MSI H510M Plus V3 DDR4 Socket LGA 1200 - Hàng chính hãng,1850000.0,1850000.0,0.0,0.0,0,30787,,https://tiki.vnbo-mach-chu-main-msi-h510m-plus-v3-ddr4-socket-lga-1200-hang-chinh-hang-p274992728.html?spid=274992729
273787703,"Máy chiếu Viewsonic PX706HD full HD cho giải trí gia đình, hàng chính hãng - ZAMACO AUDIO",38000000.0,38000000.0,0.0,0.0,0,19766,,https://tiki.vnmay-chieu-viewsonic-px706hd-full-hd-cho-giai-tri-gia-dinh-hang-chinh-hang-zamaco-audio-p273787703.html?spid=273787704
273500097,Nguồn máy tính AIGO CK350 - Hàng Chính Hãng,370000.0,370000.0,0.0,0.0,0,30787,,https://tiki.vnnguon-may-tinh-aigo-ck350-hang-chinh-hang-p273500097.html?spid=273674998
273407307,Máy in laser đen trắng Brother HL-B2100D (A4/A5/ Đảo mặt/ USB) - Hàng Chính Hãng,3390000.0,4690000.0,1300000.0,0.0,0,1,,https://tiki.vnmay-in-laser-den-trang-brother-hl-b2100d-a4-a5-dao-mat-usb-hang-chinh-hang-p273407307.html?spid=276166011
273331070,Thùng cáp mạng VP-Link PLATINUM CAT6 (305m - Dây Cáp Xanh) - Hàng Chính Hãng,950000.0,950000.0,0.0,0.0,0,30787,,https://tiki.vnthung-cap-mang-vp-link-platinum-cat6-305m-day-cap-xanh-hang-chinh-hang-p273331070.html?spid=273331074
273271980,Màn Hình Máy Tính Full Viền HIKVISION 22 / 24 / 27 inch Full HD 1080P - Hàng Chính Hãng,1859000.0,1859000.0,0.0,4.8,5,283233,,https://tiki.vnman-hinh-may-tinh-full-vien-hikvision-22-24-27-inch-full-hd-1080p-hang-chinh-hang-p273271980.html?spid=273274928
271130195,Đĩa diệt virus Kaspersky Standard cho 3 máy tính / 1 năm - Hàng chính hãng,409000.0,409000.0,0.0,5.0,2,915,,https://tiki.vndia-diet-virus-kaspersky-standard-cho-3-may-tinh-1-nam-hanh-chinh-hang-p271130195.html?spid=271130196
262640532,"Trống Mực In (Drum) Brother DR-2255 (12.000 Trang) Sử Dụng Cho Các Dòng Máy In Brother HL-2130, 2240D, 2250DN, 2270DW; DCP-7055, 7060D, 7066DN; MFC-7290, 7360, 7470D, 7860DN, 7860DW; FAX-2840, 2950 - Hàng Chính Hãng",1510000.0,1510000.0,0.0,0.0,0,3103,,https://tiki.vntrong-muc-in-drum-brother-dr-2255-12-000-trang-su-dung-cho-cac-dong-may-in-brother-hl-2130-2240d-2250dn-2270dw-dcp-7055-7060d-7066dn-mfc-7290-7360-7470d-7860dn-7860dw-fax-2840-2950-hang-chinh-hang-p262640532.html?spid=270803209
253282537,Cáp mạng Dẹt đúc sẵn CAT7 dài 2m Ugreen 11261 - Hàng chính hãng,119000.0,139000.0,20000.0,0.0,0,915,,https://tiki.vncap-mang-det-duc-san-cat7-dai-2m-ugreen-11261-hang-chinh-hang-p253282537.html?spid=253282538
253100419,Máy chiếu di động NEBULA (by Anker) Cosmos Max 4K - D2150,48000000.0,48000000.0,0.0,0.0,0,77142,,https://tiki.vnmay-chieu-di-dong-nebula-by-anker-cosmos-max-4k-d2150-p253100419.html?spid=253100422
252011452,"Bộ lưu trữ mạng NAS Synology DS923+ CPU AMD R1600 2-core 2.6GHz, RAM 4GB, LAN 2x 1GbE, 4 khay ổ cứng - Hàng chính hãng",18590000.0,18590000.0,0.0,0.0,0,17668,,https://tiki.vnbo-luu-tru-mang-nas-synology-ds923-cpu-amd-r1600-2-core-2-6ghz-ram-4gb-lan-2x-1gbe-4-khay-o-cung-hang-chinh-hang-p252011452.html?spid=252011453
210766924,Hộp đựng ổ cứng Ugreen M.2 Portable Hard Drive Enclosure CM238 - Hàng chính hãng,450000.0,450000.0,0.0,5.0,1,162514,,https://tiki.vnhop-dung-o-cung-ugreen-m-2-portable-hard-drive-enclosure-cm238-hang-chinh-hang-p210766924.html?spid=210766930
200026742,Bàn phím cho laptop l411 - Hàng Nhập Khẩu,205965.0,205965.0,0.0,0.0,0,308064,,https://tiki.vnban-phim-cho-laptop-l411-phim-zin-hang-chinh-hang-mikey51-p200026742.html?spid=200026744
200024706,"Bộ 8 pin sạc 18650 LSY dung lượng 2200Mah cho Box sạc, cell pin laptop, đèn pin, quạt, mic...hiệu suất cao - Hàng Nhập Khẩu New Seal",360180.0,360180.0,0.0,0.0,0,308064,,https://tiki.vnbo-8-pin-sac-18650-lsy-dung-luong-2200mah-cho-box-sac-cell-pin-laptop-den-pin-quat-mic-hieu-suat-cao-hang-chinh-hang-miac930-p200024706.html?spid=200024707
200008247,Pin dùng cho Laptop Dell Latitude E7440 E7450 - Hàng Nhập Khẩu New Seal,838350.0,838350.0,0.0,0.0,0,308064,,https://tiki.vnpin-dung-cho-laptop-dell-latitude-e7440-e7450-hang-chinh-hang-mibat1240-p200008247.html?spid=200008248
192133271,Máy hủy tài liệu GBC DUO - Hàng chính hãng,3200000.0,3200000.0,0.0,0.0,0,185019,,https://tiki.vnmay-huy-tai-lieu-gbc-duo-p192133271.html?spid=192133273
184497231,Bộ Chia Tín Hiệu Thông Minh TP-Link SG108E 8 Cổng Gigabit Tốc Độ Cao - Hàng Chính Hãng,685000.0,685000.0,0.0,5.0,3,1242,,https://tiki.vnbo-chia-tin-hieu-thong-minh-tp-link-sg108e-8-cong-gigabit-toc-do-cao-hang-chinh-hang-p184497231.html?spid=184497232
174029994,USB Kingston 64GB DataTraveler Exodia(DTX/64GB) - Hàng chính hãng,145000.0,145000.0,0.0,4.8,12,200265,,https://tiki.vnusb-kingston-64gb-datatraveler-exodia-dtx-64gb-hang-chinh-hang-p174029994.html?spid=230231275
163148792,Bộ mở rộng sóng TP-Link RE305- Hàng chính hãng,499000.0,659000.0,160000.0,0.0,0,1,,https://tiki.vnbo-mo-rong-song-tp-link-re305-hang-chinh-hang-p163148792.html?spid=276450378
158492475,Thiết bị Cloud Router Switch Mikrotik CRS112-8P-4S-IN - Hàng chính hãng,6972700.0,6972700.0,0.0,0.0,0,238141,,https://tiki.vnthiet-bi-cloud-router-switch-mikrotik-crs112-8p-4s-in-hang-chinh-hang-p158492475.html?spid=158492477
117031327,Kìm bấm mạng RJ45 CAT5e và CAT6 - Corning- Hàng nhập khẩu,2050000.0,2050000.0,0.0,0.0,0,201593,,https://tiki.vnkim-bam-mang-rj45-cat5e-va-cat6-3m-hang-nhap-khau-p117031327.html?spid=117031328
108590741,Máy in Brother HL-L2321D- hàng chính hãng,3150000.0,3150000.0,0.0,5.0,5,184067,,https://tiki.vnmay-in-brother-hl-l2321d-hang-chinh-hang-p108590741.html?spid=135229349
100596171,Máy scan Brother DS-740D - Hàng chính hãng,5490000.0,5490000.0,0.0,0.0,0,3103,,https://tiki.vnmay-scan-brother-ds-740d-hang-chinh-hang-p100596171.html?spid=271343850
72680847,Bộ mực in phun Brother (BT-D60BK + BT5000C/M/Y),700000.0,700000.0,0.0,5.0,1,184067,,https://tiki.vnbo-muc-in-phun-brother-bt-d60bk-bt5000c-m-y-p72680847.html?spid=191093140
72214499,Mực in chính hãng Epson 003 (dùng cho máy L1110/L3110/L3150/L5190)-HÀNG CHÍNH HÃNG,234500.0,234500.0,0.0,5.0,5,43974,,https://tiki.vnmuc-in-chinh-hang-epson-003-dung-cho-may-l1110-l3110-l3150-l5190-hang-chinh-hang-p72214499.html?spid=28238665
35729811,USB 3.1 SanDisk Ultra Luxe CZ74 256GB 150MB/s (Bạc) - Hàng Chính Hãng,1490000.0,1490000.0,0.0,4.8,6,915,,https://tiki.vnusb-3-1-sandisk-ultra-luxe-cz74-256gb-150mb-s-bac-hang-chinh-hang-p35729811.html?spid=188581115
26039678,Hộp mực PrintMax dành cho máy in Canon mã CRG 337 - Hàng Chính Hãng,250000.0,250000.0,0.0,5.0,4,65686,,https://tiki.vnhop-muc-printmax-danh-cho-may-in-canon-ma-crg-337-hang-chinh-hang-p26039678.html?spid=26039679
3719675,Máy In Laser Đen Trắng Canon Đa Chức Năng MF235 (Print/ Copy/ Scan/ Fax) - Hàng Chính Hãng,5790000.0,9020000.0,3230000.0,5.0,2,1,,https://tiki.vnma-y-in-laser-den-tra-ng-canon-da-chu-c-nang-mf235-print-copy-scan-fax-hang-chinh-hang-p3719675.html?spid=3719677
464804,Bộ Kích Sóng Wifi Repeater Băng Tầng Kép AC1200 Linksys RE6500HG - Hàng Chính Hãng,1870000.0,1870000.0,0.0,5.0,1,2859,,https://tiki.vnbo-kich-song-wifi-repeater-bang-tang-kep-ac1200-linksys-re6500hg-hang-chinh-hang-p464804.html?spid=147570820
416985,TP-Link  TL-WN822N - USB Wifi (high gain) chuẩn N tốc độ 300Mbps - Hàng Chính Hãng,230000.0,389900.0,159900.0,4.5,209,1,,https://tiki.vntp-link-tl-wn822n-usb-wifi-high-gain-chuan-n-to-c-do-300mbps-hang-chinh-hang-p416985.html?spid=120194
279004006,Vỏ Máy Tính Case VSP ES7 Trắng/Đen – Hàng Chính Hãng,676000.0,676000.0,0.0,0.0,0,30787,,https://tiki.vnvo-may-tinh-case-vsp-es7-trang-den-hang-chinh-hang-p279004006.html?spid=279004345
278901711,USB 128GB Sandisk SDCZ460-128G-G46 USB 3.1 - Hàng chính hãng ,729000.0,729000.0,0.0,0.0,0,915,,https://tiki.vnusb-128gb-sandisk-sdcz460-128g-g46-usb-3-1-hang-chinh-hang-p278901711.html?spid=278901712
278449144,Router TP-Link Wifi 6 Dual-Band Muti-Gigabit with Two 2.5G Ports A3000 Router Archer AX55 Pro - Hàng chính hãng,2699000.0,2699000.0,0.0,0.0,0,162514,,https://tiki.vnrouter-tp-link-dual-band-muti-gigabit-wi-fi-6-with-two-2-5g-ports-a3000-router-archer-ax55-pro-hang-chinh-hang-p278449144.html?spid=278449145
278109461,"Cụm trống Ricoh SP230: Dùng cho máy in Ricoh SP 230DNW, 230SFNW ( Drum Cartridge Risoh SP230 Eko Ink ) hàng nhập khẩu",280000.0,280000.0,0.0,0.0,0,2671,,https://tiki.vncum-trong-ricoh-sp230-dung-cho-may-in-ricoh-sp-230dnw-230sfnw-drum-cartridge-risoh-sp230-eko-ink-hang-nhap-khau-p278109461.html?spid=278109462
277995642,VỎ CASE MÁY TÍNH DARKFLASH L285M (Full M-ATX) - Hàng chính hãng,1795000.0,1795000.0,0.0,0.0,0,299528,,https://tiki.vnvo-case-may-tinh-darkflash-l285m-full-m-atx-hang-chinh-hang-p277995642.html?spid=277995646
277925953,Combo bộ Thiết bị lưu trữ DAS TerraMaster DAS TerraMaster D6-320 6-bay kèm 1 ổ cứng Toshiba NAS N300 24/7 Hàng chính hãng,13136000.0,13136000.0,0.0,0.0,0,297828,,https://tiki.vnbo-thiet-bi-luu-tru-das-terramaster-d6-320-6-bay-n300-hang-chinh-hang-p277925953.html?spid=277925955
277867825,CASE MAGIC GM-01 CÓ SẮN 4 FAN (MATX) - Hàng chính hãng,790000.0,790000.0,0.0,0.0,0,299528,,https://tiki.vncase-magic-gm-01-co-san-4-fan-matx-hang-chinh-hang-p277867825.html?spid=277867829
277568242,Card đồ họa Nvidia RTX 4000 ADA 20GB GDDR6 - Hàng Chính Hãng,44000000.0,44000000.0,0.0,0.0,0,224238,,https://tiki.vncard-do-hoa-nvidia-rtx-4000-ada-20gb-gddr6-p277568242.html?spid=277568243
276962348,[HÀNG CHÍNH HÃNG] Máy in phun màu Brother DCP-T436W,3830000.0,3830000.0,0.0,5.0,1,149312,,https://tiki.vnhang-chinh-hang-may-in-phun-mau-brother-dcp-t436w-p276962348.html?spid=276962349
276886065,"Hộp mực Estar Q2612A dùng cho máy in HP 1020, 1018, Canon LBP 2900, 3000 Có lỗ đổ mực, đậm đẹp - hàng chính hãng",249700.0,249700.0,0.0,0.0,0,43974,,https://tiki.vnhop-muc-estar-q2612a-dung-cho-may-in-hp-1020-1018-canon-lbp-2900-3000-co-lo-do-muc-dam-dep-hang-chinh-hang-p276886065.html?spid=276886066
276504034,Màn Hình Dell SE2722H (27 INHC | FHD | VA | 75Hz | HDMI | VGA) - Hàng Chính Hãng,3390000.0,3390000.0,0.0,0.0,0,3103,,https://tiki.vnman-hinh-dell-se2722h-27-inhc-fhd-va-75hz-fhd-va-75hz-hdmi-vga-p276504034.html?spid=276504035
275485426,Sạc dành cho Laptop Dell Latitude 7280 7290 7480 Type-C 65W hàng nhập khẩu.,490000.0,490000.0,0.0,0.0,0,126154,,https://tiki.vnsac-danh-cho-laptop-dell-latitude-7280-7290-7480-type-c-65w-hang-nhap-khau-p275485426.html?spid=275485427
275221007,"Mực Nạp, Mực chai 12A-26A dùng cho máy in 2900, 3300, 6650, ... Hp 1020, P2035, Pro 400, P1320 Trọng lượng 140g đậm đẹp - Hàng chính hãng",30800.0,30800.0,0.0,4.0,1,43974,,https://tiki.vnmuc-nap-muc-chai-12a-26a-dung-cho-may-in-2900-3300-6650-hp-1020-p2035-pro-400-p1320-trong-luong-140g-dam-dep-hang-chinh-hang-p275221007.html?spid=275221008
272395882,"Combo 4 lọ mực cho máy in Canon / HP: Nạp cho hộp mực HP12A, 15A, 49A, 05A, 16A… / Canon HP 303, EP 308, EP 309, EP 315, EP 319 ( Hàng nhập khẩu )",132000.0,132000.0,0.0,0.0,0,2671,,https://tiki.vncombo-4-lo-muc-cho-may-in-canon-hp-nap-cho-hop-muc-hp12a-15a-49a-05a-16a-canon-ep-303-ep-308-ep-309-ep-315-ep-319-p272395882.html?spid=272395883
248800142,"Máy Quét Mã Vạch 1D 2D Đa Ứng Dụng Deli - Quét Mã Bar Code QR Siêu Thị, Cửa Hàng Tạp Hóa, Kho Hàng, Kết Nối USB Có Dây Đa Thiết Bị Thông Minh - Hàng Chính Hãng- ES221",2194200.0,2194200.0,0.0,1.0,1,113115,,https://tiki.vnmay-quet-ma-vach-khong-day-deli-quet-ma-sieu-thi-cua-hang-tap-hoa-kho-hang-ket-noi-usb-da-thiet-bi-thong-minh-p248800142.html?spid=248800144
216102603,"Màn hình MSI PRO MP273QP (27""/2K/IPS/75Hz/1ms) - Hàng Chính Hãng",5690000.0,5690000.0,0.0,0.0,0,139021,,https://tiki.vnman-hinh-msi-pro-mp273qp-27-2k-ips-75hz-1ms-hang-chinh-hang-p216102603.html?spid=270789018
208379940,Bộ phát WiFi AC1200 dùng SIM 4G LTE Tenda 4G07- Hàng Chính Hãng,1870000.0,1870000.0,0.0,0.0,0,12395,,https://tiki.vnbo-phat-wifi-ac1200-dung-sim-4g-lte-tenda-4g07-hang-chinh-hang-p208379940.html?spid=208379941
200032020,Bàn phím dùng cho Laptop Dell Inspiron Gaming 15-7559 LED đỏ - Hàng Nhập Khẩu New Seal,738977.0,738977.0,0.0,0.0,0,308064,,https://tiki.vnban-phim-dung-cho-laptop-dell-inspiron-gaming-15-7559-led-do-hang-chinh-hang-mikey2548-p200032020.html?spid=200032022
200029981,Bàn Phím cho Máy Tính Acer 5830T - Hàng Nhập Khẩu,213158.0,213158.0,0.0,0.0,0,308064,,https://tiki.vnban-phim-cho-may-tinh-acer-5830t-phim-zin-hang-chinh-hang-mikey238-p200029981.html?spid=200029983
200025885,Adapter Sạc 19V 3.42A Cục Vuông Đầu Tròn Lớn 5.5mm dùng cho Laptop ASUS - Hàng Nhập Khẩu New Seal,270031.0,270031.0,0.0,0.0,0,308064,,https://tiki.vnadapter-sac-19v-3-42a-cuc-vuong-dau-tron-lon-5-5mm-dung-cho-laptop-asus-hang-chinh-hang-miac652-p200025885.html?spid=200025886
200025559,Sạc cho laptop DELL 19.5V-4.62A đầu 4.5*3.0mm - Hàng Nhập Khẩu New Seal,217350.0,217350.0,0.0,0.0,0,308064,,https://tiki.vnsac-cho-laptop-dell-19-5v-4-62a-dau-4-5-3-0mm-hang-chinh-hang-miac286-p200025559.html?spid=200025560
200024145,Sạc dùng cho Laptop Sony Vaio SVF14N SVF14NA1EW SVF14N13CLS - Hàng Nhập Khẩu New Seal,217350.0,217350.0,0.0,0.0,0,308064,,https://tiki.vnsac-dung-cho-laptop-sony-vaio-svf14n-svf14na1ew-svf14n13cls-hang-chinh-hang-miac279-p200024145.html?spid=200024146
199009064,Bộ Phát Wifi Di Động 4G LTE TOTOLINK LR350 Phát Wifi từ Sim Hàng chính hãng,900000.0,900000.0,0.0,5.0,8,12395,,https://tiki.vnlr350-bo-dinh-tuyen-khong-day-4g-lte-p199009064.html?spid=202239513
193765279,Ổ cứng SSD Kingmax SSD M.2 Sata III 256GB SA3080 - Hàng Chính Hãng,845000.0,845000.0,0.0,0.0,0,13093,,https://tiki.vno-cung-ssd-kingmax-ssd-m-2-sata-iii-256gb-sa3080-hang-chinh-hang-p193765279.html?spid=193765280
182551039,HỘP ĐỰNG Ổ CỨNG 2.5 SSK SHE-095 USB 3.0 - Hàng chính hãng,159000.0,159000.0,0.0,0.0,0,16972,,https://tiki.vnhop-dung-o-cung-2-5-ssk-she-095-usb-3-0-p182551039.html?spid=197387036
146222990,Máy chiếu XGIMI HORIZON - Bản quốc tế/ Hàng chính hãng,35990000.0,35990000.0,0.0,0.0,0,175774,,https://tiki.vnmay-chieu-xgimi-horizon-ban-quoc-te-hang-chinh-hang-p146222990.html?spid=146222991
100622252,Máy chiếu XGIMI Mogo Pro+ (bản quốc tế)/ hàng chính hãng,22099000.0,22099000.0,0.0,0.0,0,175774,,https://tiki.vnmay-chieu-xgimi-mogo-pro-ban-quoc-te-hang-chinh-hang-p100622252.html?spid=100622253
86143010,Bộ Chia Mạng Switch Để Bàn TP-Link LS1005 5 Cổng 10/100Mbps - Hàng Chính Hãng,180000.0,180000.0,0.0,5.0,1,15937,,https://tiki.vnbo-chia-mang-switch-de-ban-tp-link-ls1005-5-cong-10-100mbps-hang-chinh-hang-p86143010.html?spid=273871366
72226646,Bộ Vi Xử Lý CPU AMD Ryzen Processors 5 5600X - Hàng Chính Hãng,4700000.0,4700000.0,0.0,5.0,1,12395,,https://tiki.vnbo-vi-xu-ly-cpu-amd-ryzen-processors-5-5600x-hang-chinh-hang-p72226646.html?spid=72623563
58396397,Tp-Link WR820N - Hàng Chính Hãng -  Router Wi-Fi Chuẩn N Tốc Độ 300Mbps ,219000.0,219000.0,0.0,0.0,0,200265,,https://tiki.vntp-link-wr820n-hang-chinh-hang-router-wi-fi-chuan-n-toc-do-300mbps-p58396397.html?spid=143470970
30030572,Hộp mực photocopy Thuận Phong dùng cho máy Ricoh MP 2014/ 2014S/ 2014D/ 2014AD/ MFP M 2700/ M 2701/ IM 2702 - Hàng Chính Hãng,270000.0,270000.0,0.0,0.0,0,2430,,https://tiki.vnhop-muc-photocopy-thuan-phong-dung-cho-may-ricoh-mp-2014-2014s-2014d-2014ad-hang-chinh-hang-p30030572.html?spid=30030573
25552398,Băng mực máy in Kim Epson LQ310 - HÀNG CHÍNH HÃNG,65000.0,65000.0,0.0,4.8,14,140258,,https://tiki.vnbang-muc-may-in-kim-epson-lq310-hang-chinh-hang-p25552398.html?spid=59450106
11596410,Card Sound USB thu âm Behringer U-Phoria UM2 - Hàng Nhập Khẩu,1549000.0,1549000.0,0.0,4.5,2,1892,,https://tiki.vncard-sound-usb-thu-am-behringer-u-phoria-um2-hang-nhap-khau-p11596410.html?spid=11596416
8319455,Máy in Laser đa chức năng Ricoh SP 230SFNw  - Hàng Chính Hãng,6800000.0,6800000.0,0.0,0.0,0,70594,,https://tiki.vnmay-in-laser-da-chuc-nang-ricoh-sp-230sfnw-hang-chinh-hang-p8319455.html?spid=28146633
2107397,Máy In Hóa Đơn Fastbill FB58,1350000.0,1350000.0,0.0,0.0,0,33316,,https://tiki.vnmay-in-hoa-don-fastbill-fb58-p2107397.html?spid=15619036
1925677,Hộp mực Thuận Phong 12A (TỰ NẠP) dùng cho máy in HP LJ 1010/ 1020/ 3030/ 3050/ Canon LBP 2900/ 3000/ MF 4000/ 4100 - Hàng Chính Hãng,390000.0,390000.0,0.0,4.7,6,2430,,https://tiki.vnhop-muc-thuan-phong-12a-tu-nap-dung-cho-may-in-hp-lj-1010-1020-3030-3050-hang-chinh-hang-p1925677.html?spid=1925679
514864,TP-Link  TL-WR845N - Router Không Dây Chuẩn N Tốc Độ 300Mbps - Hàng Chính Hãng,350000.0,499000.0,149000.0,4.5,32,1,,https://tiki.vntp-link-tl-wr845n-router-khong-day-chuan-n-toc-do-300mbps-hang-chinh-hang-p514864.html?spid=232463
514323,TP-Link  TL-SG108 - Switch Để Bàn 8 Cổng Gigabit - Hàng Chính Hãng,549000.0,549000.0,0.0,5.0,16,915,,https://tiki.vntp-link-tl-sg108-switch-de-ban-8-cong-gigabit-hang-chinh-hang-p514323.html?spid=147494926
464587,Linksys EA2750 - Router Wifi Chuẩn N 600Mbps - Hàng Chính Hãng,990000.0,990000.0,0.0,0.0,0,2859,,https://tiki.vnlinksys-ea2750-router-wifi-chuan-n-600mbps-hang-chinh-hang-p464587.html?spid=147571056
456525,Bộ Chuyển Đổi USB Wifi TP-Link Archer T4U Băng Tần Kép MU-MIMO AC1300 - Hàng Chính Hãng,499000.0,499000.0,0.0,4.8,59,1242,,https://tiki.vnbo-chuyen-doi-usb-wifi-tp-link-archer-t4u-bang-tan-kep-mu-mimo-ac1300-hang-chinh-hang-p456525.html?spid=7651303
279106418,Máy tính để bàn HP OmniDesk Desktop M02-0022d PC (C16DZPA) - Hàng chính hãng,16350000.0,16350000.0,0.0,0.0,0,125381,,https://tiki.vnmay-tinh-de-ban-hp-omnidesk-desktop-m02-0022d-pc-c16dzpa-hang-chinh-hang-p279106418.html?spid=279106419
278059140,Bộ chuyển đổi USB Bluetooth 5.0 NANO - DBT-F122 - Hàng Chính Hãng,125000.0,125000.0,0.0,0.0,0,12395,,https://tiki.vnbo-chuyen-doi-usb-bluetooth-5-0-nano-dbt-f122-hang-chinh-hang-p278059140.html?spid=278059141
277988222,USB 256GB Type-C Sandisk Creator SDCZ75C-256G-G46 - Hàng chính hãng ,1489000.0,1489000.0,0.0,0.0,0,915,,https://tiki.vnusb-256gb-type-c-sandisk-creator-sdcz75c-256g-g46-hang-chinh-hang-p277988222.html?spid=277988223
277945130,"Dell Precision 5540 Core i9 Ram 16gb, SSD NVME 512gb Card T2000 15.6inch IPS - Hàng Chính Hãng",23000000.0,23000000.0,0.0,0.0,0,312039,,https://tiki.vndell-precision-5540-core-i9-ram-16gb-ssd-nvme-512gb-card-t2000-15-6inch-ips-hang-chinh-hang-p277945130.html?spid=277945131
277729062,Màn chiếu điện Apollo 100 inch Tỷ lệ 16:9 chuyên phim và giải trí- Remote điều khiển từ xa- Hàng nhập khẩu,1501200.0,1501200.0,0.0,0.0,0,36422,,https://tiki.vnman-chieu-dien-100-inch-ty-le-16-9-chuyen-phim-va-giai-tri-remote-dieu-khien-tu-xa-p277729062.html?spid=277729063
277228594,(Hỗ Trợ Tiếng Việt) Máy Chiếu Mini Siêu Nét Kết Nối Bluetooth Wifi Chạy Hệ Điều Hành Android S6 Cao Cấp - Hàng Nhập Khẩu,2659000.0,2659000.0,0.0,0.0,0,81456,,https://tiki.vnho-tro-tieng-viet-may-chieu-mini-sieu-net-ket-noi-bluetooth-wifi-chay-he-dieu-hanh-android-s6-cao-cap-hang-nhap-khau-p277228594.html?spid=277228595
276296688,"Màn hình máy tính Dahua DHI-LM22-B200H (21""/FHD/VA/75Hz/5ms) Hàng chính hãng",1490000.0,1490000.0,0.0,0.0,0,3103,,https://tiki.vnman-hinh-may-tinh-dahua-dhi-lm22-b200h-21-fhd-va-75hz-5ms-p276296688.html?spid=276296689
275969582,Máy in laser trắng đen đơn năng Brother HL-B2100D - Hàng Chính Hãng,3590000.0,3590000.0,0.0,0.0,0,184067,,https://tiki.vnmay-in-laser-trang-den-don-nang-brother-hl-b2100d-hang-chinh-hang-p275969582.html?spid=276365434
275915121,Phần mềm diệt virus BKAV Pro Enpoint AI Cloud - Bộ 1 thẻ: sử dụng cho 10 PCs/1 năm - Hàng chính hãng,1899000.0,1899000.0,0.0,0.0,0,351495,,https://tiki.vnphan-mem-diet-virus-bkav-pro-ai-bo-3-the-su-dung-cho-3-pcs-1-nam-p275915121.html?spid=275915122
275713506,"Dầu silicon: Dùng cho bôi trơn các chi tiết, bánh răng, các chi tiết chịu nhiệt... máy in, máy photocopy  ( HA - Hàng nhập khẩu )",220000.0,220000.0,0.0,0.0,0,2671,,https://tiki.vndau-silicon-dung-boi-tron-cac-chi-tiet-banh-rang-cac-chi-tiet-chiu-nhiet-may-in-may-photocopy-ha-hang-nhap-khau-p275713506.html?spid=275713507
275648337,Sạc Tương Thích Cho Laptop Asus 19V-3.42A - Vuông - Chân Nhỏ 65W - Hàng Nhập Khẩu New Seal TEEMO PC TEAC244,263000.0,263000.0,0.0,0.0,0,287052,,https://tiki.vnsac-tuong-thich-cho-laptop-asus-19v-3-42a-vuong-chan-nho-65w-hang-nhap-khau-new-seal-teemo-pc-teac244-p275648337.html?spid=275648338
275632984,Pin Tương Thích Cho Laptop Acer Aspire 3 A315-42 A315-54 Aspire 5 A514-52 A515-43 - Ap18C4K - Hàng Nhập Khẩu New Seal TEEMO PC TEBAT898,993000.0,993000.0,0.0,0.0,0,287052,,https://tiki.vnpin-tuong-thich-cho-laptop-acer-aspire-3-a315-42-a315-54-aspire-5-a514-52-a515-43-ap18c4k-hang-nhap-khau-new-seal-teemo-pc-tebat898-p275632984.html?spid=275632985
275196065,Hộp Mực 85A dành cho Canon F166400 F158200 6030w 6000 6030 3050 6018 312-325 MF 3010 Mực in HP P1102 P1102w M1136 M1130 M1132mf M1212nf M1139 -Có Lỗ Đổ Mực- Hàng chính hãng Alpha Cartridge,117900.0,117900.0,0.0,4.3,3,183951,,https://tiki.vnhop-muc-85a-danh-cho-canon-6030w-f166400-6000-6030-3050-6018-312-325-mf-3010-muc-in-hp-p1102-p1102w-m1136-m1130-m1132mf-m1212nf-m1139-co-lo-do-muc-hang-chinh-hang-alpha-cartridge-p275196065.html?spid=275196066
274734984,"Laptop Dell Vostro 5370 (i5-8250U/ Ram 8GB/ SSD 256GB/ 13.3""FHD /Sliver/ W10/FG/Key_led) - HÀNG CHÍNH HÃNG",7990000.0,7990000.0,0.0,0.0,0,312039,,https://tiki.vnlaptop-dell-vostro-5370-i5-8250u-ram-8gb-ssd-256gb-13-3-fhd-sliver-w10-fg-key_led-hang-chinh-hang-p274734984.html?spid=274734986
274602172,ASCAM Phần Mềm Quay Video Đóng Gói Hàng Hóa - Hàng Chính Hãng,6500000.0,6500000.0,0.0,5.0,2,233891,,https://tiki.vne-cam-phan-mem-quay-video-dong-goi-hang-hoa-p274602172.html?spid=274603159
274245325,"Thiết bị lưu trữ  Nas QNAP, Model: TS-233 - Hàng chính hãng",7135000.0,7135000.0,0.0,0.0,0,352261,,https://tiki.vnthiet-bi-luu-tru-qnap-model-ts-233-hang-chinh-hang-p274245325.html?spid=274245326
273574719,Combo họp trực tuyến cho 6 đến  người Emeet M3 và Emeet SmartCam S600  - Hàng chính hãng,2633000.0,2633000.0,0.0,0.0,0,1892,,https://tiki.vncombo-thiet-bi-hop-truc-tuyen-emeet-cho-6-den-nguoi-emeet-m3-va-emeet-smartcam-s600-hang-chinh-hang-p273574719.html?spid=273666987
273486782,Bộ phát Wifi ốp trần hoặc gắn tường Ruijie REYEE RG-RAP2200 (E) (F) - Hàng Chính Hãng,1140000.0,1140000.0,0.0,0.0,0,13093,,https://tiki.vnbo-phat-wifi-op-tran-hoac-gan-tuong-ruijie-reyee-rg-rap2200-e-f-hang-chinh-hang-p273486782.html?spid=273486785
273095852,Màn hình LCD 22inch ThinKing VSP V2205H LED Slim Bezel Monitor Full HD 75hz (Trắng) - Hàng Chính Hãng,1850000.0,1850000.0,0.0,0.0,0,30787,,https://tiki.vnman-hinh-lcd-22inch-thinking-vsp-v2205h-led-slim-bezel-monitor-full-hd-75hz-trang-hang-chinh-hang-p273095852.html?spid=273095853
271041730,Kaspersky Plus 3 PC 1 Year - Hàng chính hãng,729000.0,729000.0,0.0,0.0,0,915,,https://tiki.vnkaspersky-plus-3-pc-1-year-hang-chinh-hang-p271041730.html?spid=273603084
270840677,Combo 5 Khóa bảo mật VinCSS FiDO2® Touch 1 (USB-A) - Multi Factor authentication (MFA) - Security Key and passkey - Chuẩn FIDO2 - Bảo vệ tài khoản online - Hàng chính hãng,3844500.0,3844500.0,0.0,0.0,0,146729,,https://tiki.vncombo-5-khoa-xac-thuc-manh-vincss-fido2-touch-1-ket-noi-usb-type-a-ho-tro-xac-thuc-an-toan-khong-mat-khau-chuan-uaf-u2f-fido2-hang-chinh-hang-p270840677.html?spid=270840678
270266448,Bàn phím dành cho LENOVO YOGA|FLEX SLIM 7-14ARE05 7-14IIL05 7-14 LED hàng nhập khẩu,390000.0,390000.0,0.0,0.0,0,126154,,https://tiki.vnban-phim-danh-cho-lenovo-yoga-flex-slim-7-14are05-7-14iil05-7-14-led-hang-nhap-khau-p270266448.html?spid=270266449
251404069,Máy tính Dell Optiplex 5050 SFF core i7 ổ SSD Nvme tốc độ cao cho Văn Phòng,5790000.0,5790000.0,0.0,4.0,1,312039,,https://tiki.vnmay-tinh-dell-optiplex-5050-sff-core-i7-o-ssd-nvme-toc-do-cao-cho-van-phong-p251404069.html?spid=251404070
242212187,Máy in mã vạch XP-DT426B Dtek - Hàng nhập khẩu chính hãng,1890000.0,1890000.0,0.0,0.0,0,328898,,https://tiki.vnmay-in-ma-vach-xp-dt426b-p242212187.html?spid=242212188
225919555,"Máy Chiếu Wanbo T6R Max Full HD - Độ Phân Giải 1080P, Hỗ Trợ 4K Mượt Mà - Hàng Chính Hãng",7990000.0,7990000.0,0.0,0.0,0,326402,,https://tiki.vnmay-chieu-wanbo-t6r-max-full-hd-do-phan-giai-1080p-ho-tro-4k-muot-ma-p225919555.html?spid=243045267
225216936,Sạc dành cho Laptop Asus - Sạc Vuông 3.42a - công suất 65w - Chân nhỏ 4.0mm - Tặng kèm dây nguồn - Hàng Nhập Khẩu New Seal,250000.0,250000.0,0.0,0.0,0,308064,,https://tiki.vnsac-danh-cho-laptop-asus-sac-vuong-zin-3-42a-cong-suat-65w-chan-nho-4-0mm-tang-kem-day-nguon-hang-chinh-hang-misu1328-zin-new-seal-p225216936.html?spid=225216939
203996776,Máy Đếm Tiền - Máy Đếm Tiền Oudis 5200B - Hàng Chính Hãng,2850000.0,2850000.0,0.0,0.0,0,311782,,https://tiki.vnmay-dem-tien-may-dem-tien-oudis-5200b-hang-chinh-hang-p203996776.html?spid=203996777
200024746,Sạc dùng cho Laptop Acer Aspire 3 A315-22 A315-34 Loại chân bé : 3.0mm*1.1mm - Hàng Nhập Khẩu New Seal,465750.0,465750.0,0.0,0.0,0,308064,,https://tiki.vnsac-dung-cho-laptop-acer-aspire-3-a315-22-a315-34-loai-chan-be-3-0mm-1-1mm-hang-chinh-hang-miac1100-p200024746.html?spid=200024747
193446448,Sạc dành cho Laptop ASUS ROG GX700VO-GB012T For ASUS ROG GX800VH-XS79K Gaming For ASUS ROG GX700VO-GC009T GX700VO-VS74K 330W -hàng Nhập khẩu,950000.0,950000.0,0.0,0.0,0,126154,,https://tiki.vnsac-danh-cho-laptop-asus-rog-gx700vo-gb012t-for-asus-rog-gx800vh-xs79k-gaming-for-asus-rog-gx700vo-gc009t-gx700vo-vs74k-330w-p193446448.html?spid=193446449
188281585,Thiết bị thu phát wifi vô tuyến TP-LINK CPE510 băng tần 5GHz - Hàng chính hãng,1250000.0,1250000.0,0.0,0.0,0,12395,,https://tiki.vnthiet-bi-thu-phat-wifi-vo-tuyen-tp-link-cpe510-bang-tan-5ghz-hang-chinh-hang-p188281585.html?spid=252635812
187770519,Máy Tính Siêu Nhỏ Ultra Mini Morefine ZX01 Plus - Intel thế hệ 12 Twin Lake N150 - Hỗ Trợ Xuất Hình 4K 60hz hàng nhập khẩu,8500000.0,8500000.0,0.0,5.0,10,58789,,https://tiki.vnmay-tinh-sieu-nho-ultra-mini-intel-m6s-the-he-11-jasper-lake-n5105-ho-tro-xuat-hinh-4k-60hz-hang-nhap-khau-p187770519.html?spid=278023010
172493235,Màn Hình LCD Philips 221V8 (1920x1080/VA/75Hz/4ms) - Hàng Chính Hãng,1850000.0,1850000.0,0.0,0.0,0,30787,,https://tiki.vnman-hinh-lcd-philips-221v8-1920x1080-va-75hz-4ms-hang-chinh-hang-p172493235.html?spid=172493236
136676515,Máy in HP LaserJet M211d (9YF82A) - Hàng Chính Hãng,2990000.0,3690000.0,700000.0,5.0,3,1,,https://tiki.vnmay-in-hp-laserjet-m211d-9yf82a-hang-chinh-hang-p136676515.html?spid=216006964
134578048,USB 3.0 SanDisk Ultra Flair CZ73 SDCZ73-G46 - Hàng Chính Hãng,1390000.0,1390000.0,0.0,5.0,6,915,,https://tiki.vnusb-3-0-sandisk-ultra-flair-cz73-128gb-sdcz73-128g-g46-hang-chinh-hang-p134578048.html?spid=39307967
73256086,Hộp Đựng Ổ Cứng M2PV-C3-BK (Màu Đen) SSD ORICO NVME M.2 Tốc độ 10Gbps - Hàng Chính Hãng,595000.0,595000.0,0.0,0.0,0,15937,,https://tiki.vnhop-dung-o-cung-m2pv-c3-bk-mau-den-ssd-orico-nvme-m-2-toc-do-10gbps-hang-chinh-hang-p73256086.html?spid=276342608
57269938,Màn Hình Asus ProArt PA278QV 27' inch WQHD (2560 x 1440) - Hàng Chính Hãng,8700000.0,8700000.0,0.0,5.0,2,12395,,https://tiki.vnman-hinh-asus-proart-pa278qv-27-inch-wqhd-2560-x-1440-hang-chinh-hang-p57269938.html?spid=68649068
43934020,"Hộp mực 83A/337A cho máy in Canon MF211, HP Pro M125 Có lỗ đổ mực, mực thải",125000.0,125000.0,0.0,0.0,0,2859,,https://tiki.vnhop-muc-83a-337a-cho-may-in-canon-mf211-hp-pro-m125-co-lo-do-muc-muc-thai-p43934020.html?spid=278071861
33847400,"Combo Phòng Thu Cá Nhân Focusrite Scarlett Solo, 2i2 Studio (Gen 3) - Hàng Nhập Khẩu",6040000.0,6040000.0,0.0,4.5,2,1892,,https://tiki.vncombo-phong-thu-ca-nhan-focusrite-scarlett-solo-2i2-studio-gen-3-hang-nhap-khau-p33847400.html?spid=33847404
11493611,Card màn hình Giagbyte N1030OC-2GI - Hàng Chính Hãng,2450000.0,2450000.0,0.0,0.0,0,12395,,https://tiki.vncard-man-hinh-giagbyte-n1030oc-2gi-hang-chinh-hang-p11493611.html?spid=14058448
3560211,Thiết Bị Kích Sóng Wifi Mercury Repeater MW310RE 3 Anten Version 2017 - Hàng Chính Hãng,202091.0,202091.0,0.0,5.0,1,184953,,https://tiki.vnthiet-bi-kich-song-wifi-mercury-repeater-mw310re-3-anten-version-2017-hang-chinh-hang-p3560211.html?spid=96391230
278498477,Thiết bị lưu trữ DAS D8 Hybrid 8bay hàng chính hãng,9000000.0,9000000.0,0.0,0.0,0,297828,,https://tiki.vnthiet-bi-luu-tru-das-d8-hybrid-8bay-hang-chinh-hang-p278498477.html?spid=278498478
278431378,Bộ phát Wifi 4G LTE Mercusys 300Mbps MB112-4G - Hàng chính hãng,1188000.0,1188000.0,0.0,0.0,0,162514,,https://tiki.vnbo-phat-wifi-4g-lte-mercusys-300mbps-mb112-4g-hang-chinh-hang-p278431378.html?spid=278431379
278164359,Switch Gigabit 5 Cổng TP-Link LS105GP với 4 Cổng PoE+ Công Suất Tối Đa 65W Vỏ Kim Loại - Hàng chính hãng,645000.0,645000.0,0.0,5.0,1,1242,,https://tiki.vnswitch-gigabit-5-cong-tp-link-ls105gp-voi-4-cong-poe-cong-suat-toi-da-65w-vo-kim-loai-hang-chinh-hang-p278164359.html?spid=278164360
277962714,Máy in phun màu đa năng Brother MFC-T930DW - Hàng Chính Hãng,7990000.0,7990000.0,0.0,0.0,0,3103,,https://tiki.vnmay-in-phun-mau-da-nang-brother-mfc-t930dw-hang-chinh-hang-p277962714.html?spid=277962715
277922659,Combo thiết bị lưu trữ DAS TerraMaster D2-320 kèm ổ cứng NAS Toshiba N300 24/7 Hàng chính hãng,8300000.0,8300000.0,0.0,0.0,0,297828,,https://tiki.vnbo-thiet-bi-luu-tru-das-terramaster-d2-320-n300-hang-chinh-hang-p277922659.html?spid=278540753
277745471,Switch TP-Link 8-Port Gigabit Desktop Switch TL-SG108 - Hàng chính hãng,669000.0,669000.0,0.0,0.0,0,162514,,https://tiki.vnswitch-tp-link-8-port-gigabit-desktop-switch-tl-sg108-hang-chinh-hang-p277745471.html?spid=277745472
277728838,Máy Scan HP Enterprise Flow 7000 S3- HÀNG NHẬP KHẨU,22400000.0,22400000.0,0.0,0.0,0,1887,,https://tiki.vnmay-scan-hp-enterprise-flow-7000-s3-hang-chinh-hang-p277728838.html?spid=277728839
277717851,Máy in Laser HP LaserJet Enterprise M406DN - Hàng Nhập Khẩu ,7500000.0,7500000.0,0.0,0.0,0,1887,,https://tiki.vnmay-in-laser-hp-laserjet-enterprise-m406dn-hang-nhap-khau-p277717851.html?spid=277717852
277611767,Đầu giắc bắt vít cổng COM DB9 RS232 đực- cái HD-Link YL-SMG-09MF. Hàng chính hãng,45000.0,45000.0,0.0,0.0,0,16801,,https://tiki.vndau-giac-bat-vit-cong-com-db9-rs232-duc-cai-hd-link-yl-smg-09mf-hang-chinh-hang-p277611767.html?spid=277611842
276479718,Màn Hình Máy Tính DAHUA DHI-LM22 (22INCH | FHD | VA | HDMI | VGA) - Hàng Chính Hãng,1420000.0,1420000.0,0.0,5.0,1,3103,,https://tiki.vnman-hinh-may-tinh-dahua-dhi-lm22-22inch-fhd-va-hdmi-vga-hang-chinh-hang-p276479718.html?spid=276479719
276432447," Mực in AZ TL 410, cụm drum DL410 dùng cho máy in Pantum P3010D, P3012D, P3300DN | M6700D, M6700DW, M6702DW - Hàng chính hãng",220000.0,220000.0,0.0,0.0,0,43974,,https://tiki.vnmuc-in-az-tl-410-cum-drum-dl410-dung-cho-may-in-pantum-p3010d-p3012d-p3300dn-m6700d-m6700dw-m6702dw-hang-chinh-hang-p276432447.html?spid=276432453
275854376,Laptop HP 15 fd1043TU 9Z2W9PA (Core 5 120U/ 16GB/ 1TB SSD/ 15.6 inch FHD/ Win11/ Bạc) - Hàng Chính Hãng,17850000.0,17850000.0,0.0,0.0,0,52525,,https://tiki.vnlaptop-hp-15-fd1043tu-9z2w9pa-core-5-120u-16gb-1tb-ssd-15-6-inch-fhd-win11-ba-c-hang-chinh-hang-p275854376.html?spid=275854377
275832756,"Hộp mực 071 AZ CÓ CHÍP dùng cho máy in LBP122dw, MF272dw, MF273dw, MF275dw - hàng chính hãng",291600.0,291600.0,0.0,0.0,0,43974,,https://tiki.vnhop-muc-071-az-co-chip-dung-cho-may-in-lbp122dw-mf272dw-mf273dw-mf275dw-hang-chinh-hang-p275832756.html?spid=275832757
275795921,Trống (Drum) Toshiba 555 Fuji: Dùng cho máy photocopy Toshiba E 550/ 650/ 600/ 720/ 723/ 850/ 853/ 555/ 655/ 556/ 656/ 756/ 856/ 657/ 857 ( HA - Hàng nhập khẩu ),770000.0,770000.0,0.0,0.0,0,2671,,https://tiki.vntrong-drum-toshiba-555-fuji-dung-cho-may-photocopy-toshiba-e-550-650-600-720-723-850-853-555-655-556-656-756-856-657-857-ha-hang-nhap-khau-p275795921.html?spid=275795922
275752748,Lô sấy 4000 : Dùng cho máy photocopy Ricoh 4000B | 5000B | 4000 | 5000 | 4001 | 4002 | 5001 | 5002 | SP 8200DN | SP 8300DN ( HA - Hàng nhập khẩu ),280000.0,280000.0,0.0,0.0,0,2671,,https://tiki.vnlo-say-4000-dung-cho-may-photocopy-ricoh-4000-5000-4001-5001-4002-5002-5003-ha-hang-nhap-khau-p275752748.html?spid=275752749
275664000,Pin dành cho HP 15-r012tx hàng nhập khẩu.,375000.0,375000.0,0.0,0.0,0,126154,,https://tiki.vnpin-danh-cho-hp-15-r012tx-hang-nhap-khau-p275664000.html?spid=275664001
275602352,"Pin dành cho Laptop Dell Vostro 3468, 14 3468 - Hàng Zi.n hàng chính hãng.",490000.0,490000.0,0.0,0.0,0,126154,,https://tiki.vnpin-danh-cho-laptop-dell-vostro-3468-14-3468-hang-zi-n-hang-nhap-khau-p275602352.html?spid=275602353
275601724,Pin dành cho laptop Dell 15 3000 series Zi.n | Battery Dell Inspiron 15 3000 Zi.n hàng nhập khẩu.,490000.0,490000.0,0.0,0.0,0,126154,,https://tiki.vnpin-danh-cho-laptop-dell-15-3000-series-zi-n-battery-dell-inspiron-15-3000-zi-n-hang-nhap-khau-p275601724.html?spid=275601725
275487184,Sạc dành cho Laptop HP Pavilion 15-au119TX - Hàng nhập khẩu,229000.0,229000.0,0.0,0.0,0,126154,,https://tiki.vnsac-danh-cho-laptop-hp-pavilion-15-au119tx-hang-nhap-khau-p275487184.html?spid=275487185
275201127,Hộp mực 416A  415A AZ [KHÔNG CHÍP LẤY CHIP CŨ GẮN QUA] dùng cho máy in HP Color Laser M454dn/ M454dw/ M479fdw - Hàng chính hãng,385000.0,385000.0,0.0,0.0,0,43974,,https://tiki.vnhop-muc-416a-415a-az-khong-chip-lay-chip-cu-gan-qua-dung-cho-may-in-hp-color-laser-m454dn-m454dw-m479fdw-hang-chinh-hang-p275201127.html?spid=275201129
274928980,"Hộp mực Prospect 12A/303/FX9 dùng cho máy in Canon LBP 2900, MF 4320d, 4350d, 4380dn Hp 1020, 1022 hàng chính hãng",150000.0,150000.0,0.0,5.0,1,43974,,https://tiki.vnhop-muc-prospect-12a-303-fx9-dung-cho-may-in-canon-lbp-2900-mf-4320d-4350d-4380dn-hp-1020-1022-hang-chinh-hang-p274928980.html?spid=274928981
274800980,Bộ Phát Wifi TP-Link Archer AX72 / AX73 - Wifi 6 Gigabit Băng Tần Kép AX5400 - HÀNG CHÍNH HÃNG,2999000.0,2999000.0,0.0,0.0,0,67624,,https://tiki.vnbo-phat-wifi-tp-link-archer-ax72-ax73-wifi-6-gigabit-bang-tan-kep-ax5400-hang-chinh-hang-p274800980.html?spid=274800982
273872695,PC Case Galax Revolution 05 - HÀNG CHÍNH HÃNG,990000.0,990000.0,0.0,0.0,0,308336,,https://tiki.vnpc-case-galax-revolution-05w-hang-chinh-hang-p273872695.html?spid=273872696
270439704,Sạc 20V 12A 240W ADAPTER FIT MSI Katana GF66 12UD GF66 12UG GF76 12UD power supply 4.5MM TIP hàng nhập khẩu,1190000.0,1190000.0,0.0,0.0,0,126154,,https://tiki.vnsac-20v-12a-240w-adapter-fit-msi-katana-gf66-12ud-gf66-12ug-gf76-12ud-power-supply-4-5mm-tip-hang-nhap-khau-p270439704.html?spid=270439705
267177617,Norton Mobile Security- Hàng chính hãng Norton 1year/1user,300000.0,300000.0,0.0,0.0,0,321409,,https://tiki.vnnorton-mobile-security-p267177617.html?spid=267177718
263954018,Bộ thu phát HDMI không dây 50m HO-LINK HL-R18G52 Hàng chính Hãng,3200000.0,3200000.0,0.0,0.0,0,110401,,https://tiki.vnbo-thu-phat-hdmi-khong-day-50m-ho-link-hl-r18g52-p263954018.html?spid=263954019
216283608,[Combo 5 hộp] Nhãn In Brother HZe-241 - Đen nền trắng 18mm x 8m - Hàng nhập khẩu,830000.0,830000.0,0.0,0.0,0,269675,,https://tiki.vnnhan-in-brother-hze-241-den-nen-trang-18mm-x-8m-p216283608.html?spid=216283609
205177480,"Card PCIe ổ cứng M.2 SATA NVMe/ NGFF Ugreen 70504 hỗ trợ M&B-Key, 2230/2242/2260/2280, tốc độ 32Gbps - Hàng chính hãng",269000.0,269000.0,0.0,0.0,0,915,,https://tiki.vncard-pcie-o-cung-m-2-sata-nvme-ngff-ugreen-70504-ho-tro-m-b-key-2230-2242-2260-2280-toc-do-32gbps-hang-chinh-hang-p205177480.html?spid=205177481
158387187,Thiết bị truyền dẫn 60GHz Wireless Transmission Mikrotik RBwAPG-60adkit - Hàng nhập khẩu,5803350.0,5803350.0,0.0,0.0,0,238141,,https://tiki.vnthiet-bi-truyen-dan-60ghz-wireless-transmission-mikrotik-rbwapg-60adkit-hang-nhap-khau-p158387187.html?spid=158387191
157943319,Microphone Polycom Group 310/500/550 ( Hàng chính hãng),8800000.0,8800000.0,0.0,0.0,0,15461,,https://tiki.vnmicrophone-polycom-group-310-500-550-cho-hoi-nghi-va-cac-phong-hop-truc-tuyen-p157943319.html?spid=157943320
124903151,Thiết bị đọc thẻ RFID cầm tay Atid AT880 (SI-203)- HÀNG CHÍNH HÃNG,38000000.0,38000000.0,0.0,0.0,0,218730,,https://tiki.vnthiet-bi-doc-the-rfid-cam-tay-atid-at880-si-203-hang-chinh-hang-p124903151.html?spid=124903152
106604674,Thiết bị dạy học Online (Upointer3 kèm phần mềm giảng dạy) hành chính hãng,18800000.0,18800000.0,0.0,0.0,0,193637,,https://tiki.vnthiet-bi-day-hoc-online-upointer3-kem-phan-mem-giang-day-hanh-chinh-hang-p106604674.html?spid=106604675
78033377,Máy tính doanh nghiệp E350 (Core i3/ HDD 1TB hoặc SSD 240GB/ RAM 4GB/ 19.5 inch LED) - Hàng chính hãng,8800000.0,8800000.0,0.0,0.0,0,6298,,https://tiki.vnmay-tinh-doanh-nghiep-e350-core-i3-hdd-1tb-hoac-ssd-240gb-ram-4gb-19-5-inch-led-hang-chinh-hang-p78033377.html?spid=91749384
75590201,"Router Wifi 6 băng tần 2,4/5Ghz TP-Link Archer AX10 - Hàng Chính Hãng",840000.0,840000.0,0.0,0.0,0,200265,,https://tiki.vnrouter-wifi-6-bang-tan-2-4-5ghz-tp-link-archer-ax10-hang-chinh-hang-p75590201.html?spid=277929659
75509585,"Tai nghe điện thoại viên DQN CS1332, dùng cho điện thoại viên, chuyên viên tư vấn bán hàng qua điện thoại, họp trực tuyến - Hàng chính hãng",2090000.0,2090000.0,0.0,0.0,0,143949,,https://tiki.vntai-nghe-dien-thoai-vien-dqn-cs1332-dung-cho-dien-thoai-vien-chuyen-vien-tu-van-ban-hang-qua-dien-thoai-hop-truc-tuyen-hang-chinh-hang-p75509585.html?spid=75509586
66399530,Thiết Bị Chia Mạng Gắn Rack 24 Cổng 10/100/1000M Với 4 Cổng Quang 1G SFP Và 2 Combo Cổng Quang 10G SFP+/ RJ45 10G Stackable Fully Managed Gigabit Ethernet ProSAFE Next-Gen Edge Switch Netgear GSM7228S - Hàng Chính Hãng,22728000.0,22728000.0,0.0,0.0,0,132722,,https://tiki.vnthiet-bi-chia-mang-gan-rack-24-cong-10-100-1000m-voi-4-cong-quang-1g-sfp-va-2-combo-cong-quang-10g-sfp-rj45-10g-stackable-fully-managed-gigabit-ethernet-prosafe-next-gen-edge-switch-netgear-gsm7228s-hang-chinh-hang-p66399530.html?spid=66399531
32079899,Máy In Nhiệt - In Hóa Đơn XPrinter N160II - Hàng Nhập Khẩu,949000.0,949000.0,0.0,0.0,0,129807,,https://tiki.vnmay-in-nhiet-in-hoa-don-xprinter-n160ii-hang-nhap-khau-p32079899.html?spid=56114252
12204837,Bàn phím kiêm chuột không dây mini UKB 500 Mini Keyboard,99000.0,99000.0,0.0,0.0,0,97441,,https://tiki.vnban-phim-kiem-chuot-khong-day-mini-ukb-500-mini-keyboard-p12204837.html?spid=278841113
2748369,Bộ Phát Wifi Dạng Lưới Mesh Tenda Nova MW6 AC1200 MU-MIMO ( 3 cái) - Hàng Chính Hãng,3590000.0,3590000.0,0.0,0.0,0,117455,,https://tiki.vnbo-phat-wifi-dang-luoi-mesh-tenda-nova-mw6-ac1200-mu-mimo-3-cai-hang-chinh-hang-p2748369.html?spid=56588677
1015880,"Hộp Mực In Sapido 05A (CE505A) Cho Máy In HP P2005, HP P2030, HP P2035, HP P2035N, HP P2050, HP P2055, HP P2055d, HP P2055dn - Hàng Chính Hãng",220000.0,220000.0,0.0,0.0,0,53535,,https://tiki.vnhop-muc-in-sapido-05a-ce505a-cho-may-in-hp-p2005-hp-p2030-hp-p2035-hp-p2035n-hp-p2050-hp-p2055-hp-p2055d-hp-p2055dn-hang-chinh-hang-p1015880.html?spid=20700144
279012653,Vỏ Máy Tính Case Sahara SG5 Diamond Edition Hồng – Hàng Chính Hãng,650000.0,650000.0,0.0,0.0,0,30787,,https://tiki.vnvo-may-tinh-case-sahara-sg5-diamond-edition-hong-hang-chinh-hang-p279012653.html?spid=279012654
279008728,Vỏ Máy Tính Case Magic Roger RGB M-ATX Trắng/Đen – Hàng Chính Hãng,990000.0,990000.0,0.0,0.0,0,30787,,https://tiki.vnvo-may-tinh-case-magic-roger-rgb-m-atx-trang-hang-chinh-hang-p279008728.html?spid=279017422
278972998,Nguồn Máy Tính FIRST PLAYER (1STPLAYER) FK-400-BK-EU 400W – Hàng Chính Hãng,590000.0,590000.0,0.0,0.0,0,30787,,https://tiki.vnnguon-may-tinh-first-player-1stplayer-fk-400-bk-eu-400w-hang-chinh-hang-p278972998.html?spid=278972999
278750125,Hộp mực 35A 85A 36A Halloya có lỗ đổ mực dùng cho máy in Hp P1005 P1006 1505 1522 1505 P1102 M1132 M1212 Canon 6030 MF3010 - Hàng Nhập Khẩu,150000.0,150000.0,0.0,0.0,0,43974,,https://tiki.vnhop-muc-35a-85a-36a-halloya-co-lo-do-muc-dung-cho-may-in-hp-p1005-p1006-1505-1522-1505-p1102-m1132-m1212-canon-6030-mf3010-hang-nhap-khau-p278750125.html?spid=278750126
278686991,"Bộ phát Wifi ốp trần hoặc gắn tường RUIJIE REYEE RG-RAP2200(F)-RG-RAP2200E-RG-RAP2260(G), hỗ trợ 2 băng tầng - Hàng chính hãng",1236000.0,1236000.0,0.0,0.0,0,298886,,https://tiki.vnbo-phat-wifi-op-tran-hoac-gan-tuong-ruijie-reyee-rg-rap2200-f-rg-rap2200e-rg-rap2260-g-ho-tro-2-bang-tang-hang-chinh-hang-p278686991.html?spid=278686993
277973165,"HỘP MỰC IN 151A - SAHA Hàng Chính Hãng / Dùng cho máy in: HP LaserJet pro M4003DN,4003FDN, 4003DW, MFP4103FDN, 4103FDW",600000.0,600000.0,0.0,0.0,0,133440,,https://tiki.vnhop-muc-in-151a-saha-dung-cho-may-in-hp-laserjet-pro-m4003dn-4003fdn-4003dw-mfp4103fdn-4103fdw-p277973165.html?spid=277973166
277944192,Bo Mạch Chủ Main MSI PRO H510M-B II Socket LGA1200 - Hàng Chính Hãng,2100000.0,2100000.0,0.0,0.0,0,30787,,https://tiki.vnbo-mach-chu-main-msi-pro-h510m-b-ii-socket-lga1200-hang-chinh-hang-p277944192.html?spid=277944193
276835026,"Kích sóng Wifi 4 râu tốc độ cao 300mpbs 2.4G Mở rộng vùng phủ sóng, cải thiện tốc độ mạng wifi ngôi nhà bạn - Hàng chính hãng/Hàng nhập khẩu",368000.0,368000.0,0.0,0.0,0,356119,,https://tiki.vnkich-song-wifi-4-rau-toc-do-cao-300mpbs-2-4g-mo-rong-vung-phu-song-cai-thien-toc-do-mang-wifi-ngoi-nha-ban-hang-chinh-hang-hang-nhap-khau-p276835026.html?spid=276835027
276802041,"USB phát wifi từ sim 4G 5G Dongle, Dcom wifi, bộ phát wifi tốc độ cao sử dụng mọi loại sim - Hàng chính hãng / Hàng nhập khẩu",448000.0,448000.0,0.0,0.0,0,356119,,https://tiki.vnusb-phat-wifi-tu-sim-4g-5g-dongle-dcom-wifi-bo-phat-wifi-toc-do-cao-su-dung-moi-loai-sim-hang-chinh-hang-hang-nhap-khau-p276802041.html?spid=276802042
275652761,Sạc Tương Thích Cho Laptop Dell Precision M4700 M4800 130w- Hàng Nhập Khẩu New Seal TEEMO PC X23,600000.0,600000.0,0.0,0.0,0,287052,,https://tiki.vnsac-tuong-thich-cho-laptop-dell-precision-m4700-m4800-130w-hang-nhap-khau-new-seal-teemo-pc-x23-p275652761.html?spid=275652762
275651124,Sạc Tương Thích Cho Laptop Asus 19V-6.32A 120W ( 5.5Mm*2.5Mm) - Hàng Nhập Khẩu New Seal TEEMO PC TEAC226,577000.0,577000.0,0.0,0.0,0,287052,,https://tiki.vnsac-tuong-thich-cho-laptop-asus-19v-6-32a-120w-5-5mm-2-5mm-hang-nhap-khau-new-seal-teemo-pc-teac226-p275651124.html?spid=275651127
275648990,Sạc Tương Thích Cho Laptop Lenovo Ideapad 3 15Ada05 - Hàng Nhập Khẩu New Seal TEEMO PC TEAC1689,309000.0,309000.0,0.0,0.0,0,287052,,https://tiki.vnsac-tuong-thich-cho-laptop-lenovo-ideapad-3-15ada05-hang-nhap-khau-new-seal-teemo-pc-teac1689-p275648990.html?spid=275648991
275633604,Pin Tương Thích Cho Laptop Dell Vostro 1310 1320 1510 1511 1520 2510 312-0724 T116C T114C U661H - Hàng Nhập Khẩu New Seal TEEMO PC TEBAT114,401000.0,401000.0,0.0,0.0,0,287052,,https://tiki.vnpin-tuong-thich-cho-laptop-dell-vostro-1310-1320-1510-1511-1520-2510-312-0724-t116c-t114c-u661h-hang-nhap-khau-new-seal-teemo-pc-tebat114-p275633604.html?spid=275633605
275633093,Pin Tương Thích Cho Laptop Surface Pro 6 Model 1807 G3Hta038H - Hàng Nhập Khẩu New Seal TEEMO PC TEBAT1278,1667000.0,1667000.0,0.0,0.0,0,287052,,https://tiki.vnpin-tuong-thich-cho-laptop-surface-pro-6-model-1807-g3hta038h-hang-nhap-khau-new-seal-teemo-pc-tebat1278-p275633093.html?spid=275633094
275632210,Pin Tương Thích Cho Laptop Hp Probook 4320S 4325S 4326S 4421S 4425S 4520S 4525S 4420S Compaq 420 Compaq 630 TEEMO PC TEBAT1506 Hàng Nhập Khẩu,395000.0,395000.0,0.0,0.0,0,287052,,https://tiki.vnpin-tuong-thich-cho-laptop-hp-probook-4320s-4325s-4326s-4421s-4425s-4520s-4525s-4420s-compaq-420-compaq-630-teemo-pc-tebat1506-hang-nhap-khau-p275632210.html?spid=275632211
275415063,CARD Màn hình VGA Inno3D GeForce RTX 4080 Super X3 – Hàng Chính Hãng,41470000.0,41470000.0,0.0,0.0,0,30787,,https://tiki.vncard-man-hinh-vga-inno3d-geforce-rtx-4080-super-x3-hang-chinh-hang-p275415063.html?spid=275415064
275357139, Vỏ Máy Tính Case VSP X2 Galaxy (Black/White) - Hàng Chính Hãng,500000.0,500000.0,0.0,5.0,1,30787,,https://tiki.vnvo-may-tinh-case-vsp-x2-galaxy-black-white-hang-chinh-hang-p275357139.html?spid=275357143
248830867,Màn hình LG IPS 32MP60G-B 31.5'' Full HD AMD FreeSync - Hàng chính hãng,5790000.0,5790000.0,0.0,0.0,0,30787,,https://tiki.vnman-hinh-lg-ips-32mp60g-b-31-5-full-hd-amd-freesync-hang-chinh-hang-p248830867.html?spid=253176498
248428450,"Màn Chiếu Elite Screens Dòng Yard Master 2, 120 inch Tỷ lệ Khung Hình 16:9 (Vùng hiển thị 149.9 x 265.9 cm) 1.3 Gain (OMS120H2) – Hàng Chính Hãng",5800000.0,5800000.0,0.0,0.0,0,329762,,https://tiki.vnman-chieu-elite-screens-dong-yard-master-2-120-inch-ty-le-khung-hinh-16-9-vung-hien-thi-149-9-x-265-9-cm-1-3-gain-oms120h2-hang-chinh-hang-p248428450.html?spid=248428451
225216921,Sạc dành cho Laptop Acer Aspire 1 2 3 - 3.42a - công suất 65w - Chân thường 5.5mm - Tặng kèm dây nguồn - Hàng Nhập Khẩu New Seal,250000.0,250000.0,0.0,0.0,0,308064,,https://tiki.vnsac-danh-cho-laptop-acer-zin-3-42a-cong-suat-65w-chan-thuong-5-5mm-tang-kem-day-nguon-hang-chinh-hang-misu1321-zin-new-seal-p225216921.html?spid=225216925
200780041,"Màn hình ViewSonic VA2209-H 22"" IPS FHD 75Hz viền mỏng - HÀNG CHÍNH HÃNG",2490000.0,2490000.0,0.0,0.0,0,308336,,https://tiki.vnman-hinh-viewsonic-va2209-h-22-ips-fhd-75hz-vien-mong-hang-chinh-hang-p200780041.html?spid=200780043
200031437,Bàn Phím dùng cho laptop Dell Inspiron 15-5000 5368 5370 5373 5378 15-7000 7378 7460 7466 7467 7560 7569 7579 7460 7466  - Hàng Nhập Khẩu New Seal,385020.0,385020.0,0.0,0.0,0,308064,,https://tiki.vnban-phim-dung-cho-laptop-dell-inspiron-15-5000-5368-5370-5373-5378-15-7000-7378-7460-7466-7467-7560-7569-7579-7460-7466-hang-chinh-hang-zin-mikey1747-p200031437.html?spid=200031438
200029841,Bàn phím dùng cho Laptop Asus X55U X55X X55CC X55VD X55SA X55SR  - Hàng Nhập Khẩu New Seal,229770.0,229770.0,0.0,0.0,0,308064,,https://tiki.vnban-phim-dung-cho-laptop-asus-x55u-x55x-x55cc-x55vd-x55sa-x55sr-phim-zin-hang-chinh-hang-mikey315-p200029841.html?spid=200029843
200026514,Sạc dùng cho Laptop Lenovo IdeaPad 1 IdeaPad 3 Ideapad 5 MIAC992,385364.0,385364.0,0.0,0.0,0,308064,,https://tiki.vnsac-dung-cho-laptop-lenovo-ideapad-1-ideapad-3-ideapad-5-miac992-p200026514.html?spid=200026515
200024829,Sạc dùng cho Laptop ASUS ROG GL753VE| Adapter Asus GL753VD (120 Walt) - Hàng Nhập Khẩu New Seal,567128.0,567128.0,0.0,0.0,0,308064,,https://tiki.vnsac-dung-cho-laptop-asus-rog-gl753ve-adapter-asus-gl753vd-120-walt-hang-chinh-hang-miac1128-p200024829.html?spid=200024830
200024246,Sạc dùng cho Laptop Thinkpad X1 Carbon - Hàng Nhập Khẩu New Seal,251453.0,251453.0,0.0,0.0,0,308064,,https://tiki.vnsac-dung-cho-laptop-thinkpad-x1-carbon-hang-chinh-hang-miac540-p200024246.html?spid=200024248
200023823,Sạc cho Laptop Acer 19v-2.37A Chân mini siêu nhỏ - Hàng Nhập Khẩu New Seal,205965.0,205965.0,0.0,5.0,1,308064,,https://tiki.vnsac-cho-laptop-acer-19v-2-37a-chan-mini-sieu-nho-hang-chinh-hang-miac13-p200023823.html?spid=200023824
200009718,Pin chất lượng cao dùng cho Laptop Dell Vostro 15 3568 - Hàng Nhập Khẩu  MIBAT951,575356.0,575356.0,0.0,0.0,0,308064,,https://tiki.vnpin-chat-luong-cao-dung-cho-laptop-dell-vostro-15-3568-hang-nhap-khau-mibat951-p200009718.html?spid=200009719
200009614,Pin dùng cho Laptop ASUS UX32 (C23-UX32) VivoBook U38N UX32 UX32VD UX32A - Hàng Nhập Khẩu New Seal,1117800.0,1117800.0,0.0,0.0,0,308064,,https://tiki.vnpin-laptop-asus-ux32-c23-ux32-vivobook-u38n-ux32-ux32vd-ux32a-hang-chinh-hang-mibat1476-p200009614.html?spid=200009615
200007055,Pin dùng cho Laptop HP probook 430 G1 430 G2 - Hàng Nhập Khẩu  MIBAT189,360180.0,360180.0,0.0,5.0,1,308064,,https://tiki.vnpin-dung-cho-laptop-hp-probook-430-g1-430-g2-hang-nhap-khau-mibat189-p200007055.html?spid=200007059
189460636,Vỏ Máy Tính Case Gaming Freak GFG-860G Falcon - Hàng Chính Hãng  ,1990000.0,1990000.0,0.0,0.0,0,30787,,https://tiki.vnvo-may-tinh-case-gaming-freak-gfg-860g-falcon-hang-chinh-hang-p189460636.html?spid=189460637
182095566,"Màn Hình Không Viền HIKVISION DS-D5022FN-C 21.5"" FHD 60Hz - Hàng Chính Hãng",1690000.0,1690000.0,0.0,0.0,0,30787,,https://tiki.vnman-hinh-khong-vien-hikvision-ds-d5022fn-c-21-5-fhd-60hz-hang-chinh-hang-p182095566.html?spid=196230852
165998092,"Hộp mực Canon CRG 051 hàng chính hãng Viettoner dùng cho máy in Canon LBP 161dn, LBP 162dw, MF266dn, MF261d, MF264dw, MF269dw - Cartridge CRG 051 - 30A mới 100% [Fullbox]",125000.0,125000.0,0.0,5.0,2,47656,,https://tiki.vnhop-muc-canon-crg-051-hang-chinh-hang-viettoner-dung-cho-may-in-canon-lbp-161dn-lbp-162dw-mf266dn-mf261d-mf264dw-mf269dw-cartridge-crg-051-30a-moi-100-fullbox-p165998092.html?spid=165998093
121042568,CPU Intel Core i3-10105 - Hàng chính hãng,3390000.0,3390000.0,0.0,0.0,0,3103,,https://tiki.vncpu-intel-core-i3-10105-hang-chinh-hang-p121042568.html?spid=167420060
73166020,"Bộ mực đổ ( mực nạp ) dùng cho máy in Laser màu HP và Canon ( 4 màu, 4 lọ ) Hàng nhập khẩu",300000.0,300000.0,0.0,3.8,4,2671,,https://tiki.vnbo-muc-do-muc-nap-dung-cho-may-in-laser-mau-hp-va-canon-4-mau-4-lo-hang-nhap-khau-p73166020.html?spid=73166021
67467048,Hộp mực Thuận Phong TK-7109 dùng cho máy photocopy Kyocera TASKalfa 3010i / 3510i - Hàng Chính Hãng,990000.0,990000.0,0.0,0.0,0,2430,,https://tiki.vnhop-muc-thuan-phong-tk-7109-dung-cho-may-photocopy-kyocera-taskalfa-3010i-3510i-hang-chinh-hang-p67467048.html?spid=67467049
23476883,Fan Case VSP -12cm- LED 33 Bóng - Full box,53000.0,53000.0,0.0,0.0,0,76796,,https://tiki.vnfan-case-vsp-12cm-led-33-bong-full-box-hang-nhap-khau-p23476883.html?spid=51323602
13095435,Màn Hình Cong Gaming Viewsonic VX2758-C-MHD 27 inch Full HD 1920 x 1080 5ms 144Hz AMD FreeSync VA - Hàng Chính Hãng,6850000.0,6850000.0,0.0,0.0,0,30787,,https://tiki.vnman-hinh-cong-gaming-viewsonic-vx2758-c-mhd-27-inch-full-hd-1920-x-1080-5ms-144hz-amd-freesync-va-hang-chinh-hang-p13095435.html?spid=33073456
3554927,Hộp mực Thuận Phong 90A dùng cho máy in HP LJ M4555 mfp - Hàng Chính Hãng,825000.0,825000.0,0.0,0.0,0,2430,,https://tiki.vnhop-muc-thuan-phong-90a-dung-cho-may-in-hp-lj-m4555-mfp-hang-chinh-hang-p3554927.html?spid=3554929
460641,Mực In  XEROX CT202137 - Hàng Chính Hãng,1390000.0,1390000.0,0.0,0.0,0,8371,,https://tiki.vnmuc-in-xerox-ct202137-hang-chinh-hang-p460641.html?spid=15286970
278380819,Phát Wifi Di Động Tốc Độ Cao 4G/5G LTE 150Mbps - Màn Hình Màu LCD - Bản Quốc Tế Hỗ Trợ Tất Cả Nhà Mạng - Dung Lượng Pin Lên Đến 15 Giờ - Hàng Chính Hãng,399500.0,799000.0,399500.0,5.0,1,187121,,https://tiki.vnphat-wifi-di-dong-toc-do-cao-4g-5g-lte-150mbps-man-hinh-mau-lcd-ban-quoc-te-ho-tro-tat-ca-nha-mang-dung-luong-pin-len-den-15-gio-hang-chinh-hang-p278380819.html?spid=278380821
278061139,Bộ Chia Mạng Switch D-Link DES-1005C 5 Cổng RJ45 10/100Mbps Vỏ Nhựa Không Cần Cấu Hình - Hàng Chính Hãng,179000.0,179000.0,0.0,0.0,0,12395,,https://tiki.vnbo-chia-mang-switch-d-link-des-1005c-5-cong-rj45-10-100mbps-vo-nhua-khong-can-cau-hinh-hang-chinh-hang-p278061139.html?spid=278061140
277875231,CASE MAGIC LUXURY i FULL TOWER SẴN 4FAN (E-ATX) - Hàng chính hãng,820000.0,820000.0,0.0,0.0,0,299528,,https://tiki.vncase-magic-luxury-i-full-tower-san-4fan-e-atx-hang-chinh-hang-p277875231.html?spid=277875232
277872988,"Chai xịt khí nén 450ml vệ sinh thiết bị điện tử – chuyên dụng cho PC, laptop, bàn phím, máy ảnh, và thiết bị văn phòng- Hàng nhập khẩu",89000.0,89000.0,0.0,0.0,0,56243,,https://tiki.vnchai-xit-khi-nen-450ml-ve-sinh-thiet-bi-dien-tu-chuyen-dung-cho-pc-laptop-ban-phim-may-anh-va-thiet-bi-van-phong-p277872988.html?spid=277873003
277570437,Card đồ họa Nvidia Tesla T4 16GB GDDR6 PCIe 3.0 Passive Cooling - Hàng chính hãng,35000000.0,35000000.0,0.0,0.0,0,224238,,https://tiki.vncard-do-hoa-nvidia-tesla-t4-16gb-gddr6-pcie-3-0-passive-cooling-hang-chinh-hang-p277570437.html?spid=277570438
277270070,Máy tính để bàn HP Pro Mini 260 G9 Desktop PC (9H092PT) - Hàng chính hãng,10000000.0,10000000.0,0.0,0.0,0,125381,,https://tiki.vnmay-tinh-de-ban-hp-pro-mini-260-g9-desktop-pc-9h092pt-hang-chinh-hang-p277270070.html?spid=277270071
276921742,Máy Chiếu Vật Thể Scan Màu Di Động Thông Minh Lấy Nét Tự Động Scan Tài Liệu A4/A5/A6/A7 K2020 - Hàng Nhập Khẩu,2845000.0,2845000.0,0.0,0.0,0,81456,,https://tiki.vnmay-chieu-vat-the-scan-mau-di-dong-thong-minh-lay-net-tu-dong-scan-tai-lieu-a4-a5-a6-a7-k2020-hang-nhap-khau-p276921742.html?spid=276921743
276886386,"Hộp Mực Estar CE278A dùng cho máy in HP P1566 P1606, 1536dnf, Canon LBP 6230DN, 6230DW, 6200D (326/328) có lỗ đổ mực - Hàng chính hãng",249700.0,249700.0,0.0,0.0,0,43974,,https://tiki.vnhop-muc-estar-ce278a-dung-cho-may-in-hp-p1566-p1606-1536dnf-canon-lbp-6230dn-6230dw-6200d-326-328-co-lo-do-muc-hang-chinh-hang-p276886386.html?spid=276886387
276799033,Dây curoa cho máy in thẻ nhựa S10091 (1 bộ 5 dây cho 5 vị trí ) - Hàng nhập khẩu,1200000.0,1200000.0,0.0,0.0,0,47812,,https://tiki.vnday-curoa-cho-may-in-the-nhua-s10091-1-bo-5-day-cho-5-vi-tri-p276799033.html?spid=276840248
276505518,Màn Hình Dell S2422HZ (24 INCH | FHD | IPS | 75Hz | USB-C | HDMI | DP | LOA | WEBCAM  ) - Hàng Chính Hãng,3990000.0,3990000.0,0.0,0.0,0,3103,,https://tiki.vnman-hinh-dell-s2422hz-24-inch-fhd-ips-75hz-usb-c-hdmi-dp-loa-webcam-hang-chinh-hang-p276505518.html?spid=276505519
276482960,Cụm Drum Brother DR-263CL - Hàng Chính Hãng,2750000.0,2750000.0,0.0,0.0,0,3103,,https://tiki.vncum-drum-brother-dr-263cl-hang-chinh-hang-p276482960.html?spid=276482961
276437044,"Màn hình Samsung ViewFinity S8 UHD S80BP LS32B800PXEXXV (32""/4K/IPS/60Hz/5ms) - Hàng Chính Hãng",9540000.0,9540000.0,0.0,0.0,0,3103,,https://tiki.vnman-hinh-samsung-viewfinity-s8-uhd-s80bp-ls32b800pxexxv-32-4k-ips-60hz-5ms-hang-chinh-hang-p276437044.html?spid=276437045
276191277,Hộp mực 057 Có Chip dành Canon LBP 223dw 226dw 228x MF453dw MF440 MF445dw MF449x -Hàng chính hãng Alpha Cartridge,280000.0,280000.0,0.0,0.0,0,183951,,https://tiki.vnhop-muc-057-co-chip-danh-canon-lbp-223dw-226dw-228x-mf453dw-mf440-mf445dw-mf449x-hang-chinh-hang-alpha-cartridge-p276191277.html?spid=276191278
275765193,Sạc dành cho Microsoft Surface Pro X hàng nhập khẩu,750000.0,750000.0,0.0,0.0,0,126154,,https://tiki.vnsac-danh-cho-microsoft-surface-pro-x-hang-nhap-khau-p275765193.html?spid=275765194
275753304,Pin cho Laptop Lenovo G460 G470 Z460 G560 hàng nhập khẩu.,365000.0,365000.0,0.0,0.0,0,126154,,https://tiki.vnpin-cho-laptop-lenovo-g460-g470-z460-g560-hang-nhap-khau-p275753304.html?spid=275753305
275706813,"Bộ 2 bánh răng bơm mực V70-1, V70-2: Dùng cho máy photocopy Ricoh 1060/ 1075/ 2060/ 2075/ 6500/ 7500/ 8000/ 6001/ 8001/9001/ 6002/ 6502/9002/ 6503/7503 ( HA - Hàng nhập khẩu )",110000.0,110000.0,0.0,0.0,0,2671,,https://tiki.vnbo-2-banh-rang-bom-muc-v70-1-v70-2-dung-cho-may-photocopy-ricoh-1060-1075-2060-2075-6500-7500-8000-6001-8001-9001-6002-6502-9002-6503-7503-ha-hang-nhap-khau-p275706813.html?spid=275706814
275505525,Sạc dành cho Máy Tính Laptop Asus ROG GL552VL kèm dây nguồn hàng nhập khẩu,490000.0,490000.0,0.0,0.0,0,126154,,https://tiki.vnsac-danh-cho-may-tinh-laptop-asus-rog-gl552vl-p275505525.html?spid=275505526
275496606,"Sạc dành cho Laptop Lenovo ThinkBook 14-IML 15-IML, 14-IIL, 15-IIL, 13s, 13s-IML Hàng nhập khẩu.",299000.0,299000.0,0.0,0.0,0,126154,,https://tiki.vnsac-danh-cho-laptop-lenovo-thinkbook-14-iml-15-iml-14-iil-15-iil-13s-13s-iml-hang-nhap-khau-p275496606.html?spid=275496607
275220558,"Mực Nạp, Mực chai LN 17A 30A Dùng cho hộp mực HP 17A, 30A, Canon 051, 047, 050  trọng lượng 65g - Hàng chính hãng",29700.0,29700.0,0.0,0.0,0,43974,,https://tiki.vnmuc-nap-muc-chai-ln-17a-30a-dung-cho-hop-muc-hp-17a-30a-canon-051-047-050-trong-luong-65g-hang-chinh-hang-p275220558.html?spid=275220559
275073971,Nhãn In HZE-611 - Đen nền vàng 6mm x 8m - Dùng cho máy in BROTHER - AIMO - PUTY [Hàng nhập khẩu],150000.0,150000.0,0.0,0.0,0,342578,,https://tiki.vnnhan-in-hze-611-den-nen-vang-6mm-x-8m-hang-nhap-khau-p275073971.html?spid=275073972
273690501,Mực in Brother TN-3608 Black Toner Cartridge - Hàng Chính Hãng,1430000.0,1430000.0,0.0,0.0,0,3103,,https://tiki.vnmuc-in-brother-tn-3608-black-toner-cartridge-hang-chinh-hang-p273690501.html?spid=273690502
249037014,Màn hình máy tính Dell E2020H 19.5 inch GiaPhucStore - Hàng Chính Hãng,2379000.0,2379000.0,0.0,0.0,0,34716,,https://tiki.vnman-hinh-may-tinh-dell-e2020h-19-5-inch-giaphucstore-hang-chinh-hang-p249037014.html?spid=249037015
211077781,TOTOLINK T6-V3 - Mesh Router Wi-Fi gia đình AC1200 Hàng chính hãng,970000.0,970000.0,0.0,0.0,0,12395,,https://tiki.vntotolink-t6-v3-mesh-router-wi-fi-gia-dinh-ac1200-hang-chinh-hang-p211077781.html?spid=211077786
206907391,"Màn hình máy tính Samsung Gaming Odyssey G4 240Hz IPS LS27BG400EEXXV ( 27 Inch / 1,920 x 1,080 / IPS / 240Hz / DP / HDMI / Audio line out ) - Hàng Chính Hãng",5100000.0,5100000.0,0.0,0.0,0,3103,,https://tiki.vnman-hinh-may-tinh-samsung-gaming-odyssey-g4-240hz-ips-ls27bg400eexxv-27-inch-1-920-x-1-080-ips-240hz-dp-hdmi-audio-line-out-hang-chinh-hang-p206907391.html?spid=276432246
200035067,Nguồn Montech Beta 550W 80 Plus Bronze - HÀNG CHÍNH HÃNG,880000.0,880000.0,0.0,0.0,0,308336,,https://tiki.vnnguon-montech-beta-550w-80-plus-bronze-hang-chinh-hang-p200035067.html?spid=200035068
187188884,"Bộ kích sóng wifi 3 râu Mercusys (wireless 300Mbps) cực mạnh, hút mở rộng kích wifi - Hàng chính hãng",239000.0,239000.0,0.0,5.0,1,292191,,https://tiki.vnbo-kich-song-wifi-3-rau-mercusys-wireless-300mbps-cuc-manh-hut-mo-rong-kich-wifi-chinh-hang-vds-shop-p187188884.html?spid=187188887
186557857,USB wifi TP-Link chuẩn AC600 Mbps USB adapter băng tần kép wifi Archer T2U Plus - Hàng chính hãng.,259000.0,259000.0,0.0,5.0,1,200265,,https://tiki.vnusb-wifi-tp-link-chuan-ac600-mbps-usb-adapter-bang-tan-kep-wifi-archer-t2u-plus-hang-chinh-hang-p186557857.html?spid=186557858
176238507,Nhãn In đa lớp Tz2-151 - Đen nền trong 24mm x 8m - Hàng nhập khẩu,170000.0,170000.0,0.0,0.0,0,269675,,https://tiki.vnnhan-in-da-lop-tz2-151-den-nen-trong-24mm-x-8m-p176238507.html?spid=176238511
125432077,Thiết bị lưu trữ QNAP TS-451+-2G- Hàng chính hãng,13500000.0,13500000.0,0.0,0.0,0,224238,,https://tiki.vnthiet-bi-luu-tru-qnap-ts-451-2g-hang-chinh-hang-p125432077.html?spid=125432078
109581548,Bộ Phát Wifi Mesh TP-Link Deco X60 AX3000 MU-MIMO Hàng Chính Hãng,6200000.0,6200000.0,0.0,0.0,0,12395,,https://tiki.vnbo-phat-wifi-mesh-tp-link-deco-x60-ax3000-mu-mimo-3-pack-hang-chinh-hang-p109581548.html?spid=185121332
101184591,Bộ vi xử lý Intel Core I3-10105F 4C/8T 6MB Cache 3.70 GHz Upto 4.40 GHz - Chính hãng,1890000.0,1890000.0,0.0,0.0,0,30787,,https://tiki.vnbo-vi-xu-ly-intel-core-i3-10105f-4c-8t-6mb-cache-3-70-ghz-upto-4-40-ghz-chinh-hang-p101184591.html?spid=195951198
75635096,Bộ Lưu Điện Hyundai Offline 600VA- Hàng Chính Hãng,999000.0,999000.0,0.0,0.0,0,108012,,https://tiki.vnbo-luu-dien-hyundai-offline-600va-hang-chinh-hang-p75635096.html?spid=75635097
52144763,"Bộ Lưu Điện UPS FREDTON công suất 1200VA/720W, line-interactive - Hàng chính hãng",2190000.0,2190000.0,0.0,0.0,0,79199,,https://tiki.vnbo-luu-dien-ups-fredton-cong-suat-1200va-720w-line-interactive-hang-chinh-hang-p52144763.html?spid=52144764
50015591,"Bộ chuyển tiếp quang điện 4 cổng LAN, 2 cổng quang SC 10/100/1000Mbps Ho-link HL-2F4E-1000 - Hàng Chính Hãng",1835000.0,1835000.0,0.0,5.0,1,110401,,https://tiki.vnbo-chia-chuyen-tiep-quang-dien-10-100-1000mbps-4-cong-lan-2-cong-quang-sc-chuan-ab-ho-link-hl-2f4e-1000-hang-chinh-hang-p50015591.html?spid=50015596
4281713,Mực máy in Fuji-Xerox CP315dw ( CT202607 ) - Hàng chính hãng,2350000.0,2350000.0,0.0,0.0,0,8371,,https://tiki.vnmuc-may-in-fuji-xerox-cp315dw-ct202607-hang-chinh-hang-p4281713.html?spid=4281715
2784543,Bộ 3 Cái Phát Wifi Dạng Lưới Mesh Tenda Nova MW3 AC1200 - Hàng Chính Hãng,1700000.0,1700000.0,0.0,4.7,25,12395,,https://tiki.vnbo-3-cai-phat-wifi-dang-luoi-mesh-tenda-nova-mw3-ac1200-hang-chinh-hang-p2784543.html?spid=7210373
754246,Bộ Chuyển Đổi Wifi Mercusys MW150US USB Wifi Nano N150 - Hàng Chính Hãng,126000.0,126000.0,0.0,0.0,0,15937,,https://tiki.vnbo-chuyen-doi-wifi-mercusys-mw150us-usb-wifi-nano-n150-hang-chinh-hang-p754246.html?spid=276900477
540671,TotoLink N300RT - Bộ Phát Wifi Chuẩn N Tốc Độ 300Mbps - Hàng Chính Hãng,339000.0,339000.0,0.0,5.0,1,34716,,https://tiki.vntotolink-n300rt-bo-phat-wifi-chuan-n-toc-do-300mbps-p540671.html?spid=133718808
536534,TP-Link  TL-WA850RE - Bộ Mở Rộng Sóng WiFi Tốc Độ 300Mbps - DCH - Hàng Chính Hãng,250000.0,629000.0,379000.0,5.0,2,1,,https://tiki.vntp-link-tl-wa850re-bo-mo-rong-song-wifi-toc-do-300mbps-dch-hang-chinh-hang-p536534.html?spid=258267
459742,"Brother DR-1010 Drum Cho Máy In DCP-1511, DCP-1514, DCP-1616NW, HL-1111, HL-1201, HL-1211W, MFC-1811 - Hàng Chính Hãng",660000.0,660000.0,0.0,4.7,3,3103,,https://tiki.vnbrother-dr-1010-drum-cho-may-in-dcp-1511-dcp-1514-dcp-1616nw-hl-1111-hl-1201-hl-1211w-mfc-1811-hang-chinh-hang-p459742.html?spid=2452213
278229796,Chíp cho hộp mực Xerox 5325/ 5330/ 5335/ Toner Chips Xerox  5325/ 5330/ 5335 Hàng nhập khẩu,50000.0,50000.0,0.0,0.0,0,2671,,https://tiki.vnchip-cho-hop-muc-xerox-5325-5330-5335-toner-chips-xerox-5325-5330-5335-hang-nhap-khau-p278229796.html?spid=278236167
278161117,"Trục sạc (cao áp) bell cho Ricoh 1060, 2060, 6500, 7500, 8000, 6001, 8001, 9001, 6002, 7502, 9002, 7503 ( Hàng nhập khẩu )",520000.0,520000.0,0.0,0.0,0,2671,,https://tiki.vntruc-sac-cao-ap-bell-ricoh-1060-2060-6500-7500-8000-6001-8001-9001-6002-7502-9002-7503-ha-hang-nhap-khau-p278161117.html?spid=278161118
277975068,Sạc 150w 180w 200w 240w 280w (chân vuông mới năm 2024) dành cho Laptop Asus ROG Zephyrus G14 G16 Mini USB TIP hàng nhập khẩu,1090000.0,1090000.0,0.0,0.0,0,126154,,https://tiki.vnsac-180w-200w-240w-chan-vuong-moi-nam-2024-danh-cho-laptop-asus-rog-zephyrus-g14-g16-mini-usb-tip-hang-nhap-khau-p277975068.html?spid=278938852
277944293,Bo Mạch Chủ Main MSI A520M-A PRO Socket AM4 - Hàng Chính Hãng,1750000.0,1750000.0,0.0,0.0,0,30787,,https://tiki.vnbo-mach-chu-main-msi-a520m-a-pro-socket-am4-hang-chinh-hang-p277944293.html?spid=277944294
277383856,Mực Canon NPG 85 : Dùng cho máy photocopy Canon DX 6860i/ 6870i/ C5840/ C5850/ C5860/ C5570 ( Hàng nhập khẩu ),900000.0,900000.0,0.0,0.0,0,2671,,https://tiki.vnmuc-canon-npg-85-dung-cho-may-photocopy-canon-dx-6860i-6870i-c5840-c5850-c5860-c5570-hang-nhap-khau-p277383856.html?spid=277383857
275915449,Sạc dành cho Laptop Dell Oval 45w 65w Walt chân Type C hàng nhập khẩu,490000.0,490000.0,0.0,0.0,0,126154,,https://tiki.vnsac-danh-cho-laptop-dell-oval-45w-65w-walt-chan-type-c-hang-nhap-khau-p275915449.html?spid=275484971
275865952,Lưới cao áp Toshiba 856: Dùng cho máy photocopy Toshiba E 550/ 650/ 600/ 720/ 723/ 850/ 853/ 555/ 655/ 556/ 656/ 756/ 856/ 657/ 857 ( HA - Hàng nhập khẩu ),140000.0,140000.0,0.0,0.0,0,2671,,https://tiki.vnluoi-cao-ap-toshiba-856-dung-cho-may-photocopy-toshiba-e-550-650-600-720-723-850-853-555-655-556-656-756-856-657-857-ha-hang-nhap-khau-p275865952.html?spid=275865953
275762658,Lô ép 2060 loại lỗ hơi: Dùng cho máy photocopy Ricoh 2051/ 2060/ 2075/ 6000/ 7000/ 6500/ 7500/ 8000/ 6001/ 8001/ 6002/ 6502/ 7502 ( HA - Hàng nhập khẩu ),395000.0,395000.0,0.0,0.0,0,2671,,https://tiki.vnlo-ep-2060-loai-lo-hoi-dung-cho-may-photocopy-ricoh-2051-2060-2075-6000-7000-6500-7500-8000-6001-8001-6002-6502-7502-ha-hang-nhap-khau-p275762658.html?spid=275762659
275659263,Pin dành cho Laptop Dell Vostro 15 5000 Series - Mã pin WDX0R hàng nhập khẩu.,599000.0,599000.0,0.0,5.0,1,126154,,https://tiki.vnpin-danh-cho-laptop-dell-vostro-15-5000-series-ma-pin-wdx0r-hang-nhap-khau-p275659263.html?spid=275659264
275647434,Sạc Tương Thích Cho Laptop Dell Alienware M17 R3 X14 R1 x14 R2 130w- Hàng Nhập Khẩu New Seal TEEMO PC X30,1200000.0,1200000.0,0.0,0.0,0,287052,,https://tiki.vnsac-tuong-thich-cho-laptop-dell-alienware-m17-r3-x14-r1-x14-r2-130w-hang-nhap-khau-new-seal-teemo-pc-x30-p275647434.html?spid=275647435
275632110,Pin Tương Thích Cho Laptop Hp 15-Bs153Tu - Hàng Nhập Khẩu New Seal TEEMO PC TEBAT1005,776000.0,776000.0,0.0,0.0,0,287052,,https://tiki.vnpin-tuong-thich-cho-laptop-hp-15-bs153tu-hang-nhap-khau-new-seal-teemo-pc-tebat1005-p275632110.html?spid=275632111
275621667,Hộp mực máy in HP 137fnw (có chip) hàng nhập khẩu - Dùng cho máy in HP Laser MFP 137fnw - Cartridge 107A / W1107A mới 100% [Full Box] ,180000.0,180000.0,0.0,0.0,0,47656,,https://tiki.vnhop-muc-may-in-hp-137fnw-co-chip-hang-nhap-khau-dung-cho-may-in-hp-laser-mfp-137fnw-cartridge-107a-w1107a-moi-100-full-box-p275621667.html?spid=275621668
275453675,Mực nạp 35A/85A  dành cho hộp mực HP 35A 48A 83A 85A 78A 79A Canon 337 312 313 325 326 328 hàng chính hãng Alphacartridge,29000.0,29000.0,0.0,5.0,1,183951,,https://tiki.vnmuc-nap-35a-85a-danh-cho-hop-muc-hp-35a-48a-83a-85a-78a-79a-canon-337-312-313-325-326-328-hang-chinh-hang-alphacartridge-p275453675.html?spid=275453676
275437012,Đầu Bấm Mạng ENSOHO RJ-45 Cat 5 EN-RJ45C5B ( 100 cáitúi ) - Hàng Chính Hãng ,150000.0,150000.0,0.0,0.0,0,30787,,https://tiki.vndau-bam-mang-ensoho-rj-45-cat-5-en-rj45c5b-100-caitui-hang-chinh-hang-p275437012.html?spid=275437013
275431250,Cáp Mạng ENSOHO Cat 6 UTP EN-U6CA25 ( Xanh Dương ) - Hàng Chính Hãng ,800000.0,800000.0,0.0,0.0,0,30787,,https://tiki.vncap-mang-ensoho-cat-6-utp-en-u6ca25-xanh-duong-hang-chinh-hang-p275431250.html?spid=275431251
275359714,Mainboard Gigabyte H610M H V3 DDR4 Socket LGA1700 - Hàng Chính Hãng ,2150000.0,2150000.0,0.0,0.0,0,30787,,https://tiki.vnmainboard-gigabyte-h610m-h-v3-ddr4-socket-lga1700-hang-chinh-hang-p275359714.html?spid=275359715
275284405,Màn hình LCD MSI G32CQ5P (31.5inch/WQHD/VA/170Hz/1ms) – Hàng Chính Hãng,9250000.0,9250000.0,0.0,0.0,0,30787,,https://tiki.vnman-hinh-lcd-msi-g32cq5p-31-5inch-wqhd-va-170hz-1ms-hang-chinh-hang-p275284405.html?spid=275284406
273584896,Hộp đựng ổ cứng 2.5 inch USB 3.0/ 3.1 Transcend (Màu Bạc) - Hàng chính hãng,550000.0,550000.0,0.0,1.0,1,30787,,https://tiki.vnhop-dung-o-cung-2-5-inch-usb-3-0-3-1-transcend-mau-bac-hang-chinh-hang-p273584896.html?spid=273584897
273512273,Quạt tản nhiệt khí CPU GOLDEN FIELD K190 - Hàng Chính Hãng,120000.0,120000.0,0.0,0.0,0,30787,,https://tiki.vnquat-tan-nhiet-khi-cpu-golden-field-k190-hang-chinh-hang-p273512273.html?spid=273512274
273373353,Vỏ máy tính CASE VSP GAMING FA05 (Trắng + 4 Fan LED) - Hàng Chính Hãng,750000.0,750000.0,0.0,0.0,0,30787,,https://tiki.vno-may-tinh-case-vsp-gaming-fa05-trang-4-fan-led-hang-chinh-hang-p273373353.html?spid=273373354
270233943,"Dell Optiplex 3040 Core i5 6500 / 8Gb / SSD 512Gb – Tặng USB WIFI , Bảo hành 2 năm - HÀNG CHÍNH HÃNG",3650000.0,3650000.0,0.0,0.0,0,312039,,https://tiki.vndell-optiplex-3040-core-i5-6500-8gb-ssd-512gb-tang-usb-wifi-bao-hanh-2-nam-hang-chinh-hang-p270233943.html?spid=270233944
269900607,Bàn phím dành cho Laptop MSI GF63 GF65 GS65 ĐEN ĐỎ LED - hàng nhập khẩu,550000.0,550000.0,0.0,0.0,0,126154,,https://tiki.vnban-phim-danh-cho-laptop-msi-gf63-gf65-gs65-den-do-led-p269900607.html?spid=269900608
247939645,"Router wifi Imou HR300 chuẩn N 300Mbps - Hỗ trợ 1 cổng WAN, 3 cổng LAN, tốc độ cao - Hàng chính hãng",290000.0,290000.0,0.0,0.0,0,232078,,https://tiki.vnrouter-wifi-imou-hr300-chuan-n-300mbps-ho-tro-1-cong-wan-3-cong-lan-toc-do-cao-hang-chinh-hang-p247939645.html?spid=247939646
200027053,Bàn phím laptop dùng cho Dell Inspiron N4050 N4110 N4120 N4410 M4040 M4110 N5040 N5050  - Hàng Nhập Khẩu New Seal,205965.0,205965.0,0.0,5.0,1,308064,,https://tiki.vnban-phim-laptop-dung-cho-dell-inspiron-n4050-n4110-n4120-n4410-m4040-m4110-n5040-n5050-phim-zin-hang-chinh-hang-mikey115-p200027053.html?spid=200027054
200025085,Sạc cho Laptop Asus SCAR GL503GE Series GL503GE-EN021T - Hàng Nhập Khẩu New Seal,714046.0,714046.0,0.0,0.0,0,308064,,https://tiki.vnsac-cho-laptop-asus-scar-gl503ge-series-gl503ge-en021t-hang-chinh-hang-miac1233-p200025085.html?spid=200025086
200024814,Sạc dùng cho Laptop Dell Latitude 12 7275 Adapter 20V-1.5A Type-C - Hàng Nhập Khẩu New Seal,503941.0,503941.0,0.0,0.0,0,308064,,https://tiki.vnsac-dung-cho-laptop-dell-latitude-12-7275-adapter-20v-1-5a-type-c-hang-chinh-hang-miac1110-p200024814.html?spid=200024815
200008245,Pin cho Laptop Dell Vostro 14 3000 Series (dành riêng cho Laptop Dell Vostro 14 3478 Thế hệ 8 - Gen 8) - Hàng Nhập Khẩu New Seal,983250.0,983250.0,0.0,0.0,0,308064,,https://tiki.vnpin-cho-laptop-dell-vostro-14-3000-series-danh-rieng-cho-laptop-dell-vostro-14-3478-the-he-8-gen-8-hang-chinh-hang-mibat1389-p200008245.html?spid=200008246
200008155,Pin dùng cho Laptop Dell XPS 15 9570 Precision 5520 5530 6GTPY 97Wh - Hàng Nhập Khẩu New Seal,1335046.0,1335046.0,0.0,0.0,0,308064,,https://tiki.vnpin-dung-cho-laptop-dell-xps-15-9570-precision-5520-5530-6gtpy-97wh-hang-chinh-hang-mibat1546-p200008155.html?spid=200008156
200007470,Pin dùng cho Laptop IBM Lenovo ThinkPad T60 T61 R60 FRU 42T4504 92P1131  - Hàng Nhập Khẩu  MIBAT588,383611.0,383611.0,0.0,0.0,0,308064,,https://tiki.vnpin-dung-cho-laptop-ibm-lenovo-thinkpad-t60-t61-r60-fru-42t4504-92p1131-hang-nhap-khau-mibat588-p200007470.html?spid=200007473
131532379,Tản nhiệt SNK-P0048PS_Hàng chính hãng,1116000.0,1116000.0,0.0,0.0,0,224238,,https://tiki.vntan-nhiet-snk-p0048ps_hang-chinh-hang-p131532379.html?spid=131532380
125361899,"Rode AI-1 - Sound Card Thu Âm 48V Cao Cấp, Nhỏ Gọn Cho Studio, Karaoke Trực Tuyến, Broadcast - Hàng Chính Hãng",4182000.0,4182000.0,0.0,0.0,0,1892,,https://tiki.vnrode-ai-1-sound-card-thu-am-48v-cao-cap-nho-gon-cho-phong-thu-karaoke-truc-tuyen-broadcast-hang-chinh-hang-p125361899.html?spid=125361900
108216242,Máy in đầu cốt LM-550E (Hàng chính hãng),14500000.0,14500000.0,0.0,0.0,0,125076,,https://tiki.vnmay-in-dau-cot-lm-550e-hang-chinh-hang-p108216242.html?spid=108216243
107034248,Nhãn in Brother TZe-651 chữ đen trên nền vàng (24mm) - Hàng chính hãng,399000.0,399000.0,0.0,0.0,0,3103,,https://tiki.vnnhan-in-brother-tze-651-chu-den-tren-nen-vang-24mm-hang-chinh-hang-p107034248.html?spid=273410299
104851006,Mực photocopy Thuận Phong (CHẤT LƯỢNG CAO) dùng cho máy Toshiba E550/ 650/ 810/ 520/ 600/ 720/ 850/ 523/ 603/ 723/ 853/ 556/ 656/ 756/ 856/ 557/ 657/ 757/ 857 - Hàng Chính Hãng,275000.0,275000.0,0.0,5.0,3,2430,,https://tiki.vnmuc-photocopy-thuan-phong-chat-luong-cao-dung-cho-may-toshiba-e550-650-810-520-600-720-850-523-603-723-853-556-656-756-856-557-657-757-857-hang-chinh-hang-p104851006.html?spid=104851007
72099076,"Hộp đựng Ổ cứng HDD Box 2.5"" SATA Unitek Y-3369SL Hàng Nhập Khẩu",319000.0,319000.0,0.0,0.0,0,81456,,https://tiki.vnhop-dung-o-cung-hdd-box-2-5-sata-unitek-y-3369sl-hang-nhap-khau-p72099076.html?spid=72099077
49995913,Bộ chuyển đổi vga sang lan 60M (điều khiển chuột USB) DTECH  DT-7044D - Hàng Chính Hãng,1815000.0,1815000.0,0.0,5.0,1,110401,,https://tiki.vnbo-chuyen-doi-vga-60m-qua-cap-mang-lan-dieu-khien-chuot-usb-dtech-dt-7044d-hang-chinh-hang-p49995913.html?spid=49995914
42561582,Hộp Mực In Premium 79A (CF279A) - Hàng Nhập Khẩu,123000.0,123000.0,0.0,4.8,11,65686,,https://tiki.vnhop-muc-in-premium-79a-cf279a-hang-nhap-khau-p42561582.html?spid=44156751
33517524,Máy Hủy Tài Liệu GBC DUO - Hàng Chính Hãng,3200000.0,3200000.0,0.0,0.0,0,37436,,https://tiki.vnmay-huy-giay-gbc-duo-hang-chinh-hang-p33517524.html?spid=108475756
19902184,Nguồn máy tính Golden Field Dragon GTX580 - 500W_Hàng chính hãng,610000.0,610000.0,0.0,0.0,0,71389,,https://tiki.vnnguo-n-ma-y-ti-nh-golden-field-dragon-gtx580-500w_hang-chinh-hang-p19902184.html?spid=38243271
279112857,Tản Nhiệt Nước CPU DARK FLASH DO360 Black/White – Hàng Chính Hãng,1595000.0,1595000.0,0.0,0.0,0,30787,,https://tiki.vntan-nhiet-nuoc-cpu-dark-flash-do360-black-white-hang-chinh-hang-p279112857.html?spid=279112859
278972954,Nguồn Máy Tính Cooler Master Elite Nex PN800 800W – Hàng Chính Hãng,1690000.0,1690000.0,0.0,0.0,0,30787,,https://tiki.vnnguon-may-tinh-cooler-master-elite-nex-pn800-800w-hang-chinh-hang-p278972954.html?spid=278972955
278861644,Supermicro - SuperWorkstation SYS-532AW-C - Hàng Chính Hãng,69000000.0,69000000.0,0.0,0.0,0,224238,,https://tiki.vnsupermicro-superworkstation-sys-532aw-c-hang-chinh-hang-p278861644.html?spid=278861645
278756961,Hộp mực TN B022 TN B027 TECH dùng cho máy in Brother HL B2000/B2080 (TNB022/B027) 2.6K - Hàng Nhập Khẩu,143000.0,143000.0,0.0,0.0,0,43974,,https://tiki.vnhop-muc-tn-b022-tn-b027-tech-dung-cho-may-in-brother-hl-b2000-b2080-tnb022-b027-2-6k-p278756961.html?spid=278756962
278498223,Thiết bị lưu trữ DAS TerraMaster D5-310 5-bay hàng chính hãng,7806000.0,7806000.0,0.0,0.0,0,297828,,https://tiki.vnthiet-bi-luu-tru-das-terramaster-d5-310-5-bay-hang-chinh-hang-p278498223.html?spid=278498224
277988031,USB 64GB/128GB 3.2 Gen 1 Sandisk Brainy Smurf Edition  - Hàng chính hãng,529000.0,529000.0,0.0,0.0,0,915,,https://tiki.vnusb-64gb-128gb-3-2-gen-1-sandisk-brainy-smurf-edition-hang-chinh-hang-p277988031.html?spid=277988033
277940516,Bo Mạch Chủ Main MSI MPG Z890 CARBON WIFI Socket LGA1851 - Hàng Chính Hãng,17200000.0,17200000.0,0.0,0.0,0,30787,,https://tiki.vnbo-mach-chu-main-msi-mpg-z890-carbon-wifi-socket-lga1851-hang-chinh-hang-p277940516.html?spid=277940517
277927168,Combo bộ thiết bị lưu trữ DAS TerraMaster D5-310 5-bay kèm 1 ổ cứng NAS Toshiba N300 3.5inch hoạt động 24/7,11908000.0,11908000.0,0.0,0.0,0,128476,,https://tiki.vnbo-thiet-bi-luu-tru-das-terramaster-d5-310-5-bay-n300-hang-chinh-hang-p277927168.html?spid=278505258
277919511,Bo Mạch Chủ Main Gigabyte A520M K V2 Socket AM4 - Hàng Chính Hãng,1690000.0,1690000.0,0.0,0.0,0,30787,,https://tiki.vnbo-mach-chu-main-gigabyte-a520m-k-v2-socket-am4-hang-chinh-hang-p277919511.html?spid=277919512
277740533,Miếng dán cho chuột HyperWork Silentium | MS0 - Hàng Chính Hãng,66000.0,66000.0,0.0,0.0,0,12395,,https://tiki.vnmieng-dan-cho-chuot-hyperwork-silentium-ms0-p277740533.html?spid=277742045
277484603,Trống dùng cho máy in Pantum P3012D/ M6702DW/ M7102DW/ P3302DW ( DL-412/ DO 412 ) - Hàng nhập khẩu,70000.0,70000.0,0.0,0.0,0,2671,,https://tiki.vntrong-dung-cho-may-in-pantum-p3012d-m6702dw-m7102dw-p3302dw-dl-412-do-412-hang-nhap-khau-p277484603.html?spid=277484604
277370552,[HÀNG CHÍNH HÃNG] Mực in phun màu Brother BTD100BK (đen) cho DCP-T230/T236/T430W/T436W/T530DW/T730DW/T830DW/MFC-T930DW,205000.0,205000.0,0.0,0.0,0,3103,,https://tiki.vnhang-chinh-hang-muc-in-phun-mau-brother-btd100bk-den-cho-dcp-t230-t236-t430w-t436w-t530dw-t730dw-t830dw-mfc-t930dw-p277370552.html?spid=278045534
276886257,"Hộp mực Estar CB435A/CE285A dùng cho máy in Hp P1102, M1132, M1212NF, LBP6030, 6030W, MF3010, 6000, Có lỗ đổ mực, đậm đẹp - hàng chính hãng",249700.0,249700.0,0.0,0.0,0,43974,,https://tiki.vnhop-muc-estar-cb435a-ce285a-dung-cho-may-in-hp-p1102-m1132-m1212nf-lbp6030-6030w-mf3010-6000-co-lo-do-muc-dam-dep-hang-chinh-hang-p276886257.html?spid=276886258
276296613,"Màn hình máy tính Dahua DHI-LM22-B200 (21""/FHD/VA/75Hz/6.5ms) Hàng chính hãng",1460000.0,1460000.0,0.0,0.0,0,3103,,https://tiki.vnman-hinh-may-tinh-dahua-dhi-lm22-b200-21-fhd-va-75hz-6-5ms-p276296613.html?spid=276296614
276006256,Bộ phát wifi 6 Linksys E8450-AH MAX-STREAM (Chuẩn AX/ AX3200Mbps/ Ăng-ten ngầm/ Wifi Mesh/ 35 User) Hàng Chính Hãng,2999000.0,2999000.0,0.0,0.0,0,12395,,https://tiki.vnbo-phat-wifi-6-linksys-e8450-ah-max-stream-chuan-ax-ax3200mbps-ang-ten-ngam-wifi-mesh-35-user-hang-chinh-hang-p276006256.html?spid=276006257
275818227,Gạt mực (gạt Drum) Toshiba 655 CET: Dùng cho máy photocopy Toshiba E 550/ 650/ 600/ 720/ 723/ 850/ 853/ 555/ 655/ 556/ 656/ 756/ 856/ 657/ 857 ( HA - Hàng nhập khẩu ),85000.0,85000.0,0.0,0.0,0,2671,,https://tiki.vngat-muc-gat-drum-toshiba-655-cet-dung-cho-may-photocopy-toshiba-e-550-650-600-720-723-850-853-555-655-556-656-756-856-657-857-ha-hang-nhap-khau-p275818227.html?spid=275818228
275764503,Gạt mực (gạt trống) 9001: Dùng cho máy photocopy Ricoh 1060/ 1075/ 2060/ 2075/ 6500/ 7500/ 8000/ 6001/ 8001/9001/ 6002/ 6502/9002/ 6503/7503 ( HA - Hàng nhập khẩu ),80000.0,80000.0,0.0,0.0,0,2671,,https://tiki.vngat-muc-gat-trong-9001-dung-cho-may-photocopy-ricoh-1060-1075-2060-2075-6500-7500-8000-6001-8001-9001-6002-6502-9002-6503-7503-ha-hang-nhap-khau-p275764503.html?spid=275764504
275738223,"Cụm drum DR B027 AZ, Cụm trống từ dùng cho máy in Brother HL-B2100D, HL-B2180DW, DCP-B7620DW, B7640DW, MFC-B7810DW - hàng chính hãng",407000.0,407000.0,0.0,0.0,0,43974,,https://tiki.vncum-drum-dr-b027-az-cum-trong-tu-dung-cho-may-in-brother-hl-b2100d-hl-b2180dw-dcp-b7620dw-b7640dw-mfc-b7810dw-hang-chinh-hang-p275738223.html?spid=275738224
275738208,"Cụm drum DR B022 AZ dùng cho máy in Brother HL-B2000D, HL-B2080DW, DCP-B7535DW, MFC-B7715DW - Hàng chính hãng",407000.0,407000.0,0.0,0.0,0,43974,,https://tiki.vncum-drum-dr-b022-az-dung-cho-may-in-brother-hl-b2000d-hl-b2080dw-dcp-b7535dw-mfc-b7715dw-hang-chinh-hang-p275738208.html?spid=275738209
275737196,"Hộp mực dùng cho máy in Brother HL L5100dn, L6200dw, L6400dw, MFC-L5700dn, L5900dw | Mực TN3428 AZ - hàng Chính hãng",275000.0,275000.0,0.0,0.0,0,43974,,https://tiki.vnhop-muc-dung-cho-may-in-brother-hl-l5100dn-l6200dw-l6400dw-mfc-l5700dn-l5900dw-muc-tn3428-az-hang-chinh-hang-p275737196.html?spid=275737197
275729992,"Cụm drum DR 2255 AZ dùng cho máy in Brother HL 2240/ HL 2130/ HL 2250/ MFC 7360/ MFC 7860, 7470D - Hàng chính hãng",258500.0,258500.0,0.0,5.0,1,43974,,https://tiki.vncum-drum-dr-2255-az-dung-cho-may-in-brother-hl-2240-hl-2130-hl-2250-mfc-7360-mfc-7860-7470d-hang-chinh-hang-p275729992.html?spid=275729993
275729513,"SOAIY Bộ chia HDMI 1 ra 2 – HDMI Splitter 1x2 - chia cổng ra 2 màn hình TV, máy chiếu - Hàng Nhập Khẩu",135000.0,135000.0,0.0,0.0,0,81456,,https://tiki.vnsoaiy-bo-chia-hdmi-1-ra-2-hdmi-splitter-1x2-chia-cong-ra-2-man-hinh-tv-may-chieu-hang-nhap-khau-p275729513.html?spid=275729515
275491646,Sạc dành cho Laptop Charger AC Power Adapter For Dell Precision 3561 7520 5760 90W USB Type C hàng nhập khẩu.,690000.0,690000.0,0.0,0.0,0,126154,,https://tiki.vnsac-danh-cho-laptop-charger-ac-power-adapter-for-dell-precision-3561-7520-5760-90w-usb-type-c-hang-nhap-khau-p275491646.html?spid=275491647
275414850,Card màn hình VGA Gigabyte GeForce RTX 4070 Super Gaming OC 12G (N407SGaming OC-12GD) - Hàng Chính Hãng,29887000.0,29887000.0,0.0,0.0,0,30787,,https://tiki.vncard-man-hinh-vga-gigabyte-geforce-rtx-4070-super-gaming-oc-12g-n407sgaming-oc-12gd-hang-chinh-hang-p275414850.html?spid=275414851
275212202,"Hộp mực AZ 79A dùng cho máy in Hp M12A, M12W, M26A, M26W - Hàng chính hãng",170500.0,170500.0,0.0,0.0,0,43974,,https://tiki.vnhop-muc-az-79a-dung-cho-may-in-hp-m12a-m12w-m26a-m26w-hang-chinh-hang-p275212202.html?spid=275212203
275181778,Màn hình LCD Philips 221V8LB/74 (22inch/FHD/IPS/100Hz/4ms)– Hàng Chính Hãng,1850000.0,1850000.0,0.0,0.0,0,30787,,https://tiki.vnman-hinh-lcd-philips-221v8lb-74-22inch-fhd-ips-100hz-4ms-hang-chinh-hang-p275181778.html?spid=275181779
274029195,Màn hình LCD PHILIPS 27E1N3300A (27 Inch/Full HD/IPS/75Hz/1 ms) - Hàng Chính Hãng,3950000.0,3950000.0,0.0,0.0,0,30787,,https://tiki.vnman-hinh-lcd-philips-27e1n3300a-27-inch-full-hd-ips-75hz-1-ms-ha-ng-chi-nh-ha-ng-p274029195.html?spid=274029196
273059795,Ổ cứng gắn ngoài SSD Transcend ESD270C 500GB USB 3.1 Gen 2 type C - Hàng Chính Hãng,2190000.0,2190000.0,0.0,0.0,0,915,,https://tiki.vno-cung-gan-ngoai-ssd-transcend-esd270c-500gb-usb-3-1-gen-2-type-c-p273059795.html?spid=274188919
205765408,Ổ Cứng HDD Video Seagate SkyHawk 2TB (ST2000VX015) - Hàng chính hãng,3285000.0,3285000.0,0.0,0.0,0,298886,,https://tiki.vno-cung-hdd-video-seagate-skyhawk-2tb-st2000vx015-hang-chinh-hang-p205765408.html?spid=205765409
196157745,"Bộ lưu điện UPS PROLINK PRO1201SFCU (1200VA) công suất 600W, tích hợp bộ AVR, sạc siêu nhanh, dùng cho PC, Camera, Wifi - Hàng chính hãng",1899000.0,1899000.0,0.0,4.6,24,145378,,https://tiki.vnbo-nguon-cap-dien-lien-tuc-ups-prolink-1200va-pro1201sfc-cong-suat-600w-cong-nghe-line-interactive-tich-hop-bo-avr-sac-sieu-nhanh-hang-chinh-hang-p196157745.html?spid=72743157
122095199,"Bộ Mic Hát Livestream Soundcard XOX K10 2020 & Mic ISK AT100 Chất Lượng Cao, Âm Thanh Cực Kỳ Sống Động - Hàng Chính Hãng",1340000.0,1340000.0,0.0,5.0,4,192225,,https://tiki.vnbo-mic-hat-livestream-soundcard-xox-k10-2020-mic-isk-at100-bh-1-nam-chat-luong-cao-am-thanh-cuc-ky-song-dong-p122095199.html?spid=141788572
100524612,Thiết bị phát Wifi Tenda AC6 Chuẩn AC 1200Mbps - Hàng Chính Hãng,510000.0,510000.0,0.0,0.0,0,30787,,https://tiki.vnthiet-bi-phat-wifi-tenda-ac6-chuan-ac-1200mbps-hang-chinh-hang-p100524612.html?spid=109380017
99295070,Hệ thống Wifi Nova Mesh cho gia đình Tenda MW3 Chuẩn AC 1200Mbps 3 pack - Hàng Chính Hãng,2000000.0,2000000.0,0.0,0.0,0,30787,,https://tiki.vnhe-thong-wifi-nova-mesh-cho-gia-dinh-tenda-mw3-chuan-ac-1200mbps-3-pack-hang-chinh-hang-p99295070.html?spid=109383989
93247245,MainBoard MSI H510M PRO - Hàng Chính Hãng ,1650000.0,1650000.0,0.0,0.0,0,30787,,https://tiki.vnmainboard-msi-h510m-pro-hang-chinh-hang-p93247245.html?spid=93247251
72456773,Tenda Thiết bị phát Wifi AC5 Chuẩn AC 1200Mbps - Hàng Chính Hãng,470000.0,470000.0,0.0,0.0,0,30787,,https://tiki.vntenda-thiet-bi-phat-wifi-ac5v3-chuan-ac-1200mbps-hang-chinh-hang-p72456773.html?spid=109378454
37818910,Mực máy in màu xanh RICOH C360DNw - Hàng Chính Hãng,1950000.0,1950000.0,0.0,0.0,0,8371,,https://tiki.vnmuc-may-in-mau-xanh-ricoh-c360dnw-chinh-hang-p37818910.html?spid=37818911
24633993,Bộ Chia Tín Hiệu TP-Link LS105G Switch Để Bàn 5 Cổng 10/100/1000Mbps - Hàng Chính Hãng,318000.0,318000.0,0.0,4.8,13,200265,,https://tiki.vnbo-chia-tin-hieu-tp-link-ls105g-switch-de-ban-5-cong-10-100-1000mbps-hang-chinh-hang-p24633993.html?spid=139234182
1940069,"Hộp Mực In 49A HM247 Dùng Cho Máy In HP 1160, 1320,  Máy In CANON 3300, 3360 - Hàng Nhập Khẩu",185000.0,185000.0,0.0,0.0,0,14927,,https://tiki.vnhop-muc-in-49a-hm247-dung-cho-may-in-hp-1160-1320-may-in-canon-3300-3360-hang-nhap-khau-p1940069.html?spid=12333969
417018,Card Mạng TP-Link  TL-WN781ND - Hàng Chính Hãng,219000.0,219000.0,0.0,4.6,5,915,,https://tiki.vncard-mang-tp-link-tl-wn781nd-hang-chinh-hang-p417018.html?spid=2592249
279113630,Máy tính để bàn HP Pro Small Form Factor 400 G9 Desktop PC (CS5L9AT) -i 5 14500 | RAM 16GB | SSD 512GB | Windows 11 Home - Hàng chính hãng,19100000.0,19100000.0,0.0,0.0,0,125381,,https://tiki.vnmay-tinh-de-ban-hp-pro-small-form-factor-400-g9-desktop-pc-cs5l9at-i-5-14500-ram-16gb-ssd-512gb-windows-11-home-hang-chinh-hang-p279113630.html?spid=279113631
278000671,BỘ NGUỒN MÁY TÍNH AIGO MODEL CK500 500W - Hàng chính hãng,731000.0,731000.0,0.0,0.0,0,299528,,https://tiki.vnbo-nguon-may-tinh-aigo-model-ck500-500w-hang-chinh-hang-p278000671.html?spid=278000672
277369912,Bộ chia tín hiệu VGA 1 ra 4 FJGEAR FJ-2004 - Hàng Nhập Khẩu,112000.0,112000.0,0.0,0.0,0,81456,,https://tiki.vnbo-chia-tin-hieu-vga-1-ra-4-fjgear-fj-2004-hang-nhap-khau-p277369912.html?spid=277369913
276798533,Ruy băng trong suốt RTCL009NAA - Hàng Nhập Khẩu cho máy in thẻ nhựa,1750000.0,1750000.0,0.0,0.0,0,47812,,https://tiki.vnruy-bang-trong-suot-rtcl009naa-hang-nhap-khau-cho-may-in-the-nhua-p276798533.html?spid=276798535
275840754,Bàn phím dành cho Laptop DELL Inspiron 15-3000 3551 3552 3541 3543 3542 3559 3565 3567 3558 Keyboard hàng nhập khẩu,255000.0,255000.0,0.0,0.0,0,126154,,https://tiki.vnban-phim-danh-cho-laptop-dell-inspiron-15-3000-3551-3552-3541-3543-3542-3559-3565-3567-3558-keyboard-hang-nhap-khau-p275840754.html?spid=275840755
275836354,Mực Kyocera TK6329: Dùng cho máy photocopy Kyocera TASKalfa 4002i/5002i/ 6002i/4003i/5003i/6003i - Hàng nhập khẩu,1150000.0,1150000.0,0.0,0.0,0,2671,,https://tiki.vnmuc-kyocera-tk6329-dung-cho-may-photocopy-kyocera-taskalfa-4002i-5002i-6002i-4003i-5003i-6003i-hang-nhap-khau-p275836354.html?spid=275836355
275792110,Mực 2320: Dùng cho máy photocopy Ricoh MP 2352 | 2550 | 2851 | 2852 | 3351 | 3352 | 3353 | 3053 | 3030 | 3391 ( HA - Hàng nhập khẩu ),198000.0,198000.0,0.0,5.0,1,2671,,https://tiki.vnmuc-2320-dung-cho-may-photocopy-ricoh-mp-2352-2550-2851-2852-3351-3352-3353-3053-3030-3391-ha-hang-nhap-khau-p275792110.html?spid=275792111
275652200,Sạc Tương Thích Cho Laptop Msi Gf75 Thin 10Ud Gf75 Thin 10Uc - Hàng Nhập Khẩu New Seal TEEMO PC TEAC1180,1067000.0,1067000.0,0.0,0.0,0,287052,,https://tiki.vnsac-tuong-thich-cho-laptop-msi-gf75-thin-10ud-gf75-thin-10uc-hang-nhap-khau-new-seal-teemo-pc-teac1180-p275652200.html?spid=275652201
275647562,Sạc Tương Thích Cho Laptop Lenovo Gen 2L380L390L480L490L580L590100e Thế Hệ 2 Gen100e 65w- Hàng Nhập Khẩu New Seal TEEMO PC X39,500000.0,500000.0,0.0,0.0,0,287052,,https://tiki.vnsac-tuong-thich-cho-laptop-lenovo-gen-2l380l390l480l490l580l590100e-the-he-2-gen100e-65w-hang-nhap-khau-new-seal-teemo-pc-x39-p275647562.html?spid=275647563
275633127,Pin Tương Thích Cho Laptop Laptop Dell Latitude 3460 - Hàng Nhập Khẩu New Seal TEEMO PC TEBAT935,724000.0,724000.0,0.0,0.0,0,287052,,https://tiki.vnpin-tuong-thich-cho-laptop-laptop-dell-latitude-3460-hang-nhap-khau-new-seal-teemo-pc-tebat935-p275633127.html?spid=275633129
275604068,"Pin dành cho Laptop Dell 5568, 5368 (Z.in) hàng chính hãng.",599000.0,599000.0,0.0,0.0,0,126154,,https://tiki.vnpin-danh-cho-laptop-dell-5568-5368-z-in-hang-chinh-hang-p275604068.html?spid=275604069
275537826,Sạc dành cho Laptop ASUS TUF DASH F15 FX516PR FX516PM FX516PC FX516PE 200W 20V 10.0A kèm dây nguồn - Hàng nhập khẩu,750000.0,750000.0,0.0,0.0,0,126154,,https://tiki.vnsac-danh-cho-laptop-asus-tuf-dash-f15-fx516pr-fx516pm-fx516pc-fx516pe-200w-20v-10-0a-kem-day-nguon-hang-nhap-khau-p275537826.html?spid=275537828
275537106,"Sạc dành cho Laptop Lenovo IdeaPad L340-15IRH, IdeaPad Gaming 3 15IMH05 15ARH05 Hàng nhập khẩu",399000.0,399000.0,0.0,0.0,0,126154,,https://tiki.vnsac-danh-cho-laptop-lenovo-ideapad-l340-15irh-ideapad-gaming-3-15imh05-15arh05-hang-nhap-khau-p275537106.html?spid=275499988
275530012,Sạc dành cho Laptop Asus ROG Strix Scar 15 17 AC Adapter Charger 20V 12A 240W ADP-240EB kèm dây nguồn - Hàng nhập khẩu,950000.0,950000.0,0.0,0.0,0,126154,,https://tiki.vnsac-danh-cho-laptop-asus-rog-strix-scar-15-17-ac-adapter-charger-20v-12a-240w-adp-240eb-kem-day-nguon-hang-nhap-khau-p275530012.html?spid=275530013
275502430,"Hộp mực in CF279A/79A cho máy in HP M12a, HP M12w, HP M26a, HP M26nw - Hàng nhập khẩu",145000.0,145000.0,0.0,0.0,0,2859,,https://tiki.vnhop-muc-in-cf279a-79a-cho-may-in-hp-m12a-hp-m12w-hp-m26a-hp-m26nw-hang-nhap-khau-p275502430.html?spid=275502432
275485633,Sạc dành cho Laptop Dell XPS 13 9300 USB-C Type C hàng nhập khẩu.,550000.0,550000.0,0.0,0.0,0,126154,,https://tiki.vnsac-danh-cho-laptop-dell-xps-13-9300-usb-c-type-c-hang-nhap-khau-p275485633.html?spid=275485634
275377436,Cụm drum DR 2385 Prospect dùng cho máy in Brother HL L2321D/ L2361DN/ L2366DW/ L2520D/ MFC L2701D - hàng chính hãng,247500.0,247500.0,0.0,0.0,0,43974,,https://tiki.vncum-drum-dr-2385-prospect-dung-cho-may-in-brother-hl-l2321d-l2361dn-l2366dw-l2520d-mfc-l2701d-hang-chinh-hang-p275377436.html?spid=275377437
275307527,Đầu mạng UTP RJ45 CAT 5E Y-OT18TP Unitek (100cái/hộp) - Hàng Chính Hãng ,130000.0,130000.0,0.0,0.0,0,30787,,https://tiki.vndau-mang-utp-rj45-cat-5e-y-ot18tp-unitek-100cai-hop-hang-chinh-hang-p275307527.html?spid=275307528
275182503,Màn hình Philips 221S9 (21.5 inch/FHD/IPS/75Hz/4ms)– Hàng Chính Hãng ,1830000.0,1830000.0,0.0,0.0,0,30787,,https://tiki.vnman-hinh-philips-221s9-21-5-inch-fhd-ips-75hz-4ms-hang-chinh-hang-p275182503.html?spid=275182504
275105329,Nhãn In TNE-S231 - Đen nền trắng 12mm x 8m - Dùng cho máy in BROTHER - AIMO - PUTY [Hàng nhập khẩu],180000.0,180000.0,0.0,0.0,0,342578,,https://tiki.vnnhan-in-tne-s231-den-nen-trang-12mm-x-8m-hang-nhap-khau-p275105329.html?spid=275105330
274928261,Hộp mực 136A Prospect CÓ CHÍP (W1360A) dùng cho máy in HP M211d/ M211dw/ M236dw/ M236sdw hàng chính hãng,429000.0,429000.0,0.0,5.0,1,43974,,https://tiki.vnhop-muc-136a-prospect-co-chip-w1360a-dung-cho-may-in-hp-m211d-m211dw-m236dw-m236sdw-hang-chinh-hang-p274928261.html?spid=274928262
273501705,Nguồn máy tính AIGO CK500 - Hàng Chính Hãng,570000.0,570000.0,0.0,5.0,1,30787,,https://tiki.vnnguon-may-tinh-aigo-ck500-hang-chinh-hang-p273501705.html?spid=273674989
262082351,Bộ phát wifi Totolink A810R băng tần kép AC1200 - Hàng Chính Hãng,469000.0,469000.0,0.0,0.0,0,30787,,https://tiki.vnbo-phat-wifi-totolink-a810r-bang-tan-kep-ac1200-hang-chinh-hang-p262082351.html?spid=262082352
200030124,Bàn Phím cho máy tính Dell N5110 - Hàng Nhập Khẩu New Seal,299115.0,299115.0,0.0,0.0,0,308064,,https://tiki.vnban-phim-cho-may-tinh-dell-n5110-hang-chinh-hang-mikey1271-p200030124.html?spid=200030125
200028097,Bàn Phím dùng cho laptop HP ProBook 4230 4230S 4220 4220S - Hàng Nhập Khẩu New Seal,296589.0,296589.0,0.0,0.0,0,308064,,https://tiki.vnban-phim-dung-cho-laptop-hp-probook-4230-4230s-4220-4220s-hang-chinh-hang-mikey1212-p200028097.html?spid=200028098
200026172,Sạc dùng cho Laptop Asus GL703VD-EE057T - BLACK ROG - Hàng Nhập Khẩu New Seal,1084628.0,1084628.0,0.0,0.0,0,308064,,https://tiki.vnsac-dung-cho-laptop-asus-gl703vd-ee057t-black-rog-hang-chinh-hang-miac1445-p200026172.html?spid=200026173
200025549,Sạc dùng cho Laptop HP Pavilion 14 BF014TU Adapter 19.5V-3.33A - Hàng Nhập Khẩu New Seal,217246.0,217246.0,0.0,0.0,0,308064,,https://tiki.vnsac-dung-cho-laptop-hp-pavilion-14-bf014tu-adapter-19-5v-3-33a-hang-chinh-hang-miac162-p200025549.html?spid=200025550
200024744,Sạc dùng cho Laptop HP 15s-du 15s-fq Series - Hàng Nhập Khẩu New Seal,341550.0,341550.0,0.0,0.0,0,308064,,https://tiki.vnsac-dung-cho-laptop-hp-15s-du-15s-fq-series-hang-chinh-hang-miac915-p200024744.html?spid=200024745
200008849,PIN dùng cho Laptop Acer E725 - Hàng Nhập Khẩu  MIBAT99,360180.0,360180.0,0.0,0.0,0,308064,,https://tiki.vnpin-dung-cho-laptop-acer-e725-hang-nhap-khau-mibat99-p200008849.html?spid=200008850
200008677,Pin cho Macbook Pro Retina 15 inch A1398 2015 - Hàng Nhập Khẩu New Seal,1238940.0,1238940.0,0.0,0.0,0,308064,,https://tiki.vnpin-cho-macbook-pro-retina-15-inch-a1398-2015-hang-chinh-hang-mibat1533-p200008677.html?spid=200008678
200007876,Pin dùng cho Laptop HP 240 245 246 G6 series - JC03 JC04 - Hàng Nhập Khẩu  MIBAT735,462541.0,462541.0,0.0,0.0,0,308064,,https://tiki.vnpin-dung-cho-laptop-hp-240-245-246-g6-series-jc03-jc04-hang-nhap-khau-mibat735-p200007876.html?spid=200007877
174003815,"Bộ 4 hộp mực in laser màu 054 (đen, vàng, xanh, hồng) cho máy in Canon imageCLASS MF642Cdw/MF641CW/MF643/MF644/MF645/ Canon LBP622cdw/LBP621CW/LBP623CDW, HP Color M254nw/ M254dw/ M280nw/ M281fdn/ M281fdw - Hàng nhập khẩu",760000.0,760000.0,0.0,0.0,0,2859,,https://tiki.vnbo-4-hop-muc-in-laser-mau-054-den-vang-xanh-hong-cho-may-in-canon-imageclass-mf642cdw-mf641cw-mf643-mf644-mf645-canon-lbp622cdw-lbp621cw-lbp623cdw-hp-color-m254nw-m254dw-m280nw-m281fdn-m281fdw-hang-nhap-khau-p174003815.html?spid=174003816
162173144,Phần mềm diệt virut Trend Micro Internet Security 3PC - Hàng chính hãng,520000.0,520000.0,0.0,0.0,0,198350,,https://tiki.vnphan-mem-diet-virut-trend-micro-internet-security-3pc-hang-chinh-hang-p162173144.html?spid=162173145
158225896,Cân bằng tải Router Cloud Core Mikrotik CCR1009-7G-1C-1S+ - Hàng nhập khẩu,16733200.0,16733200.0,0.0,0.0,0,238141,,https://tiki.vncan-bang-tai-router-cloud-core-mikrotik-ccr1009-7g-1c-1s-hang-nhap-khau-p158225896.html?spid=158225897
131548865,Tản nhiệt Supermicro SNK-P0068AP4_Hàng Chính Hãng,1798000.0,1798000.0,0.0,0.0,0,224238,,https://tiki.vntan-nhiet-supermicro-snk-p0068ap4-p131548865.html?spid=131548866
109555719, Đầu hạt bấm mạng RJ45 UTP Tenda CAT 5E TEH5E010 mạ vàng 24K - Hàng Chính Hãng ,115000.0,115000.0,0.0,0.0,0,200265,,https://tiki.vndau-hat-bam-mang-rj45-utp-tenda-cat-5e-teh5e010-ma-vang-24k-hang-chinh-hang-p109555719.html?spid=255344839
74493196,Hộp mực in laser màu đỏ CRG 054M dùng cho máy in HP Color M254nw/ M254dw/ M280nw/ M281fdn/ M281fdw (CF543A - 203A) Canon imageCLASS MF642Cdw/MF641CW/MF643/MF644/MF645/ Canon LBP622cdw/LBP621CW/LBP623CDW - Hàng nhập khẩu,256000.0,256000.0,0.0,5.0,7,2859,,https://tiki.vnhop-muc-in-laser-mau-do-crg-054m-dung-cho-may-in-hp-color-m254nw-m254dw-m280nw-m281fdn-m281fdw-cf541a-canon-imageclass-mf642cdw-mf641cw-mf643-mf644-mf645-canon-lbp622cdw-lbp621cw-lbp623cdw-hang-nhap-khau-p74493196.html?spid=74493197
71930373,Ruy băng mực màu YMCKO máy in thẻ nhựa SOLID 310/510 series - 250 lần in/cuộn - In được 125 thẻ in màu 2 mặt - Màu in sắc nét - Công nghệ thẩm thấu thăng hoa cao cấp - Hàng chính hãng,1924560.0,1924560.0,0.0,0.0,0,58886,,https://tiki.vnruy-bang-muc-mau-ymcko-may-in-the-nhua-solid-310-510-series-250-lan-in-cuon-in-duoc-125-the-in-mau-2-mat-mau-in-sac-net-cong-nghe-tham-thau-thang-hoa-cao-cap-hang-chinh-hang-p71930373.html?spid=71930374
24884004,Máy photocopy chính hãng Bizhub 266,32340000.0,32340000.0,0.0,0.0,0,58873,,https://tiki.vnmay-photocopy-chinh-hang-bizhub-266-p24884004.html?spid=24884005
2014127,Hộp mực Thuận Phong 83A/ 337 (TỰ NẠP) dùng cho máy in HP LJ M125/ M127/ M201/ M225/ Canon LBP 151dw/ MF 211/ 212w/ 221D/ 215/ 217w/ 226dn/ 229dw - Hàng Chính Hãng,390000.0,390000.0,0.0,4.0,2,2430,,https://tiki.vnhop-muc-thuan-phong-83a-tu-nap-dung-cho-may-in-hp-lj-m125-m127-m201-m225-hang-chinh-hang-p2014127.html?spid=2014129
279113664,"Màn hình Gaming Samsung Odyssey G5 G55C LS32CG552EEXXV (32 inch, QHD, 165Hz, 1ms) - Hàng chính hãng",5290000.0,6390000.0,1100000.0,0.0,0,1,,https://tiki.vnman-hinh-gaming-odyssey-g5-g55c-ls32cg552eexxv-32-inch-qhd-165hz-p279113664.html?spid=279113665
278961853,Màn hình LCD AIWA MD240K-V (24inch/165Hz/VA/2K/1ms) – Hàng Chính Hãng,2900000.0,2900000.0,0.0,0.0,0,30787,,https://tiki.vnman-hinh-lcd-aiwa-md240k-v-24inch-165hz-va-2k-1ms-hang-chinh-hang-p278961853.html?spid=278961854
278757481,"Màn hình Philips 22E1N1100/71 21.5 inch Full HD 120Hz – IPS, LowBlue, MPRT 1ms - GiaPhucStore | Hàng Chính Hãng",1990000.0,1990000.0,0.0,0.0,0,34716,,https://tiki.vnman-hinh-philips-22e1n1100-71-21-5-inch-full-hd-120hz-ips-lowblue-mprt-1ms-giaphucstore-hang-chinh-hang-p278757481.html?spid=278757482
277839357,Màn hình Gaming AOC 25G42E/74 (24.5inch/ FHD/ IPS/ 180Hz/ 1ms) - GiaPhucStore | Hàng Chính Hãng,3290000.0,3290000.0,0.0,0.0,0,34716,,https://tiki.vnman-hinh-gaming-aoc-25g42e-74-24-5inch-fhd-ips-180hz-1ms-giaphucstore-hang-chinh-hang-p277839357.html?spid=277839358
277570240,Card đồ họa Nvidia A2 Ampere 16GB GDDR6 PCIe 4.0 - Hàng chính hãng,36000000.0,36000000.0,0.0,0.0,0,224238,,https://tiki.vncard-do-hoa-nvidia-a2-ampere-16gb-gddr6-pcie-4-0-hang-chinh-hang-p277570240.html?spid=277570241
275633900,Pin Tương Thích Cho Laptop Dell Latitude E6540 - Hàng Nhập Khẩu New Seal TEEMO PC TEBAT1591,465000.0,465000.0,0.0,0.0,0,287052,,https://tiki.vnpin-tuong-thich-cho-laptop-dell-latitude-e6540-hang-nhap-khau-new-seal-teemo-pc-tebat1591-p275633900.html?spid=275633901
275583766,Màn Hình Samsung ViewFinity S9 5K LS27C900PAEXXV (27 inch - IPS - 5K - 60Hz - 5ms- Speaker - Webcam) - Hàng Chính Hãng,22950000.0,22950000.0,0.0,0.0,0,3103,,https://tiki.vnman-hinh-samsung-viewfinity-s9-5k-ls27c900paexxv-27-inch-ips-5k-60hz-5ms-speaker-webcam-hang-chinh-hang-p275583766.html?spid=275858634
274801930,Router WIFI 6 AX3000 TP-Link Archer AX53 - HÀNG CHÍNH HÃNG,1790000.0,1790000.0,0.0,0.0,0,67624,,https://tiki.vnrouter-wifi-6-ax3000-tp-link-archer-ax53-hang-chinh-hang-p274801930.html?spid=274801931
274396936,"[Phân phối] Key Kaspersky Plus 10U, 1 năm - Hàng chính hãng",880000.0,880000.0,0.0,0.0,0,119621,,https://tiki.vnphan-phoi-key-kaspersky-plus-10u-1-nam-hang-chinh-hang-p274396936.html?spid=274396937
274059505,Màn hình Cong Gaming Philips 27M1C3200VL/74 (27 inch/FHD/VA/165Hz/1ms) - Hàng Chính Hãng,4290000.0,4290000.0,0.0,0.0,0,34716,,https://tiki.vnman-hinh-cong-gaming-philips-27m1c3200vl-74-27-inch-fhd-va-165hz-1ms-hang-chinh-hang-p274059505.html?spid=274059506
274024545,[Hàng chính hãng] Combo Máy in laser đơn năng trắng đen HL-B2180DW + Mực in trắng đen TNB027,4400000.0,4400000.0,0.0,0.0,0,3103,,https://tiki.vnhang-chinh-hang-combo-may-in-laser-don-nang-trang-den-hl-b2180dw-muc-in-trang-den-tnb027-p274024545.html?spid=275014023
273768093,Combo bộ Mực in HP 680 (1 hộp đen F6V27AA + 1 hộp màu F6V26AA) dùng cho HP 1115/3775/1118 / 2138 / 3635 / 3636 / 3638 - Hàng chính hãng,520000.0,520000.0,0.0,0.0,0,125381,,https://tiki.vncombo-bo-muc-in-hp-680-1-hop-den-f6v27aa-1-hop-mau-f6v26aa-dung-cho-hp-1115-3775-1118-2138-3635-3636-3638-hang-chinh-hang-p273768093.html?spid=273768094
273309325,Máy tính để bàn Dell 3020 (  CPU G1840 / Ram 4GB SSD 120GB) - Học tập làm việc thoải mái - Hàng chính Hãng,1650000.0,1650000.0,0.0,4.5,2,312039,,https://tiki.vnmay-tinh-de-ban-dell-3020-cpu-g1840-ram-4gb-ssd-120gb-hoc-tap-lam-viec-thoai-mai-hang-chinh-hang-p273309325.html?spid=273309326
263048572,Màn Hình LCD CONG Samsung LC24F390FHEXXV (23.5inch/1920x1080/VA/4ms/FreeSync) - Hàng Chính Hãng,2850000.0,2850000.0,0.0,0.0,0,30787,,https://tiki.vnman-hinh-lcd-cong-samsung-lc24f390fhexxv-23-5inch-1920x1080-va-4ms-freesync-ha-ng-chi-nh-ha-ng-p263048572.html?spid=263048573
253398264,Máy chiếu Mini không dây BenQ GV1 - Hàng chính hãng - ZAMACO AUDIO,9990000.0,9990000.0,0.0,0.0,0,19766,,https://tiki.vnmay-chieu-mini-khong-day-benq-gv1-hang-chinh-hang-zamaco-audio-p253398264.html?spid=253398265
251404073,"Máy tính Dell OptiPlex 5260 AIO core i7 gen 8, ram 16gb, ổ ssd 512GB, wifi cho văn phòng",9990000.0,9990000.0,0.0,0.0,0,312039,,https://tiki.vnmay-tinh-dell-optiplex-5260-aio-core-i7-gen-8-ram-16gb-o-ssd-512gb-wifi-cho-van-phong-p251404073.html?spid=251404074
251404067,Máy tính Dell workstation Precision T5810 cpu 14 core vga rời 4gb chuyên game nặng,20000000.0,20000000.0,0.0,0.0,0,312039,,https://tiki.vnmay-tinh-dell-workstation-precision-t5810-cpu-14-core-vga-roi-4gb-chuyen-game-nang-p251404067.html?spid=251404068
208440428,Màn hình máy tính full viền K-vision  22 inch - BH 2 năm - Hàng Chính hãng,1590000.0,1590000.0,0.0,5.0,4,312039,,https://tiki.vnman-hinh-may-tinh-full-vien-22-inch-bh-3-nam-hang-chinh-hang-p208440428.html?spid=208440429
197747302,Màn hình Dell E2223HN 21.45inch FullHD 10ms 60Hz VA - Hàng Chính Hãng,2690000.0,2690000.0,0.0,0.0,0,30787,,https://tiki.vnman-hinh-dell-e2223hn-21-45-wide-led-full-hd-1920-x-1080-42me2223hn-hang-chinh-hang-p197747302.html?spid=215217512
195714841,"Bộ lưu điện UPS CyberPower VALUE Pro VP1000ELCD - 1000VA/550W - Tích hợp điều khiển Nas, Màn hình hiển thị LCD, dòng sản phẩm cao cấp - Hàng Chính Hãng",2990000.0,2990000.0,0.0,4.8,4,147784,,https://tiki.vnbo-luu-dien-ups-cyberpower-value-pro-vp1000elcd-1000va-550w-tich-hop-dieu-khien-nas-man-hinh-hien-thi-lcd-dong-san-pham-cao-cap-hang-chinh-hang-p195714841.html?spid=196028779
193773448,Bộ Lưu Điện UPS Santak Blazer 1200 PRO (1200VA / 600W) - Hàng Chính Hãng,4490000.0,4490000.0,0.0,0.0,0,915,,https://tiki.vnbo-luu-dien-ups-santak-blazer-1200-pro-1200va-600w-hang-chinh-hang-p193773448.html?spid=193773449
193207261,USB THU WiFi Băng Tần Kép AC600 Tp-Link ARCHER T2U - Hàng Chính Hãng,258000.0,258000.0,0.0,0.0,0,13093,,https://tiki.vnusb-thu-wifi-bang-tan-kep-ac600-tp-link-archer-t2u-hang-chinh-hang-p193207261.html?spid=193207262
176897824,Cáp Mạng CAT5E SFTP CCA Golden Link – 100MHz - 3m - 305m - Hàng chính hãng,65000.0,65000.0,0.0,0.0,0,280860,,https://tiki.vncap-mang-cat5e-sftp-cca-golden-link-100mhz-3m-305m-hang-chinh-hang-p176897824.html?spid=176897826
173640718,Cáp mạng Cat7 Ugreen 40163 dài 5m 10Gbps 600mhz dây dẹt Nylon Braided Màu Đen Hàng chính hãng,195000.0,205000.0,10000.0,0.0,0,915,,https://tiki.vncap-mang-cat7-ugreen-40163-dai-5m-10gbps-600mhz-day-det-nylon-braided-mau-den-hang-chinh-hang-p173640718.html?spid=274953249
169479395,"Màn Hình Cong Gaming Samsung LC34G55TWWEXXV ( 34 Inch WQHD VA (3,440 x 1,440) 165Hz / 1ms / DP 1.4 / HDMI / Jack Audio 3.5 / Freesync ) - Hàng Chính Hãng",7990000.0,7990000.0,0.0,5.0,1,3103,,https://tiki.vnman-hinh-cong-gaming-samsung-lc34g55twwexxv-34-inch-wqhd-va-3-440-x-1-440-165hz-1ms-dp-1-4-hdmi-jack-audio-3-5-freesync-hang-chinh-hang-p169479395.html?spid=252023017
169312517,Màn hình Dell E2222HS 21.5inch/ FHD/75Hz/Loa - Hàng Chính Hãng,2790000.0,2790000.0,0.0,0.0,0,30787,,https://tiki.vnman-hinh-dell-e2222hs-21-5inch-fhd-75hz-loa-hang-chinh-hang-p169312517.html?spid=169312520
164353522,Router Wifi Tenda AC6 - Hàng chính hãng,510000.0,510000.0,0.0,0.0,0,30787,,https://tiki.vnrouter-wifi-tenda-ac6-p164353522.html?spid=172377979
162102883,Phần mềm diệt Virut Trend Micro Internet Security - 1PC/12 tháng -Hàng chính hãng,260000.0,260000.0,0.0,0.0,0,198350,,https://tiki.vnphan-mem-diet-virut-trend-micro-internet-security-1pc-p162102883.html?spid=162102884
134641396,Ổ cứng gắn trong SSD Silicon Power A60 NVMe PCIe Gen3x4 M.2 2280-Hàng chính hãng,2250000.0,2250000.0,0.0,0.0,0,12395,,https://tiki.vno-cung-ssd-silicon-power-nvme-256gb-512gb-1tb-pcie-gen3x4-m-2-2280_a60-p134641396.html?spid=207477029
117212096,"Màn Hình Gaming MSI Optix G241V E2 - 1Ms (23.8""/FHD/75Hz/1ms/IPS/FreeSync) - Hàng chính hãng",3350000.0,3350000.0,0.0,0.0,0,30787,,https://tiki.vnman-hinh-gaming-msi-optix-g241v-e2-23-8-fhd-75hz-1ms-ips-freesync-hang-chinh-hang-p117212096.html?spid=190737448
78629390,Quạt tản nhiệt Case Xigmatek X20F (EN45457) - Led RGB CIRCLE - Hàng chính hãng,99000.0,99000.0,0.0,4.1,9,30787,,https://tiki.vnquat-tan-nhiet-case-xigmatek-x20f-en45457-led-rgb-circle-hang-chinh-hang-p78629390.html?spid=78629391
78032666,Máy tính doanh nghiệp E250 (Pentium/ HDD 500GB hoặc SSD 120GB/ RAM 4GB/ 19.5 inch LED) - Hàng chính hãng,7600000.0,7600000.0,0.0,0.0,0,6298,,https://tiki.vnmay-tinh-doanh-nghiep-e250-pentium-hdd-500gb-hoac-ssd-120gb-ram-4gb-19-5-inch-led-hang-chinh-hang-p78032666.html?spid=91746926
55124565,Máy in mã vạch Xprinter XP-420B - Hàng Chính Hãng,1275000.0,1275000.0,0.0,0.0,0,3476,,https://tiki.vnmay-in-ma-vach-xprinter-xp-420b-hang-chinh-hang-p55124565.html?spid=55124566
36390819,Thiết Bị Kiểm Soát Cửa Ronald Jack U7 - Hàng Nhập Khẩu,2800000.0,2800000.0,0.0,0.0,0,33316,,https://tiki.vnthiet-bi-kiem-soat-cua-ronald-jack-u7-hang-nhap-khau-p36390819.html?spid=36390820
27836782,Giấy In Hóa Đơn Tysso K80 x 45 (1 Thùng 100 Cuộn) - Hàng Nhập Khẩu,589000.0,589000.0,0.0,3.9,12,76905,,https://tiki.vngiay-in-hoa-don-tysso-k80-x-45-1-thung-100-cuon-hang-nhap-khau-p27836782.html?spid=38418291
21089128,Bộ Thu Wifi USB TP-Link TL-WN722N Chuẩn N 150Mbps - Hàng Chính Hãng,189000.0,189000.0,0.0,4.7,10,200265,,https://tiki.vnbo-thu-wifi-usb-tp-link-tl-wn722n-chuan-n-150mbps-hang-chinh-hang-p21089128.html?spid=139234203
13115240,Màn Hình HKC MB20S1 19.5inch (1600x900) HD+ 5ms 60Hz TN - Hàng Chính Hãng,1665400.0,1665400.0,0.0,0.0,0,12395,,https://tiki.vnman-hinh-hkc-mb20s1-19-5inch-1600x900-hd-5ms-60hz-tn-hang-chinh-hang-p13115240.html?spid=49010184
8311768,Máy in Laser Ricoh SP 230DNw đơn năng - Hàng Chính Hãng,3500000.0,3500000.0,0.0,0.0,0,70594,,https://tiki.vnmay-in-laser-ricoh-sp-230dnw-don-nang-hang-chinh-hang-p8311768.html?spid=28323655
2086083,Máy Quét Mã Vạch Symbol LS2208 - Hàng Chính Hãng,1650000.0,1650000.0,0.0,0.0,0,14389,,https://tiki.vnmay-quet-ma-vach-symbol-ls2208-hang-chinh-hang-p2086083.html?spid=7809232
1685931,Thiết Bị Kích Sóng Wifi Xiaomi Pro - Đen - Hàng Nhập Khẩu,259000.0,259000.0,0.0,3.7,38,6523,,https://tiki.vnthiet-bi-kich-song-wifi-xiaomi-pro-den-hang-nhap-khau-p1685931.html?spid=26468877
278009212,"Màn chiếu treo tường Apollo 80 inch, 100 inch, 120 inch, 135 inch - Hàng nhập khẩu",496800.0,496800.0,0.0,5.0,1,36422,,https://tiki.vnman-chieu-treo-tuong-apollo-80-inch-100-inch-120-inch-135-inch-hang-nhap-khau-p278009212.html?spid=278009214
277952237,"Dell Latitude 5400, Core i5 8365U, RAM8GB, SSD 256GB Nvme - Hàng Chính Hãng",6500000.0,6500000.0,0.0,0.0,0,312039,,https://tiki.vndell-latitude-5400-core-i5-8365u-ram8gb-ssd-256gb-nvme-hang-chinh-hang-p277952237.html?spid=277952245
277915497,Bộ phát Wifi Mercusys MR62X ( Router ) WiFi 6 AX1500 Băng Tần Kép - Hàng Chính Hãng,676000.0,676000.0,0.0,0.0,0,15937,,https://tiki.vnbo-phat-wifi-mercusys-mr62x-router-wifi-6-ax1500-bang-tan-kep-p277915497.html?spid=277915498
277874754,CASE MAGIC MIX (MATX) - Hàng chính hãng,480000.0,480000.0,0.0,0.0,0,299528,,https://tiki.vncase-magic-mix-matx-hang-chinh-hang-p277874754.html?spid=277874756
277276066,Máy tính để bàn HP 800 G9 Desktop PC Mini (73D24PA)- Hàng chính hãng,18950000.0,18950000.0,0.0,0.0,0,125381,,https://tiki.vnmay-tinh-de-ban-hp-elite-mini-800-g9-desktop-pc-73d24pa-hang-chinh-hang-p277276066.html?spid=277276067
276854259,"Thiết Bị Lưu Trữ Synology DiskStation DS223j 2-bay, Memory 1 GB DDR4, Bảo hành 2 năm - Hàng Chính Hãng",5550000.0,5550000.0,0.0,0.0,0,128476,,https://tiki.vnthiet-bi-luu-tru-synology-diskstation-ds223j-2-bay-memory-1-gb-ddr4-bao-hanh-2-nam-hang-chinh-hang-p276854259.html?spid=276854260
275379339,"Ổ đĩa DVD gắn ngoài, Đầu đĩa CD/DVD di động USB 3.0 VÀ TYPE C cho máy tính xách tay Ổ ghi CD DVD ROM Tương thích với máy tính xách tay Máy tính để bàn PC Windows Linux OS Apple Mac-HÀNG CHÍNH HÃNG",320000.0,320000.0,0.0,3.0,2,203285,,https://tiki.vno-dia-dvd-gan-ngoai-dau-dia-cd-dvd-di-dong-usb-3-0-va-type-c-cho-may-tinh-xach-tay-o-ghi-cd-rom-tuong-thich-voi-may-tinh-xach-tay-may-tinh-de-ban-pc-windows-linux-os-apple-mac-hang-chinh-hang-p275379339.html?spid=275379341
275221694,"Mực Prospect 664 dùng cho máy in Epson L110, L120, L210, L220, L300, L310, L350, L650, L655, L1300 trong lượng 70ml - Hàng chính hãng",42000.0,42000.0,0.0,5.0,1,43974,,https://tiki.vnmuc-prospect-664-dung-cho-may-in-epson-l110-l120-l210-l220-l300-l310-l350-l650-l655-l1300-trong-luong-70ml-hang-chinh-hang-p275221694.html?spid=275221700
274906178,Máy scan cầm tay A4 Brother DS-640 - Hàng chính hãng,4811000.0,4811000.0,0.0,0.0,0,149312,,https://tiki.vnmay-scan-cam-tay-a4-brother-ds-640-hang-chinh-hang-p274906178.html?spid=274906179
274405402,Bàn phím dành cho Laptop HP ProBook 450 G9 455 G9 455R G9 có Led hàng nhập khẩu,550000.0,550000.0,0.0,0.0,0,126154,,https://tiki.vnban-phim-danh-cho-laptop-hp-probook-450-g9-455-g9-455r-g9-co-led-hang-nhap-khau-p274405402.html?spid=274405403
273611599,Nguồn Meanwell GST60A12-P1J Hàng nhập khẩu,443000.0,443000.0,0.0,5.0,1,321316,,https://tiki.vnnguon-meanwell-gst60a12-p1j-hang-nhap-khau-p273611599.html?spid=273611600
273258212,Thiết Bị Mở Rộng Sóng Wifi chuẩn N- Bộ Mở Rộng Sóng Wifi cục hút kích sóng wifi tốc độ cao VDS shop TOTOLINK EX200- Hàng Nhập Khẩu,369000.0,369000.0,0.0,0.0,0,57800,,https://tiki.vnthiet-bi-mo-rong-song-wifi-chuan-n-bo-mo-rong-song-wifi-cuc-hut-kich-song-wifi-toc-do-cao-vds-shop-totolink-ex200-hang-nhap-khau-p273258212.html?spid=273258213
273000020,Bo mạch chủ Main Gigabyte B660M Gaming X DDR4 Socket LGA 1700 - Hàng Chính Hãng,3800000.0,3800000.0,0.0,0.0,0,30787,,https://tiki.vnbo-mach-chu-main-gigabyte-b660m-gaming-x-ddr4-lga1700-4-khe-ram-m-atx-hang-chinh-hang-p273000020.html?spid=273000021
271979102,"Máy chiếu 4K UST Laser Xgimi Aura - Hàng chính hãng, Bản Quốc Tế - ZAMACO AUDIO",79990000.0,79990000.0,0.0,0.0,0,19766,,https://tiki.vnmay-chieu-4k-ust-laser-xgimi-aura-hang-chinh-hang-ban-quoc-te-zamaco-audio-p271979102.html?spid=271979103
270820750,Ổ cứng di động SSD Synology BeeDrive BDS70 1TB/2TB USB 3.2 Gen 2 Up to 1050MB/s - Hàng chính hãng,4800000.0,4800000.0,0.0,0.0,0,128476,,https://tiki.vno-cung-di-dong-ssd-synology-beedrive-bds70-1tb-2tb-usb-3-2-gen-2-up-to-1050mb-s-hang-chinh-hang-p270820750.html?spid=270820752
252587225,"Màn Hình Máy Tính GAME Tomko T2221F 22""FHD VA 75Hz 5ms AMD Freesync 3 Cạnh Chân-V - Hàng Chính Hãng",1690000.0,1690000.0,0.0,0.0,0,312039,,https://tiki.vnman-hinh-may-tinh-game-tomko-t2221f-22-fhd-va-75hz-5ms-amd-freesync-3-canh-chan-v-hang-chinh-hang-p252587225.html?spid=252587226
251404011,"Máy tính Dell OptiPlex 5260 AIO core i5 gen 8 ổ ssd 256GB Nvme, wifi màn hình 21.5 inch Full HD",18000000.0,18000000.0,0.0,0.0,0,312039,,https://tiki.vnmay-tinh-dell-optiplex-5260-aio-core-i5-gen-8-o-ssd-256gb-nvme-wifi-man-hinh-21-5-inch-full-hd-p251404011.html?spid=251404012
249052944,"Hộp mực 12A (hàng nhập khẩu) dùng cho máy in Canon LBP 2900, 3000 - HP Laserjet 1020, 1022, MF4320d, MF4350d - Cartridge Q2612A",130000.0,130000.0,0.0,4.8,9,47656,,https://tiki.vnhop-muc-12a-hang-nhap-khau-dung-cho-may-in-canon-lbp-2900-3000-hp-laserjet-1020-1022-mf4320d-mf4350d-cartridge-q2612a-p249052944.html?spid=249052945
248431057,"Màn Chiếu Elite Screens Dòng Yard Master 2 Dual (chiếu 2 mặt), 100 inch Tỷ lệ Khung Hình 16:9 (Vùng hiển thị 124.5 x 220.1 cm) 0.8 Gain (OMS100H2-DUAL) – Hàng Chính Hãng",9900000.0,9900000.0,0.0,0.0,0,329762,,https://tiki.vnman-chieu-elite-screens-dong-yard-master-2-dual-chieu-2-mat-100-inch-ty-le-khung-hinh-16-9-vung-hien-thi-124-5-x-220-1-cm-0-8-gain-oms100h2-dual-hang-chinh-hang-p248431057.html?spid=248431058
247768228,"Màn Hình Cong MSI Optix G27C4X (27""/FHD/VA/250Hz/1ms) - Hàng Chính Hãng",4849000.0,4849000.0,0.0,0.0,0,139021,,https://tiki.vnman-hinh-cong-msi-optix-g27c4x-27-fhd-va-250hz-1ms-hang-chinh-hang-p247768228.html?spid=270755374
204310207,Máy in laser đơn năng PANTUM P3012D ( In đảo mặt) - Hàng Chính Hãng,3200000.0,3200000.0,0.0,5.0,1,8371,,https://tiki.vnmay-in-laser-don-nang-pantum-p3012d-in-dao-mat-hang-chinh-hang-p204310207.html?spid=204310208
200816657,Màn Hình Cong LCD ViewSonic VX3418-2KPC 34 Inch 2K 144Hz Chuyên Game - HÀNG CHÍNH HÃNG ,9700000.0,9700000.0,0.0,0.0,0,308336,,https://tiki.vnman-hinh-cong-lcd-viewsonic-vx3418-2kpc-34-inch-2k-144hz-chuyen-game-hang-chinh-hang-p200816657.html?spid=200816661
199738043,Bộ Phát Wifi TP-Link Archer A5 Băng Tần Kép AC1200 - Hàng Chính Hãng,565000.0,565000.0,0.0,0.0,0,1242,,https://tiki.vnbo-phat-wifi-tp-link-archer-a5-bang-tan-kep-ac1200-hang-chinh-hang-p199738043.html?spid=199738044
196002217,Màn hình Provision  - 24Inch - Hàng Chính Hãng,2150000.0,2150000.0,0.0,0.0,0,302242,,https://tiki.vnman-hinh-provision-19inch-22inch-24inch-p196002217.html?spid=196002219
192640149,Màn Hình LCD Dell SE2722H 27inch FHD 4ms 75Hz IPS - Hàng Chính Hãng,5650000.0,5650000.0,0.0,0.0,0,30787,,https://tiki.vnman-hinh-lcd-dell-se2722h-27inch-fhd-4ms-75hz-ips-hang-chinh-hang-p192640149.html?spid=192640150
173986098,SSD Silicon Power M.2 2280 SATA A55 128GB - Hàng chính hãng,595000.0,595000.0,0.0,0.0,0,15937,,https://tiki.vnssd-silicon-power-m-2-2280-sata-a55-128gb-hang-chinh-hang-p173986098.html?spid=271607288
165667261,"Bộ lưu điện UPS CyberPower BU600E - 600VA / 360W -  Tích hợp công nghệ ổn áp AVR, Công nghệ tiết kiệm điện GreenPower, công nghệ Line Interactive - Hàng chính hãng",799000.0,1050000.0,251000.0,4.7,26,12854,,https://tiki.vnbo-luu-dien-ups-cyberpower-bu600e-600va-360w-tich-hop-cong-nghe-on-ap-avr-cong-nghe-tiet-kien-dien-greenpower-hang-chinh-hang-p165667261.html?spid=165667262
145680966,Màn hình Samsung Odyssey G5 Cong Dòng 34inch LC34G55 - Hàng chính hãng,8220000.0,8220000.0,0.0,0.0,0,3103,,https://tiki.vnman-hinh-samsung-odyssey-g5-cong-dong-34inch-lc34g55-p145680966.html?spid=252023196
143714262,Router Wifi TP-LINK TL-WR840N- Hàng chính hãng,324000.0,324000.0,0.0,5.0,1,15937,,https://tiki.vnrouter-wifi-tp-link-tl-wr840n-p143714262.html?spid=186817665
128645811,"Bộ Phát Wifi 4G LTE Di Động Cao Cấp Mixie - Hàng Nhập Khẩu Thái Lan - Tốc Độ Cao - Sử Dụng Di Động phát wifi oto, xe khách 32 uers",850000.0,850000.0,0.0,4.5,2,298886,,https://tiki.vnbo-phat-wifi-4g-lte-di-dong-cao-cap-mixie-hang-nhap-khau-thai-lan-toc-do-cao-su-dung-di-dong-phat-wifi-oto-xe-khach-32-uers-p128645811.html?spid=205083469
113331097,Bộ mực in phun Brother BT5000C/Y/M - Hàng chính hãng,474000.0,474000.0,0.0,4.8,19,149312,,https://tiki.vnbo-muc-in-phun-brother-bt5000c-y-m-hang-chinh-hang-p113331097.html?spid=113331098
67106618,"Mực nạp, đổ cho hộp mực Brother TN 1010/ TN 2130/ TN 2025/ TN 2260/ TN 2280/ TN 2385/ TN 2325/ TN 3428/ TN 3448/ TN 3350/ TN 3280 _ Thương hiệu HA Toner",36100.0,36100.0,0.0,4.5,36,2671,,https://tiki.vnmuc-ha-brother-nap-do-cho-may-in-brother-dung-cho-may-hl1111-1010-1110-1510-1511-1610-1616-1810-1811-1815-hl-1200-1201-hl-1211w-dcp-1510-dcp-1601-dcp-1616nw-mfc-1811-mfc-1901-mfc-1916nw-xerox-p115-hl-2030-2040-2050-2070-2820-2910-2920-p67106618.html?spid=67106619
65079109,"Mực in Brother bộ 4 màu dùng cho máy in DCP-T310, DCP-T510W, DCP-T710W, MFC-T810W, MFC-T910DW - Hàng Chính Hãng",675000.0,675000.0,0.0,4.6,7,3103,,https://tiki.vnmuc-in-brother-bo-4-mau-dung-cho-may-in-dcp-t310-dcp-t510w-dcp-t710w-mfc-t810w-mfc-t910dw-hang-chinh-hang-p65079109.html?spid=65079110
57302495,Máy in hóa đơn - in nhiệt  EPSON T82III (Hàng chính hãng),3750000.0,3750000.0,0.0,5.0,3,131501,,https://tiki.vnmay-in-hoa-don-in-nhiet-epson-t82iii-hang-chinh-hang-p57302495.html?spid=57302497
48519954,Đầu đọc mã vạch Datalogic QW2100 (QW2120) - Hàng chính hãng,1728000.0,1728000.0,0.0,0.0,0,126201,,https://tiki.vndau-doc-ma-vach-datalogic-qw2100-qw2120-hang-chinh-hang-p48519954.html?spid=67978183
12221574,"Mực in phun Thuận Phong TP50 (500ml) dùng cho máy in phun Epson, HP, Canon",110000.0,110000.0,0.0,4.7,3,2430,,https://tiki.vnmuc-in-phun-thuan-phong-tp50-500ml-dung-cho-tat-ca-cac-dong-may-in-phun-epson-hp-canon-hang-chinh-hang-p12221574.html?spid=12221582
1831707,Thiết Bị Mạng Linksys LGS116P - Hàng chính hãng,7180000.0,7180000.0,0.0,0.0,0,2811,,https://tiki.vnthiet-bi-mang-linksys-lgs116p-hang-chinh-hang-p1831707.html?spid=1831709
704169,Màn Hình LG 24MP88HV-S 24inch FullHD 5ms 60Hz IPS Speaker - Hàng Chính Hãng,4350000.0,4350000.0,0.0,0.0,0,30787,,https://tiki.vnman-hinh-lg-24mp88hv-s-24inch-fullhd-5ms-60hz-ips-speaker-hang-chinh-hang-p704169.html?spid=254138405
571781,Ổ Cứng HDD Video Seagate SkyHawk 2TB/64MB/3.5 - ST2000VX008 - Hàng chính hãng,3285000.0,3285000.0,0.0,5.0,1,298886,,https://tiki.vno-cung-hdd-video-seagate-skyhawk-2tb-64mb-3-5-st2000vx008-hang-chinh-hang-p571781.html?spid=205739185
554426,Bộ Kích Sóng Wifi Repeater 300Mbps Tenda A9 - Hàng Chính Hãng,230000.0,230000.0,0.0,4.3,3,15647,,https://tiki.vnbo-kich-song-wifi-repeater-300mbps-tenda-a9-hang-chinh-hang-p554426.html?spid=27923054
278898178,Card đồ họa Nvidia NVLink Bridge A100 Ampere 2-Way 2-Slot x16 - Hàng chính hãng,10000000.0,10000000.0,0.0,0.0,0,224238,,https://tiki.vncard-do-hoa-nvidia-nvlink-bridge-a100-ampere-2-way-2-slot-x16-hang-chinh-hang-p278898178.html?spid=278898179
278871282,"Laptop Samsung XE340XDA-KA1VN (N4500, 4GB, 32GB, HD, ChromeOS) - Hàng Chính Hãng",6000000.0,6000000.0,0.0,0.0,0,11119,,https://tiki.vnlaptop-samsung-xe340xda-ka1vn-n4500-4gb-32gb-hd-chromeos-hang-chinh-hang-p278871282.html?spid=278871283
278706847,"Máy in laser đa chức năng PANTUM BM2310NW ( In USB,  Network, Wifi, San, Copy ) ""Hàng chính hãng""",4370000.0,4370000.0,0.0,0.0,0,8371,,https://tiki.vnmay-in-laser-da-chuc-nang-pantum-bm2310nw-in-usb-network-wifi-san-copy-hang-chinh-hang-p278706847.html?spid=278706848
277574445,Máy chiếu Mini thông minh Yaber U11 Full-HD 4K Android Tivi - Hàng Chính Hãng - Thương hiệu Máy chiếu mini Máy chiếu gia đình văn phòng hàng đầu,3990000.0,3990000.0,0.0,0.0,0,320848,,https://tiki.vnmay-chieu-mini-thong-minh-yaber-u11-full-hd-4k-android-tivi-hang-chinh-hang-thuong-hieu-may-chieu-mini-may-chieu-gia-dinh-van-phong-hang-dau-p277574445.html?spid=277574446
276252097,Máy chiếu thông minh Yaber T2 Plus tích hợp loa JBL Android Tivi Netflix bản quyền  Full-HD - Hàng Chính Hãng - Thương hiệu Máy chiếu gia đình và văn phòng hàng đầu,7490000.0,7490000.0,0.0,0.0,0,320848,,https://tiki.vnmay-chieu-thong-minh-yaber-t2-plus-tich-hop-loa-jbl-android-tivi-netflix-ban-quyen-full-hd-hang-chinh-hang-thuong-hieu-may-chieu-gia-dinh-va-van-phong-hang-dau-p276252097.html?spid=276252098
275648797,Sạc TeemoPC dùng Tương Thích Cho laptop Lenovo 65w 3.25a chân type C kèm dây nguồn Hàng Nhập Khẩu,500000.0,500000.0,0.0,0.0,0,287052,,https://tiki.vnsac-teemopc-dung-tuong-thich-cho-laptop-lenovo-65w-3-25a-chan-type-c-kem-day-nguon-hang-nhap-khau-p275648797.html?spid=275648798
275501834,"Hộp mực in 505A/280A/319 cho máy in HP P2035/P2055/M401d/M401n/M401dn/M401dw,Canon 251dw/252dw/253x/6300/6650/6680x - Hàng nhập khẩu",187000.0,187000.0,0.0,0.0,0,2859,,https://tiki.vnhop-muc-in-505a-280a-319-cho-may-in-hp-p2035-p2055-m401d-m401n-m401dn-m401dw-canon-251dw-252dw-253x-6300-6650-6680x-hang-nhap-khau-p275501834.html?spid=275501836
275415942,CARD Màn hình VGA Inno3D GeForce RTX 4060 Twin X2 8GB GDDR6 – Hàng Chính Hãng,11687000.0,11687000.0,0.0,0.0,0,30787,,https://tiki.vncard-man-hinh-vga-inno3d-geforce-rtx-4060-twin-x2-8gb-gddr6-hang-chinh-hang-p275415942.html?spid=275415943
275408419,Card màn hình VGA Gigabyte GTX 3050 Eagle OC 6GB ( N3050EAGLE OC-6GD ) - Hàng Chính Hãng,7345000.0,7345000.0,0.0,0.0,0,30787,,https://tiki.vncard-man-hinh-vga-gigabyte-gtx-3050-eagle-oc-6gb-n3050eagle-oc-6gd-hang-chinh-hang-p275408419.html?spid=275408420
275380415,"Màn Hình ViewSonic VA2432-H ( 24 inch, Full HD, IPS, 100Hz, 1ms )- Hàng chính hãng",2250000.0,2250000.0,0.0,0.0,0,3001,,https://tiki.vnman-hinh-viewsonic-va2432-h-24-inch-full-hd-ips-100hz-1ms-hang-chinh-hang-p275380415.html?spid=275380416
275344348,ROGTZ - Máy Scan Màu Di Động K1300AF 13MP Độ Phân Giải Cao HD Chế độ quét đa dạng A4 Sách vở Hóa đơn AMT CMND CCCD Tốc độ quét nhanh Lưu trữ đa dạng PDF JPG PNG BMP TIF 6 LED Cổng USB Pin Trâu Cắt Viền Đen Tự Động Nhận Diện Mã Vạch  Webcam-Hàng Chính Hãng,1695000.0,1695000.0,0.0,0.0,0,80295,,https://tiki.vnrogtz-may-scan-mau-di-dong-k1300af-13mp-do-phan-giai-cao-hd-che-do-quet-da-dang-a4-sach-vo-hoa-don-amt-cmnd-cccd-toc-do-quet-nhanh-luu-tru-da-dang-pdf-jpg-png-bmp-tif-6-led-cong-usb-pin-trau-cat-vien-den-tu-dong-nhan-dien-ma-vach-webcam-hang-chinh-hang-p275344348.html?spid=275344349
275271375,USB KIOXIA 32GB/64GB U365 150MB/s USB 3.2 Gen 1 ĐEN – Hàng Chính Hãng,299000.0,299000.0,0.0,0.0,0,30787,,https://tiki.vnusb-kioxia-32gb-64gb-u365-150mb-s-usb-3-2-gen-1-den-hang-chinh-hang-p275271375.html?spid=275271379
275081680,HP Pro Mini 400 G9 Desktop PC (73D16PA) - Hàng chính hãng,10120000.0,10120000.0,0.0,0.0,0,125381,,https://tiki.vnhp-pro-mini-400-g9-desktop-pc-73d16pa-hang-chinh-hang-p275081680.html?spid=275081681
274364088,Ổ cứng gắn ngoài 1TB SSD ESD265C USB 10Gbps Type C Transcend - Hàng chính hãng,3264000.0,3264000.0,0.0,0.0,0,9316,,https://tiki.vno-cung-gan-ngoai-1tb-ssd-esd265c-usb-10gbps-type-c-transcend-hang-chinh-hang-p274364088.html?spid=274364091
274031968,Màn hình LCD CONG MSI MD271CP (27 Inch/FHD/VA/75Hz/4 ms/LOA/USB TYPE-C) - Hàng Chính Hãng,4350000.0,4350000.0,0.0,0.0,0,30787,,https://tiki.vnma-n-hi-nh-lcd-cong-msi-md271cp-27-inch-fhd-va-75hz-4-ms-loa-usb-type-c-ha-ng-chi-nh-ha-ng-p274031968.html?spid=274031969
273428168,Máy chiếu Laser Viewsonic LS850WU 5000 ANSI Lumens hàng chính hãng - ZAMACO AUDIO,99900000.0,99900000.0,0.0,0.0,0,19766,,https://tiki.vnmay-chieu-laser-viewsonic-ls850wu-5000-ansi-lumens-hang-chinh-hang-zamaco-audio-p273428168.html?spid=273428169
273426535,Máy chiếu Laser Viewsonic LS800HD hàng chính hãng - ZAMACO AUDIO,90000000.0,90000000.0,0.0,0.0,0,19766,,https://tiki.vnmay-chieu-laser-viewsonic-ls800hd-hang-chinh-hang-zamaco-audio-p273426535.html?spid=273426536
273380005,Ổ cứng di động Western Digital My Passport 2TB [ĐEN] USB 3.2 (WDBYVG0020BBK) - Hàng chính hãng,3290000.0,3290000.0,0.0,0.0,0,915,,https://tiki.vno-cu-ng-di-do-ng-western-digital-my-passport-2tb-den-usb-3-2-wdbyvg0020bbk-hang-chinh-hang-p273380005.html?spid=276845513
273283247,Keo tản nhiệt CPU Cooler Master CryoFuze Violet- Hàng Chính Hãng,120000.0,120000.0,0.0,0.0,0,30787,,https://tiki.vnkeo-tan-nhiet-cpu-cooler-master-cryofuze-violet-hang-chinh-hang-p273283247.html?spid=273283248
273190194,Màn hình LCD AIWA MZ270G-Y (Cong 27''/VA/Full-HD 2560X1440/165Hz/1ms/VGA-HDMI*2/LOA) - Hàng Chính Hãng,6250000.0,6250000.0,0.0,0.0,0,30787,,https://tiki.vnman-hinh-lcd-aiwa-mz270l-y-phang-27-ips-full-hd-2560x1440-165hz-1ms-dp-hdmi-2-loa-hang-chinh-hang-6290k-sl30-36t-7kg-35x18x7-p273190194.html?spid=273190736
271583450,USB Lexar 128G JumpDrive DualDriveD35C USB3.0 TypeC (LJDD35C128G-BNBNG) | Hàng Chính Hãng,490000.0,490000.0,0.0,0.0,0,34716,,https://tiki.vnusb-lexar-128g-jumpdrive-dualdrived35c-usb3-0-typec-ljdd35c128g-bnbng-hang-chinh-hang-p271583450.html?spid=271583451
271118991,Quạt tản nhiệt điện thoại Sò Lạnh Memo CXA3 - Quạt hạ nhiệt có đèn LED Gaming và nam châm từ tính siêu mạnh - Hàng nhập khẩu,169000.0,300000.0,131000.0,3.7,3,2546,,https://tiki.vnquat-tan-nhiet-dien-thoai-so-lanh-memo-cxa3-quat-ha-nhiet-co-den-led-gaming-va-nam-cham-tu-tinh-sieu-manh-hang-nhap-khau-p271118991.html?spid=271118992
270165339,Giá treo máy chiếu Grandview GPCM-C100 - Hàng chính hãng - ZAMACO AUDIO,2600000.0,2600000.0,0.0,0.0,0,19766,,https://tiki.vngia-treo-may-chieu-grandview-gpcm-c100-hang-chinh-hang-zamaco-audio-p270165339.html?spid=270165340
269903319,Bộ Phát Wifi 6 Mercusys MR60X Chuẩn AX Tốc Độ 1500Mbps - Hàng Chính Hãng,1198000.0,1198000.0,0.0,5.0,4,217686,,https://tiki.vnbo-phat-wifi-6-mercusys-mr60x-chuan-ax-toc-do-1500mbps-hang-chinh-hang-p269903319.html?spid=269903320
262084689,Màn Hình LCD LG 24MP88HV-S Full viền 4 cạnh (23.8inch/1920x1080/IPS/60Hz/5ms) - Hàng Chính Hãng,4590000.0,4590000.0,0.0,0.0,0,30787,,https://tiki.vnman-hinh-lcd-lg-24mp88hv-s-full-vie-n-4-ca-nh-23-8inch-1920x1080-ips-60hz-5ms-ha-ng-chi-nh-ha-ng-p262084689.html?spid=262084690
251404061,Máy tính Dell Optiplex 3040 SFF intel core i3 dùng cho văn phòng,3350000.0,3350000.0,0.0,0.0,0,312039,,https://tiki.vnmay-tinh-dell-optiplex-3040-sff-intel-core-i3-dung-cho-van-phong-p251404061.html?spid=251404062
250336655,Máy scan HP ScanJet Pro 2600 f1 (20G05A) - Hàng Chính Hãng,7480000.0,7480000.0,0.0,0.0,0,125381,,https://tiki.vnmay-scan-hp-scanjet-pro-2600-f1-20g05a-hang-chinh-hang-p250336655.html?spid=250336656
225941135,"Hộp Mực 78A hàng nhập khẩu dùng cho máy in Canon LBP 6230dn, 6200d, MF4420w, MF4450, MF4550d, MF4720w, MF4820d, D520 - HP LaserJet Pro M1536dnf, M1537dnf, M1538dnf, M1539dnf, P1566, P1606dn,  - Cartridge 78A - CE278A mới 100%",130000.0,130000.0,0.0,4.5,2,47656,,https://tiki.vnhop-muc-78a-hang-nhap-khau-dung-cho-may-in-canon-lbp-6230dn-6200d-mf4420w-mf4450-mf4550d-mf4720w-mf4820d-d520-hp-laserjet-pro-m1536dnf-m1537dnf-m1538dnf-m1539dnf-p1566-p1606dn-cartridge-78a-ce278a-moi-100-p225941135.html?spid=225941136
208555226,Ổ cứng WD Elements SE SSD 480GB/1TB/2TB Hàng Chính Hãng,8000000.0,8000000.0,0.0,0.0,0,128476,,https://tiki.vno-cung-wd-elements-se-ssd-480gb-1tb-2tb-hang-chinh-hang-p208555226.html?spid=208555229
200009906,Pin dùng cho Laptop DELL XPS 13 9365 4 CELL 46Wh 7.6V BATTERY NNF1C HMPFH 0HMPFH - Hàng Nhập Khẩu New Seal,1114591.0,1114591.0,0.0,0.0,0,308064,,https://tiki.vnpin-dung-cho-laptop-dell-xps-13-9365-4-cell-46wh-7-6v-battery-nnf1c-hmpfh-0hmpfh-hang-chinh-hang-mibat1474-p200009906.html?spid=200009907
193925997,Màn hình Dell SE2723DS 27 inch 2K IPS 75Hz - Hàng Chính Hãng,6250000.0,6250000.0,0.0,0.0,0,30787,,https://tiki.vnman-hinh-dell-se2723ds-27-inch-2k-ips-75hz-hang-chinh-hang-p193925997.html?spid=195874364
164593527,MAIN Gigabyte H510M H – Socket 1200_HÀNG CHÍNH HÃNG,2050000.0,2050000.0,0.0,0.0,0,30787,,https://tiki.vnmain-gigabyte-h510m-h-socket-1200_hang-chinh-hang-p164593527.html?spid=174835211
150877192,Bộ phát USB Bluetooth Baseus Bộ chuyển đổi Bluetooth 5.0 không dây cho PC Bluetooth 4.0 Bộ phát âm thanh Dongle cho Win 11/10/8 / XP / Vista / XBOX ONE S Tay cầm-Hàng Chính Hãng,128499.0,128499.0,0.0,5.0,1,236667,,https://tiki.vnbo-phat-usb-bluetooth-baseus-bo-chuyen-doi-bluetooth-5-0-khong-day-cho-pc-bluetooth-4-0-bo-phat-am-thanh-dongle-cho-win-11-10-8-xp-vista-xbox-one-s-tay-cam-hang-chinh-hang-p150877192.html?spid=153413715
77605790,Bộ Phát Wifi Mercusys AC10 Băng Tần Kép AC1200 - Hàng Chính Hãng,399000.0,399000.0,0.0,0.0,0,915,,https://tiki.vnbo-phat-wifi-mercusys-ac10-bang-tan-kep-ac1200-hang-chinh-hang-p77605790.html?spid=276676387
10683789,Bộ 30 chai Mực đổ Thuận Phong TP03 (170g) dùng cho máy in HP / Canon - Hàng Chính Hãng,930000.0,930000.0,0.0,0.0,0,2430,,https://tiki.vnbo-30-chai-muc-do-thuan-phong-tp03-170g-dung-cho-may-in-hp-canon-hang-chinh-hang-p10683789.html?spid=10683790
6404169,Dây mạng bấm sẵn 2 đầu Cat6 UTP Patch Cords dài 20M UGREEN NW102 11206 - Hàng chính hãng,179000.0,179000.0,0.0,5.0,8,915,,https://tiki.vnday-mang-bam-san-2-dau-cat6-utp-patch-cords-dai-20m-ugreen-nw102-11206-hang-chinh-hang-p6404169.html?spid=59206268
3133135,Thiết bị Router Mikrotik RB2011UiAS-RM - Hàng chính hãng,3850000.0,3850000.0,0.0,0.0,0,2859,,https://tiki.vnthiet-bi-router-mikrotik-rb2011uias-rm-hang-chinh-hang-p3133135.html?spid=3133137
742901,Phần Mềm Diệt Virus Trend Micro Internet Security 11 - 2017 - Dùng cho 3 PC Win/Mac ,399000.0,399000.0,0.0,5.0,7,16972,,https://tiki.vnphan-mem-diet-virus-trend-micro-internet-security-11-2017-dung-cho-3-pc-win-mac-p742901.html?spid=48400083
557585,Mực In Laser HP 26A - Hàng chính hãng,2680000.0,2680000.0,0.0,5.0,2,50815,,https://tiki.vnmuc-in-laser-hp-26a-hang-chinh-hang-p557585.html?spid=19349691
490895,TP-Link Archer C50 - Router Băng Tần Kép Không Dây AC1200 - Hàng Chính Hãng,390000.0,1099000.0,709000.0,3.0,4,1,,https://tiki.vntp-link-archer-c50-router-bang-tan-kep-khong-day-ac1200-hang-chinh-hang-p490895.html?spid=204875
278491252,USB 256GB Sandisk Phone Drive for Android  SDDDC6-256G-G46 (Type C+Type A)- Hàng chính hãng,1390000.0,1390000.0,0.0,0.0,0,915,,https://tiki.vnusb-256gb-sandisk-phone-drive-for-android-sdddc6-256g-g46-type-c-type-a-hang-chinh-hang-p278491252.html?spid=278491260
277984355,VỎ CASE MÁY TÍNH DARKFLASH DB330M MESH (Full M-ATX) - Hàng chính hãng,730000.0,730000.0,0.0,0.0,0,299528,,https://tiki.vnvo-case-may-tinh-darkflash-db330m-mesh-full-m-atx-hang-chinh-hang-p277984355.html?spid=277984359
277928179,Giấy Decal Nhiệt In Mã Vạch 2 Tem Cỡ 35*22*25Mm,69000.0,69000.0,0.0,0.0,0,10889,,https://tiki.vngiay-decal-nhiet-in-ma-vach-2-tem-co-35-22-25mm-p277928179.html?spid=277928180
277741306,Đèn bàn LED HyperWork Luna | DL01 - Hàng Chính Hãng,1250000.0,1250000.0,0.0,0.0,0,12395,,https://tiki.vnden-ban-led-hyperwork-luna-dl01-p277741306.html?spid=277742047
277719910,Máy Scan HP Scanjet Pro 2600 F1 - Hàng Nhập Khẩu ,7150000.0,7150000.0,0.0,0.0,0,1887,,https://tiki.vnmay-scan-hp-scanjet-pro-2600-f1-hang-nhap-khau-p277719910.html?spid=277719911
277621102,Bàn phím không dây HyperWork SilentKey Mini | TS01M - Hàng Chính Hãng - Tặng Kèm Bộ Vệ Sinh 4 Món,749000.0,749000.0,0.0,5.0,1,12395,,https://tiki.vnban-phim-khong-day-hyperwork-silentkey-mini-ts01m-p277621102.html?spid=277626472
277435405,"Hộp mực dành cho máy in laser Brother DCP-L2520D, Hộp mực tn-2385",132000.0,132000.0,0.0,0.0,0,342911,,https://tiki.vnhop-muc-danh-cho-may-in-laser-brother-dcp-l2520d-hop-muc-tn-2385-p277435405.html?spid=277435406
276504015,Màn hình LCD Dell U2725QE - Hàng Chính Hãng,16900000.0,16900000.0,0.0,0.0,0,3103,,https://tiki.vnman-hinh-dell-e2020h-p276504015.html?spid=276504016
276360879,Máy hủy tài liệu DINO Grand - Hàng chính hãng,8400000.0,8400000.0,0.0,0.0,0,37436,,https://tiki.vnmay-huy-tai-lieu-dino-grand-hang-chinh-hang-p276360879.html?spid=276360881
276074011,Adapter sạc laptop đa năng 8 đầu dùng cho nhiều dòng máy - Hàng chính hãng / Hàng nhập khẩu,119000.0,119000.0,0.0,5.0,1,97441,,https://tiki.vnadapter-sac-laptop-da-nang-8-dau-dung-cho-nhieu-dong-may-p276074011.html?spid=276074012
276068028,Máy in laser đen trắng PANTUM đa năng M6708D (A4/A5/ In đảo mặt / Copy/ Scan) - Hàng Chính Hãng,5100000.0,5100000.0,0.0,0.0,0,8371,,https://tiki.vnay-in-laser-den-trang-pantum-da-nang-m6708d-a4-a5-in-dao-mat-copy-scan-hang-chinh-hang-p276068028.html?spid=276068029
276067920,"Máy in đa năng đen trắng PANTUM BM5100ADW (In, Copy, Scan 02 mặt tự động, wifi) - Hàng Chính Hãng ",9950000.0,9950000.0,0.0,0.0,0,8371,,https://tiki.vnmay-in-da-nang-den-trang-pantum-bm5100adw-in-copy-scan-02-mat-tu-dong-wifi-hang-chinh-hang-p276067920.html?spid=276067921
275970890,"Cục phát wifi từ sim 4G TP10000 kiêm pin sạc dự phòng 10000mAh, bộ phát wifi di động sử dụng mọi loại sim tốc độ cao 300Mbps -Hàng nhập khẩu.",1276000.0,1276000.0,0.0,0.0,0,356119,,https://tiki.vncuc-phat-wifi-tu-sim-4g-tp10000-kiem-pin-sac-du-phong-10000mah-bo-phat-wifi-di-dong-su-dung-moi-loai-sim-toc-do-cao-300mbps-hang-nhap-khau-p275970890.html?spid=275970891
275633613,Pin Tương Thích Cho Laptop Dell Xps 13 9365 4-Cell 46Wh 7.6V Battery Nnf1C Hmpfh 0Hmpfh - Hàng Nhập Khẩu New Seal TEEMO PC TEBAT1461,1417000.0,1417000.0,0.0,0.0,0,287052,,https://tiki.vnpin-tuong-thich-cho-laptop-dell-xps-13-9365-4-cell-46wh-7-6v-battery-nnf1c-hmpfh-0hmpfh-hang-nhap-khau-new-seal-teemo-pc-tebat1461-p275633613.html?spid=275633615
275613354,Pin máy tính xách tay MXV9V mới cho Dell Latitude 13 5300 5310 2-IN-1 14 7300 7400 7.6V 60Wh Z.in hàng chính hãng.,799000.0,799000.0,0.0,0.0,0,126154,,https://tiki.vnpin-danh-cho-laptop-asus-f555lj-z-in-pin-asus-f555ln-x555ld-f555lf-z-in-hang-chinh-hang-p275613354.html?spid=275613355
275524760, Dây Nguồn Nối Dài Dành Cho Sạc Macbook (Các loại) - Loại 2m hàng nhập khẩu.,199000.0,199000.0,0.0,0.0,0,126154,,https://tiki.vnday-nguon-noi-dai-danh-cho-sac-macbook-cac-loai-loai-2m-hang-nhap-khau-p275524760.html?spid=275524761
275485095,Màn hình LCD TWOLF TW-F22IFHD100 – Hàng Chính Hãng,1850000.0,1850000.0,0.0,0.0,0,30787,,https://tiki.vnman-hinh-lcd-twolf-tw-f22ifhd100-hang-chinh-hang-p275485095.html?spid=275485096
275419705,Màn hình LCD Gigabyte G27Q (27 inch IPS/ 2560 x 1440/ 350 cd/m2/ 1ms/ 144Hz) - Hàng Chính Hãng ,5990000.0,5990000.0,0.0,0.0,0,30787,,https://tiki.vnman-hinh-lcd-gigabyte-g27q-27-inch-ips-2560-x-1440-350-cd-m2-1ms-144hz-hang-chinh-hang-p275419705.html?spid=275419706
274795697,Màn hình gaming Xiaomi 27inch G27i P27FBB-RGGL (FHD/165Hz/1ms/IPS) - Hàng Chính Hãng,3390000.0,3390000.0,0.0,0.0,0,34716,,https://tiki.vnman-hinh-gaming-xiaomi-27inch-g27i-p27fbb-rggl-fhd-165hz-1ms-ips-hang-chinh-hang-p274795697.html?spid=274795698
274034056,Màn hình LCD CONG Skyworth C27G1H (27 inch/VA/165HZ/FHD/Gamming/low blue light) - Hàng Chính Hãng,3650000.0,3650000.0,0.0,0.0,0,30787,,https://tiki.vnman-hinh-lcd-cong-skyworth-c27g1h-27-inch-va-165hz-fhd-gamming-low-blue-light-ha-ng-chi-nh-ha-ng-p274034056.html?spid=274034057
273820870,"Gel vệ sinh bàn phím laptop, máy tính cực sạch đa năng và an toàn tiện dụng Super Clean Spa Laptop - hàng nhập khẩu",59000.0,59000.0,0.0,0.0,0,159903,,https://tiki.vngel-ve-sinh-ban-phim-laptop-may-tinh-cuc-sach-da-nang-va-an-toan-tien-dung-super-clean-spa-laptop-hang-nhap-khau-p273820870.html?spid=273820876
273679080,Laptop Dell Latitude 3410 (L3410I5SSD) (i5 10210U 8GB RAM/256GB SSD/14.0 inch HD/Fedora/Xám) - HÀNG CHÍNH HÃNG,8450000.0,8450000.0,0.0,0.0,0,312039,,https://tiki.vnlaptop-dell-latitude-3410-l3410i5ssd-i5-10210u-8gb-ram-256gb-ssd-14-0-inch-hd-fedora-xam-hang-chinh-hang-p273679080.html?spid=270300786
273539235,Máy chiếu Panasonic PT-LB386 hàng chính hãng - ZAMACO AUDIO,16500000.0,16500000.0,0.0,0.0,0,19766,,https://tiki.vnmay-chieu-panasonic-pt-lb386-hang-chinh-hang-zamaco-audio-p273539235.html?spid=273539236
273538762,Máy chiếu Panasonic PT-LB426 hàng chính hãng - ZAMACO AUDIO,21200000.0,21200000.0,0.0,0.0,0,19766,,https://tiki.vnmay-chieu-panasonic-pt-lb426-hang-chinh-hang-zamaco-audio-p273538762.html?spid=273538763
273221674,Máy chiếu Epson EB-X51 hàng chính hãng - ZAMACO AUDIO,17500000.0,17500000.0,0.0,0.0,0,19766,,https://tiki.vnmay-chieu-epson-eb-x51-hang-chinh-hang-zamaco-audio-p273221674.html?spid=273221675
272915499,Phần mềm diệt virus Kaspersky Premium 1 Thiết bị/năm -  Hàng Chính Hãng,529000.0,529000.0,0.0,5.0,7,15937,,https://tiki.vnphan-mem-diet-virus-kaspersky-premium-1-thiet-bi-nam-hang-chinh-hang-p272915499.html?spid=272915500
270453814,Máy chiếu gần Full HD Optoma GT1080HDR - Hàng chính hãng - ZAMACO AUDIO,36800000.0,36800000.0,0.0,0.0,0,19766,,https://tiki.vnmay-chieu-gan-full-hd-optoma-gt1080hdr-hang-chinh-hang-zamaco-audio-p270453814.html?spid=270453815
270234766,"Dell Optiplex 3040 Core i5 6500 / 8Gb / SSD 120Gb – Tặng USB WIFI , Bảo hành 2 năm - HÀNG CHÍNH HÃNG",3490000.0,3490000.0,0.0,0.0,0,312039,,https://tiki.vndell-optiplex-3040-core-i5-6500-8gb-ssd-120gb-tang-usb-wifi-bao-hanh-2-nam-hang-chinh-hang-p270234766.html?spid=270234767
253100413,"Máy chiếu di động NEBULA (by Anker) Astro, hỗ trợ chiếu 100 inch, độ sáng 100ANSI, độ phân giải 480p, thời gian chiếu liên tục 2.5 giờ - D2400",9600000.0,9600000.0,0.0,0.0,0,77142,,https://tiki.vnmay-chieu-di-dong-nebula-by-anker-astro-ho-tro-chieu-100-inch-do-sang-100ansi-do-phan-giai-480p-thoi-gian-chieu-lien-tuc-2-5-gio-d2400-p253100413.html?spid=253100414
249722048,MÀN HÌNH CHUYÊN GAME CONG K-VISION 27 INCH FULL HD (1920*1080)- GM271KVG - TẦN SỐ 75Hz - HÀNG CHÍNH HÃNG,3350000.0,3350000.0,0.0,0.0,0,312039,,https://tiki.vnman-hinh-chuyen-game-cong-k-vision-27-inch-full-hd-1920-1080-gm271kvg-tan-so-75hz-hang-chinh-hang-p249722048.html?spid=249722050
209866516,Màn hình máy tính IPS LG 32UN650-W.ATV - Hàng Chính Hãng,9900000.0,9900000.0,0.0,0.0,0,30787,,https://tiki.vnman-hinh-may-tinh-ips-lg-32un650-w-atv-p209866516.html?spid=262975728
206658766,Màn Hình GALAX Monitor Prisma 02 (PR-02) 27 Inch FHD / VA / 75Hz / G-Sync - Hàng Chính Hãng,3490000.0,3490000.0,0.0,0.0,0,308336,,https://tiki.vnman-hinh-galax-monitor-prisma-02-pr-02-27-inch-fhd-va-75hz-g-sync-hang-chinh-hang-p206658766.html?spid=206658768
184121467,Bộ Chia Tín Hiệu Swich TP-Link SG108 Để Bàn 8 Cổng 10/100/1000Mbps - Hàng Chính Hãng,529000.0,529000.0,0.0,5.0,1,1242,,https://tiki.vnbo-chia-tin-hieu-tp-link-sg108-switch-de-ban-8-cong-10-100-1000mbps-hang-chinh-hang-p184121467.html?spid=184121468
142989983,[Hàng chính hãng] Máy scan thông minh Czur Lens 1200 Pro,7700000.0,7700000.0,0.0,5.0,1,73779,,https://tiki.vnhang-chinh-hang-may-scan-thong-minh-czur-lens-pro-p142989983.html?spid=142989984
99509948,Máy in nhãn cầm tay Brother PT-E110 - Hàng chính hãng,940000.0,940000.0,0.0,0.0,0,3103,,https://tiki.vnmay-in-nhan-cam-tay-brother-pt-e110-hang-chinh-hang-p99509948.html?spid=278827476
85444689,Bộ Phát Wifi 6 TP-Link Archer AX73 Gigabit Băng Tần Kép AX5400 - Hàng Chính Hãng,2090000.0,5289000.0,3199000.0,0.0,0,1,,https://tiki.vnbo-phat-wifi-6-tp-link-archer-ax73-gigabit-bang-tan-kep-ax5400-hang-chinh-hang-p85444689.html?spid=177055659
51046954,Bộ Lưu Điện HYUNDAI Online 1000VA HD-1KT- Hàng Chính Hãng,6399000.0,6399000.0,0.0,5.0,1,108012,,https://tiki.vnbo-luu-dien-hyundai-online-1000va-hd-1kt-hang-chinh-hang-p51046954.html?spid=51046955
21427714,Card Mạng  TP-Link TL-WN881ND - Hàng Chính Hãng,275000.0,299000.0,24000.0,0.0,0,1,,https://tiki.vncard-mang-tp-link-tl-wn881nd-hang-chinh-hang-p21427714.html?spid=276450637
491362,Bộ Phát Wifi 4G LTE TP-Link TL-MR6400 Chuẩn N 300Mbps - Hàng Chính Hãng,1150000.0,1517000.0,367000.0,4.6,142,1,,https://tiki.vnbo-phat-wifi-4g-lte-tp-link-tl-mr6400-chuan-n-300mbps-hang-chinh-hang-p491362.html?spid=205406
278679580,"Hộp mực dành cho Canon LBP 2900, 3000 . Hàng chính hãng NC có mã hộp mực 302 / HP 12A dùng cho máy in",298000.0,298000.0,0.0,0.0,0,363300,,https://tiki.vnhop-muc-danh-cho-canon-lbp-2900-3000-hang-chinh-hang-nc-co-ma-hop-muc-302-hp-12a-dung-cho-may-in-p278679580.html?spid=278679581
277925993,Màn hình LCD Viewsonic cảm ứng TD2223-2 (21.5 inch/ 1920 x 1080/ 250cd/m2/ 5ms/ 75Hz) - Hàng Chính Hãng,6650000.0,6650000.0,0.0,0.0,0,12395,,https://tiki.vnman-hinh-lcd-viewsonic-cam-ung-td2223-2-21-5-inch-1920-x-1080-250cd-m2-5ms-75hz-p277925993.html?spid=277925994
277916396,Card mạng WiFi PCIe Mercusys MA30E AC1200 + Bluetooth 5.0 - Hàng Chính Hãng,496000.0,496000.0,0.0,0.0,0,15937,,https://tiki.vncard-mang-wifi-pcie-mercusys-ma30e-ac1200-bluetooth-5-0-hang-chinh-hang-p277916396.html?spid=277916397
276284780,Máy hủy tài liệu DINO Plus - Hàng chính hãng,6700000.0,6700000.0,0.0,0.0,0,37436,,https://tiki.vnmay-huy-tai-lieu-dino-plus-p276284780.html?spid=276284781
275717440,Sạc Adapter dành cho Microsoft Surface 3 hàng nhập khẩu,550000.0,550000.0,0.0,0.0,0,126154,,https://tiki.vnsac-adapter-danh-cho-microsoft-surface-3-hang-nhap-khau-p275717440.html?spid=275717441
275687794,"Pin dành cho Laptop Asus N46V, N76 hàng nhập khẩu.",390000.0,390000.0,0.0,0.0,0,126154,,https://tiki.vnpin-danh-cho-laptop-asus-n46v-n76-hang-nhap-khau-p275687794.html?spid=275687795
275601795,Pin dành cho Máy Tính Laptop DELL Precision M6800- Pin ZI.N hàng nhập khẩu.,850000.0,850000.0,0.0,0.0,0,126154,,https://tiki.vnpin-danh-cho-may-tinh-laptop-dell-precision-m6800-pin-zi-n-hang-nhap-khau-p275601795.html?spid=275601796
275308310,Màn Hình Viewsonic  VX2728J (27 INCH/FHD/FAST IPS/165HZ/0.5MS ) - Hàng chính hãng,5400000.0,5400000.0,0.0,0.0,0,3001,,https://tiki.vnman-hinh-viewsonic-vx2728j-27-inch-fhd-fast-ips-165hz-0-5ms-hang-chinh-hang-p275308310.html?spid=275308311
275222031,Phần mềm báo cháy - Hàng chính hãng,2500000.0,2500000.0,0.0,0.0,0,159438,,https://tiki.vnphan-mem-bao-chay-p275222031.html?spid=275222032
274929062,"Hộp Mực 05A /80A /319 Prospect dùng cho máy in Hp P2035, P2055, M401D, Canon 251DW, 252DW  in 2700 trang, hàng chính hãng",198000.0,198000.0,0.0,0.0,0,43974,,https://tiki.vnhop-muc-05a-80a-319-prospect-dung-cho-may-in-hp-p2035-p2055-m401d-canon-251dw-252dw-in-2700-trang-hang-chinh-hang-p274929062.html?spid=274929063
273647331,"Máy chiếu thông minh Laser RGB Viewsonic M10 siêu nhỏ gọn, hàng chính hãng - ZAMACO AUDIO",50000000.0,50000000.0,0.0,0.0,0,19766,,https://tiki.vnmay-chieu-thong-minh-laser-rgb-viewsonic-m10-sieu-nho-gon-hang-chinh-hang-zamaco-audio-p273647331.html?spid=273647332
273620821,"Máy chiếu Full HD Viewsonic PX704HD độ sáng 4,000 ANSI Lumens, hàng chính hãng - ZAMACO AUDIO",25000000.0,25000000.0,0.0,0.0,0,19766,,https://tiki.vnmay-chieu-full-hd-viewsonic-px704hd-do-sang-4-000-ansi-lumens-hang-chinh-hang-zamaco-audio-p273620821.html?spid=273620822
273560524,"Máy chiếu laser Viewsonic LX700-4K tuổi thọ 30000 giờ, hàng chính hãng - ZAMACO AUDIO",55000000.0,55000000.0,0.0,0.0,0,19766,,https://tiki.vnmay-chieu-laser-viewsonic-lx700-4k-tuoi-tho-30000-gio-hang-chinh-hang-zamaco-audio-p273560524.html?spid=273560525
273432112,Máy chiếu Viewsonic PA503XE 4.000 Lumen XGA hàng chính hãng - ZAMACO AUDIO,25000000.0,25000000.0,0.0,0.0,0,19766,,https://tiki.vnmay-chieu-viewsonic-pa503xe-4-000-lumen-xga-hang-chinh-hang-zamaco-audio-p273432112.html?spid=273432113
273422980,Máy chiếu Laser Viewsonic LS750WU hàng chính hãng - ZAMACO AUDIO,79000000.0,79000000.0,0.0,0.0,0,19766,,https://tiki.vnmay-chieu-laser-viewsonic-ls750wu-hang-chinh-hang-zamaco-audio-p273422980.html?spid=273422981
273218164,Máy chiếu Epson EB-2155W hàng chính hãng - ZAMACO AUDIO,48290000.0,48290000.0,0.0,0.0,0,19766,,https://tiki.vnmay-chieu-epson-eb-2155w-hang-chinh-hang-zamaco-audio-p273218164.html?spid=273218165
273217375,Máy chiếu Laser Epson EB-700U hàng chính hãng - ZAMACO AUDIO,97000000.0,97000000.0,0.0,0.0,0,19766,,https://tiki.vnmay-chieu-laser-epson-eb-700u-hang-chinh-hang-zamaco-audio-p273217375.html?spid=273217376
272915386,Phần mềm diệt virus Kaspersky Plus 3 Thiết bị/năm - Plus 3 -  Hàng chính hãng,669000.0,669000.0,0.0,0.0,0,15937,,https://tiki.vnphan-mem-diet-virus-kaspersky-plus-3-thiet-bi-nam-plus-3-hang-chinh-hang-p272915386.html?spid=272915387
272905694,Máy chiếu Epson CO-FH02 hàng chính hãng - ZAMACO AUDIO,26900000.0,26900000.0,0.0,0.0,0,19766,,https://tiki.vnmay-chieu-epson-co-fh02-hang-chinh-hang-zamaco-audio-p272905694.html?spid=272905695
272745003,Màn Hình Samsung ViewFinity S9 5K (S90PC) LS27C900PAEXXV 27 inch ( 5K/IPS/60Hz/5ms ) - Hàng Chính Hãng,22800000.0,22800000.0,0.0,0.0,0,3103,,https://tiki.vnman-hinh-samsung-viewfinity-s9-5k-s90pc-27-inch-5k-ips-60hz-5ms-hang-chinh-hang-p272745003.html?spid=276246928
271998401,"Máy chiếu 4K Xgimi Horizon Ultra - Hàng chính hãng, Bản Quốc Tế - ZAMACO AUDIO",47199200.0,47199200.0,0.0,0.0,0,19766,,https://tiki.vnmay-chieu-4k-xgimi-horizon-ultra-hang-chinh-hang-ban-quoc-te-zamaco-audio-p271998401.html?spid=271998404
271981980,"Máy chiếu Full HD Xgimi Elfin - Hàng chính hãng, Bản Quốc Tế - ZAMACO AUDIO",17900000.0,17900000.0,0.0,0.0,0,19766,,https://tiki.vnmay-chieu-full-hd-xgimi-elfin-hang-chinh-hang-ban-quoc-te-zamaco-audio-p271981980.html?spid=271981981
271949876,Laptop Lenovo V15 G4 IRU (83A100URVN) | Intel Core i5-13420H | 8GB | 512GB SSD | Intel UHD Graphics | 15.6 Inch FHD | No Os | Grey,13550000.0,13550000.0,0.0,0.0,0,1377,,https://tiki.vnlaptop-laptop-lenovo-v15-g3-iap-82tt00arvn-core-i3-_-1215u-8gb-256gb-ssd-pcie-win-11-15-6-inch-full-hd-ips-hang-chinh-hang-p271949876.html?spid=271949877
270902878,Máy chiếu Mini Viewsonic M1 Pro - Hàng chính hãng - ZAMACO AUDIO,15490000.0,15490000.0,0.0,0.0,0,19766,,https://tiki.vnmay-chieu-mini-viewsonic-m1-pro-hang-chinh-hang-zamaco-audio-p270902878.html?spid=270902879
263077092,"Máy In Brother MFC-L8690CDW In Laser Màu, Đa Chức Năng (In, Scan, Copy), Đảo Mặt Tử Động, Kết Nối Wifi, LAN, USB 2.0 - Hàng Chính Hãng",14350000.0,14350000.0,0.0,0.0,0,3103,,https://tiki.vnmay-in-brother-mfc-l8690cdw-in-laser-mau-da-chuc-nang-in-scan-copy-dao-mat-tu-dong-ket-noi-wifi-lan-usb-2-0-hang-chinh-hang-p263077092.html?spid=276457570
252341166,Máy chiếu Full HD Viewsonic M2e - Hàng chính hãng - ZAMACO AUDIO,17990000.0,17990000.0,0.0,0.0,0,19766,,https://tiki.vnmay-chieu-full-hd-viewsonic-m2e-hang-chinh-hang-zamaco-audio-p252341166.html?spid=252341167
251531894,"Máy in nhãn cầm tay Brother PT-E500VP, in nhãn dán cáp, dây, thi công điện-mạng-viễn thông - Hàng Chính Hãng",7370000.0,7370000.0,0.0,5.0,1,8595,,https://tiki.vnmay-in-nhan-cam-tay-brother-pt-e500vp-in-nhan-dan-cap-day-thi-cong-dien-mang-vien-thong-hang-chinh-hang-p251531894.html?spid=251531895
251514098,Máy chiếu FULL HD Viewsonic PG701WU - Hàng chính hãng - ZAMACO AUDIO,20680000.0,20680000.0,0.0,0.0,0,19766,,https://tiki.vnmay-chieu-full-hd-viewsonic-pg701wu-hang-chinh-hang-zamaco-audio-p251514098.html?spid=251514099
249722300,[TẦN SỐ 165 Hz ]MÀN HÌNH CHUYÊN GAME K-VISION 27 INCH FULL HD 1920X1080 - HÀNG CHÍNH HÃNG,4690000.0,4690000.0,0.0,0.0,0,312039,,https://tiki.vntan-so-165-hz-man-hinh-chuyen-game-k-vision-27-inch-full-hd-1920x1080-tan-so-165hz-hang-chinh-hang-p249722300.html?spid=249722301
189597641,CPU Intel Core i3-10105F (6MB / 4.4Ghz / 4 nhân 8 luồng / LGA 1200) hàng chính hãng,2159000.0,2159000.0,0.0,0.0,0,294635,,https://tiki.vncpu-intel-core-i3-10105f-6mb-4-4ghz-4-nhan-8-luong-lga-1200-p189597641.html?spid=189597642
169595273,USB ACO 32GB - Hàng nhập khẩu,200000.0,200000.0,0.0,5.0,1,2859,,https://tiki.vnusb-aco-32gb-p169595273.html?spid=169595274
117003616,Máy in phun màu Canon Pixma G1010 Hàng chính hãng,3300000.0,3300000.0,0.0,0.0,0,11119,,https://tiki.vnmay-in-phun-mau-canon-pixma-g1010-hang-chinh-hang-p117003616.html?spid=250650535
98957820,Máy Cắt Brother ScanNCut SDX1200 - Hàng chính hãng,16000000.0,16000000.0,0.0,5.0,1,49448,,https://tiki.vnmay-cat-brother-scanncut-sdx1200-hang-chinh-hang-p98957820.html?spid=98957821
91272444,Giá Treo Màn Hình Máy Tính North Bayou F100A Lắp Cho Màn Hình Từ 22 inch - 35 inch Nhập Khẩu,790000.0,790000.0,0.0,4.5,2,206496,,https://tiki.vngia-treo-man-hinh-may-tinh-north-bayou-f100a-lap-cho-man-hinh-tu-22-inch-35-inch-nhap-khau-p91272444.html?spid=113887690
83525761,(1 màu) Mực nước Canon - inkMAX - BK: 135ml; C/Y/M: 70ml- Mực nước dùng cho các dòng máy in phun Canon: G1800 / 2800 / 3800 / 1000 / 2000 / 3000 / 1100 / 2100 / 3100 / 1900 / 2900 / 3900,45000.0,45000.0,0.0,0.0,0,267338,,https://tiki.vn1-mau-muc-nuoc-canon-inkmax-bk-135ml-c-y-m-70ml-muc-nuoc-dung-cho-cac-dong-may-in-phun-canon-g1800-2800-3800-1000-2000-3000-1100-2100-3100-1900-2900-3900-p83525761.html?spid=173398340
70772855,Thiết bị chống sét điện thoại WINKASING LKD150T4H-RJ11 - Hàng nhập khẩu,285000.0,285000.0,0.0,4.0,1,110401,,https://tiki.vnthiet-bi-chong-set-dien-thoai-winkasing-lkd150t4h-rj11-hang-nhap-khau-p70772855.html?spid=70772856
67064909,Bộ Chia Mạng 8 Cổng Switch Netgear FS108P 5 Port Fast Ethernet Unmanaged with 4 Port PoE - Hãng Chính Hãng,2468000.0,2468000.0,0.0,0.0,0,132722,,https://tiki.vnbo-chia-mang-8-cong-switch-netgear-fs108p-5-port-fast-ethernet-unmanaged-with-4-port-poe-hang-chinh-hang-p67064909.html?spid=67064910
26029837,"Hộp Đựng Ổ Cứng (HDD Box) 2.5"" Orico USB 3.0 Nhựa Trong Suốt cho Ổ HDD và SDD - Hàng Chính Hãng",185000.0,185000.0,0.0,4.7,7,6975,,https://tiki.vnhop-dung-o-cung-hdd-box-2-5-orico-usb-3-0-nhua-trong-suot-cho-o-hdd-va-sdd-hang-chinh-hang-p26029837.html?spid=253363148
1860919,Thiết Bị Mạng Planet MGB-SX2 - Hàng chính hãng,740000.0,740000.0,0.0,0.0,0,2811,,https://tiki.vnthiet-bi-mang-planet-mgb-sx2-hang-chinh-hang-p1860919.html?spid=1860921
1831931,Thiết Bị Mạng Planet FT-802 - Hàng chính hãng,1360000.0,1360000.0,0.0,0.0,0,2811,,https://tiki.vnthiet-bi-mang-planet-ft-802-hang-chinh-hang-p1831931.html?spid=1831933
279003972,Vỏ Máy Tính Case VSP X2-G.ART Trắng – Hàng Chính Hãng,590000.0,590000.0,0.0,0.0,0,30787,,https://tiki.vnvo-may-tinh-case-vsp-x2-g-art-trang-hang-chinh-hang-p279003972.html?spid=279003973
278961709,Màn hình LCD MSI PRO MP272LKT (27inch/FHD/IPS/100Hz/1ms) – Hàng Chính Hãng,2900000.0,2900000.0,0.0,0.0,0,30787,,https://tiki.vnman-hinh-lcd-msi-pro-mp272lkt-27inch-fhd-ips-100hz-1ms-hang-chinh-hang-p278961709.html?spid=278961710
278936623,"Hộp mực 071 Canon MF270, MF271dn, MF272dw, MF274dn, MF275dwLBP 120, 121dn, 122dw, CÓ CHIP CRG 071 MỚI 100% BẢO HÀNH 1 ĐỔI 1 - Hàng chính hãng Alpha Cartridge",188000.0,188000.0,0.0,0.0,0,183951,,https://tiki.vnhop-muc-may-canon-mf270-mf271dn-mf272dw-mf274dn-mf275dwlbp-120-121dn-122dw-co-chip-crg-071-moi-100-bao-hanh-1-doi-1-hang-chinh-hang-alpha-cartridge-p278936623.html?spid=278936624
278720067,Máy in Laser đen trắng Pantum P3302DW (In đảo mặt | A4| A5| USB| LAN| WIFI) - Hàng chính hãng,4130000.0,4130000.0,0.0,0.0,0,8371,,https://tiki.vnmay-in-laser-den-trang-pantum-p3302dw-in-dao-mat-a4-a5-usb-lan-wifi-hang-chinh-hang-p278720067.html?spid=278720068
278128280,Sạc 165W USB-C Type-C Power Charger Adapter for Dell Precision 5680 5690 Dell XPS 15 17 DA165PM210 - Z.i.n Hàng nhập khẩu,1890000.0,1890000.0,0.0,0.0,0,126154,,https://tiki.vnsac-165w-usb-c-type-c-power-charger-adapter-for-dell-precision-5680-5690-dell-xps-15-17-da165pm210-z-i-n-hang-nhap-khau-p278128280.html?spid=275538761
277930208,Bo Mạch Chủ Main Gigabyte H510M H V2 (BULK) Socket LGA1200 - Hàng Chính Hãng,2200000.0,2200000.0,0.0,5.0,1,30787,,https://tiki.vnbo-mach-chu-main-gigabyte-h510m-h-v2-bulk-socket-lga1200-hang-chinh-hang-p277930208.html?spid=277930209
277745268,"Giá treo máy chiếu đa năng 60 cm, 120 cm, 180 cm cao cấp (Ống lớn/ Tube lớn 25x40mm) - gắn trần hoặc gắn tường- Hàng nhập khẩu",165000.0,199800.0,34800.0,0.0,0,36422,,https://tiki.vngia-treo-may-chieu-da-nang-60-cm-120-cm-180-cm-cao-cap-ong-lon-tube-lon-25x40mm-gan-tran-hoac-gan-tuong-p277745268.html?spid=277769411
277279901,Bộ chia sẻ máy in tự động 1 ra 4 MT viki SW241 (Trắng) - Hàng Nhập Khẩu,235000.0,235000.0,0.0,0.0,0,81456,,https://tiki.vnbo-chia-se-may-in-tu-dong-1-ra-4-mt-viki-sw241-trang-hang-nhap-khau-p277279901.html?spid=277279902
276122544,Hộp mực màu 305A (CE410/CE411/CE412/CE413) - KHÔNG CHIP NHẬN MỰC dùng cho máy in HP M375nw/M451dn/M451dw/M451nw/M475dn - hàng nhập khẩu,270000.0,270000.0,0.0,0.0,0,2859,,https://tiki.vnhop-muc-mau-305a-ce410-ce411-ce412-ce413-khong-chip-nhan-muc-dung-cho-may-in-hp-m375nw-m451dn-m451dw-m451nw-m475dn-hang-nhap-khau-p276122544.html?spid=276123104
276122160,Hộp mực in màu CRG 046 dùng cho máy in Canon LBP 651C/652C/653C/654C/ MF731Cdw - Hàng nhập khẩu,270000.0,270000.0,0.0,0.0,0,2859,,https://tiki.vnhop-muc-in-mau-crg-046-cf410a-dung-cho-may-in-canon-lbp-651c-652c-653c-654c-mf731cdw-hp-color-m452nw-m452dn-m477fdn-m477fdw-p276122160.html?spid=276122282
276068106,"Máy in đơn năng PANTUM P3012DW (In 2 mặt tự động, in qua USB, Wifi) - Hàng chính hãng",4100000.0,4100000.0,0.0,0.0,0,8371,,https://tiki.vnmay-in-don-nang-pantum-p3012dw-in-2-mat-tu-dong-in-qua-usb-wifi-hang-chinh-hang-p276068106.html?spid=276068107
276068041,Máy in laser đa năng đen trắng PANTUM M6558 (In - Scan - Copy - Khay ADF) - Hàng chính hãng,4900000.0,4900000.0,0.0,0.0,0,8371,,https://tiki.vnmay-in-laser-da-nang-den-trang-pantum-m6558-in-scan-copy-khay-adf-hang-chinh-hang-p276068041.html?spid=276068042
275957805,bộ chia quang 1x8 sc/apc hàng nhập khẩu,120000.0,120000.0,0.0,0.0,0,36209,,https://tiki.vnbo-chia-quang-1x8-sc-apc-hang-nhap-khau-p275957805.html?spid=275957806
275588833,Sạc cho Laptop Acer Aspire 3 A315-42G A315-51 A315-52 A315-53 hàng nhập khẩu,215000.0,215000.0,0.0,5.0,1,126154,,https://tiki.vnsac-cho-laptop-acer-aspire-3-a315-51-a315-52-a315-53-hang-nhap-khau-p275588833.html?spid=275588834
275199209,Hộp mực TN 1010/1020 Mực in Brother HL 1111-1201-1211 DCP 1511-1610-1616 MFC 1811-1901-1916 LOẠI TỐT CÓ HỘP Hàng chính hãng Alpha Cartridge,98000.0,98000.0,0.0,0.0,0,183951,,https://tiki.vnhop-muc-tn-1010-1020-muc-in-brother-hl-1111-1201-1211-dcp-1511-1610-1616-mfc-1811-1901-1916-loai-tot-co-hop-hang-chinh-hang-alpha-cartridge-p275199209.html?spid=275199210
275191580,Hộp mực 30A có chíp dành cho máy in HP Pro M203dn / HP Pro M203dw / HP MFP M227fdw / HP MFP M227sdn Canon LBP 161dn / 162dw Hàng chính hãng Alpha Cartridge,131500.0,131500.0,0.0,5.0,1,183951,,https://tiki.vnhop-muc-30a-co-chip-danh-cho-may-in-hp-pro-m203dn-hp-pro-m203dw-hp-mfp-m227fdw-hp-mfp-m227sdn-canon-lbp-161dn-162dw-hang-chinh-hang-alpha-cartridge-p275191580.html?spid=275191581
275185565,Màn hình LCD Philips 27E1N1100A/74 (27 inch/FHD/IPS/75Hz/4ms)– Hàng Chính Hãng ,2890000.0,2890000.0,0.0,0.0,0,30787,,https://tiki.vnman-hinh-lcd-philips-27e1n1100a-74-27-inch-fhd-ips-75hz-4ms-hang-chinh-hang-p275185565.html?spid=275185566
275171054,Drum Brother 2280 2385 2361 2255 2250 2325 2360 2260 Trống dành cho Máy in HL 2130/2240 MFC 7060/7360/7860 Hàng chính hãng Alpha Cartridge,62900.0,62900.0,0.0,5.0,2,183951,,https://tiki.vndrum-brother-2280-2385-2361-2255-2250-2325-2360-2260-trong-danh-cho-may-in-hl-2130-2240-mfc-7060-7360-7860-p275171054.html?spid=275171055
274759795,Màn Hình Gaming Samsung 27 Inch Odyssey G50D QHD 180Hz LS27DG502EEXXV - Hàng chính hãng,6840000.0,6840000.0,0.0,0.0,0,3103,,https://tiki.vnman-hinh-gaming-samsung-27-inch-odyssey-g50d-qhd-180hz-ls27dg502eexxv-hang-chinh-hang-p274759795.html?spid=275858628
274405322,Sạc dành cho Laptop HP Omen 15 16 17 Gaming M41303-001 4.5mm 230W hàng nhập khẩu,1190000.0,1190000.0,0.0,0.0,0,126154,,https://tiki.vnsac-danh-cho-laptop-hp-omen-15-16-17-gaming-m41303-001-4-5mm-230w-hang-nhap-khau-p274405322.html?spid=274405323
273332104,Card mạng không dây TP-Link Archer TX3000E (PCI-Express Wi-Fi 6 và Bluetooth 5.0) - Hàng Chính Hãng,1150000.0,1150000.0,0.0,0.0,0,30787,,https://tiki.vncard-ma-ng-khong-day-tp-link-archer-tx3000e-pci-express-wi-fi-6-va-bluetooth-5-0-hang-chinh-hang-p273332104.html?spid=273332105
272871972,Máy Scan Brother ADS-4700W - Hàng Chính Hãng,12950000.0,12950000.0,0.0,0.0,0,3103,,https://tiki.vnmay-scan-brother-ads-4700w-p272871972.html?spid=272871973
262454759,Mực in Dành Cho Máy Canon 2900 - Hộp mực 12A,210000.0,210000.0,0.0,4.5,15,2859,,https://tiki.vnmuc-in-danh-cho-may-canon-2900-hop-muc-12a-p262454759.html?spid=262454762
251404057,Máy tính Dell workstation Precision T5810 cpu 12 core vga rời 4gb chuyên game nặng,16000000.0,16000000.0,0.0,0.0,0,312039,,https://tiki.vnmay-tinh-dell-workstation-precision-t5810-cpu-12-core-vga-roi-4gb-chuyen-game-nang-p251404057.html?spid=251404058
251404041,Máy tính Dell Optiplex 5050 SFF core i7 7700 ssd 480GB tốc độ cao giá rẻ cho văn phòng,6290000.0,6290000.0,0.0,0.0,0,312039,,https://tiki.vnmay-tinh-dell-optiplex-5050-sff-core-i7-7700-ssd-480gb-toc-do-cao-gia-re-cho-van-phong-p251404041.html?spid=251404042
249889835,Phễu đổ mực máy in đa năng dùng cho các chai mực nhỏ thông dụng,10000.0,10000.0,0.0,0.0,0,2671,,https://tiki.vnpheu-do-muc-may-in-da-nang-dung-cho-cac-chai-muc-nho-thong-dung-p249889835.html?spid=249889839
200030346,Bàn phím dùng cho Asus X540s X540u - Hàng Nhập Khẩu,265943.0,265943.0,0.0,0.0,0,308064,,https://tiki.vnban-phim-dung-cho-asus-x540s-x540u-phim-zin-hang-chinh-hang-mikey700-p200030346.html?spid=200030347
200009141,Pin dùng cho Laptop HP ZBook 15 17 G1 G2 Mã Pin AR08 AR08XL - Hàng Nhập Khẩu  MIBAT955,577530.0,577530.0,0.0,5.0,1,308064,,https://tiki.vnpin-dung-cho-laptop-hp-zbook-15-17-g1-g2-ma-pin-ar08-ar08xl-hang-nhap-khau-mibat955-p200009141.html?spid=200009142
196675321,Màn hình cảm ứng 10 điểm ViewSonic TD2423 24inch - Hàng Chính Hãng,7100000.0,7100000.0,0.0,0.0,0,299255,,https://tiki.vnman-hinh-cam-ung-10-diem-viewsonic-td2423-24inch-p196675321.html?spid=196675322
171806447,"Mực nạp VIETTONER 17A-30A hàng chính hãng (tặng kèm phễu) dùng cho hộp mực CF217A, CF230A, CRG-047, CRG-051",20000.0,20000.0,0.0,4.0,1,47656,,https://tiki.vnmuc-nap-viettoner-17a-30a-hang-chinh-hang-tang-kem-pheu-dung-cho-hop-muc-cf217a-cf230a-crg-047-crg-051-p171806447.html?spid=171806448
162177611,Quạt tản nhiệt Xigmatek X22F RGB ( EN48441 ) - Hàng Chính Hãng,99000.0,99000.0,0.0,5.0,3,30787,,https://tiki.vnquat-tan-nhiet-xigmatek-x22f-rgb-en48441-chinh-hang-p162177611.html?spid=162177612
127776665,Máy in mã vạch Xprinter XP-420B - Hàng Nhập Khẩu,1349000.0,1349000.0,0.0,4.2,5,153486,,https://tiki.vnmay-in-ma-vach-xprinter-xp-420b-hang-nhap-khau-p127776665.html?spid=169267985
97851120,Màn hình Samsung Odyssey G5 LC34G55TWWEXXV 34Inch 165Hz 1Ms Curved VA - Hàng Chính Hãng,8240000.0,8240000.0,0.0,0.0,0,3103,,https://tiki.vnma-n-hi-nh-samsung-odyssey-g5-lc34g55twwexxv-34inch-165hz-1ms-curved-va-hang-chinh-hang-p97851120.html?spid=252022747
75955046,Box ổ cứng di động SSK SHE090 chuẩn 3.0 - thiết kế đơn giản gọn nhẹ (đen) HÀNG CHÍNH HÃNG,225000.0,225000.0,0.0,3.0,1,51420,,https://tiki.vnbox-o-cung-di-dong-ssk-she090-chuan-3-0-thiet-ke-don-gian-gon-nhe-den-hang-chinh-hang-p75955046.html?spid=130073518
58983900,Máy in mã vạch Zebra ZD220 - Hàng chính hãng,4850000.0,4850000.0,0.0,0.0,0,54309,,https://tiki.vnmay-in-ma-vach-zebra-zd220-hang-chinh-hang-p58983900.html?spid=58983901
55843196,"Khay Ổ cứng Laptop (Caddy Bay) mỏng 9,5mm Orico M95SS - Hàng Chính Hãng",200000.0,200000.0,0.0,4.7,34,6975,,https://tiki.vnkhay-o-cung-laptop-caddy-bay-mong-9-5mm-orico-m95ss-hang-chinh-hang-p55843196.html?spid=55843197
29116183,USB 32GB Hoco - Hàng chính hãng,134000.0,134000.0,0.0,0.0,0,118704,,https://tiki.vnusb-32gb-hoco-hang-chinh-hang-p29116183.html?spid=53026145
9353600,Quạt Tản Nhiệt CPU Cooler Master Hyper 212 LED Turbo - Hàng Chính Hãng,829000.0,829000.0,0.0,0.0,0,30787,,https://tiki.vnquat-tan-nhiet-cpu-cooler-master-hyper-212-led-turbo-hang-chinh-hang-p9353600.html?spid=52262016
6081021,Bộ 5 chai Mực đổ Thuận Phong TP01 dùng cho máy in HP / Canon - Hàng Chính Hãng,120000.0,120000.0,0.0,4.6,25,2430,,https://tiki.vnbo-5-chai-muc-do-thuan-phong-tp01-dung-cho-may-in-hp-canon-hang-chinh-hang-p6081021.html?spid=6081023
447634,USB SanDisk 3.0 Ultra CZ48 32GB - Hàng Chính Hãng,369000.0,369000.0,0.0,3.7,3,915,,https://tiki.vnusb-sandisk-3-0-ultra-cz48-32gb-hang-chinh-hang-p447634.html?spid=9671658
278966042,USB Wifi TP-Link Wifi 6 AX1800 Dual Band Wireless Archer TX20U - Hàng chính hãng,569000.0,933000.0,364000.0,0.0,0,162514,,https://tiki.vnusb-wifi-tp-link-wifi-6-ax1800-dual-band-wireless-archer-tx20u-hang-chinh-hang-p278966042.html?spid=278966043
278220363,Router Wi-Fi 6 TP-Link Archer AX55 PRO Tốc Độ Cao AX3000 Multi-Gigabit với hai cổng 2.5G - Hàng chính hãng,1395000.0,1395000.0,0.0,0.0,0,1242,,https://tiki.vnrouter-wi-fi-6-tp-link-archer-ax55-pro-toc-do-cao-ax3000-multi-gigabit-voi-hai-cong-2-5g-p278220363.html?spid=278220364
277996756,USB Wifi Mercusys AC650 High Gain Dual Band MU6H - Hàng chính hãng,287000.0,287000.0,0.0,0.0,0,162514,,https://tiki.vnusb-wifi-mercusys-ac650-high-gain-dual-band-mu6h-hang-chinh-hang-p277996756.html?spid=277996757
277744564,USB Wi-Fi TP-Link Mini Wireless chuẩn N 300Mbps TL-WN823N - Hàng chính hãng,199000.0,199000.0,0.0,0.0,0,162514,,https://tiki.vnusb-wi-fi-tp-link-mini-wireless-chuan-n-300mbps-tl-wn823n-hang-chinh-hang-p277744564.html?spid=277744565
277728895,máy in HP LaserJet MFP M440nda- HÀNG CHÍNH HÃNG ,21000000.0,21000000.0,0.0,0.0,0,1887,,https://tiki.vnmay-in-hp-laserjet-mfp-m440nda-hang-chinh-hang-p277728895.html?spid=277728896
277596820,Thiết bị định tuyến mạng không dây TP-Link Router Wifi 4 300Mbps TL-WR820N - Hàng chính hãng,299000.0,299000.0,0.0,0.0,0,162514,,https://tiki.vnthiet-bi-dinh-tuyen-mang-khong-day-tp-link-router-wifi-300mbps-tl-wa820n-hang-chinh-hang-p277596820.html?spid=277596821
276898252,[HÀNG CHÍNH HÃNG] Hộp mực thải Brother cho máy in laser màu FCL (HL-L3240CDW/HL-L3280CDW/DCP-L3560CDW/MFC-L3760CDW/MFC-L8340CDW),550000.0,550000.0,0.0,0.0,0,149312,,https://tiki.vnhop-muc-thai-brother-cho-may-in-laser-mau-fcl-hl-l3240cdw-hl-l3280cdw-dcp-l3560cdw-mfc-l3760cdw-mfc-l8340cdw-p276898252.html?spid=276898253
276428639,Máy in laser trắng đen HP LaserJet M211d - Bảo hành 12 tháng - Hàng Chính Hãng,3390000.0,3390000.0,0.0,0.0,0,34716,,https://tiki.vnmay-in-laser-trang-den-hp-laserjet-m211d-bao-hanh-12-thang-hang-chinh-hang-p276428639.html?spid=276428640
276384994,Màn hình máy tính ACER SA272U E | 27.0INCH | WQHD | 100Hz | VGA | DP | 2*HDMI | LED | IPS | Loa | Hàng Chính Hãng,4290000.0,4290000.0,0.0,0.0,0,34716,,https://tiki.vnman-hinh-may-tinh-acer-sa272u-e-27-0inch-wqhd-100hz-vga-dp-2-hdmi-led-ips-loa-hang-chinh-hang-p276384994.html?spid=276385005
276006863,Sạc 130W dành cho Laptop Charger AC Adapter for Dell Precision 15 5510 5520 5530 5540 M3800 M2800 hàng nhập khẩu,699000.0,699000.0,0.0,0.0,0,126154,,https://tiki.vnsac-130w-danh-cho-laptop-charger-ac-adapter-for-dell-precision-15-5510-5520-5530-5540-m3800-m2800-hang-nhap-khau-p276006863.html?spid=276006864
275952074,Màn Hình Acer K202HQL 19.5inch HD 5ms 60Hz TN - Hàng Chính Hãng,1490000.0,1490000.0,0.0,0.0,0,34716,,https://tiki.vnman-hinh-acer-k202hql-19-5inch-hd-5ms-60hz-tn-hang-chinh-hang-p275952074.html?spid=275952075
275717411,Sạc 65W dành cho Surface Pro Charger Microsoft Surface Pro 9 8 7+ 1796 1769 1706 1800-Zi.n hàng nhập khẩu,750000.0,750000.0,0.0,0.0,0,126154,,https://tiki.vnsac-65w-danh-cho-surface-pro-charger-microsoft-surface-pro-9-8-7-1796-1769-1800-hang-zi-n-theo-may-p275717411.html?spid=275717412
275712208,Thanh cao áp: Dùng cho máy photocopy Ricoh 1060/ 1075/ 2060/ 2075/ 6500/ 7500/ 8000/ 6001/ 8001/9001/ 6002/ 6502/9002/ 6503/7503 ( HA - Hàng nhập khẩu ),385000.0,385000.0,0.0,0.0,0,2671,,https://tiki.vnthanh-cao-ap-dung-cho-may-photocopy-ricoh-1060-1075-2060-2075-6500-7500-8000-6001-8001-9001-6002-6502-9002-6503-7503-ha-hang-nhap-khau-p275712208.html?spid=275712209
275482313,Sạc cho Laptop HP Home 15-da0358TU - hàng nhập khẩu,229000.0,229000.0,0.0,0.0,0,126154,,https://tiki.vnsac-cho-laptop-hp-home-15-da0358tu-hang-nhap-khau-p275482313.html?spid=275482314
273872732,PC Case Galax Revolution 05W - HÀNG CHÍNH HÃNG,990000.0,990000.0,0.0,0.0,0,308336,,https://tiki.vnpc-case-galax-revolution-05w-hang-chinh-hang-p273872732.html?spid=273872733
273669871,[Hàng chính hãng] Máy in laser đơn năng màu HL-L3280CDW,6990000.0,6990000.0,0.0,0.0,0,3103,,https://tiki.vnmay-in-laser-don-nang-mau-hl-l3280cdw-p273669871.html?spid=276457571
273364681,Máy in Laser màu Brother đơn năng HL-L3240CDW - Hàng Chính Hãng,6520000.0,6520000.0,0.0,4.0,2,3103,,https://tiki.vnmay-in-laser-mau-brother-don-nang-hl-l3240cdw-hang-chinh-hang-p273364681.html?spid=273364682
273121449,Sạc 280W 19.5V 14.36A/20V 14A Charger A18-280P1A 5.5*2.5mm Tip Power Adapter dành cho các loại Laptop PC Màn hình Hàng nhập khẩu,1390000.0,1390000.0,0.0,5.0,1,126154,,https://tiki.vnsac-danh-cho-laptop-msi-modern-14-b11mou-14-b11sbu-hang-nhap-khau-p273121449.html?spid=273121450
272905572,"Máy chiếu Full HD Epson CO-FH01, Hàng chính hãng - ZAMACO AUDIO",22150000.0,22150000.0,0.0,0.0,0,19766,,https://tiki.vnmay-chieu-full-hd-epson-co-fh01-hang-chinh-hang-zamaco-audio-p272905572.html?spid=272905573
271964612,"Máy chiếu Full HD Dangbei Neo - Netlfix chính chủ, Giao diện Tiếng Việt, Bản Quốc Tế - ZAMACO AUDIO",14000000.0,14000000.0,0.0,0.0,0,19766,,https://tiki.vnmay-chieu-full-hd-dangbei-neo-hang-chinh-hang-ban-quoc-te-zamaco-audio-p271964612.html?spid=271964613
271583390,Ổ cứng di động SSD 1TB Lexar SL660 Gaming Portable USB 3.2 Gen2 Type-C LSL660X001T-RNNNG | Hàng Chính Hãng,4790000.0,4790000.0,0.0,0.0,0,34716,,https://tiki.vno-cung-di-dong-ssd-1tb-lexar-sl660-gaming-portable-usb-3-2-gen2-type-c-lsl660x001t-rnnng-hang-chinh-hang-p271583390.html?spid=271583391
270300198,"Màn Hình Dell 21.5"" E2216HV (1920x1080/TN/60Hz/5ms) - HÀNG CHÍNH HÃNG",1690000.0,1690000.0,0.0,1.0,1,312039,,https://tiki.vnman-hinh-dell-21-5-e2216hv-1920x1080-tn-60hz-5ms-p270300198.html?spid=270300199
269980872,Sạc dành cho Laptop Asus ZenBook 15 UX533 UX533F Hàng nhập khẩu,590000.0,590000.0,0.0,0.0,0,126154,,https://tiki.vnsac-danh-cho-laptop-asus-zenbook-15-ux533-ux533f-p269980872.html?spid=269980873
263698418,Máy chiếu Optoma X400LVE - Hàng chính hãng - ZAMACO AUDIO,9990000.0,9990000.0,0.0,5.0,1,19766,,https://tiki.vnmay-chieu-optoma-x400lve-hang-chinh-hang-zamaco-audio-p263698418.html?spid=263698419
253444177,Máy chiếu Mini không dây BenQ GV30 - Hàng chính hãng - ZAMACO AUDIO,13900000.0,13900000.0,0.0,0.0,0,19766,,https://tiki.vnmay-chieu-mini-khong-day-benq-gv30-hang-chinh-hang-zamaco-audio-p253444177.html?spid=253444178
247901931,Khung treo máy chiếu North Bayou NBT817-60 ( 0.6m) Hàng chính hãng - ZAMACO AUDIO,455000.0,455000.0,0.0,0.0,0,19766,,https://tiki.vnkhung-treo-may-chieu-nbt817-60-hang-chinh-hang-p247901931.html?spid=247901932
215217508,Màn hình LCD Dell E2223HN (21.5 Inch/1920 x 1080/VA/60Hz/5 ms) - Hàng Chính Hãng,2690000.0,2690000.0,0.0,0.0,0,30787,,https://tiki.vnman-hinh-lcd-dell-e2223hn-21-5-inch-1920-x-1080-va-60hz-5-ms-hang-chinh-hang-p215217508.html?spid=215217509
192295851,Ổ cứng di động WD Black D50 Game Dock SSD Hàng Chính Hãng,13500000.0,13500000.0,0.0,0.0,0,296212,,https://tiki.vno-cung-di-dong-wd-black-d50-game-dock-ssd-hang-chinh-hang-p192295851.html?spid=192295853
181779797,"Máy in laser Brother đa năng Brother DCP-L2520D - A4, A5, In + Scan + Copy +  đảo mặt - Hàng chính hãng",4470000.0,4470000.0,0.0,0.0,0,3103,,https://tiki.vnmay-in-laser-brother-da-nang-brother-dcp-l2520d-a4-a5-in-scan-copy-dao-mat-hang-chinh-hang-p181779797.html?spid=273454853
179746232,"Ắc quy ECOTEK, ECT-UP1240VA8,12V40AH - Dùng cho Bộ Lưu Điện - Hàng Chính Hãng",2650000.0,2650000.0,0.0,0.0,0,179999,,https://tiki.vnac-quy-ecotek-ect-up1240va8-12v40ah-dung-cho-bo-luu-dien-hang-chinh-hang-p179746232.html?spid=179746233
167941046,Ruy băng đen Evolis RCT023NAA 2.000 lượt in thẻ sinh viên - Hàng nhập khẩu,950000.0,950000.0,0.0,0.0,0,47812,,https://tiki.vnruy-bang-den-rct023naa-in-the-nhua-p167941046.html?spid=167941047
158445853,Thiết bị Router cAP ac Mikrotik RBcAPGi-5acD2nD - Hàng chính hãng,2761000.0,2761000.0,0.0,0.0,0,238141,,https://tiki.vnthiet-bi-router-cap-ac-mikrotik-rbcapgi-5acd2nd-hang-chinh-hang-p158445853.html?spid=158445854
101782410,Hệ thống Wifi Nova Mesh cho gia đình Tenda MW6 Chuẩn AC 1200Mbps (2 node) - Hàng Chính Hãng,2570000.0,2570000.0,0.0,0.0,0,30787,,https://tiki.vnhe-thong-wifi-nova-mesh-cho-gia-dinh-tenda-mw6-chuan-ac-1200mbps-2-node-hang-chinh-hang-p101782410.html?spid=109394770
101138422,Màn hình MSI Pro MP242 (23.8inch/FHD/IPS/75Hz/5ms/250nits/HDMI+Dsub+Audio),2540000.0,2540000.0,0.0,5.0,1,3103,,https://tiki.vnman-hinh-msi-pro-mp242-23-8inch-fhd-ips-75hz-5ms-250nits-hdmi-dsub-audio-p101138422.html?spid=199137987
93205759,Router Wifi Mesh Chuẩn AC1200 Tenda Nova MW3 - 3 Pack - Hàng Chính Hãng,2000000.0,2000000.0,0.0,5.0,2,30787,,https://tiki.vnrouter-wifi-mesh-chuan-ac1200-tenda-nova-mw3-3-pack-hang-chinh-hang-p93205759.html?spid=109384072
74623089,Tenda Hệ thống Wifi Nova Mesh cho gia đình MW5C Chuẩn AC 1200Mbps 3 pack - Hàng Chính Hãng,3150000.0,3150000.0,0.0,0.0,0,30787,,https://tiki.vntenda-he-thong-wifi-nova-mesh-cho-gia-dinh-mw5c-chuan-ac-1200mbps-3-pack-hang-chinh-hang-p74623089.html?spid=109394566
73251459,Thiết bị mạng DrayTek Vigor2962 - Hàng Chính Hãng,8950000.0,8950000.0,0.0,0.0,0,46362,,https://tiki.vnthiet-bi-mang-draytek-vigor2962-hang-chinh-hang-p73251459.html?spid=272966164
1860717,Thiết Bị Mạng Planet GT-802S Hàng chính hãng,2360000.0,2360000.0,0.0,0.0,0,2811,,https://tiki.vnthiet-bi-mang-planet-gt-802s-hang-chinh-hang-p1860717.html?spid=1860719
763594,Máy In Laser Đơn Năng Brother HL-L2361DN - Hàng Chính Hãng,3950000.0,3950000.0,0.0,5.0,3,3103,,https://tiki.vnmay-in-laser-don-nang-brother-hl-l2361dn-hang-chinh-hang-p763594.html?spid=2396239
512710,Bộ Chia Mạng Switch 5-Cổng 10/100Mbps Với 4 Cổng PoE Tenda TEF1105P - Hàng Chính Hãng,600000.0,600000.0,0.0,0.0,0,30787,,https://tiki.vnbo-chia-mang-switch-5-cong-10-100mbps-voi-4-cong-poe-tenda-tef1105p-hang-chinh-hang-p512710.html?spid=109548332
278584971,Switch PoE IPL-SW162 16 cổng Cổng + 02 Up-link chuyên dụng cho CCTV camera - Hàng chính hãng,535000.0,535000.0,0.0,0.0,0,298886,,https://tiki.vnswitch-poe-ipl-sw162-16-cong-cong-02-up-link-chuyen-dung-cho-cctv-camera-hang-chinh-hang-p278584971.html?spid=278584975
278486322,TP-Link TL-WR840N - Router Wifi Chuẩn N Tốc Độ 300Mbps - Hàng Chính Hãng,294000.0,294000.0,0.0,0.0,0,298886,,https://tiki.vntp-link-tl-wr841n-tl-wr840n-router-wifi-chuan-n-toc-do-300mbps-hang-chinh-hang-p278486322.html?spid=278486419
278013602,USB WIFI 6 AX1800 TP-Link Archer TX20U Plus | Kết nối USB 3.0 | Anten Kép thu tín hiệu tốt hơn | Bảo hành 2 năm | Hàng Chính Hãng,539000.0,539000.0,0.0,0.0,0,200265,,https://tiki.vnusb-wifi-6-ax1800-tp-link-archer-tx20u-plus-ket-noi-usb-3-0-anten-kep-thu-tin-hieu-tot-hon-bao-hanh-2-nam-hang-chinh-hang-p278013602.html?spid=278013603
277995191,VỎ CASE MÁY TÍNH DARKFLASH DY451 Pro (ATX) - Hàng chính hãng,3895000.0,3895000.0,0.0,0.0,0,299528,,https://tiki.vnvo-case-may-tinh-darkflash-dy451-pro-atx-hang-chinh-hang-p277995191.html?spid=277995195
277877060,CASE MAGIC GM-04 BLACK AND WHITE GLASS 3 FAN (ATX) - Hàng chính hãng,870000.0,870000.0,0.0,0.0,0,299528,,https://tiki.vncase-magic-gm-04-black-and-white-glass-3-fan-atx-hang-chinh-hang-p277877060.html?spid=277877062
277837442,TẢN NHIỆT KHÍ CPU MAGIC ICE-400 PRO RGB - Hàng chính hãng,400000.0,400000.0,0.0,0.0,0,299528,,https://tiki.vntan-nhiet-khi-cpu-magic-ice-400-pro-rgb-hang-chinh-hang-p277837442.html?spid=277837446
277682058,Chuột không dây HyperWork Silentium Mini | MS01M - Hàng Chính Hãng - Tặng kèm lót chuột,369000.0,369000.0,0.0,0.0,0,12395,,https://tiki.vnchuot-khong-day-hyperwork-silentium-mini-ms01m-hang-chinh-hang-p277682058.html?spid=277742042
277617106,Bộ phát wifi 6 Linksys E7350-AH MAX-STREAM (Chuẩn AX/ AX1800Mbps/ Ăng-ten ngầm/ Wifi Mesh/ 35 User) - Hàng Chính Hãng,999000.0,999000.0,0.0,0.0,0,12395,,https://tiki.vnbo-phat-wifi-6-linksys-e7350-ah-max-stream-chuan-ax-ax1800mbps-ang-ten-ngam-wifi-mesh-35-user-p277617106.html?spid=277617107
276146792,Sạc dành cho Laptop MSI Modern 15 A5M 15 A11MU MSI Modern 14 B11MOU 14 B11SBU B5M hàng nhập khẩu,299000.0,299000.0,0.0,0.0,0,126154,,https://tiki.vnsac-danh-cho-laptop-msi-modern-15-a5m-15-a11mu-msi-modern-14-b11mou-14-b11sbu-b5m-hang-nhap-khau-p276146792.html?spid=276146799
276106597,"Free ship- set 4 màu Mực in phun màu  BT-D60BK cho máy in  DCP-T310/510W/710W/MFC-T810W/T910W, hàng nhập khẩu.",420000.0,420000.0,0.0,0.0,0,299569,,https://tiki.vnfree-ship-set-4-mau-muc-in-phun-mau-bt-d60bk-cho-may-in-dcp-t310-510w-710w-mfc-t810w-t910w-hang-nhap-khau-p276106597.html?spid=276106598
275688265,Màn hình máy tính Viewsonic VX2728-2K 27inch 2K QHD 165Hz IPS Hàng Chính Hãng,9928000.0,9928000.0,0.0,0.0,0,12395,,https://tiki.vnman-hinh-may-tinh-viewsonic-vx2728-2k-27inch-2k-qhd-165hz-ips-hang-chinh-hang-p275688265.html?spid=275688266
275651028,Sạc Tương Thích Cho Laptop Máy Tinh Hp Notebook Pc Elietbook 8470P - Hàng Nhập Khẩu New Seal TEEMO PC TEAC700,263000.0,263000.0,0.0,0.0,0,287052,,https://tiki.vnsac-tuong-thich-cho-laptop-may-tinh-hp-notebook-pc-elietbook-8470p-hang-nhap-khau-new-seal-teemo-pc-teac700-p275651028.html?spid=275651029
275615741,"Pin dành cho Laptop Dell Latitude E7420, E7440, E7450 - Z.in hàng chính hãng.",850000.0,850000.0,0.0,0.0,0,126154,,https://tiki.vnpin-danh-cho-laptop-dell-latitude-e7420-e7440-e7450-z-in-hang-chinh-hang-p275615741.html?spid=275615742
275532282,Card màn hình VGA T-WOLF TW-RTX2060 6G D6 – Hàng Chính Hãng,7007000.0,7007000.0,0.0,0.0,0,30787,,https://tiki.vncard-man-hinh-vga-t-wolf-tw-rtx2060-6g-d6-hang-chinh-hang-p275532282.html?spid=275532283
275416692,Card màn hình VGA Gigabyte GeForce RTX 4090 WINDFORCE 24GB (N4090WF3V2-24GD) - Hàng Chính Hãng,85787000.0,85787000.0,0.0,0.0,0,30787,,https://tiki.vncard-man-hinh-vga-gigabyte-geforce-rtx-4090-windforce-24gb-n4090wf3v2-24gd-hang-chinh-hang-p275416692.html?spid=275416693
275064302,Máy in HP Smart Tank 720 All-in-One (6UU46A) - Hàng chính hãng,6050000.0,6050000.0,0.0,0.0,0,125381,,https://tiki.vnmay-in-hp-smart-tank-720-all-in-one-6uu46a-hang-chinh-hang-p275064302.html?spid=275064303
273439770,Máy chiếu Viewsonic PG707X 4000 ANSI Lumens hàng chính hãng - ZAMACO AUDIO,22330000.0,22330000.0,0.0,0.0,0,19766,,https://tiki.vnmay-chieu-viewsonic-pg707x-4000-ansi-lumens-hang-chinh-hang-zamaco-audio-p273439770.html?spid=273439771
273309229,Máy tính đồng bộ Dell Optiplex 3060 Micro ( Core i5 8400 / Ram 8GB DDR4 / SSD 240GB) Hàng chính hãng,5990000.0,5990000.0,0.0,0.0,0,312039,,https://tiki.vnmay-tinh-dong-bo-dell-optiplex-3060-micro-core-i5-8400-ram-8gb-ddr4-ssd-240gb-hang-chinh-hang-p273309229.html?spid=273309230
273216328,Máy In Hoá Đơn XPrinter XP32V/808 - Hàng Chính Hãng,1120000.0,1120000.0,0.0,0.0,0,30787,,https://tiki.vnmay-in-hoa-don-nhiet-xprinter-hang-chinh-hang-p273216328.html?spid=273509996
273190419,Máy chiếu Epson EB-695Wi Hàng chính hãng - ZAMACO AUDIO,65890000.0,65890000.0,0.0,0.0,0,19766,,https://tiki.vnmay-chieu-epson-eb-695wi-hang-chinh-hang-zamaco-audio-p273190419.html?spid=273190420
262462541,Hộp mực in 05A cho máy in  HP LaserJet P2035; P2055d; P2055x;  P2035n,187000.0,187000.0,0.0,4.8,5,2859,,https://tiki.vnhop-muc-in-05a-cho-may-in-hp-laserjet-p2035-p2055d-p2055x-p2035n-p262462541.html?spid=105268415
251393501,Máy chiếu VIEWSONIC PA503W - Hàng chính hãng - ZAMACO AUDIO,16800000.0,16800000.0,0.0,0.0,0,19766,,https://tiki.vnmay-chieu-viewsonic-pa503w-hang-chinh-hang-zamaco-audio-p251393501.html?spid=251393502
225942812,Adapter Sạc dành cho Macbook Pro Macbook Air 2008 2009 2010 2011 - Mẫu mới bọc Silicon chống xước chống va đập - Hàng Nhập Khẩu New Seal,639000.0,639000.0,0.0,0.0,0,308064,,https://tiki.vnadapter-sac-danh-cho-macbook-pro-macbook-air-zin-2008-2009-2010-2011-hang-chinh-hang-misu3212-zin-new-seal-p225942812.html?spid=225942813
212357626,"Bộ lưu điện UPS CyberPower VALUE Pro VP1200ELCD - 1200VA/720W - Tích hợp điều khiển Nas, pc, Màn hình hiển thị LCD, dòng sản phẩm cao cấp - Hàng Chính Hãng",3500000.0,3500000.0,0.0,0.0,0,147784,,https://tiki.vnbo-luu-dien-ups-cyberpower-value-pro-vp1200elcd-1200va-720w-tich-hop-dieu-khien-nas-pc-man-hinh-hien-thi-lcd-dong-san-pham-cao-cap-hang-chinh-hang-p212357626.html?spid=214584446
200029350,Bàn Phím dùng cho laptop Lenovo ThinkPad T400s T410 T410s T510 W510 T420 T420s T520 X220 X220s - KHÔNG CHUỘT - Hàng Nhập Khẩu New Seal,658260.0,658260.0,0.0,0.0,0,308064,,https://tiki.vnban-phim-dung-cho-laptop-lenovo-thinkpad-t400s-t410-t410s-t510-w510-t420-t420s-t520-x220-x220s-hang-chinh-hang-khong-chuot-mikey2462-p200029350.html?spid=200029351
200029286,Bàn Phím cho máy tính Dell N5010 - Hàng Nhập Khẩu,213158.0,213158.0,0.0,0.0,0,308064,,https://tiki.vnban-phim-cho-may-tinh-dell-n5010-phim-zin-hang-chinh-hang-mikey236-p200029286.html?spid=200029289
200024496,Sạc dùng cho Laptop Asus (các loại) 19V-3.42A 65W- Chân 5.5x2.5mm - Hàng Nhập Khẩu New Seal,304290.0,304290.0,0.0,0.0,0,308064,,https://tiki.vnsac-dung-cho-laptop-asus-cac-loai-19v-3-42a-65w-chan-5-5x2-5mm-hang-chinh-hang-miac800-p200024496.html?spid=200024497
196149407,SERVER DELL EMC POWEREDGE T140 - HÀNG CHÍNH HÃNG,26000000.0,26000000.0,0.0,0.0,0,41960,,https://tiki.vnserver-dell-emc-poweredge-t140-hang-chinh-hang-p196149407.html?spid=196149408
169039064,Router Wifi 6 Asus RT-AX1800HP MU-MIMO AiMesh AX1800Mbps (Xuyên tường) - Hàng Chính Hãng,1550000.0,1550000.0,0.0,0.0,0,30787,,https://tiki.vnrouter-wifi-6-asus-rt-ax1800hp-mu-mimo-aimesh-ax1800mbps-xuyen-tuong-hang-chinh-hang-p169039064.html?spid=253089147
161892616,Bộ Vi Xử Lý CPU Intel Pentium G6405 Full Box - Hàng Chính Hãng,2090000.0,2090000.0,0.0,0.0,0,3103,,https://tiki.vnbo-vi-xu-ly-cpu-intel-pentium-g6405-full-box-hang-chinh-hang-p161892616.html?spid=167424921
116723207,"CPU BỘ VI XỬ LÝ INTEL CORE I5-10600K 12M, 4.1GHZ TURBO 4.8GHZ CORE 6/12 BOX - Hàng Chính Hãng",4590000.0,4590000.0,0.0,0.0,0,3103,,https://tiki.vncpu-bo-vi-xu-ly-intel-core-i5-10600k-12m-4-1ghz-turbo-4-8ghz-core-6-12-box-hang-chinh-hang-p116723207.html?spid=144235039
44003475,Quạt tản nhiệt CPU Jonsbo CR1200 - Hàng nhập khẩu,199000.0,199000.0,0.0,4.7,20,30787,,https://tiki.vnquat-tan-nhiet-cpu-jonsbo-cr1200-hang-nhap-khau-p44003475.html?spid=84866556
40898172,Thiết bị Router Mikrotik RB3011UiAS-RM - Hàng chính hãng,5750000.0,5750000.0,0.0,0.0,0,2859,,https://tiki.vnthiet-bi-router-mikrotik-rb3011uias-rm-hang-chinh-hang-p40898172.html?spid=40898173
13365929,Máy Fax Brother  FAX-2840 - Hàng chính hãng,6150000.0,6150000.0,0.0,5.0,3,3103,,https://tiki.vnmay-fax-silicom-fax-2840-hang-chinh-hang-p13365929.html?spid=57325470
6091739,Mực đổ Thuận Phong TP07 dùng cho máy in màu HP CP1025 / 1215 / 1515 / 2025,69000.0,69000.0,0.0,0.0,0,2430,,https://tiki.vnmuc-do-thuan-phong-tp07-dung-cho-may-in-mau-hp-cp1025-1215-1515-2025-hang-chinh-hang-p6091739.html?spid=6091751
3718241,"Bộ 6 Màu Mực in phun Thuận Phong TP50 (1L) dùng cho tất cả các dòng máy in phun Epson, HP, Canon - Hàng Chính Hãng",1080000.0,1080000.0,0.0,5.0,2,2430,,https://tiki.vnbo-6-mau-muc-in-phun-thuan-phong-tp50-1l-dung-cho-tat-ca-cac-dong-may-in-phun-epson-hp-canon-hang-chinh-hang-p3718241.html?spid=3718243
3717431,Bộ 4 Màu Mực in phun Thuận Phong PIGMENT TP60 (1L) dùng cho máy in phun Epson - Hàng Chính Hãng,3000000.0,3000000.0,0.0,0.0,0,2430,,https://tiki.vnbo-4-mau-muc-in-phun-thuan-phong-pigment-tp60-1l-dung-cho-may-in-phun-epson-hang-chinh-hang-p3717431.html?spid=3717433
2732809,Máy In Hóa Đơn XP-58,420000.0,420000.0,0.0,0.0,0,7825,,https://tiki.vnmay-in-hoa-don-xp-58-p2732809.html?spid=7145847
366926,Ổ Cứng Di Động Transcend StoreJet H3P 1TB USB 3.0/3.1 - TS1TSJ25H3P - Hàng Chính Hãng,2469000.0,2469000.0,0.0,0.0,0,915,,https://tiki.vno-cung-di-dong-transcend-storejet-h3p-1tb-usb-3-0-3-1-ts1tsj25h3p-hang-chinh-hang-p366926.html?spid=1104340
278641444,Switch mạng thông minh 4 cổng PoE Gigabit HIKVISION DS-3E1505P-EI/M - Hàng chính hãng,765000.0,765000.0,0.0,0.0,0,298886,,https://tiki.vnswitch-mang-thong-minh-4-cong-poe-gigabit-hikvision-ds-3e1505p-ei-m-hang-chinh-hang-p278641444.html?spid=278641445
278584751,Bộ Phát Wifi Tenda N301 Chuẩn N Tốc Độ 300Mbps - Hàng chính hãng,281000.0,281000.0,0.0,0.0,0,298886,,https://tiki.vnbo-phat-wifi-tenda-n301-chuan-n-toc-do-300mbps-hang-chinh-hang-p278584751.html?spid=278584753
278449359,Thiết bị định tuyến mạng không dây TP-Link Router Wifi 4 300 Mbps Multi-Mode Router TL-WR846N - Hàng chính hãng,627000.0,627000.0,0.0,0.0,0,162514,,https://tiki.vnthiet-bi-dinh-tuyen-mang-khong-day-tp-link-300-mbps-multi-mode-router-tl-wr846n-hang-chinh-hang-p278449359.html?spid=278449360
277988095,USB 64GB/128GB 3.2 Gen 1 Sandisk Fortnite Peely Edition - Hàng chính hãng,499000.0,499000.0,0.0,0.0,0,915,,https://tiki.vnusb-64gb-128gb-3-2-gen-1-sandisk-fortnite-peely-edition-hang-chinh-hang-p277988095.html?spid=277988099
277941623,Bo Mạch Chủ Main MSI PRO Z760M-P Socket LGA1700 - Hàng Chính Hãng,3700000.0,3700000.0,0.0,0.0,0,30787,,https://tiki.vnbo-mach-chu-main-msi-pro-z760m-p-socket-lga1700-hang-chinh-hang-p277941623.html?spid=277941624
275779504,Trống (Drum)  7000 Fuji: Dùng cho máy photocopy Ricoh 1060/ 1075/ 2060/ 2075/ 6500/ 7500/ 8000/ 6001/ 8001/9001/ 6002/ 6502/9002/ 6503/7503 ( HA - Hàng nhập khẩu ),780000.0,780000.0,0.0,0.0,0,2671,,https://tiki.vntrong-drum-7000-fuji-dung-cho-may-photocopy-ricoh-1060-1075-2060-2075-6500-7500-8000-6001-8001-9001-6002-6502-9002-6503-7503-ha-hang-nhap-khau-p275779504.html?spid=275779505
275705743,"Bộ phát Wifi 7 TP-Link Archer BE230 - Chuẩn BE3600, Băng tần kép tốc độ 3570Mbps, 4 cổng LAN Gigabit - HÀNG CHÍNH HÃNG",3490000.0,3490000.0,0.0,0.0,0,67624,,https://tiki.vnbo-phat-wifi-7-tp-link-archer-be230-chuan-be3600-bang-tan-kep-toc-do-3570mbps-4-cong-lan-gigabit-hang-chinh-hang-p275705743.html?spid=275705744
275416109,CARD Màn hình VGA Inno3D GeForce RTX 3060 Twin X2 12GB – Hàng Chính Hãng,11687000.0,11687000.0,0.0,0.0,0,30787,,https://tiki.vncard-man-hinh-vga-inno3d-geforce-rtx-3060-twin-x2-12gb-hang-chinh-hang-p275416109.html?spid=275416110
275360727,Mainboard Gigabyte B760M D2H DDR4 Socket LGA1700 - Hàng Chính Hãng ,2970000.0,2970000.0,0.0,0.0,0,30787,,https://tiki.vnmainboard-gigabyte-b760m-d2h-ddr4-socket-lga1700-hang-chinh-hang-p275360727.html?spid=275360728
274881723,Màn hình LCD Skyworth 24B1 (23.8inch/VA/75HZ/FHD/low blue light) – Hàng Chính Hãng,1990000.0,1990000.0,0.0,0.0,0,30787,,https://tiki.vnman-hinh-lcd-skyworth-24b1-23-8inch-va-75hz-fhd-low-blue-light-hang-chinh-hang-p274881723.html?spid=274881724
274397186,"[Phân phối] Key Kaspersky Premium 10 U, 1 năm - Hàng chính hãng",930000.0,930000.0,0.0,0.0,0,119621,,https://tiki.vnphan-phoi-key-kaspersky-premium-10-u-1-nam-hang-chinh-hang-p274397186.html?spid=274397187
273541600,Phần Mềm Avast Premium Security - For Win - 1PC 1 Year - Hàng Chính Hãng,160000.0,160000.0,0.0,5.0,3,10706,,https://tiki.vnphan-mem-avast-premium-security-for-win-1pc-1-year-hang-chinh-hang-p273541600.html?spid=183035884
273297306,Sạc 330W AC Power Adapter Charger for Dell G7 7500 G16 7630 G15 5530 7.4mm kim to hàng nhập khẩu,1290000.0,1290000.0,0.0,0.0,0,126154,,https://tiki.vnsac-330w-ac-power-adapter-charger-for-dell-g7-7500-g16-7630-g15-5530-7-4mm-kim-to-hang-nhap-khau-p273297306.html?spid=273297307
273292572,USB 256GB Kingston DTX- Hàng chính hãng,699000.0,699000.0,0.0,0.0,0,915,,https://tiki.vnusb-256gb-kingston-dtx-hang-chinh-hang-p273292572.html?spid=277425575
273219562,Máy chiếu Epson EB-972 hàng chính hãng - ZAMACO AUDIO,25000000.0,25000000.0,0.0,0.0,0,19766,,https://tiki.vnmay-chieu-epson-eb-972-hang-chinh-hang-zamaco-audio-p273219562.html?spid=273219563
273196591,"Máy chiếu Epson EB-2265U, Hàng chính hãng - ZAMACO AUDIO",59900000.0,59900000.0,0.0,0.0,0,19766,,https://tiki.vnmay-chieu-epson-eb-2265u-hang-chinh-hang-zamaco-audio-p273196591.html?spid=273196592
271998495,"Máy chiếu Xgimi MoGo 2 Pro hàng chính hãng, Bản Quốc Tế - ZAMACO AUDIO",18900000.0,18900000.0,0.0,5.0,1,19766,,https://tiki.vnmay-chieu-xgimi-mogo-2-pro-hang-chinh-hang-ban-quoc-te-zamaco-audio-p271998495.html?spid=271998496
271583521,USB Lexar 32GB JumpDrive M400 USB 3.0 LJDM400032G-BNBNG | Hàng Chính Hãng,149000.0,149000.0,0.0,0.0,0,34716,,https://tiki.vnusb-lexar-32gb-jumpdrive-m400-usb-3-0-ljdm400032g-bnbng-hang-chinh-hang-p271583521.html?spid=271583522
270802697,"Switch mạng 4, 8, 16,24  cổng POE HIKVISION dùng cho camera IP cấp nguồn POE.  DS-3E1106P-EI/M, DS-3E1310P-EI/M, DS-3E1318P-EI/M , DS-3E1326P-EI/M - hàng chính hãng",750000.0,750000.0,0.0,5.0,2,41130,,https://tiki.vnswitch-mang-4-8-16-24-cong-poe-hikvision-dung-cho-caemra-ip-cap-nguon-poe-ds-3e0106p-e-m-ds-3e0310p-e-m-b-ds-3e0318p-e-m-b-ds-3e0326p-e-m-b-hang-chinh-hang-p270802697.html?spid=270802710
260927269,Máy in nhãn Brother PT-D210 - Hàng Chính Hãng,1490000.0,1490000.0,0.0,0.0,0,3103,,https://tiki.vnmay-in-nhan-brother-pt-d210-hang-chinh-hang-p260927269.html?spid=276667714
253413340,"Máy In Brother MFC-T4500DW Đa Chức Năng (In, Scan. Copy) Có Chức Năng Fax, In Phun Màu Hệ Thống Tiếp Mực Ngoài, Đảo Mặt Tự Động, Kết Nối Wifi, USB 2.0, Khổ Giấy A3, Khay ADF - Hàng Chính Hãng",13680000.0,13680000.0,0.0,0.0,0,3103,,https://tiki.vnmay-in-brother-mfc-t4500dw-da-chuc-nang-in-scan-copy-co-chuc-nang-fax-in-phun-mau-he-thong-tiep-muc-ngoai-dao-mat-tu-dong-ket-noi-wifi-usb-2-0-kho-giay-a3-khay-adf-hang-chinh-hang-p253413340.html?spid=270800563
247337663,Máy In Phun màu Canon G1010 kèm hợp đồng dịch vụ bảo hành trọn gói TGA- Hàng Chính Hãng,3300000.0,3300000.0,0.0,0.0,0,11119,,https://tiki.vnmay-in-phun-mau-canon-g1010-kem-hop-dong-dich-vu-bao-hanh-tron-goi-tga-hang-chinh-hang-p247337663.html?spid=250647616
213493801,Nguồn tổ ong 12V 29A 348W LRS-350-12 Meanwell - Hàng nhập khẩu,658000.0,658000.0,0.0,0.0,0,321316,,https://tiki.vnnguon-to-ong-lrs-350-12-meanwell-348w-12v-29a-p213493801.html?spid=213493802
204231112,Máy in laser đơn năng Pantum P2516  - Hàng Chính Hãng,2280000.0,2280000.0,0.0,0.0,0,8371,,https://tiki.vnmay-in-laser-don-nang-pantum-p2516-chinh-hang-p204231112.html?spid=204231113
200028882,Bàn Phím dùng cho laptop Dell Precision M2800 M4600 M6600 M4700 M4800 M6700 - Hàng Nhập Khẩu New Seal,496800.0,496800.0,0.0,0.0,0,308064,,https://tiki.vnban-phim-dung-cho-laptop-dell-precision-m2800-m4600-m6600-m4700-m4800-m6700-hang-chinh-hang-mikey2112-p200028882.html?spid=200028884
200024113,"Cable/Dây dùng cho Sạc Macbook Bị Đứt,Gãy, Hỏng - Hàng Nhập Khẩu New Seal",258750.0,258750.0,0.0,5.0,1,308064,,https://tiki.vncable-day-dung-cho-sac-macbook-bi-dut-gay-hong-hang-chinh-hang-miac584-p200024113.html?spid=200024114
200009383,Pin cho Laptop Dell Inspiron 15 7559 15 7000 7566 7567 Type 357F9 - Hàng Nhập Khẩu New Seal,972486.0,972486.0,0.0,0.0,0,308064,,https://tiki.vnpin-cho-laptop-dell-inspiron-15-7559-15-7000-7566-7567-type-357f9-hang-chinh-hang-mibat1371-p200009383.html?spid=200009384
196068397,SERVER TOWER DELL EMC POWEREDGE T140 - HÀNG CHÍNH HÃNG,35990000.0,35990000.0,0.0,0.0,0,41960,,https://tiki.vnserver-tower-dell-emc-poweredge-t140-hang-chinh-hang-p196068397.html?spid=196068398
196002807,"Bộ vi xử lý CPU Intel Pentium Gold G7400 (3.7GHz, 2 nhân 2 luồng, 6MB Cache, 46W, Socket LGA 1700) - Hàng Chính Hãng",5400000.0,5400000.0,0.0,0.0,0,30787,,https://tiki.vnbo-vi-xu-ly-cpu-intel-pentium-gold-g7400-3-7ghz-2-nhan-2-luong-6mb-cache-46w-socket-lga-1700-hang-chinh-hang-p196002807.html?spid=196002808
181361806,Bộ Chuyển Đổi Mạng USB 3.0 Sang Ethernet TP-Link UE306 Tốc Độ Gigabit 1000Mbps - Hàng Chính Hãng,239000.0,239000.0,0.0,0.0,0,1242,,https://tiki.vnbo-chuyen-doi-mang-usb-3-0-sang-ethernet-tp-link-ue306-toc-do-gigabit-1000mbps-hang-chinh-hang-p181361806.html?spid=210965168
173670596,Mainboard Gigabyte B560M-GAMING HD - Hàng Chính Hãng,2650000.0,2650000.0,0.0,0.0,0,274709,,https://tiki.vnmainboard-gigabyte-b560m-gaming-hd-hang-chinh-hang-p173670596.html?spid=173670598
161953125,"Hộp mực 16A (hàng nhập khẩu) dùng cho máy in HP Laserjet 5200, 5200L, 5200N, 5200DN, 5200DTN, 5200TN - Cartridge Q7516A  mới 100% [Fullbox]",495000.0,495000.0,0.0,5.0,4,47656,,https://tiki.vnhop-muc-16a-hang-chinh-hang-viettoner-dung-cho-may-in-laserjet-5200-5200l-5200n-5200dn-5200dtn-5200tn-cartridge-q7516a-moi-100-fullbox-p161953125.html?spid=161953126
147453171,MAIN GIAGABYTE B560M-D2V - Hàng chính hãng,2450000.0,2450000.0,0.0,0.0,0,30787,,https://tiki.vnmain-giagabyte-b560m-d2v-hang-chinh-hang-p147453171.html?spid=184993574
147009949,Máy chiếu XGIMI Horizon Pro -Bản quốc tế/ Hàng chính hãng,49990000.0,49990000.0,0.0,0.0,0,175774,,https://tiki.vnmay-chieu-xgimi-horizon-pro-ban-quoc-te-hang-chinh-hang-p147009949.html?spid=147009950
60875322,Dây cáp mạng 2 đầu đúc sẵn Cat6 UTP UGREEN NW102 20164 dài 10M - Hàng chính hãng,119000.0,119000.0,0.0,4.8,65,915,,https://tiki.vnday-cap-mang-2-dau-duc-san-cat6-utp-ugreen-nw102-20164-dai-10m-hang-chinh-hang-p60875322.html?spid=68033789
54021947,Thiết Bị Kích Sóng Wifi Xiaomi Pro Hàng Chính Hãng,305000.0,305000.0,0.0,4.7,10,34716,,https://tiki.vnthiet-bi-kich-song-wifi-xiaomi-pro-hang-chinh-hang-p54021947.html?spid=54021948
48849650,"CPU Intel Core i7-9700KF (3.60 GHz up to 4.90 GHz, 12MB) - 1151-V2 - Hàng Chính Hãng",6350000.0,6350000.0,0.0,0.0,0,3103,,https://tiki.vncpu-intel-core-i7-9700kf-3-60-ghz-up-to-4-90-ghz-12mb-1151-v2-hang-chinh-hang-p48849650.html?spid=56965165
36164834,Màn Hình 15 Inch Km 150 Utm - Hàng Nhập Khẩu,10700000.0,10700000.0,0.0,0.0,0,56716,,https://tiki.vnman-hinh-15-inch-km-150-utm-hang-nhap-khau-p36164834.html?spid=36164835
33455592,Nguồn máy tính GIGABYTE P650B 650W 80 PLUS  - Hàng Chính Hãng,1190000.0,1190000.0,0.0,5.0,1,3103,,https://tiki.vnnguo-n-ma-y-ti-nh-gigabyte-p650b-650w-80-plus-hang-chinh-hang-p33455592.html?spid=42647749
13147642,"Mực In Brother BTD60BK màu đen dùng cho Brother DCP-T310, DCP-T510W, DCP-T710, MFC-T810W, MFC-T910DW - Hàng Chính Hãng",205000.0,205000.0,0.0,4.5,15,3103,,https://tiki.vnmuc-in-brother-btd60bk-mau-den-dung-cho-brother-dcp-t310-dcp-t510w-dcp-t710-mfc-t810w-mfc-t910dw-hang-chinh-hang-p13147642.html?spid=13147643
278244187,"Màn chiếu để sàn tiện lợi di động Apollo kích thước 50 inch, 60 inch, 80 inch, 90 inch- Hàng nhập khẩu",2520000.0,2520000.0,0.0,0.0,0,36422,,https://tiki.vnman-chieu-de-san-tien-loi-di-dong-apollo-kich-thuoc-50-inch-60-inch-80-inch-90-inch-hang-nhap-khau-p278244187.html?spid=278244189
277984360,VỎ CASE MÁY TÍNH DARKFLASH DB330M (Full M-ATX) - Hàng chính hãng,780000.0,780000.0,0.0,0.0,0,299528,,https://tiki.vnvo-case-may-tinh-darkflash-db330m-full-m-atx-hang-chinh-hang-p277984360.html?spid=277984364
277020047,"Máy Chiếu Vật Thể Scan Màu Di Động Thông Minh Lấy Nét Tự Động Scan Tài Liệu K800 Plus (Hỗ Trợ Cổng HDMI, VGA, AV, USB) -Hàng Nhập Khẩu",2645000.0,2645000.0,0.0,0.0,0,81456,,https://tiki.vnmay-chieu-vat-the-scan-mau-di-dong-thong-minh-lay-net-tu-dong-scan-tai-lieu-k800-plus-ho-tro-cong-hdmi-vga-av-usb-hang-nhap-khau-p277020047.html?spid=277020048
276491419,Máy chiếu 4K 4LED BenQ X500i Hàng chính hãng - ZAMACO AUDIO,52250000.0,52250000.0,0.0,0.0,0,19766,,https://tiki.vnmay-chieu-4k-4led-benq-x500i-hang-chinh-hang-zamaco-audio-p276491419.html?spid=276491420
275738176,Bộ 3 vỏ cao su kéo giấy: Dùng cho máy photocopy Ricoh 1060/ 1075/ 2060/ 2075/ 6500/ 7500/ 8000/ 6001/ 8001/9001/ 6002/ 6502/9002/ 6503/7503 ( HA - Hàng nhập khẩu ),80000.0,80000.0,0.0,0.0,0,2671,,https://tiki.vnbo-3-vo-cao-su-keo-giay-dung-cho-may-photocopy-ricoh-1060-1075-2060-2075-6500-7500-8000-6001-8001-9001-6002-6502-9002-6503-7503-ha-hang-nhap-khau-p275738176.html?spid=275738177
275648844,Dây Cáp Nguồn Tương Thích Cho Các Loại Sạc Surface Go Pro 1 2 3 4 5 6 7 8 9 X Surface Laptop TEEMOPC Hàng Nhập Khẩu,150000.0,150000.0,0.0,0.0,0,287052,,https://tiki.vnday-cap-nguon-tuong-thich-cho-cac-loai-sac-surface-go-pro-1-2-3-4-5-6-7-8-9-x-surface-laptop-teemopc-hang-nhap-khau-p275648844.html?spid=275648845
275631999,Pin Tương Thích Cho Laptop Lenovo Thinkbook 13S 14Sg2 L19D4Pdd L19M4Pdd - Hàng Nhập Khẩu New Seal TEEMO PC TEBAT1311,1253000.0,1253000.0,0.0,0.0,0,287052,,https://tiki.vnpin-tuong-thich-cho-laptop-lenovo-thinkbook-13s-14sg2-l19d4pdd-l19m4pdd-hang-nhap-khau-new-seal-teemo-pc-tebat1311-p275631999.html?spid=275632001
275531393,Sạc dành cho laptop MSI GL62 GL72 6QF-405 Gaming Laptop hàng nhập khẩu kèm dây nguồn,750000.0,750000.0,0.0,0.0,0,126154,,https://tiki.vnsac-danh-cho-laptop-msi-gl62-gl72-6qf-405-gaming-laptop-hang-nhap-khau-kem-day-nguon-p275531393.html?spid=275531395
275199019,Hộp mực TN B022 B027 máy in Brother DCP 7535dw 7620dw 7640dw-HL B2000d B2080dw 2082dw 2100d 2180dw -MFC 7715dw 7810dw Hàng chính hãng Alpha Cartridge,95000.0,95000.0,0.0,5.0,3,183951,,https://tiki.vnhop-muc-tn-b022-b2000-b2080-may-in-brother-hl-b2000d-b2082dw-b7715dw-dcp-b7535dw-co-lo-do-muc-moi-100-hang-chinh-hang-alpha-cartridge-p275199019.html?spid=275199020
275197050,Bộ Lưu Điện Hyundai Offline 1050VA/630W HD-1050VA-Hàng Chính Hãng,2399000.0,2399000.0,0.0,0.0,0,108012,,https://tiki.vnbo-luu-dien-hyundai-offline-1050va-630w-hd-1050va-hang-chinh-hang-p275197050.html?spid=275197051
275134398,HCM-Mực in tương thích pigment màu đỏ (M) Epson 008 đa năng dành cho EPN M15140 – L15160 – L15150 - hàng nhập khẩu,200000.0,200000.0,0.0,0.0,0,299569,,https://tiki.vnmuc-in-dau-pigment-mau-do-epson-008-da-nang-danh-cho-epn-hang-nhap-khau-p275134398.html?spid=275134399
274361166,Ổ cứng cho NAS Seagate ST10000VN000 10 TB - Hàng Chính Hãng,9669000.0,9669000.0,0.0,0.0,0,15528,,https://tiki.vno-cung-cho-nas-seagate-st10000vn000-10-tb-hang-chinh-hang-p274361166.html?spid=274361167
273788138,"Máy chiếu Viewsonic PX701-4K cho gia đình, hàng chính hãng - ZAMACO AUDIO",38880000.0,38880000.0,0.0,0.0,0,19766,,https://tiki.vnmay-chieu-viewsonic-px701-4k-cho-gia-dinh-hang-chinh-hang-zamaco-audio-p273788138.html?spid=273788139
273440035,Máy chiếu Full HD Viewsonic PX703HDH hàng chính hãng - ZAMACO AUDIO,29390000.0,29390000.0,0.0,0.0,0,19766,,https://tiki.vnmay-chieu-full-hd-viewsonic-px703hdh-hang-chinh-hang-zamaco-audio-p273440035.html?spid=273440036
273319500,Máy chiếu gần LED Viewsonic X2 Full HD hàng chính hãng - ZAMACO AUDIO,34500000.0,34500000.0,0.0,0.0,0,19766,,https://tiki.vnmay-chieu-gan-led-viewsonic-x2-full-hd-hang-chinh-hang-zamaco-audio-p273319500.html?spid=273319501
273258128,"Bộ Kích Sóng Wifi Repeater 300Mbps Totolink EX200, Bộ Kích Sóng 4G - Hàng Chính Hãng",369000.0,369000.0,0.0,0.0,0,57800,,https://tiki.vnbo-kich-song-wifi-repeater-300mbps-totolink-ex200-bo-kich-song-4g-hang-chinh-hang-p273258128.html?spid=273258129
273221539,Máy chiếu Epson EB-E500 hàng chính hãng - ZAMACO AUDIO,13000000.0,13000000.0,0.0,0.0,0,19766,,https://tiki.vnmay-chieu-epson-eb-e500-hang-chinh-hang-zamaco-audio-p273221539.html?spid=273221540
273218452,Máy chiếu Epson EB-982W hàng chính hãng - ZAMACO AUDIO,25990000.0,25990000.0,0.0,0.0,0,19766,,https://tiki.vnmay-chieu-epson-eb-982w-hang-chinh-hang-zamaco-audio-p273218452.html?spid=273218453
271998139,"Máy chiếu Full HD Xgimi Horizon - Hàng chính hãng, Bản Quốc Tế - ZAMACO AUDIO",30900000.0,30900000.0,0.0,0.0,0,19766,,https://tiki.vnmay-chieu-full-hd-xgimi-horizon-hang-chinh-hang-ban-quoc-te-zamaco-audio-p271998139.html?spid=271998140
251404027,"Máy tính Dell Optiplex 3030 All-in-One core i3, ổ SSD tốc độ cao, wifi, màn 19.5 inch HD",8000000.0,8000000.0,0.0,0.0,0,312039,,https://tiki.vnmay-tinh-dell-optiplex-3030-all-in-one-core-i3-o-ssd-toc-do-cao-wifi-man-19-5-inch-hd-p251404027.html?spid=251404028
247722227,Box ổ cứng SSD M2 NVMe 0.15m Lention C9Elite Hàng Chính Hãng,799000.0,799000.0,0.0,0.0,0,300782,,https://tiki.vnbox-o-cung-ssd-m2-nvme-0-15m-lention-c9elite-hang-chinh-hang-p247722227.html?spid=247722228
225267064,Bo Mạch Chủ MSI Pro H610M-E DDR4 - Hàng Chính Hãng,2049000.0,2049000.0,0.0,0.0,0,139021,,https://tiki.vnbo-mach-chu-msi-pro-h610m-e-ddr4-hang-chinh-hang-p225267064.html?spid=270713512
212606899,[Thay Thế] USB Sound Card KhoNCC Hàng Chính Hãng Gắn Cho Máy Tính - Laptop Bị Lỗi Âm Thanh Gắn Qua Cổng USB - NLVQ-192-USBS,47000.0,47000.0,0.0,0.0,0,762,,https://tiki.vnthay-the-usb-sound-card-khoncc-hang-chinh-hang-gan-cho-may-tinh-laptop-bi-loi-am-thanh-gan-qua-cong-usb-nlvq-192-usbs-p212606899.html?spid=212606900
200028646,Bàn Phím dùng cho MacBook Air 11 inch từ 2012 đến 2015 Model A1465 Chuẩn US - Hàng Nhập Khẩu New Seal,487831.0,487831.0,0.0,0.0,0,308064,,https://tiki.vnban-phim-dung-cho-macbook-air-11-inch-tu-2012-den-2015-model-a1465-chuan-us-hang-chinh-hang-mikey2094-p200028646.html?spid=200028647
200026036,Sạc dùng cho laptop Asus 19V-3.42A Chân kim bé - Hàng Nhập Khẩu New Seal,341446.0,341446.0,0.0,0.0,0,308064,,https://tiki.vnsac-dung-cho-laptop-asus-19v-3-42a-chan-kim-be-hang-chinh-hang-miac914-p200026036.html?spid=200026037
197892338,Máy in nhãn Brady BMP21 Plus - Hàng chính hãng,3795000.0,3795000.0,0.0,0.0,0,79199,,https://tiki.vnmay-in-nhan-brady-bmp21-plus-p197892338.html?spid=197892339
186317597,Bộ Mở Rộng Sóng Wifi chuẩn AC1200 Totolink EX1200T Đen - Hàng chính hãng,570000.0,570000.0,0.0,5.0,1,12395,,https://tiki.vnbo-mo-rong-song-wifi-chuan-ac1200-totolink-ex1200t-den-hang-chinh-hang-p186317597.html?spid=200630756
160821459,Card màn hình GIGABYTE GeForce GT 1030 2GB GDDR5 OC (GV-N1030OC-2GI) - Hàng chính hãng,2450000.0,2450000.0,0.0,5.0,1,12395,,https://tiki.vncard-man-hinh-gigabyte-geforce-gt-1030-2gb-gddr5-oc-gv-n1030oc-2gi-hang-chinh-hang-p160821459.html?spid=203965349
158494711,Thiết bị cân bằng tải Cloud Router Switch Mikrotik CRS106-1C-5S - Hàng chính hãng,1810600.0,1810600.0,0.0,0.0,0,238141,,https://tiki.vnthiet-bi-can-bang-tai-cloud-router-switch-mikrotik-crs106-1c-5s-hang-chinh-hang-p158494711.html?spid=158494712
143106126,Hộp Mực In Cartridge 12A Cho Máy HP 1010 1012 1015 1018 1020 1022 3015 3020 3030 3050 3050Z 3052 3055 M1005 1319 Có Lỗ Nạp Mực - Hàng Chính Hãng,140000.0,140000.0,0.0,0.0,0,11119,,https://tiki.vnhop-muc-in-cartridge-12a-may-hp-1010-1012-1015-1018-1020-1022-3015-3020-3030-3050-3050z-3052-3055-m1005-1319-co-lo-nap-muc-hang-chinh-hang-p143106126.html?spid=143106127
121027126,Bộ lưu điện Santak True Online 3KVA - Model C3K-LCD - Hàng chính hãng,16200000.0,16200000.0,0.0,0.0,0,86275,,https://tiki.vnbo-luu-dien-santak-true-online-3kva-model-c3k-lcd-hang-chinh-hang-p121027126.html?spid=121027127
95564285,Drum Trống in 12A hàng chính hãng Alphacartridge Loại tốt LongLife dành cho hộp mực Canon 2900 3000 FX9 303 HP 1010 1020 1015 1018 1022 3050,29000.0,29000.0,0.0,4.7,10,183951,,https://tiki.vndrum-trong-in-12a-hang-chinh-hang-alphacartridge-loai-tot-longlife-danh-cho-hop-muc-canon-2900-3000-fx9-303-hp-1010-1020-1015-1018-1022-3050-p95564285.html?spid=95564289
82101951,COMBO 5 BÌNH-Mực nạp Brother TN 2280/2385/2325/2240 HL1111/1511/2321/2340/2360/2361/2240/2280/2380/MFC1601/2701/2720/2740/7060/7360-InkMAX IM 2385-HÀNG CHÍNH HÃNG,181500.0,181500.0,0.0,4.7,18,133440,,https://tiki.vncombo-5-binh-muc-nap-brother-tn-2280-2385-2325-2240-hl1111-1511-2321-2340-2360-2361-2240-2280-2380-mfc1601-2701-2720-2740-7060-7360-inkmax-im-2385-hang-chinh-hang-p82101951.html?spid=82101952
68835460,Ruy băng mực màu YMCKO HiTi 87.R0511.19XT - Hàng chính hãng,2157840.0,2157840.0,0.0,5.0,2,58886,,https://tiki.vnruy-bang-muc-mau-ymcko-hiti-87-r0511-19xt-hang-chinh-hang-p68835460.html?spid=68835461
57268501,Màn Hình Chuyên Đồ Họa Asus ProArt PA248QV 24.1inch WUXGA 5ms 75Hz IPS - Hàng Chính Hãng,5600000.0,5600000.0,0.0,5.0,13,12395,,https://tiki.vnman-hinh-chuyen-do-hoa-asus-proart-pa248qv-24-1inch-wuxga-5ms-75hz-ips-hang-chinh-hang-p57268501.html?spid=68647109
16303736,"Hộp mực 30A cho máy in HP M203d, M203dw, MFP M227fdw",110000.0,110000.0,0.0,5.0,3,2859,,https://tiki.vnhop-muc-30a-cho-may-in-hp-m203d-m203dw-mfp-m227fdw-p16303736.html?spid=174523932
6910261,Phần Mềm Diệt Virus Trend Micro Internet Security Bản Quyền 1 PC 12 Tháng - Hàng chính hãng,160000.0,160000.0,0.0,0.0,0,223460,,https://tiki.vnphan-mem-diet-virus-trend-micro-internet-security-ban-quyen-1-pc-12-thang-hang-chinh-hang-p6910261.html?spid=132828654
4228233,Bộ Phát Wifi Unifi AP NanoHD - Hàng chính hãng,4490000.0,4490000.0,0.0,0.0,0,176473,,https://tiki.vnbo-phat-wifi-unifi-ap-nanohd-hang-chinh-hang-p4228233.html?spid=181000780
3717523,Bộ 4 Màu Mực in phun Thuận Phong PIGMENT TP60 (100ml) dùng cho máy in phun Epson - Hàng Chính Hãng,360000.0,360000.0,0.0,0.0,0,2430,,https://tiki.vnbo-4-mau-muc-in-phun-thuan-phong-pigment-tp60-100ml-dung-cho-may-in-phun-epson-hang-chinh-hang-p3717523.html?spid=3717525
459739,Brother BT5000Y Ink Cho DCP-T300/T700W/MFC-T800W (Vàng) - Hàng Chính Hãng,160000.0,160000.0,0.0,0.0,0,184067,,https://tiki.vnbrother-bt5000y-ink-cho-dcp-t300-t700w-mfc-t800w-vang-hang-chinh-hang-p459739.html?spid=191142557
278961875,Màn hình LCD LG UltraWide 26WQ500-B (25.7 inch/FHD/IPS/75Hz/5ms) – Hàng Chính Hãng,3900000.0,3900000.0,0.0,0.0,0,30787,,https://tiki.vnman-hinh-lcd-lg-ultrawide-26wq500-b-25-7-inch-fhd-ips-75hz-5ms-hang-chinh-hang-p278961875.html?spid=278961876
278961799,Màn hình LCD Alvision A245FC (24inch/FHD/VA /100Hz/5ms/CONG) Màu Trắng – Hàng Chính Hãng,1900000.0,1900000.0,0.0,0.0,0,30787,,https://tiki.vnman-hinh-lcd-alvision-a245fc-24inch-fhd-va-100hz-5ms-cong-mau-trang-hang-chinh-hang-p278961799.html?spid=278961800
278697351,Màn hình MSI PRO MP251 E2 24.5 inch FHD/IPS/120Hz/1ms - GiaPhucStore | Hàng Chính Hãng,2590000.0,2590000.0,0.0,0.0,0,34716,,https://tiki.vnman-hinh-msi-pro-mp251-e2-24-5-inch-fhd-ips-120hz-1ms-giaphucstore-hang-chinh-hang-p278697351.html?spid=278697352
278584863,Router Tenda dùng Sim 4G 4G05 N300,785000.0,785000.0,0.0,0.0,0,298886,,https://tiki.vnrouter-tenda-dung-sim-4g-4g05-n300-p278584863.html?spid=278584865
278575457,USB Wifi TP-Link Wifi 6 AX1800 Dual Antenas High Gain Wireless Archer TX20U Plus - Hàng chính hãng,999000.0,999000.0,0.0,0.0,0,162514,,https://tiki.vnusb-wifi-6-tp-link-ax1800-dual-antenas-high-gain-wireless-archer-tx20u-plus-hang-chinh-hang-p278575457.html?spid=278575458
278230727,"Bộ lưu điện UPS APC Easy BVX 650VA, AVR, 230V (BVX650I-VN) - GiaPhucStore | Hàng Chính Hãng",1490000.0,1490000.0,0.0,0.0,0,34716,,https://tiki.vnbo-luu-dien-ups-apc-easy-bvx-650va-avr-230v-bvx650i-vn-giaphucstore-hang-chinh-hang-p278230727.html?spid=278230728
278008677,"Màn chiếu di động 3 chân 100 inch, 120 inch, 135 inch chính hãng Apollo bảo hành 12 tháng tiện gọn dễ dàng di chuyển - Hàng nhập khẩu",691200.0,691200.0,0.0,0.0,0,36422,,https://tiki.vnman-chieu-di-dong-3-chan-100-inch-120-inch-135-inch-chinh-hang-apollo-bao-hanh-12-thang-tien-gon-de-dang-di-chuyen-hang-nhap-khau-p278008677.html?spid=278008698
277998534,Bộ điều khiển HUB FAN RGB SNOWMAN - Hàng chính hãng,149000.0,149000.0,0.0,0.0,0,299528,,https://tiki.vnbo-dieu-khien-hub-fan-rgb-snowman-hang-chinh-hang-p277998534.html?spid=277998535
277607660,Thiết bị định tuyến mạng không dây TP-Link Router Wifi 5 AC1200 Archer C54 - Hàng chính hãng,499000.0,499000.0,0.0,0.0,0,162514,,https://tiki.vnthiet-bi-dinh-tuyen-mang-khong-day-tp-link-router-wifi-ac1200-archer-c54-hang-chinh-hang-p277607660.html?spid=277607661
277593506,Cổng chuyển đổi TP-Link 6-in-1 USB-C UH6120C - Hàng chính hãng,1099000.0,1099000.0,0.0,0.0,0,162514,,https://tiki.vncong-chuyen-doi-tp-link-6-in-1-usb-c-uh6120c-hang-chinh-hang-p277593506.html?spid=277593507
276488141,Mực in Brother TN-3608 - Hàng Chính Hãng,1490000.0,1490000.0,0.0,0.0,0,3103,,https://tiki.vnmuc-in-brother-tn-3608-hang-chinh-hang-p276488141.html?spid=276488142
276483108,Cụm Drum Brother DR-451CL - Hàng Chính Hãng,2790000.0,2790000.0,0.0,0.0,0,3103,,https://tiki.vncum-drum-brother-dr-451cl-hang-chinh-hang-p276483108.html?spid=276483109
275724226,Miếng dán B2: Dùng cho máy photocopy Ricoh 1060/ 1075/ 2060/ 2075/ 6500/ 7500/ 8000/ 6001/ 8001/9001/ 6002/ 6502/9002/ 6503/7503 ( HA - Hàng nhập khẩu ),70000.0,70000.0,0.0,0.0,0,2671,,https://tiki.vnmieng-dan-b2-dung-cho-may-photocopy-ricoh-1060-1075-2060-2075-6500-7500-8000-6001-8001-9001-6002-6502-9002-6503-7503-ha-hang-nhap-khau-p275724226.html?spid=275724227
275701973,Pin dành cho Laptop Dell Inspiron 3443 hàng nhập khẩu.,550000.0,550000.0,0.0,0.0,0,126154,,https://tiki.vnpin-danh-cho-laptop-dell-inspiron-3443-hang-nhap-khau-p275701973.html?spid=275701974
275658063,Bạc đồng cụm trống:  Dùng cho máy photocopy Ricoh 1060/ 1075/ 2060/ 2075/ 6500/ 7500/ 7000/ 6001/ 8001/ 9001/6002/ 6502/ 6503/7503 ( HA - Hàng nhập khẩu ),80000.0,80000.0,0.0,0.0,0,2671,,https://tiki.vnbac-dong-cum-trong-dung-cho-may-photocopy-ricoh-1060-1075-2060-2075-6500-7500-7000-6001-8001-9001-6002-6502-6503-7503-ha-hang-nhap-khau-p275658063.html?spid=275658064
275583738,Màn Hình Gaming Samsung Odyssey G5 G55C LS32CG552EEXXV (2K (2560x1440)/ 32.0 Inch/ 1ms/ 165Hz/ 300 cd/m2/ VA) - Hàng Chính Hãng,6150000.0,6150000.0,0.0,0.0,0,3103,,https://tiki.vnman-hinh-gaming-samsung-odyssey-g5-g55c-ls32cg552eexxv-2k-2560x1440-32-0-inch-1ms-165hz-300-cd-m2-va-hang-chinh-hang-p275583738.html?spid=276479161
275540601,Sạc dành cho Laptop Gaming Asus ROG Strix SCAR 17 G732 G732LXS-HG059T Adapter- 280W kèm dây nguồn- Hàng nhập khẩu,1290000.0,1290000.0,0.0,0.0,0,126154,,https://tiki.vnsac-danh-cho-laptop-gaming-asus-rog-strix-scar-17-g732-g732lxs-hg059t-adapter-280w-kem-day-nguon-hang-nhap-khau-p275540601.html?spid=275540602
275537920,Sạc dành cho Laptop Gaming Asus N550JK N550JV N550JX N551JK 120W 19.5V-6.32A hàng nhập khẩu.,490000.0,490000.0,0.0,0.0,0,126154,,https://tiki.vnsac-danh-cho-laptop-gaming-asus-n550jk-n550jv-n550jx-n551jk-120w-19-5v-6-32a-hang-nhap-khau-p275537920.html?spid=275537921
275514618,Sạc dành cho Laptop HP Elitebook 840 G5 840 G6 840 G7 850 G5 850 G6 850 G7 G8 - kèm dây nguồn - Hàng nhập khẩu,229000.0,229000.0,0.0,0.0,0,126154,,https://tiki.vnsac-danh-cho-laptop-hp-elitebook-840-g5-840-g6-840-g7-850-g5-850-g6-850-g7-kem-day-nguon-hang-nhap-khau-p275514618.html?spid=275514619
275286908,Máy in laser Brother HL-L3280CDW - Hàng chính hãng,6990000.0,6990000.0,0.0,5.0,4,3103,,https://tiki.vnmay-in-laser-brother-hl-l3280cdw-hang-chinh-hang-p275286908.html?spid=275286909
274799810,Bộ Phát Wifi TP-Link Archer AX80 8 Luồng Với Cổng 2.5G AX6000 - HÀNG CHÍNH HÃNG,2469050.0,3999000.0,1529950.0,0.0,0,1,,https://tiki.vnbo-phat-wifi-tp-link-archer-ax80-8-luong-voi-cong-2-5g-ax6000-hang-chinh-hang-p274799810.html?spid=276449623
274379803,"[Phân phối] Key Kaspersky Standard 5U, 1 năm - Hàng chính hãng",450000.0,450000.0,0.0,0.0,0,119621,,https://tiki.vnphan-phoi-key-kaspersky-standard-5u-1-nam-hang-chinh-hang-p274379803.html?spid=274379804
273908357,Màn Hình Dell UltraSharp U2724DE 27 inch ( 2K/IPS/120Hz/5ms ) - Hàng Chính Hãng,12690000.0,12690000.0,0.0,0.0,0,3103,,https://tiki.vnman-hinh-dell-ultrasharp-u2724de-27-inch-2k-ips-120hz-5ms-hang-chinh-hang-p273908357.html?spid=274103081
273425233,Router WiFi Tp-Link WR845N Chuẩn N 300Mbps - Hàng Chính Hãng,339000.0,339000.0,0.0,0.0,0,13093,,https://tiki.vnrouter-wifi-tp-link-wr845n-chuan-n-300mbps-hang-chinh-hang-p273425233.html?spid=273425234
271889440,[Hàng chính hãng] Máy chiếu thông minh CZUR StarryHub,46200000.0,46200000.0,0.0,0.0,0,73779,,https://tiki.vnhang-chinh-hang-may-chieu-thong-minh-czur-starryhub-p271889440.html?spid=271889441
270453547,Máy chiếu Full HD Optoma HD36UST hàng chính hãng - ZAMACO AUDIO,49500000.0,49500000.0,0.0,0.0,0,19766,,https://tiki.vnmay-chieu-full-hd-optoma-hd36ust-hang-chinh-hang-zamaco-audio-p270453547.html?spid=270453548
253397874,Máy chiếu đa năng BENQ MS550 - Hàng chính hãng - ZAMACO AUDIO,8999000.0,8999000.0,0.0,0.0,0,19766,,https://tiki.vnmay-chieu-da-nang-benq-ms550-hang-chinh-hang-zamaco-audio-p253397874.html?spid=253397875
195667019,"Pin dành cho (battery For) Laptop Lenovo ThinkPad X1 Carbon 4th Gen, ThinkPad X1 Yoga 1st Gen Battery 00HW028 - Hàng nhập khẩu",1050000.0,1050000.0,0.0,0.0,0,126154,,https://tiki.vnpin-danh-cho-battery-for-laptop-lenovo-thinkpad-x1-carbon-4th-gen-thinkpad-x1-yoga-1st-gen-battery-00hw028-p195667019.html?spid=195667020
188487967,Máy đánh chữ (in đầu cốt) LM-550E/C72 - Hàng Chính Hãng - Max - Nhật Bản,12600000.0,12600000.0,0.0,0.0,0,156960,,https://tiki.vnmay-danh-chu-in-dau-cot-lm-550e-c72-hang-chinh-hang-max-p188487967.html?spid=188487968
186206860,[Hàng chính hãng] Combo Máy in laser đơn sắc Brother HL-L2321D và Mực in laser trắng đen Brother TN-2385,3590000.0,3590000.0,0.0,0.0,0,3103,,https://tiki.vncombo-may-in-laser-don-sac-brother-hl-l2321d-va-muc-in-laser-trang-den-brother-tn-2385-p186206860.html?spid=262345043
153547112,Bộ Phát Wifi TP-Link Archer AX55 Chuẩn Wi-Fi 6 AX3000 - Hàng Chính Hãng,1249000.0,1249000.0,0.0,5.0,7,1242,,https://tiki.vnbo-phat-wifi-tp-link-archer-ax55-chuan-wi-fi-6-ax3000-hang-chinh-hang-p153547112.html?spid=153547113
147210124,Máy kiểm kho Honeywell ScanPal EDA51 (Hỗ trợ sim 4G) - HÀNG CHÍNH HÃNG,14200000.0,14200000.0,0.0,0.0,0,190800,,https://tiki.vnmay-kiem-kho-honeywell-scanpal-eda51-ho-tro-sim-4g-hang-chinh-hang-p147210124.html?spid=147210125
131511172,USB Wifi 150Mbps Tenda U2 Trắng - Hàng chính hãng,240000.0,240000.0,0.0,5.0,4,12395,,https://tiki.vnusb-wifi-150mbps-tenda-u2-trang-hang-chinh-hang-p131511172.html?spid=158807668
115474249,Máy in laser màu đa chức năng BROTHER MFC-L8690CDW ( Copy/ Scan/ Fax/ Wifi ) - Hàng Chính Hãng,14450000.0,14450000.0,0.0,0.0,0,3103,,https://tiki.vnmay-in-laser-mau-da-chuc-nang-brother-mfc-l8690cdw-copy-scan-fax-wifi-hang-chinh-hang-p115474249.html?spid=115474259
111635658,TỦ MẠNG 27U- D800 HIỆU TEKA-RACK_Hàng chính hãng,4750000.0,4750000.0,0.0,0.0,0,182951,,https://tiki.vntu-rack-27u-d800-hieu-teka-rack-p111635658.html?spid=111635663
25814302,Bộ Phát Wifi Tenda F6 - Hàng Nhập Khẩu,340000.0,340000.0,0.0,0.0,0,30787,,https://tiki.vnbo-phat-wifi-tenda-f6-hang-nhap-khau-p25814302.html?spid=190512526
11252598,"Bộ phát Wifi TP-LINK TL-WR845N 300 Mbps, 3 ăng ten rời - Hàng Chính Hãng",397000.0,397000.0,0.0,5.0,1,15937,,https://tiki.vnbo-phat-wifi-tp-link-tl-wr845n-300-mbps-3-ang-ten-roi-hang-chinh-hang-p11252598.html?spid=185653999
277591742,Bộ thiết bị phát Wifi 4G LTE TP-Link M7000 - Hàng chính hãng,1698000.0,1698000.0,0.0,0.0,0,162514,,https://tiki.vnbo-thiet-bi-phat-wifi-di-dong-4g-lte-tp-link-m7000-hang-chinh-hang-p277591742.html?spid=277591743
277369744,Bộ chuyển đổi tín hiệu từ HDMI sang AV Mini - HDMI to AV Mini - Hàng Nhập Khẩu,125000.0,125000.0,0.0,0.0,0,81456,,https://tiki.vnbo-chuyen-doi-tin-hieu-tu-hdmi-sang-av-mini-hdmi-to-av-mini-hang-nhap-khau-p277369744.html?spid=277369745
275952843,Sạc dành cho Laptop HP EliteBook 1040 G9 - hàng nhập khẩu,650000.0,650000.0,0.0,0.0,0,126154,,https://tiki.vnsac-danh-cho-laptop-hp-elitebook-1040-g9-hang-nhap-khau-p275952843.html?spid=275952846
275947880,Hộp mực Xerox P375: Cho máy in Xerox DocuPrint P375dw / P375d / M375z / M375df - Hàng nhập khẩu,350000.0,350000.0,0.0,0.0,0,2671,,https://tiki.vnhop-muc-xerox-p375-cho-may-in-xerox-docuprint-p375dw-p375d-m375z-m375df-p275947880.html?spid=275947881
275761585,Pin dùng cho laptop Sony Vaio VGN-NW Series hàng nhập khẩu.,590000.0,590000.0,0.0,0.0,0,126154,,https://tiki.vnpin-dung-cho-laptop-sony-vaio-vgn-nw-series-hang-nhap-khau-p275761585.html?spid=275761587
275604995,Sạc dành cho Laptop Acer Aspire 5 A515-44 A515-46 A515-54G A515-55 hàng nhập khẩu,299000.0,299000.0,0.0,0.0,0,126154,,https://tiki.vnsac-danh-cho-laptop-acer-aspire-5-a515-44-a515-46-a515-54g-a515-55-hang-nhap-khau-p275604995.html?spid=275604996
275551461,Sạc dành cho Laptop (adapter fit) ASUS ExpertBook P5440UF-XB74 P5440FA-XS74 charger hàng nhập khẩu.,255000.0,255000.0,0.0,0.0,0,126154,,https://tiki.vnsac-danh-cho-laptop-adapter-fit-asus-expertbook-p5440uf-xb74-p5440fa-xs74-charger-hang-nhap-khau-p275551461.html?spid=275551462
275505235,Sạc dành cho Laptop HP EliteBook 820 G1 820 G2 - hàng nhập khẩu,190000.0,190000.0,0.0,0.0,0,126154,,https://tiki.vnsac-danh-cho-laptop-hp-elitebook-820-g1-820-g2-hang-nhap-khau-p275505235.html?spid=275505236
275504878,"Sạc dành cho Laptop Lenovo V110-15ISK, V310-14IKB, V310-14ISK, V330-14IKB V130-14IKB, V130-15IKB Hàng nhập khẩu.",235000.0,235000.0,0.0,0.0,0,126154,,https://tiki.vnsac-danh-cho-laptop-lenovo-v110-15isk-v310-14ikb-v310-14isk-v330-14ikb-v130-14ikb-v130-15ikb-hang-nhap-khau-p275504878.html?spid=275504879
275500039,"Sạc Adapter cho Laptop Lenovo Legion 5 81Y60004US 81Y6000ACC 81Y6000BCC 81Y6000DU, Legion 5P 15IMH05H 82AW 82WY Legion 5i 17IMH05 82B3 82B30003US Hàng nhập khẩu.",950000.0,950000.0,0.0,0.0,0,126154,,https://tiki.vnsac-adapter-cho-laptop-lenovo-legion-5-81y60004us-81y6000acc-81y6000bcc-81y6000du-legion-5p-15imh05h-82aw-82wy-legion-5i-17imh05-82b3-82b30003us-p275500039.html?spid=275500040
275495808,Sạc dành cho Laptop Asus TP410UF TP410UA HÀNG NHẬP KHẨU,255000.0,255000.0,0.0,0.0,0,126154,,https://tiki.vnsac-danh-cho-laptop-asus-tp410uf-tp410ua-hang-nhap-khau-p275495808.html?spid=275495809
275492877,Sạc cho Laptop HP Pavilion 15 cs series 15-cs1045TX 15-cs1044TX 15-cs1080TX - hàng nhập khẩu,229000.0,229000.0,0.0,0.0,0,126154,,https://tiki.vnsac-cho-laptop-hp-pavilion-15-cs-series-15-cs1045tx-15-cs1044tx-15-cs1080tx-hang-nhap-khau-p275492877.html?spid=275492878
275483416,Sạc dành cho Laptop HP Pavilion 14-N212TU - hàng nhập khẩu,229000.0,229000.0,0.0,0.0,0,126154,,https://tiki.vnsac-danh-cho-laptop-hp-pavilion-14-n212tu-hang-nhap-khau-p275483416.html?spid=275483417
275424248,Sạc dành cho Laptop MSI (Adapter for) MSI Bravo 15 B5DD-085US 20V 7.5A hàng nhập khẩu,750000.0,750000.0,0.0,0.0,0,126154,,https://tiki.vnsac-danh-cho-laptop-msi-adapter-for-msi-bravo-15-b5dd-085us-20v-7-5a-hang-nhap-khau-p275424248.html?spid=275424249
275219916,"Mực Nạp, Mực đổ LN 411, 472 dùng cho máy Panasonic Fax KX-MB2120, 2130, 2170, 2025, 2030, 1900, 2085 - Hàng chính hãng",41800.0,41800.0,0.0,0.0,0,43974,,https://tiki.vnmuc-nap-muc-do-ln-411-472-dung-cho-may-panasonic-fax-kx-mb2120-2130-2170-2025-2030-1900-2085-hang-chinh-hang-p275219916.html?spid=275219917
275028467,Bộ Mở Rộng Sóng Wifi TP-Link Archer RE505X Chuẩn AX1500 - HÀNG CHÍNH HÃNG,1290000.0,1290000.0,0.0,5.0,1,67624,,https://tiki.vnbo-mo-rong-song-wifi-tp-link-archer-re505x-chuan-ax1500-hang-chinh-hang-p275028467.html?spid=275028468
274252310,Máy chiếu BenQ V7050i 4K UHD hàng chính hãng - ZAMACO AUDIO,99999999.0,99999999.0,0.0,0.0,0,19766,,https://tiki.vnmay-chieu-benq-v7050i-4k-uhd-hang-chinh-hang-zamaco-audio-p274252310.html?spid=274252311
273715821,Ugreen UG60818NW101TK 15M màu Đen Cáp mạng LAN CAT 6 Đầu bấm kim loại - HÀNG CHÍNH HÃNG,306000.0,306000.0,0.0,0.0,0,14813,,https://tiki.vnugreen-ug60818nw101tk-15m-ma-u-den-ca-p-ma-ng-lan-cat-6-da-u-ba-m-kim-loa-i-hang-chinh-hang-p273715821.html?spid=273715823
273612427,Nguồn Meanwell GST60A24-P1J Hàng nhập khẩu,443000.0,443000.0,0.0,0.0,0,321316,,https://tiki.vnnguon-meanwell-gst60a24-p1j-p273612427.html?spid=273612428
273272008,Máy chiếu Viewsonic LS921WU hàng chính hãng - ZAMACO AUDIO,135000000.0,135000000.0,0.0,0.0,0,19766,,https://tiki.vnmay-chieu-viewsonic-ls921wu-hang-chinh-hang-zamaco-audio-p273272008.html?spid=273272009
273217463,Máy chiếu Epson EB-685W hàng chính hãng - ZAMACO AUDIO,36000000.0,36000000.0,0.0,0.0,0,19766,,https://tiki.vnmay-chieu-epson-eb-685w-hang-chinh-hang-zamaco-audio-p273217463.html?spid=273217464
272448626,"Sạc dành cho HP Spectre x360, Pavilion x2, Envy x2 1012 G1, Elitebook 1030 g1 g2 g3 90W USB Type-C hàng nhập khẩu",750000.0,750000.0,0.0,0.0,0,126154,,https://tiki.vnsac-danh-cho-hp-spectre-x360-pavilion-x2-envy-x2-1012-g1-elitebook-1030-g1-g2-g3-90w-usb-type-c-hang-nhap-khau-p272448626.html?spid=272448627
271998290,"Máy chiếu 4K Xgimi Horizon Pro - Hàng chính hãng, Bản Quốc Tế - ZAMACO AUDIO",48900000.0,48900000.0,0.0,0.0,0,19766,,https://tiki.vnmay-chieu-4k-xgimi-horizon-pro-hang-chinh-hang-ban-quoc-te-zamaco-audio-p271998290.html?spid=271998291
270882825,"Máy in mã vạch Zebra GX420t, 203 dpi - Hàng chính hãng",12222223.0,12222223.0,0.0,0.0,0,218510,,https://tiki.vnmay-in-ma-vach-zebra-gx420t-203-dpi-hang-chinh-hang-p270882825.html?spid=270882826
253614415,Máy chiếu 4K BenQ W5700 - Hàng chính hãng - ZAMACO AUDIO,70990000.0,70990000.0,0.0,0.0,0,19766,,https://tiki.vnmay-chieu-4k-benq-w5700-hang-chinh-hang-zamaco-audio-p253614415.html?spid=253614416
251533635,Nguồn tổ ong 15V 40A LRS-600-15 Meanwell hàng nhập khẩu.,1391000.0,1391000.0,0.0,0.0,0,321316,,https://tiki.vnnguon-to-ong-15v-40a-lrs-600-15-meanwell-hang-nhap-khau-p251533635.html?spid=251533636
217261878,"Bộ lưu điện UPS CyberPower OLS1000E 1000VA/900W Online, Sóng Sine hoàn chỉnh, chuyên dụng cho NAS, Máy trạm, máy chủ - Hàng Chính Hãng ",11500000.0,11500000.0,0.0,0.0,0,12854,,https://tiki.vnbo-luu-dien-ups-cyberpower-ols1000e-1000va-900w-online-song-sine-hoan-chinh-chuyen-dung-cho-nas-may-tram-may-chu-hang-chinh-hang-p217261878.html?spid=217261880
207830319,Máy Chiếu Siêu Gần Laser 4K Samsung LSP9T - Hàng Chính Hãng,158200000.0,158200000.0,0.0,0.0,0,19766,,https://tiki.vnmay-chieu-sieu-gan-laser-4k-samsung-lsp9t-hang-chinh-hang-p207830319.html?spid=207830320
206860510,Mô đun quang HPE JD118B X120 1G SFP LC SX Transceiver hàng nhập khẩu,1375000.0,1375000.0,0.0,0.0,0,39003,,https://tiki.vnmo-dun-quang-hpe-jd118b-x120-1g-sfp-lc-sx-transceiver-hang-nhap-khau-p206860510.html?spid=206860511
204043699,Máy đếm tiền - Máy Đếm Tiền Kiểm Giả Oudis 8899B - Hàng Chính Hãng,5800000.0,5800000.0,0.0,0.0,0,311782,,https://tiki.vnmay-dem-tien-may-dem-tien-kiem-gia-oudis-8899b-hang-chinh-hang-p204043699.html?spid=204043700
200035319,Vỏ Case Máy Tính Gaming White Revolution-03 Galax - HÀNG CHÍNH HÃNG ,1150000.0,1150000.0,0.0,0.0,0,308336,,https://tiki.vnvo-case-may-tinh-gaming-white-revolution-03-galax-hang-chinh-hang-p200035319.html?spid=200035320
193899842,Sạc dành cho (AC Power Adapter for) Laptop Clevo P370EM P370EM3 P570WM Gaming 330W Charger ADP-330AB B,1090000.0,1090000.0,0.0,0.0,0,126154,,https://tiki.vnsac-danh-cho-ac-power-adapter-for-laptop-clevo-p370em-p370em3-p570wm-gaming-330w-charger-adp-330ab-b-p193899842.html?spid=193899843
158459835,Thiết bị cân bằng tải Router wifi hAp AC lite TC Mikrotik RB952Ui-5ac2nD-TC - Hàng chính hãng,1871500.0,1871500.0,0.0,5.0,1,238141,,https://tiki.vnthiet-bi-can-bang-tai-router-wifi-hap-ac-lite-tc-mikrotik-rb952ui-5ac2nd-tc-hang-chinh-hang-p158459835.html?spid=158459838
131549142,Tản nhiệt Supermicro SNK-P0070APS4_Hàng chính hãng,2163000.0,2163000.0,0.0,0.0,0,224238,,https://tiki.vntan-nhiet-supermicro-snk-p0070aps4_hang-chinh-hang-p131549142.html?spid=131549143
127378794,Bộ Kích Sóng Wifi Mercury MW310RE ️ 3 Anten Cực Mạnh - Hàng Chính Hãng,280000.0,280000.0,0.0,0.0,0,51420,,https://tiki.vnbo-kich-song-wifi-mercury-mw310re-3-anten-cuc-manh-p127378794.html?spid=271590141
108771266,Mực Máy In Màu Ricoh SP C250/C260/C261 - Cartridge 407547 Màu Đen - Hàng Chính Hãng,2050000.0,2050000.0,0.0,0.0,0,8371,,https://tiki.vnmuc-in-mau-ricoh-sp-c250-c260-c261-hang-chinh-hang-p108771266.html?spid=108771267
108103116,Hộp mực máy in Canon imageCLASS LBP6000 - Hàng nhập khẩu,330000.0,330000.0,0.0,0.0,0,46362,,https://tiki.vnhop-muc-may-in-canon-imageclass-lbp6000-p108103116.html?spid=108103117
76558274,"Đầu đọc nhận diện khuôn mặt, vân tay và thẻ Suprema FaceStation F2 Hàng Chính Hãng ",66418000.0,66418000.0,0.0,0.0,0,42581,,https://tiki.vndau-doc-nhan-dien-khuon-mat-van-tay-va-the-suprema-facestation-f2-hang-chinh-hang-p76558274.html?spid=76558275
8010259,"Đầu đọc mã vạch Honeywell HH360 (1D, đọc mã vạch trên màn hình)- Hàng Nhập khẩu",1520000.0,1520000.0,0.0,0.0,0,33316,,https://tiki.vndau-doc-ma-vach-honeywell-hh360-1d-doc-ma-vach-tren-man-hinh-p8010259.html?spid=15295290
459619,Brother TN-2280 Toner Cho HL-2240D/2250DN/2270DW/FAX-2840 (High-Yield) - Hàng Chính Hãng,1190000.0,1190000.0,0.0,5.0,1,3103,,https://tiki.vnbrother-tn-2280-toner-cho-hl-2240d-2250dn-2270dw-fax-2840-high-yield-hang-chinh-hang-p459619.html?spid=2452175
278100488,Sạc 330W 280W GaN Power Adapter Charger Fit for Razer Blade 18 16 17 (RTX 4090 40...RAZER Blade 18/i9-14900HX) - hàng nhập khẩu,2490000.0,2490000.0,0.0,0.0,0,126154,,https://tiki.vnsac-330w-280w-gan-power-adapter-charger-fit-for-razer-blade-18-16-17-rtx-4090-40-razer-blade-18-i9-14900hx-hang-nhap-khau-p278100488.html?spid=275492702
276861812,"Cục phát WiFi từ sim 4G CPE B828 4 râu tốc độ cao phủ sóng rộng sử dụng được mọi loại sim, kèm pin dự phòng 3000mAh - Hàng chính hãng / Hàng nhập khẩu",1688000.0,1688000.0,0.0,0.0,0,356119,,https://tiki.vncuc-phat-wifi-tu-sim-4g-cpe-b828-4-rau-toc-do-cao-phu-song-rong-su-dung-duoc-moi-loai-sim-kem-pin-du-phong-3000mah-hang-chinh-hang-hang-nhap-khau-p276861812.html?spid=276861813
276798642,Ruy băng mực màu YMCKO RT4F010SAA - Hàng Nhập Khẩu,3780000.0,3780000.0,0.0,0.0,0,47812,,https://tiki.vnruy-bang-muc-mau-ymcko-rt4f010saa-hang-nhap-khau-p276798642.html?spid=276798643
276521599,Sạc 19V 4.74A 90W (AC Adapter Charger For) dành cho Asus Zen AiO 24 M5401 Power Supply 4.5MM - kèm dây nguồn hàng nhập khẩu,399000.0,399000.0,0.0,0.0,0,126154,,https://tiki.vnsac-19v-4-74a-90w-ac-adapter-charger-for-danh-cho-asus-zen-aio-24-m5401-power-supply-4-5mm-kem-day-nguon-hang-nhap-khau-p276521599.html?spid=276521602
275752103,Lẫy tách giấy sấy 1027: Dùng cho máy photocopy Ricoh 2851/ 2852/ 3351/ 3352/ 3353 ( HA - Hàng nhập khẩu ),280000.0,280000.0,0.0,0.0,0,2671,,https://tiki.vnlay-tach-giay-say-1027-dung-cho-may-photocopy-ricoh-2851-2852-3351-3352-3353-ha-hang-nhap-khau-p275752103.html?spid=275752104
275702277,Bánh răng nâng khay: Dùng cho máy photocopy Ricoh 1060/ 1075/ 2051/2060/ 2075/6000/ 6500/ 7500/ 6001/ 7001/ 6002/ 7502/ 7503/ 9003 ( HA - Hàng nhập khẩu ),70000.0,70000.0,0.0,0.0,0,2671,,https://tiki.vnbanh-rang-nang-khay-dung-cho-may-photocopy-ricoh-1060-1075-2051-2060-2075-6000-6500-7500-6001-7001-6002-7502-7503-9003-ha-hang-nhap-khau-p275702277.html?spid=275702278
275702175,Pin dành cho Laptop Dell Latitude E5430 hàng nhập khẩu.,490000.0,490000.0,0.0,0.0,0,126154,,https://tiki.vnpin-danh-cho-laptop-dell-latitude-e5430-hang-nhap-khau-p275702175.html?spid=275702176
275578146,"Pin dành cho Macbook Air Model No. A1465, A1495 hàng nhập khẩu.",850000.0,850000.0,0.0,0.0,0,126154,,https://tiki.vnpin-danh-cho-macbook-air-model-no-a1465-a1495-hang-nhap-khau-p275578146.html?spid=275578147
275538964,"Sạc dành cho Laptop Asus X83, X83V, X83Vb, X43, X43B, X43E Adapter 19V-3.42A hàng nhập khẩu.",190000.0,190000.0,0.0,0.0,0,126154,,https://tiki.vnsac-danh-cho-laptop-asus-x83-x83v-x83vb-x43-x43b-x43e-adapter-19v-3-42a-hang-nhap-khau-p275538964.html?spid=275538965
275529131,Sạc dành cho Laptop MSI 65W AC Adapter for MSI Modern 15 B12M-014 ADP-65GD D MSI Modern 15 B13M-447US hàng nhập khẩu,299000.0,299000.0,0.0,0.0,0,126154,,https://tiki.vnsac-danh-cho-laptop-msi-65w-ac-adapter-for-msi-modern-15-b12m-014-adp-65gd-d-msi-modern-15-b13m-447us-hang-nhap-khau-p275529131.html?spid=275529136
275486362,"Sạc dành cho Laptop Asus Y581, Y581C HÀNG NHẬP KHẨU",255000.0,255000.0,0.0,0.0,0,126154,,https://tiki.vnsac-danh-cho-laptop-asus-y581-y581c-hang-nhap-khau-p275486362.html?spid=275486363
275424946,"Sạc dành cho Laptop Gaming MSI GS65 GS66 10SF-067 MSI GS75 GS73 Stealth 10SE-039,042,044 with RTX2070/RTX2080 Adapter hàng nhập khẩu",1090000.0,1090000.0,0.0,0.0,0,126154,,https://tiki.vnsac-danh-cho-laptop-gaming-msi-gs65-gs66-10sf-067-msi-gs75-gs73-stealth-10se-039-042-044-with-rtx2070-rtx2080-adapter-hang-nhap-khau-p275424946.html?spid=275424947
275411813,Máy hủy tài liệu HSM Shredstar S10 shredder (hàng chính hãng),3800000.0,3800000.0,0.0,0.0,0,185019,,https://tiki.vnmay-huy-tai-lieu-hsm-shredstar-s10-shredder-hang-chinh-hang-p275411813.html?spid=275411814
275337086,"Màn Hình Gaming ViewSonic VX2479-HD-PRO 24"" FHD IPS 180Hz 1ms (HDMI, DP) - Hàng chính hãng ",3390000.0,3390000.0,0.0,0.0,0,3001,,https://tiki.vnman-hinh-gaming-viewsonic-vx2479-hd-pro-24-fhd-ips-180hz-1ms-hdmi-dp-hang-chinh-hang-p275337086.html?spid=275337087
275255765,"Màn Hình  ViewSonic Gaming VX2758A-2K-PRO-2 27"" 2K IPS 170Hz -  Hàng Chính Hãng",6100000.0,6100000.0,0.0,0.0,0,3001,,https://tiki.vnman-hinh-gaming-viewsonic-vx2758a-2k-pro-2-27-2k-ips-170hz-hang-chinh-hang-p275255765.html?spid=275255766
275110799,Nhãn In HZE-FX231 - Đen nền trắng 12mm x 8m - Dùng cho máy in BROTHER - AIMO - PUTY [Hàng nhập khẩu],150000.0,150000.0,0.0,0.0,0,342578,,https://tiki.vnnhan-in-hze-fx231-den-nen-trang-12mm-x-8m-hang-nhap-khau-p275110799.html?spid=275110800
275050427,Nhãn In Tz2-231 - Đen nền trắng 12mm x 8m - Dùng cho máy in BROTHER - AIMO - PUTY [Hàng nhập khẩu],145000.0,145000.0,0.0,0.0,0,342578,,https://tiki.vnnhan-in-tz2-231-den-nen-trang-12mm-x-8m-hang-nhap-khau-p275050427.html?spid=275050428
271303328,Máy Quét Mã Vạch Bluetooth OPTICON OPN-2006 (1D Laser) - Hàng Chính Hãng,3550000.0,3550000.0,0.0,0.0,0,59492,,https://tiki.vnmay-quet-ma-vach-bluetooth-opticon-opn-2006-1d-laser-hang-chinh-hang-p271303328.html?spid=271303329
270534563,Máy chiếu Optoma W400LVe - Hàng chính hãng - ZAMACO AUDIO,16500000.0,16500000.0,0.0,0.0,0,19766,,https://tiki.vnmay-chieu-optoma-w400lve-hang-chinh-hang-zamaco-audio-p270534563.html?spid=270534564
270266485,Bàn phím dành cho Laptop LENOVO Yoga Slim 7-15IIL05 7-15IMH05 Hàng nhập khẩu,590000.0,590000.0,0.0,0.0,0,126154,,https://tiki.vnban-phim-danh-cho-laptop-lenovo-yoga-slim-7-15iil05-7-15imh05-hang-nhap-khau-p270266485.html?spid=270266486
270098277,UPS Eaton 9E3000i - Hàng chính hãng,16675000.0,16675000.0,0.0,0.0,0,338751,,https://tiki.vnups-eaton-9e3000i-hang-chinh-hang-p270098277.html?spid=270098278
253618999,Máy chiếu 4K BenQ TK700STi - Hàng chính hãng - ZAMACO AUDIO,45000000.0,45000000.0,0.0,0.0,0,19766,,https://tiki.vnmay-chieu-4k-benq-tk700sti-hang-chinh-hang-zamaco-audio-p253618999.html?spid=253619000
249176624,"Hộp mực 70A (hàng nhập khẩu) dùng cho máy in HP Laserjet M5025, M5035, M5035x - Cartridge Q7570A - 16A mới 100% [Full Box]",495000.0,495000.0,0.0,0.0,0,47656,,https://tiki.vnhop-muc-70a-hang-nhap-khau-dung-cho-may-in-hp-laserjet-m5025-m5035-m5035x-cartridge-q7570a-16a-moi-100-full-box-p249176624.html?spid=249176625
249022297,Máy in hóa đơn XP-V320N Dtek - Hàng nhập khẩu chính hãng,1829000.0,1829000.0,0.0,0.0,0,328898,,https://tiki.vnmay-in-hoa-don-xp-v320n-p249022297.html?spid=249022298
217177766,Nguồn tổ ong LRS-600-24 Meanwell (600W 24V 25A) Hàng nhập khẩu,1391000.0,1391000.0,0.0,0.0,0,321316,,https://tiki.vnnguon-to-ong-lrs-600-24-meanwell-600w-24v-25a-hang-nhap-khau-p217177766.html?spid=217177767
214688414,Noyafa NF-8508 Máy Test Mạng Đa Năng 9 Trong 1. NF-8508 9 in 1 Multifunctional Network Cable Tester Optical Wire Tracer Optical Fiber Power Meter NCV Function Li-ion Battery USB Charge LED Light - Hàng Chính Hãng,2795000.0,2795000.0,0.0,5.0,1,80295,,https://tiki.vnnoyafa-nf-8508-may-test-mang-da-nang-9-trong-1-nf-8508-9-in-1-multifunctional-network-cable-tester-optical-wire-tracer-optical-fiber-power-meter-ncv-function-li-ion-battery-usb-charge-led-light-p214688414.html?spid=214688415
213493783,"Nguồn tổ ong  24V 14.6A 350,4W LRS-350-24 Meanwell - Hàng nhập khẩu",658000.0,658000.0,0.0,0.0,0,321316,,https://tiki.vnnguon-to-ong-lrs-350-24-meanwell-350-4w-24v-14-6a-p213493783.html?spid=213493786
204044334,Máy Soi Tiền - Máy Soi Tiền Oudis 520 - Hàng Chính Hãng,700000.0,700000.0,0.0,2.0,1,311782,,https://tiki.vnmay-soi-tien-may-soi-tien-oudis-520-hang-chinh-hang-p204044334.html?spid=204044335
195479159,Máy chủ DELL T150 Tower 15G 4×3.5 in - Hàng chính hãng ,26900000.0,26900000.0,0.0,0.0,0,41960,,https://tiki.vnserver-dell-poweredge-t150-tower-15g-4-3-5-in-p195479159.html?spid=195479160
192133255,MÁY HỦY TÀI LIỆU GBC SHREDMASTER X312-SL (Hàng chính hãng),4300000.0,4300000.0,0.0,0.0,0,185019,,https://tiki.vnmay-huy-tai-lieu-gbc-shredmaster-x312-sl-p192133255.html?spid=192133257
183363864,Nhãn In Cho Brother Tz2-731 - Đen nền xanh lá 12mm x 8m - Hàng nhập khẩu,140000.0,140000.0,0.0,5.0,2,269675,,https://tiki.vnnhan-in-brother-tz2-731-den-nen-xanh-la-12mm-x-8m-p183363864.html?spid=183363866
141373888,Máy in tem mã vạch Godex G500 - Hàng nhập khẩu,3099000.0,3099000.0,0.0,0.0,0,153486,,https://tiki.vnmay-in-tem-ma-vach-godex-g500-hang-nhap-khau-p141373888.html?spid=141373889
129309570,Tem nhãn giấy/Decal hàng chính hãng công ty in ấn Tiến Thanh,26900.0,26900.0,0.0,0.0,0,183682,,https://tiki.vntem-nhan-giay-decal-cong-ty-in-an-tien-thanh-p129309570.html?spid=129309571
85396147,Đầu đọc thẻ Suprema Xpass D2 (XPD2-MDB) - Hàng chính hãng,4898000.0,4898000.0,0.0,0.0,0,42581,,https://tiki.vndau-doc-the-suprema-xpass-d2-xpd2-mdb-hang-chinh-hang-p85396147.html?spid=85396148
75640214,Bộ Lưu Điện Hyundai Offline 1200VA/720W HD-1200VA-Hàng Chính Hãng,2560000.0,2560000.0,0.0,4.5,12,108012,,https://tiki.vnbo-luu-dien-hyundai-offline-1200va-720w-hd-1200va-hang-chinh-hang-p75640214.html?spid=75640215
51096109,Bộ Lưu Điện HYUNDAI Online 10000VA HD-10KT-Hàng chính hãng,50999000.0,50999000.0,0.0,0.0,0,108012,,https://tiki.vnbo-luu-dien-hyundai-online-10000va-hd-10kt-hang-chinh-hang-p51096109.html?spid=51096110
50890488,Bộ Lưu Điện Online 3000VA HYUNDAI- Hàng Chính Hãng,15199000.0,15199000.0,0.0,0.0,0,108012,,https://tiki.vnbo-luu-dien-online-3000va-hyundai-hang-chinh-hang-p50890488.html?spid=50890489
50015209,Bộ chuyển đổi quang điện Gigabit 10/100/1000M (1 sợi quang) Converter Netlink HTB-4100A\B ( 2 thiết bị) - Hàng nhập khẩu,935000.0,935000.0,0.0,0.0,0,110401,,https://tiki.vnbo-chuyen-doi-quang-dien-gigabit-10-100-1000m-1-soi-quang-netlink-htb-4100a-b-2-thiet-bi-hang-nhap-khau-p50015209.html?spid=50015210
25031576,Máy photocopy chính hãng BIZHUB 458e,93500000.0,93500000.0,0.0,0.0,0,58873,,https://tiki.vnmay-photocopy-chinh-hang-bizhub-458e-p25031576.html?spid=25031577
14061265,Máy in mã vạch tem nhãn GoDEX EZ520 - Hàng nhập khẩu,11500000.0,11500000.0,0.0,0.0,0,33316,,https://tiki.vnmay-in-ma-vach-tem-nhan-godex-ez520-hang-nhap-khau-p14061265.html?spid=41574777
278732279,Thiết bị lưu trữ QNAP TS-453E-8G - Hàng chính hãng,21000000.0,21000000.0,0.0,0.0,0,224238,,https://tiki.vnthiet-bi-luu-tru-qnap-ts-453e-8g-hang-chinh-hang-p278732279.html?spid=278732280
278703233,"Mực nạp Photocopy RICOH MP3554S/ MP6054S/ IM2500/ IM3000/ IM4000/ IM5000/ IM6000 - ""Hàng chính hãng""",440000.0,440000.0,0.0,0.0,0,8371,,https://tiki.vnmuc-nap-photocopy-ricoh-mp3554s-mp6054s-im2500-im3000-im4000-im5000-im6000-chinh-hang-p278703233.html?spid=278703234
278637965,Sạc dành cho Laptop ASUS 100W USB C Adapter Type C Charger for ASUS ROG Zephyrus G14 G15 M16 S17  HÀNG NHẬP KHẨU,750000.0,750000.0,0.0,0.0,0,126154,,https://tiki.vnsac-danh-cho-laptop-asus-100w-usb-c-adapter-type-c-charger-for-asus-rog-zephyrus-g14-g15-m16-s17-hang-nhap-khau-p278637965.html?spid=275496441
278600302,Hộp mực RG070 ( CM - No Chip ) Cho máy in Canon LBP 243dw/ 246dw/ 247dw/ MF465dw/ MF469x/ MF462dw/ MF463dw - Hàng nhập khẩu,230000.0,230000.0,0.0,0.0,0,2671,,https://tiki.vnhop-muc-rg070-cm-no-chip-cho-may-in-canon-lbp-243dw-246dw-247dw-mf465dw-mf469x-mf462dw-mf463dw-hang-nhap-khau-p278600302.html?spid=278600303
278033082,Mực In Brother BTD100Y - Hàng Chính Hãng,150000.0,150000.0,0.0,0.0,0,3103,,https://tiki.vnmuc-in-brother-btd100y-hang-chinh-hang-p278033082.html?spid=278033083
277980035,Hộp mực TN269 Topjet CÓ CHIP dùng cho máy in Brother HL L3240CDW L3280CDW L3560CDW MFC L3760CDW/ L8340CDW - hàng chính hãng,490000.0,490000.0,0.0,0.0,0,43974,,https://tiki.vnhop-muc-tn269-topjet-co-chip-dung-cho-may-in-brother-hl-l3240cdw-l3280cdw-l3560cdw-mfc-l3760cdw-l8340cdw-hang-chinh-hang-p277980035.html?spid=277980037
277922838,Combo Thiết bị lưu trữ NASTerraMaster F2-424 kèm 1 ổ cứng Toshiba NAS N300 24/7 Hàng chính hãng,15185000.0,15185000.0,0.0,0.0,0,297828,,https://tiki.vnbo-o-cung-mang-nas-terramaster-f2-424-n300-hang-chinh-hang-p277922838.html?spid=278504826
277859196,CASE MAGIC VILA ULTRA PRO (ATX) - Hàng chính hãng,2460000.0,2460000.0,0.0,0.0,0,299528,,https://tiki.vncase-magic-vila-ultra-pro-atx-hang-chinh-hang-p277859196.html?spid=277859198
277563944,"Mực Estar ED-K0100M C0100M Y0100M M0100M dùng cho máy in Epson Epson L310, L110, L120, L805, L800 T60 -  hàng chính hãng",27500.0,27500.0,0.0,0.0,0,43974,,https://tiki.vnmuc-estar-ed-k0100m-c0100m-y0100m-m0100m-dung-cho-may-in-epson-epson-l310-l110-l120-l805-l800-t60-hang-chinh-hang-p277563944.html?spid=277563952
277539536,Sạc dành cho Laptop LG Gram 14 15 16 17 USB TYPE-C kèm dây nguồn - Hàng nhập khẩu,550000.0,550000.0,0.0,5.0,2,126154,,https://tiki.vnsac-danh-cho-laptop-lg-gram-14-15-16-17-usb-type-c-kem-day-nguon-hang-nhap-khau-p277539536.html?spid=275578995
276886622,"Hộp Mực Estar 30A 051 dùng cho máy in Hp M203A, M227FDW, Canon LBP 161dn/ 162dw/ MF264dw/ 269dw - Hàng chính hãng",220000.0,220000.0,0.0,0.0,0,43974,,https://tiki.vnhop-muc-estar-30a-051-dung-cho-may-in-hp-m203a-m227fdw-canon-lbp-161dn-162dw-mf264dw-269dw-hang-chinh-hang-p276886622.html?spid=276886623
276828103,Hộp mực TN1010 hàng nhập khẩu - Dùng cho máy in Brother HL-1111/1201/1211; DCP-1511/1601/1616; MFC-1811/1901/1616NW - Cartridge TN1010 mới 100% [Full box] ,110000.0,110000.0,0.0,0.0,0,47656,,https://tiki.vnhop-muc-tn1010-hang-nhap-khau-dung-cho-may-in-brother-hl-1111-1201-1211-dcp-1511-1601-1616-mfc-1811-1901-1616nw-cartridge-tn1010-moi-100-full-box-p276828103.html?spid=276828104
276716042,Ngăn kéo đựng tiền Roco RC408 - Hàng chính hãng,950000.0,950000.0,0.0,0.0,0,44159,,https://tiki.vnngan-keo-dung-tien-roco-rc408-hang-chinh-hang-p276716042.html?spid=276716043
276439866,"[Hàng chính hãng] Kềm bấm đầu mạng internet hãng Kapusi Japan, 3 đầu tích hợp 4P, 6P, 8P",86000.0,86000.0,0.0,0.0,0,358275,,https://tiki.vnkem-bam-dau-mang-internet-hang-kapusi-japan-3-dau-tich-hop-4p-6p-8p-p276439866.html?spid=276439867
276067953,Máy in laser đơn năng đen trắng Pantum BP5100DW (In đảo mặt| A4| A5| USB| LAN| WIFI) - Hàng Chính Hãng,7750000.0,7750000.0,0.0,0.0,0,8371,,https://tiki.vnmay-in-laser-don-nang-den-trang-pantum-bp5100dw-in-dao-mat-a4-a5-usb-lan-wifi-hang-chinh-hang-p276067953.html?spid=276067954
275738139,Bộ 3 cao su lõi kéo giấy : Dùng cho máy photocopy Ricoh 1060/ 1075/ 2060/ 2075/ 6500/ 7500/ 8000/ 6001/ 8001/9001/ 6002/ 6502/9002/ 6503/7503 ( HA - Hàng nhập khẩu ),190000.0,190000.0,0.0,0.0,0,2671,,https://tiki.vnbo-3-cao-su-loi-keo-giay-dung-cho-may-photocopy-ricoh-1060-1075-2060-2075-6500-7500-8000-6001-8001-9001-6002-6502-9002-6503-7503-ha-hang-nhap-khau-p275738139.html?spid=275738140
275737367,Bi sấy 9001: Dùng cho máy photocopy Ricoh 1060/ 1075/ 9001/ 9002/ 9003 ( HA - Hàng nhập khẩu ),90000.0,90000.0,0.0,0.0,0,2671,,https://tiki.vnbi-say-9001-dung-cho-may-photocopy-ricoh-1060-1075-9001-9002-9003-ha-hang-nhap-khau-p275737367.html?spid=275737368
275685127,Pin dành cho Laptop HP 15-D062TU hàng nhập khẩu.,365000.0,365000.0,0.0,0.0,0,126154,,https://tiki.vnpin-danh-cho-laptop-hp-15-d062tu-hang-nhap-khau-p275685127.html?spid=275685128
275580280,Sạc dành cho Laptop Acer Aspire A315-31 A315-32 A315-35 hàng nhập khẩu,290000.0,290000.0,0.0,0.0,0,126154,,https://tiki.vnsac-danh-cho-laptop-acer-aspire-a315-31-a315-32-a315-35-hang-nhap-khau-p275580280.html?spid=275580281
275576010,Sạc dành cho Laptop ASUS ZenBook S UX392 UX392FN UX392FA UX392FA-AB016T USB-C hàng nhập khẩu.,490000.0,490000.0,0.0,0.0,0,126154,,https://tiki.vnsac-danh-cho-laptop-asus-zenbook-s-ux392-ux392fn-ux392fa-ux392fa-ab016t-usb-c-hang-nhap-khau-p275576010.html?spid=275576011
275515160,"Đầu cắm nguồn dành cho sạc Macbook, Macbook Air, Macbook Pro (dạng 2 chấu chân dẹt) hàng nhập khẩu.",99000.0,99000.0,0.0,0.0,0,126154,,https://tiki.vndau-cam-nguon-danh-cho-sac-macbook-macbook-air-macbook-pro-dang-2-chau-chan-det-hang-nhap-khau-p275515160.html?spid=275515161
275505188,Sạc dành cho Laptop ASUS 19V-6.32A (120 Walt) hàng nhập khẩu,490000.0,490000.0,0.0,0.0,0,126154,,https://tiki.vnsac-danh-cho-laptop-asus-19v-6-32a-120-walt-hang-nhap-khau-p275505188.html?spid=275505189
275504002,"Sạc dành cho Laptop Lenovo V14-IIL 82C4, V15-G2 ITL, V15-IIL 82C5 65W/45W 20V Hàng nhập khẩu.",299000.0,299000.0,0.0,0.0,0,126154,,https://tiki.vnsac-danh-cho-laptop-lenovo-v14-iil-82c4-v15-g2-itl-v15-iil-82c5-65w-45w-20v-hang-nhap-khau-p275504002.html?spid=275504003
275493153,Sạc dành cho laptop Lenovo 20V-3.25A Adapter Lenovo (Chuẩn USB) hàng nhập khẩu.,255000.0,255000.0,0.0,0.0,0,126154,,https://tiki.vnsac-danh-cho-laptop-lenovo-20v-3-25a-adapter-lenovo-chuan-usb-hang-nhap-khau-p275493153.html?spid=275493154
275486552,Sạc dành cho Laptop Dell Latitude 5289 5300 7400 2-In-1 90W USB Type-C hàng nhập khẩu.,690000.0,690000.0,0.0,0.0,0,126154,,https://tiki.vnsac-danh-cho-laptop-dell-latitude-5289-5300-7400-2-in-1-90w-usb-type-c-hang-nhap-khau-p275486552.html?spid=275486553
275270534,"Thiết Bị Lưu Trữ Nas QNAP, Model: TS-253E-8G - Hàng chính hãng",18200000.0,18200000.0,0.0,0.0,0,352261,,https://tiki.vnthiet-bi-luu-tru-nas-qnap-model-ts-253e-8g-hang-chinh-hang-p275270534.html?spid=275270535
275193414,"Hộp mực AZ 204A CF510A, CF511A, CF512A, CF513A dùng cho máy in laser màu HP M154a, M154nw, M180n, M180f - Hàng chính hãng",440000.0,440000.0,0.0,0.0,0,43974,,https://tiki.vnhop-muc-az-204a-cf510a-cf511a-cf512a-cf513a-dung-cho-may-in-laser-mau-hp-m154a-m154nw-m180n-m180f-hang-chinh-hang-p275193414.html?spid=275193418
273690696,Mực in Brother TN-3618XL Black Toner Cartridge - Hàng Chính Hãng,4100000.0,4100000.0,0.0,0.0,0,3103,,https://tiki.vnmuc-in-brother-tn-3618xl-black-toner-cartridge-hang-chinh-hang-p273690696.html?spid=273690697
270108616,Pin dành cho Laptop Razer Blade 15 Advanced 2019 2018 2020 2021 GTX1060 1070GTX  Model: RC30-0370 RC30-0248 Hàng nhập khẩu,1590000.0,1590000.0,0.0,0.0,0,126154,,https://tiki.vnpin-danh-cho-laptop-razer-blade-15-advanced-2019-2018-2020-2021-gtx1060-1070gtx-hang-nhap-khau-p270108616.html?spid=270108617
252394850," Mực in laser Ricoh SP 230DNw, Ricoh SP 230SFNw  408295 - SP 230L - Hàng Chính Hãng ",1450000.0,1450000.0,0.0,0.0,0,8371,,https://tiki.vnmuc-in-laser-ricoh-sp-230dnw-ricoh-sp-230sfnw-408295-sp-230l-chinh-hang-p252394850.html?spid=252394851
252106177,"Nhãn tiêu chuẩn Brother TZe-751, (24mm x 8m - Chữ đen trên nền xanh lá, chống thấm nước) - Hàng chính hãng",460000.0,460000.0,0.0,0.0,0,3103,,https://tiki.vnnhan-tieu-chuan-brother-tze-751-24mm-x-8m-chu-den-tren-nen-xanh-la-chong-tham-nuoc-hang-chinh-hang-p252106177.html?spid=276400874
251531165,Máy in nhãn Brother PT-P900W - Hàng chính hãng,8220000.0,8220000.0,0.0,0.0,0,3103,,https://tiki.vnmay-in-nhan-brother-pt-p900w-hang-chinh-hang-p251531165.html?spid=276667718
206795286,"Hộp mực 052 (hàng nhập khẩu) dùng cho máy in Canon LBP 212dw, LBP 214dw, MF426dw, MF424dw, MF421dw, LBP 215x, MF429x - Cartridge CRG 052 - 26A mới 100% [Fullbox]",180000.0,180000.0,0.0,0.0,0,47656,,https://tiki.vnhop-muc-052-hang-nhap-khau-dung-cho-may-in-canon-lbp-212dw-lbp-214dw-mf426dw-mf424dw-mf421dw-lbp-215x-mf429x-cartridge-crg-052-26a-moi-100-fullbox-p206795286.html?spid=206795287
185945528,Soundcard Tascam US 2x2 HR - card âm thanh chất lượng cao - Hàng chính hãng,5500000.0,5500000.0,0.0,0.0,0,22955,,https://tiki.vnsoundcard-tascam-us-2x2-hr-card-am-thanh-chat-luong-cao-hang-chinh-hang-p185945528.html?spid=185945529
150873069,Hộp mực Thuận Phong TN-1010 dùng cho máy in Brother HL-1111/ 1201/ 1211W/ DCP-1511/ 1514/ 1601/ 1616NW/ MFC-1811/ 1814/ 1901/ 1911/ 1916NW - Hàng Chính Hãng,250000.0,250000.0,0.0,0.0,0,2430,,https://tiki.vnhop-muc-thuan-phong-tn-1010-dung-cho-may-in-brother-hl-1111-1201-1211w-dcp-1511-1514-1601-1616nw-mfc-1811-1814-1901-1911-1916nw-p150873069.html?spid=150873070
73985570,Dây Cáp quang bấm sẵn 2 đầu FC (1FO) - Hàng Chính Hãng,200000.0,200000.0,0.0,5.0,4,110401,,https://tiki.vnday-cap-quang-bam-san-2-dau-fc-1fo-hang-chinh-hang-p73985570.html?spid=73985572
36927832,Mực máy in màu đen RICOH C360DNw - Chính Hãng,1950000.0,1950000.0,0.0,0.0,0,8371,,https://tiki.vnmuc-may-in-mau-den-ricoh-c360dnw-chinh-hang-p36927832.html?spid=36927833
32691413,Bộ chia quang PLC 1*32 SC/UPC  ABS 2.0mm- Hàng Chính Hãng,465000.0,465000.0,0.0,0.0,0,73219,,https://tiki.vnbo-chia-quang-plc-1-32-sc-upc-abs-2-0mm-hang-chinh-hang-p32691413.html?spid=32691414
10564294,Máy POS tính tiền cảm ứng,10900000.0,10900000.0,0.0,0.0,0,33316,,https://tiki.vnmay-pos-tinh-tien-cam-ung-p10564294.html?spid=15716595
459581,Brother LC-563BK Ink Cho MFC-J2310/J2510/J3520/J3720 (Black) - Hàng Chính Hãng,240000.0,240000.0,0.0,5.0,5,3103,,https://tiki.vnbrother-lc-563bk-ink-cho-mfc-j2310-j2510-j3520-j3720-black-hang-chinh-hang-p459581.html?spid=2396525
278750065,Cây drum 104A dùng cho máy in Hp nerverstop 1200a/1200aw/1000a cây trống 104A/ W1104A - hàng nhập khẩu,77000.0,77000.0,0.0,0.0,0,43974,,https://tiki.vncay-drum-104a-dung-cho-may-in-hp-nerverstop-1200a-1200aw-1000a-cay-trong-104a-w1104a-hang-nhap-khau-p278750065.html?spid=278750066
278744420,"Hộp mực 05A 80A 319 HALLOYA có lỗ đổ mực tiện lợi dùng cho máy in Hp P2035, P2055, M401D, Canon LBP 251DW, 252DW, LBP 6300, 6650, 6680, MF 5840, 5850, 5870, 5850 Hàng nhập khẩu",237000.0,237000.0,0.0,0.0,0,43974,,https://tiki.vnhop-muc-05a-80a-319-halloya-co-lo-do-muc-tien-loi-dung-cho-may-in-hp-p2035-p2055-m401d-canon-lbp-251dw-252dw-lbp-6300-6650-6680-mf-5840-5850-5870-5850-hang-nhap-khau-p278744420.html?spid=278744421
278641266,Bộ chia HIKVISION Smart Switch PoE 8 cổng DS-3E1309P-EI/DS-3E1309P-EI/M - Hàng chính hãng,1175000.0,1175000.0,0.0,0.0,0,298886,,https://tiki.vnbo-chia-hikvision-smart-switch-poe-8-cong-ds-3e1309p-ei-ds-3e1309p-ei-m-p278641266.html?spid=278641451
278639921,Switch PoE 8 ports 10/100M Hilook DS-3E0110MP-60 - Hàng chính hãng,510000.0,510000.0,0.0,0.0,0,298886,,https://tiki.vnswitch-poe-8-ports-10-100m-hilook-ds-3e0110mp-60-hang-chinh-hang-p278639921.html?spid=278639926
278169985,"Hộp mực 12A 303 LN lenguyen [Bảo hành 12T] dùng cho máy in Canon 2900, Hp 1020, 1022, 3050, 1319F - 2000 trang in. Hàng chính hãng",385000.0,385000.0,0.0,0.0,0,43974,,https://tiki.vnhop-muc-12a-303-ln-lenguyen-bao-hanh-12t-dung-cho-may-in-canon-2900-hp-1020-1022-3050-1319f-2000-trang-in-hang-chinh-hang-p278169985.html?spid=278169986
277944317,Bo Mạch Chủ Main MSI B450M-A PRO MAX II Socket AM4 - Hàng Chính Hãng,1660000.0,1660000.0,0.0,0.0,0,30787,,https://tiki.vnbo-mach-chu-main-msi-b450m-a-pro-max-ii-socket-am4-hang-chinh-hang-p277944317.html?spid=277944318
276811870,Ổ cứng mạng NAS TerraMaster F2-424 Hàng chính hãng,11409000.0,11409000.0,0.0,0.0,0,297828,,https://tiki.vno-cung-mang-nas-terramaster-f2-424-p276811870.html?spid=276811871
275948507,Bo mạch chủ Main MSI B760M GAMING PLUS WIFI Socket LGA 1700 - Hàng Chính Hãng,4150000.0,4150000.0,0.0,0.0,0,30787,,https://tiki.vnbo-mach-chu-main-b760m-gaming-plus-wifi-socket-lga-1700-hang-chinh-hang-p275948507.html?spid=275948508
275712139,Bo mạch chủ Main ASUS PRIME Z790M-PLUS-CSM Socket LGA 1700 - Hàng Chính Hãng,6750000.0,6750000.0,0.0,0.0,0,30787,,https://tiki.vnbo-mach-chu-main-asus-prime-z790m-plus-csm-socket-lga-1700-hang-chinh-hang-p275712139.html?spid=275712140
275692577,Bo mạch chủ Main ASUS PRIME B760M-A Socket LGA 1700 - Hàng Chính Hãng,3750000.0,3750000.0,0.0,0.0,0,30787,,https://tiki.vnbo-mach-chu-main-asus-prime-b760m-a-socket-lga-1700-hang-chinh-hang-p275692577.html?spid=275692578
275687856,Bo mạch chủ Main ASUS TUF GAMING B760M-PLUS D4 Socket LGA 1700 - Hàng Chính Hãng,4250000.0,4250000.0,0.0,0.0,0,30787,,https://tiki.vnbo-mach-chu-main-asus-tuf-gaming-b760m-plus-d4-socket-lga-1700-hang-chinh-hang-p275687856.html?spid=275687857
275685227,Bo mạch chủ Main ASUS TUF GAMING B760-PLUS WIFI D4 Socket LGA 1700 - Hàng Chính Hãng,4690000.0,4690000.0,0.0,0.0,0,30787,,https://tiki.vnbo-mach-chu-main-asus-tuf-gaming-b760-plus-wifi-d4-socket-lga-1700-hang-chinh-hang-p275685227.html?spid=275685228
275416482,Card màn hình VGA Gigabyte GeForce RTX 4080 SUPER GAMING OC 16G (N408SGaming OC-16GD) - Hàng Chính Hãng,50570000.0,50570000.0,0.0,0.0,0,30787,,https://tiki.vncard-man-hinh-vga-gigabyte-geforce-rtx-4080-super-gaming-oc-16g-n408sgaming-oc-16gd-hang-chinh-hang-p275416482.html?spid=275416483
274028381,Màn hình LCD PHILIPS 241V8B (23.8 inch/Full HD/IPS/100Hz/4 ms) - Hàng Chính Hãng,2550000.0,2550000.0,0.0,0.0,0,30787,,https://tiki.vnman-hinh-lcd-philips-241v8b-23-8-inch-full-hd-ips-100hz-4-ms-ha-ng-chi-nh-ha-ng-p274028381.html?spid=274028382
273603501,Màn hình LCD T-WOLF TW-F24IFHD100A Gaming (Phẳng 24″/IPS/Full-HD 1920×1080/100Hz/1ms/VGA-HDMI) - Hàng Chính Hãng,2250000.0,2250000.0,0.0,0.0,0,30787,,https://tiki.vnman-hinh-lcd-t-wolf-tw-f24ifhd100a-gaming-pha-ng-24-ips-full-hd-1920-1080-100hz-1ms-vga-hdmi-ha-ng-chi-nh-ha-ng-p273603501.html?spid=273603502
273176085,Bo Mạch Chủ Main T-WOLF H310 (VGA/ HDMI/ SSD M.2 chuẩn PCIe) Socket LGA1151v2 - Hàng Chính Hãng,1450000.0,1450000.0,0.0,0.0,0,30787,,https://tiki.vnbo-ma-ch-chu-main-t-wolf-h310-vga-hdmi-ssd-m-2-chuan-pcie-socket-lga1151v2-hang-chinh-hang-p273176085.html?spid=273176086
214495467,Đầu bấm mạng RJ45 Cat6 Ugreen 50962 (Hộp 50 cái) - Hàng chính hãng,125000.0,125000.0,0.0,5.0,1,915,,https://tiki.vndau-bam-mang-rj45-cat6-ugreen-50962-hop-50-cai-hang-chinh-hang-p214495467.html?spid=214495468
200031817,Bàn Phím dùng cho laptop HP Pavilion 13-A 11-T - Hàng Nhập Khẩu New Seal,509220.0,509220.0,0.0,0.0,0,308064,,https://tiki.vnban-phim-dung-cho-laptop-hp-pavilion-13-a-11-t-hang-chinh-hang-mikey2233-p200031817.html?spid=200031818
200028902,Bàn Phím dùng cho laptop Asus X541 X541S X541SA X541SC X541U X541UA X541UV A541 A541S F541 F541S R541 R541U - Hàng Nhập Khẩu New Seal,434700.0,434700.0,0.0,0.0,0,308064,,https://tiki.vnban-phim-dung-cho-laptop-asus-x541-x541s-x541sa-x541sc-x541u-x541ua-x541uv-a541-a541s-f541-f541s-r541-r541u-hang-chinh-hang-tot-mikey1958-p200028902.html?spid=200028903
200025015,Sạc dùng cho Laptop Lenovo ThinkBook 13s-IML - Hàng Nhập Khẩu New Seal,723465.0,723465.0,0.0,0.0,0,308064,,https://tiki.vnsac-dung-cho-laptop-lenovo-thinkbook-13s-iml-hang-chinh-hang-miac1248-p200025015.html?spid=200025016
200024901,Sạc dùng cho Laptop Acer Aspire 3 A314-21 A315-42 A315-54 Loại chân bé : 3.0mm*1.1mm - Hàng Nhập Khẩu New Seal,398475.0,398475.0,0.0,0.0,0,308064,,https://tiki.vnsac-dung-cho-laptop-acer-aspire-3-a314-21-a315-42-a315-54-loai-chan-be-3-0mm-1-1mm-hang-chinh-hang-miac1047-p200024901.html?spid=200024904
200024336,Sạc vuông cho laptop ASUS 19V-3.42A đầu 4.5 * 3.0mm - Hàng Nhập Khẩu New Seal,250418.0,250418.0,0.0,0.0,0,308064,,https://tiki.vnsac-vuong-cho-laptop-asus-19v-3-42a-dau-4-5-3-0mm-hang-chinh-hang-miac534-p200024336.html?spid=200024337
200024059,Sạc cho laptop Sony vaio VPC-CW Series - Hàng Nhập Khẩu New Seal,228683.0,228683.0,0.0,0.0,0,308064,,https://tiki.vnsac-cho-laptop-sony-vaio-vpc-cw-series-hang-chinh-hang-miac347-p200024059.html?spid=200024060
200010058,Pin cho Laptop DELL INSPIRON 14-7437  14-7437 P42G C4MF8 5KG27 - 4 CELL - Hàng Nhập Khẩu New Seal,1138293.0,1138293.0,0.0,0.0,0,308064,,https://tiki.vnpin-cho-laptop-dell-inspiron-14-7437-14-7437-p42g-c4mf8-5kg27-4-cell-hang-chinh-hang-mibat1488-p200010058.html?spid=200010059
200009043,Pin dùng cho Laptop Lenovo Ideapad G560 G560L Z560 - Hàng Nhập Khẩu  MIBAT251,360180.0,360180.0,0.0,0.0,0,308064,,https://tiki.vnpin-dung-cho-laptop-lenovo-ideapad-g560-g560l-z560-hang-nhap-khau-mibat251-p200009043.html?spid=200009044
200008567,Pin dùng cho laptop Dell XPS 15 9500 Alienware M15 M17 R3 Precision 5550 86Wh 69KF2 - Hàng Nhập Khẩu New Seal,1335046.0,1335046.0,0.0,0.0,0,308064,,https://tiki.vnpin-dung-cho-laptop-dell-xps-15-9500-alienware-m15-m17-r3-precision-5550-86wh-69kf2-hang-chinh-hang-mibat1547-p200008567.html?spid=200008568
200008071,PIN dùng cho Laptop Lenovo E450 E450C E460 E460C E455 45N1752 45N1753 3ICP7/38/65 45N1756 45N1757 45N1754 - Hàng Nhập Khẩu New Seal,822307.0,822307.0,0.0,0.0,0,308064,,https://tiki.vnpin-dung-cho-laptop-lenovo-e450-e450c-e460-e460c-e455-45n1752-45n1753-3icp7-38-65-45n1756-45n1757-45n1754-hang-chinh-hang-mibat1216-p200008071.html?spid=200008072
200007704,Pin dùng cho Acer Aspire E15 E5-575 E5-575G E5-576G - Hàng Nhập Khẩu New Seal,743130.0,743130.0,0.0,0.0,0,308064,,https://tiki.vnpin-dung-cho-acer-aspire-e15-e5-575-e5-575g-e5-576g-hang-chinh-hang-mibat1121-p200007704.html?spid=200007705
200007676,Pin dùng cho Laptop Dell Inspiron 15 3576 - Hàng Nhập Khẩu New Seal,724500.0,724500.0,0.0,0.0,0,308064,,https://tiki.vnpin-dung-cho-laptop-dell-inspiron-15-3576-hang-chinh-hang-mibat1112-p200007676.html?spid=200007677
200007469,Pin dùng cho laptop TOSHIBA Satellite 3594U PA3593U - Hàng Nhập Khẩu  MIBAT563,371358.0,371358.0,0.0,0.0,0,308064,,https://tiki.vnpin-dung-cho-laptop-toshiba-satellite-3594u-pa3593u-hang-nhap-khau-mibat563-p200007469.html?spid=200007472
200007233,Pin dàng cho Laptop Toshiba Satellite C800 - Hàng Nhập Khẩu  MIBAT402,360180.0,360180.0,0.0,0.0,0,308064,,https://tiki.vnpin-dang-cho-laptop-toshiba-satellite-c800-hang-nhap-khau-mibat402-p200007233.html?spid=200007234
200007027,Pin dùng cho laptop Sony BPS35 SVF153A SVF1521 SVF142 - Hàng Nhập Khẩu  MIBAT167,360180.0,360180.0,0.0,0.0,0,308064,,https://tiki.vnpin-dung-cho-laptop-sony-bps35-svf153a-svf1521-svf142-hang-nhap-khau-mibat167-p200007027.html?spid=200007029
200006921,Pin dùng cho Laptop Dell Latitude Dell Latitude E6500 - Hàng Nhập Khẩu  MIBAT25,360180.0,360180.0,0.0,0.0,0,308064,,https://tiki.vnpin-dung-cho-laptop-dell-latitude-dell-latitude-e6500-hang-nhap-khau-mibat25-p200006921.html?spid=200006923
200006881,Pin dùng cho Laptop Asus K46A K46C - Hàng Nhập Khẩu  MIBAT98,360180.0,360180.0,0.0,0.0,0,308064,,https://tiki.vnpin-dung-cho-laptop-asus-k46a-k46c-hang-nhap-khau-mibat98-p200006881.html?spid=200006884
185340023,Bộ mở rộng sóng Wifi TENDA A9- Hàng chính hãng,240000.0,240000.0,0.0,0.0,0,30787,,https://tiki.vnbo-mo-rong-song-wifi-tenda-a9-p185340023.html?spid=190635376
175998476,"Jabra Connect 4S - Micro Kèm Loa Họp Trực Tuyến, Kết Nối Bluetooth Cho Nhóm 4 Người, Đàm Thoại 15 Giờ, Trợ Lý Ảo Thông Minh - Hàng Chính Hãng",4437000.0,4437000.0,0.0,0.0,0,1892,,https://tiki.vnjabra-connect-4s-micro-kem-loa-hop-truc-tuyen-ket-noi-bluetooth-cho-nhom-4-nguoi-dam-thoai-15-gio-tro-ly-ao-thong-minh-hang-chinh-hang-p175998476.html?spid=175998477
108022029,Máy Hủy Giấy GBC ShredMaster X308 Chính Hãng,1950000.0,1950000.0,0.0,0.0,0,37436,,https://tiki.vnmay-huy-giay-gbc-shredmaster-x308-chinh-hang-p108022029.html?spid=108022030
49995900,Bộ chia HDMI 1 ra 2 Dtech DT-7142A - Hàng Chính Hãng,500000.0,500000.0,0.0,0.0,0,110401,,https://tiki.vnbo-chia-hdmi-1-ra-2-dtech-dt-7142a-hang-chinh-hang-p49995900.html?spid=49995901
12958900,Màn Hình Cong Gaming Viewsonic VX2458-C-MHD 24 inch Full HD 1920 x 1080 1ms 144Hz AMD FreeSync VA - Hàng Chính Hãng,4500000.0,4500000.0,0.0,0.0,0,30787,,https://tiki.vnman-hinh-cong-gaming-viewsonic-vx2458-c-mhd-24-inch-full-hd-1920-x-1080-1ms-144hz-amd-freesync-va-hang-chinh-hang-p12958900.html?spid=33073455
9572840,Nguồn máy tính Jetek Q9600 600W - Hàng Chính Hãng,1290000.0,1290000.0,0.0,0.0,0,30787,,https://tiki.vnnguon-may-tinh-jetek-q9600-600w-hang-chinh-hang-p9572840.html?spid=33066405
275750229,"Bộ đổi nguồn UPS- E220 -12V-5A chuyên dùng cho máy chấm công, hệ thống kiểm soát ra vào - Hàng nhập khẩu",724900.0,724900.0,0.0,0.0,0,193569,,https://tiki.vnbo-doi-nguon-ups-e220-12v-5a-chuyen-dung-cho-may-cham-cong-he-thong-kiem-soat-ra-vao-p275750229.html?spid=275750230
275653615,Adapter Sạc Tương Thích Cho Laptop Acer 19V 2.37A Đầu Cắm Tròn 4.0Mm - Grade A - Hàng Nhập Khẩu New Seal TEEMO PC TEAC28,435000.0,435000.0,0.0,0.0,0,287052,,https://tiki.vnadapter-sac-tuong-thich-cho-laptop-acer-19v-2-37a-dau-cam-tron-4-0mm-grade-a-hang-nhap-khau-new-seal-teemo-pc-teac28-p275653615.html?spid=275653617
275653222,Sạc Tương Thích Cho Laptop Lenovo Yoga 730-13Ikb - Type C - Hàng Nhập Khẩu New Seal TEEMO PC TEAC1044,779000.0,779000.0,0.0,0.0,0,287052,,https://tiki.vnsac-tuong-thich-cho-laptop-lenovo-yoga-730-13ikb-type-c-hang-nhap-khau-new-seal-teemo-pc-teac1044-p275653222.html?spid=275653224
275651903,Sạc Tương Thích Cho Laptop MSI GE66-Raider-11UX GE76 Raider (Intel 11th Gen) (GeForce RTX 30 Series) 280w- Hàng Nhập Khẩu New Seal TEEMO PC X48,2100000.0,2100000.0,0.0,0.0,0,287052,,https://tiki.vnsac-tuong-thich-cho-laptop-msi-ge66-raider-11ux-ge76-raider-intel-11th-gen-geforce-rtx-30-series-280w-hang-nhap-khau-new-seal-teemo-pc-x48-p275651903.html?spid=275651904
275651810,Sạc Tương Thích Cho Laptop Lenovo Thinkpad X1 Carbon 7 8 (7Th Gen) (8Th Gen) - Hàng Nhập Khẩu New Seal TEEMO PC TEAC1119,779000.0,779000.0,0.0,0.0,0,287052,,https://tiki.vnsac-tuong-thich-cho-laptop-lenovo-thinkpad-x1-carbon-7-8-7th-gen-8th-gen-hang-nhap-khau-new-seal-teemo-pc-teac1119-p275651810.html?spid=275651811
275651700,Sạc Tương Thích Cho Laptop Asus UX393EA UX393JA UX425EA UX425IA UX425JA UX425SA 65w- Hàng Nhập Khẩu New Seal TEEMO PC X20,550000.0,550000.0,0.0,0.0,0,287052,,https://tiki.vnsac-tuong-thich-cho-laptop-asus-ux393ea-ux393ja-ux425ea-ux425ia-ux425ja-ux425sa-65w-hang-nhap-khau-new-seal-teemo-pc-x20-p275651700.html?spid=275651701
275651655,Adapter Sạc Tương Thích Cho Laptop Asus 19V 3.42A Đầu Cắm 5.5Mm - Hàng Nhập Khẩu New Seal TEEMO PC TEAC228,240000.0,240000.0,0.0,0.0,0,287052,,https://tiki.vnadapter-sac-tuong-thich-cho-laptop-asus-19v-3-42a-dau-cam-5-5mm-hang-nhap-khau-new-seal-teemo-pc-teac228-p275651655.html?spid=275651657
275651501,Sạc Dùng Tương Thích Cho Laptop Dell Chân Kim Nhỏ 4.5mm - Công Suất 45W 65W 90W - Hàng Nhập Khẩu New Seal TEEMO PC TESE,220000.0,220000.0,0.0,0.0,0,287052,,https://tiki.vnsac-dung-tuong-thich-cho-laptop-dell-chan-kim-nho-4-5mm-cong-suat-45w-65w-90w-hang-nhap-khau-new-seal-teemo-pc-tese-p275651501.html?spid=275651502
275650553,Sạc Tương Thích Cho Laptop Asus Asus TUF Gaming A15 FA506IV-HN172 150w- Hàng Nhập Khẩu New Seal TEEMO PC X8,850000.0,850000.0,0.0,0.0,0,287052,,https://tiki.vnsac-tuong-thich-cho-laptop-asus-asus-tuf-gaming-a15-fa506iv-hn172-150w-hang-nhap-khau-new-seal-teemo-pc-x8-p275650553.html?spid=275650556
275650492,Sạc Tương Thích Cho Laptop Lenovo ThinkPad T480 T490 T580 ADLX65YDC2A ADLX65YLC2D 65w- Hàng Nhập Khẩu New Seal TEEMO PC X39,500000.0,500000.0,0.0,0.0,0,287052,,https://tiki.vnsac-tuong-thich-cho-laptop-lenovo-thinkpad-t480-t490-t580-adlx65ydc2a-adlx65ylc2d-65w-hang-nhap-khau-new-seal-teemo-pc-x39-p275650492.html?spid=275650494
275650082,Sạc Tương Thích Cho Laptop Lenovo Ideapad (Các Model) 65W 20V 3.25A Chuẩn Chân Nhỏ 4.0 X 1.7Mm - Hàng Nhập Khẩu New Seal TEEMO PC TEAC1131,275000.0,275000.0,0.0,0.0,0,287052,,https://tiki.vnsac-tuong-thich-cho-laptop-lenovo-ideapad-cac-model-65w-20v-3-25a-chuan-chan-nho-4-0-x-1-7mm-hang-nhap-khau-new-seal-teemo-pc-teac1131-p275650082.html?spid=275650083
275650012,Sạc Tương Thích Cho Laptop Lenovo Thinkpad X1 Carbon Gen 9 (Gen 9Th) - Hàng Nhập Khẩu New Seal TEEMO PC TEAC1597,899000.0,899000.0,0.0,0.0,0,287052,,https://tiki.vnsac-tuong-thich-cho-laptop-lenovo-thinkpad-x1-carbon-gen-9-gen-9th-hang-nhap-khau-new-seal-teemo-pc-teac1597-p275650012.html?spid=275650013
275648719,Sạc Tương Thích Cho Laptop Dell Xps 17 9700 9710 Usb-C 130W - Hàng Nhập Khẩu New Seal TEEMO PC TEAC636,1547000.0,1547000.0,0.0,0.0,0,287052,,https://tiki.vnsac-tuong-thich-cho-laptop-dell-xps-17-9700-9710-usb-c-130w-hang-nhap-khau-new-seal-teemo-pc-teac636-p275648719.html?spid=275648720
275647632,Sạc Tương Thích Cho Laptop MSI Prestige 13Evo A12M A13M Prestige 14 A10SC A11SCX A12UC A12SC 65w- Hàng Nhập Khẩu New Seal TEEMO PC X49,1300000.0,1300000.0,0.0,0.0,0,287052,,https://tiki.vnsac-tuong-thich-cho-laptop-msi-prestige-13evo-a12m-a13m-prestige-14-a10sc-a11scx-a12uc-a12sc-65w-hang-nhap-khau-new-seal-teemo-pc-x49-p275647632.html?spid=275647633
275647529,Sạc Tương Thích Cho Laptop Lenovo ThinkPad T480 T480s T580 X280 A485 R480 Idea pad 720s-13 95w- Hàng Nhập Khẩu New Seal TEEMO PC X40,900000.0,900000.0,0.0,0.0,0,287052,,https://tiki.vnsac-tuong-thich-cho-laptop-lenovo-thinkpad-t480-t480s-t580-x280-a485-r480-idea-pad-720s-13-95w-hang-nhap-khau-new-seal-teemo-pc-x40-p275647529.html?spid=275647531
275647441,Sạc Tương Thích Cho Laptop MSI MS-16R5 A17-120P2A ADP-120CD B ADP-120VH D 120w- Hàng Nhập Khẩu New Seal TEEMO PC X42,700000.0,700000.0,0.0,0.0,0,287052,,https://tiki.vnsac-tuong-thich-cho-laptop-msi-ms-16r5-a17-120p2a-adp-120cd-b-adp-120vh-d-120w-hang-nhap-khau-new-seal-teemo-pc-x42-p275647441.html?spid=275647442
275647331,Sạc Tương Thích Cho Laptop Asus Tuf F15 2021 200W Charger Adp-200Jb D Ac Adapter - Hàng Nhập Khẩu New Seal TEEMO PC TEAC301,1259000.0,1259000.0,0.0,0.0,0,287052,,https://tiki.vnsac-tuong-thich-cho-laptop-asus-tuf-f15-2021-200w-charger-adp-200jb-d-ac-adapter-hang-nhap-khau-new-seal-teemo-pc-teac301-p275647331.html?spid=275647333
275634832,Bàn Phím Tương Thích Cho Laptop Lenovo G580 - Hàng Nhập Khẩu New Seal TEEMO PC KEY585,238000.0,238000.0,0.0,0.0,0,287052,,https://tiki.vnban-phim-tuong-thich-cho-laptop-lenovo-g580-hang-nhap-khau-new-seal-teemo-pc-key585-p275634832.html?spid=275634833
275634466,Pin Tương Thích Cho Laptop Hp Pavilion 14-Bs 14-Bw 15-Bs 15-Bw 17-Bs-Jc04 Jc03 - Hàng Nhập Khẩu New Seal TEEMO PC TEBAT1555,418000.0,418000.0,0.0,0.0,0,287052,,https://tiki.vnpin-tuong-thich-cho-laptop-hp-pavilion-14-bs-14-bw-15-bs-15-bw-17-bs-jc04-jc03-hang-nhap-khau-new-seal-teemo-pc-tebat1555-p275634466.html?spid=275634468
275634135,Pin Tương Thích Cho Laptop Dell Xps 13 9343 9350 90V7W Jhxpy 5K9Cp 0N7T6 – 56Wh - Hàng Nhập Khẩu New Seal TEEMO PC TEBAT613,1079000.0,1079000.0,0.0,0.0,0,287052,,https://tiki.vnpin-tuong-thich-cho-laptop-dell-xps-13-9343-9350-90v7w-jhxpy-5k9cp-0n7t6-56wh-hang-nhap-khau-new-seal-teemo-pc-tebat613-p275634135.html?spid=275634137
275633972,Pin Tương Thích Cho Laptop Sony Product Name Vpc Eg26 Eg - Hàng Nhập Khẩu New Seal TEEMO PC TEBAT45,731000.0,731000.0,0.0,0.0,0,287052,,https://tiki.vnpin-tuong-thich-cho-laptop-sony-product-name-vpc-eg26-eg-hang-nhap-khau-new-seal-teemo-pc-tebat45-p275633972.html?spid=275633973
275633694,Pin Tương Thích Cho Laptop Dell Precision M4600 M4700 M4800 M6600 M6700 M6800 - Hàng Nhập Khẩu New Seal TEEMO PC TEBAT1064,1060000.0,1060000.0,0.0,0.0,0,287052,,https://tiki.vnpin-tuong-thich-cho-laptop-dell-precision-m4600-m4700-m4800-m6600-m6700-m6800-hang-nhap-khau-new-seal-teemo-pc-tebat1064-p275633694.html?spid=275633695
275633619,Pin Tương Thích Cho Laptop Lenovo Ideapad 100-15Ibd - Hàng Nhập Khẩu New Seal TEEMO PC TEBAT1143,889000.0,889000.0,0.0,0.0,0,287052,,https://tiki.vnpin-tuong-thich-cho-laptop-lenovo-ideapad-100-15ibd-hang-nhap-khau-new-seal-teemo-pc-tebat1143-p275633619.html?spid=275633620
275633574,Pin Tương Thích Cho Laptop Máy Dell 5480 5580 5490 5590 - Đen - Đen - Hàng Nhập Khẩu New Seal TEEMO PC TEBAT1474,1688000.0,1688000.0,0.0,0.0,0,287052,,https://tiki.vnpin-tuong-thich-cho-laptop-may-dell-5480-5580-5490-5590-den-den-hang-nhap-khau-new-seal-teemo-pc-tebat1474-p275633574.html?spid=275633575
275633564,Pin Tương Thích Cho Laptop Hp 2560 - Hàng Nhập Khẩu New Seal TEEMO PC TEBAT1112,349000.0,349000.0,0.0,0.0,0,287052,,https://tiki.vnpin-tuong-thich-cho-laptop-hp-2560-hang-nhap-khau-new-seal-teemo-pc-tebat1112-p275633564.html?spid=275633566
275633353,Pin Tương Thích Cho Laptop Hp Pavilion Sleekbook 14 14-B000 Series - Hàng Nhập Khẩu New Seal TEEMO PC TEBAT1067,411000.0,411000.0,0.0,0.0,0,287052,,https://tiki.vnpin-tuong-thich-cho-laptop-hp-pavilion-sleekbook-14-14-b000-series-hang-nhap-khau-new-seal-teemo-pc-tebat1067-p275633353.html?spid=275633354
275632959,Pin Tương Thích Cho Laptop Lenovo 100-15Ibd L15M4A01 Tốt - Hàng Nhập Khẩu New Seal TEEMO PC TEBAT685,815000.0,815000.0,0.0,0.0,0,287052,,https://tiki.vnpin-tuong-thich-cho-laptop-lenovo-100-15ibd-l15m4a01-tot-hang-nhap-khau-new-seal-teemo-pc-tebat685-p275632959.html?spid=275632961
275632582,Pin Tương Thích Cho Laptop Dell Inspiron 15 15-5547 15-5447 14-5442 5445 5000 5447 5448 - Hàng Nhập Khẩu New Seal TEEMO PC TEBAT263,906000.0,906000.0,0.0,0.0,0,287052,,https://tiki.vnpin-tuong-thich-cho-laptop-dell-inspiron-15-15-5547-15-5447-14-5442-5445-5000-5447-5448-hang-nhap-khau-new-seal-teemo-pc-tebat263-p275632582.html?spid=275632583
275632286,Pin Tương Thích Cho Laptop Hp 240 245 250 255 G6 15Bs 15Bw 17Bs Jc04 - Hàng Nhập Khẩu New Seal TEEMO PC TEBAT223,575000.0,575000.0,0.0,0.0,0,287052,,https://tiki.vnpin-tuong-thich-cho-laptop-hp-240-245-250-255-g6-15bs-15bw-17bs-jc04-hang-nhap-khau-new-seal-teemo-pc-tebat223-p275632286.html?spid=275632288
275233276,"Set 4 chai Mực nước dye ink ( 1 lít/ chai)  màu xanh tương thích Epson Dx5 I3200, hàng nhập khẩu",600000.0,600000.0,0.0,5.0,1,299569,,https://tiki.vnset-4-chai-muc-nuoc-dye-ink-1-lit-chai-mau-xanh-tuong-thich-epson-dx5-i3200-hang-nhap-khau-p275233276.html?spid=275233278
200031569,Bàn phím dùng cho Laptop Dell Inspiron 5378 Có LED  - Hàng Nhập Khẩu New Seal,461506.0,461506.0,0.0,0.0,0,308064,,https://tiki.vnban-phim-dung-cho-laptop-dell-inspiron-5378-co-led-phim-zin-hang-chinh-hang-mikey2065-p200031569.html?spid=200031570
200030759,Bàn phím dùng cho laptop Lenovo Z580 Z580A - Hàng Nhập Khẩu New Seal,289748.0,289748.0,0.0,0.0,0,308064,,https://tiki.vnban-phim-dung-cho-laptop-lenovo-z580-z580a-phim-zin-hang-chinh-hang-mikey1126-p200030759.html?spid=200030760
200030378,Bàn phím cho laptop Asus K75 - K75VM - Hàng Nhập Khẩu New Seal,268065.0,268065.0,0.0,0.0,0,308064,,https://tiki.vnban-phim-cho-laptop-asus-k75-k75vm-phim-zin-hang-chinh-hang-mikey807-p200030378.html?spid=200030379
200030224,Bàn phím dùng cho laptop Lenovo Thinkpad T460S T470S  - Hàng Nhập Khẩu New Seal,746131.0,746131.0,0.0,5.0,1,308064,,https://tiki.vnban-phim-dung-cho-laptop-lenovo-thinkpad-t460s-t470s-phim-zin-hang-chinh-hang-mikey2559-p200030224.html?spid=200030225
200027952,Bàn Phím dùng cho ASUS K550C K550V K550L K550J - Hàng Nhập Khẩu New Seal,279967.0,279967.0,0.0,0.0,0,308064,,https://tiki.vnban-phim-dung-cho-asus-k550c-k550v-k550l-k550j-phim-zin-hang-chinh-hang-mikey981-p200027952.html?spid=200027953
200027918,Bàn Phím dùng cho laptop Toshiba Satellite L800 L805 L830 L840 L845 C800 C840 C845 M600 M640 M840 R840  - MÀU TRẮNG - Hàng Nhập Khẩu New Seal,296589.0,296589.0,0.0,0.0,0,308064,,https://tiki.vnban-phim-dung-cho-laptop-toshiba-satellite-l800-l805-l830-l840-l845-c800-c840-c845-m600-m640-m840-r840-hang-chinh-hang-mau-trang-mikey1207-p200027918.html?spid=200027919
200009750,"Pin dùng cho Laptop Lenovo 110-14IBD, 300-14IBD,110-15IBD, 300-15IBD- Mã pin L15M4A01,15S4A01,L15L4A01 - Hàng Nhập Khẩu New Seal",955098.0,955098.0,0.0,0.0,0,308064,,https://tiki.vnpin-dung-cho-laptop-lenovo-110-14ibd-300-14ibd-110-15ibd-300-15ibd-ma-pin-l15m4a01-15s4a01-l15l4a01-hang-chinh-hang-mibat1349-p200009750.html?spid=200009751
200009728,Pin dùng cho Laptop Acer aspire V5-471 V5-571 - Hàng Nhập Khẩu MIBAT418,360180.0,360180.0,0.0,0.0,0,308064,,https://tiki.vnpin-dung-cho-laptop-acer-aspire-v5-471-v5-571-hang-nhap-khau-mibat418-p200009728.html?spid=200009729
6412937,Cáp mạng 2 đầu đúc Cat7 UTP Patch Cords dạng dẹt dài 10M UGREEN NW106 11265 - Hàng Chính Hãng,209000.0,217500.0,8500.0,5.0,1,915,,https://tiki.vncap-mang-2-dau-duc-cat7-utp-patch-cords-dang-det-dai-10m-ugreen-nw106-11265-hang-chinh-hang-p6412937.html?spid=273586052
